#wls	flux	fluxerr	mangling_mask
3.820800E+03	-1.587673E+01	1.511132E-01	-8.568196E-02
3.822800E+03	-1.587173E+01	1.365366E-01	-8.501233E-02
3.824800E+03	-1.586670E+01	1.300200E-01	-8.434305E-02
3.826800E+03	-1.586268E+01	1.272258E-01	-8.367412E-02
3.828800E+03	-1.585604E+01	1.090758E-01	-8.300555E-02
3.830700E+03	-1.584945E+01	1.024404E-01	-8.237072E-02
3.832700E+03	-1.584590E+01	1.030815E-01	-8.170282E-02
3.834700E+03	-1.584306E+01	8.913620E-02	-8.103527E-02
3.836700E+03	-1.583644E+01	8.594751E-02	-8.036807E-02
3.838700E+03	-1.583075E+01	8.446709E-02	-7.970122E-02
3.840600E+03	-1.582655E+01	9.496641E-02	-7.906803E-02
3.842600E+03	-1.582108E+01	9.380857E-02	-7.840185E-02
3.844600E+03	-1.581524E+01	9.043254E-02	-7.773602E-02
3.846600E+03	-1.580938E+01	9.316158E-02	-7.707053E-02
3.848600E+03	-1.580389E+01	9.852727E-02	-7.640540E-02
3.850500E+03	-1.580005E+01	9.784746E-02	-7.577383E-02
3.852500E+03	-1.579668E+01	9.708835E-02	-7.510937E-02
3.854500E+03	-1.579234E+01	9.816593E-02	-7.444525E-02
3.856500E+03	-1.578863E+01	9.778946E-02	-7.378147E-02
3.858500E+03	-1.578659E+01	9.777744E-02	-7.311804E-02
3.860400E+03	-1.578318E+01	9.787411E-02	-7.243792E-02
3.862400E+03	-1.577839E+01	9.781628E-02	-7.168605E-02
3.864400E+03	-1.577420E+01	9.754575E-02	-7.093458E-02
3.866400E+03	-1.576994E+01	9.048092E-02	-7.018349E-02
3.868400E+03	-1.576514E+01	8.571017E-02	-6.943279E-02
3.870400E+03	-1.576112E+01	8.562893E-02	-6.868248E-02
3.872300E+03	-1.575677E+01	8.490103E-02	-6.797005E-02
3.874300E+03	-1.575342E+01	8.481995E-02	-6.722050E-02
3.876300E+03	-1.575128E+01	8.409713E-02	-6.647133E-02
3.878300E+03	-1.574785E+01	8.423320E-02	-6.572255E-02
3.880300E+03	-1.574271E+01	8.474553E-02	-6.497415E-02
3.882200E+03	-1.573978E+01	9.100228E-02	-6.426353E-02
3.884200E+03	-1.573808E+01	9.017831E-02	-6.351589E-02
3.886200E+03	-1.573588E+01	8.756884E-02	-6.276863E-02
3.888200E+03	-1.573562E+01	8.962611E-02	-6.202176E-02
3.890200E+03	-1.573320E+01	8.410643E-02	-6.127527E-02
3.892100E+03	-1.573300E+01	8.492439E-02	-6.056646E-02
3.894100E+03	-1.573006E+01	8.433459E-02	-5.982072E-02
3.896100E+03	-1.572882E+01	7.973299E-02	-5.907536E-02
3.898100E+03	-1.573269E+01	7.275448E-02	-5.833038E-02
3.900100E+03	-1.573584E+01	7.344519E-02	-5.758579E-02
3.902000E+03	-1.573414E+01	7.421530E-02	-5.687878E-02
3.904000E+03	-1.572966E+01	7.101852E-02	-5.613493E-02
3.906000E+03	-1.572540E+01	7.139176E-02	-5.539146E-02
3.908000E+03	-1.572338E+01	7.157089E-02	-5.464837E-02
3.910000E+03	-1.572632E+01	7.529323E-02	-5.390566E-02
3.911900E+03	-1.572818E+01	7.540976E-02	-5.320044E-02
3.913900E+03	-1.572892E+01	7.496033E-02	-5.245847E-02
3.915900E+03	-1.572933E+01	7.511881E-02	-5.171688E-02
3.917900E+03	-1.572890E+01	7.455185E-02	-5.097567E-02
3.919900E+03	-1.572688E+01	7.435501E-02	-5.023484E-02
3.921900E+03	-1.572529E+01	7.487751E-02	-4.949438E-02
3.923800E+03	-1.572402E+01	7.532102E-02	-4.879130E-02
3.925800E+03	-1.572373E+01	7.249355E-02	-4.805158E-02
3.927800E+03	-1.572241E+01	7.069155E-02	-4.731224E-02
3.929800E+03	-1.572005E+01	6.517796E-02	-4.657327E-02
3.931800E+03	-1.571870E+01	5.446113E-02	-4.583468E-02
3.933700E+03	-1.571878E+01	5.849179E-02	-4.513337E-02
3.935700E+03	-1.571775E+01	6.009497E-02	-4.439552E-02
3.937700E+03	-1.571569E+01	5.623379E-02	-4.365803E-02
3.939700E+03	-1.571554E+01	5.199435E-02	-4.292092E-02
3.941700E+03	-1.571741E+01	5.132010E-02	-4.218419E-02
3.943600E+03	-1.571827E+01	5.121241E-02	-4.148464E-02
3.945600E+03	-1.571632E+01	5.108572E-02	-4.074863E-02
3.947600E+03	-1.571382E+01	5.160795E-02	-4.001300E-02
3.949600E+03	-1.571246E+01	5.152924E-02	-3.924689E-02
3.951600E+03	-1.571336E+01	5.241939E-02	-3.846166E-02
3.953500E+03	-1.571134E+01	5.059873E-02	-3.771607E-02
3.955500E+03	-1.570827E+01	5.411871E-02	-3.693161E-02
3.957500E+03	-1.570649E+01	5.372623E-02	-3.614755E-02
3.959500E+03	-1.570295E+01	4.856648E-02	-3.536389E-02
3.961500E+03	-1.569858E+01	4.741237E-02	-3.458062E-02
3.963400E+03	-1.569634E+01	4.733275E-02	-3.383689E-02
3.965400E+03	-1.569601E+01	4.663534E-02	-3.305439E-02
3.967400E+03	-1.569300E+01	4.646778E-02	-3.227229E-02
3.969400E+03	-1.568942E+01	4.543674E-02	-3.149058E-02
3.971400E+03	-1.568408E+01	4.329259E-02	-3.070927E-02
3.973400E+03	-1.567636E+01	4.068192E-02	-2.992835E-02
3.975300E+03	-1.567179E+01	4.033606E-02	-2.918684E-02
3.977300E+03	-1.566704E+01	3.966686E-02	-2.840669E-02
3.979300E+03	-1.566022E+01	3.911688E-02	-2.762693E-02
3.981300E+03	-1.565584E+01	3.882534E-02	-2.684756E-02
3.983300E+03	-1.565255E+01	3.257438E-02	-2.606858E-02
3.985200E+03	-1.564941E+01	2.976865E-02	-2.532891E-02
3.987200E+03	-1.564604E+01	2.964270E-02	-2.455069E-02
3.989200E+03	-1.564300E+01	2.905297E-02	-2.377287E-02
3.991200E+03	-1.564064E+01	2.902439E-02	-2.299543E-02
3.993200E+03	-1.563835E+01	2.911386E-02	-2.221838E-02
3.995100E+03	-1.563695E+01	2.959079E-02	-2.148055E-02
3.997100E+03	-1.563649E+01	2.931694E-02	-2.070426E-02
3.999100E+03	-1.563654E+01	2.929548E-02	-1.992836E-02
4.001100E+03	-1.563766E+01	2.611613E-02	-1.915285E-02
4.003100E+03	-1.563933E+01	2.641946E-02	-1.837772E-02
4.005000E+03	-1.563692E+01	1.740630E-02	-1.764172E-02
4.007000E+03	-1.563212E+01	1.625632E-02	-1.686735E-02
4.009000E+03	-1.563009E+01	1.596133E-02	-1.609336E-02
4.011000E+03	-1.563073E+01	1.594402E-02	-1.531976E-02
4.013000E+03	-1.563325E+01	1.510356E-02	-1.454655E-02
4.014900E+03	-1.563598E+01	1.985611E-02	-1.381236E-02
4.016900E+03	-1.563566E+01	2.157265E-02	-1.303990E-02
4.018900E+03	-1.563500E+01	2.127748E-02	-1.226782E-02
4.020900E+03	-1.563459E+01	2.143939E-02	-1.149613E-02
4.022900E+03	-1.563448E+01	2.174577E-02	-1.072482E-02
4.024900E+03	-1.563510E+01	2.170373E-02	-9.953894E-03
4.026800E+03	-1.563550E+01	2.172574E-02	-9.221870E-03
4.028800E+03	-1.563762E+01	2.195048E-02	-8.451691E-03
4.030800E+03	-1.564025E+01	2.259994E-02	-7.681895E-03
4.032800E+03	-1.564073E+01	2.672265E-02	-6.912480E-03
4.034800E+03	-1.563983E+01	2.747879E-02	-6.143447E-03
4.036700E+03	-1.564174E+01	2.912403E-02	-5.413219E-03
4.038700E+03	-1.564226E+01	3.347094E-02	-4.644928E-03
4.040700E+03	-1.564158E+01	3.294830E-02	-3.871952E-03
4.042700E+03	-1.564313E+01	3.256403E-02	-3.095736E-03
4.044700E+03	-1.564538E+01	3.239453E-02	-2.319904E-03
4.046600E+03	-1.564859E+01	3.300653E-02	-1.583218E-03
4.048600E+03	-1.565219E+01	3.360353E-02	-8.081338E-04
4.050600E+03	-1.565527E+01	3.397350E-02	-3.343190E-05
4.052600E+03	-1.565765E+01	3.420521E-02	7.408876E-04
4.054600E+03	-1.565989E+01	3.360320E-02	1.514825E-03
4.056500E+03	-1.566139E+01	3.330425E-02	2.249712E-03
4.058500E+03	-1.566084E+01	3.337122E-02	3.022906E-03
4.060500E+03	-1.566025E+01	3.301440E-02	3.795718E-03
4.062500E+03	-1.566046E+01	3.448289E-02	4.568150E-03
4.064500E+03	-1.566023E+01	3.452801E-02	5.340202E-03
4.066400E+03	-1.565809E+01	3.439843E-02	6.073300E-03
4.068400E+03	-1.565622E+01	3.642644E-02	6.844611E-03
4.070400E+03	-1.565425E+01	3.650952E-02	7.615544E-03
4.072400E+03	-1.565232E+01	3.577432E-02	8.386097E-03
4.074400E+03	-1.565038E+01	3.581874E-02	9.156273E-03
4.076300E+03	-1.564801E+01	3.557090E-02	9.887590E-03
4.078300E+03	-1.564619E+01	3.552476E-02	1.065703E-02
4.080300E+03	-1.564615E+01	3.577599E-02	1.142609E-02
4.082300E+03	-1.564540E+01	4.027277E-02	1.219477E-02
4.084300E+03	-1.564398E+01	4.153710E-02	1.296308E-02
4.086300E+03	-1.564288E+01	4.126871E-02	1.373101E-02
4.088200E+03	-1.564113E+01	3.911618E-02	1.446020E-02
4.090200E+03	-1.563928E+01	4.040491E-02	1.522740E-02
4.092200E+03	-1.563677E+01	4.054001E-02	1.599423E-02
4.094200E+03	-1.563501E+01	3.930973E-02	1.676068E-02
4.096200E+03	-1.563384E+01	3.773927E-02	1.752675E-02
4.098100E+03	-1.563206E+01	3.829075E-02	1.825418E-02
4.100100E+03	-1.562955E+01	3.812186E-02	1.901952E-02
4.102100E+03	-1.562778E+01	3.835210E-02	1.978450E-02
4.104100E+03	-1.562677E+01	3.866736E-02	2.054910E-02
4.106100E+03	-1.562593E+01	3.873568E-02	2.131333E-02
4.108000E+03	-1.562433E+01	3.864115E-02	2.203900E-02
4.110000E+03	-1.562136E+01	3.843956E-02	2.280250E-02
4.112000E+03	-1.561852E+01	3.777956E-02	2.356563E-02
4.114000E+03	-1.561627E+01	3.903468E-02	2.432839E-02
4.116000E+03	-1.561432E+01	4.221024E-02	2.509078E-02
4.117900E+03	-1.561297E+01	4.124786E-02	2.581471E-02
4.119900E+03	-1.561215E+01	4.105724E-02	2.657638E-02
4.121900E+03	-1.561120E+01	4.091278E-02	2.733767E-02
4.123900E+03	-1.561000E+01	4.056423E-02	2.809860E-02
4.125900E+03	-1.560875E+01	4.197206E-02	2.885916E-02
4.127800E+03	-1.560779E+01	4.347467E-02	2.958135E-02
4.129800E+03	-1.560770E+01	4.406734E-02	3.034119E-02
4.131800E+03	-1.560764E+01	3.936343E-02	3.110067E-02
4.133800E+03	-1.560715E+01	3.824712E-02	3.184420E-02
4.135800E+03	-1.560744E+01	3.846050E-02	3.257188E-02
4.137800E+03	-1.560806E+01	3.817311E-02	3.329922E-02
4.139700E+03	-1.560680E+01	4.019508E-02	3.398986E-02
4.141700E+03	-1.560441E+01	3.999180E-02	3.471651E-02
4.143700E+03	-1.560304E+01	4.052962E-02	3.544281E-02
4.145700E+03	-1.560312E+01	4.038980E-02	3.616876E-02
4.147700E+03	-1.560295E+01	4.098859E-02	3.689436E-02
4.149600E+03	-1.560241E+01	4.140290E-02	3.758335E-02
4.151600E+03	-1.560281E+01	4.146990E-02	3.830827E-02
4.153600E+03	-1.560393E+01	4.153598E-02	3.903284E-02
4.155600E+03	-1.560412E+01	4.209433E-02	3.975706E-02
4.157600E+03	-1.560290E+01	4.217228E-02	4.048093E-02
4.159500E+03	-1.560231E+01	4.212997E-02	4.116828E-02
4.161500E+03	-1.560115E+01	4.219810E-02	4.189147E-02
4.163500E+03	-1.559854E+01	3.941496E-02	4.261432E-02
4.165500E+03	-1.559715E+01	3.430249E-02	4.333681E-02
4.167500E+03	-1.559669E+01	3.572689E-02	4.405896E-02
4.169400E+03	-1.559498E+01	3.547979E-02	4.474469E-02
4.171400E+03	-1.559198E+01	3.535757E-02	4.546616E-02
4.173400E+03	-1.559029E+01	3.533591E-02	4.618729E-02
4.175400E+03	-1.558927E+01	3.542231E-02	4.690807E-02
4.177400E+03	-1.558683E+01	3.312752E-02	4.762851E-02
4.179300E+03	-1.558502E+01	3.373843E-02	4.831261E-02
4.181300E+03	-1.558441E+01	3.619525E-02	4.903238E-02
4.183300E+03	-1.558379E+01	3.580520E-02	4.975180E-02
4.185300E+03	-1.558243E+01	3.556642E-02	5.047088E-02
4.187300E+03	-1.558149E+01	3.496650E-02	5.118961E-02
4.189300E+03	-1.558184E+01	3.055254E-02	5.190800E-02
4.191200E+03	-1.558252E+01	3.099747E-02	5.259016E-02
4.193200E+03	-1.558340E+01	3.093852E-02	5.330788E-02
4.195200E+03	-1.558362E+01	3.099814E-02	5.402526E-02
4.197200E+03	-1.558219E+01	2.971221E-02	5.474230E-02
4.199200E+03	-1.558061E+01	2.940698E-02	5.545900E-02
4.201100E+03	-1.557984E+01	2.880333E-02	5.613955E-02
4.203100E+03	-1.557797E+01	2.862076E-02	5.685558E-02
4.205100E+03	-1.557681E+01	2.849572E-02	5.757127E-02
4.207100E+03	-1.557863E+01	2.908034E-02	5.828662E-02
4.209100E+03	-1.558040E+01	2.966228E-02	5.900163E-02
4.211000E+03	-1.557995E+01	3.077073E-02	5.968058E-02
4.213000E+03	-1.557803E+01	3.409265E-02	6.039493E-02
4.215000E+03	-1.557549E+01	3.511561E-02	6.110894E-02
4.217000E+03	-1.557436E+01	3.389455E-02	6.182261E-02
4.219000E+03	-1.557378E+01	3.415670E-02	6.253594E-02
4.220900E+03	-1.557246E+01	3.400140E-02	6.321330E-02
4.222900E+03	-1.557171E+01	3.418990E-02	6.392597E-02
4.224900E+03	-1.557173E+01	3.384906E-02	6.463831E-02
4.226900E+03	-1.557111E+01	3.386391E-02	6.535031E-02
4.228900E+03	-1.557043E+01	3.351792E-02	6.603823E-02
4.230800E+03	-1.556961E+01	3.062822E-02	6.664826E-02
4.232800E+03	-1.556880E+01	2.959613E-02	6.729010E-02
4.234800E+03	-1.556853E+01	2.883763E-02	6.793163E-02
4.236800E+03	-1.556825E+01	2.706225E-02	6.857287E-02
4.238800E+03	-1.556936E+01	2.614194E-02	6.921380E-02
4.240800E+03	-1.557075E+01	2.504355E-02	6.985443E-02
4.242700E+03	-1.557109E+01	2.473882E-02	7.046274E-02
4.244700E+03	-1.557226E+01	2.473713E-02	7.110278E-02
4.246700E+03	-1.557392E+01	2.632233E-02	7.174252E-02
4.248700E+03	-1.557488E+01	2.745063E-02	7.238196E-02
4.250700E+03	-1.557389E+01	2.708586E-02	7.302109E-02
4.252600E+03	-1.557213E+01	3.022215E-02	7.362799E-02
4.254600E+03	-1.557090E+01	3.369725E-02	7.426654E-02
4.256600E+03	-1.556924E+01	3.346734E-02	7.490479E-02
4.258600E+03	-1.556738E+01	3.335985E-02	7.554274E-02
4.260600E+03	-1.556552E+01	3.274480E-02	7.618039E-02
4.262500E+03	-1.556363E+01	2.975184E-02	7.678588E-02
4.264500E+03	-1.556121E+01	2.802381E-02	7.742295E-02
4.266500E+03	-1.556000E+01	2.977836E-02	7.805972E-02
4.268500E+03	-1.555812E+01	3.058711E-02	7.869619E-02
4.270500E+03	-1.555561E+01	3.082428E-02	7.933236E-02
4.272400E+03	-1.555448E+01	3.098735E-02	7.993645E-02
4.274400E+03	-1.555325E+01	3.052602E-02	8.057204E-02
4.276400E+03	-1.555132E+01	3.040583E-02	8.120734E-02
4.278400E+03	-1.554983E+01	2.967270E-02	8.184233E-02
4.280400E+03	-1.554892E+01	2.965737E-02	8.247703E-02
4.282300E+03	-1.554744E+01	3.008937E-02	8.307972E-02
4.284300E+03	-1.554572E+01	3.208410E-02	8.371385E-02
4.286300E+03	-1.554468E+01	3.293762E-02	8.434767E-02
4.288300E+03	-1.554332E+01	3.286643E-02	8.498120E-02
4.290300E+03	-1.554182E+01	3.388016E-02	8.561444E-02
4.292200E+03	-1.554082E+01	3.356706E-02	8.621574E-02
4.294200E+03	-1.553925E+01	3.371869E-02	8.684840E-02
4.296200E+03	-1.553766E+01	3.426577E-02	8.748076E-02
4.298200E+03	-1.553659E+01	3.540241E-02	8.811283E-02
4.300200E+03	-1.553667E+01	3.539286E-02	8.874461E-02
4.302200E+03	-1.553604E+01	3.363120E-02	8.937610E-02
4.304100E+03	-1.553410E+01	3.074821E-02	8.997573E-02
4.306100E+03	-1.553185E+01	3.083922E-02	9.060664E-02
4.308100E+03	-1.552919E+01	3.066973E-02	9.123726E-02
4.310100E+03	-1.552731E+01	3.038291E-02	9.186759E-02
4.312100E+03	-1.552604E+01	2.964765E-02	9.249762E-02
4.314000E+03	-1.552588E+01	2.977116E-02	9.309588E-02
4.316000E+03	-1.552619E+01	2.814506E-02	9.372535E-02
4.318000E+03	-1.552619E+01	2.701153E-02	9.435452E-02
4.320000E+03	-1.552593E+01	2.672567E-02	9.498340E-02
4.322000E+03	-1.552548E+01	3.027429E-02	9.561199E-02
4.323900E+03	-1.552525E+01	3.208344E-02	9.620888E-02
4.325900E+03	-1.552511E+01	3.211426E-02	9.683335E-02
4.327900E+03	-1.552490E+01	3.191875E-02	9.735502E-02
4.329900E+03	-1.552442E+01	3.124256E-02	9.787645E-02
4.331900E+03	-1.552359E+01	3.157133E-02	9.839764E-02
4.333800E+03	-1.552318E+01	2.978794E-02	9.889255E-02
4.335800E+03	-1.552264E+01	2.873347E-02	9.941327E-02
4.337800E+03	-1.552065E+01	2.871064E-02	9.993375E-02
4.339800E+03	-1.551926E+01	2.836918E-02	1.004540E-01
4.341800E+03	-1.551889E+01	2.940483E-02	1.009740E-01
4.343700E+03	-1.551854E+01	2.917203E-02	1.014678E-01
4.345700E+03	-1.551730E+01	2.864992E-02	1.019873E-01
4.347700E+03	-1.551719E+01	2.651177E-02	1.025066E-01
4.349700E+03	-1.551839E+01	2.676787E-02	1.030257E-01
4.351700E+03	-1.551786E+01	2.677402E-02	1.035445E-01
4.353700E+03	-1.551573E+01	2.675978E-02	1.040631E-01
4.355600E+03	-1.551409E+01	2.646231E-02	1.045555E-01
4.357600E+03	-1.551340E+01	2.612298E-02	1.050736E-01
4.359600E+03	-1.551268E+01	2.613088E-02	1.055915E-01
4.361600E+03	-1.551177E+01	2.625296E-02	1.061091E-01
4.363600E+03	-1.551137E+01	2.604974E-02	1.066265E-01
4.365500E+03	-1.551043E+01	2.604075E-02	1.071178E-01
4.367500E+03	-1.550882E+01	2.639526E-02	1.076348E-01
4.369500E+03	-1.550715E+01	2.737153E-02	1.081515E-01
4.371500E+03	-1.550619E+01	2.326948E-02	1.086679E-01
4.373500E+03	-1.550571E+01	1.970178E-02	1.091842E-01
4.375400E+03	-1.550472E+01	2.016699E-02	1.096744E-01
4.377400E+03	-1.550447E+01	2.038511E-02	1.101901E-01
4.379400E+03	-1.550462E+01	2.039651E-02	1.107057E-01
4.381400E+03	-1.550398E+01	2.018829E-02	1.112210E-01
4.383400E+03	-1.550309E+01	2.007780E-02	1.117360E-01
4.385300E+03	-1.550271E+01	2.211556E-02	1.122251E-01
4.387300E+03	-1.550291E+01	2.383332E-02	1.127397E-01
4.389300E+03	-1.550228E+01	2.257127E-02	1.132541E-01
4.391300E+03	-1.550088E+01	2.190786E-02	1.137683E-01
4.393300E+03	-1.549931E+01	2.299468E-02	1.142822E-01
4.395200E+03	-1.549743E+01	2.270608E-02	1.147702E-01
4.397200E+03	-1.549630E+01	2.260611E-02	1.152836E-01
4.399200E+03	-1.549543E+01	2.265151E-02	1.157968E-01
4.401200E+03	-1.549408E+01	2.281352E-02	1.163098E-01
4.403200E+03	-1.549321E+01	2.279493E-02	1.168225E-01
4.405200E+03	-1.549290E+01	2.268124E-02	1.173351E-01
4.407100E+03	-1.549181E+01	2.277359E-02	1.178217E-01
4.409100E+03	-1.548981E+01	2.270480E-02	1.183338E-01
4.411100E+03	-1.548781E+01	2.262503E-02	1.188456E-01
4.413100E+03	-1.548617E+01	2.273475E-02	1.193572E-01
4.415100E+03	-1.548563E+01	2.272766E-02	1.198686E-01
4.417000E+03	-1.548362E+01	2.190666E-02	1.203542E-01
4.419000E+03	-1.548144E+01	2.061100E-02	1.208651E-01
4.421000E+03	-1.548183E+01	2.176872E-02	1.213758E-01
4.423000E+03	-1.548275E+01	2.186676E-02	1.218862E-01
4.425000E+03	-1.548252E+01	2.378163E-02	1.223964E-01
4.426900E+03	-1.548203E+01	2.366845E-02	1.227963E-01
4.428900E+03	-1.548118E+01	2.603252E-02	1.231642E-01
4.430900E+03	-1.548098E+01	2.726592E-02	1.235320E-01
4.432900E+03	-1.548125E+01	2.720923E-02	1.238995E-01
4.434900E+03	-1.548112E+01	2.547754E-02	1.242670E-01
4.436800E+03	-1.548056E+01	2.348630E-02	1.246159E-01
4.438800E+03	-1.547983E+01	2.356610E-02	1.249830E-01
4.440800E+03	-1.548020E+01	2.290728E-02	1.253499E-01
4.442800E+03	-1.548076E+01	2.222453E-02	1.257166E-01
4.444800E+03	-1.548101E+01	2.132458E-02	1.260832E-01
4.446700E+03	-1.548045E+01	2.137395E-02	1.264314E-01
4.448700E+03	-1.547957E+01	2.100151E-02	1.267976E-01
4.450700E+03	-1.547902E+01	2.088696E-02	1.271638E-01
4.452700E+03	-1.547879E+01	2.067793E-02	1.275297E-01
4.454700E+03	-1.547932E+01	2.076105E-02	1.278955E-01
4.456700E+03	-1.547999E+01	2.084776E-02	1.282611E-01
4.458600E+03	-1.548058E+01	2.100041E-02	1.286083E-01
4.460600E+03	-1.548120E+01	2.051912E-02	1.289736E-01
4.462600E+03	-1.548134E+01	2.086329E-02	1.293387E-01
4.464600E+03	-1.548046E+01	2.136606E-02	1.297037E-01
4.466600E+03	-1.547864E+01	2.200755E-02	1.300685E-01
4.468500E+03	-1.547817E+01	2.238573E-02	1.304149E-01
4.470500E+03	-1.547901E+01	2.140791E-02	1.307794E-01
4.472500E+03	-1.547884E+01	2.141043E-02	1.311438E-01
4.474500E+03	-1.547816E+01	1.866162E-02	1.315079E-01
4.476500E+03	-1.547740E+01	1.864492E-02	1.318719E-01
4.478400E+03	-1.547720E+01	1.523812E-02	1.322176E-01
4.480400E+03	-1.547643E+01	1.190122E-02	1.325813E-01
4.482400E+03	-1.547573E+01	1.219894E-02	1.329448E-01
4.484400E+03	-1.547475E+01	1.232148E-02	1.333082E-01
4.486400E+03	-1.547381E+01	1.226684E-02	1.336714E-01
4.488300E+03	-1.547415E+01	1.257641E-02	1.340162E-01
4.490300E+03	-1.547393E+01	1.263178E-02	1.343791E-01
4.492300E+03	-1.547349E+01	1.615508E-02	1.347419E-01
4.494300E+03	-1.547331E+01	1.890046E-02	1.351044E-01
4.496300E+03	-1.547307E+01	1.854612E-02	1.354668E-01
4.498200E+03	-1.547331E+01	1.944853E-02	1.358109E-01
4.500200E+03	-1.547247E+01	1.968646E-02	1.361730E-01
4.502200E+03	-1.547193E+01	1.944047E-02	1.365350E-01
4.504200E+03	-1.547194E+01	1.972879E-02	1.368967E-01
4.506200E+03	-1.547151E+01	2.006607E-02	1.372583E-01
4.508100E+03	-1.547194E+01	2.006135E-02	1.376017E-01
4.510100E+03	-1.547268E+01	2.027156E-02	1.379630E-01
4.512100E+03	-1.547365E+01	2.110334E-02	1.383241E-01
4.514100E+03	-1.547394E+01	2.203067E-02	1.386851E-01
4.516100E+03	-1.547381E+01	2.138347E-02	1.390459E-01
4.518100E+03	-1.547304E+01	2.081176E-02	1.394065E-01
4.520000E+03	-1.547199E+01	2.070488E-02	1.397490E-01
4.522000E+03	-1.547065E+01	2.101110E-02	1.401094E-01
4.524000E+03	-1.546941E+01	2.098954E-02	1.404695E-01
4.526000E+03	-1.546877E+01	2.105895E-02	1.408296E-01
4.528000E+03	-1.546833E+01	2.126850E-02	1.411793E-01
4.529900E+03	-1.546824E+01	2.190209E-02	1.413530E-01
4.531900E+03	-1.546792E+01	2.162284E-02	1.415357E-01
4.533900E+03	-1.546687E+01	2.190254E-02	1.417184E-01
4.535900E+03	-1.546611E+01	2.290349E-02	1.419010E-01
4.537900E+03	-1.546587E+01	2.388681E-02	1.420835E-01
4.539800E+03	-1.546505E+01	2.417807E-02	1.422568E-01
4.541800E+03	-1.546458E+01	2.256518E-02	1.424391E-01
4.543800E+03	-1.546465E+01	2.035920E-02	1.426213E-01
4.545800E+03	-1.546513E+01	2.198061E-02	1.428035E-01
4.547800E+03	-1.546525E+01	2.120989E-02	1.429856E-01
4.549700E+03	-1.546444E+01	2.114201E-02	1.431585E-01
4.551700E+03	-1.546433E+01	2.157658E-02	1.433405E-01
4.553700E+03	-1.546500E+01	2.159218E-02	1.435223E-01
4.555700E+03	-1.546513E+01	2.140506E-02	1.437041E-01
4.557700E+03	-1.546511E+01	2.187535E-02	1.438858E-01
4.559600E+03	-1.546515E+01	2.334827E-02	1.440583E-01
4.561600E+03	-1.546520E+01	2.306731E-02	1.442399E-01
4.563600E+03	-1.546489E+01	2.345642E-02	1.444213E-01
4.565600E+03	-1.546512E+01	2.350314E-02	1.446027E-01
4.567600E+03	-1.546474E+01	2.367819E-02	1.447840E-01
4.569600E+03	-1.546440E+01	2.481254E-02	1.449653E-01
4.571500E+03	-1.546538E+01	2.510505E-02	1.451374E-01
4.573500E+03	-1.546548E+01	2.516575E-02	1.453184E-01
4.575500E+03	-1.546521E+01	2.549023E-02	1.454994E-01
4.577500E+03	-1.546590E+01	2.531047E-02	1.456803E-01
4.579500E+03	-1.546652E+01	2.483233E-02	1.458612E-01
4.581400E+03	-1.546702E+01	2.471425E-02	1.460329E-01
4.583400E+03	-1.546681E+01	2.497590E-02	1.462136E-01
4.585400E+03	-1.546684E+01	2.422174E-02	1.463942E-01
4.587400E+03	-1.546686E+01	2.339099E-02	1.465747E-01
4.589400E+03	-1.546705E+01	2.385380E-02	1.467551E-01
4.591300E+03	-1.546745E+01	2.476806E-02	1.469265E-01
4.593300E+03	-1.546691E+01	2.483162E-02	1.471068E-01
4.595300E+03	-1.546637E+01	2.301987E-02	1.472870E-01
4.597300E+03	-1.546619E+01	2.375497E-02	1.474671E-01
4.599300E+03	-1.546635E+01	2.416100E-02	1.476472E-01
4.601200E+03	-1.546652E+01	2.385823E-02	1.478181E-01
4.603200E+03	-1.546638E+01	2.379943E-02	1.479980E-01
4.605200E+03	-1.546588E+01	2.436935E-02	1.481779E-01
4.607200E+03	-1.546504E+01	2.395075E-02	1.483576E-01
4.609200E+03	-1.546395E+01	2.301990E-02	1.485373E-01
4.611100E+03	-1.546241E+01	2.244907E-02	1.487079E-01
4.613100E+03	-1.546175E+01	2.053380E-02	1.488874E-01
4.615100E+03	-1.546070E+01	2.058478E-02	1.490669E-01
4.617100E+03	-1.546033E+01	2.033872E-02	1.492462E-01
4.619100E+03	-1.546089E+01	1.917135E-02	1.494255E-01
4.621100E+03	-1.546010E+01	1.871794E-02	1.496047E-01
4.623000E+03	-1.545897E+01	1.860985E-02	1.497749E-01
4.625000E+03	-1.545742E+01	1.813957E-02	1.499539E-01
4.627000E+03	-1.545591E+01	1.845208E-02	1.501329E-01
4.629000E+03	-1.545546E+01	1.844091E-02	1.503118E-01
4.631000E+03	-1.545506E+01	1.941191E-02	1.504906E-01
4.632900E+03	-1.545432E+01	1.886344E-02	1.506166E-01
4.634900E+03	-1.545415E+01	1.880340E-02	1.506113E-01
4.636900E+03	-1.545368E+01	1.868696E-02	1.506060E-01
4.638900E+03	-1.545351E+01	1.784339E-02	1.506007E-01
4.640900E+03	-1.545286E+01	1.654293E-02	1.505953E-01
4.642800E+03	-1.545236E+01	1.696689E-02	1.505903E-01
4.644800E+03	-1.545205E+01	1.790093E-02	1.505850E-01
4.646800E+03	-1.545202E+01	1.749945E-02	1.505797E-01
4.648800E+03	-1.545131E+01	1.656258E-02	1.505743E-01
4.650800E+03	-1.545168E+01	1.676958E-02	1.505690E-01
4.652700E+03	-1.545228E+01	1.653695E-02	1.505640E-01
4.654700E+03	-1.545140E+01	1.562269E-02	1.505587E-01
4.656700E+03	-1.545099E+01	1.593633E-02	1.505534E-01
4.658700E+03	-1.545077E+01	1.550544E-02	1.505481E-01
4.660700E+03	-1.545053E+01	1.589004E-02	1.505428E-01
4.662600E+03	-1.545007E+01	1.598600E-02	1.505378E-01
4.664600E+03	-1.544933E+01	1.577975E-02	1.505325E-01
4.666600E+03	-1.544856E+01	1.720356E-02	1.505272E-01
4.668600E+03	-1.544744E+01	1.715788E-02	1.505219E-01
4.670600E+03	-1.544652E+01	1.750847E-02	1.505166E-01
4.672600E+03	-1.544578E+01	1.755075E-02	1.505113E-01
4.674500E+03	-1.544493E+01	1.745288E-02	1.505063E-01
4.676500E+03	-1.544422E+01	1.751970E-02	1.505010E-01
4.678500E+03	-1.544303E+01	1.754655E-02	1.504957E-01
4.680500E+03	-1.544232E+01	1.684375E-02	1.504905E-01
4.682500E+03	-1.544245E+01	1.682727E-02	1.504852E-01
4.684400E+03	-1.544291E+01	1.684662E-02	1.504802E-01
4.686400E+03	-1.544253E+01	1.788592E-02	1.504749E-01
4.688400E+03	-1.544107E+01	1.782925E-02	1.504697E-01
4.690400E+03	-1.544031E+01	1.762364E-02	1.504644E-01
4.692400E+03	-1.543984E+01	1.775491E-02	1.504591E-01
4.694300E+03	-1.543987E+01	1.678979E-02	1.504541E-01
4.696300E+03	-1.543999E+01	1.638744E-02	1.504489E-01
4.698300E+03	-1.543929E+01	1.638871E-02	1.504436E-01
4.700300E+03	-1.543936E+01	1.637150E-02	1.504384E-01
4.702300E+03	-1.544014E+01	1.711293E-02	1.504331E-01
4.704200E+03	-1.544094E+01	1.714771E-02	1.504281E-01
4.706200E+03	-1.544085E+01	1.716403E-02	1.504229E-01
4.708200E+03	-1.544024E+01	1.689476E-02	1.504176E-01
4.710200E+03	-1.544050E+01	1.753940E-02	1.504124E-01
4.712200E+03	-1.544032E+01	1.732541E-02	1.504072E-01
4.714100E+03	-1.544010E+01	1.732340E-02	1.504022E-01
4.716100E+03	-1.543918E+01	1.610311E-02	1.503970E-01
4.718100E+03	-1.543856E+01	1.694129E-02	1.503917E-01
4.720100E+03	-1.543769E+01	1.677294E-02	1.503865E-01
4.722100E+03	-1.543741E+01	1.719527E-02	1.503813E-01
4.724000E+03	-1.543790E+01	1.734081E-02	1.503763E-01
4.726000E+03	-1.543744E+01	1.640397E-02	1.503711E-01
4.728000E+03	-1.543654E+01	1.636992E-02	1.503658E-01
4.730000E+03	-1.543528E+01	1.664915E-02	1.503606E-01
4.732000E+03	-1.543427E+01	1.635597E-02	1.503554E-01
4.734000E+03	-1.543381E+01	1.657244E-02	1.503502E-01
4.735900E+03	-1.543298E+01	1.695283E-02	1.503452E-01
4.737900E+03	-1.543279E+01	1.833869E-02	1.503400E-01
4.739900E+03	-1.543316E+01	1.856412E-02	1.503025E-01
4.741900E+03	-1.543310E+01	1.818530E-02	1.501738E-01
4.743900E+03	-1.543290E+01	1.883799E-02	1.500451E-01
4.745800E+03	-1.543271E+01	1.976452E-02	1.499229E-01
4.747800E+03	-1.543293E+01	2.003656E-02	1.497944E-01
4.749800E+03	-1.543318E+01	2.003861E-02	1.496659E-01
4.751800E+03	-1.543304E+01	1.974398E-02	1.495374E-01
4.753800E+03	-1.543252E+01	1.984725E-02	1.494091E-01
4.755700E+03	-1.543248E+01	1.970539E-02	1.492871E-01
4.757700E+03	-1.543242E+01	2.008490E-02	1.491589E-01
4.759700E+03	-1.543214E+01	1.942008E-02	1.490306E-01
4.761700E+03	-1.543184E+01	1.970517E-02	1.489025E-01
4.763700E+03	-1.543183E+01	1.983145E-02	1.487743E-01
4.765600E+03	-1.543111E+01	1.957518E-02	1.486527E-01
4.767600E+03	-1.543043E+01	1.917313E-02	1.485247E-01
4.769600E+03	-1.543025E+01	1.924656E-02	1.483967E-01
4.771600E+03	-1.542991E+01	1.880852E-02	1.482688E-01
4.773600E+03	-1.543004E+01	1.918670E-02	1.481410E-01
4.775500E+03	-1.542997E+01	1.995700E-02	1.480195E-01
4.777500E+03	-1.542968E+01	2.001695E-02	1.478918E-01
4.779500E+03	-1.542976E+01	2.045303E-02	1.477641E-01
4.781500E+03	-1.542936E+01	2.037421E-02	1.476365E-01
4.783500E+03	-1.542929E+01	2.037318E-02	1.475089E-01
4.785500E+03	-1.542983E+01	2.001508E-02	1.473813E-01
4.787400E+03	-1.543025E+01	1.876788E-02	1.472602E-01
4.789400E+03	-1.542970E+01	1.924206E-02	1.471328E-01
4.791400E+03	-1.542888E+01	1.910353E-02	1.470054E-01
4.793400E+03	-1.542832E+01	1.860795E-02	1.468781E-01
4.795400E+03	-1.542807E+01	1.762924E-02	1.467508E-01
4.797300E+03	-1.542800E+01	1.720869E-02	1.466300E-01
4.799300E+03	-1.542770E+01	1.816295E-02	1.465028E-01
4.801300E+03	-1.542754E+01	1.778110E-02	1.463757E-01
4.803300E+03	-1.542739E+01	1.761682E-02	1.462486E-01
4.805300E+03	-1.542733E+01	1.761770E-02	1.461216E-01
4.807200E+03	-1.542728E+01	1.761370E-02	1.460010E-01
4.809200E+03	-1.542679E+01	1.774290E-02	1.458741E-01
4.811200E+03	-1.542730E+01	1.823819E-02	1.457472E-01
4.813200E+03	-1.542688E+01	1.807870E-02	1.456204E-01
4.815200E+03	-1.542650E+01	1.824257E-02	1.454937E-01
4.817100E+03	-1.542664E+01	1.818976E-02	1.453733E-01
4.819100E+03	-1.542586E+01	1.821329E-02	1.452467E-01
4.821100E+03	-1.542506E+01	1.859440E-02	1.451201E-01
4.823100E+03	-1.542448E+01	1.772923E-02	1.449936E-01
4.825100E+03	-1.542453E+01	1.747619E-02	1.448671E-01
4.827000E+03	-1.542469E+01	1.811628E-02	1.447470E-01
4.829000E+03	-1.542461E+01	1.730542E-02	1.446206E-01
4.831000E+03	-1.542425E+01	1.734411E-02	1.444942E-01
4.833000E+03	-1.542343E+01	1.709597E-02	1.443680E-01
4.835000E+03	-1.542269E+01	1.663092E-02	1.442417E-01
4.837000E+03	-1.542223E+01	1.660185E-02	1.441155E-01
4.838900E+03	-1.542171E+01	1.640327E-02	1.439957E-01
4.840900E+03	-1.542137E+01	1.626450E-02	1.438697E-01
4.842900E+03	-1.542156E+01	1.733954E-02	1.437436E-01
4.844900E+03	-1.542141E+01	1.824276E-02	1.436177E-01
4.846900E+03	-1.542084E+01	1.821970E-02	1.434917E-01
4.848800E+03	-1.542117E+01	1.721658E-02	1.433721E-01
4.850800E+03	-1.542133E+01	1.705087E-02	1.432037E-01
4.852800E+03	-1.542095E+01	1.699399E-02	1.430355E-01
4.854800E+03	-1.542170E+01	1.733099E-02	1.428673E-01
4.856800E+03	-1.542246E+01	1.699552E-02	1.426991E-01
4.858700E+03	-1.542221E+01	1.655207E-02	1.425395E-01
4.860700E+03	-1.542164E+01	1.607060E-02	1.423715E-01
4.862700E+03	-1.542128E+01	1.645334E-02	1.422035E-01
4.864700E+03	-1.542140E+01	1.656279E-02	1.420357E-01
4.866700E+03	-1.542194E+01	1.621406E-02	1.418679E-01
4.868600E+03	-1.542269E+01	1.647022E-02	1.417085E-01
4.870600E+03	-1.542233E+01	1.714555E-02	1.415409E-01
4.872600E+03	-1.542175E+01	1.786253E-02	1.413733E-01
4.874600E+03	-1.542217E+01	1.707048E-02	1.412058E-01
4.876600E+03	-1.542318E+01	1.600502E-02	1.410383E-01
4.878500E+03	-1.542334E+01	1.597158E-02	1.408793E-01
4.880500E+03	-1.542341E+01	1.631191E-02	1.407120E-01
4.882500E+03	-1.542290E+01	1.727960E-02	1.405447E-01
4.884500E+03	-1.542244E+01	1.724227E-02	1.403776E-01
4.886500E+03	-1.542283E+01	1.830388E-02	1.402105E-01
4.888500E+03	-1.542282E+01	1.765685E-02	1.400434E-01
4.890400E+03	-1.542238E+01	1.754043E-02	1.398848E-01
4.892400E+03	-1.542277E+01	1.648686E-02	1.397179E-01
4.894400E+03	-1.542314E+01	1.540784E-02	1.395510E-01
4.896400E+03	-1.542339E+01	1.583294E-02	1.393843E-01
4.898400E+03	-1.542392E+01	1.570283E-02	1.392176E-01
4.900300E+03	-1.542446E+01	1.576495E-02	1.390592E-01
4.902300E+03	-1.542506E+01	1.580219E-02	1.388927E-01
4.904300E+03	-1.542516E+01	1.587688E-02	1.387262E-01
4.906300E+03	-1.542544E+01	1.619096E-02	1.385597E-01
4.908300E+03	-1.542591E+01	1.616083E-02	1.383934E-01
4.910200E+03	-1.542554E+01	1.613494E-02	1.382354E-01
4.912200E+03	-1.542545E+01	1.573062E-02	1.380691E-01
4.914200E+03	-1.542535E+01	1.547284E-02	1.379030E-01
4.916200E+03	-1.542534E+01	1.558937E-02	1.377369E-01
4.918200E+03	-1.542531E+01	1.486586E-02	1.375708E-01
4.920100E+03	-1.542531E+01	1.372558E-02	1.374132E-01
4.922100E+03	-1.542492E+01	1.282773E-02	1.372473E-01
4.924100E+03	-1.542411E+01	1.245535E-02	1.370814E-01
4.926100E+03	-1.542393E+01	1.243701E-02	1.369157E-01
4.928100E+03	-1.542382E+01	1.333593E-02	1.367500E-01
4.930000E+03	-1.542283E+01	1.308112E-02	1.365926E-01
4.932000E+03	-1.542293E+01	1.228173E-02	1.364270E-01
4.934000E+03	-1.542321E+01	1.338775E-02	1.362615E-01
4.936000E+03	-1.542369E+01	1.308447E-02	1.360961E-01
4.938000E+03	-1.542371E+01	1.297290E-02	1.359307E-01
4.939900E+03	-1.542347E+01	1.335011E-02	1.357737E-01
4.941900E+03	-1.542392E+01	1.318272E-02	1.356084E-01
4.943900E+03	-1.542425E+01	1.323052E-02	1.354433E-01
4.945900E+03	-1.542495E+01	1.283463E-02	1.352782E-01
4.947900E+03	-1.542508E+01	1.324969E-02	1.351131E-01
4.949900E+03	-1.542471E+01	1.301749E-02	1.349482E-01
4.951800E+03	-1.542509E+01	1.478556E-02	1.347915E-01
4.953800E+03	-1.542522E+01	1.439515E-02	1.346267E-01
4.955800E+03	-1.542521E+01	1.389717E-02	1.344619E-01
4.957800E+03	-1.542483E+01	1.381943E-02	1.342972E-01
4.959800E+03	-1.542488E+01	1.319874E-02	1.341325E-01
4.961700E+03	-1.542482E+01	1.355545E-02	1.339749E-01
4.963700E+03	-1.542462E+01	1.354260E-02	1.338078E-01
4.965700E+03	-1.542462E+01	1.373164E-02	1.336407E-01
4.967700E+03	-1.542491E+01	1.382453E-02	1.334736E-01
4.969700E+03	-1.542561E+01	1.360829E-02	1.333067E-01
4.971600E+03	-1.542604E+01	1.346920E-02	1.331481E-01
4.973600E+03	-1.542622E+01	1.347504E-02	1.329813E-01
4.975600E+03	-1.542681E+01	1.400484E-02	1.328145E-01
4.977600E+03	-1.542723E+01	1.415122E-02	1.326478E-01
4.979600E+03	-1.542759E+01	1.468650E-02	1.324812E-01
4.981500E+03	-1.542830E+01	1.448001E-02	1.323229E-01
4.983500E+03	-1.542881E+01	1.350483E-02	1.321564E-01
4.985500E+03	-1.542902E+01	1.255278E-02	1.319900E-01
4.987500E+03	-1.542906E+01	1.290290E-02	1.318236E-01
4.989500E+03	-1.542944E+01	1.278966E-02	1.316573E-01
4.991400E+03	-1.542961E+01	1.286774E-02	1.314994E-01
4.993400E+03	-1.543028E+01	1.336342E-02	1.313332E-01
4.995400E+03	-1.543127E+01	1.340354E-02	1.311671E-01
4.997400E+03	-1.543252E+01	1.373830E-02	1.310011E-01
4.999400E+03	-1.543345E+01	1.392125E-02	1.308351E-01
5.001400E+03	-1.543384E+01	1.245637E-02	1.306692E-01
5.003300E+03	-1.543474E+01	1.300170E-02	1.305116E-01
5.005300E+03	-1.543548E+01	1.532472E-02	1.303459E-01
5.007300E+03	-1.543562E+01	1.528284E-02	1.301802E-01
5.009300E+03	-1.543687E+01	1.532118E-02	1.300145E-01
5.011300E+03	-1.543681E+01	1.503146E-02	1.298489E-01
5.013200E+03	-1.543703E+01	1.501846E-02	1.296917E-01
5.015200E+03	-1.543739E+01	1.468690E-02	1.295262E-01
5.017200E+03	-1.543748E+01	1.472007E-02	1.293609E-01
5.019200E+03	-1.543812E+01	1.476316E-02	1.291955E-01
5.021200E+03	-1.543943E+01	1.479312E-02	1.290303E-01
5.023100E+03	-1.544020E+01	1.479400E-02	1.288734E-01
5.025100E+03	-1.544044E+01	1.430637E-02	1.287082E-01
5.027100E+03	-1.544088E+01	1.613840E-02	1.285432E-01
5.029100E+03	-1.544071E+01	1.588076E-02	1.283782E-01
5.031100E+03	-1.544047E+01	1.593893E-02	1.282133E-01
5.033000E+03	-1.544077E+01	1.653467E-02	1.280566E-01
5.035000E+03	-1.544084E+01	1.631219E-02	1.278918E-01
5.037000E+03	-1.544109E+01	1.608687E-02	1.277271E-01
5.039000E+03	-1.544156E+01	1.599788E-02	1.275624E-01
5.041000E+03	-1.544211E+01	1.594863E-02	1.273978E-01
5.042900E+03	-1.544218E+01	1.609038E-02	1.272415E-01
5.044900E+03	-1.544244E+01	1.613715E-02	1.270771E-01
5.046900E+03	-1.544280E+01	1.561480E-02	1.269126E-01
5.048900E+03	-1.544310E+01	1.552169E-02	1.267483E-01
5.050900E+03	-1.544312E+01	1.522353E-02	1.265840E-01
5.052900E+03	-1.544346E+01	1.461887E-02	1.264198E-01
5.054800E+03	-1.544337E+01	1.251083E-02	1.262639E-01
5.056800E+03	-1.544310E+01	1.323451E-02	1.260998E-01
5.058800E+03	-1.544367E+01	1.325179E-02	1.259357E-01
5.060800E+03	-1.544440E+01	1.350260E-02	1.257718E-01
5.062800E+03	-1.544487E+01	1.368110E-02	1.256079E-01
5.064700E+03	-1.544496E+01	1.368439E-02	1.254523E-01
5.066700E+03	-1.544509E+01	1.363541E-02	1.252885E-01
5.068700E+03	-1.544524E+01	1.357532E-02	1.251248E-01
5.070700E+03	-1.544550E+01	1.356381E-02	1.249611E-01
5.072700E+03	-1.544614E+01	1.361922E-02	1.247976E-01
5.074600E+03	-1.544651E+01	1.344236E-02	1.246422E-01
5.076600E+03	-1.544655E+01	1.093225E-02	1.244769E-01
5.078600E+03	-1.544723E+01	1.048590E-02	1.243106E-01
5.080600E+03	-1.544761E+01	1.056567E-02	1.241444E-01
5.082600E+03	-1.544771E+01	9.918424E-03	1.239782E-01
5.084500E+03	-1.544804E+01	1.162969E-02	1.238204E-01
5.086500E+03	-1.544828E+01	1.152559E-02	1.236544E-01
5.088500E+03	-1.544907E+01	1.166007E-02	1.234885E-01
5.090500E+03	-1.544943E+01	1.180998E-02	1.233226E-01
5.092500E+03	-1.544926E+01	1.127193E-02	1.231568E-01
5.094400E+03	-1.544956E+01	1.107883E-02	1.229993E-01
5.096400E+03	-1.544983E+01	1.192211E-02	1.228336E-01
5.098400E+03	-1.545027E+01	1.210660E-02	1.226680E-01
5.100400E+03	-1.545121E+01	1.206377E-02	1.225024E-01
5.102400E+03	-1.545164E+01	1.202721E-02	1.223369E-01
5.104300E+03	-1.545178E+01	1.238613E-02	1.221797E-01
5.106300E+03	-1.545208E+01	1.210741E-02	1.220143E-01
5.108300E+03	-1.545249E+01	1.245745E-02	1.218490E-01
5.110300E+03	-1.545296E+01	1.214831E-02	1.216838E-01
5.112300E+03	-1.545360E+01	1.193265E-02	1.215186E-01
5.114300E+03	-1.545399E+01	1.229586E-02	1.213535E-01
5.116200E+03	-1.545405E+01	1.282109E-02	1.211967E-01
5.118200E+03	-1.545394E+01	1.282776E-02	1.210317E-01
5.120200E+03	-1.545366E+01	1.281443E-02	1.208668E-01
5.122200E+03	-1.545417E+01	1.269759E-02	1.207019E-01
5.124200E+03	-1.545471E+01	1.275691E-02	1.205371E-01
5.126100E+03	-1.545466E+01	1.209152E-02	1.203806E-01
5.128100E+03	-1.545445E+01	1.211875E-02	1.202159E-01
5.130100E+03	-1.545538E+01	1.214312E-02	1.200513E-01
5.132100E+03	-1.545584E+01	1.197756E-02	1.198868E-01
5.134100E+03	-1.545594E+01	1.033270E-02	1.197223E-01
5.136000E+03	-1.545630E+01	1.029769E-02	1.195661E-01
5.138000E+03	-1.545666E+01	1.012252E-02	1.194017E-01
5.140000E+03	-1.545722E+01	9.850483E-03	1.192375E-01
5.142000E+03	-1.545742E+01	9.365601E-03	1.190732E-01
5.144000E+03	-1.545773E+01	9.465775E-03	1.189091E-01
5.145900E+03	-1.545785E+01	8.499944E-03	1.187532E-01
5.147900E+03	-1.545825E+01	8.269052E-03	1.185891E-01
5.149900E+03	-1.545880E+01	8.294268E-03	1.184252E-01
5.151900E+03	-1.545831E+01	8.520762E-03	1.182612E-01
5.153900E+03	-1.545825E+01	9.169385E-03	1.180974E-01
5.155800E+03	-1.545865E+01	8.547459E-03	1.179418E-01
5.157800E+03	-1.545906E+01	8.626224E-03	1.177781E-01
5.159800E+03	-1.545891E+01	8.648544E-03	1.176144E-01
5.161800E+03	-1.545906E+01	8.840673E-03	1.174508E-01
5.163800E+03	-1.545909E+01	1.016547E-02	1.172873E-01
5.165800E+03	-1.545891E+01	9.793223E-03	1.171238E-01
5.167700E+03	-1.545933E+01	1.087504E-02	1.169686E-01
5.169700E+03	-1.545936E+01	1.086784E-02	1.168052E-01
5.171700E+03	-1.545952E+01	1.082348E-02	1.166419E-01
5.173700E+03	-1.545980E+01	1.079458E-02	1.164787E-01
5.175700E+03	-1.546031E+01	1.068501E-02	1.163156E-01
5.177600E+03	-1.546079E+01	1.132104E-02	1.161606E-01
5.179600E+03	-1.546059E+01	1.148185E-02	1.159976E-01
5.181600E+03	-1.546030E+01	1.143586E-02	1.158346E-01
5.183600E+03	-1.546017E+01	1.161406E-02	1.156717E-01
5.185600E+03	-1.546007E+01	1.160232E-02	1.155089E-01
5.187500E+03	-1.546003E+01	1.159382E-02	1.153542E-01
5.189500E+03	-1.545936E+01	1.183593E-02	1.151915E-01
5.191500E+03	-1.545909E+01	1.171557E-02	1.150288E-01
5.193500E+03	-1.545937E+01	1.157478E-02	1.148643E-01
5.195500E+03	-1.545926E+01	1.215116E-02	1.146982E-01
5.197400E+03	-1.545911E+01	1.209874E-02	1.145404E-01
5.199400E+03	-1.545921E+01	1.204372E-02	1.143743E-01
5.201400E+03	-1.546001E+01	1.202078E-02	1.142083E-01
5.203400E+03	-1.546006E+01	1.132860E-02	1.140424E-01
5.205400E+03	-1.546012E+01	1.135168E-02	1.138766E-01
5.207300E+03	-1.546084E+01	1.092063E-02	1.137191E-01
5.209300E+03	-1.546099E+01	1.141036E-02	1.135534E-01
5.211300E+03	-1.546155E+01	1.119527E-02	1.133877E-01
5.213300E+03	-1.546217E+01	9.375160E-03	1.132221E-01
5.215300E+03	-1.546267E+01	9.523643E-03	1.130566E-01
5.217300E+03	-1.546286E+01	8.387323E-03	1.128911E-01
5.219200E+03	-1.546299E+01	8.436231E-03	1.127340E-01
5.221200E+03	-1.546268E+01	8.475210E-03	1.125686E-01
5.223200E+03	-1.546270E+01	8.363283E-03	1.124034E-01
5.225200E+03	-1.546321E+01	8.375119E-03	1.122381E-01
5.227200E+03	-1.546308E+01	7.595990E-03	1.120730E-01
5.229100E+03	-1.546340E+01	7.571405E-03	1.119161E-01
5.231100E+03	-1.546358E+01	8.794026E-03	1.117511E-01
5.233100E+03	-1.546366E+01	8.639997E-03	1.115861E-01
5.235100E+03	-1.546362E+01	8.748736E-03	1.114212E-01
5.237100E+03	-1.546380E+01	8.750698E-03	1.112564E-01
5.239000E+03	-1.546371E+01	8.636944E-03	1.110999E-01
5.241000E+03	-1.546342E+01	8.645307E-03	1.109351E-01
5.243000E+03	-1.546366E+01	8.646604E-03	1.107705E-01
5.245000E+03	-1.546406E+01	8.133154E-03	1.106059E-01
5.247000E+03	-1.546398E+01	8.002083E-03	1.104414E-01
5.248900E+03	-1.546385E+01	8.070449E-03	1.102851E-01
5.250900E+03	-1.546400E+01	8.528044E-03	1.101207E-01
5.252900E+03	-1.546446E+01	9.136273E-03	1.099563E-01
5.254900E+03	-1.546477E+01	9.143437E-03	1.097921E-01
5.256900E+03	-1.546466E+01	9.150315E-03	1.096278E-01
5.258800E+03	-1.546478E+01	8.655908E-03	1.094719E-01
5.260800E+03	-1.546478E+01	8.648264E-03	1.093078E-01
5.262800E+03	-1.546500E+01	8.776137E-03	1.091438E-01
5.264800E+03	-1.546532E+01	1.154441E-02	1.089798E-01
5.266800E+03	-1.546576E+01	1.275814E-02	1.088159E-01
5.268800E+03	-1.546624E+01	1.272385E-02	1.086520E-01
5.270700E+03	-1.546665E+01	1.343116E-02	1.084964E-01
5.272700E+03	-1.546721E+01	1.373550E-02	1.083327E-01
5.274700E+03	-1.546764E+01	1.410255E-02	1.081690E-01
5.276700E+03	-1.546749E+01	1.407204E-02	1.080054E-01
5.278700E+03	-1.546744E+01	1.438758E-02	1.078419E-01
5.280600E+03	-1.546779E+01	1.381334E-02	1.076866E-01
5.282600E+03	-1.546853E+01	1.375154E-02	1.075231E-01
5.284600E+03	-1.546898E+01	1.452828E-02	1.073598E-01
5.286600E+03	-1.546900E+01	1.503467E-02	1.071965E-01
5.288600E+03	-1.546867E+01	1.560380E-02	1.070332E-01
5.290500E+03	-1.546880E+01	1.594380E-02	1.068782E-01
5.292500E+03	-1.546932E+01	1.600496E-02	1.067151E-01
5.294500E+03	-1.546974E+01	1.586023E-02	1.065521E-01
5.296500E+03	-1.547005E+01	1.582745E-02	1.063891E-01
5.298500E+03	-1.547038E+01	1.596383E-02	1.062261E-01
5.300400E+03	-1.547086E+01	1.677729E-02	1.060714E-01
5.302400E+03	-1.547098E+01	1.636981E-02	1.059086E-01
5.304400E+03	-1.547060E+01	1.647781E-02	1.057458E-01
5.306400E+03	-1.547066E+01	1.644789E-02	1.055831E-01
5.308400E+03	-1.547120E+01	1.665549E-02	1.054205E-01
5.310300E+03	-1.547160E+01	1.680098E-02	1.052661E-01
5.312300E+03	-1.547170E+01	1.652964E-02	1.051036E-01
5.314300E+03	-1.547193E+01	1.512547E-02	1.049366E-01
5.316300E+03	-1.547216E+01	1.445194E-02	1.047697E-01
5.318300E+03	-1.547243E+01	1.444784E-02	1.046028E-01
5.320200E+03	-1.547302E+01	1.389096E-02	1.044443E-01
5.322200E+03	-1.547349E+01	1.379351E-02	1.042775E-01
5.324200E+03	-1.547412E+01	1.361442E-02	1.041108E-01
5.326200E+03	-1.547453E+01	1.364042E-02	1.039441E-01
5.328200E+03	-1.547488E+01	1.317961E-02	1.037775E-01
5.330200E+03	-1.547582E+01	1.267941E-02	1.036110E-01
5.332100E+03	-1.547643E+01	1.333041E-02	1.034529E-01
5.334100E+03	-1.547677E+01	1.282489E-02	1.032865E-01
5.336100E+03	-1.547683E+01	1.267553E-02	1.031201E-01
5.338100E+03	-1.547711E+01	1.178023E-02	1.029539E-01
5.340100E+03	-1.547694E+01	1.138053E-02	1.027876E-01
5.342000E+03	-1.547735E+01	1.134145E-02	1.026298E-01
5.344000E+03	-1.547773E+01	1.138770E-02	1.024637E-01
5.346000E+03	-1.547823E+01	1.137107E-02	1.022977E-01
5.348000E+03	-1.547852E+01	1.119198E-02	1.021317E-01
5.350000E+03	-1.547869E+01	9.299719E-03	1.019658E-01
5.351900E+03	-1.547901E+01	9.585810E-03	1.018082E-01
5.353900E+03	-1.547873E+01	9.192732E-03	1.016424E-01
5.355900E+03	-1.547844E+01	9.583434E-03	1.014767E-01
5.357900E+03	-1.547887E+01	9.584641E-03	1.013111E-01
5.359900E+03	-1.547926E+01	9.422164E-03	1.011455E-01
5.361800E+03	-1.547906E+01	9.404705E-03	1.009882E-01
5.363800E+03	-1.547911E+01	9.345082E-03	1.008227E-01
5.365800E+03	-1.547949E+01	8.990130E-03	1.006573E-01
5.367800E+03	-1.547939E+01	9.049700E-03	1.004919E-01
5.369800E+03	-1.547962E+01	9.071217E-03	1.003266E-01
5.371700E+03	-1.547976E+01	8.714945E-03	1.001697E-01
5.373700E+03	-1.548002E+01	8.620996E-03	1.000045E-01
5.375700E+03	-1.548004E+01	8.599229E-03	9.983937E-02
5.377700E+03	-1.547992E+01	8.144156E-03	9.967432E-02
5.379700E+03	-1.548037E+01	1.053432E-02	9.950933E-02
5.381700E+03	-1.548030E+01	1.111044E-02	9.934440E-02
5.383600E+03	-1.548056E+01	1.138261E-02	9.918777E-02
5.385600E+03	-1.548053E+01	1.113018E-02	9.902296E-02
5.387600E+03	-1.548005E+01	1.181056E-02	9.885821E-02
5.389600E+03	-1.548021E+01	1.173743E-02	9.869352E-02
5.391600E+03	-1.548048E+01	1.180929E-02	9.852889E-02
5.393500E+03	-1.548053E+01	1.168456E-02	9.837255E-02
5.395500E+03	-1.548103E+01	1.168700E-02	9.820804E-02
5.397500E+03	-1.548151E+01	1.162220E-02	9.804359E-02
5.399500E+03	-1.548177E+01	1.211996E-02	9.787921E-02
5.401500E+03	-1.548183E+01	1.174574E-02	9.771488E-02
5.403400E+03	-1.548242E+01	1.174481E-02	9.755883E-02
5.405400E+03	-1.548300E+01	1.332647E-02	9.739462E-02
5.407400E+03	-1.548372E+01	1.450158E-02	9.723047E-02
5.409400E+03	-1.548414E+01	1.434132E-02	9.706639E-02
5.411400E+03	-1.548422E+01	1.437865E-02	9.690236E-02
5.413300E+03	-1.548419E+01	1.431140E-02	9.674659E-02
5.415300E+03	-1.548425E+01	1.444858E-02	9.658269E-02
5.417300E+03	-1.548452E+01	1.467394E-02	9.641884E-02
5.419300E+03	-1.548424E+01	1.459423E-02	9.625505E-02
5.421300E+03	-1.548432E+01	1.477490E-02	9.609133E-02
5.423200E+03	-1.548464E+01	1.464396E-02	9.593584E-02
5.425200E+03	-1.548444E+01	1.464377E-02	9.577224E-02
5.427200E+03	-1.548452E+01	1.471564E-02	9.560869E-02
5.429200E+03	-1.548437E+01	1.360219E-02	9.544520E-02
5.431200E+03	-1.548440E+01	1.274554E-02	9.528177E-02
5.433200E+03	-1.548455E+01	1.301844E-02	9.511841E-02
5.435100E+03	-1.548506E+01	1.299135E-02	9.496294E-02
5.437100E+03	-1.548551E+01	1.340027E-02	9.479417E-02
5.439100E+03	-1.548586E+01	1.346391E-02	9.462546E-02
5.441100E+03	-1.548641E+01	1.330480E-02	9.445681E-02
5.443100E+03	-1.548670E+01	1.389683E-02	9.428822E-02
5.445000E+03	-1.548651E+01	1.453640E-02	9.412812E-02
5.447000E+03	-1.548678E+01	1.471272E-02	9.395966E-02
5.449000E+03	-1.548703E+01	1.443446E-02	9.379125E-02
5.451000E+03	-1.548687E+01	1.442447E-02	9.362291E-02
5.453000E+03	-1.548685E+01	1.441364E-02	9.345463E-02
5.454900E+03	-1.548706E+01	1.308072E-02	9.329482E-02
5.456900E+03	-1.548766E+01	1.134690E-02	9.312666E-02
5.458900E+03	-1.548808E+01	1.150533E-02	9.295857E-02
5.460900E+03	-1.548886E+01	1.180831E-02	9.279053E-02
5.462900E+03	-1.548931E+01	1.178861E-02	9.262255E-02
5.464800E+03	-1.548955E+01	1.193402E-02	9.246304E-02
5.466800E+03	-1.549000E+01	1.175138E-02	9.229518E-02
5.468800E+03	-1.549025E+01	1.177322E-02	9.212739E-02
5.470800E+03	-1.549049E+01	1.156115E-02	9.195965E-02
5.472800E+03	-1.549084E+01	1.175123E-02	9.179198E-02
5.474700E+03	-1.549111E+01	1.182051E-02	9.163275E-02
5.476700E+03	-1.549178E+01	1.165893E-02	9.146520E-02
5.478700E+03	-1.549206E+01	1.110446E-02	9.129771E-02
5.480700E+03	-1.549200E+01	1.109684E-02	9.113028E-02
5.482700E+03	-1.549240E+01	1.080245E-02	9.096291E-02
5.484700E+03	-1.549296E+01	1.162033E-02	9.079561E-02
5.486600E+03	-1.549299E+01	1.057298E-02	9.063672E-02
5.488600E+03	-1.549271E+01	1.080788E-02	9.046953E-02
5.490600E+03	-1.549296E+01	1.119740E-02	9.030241E-02
5.492600E+03	-1.549342E+01	1.053391E-02	9.013534E-02
5.494600E+03	-1.549322E+01	1.142838E-02	8.996833E-02
5.496500E+03	-1.549279E+01	1.180914E-02	8.980973E-02
5.498500E+03	-1.549265E+01	1.184931E-02	8.964285E-02
5.500500E+03	-1.549270E+01	1.186855E-02	8.947602E-02
5.502500E+03	-1.549284E+01	1.188423E-02	8.930926E-02
5.504500E+03	-1.549339E+01	1.168443E-02	8.914255E-02
5.506400E+03	-1.549376E+01	1.170370E-02	8.898424E-02
5.508400E+03	-1.549349E+01	1.197891E-02	8.881765E-02
5.510400E+03	-1.549328E+01	1.174864E-02	8.865112E-02
5.512400E+03	-1.549328E+01	1.204638E-02	8.848466E-02
5.514400E+03	-1.549302E+01	1.161972E-02	8.831825E-02
5.516300E+03	-1.549319E+01	1.138381E-02	8.816022E-02
5.518300E+03	-1.549354E+01	1.145305E-02	8.799393E-02
5.520300E+03	-1.549432E+01	1.163534E-02	8.782770E-02
5.522300E+03	-1.549508E+01	1.164106E-02	8.766154E-02
5.524300E+03	-1.549527E+01	1.184323E-02	8.749543E-02
5.526200E+03	-1.549572E+01	1.288284E-02	8.733768E-02
5.528200E+03	-1.549619E+01	1.296926E-02	8.717169E-02
5.530200E+03	-1.549630E+01	1.279923E-02	8.700576E-02
5.532200E+03	-1.549679E+01	1.254815E-02	8.683989E-02
5.534200E+03	-1.549753E+01	1.184194E-02	8.667408E-02
5.536100E+03	-1.549826E+01	1.185024E-02	8.651662E-02
5.538100E+03	-1.549876E+01	1.152689E-02	8.635092E-02
5.540100E+03	-1.549946E+01	1.089425E-02	8.618529E-02
5.542100E+03	-1.549958E+01	1.088195E-02	8.601972E-02
5.544100E+03	-1.549962E+01	9.325802E-03	8.585420E-02
5.546100E+03	-1.549937E+01	8.750204E-03	8.568875E-02
5.548000E+03	-1.549936E+01	8.543451E-03	8.553162E-02
5.550000E+03	-1.549966E+01	8.390736E-03	8.536628E-02
5.552000E+03	-1.549948E+01	8.257453E-03	8.520100E-02
5.554000E+03	-1.549966E+01	8.289483E-03	8.503578E-02
5.556000E+03	-1.549996E+01	8.705424E-03	8.487062E-02
5.557900E+03	-1.549956E+01	9.174961E-03	8.471378E-02
5.559900E+03	-1.549958E+01	1.145061E-02	8.454873E-02
5.561900E+03	-1.550028E+01	1.110136E-02	8.437910E-02
5.563900E+03	-1.550038E+01	1.112669E-02	8.420771E-02
5.565900E+03	-1.550006E+01	1.138840E-02	8.403638E-02
5.567800E+03	-1.550049E+01	1.268277E-02	8.387368E-02
5.569800E+03	-1.550116E+01	1.286787E-02	8.370247E-02
5.571800E+03	-1.550160E+01	1.296752E-02	8.353132E-02
5.573800E+03	-1.550193E+01	1.276041E-02	8.336024E-02
5.575800E+03	-1.550242E+01	1.201255E-02	8.318921E-02
5.577700E+03	-1.550282E+01	1.278584E-02	8.302680E-02
5.579700E+03	-1.550297E+01	1.289998E-02	8.285589E-02
5.581700E+03	-1.550361E+01	1.275996E-02	8.268505E-02
5.583700E+03	-1.550362E+01	1.267767E-02	8.251427E-02
5.585700E+03	-1.550318E+01	1.293569E-02	8.234354E-02
5.587600E+03	-1.550295E+01	1.413036E-02	8.218142E-02
5.589600E+03	-1.550278E+01	1.529163E-02	8.201081E-02
5.591600E+03	-1.550269E+01	1.614114E-02	8.184027E-02
5.593600E+03	-1.550284E+01	1.642297E-02	8.166979E-02
5.595600E+03	-1.550313E+01	1.634178E-02	8.149937E-02
5.597600E+03	-1.550353E+01	1.635859E-02	8.132901E-02
5.599500E+03	-1.550411E+01	1.663523E-02	8.116723E-02
5.601500E+03	-1.550455E+01	1.699282E-02	8.099699E-02
5.603500E+03	-1.550482E+01	1.770098E-02	8.082681E-02
5.605500E+03	-1.550519E+01	1.756189E-02	8.065669E-02
5.607500E+03	-1.550534E+01	1.777040E-02	8.048664E-02
5.609400E+03	-1.550547E+01	1.660439E-02	8.032514E-02
5.611400E+03	-1.550566E+01	1.677739E-02	8.015520E-02
5.613400E+03	-1.550512E+01	1.690232E-02	7.998532E-02
5.615400E+03	-1.550459E+01	1.684002E-02	7.981550E-02
5.617400E+03	-1.550458E+01	1.587756E-02	7.964574E-02
5.619300E+03	-1.550526E+01	1.566879E-02	7.948453E-02
5.621300E+03	-1.550556E+01	1.560314E-02	7.931489E-02
5.623300E+03	-1.550516E+01	1.555926E-02	7.914531E-02
5.625300E+03	-1.550523E+01	1.545814E-02	7.897579E-02
5.627300E+03	-1.550540E+01	1.437928E-02	7.880633E-02
5.629200E+03	-1.550543E+01	1.409986E-02	7.864540E-02
5.631200E+03	-1.550533E+01	1.402541E-02	7.847606E-02
5.633200E+03	-1.550564E+01	1.395807E-02	7.830678E-02
5.635200E+03	-1.550557E+01	1.397872E-02	7.813756E-02
5.637200E+03	-1.550498E+01	1.350411E-02	7.796840E-02
5.639100E+03	-1.550459E+01	1.235227E-02	7.780775E-02
5.641100E+03	-1.550414E+01	1.166618E-02	7.763870E-02
5.643100E+03	-1.550348E+01	1.126849E-02	7.746972E-02
5.645100E+03	-1.550309E+01	1.128878E-02	7.730080E-02
5.647100E+03	-1.550252E+01	1.126684E-02	7.713193E-02
5.649100E+03	-1.550250E+01	1.086289E-02	7.696313E-02
5.651000E+03	-1.550281E+01	1.024385E-02	7.680282E-02
5.653000E+03	-1.550296E+01	8.521258E-03	7.663413E-02
5.655000E+03	-1.550294E+01	8.012328E-03	7.646550E-02
5.657000E+03	-1.550319E+01	8.799683E-03	7.629693E-02
5.659000E+03	-1.550345E+01	8.646135E-03	7.612842E-02
5.660900E+03	-1.550323E+01	8.970354E-03	7.596839E-02
5.662900E+03	-1.550352E+01	9.283819E-03	7.580000E-02
5.664900E+03	-1.550407E+01	1.149418E-02	7.563166E-02
5.666900E+03	-1.550418E+01	1.372720E-02	7.546339E-02
5.668900E+03	-1.550440E+01	1.382380E-02	7.529517E-02
5.670800E+03	-1.550478E+01	1.381941E-02	7.513542E-02
5.672800E+03	-1.550498E+01	1.398869E-02	7.496733E-02
5.674800E+03	-1.550548E+01	1.375497E-02	7.479928E-02
5.676800E+03	-1.550597E+01	1.376908E-02	7.463130E-02
5.678800E+03	-1.550651E+01	1.370467E-02	7.446338E-02
5.680700E+03	-1.550721E+01	1.377312E-02	7.430391E-02
5.682700E+03	-1.550760E+01	1.382455E-02	7.413610E-02
5.684700E+03	-1.550773E+01	1.430801E-02	7.396836E-02
5.686700E+03	-1.550808E+01	1.436925E-02	7.380067E-02
5.688700E+03	-1.550896E+01	1.470233E-02	7.363304E-02
5.690600E+03	-1.550958E+01	1.465318E-02	7.346733E-02
5.692600E+03	-1.550927E+01	1.477030E-02	7.329240E-02
5.694600E+03	-1.550901E+01	1.493831E-02	7.311754E-02
5.696600E+03	-1.550924E+01	1.494052E-02	7.294273E-02
5.698600E+03	-1.550941E+01	1.524719E-02	7.276799E-02
5.700600E+03	-1.550902E+01	1.525508E-02	7.259331E-02
5.702500E+03	-1.550838E+01	1.560228E-02	7.242743E-02
5.704500E+03	-1.550820E+01	1.565840E-02	7.225287E-02
5.706500E+03	-1.550811E+01	1.448215E-02	7.207837E-02
5.708500E+03	-1.550796E+01	1.466889E-02	7.190393E-02
5.710500E+03	-1.550845E+01	1.482815E-02	7.172955E-02
5.712400E+03	-1.550912E+01	1.466804E-02	7.156395E-02
5.714400E+03	-1.550923E+01	1.296137E-02	7.138969E-02
5.716400E+03	-1.550951E+01	1.004324E-02	7.121550E-02
5.718400E+03	-1.551009E+01	9.740255E-03	7.104136E-02
5.720400E+03	-1.551040E+01	9.912300E-03	7.086729E-02
5.722300E+03	-1.551048E+01	1.094106E-02	7.070197E-02
5.724300E+03	-1.551071E+01	1.091449E-02	7.052802E-02
5.726300E+03	-1.551121E+01	1.093922E-02	7.035412E-02
5.728300E+03	-1.551207E+01	1.089246E-02	7.018029E-02
5.730300E+03	-1.551260E+01	1.076858E-02	7.000651E-02
5.732200E+03	-1.551264E+01	1.074353E-02	6.984148E-02
5.734200E+03	-1.551289E+01	1.025263E-02	6.966783E-02
5.736200E+03	-1.551328E+01	1.019857E-02	6.949423E-02
5.738200E+03	-1.551364E+01	9.668555E-03	6.932070E-02
5.740200E+03	-1.551366E+01	9.669878E-03	6.914722E-02
5.742100E+03	-1.551346E+01	9.551490E-03	6.898248E-02
5.744100E+03	-1.551325E+01	9.284127E-03	6.880912E-02
5.746100E+03	-1.551295E+01	9.282305E-03	6.863583E-02
5.748100E+03	-1.551256E+01	8.758049E-03	6.846259E-02
5.750100E+03	-1.551209E+01	8.630859E-03	6.828941E-02
5.752000E+03	-1.551175E+01	7.866491E-03	6.812495E-02
5.754000E+03	-1.551206E+01	7.601062E-03	6.795190E-02
5.756000E+03	-1.551222E+01	7.785863E-03	6.777890E-02
5.758000E+03	-1.551242E+01	7.272257E-03	6.760596E-02
5.760000E+03	-1.551230E+01	7.292530E-03	6.743308E-02
5.762000E+03	-1.551181E+01	7.292832E-03	6.726026E-02
5.763900E+03	-1.551163E+01	8.326996E-03	6.709614E-02
5.765900E+03	-1.551187E+01	1.026444E-02	6.692344E-02
5.767900E+03	-1.551216E+01	1.023834E-02	6.675080E-02
5.769900E+03	-1.551244E+01	1.024699E-02	6.657822E-02
5.771900E+03	-1.551288E+01	9.289873E-03	6.640570E-02
5.773800E+03	-1.551324E+01	9.598050E-03	6.624186E-02
5.775800E+03	-1.551345E+01	1.050062E-02	6.606945E-02
5.777800E+03	-1.551364E+01	1.142153E-02	6.589711E-02
5.779800E+03	-1.551373E+01	1.148153E-02	6.572482E-02
5.781800E+03	-1.551317E+01	1.148164E-02	6.555260E-02
5.783700E+03	-1.551286E+01	1.142956E-02	6.538904E-02
5.785700E+03	-1.551292E+01	1.197516E-02	6.521693E-02
5.787700E+03	-1.551310E+01	1.263392E-02	6.504488E-02
5.789700E+03	-1.551400E+01	1.287749E-02	6.487289E-02
5.791700E+03	-1.551506E+01	1.327208E-02	6.470096E-02
5.793600E+03	-1.551579E+01	1.338922E-02	6.453768E-02
5.795600E+03	-1.551637E+01	1.352949E-02	6.436586E-02
5.797600E+03	-1.551638E+01	1.347771E-02	6.419410E-02
5.799600E+03	-1.551667E+01	1.365941E-02	6.402241E-02
5.801600E+03	-1.551715E+01	1.366881E-02	6.385077E-02
5.803500E+03	-1.551799E+01	1.368556E-02	6.368777E-02
5.805500E+03	-1.551911E+01	1.364612E-02	6.351624E-02
5.807500E+03	-1.551990E+01	1.365665E-02	6.334478E-02
5.809500E+03	-1.552020E+01	1.346248E-02	6.317338E-02
5.811500E+03	-1.552054E+01	1.423605E-02	6.300203E-02
5.813500E+03	-1.552176E+01	1.500691E-02	6.283074E-02
5.815400E+03	-1.552281E+01	1.433023E-02	6.266808E-02
5.817400E+03	-1.552325E+01	1.456310E-02	6.249690E-02
5.819400E+03	-1.552357E+01	1.457283E-02	6.232579E-02
5.821400E+03	-1.552433E+01	1.465386E-02	6.214965E-02
5.823400E+03	-1.552562E+01	1.472992E-02	6.197029E-02
5.825300E+03	-1.552636E+01	1.418940E-02	6.179996E-02
5.827300E+03	-1.552659E+01	1.364637E-02	6.162072E-02
5.829300E+03	-1.552679E+01	1.357134E-02	6.144155E-02
5.831300E+03	-1.552698E+01	1.362387E-02	6.126244E-02
5.833300E+03	-1.552704E+01	1.348609E-02	6.108338E-02
5.835200E+03	-1.552743E+01	1.302059E-02	6.091334E-02
5.837200E+03	-1.552802E+01	1.289557E-02	6.073441E-02
5.839200E+03	-1.552803E+01	1.277605E-02	6.055554E-02
5.841200E+03	-1.552777E+01	1.258132E-02	6.037673E-02
5.843200E+03	-1.552786E+01	1.252253E-02	6.019798E-02
5.845100E+03	-1.552832E+01	1.246968E-02	6.002822E-02
5.847100E+03	-1.552905E+01	1.254514E-02	5.984959E-02
5.849100E+03	-1.552945E+01	1.224341E-02	5.967103E-02
5.851100E+03	-1.552956E+01	1.219278E-02	5.949252E-02
5.853100E+03	-1.552930E+01	1.225611E-02	5.931407E-02
5.855000E+03	-1.552939E+01	1.210488E-02	5.914460E-02
5.857000E+03	-1.552950E+01	1.210452E-02	5.896628E-02
5.859000E+03	-1.552922E+01	1.223785E-02	5.878801E-02
5.861000E+03	-1.552947E+01	1.165352E-02	5.860980E-02
5.863000E+03	-1.552971E+01	1.007606E-02	5.843166E-02
5.865000E+03	-1.552961E+01	9.249627E-03	5.825358E-02
5.866900E+03	-1.552944E+01	8.861617E-03	5.808445E-02
5.868900E+03	-1.552910E+01	8.736397E-03	5.790649E-02
5.870900E+03	-1.552869E+01	8.588363E-03	5.772858E-02
5.872900E+03	-1.552824E+01	9.089495E-03	5.755074E-02
5.874900E+03	-1.552765E+01	9.176642E-03	5.737295E-02
5.876800E+03	-1.552746E+01	8.951587E-03	5.720411E-02
5.878800E+03	-1.552740E+01	8.826173E-03	5.702645E-02
5.880800E+03	-1.552734E+01	8.807259E-03	5.684884E-02
5.882800E+03	-1.552709E+01	8.842779E-03	5.667130E-02
5.884800E+03	-1.552658E+01	8.842200E-03	5.649381E-02
5.886700E+03	-1.552652E+01	8.393878E-03	5.632526E-02
5.888700E+03	-1.552592E+01	8.367526E-03	5.614789E-02
5.890700E+03	-1.552460E+01	8.022081E-03	5.597058E-02
5.892700E+03	-1.552376E+01	8.065870E-03	5.579334E-02
5.894700E+03	-1.552332E+01	8.161613E-03	5.561615E-02
5.896600E+03	-1.552285E+01	8.026208E-03	5.544788E-02
5.898600E+03	-1.552219E+01	8.530931E-03	5.527081E-02
5.900600E+03	-1.552159E+01	8.781092E-03	5.509380E-02
5.902600E+03	-1.552125E+01	8.638428E-03	5.491685E-02
5.904600E+03	-1.552098E+01	8.708943E-03	5.473996E-02
5.906500E+03	-1.552097E+01	9.190066E-03	5.457197E-02
5.908500E+03	-1.552120E+01	9.390509E-03	5.439520E-02
5.910500E+03	-1.552097E+01	9.555262E-03	5.421848E-02
5.912500E+03	-1.552044E+01	9.781774E-03	5.404183E-02
5.914500E+03	-1.552050E+01	9.911876E-03	5.386524E-02
5.916500E+03	-1.552057E+01	1.088417E-02	5.368870E-02
5.918400E+03	-1.552034E+01	1.092207E-02	5.352105E-02
5.920400E+03	-1.552027E+01	1.100331E-02	5.334463E-02
5.922400E+03	-1.552039E+01	1.045830E-02	5.316828E-02
5.924400E+03	-1.552089E+01	1.046745E-02	5.299198E-02
5.926400E+03	-1.552165E+01	1.035818E-02	5.281574E-02
5.928300E+03	-1.552216E+01	1.127332E-02	5.264837E-02
5.930300E+03	-1.552279E+01	1.110276E-02	5.247224E-02
5.932300E+03	-1.552352E+01	1.101672E-02	5.229618E-02
5.934300E+03	-1.552400E+01	1.116329E-02	5.212018E-02
5.936300E+03	-1.552424E+01	1.115565E-02	5.194423E-02
5.938200E+03	-1.552411E+01	1.115986E-02	5.177714E-02
5.940200E+03	-1.552402E+01	1.154365E-02	5.160131E-02
5.942200E+03	-1.552404E+01	1.161414E-02	5.142554E-02
5.944200E+03	-1.552413E+01	1.154399E-02	5.124983E-02
5.946200E+03	-1.552484E+01	1.164356E-02	5.107418E-02
5.948100E+03	-1.552575E+01	1.160238E-02	5.090736E-02
5.950100E+03	-1.552673E+01	1.163979E-02	5.073182E-02
5.952100E+03	-1.552771E+01	1.174148E-02	5.055635E-02
5.954100E+03	-1.552780E+01	1.193738E-02	5.038093E-02
5.956100E+03	-1.552769E+01	1.166274E-02	5.019838E-02
5.958000E+03	-1.552778E+01	1.145288E-02	5.002299E-02
5.960000E+03	-1.552808E+01	1.126300E-02	4.983842E-02
5.962000E+03	-1.552863E+01	1.188862E-02	4.965393E-02
5.964000E+03	-1.552935E+01	1.223365E-02	4.946949E-02
5.966000E+03	-1.553031E+01	1.128057E-02	4.928511E-02
5.967900E+03	-1.553120E+01	1.106671E-02	4.911001E-02
5.969900E+03	-1.553201E+01	1.127832E-02	4.892576E-02
5.971900E+03	-1.553249E+01	1.156656E-02	4.874156E-02
5.973900E+03	-1.553268E+01	1.145297E-02	4.855743E-02
5.975900E+03	-1.553243E+01	1.199115E-02	4.837336E-02
5.977900E+03	-1.553240E+01	1.176780E-02	4.818935E-02
5.979800E+03	-1.553297E+01	1.186461E-02	4.801460E-02
5.981800E+03	-1.553369E+01	1.187313E-02	4.783071E-02
5.983800E+03	-1.553405E+01	1.175529E-02	4.764689E-02
5.985800E+03	-1.553434E+01	1.197004E-02	4.746312E-02
5.987800E+03	-1.553502E+01	1.167519E-02	4.727942E-02
5.989700E+03	-1.553534E+01	1.135376E-02	4.710495E-02
5.991700E+03	-1.553557E+01	1.170147E-02	4.692137E-02
5.993700E+03	-1.553562E+01	1.199340E-02	4.673785E-02
5.995700E+03	-1.553539E+01	1.197780E-02	4.655438E-02
5.997700E+03	-1.553539E+01	1.174150E-02	4.637098E-02
5.999600E+03	-1.553549E+01	1.123885E-02	4.619681E-02
6.001600E+03	-1.553592E+01	1.154879E-02	4.601353E-02
6.003600E+03	-1.553627E+01	1.144586E-02	4.583030E-02
6.005600E+03	-1.553655E+01	1.143454E-02	4.564715E-02
6.007600E+03	-1.553685E+01	1.146101E-02	4.546405E-02
6.009500E+03	-1.553735E+01	1.144236E-02	4.529016E-02
6.011500E+03	-1.553795E+01	1.050351E-02	4.510718E-02
6.013500E+03	-1.553809E+01	9.896115E-03	4.492426E-02
6.015500E+03	-1.553825E+01	1.003905E-02	4.474140E-02
6.017500E+03	-1.553832E+01	1.023681E-02	4.455860E-02
6.019400E+03	-1.553826E+01	9.927823E-03	4.438500E-02
6.021400E+03	-1.553819E+01	9.251711E-03	4.420232E-02
6.023400E+03	-1.553799E+01	9.825330E-03	4.401971E-02
6.025400E+03	-1.553786E+01	1.072227E-02	4.383715E-02
6.027400E+03	-1.553783E+01	1.092521E-02	4.365465E-02
6.029400E+03	-1.553785E+01	1.084171E-02	4.347221E-02
6.031300E+03	-1.553832E+01	1.128884E-02	4.329895E-02
6.033300E+03	-1.553883E+01	1.121122E-02	4.311664E-02
6.035300E+03	-1.553865E+01	1.085015E-02	4.293438E-02
6.037300E+03	-1.553863E+01	1.096544E-02	4.275218E-02
6.039300E+03	-1.553923E+01	1.102499E-02	4.257004E-02
6.041200E+03	-1.553992E+01	1.082906E-02	4.239707E-02
6.043200E+03	-1.554053E+01	1.100782E-02	4.221505E-02
6.045200E+03	-1.554081E+01	1.176888E-02	4.203309E-02
6.047200E+03	-1.554098E+01	1.169697E-02	4.185119E-02
6.049200E+03	-1.554149E+01	1.171008E-02	4.166935E-02
6.051100E+03	-1.554208E+01	1.321013E-02	4.149666E-02
6.053100E+03	-1.554251E+01	1.377476E-02	4.131493E-02
6.055100E+03	-1.554264E+01	1.406198E-02	4.113327E-02
6.057100E+03	-1.554269E+01	1.449075E-02	4.095167E-02
6.059100E+03	-1.554329E+01	1.451365E-02	4.077013E-02
6.061000E+03	-1.554373E+01	1.459428E-02	4.059772E-02
6.063000E+03	-1.554371E+01	1.491193E-02	4.041629E-02
6.065000E+03	-1.554399E+01	1.508576E-02	4.023493E-02
6.067000E+03	-1.554441E+01	1.497677E-02	4.005362E-02
6.069000E+03	-1.554489E+01	1.474825E-02	3.987238E-02
6.070900E+03	-1.554549E+01	1.499745E-02	3.970025E-02
6.072900E+03	-1.554648E+01	1.578725E-02	3.951912E-02
6.074900E+03	-1.554745E+01	1.561431E-02	3.933805E-02
6.076900E+03	-1.554769E+01	1.494996E-02	3.915704E-02
6.078900E+03	-1.554794E+01	1.491871E-02	3.897609E-02
6.080900E+03	-1.554883E+01	1.473980E-02	3.879519E-02
6.082800E+03	-1.554945E+01	1.476884E-02	3.862340E-02
6.084800E+03	-1.554982E+01	1.484464E-02	3.844263E-02
6.086800E+03	-1.554983E+01	1.500761E-02	3.826191E-02
6.088800E+03	-1.554969E+01	1.515257E-02	3.808126E-02
6.090800E+03	-1.554966E+01	1.548618E-02	3.790066E-02
6.092700E+03	-1.554958E+01	1.528359E-02	3.772575E-02
6.094700E+03	-1.554925E+01	1.492735E-02	3.753507E-02
6.096700E+03	-1.554875E+01	1.482221E-02	3.734445E-02
6.098700E+03	-1.554834E+01	1.477608E-02	3.715390E-02
6.100700E+03	-1.554810E+01	1.314259E-02	3.696340E-02
6.102600E+03	-1.554828E+01	1.249127E-02	3.678249E-02
6.104600E+03	-1.554837E+01	1.266024E-02	3.659212E-02
6.106600E+03	-1.554821E+01	1.215324E-02	3.640182E-02
6.108600E+03	-1.554820E+01	1.213279E-02	3.621157E-02
6.110600E+03	-1.554807E+01	1.238063E-02	3.602139E-02
6.112500E+03	-1.554790E+01	1.194847E-02	3.584077E-02
6.114500E+03	-1.554783E+01	1.172660E-02	3.565071E-02
6.116500E+03	-1.554755E+01	1.143787E-02	3.546071E-02
6.118500E+03	-1.554744E+01	1.129674E-02	3.527077E-02
6.120500E+03	-1.554783E+01	1.114900E-02	3.508089E-02
6.122400E+03	-1.554816E+01	1.003260E-02	3.490057E-02
6.124400E+03	-1.554840E+01	1.012439E-02	3.471081E-02
6.126400E+03	-1.554844E+01	1.086667E-02	3.452112E-02
6.128400E+03	-1.554841E+01	1.096861E-02	3.433149E-02
6.130400E+03	-1.554812E+01	1.149654E-02	3.414192E-02
6.132400E+03	-1.554755E+01	1.194310E-02	3.395241E-02
6.134300E+03	-1.554690E+01	1.181783E-02	3.377244E-02
6.136300E+03	-1.554643E+01	1.141777E-02	3.358305E-02
6.138300E+03	-1.554632E+01	1.144363E-02	3.339372E-02
6.140300E+03	-1.554623E+01	1.061636E-02	3.320446E-02
6.142300E+03	-1.554660E+01	1.060876E-02	3.301526E-02
6.144200E+03	-1.554744E+01	1.049124E-02	3.283557E-02
6.146200E+03	-1.554809E+01	1.044156E-02	3.264649E-02
6.148200E+03	-1.554772E+01	1.073381E-02	3.245747E-02
6.150200E+03	-1.554713E+01	1.089059E-02	3.226851E-02
6.152200E+03	-1.554676E+01	1.107234E-02	3.207961E-02
6.154100E+03	-1.554641E+01	1.089379E-02	3.190022E-02
6.156100E+03	-1.554629E+01	1.195559E-02	3.171144E-02
6.158100E+03	-1.554635E+01	1.250141E-02	3.152272E-02
6.160100E+03	-1.554673E+01	1.223750E-02	3.133407E-02
6.162100E+03	-1.554732E+01	1.253113E-02	3.114547E-02
6.164000E+03	-1.554761E+01	1.250615E-02	3.096637E-02
6.166000E+03	-1.554767E+01	1.249660E-02	3.077789E-02
6.168000E+03	-1.554774E+01	1.249049E-02	3.058948E-02
6.170000E+03	-1.554786E+01	1.248958E-02	3.040113E-02
6.172000E+03	-1.554776E+01	1.240301E-02	3.021283E-02
6.173900E+03	-1.554798E+01	1.185857E-02	3.003401E-02
6.175900E+03	-1.554871E+01	1.177335E-02	2.984584E-02
6.177900E+03	-1.554933E+01	1.182779E-02	2.965773E-02
6.179900E+03	-1.554926E+01	1.158371E-02	2.946968E-02
6.181900E+03	-1.554911E+01	1.152032E-02	2.928169E-02
6.183800E+03	-1.554942E+01	1.153418E-02	2.910316E-02
6.185800E+03	-1.554988E+01	1.154677E-02	2.891528E-02
6.187800E+03	-1.554985E+01	1.076018E-02	2.872747E-02
6.189800E+03	-1.554986E+01	1.074895E-02	2.853972E-02
6.191800E+03	-1.554972E+01	1.153675E-02	2.835203E-02
6.193800E+03	-1.554972E+01	1.200944E-02	2.816441E-02
6.195700E+03	-1.555029E+01	1.232839E-02	2.798621E-02
6.197700E+03	-1.555089E+01	1.227653E-02	2.779870E-02
6.199700E+03	-1.555156E+01	1.231558E-02	2.761125E-02
6.201700E+03	-1.555208E+01	1.281971E-02	2.742386E-02
6.203700E+03	-1.555254E+01	1.293312E-02	2.723654E-02
6.205600E+03	-1.555292E+01	1.223154E-02	2.705863E-02
6.207600E+03	-1.555324E+01	1.200057E-02	2.687142E-02
6.209600E+03	-1.555349E+01	1.291436E-02	2.668427E-02
6.211600E+03	-1.555358E+01	1.303346E-02	2.649718E-02
6.213600E+03	-1.555360E+01	1.289248E-02	2.631014E-02
6.215500E+03	-1.555348E+01	1.327233E-02	2.613252E-02
6.217500E+03	-1.555359E+01	1.321950E-02	2.594561E-02
6.219500E+03	-1.555396E+01	1.427661E-02	2.575876E-02
6.221500E+03	-1.555436E+01	1.625629E-02	2.557196E-02
6.223500E+03	-1.555497E+01	1.618115E-02	2.538523E-02
6.225400E+03	-1.555523E+01	1.557219E-02	2.520789E-02
6.227400E+03	-1.555544E+01	1.566749E-02	2.502127E-02
6.229400E+03	-1.555584E+01	1.577712E-02	2.483472E-02
6.231400E+03	-1.555634E+01	1.589991E-02	2.464822E-02
6.233400E+03	-1.555674E+01	1.597038E-02	2.446478E-02
6.235300E+03	-1.555714E+01	1.592408E-02	2.429568E-02
6.237300E+03	-1.555737E+01	1.610566E-02	2.411773E-02
6.239300E+03	-1.555723E+01	1.609565E-02	2.393985E-02
6.241300E+03	-1.555742E+01	1.565983E-02	2.376201E-02
6.243300E+03	-1.555740E+01	1.526096E-02	2.358424E-02
6.245300E+03	-1.555735E+01	1.548256E-02	2.340652E-02
6.247200E+03	-1.555730E+01	1.542894E-02	2.323774E-02
6.249200E+03	-1.555700E+01	1.538617E-02	2.306013E-02
6.251200E+03	-1.555678E+01	1.465346E-02	2.288258E-02
6.253200E+03	-1.555698E+01	1.423972E-02	2.270509E-02
6.255200E+03	-1.555700E+01	1.430742E-02	2.252765E-02
6.257100E+03	-1.555706E+01	1.421210E-02	2.235914E-02
6.259100E+03	-1.555737E+01	1.331699E-02	2.218181E-02
6.261100E+03	-1.555763E+01	1.270120E-02	2.200455E-02
6.263100E+03	-1.555802E+01	1.251436E-02	2.182733E-02
6.265100E+03	-1.555810E+01	1.176958E-02	2.165018E-02
6.267000E+03	-1.555800E+01	1.185792E-02	2.148193E-02
6.269000E+03	-1.555803E+01	1.092916E-02	2.130488E-02
6.271000E+03	-1.555829E+01	8.764214E-03	2.112789E-02
6.273000E+03	-1.555835E+01	8.714903E-03	2.095096E-02
6.275000E+03	-1.555856E+01	8.704024E-03	2.077408E-02
6.276900E+03	-1.555894E+01	8.387178E-03	2.060610E-02
6.278900E+03	-1.555933E+01	8.018366E-03	2.042934E-02
6.280900E+03	-1.555931E+01	7.172152E-03	2.025263E-02
6.282900E+03	-1.555911E+01	7.005207E-03	2.007597E-02
6.284900E+03	-1.555902E+01	6.997497E-03	1.989937E-02
6.286800E+03	-1.555883E+01	6.654794E-03	1.973166E-02
6.288800E+03	-1.555850E+01	6.711585E-03	1.955517E-02
6.290800E+03	-1.555852E+01	6.633548E-03	1.937874E-02
6.292800E+03	-1.555850E+01	6.728756E-03	1.920236E-02
6.294800E+03	-1.555848E+01	5.483267E-03	1.902604E-02
6.296800E+03	-1.555849E+01	5.340883E-03	1.884977E-02
6.298700E+03	-1.555878E+01	5.837704E-03	1.868238E-02
6.300700E+03	-1.555938E+01	5.812721E-03	1.850622E-02
6.302700E+03	-1.555980E+01	5.865836E-03	1.833012E-02
6.304700E+03	-1.556029E+01	5.756701E-03	1.815408E-02
6.306700E+03	-1.556098E+01	6.742057E-03	1.797809E-02
6.308600E+03	-1.556133E+01	7.550347E-03	1.781095E-02
6.310600E+03	-1.556158E+01	7.565624E-03	1.763507E-02
6.312600E+03	-1.556191E+01	7.579256E-03	1.745925E-02
6.314600E+03	-1.556225E+01	7.573887E-03	1.728348E-02
6.316600E+03	-1.556300E+01	7.532770E-03	1.710777E-02
6.318500E+03	-1.556388E+01	7.573396E-03	1.694090E-02
6.320500E+03	-1.556422E+01	6.909193E-03	1.676529E-02
6.322500E+03	-1.556440E+01	7.287668E-03	1.658975E-02
6.324500E+03	-1.556427E+01	7.301195E-03	1.641425E-02
6.326500E+03	-1.556381E+01	8.109417E-03	1.623882E-02
6.328400E+03	-1.556364E+01	8.707010E-03	1.607220E-02
6.330400E+03	-1.556397E+01	8.684569E-03	1.589687E-02
6.332400E+03	-1.556455E+01	8.791299E-03	1.572160E-02
6.334400E+03	-1.556521E+01	9.122549E-03	1.554638E-02
6.336400E+03	-1.556580E+01	9.166508E-03	1.537122E-02
6.338300E+03	-1.556621E+01	9.051819E-03	1.520487E-02
6.340300E+03	-1.556702E+01	8.926934E-03	1.502981E-02
6.342300E+03	-1.556774E+01	9.069589E-03	1.485481E-02
6.344300E+03	-1.556772E+01	9.293550E-03	1.467987E-02
6.346300E+03	-1.556762E+01	9.159442E-03	1.450498E-02
6.348300E+03	-1.556808E+01	8.869191E-03	1.433015E-02
6.350200E+03	-1.556871E+01	8.990556E-03	1.416410E-02
6.352200E+03	-1.556924E+01	8.898479E-03	1.398938E-02
6.354200E+03	-1.557001E+01	8.969234E-03	1.381471E-02
6.356200E+03	-1.557082E+01	8.537088E-03	1.364009E-02
6.358200E+03	-1.557176E+01	8.074421E-03	1.346553E-02
6.360100E+03	-1.557231E+01	8.164703E-03	1.329974E-02
6.362100E+03	-1.557277E+01	8.177584E-03	1.312529E-02
6.364100E+03	-1.557367E+01	8.690751E-03	1.295089E-02
6.366100E+03	-1.557456E+01	8.697309E-03	1.277654E-02
6.368100E+03	-1.557516E+01	8.785231E-03	1.260225E-02
6.370000E+03	-1.557525E+01	8.743872E-03	1.243673E-02
6.372000E+03	-1.557583E+01	8.435746E-03	1.226254E-02
6.374000E+03	-1.557622E+01	8.440669E-03	1.208841E-02
6.376000E+03	-1.557663E+01	7.590471E-03	1.191434E-02
6.378000E+03	-1.557696E+01	6.661664E-03	1.178742E-02
6.379900E+03	-1.557735E+01	6.715962E-03	1.168525E-02
6.381900E+03	-1.557773E+01	6.694495E-03	1.157774E-02
6.383900E+03	-1.557804E+01	6.062875E-03	1.147026E-02
6.385900E+03	-1.557815E+01	5.919252E-03	1.136282E-02
6.387900E+03	-1.557809E+01	6.248287E-03	1.125540E-02
6.389800E+03	-1.557814E+01	6.670956E-03	1.115339E-02
6.391800E+03	-1.557860E+01	6.745450E-03	1.104604E-02
6.393800E+03	-1.557896E+01	6.968644E-03	1.093873E-02
6.395800E+03	-1.557902E+01	7.728222E-03	1.083145E-02
6.397800E+03	-1.557934E+01	7.806148E-03	1.072421E-02
6.399700E+03	-1.557941E+01	7.970965E-03	1.062235E-02
6.401700E+03	-1.557940E+01	8.482670E-03	1.051517E-02
6.403700E+03	-1.557954E+01	8.413558E-03	1.040802E-02
6.405700E+03	-1.557958E+01	8.620520E-03	1.030091E-02
6.407700E+03	-1.557962E+01	9.172624E-03	1.019383E-02
6.409700E+03	-1.557964E+01	9.064969E-03	1.008678E-02
6.411600E+03	-1.557954E+01	9.034918E-03	9.985118E-03
6.413600E+03	-1.557972E+01	8.684877E-03	9.878136E-03
6.415600E+03	-1.557997E+01	8.741445E-03	9.771187E-03
6.417600E+03	-1.558000E+01	8.536308E-03	9.664272E-03
6.419600E+03	-1.557978E+01	9.056532E-03	9.557390E-03
6.421500E+03	-1.557955E+01	8.999098E-03	9.455883E-03
6.423500E+03	-1.557927E+01	9.355033E-03	9.349065E-03
6.425500E+03	-1.557902E+01	9.396223E-03	9.242281E-03
6.427500E+03	-1.557913E+01	9.476327E-03	9.135531E-03
6.429500E+03	-1.557927E+01	9.513245E-03	9.028813E-03
6.431400E+03	-1.557918E+01	9.847833E-03	8.927462E-03
6.433400E+03	-1.557894E+01	9.805538E-03	8.820810E-03
6.435400E+03	-1.557874E+01	9.808622E-03	8.714190E-03
6.437400E+03	-1.557865E+01	9.679661E-03	8.607603E-03
6.439400E+03	-1.557890E+01	9.587129E-03	8.501050E-03
6.441300E+03	-1.557887E+01	9.439768E-03	8.399855E-03
6.443300E+03	-1.557913E+01	8.909445E-03	8.293366E-03
6.445300E+03	-1.557959E+01	8.260269E-03	8.186910E-03
6.447300E+03	-1.557981E+01	8.225348E-03	8.080487E-03
6.449300E+03	-1.558015E+01	8.098587E-03	7.974098E-03
6.451200E+03	-1.558025E+01	7.754550E-03	7.873058E-03
6.453200E+03	-1.558011E+01	7.762320E-03	7.766732E-03
6.455200E+03	-1.557991E+01	7.322923E-03	7.660440E-03
6.457200E+03	-1.558029E+01	6.270639E-03	7.554180E-03
6.459200E+03	-1.558019E+01	6.271425E-03	7.447954E-03
6.461200E+03	-1.557986E+01	6.322032E-03	7.341760E-03
6.463100E+03	-1.557995E+01	7.105569E-03	7.240906E-03
6.465100E+03	-1.558014E+01	7.288444E-03	7.134776E-03
6.467100E+03	-1.558029E+01	7.312127E-03	7.028679E-03
6.469100E+03	-1.558050E+01	6.975552E-03	6.922615E-03
6.471100E+03	-1.558066E+01	7.305769E-03	6.816584E-03
6.473000E+03	-1.558086E+01	7.523705E-03	6.715884E-03
6.475000E+03	-1.558106E+01	7.496378E-03	6.609917E-03
6.477000E+03	-1.558137E+01	7.318442E-03	6.503982E-03
6.479000E+03	-1.558151E+01	7.454705E-03	6.398080E-03
6.481000E+03	-1.558155E+01	7.115792E-03	6.292211E-03
6.482900E+03	-1.558195E+01	7.171899E-03	6.191665E-03
6.484900E+03	-1.558238E+01	7.073301E-03	6.085860E-03
6.486900E+03	-1.558311E+01	7.084810E-03	5.980087E-03
6.488900E+03	-1.558382E+01	7.253268E-03	5.874346E-03
6.490900E+03	-1.558413E+01	8.037911E-03	5.768638E-03
6.492800E+03	-1.558489E+01	8.028806E-03	5.668246E-03
6.494800E+03	-1.558577E+01	8.057963E-03	5.562602E-03
6.496800E+03	-1.558649E+01	8.843559E-03	5.456990E-03
6.498800E+03	-1.558707E+01	8.886378E-03	5.351410E-03
6.500800E+03	-1.558777E+01	9.110895E-03	5.245864E-03
6.502700E+03	-1.558865E+01	9.216145E-03	5.145624E-03
6.504700E+03	-1.558926E+01	9.301898E-03	5.040141E-03
6.506700E+03	-1.558979E+01	9.312581E-03	4.934690E-03
6.508700E+03	-1.559039E+01	9.284911E-03	4.829271E-03
6.510700E+03	-1.559075E+01	9.524809E-03	4.723884E-03
6.512700E+03	-1.559125E+01	8.769635E-03	4.618531E-03
6.514600E+03	-1.559171E+01	8.495121E-03	4.518474E-03
6.516600E+03	-1.559214E+01	8.518306E-03	4.413183E-03
6.518600E+03	-1.559240E+01	8.550677E-03	4.307925E-03
6.520600E+03	-1.559251E+01	8.788672E-03	4.202698E-03
6.522600E+03	-1.559275E+01	8.548746E-03	4.097504E-03
6.524500E+03	-1.559327E+01	8.706508E-03	4.024451E-03
6.526500E+03	-1.559388E+01	9.271556E-03	3.996350E-03
6.528500E+03	-1.559427E+01	9.271010E-03	3.968258E-03
6.530500E+03	-1.559435E+01	9.711953E-03	3.940175E-03
6.532500E+03	-1.559424E+01	9.742961E-03	3.912100E-03
6.534400E+03	-1.559428E+01	9.753505E-03	3.885437E-03
6.536400E+03	-1.559441E+01	1.002740E-02	3.857379E-03
6.538400E+03	-1.559467E+01	9.786013E-03	3.829330E-03
6.540400E+03	-1.559490E+01	9.134078E-03	3.801289E-03
6.542400E+03	-1.559496E+01	9.077051E-03	3.773257E-03
6.544300E+03	-1.559534E+01	9.037507E-03	3.746634E-03
6.546300E+03	-1.559547E+01	8.460511E-03	3.718619E-03
6.548300E+03	-1.559593E+01	8.472897E-03	3.690612E-03
6.550300E+03	-1.559625E+01	8.371629E-03	3.662614E-03
6.552300E+03	-1.559610E+01	8.282421E-03	3.634624E-03
6.554200E+03	-1.559597E+01	8.669480E-03	3.608041E-03
6.556200E+03	-1.559640E+01	8.819186E-03	3.580068E-03
6.558200E+03	-1.559636E+01	8.823832E-03	3.552104E-03
6.560200E+03	-1.559634E+01	8.497667E-03	3.524147E-03
6.562200E+03	-1.559638E+01	8.955876E-03	3.496200E-03
6.564200E+03	-1.559632E+01	8.911755E-03	3.468261E-03
6.566100E+03	-1.559628E+01	9.523205E-03	3.441727E-03
6.568100E+03	-1.559638E+01	9.475987E-03	3.413804E-03
6.570100E+03	-1.559658E+01	9.355804E-03	3.385890E-03
6.572100E+03	-1.559654E+01	9.229341E-03	3.357985E-03
6.574100E+03	-1.559674E+01	9.123037E-03	3.330088E-03
6.576000E+03	-1.559676E+01	8.505877E-03	3.303593E-03
6.578000E+03	-1.559677E+01	8.901169E-03	3.275713E-03
6.580000E+03	-1.559668E+01	8.403943E-03	3.247841E-03
6.582000E+03	-1.559664E+01	8.314284E-03	3.219977E-03
6.584000E+03	-1.559675E+01	8.264077E-03	3.192122E-03
6.585900E+03	-1.559676E+01	8.176968E-03	3.165668E-03
6.587900E+03	-1.559731E+01	8.161649E-03	3.137829E-03
6.589900E+03	-1.559805E+01	7.947735E-03	3.109999E-03
6.591900E+03	-1.559792E+01	7.908488E-03	3.082177E-03
6.593900E+03	-1.559781E+01	7.665508E-03	3.054364E-03
6.595800E+03	-1.559761E+01	7.625174E-03	3.027949E-03
6.597800E+03	-1.559698E+01	7.582000E-03	3.000153E-03
6.599800E+03	-1.559680E+01	7.469340E-03	2.972364E-03
6.601800E+03	-1.559690E+01	7.453764E-03	2.944584E-03
6.603800E+03	-1.559675E+01	6.881368E-03	2.916813E-03
6.605700E+03	-1.559674E+01	6.623595E-03	2.890438E-03
6.607700E+03	-1.559667E+01	6.591273E-03	2.862683E-03
6.609700E+03	-1.559668E+01	6.536091E-03	2.834936E-03
6.611700E+03	-1.559678E+01	5.697146E-03	2.807198E-03
6.613700E+03	-1.559637E+01	5.659046E-03	2.779468E-03
6.615600E+03	-1.559590E+01	4.508238E-03	2.753132E-03
6.617600E+03	-1.559565E+01	4.477472E-03	2.725418E-03
6.619600E+03	-1.559573E+01	3.847839E-03	2.697713E-03
6.621600E+03	-1.559610E+01	3.763483E-03	2.670016E-03
6.623600E+03	-1.559594E+01	4.070143E-03	2.642328E-03
6.625600E+03	-1.559609E+01	4.414138E-03	2.614648E-03
6.627500E+03	-1.559601E+01	3.392322E-03	2.588359E-03
6.629500E+03	-1.559587E+01	3.883671E-03	2.560695E-03
6.631500E+03	-1.559564E+01	4.400966E-03	2.533040E-03
6.633500E+03	-1.559544E+01	4.446020E-03	2.505393E-03
6.635500E+03	-1.559567E+01	4.489971E-03	2.477754E-03
6.637400E+03	-1.559604E+01	4.739058E-03	2.451505E-03
6.639400E+03	-1.559605E+01	4.754376E-03	2.423882E-03
6.641400E+03	-1.559617E+01	4.814772E-03	2.396268E-03
6.643400E+03	-1.559604E+01	4.817187E-03	2.368662E-03
6.645400E+03	-1.559583E+01	5.033340E-03	2.341064E-03
6.647300E+03	-1.559615E+01	5.107198E-03	2.314854E-03
6.649300E+03	-1.559640E+01	5.252731E-03	2.287273E-03
6.651300E+03	-1.559636E+01	5.315665E-03	2.259700E-03
6.653300E+03	-1.559640E+01	5.321391E-03	2.232135E-03
6.655300E+03	-1.559700E+01	5.450383E-03	2.204578E-03
6.657200E+03	-1.559713E+01	5.450992E-03	2.178407E-03
6.659200E+03	-1.559705E+01	6.001599E-03	2.150867E-03
6.661200E+03	-1.559746E+01	6.023778E-03	2.123334E-03
6.663200E+03	-1.559776E+01	6.366034E-03	2.095810E-03
6.665200E+03	-1.559821E+01	8.667551E-03	2.068295E-03
6.667100E+03	-1.559894E+01	8.759017E-03	2.042163E-03
6.669100E+03	-1.559956E+01	8.789310E-03	2.014663E-03
6.671100E+03	-1.560039E+01	8.823399E-03	1.987172E-03
6.673100E+03	-1.560090E+01	9.686956E-03	1.959689E-03
6.675100E+03	-1.560094E+01	9.740645E-03	1.952430E-03
6.677100E+03	-1.560124E+01	9.745803E-03	1.984585E-03
6.679000E+03	-1.560193E+01	9.663279E-03	2.015124E-03
6.681000E+03	-1.560221E+01	9.349361E-03	2.047261E-03
6.683000E+03	-1.560249E+01	9.358578E-03	2.079388E-03
6.685000E+03	-1.560328E+01	9.302784E-03	2.111506E-03
6.687000E+03	-1.560354E+01	9.305835E-03	2.143614E-03
6.688900E+03	-1.560364E+01	9.378553E-03	2.174107E-03
6.690900E+03	-1.560459E+01	9.389781E-03	2.206196E-03
6.692900E+03	-1.560536E+01	9.483994E-03	2.238276E-03
6.694900E+03	-1.560586E+01	9.560362E-03	2.270346E-03
6.696900E+03	-1.560611E+01	1.019782E-02	2.302407E-03
6.698800E+03	-1.560675E+01	1.019504E-02	2.332855E-03
6.700800E+03	-1.560721E+01	1.051597E-02	2.364897E-03
6.702800E+03	-1.560699E+01	1.051656E-02	2.396929E-03
6.704800E+03	-1.560704E+01	1.041409E-02	2.428952E-03
6.706800E+03	-1.560660E+01	1.041318E-02	2.460965E-03
6.708700E+03	-1.560664E+01	1.040746E-02	2.491369E-03
6.710700E+03	-1.560716E+01	1.038205E-02	2.523363E-03
6.712700E+03	-1.560759E+01	1.035553E-02	2.555348E-03
6.714700E+03	-1.560784E+01	8.527565E-03	2.587324E-03
6.716700E+03	-1.560804E+01	8.491511E-03	2.619290E-03
6.718600E+03	-1.560843E+01	8.932604E-03	2.649648E-03
6.720600E+03	-1.560874E+01	9.205793E-03	2.681596E-03
6.722600E+03	-1.560899E+01	8.280565E-03	2.713534E-03
6.724600E+03	-1.560914E+01	7.847721E-03	2.745462E-03
6.726600E+03	-1.560951E+01	7.835549E-03	2.777381E-03
6.728600E+03	-1.561017E+01	7.827954E-03	2.809290E-03
6.730500E+03	-1.561063E+01	7.836454E-03	2.839595E-03
6.732500E+03	-1.561106E+01	7.894462E-03	2.871486E-03
6.734500E+03	-1.561117E+01	8.742860E-03	2.903368E-03
6.736500E+03	-1.561087E+01	9.077831E-03	2.935240E-03
6.738500E+03	-1.561103E+01	9.124791E-03	2.967102E-03
6.740400E+03	-1.561127E+01	9.265854E-03	2.997363E-03
6.742400E+03	-1.561136E+01	9.640801E-03	3.029207E-03
6.744400E+03	-1.561176E+01	9.404168E-03	3.061042E-03
6.746400E+03	-1.561202E+01	9.517959E-03	3.092867E-03
6.748400E+03	-1.561186E+01	9.582147E-03	3.124682E-03
6.750300E+03	-1.561186E+01	9.195624E-03	3.154899E-03
6.752300E+03	-1.561190E+01	9.164023E-03	3.186696E-03
6.754300E+03	-1.561207E+01	9.305901E-03	3.218484E-03
6.756300E+03	-1.561193E+01	9.731340E-03	3.250263E-03
6.758300E+03	-1.561163E+01	1.004884E-02	3.282032E-03
6.760200E+03	-1.561194E+01	1.033428E-02	3.312204E-03
6.762200E+03	-1.561216E+01	1.018526E-02	3.343955E-03
6.764200E+03	-1.561216E+01	1.061599E-02	3.375696E-03
6.766200E+03	-1.561235E+01	1.085862E-02	3.407428E-03
6.768200E+03	-1.561260E+01	1.157353E-02	3.439151E-03
6.770100E+03	-1.561297E+01	1.220499E-02	3.469279E-03
6.772100E+03	-1.561290E+01	1.206411E-02	3.500983E-03
6.774100E+03	-1.561315E+01	1.268459E-02	3.532678E-03
6.776100E+03	-1.561363E+01	1.319198E-02	3.564364E-03
6.778100E+03	-1.561341E+01	1.310471E-02	3.596040E-03
6.780100E+03	-1.561381E+01	1.312890E-02	3.627707E-03
6.782000E+03	-1.561384E+01	1.506107E-02	3.657782E-03
6.784000E+03	-1.561361E+01	1.470894E-02	3.689431E-03
6.786000E+03	-1.561383E+01	1.433654E-02	3.721070E-03
6.788000E+03	-1.561346E+01	1.415959E-02	3.752700E-03
6.790000E+03	-1.561294E+01	1.420828E-02	3.784321E-03
6.791900E+03	-1.561323E+01	1.420340E-02	3.814352E-03
6.793900E+03	-1.561331E+01	1.420891E-02	3.845955E-03
6.795900E+03	-1.561328E+01	1.361986E-02	3.877548E-03
6.797900E+03	-1.561382E+01	1.367504E-02	3.909132E-03
6.799900E+03	-1.561431E+01	1.388138E-02	3.940707E-03
6.801800E+03	-1.561407E+01	1.385842E-02	3.970695E-03
6.803800E+03	-1.561440E+01	1.422131E-02	4.002251E-03
6.805800E+03	-1.561509E+01	1.401515E-02	4.033799E-03
6.807800E+03	-1.561561E+01	1.379445E-02	4.065337E-03
6.809800E+03	-1.561634E+01	1.372620E-02	4.096866E-03
6.811700E+03	-1.561688E+01	1.487794E-02	4.126809E-03
6.813700E+03	-1.561721E+01	1.448593E-02	4.158320E-03
6.815700E+03	-1.561778E+01	1.440228E-02	4.189822E-03
6.817700E+03	-1.561875E+01	1.381029E-02	4.221314E-03
6.819700E+03	-1.561930E+01	1.314547E-02	4.252797E-03
6.821600E+03	-1.561954E+01	1.311431E-02	4.282697E-03
6.823600E+03	-1.562008E+01	1.228633E-02	4.314163E-03
6.825600E+03	-1.562025E+01	1.147397E-02	4.345618E-03
6.827600E+03	-1.562076E+01	1.151652E-02	4.377065E-03
6.829600E+03	-1.562135E+01	1.152272E-02	4.431799E-03
6.831500E+03	-1.562202E+01	9.594139E-03	4.502557E-03
6.833500E+03	-1.562249E+01	9.949523E-03	4.577017E-03
6.835500E+03	-1.562262E+01	1.005707E-02	4.651456E-03
6.837500E+03	-1.562273E+01	1.004624E-02	4.725872E-03
6.839500E+03	-1.562310E+01	1.005260E-02	4.800267E-03
6.841500E+03	-1.562384E+01	9.921058E-03	4.874641E-03
6.843400E+03	-1.562452E+01	1.018004E-02	4.945275E-03
6.845400E+03	-1.562528E+01	1.038425E-02	5.019606E-03
6.847400E+03	-1.562589E+01	1.055721E-02	5.093915E-03
6.849400E+03	-1.562636E+01	1.057291E-02	5.168203E-03
6.851400E+03	-1.562694E+01	1.229505E-02	5.242468E-03
6.853300E+03	-1.562731E+01	1.202105E-02	5.313001E-03
6.855300E+03	-1.562778E+01	1.241916E-02	5.387224E-03
6.857300E+03	-1.562817E+01	1.219376E-02	5.461426E-03
6.859300E+03	-1.562898E+01	1.221116E-02	5.535606E-03
6.861300E+03	-1.562980E+01	1.065552E-02	5.609765E-03
6.863200E+03	-1.563080E+01	1.104193E-02	5.680196E-03
6.865200E+03	-1.563120E+01	1.105597E-02	5.754312E-03
6.867200E+03	-1.563109E+01	1.096861E-02	5.828407E-03
6.869200E+03	-1.563088E+01	1.089283E-02	5.902480E-03
6.871200E+03	-1.563062E+01	1.096223E-02	5.976532E-03
6.873100E+03	-1.563042E+01	1.075488E-02	6.046861E-03
6.875100E+03	-1.563053E+01	1.073245E-02	6.120871E-03
6.877100E+03	-1.563048E+01	1.310954E-02	6.194859E-03
6.879100E+03	-1.563057E+01	1.355862E-02	6.268826E-03
6.881100E+03	-1.563131E+01	1.359544E-02	6.342771E-03
6.883000E+03	-1.563178E+01	1.306168E-02	6.412999E-03
6.885000E+03	-1.563173E+01	1.321348E-02	6.486902E-03
6.887000E+03	-1.563192E+01	1.322531E-02	6.560784E-03
6.889000E+03	-1.563277E+01	1.426508E-02	6.634644E-03
6.891000E+03	-1.563329E+01	1.444798E-02	6.708483E-03
6.893000E+03	-1.563319E+01	1.463787E-02	6.782301E-03
6.894900E+03	-1.563305E+01	1.451211E-02	6.852408E-03
6.896900E+03	-1.563360E+01	1.429560E-02	6.926183E-03
6.898900E+03	-1.563332E+01	1.393757E-02	6.999938E-03
6.900900E+03	-1.563241E+01	1.220270E-02	7.073671E-03
6.902900E+03	-1.563220E+01	1.217247E-02	7.147382E-03
6.904800E+03	-1.563185E+01	1.146762E-02	7.217388E-03
6.906800E+03	-1.563189E+01	1.179078E-02	7.291058E-03
6.908800E+03	-1.563183E+01	1.180113E-02	7.364707E-03
6.910800E+03	-1.563172E+01	1.204589E-02	7.438334E-03
6.912800E+03	-1.563112E+01	1.196563E-02	7.511941E-03
6.914700E+03	-1.563107E+01	1.197164E-02	7.581847E-03
6.916700E+03	-1.563169E+01	1.202596E-02	7.655411E-03
6.918700E+03	-1.563149E+01	1.194963E-02	7.728954E-03
6.920700E+03	-1.563115E+01	1.210820E-02	7.802476E-03
6.922700E+03	-1.563113E+01	1.207403E-02	7.875977E-03
6.924600E+03	-1.563114E+01	1.214367E-02	7.945783E-03
6.926600E+03	-1.563118E+01	1.031570E-02	8.019242E-03
6.928600E+03	-1.563069E+01	9.808632E-03	8.092681E-03
6.930600E+03	-1.563001E+01	9.926569E-03	8.166098E-03
6.932600E+03	-1.562954E+01	9.885641E-03	8.239493E-03
6.934500E+03	-1.562959E+01	9.670127E-03	8.309200E-03
6.936500E+03	-1.563015E+01	9.869968E-03	8.382554E-03
6.938500E+03	-1.563008E+01	9.630583E-03	8.455888E-03
6.940500E+03	-1.563037E+01	9.592411E-03	8.529200E-03
6.942500E+03	-1.563092E+01	9.336555E-03	8.602491E-03
6.944500E+03	-1.563130E+01	1.049321E-02	8.675761E-03
6.946400E+03	-1.563174E+01	1.053728E-02	8.745348E-03
6.948400E+03	-1.563192E+01	1.109378E-02	8.818577E-03
6.950400E+03	-1.563213E+01	1.162476E-02	8.891785E-03
6.952400E+03	-1.563249E+01	1.220997E-02	8.964971E-03
6.954400E+03	-1.563293E+01	1.226803E-02	9.038137E-03
6.956300E+03	-1.563361E+01	1.212270E-02	9.107625E-03
6.958300E+03	-1.563476E+01	1.232848E-02	9.180749E-03
6.960300E+03	-1.563524E+01	1.232222E-02	9.253853E-03
6.962300E+03	-1.563595E+01	1.226644E-02	9.326936E-03
6.964300E+03	-1.563636E+01	1.224005E-02	9.399997E-03
6.966200E+03	-1.563627E+01	1.213385E-02	9.469387E-03
6.968200E+03	-1.563648E+01	1.213941E-02	9.542407E-03
6.970200E+03	-1.563685E+01	1.207058E-02	9.615407E-03
6.972200E+03	-1.563757E+01	1.400734E-02	9.688386E-03
6.974200E+03	-1.563752E+01	1.441762E-02	9.761344E-03
6.976100E+03	-1.563683E+01	1.440025E-02	9.830635E-03
6.978100E+03	-1.563697E+01	1.455095E-02	9.903552E-03
6.980100E+03	-1.563655E+01	1.447546E-02	9.976448E-03
6.982100E+03	-1.563673E+01	1.472546E-02	1.004932E-02
6.984100E+03	-1.563689E+01	1.468475E-02	1.012218E-02
6.986000E+03	-1.563699E+01	1.460407E-02	1.019137E-02
6.988000E+03	-1.563739E+01	1.380164E-02	1.028929E-02
6.990000E+03	-1.563766E+01	1.335965E-02	1.038956E-02
6.992000E+03	-1.563764E+01	1.554239E-02	1.048980E-02
6.994000E+03	-1.563754E+01	1.500599E-02	1.059002E-02
6.996000E+03	-1.563753E+01	1.502556E-02	1.069020E-02
6.997900E+03	-1.563753E+01	1.466135E-02	1.078535E-02
6.999900E+03	-1.563786E+01	1.422966E-02	1.088548E-02
7.001900E+03	-1.563877E+01	1.367698E-02	1.098558E-02
7.003900E+03	-1.563940E+01	1.373809E-02	1.108565E-02
7.005900E+03	-1.563967E+01	1.481049E-02	1.118569E-02
7.007800E+03	-1.564028E+01	1.491499E-02	1.128071E-02
7.009800E+03	-1.564006E+01	1.441524E-02	1.138069E-02
7.011800E+03	-1.563977E+01	1.428602E-02	1.148065E-02
7.013800E+03	-1.564043E+01	1.544158E-02	1.158058E-02
7.015800E+03	-1.564140E+01	1.538816E-02	1.168048E-02
7.017700E+03	-1.564144E+01	1.541001E-02	1.177536E-02
7.019700E+03	-1.564212E+01	1.548165E-02	1.187521E-02
7.021700E+03	-1.564275E+01	1.375053E-02	1.197503E-02
7.023700E+03	-1.564302E+01	1.359531E-02	1.207482E-02
7.025700E+03	-1.564365E+01	1.360648E-02	1.217458E-02
7.027600E+03	-1.564414E+01	1.328104E-02	1.226932E-02
7.029600E+03	-1.564430E+01	1.307276E-02	1.236903E-02
7.031600E+03	-1.564400E+01	1.379578E-02	1.246871E-02
7.033600E+03	-1.564424E+01	1.483329E-02	1.256835E-02
7.035600E+03	-1.564526E+01	1.517324E-02	1.266797E-02
7.037500E+03	-1.564602E+01	1.617751E-02	1.276259E-02
7.039500E+03	-1.564644E+01	1.631998E-02	1.286215E-02
7.041500E+03	-1.564671E+01	1.467604E-02	1.296169E-02
7.043500E+03	-1.564733E+01	1.478624E-02	1.306120E-02
7.045500E+03	-1.564757E+01	1.541595E-02	1.316068E-02
7.047400E+03	-1.564789E+01	1.591245E-02	1.325516E-02
7.049400E+03	-1.564823E+01	1.584623E-02	1.335458E-02
7.051400E+03	-1.564841E+01	1.599318E-02	1.345398E-02
7.053400E+03	-1.564873E+01	1.600083E-02	1.355335E-02
7.055400E+03	-1.564889E+01	1.527918E-02	1.365269E-02
7.057400E+03	-1.564949E+01	1.499061E-02	1.375200E-02
7.059300E+03	-1.564985E+01	1.506877E-02	1.384632E-02
7.061300E+03	-1.564969E+01	1.500523E-02	1.394558E-02
7.063300E+03	-1.564912E+01	1.374809E-02	1.404481E-02
7.065300E+03	-1.564864E+01	1.360841E-02	1.414401E-02
7.067300E+03	-1.564864E+01	1.355439E-02	1.424319E-02
7.069200E+03	-1.564916E+01	1.388374E-02	1.433738E-02
7.071200E+03	-1.564920E+01	1.443531E-02	1.443649E-02
7.073200E+03	-1.564957E+01	1.398011E-02	1.453558E-02
7.075200E+03	-1.565027E+01	1.393609E-02	1.463465E-02
7.077200E+03	-1.565083E+01	1.390812E-02	1.473368E-02
7.079100E+03	-1.565118E+01	1.386977E-02	1.482774E-02
7.081100E+03	-1.565163E+01	1.335954E-02	1.492672E-02
7.083100E+03	-1.565227E+01	1.262206E-02	1.502567E-02
7.085100E+03	-1.565294E+01	1.272286E-02	1.512460E-02
7.087100E+03	-1.565363E+01	1.255799E-02	1.522349E-02
7.089000E+03	-1.565421E+01	1.267901E-02	1.531742E-02
7.091000E+03	-1.565468E+01	1.276308E-02	1.541626E-02
7.093000E+03	-1.565539E+01	1.255820E-02	1.551507E-02
7.095000E+03	-1.565605E+01	1.216078E-02	1.561386E-02
7.097000E+03	-1.565603E+01	1.176984E-02	1.571262E-02
7.098900E+03	-1.565628E+01	1.163943E-02	1.580641E-02
7.100900E+03	-1.565710E+01	1.195210E-02	1.590512E-02
7.102900E+03	-1.565750E+01	1.260986E-02	1.600379E-02
7.104900E+03	-1.565785E+01	1.242227E-02	1.610244E-02
7.106900E+03	-1.565853E+01	1.275755E-02	1.620106E-02
7.108900E+03	-1.565905E+01	1.277629E-02	1.629966E-02
7.110800E+03	-1.565947E+01	1.371488E-02	1.639329E-02
7.112800E+03	-1.566011E+01	1.400356E-02	1.649183E-02
7.114800E+03	-1.566036E+01	1.402499E-02	1.659034E-02
7.116800E+03	-1.565971E+01	1.411297E-02	1.668883E-02
7.118800E+03	-1.565932E+01	1.430281E-02	1.678728E-02
7.120700E+03	-1.565950E+01	1.372394E-02	1.688079E-02
7.122700E+03	-1.565958E+01	1.344851E-02	1.697919E-02
7.124700E+03	-1.565944E+01	1.336289E-02	1.707757E-02
7.126700E+03	-1.565930E+01	1.335729E-02	1.717591E-02
7.128700E+03	-1.565954E+01	1.347124E-02	1.727423E-02
7.130600E+03	-1.565998E+01	1.353315E-02	1.736761E-02
7.132600E+03	-1.566031E+01	1.380209E-02	1.746588E-02
7.134600E+03	-1.566028E+01	1.341314E-02	1.756411E-02
7.136600E+03	-1.566020E+01	1.153995E-02	1.766232E-02
7.138600E+03	-1.566077E+01	1.104153E-02	1.776051E-02
7.140500E+03	-1.566113E+01	1.161948E-02	1.785375E-02
7.142500E+03	-1.566167E+01	1.149901E-02	1.795188E-02
7.144500E+03	-1.566218E+01	1.119740E-02	1.804999E-02
7.146500E+03	-1.566289E+01	1.120419E-02	1.814806E-02
7.148500E+03	-1.566442E+01	1.140815E-02	1.825270E-02
7.150400E+03	-1.566563E+01	1.130210E-02	1.835795E-02
7.152400E+03	-1.566674E+01	1.087903E-02	1.846870E-02
7.154400E+03	-1.566781E+01	1.118855E-02	1.857943E-02
7.156400E+03	-1.566837E+01	1.081194E-02	1.869012E-02
7.158400E+03	-1.566898E+01	1.076171E-02	1.880079E-02
7.160400E+03	-1.566963E+01	9.968464E-03	1.891142E-02
7.162300E+03	-1.566995E+01	9.688548E-03	1.901649E-02
7.164300E+03	-1.567069E+01	9.792781E-03	1.912706E-02
7.166300E+03	-1.567205E+01	9.590874E-03	1.923760E-02
7.168300E+03	-1.567269E+01	8.572411E-03	1.934811E-02
7.170300E+03	-1.567255E+01	8.424326E-03	1.945859E-02
7.172200E+03	-1.567234E+01	8.413708E-03	1.956352E-02
7.174200E+03	-1.567236E+01	8.218513E-03	1.967394E-02
7.176200E+03	-1.567276E+01	8.508731E-03	1.978433E-02
7.178200E+03	-1.567329E+01	8.995947E-03	1.989468E-02
7.180200E+03	-1.567378E+01	9.428310E-03	2.000501E-02
7.182100E+03	-1.567385E+01	8.866846E-03	2.010979E-02
7.184100E+03	-1.567389E+01	9.210479E-03	2.022006E-02
7.186100E+03	-1.567370E+01	1.055927E-02	2.033030E-02
7.188100E+03	-1.567346E+01	1.071496E-02	2.044050E-02
7.190100E+03	-1.567350E+01	1.038137E-02	2.055068E-02
7.192000E+03	-1.567393E+01	1.035510E-02	2.065531E-02
7.194000E+03	-1.567459E+01	1.048556E-02	2.076543E-02
7.196000E+03	-1.567524E+01	1.034653E-02	2.087551E-02
7.198000E+03	-1.567560E+01	1.067272E-02	2.098557E-02
7.200000E+03	-1.567569E+01	1.077645E-02	2.109559E-02
7.201900E+03	-1.567621E+01	1.060075E-02	2.120009E-02
7.203900E+03	-1.567638E+01	1.032919E-02	2.131005E-02
7.205900E+03	-1.567623E+01	1.032448E-02	2.141998E-02
7.207900E+03	-1.567575E+01	1.023700E-02	2.152989E-02
7.209900E+03	-1.567551E+01	1.002527E-02	2.163976E-02
7.211900E+03	-1.567605E+01	1.113370E-02	2.174960E-02
7.213800E+03	-1.567683E+01	1.227430E-02	2.185392E-02
7.215800E+03	-1.567683E+01	1.372299E-02	2.196370E-02
7.217800E+03	-1.567711E+01	1.458678E-02	2.207346E-02
7.219800E+03	-1.567709E+01	1.505841E-02	2.218318E-02
7.221800E+03	-1.567713E+01	1.513999E-02	2.229287E-02
7.223700E+03	-1.567738E+01	1.519802E-02	2.239705E-02
7.225700E+03	-1.567694E+01	1.513226E-02	2.250668E-02
7.227700E+03	-1.567694E+01	1.503516E-02	2.261628E-02
7.229700E+03	-1.567755E+01	1.507681E-02	2.272585E-02
7.231700E+03	-1.567827E+01	1.516234E-02	2.283539E-02
7.233600E+03	-1.567860E+01	1.468764E-02	2.293943E-02
7.235600E+03	-1.567875E+01	1.354291E-02	2.304891E-02
7.237600E+03	-1.567853E+01	1.311777E-02	2.315836E-02
7.239600E+03	-1.567862E+01	1.346824E-02	2.326779E-02
7.241600E+03	-1.567845E+01	1.456982E-02	2.337718E-02
7.243500E+03	-1.567808E+01	1.524367E-02	2.348107E-02
7.245500E+03	-1.567812E+01	1.502571E-02	2.359040E-02
7.247500E+03	-1.567808E+01	1.431788E-02	2.369971E-02
7.249500E+03	-1.567797E+01	1.431679E-02	2.380898E-02
7.251500E+03	-1.567786E+01	1.435832E-02	2.391822E-02
7.253400E+03	-1.567782E+01	1.447546E-02	2.402197E-02
7.255400E+03	-1.567767E+01	1.470634E-02	2.413116E-02
7.257400E+03	-1.567708E+01	1.465646E-02	2.424031E-02
7.259400E+03	-1.567643E+01	1.457221E-02	2.434943E-02
7.261400E+03	-1.567610E+01	1.408106E-02	2.445853E-02
7.263300E+03	-1.567589E+01	1.428975E-02	2.456214E-02
7.265300E+03	-1.567593E+01	1.341136E-02	2.467117E-02
7.267300E+03	-1.567576E+01	1.292248E-02	2.478017E-02
7.269300E+03	-1.567569E+01	1.277078E-02	2.488915E-02
7.271300E+03	-1.567602E+01	1.274783E-02	2.499809E-02
7.273300E+03	-1.567591E+01	1.273365E-02	2.510701E-02
7.275200E+03	-1.567559E+01	1.279071E-02	2.521045E-02
7.277200E+03	-1.567585E+01	1.364430E-02	2.531931E-02
7.279200E+03	-1.567631E+01	1.345957E-02	2.542813E-02
7.281200E+03	-1.567631E+01	1.291517E-02	2.553693E-02
7.283200E+03	-1.567631E+01	1.303036E-02	2.564569E-02
7.285100E+03	-1.567618E+01	1.438590E-02	2.574899E-02
7.287100E+03	-1.567581E+01	1.472375E-02	2.585770E-02
7.289100E+03	-1.567566E+01	1.446993E-02	2.596638E-02
7.291100E+03	-1.567588E+01	1.365241E-02	2.607503E-02
7.293100E+03	-1.567654E+01	1.339571E-02	2.618365E-02
7.295000E+03	-1.567716E+01	1.346258E-02	2.628681E-02
7.297000E+03	-1.567725E+01	1.345795E-02	2.639537E-02
7.299000E+03	-1.567747E+01	1.352176E-02	2.650390E-02
7.301000E+03	-1.567784E+01	1.504560E-02	2.661240E-02
7.303000E+03	-1.567789E+01	1.443762E-02	2.672087E-02
7.304900E+03	-1.567794E+01	1.496715E-02	2.682389E-02
7.306900E+03	-1.567803E+01	1.518556E-02	2.693231E-02
7.308900E+03	-1.567801E+01	1.516662E-02	2.704069E-02
7.310900E+03	-1.567761E+01	1.567509E-02	2.714905E-02
7.312900E+03	-1.567762E+01	1.458574E-02	2.725712E-02
7.314800E+03	-1.567749E+01	1.433385E-02	2.735884E-02
7.316800E+03	-1.567723E+01	1.417827E-02	2.746590E-02
7.318800E+03	-1.567741E+01	1.382234E-02	2.757292E-02
7.320800E+03	-1.567728E+01	1.378378E-02	2.767991E-02
7.322800E+03	-1.567693E+01	1.376707E-02	2.778688E-02
7.324800E+03	-1.567720E+01	1.371331E-02	2.789381E-02
7.326700E+03	-1.567701E+01	1.253518E-02	2.799537E-02
7.328700E+03	-1.567633E+01	1.214419E-02	2.810225E-02
7.330700E+03	-1.567572E+01	1.212545E-02	2.820910E-02
7.332700E+03	-1.567502E+01	1.207712E-02	2.831592E-02
7.334700E+03	-1.567478E+01	1.097402E-02	2.842271E-02
7.336600E+03	-1.567523E+01	1.105177E-02	2.852414E-02
7.338600E+03	-1.567578E+01	1.125063E-02	2.863087E-02
7.340600E+03	-1.567611E+01	1.133841E-02	2.873758E-02
7.342600E+03	-1.567671E+01	1.128209E-02	2.884425E-02
7.344600E+03	-1.567753E+01	1.128852E-02	2.895090E-02
7.346500E+03	-1.567794E+01	1.170565E-02	2.905219E-02
7.348500E+03	-1.567819E+01	1.181171E-02	2.915878E-02
7.350500E+03	-1.567841E+01	9.734019E-03	2.926534E-02
7.352500E+03	-1.567859E+01	1.005329E-02	2.937187E-02
7.354500E+03	-1.567931E+01	1.005854E-02	2.947837E-02
7.356400E+03	-1.568019E+01	1.076976E-02	2.957952E-02
7.358400E+03	-1.568077E+01	1.129571E-02	2.968597E-02
7.360400E+03	-1.568118E+01	1.037798E-02	2.979239E-02
7.362400E+03	-1.568174E+01	1.133257E-02	2.989878E-02
7.364400E+03	-1.568195E+01	1.205469E-02	3.000514E-02
7.366300E+03	-1.568185E+01	1.203477E-02	3.010615E-02
7.368300E+03	-1.568174E+01	1.279883E-02	3.021246E-02
7.370300E+03	-1.568199E+01	1.333561E-02	3.031873E-02
7.372300E+03	-1.568222E+01	1.344139E-02	3.042498E-02
7.374300E+03	-1.568241E+01	1.341588E-02	3.053119E-02
7.376300E+03	-1.568228E+01	1.365870E-02	3.063738E-02
7.378200E+03	-1.568189E+01	1.365022E-02	3.073823E-02
7.380200E+03	-1.568169E+01	1.363082E-02	3.084437E-02
7.382200E+03	-1.568167E+01	1.362646E-02	3.095047E-02
7.384200E+03	-1.568146E+01	1.356627E-02	3.105655E-02
7.386200E+03	-1.568162E+01	1.329514E-02	3.116259E-02
7.388100E+03	-1.568224E+01	1.296686E-02	3.126331E-02
7.390100E+03	-1.568256E+01	1.278790E-02	3.136930E-02
7.392100E+03	-1.568272E+01	1.264269E-02	3.147526E-02
7.394100E+03	-1.568282E+01	1.265983E-02	3.158119E-02
7.396100E+03	-1.568280E+01	1.246172E-02	3.168710E-02
7.398000E+03	-1.568295E+01	1.219929E-02	3.178768E-02
7.400000E+03	-1.568268E+01	1.225834E-02	3.189353E-02
7.402000E+03	-1.568172E+01	1.208193E-02	3.199935E-02
7.404000E+03	-1.568092E+01	1.170372E-02	3.210514E-02
7.406000E+03	-1.568068E+01	1.178754E-02	3.221090E-02
7.407900E+03	-1.568060E+01	1.251669E-02	3.231135E-02
7.409900E+03	-1.568077E+01	1.304319E-02	3.241706E-02
7.411900E+03	-1.568080E+01	1.237706E-02	3.252273E-02
7.413900E+03	-1.568062E+01	1.170955E-02	3.262838E-02
7.415900E+03	-1.568085E+01	1.224639E-02	3.273401E-02
7.417800E+03	-1.568143E+01	1.137695E-02	3.283432E-02
7.419800E+03	-1.568189E+01	1.073631E-02	3.293989E-02
7.421800E+03	-1.568183E+01	1.068854E-02	3.304542E-02
7.423800E+03	-1.568129E+01	1.074260E-02	3.315093E-02
7.425800E+03	-1.568157E+01	1.024510E-02	3.325641E-02
7.427800E+03	-1.568246E+01	1.041729E-02	3.336186E-02
7.429700E+03	-1.568389E+01	1.070887E-02	3.346202E-02
7.431700E+03	-1.568517E+01	1.122302E-02	3.356741E-02
7.433700E+03	-1.568604E+01	1.139024E-02	3.367278E-02
7.435700E+03	-1.568649E+01	1.138156E-02	3.377812E-02
7.437700E+03	-1.568661E+01	1.159838E-02	3.388343E-02
7.439600E+03	-1.568628E+01	1.176721E-02	3.398345E-02
7.441600E+03	-1.568579E+01	1.186699E-02	3.408871E-02
7.443600E+03	-1.568514E+01	1.205916E-02	3.419394E-02
7.445600E+03	-1.568474E+01	1.226881E-02	3.429914E-02
7.447600E+03	-1.568438E+01	1.243471E-02	3.440431E-02
7.449500E+03	-1.568349E+01	1.204309E-02	3.450420E-02
7.451500E+03	-1.568313E+01	1.201758E-02	3.460931E-02
7.453500E+03	-1.568341E+01	1.186554E-02	3.471440E-02
7.455500E+03	-1.568408E+01	1.111938E-02	3.481946E-02
7.457500E+03	-1.568418E+01	9.290226E-03	3.492449E-02
7.459400E+03	-1.568424E+01	8.351187E-03	3.502425E-02
7.461400E+03	-1.568498E+01	8.440815E-03	3.512923E-02
7.463400E+03	-1.568533E+01	8.464064E-03	3.523418E-02
7.465400E+03	-1.568559E+01	7.705564E-03	3.533910E-02
7.467400E+03	-1.568686E+01	7.517781E-03	3.544399E-02
7.469300E+03	-1.568813E+01	7.655434E-03	3.554361E-02
7.471300E+03	-1.568904E+01	7.515483E-03	3.564845E-02
7.473300E+03	-1.569032E+01	7.536939E-03	3.575326E-02
7.475300E+03	-1.569112E+01	7.733040E-03	3.585804E-02
7.477300E+03	-1.569162E+01	8.992273E-03	3.596279E-02
7.479200E+03	-1.569237E+01	1.102933E-02	3.606228E-02
7.481200E+03	-1.569329E+01	1.107330E-02	3.616698E-02
7.483200E+03	-1.569456E+01	1.121254E-02	3.625703E-02
7.485200E+03	-1.569648E+01	1.230673E-02	3.634617E-02
7.487200E+03	-1.569846E+01	1.314040E-02	3.643528E-02
7.489200E+03	-1.570010E+01	1.346860E-02	3.652438E-02
7.491100E+03	-1.570180E+01	1.329278E-02	3.660899E-02
7.493100E+03	-1.570323E+01	1.303361E-02	3.669804E-02
7.495100E+03	-1.570429E+01	1.277355E-02	3.678706E-02
7.497100E+03	-1.570571E+01	1.266774E-02	3.687606E-02
7.499100E+03	-1.570757E+01	1.662995E-02	3.696504E-02
7.501000E+03	-1.570920E+01	2.007774E-02	3.704955E-02
7.503000E+03	-1.571071E+01	2.006537E-02	3.713847E-02
7.505000E+03	-1.571228E+01	2.518971E-02	3.722738E-02
7.507000E+03	-1.571410E+01	2.991670E-02	3.731626E-02
7.509000E+03	-1.571617E+01	3.225505E-02	3.740512E-02
7.510900E+03	-1.571796E+01	3.579510E-02	3.748952E-02
7.512900E+03	-1.571933E+01	3.704481E-02	3.757833E-02
7.514900E+03	-1.572126E+01	3.732674E-02	3.766712E-02
7.516900E+03	-1.572312E+01	3.747458E-02	3.775588E-02
7.518900E+03	-1.572461E+01	3.766901E-02	3.784462E-02
7.520800E+03	-1.572579E+01	3.777581E-02	3.792891E-02
7.522800E+03	-1.572693E+01	3.787596E-02	3.801760E-02
7.524800E+03	-1.572793E+01	3.884272E-02	3.810627E-02
7.526800E+03	-1.572904E+01	3.875896E-02	3.819492E-02
7.528800E+03	-1.573027E+01	3.840826E-02	3.828355E-02
7.530700E+03	-1.573152E+01	3.889655E-02	3.836772E-02
7.532700E+03	-1.573309E+01	3.895356E-02	3.845630E-02
7.534700E+03	-1.573460E+01	3.878512E-02	3.854485E-02
7.536700E+03	-1.573582E+01	3.830080E-02	3.863338E-02
7.538700E+03	-1.573706E+01	3.847178E-02	3.872189E-02
7.540700E+03	-1.573886E+01	3.958236E-02	3.881038E-02
7.542600E+03	-1.574034E+01	3.972521E-02	3.889442E-02
7.544600E+03	-1.574133E+01	3.991770E-02	3.898286E-02
7.546600E+03	-1.574273E+01	3.978733E-02	3.907127E-02
7.548600E+03	-1.574417E+01	3.688958E-02	3.915966E-02
7.550600E+03	-1.574541E+01	3.415847E-02	3.924803E-02
7.552500E+03	-1.574667E+01	3.555176E-02	3.933196E-02
7.554500E+03	-1.574765E+01	3.363069E-02	3.942028E-02
7.556500E+03	-1.574809E+01	3.013271E-02	3.950858E-02
7.558500E+03	-1.574814E+01	2.805079E-02	3.959686E-02
7.560500E+03	-1.574831E+01	2.399242E-02	3.968511E-02
7.562400E+03	-1.574823E+01	2.191224E-02	3.976893E-02
7.564400E+03	-1.574820E+01	2.153211E-02	3.985714E-02
7.566400E+03	-1.574811E+01	2.148599E-02	3.994533E-02
7.568400E+03	-1.574773E+01	2.152744E-02	4.003349E-02
7.570400E+03	-1.574663E+01	2.137399E-02	4.012162E-02
7.572300E+03	-1.574548E+01	2.167204E-02	4.020533E-02
7.574300E+03	-1.574486E+01	2.022012E-02	4.029343E-02
7.576300E+03	-1.574438E+01	2.014449E-02	4.038150E-02
7.578300E+03	-1.574315E+01	1.996863E-02	4.046954E-02
7.580300E+03	-1.574185E+01	1.855751E-02	4.055756E-02
7.582200E+03	-1.574124E+01	1.866857E-02	4.064116E-02
7.584200E+03	-1.574092E+01	1.972647E-02	4.072914E-02
7.586200E+03	-1.574036E+01	1.959849E-02	4.081710E-02
7.588200E+03	-1.573941E+01	1.905014E-02	4.090503E-02
7.590200E+03	-1.573838E+01	1.822391E-02	4.099293E-02
7.592200E+03	-1.573724E+01	1.850027E-02	4.108082E-02
7.594100E+03	-1.573599E+01	1.820423E-02	4.116429E-02
7.596100E+03	-1.573489E+01	1.798131E-02	4.125213E-02
7.598100E+03	-1.573382E+01	1.794421E-02	4.133994E-02
7.600100E+03	-1.573236E+01	1.674904E-02	4.142774E-02
7.602100E+03	-1.573114E+01	1.469304E-02	4.151551E-02
7.604000E+03	-1.573013E+01	1.408665E-02	4.159887E-02
7.606000E+03	-1.572873E+01	1.485397E-02	4.168659E-02
7.608000E+03	-1.572716E+01	1.533602E-02	4.177429E-02
7.610000E+03	-1.572583E+01	1.471432E-02	4.186197E-02
7.612000E+03	-1.572523E+01	1.478197E-02	4.194963E-02
7.613900E+03	-1.572500E+01	1.445218E-02	4.203288E-02
7.615900E+03	-1.572458E+01	1.444425E-02	4.212049E-02
7.617900E+03	-1.572409E+01	1.424338E-02	4.220808E-02
7.619900E+03	-1.572309E+01	1.417251E-02	4.229565E-02
7.621900E+03	-1.572242E+01	1.358677E-02	4.238319E-02
7.623800E+03	-1.572360E+01	1.451289E-02	4.246633E-02
7.625800E+03	-1.572552E+01	1.488155E-02	4.255383E-02
7.627800E+03	-1.572584E+01	1.486851E-02	4.264130E-02
7.629800E+03	-1.572466E+01	1.543633E-02	4.272876E-02
7.631800E+03	-1.572348E+01	1.567624E-02	4.281618E-02
7.633700E+03	-1.572268E+01	1.472996E-02	4.289922E-02
7.635700E+03	-1.572136E+01	1.469079E-02	4.298660E-02
7.637700E+03	-1.571994E+01	1.464291E-02	4.307396E-02
7.639700E+03	-1.571849E+01	1.363668E-02	4.316130E-02
7.641700E+03	-1.571768E+01	1.326425E-02	4.324862E-02
7.643700E+03	-1.571751E+01	1.321588E-02	4.333591E-02
7.645600E+03	-1.571748E+01	1.417305E-02	4.341882E-02
7.647600E+03	-1.571790E+01	1.540539E-02	4.350607E-02
7.649600E+03	-1.571849E+01	1.541111E-02	4.359329E-02
7.651600E+03	-1.571878E+01	1.542726E-02	4.368049E-02
7.653600E+03	-1.571899E+01	1.710041E-02	4.376767E-02
7.655500E+03	-1.571841E+01	1.817410E-02	4.382267E-02
7.657500E+03	-1.571836E+01	1.787819E-02	4.387176E-02
7.659500E+03	-1.571881E+01	1.749098E-02	4.392083E-02
7.661500E+03	-1.571904E+01	1.729427E-02	4.396990E-02
7.663500E+03	-1.571980E+01	1.727219E-02	4.401895E-02
7.665400E+03	-1.572066E+01	1.765626E-02	4.406553E-02
7.667400E+03	-1.572114E+01	1.767735E-02	4.411456E-02
7.669400E+03	-1.572157E+01	1.776328E-02	4.416357E-02
7.671400E+03	-1.572180E+01	1.822420E-02	4.421257E-02
7.673400E+03	-1.572173E+01	1.870912E-02	4.426155E-02
7.675300E+03	-1.572234E+01	1.853326E-02	4.430808E-02
7.677300E+03	-1.572354E+01	1.849283E-02	4.435704E-02
7.679300E+03	-1.572438E+01	1.776094E-02	4.440599E-02
7.681300E+03	-1.572446E+01	1.732994E-02	4.445492E-02
7.683300E+03	-1.572449E+01	1.751057E-02	4.450385E-02
7.685200E+03	-1.572436E+01	1.819573E-02	4.455031E-02
7.687200E+03	-1.572434E+01	1.816261E-02	4.459921E-02
7.689200E+03	-1.572488E+01	1.853102E-02	4.464809E-02
7.691200E+03	-1.572511E+01	1.889322E-02	4.469697E-02
7.693200E+03	-1.572529E+01	1.962420E-02	4.474583E-02
7.695100E+03	-1.572599E+01	1.897297E-02	4.479223E-02
7.697100E+03	-1.572658E+01	1.811686E-02	4.484107E-02
7.699100E+03	-1.572638E+01	1.866392E-02	4.488989E-02
7.701100E+03	-1.572630E+01	2.015902E-02	4.493870E-02
7.703100E+03	-1.572695E+01	1.819454E-02	4.498750E-02
7.705100E+03	-1.572769E+01	1.612829E-02	4.503628E-02
7.707000E+03	-1.572785E+01	1.615782E-02	4.508261E-02
7.709000E+03	-1.572752E+01	1.615476E-02	4.513137E-02
7.711000E+03	-1.572791E+01	1.623698E-02	4.518012E-02
7.713000E+03	-1.572845E+01	1.651758E-02	4.522886E-02
7.715000E+03	-1.572797E+01	1.818106E-02	4.527758E-02
7.716900E+03	-1.572764E+01	1.961625E-02	4.532385E-02
7.718900E+03	-1.572774E+01	2.031018E-02	4.537255E-02
7.720900E+03	-1.572767E+01	1.989533E-02	4.542123E-02
7.722900E+03	-1.572742E+01	1.920009E-02	4.546991E-02
7.724900E+03	-1.572713E+01	1.927039E-02	4.551857E-02
7.726800E+03	-1.572668E+01	1.952359E-02	4.556478E-02
7.728800E+03	-1.572663E+01	1.950585E-02	4.561342E-02
7.730800E+03	-1.572699E+01	1.971500E-02	4.566204E-02
7.732800E+03	-1.572679E+01	1.974580E-02	4.571065E-02
7.734800E+03	-1.572684E+01	1.908107E-02	4.575924E-02
7.736700E+03	-1.572721E+01	1.921479E-02	4.580540E-02
7.738700E+03	-1.572752E+01	1.889675E-02	4.585397E-02
7.740700E+03	-1.572768E+01	1.847975E-02	4.590253E-02
7.742700E+03	-1.572784E+01	1.776777E-02	4.595108E-02
7.744700E+03	-1.572820E+01	1.872019E-02	4.599962E-02
7.746600E+03	-1.572833E+01	1.925987E-02	4.604571E-02
7.748600E+03	-1.572782E+01	1.869556E-02	4.609422E-02
7.750600E+03	-1.572697E+01	1.669024E-02	4.614272E-02
7.752600E+03	-1.572595E+01	1.752598E-02	4.619121E-02
7.754600E+03	-1.572474E+01	1.773164E-02	4.623968E-02
7.756600E+03	-1.572390E+01	1.815185E-02	4.628814E-02
7.758500E+03	-1.572342E+01	1.812167E-02	4.633417E-02
7.760500E+03	-1.572289E+01	1.791634E-02	4.638260E-02
7.762500E+03	-1.572210E+01	1.779945E-02	4.643103E-02
7.764500E+03	-1.572162E+01	1.605415E-02	4.647944E-02
7.766500E+03	-1.572170E+01	1.469195E-02	4.652784E-02
7.768400E+03	-1.572155E+01	1.380723E-02	4.657380E-02
7.770400E+03	-1.572127E+01	1.411909E-02	4.662218E-02
7.772400E+03	-1.572161E+01	1.372574E-02	4.667054E-02
7.774400E+03	-1.572204E+01	1.466799E-02	4.671889E-02
7.776400E+03	-1.572179E+01	1.472202E-02	4.676723E-02
7.778300E+03	-1.572233E+01	1.473069E-02	4.681314E-02
7.780300E+03	-1.572356E+01	1.439730E-02	4.686145E-02
7.782300E+03	-1.572420E+01	1.437051E-02	4.690975E-02
7.784300E+03	-1.572451E+01	1.480681E-02	4.695804E-02
7.786300E+03	-1.572472E+01	1.471415E-02	4.700631E-02
7.788200E+03	-1.572493E+01	1.475753E-02	4.705216E-02
7.790200E+03	-1.572589E+01	1.484161E-02	4.710041E-02
7.792200E+03	-1.572705E+01	1.480795E-02	4.714865E-02
7.794200E+03	-1.572801E+01	1.424864E-02	4.719688E-02
7.796200E+03	-1.572851E+01	1.330715E-02	4.724509E-02
7.798100E+03	-1.572875E+01	1.340613E-02	4.729089E-02
7.800100E+03	-1.572916E+01	1.335592E-02	4.733908E-02
7.802100E+03	-1.572906E+01	1.217411E-02	4.738726E-02
7.804100E+03	-1.572891E+01	1.154140E-02	4.743542E-02
7.806100E+03	-1.572936E+01	1.183509E-02	4.748357E-02
7.808100E+03	-1.573072E+01	1.193495E-02	4.753171E-02
7.810000E+03	-1.573231E+01	1.184682E-02	4.757744E-02
7.812000E+03	-1.573292E+01	1.219955E-02	4.762555E-02
7.814000E+03	-1.573329E+01	1.289665E-02	4.767366E-02
7.816000E+03	-1.573351E+01	1.342694E-02	4.772175E-02
7.818000E+03	-1.573364E+01	1.388209E-02	4.776983E-02
7.819900E+03	-1.573417E+01	1.454098E-02	4.781550E-02
7.821900E+03	-1.573497E+01	1.582378E-02	4.786355E-02
7.823900E+03	-1.573516E+01	1.501148E-02	4.791159E-02
7.825900E+03	-1.573448E+01	1.423622E-02	4.795963E-02
7.827900E+03	-1.573382E+01	1.489126E-02	4.800765E-02
7.829800E+03	-1.573338E+01	1.535036E-02	4.805325E-02
7.831800E+03	-1.573273E+01	1.500459E-02	4.807591E-02
7.833800E+03	-1.573192E+01	1.447753E-02	4.807555E-02
7.835800E+03	-1.573140E+01	1.486418E-02	4.807518E-02
7.837800E+03	-1.573145E+01	1.603157E-02	4.807482E-02
7.839700E+03	-1.573195E+01	1.601355E-02	4.807448E-02
7.841700E+03	-1.573245E+01	1.685249E-02	4.807411E-02
7.843700E+03	-1.573245E+01	1.705345E-02	4.807375E-02
7.845700E+03	-1.573174E+01	1.769587E-02	4.807339E-02
7.847700E+03	-1.573064E+01	1.742005E-02	4.807303E-02
7.849600E+03	-1.573010E+01	1.797556E-02	4.807268E-02
7.851600E+03	-1.572991E+01	1.788726E-02	4.807232E-02
7.853600E+03	-1.572952E+01	1.816865E-02	4.807196E-02
7.855600E+03	-1.572911E+01	1.793389E-02	4.807160E-02
7.857600E+03	-1.572828E+01	1.777711E-02	4.807124E-02
7.859600E+03	-1.572732E+01	1.767679E-02	4.807088E-02
7.861500E+03	-1.572631E+01	1.775384E-02	4.807053E-02
7.863500E+03	-1.572564E+01	1.826265E-02	4.807017E-02
7.865500E+03	-1.572541E+01	1.810647E-02	4.806981E-02
7.867500E+03	-1.572484E+01	1.793045E-02	4.806945E-02
7.869500E+03	-1.572415E+01	1.719237E-02	4.806909E-02
7.871400E+03	-1.572327E+01	1.598193E-02	4.806874E-02
7.873400E+03	-1.572233E+01	1.548916E-02	4.806838E-02
7.875400E+03	-1.572153E+01	1.556771E-02	4.806802E-02
7.877400E+03	-1.572059E+01	1.598770E-02	4.806766E-02
7.879400E+03	-1.572003E+01	1.728394E-02	4.806730E-02
7.881300E+03	-1.572021E+01	1.751595E-02	4.806696E-02
7.883300E+03	-1.572023E+01	1.808045E-02	4.806660E-02
7.885300E+03	-1.572001E+01	1.836802E-02	4.806624E-02
7.887300E+03	-1.571970E+01	1.772797E-02	4.806588E-02
7.889300E+03	-1.571965E+01	1.762617E-02	4.806552E-02
7.891200E+03	-1.571960E+01	1.661506E-02	4.806518E-02
7.893200E+03	-1.571909E+01	1.590279E-02	4.806482E-02
7.895200E+03	-1.571830E+01	1.554280E-02	4.806446E-02
7.897200E+03	-1.571780E+01	1.566424E-02	4.806410E-02
7.899200E+03	-1.571762E+01	1.556720E-02	4.806374E-02
7.901100E+03	-1.571810E+01	1.568180E-02	4.806340E-02
7.903100E+03	-1.571859E+01	1.590603E-02	4.806304E-02
7.905100E+03	-1.571859E+01	1.642523E-02	4.806268E-02
7.907100E+03	-1.571922E+01	1.672475E-02	4.806232E-02
7.909100E+03	-1.572029E+01	1.747190E-02	4.806196E-02
7.911000E+03	-1.572090E+01	1.746949E-02	4.806162E-02
7.913000E+03	-1.572182E+01	1.734391E-02	4.806126E-02
7.915000E+03	-1.572385E+01	1.769619E-02	4.806090E-02
7.917000E+03	-1.572562E+01	1.826647E-02	4.806054E-02
7.919000E+03	-1.572632E+01	1.823949E-02	4.806018E-02
7.921000E+03	-1.572694E+01	1.820451E-02	4.805982E-02
7.922900E+03	-1.572852E+01	1.812213E-02	4.805948E-02
7.924900E+03	-1.573055E+01	1.812043E-02	4.805912E-02
7.926900E+03	-1.573257E+01	1.777379E-02	4.805876E-02
7.928900E+03	-1.573372E+01	1.709640E-02	4.805841E-02
7.930900E+03	-1.573491E+01	1.676894E-02	4.805805E-02
7.932800E+03	-1.573681E+01	1.688882E-02	4.805771E-02
7.934800E+03	-1.573880E+01	1.733243E-02	4.805735E-02
7.936800E+03	-1.574037E+01	1.749745E-02	4.805699E-02
7.938800E+03	-1.574128E+01	1.753488E-02	4.805663E-02
7.940800E+03	-1.574224E+01	1.754515E-02	4.805628E-02
7.942700E+03	-1.574318E+01	1.759548E-02	4.805594E-02
7.944700E+03	-1.574356E+01	1.762524E-02	4.805558E-02
7.946700E+03	-1.574377E+01	1.752587E-02	4.805522E-02
7.948700E+03	-1.574474E+01	1.721843E-02	4.805486E-02
7.950700E+03	-1.574571E+01	1.741608E-02	4.805451E-02
7.952600E+03	-1.574636E+01	1.710234E-02	4.805417E-02
7.954600E+03	-1.574712E+01	1.662655E-02	4.805381E-02
7.956600E+03	-1.574832E+01	1.613292E-02	4.805345E-02
7.958600E+03	-1.574927E+01	1.517348E-02	4.805309E-02
7.960600E+03	-1.575011E+01	1.556540E-02	4.805274E-02
7.962500E+03	-1.575099E+01	1.549778E-02	4.805240E-02
7.964500E+03	-1.575151E+01	1.600443E-02	4.805204E-02
7.966500E+03	-1.575132E+01	1.570104E-02	4.805169E-02
7.968500E+03	-1.575129E+01	1.567816E-02	4.805133E-02
7.970500E+03	-1.575167E+01	1.567338E-02	4.805097E-02
7.972500E+03	-1.575200E+01	1.602617E-02	4.805062E-02
7.974400E+03	-1.575187E+01	1.786437E-02	4.805028E-02
7.976400E+03	-1.575189E+01	1.761480E-02	4.804992E-02
7.978400E+03	-1.575178E+01	1.620818E-02	4.804957E-02
7.980400E+03	-1.575094E+01	1.668641E-02	4.804921E-02
7.982400E+03	-1.574998E+01	1.695770E-02	4.804885E-02
7.984300E+03	-1.574971E+01	1.660738E-02	4.804852E-02
7.986300E+03	-1.574971E+01	1.712016E-02	4.804816E-02
7.988300E+03	-1.575028E+01	1.718643E-02	4.804780E-02
7.990300E+03	-1.575088E+01	1.854827E-02	4.804745E-02
7.992300E+03	-1.575028E+01	1.935081E-02	4.804709E-02
7.994200E+03	-1.574911E+01	1.927115E-02	4.804675E-02
7.996200E+03	-1.574840E+01	2.067567E-02	4.804640E-02
7.998200E+03	-1.574778E+01	2.040250E-02	4.804604E-02
8.000200E+03	-1.574721E+01	2.084359E-02	4.804569E-02
8.002200E+03	-1.574751E+01	2.112778E-02	4.804533E-02
8.004100E+03	-1.574800E+01	2.114287E-02	4.804500E-02
8.006100E+03	-1.574813E+01	2.084092E-02	4.804464E-02
8.008100E+03	-1.574781E+01	2.046783E-02	4.804429E-02
8.010100E+03	-1.574735E+01	2.025632E-02	4.804393E-02
8.012100E+03	-1.574736E+01	2.025686E-02	4.803437E-02
8.014000E+03	-1.574742E+01	1.952224E-02	4.800244E-02
8.016000E+03	-1.574750E+01	1.906638E-02	4.796885E-02
8.018000E+03	-1.574713E+01	1.902497E-02	4.793526E-02
8.020000E+03	-1.574698E+01	1.934516E-02	4.790168E-02
8.022000E+03	-1.574695E+01	1.956911E-02	4.786811E-02
8.024000E+03	-1.574707E+01	1.921312E-02	4.783454E-02
8.025900E+03	-1.574751E+01	1.957890E-02	4.780267E-02
8.027900E+03	-1.574795E+01	1.986966E-02	4.776912E-02
8.029900E+03	-1.574926E+01	1.942637E-02	4.773558E-02
8.031900E+03	-1.575085E+01	1.978441E-02	4.770205E-02
8.033900E+03	-1.575230E+01	2.008879E-02	4.766853E-02
8.035800E+03	-1.575327E+01	1.938179E-02	4.763670E-02
8.037800E+03	-1.575377E+01	1.929984E-02	4.760319E-02
8.039800E+03	-1.575476E+01	1.841592E-02	4.756969E-02
8.041800E+03	-1.575568E+01	1.759373E-02	4.753621E-02
8.043800E+03	-1.575649E+01	1.772466E-02	4.750273E-02
8.045700E+03	-1.575702E+01	1.580388E-02	4.747093E-02
8.047700E+03	-1.575763E+01	1.570946E-02	4.743746E-02
8.049700E+03	-1.575889E+01	1.551933E-02	4.740401E-02
8.051700E+03	-1.575959E+01	1.511691E-02	4.737056E-02
8.053700E+03	-1.575982E+01	1.510030E-02	4.733712E-02
8.055600E+03	-1.576055E+01	1.621552E-02	4.730536E-02
8.057600E+03	-1.576178E+01	1.717033E-02	4.727194E-02
8.059600E+03	-1.576257E+01	1.680477E-02	4.723852E-02
8.061600E+03	-1.576328E+01	1.657118E-02	4.720512E-02
8.063600E+03	-1.576455E+01	1.690700E-02	4.717172E-02
8.065500E+03	-1.576573E+01	1.864960E-02	4.714000E-02
8.067500E+03	-1.576684E+01	1.864738E-02	4.710662E-02
8.069500E+03	-1.576778E+01	1.885308E-02	4.707325E-02
8.071500E+03	-1.576818E+01	1.830263E-02	4.703988E-02
8.073500E+03	-1.576890E+01	1.783936E-02	4.700652E-02
8.075500E+03	-1.576987E+01	1.763072E-02	4.697317E-02
8.077400E+03	-1.577050E+01	1.736836E-02	4.694150E-02
8.079400E+03	-1.577111E+01	1.706616E-02	4.690817E-02
8.081400E+03	-1.577200E+01	1.648316E-02	4.687484E-02
8.083400E+03	-1.577249E+01	1.621177E-02	4.684153E-02
8.085400E+03	-1.577284E+01	1.615129E-02	4.680822E-02
8.087300E+03	-1.577327E+01	1.617169E-02	4.677659E-02
8.089300E+03	-1.577325E+01	1.598419E-02	4.674329E-02
8.091300E+03	-1.577273E+01	1.602376E-02	4.671001E-02
8.093300E+03	-1.577214E+01	1.747995E-02	4.667674E-02
8.095300E+03	-1.577194E+01	1.816629E-02	4.664347E-02
8.097200E+03	-1.577217E+01	1.855866E-02	4.661187E-02
8.099200E+03	-1.577255E+01	1.768477E-02	4.657862E-02
8.101200E+03	-1.577210E+01	1.782801E-02	4.654538E-02
8.103200E+03	-1.577202E+01	1.820222E-02	4.651214E-02
8.105200E+03	-1.577288E+01	1.763107E-02	4.647892E-02
8.107100E+03	-1.577265E+01	1.708716E-02	4.644736E-02
8.109100E+03	-1.577297E+01	1.703539E-02	4.641415E-02
8.111100E+03	-1.577344E+01	1.709185E-02	4.638095E-02
8.113100E+03	-1.577367E+01	1.703175E-02	4.634775E-02
8.115100E+03	-1.577370E+01	1.516487E-02	4.631457E-02
8.117000E+03	-1.577351E+01	1.593838E-02	4.628305E-02
8.119000E+03	-1.577271E+01	1.511128E-02	4.624988E-02
8.121000E+03	-1.577277E+01	1.584884E-02	4.621672E-02
8.123000E+03	-1.577338E+01	1.634531E-02	4.618356E-02
8.125000E+03	-1.577332E+01	1.642060E-02	4.615042E-02
8.126900E+03	-1.577272E+01	1.588426E-02	4.611894E-02
8.128900E+03	-1.577244E+01	1.567801E-02	4.608581E-02
8.130900E+03	-1.577230E+01	1.615091E-02	4.605269E-02
8.132900E+03	-1.577199E+01	1.648805E-02	4.601957E-02
8.134900E+03	-1.577177E+01	1.654624E-02	4.598647E-02
8.136900E+03	-1.577149E+01	1.709680E-02	4.595337E-02
8.138800E+03	-1.577132E+01	1.747043E-02	4.592194E-02
8.140800E+03	-1.577135E+01	1.784821E-02	4.588886E-02
8.142800E+03	-1.577147E+01	1.679544E-02	4.585578E-02
8.144800E+03	-1.577211E+01	1.673182E-02	4.582272E-02
8.146800E+03	-1.577248E+01	1.610171E-02	4.578966E-02
8.148700E+03	-1.577197E+01	1.648721E-02	4.575826E-02
8.150700E+03	-1.577172E+01	1.664353E-02	4.572522E-02
8.152700E+03	-1.577206E+01	1.703979E-02	4.569219E-02
8.154700E+03	-1.577230E+01	1.718786E-02	4.565917E-02
8.156700E+03	-1.577165E+01	1.690273E-02	4.562615E-02
8.158600E+03	-1.577114E+01	1.688167E-02	4.559479E-02
8.160600E+03	-1.577097E+01	1.687848E-02	4.556179E-02
8.162600E+03	-1.577149E+01	1.661889E-02	4.552880E-02
8.164600E+03	-1.577101E+01	1.665735E-02	4.549581E-02
8.166600E+03	-1.577061E+01	1.605920E-02	4.546284E-02
8.168500E+03	-1.577045E+01	1.673995E-02	4.543152E-02
8.170500E+03	-1.577147E+01	1.611092E-02	4.539856E-02
8.172500E+03	-1.577268E+01	1.566734E-02	4.536560E-02
8.174500E+03	-1.577242E+01	1.566161E-02	4.533266E-02
8.176500E+03	-1.577294E+01	1.681309E-02	4.529972E-02
8.178400E+03	-1.577455E+01	1.689022E-02	4.526844E-02
8.180400E+03	-1.577562E+01	1.745400E-02	4.523552E-02
8.182400E+03	-1.577611E+01	1.784723E-02	4.520261E-02
8.184400E+03	-1.577701E+01	1.770139E-02	4.516970E-02
8.186400E+03	-1.577799E+01	1.716427E-02	4.513680E-02
8.188400E+03	-1.577828E+01	1.688827E-02	4.510391E-02
8.190300E+03	-1.577834E+01	1.794903E-02	4.507268E-02
8.192300E+03	-1.577913E+01	1.904250E-02	4.503980E-02
8.194300E+03	-1.577971E+01	1.903302E-02	4.500694E-02
8.196300E+03	-1.577998E+01	2.007727E-02	4.497408E-02
8.198300E+03	-1.578003E+01	2.032512E-02	4.492524E-02
8.200200E+03	-1.578045E+01	2.109571E-02	4.487702E-02
8.202200E+03	-1.578074E+01	2.035281E-02	4.482628E-02
8.204200E+03	-1.578061E+01	2.047451E-02	4.477556E-02
8.206200E+03	-1.578098E+01	2.031543E-02	4.472484E-02
8.208200E+03	-1.578127E+01	2.032108E-02	4.467414E-02
8.210100E+03	-1.578131E+01	2.059714E-02	4.462598E-02
8.212100E+03	-1.578163E+01	2.080632E-02	4.457530E-02
8.214100E+03	-1.578133E+01	2.050633E-02	4.452464E-02
8.216100E+03	-1.578068E+01	2.054224E-02	4.447398E-02
8.218100E+03	-1.578091E+01	2.016880E-02	4.442334E-02
8.220000E+03	-1.578151E+01	2.077587E-02	4.437524E-02
8.222000E+03	-1.578255E+01	2.083902E-02	4.432463E-02
8.224000E+03	-1.578333E+01	2.074440E-02	4.427402E-02
8.226000E+03	-1.578370E+01	1.969871E-02	4.422343E-02
8.228000E+03	-1.578433E+01	1.974691E-02	4.417285E-02
8.229900E+03	-1.578368E+01	1.918012E-02	4.412481E-02
8.231900E+03	-1.578248E+01	1.813410E-02	4.407425E-02
8.233900E+03	-1.578206E+01	1.841001E-02	4.402371E-02
8.235900E+03	-1.578252E+01	1.832128E-02	4.397318E-02
8.237900E+03	-1.578307E+01	1.835560E-02	4.392266E-02
8.239900E+03	-1.578329E+01	2.063453E-02	4.387215E-02
8.241800E+03	-1.578279E+01	2.267438E-02	4.382418E-02
8.243800E+03	-1.578252E+01	2.326524E-02	4.377369E-02
8.245800E+03	-1.578262E+01	2.226327E-02	4.372322E-02
8.247800E+03	-1.578300E+01	2.289159E-02	4.367276E-02
8.249800E+03	-1.578211E+01	2.250557E-02	4.362232E-02
8.251700E+03	-1.578181E+01	2.249854E-02	4.357440E-02
8.253700E+03	-1.578189E+01	2.476071E-02	4.352398E-02
8.255700E+03	-1.578215E+01	2.478917E-02	4.347357E-02
8.257700E+03	-1.578147E+01	2.575878E-02	4.342317E-02
8.259700E+03	-1.578138E+01	2.550766E-02	4.337278E-02
8.261600E+03	-1.578177E+01	2.540038E-02	4.332493E-02
8.263600E+03	-1.578110E+01	2.535307E-02	4.327457E-02
8.265600E+03	-1.578051E+01	2.554222E-02	4.322422E-02
8.267600E+03	-1.577984E+01	2.624085E-02	4.317388E-02
8.269600E+03	-1.577911E+01	2.566052E-02	4.312355E-02
8.271500E+03	-1.577870E+01	2.564596E-02	4.307575E-02
8.273500E+03	-1.577829E+01	2.582656E-02	4.302545E-02
8.275500E+03	-1.577816E+01	2.553120E-02	4.297516E-02
8.277500E+03	-1.577870E+01	2.557899E-02	4.292488E-02
8.279500E+03	-1.577901E+01	2.566775E-02	4.287462E-02
8.281400E+03	-1.577863E+01	2.563072E-02	4.282688E-02
8.283400E+03	-1.577839E+01	2.594748E-02	4.277663E-02
8.285400E+03	-1.577804E+01	2.607578E-02	4.272640E-02
8.287400E+03	-1.577723E+01	2.609869E-02	4.267619E-02
8.289400E+03	-1.577653E+01	2.396796E-02	4.262598E-02
8.291400E+03	-1.577647E+01	2.194119E-02	4.257579E-02
8.293300E+03	-1.577692E+01	2.092465E-02	4.252811E-02
8.295300E+03	-1.577725E+01	2.102909E-02	4.247794E-02
8.297300E+03	-1.577679E+01	2.044360E-02	4.242779E-02
8.299300E+03	-1.577624E+01	2.055090E-02	4.237764E-02
8.301300E+03	-1.577640E+01	2.138829E-02	4.232751E-02
8.303200E+03	-1.577659E+01	1.914359E-02	4.227989E-02
8.305200E+03	-1.577618E+01	1.970492E-02	4.222978E-02
8.307200E+03	-1.577692E+01	2.107017E-02	4.217968E-02
8.309200E+03	-1.577697E+01	2.206206E-02	4.212959E-02
8.311200E+03	-1.577728E+01	2.199808E-02	4.207952E-02
8.313100E+03	-1.577804E+01	2.203586E-02	4.203196E-02
8.315100E+03	-1.577772E+01	2.209637E-02	4.198191E-02
8.317100E+03	-1.577774E+01	2.089585E-02	4.193187E-02
8.319100E+03	-1.577917E+01	2.094761E-02	4.188185E-02
8.321100E+03	-1.578046E+01	2.086465E-02	4.183183E-02
8.323000E+03	-1.578103E+01	2.052516E-02	4.178433E-02
8.325000E+03	-1.578102E+01	2.161972E-02	4.173434E-02
8.327000E+03	-1.578182E+01	2.173382E-02	4.168436E-02
8.329000E+03	-1.578291E+01	2.165441E-02	4.163439E-02
8.331000E+03	-1.578363E+01	2.314959E-02	4.158444E-02
8.332900E+03	-1.578388E+01	2.280830E-02	4.153699E-02
8.334900E+03	-1.578376E+01	2.264407E-02	4.148706E-02
8.336900E+03	-1.578369E+01	2.233373E-02	4.143714E-02
8.338900E+03	-1.578368E+01	2.235107E-02	4.138723E-02
8.340900E+03	-1.578414E+01	2.136400E-02	4.133733E-02
8.342800E+03	-1.578503E+01	2.078104E-02	4.128994E-02
8.344800E+03	-1.578482E+01	2.077462E-02	4.124007E-02
8.346800E+03	-1.578437E+01	2.049958E-02	4.119021E-02
8.348800E+03	-1.578349E+01	1.969739E-02	4.114036E-02
8.350800E+03	-1.578236E+01	1.830249E-02	4.109053E-02
8.352800E+03	-1.578194E+01	1.823130E-02	4.104070E-02
8.354700E+03	-1.578179E+01	1.809228E-02	4.099338E-02
8.356700E+03	-1.578198E+01	1.503536E-02	4.094358E-02
8.358700E+03	-1.578215E+01	1.336864E-02	4.089379E-02
8.360700E+03	-1.578205E+01	1.332780E-02	4.084401E-02
8.362700E+03	-1.578109E+01	1.392077E-02	4.079425E-02
8.364600E+03	-1.578157E+01	1.344683E-02	4.074698E-02
8.366600E+03	-1.578226E+01	1.350898E-02	4.069724E-02
8.368600E+03	-1.578312E+01	1.384561E-02	4.064751E-02
8.370600E+03	-1.578406E+01	1.475975E-02	4.059779E-02
8.372600E+03	-1.578359E+01	1.473015E-02	4.054808E-02
8.374500E+03	-1.578396E+01	1.423104E-02	4.050087E-02
8.376500E+03	-1.578436E+01	1.485462E-02	4.045119E-02
8.378500E+03	-1.578336E+01	1.482158E-02	4.040151E-02
8.380500E+03	-1.578333E+01	1.276637E-02	4.035185E-02
8.382500E+03	-1.578390E+01	1.281821E-02	4.030221E-02
8.384400E+03	-1.578360E+01	1.329546E-02	4.025505E-02
8.386400E+03	-1.578301E+01	1.362171E-02	4.020434E-02
8.388400E+03	-1.578280E+01	1.358207E-02	4.015136E-02
8.390400E+03	-1.578262E+01	1.412576E-02	4.009839E-02
8.392400E+03	-1.578121E+01	1.414910E-02	4.004544E-02
8.394300E+03	-1.578019E+01	1.447419E-02	3.999515E-02
8.396300E+03	-1.578039E+01	1.447983E-02	3.994222E-02
8.398300E+03	-1.578099E+01	1.449603E-02	3.988931E-02
8.400300E+03	-1.578101E+01	1.449737E-02	3.983641E-02
8.402300E+03	-1.578084E+01	1.487043E-02	3.978352E-02
8.404300E+03	-1.578095E+01	1.533998E-02	3.973064E-02
8.406200E+03	-1.578065E+01	1.574274E-02	3.968042E-02
8.408200E+03	-1.577999E+01	1.577725E-02	3.962756E-02
8.410200E+03	-1.577958E+01	1.593673E-02	3.957472E-02
8.412200E+03	-1.577941E+01	1.559974E-02	3.952190E-02
8.414200E+03	-1.577952E+01	1.643569E-02	3.946908E-02
8.416100E+03	-1.577997E+01	1.651935E-02	3.941892E-02
8.418100E+03	-1.578085E+01	1.946517E-02	3.936613E-02
8.420100E+03	-1.578154E+01	1.898234E-02	3.931335E-02
8.422100E+03	-1.578150E+01	1.898461E-02	3.926059E-02
8.424100E+03	-1.578118E+01	1.943670E-02	3.920783E-02
8.426000E+03	-1.578083E+01	2.070675E-02	3.915773E-02
8.428000E+03	-1.578094E+01	2.084636E-02	3.910500E-02
8.430000E+03	-1.578097E+01	2.084097E-02	3.905229E-02
8.432000E+03	-1.578165E+01	2.089918E-02	3.899958E-02
8.434000E+03	-1.578234E+01	2.073367E-02	3.894689E-02
8.435900E+03	-1.578253E+01	2.036975E-02	3.889685E-02
8.437900E+03	-1.578252E+01	2.051241E-02	3.884418E-02
8.439900E+03	-1.578232E+01	2.006436E-02	3.879153E-02
8.441900E+03	-1.578323E+01	2.042311E-02	3.873889E-02
8.443900E+03	-1.578340E+01	2.012926E-02	3.868626E-02
8.445800E+03	-1.578368E+01	2.167491E-02	3.863627E-02
8.447800E+03	-1.578388E+01	2.159266E-02	3.858367E-02
8.449800E+03	-1.578491E+01	2.168580E-02	3.853107E-02
8.451800E+03	-1.578618E+01	2.155695E-02	3.847849E-02
8.453800E+03	-1.578647E+01	2.100464E-02	3.842593E-02
8.455800E+03	-1.578614E+01	2.120154E-02	3.837337E-02
8.457700E+03	-1.578622E+01	2.146217E-02	3.832346E-02
8.459700E+03	-1.578630E+01	2.128556E-02	3.827092E-02
8.461700E+03	-1.578662E+01	2.123627E-02	3.821841E-02
8.463700E+03	-1.578713E+01	2.045152E-02	3.816590E-02
8.465700E+03	-1.578739E+01	2.093506E-02	3.811341E-02
8.467600E+03	-1.578776E+01	1.851001E-02	3.806355E-02
8.469600E+03	-1.578848E+01	2.032455E-02	3.801108E-02
8.471600E+03	-1.578886E+01	2.042525E-02	3.795862E-02
8.473600E+03	-1.578911E+01	1.967725E-02	3.790618E-02
8.475600E+03	-1.578931E+01	1.747008E-02	3.785375E-02
8.477500E+03	-1.578907E+01	1.717443E-02	3.780395E-02
8.479500E+03	-1.578921E+01	1.713007E-02	3.775154E-02
8.481500E+03	-1.578859E+01	1.738139E-02	3.769914E-02
8.483500E+03	-1.578783E+01	1.795322E-02	3.764676E-02
8.485500E+03	-1.578771E+01	1.829631E-02	3.759439E-02
8.487400E+03	-1.578848E+01	1.818701E-02	3.754465E-02
8.489400E+03	-1.578865E+01	1.813717E-02	3.749230E-02
8.491400E+03	-1.578905E+01	1.817885E-02	3.743997E-02
8.493400E+03	-1.578847E+01	1.808867E-02	3.738765E-02
8.495400E+03	-1.578747E+01	1.632731E-02	3.733534E-02
8.497300E+03	-1.578694E+01	1.632523E-02	3.728565E-02
8.499300E+03	-1.578734E+01	1.628061E-02	3.723337E-02
8.501300E+03	-1.578795E+01	1.609834E-02	3.718109E-02
8.503300E+03	-1.578794E+01	1.717292E-02	3.712883E-02
8.505300E+03	-1.578814E+01	1.653252E-02	3.707658E-02
8.507200E+03	-1.578848E+01	1.626665E-02	3.702696E-02
8.509200E+03	-1.578870E+01	1.631446E-02	3.697473E-02
8.511200E+03	-1.578835E+01	1.630412E-02	3.692252E-02
8.513200E+03	-1.578823E+01	1.673742E-02	3.687032E-02
8.515200E+03	-1.578883E+01	1.590989E-02	3.681813E-02
8.517200E+03	-1.578827E+01	1.700515E-02	3.676595E-02
8.519100E+03	-1.578702E+01	1.422151E-02	3.671640E-02
8.521100E+03	-1.578646E+01	1.415135E-02	3.666425E-02
8.523100E+03	-1.578628E+01	1.355195E-02	3.661211E-02
8.525100E+03	-1.578593E+01	1.345421E-02	3.655998E-02
8.527100E+03	-1.578483E+01	1.476670E-02	3.650786E-02
8.529000E+03	-1.578370E+01	1.474391E-02	3.645837E-02
8.531000E+03	-1.578378E+01	1.452126E-02	3.640627E-02
8.533000E+03	-1.578372E+01	1.395120E-02	3.635419E-02
8.535000E+03	-1.578340E+01	1.387959E-02	3.630213E-02
8.537000E+03	-1.578351E+01	1.392042E-02	3.625007E-02
8.538900E+03	-1.578408E+01	1.393555E-02	3.620063E-02
8.540900E+03	-1.578384E+01	1.348964E-02	3.614860E-02
8.542900E+03	-1.578280E+01	1.348534E-02	3.609658E-02
8.544900E+03	-1.578231E+01	1.468020E-02	3.604457E-02
8.546900E+03	-1.578222E+01	1.482625E-02	3.599258E-02
8.548800E+03	-1.578250E+01	1.495042E-02	3.594320E-02
8.550800E+03	-1.578287E+01	1.489488E-02	3.589122E-02
8.552800E+03	-1.578320E+01	1.386799E-02	3.583927E-02
8.554800E+03	-1.578377E+01	1.424507E-02	3.578732E-02
8.556800E+03	-1.578379E+01	1.541470E-02	3.573538E-02
8.558700E+03	-1.578353E+01	1.799101E-02	3.568606E-02
8.560700E+03	-1.578327E+01	1.820036E-02	3.563415E-02
8.562700E+03	-1.578363E+01	1.799187E-02	3.558225E-02
8.564700E+03	-1.578417E+01	1.786841E-02	3.553036E-02
8.566700E+03	-1.578448E+01	1.724956E-02	3.547849E-02
8.568700E+03	-1.578508E+01	1.747089E-02	3.542662E-02
8.570600E+03	-1.578458E+01	1.787043E-02	3.537737E-02
8.572600E+03	-1.578512E+01	1.804821E-02	3.532553E-02
8.574600E+03	-1.578526E+01	1.798485E-02	3.527370E-02
8.576600E+03	-1.578494E+01	1.704312E-02	3.522189E-02
8.578600E+03	-1.578577E+01	1.745747E-02	3.517008E-02
8.580500E+03	-1.578688E+01	1.824781E-02	3.512689E-02
8.582500E+03	-1.578723E+01	2.012871E-02	3.508565E-02
8.584500E+03	-1.578730E+01	2.059596E-02	3.504442E-02
8.586500E+03	-1.578810E+01	2.073967E-02	3.500320E-02
8.588500E+03	-1.578874E+01	2.086564E-02	3.496198E-02
8.590400E+03	-1.578849E+01	2.173352E-02	3.492284E-02
8.592400E+03	-1.578787E+01	2.166679E-02	3.488164E-02
8.594400E+03	-1.578858E+01	2.199612E-02	3.484046E-02
8.596400E+03	-1.578833E+01	2.205171E-02	3.479928E-02
8.598400E+03	-1.578716E+01	2.204731E-02	3.475811E-02
8.600300E+03	-1.578717E+01	2.210521E-02	3.471901E-02
8.602300E+03	-1.578753E+01	2.301510E-02	3.467787E-02
8.604300E+03	-1.578774E+01	2.359293E-02	3.463673E-02
8.606300E+03	-1.578807E+01	2.399489E-02	3.459560E-02
8.608300E+03	-1.578927E+01	2.205225E-02	3.455448E-02
8.610200E+03	-1.579029E+01	2.220910E-02	3.451543E-02
8.612200E+03	-1.579059E+01	2.213421E-02	3.447433E-02
8.614200E+03	-1.579046E+01	2.204989E-02	3.443323E-02
8.616200E+03	-1.579076E+01	2.174608E-02	3.439215E-02
8.618200E+03	-1.579089E+01	2.150969E-02	3.435108E-02
8.620200E+03	-1.579119E+01	2.104752E-02	3.431002E-02
8.622100E+03	-1.579051E+01	2.078144E-02	3.427102E-02
8.624100E+03	-1.579026E+01	2.077076E-02	3.422997E-02
8.626100E+03	-1.579062E+01	2.096097E-02	3.418894E-02
8.628100E+03	-1.578941E+01	2.075917E-02	3.414792E-02
8.630100E+03	-1.578862E+01	2.081068E-02	3.410690E-02
8.632000E+03	-1.578903E+01	1.923085E-02	3.406794E-02
8.634000E+03	-1.578910E+01	1.839979E-02	3.402695E-02
8.636000E+03	-1.578819E+01	1.833005E-02	3.398596E-02
8.638000E+03	-1.578878E+01	1.820162E-02	3.394498E-02
8.640000E+03	-1.579006E+01	1.703183E-02	3.390401E-02
8.641900E+03	-1.578958E+01	1.736802E-02	3.386510E-02
8.643900E+03	-1.579014E+01	1.621264E-02	3.382415E-02
8.645900E+03	-1.579042E+01	1.619840E-02	3.378321E-02
8.647900E+03	-1.579025E+01	1.607037E-02	3.374228E-02
8.649900E+03	-1.579067E+01	1.706832E-02	3.370136E-02
8.651800E+03	-1.578909E+01	1.769577E-02	3.366249E-02
8.653800E+03	-1.578803E+01	1.646304E-02	3.362159E-02
8.655800E+03	-1.578718E+01	1.887193E-02	3.358070E-02
8.657800E+03	-1.578665E+01	1.947622E-02	3.353981E-02
8.659800E+03	-1.578632E+01	1.905567E-02	3.349894E-02
8.661700E+03	-1.578541E+01	2.000473E-02	3.346012E-02
8.663700E+03	-1.578471E+01	2.108361E-02	3.341926E-02
8.665700E+03	-1.578458E+01	2.141514E-02	3.337841E-02
8.667700E+03	-1.578508E+01	2.304897E-02	3.333758E-02
8.669700E+03	-1.578440E+01	2.318321E-02	3.329675E-02
8.671700E+03	-1.578396E+01	2.341877E-02	3.325593E-02
8.673600E+03	-1.578368E+01	2.694939E-02	3.321716E-02
8.675600E+03	-1.578298E+01	2.695669E-02	3.317636E-02
8.677600E+03	-1.578300E+01	2.694440E-02	3.313557E-02
8.679600E+03	-1.578270E+01	2.639270E-02	3.309479E-02
8.681600E+03	-1.578336E+01	2.644498E-02	3.305402E-02
8.683500E+03	-1.578528E+01	2.716463E-02	3.301529E-02
8.685500E+03	-1.578765E+01	2.779439E-02	3.297454E-02
8.687500E+03	-1.578895E+01	2.810695E-02	3.293380E-02
8.689500E+03	-1.579035E+01	2.806133E-02	3.289306E-02
8.691500E+03	-1.579062E+01	2.784141E-02	3.285233E-02
8.693400E+03	-1.579101E+01	2.797745E-02	3.281365E-02
8.695400E+03	-1.579169E+01	2.846526E-02	3.277295E-02
8.697400E+03	-1.579321E+01	2.955995E-02	3.273225E-02
8.699400E+03	-1.579406E+01	2.916085E-02	3.269156E-02
8.701400E+03	-1.579542E+01	2.849617E-02	3.265088E-02
8.703300E+03	-1.579663E+01	2.914495E-02	3.261224E-02
8.705300E+03	-1.579746E+01	2.830842E-02	3.257158E-02
8.707300E+03	-1.579794E+01	2.786951E-02	3.253093E-02
8.709300E+03	-1.579798E+01	2.786921E-02	3.249029E-02
8.711300E+03	-1.579867E+01	2.879067E-02	3.244966E-02
8.713200E+03	-1.579865E+01	2.730860E-02	3.241106E-02
8.715200E+03	-1.579875E+01	2.864230E-02	3.237045E-02
8.717200E+03	-1.579997E+01	2.803713E-02	3.232984E-02
8.719200E+03	-1.580175E+01	3.004853E-02	3.228925E-02
8.721200E+03	-1.580402E+01	3.086145E-02	3.224866E-02
8.723100E+03	-1.580558E+01	2.789433E-02	3.221011E-02
8.725100E+03	-1.580691E+01	3.095379E-02	3.216954E-02
8.727100E+03	-1.580833E+01	3.109752E-02	3.212898E-02
8.729100E+03	-1.580988E+01	3.122972E-02	3.208843E-02
8.731100E+03	-1.581086E+01	3.098863E-02	3.204789E-02
8.733100E+03	-1.581159E+01	3.080204E-02	3.200736E-02
8.735000E+03	-1.581309E+01	3.071098E-02	3.196887E-02
8.737000E+03	-1.581453E+01	3.116393E-02	3.192835E-02
8.739000E+03	-1.581543E+01	3.177533E-02	3.188785E-02
8.741000E+03	-1.581635E+01	3.196278E-02	3.184735E-02
8.743000E+03	-1.581688E+01	3.227475E-02	3.180687E-02
8.744900E+03	-1.581723E+01	3.169018E-02	3.176842E-02
8.746900E+03	-1.581730E+01	3.060952E-02	3.172795E-02
8.748900E+03	-1.581697E+01	3.056031E-02	3.168749E-02
8.750900E+03	-1.581701E+01	3.174221E-02	3.164704E-02
8.752900E+03	-1.581773E+01	3.200032E-02	3.160660E-02
8.754800E+03	-1.581838E+01	3.108340E-02	3.156819E-02
8.756800E+03	-1.581925E+01	3.167270E-02	3.152777E-02
8.758800E+03	-1.582090E+01	3.187031E-02	3.148736E-02
8.760800E+03	-1.582190E+01	3.266891E-02	3.144695E-02
8.762800E+03	-1.582169E+01	3.417069E-02	3.140656E-02
8.764700E+03	-1.582151E+01	3.406080E-02	3.136819E-02
8.766700E+03	-1.582177E+01	3.416140E-02	3.132782E-02
8.768700E+03	-1.582181E+01	3.320456E-02	3.128745E-02
8.770700E+03	-1.582160E+01	3.301542E-02	3.124709E-02
8.772700E+03	-1.582034E+01	3.262377E-02	3.120675E-02
8.774600E+03	-1.582041E+01	2.882316E-02	3.116842E-02
8.776600E+03	-1.582107E+01	2.923345E-02	3.112809E-02
8.778600E+03	-1.582181E+01	2.936185E-02	3.110194E-02
8.780600E+03	-1.582155E+01	2.936901E-02	3.108598E-02
8.782600E+03	-1.582094E+01	2.941650E-02	3.107002E-02
8.784600E+03	-1.582081E+01	2.969907E-02	3.105407E-02
8.786500E+03	-1.581943E+01	2.995247E-02	3.103891E-02
8.788500E+03	-1.581834E+01	3.167716E-02	3.102297E-02
8.790500E+03	-1.581732E+01	3.208205E-02	3.100702E-02
8.792500E+03	-1.581687E+01	3.147602E-02	3.099108E-02
8.794500E+03	-1.581710E+01	3.148543E-02	3.097514E-02
8.796400E+03	-1.581798E+01	3.271317E-02	3.096001E-02
8.798400E+03	-1.582067E+01	3.384121E-02	3.094408E-02
8.800400E+03	-1.582152E+01	3.231082E-02	3.092815E-02
8.802400E+03	-1.582113E+01	3.155192E-02	3.091223E-02
8.804400E+03	-1.582149E+01	3.115309E-02	3.089631E-02
8.806300E+03	-1.582206E+01	3.058170E-02	3.088119E-02
8.808300E+03	-1.582214E+01	3.072042E-02	3.086527E-02
8.810300E+03	-1.582284E+01	2.759658E-02	3.084937E-02
8.812300E+03	-1.582260E+01	2.604651E-02	3.083346E-02
8.814300E+03	-1.582228E+01	2.426382E-02	3.081756E-02
8.816200E+03	-1.582307E+01	2.403231E-02	3.080246E-02
8.818200E+03	-1.582346E+01	2.389582E-02	3.078656E-02
8.820200E+03	-1.582295E+01	2.336011E-02	3.077067E-02
8.822200E+03	-1.582380E+01	2.347483E-02	3.075478E-02
8.824200E+03	-1.582428E+01	2.564400E-02	3.073890E-02
8.826100E+03	-1.582383E+01	2.789732E-02	3.072381E-02
8.828100E+03	-1.582450E+01	2.767231E-02	3.070794E-02
8.830100E+03	-1.582611E+01	2.808517E-02	3.069206E-02
8.832100E+03	-1.582712E+01	2.871903E-02	3.067619E-02
8.834100E+03	-1.582783E+01	3.276647E-02	3.066033E-02
8.836100E+03	-1.582995E+01	3.408826E-02	3.064447E-02
8.838000E+03	-1.583107E+01	3.160716E-02	3.062940E-02
8.840000E+03	-1.583112E+01	3.100993E-02	3.061354E-02
8.842000E+03	-1.583249E+01	3.113732E-02	3.059769E-02
8.844000E+03	-1.583314E+01	3.139924E-02	3.058184E-02
8.846000E+03	-1.583328E+01	3.078723E-02	3.056600E-02
8.847900E+03	-1.583289E+01	3.155302E-02	3.055095E-02
8.849900E+03	-1.583214E+01	3.188435E-02	3.053511E-02
8.851900E+03	-1.583267E+01	3.239381E-02	3.051928E-02
8.853900E+03	-1.583278E+01	3.246113E-02	3.050345E-02
8.855900E+03	-1.583209E+01	3.279838E-02	3.048762E-02
8.857800E+03	-1.583059E+01	3.262728E-02	3.047259E-02
8.859800E+03	-1.583004E+01	3.272013E-02	3.045677E-02
8.861800E+03	-1.583050E+01	3.322633E-02	3.044095E-02
8.863800E+03	-1.583014E+01	3.326672E-02	3.042514E-02
8.865800E+03	-1.582996E+01	3.335616E-02	3.040933E-02
8.867700E+03	-1.583036E+01	3.531400E-02	3.039432E-02
8.869700E+03	-1.583044E+01	3.528446E-02	3.037851E-02
8.871700E+03	-1.582948E+01	3.539395E-02	3.036272E-02
8.873700E+03	-1.582842E+01	3.626075E-02	3.034692E-02
8.875700E+03	-1.582863E+01	3.354271E-02	3.033113E-02
8.877600E+03	-1.582902E+01	3.402104E-02	3.031613E-02
8.879600E+03	-1.582973E+01	3.414134E-02	3.030035E-02
8.881600E+03	-1.583043E+01	3.405718E-02	3.028457E-02
8.883600E+03	-1.582988E+01	3.061148E-02	3.026879E-02
8.885600E+03	-1.582802E+01	3.007628E-02	3.025301E-02
8.887600E+03	-1.582722E+01	3.000401E-02	3.023724E-02
8.889500E+03	-1.582623E+01	3.021899E-02	3.022227E-02
8.891500E+03	-1.582506E+01	3.007353E-02	3.020650E-02
8.893500E+03	-1.582415E+01	2.950004E-02	3.019074E-02
8.895500E+03	-1.582407E+01	2.948968E-02	3.017499E-02
8.897500E+03	-1.582368E+01	2.830653E-02	3.015923E-02
8.899400E+03	-1.582466E+01	2.810697E-02	3.014427E-02
8.901400E+03	-1.582402E+01	2.775716E-02	3.012853E-02
8.903400E+03	-1.582274E+01	2.751347E-02	3.011278E-02
8.905400E+03	-1.582201E+01	2.633171E-02	3.009704E-02
8.907400E+03	-1.582113E+01	2.665426E-02	3.008131E-02
8.909300E+03	-1.582001E+01	2.658289E-02	3.006636E-02
8.911300E+03	-1.581898E+01	2.550548E-02	3.005063E-02
8.913300E+03	-1.581918E+01	2.550034E-02	3.003491E-02
8.915300E+03	-1.581975E+01	2.552022E-02	3.001919E-02
8.917300E+03	-1.582050E+01	2.284255E-02	3.000347E-02
8.919200E+03	-1.582027E+01	2.386605E-02	2.998854E-02
8.921200E+03	-1.581893E+01	2.364959E-02	2.997283E-02
8.923200E+03	-1.581895E+01	1.955874E-02	2.995712E-02
8.925200E+03	-1.581860E+01	1.999691E-02	2.994142E-02
8.927200E+03	-1.581812E+01	2.084699E-02	2.992572E-02
8.929100E+03	-1.581850E+01	2.089650E-02	2.991081E-02
8.931100E+03	-1.581812E+01	2.089847E-02	2.989511E-02
8.933100E+03	-1.581823E+01	2.419676E-02	2.987942E-02
8.935100E+03	-1.581803E+01	2.264304E-02	2.986374E-02
8.937100E+03	-1.581698E+01	2.292735E-02	2.984805E-02
8.939000E+03	-1.581745E+01	2.280489E-02	2.983316E-02
8.941000E+03	-1.581765E+01	2.267391E-02	2.981748E-02
8.943000E+03	-1.581809E+01	2.590071E-02	2.980181E-02
8.945000E+03	-1.581918E+01	2.731249E-02	2.978614E-02
8.947000E+03	-1.582003E+01	2.737297E-02	2.977048E-02
8.949000E+03	-1.582192E+01	2.829658E-02	2.975481E-02
8.950900E+03	-1.582401E+01	2.853430E-02	2.973994E-02
8.952900E+03	-1.582517E+01	2.825697E-02	2.972428E-02
8.954900E+03	-1.582581E+01	2.836164E-02	2.970863E-02
8.956900E+03	-1.582604E+01	2.816559E-02	2.969298E-02
8.958900E+03	-1.582553E+01	2.864035E-02	2.967734E-02
8.960800E+03	-1.582533E+01	2.962993E-02	2.966248E-02
8.962800E+03	-1.582615E+01	2.978024E-02	2.964684E-02
8.964800E+03	-1.582710E+01	2.985228E-02	2.963121E-02
8.966800E+03	-1.582759E+01	2.986326E-02	2.961557E-02
8.968800E+03	-1.582695E+01	2.984940E-02	2.959995E-02
8.970700E+03	-1.582721E+01	2.979161E-02	2.958510E-02
8.972700E+03	-1.582904E+01	2.986527E-02	2.956948E-02
8.974700E+03	-1.583079E+01	3.223912E-02	2.955387E-02
8.976700E+03	-1.583194E+01	3.169526E-02	2.953825E-02
8.978700E+03	-1.583192E+01	3.145084E-02	2.952264E-02
8.980600E+03	-1.583168E+01	3.184174E-02	2.951651E-02
8.982600E+03	-1.583128E+01	2.999620E-02	2.953475E-02
8.984600E+03	-1.583085E+01	2.983377E-02	2.955299E-02
8.986600E+03	-1.583146E+01	3.080870E-02	2.957122E-02
8.988600E+03	-1.583236E+01	3.036269E-02	2.958945E-02
8.990500E+03	-1.583408E+01	3.027845E-02	2.960676E-02
8.992500E+03	-1.583677E+01	2.890763E-02	2.962498E-02
8.994500E+03	-1.583819E+01	2.769016E-02	2.964320E-02
8.996500E+03	-1.583853E+01	2.867190E-02	2.966141E-02
8.998500E+03	-1.583832E+01	2.936295E-02	2.967962E-02
9.000500E+03	-1.583846E+01	2.912854E-02	2.969782E-02
9.002400E+03	-1.583912E+01	2.967047E-02	2.971511E-02
9.004400E+03	-1.584000E+01	2.964322E-02	2.973331E-02
9.006400E+03	-1.584075E+01	2.969022E-02	2.975150E-02
9.008400E+03	-1.584164E+01	2.918552E-02	2.976969E-02
9.010400E+03	-1.584210E+01	2.839163E-02	2.978787E-02
9.012300E+03	-1.584238E+01	3.000165E-02	2.980515E-02
9.014300E+03	-1.584297E+01	2.995508E-02	2.982332E-02
9.016300E+03	-1.584296E+01	2.987763E-02	2.984149E-02
9.018300E+03	-1.584255E+01	2.859675E-02	2.985966E-02
9.020300E+03	-1.584234E+01	2.900722E-02	2.987783E-02
9.022200E+03	-1.584226E+01	2.906923E-02	2.989508E-02
9.024200E+03	-1.584250E+01	2.649698E-02	2.991323E-02
9.026200E+03	-1.584293E+01	2.592123E-02	2.993139E-02
9.028200E+03	-1.584366E+01	2.599339E-02	2.994953E-02
9.030200E+03	-1.584416E+01	2.561109E-02	2.996768E-02
9.032100E+03	-1.584427E+01	2.547505E-02	2.998491E-02
9.034100E+03	-1.584497E+01	2.570857E-02	3.000305E-02
9.036100E+03	-1.584561E+01	2.477853E-02	3.002118E-02
9.038100E+03	-1.584657E+01	2.452688E-02	3.003931E-02
9.040100E+03	-1.584763E+01	2.544619E-02	3.005743E-02
9.042000E+03	-1.584820E+01	2.383648E-02	3.007465E-02
9.044000E+03	-1.584818E+01	2.442287E-02	3.009276E-02
9.046000E+03	-1.584849E+01	2.331037E-02	3.011088E-02
9.048000E+03	-1.584940E+01	2.218235E-02	3.012898E-02
9.050000E+03	-1.584931E+01	2.421573E-02	3.014709E-02
9.052000E+03	-1.584870E+01	2.380849E-02	3.016519E-02
9.053900E+03	-1.584832E+01	2.377588E-02	3.018238E-02
9.055900E+03	-1.584840E+01	2.391427E-02	3.020047E-02
9.057900E+03	-1.584950E+01	2.488032E-02	3.021856E-02
9.059900E+03	-1.585005E+01	2.686468E-02	3.023665E-02
9.061900E+03	-1.584973E+01	2.651163E-02	3.025473E-02
9.063800E+03	-1.585047E+01	2.651341E-02	3.027190E-02
9.065800E+03	-1.585095E+01	2.729464E-02	3.028997E-02
9.067800E+03	-1.584968E+01	2.815057E-02	3.030804E-02
9.069800E+03	-1.584848E+01	2.735704E-02	3.032611E-02
9.071800E+03	-1.584803E+01	2.735871E-02	3.034417E-02
9.073700E+03	-1.584818E+01	2.702397E-02	3.036132E-02
9.075700E+03	-1.584809E+01	2.693453E-02	3.037938E-02
9.077700E+03	-1.584758E+01	2.704536E-02	3.039742E-02
9.079700E+03	-1.584675E+01	2.699800E-02	3.041547E-02
9.081700E+03	-1.584598E+01	2.619065E-02	3.043351E-02
9.083600E+03	-1.584586E+01	2.603578E-02	3.045065E-02
9.085600E+03	-1.584607E+01	2.826150E-02	3.046868E-02
9.087600E+03	-1.584527E+01	2.827579E-02	3.048671E-02
9.089600E+03	-1.584434E+01	2.775773E-02	3.050474E-02
9.091600E+03	-1.584390E+01	2.773234E-02	3.052276E-02
9.093500E+03	-1.584411E+01	2.684874E-02	3.053987E-02
9.095500E+03	-1.584399E+01	2.695105E-02	3.055789E-02
9.097500E+03	-1.584346E+01	2.691878E-02	3.057590E-02
9.099500E+03	-1.584165E+01	2.680846E-02	3.059390E-02
9.101500E+03	-1.584025E+01	2.672284E-02	3.061191E-02
9.103500E+03	-1.583939E+01	2.667133E-02	3.062990E-02
9.105400E+03	-1.583793E+01	2.658265E-02	3.064700E-02
9.107400E+03	-1.583618E+01	2.647701E-02	3.066499E-02
9.109400E+03	-1.583520E+01	2.641868E-02	3.068297E-02
9.111400E+03	-1.583480E+01	2.639542E-02	3.070096E-02
9.113400E+03	-1.583418E+01	2.635867E-02	3.071894E-02
9.115300E+03	-1.583302E+01	2.628933E-02	3.073601E-02
9.117300E+03	-1.583110E+01	2.617458E-02	3.075398E-02
9.119300E+03	-1.583014E+01	2.611757E-02	3.077195E-02
