#wls	flux	fluxerr	mangling_mask
3.293688E+03	-1.660991E+01	3.470429E-01	1.765415E-01
3.293888E+03	-1.661166E+01	3.464012E-01	1.765415E-01
3.294088E+03	-1.661272E+01	3.463468E-01	1.765414E-01
3.294288E+03	-1.661438E+01	3.489710E-01	1.765413E-01
3.294688E+03	-1.661568E+01	3.531845E-01	1.765412E-01
3.294888E+03	-1.661471E+01	3.516415E-01	1.765411E-01
3.295088E+03	-1.661513E+01	3.524732E-01	1.765410E-01
3.295288E+03	-1.661386E+01	3.520944E-01	1.765410E-01
3.295688E+03	-1.661282E+01	3.503787E-01	1.765408E-01
3.295888E+03	-1.661266E+01	3.495351E-01	1.765407E-01
3.296288E+03	-1.661594E+01	3.518296E-01	1.765406E-01
3.296888E+03	-1.661539E+01	3.496854E-01	1.765404E-01
3.297088E+03	-1.661588E+01	3.471745E-01	1.765403E-01
3.297289E+03	-1.661555E+01	3.471095E-01	1.765402E-01
3.297489E+03	-1.661519E+01	3.467577E-01	1.765401E-01
3.297689E+03	-1.661477E+01	3.460942E-01	1.765401E-01
3.298289E+03	-1.661422E+01	3.457837E-01	1.765399E-01
3.298689E+03	-1.661363E+01	3.456430E-01	1.765397E-01
3.298889E+03	-1.661289E+01	3.437207E-01	1.765396E-01
3.299489E+03	-1.661205E+01	3.436696E-01	1.765394E-01
3.299689E+03	-1.661117E+01	3.406547E-01	1.765393E-01
3.299889E+03	-1.661014E+01	3.405549E-01	1.765393E-01
3.300089E+03	-1.660805E+01	3.376385E-01	1.765392E-01
3.300689E+03	-1.660588E+01	3.369412E-01	1.765390E-01
3.300889E+03	-1.660454E+01	3.350779E-01	1.765389E-01
3.301088E+03	-1.660818E+01	3.378025E-01	1.765388E-01
3.301289E+03	-1.660789E+01	3.366486E-01	1.765388E-01
3.301488E+03	-1.660924E+01	3.394632E-01	1.765387E-01
3.301888E+03	-1.660700E+01	3.388967E-01	1.765385E-01
3.302288E+03	-1.660844E+01	3.397347E-01	1.765384E-01
3.302688E+03	-1.660728E+01	3.383535E-01	1.765382E-01
3.302888E+03	-1.660741E+01	3.380690E-01	1.765382E-01
3.303288E+03	-1.660649E+01	3.371564E-01	1.765380E-01
3.303488E+03	-1.660391E+01	3.351913E-01	1.765379E-01
3.304088E+03	-1.660232E+01	3.339072E-01	1.765377E-01
3.304889E+03	-1.660081E+01	3.326176E-01	1.765374E-01
3.305489E+03	-1.660059E+01	3.323539E-01	1.765372E-01
3.306089E+03	-1.660451E+01	3.352124E-01	1.765370E-01
3.306489E+03	-1.660518E+01	3.351875E-01	1.765368E-01
3.306889E+03	-1.660381E+01	3.334036E-01	1.765367E-01
3.307089E+03	-1.660365E+01	3.325519E-01	1.765366E-01
3.307289E+03	-1.660137E+01	3.301170E-01	1.765365E-01
3.307489E+03	-1.660556E+01	3.328049E-01	1.765365E-01
3.308489E+03	-1.660442E+01	3.313878E-01	1.765361E-01
3.308689E+03	-1.660812E+01	3.337126E-01	1.765360E-01
3.309089E+03	-1.660867E+01	3.335860E-01	1.765359E-01
3.309289E+03	-1.660841E+01	3.328117E-01	1.765358E-01
3.309489E+03	-1.661351E+01	3.361252E-01	1.765357E-01
3.309689E+03	-1.661553E+01	3.371033E-01	1.765357E-01
3.309889E+03	-1.661631E+01	3.370912E-01	1.765356E-01
3.310089E+03	-1.661713E+01	3.370717E-01	1.765355E-01
3.310489E+03	-1.661827E+01	3.382915E-01	1.765354E-01
3.310689E+03	-1.661952E+01	3.390355E-01	1.765353E-01
3.311089E+03	-1.662101E+01	3.400966E-01	1.765352E-01
3.311890E+03	-1.662256E+01	3.405873E-01	1.765349E-01
3.312090E+03	-1.662432E+01	3.421371E-01	1.765348E-01
3.312490E+03	-1.662622E+01	3.430700E-01	1.765346E-01
3.312689E+03	-1.662823E+01	3.441578E-01	1.765346E-01
3.312890E+03	-1.663039E+01	3.457008E-01	1.765345E-01
3.313289E+03	-1.663252E+01	3.473678E-01	1.765343E-01
3.313490E+03	-1.663419E+01	3.515961E-01	1.765343E-01
3.313689E+03	-1.663675E+01	3.544290E-01	1.765342E-01
3.313889E+03	-1.663846E+01	3.549034E-01	1.765341E-01
3.314089E+03	-1.664067E+01	3.557780E-01	1.765341E-01
3.314889E+03	-1.664323E+01	3.563210E-01	1.765338E-01
3.315289E+03	-1.664491E+01	3.575210E-01	1.765336E-01
3.315889E+03	-1.664708E+01	3.588549E-01	1.765334E-01
3.316089E+03	-1.664887E+01	3.560781E-01	1.765333E-01
3.316689E+03	-1.665010E+01	3.609055E-01	1.765331E-01
3.317089E+03	-1.665244E+01	3.619296E-01	1.765330E-01
3.317289E+03	-1.665450E+01	3.641895E-01	1.765329E-01
3.317889E+03	-1.665590E+01	3.652170E-01	1.765327E-01
3.319290E+03	-1.665558E+01	3.631937E-01	1.765322E-01
3.319490E+03	-1.666076E+01	3.631368E-01	1.765321E-01
3.319690E+03	-1.666126E+01	3.647205E-01	1.765320E-01
3.321090E+03	-1.666221E+01	3.705251E-01	1.765315E-01
3.321490E+03	-1.666312E+01	3.706824E-01	1.765313E-01
3.322690E+03	-1.666363E+01	3.710447E-01	1.765309E-01
3.322890E+03	-1.666396E+01	3.705960E-01	1.765308E-01
3.323090E+03	-1.666399E+01	3.712834E-01	1.765308E-01
3.323290E+03	-1.666319E+01	3.719455E-01	1.765307E-01
3.323490E+03	-1.666217E+01	3.715106E-01	1.765306E-01
3.323890E+03	-1.666098E+01	3.704520E-01	1.765305E-01
3.324290E+03	-1.665967E+01	3.689462E-01	1.765303E-01
3.324890E+03	-1.665949E+01	3.687569E-01	1.765301E-01
3.325490E+03	-1.665935E+01	3.688867E-01	1.765299E-01
3.325689E+03	-1.665867E+01	3.682335E-01	1.765298E-01
3.325889E+03	-1.665798E+01	3.676542E-01	1.765297E-01
3.326089E+03	-1.665708E+01	3.663565E-01	1.765297E-01
3.326289E+03	-1.665640E+01	3.647429E-01	1.765296E-01
3.326490E+03	-1.665604E+01	3.638693E-01	1.765295E-01
3.328290E+03	-1.665569E+01	3.624248E-01	1.765289E-01
3.328490E+03	-1.665479E+01	3.606449E-01	1.765288E-01
3.328690E+03	-1.665437E+01	3.594332E-01	1.765287E-01
3.329690E+03	-1.665337E+01	3.582173E-01	1.765284E-01
3.330090E+03	-1.665248E+01	3.571656E-01	1.765282E-01
3.330490E+03	-1.665145E+01	3.561080E-01	1.765281E-01
3.330690E+03	-1.665085E+01	3.554382E-01	1.765280E-01
3.330890E+03	-1.664972E+01	3.544433E-01	1.765279E-01
3.331490E+03	-1.664838E+01	3.533522E-01	1.765277E-01
3.331690E+03	-1.664771E+01	3.529498E-01	1.765276E-01
3.331890E+03	-1.664684E+01	3.526232E-01	1.765276E-01
3.332490E+03	-1.664568E+01	3.518965E-01	1.765273E-01
3.332690E+03	-1.664279E+01	3.495263E-01	1.765273E-01
3.332890E+03	-1.664137E+01	3.483842E-01	1.765272E-01
3.333090E+03	-1.663957E+01	3.468770E-01	1.765271E-01
3.333290E+03	-1.663844E+01	3.457304E-01	1.765270E-01
3.333891E+03	-1.663720E+01	3.448847E-01	1.765268E-01
3.334091E+03	-1.663651E+01	3.437253E-01	1.765268E-01
3.334691E+03	-1.663542E+01	3.426555E-01	1.765265E-01
3.334891E+03	-1.663847E+01	3.453107E-01	1.765265E-01
3.335291E+03	-1.663563E+01	3.428856E-01	1.765263E-01
3.335891E+03	-1.663392E+01	3.408962E-01	1.765261E-01
3.336091E+03	-1.663189E+01	3.381667E-01	1.765260E-01
3.336291E+03	-1.663067E+01	3.368517E-01	1.765260E-01
3.336491E+03	-1.663161E+01	3.368016E-01	1.765259E-01
3.336890E+03	-1.663307E+01	3.379476E-01	1.765257E-01
3.337090E+03	-1.663222E+01	3.397013E-01	1.765257E-01
3.337490E+03	-1.663158E+01	3.388938E-01	1.765255E-01
3.337691E+03	-1.662996E+01	3.357192E-01	1.765254E-01
3.337890E+03	-1.663402E+01	3.387470E-01	1.765254E-01
3.338090E+03	-1.663236E+01	3.373529E-01	1.765253E-01
3.338690E+03	-1.663151E+01	3.359244E-01	1.765251E-01
3.339090E+03	-1.663515E+01	3.392942E-01	1.765249E-01
3.339490E+03	-1.663631E+01	3.404938E-01	1.765248E-01
3.339690E+03	-1.663840E+01	3.433273E-01	1.765247E-01
3.339890E+03	-1.664009E+01	3.443539E-01	1.765246E-01
3.340090E+03	-1.664499E+01	3.487304E-01	1.765246E-01
3.340290E+03	-1.664460E+01	3.492420E-01	1.765245E-01
3.340490E+03	-1.664265E+01	3.489632E-01	1.765244E-01
3.341091E+03	-1.664165E+01	3.481905E-01	1.765242E-01
3.342291E+03	-1.664103E+01	3.476571E-01	1.765238E-01
3.342491E+03	-1.664203E+01	3.485310E-01	1.765237E-01
3.342691E+03	-1.664082E+01	3.478366E-01	1.765236E-01
3.343691E+03	-1.664262E+01	3.492478E-01	1.765233E-01
3.344091E+03	-1.664241E+01	3.497740E-01	1.765231E-01
3.344291E+03	-1.664324E+01	3.515931E-01	1.765230E-01
3.344691E+03	-1.664478E+01	3.533942E-01	1.765229E-01
3.345091E+03	-1.664688E+01	3.543344E-01	1.765228E-01
3.345491E+03	-1.665132E+01	3.571607E-01	1.765226E-01
3.345891E+03	-1.665277E+01	3.561554E-01	1.765225E-01
3.346091E+03	-1.665330E+01	3.569134E-01	1.765224E-01
3.346291E+03	-1.665281E+01	3.551686E-01	1.765223E-01
3.346491E+03	-1.665298E+01	3.553175E-01	1.765222E-01
3.346691E+03	-1.665206E+01	3.492732E-01	1.765222E-01
3.346891E+03	-1.665086E+01	3.483202E-01	1.765221E-01
3.347091E+03	-1.664994E+01	3.482194E-01	1.765220E-01
3.347491E+03	-1.664899E+01	3.470163E-01	1.765219E-01
3.348091E+03	-1.664775E+01	3.455777E-01	1.765217E-01
3.348492E+03	-1.665036E+01	3.466404E-01	1.765215E-01
3.348691E+03	-1.665064E+01	3.452042E-01	1.765215E-01
3.348892E+03	-1.665110E+01	3.447737E-01	1.765214E-01
3.349091E+03	-1.664955E+01	3.436334E-01	1.765213E-01
3.349291E+03	-1.664800E+01	3.421427E-01	1.765212E-01
3.350491E+03	-1.665050E+01	3.428332E-01	1.765208E-01
3.350691E+03	-1.664987E+01	3.426388E-01	1.765207E-01
3.350891E+03	-1.665203E+01	3.445765E-01	1.765207E-01
3.351091E+03	-1.665096E+01	3.433803E-01	1.765206E-01
3.351291E+03	-1.665313E+01	3.449889E-01	1.765205E-01
3.351691E+03	-1.665656E+01	3.464533E-01	1.765204E-01
3.352091E+03	-1.665577E+01	3.461798E-01	1.765202E-01
3.353091E+03	-1.665416E+01	3.403096E-01	1.765199E-01
3.353291E+03	-1.665505E+01	3.365798E-01	1.765198E-01
3.354091E+03	-1.665505E+01	3.363942E-01	1.765195E-01
3.354491E+03	-1.665373E+01	3.351741E-01	1.765194E-01
3.354691E+03	-1.665366E+01	3.354506E-01	1.765193E-01
3.355892E+03	-1.665384E+01	3.319474E-01	1.765188E-01
3.356092E+03	-1.665349E+01	3.311237E-01	1.765188E-01
3.356292E+03	-1.665688E+01	3.332019E-01	1.765187E-01
3.356492E+03	-1.666037E+01	3.311163E-01	1.765186E-01
3.356692E+03	-1.666150E+01	3.315632E-01	1.765186E-01
3.356892E+03	-1.666730E+01	3.353218E-01	1.765185E-01
3.357292E+03	-1.667385E+01	3.267633E-01	1.765183E-01
3.357492E+03	-1.667703E+01	3.297189E-01	1.765183E-01
3.357692E+03	-1.667775E+01	3.296256E-01	1.765182E-01
3.358092E+03	-1.667865E+01	3.199899E-01	1.765180E-01
3.358492E+03	-1.667700E+01	3.187118E-01	1.765179E-01
3.358692E+03	-1.667632E+01	3.181863E-01	1.765178E-01
3.361291E+03	-1.667824E+01	3.194586E-01	1.765169E-01
3.361492E+03	-1.667960E+01	3.205955E-01	1.765168E-01
3.361691E+03	-1.668145E+01	3.126684E-01	1.765167E-01
3.361892E+03	-1.668256E+01	3.135507E-01	1.765167E-01
3.362091E+03	-1.668462E+01	3.153854E-01	1.765166E-01
3.362892E+03	-1.668550E+01	3.119065E-01	1.765163E-01
3.363092E+03	-1.668630E+01	3.129270E-01	1.765162E-01
3.363492E+03	-1.668649E+01	3.135876E-01	1.765161E-01
3.364092E+03	-1.668615E+01	3.137028E-01	1.765159E-01
3.365492E+03	-1.668527E+01	3.095473E-01	1.765154E-01
3.366092E+03	-1.668642E+01	3.103876E-01	1.765153E-01
3.366292E+03	-1.668939E+01	3.125111E-01	1.765152E-01
3.366492E+03	-1.669222E+01	3.135084E-01	1.765152E-01
3.366892E+03	-1.669495E+01	3.121860E-01	1.765151E-01
3.367092E+03	-1.669762E+01	3.141435E-01	1.765151E-01
3.367692E+03	-1.669932E+01	3.151442E-01	1.765149E-01
3.367892E+03	-1.670142E+01	3.148724E-01	1.765149E-01
3.368092E+03	-1.670333E+01	3.151199E-01	1.765148E-01
3.368292E+03	-1.670481E+01	3.167961E-01	1.765148E-01
3.368492E+03	-1.670593E+01	3.168054E-01	1.765147E-01
3.369492E+03	-1.670618E+01	3.174433E-01	1.765145E-01
3.371293E+03	-1.670682E+01	3.171009E-01	1.765141E-01
3.371493E+03	-1.670795E+01	3.141573E-01	1.765141E-01
3.371693E+03	-1.670831E+01	3.069296E-01	1.765141E-01
3.371893E+03	-1.670965E+01	3.082025E-01	1.765140E-01
3.372293E+03	-1.671066E+01	3.070998E-01	1.765139E-01
3.372493E+03	-1.671184E+01	3.065626E-01	1.765139E-01
3.373492E+03	-1.671208E+01	3.061610E-01	1.765137E-01
3.373693E+03	-1.671294E+01	3.070957E-01	1.765136E-01
3.374692E+03	-1.671286E+01	3.060383E-01	1.765134E-01
3.374892E+03	-1.671372E+01	3.057028E-01	1.765134E-01
3.375292E+03	-1.671376E+01	3.053311E-01	1.765133E-01
3.375492E+03	-1.671372E+01	3.051754E-01	1.765132E-01
3.375692E+03	-1.671417E+01	3.041699E-01	1.765132E-01
3.376892E+03	-1.671474E+01	3.036578E-01	1.765129E-01
3.377092E+03	-1.671519E+01	3.035671E-01	1.765129E-01
3.378493E+03	-1.671560E+01	3.033819E-01	1.765126E-01
3.378693E+03	-1.671523E+01	3.028819E-01	1.765125E-01
3.379293E+03	-1.671597E+01	3.029622E-01	1.765124E-01
3.379493E+03	-1.671601E+01	3.029129E-01	1.765124E-01
3.379693E+03	-1.671671E+01	2.996998E-01	1.765123E-01
3.380093E+03	-1.671807E+01	2.996862E-01	1.765122E-01
3.380293E+03	-1.671844E+01	2.943670E-01	1.765122E-01
3.380893E+03	-1.672014E+01	2.987527E-01	1.765121E-01
3.381093E+03	-1.672160E+01	2.983605E-01	1.765120E-01
3.381493E+03	-1.672310E+01	2.989718E-01	1.765119E-01
3.381693E+03	-1.672523E+01	2.958443E-01	1.765119E-01
3.381893E+03	-1.672658E+01	2.923655E-01	1.765118E-01
3.382493E+03	-1.672751E+01	2.924208E-01	1.765117E-01
3.383093E+03	-1.672785E+01	2.925553E-01	1.765116E-01
3.383293E+03	-1.672882E+01	2.936557E-01	1.765115E-01
3.383893E+03	-1.672992E+01	2.947032E-01	1.765114E-01
3.384093E+03	-1.673001E+01	2.947947E-01	1.765114E-01
3.384494E+03	-1.673094E+01	2.952385E-01	1.765113E-01
3.384694E+03	-1.673201E+01	3.010467E-01	1.765112E-01
3.384894E+03	-1.673299E+01	3.016256E-01	1.765112E-01
3.385294E+03	-1.673419E+01	3.029690E-01	1.765111E-01
3.385693E+03	-1.673504E+01	3.040705E-01	1.765110E-01
3.385894E+03	-1.673629E+01	3.061121E-01	1.765110E-01
3.386493E+03	-1.673771E+01	3.065597E-01	1.765108E-01
3.386893E+03	-1.674126E+01	3.087149E-01	1.765108E-01
3.387093E+03	-1.674268E+01	3.096285E-01	1.765107E-01
3.387293E+03	-1.674586E+01	3.139074E-01	1.765107E-01
3.388493E+03	-1.674655E+01	3.137539E-01	1.765104E-01
3.388693E+03	-1.674757E+01	3.150939E-01	1.765104E-01
3.389093E+03	-1.674901E+01	3.156329E-01	1.765103E-01
3.389293E+03	-1.674900E+01	3.153405E-01	1.765102E-01
3.389493E+03	-1.675239E+01	3.172445E-01	1.765102E-01
3.389693E+03	-1.675629E+01	3.199655E-01	1.765102E-01
3.390293E+03	-1.675857E+01	3.222719E-01	1.765100E-01
3.390493E+03	-1.675855E+01	3.224218E-01	1.765100E-01
3.390693E+03	-1.675924E+01	3.232622E-01	1.765099E-01
3.391694E+03	-1.675991E+01	3.234596E-01	1.765097E-01
3.392294E+03	-1.676150E+01	3.212550E-01	1.765096E-01
3.392494E+03	-1.676533E+01	3.247008E-01	1.765095E-01
3.392894E+03	-1.676605E+01	3.269741E-01	1.765095E-01
3.393494E+03	-1.676534E+01	3.285160E-01	1.765093E-01
3.393894E+03	-1.676823E+01	3.303494E-01	1.765092E-01
3.394094E+03	-1.676926E+01	3.310748E-01	1.765092E-01
3.395294E+03	-1.676819E+01	3.233711E-01	1.765089E-01
3.395494E+03	-1.676701E+01	3.230666E-01	1.765089E-01
3.395894E+03	-1.676659E+01	3.226937E-01	1.765088E-01
3.396094E+03	-1.676820E+01	3.234567E-01	1.765088E-01
3.396294E+03	-1.676805E+01	3.230253E-01	1.765087E-01
3.396494E+03	-1.676846E+01	3.236616E-01	1.765087E-01
3.396694E+03	-1.677038E+01	3.252364E-01	1.765086E-01
3.397693E+03	-1.676969E+01	3.237035E-01	1.765084E-01
3.398293E+03	-1.677024E+01	3.140309E-01	1.765083E-01
3.398493E+03	-1.677154E+01	3.142339E-01	1.765083E-01
3.398893E+03	-1.677192E+01	3.140324E-01	1.765082E-01
3.399094E+03	-1.677146E+01	3.138122E-01	1.765081E-01
3.399494E+03	-1.676996E+01	3.129249E-01	1.765080E-01
3.400894E+03	-1.677014E+01	3.120594E-01	1.765077E-01
3.401294E+03	-1.677149E+01	3.114707E-01	1.765076E-01
3.401494E+03	-1.677153E+01	2.999206E-01	1.765076E-01
3.401894E+03	-1.677454E+01	3.019931E-01	1.765075E-01
3.402094E+03	-1.677495E+01	3.054495E-01	1.765075E-01
3.402494E+03	-1.677428E+01	3.087171E-01	1.765074E-01
3.402694E+03	-1.677761E+01	3.146822E-01	1.765073E-01
3.402894E+03	-1.677911E+01	3.147915E-01	1.765073E-01
3.403294E+03	-1.678343E+01	3.154477E-01	1.765072E-01
3.403494E+03	-1.678657E+01	3.209447E-01	1.765072E-01
3.404494E+03	-1.678553E+01	3.220223E-01	1.765070E-01
3.404894E+03	-1.678609E+01	3.217325E-01	1.765069E-01
3.405094E+03	-1.679074E+01	3.222376E-01	1.765068E-01
3.405694E+03	-1.679061E+01	3.216128E-01	1.765067E-01
3.406094E+03	-1.679286E+01	3.216513E-01	1.765066E-01
3.406695E+03	-1.679629E+01	3.279731E-01	1.765065E-01
3.406895E+03	-1.679790E+01	3.290822E-01	1.765064E-01
3.407095E+03	-1.679663E+01	3.284675E-01	1.765064E-01
3.407695E+03	-1.679710E+01	3.290214E-01	1.765063E-01
3.408295E+03	-1.679570E+01	3.279825E-01	1.765061E-01
3.408895E+03	-1.679601E+01	3.286823E-01	1.765060E-01
3.409095E+03	-1.679900E+01	3.324008E-01	1.765060E-01
3.409695E+03	-1.680054E+01	3.416913E-01	1.765058E-01
3.410095E+03	-1.680283E+01	3.441586E-01	1.765058E-01
3.410494E+03	-1.680292E+01	3.444973E-01	1.765057E-01
3.410694E+03	-1.680373E+01	3.472364E-01	1.765056E-01
3.410894E+03	-1.680383E+01	3.470350E-01	1.765056E-01
3.411494E+03	-1.680420E+01	3.476823E-01	1.765055E-01
3.411694E+03	-1.680473E+01	3.473085E-01	1.765054E-01
3.411894E+03	-1.680984E+01	3.518240E-01	1.765054E-01
3.412094E+03	-1.681084E+01	3.528465E-01	1.765053E-01
3.412294E+03	-1.681217E+01	3.538938E-01	1.765053E-01
3.412694E+03	-1.681269E+01	3.610119E-01	1.765052E-01
3.412894E+03	-1.681267E+01	3.598043E-01	1.765052E-01
3.413094E+03	-1.681442E+01	3.664423E-01	1.765051E-01
3.413294E+03	-1.681601E+01	3.714926E-01	1.765051E-01
3.413495E+03	-1.681947E+01	3.740824E-01	1.765050E-01
3.413695E+03	-1.682429E+01	3.769923E-01	1.765050E-01
3.413895E+03	-1.682320E+01	3.755789E-01	1.765049E-01
3.414095E+03	-1.682303E+01	3.703007E-01	1.765049E-01
3.414495E+03	-1.682644E+01	3.736592E-01	1.765048E-01
3.415095E+03	-1.682713E+01	3.745457E-01	1.765047E-01
3.415895E+03	-1.682865E+01	3.760302E-01	1.765045E-01
3.416095E+03	-1.683259E+01	3.801387E-01	1.765045E-01
3.416295E+03	-1.683508E+01	3.767670E-01	1.765044E-01
3.416495E+03	-1.683639E+01	3.784804E-01	1.765044E-01
3.416695E+03	-1.683955E+01	3.808585E-01	1.765043E-01
3.417095E+03	-1.684012E+01	3.809745E-01	1.765043E-01
3.418095E+03	-1.684025E+01	3.816594E-01	1.765040E-01
3.418295E+03	-1.684020E+01	3.820100E-01	1.765040E-01
3.418495E+03	-1.684058E+01	3.819317E-01	1.765040E-01
3.418895E+03	-1.683976E+01	3.815106E-01	1.765039E-01
3.419095E+03	-1.683991E+01	3.774197E-01	1.765038E-01
3.419495E+03	-1.684056E+01	3.813587E-01	1.765037E-01
3.419695E+03	-1.684218E+01	3.831499E-01	1.765037E-01
3.419895E+03	-1.684396E+01	3.881665E-01	1.765037E-01
3.420495E+03	-1.684516E+01	3.878619E-01	1.765035E-01
3.421096E+03	-1.684662E+01	3.938067E-01	1.765034E-01
3.421296E+03	-1.684720E+01	3.951822E-01	1.765034E-01
3.421695E+03	-1.684852E+01	3.965799E-01	1.765033E-01
3.421896E+03	-1.685008E+01	4.010891E-01	1.765032E-01
3.422296E+03	-1.685041E+01	4.010867E-01	1.765031E-01
3.422495E+03	-1.685175E+01	4.007645E-01	1.765031E-01
3.422695E+03	-1.685298E+01	3.978582E-01	1.765031E-01
3.422895E+03	-1.685332E+01	3.965893E-01	1.765030E-01
3.423495E+03	-1.685415E+01	3.974488E-01	1.765029E-01
3.423695E+03	-1.685392E+01	3.969495E-01	1.765028E-01
3.424095E+03	-1.685398E+01	3.965941E-01	1.765028E-01
3.424495E+03	-1.685444E+01	4.002910E-01	1.765027E-01
3.425095E+03	-1.685480E+01	4.005229E-01	1.765025E-01
3.425295E+03	-1.685501E+01	4.018086E-01	1.765025E-01
3.425495E+03	-1.685494E+01	4.028207E-01	1.765025E-01
3.425695E+03	-1.685471E+01	4.028601E-01	1.765024E-01
3.425895E+03	-1.685431E+01	4.011824E-01	1.765024E-01
3.426095E+03	-1.685376E+01	3.994518E-01	1.765023E-01
3.426295E+03	-1.685306E+01	3.985560E-01	1.765023E-01
3.426495E+03	-1.685225E+01	3.960578E-01	1.765022E-01
3.426695E+03	-1.685131E+01	3.950964E-01	1.765022E-01
3.427495E+03	-1.685135E+01	3.952163E-01	1.765020E-01
3.428096E+03	-1.685027E+01	3.939412E-01	1.765019E-01
3.429896E+03	-1.684924E+01	3.921604E-01	1.765015E-01
3.430096E+03	-1.684670E+01	3.896122E-01	1.765015E-01
3.430296E+03	-1.684705E+01	3.896596E-01	1.765014E-01
3.430496E+03	-1.684928E+01	3.913075E-01	1.765014E-01
3.431096E+03	-1.684791E+01	3.894823E-01	1.765013E-01
3.431496E+03	-1.685035E+01	3.920635E-01	1.765012E-01
3.431696E+03	-1.685022E+01	3.912704E-01	1.765011E-01
3.431896E+03	-1.685201E+01	3.924301E-01	1.765011E-01
3.432696E+03	-1.685112E+01	3.920168E-01	1.765009E-01
3.433495E+03	-1.685017E+01	3.915888E-01	1.765007E-01
3.434695E+03	-1.684856E+01	3.900625E-01	1.765005E-01
3.434895E+03	-1.684740E+01	3.894461E-01	1.765004E-01
3.435096E+03	-1.684966E+01	3.912139E-01	1.765004E-01
3.435296E+03	-1.684898E+01	3.909125E-01	1.765004E-01
3.436096E+03	-1.685237E+01	3.936056E-01	1.765002E-01
3.436296E+03	-1.685219E+01	3.931387E-01	1.765001E-01
3.436496E+03	-1.685443E+01	3.965101E-01	1.765001E-01
3.436696E+03	-1.685434E+01	3.969757E-01	1.765001E-01
3.436896E+03	-1.685501E+01	3.975344E-01	1.765000E-01
3.437096E+03	-1.685420E+01	3.974789E-01	1.765000E-01
3.437296E+03	-1.685787E+01	3.989333E-01	1.764999E-01
3.437496E+03	-1.685861E+01	3.984215E-01	1.764999E-01
3.437696E+03	-1.685899E+01	3.986074E-01	1.764998E-01
3.437896E+03	-1.685862E+01	3.983006E-01	1.764998E-01
3.438096E+03	-1.686126E+01	4.006827E-01	1.764998E-01
3.438296E+03	-1.686110E+01	4.005061E-01	1.764997E-01
3.438496E+03	-1.685944E+01	3.984788E-01	1.764997E-01
3.438696E+03	-1.685901E+01	3.974344E-01	1.764996E-01
3.438896E+03	-1.685775E+01	3.965500E-01	1.764996E-01
3.439096E+03	-1.685643E+01	3.960626E-01	1.764995E-01
3.439296E+03	-1.685847E+01	3.995692E-01	1.764995E-01
3.439696E+03	-1.686070E+01	4.014660E-01	1.764994E-01
3.440696E+03	-1.686328E+01	4.042130E-01	1.764992E-01
3.440896E+03	-1.686297E+01	4.031676E-01	1.764992E-01
3.441096E+03	-1.686216E+01	4.016609E-01	1.764991E-01
3.441296E+03	-1.685987E+01	3.995944E-01	1.764991E-01
3.441896E+03	-1.685834E+01	3.985753E-01	1.764990E-01
3.442297E+03	-1.685680E+01	3.982587E-01	1.764989E-01
3.442497E+03	-1.685491E+01	3.974807E-01	1.764988E-01
3.442697E+03	-1.685392E+01	3.964075E-01	1.764988E-01
3.442897E+03	-1.685230E+01	3.955527E-01	1.764987E-01
3.443097E+03	-1.685071E+01	3.941416E-01	1.764987E-01
3.443297E+03	-1.684916E+01	3.916151E-01	1.764987E-01
3.443697E+03	-1.684849E+01	3.898691E-01	1.764987E-01
3.443897E+03	-1.684614E+01	3.869362E-01	1.764987E-01
3.444097E+03	-1.684535E+01	3.852122E-01	1.764986E-01
3.444897E+03	-1.684420E+01	3.834310E-01	1.764986E-01
3.445097E+03	-1.684266E+01	3.815097E-01	1.764986E-01
3.445297E+03	-1.684113E+01	3.793107E-01	1.764986E-01
3.445497E+03	-1.683926E+01	3.767740E-01	1.764986E-01
3.445896E+03	-1.683840E+01	3.804293E-01	1.764985E-01
3.446497E+03	-1.683604E+01	3.773451E-01	1.764985E-01
3.446697E+03	-1.683552E+01	3.760108E-01	1.764985E-01
3.446896E+03	-1.683689E+01	3.774776E-01	1.764985E-01
3.447096E+03	-1.683496E+01	3.761843E-01	1.764985E-01
3.447296E+03	-1.683385E+01	3.750059E-01	1.764985E-01
3.447496E+03	-1.683393E+01	3.747467E-01	1.764985E-01
3.447696E+03	-1.683277E+01	3.738189E-01	1.764984E-01
3.447896E+03	-1.683384E+01	3.783438E-01	1.764984E-01
3.448096E+03	-1.683574E+01	3.845318E-01	1.764984E-01
3.448296E+03	-1.683658E+01	3.865899E-01	1.764984E-01
3.448496E+03	-1.683702E+01	3.878607E-01	1.764984E-01
3.448696E+03	-1.683509E+01	3.906298E-01	1.764984E-01
3.448896E+03	-1.683399E+01	3.885282E-01	1.764984E-01
3.449096E+03	-1.683390E+01	3.883383E-01	1.764984E-01
3.449497E+03	-1.683464E+01	3.883795E-01	1.764983E-01
3.450097E+03	-1.683584E+01	3.891839E-01	1.764983E-01
3.450297E+03	-1.683471E+01	3.881716E-01	1.764983E-01
3.450497E+03	-1.683442E+01	3.842455E-01	1.764983E-01
3.450897E+03	-1.683172E+01	3.818733E-01	1.764983E-01
3.451097E+03	-1.683159E+01	3.821952E-01	1.764983E-01
3.451297E+03	-1.683116E+01	3.811315E-01	1.764982E-01
3.451497E+03	-1.683183E+01	3.825633E-01	1.764982E-01
3.451697E+03	-1.683167E+01	3.818798E-01	1.764982E-01
3.451897E+03	-1.683107E+01	3.822361E-01	1.764982E-01
3.452097E+03	-1.683027E+01	3.807435E-01	1.764982E-01
3.452897E+03	-1.683026E+01	3.807823E-01	1.764981E-01
3.453097E+03	-1.683019E+01	3.814003E-01	1.764981E-01
3.453297E+03	-1.682999E+01	3.812274E-01	1.764981E-01
3.453697E+03	-1.682970E+01	3.761675E-01	1.764981E-01
3.453897E+03	-1.682921E+01	3.751717E-01	1.764981E-01
3.454097E+03	-1.682844E+01	3.747809E-01	1.764981E-01
3.454497E+03	-1.682744E+01	3.745724E-01	1.764981E-01
3.454697E+03	-1.682622E+01	3.724734E-01	1.764980E-01
3.455697E+03	-1.682567E+01	3.721390E-01	1.764980E-01
3.456097E+03	-1.682359E+01	3.705088E-01	1.764980E-01
3.456297E+03	-1.682172E+01	3.677892E-01	1.764980E-01
3.456497E+03	-1.682338E+01	3.668707E-01	1.764979E-01
3.456698E+03	-1.682244E+01	3.659567E-01	1.764979E-01
3.457498E+03	-1.682042E+01	3.639001E-01	1.764979E-01
3.457898E+03	-1.681960E+01	3.646686E-01	1.764979E-01
3.458097E+03	-1.682219E+01	3.665045E-01	1.764979E-01
3.458298E+03	-1.682172E+01	3.662531E-01	1.764978E-01
3.458497E+03	-1.682167E+01	3.670739E-01	1.764978E-01
3.458698E+03	-1.681969E+01	3.650414E-01	1.764978E-01
3.458897E+03	-1.681798E+01	3.628598E-01	1.764978E-01
3.460097E+03	-1.681561E+01	3.613881E-01	1.764977E-01
3.460497E+03	-1.681664E+01	3.622456E-01	1.764977E-01
3.460697E+03	-1.681476E+01	3.611165E-01	1.764977E-01
3.460897E+03	-1.681377E+01	3.592601E-01	1.764977E-01
3.461097E+03	-1.681375E+01	3.574313E-01	1.764977E-01
3.461497E+03	-1.680974E+01	3.526806E-01	1.764977E-01
3.461697E+03	-1.680813E+01	3.507680E-01	1.764976E-01
3.462697E+03	-1.680593E+01	3.505479E-01	1.764976E-01
3.462897E+03	-1.680546E+01	3.497386E-01	1.764976E-01
3.463097E+03	-1.680474E+01	3.484166E-01	1.764976E-01
3.463297E+03	-1.680474E+01	3.485124E-01	1.764976E-01
3.464098E+03	-1.680272E+01	3.499106E-01	1.764975E-01
3.464898E+03	-1.680299E+01	3.530257E-01	1.764975E-01
3.465098E+03	-1.680450E+01	3.535992E-01	1.764975E-01
3.465298E+03	-1.680418E+01	3.526967E-01	1.764974E-01
3.466898E+03	-1.680369E+01	3.516887E-01	1.764974E-01
3.467098E+03	-1.680208E+01	3.498931E-01	1.764973E-01
3.467898E+03	-1.680248E+01	3.506083E-01	1.764973E-01
3.468098E+03	-1.680085E+01	3.488228E-01	1.764973E-01
3.468298E+03	-1.680145E+01	3.496812E-01	1.764973E-01
3.468698E+03	-1.680244E+01	3.509571E-01	1.764973E-01
3.468898E+03	-1.680219E+01	3.504228E-01	1.764972E-01
3.469098E+03	-1.680042E+01	3.499654E-01	1.764972E-01
3.469298E+03	-1.680350E+01	3.524781E-01	1.764972E-01
3.469498E+03	-1.680319E+01	3.533096E-01	1.764972E-01
3.469898E+03	-1.680138E+01	3.485734E-01	1.764972E-01
3.470097E+03	-1.680394E+01	3.474236E-01	1.764972E-01
3.470298E+03	-1.680211E+01	3.431076E-01	1.764972E-01
3.470497E+03	-1.680218E+01	3.441756E-01	1.764972E-01
3.471698E+03	-1.680154E+01	3.416062E-01	1.764971E-01
3.472298E+03	-1.680035E+01	3.375873E-01	1.764971E-01
3.472698E+03	-1.680267E+01	3.378214E-01	1.764970E-01
3.472898E+03	-1.680123E+01	3.367060E-01	1.764970E-01
3.473498E+03	-1.680134E+01	3.379870E-01	1.764970E-01
3.473698E+03	-1.680284E+01	3.393546E-01	1.764970E-01
3.474098E+03	-1.680097E+01	3.384789E-01	1.764969E-01
3.474298E+03	-1.680035E+01	3.330155E-01	1.764969E-01
3.475298E+03	-1.679991E+01	3.321903E-01	1.764969E-01
3.475498E+03	-1.680146E+01	3.333919E-01	1.764969E-01
3.475698E+03	-1.680107E+01	3.349360E-01	1.764969E-01
3.475898E+03	-1.680007E+01	3.344461E-01	1.764968E-01
3.477498E+03	-1.679903E+01	3.336997E-01	1.764968E-01
3.477898E+03	-1.679932E+01	3.330514E-01	1.764967E-01
3.478098E+03	-1.679896E+01	3.250008E-01	1.764967E-01
3.478299E+03	-1.679736E+01	3.229585E-01	1.764967E-01
3.478499E+03	-1.679849E+01	3.244337E-01	1.764967E-01
3.478699E+03	-1.679991E+01	3.240893E-01	1.764967E-01
3.478899E+03	-1.679972E+01	3.243602E-01	1.764967E-01
3.479099E+03	-1.679827E+01	3.225718E-01	1.764967E-01
3.479499E+03	-1.679742E+01	3.226843E-01	1.764966E-01
3.479699E+03	-1.679596E+01	3.206576E-01	1.764966E-01
3.479899E+03	-1.679685E+01	3.211622E-01	1.764966E-01
3.480099E+03	-1.679933E+01	3.231740E-01	1.764966E-01
3.480299E+03	-1.679983E+01	3.170044E-01	1.764966E-01
3.480699E+03	-1.680176E+01	3.186756E-01	1.764966E-01
3.480899E+03	-1.680288E+01	3.127434E-01	1.764966E-01
3.481099E+03	-1.680227E+01	3.079048E-01	1.764966E-01
3.481499E+03	-1.680255E+01	3.082761E-01	1.764965E-01
3.481699E+03	-1.680135E+01	3.075990E-01	1.764965E-01
3.482099E+03	-1.680247E+01	3.082357E-01	1.764965E-01
3.482698E+03	-1.680344E+01	3.086801E-01	1.764965E-01
3.482898E+03	-1.680115E+01	3.070323E-01	1.764965E-01
3.483098E+03	-1.680128E+01	3.065190E-01	1.764964E-01
3.483498E+03	-1.679958E+01	3.047521E-01	1.764964E-01
3.483698E+03	-1.679891E+01	3.036160E-01	1.764964E-01
3.483898E+03	-1.679784E+01	3.021686E-01	1.764964E-01
3.484498E+03	-1.679751E+01	3.030814E-01	1.764964E-01
3.484898E+03	-1.679548E+01	3.008992E-01	1.764963E-01
3.485098E+03	-1.679599E+01	3.011368E-01	1.764963E-01
3.485699E+03	-1.679838E+01	3.017985E-01	1.764963E-01
3.486899E+03	-1.679815E+01	3.016017E-01	1.764962E-01
3.487499E+03	-1.680081E+01	3.036979E-01	1.764962E-01
3.487699E+03	-1.680051E+01	3.031353E-01	1.764962E-01
3.487899E+03	-1.679977E+01	3.026767E-01	1.764962E-01
3.488699E+03	-1.679993E+01	2.993774E-01	1.764961E-01
3.488899E+03	-1.680210E+01	2.998945E-01	1.764961E-01
3.489099E+03	-1.680309E+01	2.954982E-01	1.764961E-01
3.489499E+03	-1.680322E+01	2.931235E-01	1.764961E-01
3.490499E+03	-1.680314E+01	2.877848E-01	1.764960E-01
3.490699E+03	-1.680388E+01	2.875018E-01	1.764960E-01
3.491299E+03	-1.680316E+01	2.866747E-01	1.764960E-01
3.491499E+03	-1.680347E+01	2.833731E-01	1.764960E-01
3.491699E+03	-1.680336E+01	2.833044E-01	1.764960E-01
3.491899E+03	-1.680263E+01	2.828165E-01	1.764959E-01
3.492499E+03	-1.680156E+01	2.820822E-01	1.764959E-01
3.492700E+03	-1.680119E+01	2.818801E-01	1.764959E-01
3.492900E+03	-1.680105E+01	2.801846E-01	1.764959E-01
3.493100E+03	-1.679903E+01	2.789756E-01	1.764959E-01
3.493300E+03	-1.679683E+01	2.774646E-01	1.764959E-01
3.493500E+03	-1.679575E+01	2.714434E-01	1.764959E-01
3.494099E+03	-1.679425E+01	2.709561E-01	1.764958E-01
3.494300E+03	-1.679186E+01	2.687444E-01	1.764958E-01
3.494899E+03	-1.679163E+01	2.660958E-01	1.764958E-01
3.495099E+03	-1.679084E+01	2.653688E-01	1.764958E-01
3.495299E+03	-1.679033E+01	2.654002E-01	1.764958E-01
3.495699E+03	-1.679014E+01	2.663031E-01	1.764957E-01
3.495899E+03	-1.679032E+01	2.664185E-01	1.764957E-01
3.496099E+03	-1.678965E+01	2.670464E-01	1.764957E-01
3.496299E+03	-1.678899E+01	2.673401E-01	1.764957E-01
3.497499E+03	-1.678852E+01	2.670724E-01	1.764956E-01
3.497699E+03	-1.678835E+01	2.677108E-01	1.764956E-01
3.497899E+03	-1.678645E+01	2.671150E-01	1.764956E-01
3.498099E+03	-1.678696E+01	2.679115E-01	1.764956E-01
3.498299E+03	-1.678697E+01	2.677413E-01	1.764956E-01
3.498499E+03	-1.678791E+01	2.682361E-01	1.764956E-01
3.498699E+03	-1.678652E+01	2.681942E-01	1.764956E-01
3.498899E+03	-1.678404E+01	2.670913E-01	1.764956E-01
3.499299E+03	-1.678350E+01	2.668267E-01	1.764955E-01
3.499499E+03	-1.678597E+01	2.692063E-01	1.764955E-01
3.500100E+03	-1.678530E+01	2.702469E-01	1.764955E-01
3.500300E+03	-1.678327E+01	2.686701E-01	1.764955E-01
3.500500E+03	-1.678277E+01	2.687374E-01	1.764955E-01
3.500700E+03	-1.678248E+01	2.719078E-01	1.764955E-01
3.500900E+03	-1.678249E+01	2.713359E-01	1.764954E-01
3.501700E+03	-1.678226E+01	2.709912E-01	1.764954E-01
3.501900E+03	-1.678118E+01	2.704448E-01	1.764954E-01
3.502700E+03	-1.678427E+01	2.730134E-01	1.764953E-01
3.503300E+03	-1.678432E+01	2.723425E-01	1.764953E-01
3.503500E+03	-1.678456E+01	2.725626E-01	1.764953E-01
3.503900E+03	-1.678500E+01	2.733514E-01	1.764953E-01
3.504100E+03	-1.678533E+01	2.787121E-01	1.764953E-01
3.504500E+03	-1.678726E+01	2.796451E-01	1.764952E-01
3.505100E+03	-1.678712E+01	2.802036E-01	1.764952E-01
3.505300E+03	-1.679094E+01	2.842466E-01	1.764952E-01
3.505500E+03	-1.679139E+01	2.846146E-01	1.764952E-01
3.505700E+03	-1.679092E+01	2.851797E-01	1.764952E-01
3.505900E+03	-1.679194E+01	2.903128E-01	1.764952E-01
3.506099E+03	-1.679130E+01	2.900363E-01	1.764952E-01
3.506300E+03	-1.679056E+01	2.923648E-01	1.764951E-01
3.506700E+03	-1.679301E+01	2.931513E-01	1.764951E-01
3.506901E+03	-1.679395E+01	2.923624E-01	1.764951E-01
3.507101E+03	-1.679447E+01	2.926334E-01	1.764951E-01
3.507300E+03	-1.679402E+01	2.922170E-01	1.764951E-01
3.507500E+03	-1.679595E+01	2.933061E-01	1.764951E-01
3.507700E+03	-1.679697E+01	2.938003E-01	1.764951E-01
3.507900E+03	-1.679648E+01	2.930700E-01	1.764951E-01
3.508500E+03	-1.679442E+01	2.915762E-01	1.764950E-01
3.508700E+03	-1.679430E+01	2.911523E-01	1.764950E-01
3.508900E+03	-1.679534E+01	2.954569E-01	1.764950E-01
3.509500E+03	-1.679583E+01	2.945547E-01	1.764950E-01
3.509700E+03	-1.679646E+01	2.997377E-01	1.764950E-01
3.509900E+03	-1.679680E+01	3.023300E-01	1.764949E-01
3.510700E+03	-1.679547E+01	3.013515E-01	1.764949E-01
3.510900E+03	-1.679574E+01	3.020104E-01	1.764949E-01
3.511300E+03	-1.679554E+01	3.049300E-01	1.764949E-01
3.511500E+03	-1.679449E+01	3.041003E-01	1.764949E-01
3.511700E+03	-1.679449E+01	3.042810E-01	1.764948E-01
3.511900E+03	-1.679429E+01	3.048336E-01	1.764948E-01
3.512100E+03	-1.679453E+01	3.046386E-01	1.764948E-01
3.512300E+03	-1.679497E+01	3.046540E-01	1.764948E-01
3.512500E+03	-1.679428E+01	3.049742E-01	1.764948E-01
3.512700E+03	-1.679541E+01	3.003594E-01	1.764948E-01
3.514501E+03	-1.679562E+01	3.011729E-01	1.764947E-01
3.514901E+03	-1.679521E+01	3.011517E-01	1.764947E-01
3.515701E+03	-1.679677E+01	3.028999E-01	1.764946E-01
3.515901E+03	-1.679715E+01	3.019966E-01	1.764946E-01
3.516301E+03	-1.679828E+01	3.033688E-01	1.764946E-01
3.517101E+03	-1.679843E+01	3.033786E-01	1.764945E-01
3.517301E+03	-1.679746E+01	3.027890E-01	1.764945E-01
3.517501E+03	-1.679855E+01	3.025984E-01	1.764945E-01
3.517701E+03	-1.680086E+01	2.990922E-01	1.764945E-01
3.517901E+03	-1.680076E+01	2.985039E-01	1.764945E-01
3.518300E+03	-1.680158E+01	2.986289E-01	1.764945E-01
3.518901E+03	-1.680251E+01	2.943149E-01	1.764944E-01
3.519101E+03	-1.680276E+01	2.954067E-01	1.764944E-01
3.519300E+03	-1.680529E+01	2.971153E-01	1.764944E-01
3.519700E+03	-1.680608E+01	2.976332E-01	1.764944E-01
3.519900E+03	-1.680747E+01	2.988448E-01	1.764944E-01
3.520700E+03	-1.680702E+01	2.985091E-01	1.764943E-01
3.521501E+03	-1.680799E+01	2.997127E-01	1.764943E-01
3.521901E+03	-1.680929E+01	3.009200E-01	1.764943E-01
3.522501E+03	-1.680981E+01	3.006176E-01	1.764942E-01
3.522701E+03	-1.680994E+01	3.028489E-01	1.764943E-01
3.522901E+03	-1.681249E+01	3.039023E-01	1.764943E-01
3.523101E+03	-1.681354E+01	3.046214E-01	1.764943E-01
3.523301E+03	-1.681416E+01	3.047393E-01	1.764943E-01
3.523501E+03	-1.681408E+01	3.055984E-01	1.764943E-01
3.523901E+03	-1.681625E+01	3.069938E-01	1.764944E-01
3.524301E+03	-1.681785E+01	3.067519E-01	1.764944E-01
3.524501E+03	-1.681803E+01	3.069895E-01	1.764945E-01
3.525101E+03	-1.681994E+01	3.082152E-01	1.764945E-01
3.525301E+03	-1.682112E+01	3.092851E-01	1.764946E-01
3.525901E+03	-1.682281E+01	3.097702E-01	1.764946E-01
3.526301E+03	-1.682317E+01	3.089667E-01	1.764947E-01
3.526501E+03	-1.682621E+01	3.111389E-01	1.764947E-01
3.526701E+03	-1.682893E+01	3.128383E-01	1.764947E-01
3.526901E+03	-1.682934E+01	3.136076E-01	1.764947E-01
3.527301E+03	-1.683018E+01	3.142152E-01	1.764948E-01
3.527501E+03	-1.683049E+01	3.142670E-01	1.764948E-01
3.527701E+03	-1.683263E+01	3.164160E-01	1.764948E-01
3.527901E+03	-1.683401E+01	3.172587E-01	1.764948E-01
3.528301E+03	-1.683494E+01	3.166352E-01	1.764949E-01
3.529102E+03	-1.683512E+01	3.164802E-01	1.764950E-01
3.529302E+03	-1.683633E+01	3.172771E-01	1.764950E-01
3.529502E+03	-1.683617E+01	3.158574E-01	1.764950E-01
3.531102E+03	-1.683594E+01	3.149946E-01	1.764952E-01
3.531302E+03	-1.683614E+01	3.149449E-01	1.764952E-01
3.531701E+03	-1.683749E+01	3.140688E-01	1.764953E-01
3.531901E+03	-1.683826E+01	3.147900E-01	1.764953E-01
3.532101E+03	-1.683887E+01	3.152288E-01	1.764953E-01
3.532301E+03	-1.684064E+01	3.173750E-01	1.764953E-01
3.532701E+03	-1.684198E+01	3.194641E-01	1.764954E-01
3.533501E+03	-1.684093E+01	3.194175E-01	1.764955E-01
3.534301E+03	-1.684109E+01	3.199291E-01	1.764956E-01
3.534501E+03	-1.684181E+01	3.186799E-01	1.764956E-01
3.534701E+03	-1.684129E+01	3.186596E-01	1.764956E-01
3.534901E+03	-1.684132E+01	3.174386E-01	1.764956E-01
3.535101E+03	-1.684381E+01	3.180586E-01	1.764957E-01
3.535902E+03	-1.684274E+01	3.122527E-01	1.764958E-01
3.536502E+03	-1.684324E+01	3.087859E-01	1.764958E-01
3.536702E+03	-1.684485E+01	3.099433E-01	1.764958E-01
3.537102E+03	-1.684574E+01	3.107146E-01	1.764959E-01
3.537302E+03	-1.684727E+01	3.118404E-01	1.764959E-01
3.537902E+03	-1.684774E+01	3.134230E-01	1.764960E-01
3.538102E+03	-1.684878E+01	3.130505E-01	1.764960E-01
3.538302E+03	-1.684961E+01	3.137795E-01	1.764960E-01
3.538702E+03	-1.685147E+01	3.145352E-01	1.764961E-01
3.538902E+03	-1.685270E+01	3.143769E-01	1.764961E-01
3.539102E+03	-1.685205E+01	3.148084E-01	1.764961E-01
3.539302E+03	-1.685246E+01	3.153144E-01	1.764961E-01
3.539502E+03	-1.685389E+01	3.163459E-01	1.764962E-01
3.539702E+03	-1.685691E+01	3.171473E-01	1.764962E-01
3.539902E+03	-1.685890E+01	3.176720E-01	1.764962E-01
3.540102E+03	-1.686005E+01	3.189549E-01	1.764962E-01
3.540702E+03	-1.686065E+01	3.169213E-01	1.764963E-01
3.541102E+03	-1.686037E+01	3.146763E-01	1.764963E-01
3.541702E+03	-1.686042E+01	3.150117E-01	1.764964E-01
3.541902E+03	-1.686115E+01	3.162237E-01	1.764964E-01
3.542102E+03	-1.686167E+01	3.176047E-01	1.764965E-01
3.542302E+03	-1.686200E+01	3.178372E-01	1.764965E-01
3.542501E+03	-1.686295E+01	3.182293E-01	1.764965E-01
3.542702E+03	-1.686396E+01	3.199800E-01	1.764965E-01
3.542903E+03	-1.686355E+01	3.191815E-01	1.764966E-01
3.543302E+03	-1.686406E+01	3.201969E-01	1.764966E-01
3.543902E+03	-1.686478E+01	3.207015E-01	1.764967E-01
3.544102E+03	-1.686484E+01	3.206574E-01	1.764967E-01
3.544302E+03	-1.686585E+01	3.187174E-01	1.764967E-01
3.544502E+03	-1.686743E+01	3.194200E-01	1.764967E-01
3.544702E+03	-1.686799E+01	3.191887E-01	1.764968E-01
3.544902E+03	-1.686841E+01	3.186570E-01	1.764968E-01
3.545702E+03	-1.686993E+01	3.196633E-01	1.764969E-01
3.545902E+03	-1.687025E+01	3.197380E-01	1.764969E-01
3.546102E+03	-1.687129E+01	3.187526E-01	1.764969E-01
3.546302E+03	-1.687124E+01	3.170610E-01	1.764969E-01
3.546902E+03	-1.687118E+01	3.169417E-01	1.764970E-01
3.547102E+03	-1.687109E+01	3.182947E-01	1.764970E-01
3.547302E+03	-1.687100E+01	3.176604E-01	1.764970E-01
3.547502E+03	-1.687092E+01	3.175768E-01	1.764971E-01
3.547902E+03	-1.687083E+01	3.171719E-01	1.764971E-01
3.548102E+03	-1.687071E+01	3.170056E-01	1.764971E-01
3.548702E+03	-1.687055E+01	3.163737E-01	1.764972E-01
3.549102E+03	-1.687036E+01	3.158382E-01	1.764973E-01
3.549302E+03	-1.687014E+01	3.172940E-01	1.764973E-01
3.550103E+03	-1.686993E+01	3.171692E-01	1.764974E-01
3.550303E+03	-1.686973E+01	3.179256E-01	1.764974E-01
3.550703E+03	-1.686955E+01	3.172601E-01	1.764974E-01
3.550903E+03	-1.686938E+01	3.173335E-01	1.764975E-01
3.551303E+03	-1.686924E+01	3.170220E-01	1.764975E-01
3.551503E+03	-1.686912E+01	3.175798E-01	1.764975E-01
3.551903E+03	-1.686861E+01	3.185398E-01	1.764976E-01
3.552103E+03	-1.686850E+01	3.184526E-01	1.764976E-01
3.552503E+03	-1.686750E+01	3.177164E-01	1.764976E-01
3.553103E+03	-1.686800E+01	3.181782E-01	1.764977E-01
3.553703E+03	-1.686878E+01	3.165373E-01	1.764978E-01
3.553903E+03	-1.686690E+01	3.150979E-01	1.764978E-01
3.554103E+03	-1.686736E+01	3.154010E-01	1.764978E-01
3.554303E+03	-1.686666E+01	3.158611E-01	1.764978E-01
3.554503E+03	-1.686585E+01	3.146592E-01	1.764979E-01
3.554702E+03	-1.686547E+01	3.148500E-01	1.764979E-01
3.554903E+03	-1.686803E+01	3.159189E-01	1.764979E-01
3.555102E+03	-1.686867E+01	3.169572E-01	1.764979E-01
3.555302E+03	-1.686802E+01	3.165096E-01	1.764980E-01
3.555503E+03	-1.686878E+01	3.172135E-01	1.764980E-01
3.555702E+03	-1.686912E+01	3.174671E-01	1.764980E-01
3.555902E+03	-1.686841E+01	3.168355E-01	1.764980E-01
3.556102E+03	-1.686856E+01	3.167552E-01	1.764980E-01
3.556302E+03	-1.686795E+01	3.164411E-01	1.764981E-01
3.556902E+03	-1.686840E+01	3.167453E-01	1.764981E-01
3.557303E+03	-1.686680E+01	3.147571E-01	1.764982E-01
3.557503E+03	-1.686660E+01	3.150208E-01	1.764982E-01
3.557903E+03	-1.686789E+01	3.162545E-01	1.764982E-01
3.558103E+03	-1.686629E+01	3.155252E-01	1.764983E-01
3.558303E+03	-1.686726E+01	3.164995E-01	1.764983E-01
3.558503E+03	-1.686822E+01	3.176871E-01	1.764983E-01
3.558903E+03	-1.686832E+01	3.180499E-01	1.764984E-01
3.559103E+03	-1.686664E+01	3.167364E-01	1.764984E-01
3.559303E+03	-1.686675E+01	3.171733E-01	1.764984E-01
3.559503E+03	-1.686617E+01	3.169451E-01	1.764984E-01
3.560903E+03	-1.686687E+01	3.169151E-01	1.764986E-01
3.561303E+03	-1.686575E+01	3.167056E-01	1.764986E-01
3.561703E+03	-1.686674E+01	3.181128E-01	1.764987E-01
3.561903E+03	-1.686717E+01	3.185024E-01	1.764987E-01
3.562103E+03	-1.686696E+01	3.180478E-01	1.764987E-01
3.562303E+03	-1.686664E+01	3.185446E-01	1.764987E-01
3.562503E+03	-1.686625E+01	3.174533E-01	1.764988E-01
3.562703E+03	-1.686688E+01	3.175810E-01	1.764988E-01
3.562903E+03	-1.686601E+01	3.175115E-01	1.764988E-01
3.563503E+03	-1.686532E+01	3.165914E-01	1.764989E-01
3.563703E+03	-1.686478E+01	3.160079E-01	1.764989E-01
3.563903E+03	-1.686420E+01	3.155294E-01	1.764989E-01
3.564304E+03	-1.686541E+01	3.176373E-01	1.764990E-01
3.564504E+03	-1.686645E+01	3.187236E-01	1.764990E-01
3.565504E+03	-1.686857E+01	3.206925E-01	1.764991E-01
3.565704E+03	-1.686939E+01	3.202676E-01	1.764991E-01
3.565904E+03	-1.686920E+01	3.226738E-01	1.764991E-01
3.566104E+03	-1.686906E+01	3.207351E-01	1.764992E-01
3.566304E+03	-1.687050E+01	3.199867E-01	1.764992E-01
3.566704E+03	-1.686863E+01	3.183409E-01	1.764992E-01
3.566903E+03	-1.686803E+01	3.205428E-01	1.764993E-01
3.567104E+03	-1.686709E+01	3.175246E-01	1.764993E-01
3.567303E+03	-1.686627E+01	3.169823E-01	1.764993E-01
3.567503E+03	-1.686480E+01	3.159884E-01	1.764993E-01
3.567903E+03	-1.686379E+01	3.151490E-01	1.764994E-01
3.568103E+03	-1.686299E+01	3.131952E-01	1.764994E-01
3.568303E+03	-1.686248E+01	3.130733E-01	1.764994E-01
3.568503E+03	-1.686197E+01	3.120124E-01	1.764994E-01
3.568703E+03	-1.686052E+01	3.112554E-01	1.764995E-01
3.568903E+03	-1.685881E+01	3.034094E-01	1.764995E-01
3.569103E+03	-1.685733E+01	3.021709E-01	1.764995E-01
3.569703E+03	-1.685616E+01	3.001865E-01	1.764996E-01
3.569903E+03	-1.685563E+01	2.976018E-01	1.764996E-01
3.570303E+03	-1.685573E+01	2.976642E-01	1.764996E-01
3.570503E+03	-1.685775E+01	2.983799E-01	1.764997E-01
3.570703E+03	-1.685906E+01	2.934530E-01	1.764997E-01
3.570903E+03	-1.686099E+01	2.980082E-01	1.764997E-01
3.571103E+03	-1.686152E+01	2.945976E-01	1.764997E-01
3.571304E+03	-1.686341E+01	2.965146E-01	1.764998E-01
3.571904E+03	-1.686480E+01	2.985633E-01	1.764998E-01
3.572104E+03	-1.686560E+01	2.970255E-01	1.764998E-01
3.572504E+03	-1.686585E+01	2.964998E-01	1.764999E-01
3.573104E+03	-1.686664E+01	2.960203E-01	1.765000E-01
3.573304E+03	-1.686693E+01	2.961332E-01	1.765000E-01
3.573504E+03	-1.686606E+01	2.984116E-01	1.765000E-01
3.573704E+03	-1.686829E+01	2.999417E-01	1.765000E-01
3.574704E+03	-1.686789E+01	3.002644E-01	1.765001E-01
3.574904E+03	-1.686709E+01	2.926085E-01	1.765002E-01
3.575504E+03	-1.686708E+01	2.927501E-01	1.765002E-01
3.575704E+03	-1.686756E+01	2.869136E-01	1.765002E-01
3.575904E+03	-1.686868E+01	2.826697E-01	1.765003E-01
3.576304E+03	-1.687001E+01	2.864593E-01	1.765003E-01
3.576504E+03	-1.687211E+01	2.874866E-01	1.765003E-01
3.576704E+03	-1.687187E+01	2.821837E-01	1.765004E-01
3.576904E+03	-1.687147E+01	2.813046E-01	1.765004E-01
3.577504E+03	-1.687281E+01	2.819948E-01	1.765005E-01
3.578304E+03	-1.687237E+01	2.796379E-01	1.765005E-01
3.578505E+03	-1.687164E+01	2.785058E-01	1.765006E-01
3.579305E+03	-1.687227E+01	2.788334E-01	1.765007E-01
3.579505E+03	-1.687369E+01	2.788318E-01	1.765007E-01
3.579704E+03	-1.687327E+01	2.798417E-01	1.765007E-01
3.579905E+03	-1.687340E+01	2.791893E-01	1.765007E-01
3.580104E+03	-1.687570E+01	2.802070E-01	1.765007E-01
3.580304E+03	-1.687574E+01	2.777461E-01	1.765008E-01
3.580704E+03	-1.687862E+01	2.795962E-01	1.765008E-01
3.580904E+03	-1.688155E+01	2.815326E-01	1.765008E-01
3.581104E+03	-1.688136E+01	2.817928E-01	1.765009E-01
3.581304E+03	-1.688129E+01	2.813830E-01	1.765009E-01
3.581904E+03	-1.688024E+01	2.747418E-01	1.765009E-01
3.582104E+03	-1.687896E+01	2.743246E-01	1.765010E-01
3.582304E+03	-1.687872E+01	2.782529E-01	1.765010E-01
3.582704E+03	-1.687819E+01	2.783162E-01	1.765010E-01
3.583304E+03	-1.687772E+01	2.784617E-01	1.765011E-01
3.583504E+03	-1.687689E+01	2.768833E-01	1.765011E-01
3.584104E+03	-1.687629E+01	2.763103E-01	1.765012E-01
3.584504E+03	-1.687495E+01	2.760745E-01	1.765012E-01
3.584704E+03	-1.687324E+01	2.764776E-01	1.765013E-01
3.584904E+03	-1.687229E+01	2.762450E-01	1.765013E-01
3.585104E+03	-1.687175E+01	2.754809E-01	1.765013E-01
3.585304E+03	-1.687199E+01	2.776257E-01	1.765013E-01
3.585505E+03	-1.687211E+01	2.779991E-01	1.765013E-01
3.585705E+03	-1.687109E+01	2.737558E-01	1.765014E-01
3.586505E+03	-1.687023E+01	2.732397E-01	1.765015E-01
3.586905E+03	-1.687176E+01	2.746139E-01	1.765015E-01
3.587105E+03	-1.687342E+01	2.748719E-01	1.765015E-01
3.587305E+03	-1.687560E+01	2.777716E-01	1.765015E-01
3.587905E+03	-1.687697E+01	2.800765E-01	1.765016E-01
3.588105E+03	-1.687891E+01	2.817127E-01	1.765016E-01
3.588505E+03	-1.687846E+01	2.817247E-01	1.765017E-01
3.588705E+03	-1.687858E+01	2.824498E-01	1.765017E-01
3.588905E+03	-1.688024E+01	2.839205E-01	1.765017E-01
3.589105E+03	-1.687997E+01	2.828427E-01	1.765018E-01
3.589505E+03	-1.688010E+01	2.830366E-01	1.765018E-01
3.589705E+03	-1.688029E+01	2.838898E-01	1.765018E-01
3.589905E+03	-1.688007E+01	2.835109E-01	1.765018E-01
3.590105E+03	-1.688199E+01	2.843376E-01	1.765019E-01
3.590505E+03	-1.688243E+01	2.898351E-01	1.765019E-01
3.590905E+03	-1.688118E+01	2.954857E-01	1.765020E-01
3.591104E+03	-1.688384E+01	2.973654E-01	1.765020E-01
3.591305E+03	-1.688425E+01	2.990721E-01	1.765020E-01
3.592504E+03	-1.688592E+01	3.074986E-01	1.765021E-01
3.592705E+03	-1.688847E+01	3.094164E-01	1.765022E-01
3.592905E+03	-1.688861E+01	3.096328E-01	1.765022E-01
3.593305E+03	-1.688900E+01	3.099077E-01	1.765022E-01
3.593505E+03	-1.688888E+01	3.100775E-01	1.765022E-01
3.593905E+03	-1.688766E+01	3.103516E-01	1.765023E-01
3.594105E+03	-1.688645E+01	3.093523E-01	1.765023E-01
3.594505E+03	-1.688607E+01	3.088345E-01	1.765024E-01
3.594705E+03	-1.688517E+01	3.071115E-01	1.765024E-01
3.594905E+03	-1.688357E+01	3.047116E-01	1.765024E-01
3.595505E+03	-1.688386E+01	3.083636E-01	1.765025E-01
3.595705E+03	-1.688354E+01	3.094418E-01	1.765025E-01
3.595905E+03	-1.688406E+01	3.100565E-01	1.765025E-01
3.596305E+03	-1.688274E+01	3.090993E-01	1.765026E-01
3.596505E+03	-1.688265E+01	3.106214E-01	1.765026E-01
3.596705E+03	-1.688186E+01	3.172952E-01	1.765026E-01
3.597905E+03	-1.688260E+01	3.198398E-01	1.765027E-01
3.598105E+03	-1.688435E+01	3.212120E-01	1.765028E-01
3.598505E+03	-1.688407E+01	3.191903E-01	1.765028E-01
3.599105E+03	-1.688435E+01	3.252591E-01	1.765029E-01
3.601306E+03	-1.688475E+01	3.252602E-01	1.765031E-01
3.601506E+03	-1.688481E+01	3.302966E-01	1.765031E-01
3.601706E+03	-1.688510E+01	3.291819E-01	1.765032E-01
3.601906E+03	-1.688533E+01	3.294782E-01	1.765032E-01
3.602106E+03	-1.688543E+01	3.298447E-01	1.765032E-01
3.602306E+03	-1.688642E+01	3.299881E-01	1.765032E-01
3.602506E+03	-1.688620E+01	3.336778E-01	1.765032E-01
3.602706E+03	-1.688534E+01	3.320626E-01	1.765033E-01
3.603506E+03	-1.688543E+01	3.307540E-01	1.765034E-01
3.604305E+03	-1.688441E+01	3.293021E-01	1.765035E-01
3.604505E+03	-1.688291E+01	3.286786E-01	1.765036E-01
3.605105E+03	-1.688330E+01	3.296116E-01	1.765038E-01
3.605305E+03	-1.688254E+01	3.289008E-01	1.765038E-01
3.605505E+03	-1.688273E+01	3.287603E-01	1.765039E-01
3.606105E+03	-1.688311E+01	3.283478E-01	1.765041E-01
3.606305E+03	-1.688364E+01	3.279036E-01	1.765041E-01
3.606505E+03	-1.688429E+01	3.276162E-01	1.765042E-01
3.606705E+03	-1.688547E+01	3.272358E-01	1.765042E-01
3.606906E+03	-1.688656E+01	3.278422E-01	1.765043E-01
3.607306E+03	-1.688881E+01	3.274677E-01	1.765044E-01
3.607506E+03	-1.688953E+01	3.267628E-01	1.765045E-01
3.608106E+03	-1.688865E+01	3.250832E-01	1.765047E-01
3.608306E+03	-1.688774E+01	3.230734E-01	1.765047E-01
3.608506E+03	-1.688751E+01	3.229071E-01	1.765048E-01
3.608706E+03	-1.688716E+01	3.220696E-01	1.765048E-01
3.608906E+03	-1.688716E+01	3.257636E-01	1.765049E-01
3.609106E+03	-1.688690E+01	3.292877E-01	1.765049E-01
3.609506E+03	-1.688620E+01	3.295420E-01	1.765051E-01
3.610506E+03	-1.688549E+01	3.289968E-01	1.765054E-01
3.610706E+03	-1.688566E+01	3.285971E-01	1.765054E-01
3.611706E+03	-1.688505E+01	3.281503E-01	1.765057E-01
3.612106E+03	-1.688537E+01	3.333424E-01	1.765058E-01
3.612306E+03	-1.688568E+01	3.335255E-01	1.765059E-01
3.612706E+03	-1.688569E+01	3.331399E-01	1.765060E-01
3.612906E+03	-1.688505E+01	3.337554E-01	1.765061E-01
3.613106E+03	-1.688477E+01	3.331894E-01	1.765061E-01
3.613306E+03	-1.688524E+01	3.336997E-01	1.765062E-01
3.613506E+03	-1.688472E+01	3.332977E-01	1.765062E-01
3.613706E+03	-1.688472E+01	3.341706E-01	1.765063E-01
3.614107E+03	-1.688479E+01	3.340475E-01	1.765064E-01
3.614507E+03	-1.688769E+01	3.362975E-01	1.765065E-01
3.614907E+03	-1.688805E+01	3.336324E-01	1.765067E-01
3.615107E+03	-1.688891E+01	3.352148E-01	1.765067E-01
3.615307E+03	-1.688839E+01	3.335545E-01	1.765068E-01
3.615907E+03	-1.688788E+01	3.343193E-01	1.765070E-01
3.616307E+03	-1.688778E+01	3.346775E-01	1.765071E-01
3.616506E+03	-1.688874E+01	3.354972E-01	1.765071E-01
3.616706E+03	-1.688857E+01	3.344123E-01	1.765072E-01
3.616906E+03	-1.689120E+01	3.352634E-01	1.765072E-01
3.617506E+03	-1.689415E+01	3.375368E-01	1.765074E-01
3.617706E+03	-1.689634E+01	3.393819E-01	1.765075E-01
3.618106E+03	-1.689626E+01	3.393560E-01	1.765076E-01
3.618306E+03	-1.689932E+01	3.418376E-01	1.765077E-01
3.618906E+03	-1.689967E+01	3.422146E-01	1.765078E-01
3.619106E+03	-1.690064E+01	3.421902E-01	1.765079E-01
3.619706E+03	-1.690061E+01	3.412175E-01	1.765081E-01
3.620306E+03	-1.690132E+01	3.418886E-01	1.765082E-01
3.620706E+03	-1.690152E+01	3.404987E-01	1.765084E-01
3.620906E+03	-1.690198E+01	3.409782E-01	1.765084E-01
3.621307E+03	-1.690233E+01	3.406588E-01	1.765085E-01
3.621507E+03	-1.690185E+01	3.410255E-01	1.765086E-01
3.621907E+03	-1.690244E+01	3.403059E-01	1.765087E-01
3.622107E+03	-1.690190E+01	3.388013E-01	1.765088E-01
3.622707E+03	-1.690227E+01	3.391233E-01	1.765090E-01
3.622907E+03	-1.690029E+01	3.387654E-01	1.765090E-01
3.623107E+03	-1.689961E+01	3.381868E-01	1.765091E-01
3.623307E+03	-1.689954E+01	3.377755E-01	1.765091E-01
3.623907E+03	-1.690121E+01	3.389158E-01	1.765093E-01
3.624907E+03	-1.690217E+01	3.400856E-01	1.765096E-01
3.625107E+03	-1.690190E+01	3.403589E-01	1.765097E-01
3.625307E+03	-1.690175E+01	3.400512E-01	1.765097E-01
3.626107E+03	-1.690232E+01	3.401854E-01	1.765100E-01
3.626507E+03	-1.690086E+01	3.393566E-01	1.765101E-01
3.626707E+03	-1.690029E+01	3.386774E-01	1.765101E-01
3.626907E+03	-1.690044E+01	3.391973E-01	1.765102E-01
3.627107E+03	-1.690067E+01	3.392924E-01	1.765102E-01
3.627307E+03	-1.689967E+01	3.383123E-01	1.765103E-01
3.627907E+03	-1.690063E+01	3.386390E-01	1.765105E-01
3.628108E+03	-1.690154E+01	3.388488E-01	1.765105E-01
3.628307E+03	-1.690133E+01	3.379511E-01	1.765106E-01
3.629107E+03	-1.690047E+01	3.365129E-01	1.765108E-01
3.629307E+03	-1.690165E+01	3.365878E-01	1.765109E-01
3.629507E+03	-1.690138E+01	3.354443E-01	1.765109E-01
3.629907E+03	-1.690084E+01	3.340325E-01	1.765111E-01
3.630107E+03	-1.690060E+01	3.327499E-01	1.765111E-01
3.630307E+03	-1.690090E+01	3.318363E-01	1.765112E-01
3.631107E+03	-1.689938E+01	3.300736E-01	1.765114E-01
3.631307E+03	-1.689845E+01	3.285971E-01	1.765115E-01
3.632107E+03	-1.689796E+01	3.272472E-01	1.765117E-01
3.632307E+03	-1.689864E+01	3.263264E-01	1.765118E-01
3.632907E+03	-1.689879E+01	3.260151E-01	1.765119E-01
3.633107E+03	-1.689998E+01	3.280784E-01	1.765120E-01
3.633507E+03	-1.690058E+01	3.283834E-01	1.765121E-01
3.633707E+03	-1.690211E+01	3.276641E-01	1.765122E-01
3.633907E+03	-1.690177E+01	3.276720E-01	1.765122E-01
3.634107E+03	-1.690012E+01	3.268262E-01	1.765123E-01
3.634507E+03	-1.689869E+01	3.272607E-01	1.765124E-01
3.634707E+03	-1.690071E+01	3.270054E-01	1.765125E-01
3.635308E+03	-1.690262E+01	3.264252E-01	1.765126E-01
3.635508E+03	-1.690272E+01	3.272419E-01	1.765127E-01
3.635708E+03	-1.690226E+01	3.269059E-01	1.765128E-01
3.636108E+03	-1.690307E+01	3.277126E-01	1.765129E-01
3.636308E+03	-1.690447E+01	3.291384E-01	1.765129E-01
3.636508E+03	-1.690374E+01	3.279849E-01	1.765130E-01
3.636708E+03	-1.690299E+01	3.272508E-01	1.765131E-01
3.636908E+03	-1.690398E+01	3.269359E-01	1.765131E-01
3.637108E+03	-1.690344E+01	3.270325E-01	1.765132E-01
3.637508E+03	-1.690292E+01	3.277989E-01	1.765133E-01
3.638108E+03	-1.690147E+01	3.270643E-01	1.765135E-01
3.638308E+03	-1.690103E+01	3.270520E-01	1.765135E-01
3.638508E+03	-1.690005E+01	3.271196E-01	1.765136E-01
3.638708E+03	-1.690007E+01	3.263425E-01	1.765136E-01
3.639907E+03	-1.689979E+01	3.274529E-01	1.765140E-01
3.640108E+03	-1.690242E+01	3.261281E-01	1.765141E-01
3.640307E+03	-1.690513E+01	3.285083E-01	1.765141E-01
3.640508E+03	-1.690472E+01	3.287263E-01	1.765142E-01
3.640907E+03	-1.690534E+01	3.285701E-01	1.765143E-01
3.641107E+03	-1.690500E+01	3.287933E-01	1.765143E-01
3.641507E+03	-1.690452E+01	3.285536E-01	1.765145E-01
3.641707E+03	-1.690348E+01	3.279393E-01	1.765145E-01
3.641907E+03	-1.690523E+01	3.292588E-01	1.765146E-01
3.642107E+03	-1.690730E+01	3.284744E-01	1.765146E-01
3.642908E+03	-1.690751E+01	3.291385E-01	1.765149E-01
3.643108E+03	-1.690778E+01	3.293947E-01	1.765149E-01
3.643308E+03	-1.690902E+01	3.304982E-01	1.765150E-01
3.643708E+03	-1.691147E+01	3.315858E-01	1.765151E-01
3.644308E+03	-1.691111E+01	3.306742E-01	1.765153E-01
3.645108E+03	-1.691149E+01	3.296422E-01	1.765155E-01
3.645308E+03	-1.691026E+01	3.263765E-01	1.765156E-01
3.645508E+03	-1.690940E+01	3.246959E-01	1.765156E-01
3.645708E+03	-1.690962E+01	3.248976E-01	1.765157E-01
3.645908E+03	-1.690842E+01	3.238484E-01	1.765157E-01
3.646108E+03	-1.690713E+01	3.221211E-01	1.765158E-01
3.646308E+03	-1.690680E+01	3.218543E-01	1.765159E-01
3.646908E+03	-1.690590E+01	3.209936E-01	1.765160E-01
3.647108E+03	-1.690786E+01	3.225914E-01	1.765161E-01
3.647708E+03	-1.690783E+01	3.224061E-01	1.765163E-01
3.647908E+03	-1.690781E+01	3.218421E-01	1.765163E-01
3.648108E+03	-1.690752E+01	3.218910E-01	1.765164E-01
3.648308E+03	-1.690661E+01	3.208345E-01	1.765164E-01
3.648708E+03	-1.690608E+01	3.190752E-01	1.765166E-01
3.648908E+03	-1.690528E+01	3.187538E-01	1.765166E-01
3.649108E+03	-1.690576E+01	3.178489E-01	1.765167E-01
3.649308E+03	-1.690529E+01	3.166895E-01	1.765167E-01
3.649509E+03	-1.690618E+01	3.172441E-01	1.765168E-01
3.649909E+03	-1.690563E+01	3.165028E-01	1.765169E-01
3.650309E+03	-1.690629E+01	3.160619E-01	1.765170E-01
3.650509E+03	-1.690721E+01	3.129645E-01	1.765171E-01
3.650709E+03	-1.690734E+01	3.120522E-01	1.765171E-01
3.650909E+03	-1.690725E+01	3.118110E-01	1.765172E-01
3.651509E+03	-1.690743E+01	3.126721E-01	1.765174E-01
3.652108E+03	-1.690784E+01	3.133967E-01	1.765176E-01
3.652508E+03	-1.690854E+01	3.142317E-01	1.765177E-01
3.653708E+03	-1.690918E+01	3.144199E-01	1.765180E-01
3.653908E+03	-1.691101E+01	3.163154E-01	1.765181E-01
3.654108E+03	-1.691237E+01	3.164572E-01	1.765181E-01
3.654308E+03	-1.691276E+01	3.145850E-01	1.765182E-01
3.654508E+03	-1.691504E+01	3.155486E-01	1.765183E-01
3.654908E+03	-1.691536E+01	3.159475E-01	1.765184E-01
3.655508E+03	-1.691549E+01	3.158795E-01	1.765185E-01
3.655708E+03	-1.691582E+01	3.159452E-01	1.765186E-01
3.656108E+03	-1.691604E+01	3.161016E-01	1.765187E-01
3.656308E+03	-1.691530E+01	3.138302E-01	1.765188E-01
3.656509E+03	-1.691624E+01	3.134265E-01	1.765188E-01
3.656709E+03	-1.691791E+01	3.152569E-01	1.765189E-01
3.656909E+03	-1.691748E+01	3.146823E-01	1.765190E-01
3.657509E+03	-1.691609E+01	3.133183E-01	1.765191E-01
3.657709E+03	-1.691713E+01	3.133538E-01	1.765192E-01
3.658109E+03	-1.691681E+01	3.129617E-01	1.765193E-01
3.658709E+03	-1.691642E+01	3.134343E-01	1.765195E-01
3.659109E+03	-1.691680E+01	3.134595E-01	1.765196E-01
3.659309E+03	-1.691601E+01	3.130925E-01	1.765197E-01
3.659509E+03	-1.691587E+01	3.127092E-01	1.765197E-01
3.660709E+03	-1.691572E+01	3.091901E-01	1.765201E-01
3.660909E+03	-1.691601E+01	3.058354E-01	1.765201E-01
3.661709E+03	-1.691620E+01	3.054406E-01	1.765204E-01
3.661909E+03	-1.691634E+01	3.042637E-01	1.765204E-01
3.662509E+03	-1.691400E+01	2.954499E-01	1.765206E-01
3.662709E+03	-1.691311E+01	2.953710E-01	1.765206E-01
3.662909E+03	-1.691361E+01	2.956001E-01	1.765207E-01
3.663309E+03	-1.691402E+01	2.960208E-01	1.765208E-01
3.663509E+03	-1.691537E+01	2.973810E-01	1.765209E-01
3.663910E+03	-1.691659E+01	2.965638E-01	1.765210E-01
3.664110E+03	-1.691497E+01	2.966850E-01	1.765210E-01
3.664309E+03	-1.691371E+01	2.958996E-01	1.765211E-01
3.664909E+03	-1.691344E+01	2.957466E-01	1.765213E-01
3.665109E+03	-1.691304E+01	2.955684E-01	1.765213E-01
3.666109E+03	-1.691289E+01	2.899501E-01	1.765216E-01
3.666309E+03	-1.691251E+01	2.852517E-01	1.765217E-01
3.666909E+03	-1.691243E+01	2.844491E-01	1.765219E-01
3.667109E+03	-1.691192E+01	2.838980E-01	1.765219E-01
3.667709E+03	-1.691176E+01	2.814744E-01	1.765221E-01
3.667909E+03	-1.690982E+01	2.711555E-01	1.765222E-01
3.668109E+03	-1.690907E+01	2.673188E-01	1.765222E-01
3.668509E+03	-1.691014E+01	2.688239E-01	1.765223E-01
3.668709E+03	-1.691133E+01	2.695812E-01	1.765224E-01
3.668909E+03	-1.691181E+01	2.633458E-01	1.765224E-01
3.670309E+03	-1.691121E+01	2.633329E-01	1.765228E-01
3.670509E+03	-1.691334E+01	2.574326E-01	1.765229E-01
3.671910E+03	-1.691353E+01	2.574429E-01	1.765233E-01
3.672110E+03	-1.691408E+01	2.582600E-01	1.765234E-01
3.672710E+03	-1.691491E+01	2.579813E-01	1.765235E-01
3.673110E+03	-1.691660E+01	2.589132E-01	1.765237E-01
3.673310E+03	-1.691642E+01	2.530401E-01	1.765237E-01
3.674110E+03	-1.691603E+01	2.527380E-01	1.765239E-01
3.674310E+03	-1.691687E+01	2.537399E-01	1.765240E-01
3.674510E+03	-1.691939E+01	2.566518E-01	1.765241E-01
3.674710E+03	-1.692087E+01	2.575212E-01	1.765241E-01
3.675110E+03	-1.692051E+01	2.593932E-01	1.765242E-01
3.675310E+03	-1.692168E+01	2.601569E-01	1.765243E-01
3.675710E+03	-1.692188E+01	2.599032E-01	1.765244E-01
3.676510E+03	-1.692058E+01	2.592613E-01	1.765246E-01
3.676709E+03	-1.692366E+01	2.611628E-01	1.765247E-01
3.676910E+03	-1.692354E+01	2.610645E-01	1.765248E-01
3.677109E+03	-1.692657E+01	2.630304E-01	1.765248E-01
3.677309E+03	-1.692740E+01	2.639539E-01	1.765249E-01
3.677509E+03	-1.692678E+01	2.637634E-01	1.765249E-01
3.678110E+03	-1.692809E+01	2.650003E-01	1.765251E-01
3.678310E+03	-1.693013E+01	2.662958E-01	1.765252E-01
3.679110E+03	-1.692929E+01	2.660026E-01	1.765254E-01
3.679310E+03	-1.693005E+01	2.669460E-01	1.765255E-01
3.679510E+03	-1.693050E+01	2.671587E-01	1.765255E-01
3.680510E+03	-1.693030E+01	2.608447E-01	1.765258E-01
3.680710E+03	-1.693150E+01	2.556861E-01	1.765259E-01
3.681110E+03	-1.693465E+01	2.562518E-01	1.765260E-01
3.681310E+03	-1.693601E+01	2.574593E-01	1.765260E-01
3.681510E+03	-1.693951E+01	2.593843E-01	1.765261E-01
3.681710E+03	-1.694206E+01	2.613902E-01	1.765261E-01
3.682310E+03	-1.694175E+01	2.522860E-01	1.765263E-01
3.682510E+03	-1.694353E+01	2.552032E-01	1.765264E-01
3.682710E+03	-1.694689E+01	2.576180E-01	1.765264E-01
3.683110E+03	-1.694881E+01	2.533543E-01	1.765266E-01
3.683310E+03	-1.695106E+01	2.547673E-01	1.765266E-01
3.684310E+03	-1.695153E+01	2.558653E-01	1.765269E-01
3.685111E+03	-1.695213E+01	2.560812E-01	1.765271E-01
3.685911E+03	-1.695184E+01	2.545659E-01	1.765274E-01
3.686111E+03	-1.695028E+01	2.524332E-01	1.765274E-01
3.686311E+03	-1.695044E+01	2.525063E-01	1.765275E-01
3.686711E+03	-1.694953E+01	2.522037E-01	1.765276E-01
3.687111E+03	-1.694988E+01	2.506192E-01	1.765277E-01
3.687311E+03	-1.695191E+01	2.517911E-01	1.765278E-01
3.687511E+03	-1.695222E+01	2.500529E-01	1.765279E-01
3.687711E+03	-1.695148E+01	2.486500E-01	1.765280E-01
3.688110E+03	-1.695104E+01	2.483852E-01	1.765282E-01
3.688311E+03	-1.695125E+01	2.485206E-01	1.765283E-01
3.688510E+03	-1.695490E+01	2.510223E-01	1.765284E-01
3.688711E+03	-1.695713E+01	2.533707E-01	1.765285E-01
3.689310E+03	-1.695683E+01	2.530808E-01	1.765288E-01
3.689510E+03	-1.695863E+01	2.537582E-01	1.765289E-01
3.689710E+03	-1.695878E+01	2.535475E-01	1.765290E-01
3.690910E+03	-1.695894E+01	2.532630E-01	1.765296E-01
3.691110E+03	-1.695985E+01	2.534610E-01	1.765297E-01
3.691310E+03	-1.696107E+01	2.544773E-01	1.765298E-01
3.691710E+03	-1.696082E+01	2.558718E-01	1.765300E-01
3.691911E+03	-1.696206E+01	2.561930E-01	1.765301E-01
3.692111E+03	-1.696385E+01	2.574303E-01	1.765302E-01
3.692711E+03	-1.696650E+01	2.592390E-01	1.765304E-01
3.692911E+03	-1.696749E+01	2.596614E-01	1.765305E-01
3.693111E+03	-1.697060E+01	2.615518E-01	1.765306E-01
3.693311E+03	-1.697282E+01	2.639729E-01	1.765307E-01
3.693511E+03	-1.697438E+01	2.651149E-01	1.765308E-01
3.693711E+03	-1.697362E+01	2.631416E-01	1.765309E-01
3.693911E+03	-1.697290E+01	2.624526E-01	1.765310E-01
3.694311E+03	-1.697280E+01	2.623601E-01	1.765312E-01
3.694511E+03	-1.697213E+01	2.623352E-01	1.765313E-01
3.694711E+03	-1.697199E+01	2.603232E-01	1.765314E-01
3.694911E+03	-1.697310E+01	2.613554E-01	1.765315E-01
3.695511E+03	-1.697384E+01	2.620667E-01	1.765318E-01
3.695711E+03	-1.697630E+01	2.640362E-01	1.765319E-01
3.695911E+03	-1.697680E+01	2.630900E-01	1.765320E-01
3.696311E+03	-1.697781E+01	2.632491E-01	1.765322E-01
3.697111E+03	-1.697956E+01	2.629794E-01	1.765326E-01
3.697311E+03	-1.697926E+01	2.624727E-01	1.765327E-01
3.697511E+03	-1.698034E+01	2.626346E-01	1.765328E-01
3.697711E+03	-1.697968E+01	2.638852E-01	1.765329E-01
3.698111E+03	-1.697820E+01	2.627117E-01	1.765331E-01
3.698311E+03	-1.697659E+01	2.615923E-01	1.765332E-01
3.698511E+03	-1.697590E+01	2.611031E-01	1.765333E-01
3.699712E+03	-1.697551E+01	2.618737E-01	1.765339E-01
3.699912E+03	-1.697525E+01	2.618281E-01	1.765340E-01
3.700111E+03	-1.697513E+01	2.619323E-01	1.765340E-01
3.700311E+03	-1.697516E+01	2.620578E-01	1.765341E-01
3.700512E+03	-1.697533E+01	2.665004E-01	1.765342E-01
3.700912E+03	-1.697568E+01	2.696309E-01	1.765344E-01
3.701111E+03	-1.697620E+01	2.699337E-01	1.765345E-01
3.701311E+03	-1.697724E+01	2.719648E-01	1.765346E-01
3.701511E+03	-1.697838E+01	2.791485E-01	1.765347E-01
3.701711E+03	-1.697974E+01	2.795132E-01	1.765348E-01
3.701911E+03	-1.698144E+01	2.758156E-01	1.765349E-01
3.702111E+03	-1.698216E+01	2.769865E-01	1.765350E-01
3.702311E+03	-1.698200E+01	2.799033E-01	1.765351E-01
3.702511E+03	-1.698536E+01	2.813265E-01	1.765352E-01
3.702711E+03	-1.698720E+01	2.819978E-01	1.765353E-01
3.703311E+03	-1.698948E+01	2.822926E-01	1.765356E-01
3.703511E+03	-1.699073E+01	2.805772E-01	1.765357E-01
3.703711E+03	-1.699310E+01	2.820141E-01	1.765358E-01
3.703911E+03	-1.699519E+01	2.843127E-01	1.765359E-01
3.704111E+03	-1.699743E+01	2.855037E-01	1.765360E-01
3.704311E+03	-1.699812E+01	2.859748E-01	1.765361E-01
3.704511E+03	-1.699898E+01	2.880470E-01	1.765362E-01
3.704711E+03	-1.700060E+01	2.889096E-01	1.765363E-01
3.704911E+03	-1.700205E+01	2.894238E-01	1.765364E-01
3.705311E+03	-1.700294E+01	2.899594E-01	1.765366E-01
3.705511E+03	-1.700468E+01	2.904353E-01	1.765367E-01
3.705711E+03	-1.700800E+01	2.905147E-01	1.765368E-01
3.705911E+03	-1.700862E+01	2.899301E-01	1.765369E-01
3.706112E+03	-1.700958E+01	2.912132E-01	1.765370E-01
3.706312E+03	-1.701116E+01	2.947528E-01	1.765371E-01
3.706912E+03	-1.701300E+01	2.969877E-01	1.765374E-01
3.707112E+03	-1.701394E+01	2.965169E-01	1.765374E-01
3.707312E+03	-1.701475E+01	2.970886E-01	1.765375E-01
3.708312E+03	-1.701535E+01	2.948089E-01	1.765380E-01
3.708512E+03	-1.701580E+01	2.916310E-01	1.765381E-01
3.708712E+03	-1.701833E+01	2.930587E-01	1.765382E-01
3.708912E+03	-1.702115E+01	2.940694E-01	1.765383E-01
3.709112E+03	-1.702213E+01	2.947589E-01	1.765384E-01
3.709312E+03	-1.702536E+01	2.960744E-01	1.765385E-01
3.709912E+03	-1.702563E+01	2.993264E-01	1.765388E-01
3.710712E+03	-1.702599E+01	2.995473E-01	1.765392E-01
3.711112E+03	-1.702615E+01	2.989269E-01	1.765394E-01
3.711712E+03	-1.702739E+01	2.978423E-01	1.765397E-01
3.712512E+03	-1.702794E+01	2.980216E-01	1.765401E-01
3.712711E+03	-1.703006E+01	2.994325E-01	1.765402E-01
3.712912E+03	-1.703146E+01	2.998639E-01	1.765403E-01
3.713113E+03	-1.703344E+01	3.011606E-01	1.765404E-01
3.713312E+03	-1.703438E+01	3.017534E-01	1.765405E-01
3.713512E+03	-1.703446E+01	3.018240E-01	1.765406E-01
3.714112E+03	-1.703498E+01	3.022472E-01	1.765408E-01
3.714712E+03	-1.703660E+01	3.035332E-01	1.765411E-01
3.714912E+03	-1.703714E+01	3.041732E-01	1.765412E-01
3.715112E+03	-1.703696E+01	3.041043E-01	1.765413E-01
3.715312E+03	-1.704016E+01	3.062293E-01	1.765414E-01
3.715512E+03	-1.703967E+01	3.075354E-01	1.765415E-01
3.715912E+03	-1.704019E+01	3.078493E-01	1.765417E-01
3.716112E+03	-1.704285E+01	3.092382E-01	1.765418E-01
3.716912E+03	-1.704559E+01	3.109905E-01	1.765422E-01
3.717512E+03	-1.704790E+01	3.124435E-01	1.765425E-01
3.717712E+03	-1.704978E+01	3.135650E-01	1.765426E-01
3.717912E+03	-1.705224E+01	3.151609E-01	1.765427E-01
3.718312E+03	-1.705355E+01	3.159895E-01	1.765429E-01
3.718512E+03	-1.705411E+01	3.163194E-01	1.765430E-01
3.718712E+03	-1.705517E+01	3.171716E-01	1.765431E-01
3.718912E+03	-1.705538E+01	3.174751E-01	1.765432E-01
3.719512E+03	-1.705564E+01	3.178722E-01	1.765435E-01
3.719712E+03	-1.705603E+01	3.185036E-01	1.765436E-01
3.719912E+03	-1.705609E+01	3.195326E-01	1.765436E-01
3.720112E+03	-1.705504E+01	3.194870E-01	1.765437E-01
3.720313E+03	-1.705645E+01	3.202927E-01	1.765438E-01
3.720513E+03	-1.705725E+01	3.218676E-01	1.765439E-01
3.720713E+03	-1.705863E+01	3.223959E-01	1.765440E-01
3.720913E+03	-1.706046E+01	3.228498E-01	1.765441E-01
3.721113E+03	-1.705977E+01	3.209857E-01	1.765442E-01
3.721313E+03	-1.706001E+01	3.215776E-01	1.765443E-01
3.721713E+03	-1.706114E+01	3.231229E-01	1.765445E-01
3.722113E+03	-1.706140E+01	3.240751E-01	1.765447E-01
3.722313E+03	-1.706344E+01	3.242685E-01	1.765448E-01
3.722513E+03	-1.706611E+01	3.251824E-01	1.765449E-01
3.722913E+03	-1.706734E+01	3.264616E-01	1.765451E-01
3.723113E+03	-1.706545E+01	3.253303E-01	1.765452E-01
3.723313E+03	-1.706506E+01	3.247590E-01	1.765453E-01
3.723513E+03	-1.706550E+01	3.261460E-01	1.765454E-01
3.723713E+03	-1.706478E+01	3.254066E-01	1.765455E-01
3.724512E+03	-1.706460E+01	3.237098E-01	1.765459E-01
3.725113E+03	-1.706377E+01	3.235992E-01	1.765462E-01
3.725312E+03	-1.706426E+01	3.236036E-01	1.765463E-01
3.725512E+03	-1.706516E+01	3.261480E-01	1.765464E-01
3.725912E+03	-1.706523E+01	3.245772E-01	1.765465E-01
3.726112E+03	-1.706494E+01	3.236117E-01	1.765466E-01
3.726312E+03	-1.706392E+01	3.229574E-01	1.765467E-01
3.726912E+03	-1.706461E+01	3.233015E-01	1.765470E-01
3.727112E+03	-1.706516E+01	3.206924E-01	1.765471E-01
3.727313E+03	-1.706527E+01	3.154430E-01	1.765472E-01
3.727513E+03	-1.706537E+01	3.171545E-01	1.765473E-01
3.727713E+03	-1.706350E+01	3.179574E-01	1.765474E-01
3.727913E+03	-1.706070E+01	3.142960E-01	1.765475E-01
3.728113E+03	-1.705945E+01	3.129738E-01	1.765476E-01
3.728313E+03	-1.705881E+01	3.136330E-01	1.765477E-01
3.728513E+03	-1.705740E+01	3.129956E-01	1.765478E-01
3.729113E+03	-1.705711E+01	3.123007E-01	1.765481E-01
3.729313E+03	-1.705540E+01	3.111097E-01	1.765482E-01
3.729513E+03	-1.705293E+01	3.081386E-01	1.765483E-01
3.729713E+03	-1.705225E+01	3.102435E-01	1.765484E-01
3.729913E+03	-1.705195E+01	3.100360E-01	1.765485E-01
3.730113E+03	-1.705012E+01	3.082079E-01	1.765486E-01
3.730313E+03	-1.704843E+01	3.087660E-01	1.765487E-01
3.730513E+03	-1.704736E+01	3.081601E-01	1.765488E-01
3.730713E+03	-1.704646E+01	3.091949E-01	1.765489E-01
3.730913E+03	-1.704545E+01	3.082393E-01	1.765490E-01
3.731113E+03	-1.704712E+01	3.083261E-01	1.765491E-01
3.731313E+03	-1.704695E+01	3.100832E-01	1.765492E-01
3.731913E+03	-1.704821E+01	3.110204E-01	1.765494E-01
3.732113E+03	-1.704831E+01	3.094555E-01	1.765495E-01
3.732313E+03	-1.704728E+01	3.095669E-01	1.765496E-01
3.732513E+03	-1.704537E+01	3.062790E-01	1.765497E-01
3.732713E+03	-1.704639E+01	3.064796E-01	1.765498E-01
3.732913E+03	-1.704785E+01	3.079283E-01	1.765499E-01
3.733513E+03	-1.704756E+01	3.079248E-01	1.765502E-01
3.733713E+03	-1.704497E+01	3.074210E-01	1.765503E-01
3.733913E+03	-1.704364E+01	3.067253E-01	1.765504E-01
3.734113E+03	-1.704415E+01	3.083440E-01	1.765505E-01
3.734314E+03	-1.704463E+01	3.080640E-01	1.765506E-01
3.734514E+03	-1.704358E+01	3.093039E-01	1.765507E-01
3.734714E+03	-1.704306E+01	3.086690E-01	1.765508E-01
3.734914E+03	-1.704179E+01	3.058748E-01	1.765509E-01
3.735114E+03	-1.704145E+01	3.092276E-01	1.765510E-01
3.735314E+03	-1.704085E+01	3.065256E-01	1.765511E-01
3.735514E+03	-1.704048E+01	3.052817E-01	1.765512E-01
3.735714E+03	-1.703903E+01	3.042665E-01	1.765513E-01
3.736114E+03	-1.703715E+01	3.034593E-01	1.765515E-01
3.736314E+03	-1.703570E+01	3.024717E-01	1.765516E-01
3.736514E+03	-1.703827E+01	3.055472E-01	1.765517E-01
3.736713E+03	-1.703656E+01	3.058738E-01	1.765518E-01
3.736914E+03	-1.703557E+01	3.045184E-01	1.765519E-01
3.737113E+03	-1.703558E+01	3.043614E-01	1.765519E-01
3.737514E+03	-1.703578E+01	3.044714E-01	1.765521E-01
3.737713E+03	-1.703575E+01	3.047306E-01	1.765522E-01
3.737913E+03	-1.703369E+01	3.028674E-01	1.765523E-01
3.739113E+03	-1.703211E+01	3.030375E-01	1.765529E-01
3.739313E+03	-1.703281E+01	3.044009E-01	1.765530E-01
3.739513E+03	-1.703121E+01	3.043374E-01	1.765531E-01
3.739713E+03	-1.702954E+01	3.028283E-01	1.765532E-01
3.740113E+03	-1.702972E+01	3.029861E-01	1.765534E-01
3.740313E+03	-1.702852E+01	3.022764E-01	1.765535E-01
3.740513E+03	-1.702977E+01	3.029538E-01	1.765536E-01
3.740713E+03	-1.702854E+01	3.031746E-01	1.765537E-01
3.740913E+03	-1.703037E+01	3.056627E-01	1.765538E-01
3.741113E+03	-1.702924E+01	3.030219E-01	1.765539E-01
3.741314E+03	-1.702963E+01	3.020325E-01	1.765540E-01
3.741914E+03	-1.702902E+01	3.014319E-01	1.765543E-01
3.742714E+03	-1.702791E+01	3.009099E-01	1.765546E-01
3.742914E+03	-1.702733E+01	2.992615E-01	1.765547E-01
3.743114E+03	-1.702655E+01	3.000423E-01	1.765548E-01
3.743314E+03	-1.702610E+01	3.008288E-01	1.765549E-01
3.743514E+03	-1.702519E+01	3.004534E-01	1.765550E-01
3.743714E+03	-1.702603E+01	3.011264E-01	1.765551E-01
3.743914E+03	-1.702594E+01	3.036217E-01	1.765552E-01
3.744114E+03	-1.702317E+01	3.013171E-01	1.765553E-01
3.744314E+03	-1.701998E+01	2.992334E-01	1.765554E-01
3.744514E+03	-1.701879E+01	2.985052E-01	1.765555E-01
3.745314E+03	-1.701637E+01	2.956670E-01	1.765559E-01
3.745514E+03	-1.701318E+01	2.935116E-01	1.765560E-01
3.745714E+03	-1.700986E+01	2.907318E-01	1.765561E-01
3.746114E+03	-1.700767E+01	2.886795E-01	1.765563E-01
3.746314E+03	-1.700485E+01	2.855833E-01	1.765564E-01
3.746514E+03	-1.700607E+01	2.859837E-01	1.765565E-01
3.746714E+03	-1.700665E+01	2.863322E-01	1.765566E-01
3.746914E+03	-1.700703E+01	2.863936E-01	1.765567E-01
3.747914E+03	-1.700528E+01	2.852700E-01	1.765571E-01
3.748114E+03	-1.700445E+01	2.845460E-01	1.765572E-01
3.748314E+03	-1.700438E+01	2.871900E-01	1.765573E-01
3.748515E+03	-1.700406E+01	2.857022E-01	1.765574E-01
3.748715E+03	-1.700173E+01	2.846803E-01	1.765575E-01
3.748914E+03	-1.699855E+01	2.831636E-01	1.765576E-01
3.749914E+03	-1.699895E+01	2.842329E-01	1.765581E-01
3.750114E+03	-1.699575E+01	2.831263E-01	1.765582E-01
3.750314E+03	-1.699300E+01	2.825080E-01	1.765583E-01
3.750714E+03	-1.699091E+01	2.802864E-01	1.765585E-01
3.750914E+03	-1.698990E+01	2.796643E-01	1.765586E-01
3.751114E+03	-1.698860E+01	2.794654E-01	1.765587E-01
3.751314E+03	-1.698864E+01	2.795106E-01	1.765588E-01
3.751514E+03	-1.698891E+01	2.816056E-01	1.765589E-01
3.751714E+03	-1.698794E+01	2.818436E-01	1.765590E-01
3.751914E+03	-1.698674E+01	2.810777E-01	1.765591E-01
3.752314E+03	-1.698676E+01	2.821737E-01	1.765592E-01
3.752914E+03	-1.698509E+01	2.802745E-01	1.765595E-01
3.753114E+03	-1.698306E+01	2.790710E-01	1.765596E-01
3.753514E+03	-1.698271E+01	2.791730E-01	1.765598E-01
3.753914E+03	-1.698300E+01	2.793712E-01	1.765600E-01
3.754514E+03	-1.698173E+01	2.794919E-01	1.765603E-01
3.754714E+03	-1.697930E+01	2.781309E-01	1.765604E-01
3.754914E+03	-1.697962E+01	2.780773E-01	1.765605E-01
3.755114E+03	-1.698145E+01	2.785363E-01	1.765606E-01
3.755314E+03	-1.697896E+01	2.771381E-01	1.765607E-01
3.755515E+03	-1.697915E+01	2.783735E-01	1.765608E-01
3.755715E+03	-1.698173E+01	2.856995E-01	1.765609E-01
3.756915E+03	-1.698033E+01	2.874395E-01	1.765615E-01
3.757115E+03	-1.697922E+01	2.868193E-01	1.765615E-01
3.757315E+03	-1.697849E+01	2.878545E-01	1.765616E-01
3.757715E+03	-1.697714E+01	2.869297E-01	1.765618E-01
3.757915E+03	-1.697473E+01	2.827923E-01	1.765619E-01
3.758115E+03	-1.697420E+01	2.792920E-01	1.765620E-01
3.758315E+03	-1.697303E+01	2.784825E-01	1.765621E-01
3.758515E+03	-1.697079E+01	2.748634E-01	1.765622E-01
3.758715E+03	-1.696934E+01	2.678355E-01	1.765623E-01
3.758915E+03	-1.697052E+01	2.695911E-01	1.765624E-01
3.759315E+03	-1.697022E+01	2.696763E-01	1.765626E-01
3.759515E+03	-1.696791E+01	2.675840E-01	1.765627E-01
3.759715E+03	-1.696671E+01	2.641497E-01	1.765628E-01
3.760315E+03	-1.696704E+01	2.674396E-01	1.765631E-01
3.760515E+03	-1.696817E+01	2.695248E-01	1.765632E-01
3.760715E+03	-1.696820E+01	2.690463E-01	1.765633E-01
3.760914E+03	-1.696647E+01	2.677130E-01	1.765634E-01
3.761115E+03	-1.696449E+01	2.666244E-01	1.765635E-01
3.761314E+03	-1.696687E+01	2.661668E-01	1.765636E-01
3.761914E+03	-1.696660E+01	2.660081E-01	1.765638E-01
3.762114E+03	-1.696838E+01	2.668522E-01	1.765639E-01
3.762314E+03	-1.696875E+01	2.651729E-01	1.765640E-01
3.762515E+03	-1.696828E+01	2.646506E-01	1.765641E-01
3.762715E+03	-1.696875E+01	2.645477E-01	1.765642E-01
3.762915E+03	-1.696881E+01	2.647204E-01	1.765643E-01
3.763115E+03	-1.696911E+01	2.649044E-01	1.765644E-01
3.763315E+03	-1.696843E+01	2.647374E-01	1.765645E-01
3.763715E+03	-1.696814E+01	2.639264E-01	1.765647E-01
3.763915E+03	-1.696849E+01	2.630969E-01	1.765648E-01
3.764515E+03	-1.696595E+01	2.590359E-01	1.765651E-01
3.764715E+03	-1.696478E+01	2.582411E-01	1.765652E-01
3.765315E+03	-1.696393E+01	2.569318E-01	1.765655E-01
3.765715E+03	-1.696244E+01	2.564078E-01	1.765657E-01
3.765915E+03	-1.696220E+01	2.566753E-01	1.765658E-01
3.766115E+03	-1.696157E+01	2.569762E-01	1.765659E-01
3.766315E+03	-1.696125E+01	2.566476E-01	1.765659E-01
3.766715E+03	-1.696058E+01	2.575894E-01	1.765661E-01
3.767115E+03	-1.695988E+01	2.569916E-01	1.765663E-01
3.767715E+03	-1.695854E+01	2.559090E-01	1.765666E-01
3.767915E+03	-1.695737E+01	2.525591E-01	1.765667E-01
3.768315E+03	-1.695700E+01	2.532519E-01	1.765669E-01
3.768715E+03	-1.695684E+01	2.529811E-01	1.765671E-01
3.768915E+03	-1.695606E+01	2.525204E-01	1.765672E-01
3.769115E+03	-1.695479E+01	2.517118E-01	1.765673E-01
3.770116E+03	-1.695576E+01	2.524888E-01	1.765678E-01
3.770316E+03	-1.695757E+01	2.541169E-01	1.765679E-01
3.770516E+03	-1.695568E+01	2.532641E-01	1.765680E-01
3.770716E+03	-1.695454E+01	2.530797E-01	1.765680E-01
3.771316E+03	-1.695395E+01	2.534155E-01	1.765683E-01
3.771516E+03	-1.695275E+01	2.526412E-01	1.765684E-01
3.771716E+03	-1.695412E+01	2.545109E-01	1.765685E-01
3.771916E+03	-1.695242E+01	2.534931E-01	1.765686E-01
3.772116E+03	-1.695209E+01	2.538582E-01	1.765687E-01
3.772316E+03	-1.695320E+01	2.549922E-01	1.765688E-01
3.772716E+03	-1.695240E+01	2.540829E-01	1.765691E-01
3.772916E+03	-1.695204E+01	2.571279E-01	1.765693E-01
3.773115E+03	-1.695022E+01	2.573595E-01	1.765694E-01
3.773316E+03	-1.694765E+01	2.582992E-01	1.765695E-01
3.773515E+03	-1.694806E+01	2.611575E-01	1.765697E-01
3.773715E+03	-1.694788E+01	2.611993E-01	1.765698E-01
3.774315E+03	-1.694719E+01	2.616827E-01	1.765702E-01
3.774515E+03	-1.694714E+01	2.639770E-01	1.765704E-01
3.775115E+03	-1.694694E+01	2.640846E-01	1.765708E-01
3.775315E+03	-1.694561E+01	2.634419E-01	1.765709E-01
3.775515E+03	-1.694490E+01	2.632242E-01	1.765711E-01
3.775715E+03	-1.694465E+01	2.679230E-01	1.765712E-01
3.775915E+03	-1.694494E+01	2.675769E-01	1.765713E-01
3.776115E+03	-1.694563E+01	2.678140E-01	1.765715E-01
3.776315E+03	-1.694512E+01	2.679645E-01	1.765716E-01
3.776916E+03	-1.694466E+01	2.665354E-01	1.765720E-01
3.777116E+03	-1.694472E+01	2.654671E-01	1.765722E-01
3.778116E+03	-1.694460E+01	2.647268E-01	1.765728E-01
3.778316E+03	-1.694523E+01	2.645656E-01	1.765730E-01
3.778516E+03	-1.694555E+01	2.642980E-01	1.765731E-01
3.778716E+03	-1.694516E+01	2.650666E-01	1.765733E-01
3.778916E+03	-1.694471E+01	2.647739E-01	1.765734E-01
3.779116E+03	-1.694553E+01	2.654637E-01	1.765735E-01
3.779516E+03	-1.694596E+01	2.654100E-01	1.765738E-01
3.779716E+03	-1.694546E+01	2.664949E-01	1.765740E-01
3.779916E+03	-1.694459E+01	2.657134E-01	1.765741E-01
3.780116E+03	-1.694454E+01	2.656766E-01	1.765742E-01
3.780516E+03	-1.694478E+01	2.660902E-01	1.765745E-01
3.781116E+03	-1.694356E+01	2.652973E-01	1.765749E-01
3.781916E+03	-1.694086E+01	2.629500E-01	1.765755E-01
3.782116E+03	-1.694061E+01	2.630368E-01	1.765756E-01
3.782516E+03	-1.694045E+01	2.629132E-01	1.765759E-01
3.782716E+03	-1.693964E+01	2.632611E-01	1.765760E-01
3.783116E+03	-1.693986E+01	2.657735E-01	1.765763E-01
3.783316E+03	-1.693952E+01	2.658451E-01	1.765764E-01
3.784317E+03	-1.693991E+01	2.662022E-01	1.765771E-01
3.784517E+03	-1.693861E+01	2.657091E-01	1.765773E-01
3.785517E+03	-1.693712E+01	2.647490E-01	1.765780E-01
3.785716E+03	-1.693634E+01	2.651484E-01	1.765781E-01
3.785916E+03	-1.693500E+01	2.644115E-01	1.765782E-01
3.786117E+03	-1.693307E+01	2.621691E-01	1.765784E-01
3.786516E+03	-1.693085E+01	2.586297E-01	1.765786E-01
3.787116E+03	-1.692868E+01	2.591103E-01	1.765791E-01
3.787316E+03	-1.692834E+01	2.610218E-01	1.765792E-01
3.787516E+03	-1.692797E+01	2.637539E-01	1.765793E-01
3.787716E+03	-1.692645E+01	2.633704E-01	1.765795E-01
3.787916E+03	-1.692565E+01	2.631787E-01	1.765796E-01
3.788116E+03	-1.692446E+01	2.635184E-01	1.765797E-01
3.788316E+03	-1.692312E+01	2.629252E-01	1.765799E-01
3.788516E+03	-1.692339E+01	2.627808E-01	1.765800E-01
3.788716E+03	-1.692366E+01	2.643644E-01	1.765802E-01
3.788916E+03	-1.692476E+01	2.664921E-01	1.765803E-01
3.789116E+03	-1.692401E+01	2.663505E-01	1.765804E-01
3.789516E+03	-1.692402E+01	2.676793E-01	1.765807E-01
3.789916E+03	-1.692311E+01	2.674935E-01	1.765810E-01
3.790116E+03	-1.692358E+01	2.697326E-01	1.765811E-01
3.790717E+03	-1.692475E+01	2.724670E-01	1.765815E-01
3.790917E+03	-1.692503E+01	2.710765E-01	1.765817E-01
3.791517E+03	-1.692325E+01	2.711674E-01	1.765821E-01
3.791717E+03	-1.692400E+01	2.725714E-01	1.765822E-01
3.791917E+03	-1.692567E+01	2.741738E-01	1.765824E-01
3.792117E+03	-1.692558E+01	2.740858E-01	1.765825E-01
3.792317E+03	-1.692739E+01	2.752790E-01	1.765826E-01
3.792717E+03	-1.692819E+01	2.758825E-01	1.765829E-01
3.792917E+03	-1.692813E+01	2.765343E-01	1.765831E-01
3.793117E+03	-1.692703E+01	2.747162E-01	1.765832E-01
3.793317E+03	-1.692586E+01	2.740050E-01	1.765833E-01
3.793917E+03	-1.692566E+01	2.734301E-01	1.765837E-01
3.794117E+03	-1.692598E+01	2.737316E-01	1.765839E-01
3.794517E+03	-1.692600E+01	2.725000E-01	1.765842E-01
3.794717E+03	-1.692632E+01	2.726917E-01	1.765843E-01
3.794917E+03	-1.692550E+01	2.725994E-01	1.765844E-01
3.795517E+03	-1.692540E+01	2.703130E-01	1.765848E-01
3.795917E+03	-1.692656E+01	2.704394E-01	1.765851E-01
3.796117E+03	-1.692692E+01	2.710006E-01	1.765853E-01
3.796717E+03	-1.692661E+01	2.710693E-01	1.765857E-01
3.796917E+03	-1.692617E+01	2.703010E-01	1.765858E-01
3.797117E+03	-1.692561E+01	2.701593E-01	1.765859E-01
3.797316E+03	-1.692633E+01	2.698244E-01	1.765861E-01
3.797517E+03	-1.692750E+01	2.693944E-01	1.765862E-01
3.797718E+03	-1.692822E+01	2.700402E-01	1.765864E-01
3.798117E+03	-1.692785E+01	2.698715E-01	1.765866E-01
3.798318E+03	-1.692792E+01	2.697925E-01	1.765868E-01
3.799517E+03	-1.692866E+01	2.702551E-01	1.765876E-01
3.799717E+03	-1.693033E+01	2.714804E-01	1.765877E-01
3.800117E+03	-1.692990E+01	2.697178E-01	1.765880E-01
3.800317E+03	-1.693053E+01	2.695881E-01	1.765881E-01
3.800917E+03	-1.693076E+01	2.690807E-01	1.765886E-01
3.801317E+03	-1.693083E+01	2.692599E-01	1.765888E-01
3.801517E+03	-1.693083E+01	2.695405E-01	1.765890E-01
3.801917E+03	-1.693136E+01	2.696445E-01	1.765892E-01
3.802317E+03	-1.693154E+01	2.701359E-01	1.765895E-01
3.802517E+03	-1.693070E+01	2.684972E-01	1.765896E-01
3.802717E+03	-1.692993E+01	2.673461E-01	1.765898E-01
3.802917E+03	-1.693031E+01	2.675083E-01	1.765899E-01
3.803117E+03	-1.693008E+01	2.672623E-01	1.765901E-01
3.803317E+03	-1.693038E+01	2.675161E-01	1.765902E-01
3.803717E+03	-1.693094E+01	2.681441E-01	1.765905E-01
3.804517E+03	-1.693117E+01	2.681820E-01	1.765910E-01
3.804718E+03	-1.693080E+01	2.675377E-01	1.765912E-01
3.804918E+03	-1.693092E+01	2.668504E-01	1.765913E-01
3.805118E+03	-1.693135E+01	2.667716E-01	1.765914E-01
3.805318E+03	-1.693141E+01	2.680578E-01	1.765916E-01
3.805518E+03	-1.693109E+01	2.675654E-01	1.765917E-01
3.805718E+03	-1.693119E+01	2.675898E-01	1.765918E-01
3.805918E+03	-1.693113E+01	2.692120E-01	1.765920E-01
3.806118E+03	-1.693128E+01	2.696254E-01	1.765921E-01
3.806318E+03	-1.693119E+01	2.696046E-01	1.765923E-01
3.806518E+03	-1.693077E+01	2.702511E-01	1.765924E-01
3.806718E+03	-1.693021E+01	2.699505E-01	1.765925E-01
3.806918E+03	-1.693019E+01	2.700456E-01	1.765927E-01
3.807118E+03	-1.693038E+01	2.710047E-01	1.765928E-01
3.807318E+03	-1.692904E+01	2.707350E-01	1.765929E-01
3.807518E+03	-1.692834E+01	2.706422E-01	1.765931E-01
3.807718E+03	-1.692755E+01	2.720036E-01	1.765932E-01
3.807918E+03	-1.692828E+01	2.727694E-01	1.765934E-01
3.808118E+03	-1.692834E+01	2.729012E-01	1.765935E-01
3.808318E+03	-1.692794E+01	2.709075E-01	1.765936E-01
3.808518E+03	-1.692923E+01	2.719672E-01	1.765938E-01
3.808718E+03	-1.692861E+01	2.712722E-01	1.765939E-01
3.808918E+03	-1.692843E+01	2.705490E-01	1.765940E-01
3.809118E+03	-1.692890E+01	2.701009E-01	1.765942E-01
3.809318E+03	-1.692894E+01	2.699514E-01	1.765943E-01
3.809517E+03	-1.692823E+01	2.703769E-01	1.765944E-01
3.809718E+03	-1.692744E+01	2.706656E-01	1.765946E-01
3.810517E+03	-1.692747E+01	2.717368E-01	1.765951E-01
3.810717E+03	-1.692731E+01	2.715653E-01	1.765953E-01
3.811117E+03	-1.692649E+01	2.711762E-01	1.765955E-01
3.811517E+03	-1.692604E+01	2.691595E-01	1.765958E-01
3.811718E+03	-1.692480E+01	2.699888E-01	1.765960E-01
3.811918E+03	-1.692332E+01	2.709520E-01	1.765961E-01
3.812118E+03	-1.692310E+01	2.693453E-01	1.765962E-01
3.812318E+03	-1.692375E+01	2.701332E-01	1.765964E-01
3.812518E+03	-1.692350E+01	2.708689E-01	1.765965E-01
3.812718E+03	-1.692451E+01	2.714855E-01	1.765966E-01
3.813318E+03	-1.692482E+01	2.716610E-01	1.765971E-01
3.813518E+03	-1.692450E+01	2.709125E-01	1.765972E-01
3.813718E+03	-1.692412E+01	2.716390E-01	1.765973E-01
3.813918E+03	-1.692492E+01	2.734550E-01	1.765975E-01
3.814318E+03	-1.692596E+01	2.738607E-01	1.765977E-01
3.814518E+03	-1.692532E+01	2.740393E-01	1.765979E-01
3.814718E+03	-1.692434E+01	2.732971E-01	1.765980E-01
3.814918E+03	-1.692508E+01	2.722648E-01	1.765981E-01
3.815118E+03	-1.692522E+01	2.693551E-01	1.765983E-01
3.815318E+03	-1.692471E+01	2.689845E-01	1.765984E-01
3.815718E+03	-1.692399E+01	2.671269E-01	1.765987E-01
3.815918E+03	-1.692293E+01	2.672897E-01	1.765988E-01
3.816318E+03	-1.692285E+01	2.662016E-01	1.765991E-01
3.816718E+03	-1.692370E+01	2.671199E-01	1.765994E-01
3.816918E+03	-1.692405E+01	2.675114E-01	1.765995E-01
3.817118E+03	-1.692405E+01	2.689185E-01	1.765996E-01
3.817318E+03	-1.692377E+01	2.682592E-01	1.765998E-01
3.818318E+03	-1.692475E+01	2.677992E-01	1.766005E-01
3.818518E+03	-1.692559E+01	2.681876E-01	1.766006E-01
3.819119E+03	-1.692599E+01	2.696173E-01	1.766010E-01
3.819319E+03	-1.692583E+01	2.686915E-01	1.766012E-01
3.819719E+03	-1.692414E+01	2.659064E-01	1.766014E-01
3.819919E+03	-1.692475E+01	2.648848E-01	1.766016E-01
3.820119E+03	-1.692528E+01	2.649991E-01	1.766017E-01
3.820319E+03	-1.692420E+01	2.643454E-01	1.766018E-01
3.820519E+03	-1.692312E+01	2.635929E-01	1.766020E-01
3.821119E+03	-1.692351E+01	2.656534E-01	1.766024E-01
3.821319E+03	-1.692320E+01	2.658869E-01	1.766025E-01
3.821519E+03	-1.692329E+01	2.659595E-01	1.766027E-01
3.821718E+03	-1.692333E+01	2.662423E-01	1.766028E-01
3.821919E+03	-1.692432E+01	2.692971E-01	1.766029E-01
3.822119E+03	-1.692429E+01	2.695355E-01	1.766031E-01
3.822318E+03	-1.692460E+01	2.700949E-01	1.766032E-01
3.822519E+03	-1.692458E+01	2.697502E-01	1.766033E-01
3.822718E+03	-1.692437E+01	2.692595E-01	1.766035E-01
3.822918E+03	-1.692494E+01	2.711414E-01	1.766036E-01
3.823118E+03	-1.692556E+01	2.736795E-01	1.766037E-01
3.823518E+03	-1.692696E+01	2.733076E-01	1.766040E-01
3.823718E+03	-1.692838E+01	2.738601E-01	1.766042E-01
3.823918E+03	-1.692848E+01	2.737022E-01	1.766043E-01
3.824118E+03	-1.692828E+01	2.751707E-01	1.766044E-01
3.824318E+03	-1.692830E+01	2.750250E-01	1.766046E-01
3.824518E+03	-1.692924E+01	2.761286E-01	1.766047E-01
3.824718E+03	-1.692985E+01	2.772981E-01	1.766048E-01
3.825318E+03	-1.693075E+01	2.765831E-01	1.766052E-01
3.825518E+03	-1.693049E+01	2.769210E-01	1.766054E-01
3.825719E+03	-1.693041E+01	2.769748E-01	1.766055E-01
3.825919E+03	-1.693086E+01	2.771213E-01	1.766057E-01
3.826119E+03	-1.693005E+01	2.750716E-01	1.766058E-01
3.826519E+03	-1.692928E+01	2.748778E-01	1.766061E-01
3.826719E+03	-1.692864E+01	2.752258E-01	1.766062E-01
3.826919E+03	-1.692887E+01	2.758671E-01	1.766063E-01
3.827319E+03	-1.692892E+01	2.766554E-01	1.766066E-01
3.827519E+03	-1.692874E+01	2.758892E-01	1.766068E-01
3.827719E+03	-1.692921E+01	2.764675E-01	1.766069E-01
3.827919E+03	-1.693025E+01	2.766337E-01	1.766070E-01
3.828319E+03	-1.692993E+01	2.760579E-01	1.766073E-01
3.828519E+03	-1.692961E+01	2.763234E-01	1.766074E-01
3.828719E+03	-1.692996E+01	2.762677E-01	1.766076E-01
3.828919E+03	-1.692993E+01	2.764212E-01	1.766077E-01
3.829119E+03	-1.692916E+01	2.754192E-01	1.766078E-01
3.829319E+03	-1.692874E+01	2.748736E-01	1.766080E-01
3.830119E+03	-1.692963E+01	2.742697E-01	1.766085E-01
3.830719E+03	-1.693093E+01	2.729337E-01	1.766089E-01
3.830919E+03	-1.693041E+01	2.722668E-01	1.766091E-01
3.831319E+03	-1.692969E+01	2.704346E-01	1.766093E-01
3.831519E+03	-1.692895E+01	2.683838E-01	1.766095E-01
3.831719E+03	-1.692897E+01	2.687882E-01	1.766096E-01
3.831919E+03	-1.692801E+01	2.686643E-01	1.766097E-01
3.832319E+03	-1.692856E+01	2.676807E-01	1.766100E-01
3.832519E+03	-1.692853E+01	2.678880E-01	1.766102E-01
3.832920E+03	-1.692767E+01	2.669472E-01	1.766104E-01
3.833120E+03	-1.692650E+01	2.657018E-01	1.766106E-01
3.833320E+03	-1.692747E+01	2.624285E-01	1.766107E-01
3.833520E+03	-1.692690E+01	2.647979E-01	1.766108E-01
3.833720E+03	-1.692762E+01	2.649441E-01	1.766110E-01
3.833919E+03	-1.692867E+01	2.648957E-01	1.766111E-01
3.834119E+03	-1.692825E+01	2.646717E-01	1.766112E-01
3.834320E+03	-1.692772E+01	2.648180E-01	1.766114E-01
3.834519E+03	-1.692782E+01	2.656961E-01	1.766115E-01
3.834720E+03	-1.692835E+01	2.658659E-01	1.766117E-01
3.834919E+03	-1.692872E+01	2.660086E-01	1.766118E-01
3.835119E+03	-1.692902E+01	2.648267E-01	1.766119E-01
3.835719E+03	-1.692907E+01	2.644189E-01	1.766123E-01
3.835919E+03	-1.692913E+01	2.639157E-01	1.766125E-01
3.836119E+03	-1.692828E+01	2.643838E-01	1.766126E-01
3.836319E+03	-1.692853E+01	2.630192E-01	1.766127E-01
3.836519E+03	-1.692934E+01	2.652316E-01	1.766129E-01
3.836719E+03	-1.692942E+01	2.656504E-01	1.766130E-01
3.836919E+03	-1.692969E+01	2.652098E-01	1.766132E-01
3.837119E+03	-1.693032E+01	2.649727E-01	1.766133E-01
3.838119E+03	-1.692994E+01	2.641279E-01	1.766140E-01
3.838319E+03	-1.692949E+01	2.636887E-01	1.766141E-01
3.838519E+03	-1.692940E+01	2.632794E-01	1.766142E-01
3.838719E+03	-1.692932E+01	2.625251E-01	1.766144E-01
3.838919E+03	-1.692827E+01	2.595096E-01	1.766145E-01
3.839319E+03	-1.692863E+01	2.596724E-01	1.766148E-01
3.839519E+03	-1.692937E+01	2.603334E-01	1.766149E-01
3.839720E+03	-1.693000E+01	2.602012E-01	1.766151E-01
3.839920E+03	-1.692993E+01	2.604394E-01	1.766152E-01
3.840520E+03	-1.692981E+01	2.603399E-01	1.766156E-01
3.841120E+03	-1.693003E+01	2.602644E-01	1.766160E-01
3.841320E+03	-1.692945E+01	2.600861E-01	1.766161E-01
3.841520E+03	-1.692898E+01	2.601537E-01	1.766163E-01
3.841720E+03	-1.692978E+01	2.589787E-01	1.766164E-01
3.841920E+03	-1.692942E+01	2.613334E-01	1.766166E-01
3.842120E+03	-1.692934E+01	2.572091E-01	1.766167E-01
3.842320E+03	-1.692892E+01	2.568754E-01	1.766168E-01
3.842520E+03	-1.692793E+01	2.550367E-01	1.766170E-01
3.843120E+03	-1.692733E+01	2.534165E-01	1.766174E-01
3.843320E+03	-1.692744E+01	2.522079E-01	1.766175E-01
3.843520E+03	-1.692808E+01	2.509936E-01	1.766176E-01
3.843720E+03	-1.693004E+01	2.501940E-01	1.766178E-01
3.844120E+03	-1.693253E+01	2.498662E-01	1.766180E-01
3.844320E+03	-1.693436E+01	2.487946E-01	1.766182E-01
3.844520E+03	-1.693636E+01	2.494803E-01	1.766183E-01
3.844720E+03	-1.693922E+01	2.482645E-01	1.766185E-01
3.844920E+03	-1.693988E+01	2.455681E-01	1.766186E-01
3.845120E+03	-1.694125E+01	2.454336E-01	1.766187E-01
3.845320E+03	-1.694101E+01	2.456529E-01	1.766189E-01
3.845520E+03	-1.694292E+01	2.445268E-01	1.766190E-01
3.845720E+03	-1.694419E+01	2.446174E-01	1.766191E-01
3.845919E+03	-1.694487E+01	2.451032E-01	1.766193E-01
3.846119E+03	-1.694485E+01	2.460832E-01	1.766194E-01
3.846720E+03	-1.694478E+01	2.490236E-01	1.766198E-01
3.847320E+03	-1.694525E+01	2.511912E-01	1.766202E-01
3.847520E+03	-1.694683E+01	2.521865E-01	1.766204E-01
3.847720E+03	-1.694810E+01	2.532496E-01	1.766205E-01
3.847920E+03	-1.694914E+01	2.531955E-01	1.766206E-01
3.848120E+03	-1.695101E+01	2.546651E-01	1.766208E-01
3.848520E+03	-1.695102E+01	2.547299E-01	1.766210E-01
3.848720E+03	-1.695112E+01	2.543781E-01	1.766212E-01
3.848920E+03	-1.695179E+01	2.549983E-01	1.766213E-01
3.849320E+03	-1.695179E+01	2.570856E-01	1.766216E-01
3.849520E+03	-1.695325E+01	2.580223E-01	1.766217E-01
3.849720E+03	-1.695494E+01	2.593394E-01	1.766218E-01
3.849920E+03	-1.695535E+01	2.603213E-01	1.766220E-01
3.850120E+03	-1.695701E+01	2.634870E-01	1.766221E-01
3.850320E+03	-1.695660E+01	2.631609E-01	1.766223E-01
3.850520E+03	-1.695813E+01	2.642239E-01	1.766224E-01
3.850720E+03	-1.695881E+01	2.646252E-01	1.766225E-01
3.851320E+03	-1.695994E+01	2.660863E-01	1.766229E-01
3.851520E+03	-1.696092E+01	2.667707E-01	1.766231E-01
3.851720E+03	-1.696204E+01	2.680762E-01	1.766232E-01
3.851920E+03	-1.696260E+01	2.684500E-01	1.766233E-01
3.852120E+03	-1.696410E+01	2.693377E-01	1.766235E-01
3.852320E+03	-1.696379E+01	2.696138E-01	1.766236E-01
3.852520E+03	-1.696520E+01	2.708092E-01	1.766237E-01
3.852720E+03	-1.696705E+01	2.719360E-01	1.766239E-01
3.852920E+03	-1.696734E+01	2.722765E-01	1.766240E-01
3.853120E+03	-1.696711E+01	2.720534E-01	1.766241E-01
3.853320E+03	-1.696816E+01	2.726280E-01	1.766243E-01
3.853520E+03	-1.697017E+01	2.737971E-01	1.766244E-01
3.853721E+03	-1.697207E+01	2.752383E-01	1.766246E-01
3.853921E+03	-1.697273E+01	2.755086E-01	1.766247E-01
3.854121E+03	-1.697364E+01	2.760296E-01	1.766248E-01
3.854321E+03	-1.697447E+01	2.771296E-01	1.766250E-01
3.854521E+03	-1.697570E+01	2.779541E-01	1.766251E-01
3.854721E+03	-1.697675E+01	2.786556E-01	1.766252E-01
3.854921E+03	-1.697788E+01	2.803754E-01	1.766254E-01
3.855121E+03	-1.697942E+01	2.814665E-01	1.766255E-01
3.855321E+03	-1.698103E+01	2.822362E-01	1.766256E-01
3.855921E+03	-1.698331E+01	2.834532E-01	1.766260E-01
3.856121E+03	-1.698321E+01	2.834723E-01	1.766262E-01
3.856721E+03	-1.698358E+01	2.843504E-01	1.766266E-01
3.857321E+03	-1.698516E+01	2.863536E-01	1.766270E-01
3.857721E+03	-1.698579E+01	2.867597E-01	1.766273E-01
3.857921E+03	-1.698707E+01	2.861632E-01	1.766274E-01
3.858120E+03	-1.698826E+01	2.866028E-01	1.766275E-01
3.858320E+03	-1.698874E+01	2.880402E-01	1.766277E-01
3.858521E+03	-1.698830E+01	2.868052E-01	1.766278E-01
3.858720E+03	-1.698791E+01	2.863821E-01	1.766279E-01
3.858921E+03	-1.698788E+01	2.871923E-01	1.766281E-01
3.859120E+03	-1.698787E+01	2.863568E-01	1.766282E-01
3.859320E+03	-1.698689E+01	2.852644E-01	1.766284E-01
3.859520E+03	-1.698737E+01	2.861378E-01	1.766285E-01
3.859720E+03	-1.698827E+01	2.846147E-01	1.766287E-01
3.859920E+03	-1.698835E+01	2.848934E-01	1.766289E-01
3.860120E+03	-1.698926E+01	2.854057E-01	1.766291E-01
3.860320E+03	-1.698979E+01	2.851844E-01	1.766293E-01
3.860520E+03	-1.699041E+01	2.854978E-01	1.766294E-01
3.860721E+03	-1.698974E+01	2.849995E-01	1.766296E-01
3.861121E+03	-1.698999E+01	2.851463E-01	1.766300E-01
3.861321E+03	-1.698994E+01	2.857829E-01	1.766302E-01
3.861521E+03	-1.699012E+01	2.852480E-01	1.766304E-01
3.862321E+03	-1.699121E+01	2.839201E-01	1.766311E-01
3.862521E+03	-1.699102E+01	2.828641E-01	1.766313E-01
3.862721E+03	-1.699158E+01	2.818785E-01	1.766314E-01
3.863321E+03	-1.699241E+01	2.811206E-01	1.766320E-01
3.863521E+03	-1.699231E+01	2.815445E-01	1.766322E-01
3.863721E+03	-1.699185E+01	2.826573E-01	1.766323E-01
3.864121E+03	-1.699352E+01	2.837188E-01	1.766327E-01
3.864321E+03	-1.699473E+01	2.820336E-01	1.766329E-01
3.864521E+03	-1.699614E+01	2.824532E-01	1.766331E-01
3.865321E+03	-1.699647E+01	2.821655E-01	1.766338E-01
3.865521E+03	-1.699557E+01	2.805086E-01	1.766340E-01
3.865721E+03	-1.699595E+01	2.816523E-01	1.766342E-01
3.865921E+03	-1.699507E+01	2.810610E-01	1.766343E-01
3.866521E+03	-1.699664E+01	2.827876E-01	1.766349E-01
3.866721E+03	-1.699770E+01	2.820948E-01	1.766351E-01
3.866921E+03	-1.699900E+01	2.812076E-01	1.766352E-01
3.867121E+03	-1.700005E+01	2.810819E-01	1.766354E-01
3.867922E+03	-1.699884E+01	2.816022E-01	1.766362E-01
3.868122E+03	-1.700153E+01	2.868029E-01	1.766363E-01
3.868322E+03	-1.700254E+01	2.888272E-01	1.766365E-01
3.868522E+03	-1.700277E+01	2.890124E-01	1.766367E-01
3.868722E+03	-1.700203E+01	2.882454E-01	1.766369E-01
3.868922E+03	-1.700174E+01	2.907627E-01	1.766371E-01
3.869122E+03	-1.700202E+01	2.901837E-01	1.766372E-01
3.869322E+03	-1.700333E+01	2.928175E-01	1.766374E-01
3.869722E+03	-1.700312E+01	2.941990E-01	1.766378E-01
3.869922E+03	-1.700549E+01	2.953295E-01	1.766380E-01
3.870122E+03	-1.700645E+01	2.942456E-01	1.766381E-01
3.870322E+03	-1.700711E+01	2.949332E-01	1.766383E-01
3.870521E+03	-1.700891E+01	2.962093E-01	1.766385E-01
3.870921E+03	-1.700923E+01	2.965831E-01	1.766389E-01
3.871122E+03	-1.700922E+01	2.954899E-01	1.766391E-01
3.871321E+03	-1.701060E+01	2.960922E-01	1.766392E-01
3.871521E+03	-1.701066E+01	2.955070E-01	1.766394E-01
3.871721E+03	-1.701017E+01	2.941405E-01	1.766396E-01
3.871921E+03	-1.701097E+01	2.977980E-01	1.766398E-01
3.872121E+03	-1.701160E+01	2.978344E-01	1.766400E-01
3.872321E+03	-1.701286E+01	2.995472E-01	1.766401E-01
3.872521E+03	-1.701361E+01	2.992490E-01	1.766403E-01
3.872721E+03	-1.701336E+01	2.991645E-01	1.766405E-01
3.873321E+03	-1.701503E+01	3.006641E-01	1.766410E-01
3.873521E+03	-1.701558E+01	3.012025E-01	1.766412E-01
3.874321E+03	-1.701690E+01	3.008381E-01	1.766419E-01
3.874521E+03	-1.701778E+01	3.031264E-01	1.766421E-01
3.874722E+03	-1.701757E+01	3.019725E-01	1.766423E-01
3.875322E+03	-1.701760E+01	3.029341E-01	1.766429E-01
3.875522E+03	-1.701862E+01	3.040689E-01	1.766430E-01
3.875722E+03	-1.701914E+01	3.027064E-01	1.766432E-01
3.876122E+03	-1.701913E+01	3.000095E-01	1.766436E-01
3.876722E+03	-1.702188E+01	3.054505E-01	1.766441E-01
3.876922E+03	-1.702319E+01	3.059353E-01	1.766443E-01
3.877122E+03	-1.702349E+01	3.070508E-01	1.766445E-01
3.877522E+03	-1.702425E+01	3.056298E-01	1.766448E-01
3.877722E+03	-1.702435E+01	3.067541E-01	1.766450E-01
3.877922E+03	-1.702533E+01	3.060052E-01	1.766452E-01
3.878122E+03	-1.702499E+01	3.051351E-01	1.766454E-01
3.878322E+03	-1.702437E+01	3.047002E-01	1.766456E-01
3.878522E+03	-1.702473E+01	3.052290E-01	1.766457E-01
3.878722E+03	-1.702476E+01	3.047587E-01	1.766459E-01
3.878922E+03	-1.702551E+01	3.058441E-01	1.766461E-01
3.879122E+03	-1.702609E+01	3.076375E-01	1.766463E-01
3.879322E+03	-1.702625E+01	3.081285E-01	1.766465E-01
3.879522E+03	-1.702501E+01	3.074836E-01	1.766466E-01
3.879722E+03	-1.702409E+01	3.062560E-01	1.766468E-01
3.879922E+03	-1.702298E+01	3.051465E-01	1.766470E-01
3.880122E+03	-1.702234E+01	3.060947E-01	1.766472E-01
3.880322E+03	-1.702159E+01	3.047449E-01	1.766474E-01
3.880522E+03	-1.702012E+01	3.036831E-01	1.766475E-01
3.880722E+03	-1.702111E+01	3.043157E-01	1.766477E-01
3.881522E+03	-1.702098E+01	3.048202E-01	1.766485E-01
3.881723E+03	-1.702154E+01	3.055408E-01	1.766486E-01
3.882923E+03	-1.702221E+01	3.058070E-01	1.766497E-01
3.883323E+03	-1.702130E+01	3.044496E-01	1.766501E-01
3.883522E+03	-1.702104E+01	3.039870E-01	1.766503E-01
3.884122E+03	-1.702248E+01	3.054950E-01	1.766508E-01
3.884322E+03	-1.702275E+01	3.053968E-01	1.766510E-01
3.884522E+03	-1.702442E+01	3.057559E-01	1.766512E-01
3.884722E+03	-1.702325E+01	3.045000E-01	1.766513E-01
3.884922E+03	-1.702386E+01	3.054621E-01	1.766515E-01
3.885122E+03	-1.702312E+01	3.045290E-01	1.766517E-01
3.885322E+03	-1.702545E+01	3.040900E-01	1.766519E-01
3.885922E+03	-1.702670E+01	3.048520E-01	1.766524E-01
3.886122E+03	-1.702814E+01	3.057355E-01	1.766526E-01
3.886322E+03	-1.702920E+01	3.075453E-01	1.766528E-01
3.886522E+03	-1.702991E+01	3.085998E-01	1.766530E-01
3.886722E+03	-1.703089E+01	3.081644E-01	1.766531E-01
3.887122E+03	-1.703094E+01	3.047958E-01	1.766535E-01
3.887322E+03	-1.703111E+01	3.056709E-01	1.766537E-01
3.887522E+03	-1.703211E+01	3.075785E-01	1.766539E-01
3.887722E+03	-1.703287E+01	3.091735E-01	1.766540E-01
3.887922E+03	-1.703235E+01	3.087781E-01	1.766542E-01
3.888122E+03	-1.703269E+01	3.077588E-01	1.766544E-01
3.888322E+03	-1.703374E+01	3.085122E-01	1.766546E-01
3.888522E+03	-1.703414E+01	3.097558E-01	1.766548E-01
3.888723E+03	-1.703568E+01	3.114244E-01	1.766549E-01
3.888923E+03	-1.703629E+01	3.125153E-01	1.766551E-01
3.889123E+03	-1.703640E+01	3.131804E-01	1.766553E-01
3.889323E+03	-1.703498E+01	3.115032E-01	1.766555E-01
3.889523E+03	-1.703439E+01	3.115332E-01	1.766557E-01
3.889723E+03	-1.703239E+01	3.082375E-01	1.766558E-01
3.889923E+03	-1.703273E+01	3.081045E-01	1.766560E-01
3.890123E+03	-1.703356E+01	3.088180E-01	1.766562E-01
3.890323E+03	-1.703336E+01	3.087064E-01	1.766564E-01
3.890523E+03	-1.703140E+01	3.073423E-01	1.766566E-01
3.890723E+03	-1.703177E+01	3.075391E-01	1.766567E-01
3.890923E+03	-1.702957E+01	3.057015E-01	1.766569E-01
3.891323E+03	-1.702960E+01	3.052598E-01	1.766573E-01
3.891523E+03	-1.702898E+01	3.033384E-01	1.766575E-01
3.892323E+03	-1.703111E+01	3.047681E-01	1.766582E-01
3.892523E+03	-1.703085E+01	3.043517E-01	1.766584E-01
3.892923E+03	-1.703133E+01	3.047617E-01	1.766587E-01
3.893123E+03	-1.703210E+01	3.054075E-01	1.766589E-01
3.893323E+03	-1.703308E+01	3.049371E-01	1.766591E-01
3.893523E+03	-1.703490E+01	3.064439E-01	1.766593E-01
3.893723E+03	-1.703623E+01	3.073753E-01	1.766594E-01
3.893923E+03	-1.703533E+01	3.063065E-01	1.766596E-01
3.894123E+03	-1.703372E+01	3.043445E-01	1.766598E-01
3.894323E+03	-1.703437E+01	2.977912E-01	1.766600E-01
3.894523E+03	-1.703511E+01	2.983224E-01	1.766602E-01
3.894722E+03	-1.703670E+01	2.976520E-01	1.766603E-01
3.894923E+03	-1.703920E+01	2.998393E-01	1.766605E-01
3.895122E+03	-1.703954E+01	3.002717E-01	1.766607E-01
3.895522E+03	-1.703853E+01	2.992962E-01	1.766611E-01
3.895723E+03	-1.703950E+01	2.997628E-01	1.766612E-01
3.895923E+03	-1.703910E+01	2.995227E-01	1.766614E-01
3.896123E+03	-1.703984E+01	2.994068E-01	1.766616E-01
3.896323E+03	-1.704086E+01	3.000727E-01	1.766618E-01
3.896723E+03	-1.704064E+01	2.978737E-01	1.766621E-01
3.896923E+03	-1.704076E+01	2.979831E-01	1.766623E-01
3.897123E+03	-1.704067E+01	2.988005E-01	1.766625E-01
3.897923E+03	-1.704001E+01	2.967172E-01	1.766632E-01
3.898123E+03	-1.703940E+01	2.974400E-01	1.766634E-01
3.898523E+03	-1.704076E+01	2.985476E-01	1.766638E-01
3.898723E+03	-1.704273E+01	3.022822E-01	1.766639E-01
3.898923E+03	-1.704513E+01	3.043062E-01	1.766641E-01
3.899123E+03	-1.704601E+01	3.048957E-01	1.766643E-01
3.899323E+03	-1.704625E+01	3.017175E-01	1.766645E-01
3.899523E+03	-1.704763E+01	3.018973E-01	1.766647E-01
3.899723E+03	-1.704872E+01	3.023767E-01	1.766648E-01
3.900923E+03	-1.704805E+01	3.013971E-01	1.766659E-01
3.901323E+03	-1.704779E+01	3.011780E-01	1.766663E-01
3.901523E+03	-1.704813E+01	3.001537E-01	1.766665E-01
3.901723E+03	-1.704716E+01	2.998715E-01	1.766666E-01
3.901923E+03	-1.704773E+01	2.999057E-01	1.766668E-01
3.902523E+03	-1.704737E+01	2.997442E-01	1.766674E-01
3.902724E+03	-1.704663E+01	2.970683E-01	1.766675E-01
3.902924E+03	-1.704615E+01	2.964648E-01	1.766677E-01
3.903124E+03	-1.704634E+01	2.956644E-01	1.766679E-01
3.903324E+03	-1.704698E+01	2.947631E-01	1.766681E-01
3.903524E+03	-1.704633E+01	2.931248E-01	1.766683E-01
3.903924E+03	-1.704573E+01	2.925547E-01	1.766686E-01
3.904124E+03	-1.704594E+01	2.934263E-01	1.766688E-01
3.904324E+03	-1.704709E+01	2.941034E-01	1.766690E-01
3.904524E+03	-1.704733E+01	2.933623E-01	1.766692E-01
3.904724E+03	-1.704717E+01	2.942717E-01	1.766693E-01
3.904924E+03	-1.704759E+01	2.943293E-01	1.766695E-01
3.905124E+03	-1.704549E+01	2.937735E-01	1.766697E-01
3.905524E+03	-1.704533E+01	2.938274E-01	1.766701E-01
3.905724E+03	-1.704629E+01	2.941831E-01	1.766702E-01
3.906523E+03	-1.704634E+01	2.937613E-01	1.766709E-01
3.906724E+03	-1.704277E+01	2.937266E-01	1.766711E-01
3.906923E+03	-1.704092E+01	2.923245E-01	1.766713E-01
3.907124E+03	-1.704081E+01	2.921876E-01	1.766715E-01
3.907323E+03	-1.704019E+01	2.917213E-01	1.766717E-01
3.907523E+03	-1.704045E+01	2.917746E-01	1.766718E-01
3.907723E+03	-1.704025E+01	2.910101E-01	1.766720E-01
3.907923E+03	-1.703889E+01	2.905069E-01	1.766722E-01
3.908123E+03	-1.703688E+01	2.899228E-01	1.766724E-01
3.908323E+03	-1.703541E+01	2.880912E-01	1.766726E-01
3.908523E+03	-1.703499E+01	2.877012E-01	1.766727E-01
3.908723E+03	-1.703398E+01	2.877711E-01	1.766729E-01
3.909123E+03	-1.703380E+01	2.879143E-01	1.766733E-01
3.909323E+03	-1.703321E+01	2.873474E-01	1.766735E-01
3.909724E+03	-1.703257E+01	2.868989E-01	1.766738E-01
3.909924E+03	-1.703059E+01	2.859126E-01	1.766740E-01
3.910124E+03	-1.703248E+01	2.875584E-01	1.766742E-01
3.910324E+03	-1.703379E+01	2.862704E-01	1.766744E-01
3.910524E+03	-1.703426E+01	2.835260E-01	1.766745E-01
3.910724E+03	-1.703444E+01	2.838973E-01	1.766747E-01
3.911324E+03	-1.703418E+01	2.833988E-01	1.766753E-01
3.911524E+03	-1.703406E+01	2.837996E-01	1.766754E-01
3.911724E+03	-1.703604E+01	2.834297E-01	1.766756E-01
3.911924E+03	-1.703642E+01	2.836221E-01	1.766758E-01
3.912124E+03	-1.703667E+01	2.854972E-01	1.766760E-01
3.912324E+03	-1.703640E+01	2.847660E-01	1.766761E-01
3.912524E+03	-1.703734E+01	2.862781E-01	1.766763E-01
3.912724E+03	-1.703773E+01	2.863585E-01	1.766765E-01
3.912924E+03	-1.703631E+01	2.843228E-01	1.766767E-01
3.913124E+03	-1.703536E+01	2.832105E-01	1.766769E-01
3.913724E+03	-1.703538E+01	2.825754E-01	1.766774E-01
3.913924E+03	-1.703427E+01	2.822623E-01	1.766776E-01
3.914124E+03	-1.703370E+01	2.821038E-01	1.766778E-01
3.914524E+03	-1.703196E+01	2.809420E-01	1.766781E-01
3.914724E+03	-1.703248E+01	2.823234E-01	1.766783E-01
3.914924E+03	-1.703137E+01	2.809961E-01	1.766785E-01
3.915124E+03	-1.703123E+01	2.819787E-01	1.766787E-01
3.915324E+03	-1.702966E+01	2.800250E-01	1.766788E-01
3.915524E+03	-1.702952E+01	2.800139E-01	1.766790E-01
3.915724E+03	-1.702809E+01	2.791453E-01	1.766792E-01
3.916324E+03	-1.702788E+01	2.789508E-01	1.766797E-01
3.916524E+03	-1.702705E+01	2.783201E-01	1.766799E-01
3.917125E+03	-1.702579E+01	2.773205E-01	1.766804E-01
3.917325E+03	-1.702437E+01	2.748820E-01	1.766806E-01
3.917525E+03	-1.702443E+01	2.699671E-01	1.766808E-01
3.917925E+03	-1.702404E+01	2.704803E-01	1.766812E-01
3.918125E+03	-1.702390E+01	2.708179E-01	1.766813E-01
3.918325E+03	-1.702396E+01	2.723417E-01	1.766815E-01
3.918925E+03	-1.702486E+01	2.744913E-01	1.766821E-01
3.919124E+03	-1.702331E+01	2.735105E-01	1.766822E-01
3.919325E+03	-1.702316E+01	2.735380E-01	1.766824E-01
3.919524E+03	-1.702238E+01	2.719128E-01	1.766826E-01
3.919724E+03	-1.702223E+01	2.713862E-01	1.766828E-01
3.920124E+03	-1.702128E+01	2.710271E-01	1.766831E-01
3.920324E+03	-1.702089E+01	2.709165E-01	1.766833E-01
3.920924E+03	-1.702086E+01	2.683240E-01	1.766838E-01
3.921124E+03	-1.702063E+01	2.632799E-01	1.766840E-01
3.921324E+03	-1.702240E+01	2.581905E-01	1.766842E-01
3.921524E+03	-1.702362E+01	2.596833E-01	1.766844E-01
3.921724E+03	-1.702571E+01	2.619358E-01	1.766846E-01
3.921924E+03	-1.702719E+01	2.602787E-01	1.766847E-01
3.922124E+03	-1.702895E+01	2.620423E-01	1.766849E-01
3.922324E+03	-1.702948E+01	2.612639E-01	1.766851E-01
3.922524E+03	-1.703000E+01	2.574027E-01	1.766853E-01
3.922724E+03	-1.703060E+01	2.575001E-01	1.766854E-01
3.922924E+03	-1.703243E+01	2.583528E-01	1.766856E-01
3.923124E+03	-1.703358E+01	2.595464E-01	1.766858E-01
3.923324E+03	-1.703473E+01	2.616679E-01	1.766860E-01
3.924125E+03	-1.703707E+01	2.621493E-01	1.766867E-01
3.924325E+03	-1.703856E+01	2.623084E-01	1.766869E-01
3.924525E+03	-1.703854E+01	2.624450E-01	1.766871E-01
3.924725E+03	-1.703965E+01	2.626646E-01	1.766872E-01
3.924925E+03	-1.704068E+01	2.634459E-01	1.766874E-01
3.925125E+03	-1.704224E+01	2.595117E-01	1.766876E-01
3.925325E+03	-1.704186E+01	2.601588E-01	1.766878E-01
3.925525E+03	-1.704203E+01	2.610593E-01	1.766879E-01
3.925725E+03	-1.704306E+01	2.604388E-01	1.766881E-01
3.925925E+03	-1.704336E+01	2.603512E-01	1.766883E-01
3.926125E+03	-1.704367E+01	2.604473E-01	1.766885E-01
3.926325E+03	-1.704342E+01	2.597710E-01	1.766887E-01
3.926525E+03	-1.704184E+01	2.569562E-01	1.766888E-01
3.926725E+03	-1.704207E+01	2.550655E-01	1.766890E-01
3.926925E+03	-1.704240E+01	2.553299E-01	1.766892E-01
3.927125E+03	-1.704271E+01	2.548638E-01	1.766894E-01
3.927725E+03	-1.704433E+01	2.589111E-01	1.766899E-01
3.927925E+03	-1.704410E+01	2.585776E-01	1.766901E-01
3.928125E+03	-1.704455E+01	2.588576E-01	1.766903E-01
3.928325E+03	-1.704487E+01	2.537148E-01	1.766904E-01
3.928725E+03	-1.704426E+01	2.536244E-01	1.766908E-01
3.928925E+03	-1.704366E+01	2.561139E-01	1.766910E-01
3.929125E+03	-1.704388E+01	2.572489E-01	1.766912E-01
3.929325E+03	-1.704358E+01	2.562511E-01	1.766913E-01
3.929525E+03	-1.704232E+01	2.555017E-01	1.766915E-01
3.929725E+03	-1.704083E+01	2.541536E-01	1.766917E-01
3.930125E+03	-1.704025E+01	2.541308E-01	1.766921E-01
3.930525E+03	-1.704063E+01	2.525917E-01	1.766924E-01
3.930726E+03	-1.704040E+01	2.530630E-01	1.766926E-01
3.930925E+03	-1.703976E+01	2.522039E-01	1.766928E-01
3.931126E+03	-1.703855E+01	2.500151E-01	1.766929E-01
3.931325E+03	-1.703742E+01	2.492235E-01	1.766931E-01
3.931526E+03	-1.703785E+01	2.488881E-01	1.766933E-01
3.931726E+03	-1.703810E+01	2.489243E-01	1.766935E-01
3.931925E+03	-1.703820E+01	2.507833E-01	1.766937E-01
3.932125E+03	-1.703830E+01	2.550060E-01	1.766938E-01
3.932325E+03	-1.703840E+01	2.551482E-01	1.766940E-01
3.932725E+03	-1.703849E+01	2.567680E-01	1.766944E-01
3.932925E+03	-1.703860E+01	2.579701E-01	1.766945E-01
3.933125E+03	-1.703869E+01	2.563323E-01	1.766947E-01
3.933325E+03	-1.703970E+01	2.553017E-01	1.766949E-01
3.933525E+03	-1.704027E+01	2.551560E-01	1.766951E-01
3.933925E+03	-1.704140E+01	2.562814E-01	1.766954E-01
3.934325E+03	-1.704186E+01	2.564979E-01	1.766958E-01
3.934525E+03	-1.704347E+01	2.568971E-01	1.766960E-01
3.934725E+03	-1.704459E+01	2.571662E-01	1.766961E-01
3.935725E+03	-1.704461E+01	2.572818E-01	1.766970E-01
3.935925E+03	-1.704485E+01	2.571467E-01	1.766972E-01
3.936125E+03	-1.704492E+01	2.621165E-01	1.766974E-01
3.936325E+03	-1.704308E+01	2.617730E-01	1.766976E-01
3.936725E+03	-1.704125E+01	2.621993E-01	1.766979E-01
3.936925E+03	-1.704062E+01	2.610872E-01	1.766981E-01
3.937125E+03	-1.703901E+01	2.604487E-01	1.766983E-01
3.937325E+03	-1.703966E+01	2.603445E-01	1.766985E-01
3.937525E+03	-1.704012E+01	2.601223E-01	1.766986E-01
3.937726E+03	-1.703943E+01	2.619847E-01	1.766988E-01
3.937926E+03	-1.704011E+01	2.641586E-01	1.766990E-01
3.938326E+03	-1.704023E+01	2.639669E-01	1.766994E-01
3.938526E+03	-1.704177E+01	2.636203E-01	1.766995E-01
3.938726E+03	-1.704170E+01	2.666247E-01	1.766997E-01
3.938926E+03	-1.704187E+01	2.657510E-01	1.766999E-01
3.939126E+03	-1.704415E+01	2.673591E-01	1.767001E-01
3.939326E+03	-1.704410E+01	2.673059E-01	1.767002E-01
3.939526E+03	-1.704308E+01	2.668605E-01	1.767004E-01
3.939926E+03	-1.704110E+01	2.651003E-01	1.767008E-01
3.940326E+03	-1.703880E+01	2.633506E-01	1.767011E-01
3.940526E+03	-1.703928E+01	2.643803E-01	1.767013E-01
3.940726E+03	-1.703776E+01	2.628349E-01	1.767015E-01
3.940926E+03	-1.703704E+01	2.619632E-01	1.767017E-01
3.941126E+03	-1.703595E+01	2.608413E-01	1.767018E-01
3.941326E+03	-1.703450E+01	2.609226E-01	1.767020E-01
3.941526E+03	-1.703275E+01	2.601793E-01	1.767022E-01
3.941726E+03	-1.703012E+01	2.585764E-01	1.767024E-01
3.941926E+03	-1.703157E+01	2.599014E-01	1.767026E-01
3.942326E+03	-1.703003E+01	2.590972E-01	1.767029E-01
3.942526E+03	-1.703039E+01	2.596031E-01	1.767031E-01
3.942726E+03	-1.703231E+01	2.607624E-01	1.767033E-01
3.942925E+03	-1.703402E+01	2.618493E-01	1.767034E-01
3.943126E+03	-1.703459E+01	2.615649E-01	1.767036E-01
3.943325E+03	-1.703369E+01	2.603921E-01	1.767038E-01
3.943526E+03	-1.703215E+01	2.599244E-01	1.767040E-01
3.943726E+03	-1.703170E+01	2.588975E-01	1.767042E-01
3.943925E+03	-1.703016E+01	2.606479E-01	1.767043E-01
3.944125E+03	-1.703158E+01	2.611482E-01	1.767045E-01
3.944325E+03	-1.703066E+01	2.602186E-01	1.767047E-01
3.944526E+03	-1.703026E+01	2.609972E-01	1.767049E-01
3.944726E+03	-1.702902E+01	2.602385E-01	1.767050E-01
3.944926E+03	-1.702689E+01	2.599356E-01	1.767052E-01
3.945126E+03	-1.702735E+01	2.611342E-01	1.767054E-01
3.945326E+03	-1.702952E+01	2.640249E-01	1.767056E-01
3.945526E+03	-1.703055E+01	2.643996E-01	1.767058E-01
3.945726E+03	-1.703115E+01	2.649571E-01	1.767059E-01
3.945926E+03	-1.703166E+01	2.651801E-01	1.767061E-01
3.946526E+03	-1.703113E+01	2.651846E-01	1.767066E-01
3.946726E+03	-1.703150E+01	2.673772E-01	1.767068E-01
3.946926E+03	-1.703281E+01	2.682232E-01	1.767070E-01
3.947126E+03	-1.703263E+01	2.689959E-01	1.767072E-01
3.947526E+03	-1.703203E+01	2.687918E-01	1.767075E-01
3.947726E+03	-1.703234E+01	2.688336E-01	1.767077E-01
3.947926E+03	-1.703148E+01	2.674092E-01	1.767079E-01
3.948126E+03	-1.703008E+01	2.653363E-01	1.767081E-01
3.948326E+03	-1.702930E+01	2.638742E-01	1.767082E-01
3.948526E+03	-1.702859E+01	2.649771E-01	1.767085E-01
3.948726E+03	-1.702767E+01	2.618493E-01	1.767087E-01
3.949126E+03	-1.702745E+01	2.606559E-01	1.767091E-01
3.949326E+03	-1.702825E+01	2.608248E-01	1.767094E-01
3.949526E+03	-1.702847E+01	2.614683E-01	1.767096E-01
3.949926E+03	-1.702897E+01	2.596553E-01	1.767100E-01
3.950126E+03	-1.702979E+01	2.594384E-01	1.767103E-01
3.950326E+03	-1.703049E+01	2.610382E-01	1.767105E-01
3.950526E+03	-1.703075E+01	2.625374E-01	1.767107E-01
3.950726E+03	-1.703006E+01	2.620801E-01	1.767110E-01
3.951126E+03	-1.703164E+01	2.626265E-01	1.767114E-01
3.951527E+03	-1.703274E+01	2.649118E-01	1.767119E-01
3.951727E+03	-1.703206E+01	2.641133E-01	1.767121E-01
3.951927E+03	-1.703179E+01	2.633777E-01	1.767123E-01
3.952327E+03	-1.703086E+01	2.629947E-01	1.767128E-01
3.952527E+03	-1.702991E+01	2.626235E-01	1.767130E-01
3.952727E+03	-1.703121E+01	2.633331E-01	1.767132E-01
3.952927E+03	-1.703185E+01	2.629424E-01	1.767135E-01
3.953127E+03	-1.703092E+01	2.623684E-01	1.767137E-01
3.953327E+03	-1.703019E+01	2.605970E-01	1.767139E-01
3.953527E+03	-1.703095E+01	2.610556E-01	1.767141E-01
3.953927E+03	-1.703088E+01	2.608705E-01	1.767146E-01
3.954327E+03	-1.703089E+01	2.594830E-01	1.767150E-01
3.954527E+03	-1.702901E+01	2.574571E-01	1.767153E-01
3.954727E+03	-1.702845E+01	2.559024E-01	1.767155E-01
3.954927E+03	-1.702572E+01	2.539650E-01	1.767157E-01
3.955126E+03	-1.702585E+01	2.538035E-01	1.767159E-01
3.955327E+03	-1.702644E+01	2.541642E-01	1.767162E-01
3.955526E+03	-1.702652E+01	2.517000E-01	1.767164E-01
3.955727E+03	-1.702746E+01	2.520446E-01	1.767166E-01
3.955927E+03	-1.702864E+01	2.529710E-01	1.767169E-01
3.956126E+03	-1.702881E+01	2.533483E-01	1.767171E-01
3.956326E+03	-1.702991E+01	2.545075E-01	1.767173E-01
3.956926E+03	-1.702980E+01	2.549053E-01	1.767180E-01
3.957126E+03	-1.702796E+01	2.545094E-01	1.767182E-01
3.957526E+03	-1.702839E+01	2.558085E-01	1.767187E-01
3.957926E+03	-1.702695E+01	2.555837E-01	1.767191E-01
3.958126E+03	-1.702541E+01	2.554018E-01	1.767194E-01
3.958727E+03	-1.702559E+01	2.549231E-01	1.767200E-01
3.958927E+03	-1.702523E+01	2.523900E-01	1.767203E-01
3.959127E+03	-1.702559E+01	2.538361E-01	1.767205E-01
3.959327E+03	-1.702300E+01	2.537477E-01	1.767207E-01
3.959527E+03	-1.702328E+01	2.533461E-01	1.767209E-01
3.959727E+03	-1.702334E+01	2.524706E-01	1.767212E-01
3.959927E+03	-1.702125E+01	2.513786E-01	1.767214E-01
3.960127E+03	-1.702059E+01	2.511320E-01	1.767216E-01
3.960327E+03	-1.701848E+01	2.499895E-01	1.767218E-01
3.960727E+03	-1.701823E+01	2.502678E-01	1.767223E-01
3.960927E+03	-1.701666E+01	2.494455E-01	1.767225E-01
3.961127E+03	-1.701656E+01	2.499721E-01	1.767228E-01
3.961327E+03	-1.701718E+01	2.515497E-01	1.767230E-01
3.961527E+03	-1.701756E+01	2.506822E-01	1.767232E-01
3.961727E+03	-1.701819E+01	2.506068E-01	1.767234E-01
3.961927E+03	-1.701875E+01	2.494528E-01	1.767237E-01
3.962127E+03	-1.701973E+01	2.504358E-01	1.767239E-01
3.962327E+03	-1.702078E+01	2.511677E-01	1.767241E-01
3.962527E+03	-1.702183E+01	2.518783E-01	1.767243E-01
3.962727E+03	-1.702088E+01	2.514079E-01	1.767246E-01
3.962927E+03	-1.702093E+01	2.530514E-01	1.767248E-01
3.963127E+03	-1.702059E+01	2.524139E-01	1.767250E-01
3.963327E+03	-1.701962E+01	2.514576E-01	1.767252E-01
3.963527E+03	-1.701945E+01	2.498484E-01	1.767255E-01
3.963727E+03	-1.701945E+01	2.500468E-01	1.767257E-01
3.963927E+03	-1.701852E+01	2.487424E-01	1.767259E-01
3.964127E+03	-1.701760E+01	2.484001E-01	1.767262E-01
3.964327E+03	-1.701676E+01	2.486438E-01	1.767264E-01
3.964527E+03	-1.701679E+01	2.486415E-01	1.767266E-01
3.964927E+03	-1.701914E+01	2.519073E-01	1.767271E-01
3.965127E+03	-1.702014E+01	2.543988E-01	1.767273E-01
3.965327E+03	-1.701878E+01	2.543603E-01	1.767275E-01
3.965528E+03	-1.701835E+01	2.537709E-01	1.767277E-01
3.965728E+03	-1.701797E+01	2.554451E-01	1.767280E-01
3.965928E+03	-1.701804E+01	2.545358E-01	1.767282E-01
3.966128E+03	-1.701863E+01	2.564113E-01	1.767284E-01
3.966328E+03	-1.701830E+01	2.567444E-01	1.767286E-01
3.966528E+03	-1.701573E+01	2.549777E-01	1.767289E-01
3.966728E+03	-1.701413E+01	2.536537E-01	1.767291E-01
3.966928E+03	-1.701253E+01	2.535521E-01	1.767293E-01
3.967528E+03	-1.701352E+01	2.543208E-01	1.767300E-01
3.967727E+03	-1.701345E+01	2.541800E-01	1.767302E-01
3.968128E+03	-1.701281E+01	2.553509E-01	1.767307E-01
3.968327E+03	-1.701226E+01	2.557707E-01	1.767309E-01
3.968527E+03	-1.701311E+01	2.562455E-01	1.767311E-01
3.968727E+03	-1.701458E+01	2.585698E-01	1.767314E-01
3.969127E+03	-1.701362E+01	2.585399E-01	1.767318E-01
3.969327E+03	-1.701577E+01	2.606849E-01	1.767320E-01
3.969727E+03	-1.701636E+01	2.603911E-01	1.767325E-01
3.969927E+03	-1.701639E+01	2.603369E-01	1.767327E-01
3.970127E+03	-1.701636E+01	2.594467E-01	1.767329E-01
3.970327E+03	-1.701671E+01	2.586996E-01	1.767332E-01
3.970527E+03	-1.701657E+01	2.586246E-01	1.767334E-01
3.971527E+03	-1.701545E+01	2.594032E-01	1.767345E-01
3.971727E+03	-1.701460E+01	2.592468E-01	1.767347E-01
3.971927E+03	-1.701484E+01	2.587715E-01	1.767350E-01
3.972127E+03	-1.701547E+01	2.576068E-01	1.767352E-01
3.972327E+03	-1.701657E+01	2.579476E-01	1.767354E-01
3.972728E+03	-1.701564E+01	2.576467E-01	1.767359E-01
3.972928E+03	-1.701493E+01	2.580639E-01	1.767361E-01
3.973128E+03	-1.701660E+01	2.585785E-01	1.767363E-01
3.973328E+03	-1.701813E+01	2.598346E-01	1.767366E-01
3.973728E+03	-1.701809E+01	2.599253E-01	1.767370E-01
3.973928E+03	-1.701843E+01	2.593110E-01	1.767372E-01
3.974328E+03	-1.701898E+01	2.596695E-01	1.767377E-01
3.974528E+03	-1.702037E+01	2.606264E-01	1.767379E-01
3.975128E+03	-1.702255E+01	2.619911E-01	1.767386E-01
3.975328E+03	-1.702487E+01	2.646433E-01	1.767388E-01
3.975928E+03	-1.702497E+01	2.655674E-01	1.767395E-01
3.976128E+03	-1.702534E+01	2.659020E-01	1.767397E-01
3.976328E+03	-1.702565E+01	2.647832E-01	1.767399E-01
3.976528E+03	-1.702509E+01	2.644912E-01	1.767402E-01
3.976928E+03	-1.702536E+01	2.657245E-01	1.767406E-01
3.977128E+03	-1.702482E+01	2.636247E-01	1.767408E-01
3.977728E+03	-1.702363E+01	2.626710E-01	1.767415E-01
3.977928E+03	-1.702414E+01	2.628959E-01	1.767417E-01
3.978128E+03	-1.702263E+01	2.618914E-01	1.767420E-01
3.978328E+03	-1.702081E+01	2.605551E-01	1.767422E-01
3.978528E+03	-1.701863E+01	2.566604E-01	1.767424E-01
3.978728E+03	-1.701852E+01	2.560970E-01	1.767426E-01
3.978928E+03	-1.701670E+01	2.542501E-01	1.767429E-01
3.979128E+03	-1.701584E+01	2.537048E-01	1.767431E-01
3.979328E+03	-1.701542E+01	2.543491E-01	1.767433E-01
3.979528E+03	-1.701453E+01	2.535129E-01	1.767436E-01
3.979729E+03	-1.701446E+01	2.543612E-01	1.767438E-01
3.979928E+03	-1.701424E+01	2.545343E-01	1.767440E-01
3.980128E+03	-1.701363E+01	2.549148E-01	1.767442E-01
3.980329E+03	-1.701304E+01	2.546194E-01	1.767445E-01
3.980528E+03	-1.701451E+01	2.556246E-01	1.767447E-01
3.980728E+03	-1.701370E+01	2.537254E-01	1.767449E-01
3.980928E+03	-1.701295E+01	2.594718E-01	1.767451E-01
3.981128E+03	-1.701327E+01	2.608768E-01	1.767454E-01
3.981328E+03	-1.701415E+01	2.568510E-01	1.767456E-01
3.981528E+03	-1.701517E+01	2.575056E-01	1.767458E-01
3.982128E+03	-1.701658E+01	2.569139E-01	1.767465E-01
3.982728E+03	-1.701531E+01	2.557497E-01	1.767472E-01
3.982928E+03	-1.701423E+01	2.552697E-01	1.767474E-01
3.983128E+03	-1.701522E+01	2.572365E-01	1.767476E-01
3.983328E+03	-1.701449E+01	2.568954E-01	1.767478E-01
3.983528E+03	-1.701484E+01	2.565914E-01	1.767481E-01
3.983728E+03	-1.701503E+01	2.603376E-01	1.767483E-01
3.983928E+03	-1.701612E+01	2.610002E-01	1.767485E-01
3.984128E+03	-1.701641E+01	2.620649E-01	1.767487E-01
3.984328E+03	-1.701650E+01	2.625959E-01	1.767490E-01
3.984728E+03	-1.701708E+01	2.629326E-01	1.767494E-01
3.984928E+03	-1.701750E+01	2.586006E-01	1.767496E-01
3.985128E+03	-1.701872E+01	2.594058E-01	1.767499E-01
3.985328E+03	-1.702015E+01	2.591734E-01	1.767501E-01
3.985528E+03	-1.702031E+01	2.603529E-01	1.767503E-01
3.985928E+03	-1.701982E+01	2.594807E-01	1.767508E-01
3.986128E+03	-1.702029E+01	2.597994E-01	1.767510E-01
3.986329E+03	-1.702203E+01	2.621592E-01	1.767512E-01
3.986529E+03	-1.702307E+01	2.606451E-01	1.767514E-01
3.986729E+03	-1.702348E+01	2.591876E-01	1.767517E-01
3.986929E+03	-1.702295E+01	2.590109E-01	1.767519E-01
3.987129E+03	-1.702226E+01	2.597359E-01	1.767521E-01
3.987329E+03	-1.702203E+01	2.558442E-01	1.767523E-01
3.987929E+03	-1.702142E+01	2.561266E-01	1.767530E-01
3.988129E+03	-1.702218E+01	2.561988E-01	1.767532E-01
3.988329E+03	-1.702294E+01	2.566714E-01	1.767535E-01
3.988529E+03	-1.702308E+01	2.567969E-01	1.767537E-01
3.988729E+03	-1.702344E+01	2.575483E-01	1.767539E-01
3.988929E+03	-1.702288E+01	2.589844E-01	1.767541E-01
3.989129E+03	-1.702266E+01	2.575254E-01	1.767544E-01
3.989329E+03	-1.702331E+01	2.580532E-01	1.767546E-01
3.989529E+03	-1.702405E+01	2.589968E-01	1.767548E-01
3.989729E+03	-1.702328E+01	2.590814E-01	1.767550E-01
3.989929E+03	-1.702295E+01	2.577068E-01	1.767553E-01
3.990129E+03	-1.702281E+01	2.570726E-01	1.767555E-01
3.990329E+03	-1.702246E+01	2.567822E-01	1.767557E-01
3.990529E+03	-1.702222E+01	2.562449E-01	1.767559E-01
3.990729E+03	-1.702157E+01	2.557411E-01	1.767562E-01
3.990929E+03	-1.702298E+01	2.563674E-01	1.767564E-01
3.991129E+03	-1.702512E+01	2.578348E-01	1.767566E-01
3.991528E+03	-1.702444E+01	2.574660E-01	1.767571E-01
3.991729E+03	-1.702450E+01	2.580362E-01	1.767573E-01
3.991928E+03	-1.702485E+01	2.590240E-01	1.767575E-01
3.992128E+03	-1.702593E+01	2.597993E-01	1.767577E-01
3.992329E+03	-1.702603E+01	2.608672E-01	1.767580E-01
3.992528E+03	-1.702673E+01	2.590627E-01	1.767582E-01
3.992729E+03	-1.702846E+01	2.599856E-01	1.767584E-01
3.992928E+03	-1.702870E+01	2.603469E-01	1.767586E-01
3.993128E+03	-1.702904E+01	2.597007E-01	1.767589E-01
3.993329E+03	-1.703006E+01	2.607581E-01	1.767591E-01
3.993529E+03	-1.703043E+01	2.590396E-01	1.767593E-01
3.993729E+03	-1.703064E+01	2.584023E-01	1.767595E-01
3.993929E+03	-1.703212E+01	2.588582E-01	1.767598E-01
3.994129E+03	-1.703119E+01	2.580087E-01	1.767600E-01
3.994329E+03	-1.703039E+01	2.572840E-01	1.767602E-01
3.994529E+03	-1.703103E+01	2.583885E-01	1.767604E-01
3.994729E+03	-1.703084E+01	2.594865E-01	1.767607E-01
3.995129E+03	-1.703126E+01	2.580235E-01	1.767611E-01
3.995329E+03	-1.703200E+01	2.587701E-01	1.767613E-01
3.995529E+03	-1.703080E+01	2.575814E-01	1.767616E-01
3.995729E+03	-1.702957E+01	2.574290E-01	1.767618E-01
3.995929E+03	-1.702833E+01	2.567019E-01	1.767620E-01
3.996329E+03	-1.702771E+01	2.563078E-01	1.767625E-01
3.996529E+03	-1.702764E+01	2.577683E-01	1.767627E-01
3.996729E+03	-1.702850E+01	2.576293E-01	1.767629E-01
3.996929E+03	-1.703050E+01	2.615913E-01	1.767631E-01
3.997129E+03	-1.703252E+01	2.637083E-01	1.767634E-01
3.997329E+03	-1.703391E+01	2.651276E-01	1.767636E-01
3.997529E+03	-1.703636E+01	2.657777E-01	1.767638E-01
3.997729E+03	-1.703727E+01	2.657680E-01	1.767640E-01
3.997929E+03	-1.703698E+01	2.663552E-01	1.767643E-01
3.998529E+03	-1.703609E+01	2.667267E-01	1.767649E-01
3.998729E+03	-1.703595E+01	2.654823E-01	1.767651E-01
3.998929E+03	-1.703641E+01	2.648460E-01	1.767654E-01
3.999529E+03	-1.703652E+01	2.649831E-01	1.767660E-01
3.999729E+03	-1.703826E+01	2.708619E-01	1.767663E-01
3.999929E+03	-1.704063E+01	2.715469E-01	1.767665E-01
4.000530E+03	-1.704222E+01	2.731022E-01	1.767672E-01
4.001130E+03	-1.704256E+01	2.733248E-01	1.767678E-01
4.001330E+03	-1.704222E+01	2.734073E-01	1.767681E-01
4.001530E+03	-1.704228E+01	2.732974E-01	1.767683E-01
4.001730E+03	-1.704358E+01	2.750529E-01	1.767685E-01
4.001930E+03	-1.704636E+01	2.765292E-01	1.767687E-01
4.002930E+03	-1.704676E+01	2.768697E-01	1.767699E-01
4.003130E+03	-1.704674E+01	2.769817E-01	1.767701E-01
4.003330E+03	-1.704758E+01	2.779400E-01	1.767703E-01
4.003530E+03	-1.704893E+01	2.783730E-01	1.767705E-01
4.003930E+03	-1.704902E+01	2.799406E-01	1.767710E-01
4.004130E+03	-1.704895E+01	2.825242E-01	1.767712E-01
4.004729E+03	-1.704972E+01	2.832332E-01	1.767719E-01
4.004929E+03	-1.705163E+01	2.849988E-01	1.767721E-01
4.005129E+03	-1.705264E+01	2.856846E-01	1.767723E-01
4.005329E+03	-1.705226E+01	2.858158E-01	1.767726E-01
4.005929E+03	-1.705145E+01	2.870989E-01	1.767732E-01
4.006129E+03	-1.705096E+01	2.882164E-01	1.767734E-01
4.006329E+03	-1.705228E+01	2.894732E-01	1.767737E-01
4.006529E+03	-1.705285E+01	2.898929E-01	1.767739E-01
4.006929E+03	-1.705235E+01	2.892887E-01	1.767743E-01
4.007129E+03	-1.705159E+01	2.883777E-01	1.767746E-01
4.007330E+03	-1.705167E+01	2.873976E-01	1.767748E-01
4.007530E+03	-1.705162E+01	2.854709E-01	1.767750E-01
4.007730E+03	-1.705120E+01	2.851960E-01	1.767752E-01
4.007930E+03	-1.705247E+01	2.858051E-01	1.767755E-01
4.008330E+03	-1.705368E+01	2.867523E-01	1.767759E-01
4.008530E+03	-1.705243E+01	2.868168E-01	1.767761E-01
4.008730E+03	-1.705298E+01	2.867478E-01	1.767764E-01
4.008930E+03	-1.705368E+01	2.866598E-01	1.767766E-01
4.009130E+03	-1.705433E+01	2.877938E-01	1.767768E-01
4.009330E+03	-1.705493E+01	2.897271E-01	1.767770E-01
4.009530E+03	-1.705660E+01	2.913497E-01	1.767773E-01
4.010130E+03	-1.705735E+01	2.916898E-01	1.767779E-01
4.010330E+03	-1.705705E+01	2.912283E-01	1.767781E-01
4.010530E+03	-1.705743E+01	2.912839E-01	1.767784E-01
4.011130E+03	-1.705771E+01	2.914628E-01	1.767790E-01
4.011330E+03	-1.705799E+01	2.914610E-01	1.767793E-01
4.011530E+03	-1.705806E+01	2.905874E-01	1.767795E-01
4.011730E+03	-1.705772E+01	2.900686E-01	1.767797E-01
4.011930E+03	-1.705776E+01	2.901349E-01	1.767799E-01
4.012130E+03	-1.705787E+01	2.901170E-01	1.767802E-01
4.012330E+03	-1.705695E+01	2.892411E-01	1.767804E-01
4.012730E+03	-1.705610E+01	2.887767E-01	1.767808E-01
4.012930E+03	-1.705579E+01	2.890080E-01	1.767811E-01
4.013130E+03	-1.705628E+01	2.902739E-01	1.767813E-01
4.013330E+03	-1.705671E+01	2.895898E-01	1.767815E-01
4.013530E+03	-1.705799E+01	2.919491E-01	1.767817E-01
4.013730E+03	-1.705763E+01	2.920765E-01	1.767820E-01
4.013930E+03	-1.705697E+01	2.921478E-01	1.767822E-01
4.014131E+03	-1.705602E+01	2.930239E-01	1.767824E-01
4.014531E+03	-1.705549E+01	2.953803E-01	1.767828E-01
4.015131E+03	-1.705492E+01	2.949957E-01	1.767835E-01
4.015331E+03	-1.705449E+01	2.945240E-01	1.767837E-01
4.015531E+03	-1.705227E+01	2.932645E-01	1.767840E-01
4.015731E+03	-1.704999E+01	2.893729E-01	1.767842E-01
4.015930E+03	-1.704987E+01	2.876814E-01	1.767844E-01
4.016331E+03	-1.705030E+01	2.879371E-01	1.767849E-01
4.016530E+03	-1.704960E+01	2.908507E-01	1.767851E-01
4.016930E+03	-1.704844E+01	2.883595E-01	1.767855E-01
4.017130E+03	-1.704749E+01	2.897708E-01	1.767858E-01
4.017730E+03	-1.704743E+01	2.877624E-01	1.767864E-01
4.017930E+03	-1.704748E+01	2.863151E-01	1.767866E-01
4.018330E+03	-1.704852E+01	2.849867E-01	1.767871E-01
4.018530E+03	-1.704685E+01	2.833125E-01	1.767873E-01
4.018730E+03	-1.704502E+01	2.811338E-01	1.767875E-01
4.018930E+03	-1.704515E+01	2.812103E-01	1.767878E-01
4.019130E+03	-1.704544E+01	2.813979E-01	1.767880E-01
4.019330E+03	-1.704553E+01	2.833753E-01	1.767882E-01
4.019530E+03	-1.704492E+01	2.834308E-01	1.767884E-01
4.019730E+03	-1.704459E+01	2.830206E-01	1.767887E-01
4.020330E+03	-1.704330E+01	2.809776E-01	1.767893E-01
4.020530E+03	-1.704252E+01	2.794111E-01	1.767895E-01
4.020930E+03	-1.704355E+01	2.810454E-01	1.767900E-01
4.021131E+03	-1.704427E+01	2.814751E-01	1.767902E-01
4.021331E+03	-1.704465E+01	2.809888E-01	1.767904E-01
4.021531E+03	-1.704628E+01	2.826667E-01	1.767907E-01
4.021731E+03	-1.704669E+01	2.842924E-01	1.767909E-01
4.021931E+03	-1.704693E+01	2.845627E-01	1.767911E-01
4.022131E+03	-1.704787E+01	2.840073E-01	1.767913E-01
4.022331E+03	-1.704873E+01	2.842146E-01	1.767916E-01
4.022531E+03	-1.704969E+01	2.847616E-01	1.767918E-01
4.022931E+03	-1.704911E+01	2.848358E-01	1.767922E-01
4.023131E+03	-1.704801E+01	2.845944E-01	1.767925E-01
4.023331E+03	-1.704685E+01	2.831716E-01	1.767927E-01
4.023531E+03	-1.704557E+01	2.823147E-01	1.767929E-01
4.023731E+03	-1.704462E+01	2.825088E-01	1.767931E-01
4.023931E+03	-1.704304E+01	2.812329E-01	1.767933E-01
4.024131E+03	-1.704385E+01	2.816636E-01	1.767936E-01
4.024331E+03	-1.704580E+01	2.827533E-01	1.767938E-01
4.024531E+03	-1.704595E+01	2.826835E-01	1.767940E-01
4.024731E+03	-1.704506E+01	2.832649E-01	1.767942E-01
4.025131E+03	-1.704540E+01	2.848055E-01	1.767947E-01
4.025531E+03	-1.704597E+01	2.853679E-01	1.767951E-01
4.025731E+03	-1.704542E+01	2.842286E-01	1.767953E-01
4.026131E+03	-1.704543E+01	2.832420E-01	1.767958E-01
4.026331E+03	-1.704444E+01	2.830958E-01	1.767960E-01
4.026531E+03	-1.704359E+01	2.824204E-01	1.767962E-01
4.026731E+03	-1.704328E+01	2.809981E-01	1.767965E-01
4.026931E+03	-1.704351E+01	2.808393E-01	1.767967E-01
4.027531E+03	-1.704287E+01	2.806454E-01	1.767974E-01
4.027731E+03	-1.704144E+01	2.798798E-01	1.767976E-01
4.027931E+03	-1.704116E+01	2.797178E-01	1.767978E-01
4.028131E+03	-1.704148E+01	2.803517E-01	1.767980E-01
4.028331E+03	-1.704165E+01	2.801189E-01	1.767982E-01
4.028731E+03	-1.704128E+01	2.810662E-01	1.767987E-01
4.028932E+03	-1.704153E+01	2.810847E-01	1.767989E-01
4.029531E+03	-1.704088E+01	2.809032E-01	1.767996E-01
4.029731E+03	-1.704135E+01	2.804153E-01	1.767998E-01
4.029931E+03	-1.704034E+01	2.798000E-01	1.768000E-01
4.030131E+03	-1.703824E+01	2.788191E-01	1.768003E-01
4.030331E+03	-1.703651E+01	2.779757E-01	1.768005E-01
4.030531E+03	-1.703443E+01	2.764097E-01	1.768007E-01
4.031131E+03	-1.703336E+01	2.815637E-01	1.768014E-01
4.031331E+03	-1.703333E+01	2.812653E-01	1.768016E-01
4.031931E+03	-1.703243E+01	2.817796E-01	1.768023E-01
4.032131E+03	-1.703244E+01	2.759725E-01	1.768025E-01
4.033331E+03	-1.703352E+01	2.734836E-01	1.768038E-01
4.033531E+03	-1.703256E+01	2.725584E-01	1.768040E-01
4.033731E+03	-1.703192E+01	2.725354E-01	1.768043E-01
4.033931E+03	-1.703185E+01	2.724586E-01	1.768045E-01
4.034131E+03	-1.703193E+01	2.713968E-01	1.768047E-01
4.034331E+03	-1.703138E+01	2.731005E-01	1.768049E-01
4.034531E+03	-1.702968E+01	2.713494E-01	1.768051E-01
4.034731E+03	-1.702885E+01	2.720405E-01	1.768054E-01
4.034932E+03	-1.702867E+01	2.735264E-01	1.768056E-01
4.035132E+03	-1.702798E+01	2.700200E-01	1.768058E-01
4.035332E+03	-1.702843E+01	2.696733E-01	1.768060E-01
4.035532E+03	-1.702796E+01	2.702203E-01	1.768063E-01
4.035932E+03	-1.702838E+01	2.758227E-01	1.768067E-01
4.036132E+03	-1.702741E+01	2.767575E-01	1.768069E-01
4.036332E+03	-1.702576E+01	2.758519E-01	1.768072E-01
4.036532E+03	-1.702511E+01	2.769841E-01	1.768074E-01
4.036732E+03	-1.702502E+01	2.767158E-01	1.768076E-01
4.036932E+03	-1.702500E+01	2.783975E-01	1.768078E-01
4.037132E+03	-1.702386E+01	2.781985E-01	1.768080E-01
4.037332E+03	-1.702344E+01	2.774302E-01	1.768083E-01
4.037932E+03	-1.702293E+01	2.767717E-01	1.768089E-01
4.038132E+03	-1.702321E+01	2.769275E-01	1.768092E-01
4.038332E+03	-1.702402E+01	2.782554E-01	1.768094E-01
4.038532E+03	-1.702310E+01	2.780876E-01	1.768096E-01
4.038732E+03	-1.702077E+01	2.751480E-01	1.768098E-01
4.038932E+03	-1.702041E+01	2.745242E-01	1.768100E-01
4.039132E+03	-1.701930E+01	2.746342E-01	1.768103E-01
4.039332E+03	-1.701758E+01	2.740533E-01	1.768105E-01
4.039532E+03	-1.701562E+01	2.734644E-01	1.768107E-01
4.039732E+03	-1.701527E+01	2.730839E-01	1.768110E-01
4.039932E+03	-1.701447E+01	2.727108E-01	1.768113E-01
4.040132E+03	-1.701335E+01	2.712424E-01	1.768115E-01
4.040331E+03	-1.701238E+01	2.707433E-01	1.768118E-01
4.040932E+03	-1.701254E+01	2.710840E-01	1.768126E-01
4.041131E+03	-1.701281E+01	2.725522E-01	1.768129E-01
4.041331E+03	-1.701239E+01	2.736620E-01	1.768132E-01
4.041531E+03	-1.701294E+01	2.787132E-01	1.768135E-01
4.041731E+03	-1.701288E+01	2.786876E-01	1.768137E-01
4.041932E+03	-1.701244E+01	2.804079E-01	1.768140E-01
4.042132E+03	-1.701158E+01	2.799709E-01	1.768143E-01
4.042332E+03	-1.701225E+01	2.828662E-01	1.768146E-01
4.043132E+03	-1.701208E+01	2.834869E-01	1.768157E-01
4.043332E+03	-1.701148E+01	2.832977E-01	1.768159E-01
4.043932E+03	-1.701242E+01	2.836531E-01	1.768168E-01
4.044132E+03	-1.701276E+01	2.846260E-01	1.768170E-01
4.044332E+03	-1.701359E+01	2.860203E-01	1.768173E-01
4.044532E+03	-1.701411E+01	2.897585E-01	1.768176E-01
4.044732E+03	-1.701375E+01	2.907679E-01	1.768179E-01
4.044932E+03	-1.701353E+01	2.921763E-01	1.768181E-01
4.045132E+03	-1.701245E+01	2.917817E-01	1.768184E-01
4.045332E+03	-1.701222E+01	2.916043E-01	1.768187E-01
4.045932E+03	-1.701228E+01	2.915936E-01	1.768195E-01
4.046332E+03	-1.701264E+01	2.915981E-01	1.768201E-01
4.046732E+03	-1.701290E+01	2.919036E-01	1.768206E-01
4.046932E+03	-1.701237E+01	2.925789E-01	1.768209E-01
4.047132E+03	-1.701311E+01	2.923857E-01	1.768212E-01
4.047332E+03	-1.701332E+01	2.925393E-01	1.768214E-01
4.047732E+03	-1.701370E+01	2.927324E-01	1.768220E-01
4.047932E+03	-1.701433E+01	2.938108E-01	1.768223E-01
4.048332E+03	-1.701471E+01	2.928027E-01	1.768228E-01
4.048732E+03	-1.701570E+01	2.933022E-01	1.768234E-01
4.049133E+03	-1.701569E+01	2.932064E-01	1.768239E-01
4.049333E+03	-1.701488E+01	2.931504E-01	1.768242E-01
4.049533E+03	-1.701321E+01	2.927777E-01	1.768245E-01
4.049733E+03	-1.701213E+01	2.930164E-01	1.768247E-01
4.050733E+03	-1.701014E+01	2.919506E-01	1.768261E-01
4.050933E+03	-1.700907E+01	2.899604E-01	1.768264E-01
4.051133E+03	-1.700800E+01	2.900641E-01	1.768267E-01
4.051333E+03	-1.700744E+01	2.863727E-01	1.768269E-01
4.051533E+03	-1.700671E+01	2.852319E-01	1.768272E-01
4.051733E+03	-1.700687E+01	2.863259E-01	1.768275E-01
4.052133E+03	-1.700548E+01	2.855325E-01	1.768280E-01
4.052332E+03	-1.700414E+01	2.846157E-01	1.768283E-01
4.052532E+03	-1.700489E+01	2.844473E-01	1.768286E-01
4.052733E+03	-1.700415E+01	2.836466E-01	1.768289E-01
4.052932E+03	-1.700330E+01	2.836715E-01	1.768291E-01
4.053133E+03	-1.700355E+01	2.844921E-01	1.768294E-01
4.053332E+03	-1.700333E+01	2.851271E-01	1.768297E-01
4.053532E+03	-1.700130E+01	2.808316E-01	1.768300E-01
4.053732E+03	-1.699867E+01	2.786181E-01	1.768302E-01
4.053932E+03	-1.699660E+01	2.768808E-01	1.768305E-01
4.054132E+03	-1.699556E+01	2.762219E-01	1.768308E-01
4.054532E+03	-1.699693E+01	2.765413E-01	1.768313E-01
4.054732E+03	-1.699701E+01	2.769655E-01	1.768316E-01
4.055132E+03	-1.699698E+01	2.770398E-01	1.768322E-01
4.055332E+03	-1.699622E+01	2.773074E-01	1.768324E-01
4.055532E+03	-1.699547E+01	2.784635E-01	1.768327E-01
4.055732E+03	-1.699659E+01	2.813728E-01	1.768330E-01
4.055933E+03	-1.699711E+01	2.844248E-01	1.768333E-01
4.056133E+03	-1.699728E+01	2.882719E-01	1.768335E-01
4.056333E+03	-1.699555E+01	2.861212E-01	1.768338E-01
4.056533E+03	-1.699527E+01	2.846759E-01	1.768341E-01
4.056733E+03	-1.699381E+01	2.835329E-01	1.768344E-01
4.057333E+03	-1.699255E+01	2.824383E-01	1.768352E-01
4.057533E+03	-1.699173E+01	2.822188E-01	1.768355E-01
4.057733E+03	-1.699147E+01	2.818508E-01	1.768357E-01
4.057933E+03	-1.699123E+01	2.803615E-01	1.768360E-01
4.058133E+03	-1.699079E+01	2.797591E-01	1.768363E-01
4.058333E+03	-1.699075E+01	2.820650E-01	1.768366E-01
4.058933E+03	-1.698993E+01	2.816179E-01	1.768374E-01
4.059133E+03	-1.699060E+01	2.828003E-01	1.768377E-01
4.059333E+03	-1.699236E+01	2.843456E-01	1.768379E-01
4.059533E+03	-1.699124E+01	2.841729E-01	1.768382E-01
4.059733E+03	-1.698866E+01	2.840146E-01	1.768385E-01
4.060133E+03	-1.698660E+01	2.827623E-01	1.768390E-01
4.060333E+03	-1.698669E+01	2.848859E-01	1.768393E-01
4.060533E+03	-1.698682E+01	2.851146E-01	1.768396E-01
4.060733E+03	-1.698661E+01	2.842987E-01	1.768399E-01
4.060933E+03	-1.698561E+01	2.828592E-01	1.768401E-01
4.061333E+03	-1.698413E+01	2.809957E-01	1.768407E-01
4.061533E+03	-1.698278E+01	2.790861E-01	1.768410E-01
4.061733E+03	-1.698245E+01	2.775619E-01	1.768412E-01
4.061933E+03	-1.698181E+01	2.764947E-01	1.768415E-01
4.062133E+03	-1.698056E+01	2.755110E-01	1.768418E-01
4.062333E+03	-1.698217E+01	2.764990E-01	1.768420E-01
4.062734E+03	-1.698179E+01	2.757872E-01	1.768426E-01
4.062934E+03	-1.698020E+01	2.744647E-01	1.768429E-01
4.063334E+03	-1.697926E+01	2.736927E-01	1.768434E-01
4.063534E+03	-1.697769E+01	2.726251E-01	1.768437E-01
4.063734E+03	-1.697641E+01	2.718208E-01	1.768440E-01
4.063934E+03	-1.697551E+01	2.717826E-01	1.768442E-01
4.064134E+03	-1.697561E+01	2.735261E-01	1.768445E-01
4.064334E+03	-1.697486E+01	2.730336E-01	1.768448E-01
4.064534E+03	-1.697448E+01	2.725109E-01	1.768451E-01
4.064733E+03	-1.697437E+01	2.718815E-01	1.768453E-01
4.064934E+03	-1.697561E+01	2.718781E-01	1.768456E-01
4.065133E+03	-1.697571E+01	2.709815E-01	1.768459E-01
4.065334E+03	-1.697448E+01	2.688934E-01	1.768462E-01
4.065534E+03	-1.697501E+01	2.686466E-01	1.768464E-01
4.065733E+03	-1.697447E+01	2.680608E-01	1.768467E-01
4.065933E+03	-1.697355E+01	2.662779E-01	1.768470E-01
4.066133E+03	-1.697283E+01	2.634330E-01	1.768473E-01
4.066333E+03	-1.697364E+01	2.638136E-01	1.768475E-01
4.066533E+03	-1.697254E+01	2.625772E-01	1.768478E-01
4.066733E+03	-1.697127E+01	2.616710E-01	1.768481E-01
4.066933E+03	-1.697108E+01	2.615447E-01	1.768483E-01
4.067333E+03	-1.696972E+01	2.607346E-01	1.768489E-01
4.067533E+03	-1.696932E+01	2.598499E-01	1.768492E-01
4.067733E+03	-1.696956E+01	2.574512E-01	1.768494E-01
4.067933E+03	-1.696863E+01	2.564747E-01	1.768497E-01
4.068133E+03	-1.696825E+01	2.547459E-01	1.768500E-01
4.068333E+03	-1.696874E+01	2.552517E-01	1.768503E-01
4.068533E+03	-1.696864E+01	2.555267E-01	1.768505E-01
4.068933E+03	-1.696805E+01	2.550588E-01	1.768511E-01
4.069133E+03	-1.696845E+01	2.552964E-01	1.768514E-01
4.069333E+03	-1.696908E+01	2.557087E-01	1.768516E-01
4.069533E+03	-1.697023E+01	2.565349E-01	1.768519E-01
4.069734E+03	-1.697053E+01	2.584731E-01	1.768522E-01
4.070134E+03	-1.697137E+01	2.572574E-01	1.768527E-01
4.070334E+03	-1.696979E+01	2.568311E-01	1.768530E-01
4.070534E+03	-1.696989E+01	2.568583E-01	1.768533E-01
4.070734E+03	-1.696933E+01	2.560627E-01	1.768535E-01
4.070934E+03	-1.696871E+01	2.566004E-01	1.768538E-01
4.071134E+03	-1.696994E+01	2.562320E-01	1.768541E-01
4.071334E+03	-1.696938E+01	2.587809E-01	1.768544E-01
4.071534E+03	-1.696804E+01	2.581264E-01	1.768546E-01
4.071734E+03	-1.696680E+01	2.574387E-01	1.768549E-01
4.071934E+03	-1.696699E+01	2.570195E-01	1.768552E-01
4.072134E+03	-1.696736E+01	2.582462E-01	1.768555E-01
4.072334E+03	-1.696621E+01	2.586241E-01	1.768557E-01
4.072534E+03	-1.696488E+01	2.592488E-01	1.768560E-01
4.072734E+03	-1.696438E+01	2.604397E-01	1.768563E-01
4.072934E+03	-1.696349E+01	2.611905E-01	1.768566E-01
4.073134E+03	-1.696317E+01	2.623180E-01	1.768568E-01
4.073334E+03	-1.696323E+01	2.643402E-01	1.768571E-01
4.073534E+03	-1.696354E+01	2.661453E-01	1.768574E-01
4.073734E+03	-1.696399E+01	2.684315E-01	1.768577E-01
4.073934E+03	-1.696409E+01	2.685382E-01	1.768579E-01
4.074734E+03	-1.696332E+01	2.698574E-01	1.768590E-01
4.074934E+03	-1.696325E+01	2.706526E-01	1.768593E-01
4.075134E+03	-1.696297E+01	2.705705E-01	1.768596E-01
4.075534E+03	-1.696246E+01	2.693037E-01	1.768601E-01
4.075734E+03	-1.696126E+01	2.674156E-01	1.768604E-01
4.075934E+03	-1.695996E+01	2.653393E-01	1.768607E-01
4.076134E+03	-1.695969E+01	2.654935E-01	1.768609E-01
4.076535E+03	-1.696053E+01	2.658035E-01	1.768615E-01
4.077135E+03	-1.695970E+01	2.648463E-01	1.768623E-01
4.077535E+03	-1.695882E+01	2.643469E-01	1.768628E-01
4.077735E+03	-1.695799E+01	2.636316E-01	1.768631E-01
4.077934E+03	-1.695659E+01	2.623190E-01	1.768634E-01
4.078134E+03	-1.695541E+01	2.628925E-01	1.768637E-01
4.078734E+03	-1.695531E+01	2.633031E-01	1.768645E-01
4.078934E+03	-1.695647E+01	2.639959E-01	1.768648E-01
4.079134E+03	-1.695736E+01	2.641206E-01	1.768650E-01
4.079334E+03	-1.695802E+01	2.649892E-01	1.768653E-01
4.079534E+03	-1.695775E+01	2.639328E-01	1.768656E-01
4.079734E+03	-1.695809E+01	2.641667E-01	1.768658E-01
4.079934E+03	-1.695824E+01	2.642772E-01	1.768661E-01
4.080134E+03	-1.695814E+01	2.650594E-01	1.768664E-01
4.080334E+03	-1.695755E+01	2.646760E-01	1.768667E-01
4.080534E+03	-1.695702E+01	2.633927E-01	1.768669E-01
4.080734E+03	-1.695647E+01	2.622713E-01	1.768672E-01
4.080934E+03	-1.695570E+01	2.615553E-01	1.768675E-01
4.081134E+03	-1.695492E+01	2.570013E-01	1.768678E-01
4.081334E+03	-1.695382E+01	2.562891E-01	1.768680E-01
4.082534E+03	-1.695345E+01	2.551969E-01	1.768697E-01
4.082734E+03	-1.695392E+01	2.551669E-01	1.768699E-01
4.082934E+03	-1.695491E+01	2.554783E-01	1.768702E-01
4.083134E+03	-1.695583E+01	2.559276E-01	1.768705E-01
4.083334E+03	-1.695572E+01	2.555644E-01	1.768708E-01
4.083535E+03	-1.695617E+01	2.558182E-01	1.768710E-01
4.083735E+03	-1.695739E+01	2.565262E-01	1.768713E-01
4.084135E+03	-1.695864E+01	2.556040E-01	1.768718E-01
4.084335E+03	-1.695896E+01	2.552218E-01	1.768721E-01
4.084535E+03	-1.695861E+01	2.541559E-01	1.768724E-01
4.084735E+03	-1.695771E+01	2.525000E-01	1.768727E-01
4.084935E+03	-1.695682E+01	2.511928E-01	1.768729E-01
4.085135E+03	-1.695733E+01	2.528598E-01	1.768732E-01
4.085535E+03	-1.695886E+01	2.522482E-01	1.768738E-01
4.085735E+03	-1.695978E+01	2.489121E-01	1.768740E-01
4.085935E+03	-1.695920E+01	2.487187E-01	1.768743E-01
4.086135E+03	-1.695854E+01	2.480378E-01	1.768746E-01
4.086335E+03	-1.695807E+01	2.469811E-01	1.768748E-01
4.086535E+03	-1.695740E+01	2.475843E-01	1.768751E-01
4.086735E+03	-1.695724E+01	2.455229E-01	1.768754E-01
4.086935E+03	-1.695841E+01	2.462459E-01	1.768757E-01
4.087135E+03	-1.695828E+01	2.461119E-01	1.768759E-01
4.087335E+03	-1.695891E+01	2.464380E-01	1.768762E-01
4.087535E+03	-1.695906E+01	2.468118E-01	1.768765E-01
4.087735E+03	-1.695937E+01	2.465267E-01	1.768768E-01
4.087935E+03	-1.695936E+01	2.459895E-01	1.768770E-01
4.088135E+03	-1.695894E+01	2.457634E-01	1.768773E-01
4.088335E+03	-1.695843E+01	2.462869E-01	1.768776E-01
4.088535E+03	-1.695820E+01	2.450069E-01	1.768778E-01
4.088735E+03	-1.695776E+01	2.448388E-01	1.768781E-01
4.088934E+03	-1.695784E+01	2.446289E-01	1.768784E-01
4.089135E+03	-1.695911E+01	2.445507E-01	1.768787E-01
4.089334E+03	-1.695989E+01	2.447987E-01	1.768789E-01
4.089535E+03	-1.695971E+01	2.440585E-01	1.768792E-01
4.089735E+03	-1.696008E+01	2.440891E-01	1.768795E-01
4.089934E+03	-1.696059E+01	2.440883E-01	1.768797E-01
4.090134E+03	-1.695973E+01	2.420734E-01	1.768800E-01
4.090334E+03	-1.695929E+01	2.402583E-01	1.768803E-01
4.090535E+03	-1.696073E+01	2.369024E-01	1.768806E-01
4.090735E+03	-1.696090E+01	2.404312E-01	1.768808E-01
4.090935E+03	-1.696258E+01	2.435335E-01	1.768811E-01
4.091135E+03	-1.696252E+01	2.434462E-01	1.768814E-01
4.091335E+03	-1.696214E+01	2.417122E-01	1.768817E-01
4.091535E+03	-1.696323E+01	2.417884E-01	1.768819E-01
4.091735E+03	-1.696523E+01	2.439757E-01	1.768822E-01
4.092335E+03	-1.696531E+01	2.449776E-01	1.768830E-01
4.092535E+03	-1.696634E+01	2.443048E-01	1.768833E-01
4.092735E+03	-1.696585E+01	2.426544E-01	1.768836E-01
4.092935E+03	-1.696741E+01	2.398363E-01	1.768838E-01
4.093135E+03	-1.696741E+01	2.396047E-01	1.768841E-01
4.093335E+03	-1.696893E+01	2.410685E-01	1.768844E-01
4.093535E+03	-1.697041E+01	2.416598E-01	1.768846E-01
4.093935E+03	-1.696965E+01	2.420559E-01	1.768852E-01
4.094135E+03	-1.696799E+01	2.411343E-01	1.768855E-01
4.094335E+03	-1.696826E+01	2.411562E-01	1.768857E-01
4.094535E+03	-1.696903E+01	2.414458E-01	1.768860E-01
4.094735E+03	-1.697056E+01	2.432058E-01	1.768863E-01
4.094935E+03	-1.697199E+01	2.452280E-01	1.768866E-01
4.095135E+03	-1.697121E+01	2.448144E-01	1.768868E-01
4.095735E+03	-1.697226E+01	2.454456E-01	1.768876E-01
4.095935E+03	-1.697319E+01	2.447034E-01	1.768879E-01
4.096335E+03	-1.697229E+01	2.452959E-01	1.768885E-01
4.096535E+03	-1.697224E+01	2.452962E-01	1.768887E-01
4.096735E+03	-1.697306E+01	2.456169E-01	1.768890E-01
4.096935E+03	-1.697301E+01	2.452753E-01	1.768893E-01
4.097135E+03	-1.697286E+01	2.443557E-01	1.768895E-01
4.097336E+03	-1.697388E+01	2.449448E-01	1.768898E-01
4.097536E+03	-1.697415E+01	2.451632E-01	1.768901E-01
4.097736E+03	-1.697568E+01	2.471916E-01	1.768904E-01
4.097936E+03	-1.697604E+01	2.476998E-01	1.768906E-01
4.098136E+03	-1.697639E+01	2.477091E-01	1.768909E-01
4.098536E+03	-1.697650E+01	2.476458E-01	1.768914E-01
4.098736E+03	-1.697704E+01	2.468208E-01	1.768917E-01
4.098936E+03	-1.697702E+01	2.467673E-01	1.768920E-01
4.099536E+03	-1.697671E+01	2.471957E-01	1.768928E-01
4.099736E+03	-1.697516E+01	2.476869E-01	1.768931E-01
4.099936E+03	-1.697590E+01	2.476786E-01	1.768933E-01
4.100136E+03	-1.697728E+01	2.478326E-01	1.768936E-01
4.100336E+03	-1.697770E+01	2.472009E-01	1.768939E-01
4.100536E+03	-1.697743E+01	2.478764E-01	1.768942E-01
4.100736E+03	-1.697815E+01	2.470323E-01	1.768944E-01
4.100936E+03	-1.697840E+01	2.473886E-01	1.768947E-01
4.101136E+03	-1.697751E+01	2.470565E-01	1.768950E-01
4.101735E+03	-1.697812E+01	2.474106E-01	1.768958E-01
4.102335E+03	-1.697754E+01	2.471111E-01	1.768966E-01
4.102535E+03	-1.697776E+01	2.468970E-01	1.768969E-01
4.102735E+03	-1.697768E+01	2.468199E-01	1.768971E-01
4.102935E+03	-1.697841E+01	2.462605E-01	1.768974E-01
4.103135E+03	-1.697878E+01	2.452526E-01	1.768977E-01
4.103335E+03	-1.697829E+01	2.426402E-01	1.768980E-01
4.103535E+03	-1.697880E+01	2.407373E-01	1.768982E-01
4.103735E+03	-1.697917E+01	2.373225E-01	1.768985E-01
4.103935E+03	-1.697990E+01	2.377305E-01	1.768988E-01
4.104135E+03	-1.697947E+01	2.373139E-01	1.768990E-01
4.104336E+03	-1.697890E+01	2.369900E-01	1.768993E-01
4.104536E+03	-1.697662E+01	2.366909E-01	1.768996E-01
4.104736E+03	-1.697554E+01	2.363733E-01	1.768999E-01
4.104936E+03	-1.697641E+01	2.378845E-01	1.769001E-01
4.105136E+03	-1.697582E+01	2.374334E-01	1.769004E-01
4.105336E+03	-1.697546E+01	2.360784E-01	1.769007E-01
4.105536E+03	-1.697622E+01	2.339730E-01	1.769009E-01
4.105736E+03	-1.697881E+01	2.363303E-01	1.769012E-01
4.105936E+03	-1.698054E+01	2.374546E-01	1.769015E-01
4.106136E+03	-1.698104E+01	2.378490E-01	1.769018E-01
4.106336E+03	-1.698240E+01	2.376863E-01	1.769020E-01
4.106536E+03	-1.698110E+01	2.348146E-01	1.769023E-01
4.106736E+03	-1.698005E+01	2.345867E-01	1.769026E-01
4.106936E+03	-1.698142E+01	2.325652E-01	1.769028E-01
4.107136E+03	-1.698180E+01	2.323814E-01	1.769031E-01
4.108136E+03	-1.698228E+01	2.329032E-01	1.769045E-01
4.108336E+03	-1.698285E+01	2.337415E-01	1.769047E-01
4.108536E+03	-1.698505E+01	2.353585E-01	1.769050E-01
4.108736E+03	-1.698479E+01	2.353246E-01	1.769053E-01
4.108936E+03	-1.698386E+01	2.348207E-01	1.769056E-01
4.109336E+03	-1.698419E+01	2.363102E-01	1.769061E-01
4.109536E+03	-1.698537E+01	2.371619E-01	1.769064E-01
4.109736E+03	-1.698504E+01	2.371887E-01	1.769066E-01
4.109936E+03	-1.698521E+01	2.376936E-01	1.769069E-01
4.110136E+03	-1.698634E+01	2.383104E-01	1.769072E-01
4.110736E+03	-1.698696E+01	2.387019E-01	1.769080E-01
4.110936E+03	-1.698785E+01	2.392805E-01	1.769083E-01
4.111136E+03	-1.698821E+01	2.399110E-01	1.769085E-01
4.111337E+03	-1.698754E+01	2.389035E-01	1.769088E-01
4.111537E+03	-1.698797E+01	2.382555E-01	1.769091E-01
4.111737E+03	-1.698722E+01	2.378929E-01	1.769094E-01
4.111937E+03	-1.698786E+01	2.395120E-01	1.769096E-01
4.112137E+03	-1.698899E+01	2.412207E-01	1.769099E-01
4.112737E+03	-1.698918E+01	2.413279E-01	1.769107E-01
4.112937E+03	-1.699044E+01	2.420641E-01	1.769110E-01
4.113136E+03	-1.699084E+01	2.432836E-01	1.769112E-01
4.113537E+03	-1.699127E+01	2.467525E-01	1.769118E-01
4.113736E+03	-1.699257E+01	2.475216E-01	1.769121E-01
4.113936E+03	-1.699361E+01	2.481327E-01	1.769123E-01
4.114136E+03	-1.699505E+01	2.489158E-01	1.769126E-01
4.114337E+03	-1.699513E+01	2.493362E-01	1.769129E-01
4.114536E+03	-1.699511E+01	2.498905E-01	1.769131E-01
4.114736E+03	-1.699586E+01	2.503155E-01	1.769134E-01
4.114936E+03	-1.699640E+01	2.507642E-01	1.769137E-01
4.115136E+03	-1.699620E+01	2.520314E-01	1.769140E-01
4.115336E+03	-1.699488E+01	2.516320E-01	1.769142E-01
4.115536E+03	-1.699457E+01	2.517601E-01	1.769145E-01
4.115736E+03	-1.699591E+01	2.525136E-01	1.769148E-01
4.115936E+03	-1.699717E+01	2.544284E-01	1.769150E-01
4.116136E+03	-1.699810E+01	2.559340E-01	1.769153E-01
4.116336E+03	-1.699969E+01	2.564672E-01	1.769156E-01
4.116536E+03	-1.700171E+01	2.591931E-01	1.769158E-01
4.116736E+03	-1.700378E+01	2.611050E-01	1.769161E-01
4.116936E+03	-1.700508E+01	2.626419E-01	1.769164E-01
4.117136E+03	-1.700641E+01	2.629983E-01	1.769167E-01
4.117336E+03	-1.700794E+01	2.620480E-01	1.769169E-01
4.117536E+03	-1.700640E+01	2.599263E-01	1.769172E-01
4.117736E+03	-1.700506E+01	2.576775E-01	1.769175E-01
4.117936E+03	-1.700434E+01	2.573147E-01	1.769177E-01
4.119337E+03	-1.700504E+01	2.576680E-01	1.769196E-01
4.119537E+03	-1.700547E+01	2.572629E-01	1.769199E-01
4.119737E+03	-1.700553E+01	2.569484E-01	1.769202E-01
4.119937E+03	-1.700598E+01	2.540216E-01	1.769204E-01
4.120137E+03	-1.700612E+01	2.549840E-01	1.769207E-01
4.120337E+03	-1.700775E+01	2.552593E-01	1.769210E-01
4.120537E+03	-1.700770E+01	2.544740E-01	1.769213E-01
4.120937E+03	-1.700672E+01	2.530398E-01	1.769218E-01
4.121137E+03	-1.700563E+01	2.509106E-01	1.769221E-01
4.121337E+03	-1.700707E+01	2.508014E-01	1.769223E-01
4.121537E+03	-1.700888E+01	2.503682E-01	1.769226E-01
4.121737E+03	-1.701086E+01	2.491127E-01	1.769229E-01
4.121937E+03	-1.701143E+01	2.482936E-01	1.769231E-01
4.122137E+03	-1.701160E+01	2.453323E-01	1.769234E-01
4.122337E+03	-1.701169E+01	2.421561E-01	1.769237E-01
4.122537E+03	-1.701234E+01	2.385588E-01	1.769240E-01
4.123337E+03	-1.701383E+01	2.387962E-01	1.769250E-01
4.123537E+03	-1.701619E+01	2.385282E-01	1.769253E-01
4.123737E+03	-1.701764E+01	2.388632E-01	1.769256E-01
4.123937E+03	-1.701794E+01	2.388615E-01	1.769258E-01
4.124137E+03	-1.701811E+01	2.401859E-01	1.769261E-01
4.124337E+03	-1.701834E+01	2.402889E-01	1.769264E-01
4.124537E+03	-1.701708E+01	2.404234E-01	1.769267E-01
4.124737E+03	-1.701650E+01	2.393818E-01	1.769269E-01
4.124937E+03	-1.701734E+01	2.399600E-01	1.769272E-01
4.125138E+03	-1.701838E+01	2.413435E-01	1.769275E-01
4.125337E+03	-1.701883E+01	2.418723E-01	1.769277E-01
4.125538E+03	-1.702141E+01	2.439649E-01	1.769280E-01
4.125738E+03	-1.702216E+01	2.461427E-01	1.769283E-01
4.125938E+03	-1.702252E+01	2.469791E-01	1.769286E-01
4.126137E+03	-1.702285E+01	2.473689E-01	1.769288E-01
4.126337E+03	-1.702306E+01	2.487976E-01	1.769291E-01
4.126537E+03	-1.702475E+01	2.500851E-01	1.769294E-01
4.126737E+03	-1.702451E+01	2.497863E-01	1.769296E-01
4.126937E+03	-1.702342E+01	2.487528E-01	1.769299E-01
4.127137E+03	-1.702368E+01	2.492187E-01	1.769302E-01
4.127337E+03	-1.702515E+01	2.507948E-01	1.769304E-01
4.127537E+03	-1.702582E+01	2.507628E-01	1.769307E-01
4.127737E+03	-1.702658E+01	2.512636E-01	1.769310E-01
4.127937E+03	-1.702829E+01	2.553665E-01	1.769312E-01
4.128137E+03	-1.702967E+01	2.562343E-01	1.769315E-01
4.128337E+03	-1.702969E+01	2.564645E-01	1.769318E-01
4.128537E+03	-1.702919E+01	2.559581E-01	1.769321E-01
4.128737E+03	-1.703051E+01	2.569677E-01	1.769323E-01
4.128937E+03	-1.703239E+01	2.581932E-01	1.769326E-01
4.129137E+03	-1.703227E+01	2.592813E-01	1.769329E-01
4.129337E+03	-1.703277E+01	2.596194E-01	1.769331E-01
4.129537E+03	-1.703336E+01	2.600025E-01	1.769334E-01
4.129937E+03	-1.703413E+01	2.604038E-01	1.769339E-01
4.130137E+03	-1.703397E+01	2.603576E-01	1.769342E-01
4.130337E+03	-1.703345E+01	2.612415E-01	1.769345E-01
4.130537E+03	-1.703432E+01	2.629057E-01	1.769348E-01
4.130737E+03	-1.703542E+01	2.663522E-01	1.769350E-01
4.130937E+03	-1.703533E+01	2.670548E-01	1.769353E-01
4.131137E+03	-1.703523E+01	2.671287E-01	1.769356E-01
4.131337E+03	-1.703525E+01	2.681090E-01	1.769358E-01
4.131737E+03	-1.703556E+01	2.662013E-01	1.769364E-01
4.131938E+03	-1.703464E+01	2.655569E-01	1.769366E-01
4.132138E+03	-1.703393E+01	2.649345E-01	1.769369E-01
4.132338E+03	-1.703422E+01	2.633743E-01	1.769372E-01
4.132538E+03	-1.703453E+01	2.631382E-01	1.769374E-01
4.132738E+03	-1.703477E+01	2.618264E-01	1.769377E-01
4.132938E+03	-1.703535E+01	2.613543E-01	1.769380E-01
4.133138E+03	-1.703670E+01	2.626327E-01	1.769384E-01
4.133538E+03	-1.703674E+01	2.626105E-01	1.769390E-01
4.133738E+03	-1.703793E+01	2.634259E-01	1.769393E-01
4.133938E+03	-1.703880E+01	2.635494E-01	1.769397E-01
4.134138E+03	-1.703873E+01	2.636025E-01	1.769400E-01
4.134338E+03	-1.703888E+01	2.635187E-01	1.769403E-01
4.134538E+03	-1.703928E+01	2.637605E-01	1.769406E-01
4.134738E+03	-1.703986E+01	2.644395E-01	1.769410E-01
4.134938E+03	-1.704061E+01	2.668057E-01	1.769413E-01
4.135138E+03	-1.704158E+01	2.680612E-01	1.769416E-01
4.135338E+03	-1.704138E+01	2.672381E-01	1.769419E-01
4.135538E+03	-1.704151E+01	2.669909E-01	1.769423E-01
4.135738E+03	-1.704011E+01	2.662188E-01	1.769426E-01
4.135938E+03	-1.703800E+01	2.646302E-01	1.769429E-01
4.136138E+03	-1.703682E+01	2.648242E-01	1.769433E-01
4.136338E+03	-1.703730E+01	2.658342E-01	1.769436E-01
4.136538E+03	-1.703724E+01	2.658231E-01	1.769439E-01
4.136738E+03	-1.703913E+01	2.669665E-01	1.769442E-01
4.136938E+03	-1.703947E+01	2.674168E-01	1.769446E-01
4.137138E+03	-1.704096E+01	2.695636E-01	1.769449E-01
4.137338E+03	-1.704278E+01	2.700010E-01	1.769452E-01
4.137538E+03	-1.704275E+01	2.645544E-01	1.769455E-01
4.137738E+03	-1.704388E+01	2.655101E-01	1.769459E-01
4.137938E+03	-1.704444E+01	2.661107E-01	1.769462E-01
4.138137E+03	-1.704574E+01	2.675902E-01	1.769465E-01
4.138538E+03	-1.704503E+01	2.654758E-01	1.769472E-01
4.138737E+03	-1.704607E+01	2.651866E-01	1.769475E-01
4.138938E+03	-1.704561E+01	2.650570E-01	1.769478E-01
4.139138E+03	-1.704528E+01	2.648358E-01	1.769482E-01
4.139338E+03	-1.704493E+01	2.643463E-01	1.769485E-01
4.139538E+03	-1.704499E+01	2.627636E-01	1.769488E-01
4.139738E+03	-1.704525E+01	2.612194E-01	1.769491E-01
4.140338E+03	-1.704571E+01	2.625897E-01	1.769501E-01
4.140538E+03	-1.704579E+01	2.621980E-01	1.769504E-01
4.140738E+03	-1.704734E+01	2.631708E-01	1.769508E-01
4.141338E+03	-1.704786E+01	2.668966E-01	1.769517E-01
4.141738E+03	-1.704806E+01	2.671276E-01	1.769524E-01
4.142138E+03	-1.704765E+01	2.642146E-01	1.769530E-01
4.142338E+03	-1.704831E+01	2.636895E-01	1.769534E-01
4.142538E+03	-1.704981E+01	2.649284E-01	1.769537E-01
4.142738E+03	-1.705035E+01	2.648948E-01	1.769540E-01
4.142938E+03	-1.705000E+01	2.650209E-01	1.769543E-01
4.143138E+03	-1.704928E+01	2.646449E-01	1.769547E-01
4.143338E+03	-1.704818E+01	2.641129E-01	1.769550E-01
4.143538E+03	-1.704770E+01	2.637699E-01	1.769553E-01
4.143738E+03	-1.704706E+01	2.640104E-01	1.769557E-01
4.143938E+03	-1.704667E+01	2.634699E-01	1.769560E-01
4.144138E+03	-1.704603E+01	2.620652E-01	1.769563E-01
4.144338E+03	-1.704634E+01	2.619165E-01	1.769566E-01
4.144738E+03	-1.704475E+01	2.594066E-01	1.769573E-01
4.144938E+03	-1.704390E+01	2.574112E-01	1.769576E-01
4.145138E+03	-1.704465E+01	2.580248E-01	1.769579E-01
4.145338E+03	-1.704578E+01	2.599507E-01	1.769583E-01
4.145538E+03	-1.704594E+01	2.607984E-01	1.769586E-01
4.145739E+03	-1.704693E+01	2.614970E-01	1.769589E-01
4.145939E+03	-1.704781E+01	2.613134E-01	1.769592E-01
4.146139E+03	-1.704753E+01	2.594397E-01	1.769596E-01
4.146339E+03	-1.704783E+01	2.597870E-01	1.769599E-01
4.146939E+03	-1.704691E+01	2.598468E-01	1.769609E-01
4.147139E+03	-1.704588E+01	2.606294E-01	1.769612E-01
4.147339E+03	-1.704628E+01	2.583198E-01	1.769615E-01
4.147539E+03	-1.704650E+01	2.585917E-01	1.769618E-01
4.147739E+03	-1.704694E+01	2.577345E-01	1.769622E-01
4.147939E+03	-1.704730E+01	2.591227E-01	1.769625E-01
4.148139E+03	-1.704672E+01	2.605996E-01	1.769628E-01
4.148339E+03	-1.704473E+01	2.598873E-01	1.769631E-01
4.148539E+03	-1.704327E+01	2.602952E-01	1.769635E-01
4.148739E+03	-1.704402E+01	2.598394E-01	1.769638E-01
4.148939E+03	-1.704431E+01	2.615949E-01	1.769641E-01
4.149939E+03	-1.704334E+01	2.618147E-01	1.769658E-01
4.150139E+03	-1.704200E+01	2.619172E-01	1.769661E-01
4.150739E+03	-1.703997E+01	2.602419E-01	1.769671E-01
4.150938E+03	-1.703924E+01	2.596500E-01	1.769674E-01
4.151138E+03	-1.703806E+01	2.586195E-01	1.769677E-01
4.151338E+03	-1.703860E+01	2.579183E-01	1.769680E-01
4.151538E+03	-1.703958E+01	2.584653E-01	1.769684E-01
4.151938E+03	-1.704149E+01	2.583428E-01	1.769690E-01
4.152138E+03	-1.704176E+01	2.578152E-01	1.769693E-01
4.152338E+03	-1.704217E+01	2.572302E-01	1.769697E-01
4.152939E+03	-1.704388E+01	2.591130E-01	1.769706E-01
4.153139E+03	-1.704412E+01	2.621848E-01	1.769710E-01
4.153339E+03	-1.704382E+01	2.618686E-01	1.769713E-01
4.153539E+03	-1.704383E+01	2.604436E-01	1.769716E-01
4.153739E+03	-1.704418E+01	2.608640E-01	1.769719E-01
4.153939E+03	-1.704440E+01	2.609956E-01	1.769723E-01
4.154139E+03	-1.704571E+01	2.622839E-01	1.769726E-01
4.154339E+03	-1.704569E+01	2.622381E-01	1.769729E-01
4.154539E+03	-1.704645E+01	2.630124E-01	1.769732E-01
4.154739E+03	-1.704713E+01	2.638029E-01	1.769736E-01
4.154939E+03	-1.704563E+01	2.635545E-01	1.769739E-01
4.155339E+03	-1.704569E+01	2.632138E-01	1.769745E-01
4.155539E+03	-1.704635E+01	2.634380E-01	1.769749E-01
4.155739E+03	-1.704418E+01	2.672238E-01	1.769752E-01
4.155939E+03	-1.704358E+01	2.670273E-01	1.769755E-01
4.156139E+03	-1.704320E+01	2.678626E-01	1.769758E-01
4.156339E+03	-1.704479E+01	2.674174E-01	1.769762E-01
4.156539E+03	-1.704349E+01	2.665275E-01	1.769765E-01
4.156739E+03	-1.704278E+01	2.668444E-01	1.769768E-01
4.156939E+03	-1.704370E+01	2.671255E-01	1.769771E-01
4.157539E+03	-1.704190E+01	2.701781E-01	1.769781E-01
4.157739E+03	-1.704224E+01	2.717502E-01	1.769784E-01
4.158139E+03	-1.704052E+01	2.707782E-01	1.769791E-01
4.158339E+03	-1.704024E+01	2.701015E-01	1.769794E-01
4.158539E+03	-1.704192E+01	2.728905E-01	1.769797E-01
4.158739E+03	-1.704257E+01	2.728948E-01	1.769801E-01
4.158939E+03	-1.704108E+01	2.722647E-01	1.769804E-01
4.159139E+03	-1.703974E+01	2.697887E-01	1.769807E-01
4.159339E+03	-1.704034E+01	2.689540E-01	1.769810E-01
4.159540E+03	-1.704093E+01	2.726067E-01	1.769814E-01
4.159740E+03	-1.703936E+01	2.730779E-01	1.769817E-01
4.160140E+03	-1.703704E+01	2.706089E-01	1.769823E-01
4.160340E+03	-1.703780E+01	2.670855E-01	1.769827E-01
4.160540E+03	-1.703686E+01	2.663358E-01	1.769830E-01
4.160740E+03	-1.703528E+01	2.654875E-01	1.769833E-01
4.160940E+03	-1.703558E+01	2.656937E-01	1.769836E-01
4.161140E+03	-1.703348E+01	2.640537E-01	1.769840E-01
4.161540E+03	-1.703294E+01	2.632263E-01	1.769846E-01
4.161740E+03	-1.703435E+01	2.649135E-01	1.769849E-01
4.161940E+03	-1.703460E+01	2.655536E-01	1.769853E-01
4.162140E+03	-1.703563E+01	2.652647E-01	1.769856E-01
4.162340E+03	-1.703481E+01	2.645358E-01	1.769859E-01
4.162539E+03	-1.703323E+01	2.635220E-01	1.769862E-01
4.162739E+03	-1.703098E+01	2.625398E-01	1.769865E-01
4.162940E+03	-1.703171E+01	2.616833E-01	1.769869E-01
4.163139E+03	-1.703218E+01	2.617015E-01	1.769872E-01
4.163339E+03	-1.703170E+01	2.624613E-01	1.769875E-01
4.163539E+03	-1.703252E+01	2.614090E-01	1.769878E-01
4.163939E+03	-1.703177E+01	2.603877E-01	1.769885E-01
4.164139E+03	-1.703182E+01	2.593575E-01	1.769888E-01
4.164339E+03	-1.703399E+01	2.607718E-01	1.769891E-01
4.164539E+03	-1.703525E+01	2.612461E-01	1.769895E-01
4.164739E+03	-1.703704E+01	2.627983E-01	1.769898E-01
4.164939E+03	-1.703602E+01	2.628034E-01	1.769901E-01
4.165139E+03	-1.703444E+01	2.644143E-01	1.769904E-01
4.165339E+03	-1.703393E+01	2.669817E-01	1.769908E-01
4.165739E+03	-1.703406E+01	2.668895E-01	1.769914E-01
4.165939E+03	-1.703392E+01	2.678064E-01	1.769917E-01
4.166139E+03	-1.703281E+01	2.670454E-01	1.769921E-01
4.166339E+03	-1.703372E+01	2.665221E-01	1.769924E-01
4.166540E+03	-1.703336E+01	2.663990E-01	1.769927E-01
4.166740E+03	-1.703261E+01	2.660462E-01	1.769930E-01
4.166940E+03	-1.703030E+01	2.640979E-01	1.769934E-01
4.167140E+03	-1.702797E+01	2.645010E-01	1.769937E-01
4.167340E+03	-1.702757E+01	2.632057E-01	1.769940E-01
4.167540E+03	-1.702809E+01	2.629944E-01	1.769943E-01
4.167740E+03	-1.702925E+01	2.640013E-01	1.769947E-01
4.167940E+03	-1.703037E+01	2.632057E-01	1.769950E-01
4.168140E+03	-1.703002E+01	2.632579E-01	1.769953E-01
4.168740E+03	-1.702914E+01	2.625264E-01	1.769963E-01
4.168940E+03	-1.702788E+01	2.634877E-01	1.769966E-01
4.169140E+03	-1.702693E+01	2.636851E-01	1.769969E-01
4.169540E+03	-1.702664E+01	2.640952E-01	1.769976E-01
4.169740E+03	-1.702715E+01	2.638855E-01	1.769979E-01
4.170140E+03	-1.702643E+01	2.625177E-01	1.769985E-01
4.170340E+03	-1.702668E+01	2.616386E-01	1.769989E-01
4.170740E+03	-1.702604E+01	2.614219E-01	1.769995E-01
4.170940E+03	-1.702642E+01	2.632979E-01	1.769998E-01
4.171140E+03	-1.702593E+01	2.639602E-01	1.770002E-01
4.171340E+03	-1.702500E+01	2.648415E-01	1.770005E-01
4.171540E+03	-1.702479E+01	2.655767E-01	1.770008E-01
4.171740E+03	-1.702397E+01	2.646993E-01	1.770011E-01
4.171940E+03	-1.702217E+01	2.632365E-01	1.770015E-01
4.172140E+03	-1.702085E+01	2.609752E-01	1.770018E-01
4.172340E+03	-1.701960E+01	2.598184E-01	1.770021E-01
4.172540E+03	-1.701811E+01	2.587980E-01	1.770024E-01
4.172740E+03	-1.701715E+01	2.568377E-01	1.770028E-01
4.172940E+03	-1.701698E+01	2.562912E-01	1.770031E-01
4.173140E+03	-1.701615E+01	2.558181E-01	1.770034E-01
4.173341E+03	-1.701633E+01	2.566229E-01	1.770037E-01
4.173541E+03	-1.701821E+01	2.574920E-01	1.770040E-01
4.173741E+03	-1.701948E+01	2.575062E-01	1.770044E-01
4.174141E+03	-1.702032E+01	2.584389E-01	1.770050E-01
4.174341E+03	-1.702167E+01	2.595403E-01	1.770053E-01
4.174541E+03	-1.702133E+01	2.570143E-01	1.770057E-01
4.174740E+03	-1.702233E+01	2.575060E-01	1.770060E-01
4.174940E+03	-1.702251E+01	2.592099E-01	1.770063E-01
4.175540E+03	-1.702202E+01	2.653901E-01	1.770073E-01
4.175740E+03	-1.702222E+01	2.657538E-01	1.770076E-01
4.175940E+03	-1.702285E+01	2.659114E-01	1.770079E-01
4.176140E+03	-1.702236E+01	2.647407E-01	1.770083E-01
4.176340E+03	-1.702176E+01	2.643373E-01	1.770086E-01
4.176540E+03	-1.702320E+01	2.656252E-01	1.770089E-01
4.176740E+03	-1.702434E+01	2.671635E-01	1.770092E-01
4.176940E+03	-1.702367E+01	2.666102E-01	1.770095E-01
4.177140E+03	-1.702176E+01	2.649746E-01	1.770099E-01
4.177340E+03	-1.702042E+01	2.648183E-01	1.770102E-01
4.177540E+03	-1.701898E+01	2.656410E-01	1.770105E-01
4.177740E+03	-1.702005E+01	2.663363E-01	1.770108E-01
4.177940E+03	-1.702176E+01	2.680947E-01	1.770112E-01
4.178140E+03	-1.702134E+01	2.676751E-01	1.770115E-01
4.178340E+03	-1.702212E+01	2.677994E-01	1.770118E-01
4.178540E+03	-1.702189E+01	2.676525E-01	1.770121E-01
4.178740E+03	-1.702166E+01	2.675921E-01	1.770125E-01
4.179340E+03	-1.702164E+01	2.675569E-01	1.770134E-01
4.179540E+03	-1.702092E+01	2.673776E-01	1.770137E-01
4.179740E+03	-1.702159E+01	2.682581E-01	1.770141E-01
4.179940E+03	-1.702138E+01	2.688530E-01	1.770144E-01
4.180140E+03	-1.702166E+01	2.682576E-01	1.770147E-01
4.180341E+03	-1.702128E+01	2.686332E-01	1.770150E-01
4.180541E+03	-1.702126E+01	2.692079E-01	1.770154E-01
4.180741E+03	-1.702129E+01	2.689875E-01	1.770157E-01
4.180941E+03	-1.702075E+01	2.686035E-01	1.770160E-01
4.181141E+03	-1.702022E+01	2.685987E-01	1.770163E-01
4.181341E+03	-1.701998E+01	2.680358E-01	1.770167E-01
4.181541E+03	-1.701933E+01	2.674968E-01	1.770170E-01
4.181741E+03	-1.701857E+01	2.662276E-01	1.770173E-01
4.181941E+03	-1.701729E+01	2.649625E-01	1.770176E-01
4.182141E+03	-1.701682E+01	2.645417E-01	1.770179E-01
4.182341E+03	-1.701503E+01	2.639044E-01	1.770183E-01
4.182541E+03	-1.701413E+01	2.633824E-01	1.770186E-01
4.182741E+03	-1.701444E+01	2.633615E-01	1.770189E-01
4.182941E+03	-1.701448E+01	2.622458E-01	1.770192E-01
4.183141E+03	-1.701478E+01	2.617851E-01	1.770196E-01
4.183341E+03	-1.701412E+01	2.613010E-01	1.770199E-01
4.183941E+03	-1.701348E+01	2.609130E-01	1.770209E-01
4.184141E+03	-1.701365E+01	2.607711E-01	1.770212E-01
4.184341E+03	-1.701416E+01	2.599521E-01	1.770215E-01
4.184541E+03	-1.701440E+01	2.567728E-01	1.770218E-01
4.184741E+03	-1.701483E+01	2.572947E-01	1.770221E-01
4.184941E+03	-1.701491E+01	2.575071E-01	1.770225E-01
4.185541E+03	-1.701347E+01	2.614142E-01	1.770234E-01
4.185741E+03	-1.701246E+01	2.611370E-01	1.770238E-01
4.185941E+03	-1.701171E+01	2.615198E-01	1.770241E-01
4.186141E+03	-1.701155E+01	2.616950E-01	1.770244E-01
4.186341E+03	-1.701126E+01	2.614132E-01	1.770247E-01
4.186541E+03	-1.701063E+01	2.621321E-01	1.770251E-01
4.186740E+03	-1.700907E+01	2.632271E-01	1.770254E-01
4.186940E+03	-1.700770E+01	2.636457E-01	1.770257E-01
4.187141E+03	-1.700598E+01	2.612073E-01	1.770260E-01
4.187941E+03	-1.700426E+01	2.590391E-01	1.770273E-01
4.188341E+03	-1.700343E+01	2.579508E-01	1.770280E-01
4.188541E+03	-1.700259E+01	2.615893E-01	1.770283E-01
4.188741E+03	-1.700024E+01	2.627193E-01	1.770286E-01
4.188941E+03	-1.700061E+01	2.645851E-01	1.770289E-01
4.189141E+03	-1.699913E+01	2.637011E-01	1.770292E-01
4.189341E+03	-1.699699E+01	2.618656E-01	1.770296E-01
4.189541E+03	-1.699789E+01	2.623754E-01	1.770299E-01
4.189741E+03	-1.699867E+01	2.627921E-01	1.770302E-01
4.189941E+03	-1.699794E+01	2.621362E-01	1.770305E-01
4.190141E+03	-1.699824E+01	2.627868E-01	1.770309E-01
4.190341E+03	-1.699920E+01	2.632624E-01	1.770312E-01
4.190541E+03	-1.699976E+01	2.647101E-01	1.770315E-01
4.190741E+03	-1.699908E+01	2.642883E-01	1.770318E-01
4.191141E+03	-1.699859E+01	2.642825E-01	1.770325E-01
4.191341E+03	-1.699942E+01	2.658149E-01	1.770328E-01
4.191741E+03	-1.699866E+01	2.668898E-01	1.770334E-01
4.191941E+03	-1.699898E+01	2.679177E-01	1.770338E-01
4.192141E+03	-1.700020E+01	2.688916E-01	1.770341E-01
4.192541E+03	-1.700118E+01	2.694056E-01	1.770347E-01
4.192741E+03	-1.700265E+01	2.710996E-01	1.770350E-01
4.193141E+03	-1.700331E+01	2.719305E-01	1.770357E-01
4.193341E+03	-1.700237E+01	2.712998E-01	1.770360E-01
4.193541E+03	-1.700177E+01	2.710020E-01	1.770363E-01
4.193741E+03	-1.700109E+01	2.708112E-01	1.770367E-01
4.193941E+03	-1.700097E+01	2.707559E-01	1.770370E-01
4.194142E+03	-1.700085E+01	2.702347E-01	1.770373E-01
4.194342E+03	-1.700112E+01	2.706595E-01	1.770376E-01
4.194742E+03	-1.700178E+01	2.712583E-01	1.770383E-01
4.195142E+03	-1.700208E+01	2.717491E-01	1.770389E-01
4.195342E+03	-1.700185E+01	2.715652E-01	1.770392E-01
4.195542E+03	-1.700179E+01	2.702063E-01	1.770396E-01
4.195742E+03	-1.700074E+01	2.684375E-01	1.770399E-01
4.195942E+03	-1.699936E+01	2.676776E-01	1.770402E-01
4.196142E+03	-1.699843E+01	2.664387E-01	1.770405E-01
4.196342E+03	-1.699805E+01	2.661358E-01	1.770408E-01
4.196542E+03	-1.699739E+01	2.645744E-01	1.770412E-01
4.196742E+03	-1.699704E+01	2.648070E-01	1.770415E-01
4.196942E+03	-1.699653E+01	2.637344E-01	1.770418E-01
4.197142E+03	-1.699510E+01	2.636519E-01	1.770421E-01
4.197342E+03	-1.699441E+01	2.632268E-01	1.770424E-01
4.197542E+03	-1.699420E+01	2.637471E-01	1.770428E-01
4.197742E+03	-1.699340E+01	2.639689E-01	1.770431E-01
4.197942E+03	-1.699335E+01	2.640963E-01	1.770434E-01
4.198142E+03	-1.699329E+01	2.641645E-01	1.770437E-01
4.198342E+03	-1.699200E+01	2.634576E-01	1.770441E-01
4.198542E+03	-1.699054E+01	2.632559E-01	1.770444E-01
4.198742E+03	-1.698864E+01	2.617547E-01	1.770447E-01
4.198941E+03	-1.698811E+01	2.597836E-01	1.770450E-01
4.199141E+03	-1.698733E+01	2.598495E-01	1.770453E-01
4.199342E+03	-1.698633E+01	2.636013E-01	1.770457E-01
4.199541E+03	-1.698581E+01	2.640005E-01	1.770460E-01
4.199741E+03	-1.698544E+01	2.631497E-01	1.770463E-01
4.199941E+03	-1.698493E+01	2.628439E-01	1.770466E-01
4.200141E+03	-1.698405E+01	2.626440E-01	1.770470E-01
4.200341E+03	-1.698412E+01	2.625833E-01	1.770473E-01
4.200541E+03	-1.698462E+01	2.629523E-01	1.770476E-01
4.200942E+03	-1.698502E+01	2.636289E-01	1.770482E-01
4.201142E+03	-1.698463E+01	2.634000E-01	1.770486E-01
4.201342E+03	-1.698417E+01	2.628980E-01	1.770489E-01
4.201542E+03	-1.698395E+01	2.585953E-01	1.770492E-01
4.201742E+03	-1.698422E+01	2.588580E-01	1.770495E-01
4.201942E+03	-1.698336E+01	2.580480E-01	1.770498E-01
4.202142E+03	-1.698166E+01	2.572097E-01	1.770502E-01
4.202342E+03	-1.698049E+01	2.571657E-01	1.770505E-01
4.202742E+03	-1.697964E+01	2.570501E-01	1.770511E-01
4.202942E+03	-1.697698E+01	2.558121E-01	1.770515E-01
4.203142E+03	-1.697471E+01	2.512124E-01	1.770518E-01
4.203542E+03	-1.697397E+01	2.504992E-01	1.770524E-01
4.203742E+03	-1.697249E+01	2.507119E-01	1.770527E-01
4.203942E+03	-1.697208E+01	2.505919E-01	1.770531E-01
4.204142E+03	-1.697128E+01	2.487926E-01	1.770534E-01
4.204342E+03	-1.697012E+01	2.481767E-01	1.770537E-01
4.204742E+03	-1.696932E+01	2.472897E-01	1.770543E-01
4.204942E+03	-1.696896E+01	2.471252E-01	1.770547E-01
4.205142E+03	-1.696820E+01	2.469252E-01	1.770550E-01
4.205342E+03	-1.696830E+01	2.452401E-01	1.770553E-01
4.205542E+03	-1.696739E+01	2.452107E-01	1.770556E-01
4.205742E+03	-1.696663E+01	2.445646E-01	1.770560E-01
4.205942E+03	-1.696564E+01	2.446156E-01	1.770563E-01
4.206142E+03	-1.696474E+01	2.447116E-01	1.770566E-01
4.206342E+03	-1.696355E+01	2.460444E-01	1.770569E-01
4.206542E+03	-1.696356E+01	2.466712E-01	1.770572E-01
4.206742E+03	-1.696278E+01	2.463056E-01	1.770576E-01
4.206942E+03	-1.696285E+01	2.485772E-01	1.770579E-01
4.207142E+03	-1.696180E+01	2.473203E-01	1.770582E-01
4.207342E+03	-1.696008E+01	2.459623E-01	1.770585E-01
4.207943E+03	-1.695967E+01	2.456687E-01	1.770595E-01
4.208343E+03	-1.696021E+01	2.474771E-01	1.770601E-01
4.208543E+03	-1.696111E+01	2.478726E-01	1.770604E-01
4.208743E+03	-1.696054E+01	2.482550E-01	1.770608E-01
4.208943E+03	-1.695958E+01	2.479520E-01	1.770611E-01
4.209743E+03	-1.695879E+01	2.468058E-01	1.770624E-01
4.209943E+03	-1.695866E+01	2.461134E-01	1.770627E-01
4.210143E+03	-1.695965E+01	2.467959E-01	1.770630E-01
4.210343E+03	-1.696027E+01	2.471922E-01	1.770633E-01
4.210542E+03	-1.696044E+01	2.474788E-01	1.770637E-01
4.210943E+03	-1.695898E+01	2.467219E-01	1.770643E-01
4.211142E+03	-1.695959E+01	2.471813E-01	1.770646E-01
4.211342E+03	-1.696030E+01	2.473211E-01	1.770649E-01
4.211542E+03	-1.695935E+01	2.459721E-01	1.770653E-01
4.211742E+03	-1.695837E+01	2.434983E-01	1.770656E-01
4.211942E+03	-1.695662E+01	2.400659E-01	1.770659E-01
4.212142E+03	-1.695523E+01	2.402245E-01	1.770662E-01
4.212542E+03	-1.695512E+01	2.391018E-01	1.770669E-01
4.212742E+03	-1.695581E+01	2.394010E-01	1.770672E-01
4.212942E+03	-1.695596E+01	2.393050E-01	1.770675E-01
4.213142E+03	-1.695591E+01	2.390740E-01	1.770678E-01
4.213342E+03	-1.695608E+01	2.389642E-01	1.770681E-01
4.213542E+03	-1.695646E+01	2.392128E-01	1.770685E-01
4.213742E+03	-1.695549E+01	2.371346E-01	1.770688E-01
4.213942E+03	-1.695385E+01	2.363833E-01	1.770691E-01
4.214142E+03	-1.695330E+01	2.361636E-01	1.770694E-01
4.214342E+03	-1.695290E+01	2.360429E-01	1.770697E-01
4.214542E+03	-1.695199E+01	2.359821E-01	1.770701E-01
4.214743E+03	-1.695122E+01	2.358462E-01	1.770704E-01
4.214943E+03	-1.695192E+01	2.367089E-01	1.770707E-01
4.215143E+03	-1.695312E+01	2.377043E-01	1.770710E-01
4.215343E+03	-1.695417E+01	2.385946E-01	1.770713E-01
4.215543E+03	-1.695506E+01	2.381997E-01	1.770717E-01
4.215743E+03	-1.695500E+01	2.381541E-01	1.770720E-01
4.215943E+03	-1.695450E+01	2.378980E-01	1.770723E-01
4.216343E+03	-1.695437E+01	2.382877E-01	1.770730E-01
4.216543E+03	-1.695400E+01	2.384366E-01	1.770733E-01
4.216743E+03	-1.695204E+01	2.352688E-01	1.770736E-01
4.216943E+03	-1.695127E+01	2.355585E-01	1.770739E-01
4.217143E+03	-1.695150E+01	2.344961E-01	1.770742E-01
4.217343E+03	-1.695271E+01	2.335719E-01	1.770746E-01
4.217543E+03	-1.695383E+01	2.341908E-01	1.770749E-01
4.217743E+03	-1.695325E+01	2.342390E-01	1.770752E-01
4.217943E+03	-1.695434E+01	2.365154E-01	1.770755E-01
4.218143E+03	-1.695558E+01	2.362423E-01	1.770758E-01
4.218343E+03	-1.695618E+01	2.361366E-01	1.770762E-01
4.218943E+03	-1.695581E+01	2.374214E-01	1.770771E-01
4.219143E+03	-1.695465E+01	2.378809E-01	1.770774E-01
4.219743E+03	-1.695530E+01	2.381972E-01	1.770784E-01
4.219943E+03	-1.695537E+01	2.376436E-01	1.770787E-01
4.220143E+03	-1.695565E+01	2.377500E-01	1.770790E-01
4.220343E+03	-1.695582E+01	2.389338E-01	1.770794E-01
4.220543E+03	-1.695467E+01	2.382809E-01	1.770797E-01
4.220743E+03	-1.695494E+01	2.386119E-01	1.770800E-01
4.221343E+03	-1.695532E+01	2.409907E-01	1.770810E-01
4.221543E+03	-1.695432E+01	2.406185E-01	1.770813E-01
4.221744E+03	-1.695431E+01	2.402868E-01	1.770816E-01
4.221944E+03	-1.695514E+01	2.369872E-01	1.770819E-01
4.222144E+03	-1.695525E+01	2.365815E-01	1.770822E-01
4.222344E+03	-1.695592E+01	2.369477E-01	1.770826E-01
4.222544E+03	-1.695686E+01	2.369869E-01	1.770829E-01
4.222743E+03	-1.695702E+01	2.371160E-01	1.770832E-01
4.222944E+03	-1.695750E+01	2.375939E-01	1.770835E-01
4.223144E+03	-1.695842E+01	2.380295E-01	1.770838E-01
4.223343E+03	-1.695775E+01	2.389090E-01	1.770842E-01
4.223543E+03	-1.695839E+01	2.392723E-01	1.770845E-01
4.223743E+03	-1.695854E+01	2.395569E-01	1.770848E-01
4.223943E+03	-1.695833E+01	2.359904E-01	1.770851E-01
4.224143E+03	-1.695761E+01	2.358261E-01	1.770854E-01
4.224343E+03	-1.695712E+01	2.349303E-01	1.770858E-01
4.224543E+03	-1.695738E+01	2.343598E-01	1.770861E-01
4.224743E+03	-1.695751E+01	2.348170E-01	1.770864E-01
4.224943E+03	-1.695676E+01	2.344141E-01	1.770867E-01
4.225343E+03	-1.695601E+01	2.354178E-01	1.770874E-01
4.225543E+03	-1.695589E+01	2.353557E-01	1.770877E-01
4.225743E+03	-1.695649E+01	2.361973E-01	1.770880E-01
4.225943E+03	-1.695631E+01	2.356022E-01	1.770883E-01
4.226143E+03	-1.695678E+01	2.351709E-01	1.770886E-01
4.226343E+03	-1.695753E+01	2.358837E-01	1.770889E-01
4.226543E+03	-1.695896E+01	2.358411E-01	1.770893E-01
4.227343E+03	-1.695937E+01	2.379022E-01	1.770905E-01
4.227543E+03	-1.695816E+01	2.377622E-01	1.770909E-01
4.227743E+03	-1.695890E+01	2.388451E-01	1.770912E-01
4.227943E+03	-1.695997E+01	2.392160E-01	1.770915E-01
4.228143E+03	-1.696013E+01	2.408270E-01	1.770918E-01
4.228343E+03	-1.695976E+01	2.416042E-01	1.770922E-01
4.228544E+03	-1.695923E+01	2.397119E-01	1.770926E-01
4.228744E+03	-1.696041E+01	2.402969E-01	1.770929E-01
4.228944E+03	-1.696058E+01	2.409816E-01	1.770933E-01
4.229344E+03	-1.696053E+01	2.408419E-01	1.770941E-01
4.229544E+03	-1.696116E+01	2.410464E-01	1.770945E-01
4.229744E+03	-1.696232E+01	2.438461E-01	1.770948E-01
4.229944E+03	-1.696412E+01	2.449993E-01	1.770952E-01
4.230144E+03	-1.696500E+01	2.455343E-01	1.770956E-01
4.230344E+03	-1.696553E+01	2.460512E-01	1.770960E-01
4.230544E+03	-1.696623E+01	2.464893E-01	1.770964E-01
4.230744E+03	-1.696661E+01	2.491315E-01	1.770968E-01
4.231144E+03	-1.696693E+01	2.494676E-01	1.770975E-01
4.231344E+03	-1.696807E+01	2.507358E-01	1.770979E-01
4.231544E+03	-1.696887E+01	2.513099E-01	1.770983E-01
4.231744E+03	-1.696915E+01	2.512804E-01	1.770987E-01
4.231944E+03	-1.696984E+01	2.469637E-01	1.770990E-01
4.232144E+03	-1.697026E+01	2.460723E-01	1.770994E-01
4.232344E+03	-1.697032E+01	2.490257E-01	1.770998E-01
4.232544E+03	-1.696923E+01	2.479797E-01	1.771002E-01
4.232744E+03	-1.696795E+01	2.472199E-01	1.771006E-01
4.232944E+03	-1.696839E+01	2.474533E-01	1.771009E-01
4.233344E+03	-1.696686E+01	2.454360E-01	1.771017E-01
4.233544E+03	-1.696527E+01	2.429764E-01	1.771021E-01
4.233744E+03	-1.696374E+01	2.428708E-01	1.771025E-01
4.233944E+03	-1.696285E+01	2.429273E-01	1.771028E-01
4.234144E+03	-1.696269E+01	2.427726E-01	1.771032E-01
4.234544E+03	-1.696205E+01	2.394132E-01	1.771040E-01
4.234744E+03	-1.696235E+01	2.348887E-01	1.771044E-01
4.234944E+03	-1.696210E+01	2.348496E-01	1.771047E-01
4.235144E+03	-1.696177E+01	2.347530E-01	1.771051E-01
4.235345E+03	-1.696135E+01	2.344173E-01	1.771055E-01
4.235544E+03	-1.696118E+01	2.340775E-01	1.771059E-01
4.235744E+03	-1.696189E+01	2.344822E-01	1.771063E-01
4.236144E+03	-1.696165E+01	2.349690E-01	1.771070E-01
4.236344E+03	-1.696244E+01	2.341742E-01	1.771074E-01
4.236544E+03	-1.696253E+01	2.342139E-01	1.771078E-01
4.236744E+03	-1.696258E+01	2.350256E-01	1.771082E-01
4.237144E+03	-1.696350E+01	2.403392E-01	1.771089E-01
4.237344E+03	-1.696372E+01	2.401398E-01	1.771093E-01
4.237744E+03	-1.696341E+01	2.402545E-01	1.771101E-01
4.237944E+03	-1.696374E+01	2.392635E-01	1.771104E-01
4.238344E+03	-1.696495E+01	2.392125E-01	1.771112E-01
4.238544E+03	-1.696478E+01	2.394809E-01	1.771116E-01
4.238744E+03	-1.696483E+01	2.391149E-01	1.771120E-01
4.238944E+03	-1.696516E+01	2.392780E-01	1.771123E-01
4.239144E+03	-1.696543E+01	2.413162E-01	1.771127E-01
4.239344E+03	-1.696528E+01	2.420679E-01	1.771131E-01
4.239544E+03	-1.696516E+01	2.430766E-01	1.771135E-01
4.239744E+03	-1.696485E+01	2.429155E-01	1.771139E-01
4.240144E+03	-1.696586E+01	2.441429E-01	1.771146E-01
4.240344E+03	-1.696605E+01	2.443995E-01	1.771150E-01
4.240544E+03	-1.696569E+01	2.429440E-01	1.771154E-01
4.240744E+03	-1.696595E+01	2.430506E-01	1.771158E-01
4.240944E+03	-1.696649E+01	2.428411E-01	1.771161E-01
4.241144E+03	-1.696607E+01	2.440280E-01	1.771165E-01
4.241344E+03	-1.696591E+01	2.440181E-01	1.771169E-01
4.241544E+03	-1.696674E+01	2.444836E-01	1.771173E-01
4.241744E+03	-1.696785E+01	2.449067E-01	1.771176E-01
4.241944E+03	-1.696957E+01	2.458026E-01	1.771180E-01
4.242144E+03	-1.697083E+01	2.476544E-01	1.771184E-01
4.242545E+03	-1.696980E+01	2.472612E-01	1.771192E-01
4.242745E+03	-1.696912E+01	2.454449E-01	1.771195E-01
4.242945E+03	-1.696913E+01	2.475100E-01	1.771199E-01
4.243145E+03	-1.696884E+01	2.464948E-01	1.771203E-01
4.243345E+03	-1.696851E+01	2.478790E-01	1.771207E-01
4.243545E+03	-1.696744E+01	2.465989E-01	1.771211E-01
4.243745E+03	-1.696650E+01	2.454434E-01	1.771214E-01
4.243945E+03	-1.696687E+01	2.454567E-01	1.771218E-01
4.244145E+03	-1.696789E+01	2.464827E-01	1.771222E-01
4.244345E+03	-1.696690E+01	2.459501E-01	1.771226E-01
4.244745E+03	-1.696728E+01	2.451711E-01	1.771233E-01
4.244945E+03	-1.696816E+01	2.453605E-01	1.771237E-01
4.245145E+03	-1.696808E+01	2.455984E-01	1.771241E-01
4.245345E+03	-1.696788E+01	2.447290E-01	1.771245E-01
4.245545E+03	-1.696685E+01	2.408094E-01	1.771249E-01
4.245745E+03	-1.696601E+01	2.387438E-01	1.771252E-01
4.245945E+03	-1.696597E+01	2.384561E-01	1.771256E-01
4.246145E+03	-1.696625E+01	2.389865E-01	1.771260E-01
4.246345E+03	-1.696589E+01	2.386242E-01	1.771264E-01
4.246545E+03	-1.696532E+01	2.392683E-01	1.771268E-01
4.246745E+03	-1.696625E+01	2.393893E-01	1.771271E-01
4.246945E+03	-1.696673E+01	2.381783E-01	1.771275E-01
4.247145E+03	-1.696701E+01	2.390908E-01	1.771279E-01
4.247345E+03	-1.696689E+01	2.394843E-01	1.771283E-01
4.247544E+03	-1.696651E+01	2.396259E-01	1.771286E-01
4.247744E+03	-1.696520E+01	2.399783E-01	1.771290E-01
4.247944E+03	-1.696367E+01	2.386458E-01	1.771294E-01
4.248145E+03	-1.696334E+01	2.383349E-01	1.771298E-01
4.248344E+03	-1.696316E+01	2.374716E-01	1.771302E-01
4.248544E+03	-1.696364E+01	2.367556E-01	1.771305E-01
4.248744E+03	-1.696284E+01	2.368899E-01	1.771309E-01
4.248944E+03	-1.696409E+01	2.375663E-01	1.771313E-01
4.249145E+03	-1.696406E+01	2.368402E-01	1.771317E-01
4.249345E+03	-1.696451E+01	2.360689E-01	1.771321E-01
4.249545E+03	-1.696485E+01	2.361240E-01	1.771324E-01
4.249745E+03	-1.696505E+01	2.362897E-01	1.771328E-01
4.249945E+03	-1.696562E+01	2.361027E-01	1.771332E-01
4.250145E+03	-1.696641E+01	2.366721E-01	1.771336E-01
4.250345E+03	-1.696764E+01	2.379840E-01	1.771340E-01
4.250545E+03	-1.696785E+01	2.387216E-01	1.771343E-01
4.250745E+03	-1.696921E+01	2.383727E-01	1.771347E-01
4.251145E+03	-1.697024E+01	2.372185E-01	1.771355E-01
4.251345E+03	-1.697098E+01	2.375340E-01	1.771358E-01
4.251545E+03	-1.697150E+01	2.395599E-01	1.771362E-01
4.251745E+03	-1.697065E+01	2.387576E-01	1.771366E-01
4.251945E+03	-1.697127E+01	2.384222E-01	1.771370E-01
4.252145E+03	-1.697116E+01	2.384757E-01	1.771374E-01
4.252945E+03	-1.697121E+01	2.397339E-01	1.771389E-01
4.253145E+03	-1.697215E+01	2.380535E-01	1.771393E-01
4.253345E+03	-1.697201E+01	2.379020E-01	1.771396E-01
4.253545E+03	-1.697124E+01	2.381763E-01	1.771400E-01
4.253745E+03	-1.697222E+01	2.402509E-01	1.771404E-01
4.253945E+03	-1.697357E+01	2.401591E-01	1.771408E-01
4.254145E+03	-1.697300E+01	2.416128E-01	1.771411E-01
4.254345E+03	-1.697272E+01	2.410542E-01	1.771415E-01
4.254545E+03	-1.697324E+01	2.421099E-01	1.771419E-01
4.254745E+03	-1.697298E+01	2.420243E-01	1.771423E-01
4.254945E+03	-1.697348E+01	2.421278E-01	1.771427E-01
4.255145E+03	-1.697420E+01	2.429489E-01	1.771430E-01
4.255345E+03	-1.697401E+01	2.439365E-01	1.771434E-01
4.255545E+03	-1.697476E+01	2.447859E-01	1.771438E-01
4.255745E+03	-1.697519E+01	2.461476E-01	1.771442E-01
4.255945E+03	-1.697452E+01	2.465431E-01	1.771445E-01
4.256146E+03	-1.697404E+01	2.470849E-01	1.771449E-01
4.256346E+03	-1.697367E+01	2.472604E-01	1.771453E-01
4.256546E+03	-1.697291E+01	2.481003E-01	1.771457E-01
4.256746E+03	-1.697250E+01	2.485875E-01	1.771461E-01
4.256946E+03	-1.697339E+01	2.480417E-01	1.771464E-01
4.257146E+03	-1.697342E+01	2.497266E-01	1.771468E-01
4.257346E+03	-1.697328E+01	2.497420E-01	1.771472E-01
4.257546E+03	-1.697407E+01	2.505439E-01	1.771476E-01
4.257746E+03	-1.697422E+01	2.522786E-01	1.771480E-01
4.257946E+03	-1.697486E+01	2.526966E-01	1.771483E-01
4.258146E+03	-1.697541E+01	2.532761E-01	1.771487E-01
4.258346E+03	-1.697640E+01	2.540225E-01	1.771491E-01
4.258546E+03	-1.697685E+01	2.556624E-01	1.771495E-01
4.258746E+03	-1.697676E+01	2.556920E-01	1.771498E-01
4.258946E+03	-1.697742E+01	2.571003E-01	1.771502E-01
4.259146E+03	-1.697707E+01	2.575672E-01	1.771506E-01
4.259346E+03	-1.697694E+01	2.571687E-01	1.771510E-01
4.259546E+03	-1.697745E+01	2.597861E-01	1.771514E-01
4.259745E+03	-1.697798E+01	2.586339E-01	1.771517E-01
4.259945E+03	-1.697796E+01	2.578605E-01	1.771521E-01
4.260145E+03	-1.697817E+01	2.578396E-01	1.771525E-01
4.260346E+03	-1.697741E+01	2.576820E-01	1.771529E-01
4.260545E+03	-1.697607E+01	2.571336E-01	1.771532E-01
4.260745E+03	-1.697550E+01	2.567146E-01	1.771536E-01
4.260945E+03	-1.697474E+01	2.561224E-01	1.771540E-01
4.261145E+03	-1.697347E+01	2.556886E-01	1.771544E-01
4.261345E+03	-1.697404E+01	2.550647E-01	1.771548E-01
4.261545E+03	-1.697402E+01	2.555511E-01	1.771551E-01
4.261745E+03	-1.697422E+01	2.562067E-01	1.771555E-01
4.261945E+03	-1.697497E+01	2.571856E-01	1.771559E-01
4.262145E+03	-1.697459E+01	2.571468E-01	1.771563E-01
4.262345E+03	-1.697516E+01	2.562914E-01	1.771566E-01
4.262545E+03	-1.697623E+01	2.571637E-01	1.771570E-01
4.262745E+03	-1.697721E+01	2.581220E-01	1.771574E-01
4.262946E+03	-1.697801E+01	2.573168E-01	1.771578E-01
4.263146E+03	-1.697839E+01	2.569825E-01	1.771582E-01
4.263346E+03	-1.697862E+01	2.576257E-01	1.771585E-01
4.263546E+03	-1.697854E+01	2.575810E-01	1.771589E-01
4.263746E+03	-1.697860E+01	2.578383E-01	1.771593E-01
4.263946E+03	-1.697772E+01	2.566060E-01	1.771597E-01
4.264346E+03	-1.697701E+01	2.553212E-01	1.771604E-01
4.264546E+03	-1.697627E+01	2.543004E-01	1.771608E-01
4.264746E+03	-1.697618E+01	2.522137E-01	1.771612E-01
4.264946E+03	-1.697689E+01	2.530889E-01	1.771615E-01
4.265146E+03	-1.697717E+01	2.527595E-01	1.771619E-01
4.265346E+03	-1.697740E+01	2.519213E-01	1.771623E-01
4.265546E+03	-1.697680E+01	2.515956E-01	1.771627E-01
4.265746E+03	-1.697689E+01	2.522707E-01	1.771631E-01
4.266146E+03	-1.697827E+01	2.542502E-01	1.771638E-01
4.266346E+03	-1.697972E+01	2.553864E-01	1.771642E-01
4.266546E+03	-1.698074E+01	2.556513E-01	1.771646E-01
4.266746E+03	-1.698128E+01	2.558848E-01	1.771649E-01
4.266946E+03	-1.698085E+01	2.543579E-01	1.771653E-01
4.267146E+03	-1.698040E+01	2.534154E-01	1.771657E-01
4.267346E+03	-1.698121E+01	2.524742E-01	1.771661E-01
4.267546E+03	-1.698170E+01	2.528824E-01	1.771665E-01
4.267746E+03	-1.698115E+01	2.520189E-01	1.771668E-01
4.267946E+03	-1.698061E+01	2.531984E-01	1.771672E-01
4.268346E+03	-1.698088E+01	2.542696E-01	1.771680E-01
4.268546E+03	-1.698024E+01	2.534816E-01	1.771683E-01
4.269146E+03	-1.698109E+01	2.539542E-01	1.771695E-01
4.269346E+03	-1.698347E+01	2.536192E-01	1.771698E-01
4.269546E+03	-1.698298E+01	2.533727E-01	1.771702E-01
4.269747E+03	-1.698218E+01	2.520335E-01	1.771706E-01
4.269947E+03	-1.698267E+01	2.528789E-01	1.771710E-01
4.270147E+03	-1.698324E+01	2.533759E-01	1.771714E-01
4.270547E+03	-1.698404E+01	2.537212E-01	1.771721E-01
4.270747E+03	-1.698447E+01	2.565911E-01	1.771725E-01
4.270947E+03	-1.698596E+01	2.567766E-01	1.771729E-01
4.271147E+03	-1.698691E+01	2.566024E-01	1.771732E-01
4.271347E+03	-1.698668E+01	2.556602E-01	1.771736E-01
4.271547E+03	-1.698665E+01	2.556037E-01	1.771740E-01
4.271747E+03	-1.698575E+01	2.538658E-01	1.771744E-01
4.271947E+03	-1.698506E+01	2.523575E-01	1.771747E-01
4.272146E+03	-1.698445E+01	2.516708E-01	1.771751E-01
4.272346E+03	-1.698442E+01	2.527071E-01	1.771755E-01
4.272547E+03	-1.698457E+01	2.521848E-01	1.771759E-01
4.272746E+03	-1.698569E+01	2.525967E-01	1.771763E-01
4.272946E+03	-1.698648E+01	2.532866E-01	1.771766E-01
4.273146E+03	-1.698748E+01	2.516393E-01	1.771770E-01
4.273346E+03	-1.698829E+01	2.531021E-01	1.771774E-01
4.273546E+03	-1.698876E+01	2.542140E-01	1.771778E-01
4.273746E+03	-1.698906E+01	2.541201E-01	1.771781E-01
4.273946E+03	-1.698822E+01	2.535702E-01	1.771785E-01
4.274146E+03	-1.698763E+01	2.504974E-01	1.771789E-01
4.274346E+03	-1.698808E+01	2.509136E-01	1.771793E-01
4.274546E+03	-1.698881E+01	2.510240E-01	1.771796E-01
4.274746E+03	-1.698920E+01	2.536068E-01	1.771800E-01
4.274946E+03	-1.698963E+01	2.536354E-01	1.771804E-01
4.275346E+03	-1.699006E+01	2.537756E-01	1.771812E-01
4.275546E+03	-1.698864E+01	2.529895E-01	1.771815E-01
4.275746E+03	-1.698777E+01	2.483805E-01	1.771819E-01
4.275946E+03	-1.698805E+01	2.483234E-01	1.771823E-01
4.276146E+03	-1.698674E+01	2.488242E-01	1.771827E-01
4.276346E+03	-1.698628E+01	2.484269E-01	1.771830E-01
4.276546E+03	-1.698651E+01	2.484665E-01	1.771834E-01
4.276747E+03	-1.698677E+01	2.498214E-01	1.771838E-01
4.276947E+03	-1.698690E+01	2.491899E-01	1.771842E-01
4.277147E+03	-1.698705E+01	2.501342E-01	1.771845E-01
4.277347E+03	-1.698764E+01	2.504678E-01	1.771849E-01
4.277547E+03	-1.698729E+01	2.496642E-01	1.771853E-01
4.277747E+03	-1.698753E+01	2.499441E-01	1.771857E-01
4.277947E+03	-1.698941E+01	2.489662E-01	1.771860E-01
4.278147E+03	-1.699046E+01	2.542045E-01	1.771864E-01
4.278547E+03	-1.698980E+01	2.575547E-01	1.771872E-01
4.278747E+03	-1.698982E+01	2.574834E-01	1.771875E-01
4.278947E+03	-1.699030E+01	2.578454E-01	1.771879E-01
4.279147E+03	-1.699003E+01	2.578703E-01	1.771883E-01
4.279347E+03	-1.698943E+01	2.573394E-01	1.771887E-01
4.279547E+03	-1.698960E+01	2.581744E-01	1.771891E-01
4.279747E+03	-1.699078E+01	2.578595E-01	1.771894E-01
4.279947E+03	-1.699239E+01	2.525658E-01	1.771898E-01
4.280147E+03	-1.699260E+01	2.586964E-01	1.771902E-01
4.280347E+03	-1.699257E+01	2.584755E-01	1.771906E-01
4.280547E+03	-1.699298E+01	2.583317E-01	1.771909E-01
4.280747E+03	-1.699337E+01	2.587929E-01	1.771913E-01
4.280947E+03	-1.699304E+01	2.580681E-01	1.771917E-01
4.281347E+03	-1.699351E+01	2.584678E-01	1.771924E-01
4.281547E+03	-1.699318E+01	2.566831E-01	1.771928E-01
4.281747E+03	-1.699292E+01	2.526712E-01	1.771932E-01
4.281947E+03	-1.699238E+01	2.514099E-01	1.771936E-01
4.282147E+03	-1.699251E+01	2.504704E-01	1.771939E-01
4.282347E+03	-1.699298E+01	2.527542E-01	1.771943E-01
4.282547E+03	-1.699314E+01	2.521358E-01	1.771947E-01
4.282747E+03	-1.699316E+01	2.519234E-01	1.771951E-01
4.282947E+03	-1.699459E+01	2.554821E-01	1.771954E-01
4.283147E+03	-1.699377E+01	2.562845E-01	1.771958E-01
4.283347E+03	-1.699367E+01	2.564119E-01	1.771962E-01
4.283548E+03	-1.699262E+01	2.554957E-01	1.771966E-01
4.283748E+03	-1.699160E+01	2.547808E-01	1.771970E-01
4.283948E+03	-1.699195E+01	2.550481E-01	1.771973E-01
4.284148E+03	-1.699270E+01	2.555026E-01	1.771977E-01
4.284347E+03	-1.699362E+01	2.564857E-01	1.771981E-01
4.284547E+03	-1.699393E+01	2.562439E-01	1.771985E-01
4.284748E+03	-1.699461E+01	2.563606E-01	1.771988E-01
4.284947E+03	-1.699489E+01	2.595423E-01	1.771992E-01
4.285147E+03	-1.699573E+01	2.574927E-01	1.771996E-01
4.285347E+03	-1.699585E+01	2.572095E-01	1.772000E-01
4.285747E+03	-1.699520E+01	2.558772E-01	1.772007E-01
4.285947E+03	-1.699484E+01	2.556026E-01	1.772011E-01
4.286147E+03	-1.699413E+01	2.556842E-01	1.772015E-01
4.286747E+03	-1.699441E+01	2.566861E-01	1.772026E-01
4.286947E+03	-1.699427E+01	2.567639E-01	1.772030E-01
4.287147E+03	-1.699366E+01	2.567006E-01	1.772033E-01
4.287347E+03	-1.699394E+01	2.569167E-01	1.772037E-01
4.287547E+03	-1.699543E+01	2.577392E-01	1.772041E-01
4.287747E+03	-1.699622E+01	2.580134E-01	1.772045E-01
4.287947E+03	-1.699731E+01	2.585609E-01	1.772048E-01
4.288147E+03	-1.699845E+01	2.587244E-01	1.772052E-01
4.288347E+03	-1.699857E+01	2.586608E-01	1.772056E-01
4.288547E+03	-1.699811E+01	2.584201E-01	1.772060E-01
4.288747E+03	-1.699735E+01	2.572702E-01	1.772063E-01
4.288947E+03	-1.699701E+01	2.570181E-01	1.772067E-01
4.289147E+03	-1.699606E+01	2.543302E-01	1.772071E-01
4.289347E+03	-1.699482E+01	2.533059E-01	1.772075E-01
4.289547E+03	-1.699590E+01	2.540658E-01	1.772078E-01
4.289747E+03	-1.699609E+01	2.537994E-01	1.772082E-01
4.289947E+03	-1.699490E+01	2.530698E-01	1.772086E-01
4.290147E+03	-1.699498E+01	2.532328E-01	1.772090E-01
4.290347E+03	-1.699433E+01	2.519325E-01	1.772093E-01
4.290548E+03	-1.699343E+01	2.520595E-01	1.772097E-01
4.290748E+03	-1.699303E+01	2.525880E-01	1.772101E-01
4.290948E+03	-1.699447E+01	2.542967E-01	1.772105E-01
4.291148E+03	-1.699599E+01	2.548897E-01	1.772108E-01
4.291348E+03	-1.699567E+01	2.537415E-01	1.772112E-01
4.291548E+03	-1.699555E+01	2.542324E-01	1.772116E-01
4.291748E+03	-1.699641E+01	2.544789E-01	1.772120E-01
4.291948E+03	-1.699591E+01	2.552985E-01	1.772123E-01
4.292148E+03	-1.699499E+01	2.548228E-01	1.772127E-01
4.292348E+03	-1.699585E+01	2.588139E-01	1.772131E-01
4.293148E+03	-1.699680E+01	2.592988E-01	1.772146E-01
4.293348E+03	-1.699758E+01	2.597406E-01	1.772150E-01
4.293548E+03	-1.699771E+01	2.591749E-01	1.772153E-01
4.293748E+03	-1.699803E+01	2.583699E-01	1.772157E-01
4.293948E+03	-1.699976E+01	2.597807E-01	1.772161E-01
4.294148E+03	-1.700120E+01	2.599543E-01	1.772165E-01
4.294348E+03	-1.700246E+01	2.622837E-01	1.772168E-01
4.294948E+03	-1.700236E+01	2.593683E-01	1.772180E-01
4.295148E+03	-1.700217E+01	2.590634E-01	1.772183E-01
4.295348E+03	-1.700229E+01	2.580409E-01	1.772187E-01
4.295548E+03	-1.700152E+01	2.570428E-01	1.772191E-01
4.295748E+03	-1.700079E+01	2.554529E-01	1.772195E-01
4.295948E+03	-1.700088E+01	2.555915E-01	1.772198E-01
4.296148E+03	-1.700110E+01	2.558889E-01	1.772202E-01
4.296347E+03	-1.700171E+01	2.556137E-01	1.772206E-01
4.296547E+03	-1.700294E+01	2.547101E-01	1.772210E-01
4.296748E+03	-1.700361E+01	2.547202E-01	1.772213E-01
4.297147E+03	-1.700334E+01	2.537121E-01	1.772221E-01
4.297348E+03	-1.700455E+01	2.547219E-01	1.772225E-01
4.297548E+03	-1.700691E+01	2.563584E-01	1.772228E-01
4.297748E+03	-1.700782E+01	2.571943E-01	1.772232E-01
4.297948E+03	-1.700765E+01	2.573406E-01	1.772236E-01
4.298148E+03	-1.700780E+01	2.576039E-01	1.772240E-01
4.298748E+03	-1.700804E+01	2.574087E-01	1.772251E-01
4.298948E+03	-1.700813E+01	2.573161E-01	1.772255E-01
4.299148E+03	-1.700762E+01	2.573457E-01	1.772258E-01
4.299348E+03	-1.700624E+01	2.588964E-01	1.772262E-01
4.299548E+03	-1.700690E+01	2.609596E-01	1.772266E-01
4.299748E+03	-1.700706E+01	2.626094E-01	1.772270E-01
4.299948E+03	-1.700580E+01	2.619440E-01	1.772273E-01
4.300348E+03	-1.700696E+01	2.628358E-01	1.772281E-01
4.300548E+03	-1.700918E+01	2.644161E-01	1.772285E-01
4.300748E+03	-1.701084E+01	2.639650E-01	1.772288E-01
4.300948E+03	-1.701110E+01	2.642804E-01	1.772292E-01
4.301148E+03	-1.701107E+01	2.640138E-01	1.772296E-01
4.301348E+03	-1.701213E+01	2.627196E-01	1.772299E-01
4.301548E+03	-1.701205E+01	2.625694E-01	1.772303E-01
4.301748E+03	-1.701249E+01	2.625779E-01	1.772307E-01
4.301948E+03	-1.701161E+01	2.627788E-01	1.772311E-01
4.302148E+03	-1.701212E+01	2.612655E-01	1.772314E-01
4.302348E+03	-1.701448E+01	2.623939E-01	1.772318E-01
4.302548E+03	-1.701639E+01	2.637569E-01	1.772322E-01
4.302748E+03	-1.701696E+01	2.638137E-01	1.772326E-01
4.302948E+03	-1.701664E+01	2.633359E-01	1.772329E-01
4.303148E+03	-1.701668E+01	2.601275E-01	1.772333E-01
4.303348E+03	-1.701598E+01	2.595236E-01	1.772337E-01
4.303548E+03	-1.701667E+01	2.597030E-01	1.772341E-01
4.303948E+03	-1.701691E+01	2.603808E-01	1.772348E-01
4.304149E+03	-1.701648E+01	2.597872E-01	1.772352E-01
4.304349E+03	-1.701661E+01	2.594875E-01	1.772356E-01
4.304549E+03	-1.701530E+01	2.582853E-01	1.772359E-01
4.304749E+03	-1.701515E+01	2.577302E-01	1.772363E-01
4.304949E+03	-1.701524E+01	2.572753E-01	1.772367E-01
4.305149E+03	-1.701607E+01	2.572163E-01	1.772371E-01
4.305349E+03	-1.701646E+01	2.568367E-01	1.772374E-01
4.305549E+03	-1.701812E+01	2.571625E-01	1.772378E-01
4.305949E+03	-1.701920E+01	2.570845E-01	1.772386E-01
4.306149E+03	-1.701992E+01	2.567156E-01	1.772389E-01
4.306349E+03	-1.702088E+01	2.564213E-01	1.772393E-01
4.306549E+03	-1.702106E+01	2.556017E-01	1.772397E-01
4.306749E+03	-1.702071E+01	2.552969E-01	1.772400E-01
4.307149E+03	-1.702229E+01	2.560527E-01	1.772408E-01
4.307349E+03	-1.702267E+01	2.565042E-01	1.772412E-01
4.307549E+03	-1.702343E+01	2.566107E-01	1.772415E-01
4.307749E+03	-1.702371E+01	2.569159E-01	1.772419E-01
4.307949E+03	-1.702260E+01	2.559594E-01	1.772423E-01
4.308149E+03	-1.702230E+01	2.551992E-01	1.772427E-01
4.308349E+03	-1.702266E+01	2.553564E-01	1.772430E-01
4.308548E+03	-1.702284E+01	2.554679E-01	1.772434E-01
4.308748E+03	-1.702260E+01	2.545499E-01	1.772438E-01
4.309348E+03	-1.702304E+01	2.540877E-01	1.772449E-01
4.309548E+03	-1.702309E+01	2.541756E-01	1.772453E-01
4.309748E+03	-1.702210E+01	2.525123E-01	1.772456E-01
4.309948E+03	-1.702278E+01	2.539698E-01	1.772460E-01
4.310148E+03	-1.702446E+01	2.544351E-01	1.772464E-01
4.310348E+03	-1.702555E+01	2.550495E-01	1.772468E-01
4.310548E+03	-1.702571E+01	2.549164E-01	1.772471E-01
4.310748E+03	-1.702488E+01	2.544207E-01	1.772475E-01
4.310948E+03	-1.702703E+01	2.554014E-01	1.772479E-01
4.311149E+03	-1.702787E+01	2.579747E-01	1.772483E-01
4.311349E+03	-1.702712E+01	2.575207E-01	1.772486E-01
4.311549E+03	-1.702628E+01	2.574509E-01	1.772490E-01
4.311749E+03	-1.702627E+01	2.571516E-01	1.772494E-01
4.311949E+03	-1.702676E+01	2.569490E-01	1.772498E-01
4.312149E+03	-1.702676E+01	2.550710E-01	1.772501E-01
4.312349E+03	-1.702494E+01	2.526774E-01	1.772505E-01
4.312549E+03	-1.702531E+01	2.529678E-01	1.772509E-01
4.312749E+03	-1.702632E+01	2.537121E-01	1.772513E-01
4.312949E+03	-1.702600E+01	2.537692E-01	1.772516E-01
4.313149E+03	-1.702507E+01	2.549196E-01	1.772520E-01
4.313349E+03	-1.702647E+01	2.597334E-01	1.772524E-01
4.313549E+03	-1.702707E+01	2.608919E-01	1.772527E-01
4.313749E+03	-1.702656E+01	2.604740E-01	1.772531E-01
4.313949E+03	-1.702555E+01	2.613896E-01	1.772535E-01
4.314549E+03	-1.702457E+01	2.586429E-01	1.772546E-01
4.314749E+03	-1.702432E+01	2.587026E-01	1.772550E-01
4.314949E+03	-1.702339E+01	2.588604E-01	1.772554E-01
4.315149E+03	-1.702529E+01	2.598617E-01	1.772557E-01
4.315349E+03	-1.702607E+01	2.600605E-01	1.772561E-01
4.315749E+03	-1.702668E+01	2.599351E-01	1.772568E-01
4.315949E+03	-1.702736E+01	2.604030E-01	1.772572E-01
4.316149E+03	-1.702749E+01	2.612380E-01	1.772576E-01
4.316349E+03	-1.702788E+01	2.613366E-01	1.772580E-01
4.316549E+03	-1.702856E+01	2.617571E-01	1.772583E-01
4.316749E+03	-1.702789E+01	2.614311E-01	1.772587E-01
4.316949E+03	-1.702678E+01	2.610315E-01	1.772591E-01
4.317149E+03	-1.702696E+01	2.609912E-01	1.772595E-01
4.317349E+03	-1.702658E+01	2.605531E-01	1.772598E-01
4.317549E+03	-1.702772E+01	2.608400E-01	1.772602E-01
4.317749E+03	-1.702914E+01	2.617621E-01	1.772606E-01
4.317950E+03	-1.702952E+01	2.629751E-01	1.772609E-01
4.318150E+03	-1.702976E+01	2.641873E-01	1.772613E-01
4.318350E+03	-1.703133E+01	2.660215E-01	1.772617E-01
4.318550E+03	-1.703193E+01	2.661057E-01	1.772621E-01
4.319150E+03	-1.703203E+01	2.635686E-01	1.772632E-01
4.319350E+03	-1.703138E+01	2.632016E-01	1.772636E-01
4.319550E+03	-1.703027E+01	2.623969E-01	1.772639E-01
4.319750E+03	-1.702948E+01	2.625172E-01	1.772643E-01
4.319950E+03	-1.702768E+01	2.625413E-01	1.772647E-01
4.320150E+03	-1.702780E+01	2.627056E-01	1.772650E-01
4.320350E+03	-1.702824E+01	2.619996E-01	1.772654E-01
4.320550E+03	-1.702907E+01	2.616536E-01	1.772658E-01
4.320749E+03	-1.702923E+01	2.610560E-01	1.772662E-01
4.321349E+03	-1.702909E+01	2.590866E-01	1.772673E-01
4.321549E+03	-1.703021E+01	2.604171E-01	1.772677E-01
4.321749E+03	-1.703137E+01	2.601069E-01	1.772680E-01
4.321949E+03	-1.703104E+01	2.599388E-01	1.772684E-01
4.322149E+03	-1.703080E+01	2.601058E-01	1.772688E-01
4.322349E+03	-1.703140E+01	2.605613E-01	1.772691E-01
4.322549E+03	-1.703243E+01	2.612064E-01	1.772695E-01
4.322749E+03	-1.703345E+01	2.568412E-01	1.772699E-01
4.322949E+03	-1.703309E+01	2.524248E-01	1.772703E-01
4.323149E+03	-1.703361E+01	2.528736E-01	1.772706E-01
4.323349E+03	-1.703417E+01	2.531257E-01	1.772710E-01
4.323549E+03	-1.703476E+01	2.525443E-01	1.772714E-01
4.323749E+03	-1.703539E+01	2.536993E-01	1.772718E-01
4.323949E+03	-1.703610E+01	2.548134E-01	1.772721E-01
4.324149E+03	-1.703686E+01	2.538362E-01	1.772725E-01
4.324349E+03	-1.703766E+01	2.544697E-01	1.772729E-01
4.324549E+03	-1.703851E+01	2.474822E-01	1.772732E-01
4.324750E+03	-1.703946E+01	2.465864E-01	1.772736E-01
4.324950E+03	-1.704056E+01	2.472045E-01	1.772740E-01
4.325150E+03	-1.704033E+01	2.480528E-01	1.772744E-01
4.325350E+03	-1.704163E+01	2.494531E-01	1.772747E-01
4.325550E+03	-1.704149E+01	2.491502E-01	1.772751E-01
4.325750E+03	-1.704322E+01	2.501313E-01	1.772755E-01
4.325950E+03	-1.704499E+01	2.508457E-01	1.772759E-01
4.326150E+03	-1.704549E+01	2.519089E-01	1.772763E-01
4.326350E+03	-1.704548E+01	2.518599E-01	1.772768E-01
4.326550E+03	-1.704525E+01	2.498116E-01	1.772772E-01
4.326750E+03	-1.704482E+01	2.497046E-01	1.772776E-01
4.327150E+03	-1.704449E+01	2.506972E-01	1.772785E-01
4.327350E+03	-1.704452E+01	2.508140E-01	1.772789E-01
4.327550E+03	-1.704377E+01	2.503702E-01	1.772794E-01
4.327750E+03	-1.704363E+01	2.508236E-01	1.772798E-01
4.327950E+03	-1.704331E+01	2.506017E-01	1.772802E-01
4.328150E+03	-1.704257E+01	2.513835E-01	1.772807E-01
4.328350E+03	-1.704053E+01	2.496585E-01	1.772811E-01
4.328550E+03	-1.703926E+01	2.496504E-01	1.772815E-01
4.328750E+03	-1.703888E+01	2.483403E-01	1.772820E-01
4.328950E+03	-1.703826E+01	2.465833E-01	1.772824E-01
4.329150E+03	-1.703855E+01	2.465773E-01	1.772828E-01
4.329350E+03	-1.703929E+01	2.435717E-01	1.772833E-01
4.329550E+03	-1.703847E+01	2.431502E-01	1.772837E-01
4.329950E+03	-1.703782E+01	2.436600E-01	1.772846E-01
4.330150E+03	-1.703786E+01	2.437917E-01	1.772850E-01
4.330350E+03	-1.703786E+01	2.440423E-01	1.772854E-01
4.330550E+03	-1.703795E+01	2.433093E-01	1.772859E-01
4.330750E+03	-1.703920E+01	2.431245E-01	1.772863E-01
4.330950E+03	-1.704112E+01	2.426346E-01	1.772867E-01
4.331150E+03	-1.704085E+01	2.435888E-01	1.772872E-01
4.331350E+03	-1.704033E+01	2.434229E-01	1.772876E-01
4.331551E+03	-1.703924E+01	2.428020E-01	1.772880E-01
4.331751E+03	-1.703930E+01	2.439542E-01	1.772885E-01
4.331951E+03	-1.703861E+01	2.441452E-01	1.772889E-01
4.332151E+03	-1.703878E+01	2.443983E-01	1.772893E-01
4.332350E+03	-1.703920E+01	2.447847E-01	1.772898E-01
4.332551E+03	-1.703912E+01	2.452124E-01	1.772902E-01
4.332751E+03	-1.703910E+01	2.467275E-01	1.772906E-01
4.332950E+03	-1.703787E+01	2.463070E-01	1.772911E-01
4.333150E+03	-1.703739E+01	2.460933E-01	1.772915E-01
4.333350E+03	-1.703715E+01	2.460735E-01	1.772919E-01
4.333550E+03	-1.703660E+01	2.460971E-01	1.772924E-01
4.333750E+03	-1.703572E+01	2.453938E-01	1.772928E-01
4.333950E+03	-1.703586E+01	2.450759E-01	1.772932E-01
4.334150E+03	-1.703587E+01	2.450292E-01	1.772937E-01
4.334350E+03	-1.703582E+01	2.451339E-01	1.772941E-01
4.334550E+03	-1.703635E+01	2.450773E-01	1.772945E-01
4.334750E+03	-1.703807E+01	2.465024E-01	1.772950E-01
4.334950E+03	-1.703796E+01	2.452288E-01	1.772954E-01
4.335150E+03	-1.703633E+01	2.441981E-01	1.772958E-01
4.335350E+03	-1.703651E+01	2.445926E-01	1.772963E-01
4.335750E+03	-1.703709E+01	2.445386E-01	1.772971E-01
4.335950E+03	-1.703617E+01	2.439904E-01	1.772976E-01
4.336150E+03	-1.703622E+01	2.426462E-01	1.772980E-01
4.336350E+03	-1.703784E+01	2.434635E-01	1.772984E-01
4.336550E+03	-1.703880E+01	2.392092E-01	1.772989E-01
4.336750E+03	-1.703978E+01	2.396239E-01	1.772993E-01
4.336950E+03	-1.703938E+01	2.391736E-01	1.772997E-01
4.337150E+03	-1.703796E+01	2.384066E-01	1.773002E-01
4.337350E+03	-1.703727E+01	2.380449E-01	1.773006E-01
4.337550E+03	-1.703656E+01	2.371275E-01	1.773010E-01
4.337750E+03	-1.703678E+01	2.373102E-01	1.773015E-01
4.337950E+03	-1.703540E+01	2.343425E-01	1.773019E-01
4.338150E+03	-1.703370E+01	2.332525E-01	1.773023E-01
4.338350E+03	-1.703269E+01	2.328736E-01	1.773028E-01
4.338551E+03	-1.703243E+01	2.331801E-01	1.773032E-01
4.338751E+03	-1.703097E+01	2.332241E-01	1.773036E-01
4.338951E+03	-1.703131E+01	2.336793E-01	1.773041E-01
4.339151E+03	-1.703185E+01	2.343517E-01	1.773045E-01
4.339351E+03	-1.703239E+01	2.372780E-01	1.773049E-01
4.339751E+03	-1.703321E+01	2.390048E-01	1.773058E-01
4.339951E+03	-1.703221E+01	2.380888E-01	1.773062E-01
4.340151E+03	-1.703144E+01	2.368298E-01	1.773067E-01
4.340351E+03	-1.703191E+01	2.363184E-01	1.773071E-01
4.340551E+03	-1.703174E+01	2.360043E-01	1.773075E-01
4.340751E+03	-1.703107E+01	2.340105E-01	1.773080E-01
4.340951E+03	-1.702978E+01	2.365556E-01	1.773084E-01
4.341151E+03	-1.703060E+01	2.377607E-01	1.773088E-01
4.341351E+03	-1.703005E+01	2.365592E-01	1.773093E-01
4.341551E+03	-1.702989E+01	2.367005E-01	1.773097E-01
4.341751E+03	-1.703061E+01	2.365588E-01	1.773101E-01
4.341951E+03	-1.703050E+01	2.344174E-01	1.773105E-01
4.342151E+03	-1.703103E+01	2.305560E-01	1.773110E-01
4.342351E+03	-1.703178E+01	2.273671E-01	1.773114E-01
4.342551E+03	-1.703124E+01	2.241462E-01	1.773118E-01
4.342751E+03	-1.703152E+01	2.225287E-01	1.773123E-01
4.342951E+03	-1.703121E+01	2.206274E-01	1.773127E-01
4.343151E+03	-1.703190E+01	2.211741E-01	1.773131E-01
4.343351E+03	-1.703187E+01	2.209522E-01	1.773136E-01
4.343551E+03	-1.703120E+01	2.207081E-01	1.773140E-01
4.343751E+03	-1.703101E+01	2.208002E-01	1.773144E-01
4.343951E+03	-1.702919E+01	2.205435E-01	1.773149E-01
4.344151E+03	-1.702888E+01	2.208796E-01	1.773153E-01
4.344751E+03	-1.702768E+01	2.203207E-01	1.773166E-01
4.344950E+03	-1.702806E+01	2.230647E-01	1.773170E-01
4.345150E+03	-1.702842E+01	2.234416E-01	1.773175E-01
4.345351E+03	-1.702941E+01	2.253752E-01	1.773179E-01
4.345551E+03	-1.703228E+01	2.255578E-01	1.773183E-01
4.345751E+03	-1.703301E+01	2.250423E-01	1.773188E-01
4.345951E+03	-1.703294E+01	2.250068E-01	1.773192E-01
4.346151E+03	-1.703271E+01	2.255961E-01	1.773196E-01
4.346351E+03	-1.703218E+01	2.252788E-01	1.773201E-01
4.346551E+03	-1.703139E+01	2.247405E-01	1.773205E-01
4.346751E+03	-1.703258E+01	2.247016E-01	1.773209E-01
4.346951E+03	-1.703467E+01	2.261189E-01	1.773214E-01
4.347351E+03	-1.703640E+01	2.270890E-01	1.773222E-01
4.347551E+03	-1.703781E+01	2.278385E-01	1.773227E-01
4.347751E+03	-1.703747E+01	2.276792E-01	1.773231E-01
4.347951E+03	-1.703779E+01	2.278422E-01	1.773235E-01
4.348151E+03	-1.703791E+01	2.278843E-01	1.773239E-01
4.348751E+03	-1.703870E+01	2.287651E-01	1.773252E-01
4.348951E+03	-1.703740E+01	2.280572E-01	1.773257E-01
4.349151E+03	-1.703602E+01	2.275322E-01	1.773261E-01
4.349351E+03	-1.703539E+01	2.281098E-01	1.773265E-01
4.349751E+03	-1.703443E+01	2.276142E-01	1.773274E-01
4.349951E+03	-1.703288E+01	2.290247E-01	1.773278E-01
4.350151E+03	-1.703256E+01	2.286789E-01	1.773283E-01
4.350351E+03	-1.703239E+01	2.287512E-01	1.773287E-01
4.350551E+03	-1.703278E+01	2.279931E-01	1.773291E-01
4.350751E+03	-1.703431E+01	2.281985E-01	1.773296E-01
4.350951E+03	-1.703598E+01	2.290496E-01	1.773300E-01
4.351151E+03	-1.703653E+01	2.290045E-01	1.773304E-01
4.351551E+03	-1.703760E+01	2.292669E-01	1.773313E-01
4.351751E+03	-1.703740E+01	2.300597E-01	1.773317E-01
4.351951E+03	-1.703528E+01	2.295932E-01	1.773321E-01
4.352152E+03	-1.703393E+01	2.300556E-01	1.773326E-01
4.352352E+03	-1.703405E+01	2.296651E-01	1.773330E-01
4.352552E+03	-1.703527E+01	2.302758E-01	1.773334E-01
4.352752E+03	-1.703636E+01	2.308643E-01	1.773339E-01
4.352952E+03	-1.703560E+01	2.295682E-01	1.773343E-01
4.353152E+03	-1.703615E+01	2.316065E-01	1.773347E-01
4.353352E+03	-1.703701E+01	2.318422E-01	1.773352E-01
4.353552E+03	-1.703568E+01	2.308729E-01	1.773356E-01
4.353752E+03	-1.703467E+01	2.318919E-01	1.773360E-01
4.354152E+03	-1.703500E+01	2.320403E-01	1.773369E-01
4.354352E+03	-1.703469E+01	2.291733E-01	1.773373E-01
4.354552E+03	-1.703565E+01	2.297846E-01	1.773378E-01
4.354752E+03	-1.703600E+01	2.300658E-01	1.773382E-01
4.355352E+03	-1.703629E+01	2.307673E-01	1.773395E-01
4.355552E+03	-1.703711E+01	2.318716E-01	1.773399E-01
4.355752E+03	-1.703734E+01	2.327681E-01	1.773403E-01
4.355952E+03	-1.703783E+01	2.333604E-01	1.773408E-01
4.356152E+03	-1.703695E+01	2.341467E-01	1.773412E-01
4.356352E+03	-1.703682E+01	2.358010E-01	1.773416E-01
4.356552E+03	-1.703701E+01	2.385170E-01	1.773421E-01
4.356952E+03	-1.703648E+01	2.392879E-01	1.773429E-01
4.357151E+03	-1.703562E+01	2.371638E-01	1.773434E-01
4.357351E+03	-1.703470E+01	2.354787E-01	1.773438E-01
4.357551E+03	-1.703351E+01	2.362113E-01	1.773442E-01
4.357752E+03	-1.703389E+01	2.349093E-01	1.773447E-01
4.357951E+03	-1.703449E+01	2.345955E-01	1.773451E-01
4.358151E+03	-1.703553E+01	2.333008E-01	1.773455E-01
4.358351E+03	-1.703525E+01	2.329510E-01	1.773459E-01
4.358551E+03	-1.703586E+01	2.333646E-01	1.773464E-01
4.358951E+03	-1.703698E+01	2.353945E-01	1.773472E-01
4.359152E+03	-1.703702E+01	2.351890E-01	1.773477E-01
4.359352E+03	-1.703773E+01	2.375075E-01	1.773481E-01
4.359552E+03	-1.703894E+01	2.374084E-01	1.773485E-01
4.359752E+03	-1.703837E+01	2.360023E-01	1.773490E-01
4.359952E+03	-1.703852E+01	2.360304E-01	1.773494E-01
4.360152E+03	-1.703891E+01	2.363115E-01	1.773498E-01
4.360352E+03	-1.703916E+01	2.372803E-01	1.773503E-01
4.360552E+03	-1.704033E+01	2.387903E-01	1.773507E-01
4.360752E+03	-1.704088E+01	2.382215E-01	1.773511E-01
4.360952E+03	-1.704005E+01	2.371263E-01	1.773515E-01
4.361152E+03	-1.703899E+01	2.365445E-01	1.773520E-01
4.361352E+03	-1.703919E+01	2.373166E-01	1.773524E-01
4.361552E+03	-1.703915E+01	2.380556E-01	1.773528E-01
4.361752E+03	-1.703958E+01	2.369313E-01	1.773533E-01
4.361952E+03	-1.703890E+01	2.365839E-01	1.773537E-01
4.362152E+03	-1.703774E+01	2.356769E-01	1.773541E-01
4.362352E+03	-1.703757E+01	2.367105E-01	1.773546E-01
4.362752E+03	-1.703756E+01	2.367231E-01	1.773554E-01
4.362952E+03	-1.703745E+01	2.382589E-01	1.773559E-01
4.363152E+03	-1.703652E+01	2.364564E-01	1.773563E-01
4.363352E+03	-1.703789E+01	2.370662E-01	1.773567E-01
4.363552E+03	-1.703856E+01	2.376598E-01	1.773571E-01
4.363752E+03	-1.703756E+01	2.370685E-01	1.773576E-01
4.363952E+03	-1.703663E+01	2.366466E-01	1.773580E-01
4.364152E+03	-1.703720E+01	2.369656E-01	1.773584E-01
4.364352E+03	-1.703774E+01	2.364332E-01	1.773589E-01
4.364552E+03	-1.703818E+01	2.363966E-01	1.773593E-01
4.364752E+03	-1.703752E+01	2.370190E-01	1.773597E-01
4.364952E+03	-1.703687E+01	2.368989E-01	1.773602E-01
4.365152E+03	-1.703680E+01	2.364131E-01	1.773606E-01
4.365352E+03	-1.703670E+01	2.403641E-01	1.773610E-01
4.365552E+03	-1.703550E+01	2.406311E-01	1.773614E-01
4.365752E+03	-1.703522E+01	2.403328E-01	1.773619E-01
4.365953E+03	-1.703576E+01	2.404473E-01	1.773623E-01
4.366153E+03	-1.703549E+01	2.402825E-01	1.773627E-01
4.366353E+03	-1.703481E+01	2.399590E-01	1.773632E-01
4.366553E+03	-1.703339E+01	2.382338E-01	1.773636E-01
4.366753E+03	-1.703282E+01	2.368739E-01	1.773640E-01
4.366953E+03	-1.703397E+01	2.374227E-01	1.773645E-01
4.367153E+03	-1.703472E+01	2.380157E-01	1.773649E-01
4.367353E+03	-1.703454E+01	2.378140E-01	1.773653E-01
4.367553E+03	-1.703452E+01	2.397036E-01	1.773658E-01
4.367753E+03	-1.703616E+01	2.414076E-01	1.773662E-01
4.367953E+03	-1.703768E+01	2.417603E-01	1.773666E-01
4.368153E+03	-1.703747E+01	2.410579E-01	1.773670E-01
4.368353E+03	-1.703953E+01	2.428891E-01	1.773675E-01
4.368553E+03	-1.704080E+01	2.432428E-01	1.773679E-01
4.368753E+03	-1.704130E+01	2.435383E-01	1.773683E-01
4.368953E+03	-1.704253E+01	2.440281E-01	1.773688E-01
4.369153E+03	-1.704294E+01	2.443551E-01	1.773692E-01
4.369352E+03	-1.704124E+01	2.438661E-01	1.773696E-01
4.369552E+03	-1.703968E+01	2.467984E-01	1.773700E-01
4.369752E+03	-1.703859E+01	2.452525E-01	1.773705E-01
4.369953E+03	-1.703790E+01	2.413064E-01	1.773709E-01
4.370152E+03	-1.703885E+01	2.400170E-01	1.773713E-01
4.370952E+03	-1.703903E+01	2.394070E-01	1.773731E-01
4.371152E+03	-1.703965E+01	2.384190E-01	1.773735E-01
4.371552E+03	-1.703998E+01	2.374278E-01	1.773743E-01
4.371752E+03	-1.703927E+01	2.386044E-01	1.773748E-01
4.371952E+03	-1.703888E+01	2.379784E-01	1.773752E-01
4.372152E+03	-1.703886E+01	2.378910E-01	1.773756E-01
4.372352E+03	-1.703945E+01	2.383355E-01	1.773761E-01
4.372552E+03	-1.704004E+01	2.395329E-01	1.773765E-01
4.372753E+03	-1.704012E+01	2.396108E-01	1.773769E-01
4.372953E+03	-1.703964E+01	2.397813E-01	1.773774E-01
4.373153E+03	-1.704133E+01	2.399913E-01	1.773778E-01
4.373353E+03	-1.704176E+01	2.392421E-01	1.773782E-01
4.373553E+03	-1.704211E+01	2.396874E-01	1.773786E-01
4.373753E+03	-1.704313E+01	2.414419E-01	1.773791E-01
4.373953E+03	-1.704417E+01	2.423814E-01	1.773795E-01
4.374153E+03	-1.704223E+01	2.413173E-01	1.773799E-01
4.374353E+03	-1.704162E+01	2.410442E-01	1.773804E-01
4.374553E+03	-1.704108E+01	2.405966E-01	1.773808E-01
4.374753E+03	-1.704087E+01	2.421468E-01	1.773812E-01
4.374953E+03	-1.704175E+01	2.409288E-01	1.773816E-01
4.375153E+03	-1.704209E+01	2.410566E-01	1.773821E-01
4.375353E+03	-1.704312E+01	2.406896E-01	1.773825E-01
4.375553E+03	-1.704322E+01	2.412067E-01	1.773829E-01
4.375753E+03	-1.704415E+01	2.412319E-01	1.773834E-01
4.375953E+03	-1.704468E+01	2.398702E-01	1.773838E-01
4.376153E+03	-1.704364E+01	2.396098E-01	1.773842E-01
4.376353E+03	-1.704293E+01	2.398136E-01	1.773847E-01
4.376553E+03	-1.704276E+01	2.401152E-01	1.773851E-01
4.376753E+03	-1.704220E+01	2.403737E-01	1.773855E-01
4.376953E+03	-1.703957E+01	2.395782E-01	1.773859E-01
4.377153E+03	-1.703777E+01	2.387336E-01	1.773864E-01
4.377353E+03	-1.703682E+01	2.407383E-01	1.773868E-01
4.377953E+03	-1.703732E+01	2.404078E-01	1.773881E-01
4.378153E+03	-1.703784E+01	2.407898E-01	1.773885E-01
4.378353E+03	-1.703797E+01	2.395219E-01	1.773889E-01
4.378553E+03	-1.703807E+01	2.407032E-01	1.773894E-01
4.378753E+03	-1.703841E+01	2.412882E-01	1.773898E-01
4.378953E+03	-1.703872E+01	2.407686E-01	1.773902E-01
4.379153E+03	-1.703780E+01	2.398414E-01	1.773907E-01
4.379353E+03	-1.703668E+01	2.394428E-01	1.773911E-01
4.379554E+03	-1.703723E+01	2.405240E-01	1.773915E-01
4.379754E+03	-1.703746E+01	2.414858E-01	1.773919E-01
4.379954E+03	-1.703628E+01	2.411016E-01	1.773924E-01
4.380154E+03	-1.703558E+01	2.417590E-01	1.773928E-01
4.380354E+03	-1.703403E+01	2.422541E-01	1.773932E-01
4.380554E+03	-1.703225E+01	2.417373E-01	1.773937E-01
4.380754E+03	-1.703146E+01	2.414374E-01	1.773941E-01
4.380954E+03	-1.703123E+01	2.414799E-01	1.773945E-01
4.381154E+03	-1.703075E+01	2.414230E-01	1.773949E-01
4.381354E+03	-1.703023E+01	2.429777E-01	1.773954E-01
4.381753E+03	-1.703082E+01	2.432767E-01	1.773962E-01
4.381953E+03	-1.703197E+01	2.438617E-01	1.773967E-01
4.382154E+03	-1.703201E+01	2.434422E-01	1.773971E-01
4.382353E+03	-1.703234E+01	2.426428E-01	1.773975E-01
4.382553E+03	-1.703298E+01	2.429239E-01	1.773979E-01
4.382753E+03	-1.703352E+01	2.425800E-01	1.773984E-01
4.382953E+03	-1.703355E+01	2.405836E-01	1.773988E-01
4.383153E+03	-1.703338E+01	2.393255E-01	1.773992E-01
4.383353E+03	-1.703265E+01	2.389085E-01	1.773997E-01
4.383553E+03	-1.703338E+01	2.401552E-01	1.774001E-01
4.383753E+03	-1.703567E+01	2.414935E-01	1.774005E-01
4.383953E+03	-1.703617E+01	2.404416E-01	1.774009E-01
4.384153E+03	-1.703670E+01	2.407240E-01	1.774014E-01
4.384353E+03	-1.703707E+01	2.391181E-01	1.774018E-01
4.384553E+03	-1.703594E+01	2.393063E-01	1.774022E-01
4.384753E+03	-1.703578E+01	2.394017E-01	1.774027E-01
4.384953E+03	-1.703589E+01	2.382283E-01	1.774031E-01
4.385153E+03	-1.703560E+01	2.383565E-01	1.774035E-01
4.385353E+03	-1.703541E+01	2.383214E-01	1.774039E-01
4.385753E+03	-1.703545E+01	2.388817E-01	1.774048E-01
4.385953E+03	-1.703448E+01	2.392110E-01	1.774052E-01
4.386153E+03	-1.703398E+01	2.398577E-01	1.774057E-01
4.386353E+03	-1.703381E+01	2.401056E-01	1.774061E-01
4.386554E+03	-1.703383E+01	2.410531E-01	1.774065E-01
4.386754E+03	-1.703375E+01	2.392725E-01	1.774069E-01
4.386954E+03	-1.703330E+01	2.387320E-01	1.774074E-01
4.387154E+03	-1.703349E+01	2.391349E-01	1.774078E-01
4.387354E+03	-1.703382E+01	2.397126E-01	1.774082E-01
4.387554E+03	-1.703421E+01	2.395227E-01	1.774087E-01
4.387754E+03	-1.703380E+01	2.391933E-01	1.774091E-01
4.387954E+03	-1.703459E+01	2.402588E-01	1.774095E-01
4.388154E+03	-1.703536E+01	2.384478E-01	1.774099E-01
4.388354E+03	-1.703453E+01	2.382874E-01	1.774104E-01
4.388554E+03	-1.703294E+01	2.362362E-01	1.774108E-01
4.388754E+03	-1.703267E+01	2.362288E-01	1.774112E-01
4.388954E+03	-1.703447E+01	2.378686E-01	1.774116E-01
4.389354E+03	-1.703450E+01	2.385048E-01	1.774125E-01
4.389554E+03	-1.703319E+01	2.377693E-01	1.774129E-01
4.389954E+03	-1.703224E+01	2.383002E-01	1.774138E-01
4.390154E+03	-1.703155E+01	2.387819E-01	1.774142E-01
4.390354E+03	-1.703206E+01	2.391911E-01	1.774146E-01
4.390554E+03	-1.703282E+01	2.398234E-01	1.774151E-01
4.390754E+03	-1.703265E+01	2.410868E-01	1.774155E-01
4.390954E+03	-1.703230E+01	2.408670E-01	1.774159E-01
4.391154E+03	-1.703341E+01	2.415265E-01	1.774164E-01
4.391354E+03	-1.703522E+01	2.424400E-01	1.774168E-01
4.391554E+03	-1.703589E+01	2.429179E-01	1.774172E-01
4.391754E+03	-1.703661E+01	2.433400E-01	1.774176E-01
4.391954E+03	-1.703741E+01	2.441563E-01	1.774181E-01
4.392154E+03	-1.703804E+01	2.448186E-01	1.774185E-01
4.392354E+03	-1.703810E+01	2.436891E-01	1.774189E-01
4.392554E+03	-1.703812E+01	2.437469E-01	1.774193E-01
4.392754E+03	-1.703880E+01	2.425200E-01	1.774198E-01
4.392954E+03	-1.703970E+01	2.459613E-01	1.774202E-01
4.393154E+03	-1.703887E+01	2.452008E-01	1.774206E-01
4.393355E+03	-1.703767E+01	2.449634E-01	1.774211E-01
4.393555E+03	-1.703639E+01	2.444424E-01	1.774215E-01
4.393755E+03	-1.703643E+01	2.445824E-01	1.774219E-01
4.394154E+03	-1.703712E+01	2.449194E-01	1.774228E-01
4.394355E+03	-1.703606E+01	2.442068E-01	1.774232E-01
4.394554E+03	-1.703475E+01	2.424389E-01	1.774236E-01
4.394754E+03	-1.703279E+01	2.409283E-01	1.774240E-01
4.394954E+03	-1.703292E+01	2.408712E-01	1.774245E-01
4.395154E+03	-1.703436E+01	2.423778E-01	1.774249E-01
4.395354E+03	-1.703422E+01	2.421984E-01	1.774253E-01
4.395554E+03	-1.703400E+01	2.425196E-01	1.774258E-01
4.395754E+03	-1.703529E+01	2.425090E-01	1.774262E-01
4.395954E+03	-1.703597E+01	2.419555E-01	1.774266E-01
4.396154E+03	-1.703487E+01	2.407979E-01	1.774270E-01
4.396354E+03	-1.703499E+01	2.409761E-01	1.774275E-01
4.396554E+03	-1.703548E+01	2.401268E-01	1.774279E-01
4.396754E+03	-1.703553E+01	2.398630E-01	1.774283E-01
4.396954E+03	-1.703539E+01	2.399198E-01	1.774287E-01
4.397154E+03	-1.703516E+01	2.404406E-01	1.774292E-01
4.397354E+03	-1.703488E+01	2.411765E-01	1.774296E-01
4.397554E+03	-1.703438E+01	2.404888E-01	1.774300E-01
4.397754E+03	-1.703451E+01	2.403971E-01	1.774305E-01
4.397954E+03	-1.703546E+01	2.422918E-01	1.774309E-01
4.398154E+03	-1.703546E+01	2.413034E-01	1.774313E-01
4.398354E+03	-1.703558E+01	2.402354E-01	1.774317E-01
4.398554E+03	-1.703544E+01	2.386677E-01	1.774322E-01
4.398754E+03	-1.703620E+01	2.362821E-01	1.774326E-01
4.398954E+03	-1.703620E+01	2.330363E-01	1.774330E-01
4.399154E+03	-1.703633E+01	2.303324E-01	1.774334E-01
4.399354E+03	-1.703659E+01	2.315898E-01	1.774339E-01
4.399554E+03	-1.703723E+01	2.301267E-01	1.774343E-01
4.399754E+03	-1.703690E+01	2.298409E-01	1.774347E-01
4.399954E+03	-1.703587E+01	2.296002E-01	1.774352E-01
4.400155E+03	-1.703636E+01	2.317633E-01	1.774356E-01
4.400355E+03	-1.703640E+01	2.312435E-01	1.774360E-01
4.400555E+03	-1.703361E+01	2.299252E-01	1.774364E-01
4.400755E+03	-1.703324E+01	2.292300E-01	1.774369E-01
4.401155E+03	-1.703462E+01	2.307184E-01	1.774377E-01
4.401355E+03	-1.703366E+01	2.288910E-01	1.774381E-01
4.401555E+03	-1.703280E+01	2.286839E-01	1.774386E-01
4.401755E+03	-1.703246E+01	2.280774E-01	1.774390E-01
4.401955E+03	-1.703257E+01	2.288870E-01	1.774394E-01
4.402155E+03	-1.703144E+01	2.293761E-01	1.774398E-01
4.402355E+03	-1.702957E+01	2.275768E-01	1.774403E-01
4.402555E+03	-1.703054E+01	2.269967E-01	1.774407E-01
4.402755E+03	-1.703092E+01	2.285492E-01	1.774411E-01
4.402955E+03	-1.703128E+01	2.301420E-01	1.774416E-01
4.403155E+03	-1.703071E+01	2.325776E-01	1.774420E-01
4.403355E+03	-1.702911E+01	2.310218E-01	1.774424E-01
4.403555E+03	-1.702808E+01	2.303213E-01	1.774428E-01
4.403755E+03	-1.702885E+01	2.310769E-01	1.774433E-01
4.403955E+03	-1.702874E+01	2.318816E-01	1.774437E-01
4.404155E+03	-1.702809E+01	2.315172E-01	1.774441E-01
4.404355E+03	-1.702712E+01	2.300605E-01	1.774445E-01
4.404755E+03	-1.702732E+01	2.302476E-01	1.774454E-01
4.404955E+03	-1.702609E+01	2.272244E-01	1.774458E-01
4.405155E+03	-1.702603E+01	2.272609E-01	1.774462E-01
4.405355E+03	-1.702549E+01	2.282732E-01	1.774467E-01
4.405555E+03	-1.702363E+01	2.294886E-01	1.774471E-01
4.405755E+03	-1.702340E+01	2.300799E-01	1.774475E-01
4.405954E+03	-1.702398E+01	2.313570E-01	1.774479E-01
4.406154E+03	-1.702357E+01	2.311637E-01	1.774484E-01
4.406355E+03	-1.702235E+01	2.301570E-01	1.774488E-01
4.406555E+03	-1.702272E+01	2.311741E-01	1.774492E-01
4.407155E+03	-1.702319E+01	2.325345E-01	1.774505E-01
4.407355E+03	-1.702379E+01	2.323969E-01	1.774509E-01
4.407555E+03	-1.702466E+01	2.329725E-01	1.774514E-01
4.407755E+03	-1.702569E+01	2.300600E-01	1.774518E-01
4.407955E+03	-1.702653E+01	2.296893E-01	1.774522E-01
4.408155E+03	-1.702767E+01	2.308876E-01	1.774526E-01
4.408355E+03	-1.702895E+01	2.333539E-01	1.774531E-01
4.408555E+03	-1.702956E+01	2.350980E-01	1.774535E-01
4.408755E+03	-1.702935E+01	2.347969E-01	1.774539E-01
4.408955E+03	-1.702934E+01	2.387586E-01	1.774543E-01
4.409155E+03	-1.702869E+01	2.375880E-01	1.774548E-01
4.409355E+03	-1.702873E+01	2.379412E-01	1.774552E-01
4.409555E+03	-1.702768E+01	2.368357E-01	1.774556E-01
4.409755E+03	-1.702640E+01	2.362053E-01	1.774560E-01
4.409955E+03	-1.702656E+01	2.347053E-01	1.774565E-01
4.410155E+03	-1.702597E+01	2.352068E-01	1.774569E-01
4.410955E+03	-1.702600E+01	2.348465E-01	1.774586E-01
4.411155E+03	-1.702669E+01	2.369890E-01	1.774590E-01
4.411355E+03	-1.702649E+01	2.365549E-01	1.774595E-01
4.411555E+03	-1.702599E+01	2.359100E-01	1.774599E-01
4.411755E+03	-1.702582E+01	2.357767E-01	1.774603E-01
4.411955E+03	-1.702630E+01	2.367272E-01	1.774607E-01
4.412155E+03	-1.702632E+01	2.387648E-01	1.774612E-01
4.412355E+03	-1.702631E+01	2.379522E-01	1.774616E-01
4.412555E+03	-1.702665E+01	2.343848E-01	1.774620E-01
4.412755E+03	-1.702641E+01	2.346150E-01	1.774624E-01
4.412955E+03	-1.702570E+01	2.354523E-01	1.774629E-01
4.413555E+03	-1.702436E+01	2.365147E-01	1.774641E-01
4.413756E+03	-1.702272E+01	2.360949E-01	1.774646E-01
4.413956E+03	-1.702099E+01	2.360905E-01	1.774650E-01
4.414156E+03	-1.701923E+01	2.368089E-01	1.774654E-01
4.414356E+03	-1.701915E+01	2.361345E-01	1.774658E-01
4.414556E+03	-1.701999E+01	2.360886E-01	1.774663E-01
4.414756E+03	-1.701943E+01	2.379942E-01	1.774667E-01
4.414956E+03	-1.701870E+01	2.384555E-01	1.774671E-01
4.415156E+03	-1.701868E+01	2.381404E-01	1.774675E-01
4.415356E+03	-1.701775E+01	2.371917E-01	1.774680E-01
4.415956E+03	-1.701661E+01	2.368430E-01	1.774692E-01
4.416156E+03	-1.701745E+01	2.390830E-01	1.774697E-01
4.416356E+03	-1.701865E+01	2.394867E-01	1.774701E-01
4.416556E+03	-1.701868E+01	2.390832E-01	1.774705E-01
4.417156E+03	-1.701899E+01	2.388710E-01	1.774718E-01
4.417356E+03	-1.701851E+01	2.400916E-01	1.774722E-01
4.417556E+03	-1.701842E+01	2.427606E-01	1.774726E-01
4.417756E+03	-1.701813E+01	2.417318E-01	1.774731E-01
4.417956E+03	-1.701793E+01	2.429047E-01	1.774735E-01
4.418155E+03	-1.701829E+01	2.413647E-01	1.774739E-01
4.418556E+03	-1.701922E+01	2.428121E-01	1.774748E-01
4.418756E+03	-1.701980E+01	2.429873E-01	1.774752E-01
4.418955E+03	-1.701941E+01	2.430263E-01	1.774756E-01
4.419155E+03	-1.701881E+01	2.432758E-01	1.774760E-01
4.419355E+03	-1.701814E+01	2.439169E-01	1.774765E-01
4.419555E+03	-1.701772E+01	2.446424E-01	1.774769E-01
4.419955E+03	-1.701862E+01	2.445052E-01	1.774777E-01
4.420155E+03	-1.701814E+01	2.445942E-01	1.774782E-01
4.420355E+03	-1.701761E+01	2.446845E-01	1.774786E-01
4.420555E+03	-1.701736E+01	2.433249E-01	1.774790E-01
4.420956E+03	-1.701557E+01	2.419489E-01	1.774799E-01
4.421156E+03	-1.701491E+01	2.420709E-01	1.774803E-01
4.421356E+03	-1.701606E+01	2.396380E-01	1.774807E-01
4.421556E+03	-1.701590E+01	2.399462E-01	1.774811E-01
4.421756E+03	-1.701541E+01	2.392063E-01	1.774816E-01
4.421956E+03	-1.701379E+01	2.378529E-01	1.774820E-01
4.422356E+03	-1.701396E+01	2.366216E-01	1.774828E-01
4.422956E+03	-1.701431E+01	2.389622E-01	1.774841E-01
4.423156E+03	-1.701371E+01	2.413156E-01	1.774845E-01
4.423356E+03	-1.701394E+01	2.445678E-01	1.774850E-01
4.423556E+03	-1.701317E+01	2.442172E-01	1.774854E-01
4.423756E+03	-1.701392E+01	2.456056E-01	1.774858E-01
4.423956E+03	-1.701314E+01	2.447703E-01	1.774862E-01
4.424156E+03	-1.701265E+01	2.440179E-01	1.774867E-01
4.424356E+03	-1.701285E+01	2.435241E-01	1.774871E-01
4.424556E+03	-1.701282E+01	2.442647E-01	1.774875E-01
4.424756E+03	-1.701324E+01	2.442748E-01	1.774879E-01
4.424956E+03	-1.701323E+01	2.439844E-01	1.774884E-01
4.425156E+03	-1.701269E+01	2.437635E-01	1.774888E-01
4.425356E+03	-1.701192E+01	2.433212E-01	1.774892E-01
4.425556E+03	-1.701222E+01	2.430664E-01	1.774896E-01
4.425956E+03	-1.701212E+01	2.430035E-01	1.774906E-01
4.426156E+03	-1.701207E+01	2.437907E-01	1.774910E-01
4.426356E+03	-1.701135E+01	2.439582E-01	1.774915E-01
4.426556E+03	-1.700981E+01	2.455243E-01	1.774920E-01
4.426756E+03	-1.700976E+01	2.493049E-01	1.774925E-01
4.426956E+03	-1.700852E+01	2.492174E-01	1.774930E-01
4.427156E+03	-1.700813E+01	2.489017E-01	1.774935E-01
4.427557E+03	-1.700754E+01	2.488707E-01	1.774944E-01
4.427757E+03	-1.700684E+01	2.484614E-01	1.774949E-01
4.427957E+03	-1.700713E+01	2.503312E-01	1.774954E-01
4.428157E+03	-1.700695E+01	2.510938E-01	1.774959E-01
4.428357E+03	-1.700644E+01	2.512111E-01	1.774964E-01
4.428557E+03	-1.700650E+01	2.516859E-01	1.774968E-01
4.428757E+03	-1.700662E+01	2.506826E-01	1.774973E-01
4.428957E+03	-1.700746E+01	2.496593E-01	1.774978E-01
4.429157E+03	-1.700756E+01	2.495053E-01	1.774983E-01
4.429357E+03	-1.700634E+01	2.487919E-01	1.774988E-01
4.429557E+03	-1.700517E+01	2.509193E-01	1.774993E-01
4.429757E+03	-1.700494E+01	2.512464E-01	1.774997E-01
4.430356E+03	-1.700469E+01	2.524516E-01	1.775012E-01
4.430757E+03	-1.700232E+01	2.518856E-01	1.775022E-01
4.430957E+03	-1.700110E+01	2.515494E-01	1.775026E-01
4.431156E+03	-1.700040E+01	2.549832E-01	1.775031E-01
4.431356E+03	-1.699834E+01	2.582375E-01	1.775036E-01
4.431556E+03	-1.699672E+01	2.593266E-01	1.775041E-01
4.431756E+03	-1.699587E+01	2.587106E-01	1.775046E-01
4.431956E+03	-1.699482E+01	2.589312E-01	1.775051E-01
4.432156E+03	-1.699382E+01	2.607844E-01	1.775055E-01
4.432556E+03	-1.699300E+01	2.618443E-01	1.775065E-01
4.432756E+03	-1.699238E+01	2.625976E-01	1.775070E-01
4.432956E+03	-1.699187E+01	2.660787E-01	1.775075E-01
4.433156E+03	-1.699117E+01	2.663600E-01	1.775080E-01
4.433356E+03	-1.698946E+01	2.659971E-01	1.775084E-01
4.433756E+03	-1.698953E+01	2.656608E-01	1.775094E-01
4.433956E+03	-1.698872E+01	2.653039E-01	1.775099E-01
4.434156E+03	-1.698689E+01	2.639835E-01	1.775104E-01
4.434557E+03	-1.698517E+01	2.625276E-01	1.775113E-01
4.434757E+03	-1.698360E+01	2.610588E-01	1.775118E-01
4.434957E+03	-1.698333E+01	2.600446E-01	1.775123E-01
4.435157E+03	-1.698364E+01	2.597588E-01	1.775128E-01
4.435357E+03	-1.698353E+01	2.593822E-01	1.775133E-01
4.435557E+03	-1.698159E+01	2.578688E-01	1.775138E-01
4.435957E+03	-1.697962E+01	2.558658E-01	1.775147E-01
4.436157E+03	-1.697887E+01	2.562903E-01	1.775152E-01
4.436357E+03	-1.697826E+01	2.561970E-01	1.775157E-01
4.436557E+03	-1.697809E+01	2.594965E-01	1.775162E-01
4.436757E+03	-1.697865E+01	2.626705E-01	1.775167E-01
4.436957E+03	-1.697943E+01	2.642444E-01	1.775171E-01
4.437157E+03	-1.697950E+01	2.644143E-01	1.775176E-01
4.437357E+03	-1.697766E+01	2.645907E-01	1.775181E-01
4.437557E+03	-1.697747E+01	2.647018E-01	1.775186E-01
4.437757E+03	-1.697815E+01	2.661472E-01	1.775191E-01
4.438157E+03	-1.697656E+01	2.656494E-01	1.775200E-01
4.438357E+03	-1.697561E+01	2.630874E-01	1.775205E-01
4.438557E+03	-1.697538E+01	2.629392E-01	1.775210E-01
4.438757E+03	-1.697487E+01	2.626838E-01	1.775215E-01
4.438957E+03	-1.697327E+01	2.614542E-01	1.775220E-01
4.439157E+03	-1.697165E+01	2.600764E-01	1.775224E-01
4.439357E+03	-1.697203E+01	2.607119E-01	1.775229E-01
4.439557E+03	-1.697222E+01	2.608799E-01	1.775234E-01
4.440157E+03	-1.697206E+01	2.631219E-01	1.775249E-01
4.440357E+03	-1.697035E+01	2.629742E-01	1.775253E-01
4.440557E+03	-1.696902E+01	2.626098E-01	1.775258E-01
4.440757E+03	-1.696866E+01	2.625978E-01	1.775263E-01
4.440957E+03	-1.696821E+01	2.634529E-01	1.775268E-01
4.441158E+03	-1.696763E+01	2.642256E-01	1.775273E-01
4.441358E+03	-1.696685E+01	2.637889E-01	1.775278E-01
4.441558E+03	-1.696620E+01	2.632607E-01	1.775282E-01
4.441758E+03	-1.696535E+01	2.633214E-01	1.775287E-01
4.442557E+03	-1.696542E+01	2.636759E-01	1.775306E-01
4.442757E+03	-1.696414E+01	2.623902E-01	1.775311E-01
4.442958E+03	-1.696169E+01	2.610119E-01	1.775316E-01
4.443158E+03	-1.696103E+01	2.613763E-01	1.775321E-01
4.443357E+03	-1.696006E+01	2.613283E-01	1.775326E-01
4.443557E+03	-1.695959E+01	2.604612E-01	1.775331E-01
4.443757E+03	-1.695917E+01	2.610642E-01	1.775335E-01
4.443957E+03	-1.695876E+01	2.607640E-01	1.775340E-01
4.444157E+03	-1.695817E+01	2.590786E-01	1.775345E-01
4.444357E+03	-1.695772E+01	2.596782E-01	1.775350E-01
4.444757E+03	-1.695635E+01	2.630918E-01	1.775360E-01
4.444957E+03	-1.695502E+01	2.625869E-01	1.775364E-01
4.445157E+03	-1.695498E+01	2.625967E-01	1.775369E-01
4.445357E+03	-1.695534E+01	2.634963E-01	1.775374E-01
4.445557E+03	-1.695511E+01	2.632861E-01	1.775379E-01
4.445757E+03	-1.695429E+01	2.620857E-01	1.775384E-01
4.445957E+03	-1.695387E+01	2.618506E-01	1.775388E-01
4.446157E+03	-1.695329E+01	2.614134E-01	1.775393E-01
4.446357E+03	-1.695288E+01	2.608781E-01	1.775398E-01
4.446557E+03	-1.695216E+01	2.593220E-01	1.775403E-01
4.446757E+03	-1.695143E+01	2.591343E-01	1.775408E-01
4.446957E+03	-1.695009E+01	2.585284E-01	1.775413E-01
4.447157E+03	-1.694881E+01	2.576359E-01	1.775417E-01
4.447357E+03	-1.694819E+01	2.575178E-01	1.775422E-01
4.447557E+03	-1.694872E+01	2.584687E-01	1.775427E-01
4.447757E+03	-1.694815E+01	2.594025E-01	1.775432E-01
4.447958E+03	-1.694738E+01	2.605809E-01	1.775437E-01
4.448158E+03	-1.694604E+01	2.600127E-01	1.775441E-01
4.448358E+03	-1.694490E+01	2.588082E-01	1.775446E-01
4.448558E+03	-1.694446E+01	2.584977E-01	1.775451E-01
4.448758E+03	-1.694457E+01	2.586478E-01	1.775456E-01
4.448958E+03	-1.694443E+01	2.584880E-01	1.775461E-01
4.449158E+03	-1.694372E+01	2.581322E-01	1.775466E-01
4.449358E+03	-1.694272E+01	2.567005E-01	1.775470E-01
4.449558E+03	-1.694217E+01	2.560299E-01	1.775475E-01
4.449758E+03	-1.694177E+01	2.546053E-01	1.775480E-01
4.449958E+03	-1.694111E+01	2.543445E-01	1.775485E-01
4.450158E+03	-1.694181E+01	2.542139E-01	1.775490E-01
4.450358E+03	-1.694220E+01	2.544413E-01	1.775494E-01
4.450558E+03	-1.694196E+01	2.542090E-01	1.775499E-01
4.450758E+03	-1.694165E+01	2.541761E-01	1.775504E-01
4.450958E+03	-1.694142E+01	2.553924E-01	1.775509E-01
4.451158E+03	-1.694124E+01	2.564382E-01	1.775514E-01
4.451358E+03	-1.694139E+01	2.560297E-01	1.775518E-01
4.451558E+03	-1.694199E+01	2.550820E-01	1.775523E-01
4.451758E+03	-1.694234E+01	2.556465E-01	1.775528E-01
4.451958E+03	-1.694160E+01	2.546048E-01	1.775533E-01
4.452158E+03	-1.694154E+01	2.549145E-01	1.775538E-01
4.452358E+03	-1.694034E+01	2.551179E-01	1.775543E-01
4.452558E+03	-1.693966E+01	2.545998E-01	1.775547E-01
4.452758E+03	-1.693882E+01	2.546002E-01	1.775552E-01
4.452958E+03	-1.693783E+01	2.540068E-01	1.775557E-01
4.453158E+03	-1.693720E+01	2.550297E-01	1.775562E-01
4.453358E+03	-1.693561E+01	2.535662E-01	1.775567E-01
4.453558E+03	-1.693447E+01	2.523459E-01	1.775571E-01
4.453758E+03	-1.693363E+01	2.514898E-01	1.775576E-01
4.453958E+03	-1.693309E+01	2.503534E-01	1.775581E-01
4.454158E+03	-1.693314E+01	2.518888E-01	1.775586E-01
4.454358E+03	-1.693391E+01	2.538426E-01	1.775591E-01
4.454557E+03	-1.693303E+01	2.515377E-01	1.775595E-01
4.454758E+03	-1.693115E+01	2.507802E-01	1.775600E-01
4.454958E+03	-1.693002E+01	2.499950E-01	1.775605E-01
4.455158E+03	-1.693086E+01	2.515315E-01	1.775610E-01
4.455359E+03	-1.693100E+01	2.514514E-01	1.775615E-01
4.455558E+03	-1.692892E+01	2.506380E-01	1.775619E-01
4.455758E+03	-1.692718E+01	2.487254E-01	1.775624E-01
4.455958E+03	-1.692664E+01	2.482380E-01	1.775629E-01
4.456158E+03	-1.692502E+01	2.467920E-01	1.775634E-01
4.456358E+03	-1.692268E+01	2.468885E-01	1.775639E-01
4.456558E+03	-1.692246E+01	2.490668E-01	1.775644E-01
4.456758E+03	-1.692256E+01	2.498730E-01	1.775648E-01
4.456958E+03	-1.692190E+01	2.486751E-01	1.775653E-01
4.457158E+03	-1.692033E+01	2.481626E-01	1.775658E-01
4.457358E+03	-1.691862E+01	2.471472E-01	1.775663E-01
4.457558E+03	-1.691878E+01	2.468069E-01	1.775668E-01
4.457758E+03	-1.691741E+01	2.466315E-01	1.775672E-01
4.457958E+03	-1.691668E+01	2.457904E-01	1.775677E-01
4.458158E+03	-1.691642E+01	2.450673E-01	1.775682E-01
4.458358E+03	-1.691687E+01	2.459632E-01	1.775687E-01
4.458558E+03	-1.691682E+01	2.458028E-01	1.775692E-01
4.458758E+03	-1.691585E+01	2.445510E-01	1.775696E-01
4.458958E+03	-1.691490E+01	2.440936E-01	1.775701E-01
4.459158E+03	-1.691452E+01	2.449487E-01	1.775706E-01
4.459358E+03	-1.691433E+01	2.448135E-01	1.775711E-01
4.459558E+03	-1.691448E+01	2.447055E-01	1.775716E-01
4.459758E+03	-1.691395E+01	2.442529E-01	1.775720E-01
4.459958E+03	-1.691271E+01	2.435956E-01	1.775725E-01
4.460158E+03	-1.691116E+01	2.422613E-01	1.775730E-01
4.460358E+03	-1.690977E+01	2.400924E-01	1.775735E-01
4.460558E+03	-1.690974E+01	2.403064E-01	1.775740E-01
4.460758E+03	-1.690959E+01	2.411897E-01	1.775744E-01
4.460958E+03	-1.690755E+01	2.406158E-01	1.775749E-01
4.461158E+03	-1.690667E+01	2.403096E-01	1.775754E-01
4.461558E+03	-1.690724E+01	2.393448E-01	1.775764E-01
4.461759E+03	-1.690711E+01	2.399141E-01	1.775768E-01
4.461959E+03	-1.690625E+01	2.391953E-01	1.775773E-01
4.462159E+03	-1.690632E+01	2.400386E-01	1.775778E-01
4.462359E+03	-1.690577E+01	2.405965E-01	1.775783E-01
4.462559E+03	-1.690486E+01	2.405795E-01	1.775788E-01
4.462759E+03	-1.690493E+01	2.407839E-01	1.775792E-01
4.462959E+03	-1.690561E+01	2.407094E-01	1.775797E-01
4.463159E+03	-1.690437E+01	2.397679E-01	1.775802E-01
4.463359E+03	-1.690409E+01	2.402363E-01	1.775807E-01
4.463559E+03	-1.690449E+01	2.404515E-01	1.775812E-01
4.463759E+03	-1.690457E+01	2.396513E-01	1.775816E-01
4.463959E+03	-1.690493E+01	2.389794E-01	1.775821E-01
4.464159E+03	-1.690449E+01	2.386264E-01	1.775826E-01
4.464359E+03	-1.690398E+01	2.381693E-01	1.775831E-01
4.464559E+03	-1.690423E+01	2.392748E-01	1.775836E-01
4.464759E+03	-1.690474E+01	2.395425E-01	1.775840E-01
4.464959E+03	-1.690544E+01	2.397380E-01	1.775845E-01
4.465159E+03	-1.690656E+01	2.404036E-01	1.775850E-01
4.465359E+03	-1.690803E+01	2.413573E-01	1.775855E-01
4.465559E+03	-1.690929E+01	2.420385E-01	1.775860E-01
4.466159E+03	-1.691028E+01	2.414380E-01	1.775874E-01
4.466359E+03	-1.691137E+01	2.405783E-01	1.775879E-01
4.466559E+03	-1.691110E+01	2.385785E-01	1.775884E-01
4.466958E+03	-1.691079E+01	2.381632E-01	1.775893E-01
4.467158E+03	-1.691146E+01	2.373038E-01	1.775898E-01
4.467359E+03	-1.691168E+01	2.387947E-01	1.775903E-01
4.467559E+03	-1.691080E+01	2.386313E-01	1.775908E-01
4.467758E+03	-1.690980E+01	2.408355E-01	1.775912E-01
4.467958E+03	-1.691022E+01	2.399078E-01	1.775917E-01
4.468158E+03	-1.690983E+01	2.397038E-01	1.775922E-01
4.468358E+03	-1.690863E+01	2.392051E-01	1.775927E-01
4.468559E+03	-1.690928E+01	2.392413E-01	1.775932E-01
4.468759E+03	-1.690993E+01	2.395996E-01	1.775936E-01
4.468959E+03	-1.691026E+01	2.393850E-01	1.775941E-01
4.469159E+03	-1.691044E+01	2.414538E-01	1.775946E-01
4.469359E+03	-1.690990E+01	2.433296E-01	1.775951E-01
4.469559E+03	-1.690923E+01	2.424056E-01	1.775956E-01
4.469759E+03	-1.690833E+01	2.406431E-01	1.775960E-01
4.469959E+03	-1.690753E+01	2.381344E-01	1.775965E-01
4.470159E+03	-1.690699E+01	2.376828E-01	1.775970E-01
4.470359E+03	-1.690718E+01	2.395028E-01	1.775975E-01
4.470559E+03	-1.690845E+01	2.404446E-01	1.775979E-01
4.470759E+03	-1.690881E+01	2.420790E-01	1.775984E-01
4.470959E+03	-1.690825E+01	2.407002E-01	1.775989E-01
4.471159E+03	-1.690785E+01	2.399380E-01	1.775994E-01
4.471359E+03	-1.690755E+01	2.393810E-01	1.775999E-01
4.471559E+03	-1.690683E+01	2.400030E-01	1.776003E-01
4.471759E+03	-1.690709E+01	2.395302E-01	1.776008E-01
4.472159E+03	-1.690691E+01	2.407041E-01	1.776018E-01
4.472359E+03	-1.690643E+01	2.409816E-01	1.776023E-01
4.472559E+03	-1.690557E+01	2.412535E-01	1.776027E-01
4.472759E+03	-1.690472E+01	2.391508E-01	1.776032E-01
4.472959E+03	-1.690500E+01	2.390313E-01	1.776037E-01
4.473159E+03	-1.690454E+01	2.379015E-01	1.776042E-01
4.473359E+03	-1.690247E+01	2.358440E-01	1.776047E-01
4.473559E+03	-1.690092E+01	2.346481E-01	1.776051E-01
4.473759E+03	-1.690025E+01	2.317367E-01	1.776056E-01
4.473959E+03	-1.689826E+01	2.274383E-01	1.776061E-01
4.474159E+03	-1.689710E+01	2.255413E-01	1.776066E-01
4.474359E+03	-1.689864E+01	2.261358E-01	1.776070E-01
4.474559E+03	-1.689907E+01	2.256141E-01	1.776075E-01
4.474759E+03	-1.689848E+01	2.235766E-01	1.776080E-01
4.474959E+03	-1.689844E+01	2.226194E-01	1.776085E-01
4.475159E+03	-1.689869E+01	2.217347E-01	1.776090E-01
4.475360E+03	-1.689888E+01	2.189491E-01	1.776094E-01
4.475560E+03	-1.689851E+01	2.179313E-01	1.776099E-01
4.475760E+03	-1.689924E+01	2.179546E-01	1.776104E-01
4.475960E+03	-1.689953E+01	2.181218E-01	1.776109E-01
4.476160E+03	-1.690049E+01	2.182752E-01	1.776114E-01
4.476360E+03	-1.690001E+01	2.195833E-01	1.776118E-01
4.476560E+03	-1.689805E+01	2.187734E-01	1.776123E-01
4.476760E+03	-1.689726E+01	2.184858E-01	1.776128E-01
4.476960E+03	-1.689701E+01	2.191383E-01	1.776133E-01
4.477160E+03	-1.689712E+01	2.199642E-01	1.776138E-01
4.477360E+03	-1.689698E+01	2.198883E-01	1.776142E-01
4.477560E+03	-1.689792E+01	2.202888E-01	1.776147E-01
4.477760E+03	-1.689794E+01	2.202013E-01	1.776152E-01
4.477960E+03	-1.689849E+01	2.197692E-01	1.776157E-01
4.478160E+03	-1.689865E+01	2.197702E-01	1.776161E-01
4.478360E+03	-1.689807E+01	2.167650E-01	1.776166E-01
4.478560E+03	-1.689891E+01	2.152385E-01	1.776171E-01
4.478760E+03	-1.689913E+01	2.141288E-01	1.776176E-01
4.478959E+03	-1.689878E+01	2.136165E-01	1.776181E-01
4.479159E+03	-1.689885E+01	2.134715E-01	1.776185E-01
4.479359E+03	-1.689873E+01	2.152110E-01	1.776190E-01
4.479760E+03	-1.689856E+01	2.165324E-01	1.776200E-01
4.479959E+03	-1.689880E+01	2.186193E-01	1.776204E-01
4.480159E+03	-1.689762E+01	2.180080E-01	1.776209E-01
4.480359E+03	-1.689696E+01	2.193569E-01	1.776214E-01
4.480559E+03	-1.689700E+01	2.191445E-01	1.776219E-01
4.480759E+03	-1.689625E+01	2.188072E-01	1.776224E-01
4.480959E+03	-1.689536E+01	2.184956E-01	1.776228E-01
4.481159E+03	-1.689493E+01	2.179343E-01	1.776233E-01
4.481359E+03	-1.689436E+01	2.176537E-01	1.776238E-01
4.481559E+03	-1.689430E+01	2.161967E-01	1.776243E-01
4.481759E+03	-1.689488E+01	2.171908E-01	1.776247E-01
4.481959E+03	-1.689576E+01	2.170631E-01	1.776252E-01
4.482160E+03	-1.689714E+01	2.174349E-01	1.776257E-01
4.482360E+03	-1.689789E+01	2.162984E-01	1.776262E-01
4.482560E+03	-1.689801E+01	2.152581E-01	1.776267E-01
4.482760E+03	-1.689665E+01	2.147175E-01	1.776271E-01
4.482960E+03	-1.689577E+01	2.149685E-01	1.776276E-01
4.483160E+03	-1.689649E+01	2.152334E-01	1.776281E-01
4.483360E+03	-1.689627E+01	2.148725E-01	1.776286E-01
4.483560E+03	-1.689482E+01	2.153590E-01	1.776291E-01
4.483760E+03	-1.689467E+01	2.158943E-01	1.776295E-01
4.484160E+03	-1.689474E+01	2.152007E-01	1.776305E-01
4.484360E+03	-1.689399E+01	2.138817E-01	1.776310E-01
4.484560E+03	-1.689340E+01	2.135668E-01	1.776314E-01
4.485160E+03	-1.689354E+01	2.130105E-01	1.776329E-01
4.485360E+03	-1.689342E+01	2.129280E-01	1.776333E-01
4.485560E+03	-1.689370E+01	2.132075E-01	1.776338E-01
4.485760E+03	-1.689431E+01	2.127547E-01	1.776343E-01
4.486160E+03	-1.689510E+01	2.105776E-01	1.776353E-01
4.486360E+03	-1.689481E+01	2.100626E-01	1.776357E-01
4.486560E+03	-1.689582E+01	2.116796E-01	1.776362E-01
4.486960E+03	-1.689664E+01	2.113849E-01	1.776372E-01
4.487160E+03	-1.689662E+01	2.107762E-01	1.776376E-01
4.487360E+03	-1.689771E+01	2.116087E-01	1.776381E-01
4.487560E+03	-1.689889E+01	2.123565E-01	1.776386E-01
4.487760E+03	-1.689845E+01	2.131235E-01	1.776391E-01
4.487960E+03	-1.689839E+01	2.149365E-01	1.776396E-01
4.488160E+03	-1.689887E+01	2.150721E-01	1.776400E-01
4.488360E+03	-1.689920E+01	2.152497E-01	1.776405E-01
4.488560E+03	-1.689977E+01	2.154013E-01	1.776410E-01
4.488760E+03	-1.690043E+01	2.153987E-01	1.776415E-01
4.488961E+03	-1.690093E+01	2.150812E-01	1.776419E-01
4.489161E+03	-1.690062E+01	2.140709E-01	1.776424E-01
4.489361E+03	-1.690026E+01	2.126877E-01	1.776429E-01
4.489561E+03	-1.690016E+01	2.111113E-01	1.776434E-01
4.489761E+03	-1.690067E+01	2.106029E-01	1.776439E-01
4.489961E+03	-1.690125E+01	2.111719E-01	1.776443E-01
4.490161E+03	-1.690138E+01	2.113501E-01	1.776448E-01
4.490361E+03	-1.690104E+01	2.113388E-01	1.776453E-01
4.490561E+03	-1.690147E+01	2.114436E-01	1.776458E-01
4.490761E+03	-1.690174E+01	2.120373E-01	1.776462E-01
4.490961E+03	-1.690184E+01	2.116252E-01	1.776467E-01
4.491160E+03	-1.690242E+01	2.118457E-01	1.776472E-01
4.491360E+03	-1.690271E+01	2.119942E-01	1.776477E-01
4.491560E+03	-1.690339E+01	2.124175E-01	1.776481E-01
4.491761E+03	-1.690415E+01	2.135818E-01	1.776486E-01
4.491961E+03	-1.690383E+01	2.140163E-01	1.776491E-01
4.492160E+03	-1.690360E+01	2.145670E-01	1.776496E-01
4.492360E+03	-1.690350E+01	2.154656E-01	1.776501E-01
4.492760E+03	-1.690347E+01	2.141331E-01	1.776510E-01
4.492960E+03	-1.690318E+01	2.131998E-01	1.776515E-01
4.493160E+03	-1.690333E+01	2.141531E-01	1.776520E-01
4.493360E+03	-1.690482E+01	2.147920E-01	1.776524E-01
4.493560E+03	-1.690618E+01	2.152987E-01	1.776529E-01
4.493760E+03	-1.690718E+01	2.161296E-01	1.776534E-01
4.493960E+03	-1.690754E+01	2.159302E-01	1.776539E-01
4.494160E+03	-1.690684E+01	2.146883E-01	1.776543E-01
4.494360E+03	-1.690617E+01	2.144974E-01	1.776548E-01
4.494560E+03	-1.690602E+01	2.128802E-01	1.776553E-01
4.494760E+03	-1.690535E+01	2.136516E-01	1.776558E-01
4.494960E+03	-1.690552E+01	2.120371E-01	1.776562E-01
4.495160E+03	-1.690707E+01	2.128187E-01	1.776567E-01
4.495360E+03	-1.690892E+01	2.151296E-01	1.776572E-01
4.495560E+03	-1.690961E+01	2.157120E-01	1.776577E-01
4.495761E+03	-1.691023E+01	2.160322E-01	1.776582E-01
4.495961E+03	-1.691061E+01	2.147669E-01	1.776586E-01
4.496161E+03	-1.691072E+01	2.136822E-01	1.776591E-01
4.496361E+03	-1.691077E+01	2.134269E-01	1.776596E-01
4.496561E+03	-1.691060E+01	2.127800E-01	1.776601E-01
4.496761E+03	-1.691019E+01	2.126650E-01	1.776605E-01
4.496961E+03	-1.691002E+01	2.119517E-01	1.776610E-01
4.497161E+03	-1.691039E+01	2.122051E-01	1.776615E-01
4.497361E+03	-1.691071E+01	2.129855E-01	1.776620E-01
4.497561E+03	-1.691093E+01	2.129382E-01	1.776624E-01
4.497761E+03	-1.691125E+01	2.144210E-01	1.776629E-01
4.497961E+03	-1.691119E+01	2.148767E-01	1.776634E-01
4.498161E+03	-1.691058E+01	2.139252E-01	1.776639E-01
4.498361E+03	-1.691130E+01	2.116390E-01	1.776643E-01
4.498561E+03	-1.691141E+01	2.107070E-01	1.776648E-01
4.498761E+03	-1.691185E+01	2.109076E-01	1.776653E-01
4.498961E+03	-1.691205E+01	2.105066E-01	1.776658E-01
4.499161E+03	-1.691186E+01	2.136310E-01	1.776663E-01
4.499361E+03	-1.691249E+01	2.143483E-01	1.776667E-01
4.499561E+03	-1.691256E+01	2.133273E-01	1.776672E-01
4.499761E+03	-1.691252E+01	2.129130E-01	1.776677E-01
4.499961E+03	-1.691278E+01	2.135263E-01	1.776682E-01
4.500161E+03	-1.691246E+01	2.129621E-01	1.776686E-01
4.500361E+03	-1.691157E+01	2.127735E-01	1.776691E-01
4.500561E+03	-1.691093E+01	2.127250E-01	1.776696E-01
4.500761E+03	-1.691061E+01	2.124670E-01	1.776701E-01
4.500961E+03	-1.691052E+01	2.115714E-01	1.776705E-01
4.501561E+03	-1.691132E+01	2.112414E-01	1.776720E-01
4.501761E+03	-1.691251E+01	2.121938E-01	1.776724E-01
4.501961E+03	-1.691227E+01	2.133039E-01	1.776729E-01
4.502161E+03	-1.691228E+01	2.132649E-01	1.776734E-01
4.502361E+03	-1.691328E+01	2.156771E-01	1.776739E-01
4.502562E+03	-1.691426E+01	2.174823E-01	1.776743E-01
4.502762E+03	-1.691466E+01	2.173816E-01	1.776748E-01
4.502962E+03	-1.691486E+01	2.165446E-01	1.776753E-01
4.503162E+03	-1.691639E+01	2.172584E-01	1.776758E-01
4.503361E+03	-1.691718E+01	2.163744E-01	1.776762E-01
4.503561E+03	-1.691741E+01	2.186806E-01	1.776767E-01
4.503761E+03	-1.691744E+01	2.180123E-01	1.776772E-01
4.503962E+03	-1.691685E+01	2.173174E-01	1.776777E-01
4.504561E+03	-1.691764E+01	2.168883E-01	1.776791E-01
4.504761E+03	-1.691771E+01	2.158456E-01	1.776796E-01
4.504961E+03	-1.691763E+01	2.150787E-01	1.776801E-01
4.505161E+03	-1.691849E+01	2.149794E-01	1.776805E-01
4.505361E+03	-1.691850E+01	2.150844E-01	1.776810E-01
4.505561E+03	-1.691845E+01	2.180898E-01	1.776815E-01
4.505761E+03	-1.691883E+01	2.207205E-01	1.776820E-01
4.505961E+03	-1.691923E+01	2.209014E-01	1.776824E-01
4.506161E+03	-1.691914E+01	2.209106E-01	1.776829E-01
4.506361E+03	-1.691889E+01	2.215428E-01	1.776834E-01
4.506561E+03	-1.691923E+01	2.218161E-01	1.776839E-01
4.506761E+03	-1.691901E+01	2.217315E-01	1.776843E-01
4.506961E+03	-1.691779E+01	2.198298E-01	1.776848E-01
4.507161E+03	-1.691669E+01	2.196987E-01	1.776853E-01
4.507561E+03	-1.691580E+01	2.199873E-01	1.776862E-01
4.507761E+03	-1.691568E+01	2.209655E-01	1.776867E-01
4.507961E+03	-1.691610E+01	2.207928E-01	1.776872E-01
4.508161E+03	-1.691702E+01	2.213210E-01	1.776877E-01
4.508361E+03	-1.691691E+01	2.220106E-01	1.776881E-01
4.508561E+03	-1.691678E+01	2.222349E-01	1.776886E-01
4.508761E+03	-1.691728E+01	2.224931E-01	1.776891E-01
4.508961E+03	-1.691758E+01	2.226376E-01	1.776896E-01
4.509161E+03	-1.691742E+01	2.228585E-01	1.776900E-01
4.509361E+03	-1.691663E+01	2.203591E-01	1.776905E-01
4.509562E+03	-1.691684E+01	2.201087E-01	1.776910E-01
4.509762E+03	-1.691728E+01	2.179497E-01	1.776915E-01
4.509962E+03	-1.691760E+01	2.188387E-01	1.776919E-01
4.510162E+03	-1.691735E+01	2.187001E-01	1.776924E-01
4.510362E+03	-1.691718E+01	2.205793E-01	1.776929E-01
4.510562E+03	-1.691787E+01	2.208603E-01	1.776934E-01
4.510762E+03	-1.691719E+01	2.206023E-01	1.776938E-01
4.510962E+03	-1.691551E+01	2.207129E-01	1.776943E-01
4.511162E+03	-1.691612E+01	2.195419E-01	1.776948E-01
4.511362E+03	-1.691636E+01	2.165883E-01	1.776953E-01
4.511562E+03	-1.691660E+01	2.171439E-01	1.776957E-01
4.511762E+03	-1.691747E+01	2.176322E-01	1.776962E-01
4.511962E+03	-1.691908E+01	2.184695E-01	1.776967E-01
4.512162E+03	-1.692095E+01	2.192152E-01	1.776972E-01
4.512362E+03	-1.692138E+01	2.175936E-01	1.776976E-01
4.512562E+03	-1.692048E+01	2.169163E-01	1.776981E-01
4.512762E+03	-1.691975E+01	2.152892E-01	1.776986E-01
4.512962E+03	-1.691899E+01	2.150129E-01	1.776991E-01
4.513362E+03	-1.691970E+01	2.154970E-01	1.777000E-01
4.513562E+03	-1.692019E+01	2.159766E-01	1.777005E-01
4.513762E+03	-1.691975E+01	2.143108E-01	1.777010E-01
4.513962E+03	-1.692009E+01	2.144174E-01	1.777014E-01
4.514162E+03	-1.692141E+01	2.157650E-01	1.777019E-01
4.514362E+03	-1.692212E+01	2.166305E-01	1.777024E-01
4.514562E+03	-1.692248E+01	2.158080E-01	1.777029E-01
4.514762E+03	-1.692286E+01	2.161850E-01	1.777033E-01
4.514962E+03	-1.692375E+01	2.165953E-01	1.777038E-01
4.515162E+03	-1.692449E+01	2.159583E-01	1.777043E-01
4.515361E+03	-1.692476E+01	2.165340E-01	1.777047E-01
4.515561E+03	-1.692440E+01	2.163781E-01	1.777052E-01
4.515761E+03	-1.692440E+01	2.162216E-01	1.777057E-01
4.515962E+03	-1.692499E+01	2.168538E-01	1.777062E-01
4.516162E+03	-1.692533E+01	2.169671E-01	1.777066E-01
4.516363E+03	-1.692493E+01	2.176373E-01	1.777071E-01
4.516562E+03	-1.692393E+01	2.182915E-01	1.777076E-01
4.516762E+03	-1.692339E+01	2.180276E-01	1.777081E-01
4.516962E+03	-1.692458E+01	2.183831E-01	1.777085E-01
4.517162E+03	-1.692496E+01	2.185910E-01	1.777090E-01
4.517362E+03	-1.692410E+01	2.195664E-01	1.777095E-01
4.517562E+03	-1.692450E+01	2.197817E-01	1.777100E-01
4.517762E+03	-1.692530E+01	2.212815E-01	1.777104E-01
4.517962E+03	-1.692675E+01	2.230530E-01	1.777109E-01
4.518162E+03	-1.692787E+01	2.236691E-01	1.777114E-01
4.518362E+03	-1.692830E+01	2.234941E-01	1.777119E-01
4.518562E+03	-1.692869E+01	2.250637E-01	1.777123E-01
4.518762E+03	-1.692875E+01	2.265715E-01	1.777128E-01
4.518962E+03	-1.692948E+01	2.261325E-01	1.777133E-01
4.519162E+03	-1.692924E+01	2.275117E-01	1.777138E-01
4.519362E+03	-1.692892E+01	2.312455E-01	1.777142E-01
4.519562E+03	-1.692843E+01	2.311120E-01	1.777147E-01
4.519762E+03	-1.692757E+01	2.309873E-01	1.777152E-01
4.519962E+03	-1.692674E+01	2.305622E-01	1.777157E-01
4.520162E+03	-1.692600E+01	2.310876E-01	1.777161E-01
4.520362E+03	-1.692587E+01	2.329878E-01	1.777166E-01
4.520562E+03	-1.692570E+01	2.334526E-01	1.777171E-01
4.520762E+03	-1.692526E+01	2.351480E-01	1.777176E-01
4.520962E+03	-1.692435E+01	2.346008E-01	1.777180E-01
4.521162E+03	-1.692312E+01	2.329810E-01	1.777185E-01
4.521362E+03	-1.692278E+01	2.314393E-01	1.777190E-01
4.521562E+03	-1.692384E+01	2.301538E-01	1.777194E-01
4.521762E+03	-1.692466E+01	2.289857E-01	1.777199E-01
4.521962E+03	-1.692480E+01	2.290128E-01	1.777204E-01
4.522162E+03	-1.692425E+01	2.269607E-01	1.777209E-01
4.522362E+03	-1.692518E+01	2.279590E-01	1.777213E-01
4.522562E+03	-1.692600E+01	2.291059E-01	1.777218E-01
4.522762E+03	-1.692698E+01	2.295683E-01	1.777223E-01
4.522962E+03	-1.692710E+01	2.312136E-01	1.777228E-01
4.523163E+03	-1.692629E+01	2.348465E-01	1.777232E-01
4.523363E+03	-1.692585E+01	2.349087E-01	1.777237E-01
4.523563E+03	-1.692579E+01	2.337136E-01	1.777242E-01
4.523963E+03	-1.692522E+01	2.330014E-01	1.777251E-01
4.524163E+03	-1.692552E+01	2.351457E-01	1.777256E-01
4.524363E+03	-1.692693E+01	2.374920E-01	1.777261E-01
4.524563E+03	-1.692796E+01	2.381143E-01	1.777266E-01
4.524763E+03	-1.692800E+01	2.379886E-01	1.777270E-01
4.524963E+03	-1.692669E+01	2.364496E-01	1.777275E-01
4.525163E+03	-1.692602E+01	2.364333E-01	1.777280E-01
4.525363E+03	-1.692642E+01	2.373344E-01	1.777284E-01
4.525563E+03	-1.692662E+01	2.391712E-01	1.777289E-01
4.525763E+03	-1.692677E+01	2.384287E-01	1.777294E-01
4.525963E+03	-1.692726E+01	2.403533E-01	1.777299E-01
4.526163E+03	-1.692720E+01	2.403906E-01	1.777303E-01
4.526363E+03	-1.692747E+01	2.407940E-01	1.777308E-01
4.526763E+03	-1.692754E+01	2.416161E-01	1.777318E-01
4.526963E+03	-1.692582E+01	2.407246E-01	1.777322E-01
4.527163E+03	-1.692421E+01	2.401548E-01	1.777327E-01
4.527363E+03	-1.692319E+01	2.398947E-01	1.777332E-01
4.527562E+03	-1.692274E+01	2.389356E-01	1.777337E-01
4.527762E+03	-1.692255E+01	2.388269E-01	1.777341E-01
4.527962E+03	-1.692248E+01	2.376860E-01	1.777346E-01
4.528163E+03	-1.692294E+01	2.382655E-01	1.777352E-01
4.528363E+03	-1.692213E+01	2.389051E-01	1.777357E-01
4.528562E+03	-1.692097E+01	2.391345E-01	1.777362E-01
4.528762E+03	-1.692014E+01	2.391752E-01	1.777367E-01
4.528962E+03	-1.692099E+01	2.387526E-01	1.777373E-01
4.529162E+03	-1.692199E+01	2.391994E-01	1.777378E-01
4.529362E+03	-1.692242E+01	2.406338E-01	1.777383E-01
4.529562E+03	-1.692208E+01	2.404562E-01	1.777389E-01
4.529762E+03	-1.692126E+01	2.411660E-01	1.777394E-01
4.529963E+03	-1.692122E+01	2.417654E-01	1.777399E-01
4.530163E+03	-1.692077E+01	2.413041E-01	1.777405E-01
4.530363E+03	-1.691978E+01	2.417141E-01	1.777410E-01
4.530563E+03	-1.691809E+01	2.405388E-01	1.777415E-01
4.530763E+03	-1.691700E+01	2.396553E-01	1.777421E-01
4.530963E+03	-1.691613E+01	2.388845E-01	1.777426E-01
4.531163E+03	-1.691507E+01	2.396566E-01	1.777431E-01
4.531363E+03	-1.691481E+01	2.401252E-01	1.777436E-01
4.531563E+03	-1.691445E+01	2.411445E-01	1.777442E-01
4.531763E+03	-1.691425E+01	2.418393E-01	1.777447E-01
4.531963E+03	-1.691475E+01	2.415483E-01	1.777452E-01
4.532163E+03	-1.691481E+01	2.418516E-01	1.777458E-01
4.532363E+03	-1.691557E+01	2.424466E-01	1.777463E-01
4.532563E+03	-1.691606E+01	2.430533E-01	1.777468E-01
4.532763E+03	-1.691623E+01	2.427461E-01	1.777474E-01
4.532963E+03	-1.691588E+01	2.416840E-01	1.777479E-01
4.533163E+03	-1.691576E+01	2.428918E-01	1.777484E-01
4.533363E+03	-1.691571E+01	2.430229E-01	1.777489E-01
4.533563E+03	-1.691647E+01	2.423647E-01	1.777495E-01
4.533763E+03	-1.691714E+01	2.428198E-01	1.777500E-01
4.533963E+03	-1.691690E+01	2.435456E-01	1.777505E-01
4.534363E+03	-1.691686E+01	2.425053E-01	1.777516E-01
4.535363E+03	-1.691631E+01	2.421370E-01	1.777542E-01
4.535563E+03	-1.691588E+01	2.416027E-01	1.777548E-01
4.535763E+03	-1.691461E+01	2.405353E-01	1.777553E-01
4.535963E+03	-1.691459E+01	2.416148E-01	1.777558E-01
4.536163E+03	-1.691610E+01	2.426672E-01	1.777564E-01
4.536363E+03	-1.691703E+01	2.442542E-01	1.777569E-01
4.536563E+03	-1.691573E+01	2.432363E-01	1.777574E-01
4.536764E+03	-1.691402E+01	2.447402E-01	1.777580E-01
4.536964E+03	-1.691327E+01	2.464748E-01	1.777585E-01
4.537164E+03	-1.691393E+01	2.483531E-01	1.777590E-01
4.537364E+03	-1.691514E+01	2.513249E-01	1.777595E-01
4.537564E+03	-1.691643E+01	2.535782E-01	1.777601E-01
4.537764E+03	-1.691624E+01	2.543108E-01	1.777606E-01
4.538164E+03	-1.691712E+01	2.539836E-01	1.777617E-01
4.538364E+03	-1.691877E+01	2.548539E-01	1.777622E-01
4.538564E+03	-1.691800E+01	2.544454E-01	1.777627E-01
4.538764E+03	-1.691809E+01	2.547487E-01	1.777633E-01
4.538964E+03	-1.691813E+01	2.546706E-01	1.777638E-01
4.539164E+03	-1.691813E+01	2.543555E-01	1.777643E-01
4.539364E+03	-1.691908E+01	2.551144E-01	1.777648E-01
4.539564E+03	-1.691947E+01	2.546550E-01	1.777654E-01
4.539764E+03	-1.691910E+01	2.554023E-01	1.777659E-01
4.539963E+03	-1.691865E+01	2.545873E-01	1.777664E-01
4.540564E+03	-1.691856E+01	2.560251E-01	1.777680E-01
4.540764E+03	-1.691829E+01	2.548523E-01	1.777685E-01
4.540963E+03	-1.691671E+01	2.538745E-01	1.777691E-01
4.541163E+03	-1.691565E+01	2.531807E-01	1.777696E-01
4.541563E+03	-1.691557E+01	2.528843E-01	1.777707E-01
4.541763E+03	-1.691595E+01	2.533167E-01	1.777712E-01
4.541963E+03	-1.691593E+01	2.507447E-01	1.777717E-01
4.542163E+03	-1.691502E+01	2.497718E-01	1.777722E-01
4.542563E+03	-1.691359E+01	2.493006E-01	1.777733E-01
4.542763E+03	-1.691398E+01	2.495180E-01	1.777738E-01
4.542963E+03	-1.691521E+01	2.491306E-01	1.777744E-01
4.543163E+03	-1.691659E+01	2.493178E-01	1.777749E-01
4.543363E+03	-1.691724E+01	2.493008E-01	1.777754E-01
4.543564E+03	-1.691673E+01	2.488115E-01	1.777760E-01
4.543764E+03	-1.691661E+01	2.487010E-01	1.777765E-01
4.543964E+03	-1.691493E+01	2.475073E-01	1.777770E-01
4.544164E+03	-1.691352E+01	2.470872E-01	1.777775E-01
4.544364E+03	-1.691383E+01	2.471217E-01	1.777781E-01
4.544564E+03	-1.691485E+01	2.465244E-01	1.777786E-01
4.544764E+03	-1.691498E+01	2.466114E-01	1.777791E-01
4.544964E+03	-1.691527E+01	2.465396E-01	1.777797E-01
4.545164E+03	-1.691540E+01	2.456453E-01	1.777802E-01
4.545364E+03	-1.691517E+01	2.453560E-01	1.777807E-01
4.545564E+03	-1.691533E+01	2.450697E-01	1.777812E-01
4.545764E+03	-1.691507E+01	2.438180E-01	1.777818E-01
4.545964E+03	-1.691476E+01	2.436685E-01	1.777823E-01
4.546164E+03	-1.691330E+01	2.417747E-01	1.777828E-01
4.546364E+03	-1.691192E+01	2.424857E-01	1.777834E-01
4.546564E+03	-1.691148E+01	2.423308E-01	1.777839E-01
4.546764E+03	-1.691276E+01	2.432158E-01	1.777844E-01
4.546964E+03	-1.691254E+01	2.435627E-01	1.777849E-01
4.547164E+03	-1.691156E+01	2.439333E-01	1.777855E-01
4.547364E+03	-1.690987E+01	2.428980E-01	1.777860E-01
4.547564E+03	-1.690841E+01	2.419517E-01	1.777865E-01
4.548164E+03	-1.690831E+01	2.411050E-01	1.777881E-01
4.548364E+03	-1.690857E+01	2.379821E-01	1.777886E-01
4.548564E+03	-1.690844E+01	2.384382E-01	1.777892E-01
4.548764E+03	-1.690751E+01	2.394238E-01	1.777897E-01
4.548964E+03	-1.690733E+01	2.391236E-01	1.777902E-01
4.549164E+03	-1.690813E+01	2.396037E-01	1.777908E-01
4.549364E+03	-1.690861E+01	2.405660E-01	1.777913E-01
4.549564E+03	-1.690908E+01	2.409097E-01	1.777918E-01
4.549764E+03	-1.690944E+01	2.407592E-01	1.777923E-01
4.549964E+03	-1.691109E+01	2.410558E-01	1.777929E-01
4.550164E+03	-1.691158E+01	2.404002E-01	1.777934E-01
4.550365E+03	-1.691092E+01	2.400421E-01	1.777939E-01
4.550565E+03	-1.690973E+01	2.399152E-01	1.777945E-01
4.550765E+03	-1.690884E+01	2.388726E-01	1.777950E-01
4.550965E+03	-1.690915E+01	2.393253E-01	1.777955E-01
4.551165E+03	-1.690916E+01	2.397312E-01	1.777960E-01
4.551365E+03	-1.690923E+01	2.398924E-01	1.777966E-01
4.551565E+03	-1.690987E+01	2.399519E-01	1.777971E-01
4.551765E+03	-1.691024E+01	2.401708E-01	1.777976E-01
4.551965E+03	-1.691023E+01	2.402381E-01	1.777981E-01
4.552164E+03	-1.691001E+01	2.394596E-01	1.777987E-01
4.552364E+03	-1.690972E+01	2.386401E-01	1.777992E-01
4.552565E+03	-1.690981E+01	2.387054E-01	1.777997E-01
4.552965E+03	-1.691015E+01	2.369887E-01	1.778008E-01
4.553164E+03	-1.691009E+01	2.369599E-01	1.778013E-01
4.553364E+03	-1.691001E+01	2.368276E-01	1.778018E-01
4.553564E+03	-1.691022E+01	2.357667E-01	1.778024E-01
4.553764E+03	-1.691020E+01	2.349345E-01	1.778029E-01
4.553964E+03	-1.690984E+01	2.347423E-01	1.778034E-01
4.554164E+03	-1.690999E+01	2.344650E-01	1.778040E-01
4.554364E+03	-1.690953E+01	2.341797E-01	1.778045E-01
4.554564E+03	-1.690863E+01	2.334442E-01	1.778050E-01
4.554764E+03	-1.690756E+01	2.328626E-01	1.778055E-01
4.554964E+03	-1.690803E+01	2.330722E-01	1.778061E-01
4.555164E+03	-1.690821E+01	2.329569E-01	1.778066E-01
4.555364E+03	-1.690769E+01	2.330245E-01	1.778071E-01
4.555764E+03	-1.690807E+01	2.331185E-01	1.778082E-01
4.555964E+03	-1.690890E+01	2.342677E-01	1.778087E-01
4.556164E+03	-1.690917E+01	2.343749E-01	1.778092E-01
4.556764E+03	-1.690862E+01	2.340189E-01	1.778108E-01
4.556964E+03	-1.690714E+01	2.332221E-01	1.778113E-01
4.557165E+03	-1.690638E+01	2.319160E-01	1.778119E-01
4.557365E+03	-1.690634E+01	2.308028E-01	1.778124E-01
4.557565E+03	-1.690516E+01	2.305489E-01	1.778129E-01
4.557765E+03	-1.690557E+01	2.306797E-01	1.778134E-01
4.557965E+03	-1.690653E+01	2.315056E-01	1.778140E-01
4.558165E+03	-1.690767E+01	2.320818E-01	1.778145E-01
4.558365E+03	-1.690883E+01	2.333941E-01	1.778150E-01
4.558565E+03	-1.690872E+01	2.364551E-01	1.778156E-01
4.558765E+03	-1.690804E+01	2.378490E-01	1.778161E-01
4.558965E+03	-1.690820E+01	2.382927E-01	1.778166E-01
4.559165E+03	-1.690885E+01	2.387424E-01	1.778171E-01
4.559365E+03	-1.690902E+01	2.386093E-01	1.778177E-01
4.559565E+03	-1.690903E+01	2.389443E-01	1.778182E-01
4.560165E+03	-1.690923E+01	2.389768E-01	1.778198E-01
4.560365E+03	-1.690962E+01	2.393861E-01	1.778203E-01
4.560565E+03	-1.691012E+01	2.398144E-01	1.778208E-01
4.560765E+03	-1.691075E+01	2.385663E-01	1.778214E-01
4.560965E+03	-1.691069E+01	2.384534E-01	1.778219E-01
4.561165E+03	-1.691124E+01	2.374237E-01	1.778224E-01
4.561365E+03	-1.691135E+01	2.369637E-01	1.778229E-01
4.561565E+03	-1.691106E+01	2.366759E-01	1.778235E-01
4.561765E+03	-1.691140E+01	2.356278E-01	1.778240E-01
4.561965E+03	-1.691225E+01	2.351036E-01	1.778245E-01
4.562165E+03	-1.691267E+01	2.341127E-01	1.778250E-01
4.562365E+03	-1.691325E+01	2.347294E-01	1.778256E-01
4.562565E+03	-1.691411E+01	2.330242E-01	1.778261E-01
4.562765E+03	-1.691548E+01	2.304442E-01	1.778266E-01
4.562965E+03	-1.691654E+01	2.309542E-01	1.778271E-01
4.563165E+03	-1.691688E+01	2.308965E-01	1.778277E-01
4.563365E+03	-1.691640E+01	2.311167E-01	1.778282E-01
4.563565E+03	-1.691563E+01	2.299429E-01	1.778287E-01
4.563765E+03	-1.691556E+01	2.278718E-01	1.778293E-01
4.563966E+03	-1.691516E+01	2.271314E-01	1.778298E-01
4.564166E+03	-1.691428E+01	2.246023E-01	1.778303E-01
4.564365E+03	-1.691437E+01	2.246853E-01	1.778308E-01
4.564565E+03	-1.691430E+01	2.246775E-01	1.778314E-01
4.564766E+03	-1.691363E+01	2.238992E-01	1.778319E-01
4.564966E+03	-1.691418E+01	2.248642E-01	1.778324E-01
4.565166E+03	-1.691424E+01	2.243478E-01	1.778329E-01
4.565365E+03	-1.691358E+01	2.246132E-01	1.778335E-01
4.565565E+03	-1.691292E+01	2.248257E-01	1.778340E-01
4.565765E+03	-1.691273E+01	2.242646E-01	1.778345E-01
4.565965E+03	-1.691294E+01	2.236419E-01	1.778350E-01
4.566165E+03	-1.691337E+01	2.242783E-01	1.778356E-01
4.566365E+03	-1.691362E+01	2.228626E-01	1.778361E-01
4.566565E+03	-1.691319E+01	2.186372E-01	1.778366E-01
4.566765E+03	-1.691271E+01	2.174034E-01	1.778372E-01
4.566965E+03	-1.691322E+01	2.172966E-01	1.778377E-01
4.567165E+03	-1.691471E+01	2.178346E-01	1.778382E-01
4.567365E+03	-1.691559E+01	2.175683E-01	1.778387E-01
4.567565E+03	-1.691607E+01	2.163303E-01	1.778393E-01
4.567765E+03	-1.691656E+01	2.177884E-01	1.778398E-01
4.567965E+03	-1.691642E+01	2.193023E-01	1.778403E-01
4.568165E+03	-1.691685E+01	2.200901E-01	1.778408E-01
4.568365E+03	-1.691619E+01	2.202588E-01	1.778414E-01
4.568565E+03	-1.691539E+01	2.189057E-01	1.778419E-01
4.568765E+03	-1.691512E+01	2.153018E-01	1.778424E-01
4.568965E+03	-1.691543E+01	2.161032E-01	1.778429E-01
4.569165E+03	-1.691503E+01	2.150512E-01	1.778435E-01
4.569365E+03	-1.691495E+01	2.166812E-01	1.778440E-01
4.569565E+03	-1.691516E+01	2.165701E-01	1.778445E-01
4.569765E+03	-1.691544E+01	2.160150E-01	1.778450E-01
4.569965E+03	-1.691564E+01	2.160210E-01	1.778456E-01
4.570165E+03	-1.691579E+01	2.156908E-01	1.778461E-01
4.570365E+03	-1.691530E+01	2.150140E-01	1.778466E-01
4.570565E+03	-1.691457E+01	2.139495E-01	1.778471E-01
4.570766E+03	-1.691352E+01	2.147336E-01	1.778477E-01
4.570966E+03	-1.691355E+01	2.184857E-01	1.778482E-01
4.571166E+03	-1.691383E+01	2.206679E-01	1.778487E-01
4.571366E+03	-1.691380E+01	2.197542E-01	1.778493E-01
4.571566E+03	-1.691262E+01	2.176108E-01	1.778498E-01
4.571766E+03	-1.691263E+01	2.171116E-01	1.778503E-01
4.571966E+03	-1.691305E+01	2.172284E-01	1.778508E-01
4.572166E+03	-1.691272E+01	2.152698E-01	1.778514E-01
4.572366E+03	-1.691193E+01	2.137519E-01	1.778519E-01
4.572566E+03	-1.691128E+01	2.133174E-01	1.778524E-01
4.572766E+03	-1.691145E+01	2.118579E-01	1.778529E-01
4.572966E+03	-1.691054E+01	2.106429E-01	1.778535E-01
4.573166E+03	-1.691066E+01	2.107024E-01	1.778540E-01
4.573366E+03	-1.691200E+01	2.105368E-01	1.778545E-01
4.573566E+03	-1.691131E+01	2.110418E-01	1.778550E-01
4.573766E+03	-1.691076E+01	2.107783E-01	1.778556E-01
4.573966E+03	-1.691045E+01	2.106249E-01	1.778561E-01
4.574166E+03	-1.691036E+01	2.088040E-01	1.778566E-01
4.574366E+03	-1.691088E+01	2.092332E-01	1.778571E-01
4.574566E+03	-1.691059E+01	2.110970E-01	1.778577E-01
4.574766E+03	-1.691143E+01	2.100895E-01	1.778582E-01
4.574966E+03	-1.691264E+01	2.103130E-01	1.778587E-01
4.575166E+03	-1.691294E+01	2.099612E-01	1.778592E-01
4.575366E+03	-1.691344E+01	2.099464E-01	1.778598E-01
4.575566E+03	-1.691353E+01	2.109195E-01	1.778603E-01
4.575766E+03	-1.691432E+01	2.125288E-01	1.778608E-01
4.575966E+03	-1.691612E+01	2.136339E-01	1.778613E-01
4.576166E+03	-1.691723E+01	2.120817E-01	1.778619E-01
4.576365E+03	-1.691688E+01	2.114343E-01	1.778624E-01
4.576565E+03	-1.691741E+01	2.119813E-01	1.778629E-01
4.576766E+03	-1.691792E+01	2.124740E-01	1.778634E-01
4.576966E+03	-1.691814E+01	2.110566E-01	1.778640E-01
4.577166E+03	-1.691662E+01	2.106491E-01	1.778645E-01
4.577365E+03	-1.691614E+01	2.108198E-01	1.778650E-01
4.577566E+03	-1.691559E+01	2.120225E-01	1.778655E-01
4.577766E+03	-1.691483E+01	2.116111E-01	1.778661E-01
4.577966E+03	-1.691507E+01	2.116079E-01	1.778666E-01
4.578166E+03	-1.691517E+01	2.115090E-01	1.778671E-01
4.578366E+03	-1.691519E+01	2.094671E-01	1.778676E-01
4.578566E+03	-1.691605E+01	2.102557E-01	1.778682E-01
4.578766E+03	-1.691643E+01	2.066783E-01	1.778687E-01
4.578966E+03	-1.691685E+01	2.043765E-01	1.778692E-01
4.579166E+03	-1.691776E+01	2.040446E-01	1.778697E-01
4.579366E+03	-1.691840E+01	2.008879E-01	1.778703E-01
4.579566E+03	-1.691888E+01	1.992580E-01	1.778708E-01
4.579766E+03	-1.691926E+01	1.982810E-01	1.778713E-01
4.580366E+03	-1.691939E+01	1.990165E-01	1.778729E-01
4.580566E+03	-1.691879E+01	1.982783E-01	1.778734E-01
4.580766E+03	-1.691781E+01	1.980914E-01	1.778739E-01
4.580966E+03	-1.691793E+01	1.980958E-01	1.778745E-01
4.581166E+03	-1.691825E+01	2.008372E-01	1.778750E-01
4.581366E+03	-1.691805E+01	2.023254E-01	1.778755E-01
4.581566E+03	-1.691820E+01	2.023761E-01	1.778760E-01
4.581766E+03	-1.691846E+01	2.038392E-01	1.778766E-01
4.581966E+03	-1.691876E+01	2.051321E-01	1.778771E-01
4.582166E+03	-1.692015E+01	2.059546E-01	1.778776E-01
4.582366E+03	-1.692051E+01	2.029674E-01	1.778781E-01
4.582566E+03	-1.691957E+01	2.034034E-01	1.778787E-01
4.582766E+03	-1.691851E+01	2.048730E-01	1.778792E-01
4.582966E+03	-1.691826E+01	2.052838E-01	1.778797E-01
4.583166E+03	-1.691925E+01	2.053227E-01	1.778802E-01
4.583366E+03	-1.691972E+01	2.047891E-01	1.778808E-01
4.583566E+03	-1.691999E+01	2.064533E-01	1.778813E-01
4.583766E+03	-1.692016E+01	2.065414E-01	1.778818E-01
4.583966E+03	-1.692002E+01	2.060898E-01	1.778823E-01
4.584166E+03	-1.691971E+01	2.059561E-01	1.778828E-01
4.584367E+03	-1.691873E+01	2.058628E-01	1.778834E-01
4.584567E+03	-1.691808E+01	2.056597E-01	1.778839E-01
4.584767E+03	-1.691813E+01	2.055861E-01	1.778844E-01
4.584967E+03	-1.691908E+01	2.059917E-01	1.778849E-01
4.585167E+03	-1.691986E+01	2.066543E-01	1.778855E-01
4.585367E+03	-1.692059E+01	2.084363E-01	1.778860E-01
4.585567E+03	-1.692194E+01	2.086741E-01	1.778865E-01
4.585767E+03	-1.692238E+01	2.084699E-01	1.778870E-01
4.585967E+03	-1.692150E+01	2.080703E-01	1.778876E-01
4.586167E+03	-1.692158E+01	2.083070E-01	1.778881E-01
4.586367E+03	-1.692152E+01	2.070906E-01	1.778886E-01
4.586567E+03	-1.692117E+01	2.082756E-01	1.778891E-01
4.586767E+03	-1.692100E+01	2.084378E-01	1.778897E-01
4.586967E+03	-1.692242E+01	2.090890E-01	1.778902E-01
4.587167E+03	-1.692326E+01	2.103892E-01	1.778907E-01
4.587367E+03	-1.692239E+01	2.099683E-01	1.778912E-01
4.587567E+03	-1.692176E+01	2.090814E-01	1.778918E-01
4.587767E+03	-1.692162E+01	2.071543E-01	1.778923E-01
4.587967E+03	-1.692145E+01	2.083824E-01	1.778928E-01
4.588167E+03	-1.692188E+01	2.087083E-01	1.778933E-01
4.588367E+03	-1.692316E+01	2.084972E-01	1.778939E-01
4.588766E+03	-1.692350E+01	2.076959E-01	1.778949E-01
4.588967E+03	-1.692330E+01	2.076604E-01	1.778954E-01
4.589167E+03	-1.692363E+01	2.078792E-01	1.778959E-01
4.589367E+03	-1.692309E+01	2.066686E-01	1.778965E-01
4.589566E+03	-1.692247E+01	2.081461E-01	1.778970E-01
4.589766E+03	-1.692325E+01	2.080502E-01	1.778975E-01
4.589966E+03	-1.692428E+01	2.068031E-01	1.778980E-01
4.590166E+03	-1.692503E+01	2.066217E-01	1.778986E-01
4.590366E+03	-1.692473E+01	2.063220E-01	1.778991E-01
4.590566E+03	-1.692477E+01	2.063912E-01	1.778996E-01
4.590766E+03	-1.692485E+01	2.070260E-01	1.779001E-01
4.590966E+03	-1.692515E+01	2.075029E-01	1.779007E-01
4.591167E+03	-1.692614E+01	2.085914E-01	1.779012E-01
4.591367E+03	-1.692587E+01	2.084897E-01	1.779017E-01
4.591567E+03	-1.692531E+01	2.083575E-01	1.779022E-01
4.591767E+03	-1.692577E+01	2.081542E-01	1.779028E-01
4.591967E+03	-1.692601E+01	2.085071E-01	1.779033E-01
4.592167E+03	-1.692645E+01	2.086790E-01	1.779038E-01
4.592367E+03	-1.692699E+01	2.086852E-01	1.779043E-01
4.592567E+03	-1.692817E+01	2.092334E-01	1.779048E-01
4.592767E+03	-1.692933E+01	2.097649E-01	1.779054E-01
4.592967E+03	-1.692943E+01	2.100429E-01	1.779059E-01
4.593167E+03	-1.692947E+01	2.106859E-01	1.779064E-01
4.593367E+03	-1.692949E+01	2.107801E-01	1.779069E-01
4.593567E+03	-1.692937E+01	2.119376E-01	1.779075E-01
4.593767E+03	-1.692931E+01	2.120360E-01	1.779080E-01
4.593967E+03	-1.692903E+01	2.127801E-01	1.779085E-01
4.594167E+03	-1.692861E+01	2.135715E-01	1.779090E-01
4.594367E+03	-1.692875E+01	2.152561E-01	1.779096E-01
4.594567E+03	-1.692948E+01	2.164428E-01	1.779101E-01
4.594767E+03	-1.692995E+01	2.170663E-01	1.779106E-01
4.594967E+03	-1.692944E+01	2.168608E-01	1.779111E-01
4.595167E+03	-1.692864E+01	2.168714E-01	1.779116E-01
4.595367E+03	-1.692826E+01	2.167170E-01	1.779122E-01
4.595567E+03	-1.692784E+01	2.166268E-01	1.779127E-01
4.595767E+03	-1.692743E+01	2.180195E-01	1.779132E-01
4.595967E+03	-1.692744E+01	2.175263E-01	1.779137E-01
4.596167E+03	-1.692781E+01	2.177617E-01	1.779143E-01
4.596367E+03	-1.692874E+01	2.175174E-01	1.779148E-01
4.596567E+03	-1.692874E+01	2.174703E-01	1.779153E-01
4.596767E+03	-1.692848E+01	2.169959E-01	1.779158E-01
4.596967E+03	-1.692806E+01	2.165391E-01	1.779164E-01
4.597167E+03	-1.692714E+01	2.161113E-01	1.779169E-01
4.597367E+03	-1.692673E+01	2.161692E-01	1.779174E-01
4.597567E+03	-1.692659E+01	2.153190E-01	1.779179E-01
4.597767E+03	-1.692649E+01	2.162367E-01	1.779184E-01
4.597968E+03	-1.692641E+01	2.160561E-01	1.779190E-01
4.598168E+03	-1.692588E+01	2.159104E-01	1.779195E-01
4.598368E+03	-1.692545E+01	2.164560E-01	1.779200E-01
4.598568E+03	-1.692496E+01	2.164133E-01	1.779205E-01
4.598768E+03	-1.692505E+01	2.165800E-01	1.779211E-01
4.598968E+03	-1.692409E+01	2.134020E-01	1.779216E-01
4.599168E+03	-1.692292E+01	2.099092E-01	1.779221E-01
4.599368E+03	-1.692315E+01	2.095865E-01	1.779226E-01
4.599568E+03	-1.692277E+01	2.114153E-01	1.779232E-01
4.599768E+03	-1.692289E+01	2.113970E-01	1.779237E-01
4.599968E+03	-1.692370E+01	2.104217E-01	1.779242E-01
4.600168E+03	-1.692429E+01	2.114318E-01	1.779247E-01
4.600368E+03	-1.692461E+01	2.112342E-01	1.779252E-01
4.600568E+03	-1.692518E+01	2.117439E-01	1.779258E-01
4.600767E+03	-1.692563E+01	2.134354E-01	1.779263E-01
4.600967E+03	-1.692444E+01	2.131124E-01	1.779268E-01
4.601167E+03	-1.692359E+01	2.130504E-01	1.779273E-01
4.601368E+03	-1.692303E+01	2.149321E-01	1.779279E-01
4.601568E+03	-1.692249E+01	2.153096E-01	1.779284E-01
4.601767E+03	-1.692206E+01	2.150364E-01	1.779289E-01
4.601967E+03	-1.692040E+01	2.146021E-01	1.779294E-01
4.602167E+03	-1.691959E+01	2.141192E-01	1.779299E-01
4.602367E+03	-1.691986E+01	2.139327E-01	1.779305E-01
4.602567E+03	-1.692042E+01	2.142059E-01	1.779310E-01
4.602767E+03	-1.692046E+01	2.138127E-01	1.779315E-01
4.602967E+03	-1.692061E+01	2.180555E-01	1.779320E-01
4.603167E+03	-1.692040E+01	2.211283E-01	1.779325E-01
4.603367E+03	-1.691902E+01	2.198850E-01	1.779331E-01
4.603567E+03	-1.691946E+01	2.206058E-01	1.779336E-01
4.603767E+03	-1.692127E+01	2.216390E-01	1.779341E-01
4.603967E+03	-1.692100E+01	2.209884E-01	1.779346E-01
4.604167E+03	-1.692093E+01	2.233046E-01	1.779352E-01
4.604367E+03	-1.692122E+01	2.248269E-01	1.779357E-01
4.604567E+03	-1.692002E+01	2.240965E-01	1.779362E-01
4.604768E+03	-1.691883E+01	2.239197E-01	1.779367E-01
4.604968E+03	-1.691887E+01	2.227953E-01	1.779372E-01
4.605168E+03	-1.691922E+01	2.224772E-01	1.779378E-01
4.605368E+03	-1.691970E+01	2.221271E-01	1.779383E-01
4.605568E+03	-1.691938E+01	2.239349E-01	1.779388E-01
4.605768E+03	-1.691941E+01	2.259280E-01	1.779393E-01
4.605968E+03	-1.691970E+01	2.260754E-01	1.779399E-01
4.606168E+03	-1.691932E+01	2.272696E-01	1.779404E-01
4.606368E+03	-1.691962E+01	2.278070E-01	1.779409E-01
4.606768E+03	-1.692100E+01	2.283502E-01	1.779419E-01
4.606968E+03	-1.692140E+01	2.284566E-01	1.779425E-01
4.607168E+03	-1.692033E+01	2.279170E-01	1.779430E-01
4.607368E+03	-1.692005E+01	2.278111E-01	1.779435E-01
4.607568E+03	-1.691924E+01	2.265237E-01	1.779440E-01
4.607768E+03	-1.691902E+01	2.262196E-01	1.779446E-01
4.607968E+03	-1.691956E+01	2.260793E-01	1.779451E-01
4.608368E+03	-1.691971E+01	2.258155E-01	1.779461E-01
4.608568E+03	-1.691973E+01	2.257796E-01	1.779466E-01
4.608768E+03	-1.691949E+01	2.250172E-01	1.779472E-01
4.608968E+03	-1.691840E+01	2.243502E-01	1.779477E-01
4.609168E+03	-1.691769E+01	2.249946E-01	1.779482E-01
4.609368E+03	-1.691742E+01	2.267766E-01	1.779487E-01
4.609568E+03	-1.691727E+01	2.280054E-01	1.779492E-01
4.609768E+03	-1.691829E+01	2.269666E-01	1.779498E-01
4.609968E+03	-1.691932E+01	2.280897E-01	1.779503E-01
4.610168E+03	-1.691939E+01	2.287241E-01	1.779508E-01
4.610368E+03	-1.691941E+01	2.287903E-01	1.779513E-01
4.610568E+03	-1.691860E+01	2.283906E-01	1.779519E-01
4.610768E+03	-1.691840E+01	2.284709E-01	1.779524E-01
4.610968E+03	-1.691768E+01	2.281930E-01	1.779529E-01
4.611168E+03	-1.691633E+01	2.270173E-01	1.779534E-01
4.611368E+03	-1.691576E+01	2.229903E-01	1.779539E-01
4.611569E+03	-1.691670E+01	2.212616E-01	1.779545E-01
4.611769E+03	-1.691762E+01	2.215000E-01	1.779550E-01
4.611969E+03	-1.691721E+01	2.217450E-01	1.779555E-01
4.612169E+03	-1.691609E+01	2.216645E-01	1.779560E-01
4.612369E+03	-1.691465E+01	2.210859E-01	1.779565E-01
4.612569E+03	-1.691412E+01	2.222297E-01	1.779571E-01
4.612769E+03	-1.691438E+01	2.224086E-01	1.779576E-01
4.612968E+03	-1.691436E+01	2.223595E-01	1.779581E-01
4.613168E+03	-1.691358E+01	2.230814E-01	1.779586E-01
4.613368E+03	-1.691302E+01	2.226454E-01	1.779591E-01
4.613569E+03	-1.691255E+01	2.224416E-01	1.779597E-01
4.613769E+03	-1.691304E+01	2.229540E-01	1.779602E-01
4.613968E+03	-1.691415E+01	2.238833E-01	1.779607E-01
4.614168E+03	-1.691453E+01	2.245731E-01	1.779612E-01
4.614368E+03	-1.691327E+01	2.241943E-01	1.779618E-01
4.614568E+03	-1.691342E+01	2.259251E-01	1.779623E-01
4.614768E+03	-1.691334E+01	2.269045E-01	1.779628E-01
4.614968E+03	-1.691327E+01	2.237105E-01	1.779633E-01
4.615168E+03	-1.691398E+01	2.240628E-01	1.779638E-01
4.615368E+03	-1.691404E+01	2.239303E-01	1.779644E-01
4.615568E+03	-1.691344E+01	2.237196E-01	1.779649E-01
4.615768E+03	-1.691321E+01	2.236316E-01	1.779654E-01
4.615968E+03	-1.691262E+01	2.227798E-01	1.779659E-01
4.616168E+03	-1.691272E+01	2.227487E-01	1.779664E-01
4.616368E+03	-1.691222E+01	2.222272E-01	1.779670E-01
4.616568E+03	-1.691127E+01	2.214111E-01	1.779675E-01
4.616768E+03	-1.691068E+01	2.204627E-01	1.779680E-01
4.616968E+03	-1.691064E+01	2.204850E-01	1.779685E-01
4.617168E+03	-1.691070E+01	2.210698E-01	1.779690E-01
4.617368E+03	-1.691021E+01	2.208428E-01	1.779696E-01
4.617568E+03	-1.690970E+01	2.203554E-01	1.779701E-01
4.617768E+03	-1.690910E+01	2.208977E-01	1.779706E-01
4.617968E+03	-1.690823E+01	2.187908E-01	1.779711E-01
4.618168E+03	-1.690752E+01	2.185061E-01	1.779716E-01
4.618369E+03	-1.690693E+01	2.188339E-01	1.779722E-01
4.618569E+03	-1.690565E+01	2.181109E-01	1.779727E-01
4.618769E+03	-1.690479E+01	2.196855E-01	1.779732E-01
4.619169E+03	-1.690511E+01	2.205575E-01	1.779742E-01
4.619369E+03	-1.690634E+01	2.215867E-01	1.779748E-01
4.619569E+03	-1.690612E+01	2.216932E-01	1.779753E-01
4.619769E+03	-1.690599E+01	2.210115E-01	1.779758E-01
4.619969E+03	-1.690597E+01	2.204844E-01	1.779763E-01
4.620169E+03	-1.690542E+01	2.199827E-01	1.779768E-01
4.620369E+03	-1.690578E+01	2.202021E-01	1.779774E-01
4.620769E+03	-1.690601E+01	2.196671E-01	1.779784E-01
4.620969E+03	-1.690530E+01	2.192549E-01	1.779789E-01
4.621169E+03	-1.690475E+01	2.188000E-01	1.779794E-01
4.621369E+03	-1.690495E+01	2.194221E-01	1.779800E-01
4.621569E+03	-1.690419E+01	2.168546E-01	1.779805E-01
4.621769E+03	-1.690406E+01	2.152109E-01	1.779810E-01
4.621969E+03	-1.690457E+01	2.152850E-01	1.779815E-01
4.622169E+03	-1.690471E+01	2.137783E-01	1.779820E-01
4.622569E+03	-1.690447E+01	2.118738E-01	1.779831E-01
4.622769E+03	-1.690406E+01	2.112428E-01	1.779836E-01
4.622969E+03	-1.690453E+01	2.116057E-01	1.779841E-01
4.623169E+03	-1.690456E+01	2.107905E-01	1.779846E-01
4.623369E+03	-1.690406E+01	2.089345E-01	1.779852E-01
4.623569E+03	-1.690440E+01	2.085621E-01	1.779857E-01
4.623769E+03	-1.690598E+01	2.094825E-01	1.779862E-01
4.623969E+03	-1.690587E+01	2.089130E-01	1.779867E-01
4.624169E+03	-1.690508E+01	2.076085E-01	1.779872E-01
4.624369E+03	-1.690513E+01	2.076551E-01	1.779878E-01
4.624569E+03	-1.690658E+01	2.082917E-01	1.779883E-01
4.624769E+03	-1.690790E+01	2.089128E-01	1.779888E-01
4.624969E+03	-1.690727E+01	2.086812E-01	1.779893E-01
4.625169E+03	-1.690764E+01	2.089561E-01	1.779898E-01
4.625369E+03	-1.690723E+01	2.091752E-01	1.779904E-01
4.625569E+03	-1.690727E+01	2.094628E-01	1.779909E-01
4.625770E+03	-1.690718E+01	2.091633E-01	1.779914E-01
4.625970E+03	-1.690659E+01	2.076135E-01	1.779919E-01
4.626169E+03	-1.690687E+01	2.075914E-01	1.779924E-01
4.626369E+03	-1.690641E+01	2.077389E-01	1.779930E-01
4.626569E+03	-1.690616E+01	2.075749E-01	1.779935E-01
4.626769E+03	-1.690587E+01	2.076517E-01	1.779940E-01
4.627169E+03	-1.690480E+01	2.073086E-01	1.779950E-01
4.627369E+03	-1.690462E+01	2.059088E-01	1.779956E-01
4.627569E+03	-1.690541E+01	2.060605E-01	1.779961E-01
4.627769E+03	-1.690657E+01	2.073707E-01	1.779966E-01
4.627969E+03	-1.690738E+01	2.075512E-01	1.779971E-01
4.628169E+03	-1.690778E+01	2.072858E-01	1.779976E-01
4.628369E+03	-1.690838E+01	2.081905E-01	1.779982E-01
4.628569E+03	-1.690937E+01	2.086465E-01	1.779987E-01
4.628769E+03	-1.691058E+01	2.080741E-01	1.779992E-01
4.628969E+03	-1.691148E+01	2.087507E-01	1.779997E-01
4.629169E+03	-1.691223E+01	2.094295E-01	1.780002E-01
4.629369E+03	-1.691292E+01	2.116304E-01	1.780007E-01
4.629569E+03	-1.691273E+01	2.114706E-01	1.780013E-01
4.629769E+03	-1.691386E+01	2.119371E-01	1.780018E-01
4.629969E+03	-1.691489E+01	2.111001E-01	1.780023E-01
4.630169E+03	-1.691469E+01	2.092585E-01	1.780028E-01
4.630369E+03	-1.691382E+01	2.093198E-01	1.780033E-01
4.630569E+03	-1.691473E+01	2.098248E-01	1.780039E-01
4.630769E+03	-1.691450E+01	2.119099E-01	1.780044E-01
4.630969E+03	-1.691308E+01	2.115148E-01	1.780049E-01
4.631369E+03	-1.691245E+01	2.104207E-01	1.780059E-01
4.631569E+03	-1.691279E+01	2.100552E-01	1.780065E-01
4.631769E+03	-1.691391E+01	2.111982E-01	1.780070E-01
4.631970E+03	-1.691521E+01	2.118002E-01	1.780075E-01
4.632170E+03	-1.691555E+01	2.119201E-01	1.780080E-01
4.632370E+03	-1.691556E+01	2.117698E-01	1.780085E-01
4.632570E+03	-1.691542E+01	2.116768E-01	1.780091E-01
4.632770E+03	-1.691474E+01	2.110760E-01	1.780097E-01
4.632970E+03	-1.691342E+01	2.109254E-01	1.780102E-01
4.633170E+03	-1.691288E+01	2.105145E-01	1.780108E-01
4.633570E+03	-1.691269E+01	2.103779E-01	1.780120E-01
4.633770E+03	-1.691182E+01	2.101876E-01	1.780125E-01
4.633970E+03	-1.691180E+01	2.111395E-01	1.780131E-01
4.634170E+03	-1.691104E+01	2.106912E-01	1.780137E-01
4.634370E+03	-1.690983E+01	2.100325E-01	1.780143E-01
4.634570E+03	-1.690935E+01	2.085597E-01	1.780148E-01
4.634770E+03	-1.690962E+01	2.092532E-01	1.780154E-01
4.634970E+03	-1.691066E+01	2.090244E-01	1.780160E-01
4.635170E+03	-1.691080E+01	2.089088E-01	1.780166E-01
4.635370E+03	-1.691072E+01	2.079094E-01	1.780171E-01
4.635570E+03	-1.691124E+01	2.084156E-01	1.780177E-01
4.635770E+03	-1.691114E+01	2.082687E-01	1.780183E-01
4.635970E+03	-1.691072E+01	2.082774E-01	1.780189E-01
4.636170E+03	-1.690967E+01	2.073487E-01	1.780194E-01
4.636370E+03	-1.690934E+01	2.073142E-01	1.780200E-01
4.636570E+03	-1.690812E+01	2.066323E-01	1.780206E-01
4.636770E+03	-1.690741E+01	2.047524E-01	1.780212E-01
4.636970E+03	-1.690840E+01	2.056684E-01	1.780217E-01
4.637170E+03	-1.690947E+01	2.060394E-01	1.780223E-01
4.637369E+03	-1.690986E+01	2.065194E-01	1.780229E-01
4.637569E+03	-1.690965E+01	2.071879E-01	1.780235E-01
4.637770E+03	-1.690864E+01	2.064204E-01	1.780240E-01
4.637970E+03	-1.690756E+01	2.061426E-01	1.780246E-01
4.638169E+03	-1.690760E+01	2.072573E-01	1.780252E-01
4.638369E+03	-1.690776E+01	2.073851E-01	1.780258E-01
4.638569E+03	-1.690687E+01	2.064097E-01	1.780263E-01
4.638770E+03	-1.690702E+01	2.064410E-01	1.780269E-01
4.638970E+03	-1.690752E+01	2.073872E-01	1.780275E-01
4.639170E+03	-1.690682E+01	2.069453E-01	1.780281E-01
4.639370E+03	-1.690588E+01	2.056038E-01	1.780286E-01
4.639570E+03	-1.690624E+01	2.059778E-01	1.780292E-01
4.639770E+03	-1.690681E+01	2.046126E-01	1.780298E-01
4.639970E+03	-1.690597E+01	2.027811E-01	1.780303E-01
4.640170E+03	-1.690666E+01	2.031327E-01	1.780309E-01
4.640370E+03	-1.690839E+01	2.032630E-01	1.780315E-01
4.640570E+03	-1.690974E+01	2.020951E-01	1.780321E-01
4.640770E+03	-1.691039E+01	2.022147E-01	1.780326E-01
4.640970E+03	-1.691119E+01	2.025945E-01	1.780332E-01
4.641170E+03	-1.691173E+01	2.019677E-01	1.780338E-01
4.641370E+03	-1.691070E+01	2.013646E-01	1.780344E-01
4.641570E+03	-1.691053E+01	2.007669E-01	1.780349E-01
4.641770E+03	-1.691127E+01	1.997562E-01	1.780355E-01
4.641970E+03	-1.691218E+01	2.004616E-01	1.780361E-01
4.642170E+03	-1.691133E+01	1.997959E-01	1.780367E-01
4.642370E+03	-1.691071E+01	1.971794E-01	1.780372E-01
4.642570E+03	-1.691174E+01	1.975007E-01	1.780378E-01
4.642770E+03	-1.691221E+01	1.980399E-01	1.780384E-01
4.642970E+03	-1.691192E+01	1.972205E-01	1.780390E-01
4.643170E+03	-1.691121E+01	1.967942E-01	1.780395E-01
4.643370E+03	-1.691147E+01	1.970472E-01	1.780401E-01
4.643570E+03	-1.691232E+01	1.979086E-01	1.780407E-01
4.643770E+03	-1.691263E+01	1.996203E-01	1.780412E-01
4.643970E+03	-1.691301E+01	1.964628E-01	1.780418E-01
4.644170E+03	-1.691386E+01	1.935727E-01	1.780424E-01
4.644370E+03	-1.691435E+01	1.952036E-01	1.780430E-01
4.644570E+03	-1.691354E+01	1.939508E-01	1.780435E-01
4.644770E+03	-1.691308E+01	1.934627E-01	1.780441E-01
4.644970E+03	-1.691245E+01	1.930688E-01	1.780447E-01
4.645170E+03	-1.691204E+01	1.903710E-01	1.780453E-01
4.645370E+03	-1.691229E+01	1.889976E-01	1.780458E-01
4.645571E+03	-1.691218E+01	1.896819E-01	1.780464E-01
4.645771E+03	-1.691197E+01	1.900512E-01	1.780470E-01
4.645971E+03	-1.691149E+01	1.901264E-01	1.780476E-01
4.646171E+03	-1.691094E+01	1.897696E-01	1.780481E-01
4.646371E+03	-1.691197E+01	1.907276E-01	1.780487E-01
4.646571E+03	-1.691252E+01	1.893132E-01	1.780493E-01
4.646771E+03	-1.691206E+01	1.869129E-01	1.780498E-01
4.646971E+03	-1.691298E+01	1.874200E-01	1.780504E-01
4.647171E+03	-1.691344E+01	1.854679E-01	1.780510E-01
4.647371E+03	-1.691347E+01	1.854271E-01	1.780516E-01
4.647571E+03	-1.691443E+01	1.867934E-01	1.780521E-01
4.647771E+03	-1.691473E+01	1.874568E-01	1.780527E-01
4.647971E+03	-1.691396E+01	1.879128E-01	1.780533E-01
4.648171E+03	-1.691298E+01	1.888288E-01	1.780539E-01
4.648371E+03	-1.691156E+01	1.890862E-01	1.780544E-01
4.648571E+03	-1.691065E+01	1.885864E-01	1.780550E-01
4.648771E+03	-1.691074E+01	1.881672E-01	1.780556E-01
4.648971E+03	-1.691022E+01	1.867989E-01	1.780561E-01
4.649171E+03	-1.690973E+01	1.865588E-01	1.780567E-01
4.649371E+03	-1.690991E+01	1.857339E-01	1.780573E-01
4.649770E+03	-1.691112E+01	1.871236E-01	1.780584E-01
4.649971E+03	-1.691163E+01	1.873337E-01	1.780590E-01
4.650171E+03	-1.691163E+01	1.844380E-01	1.780596E-01
4.650370E+03	-1.691128E+01	1.824531E-01	1.780602E-01
4.650570E+03	-1.691209E+01	1.827572E-01	1.780607E-01
4.650770E+03	-1.691246E+01	1.822254E-01	1.780613E-01
4.651170E+03	-1.691203E+01	1.827261E-01	1.780624E-01
4.651370E+03	-1.691308E+01	1.846466E-01	1.780630E-01
4.651570E+03	-1.691385E+01	1.853428E-01	1.780636E-01
4.651770E+03	-1.691441E+01	1.854320E-01	1.780642E-01
4.651970E+03	-1.691536E+01	1.858101E-01	1.780647E-01
4.652170E+03	-1.691661E+01	1.853696E-01	1.780653E-01
4.652371E+03	-1.691690E+01	1.856068E-01	1.780659E-01
4.652571E+03	-1.691682E+01	1.852522E-01	1.780665E-01
4.652771E+03	-1.691678E+01	1.854647E-01	1.780670E-01
4.652971E+03	-1.691636E+01	1.848644E-01	1.780676E-01
4.653171E+03	-1.691572E+01	1.841569E-01	1.780682E-01
4.653371E+03	-1.691533E+01	1.839973E-01	1.780687E-01
4.653571E+03	-1.691517E+01	1.821207E-01	1.780693E-01
4.653771E+03	-1.691494E+01	1.817082E-01	1.780699E-01
4.653971E+03	-1.691494E+01	1.815750E-01	1.780705E-01
4.654171E+03	-1.691507E+01	1.798813E-01	1.780710E-01
4.654371E+03	-1.691468E+01	1.794157E-01	1.780716E-01
4.654571E+03	-1.691441E+01	1.793287E-01	1.780722E-01
4.654771E+03	-1.691482E+01	1.790354E-01	1.780727E-01
4.654971E+03	-1.691524E+01	1.781138E-01	1.780733E-01
4.655171E+03	-1.691450E+01	1.773662E-01	1.780739E-01
4.655371E+03	-1.691479E+01	1.772540E-01	1.780745E-01
4.655571E+03	-1.691577E+01	1.757526E-01	1.780750E-01
4.655771E+03	-1.691673E+01	1.736117E-01	1.780756E-01
4.655971E+03	-1.691723E+01	1.754395E-01	1.780762E-01
4.656171E+03	-1.691741E+01	1.769933E-01	1.780768E-01
4.656371E+03	-1.691670E+01	1.766789E-01	1.780773E-01
4.656571E+03	-1.691697E+01	1.770700E-01	1.780779E-01
4.656771E+03	-1.691768E+01	1.773354E-01	1.780785E-01
4.656971E+03	-1.691766E+01	1.771081E-01	1.780790E-01
4.657171E+03	-1.691823E+01	1.762307E-01	1.780796E-01
4.657371E+03	-1.691798E+01	1.763028E-01	1.780802E-01
4.657571E+03	-1.691740E+01	1.763610E-01	1.780808E-01
4.657771E+03	-1.691671E+01	1.765074E-01	1.780813E-01
4.657971E+03	-1.691618E+01	1.769750E-01	1.780819E-01
4.658171E+03	-1.691744E+01	1.768099E-01	1.780825E-01
4.658371E+03	-1.691825E+01	1.773585E-01	1.780830E-01
4.658571E+03	-1.691794E+01	1.769829E-01	1.780836E-01
4.658771E+03	-1.691744E+01	1.754351E-01	1.780842E-01
4.658971E+03	-1.691780E+01	1.760602E-01	1.780848E-01
4.659172E+03	-1.691849E+01	1.780760E-01	1.780853E-01
4.659372E+03	-1.691885E+01	1.762830E-01	1.780859E-01
4.659572E+03	-1.691832E+01	1.762668E-01	1.780865E-01
4.659772E+03	-1.691844E+01	1.739874E-01	1.780870E-01
4.659972E+03	-1.691894E+01	1.731675E-01	1.780876E-01
4.660172E+03	-1.692002E+01	1.731239E-01	1.780882E-01
4.660372E+03	-1.692147E+01	1.733841E-01	1.780888E-01
4.660572E+03	-1.692296E+01	1.742001E-01	1.780893E-01
4.660772E+03	-1.692436E+01	1.748175E-01	1.780899E-01
4.660972E+03	-1.692429E+01	1.747147E-01	1.780905E-01
4.661172E+03	-1.692460E+01	1.751382E-01	1.780910E-01
4.661372E+03	-1.692424E+01	1.752956E-01	1.780916E-01
4.661572E+03	-1.692415E+01	1.759042E-01	1.780922E-01
4.661772E+03	-1.692247E+01	1.755825E-01	1.780928E-01
4.661971E+03	-1.692126E+01	1.740566E-01	1.780933E-01
4.662172E+03	-1.692158E+01	1.739218E-01	1.780939E-01
4.662372E+03	-1.692224E+01	1.759517E-01	1.780945E-01
4.662572E+03	-1.692245E+01	1.767251E-01	1.780950E-01
4.662771E+03	-1.692232E+01	1.766805E-01	1.780956E-01
4.662971E+03	-1.692130E+01	1.760845E-01	1.780962E-01
4.663171E+03	-1.691993E+01	1.755440E-01	1.780968E-01
4.663371E+03	-1.691976E+01	1.759495E-01	1.780973E-01
4.663771E+03	-1.691928E+01	1.760340E-01	1.780985E-01
4.663971E+03	-1.691796E+01	1.752520E-01	1.780990E-01
4.664171E+03	-1.691797E+01	1.752021E-01	1.780996E-01
4.664371E+03	-1.691809E+01	1.757294E-01	1.781002E-01
4.664571E+03	-1.691784E+01	1.754971E-01	1.781007E-01
4.664771E+03	-1.691761E+01	1.749450E-01	1.781013E-01
4.664971E+03	-1.691723E+01	1.755550E-01	1.781019E-01
4.665171E+03	-1.691660E+01	1.753140E-01	1.781025E-01
4.665371E+03	-1.691594E+01	1.766360E-01	1.781030E-01
4.665571E+03	-1.691531E+01	1.764177E-01	1.781036E-01
4.665771E+03	-1.691602E+01	1.765045E-01	1.781042E-01
4.665972E+03	-1.691644E+01	1.765726E-01	1.781047E-01
4.666172E+03	-1.691649E+01	1.762117E-01	1.781053E-01
4.666372E+03	-1.691765E+01	1.769744E-01	1.781059E-01
4.666572E+03	-1.691946E+01	1.778223E-01	1.781065E-01
4.666772E+03	-1.692009E+01	1.780157E-01	1.781070E-01
4.666972E+03	-1.692018E+01	1.782979E-01	1.781076E-01
4.667172E+03	-1.692076E+01	1.787813E-01	1.781082E-01
4.667372E+03	-1.692077E+01	1.782419E-01	1.781087E-01
4.667572E+03	-1.692136E+01	1.776894E-01	1.781093E-01
4.667772E+03	-1.692241E+01	1.792889E-01	1.781099E-01
4.667972E+03	-1.692290E+01	1.810064E-01	1.781105E-01
4.668172E+03	-1.692337E+01	1.817020E-01	1.781110E-01
4.668372E+03	-1.692392E+01	1.807252E-01	1.781116E-01
4.668572E+03	-1.692451E+01	1.815522E-01	1.781122E-01
4.668772E+03	-1.692529E+01	1.815383E-01	1.781127E-01
4.668972E+03	-1.692447E+01	1.815955E-01	1.781133E-01
4.669172E+03	-1.692336E+01	1.805953E-01	1.781139E-01
4.669372E+03	-1.692336E+01	1.799835E-01	1.781144E-01
4.669572E+03	-1.692334E+01	1.799752E-01	1.781150E-01
4.669772E+03	-1.692320E+01	1.775907E-01	1.781156E-01
4.669972E+03	-1.692185E+01	1.770313E-01	1.781162E-01
4.670172E+03	-1.692161E+01	1.773209E-01	1.781167E-01
4.670372E+03	-1.692178E+01	1.773620E-01	1.781173E-01
4.670572E+03	-1.692190E+01	1.773843E-01	1.781179E-01
4.670772E+03	-1.692286E+01	1.768411E-01	1.781184E-01
4.670972E+03	-1.692423E+01	1.772095E-01	1.781190E-01
4.671172E+03	-1.692437E+01	1.746536E-01	1.781196E-01
4.671372E+03	-1.692477E+01	1.744116E-01	1.781201E-01
4.671572E+03	-1.692508E+01	1.744041E-01	1.781207E-01
4.671772E+03	-1.692539E+01	1.744100E-01	1.781213E-01
4.671972E+03	-1.692604E+01	1.737807E-01	1.781219E-01
4.672172E+03	-1.692638E+01	1.733482E-01	1.781224E-01
4.672372E+03	-1.692726E+01	1.762556E-01	1.781230E-01
4.672572E+03	-1.692903E+01	1.769707E-01	1.781236E-01
4.672773E+03	-1.693062E+01	1.780105E-01	1.781241E-01
4.672973E+03	-1.693127E+01	1.785411E-01	1.781247E-01
4.673173E+03	-1.693208E+01	1.775595E-01	1.781253E-01
4.673373E+03	-1.693229E+01	1.788511E-01	1.781258E-01
4.673573E+03	-1.693254E+01	1.799735E-01	1.781264E-01
4.673773E+03	-1.693245E+01	1.792985E-01	1.781270E-01
4.673973E+03	-1.693202E+01	1.780094E-01	1.781276E-01
4.674172E+03	-1.693306E+01	1.776566E-01	1.781281E-01
4.674373E+03	-1.693347E+01	1.776644E-01	1.781287E-01
4.674573E+03	-1.693454E+01	1.782146E-01	1.781293E-01
4.674773E+03	-1.693434E+01	1.776191E-01	1.781298E-01
4.674972E+03	-1.693397E+01	1.774346E-01	1.781304E-01
4.675172E+03	-1.693330E+01	1.774070E-01	1.781310E-01
4.675372E+03	-1.693299E+01	1.772521E-01	1.781315E-01
4.675572E+03	-1.693328E+01	1.759250E-01	1.781321E-01
4.675772E+03	-1.693296E+01	1.757004E-01	1.781327E-01
4.675972E+03	-1.693325E+01	1.755575E-01	1.781332E-01
4.676172E+03	-1.693497E+01	1.776700E-01	1.781338E-01
4.676372E+03	-1.693534E+01	1.775584E-01	1.781344E-01
4.676572E+03	-1.693502E+01	1.773958E-01	1.781350E-01
4.676772E+03	-1.693552E+01	1.775450E-01	1.781355E-01
4.676972E+03	-1.693544E+01	1.769576E-01	1.781361E-01
4.677172E+03	-1.693470E+01	1.784143E-01	1.781367E-01
4.677372E+03	-1.693395E+01	1.778134E-01	1.781372E-01
4.677572E+03	-1.693521E+01	1.773304E-01	1.781378E-01
4.677772E+03	-1.693551E+01	1.773644E-01	1.781384E-01
4.677972E+03	-1.693569E+01	1.770265E-01	1.781389E-01
4.678172E+03	-1.693661E+01	1.765468E-01	1.781395E-01
4.678372E+03	-1.693625E+01	1.767691E-01	1.781401E-01
4.678572E+03	-1.693655E+01	1.769221E-01	1.781406E-01
4.678772E+03	-1.693740E+01	1.758197E-01	1.781412E-01
4.678972E+03	-1.693674E+01	1.743776E-01	1.781418E-01
4.679172E+03	-1.693561E+01	1.742076E-01	1.781424E-01
4.679372E+03	-1.693545E+01	1.742306E-01	1.781429E-01
4.679573E+03	-1.693678E+01	1.742117E-01	1.781435E-01
4.679773E+03	-1.693775E+01	1.757801E-01	1.781441E-01
4.679973E+03	-1.693812E+01	1.774539E-01	1.781446E-01
4.680173E+03	-1.693882E+01	1.782827E-01	1.781452E-01
4.680373E+03	-1.693992E+01	1.815416E-01	1.781458E-01
4.680573E+03	-1.694042E+01	1.819572E-01	1.781463E-01
4.680773E+03	-1.694025E+01	1.823066E-01	1.781469E-01
4.680973E+03	-1.693939E+01	1.823890E-01	1.781475E-01
4.681173E+03	-1.693888E+01	1.824988E-01	1.781480E-01
4.681373E+03	-1.693957E+01	1.826025E-01	1.781486E-01
4.681573E+03	-1.694067E+01	1.833905E-01	1.781492E-01
4.681773E+03	-1.694169E+01	1.835534E-01	1.781498E-01
4.681973E+03	-1.694164E+01	1.826174E-01	1.781503E-01
4.682173E+03	-1.694137E+01	1.831830E-01	1.781509E-01
4.682373E+03	-1.694287E+01	1.839628E-01	1.781515E-01
4.682573E+03	-1.694460E+01	1.841937E-01	1.781520E-01
4.682773E+03	-1.694375E+01	1.829339E-01	1.781526E-01
4.682973E+03	-1.694201E+01	1.825528E-01	1.781532E-01
4.683173E+03	-1.694081E+01	1.821018E-01	1.781537E-01
4.683373E+03	-1.694086E+01	1.832398E-01	1.781543E-01
4.683573E+03	-1.694169E+01	1.831679E-01	1.781549E-01
4.683773E+03	-1.694151E+01	1.821418E-01	1.781554E-01
4.683973E+03	-1.693994E+01	1.808829E-01	1.781560E-01
4.684173E+03	-1.693977E+01	1.818263E-01	1.781566E-01
4.684373E+03	-1.693972E+01	1.804801E-01	1.781571E-01
4.684573E+03	-1.694029E+01	1.807394E-01	1.781577E-01
4.684773E+03	-1.694169E+01	1.816001E-01	1.781583E-01
4.684973E+03	-1.694217E+01	1.819115E-01	1.781589E-01
4.685173E+03	-1.694157E+01	1.834164E-01	1.781594E-01
4.685373E+03	-1.694085E+01	1.832646E-01	1.781600E-01
4.685573E+03	-1.694032E+01	1.820816E-01	1.781606E-01
4.685773E+03	-1.694013E+01	1.816064E-01	1.781611E-01
4.685973E+03	-1.694044E+01	1.823730E-01	1.781617E-01
4.686173E+03	-1.694141E+01	1.828360E-01	1.781623E-01
4.686373E+03	-1.694179E+01	1.826706E-01	1.781628E-01
4.686574E+03	-1.694071E+01	1.807726E-01	1.781634E-01
4.686774E+03	-1.693961E+01	1.808375E-01	1.781640E-01
4.686974E+03	-1.693856E+01	1.809526E-01	1.781645E-01
4.687173E+03	-1.693843E+01	1.808665E-01	1.781651E-01
4.687373E+03	-1.693827E+01	1.825076E-01	1.781657E-01
4.687573E+03	-1.693742E+01	1.817856E-01	1.781662E-01
4.687773E+03	-1.693560E+01	1.802468E-01	1.781668E-01
4.687973E+03	-1.693476E+01	1.787854E-01	1.781674E-01
4.688173E+03	-1.693533E+01	1.780413E-01	1.781679E-01
4.688373E+03	-1.693491E+01	1.753912E-01	1.781685E-01
4.688573E+03	-1.693356E+01	1.753914E-01	1.781691E-01
4.688773E+03	-1.693273E+01	1.764158E-01	1.781696E-01
4.688973E+03	-1.693194E+01	1.764082E-01	1.781702E-01
4.689173E+03	-1.693092E+01	1.749847E-01	1.781708E-01
4.689373E+03	-1.692976E+01	1.764810E-01	1.781713E-01
4.689573E+03	-1.692929E+01	1.766763E-01	1.781719E-01
4.689773E+03	-1.692954E+01	1.764810E-01	1.781725E-01
4.689973E+03	-1.693013E+01	1.768645E-01	1.781731E-01
4.690173E+03	-1.693059E+01	1.769368E-01	1.781736E-01
4.690373E+03	-1.693000E+01	1.773525E-01	1.781742E-01
4.690573E+03	-1.692853E+01	1.774505E-01	1.781748E-01
4.690773E+03	-1.692799E+01	1.759469E-01	1.781753E-01
4.690973E+03	-1.692692E+01	1.744755E-01	1.781759E-01
4.691173E+03	-1.692510E+01	1.734680E-01	1.781765E-01
4.691373E+03	-1.692360E+01	1.759046E-01	1.781770E-01
4.691573E+03	-1.692376E+01	1.768613E-01	1.781776E-01
4.691773E+03	-1.692457E+01	1.778102E-01	1.781782E-01
4.691973E+03	-1.692567E+01	1.785562E-01	1.781787E-01
4.692173E+03	-1.692667E+01	1.793487E-01	1.781793E-01
4.692373E+03	-1.692669E+01	1.789643E-01	1.781799E-01
4.692573E+03	-1.692579E+01	1.785923E-01	1.781804E-01
4.692773E+03	-1.692499E+01	1.781454E-01	1.781810E-01
4.692973E+03	-1.692470E+01	1.781050E-01	1.781816E-01
4.693174E+03	-1.692516E+01	1.792758E-01	1.781821E-01
4.693374E+03	-1.692568E+01	1.796315E-01	1.781827E-01
4.693574E+03	-1.692515E+01	1.794801E-01	1.781833E-01
4.693774E+03	-1.692439E+01	1.792126E-01	1.781838E-01
4.693974E+03	-1.692410E+01	1.797806E-01	1.781844E-01
4.694174E+03	-1.692375E+01	1.807197E-01	1.781850E-01
4.694374E+03	-1.692278E+01	1.811863E-01	1.781855E-01
4.694574E+03	-1.692207E+01	1.808902E-01	1.781861E-01
4.694774E+03	-1.692175E+01	1.807512E-01	1.781867E-01
4.694974E+03	-1.692133E+01	1.805445E-01	1.781872E-01
4.695174E+03	-1.692140E+01	1.804197E-01	1.781878E-01
4.695374E+03	-1.692234E+01	1.807277E-01	1.781884E-01
4.695574E+03	-1.692260E+01	1.785686E-01	1.781889E-01
4.695774E+03	-1.692255E+01	1.782601E-01	1.781895E-01
4.695974E+03	-1.692295E+01	1.784077E-01	1.781901E-01
4.696174E+03	-1.692330E+01	1.782333E-01	1.781906E-01
4.696374E+03	-1.692394E+01	1.788753E-01	1.781912E-01
4.696574E+03	-1.692343E+01	1.798845E-01	1.781918E-01
4.696774E+03	-1.692237E+01	1.796532E-01	1.781923E-01
4.696974E+03	-1.692210E+01	1.801375E-01	1.781929E-01
4.697174E+03	-1.692227E+01	1.809030E-01	1.781935E-01
4.697374E+03	-1.692222E+01	1.807377E-01	1.781940E-01
4.697574E+03	-1.692186E+01	1.795348E-01	1.781946E-01
4.697774E+03	-1.692105E+01	1.788108E-01	1.781952E-01
4.697974E+03	-1.692042E+01	1.787836E-01	1.781957E-01
4.698174E+03	-1.691992E+01	1.786365E-01	1.781963E-01
4.698374E+03	-1.691946E+01	1.787659E-01	1.781969E-01
4.698574E+03	-1.691872E+01	1.779860E-01	1.781974E-01
4.698774E+03	-1.691758E+01	1.756566E-01	1.781980E-01
4.698974E+03	-1.691727E+01	1.756342E-01	1.781986E-01
4.699173E+03	-1.691738E+01	1.753185E-01	1.781991E-01
4.699373E+03	-1.691766E+01	1.768111E-01	1.781997E-01
4.699574E+03	-1.691719E+01	1.768247E-01	1.782003E-01
4.699773E+03	-1.691673E+01	1.766250E-01	1.782008E-01
4.699974E+03	-1.691607E+01	1.763759E-01	1.782014E-01
4.700174E+03	-1.691536E+01	1.768313E-01	1.782020E-01
4.700374E+03	-1.691527E+01	1.772668E-01	1.782025E-01
4.700574E+03	-1.691599E+01	1.777343E-01	1.782031E-01
4.700774E+03	-1.691629E+01	1.777227E-01	1.782037E-01
4.700974E+03	-1.691618E+01	1.784165E-01	1.782042E-01
4.701174E+03	-1.691531E+01	1.782948E-01	1.782048E-01
4.701374E+03	-1.691519E+01	1.784202E-01	1.782054E-01
4.701574E+03	-1.691518E+01	1.786524E-01	1.782059E-01
4.701774E+03	-1.691439E+01	1.782108E-01	1.782065E-01
4.701974E+03	-1.691356E+01	1.783115E-01	1.782071E-01
4.702174E+03	-1.691267E+01	1.783969E-01	1.782076E-01
4.702374E+03	-1.691260E+01	1.795290E-01	1.782082E-01
4.702574E+03	-1.691259E+01	1.803931E-01	1.782088E-01
4.702774E+03	-1.691227E+01	1.812300E-01	1.782093E-01
4.702974E+03	-1.691166E+01	1.803258E-01	1.782099E-01
4.703174E+03	-1.691113E+01	1.798432E-01	1.782105E-01
4.703374E+03	-1.691029E+01	1.797190E-01	1.782110E-01
4.703574E+03	-1.690972E+01	1.800735E-01	1.782116E-01
4.703774E+03	-1.690958E+01	1.793935E-01	1.782122E-01
4.703974E+03	-1.691086E+01	1.805322E-01	1.782127E-01
4.704174E+03	-1.691193E+01	1.830822E-01	1.782133E-01
4.704374E+03	-1.691198E+01	1.840592E-01	1.782139E-01
4.704574E+03	-1.691216E+01	1.841334E-01	1.782144E-01
4.704774E+03	-1.691191E+01	1.830416E-01	1.782150E-01
4.704974E+03	-1.691189E+01	1.835479E-01	1.782156E-01
4.705174E+03	-1.691255E+01	1.837951E-01	1.782161E-01
4.705374E+03	-1.691346E+01	1.840048E-01	1.782167E-01
4.705574E+03	-1.691381E+01	1.842745E-01	1.782173E-01
4.705774E+03	-1.691304E+01	1.837870E-01	1.782178E-01
4.705974E+03	-1.691202E+01	1.846940E-01	1.782184E-01
4.706174E+03	-1.691186E+01	1.849463E-01	1.782190E-01
4.706374E+03	-1.691234E+01	1.862559E-01	1.782195E-01
4.706574E+03	-1.691343E+01	1.871311E-01	1.782201E-01
4.706775E+03	-1.691381E+01	1.873058E-01	1.782207E-01
4.706975E+03	-1.691305E+01	1.874912E-01	1.782212E-01
4.707175E+03	-1.691189E+01	1.859772E-01	1.782218E-01
4.707375E+03	-1.691117E+01	1.842691E-01	1.782224E-01
4.707575E+03	-1.691084E+01	1.826299E-01	1.782229E-01
4.707775E+03	-1.691104E+01	1.827179E-01	1.782235E-01
4.707975E+03	-1.691146E+01	1.838943E-01	1.782241E-01
4.708175E+03	-1.691158E+01	1.866654E-01	1.782246E-01
4.708375E+03	-1.691086E+01	1.894501E-01	1.782252E-01
4.708575E+03	-1.691007E+01	1.898228E-01	1.782258E-01
4.708775E+03	-1.690972E+01	1.905796E-01	1.782263E-01
4.708975E+03	-1.691004E+01	1.905764E-01	1.782269E-01
4.709175E+03	-1.690967E+01	1.904280E-01	1.782275E-01
4.709375E+03	-1.690951E+01	1.909308E-01	1.782280E-01
4.709575E+03	-1.690916E+01	1.914025E-01	1.782286E-01
4.709775E+03	-1.690899E+01	1.912165E-01	1.782291E-01
4.709975E+03	-1.690934E+01	1.913274E-01	1.782297E-01
4.710175E+03	-1.690978E+01	1.919976E-01	1.782303E-01
4.710375E+03	-1.691084E+01	1.926629E-01	1.782308E-01
4.710575E+03	-1.691087E+01	1.930557E-01	1.782314E-01
4.710775E+03	-1.690998E+01	1.925532E-01	1.782320E-01
4.710975E+03	-1.691043E+01	1.927572E-01	1.782325E-01
4.711175E+03	-1.691022E+01	1.928011E-01	1.782331E-01
4.711374E+03	-1.690884E+01	1.919455E-01	1.782337E-01
4.711574E+03	-1.690775E+01	1.914533E-01	1.782342E-01
4.711775E+03	-1.690723E+01	1.909204E-01	1.782348E-01
4.711974E+03	-1.690814E+01	1.913213E-01	1.782354E-01
4.712174E+03	-1.690789E+01	1.904949E-01	1.782359E-01
4.712374E+03	-1.690807E+01	1.905609E-01	1.782365E-01
4.712574E+03	-1.690920E+01	1.918151E-01	1.782371E-01
4.712774E+03	-1.690959E+01	1.910414E-01	1.782376E-01
4.712974E+03	-1.690986E+01	1.903545E-01	1.782382E-01
4.713174E+03	-1.690949E+01	1.903932E-01	1.782388E-01
4.713374E+03	-1.690881E+01	1.896597E-01	1.782393E-01
4.713575E+03	-1.690870E+01	1.899435E-01	1.782399E-01
4.713775E+03	-1.690851E+01	1.900613E-01	1.782404E-01
4.713975E+03	-1.690869E+01	1.902944E-01	1.782410E-01
4.714175E+03	-1.690871E+01	1.909654E-01	1.782416E-01
4.714375E+03	-1.690914E+01	1.911550E-01	1.782421E-01
4.714575E+03	-1.691047E+01	1.906362E-01	1.782427E-01
4.714775E+03	-1.691018E+01	1.921636E-01	1.782433E-01
4.714975E+03	-1.690913E+01	1.917029E-01	1.782438E-01
4.715175E+03	-1.690874E+01	1.924781E-01	1.782444E-01
4.715775E+03	-1.690899E+01	1.939951E-01	1.782461E-01
4.715975E+03	-1.690994E+01	1.937414E-01	1.782467E-01
4.716175E+03	-1.690994E+01	1.936640E-01	1.782472E-01
4.716375E+03	-1.690969E+01	1.948375E-01	1.782478E-01
4.716575E+03	-1.690948E+01	1.948646E-01	1.782484E-01
4.716775E+03	-1.690939E+01	1.959449E-01	1.782489E-01
4.716975E+03	-1.690991E+01	1.948263E-01	1.782495E-01
4.717175E+03	-1.691152E+01	1.961060E-01	1.782500E-01
4.717375E+03	-1.691246E+01	1.965373E-01	1.782506E-01
4.717575E+03	-1.691210E+01	1.963306E-01	1.782512E-01
4.717775E+03	-1.691201E+01	1.963414E-01	1.782517E-01
4.717975E+03	-1.691142E+01	1.957257E-01	1.782523E-01
4.718175E+03	-1.691060E+01	1.953431E-01	1.782529E-01
4.718375E+03	-1.691021E+01	1.954077E-01	1.782534E-01
4.718575E+03	-1.691074E+01	1.957688E-01	1.782540E-01
4.718775E+03	-1.691123E+01	1.965209E-01	1.782546E-01
4.718975E+03	-1.691113E+01	1.966035E-01	1.782551E-01
4.719175E+03	-1.691069E+01	1.965432E-01	1.782557E-01
4.719375E+03	-1.691166E+01	1.981289E-01	1.782563E-01
4.719575E+03	-1.691234E+01	1.977197E-01	1.782568E-01
4.719775E+03	-1.691141E+01	1.966806E-01	1.782574E-01
4.719975E+03	-1.691021E+01	1.960789E-01	1.782579E-01
4.720376E+03	-1.690950E+01	1.934744E-01	1.782591E-01
4.720576E+03	-1.690921E+01	1.932201E-01	1.782596E-01
4.720776E+03	-1.690837E+01	1.926749E-01	1.782602E-01
4.720976E+03	-1.690862E+01	1.931462E-01	1.782608E-01
4.721176E+03	-1.690895E+01	1.929962E-01	1.782613E-01
4.721376E+03	-1.690909E+01	1.940633E-01	1.782619E-01
4.721576E+03	-1.690942E+01	1.943454E-01	1.782625E-01
4.721776E+03	-1.690947E+01	1.942747E-01	1.782630E-01
4.721976E+03	-1.690909E+01	1.970180E-01	1.782636E-01
4.722376E+03	-1.690966E+01	1.985029E-01	1.782647E-01
4.722576E+03	-1.690981E+01	1.985965E-01	1.782653E-01
4.722776E+03	-1.690932E+01	1.991034E-01	1.782658E-01
4.722975E+03	-1.690811E+01	1.985177E-01	1.782664E-01
4.723376E+03	-1.690819E+01	1.990541E-01	1.782675E-01
4.723575E+03	-1.690829E+01	2.024810E-01	1.782681E-01
4.723775E+03	-1.690762E+01	2.035685E-01	1.782687E-01
4.723975E+03	-1.690682E+01	2.031933E-01	1.782692E-01
4.724175E+03	-1.690612E+01	2.022087E-01	1.782698E-01
4.724375E+03	-1.690532E+01	2.036434E-01	1.782704E-01
4.724575E+03	-1.690531E+01	2.029226E-01	1.782709E-01
4.724775E+03	-1.690500E+01	2.029773E-01	1.782715E-01
4.724975E+03	-1.690502E+01	2.036784E-01	1.782720E-01
4.725175E+03	-1.690486E+01	2.034536E-01	1.782726E-01
4.725375E+03	-1.690338E+01	2.026267E-01	1.782732E-01
4.725575E+03	-1.690330E+01	2.013715E-01	1.782737E-01
4.725775E+03	-1.690341E+01	2.017456E-01	1.782743E-01
4.725975E+03	-1.690271E+01	2.014278E-01	1.782749E-01
4.726175E+03	-1.690148E+01	2.008650E-01	1.782754E-01
4.726375E+03	-1.690008E+01	1.995773E-01	1.782760E-01
4.726575E+03	-1.689957E+01	1.992896E-01	1.782766E-01
4.726775E+03	-1.690027E+01	2.006168E-01	1.782771E-01
4.726976E+03	-1.690100E+01	2.028763E-01	1.782777E-01
4.727176E+03	-1.690157E+01	2.027501E-01	1.782782E-01
4.727376E+03	-1.690114E+01	2.028591E-01	1.782788E-01
4.727576E+03	-1.690091E+01	2.026012E-01	1.782794E-01
4.727776E+03	-1.690120E+01	2.011283E-01	1.782799E-01
4.727976E+03	-1.690129E+01	2.008215E-01	1.782805E-01
4.728176E+03	-1.690102E+01	2.010337E-01	1.782811E-01
4.728376E+03	-1.690106E+01	2.012943E-01	1.782816E-01
4.728576E+03	-1.690185E+01	2.022597E-01	1.782822E-01
4.728776E+03	-1.690245E+01	2.034658E-01	1.782828E-01
4.728976E+03	-1.690238E+01	2.032937E-01	1.782833E-01
4.729176E+03	-1.690114E+01	2.017749E-01	1.782839E-01
4.729376E+03	-1.690104E+01	2.016175E-01	1.782844E-01
4.729576E+03	-1.690200E+01	2.028624E-01	1.782850E-01
4.729776E+03	-1.690157E+01	2.020984E-01	1.782856E-01
4.729976E+03	-1.690064E+01	2.024397E-01	1.782861E-01
4.730176E+03	-1.689898E+01	2.022095E-01	1.782867E-01
4.730376E+03	-1.689920E+01	2.029762E-01	1.782873E-01
4.730576E+03	-1.689935E+01	2.034874E-01	1.782878E-01
4.730776E+03	-1.689793E+01	2.024871E-01	1.782884E-01
4.730976E+03	-1.689801E+01	2.027762E-01	1.782889E-01
4.731176E+03	-1.689875E+01	2.032013E-01	1.782895E-01
4.731376E+03	-1.689838E+01	2.028362E-01	1.782901E-01
4.731576E+03	-1.689730E+01	2.023078E-01	1.782906E-01
4.731776E+03	-1.689665E+01	2.002564E-01	1.782912E-01
4.731976E+03	-1.689582E+01	1.990522E-01	1.782918E-01
4.732176E+03	-1.689561E+01	1.984023E-01	1.782923E-01
4.732376E+03	-1.689697E+01	1.991419E-01	1.782929E-01
4.732776E+03	-1.689756E+01	1.990138E-01	1.782940E-01
4.732976E+03	-1.689717E+01	1.987703E-01	1.782946E-01
4.733176E+03	-1.689692E+01	1.988151E-01	1.782951E-01
4.733376E+03	-1.689640E+01	1.988213E-01	1.782957E-01
4.733576E+03	-1.689666E+01	1.989138E-01	1.782963E-01
4.733777E+03	-1.689759E+01	1.989375E-01	1.782968E-01
4.733977E+03	-1.689732E+01	1.990271E-01	1.782974E-01
4.734177E+03	-1.689693E+01	1.988242E-01	1.782979E-01
4.734377E+03	-1.689703E+01	1.988228E-01	1.782985E-01
4.734577E+03	-1.689714E+01	1.982828E-01	1.782991E-01
4.734777E+03	-1.689711E+01	1.983124E-01	1.782996E-01
4.734977E+03	-1.689761E+01	1.979298E-01	1.783002E-01
4.735176E+03	-1.689806E+01	1.988296E-01	1.783008E-01
4.735377E+03	-1.689798E+01	1.991026E-01	1.783013E-01
4.735577E+03	-1.689869E+01	1.994157E-01	1.783019E-01
4.735776E+03	-1.690006E+01	2.000532E-01	1.783024E-01
4.736376E+03	-1.690131E+01	2.007817E-01	1.783041E-01
4.736576E+03	-1.690299E+01	2.015945E-01	1.783047E-01
4.736776E+03	-1.690390E+01	2.010401E-01	1.783053E-01
4.736976E+03	-1.690337E+01	2.015584E-01	1.783058E-01
4.737176E+03	-1.690263E+01	2.011379E-01	1.783064E-01
4.737376E+03	-1.690225E+01	2.006069E-01	1.783069E-01
4.737776E+03	-1.690308E+01	1.998829E-01	1.783081E-01
4.737976E+03	-1.690291E+01	1.996614E-01	1.783086E-01
4.738176E+03	-1.690183E+01	1.985617E-01	1.783092E-01
4.738576E+03	-1.690071E+01	1.972143E-01	1.783103E-01
4.738776E+03	-1.690001E+01	1.965841E-01	1.783109E-01
4.738976E+03	-1.689995E+01	1.975263E-01	1.783114E-01
4.739176E+03	-1.690025E+01	1.977650E-01	1.783120E-01
4.739376E+03	-1.690030E+01	1.981476E-01	1.783126E-01
4.739576E+03	-1.689888E+01	1.976061E-01	1.783132E-01
4.739776E+03	-1.689720E+01	1.965381E-01	1.783138E-01
4.739976E+03	-1.689712E+01	1.965417E-01	1.783144E-01
4.740176E+03	-1.689794E+01	1.969639E-01	1.783150E-01
4.740376E+03	-1.689796E+01	1.968972E-01	1.783156E-01
4.740577E+03	-1.689744E+01	1.968055E-01	1.783163E-01
4.740777E+03	-1.689688E+01	1.955174E-01	1.783169E-01
4.740977E+03	-1.689646E+01	1.952849E-01	1.783175E-01
4.741177E+03	-1.689563E+01	1.952141E-01	1.783181E-01
4.741377E+03	-1.689485E+01	1.949422E-01	1.783187E-01
4.741577E+03	-1.689428E+01	1.953476E-01	1.783193E-01
4.741777E+03	-1.689331E+01	1.963799E-01	1.783200E-01
4.741977E+03	-1.689317E+01	1.963064E-01	1.783206E-01
4.742177E+03	-1.689405E+01	1.968672E-01	1.783212E-01
4.742377E+03	-1.689431E+01	1.963634E-01	1.783218E-01
4.742577E+03	-1.689393E+01	1.954583E-01	1.783224E-01
4.742777E+03	-1.689399E+01	1.956853E-01	1.783230E-01
4.742977E+03	-1.689358E+01	1.955999E-01	1.783237E-01
4.743177E+03	-1.689394E+01	1.970025E-01	1.783243E-01
4.743377E+03	-1.689434E+01	1.957365E-01	1.783249E-01
4.743577E+03	-1.689396E+01	1.954661E-01	1.783255E-01
4.743777E+03	-1.689387E+01	1.945159E-01	1.783261E-01
4.743977E+03	-1.689369E+01	1.945629E-01	1.783267E-01
4.744177E+03	-1.689369E+01	1.943268E-01	1.783274E-01
4.744377E+03	-1.689426E+01	1.959331E-01	1.783280E-01
4.744577E+03	-1.689507E+01	1.963548E-01	1.783286E-01
4.744777E+03	-1.689550E+01	1.969114E-01	1.783292E-01
4.744977E+03	-1.689565E+01	1.984303E-01	1.783298E-01
4.745177E+03	-1.689701E+01	1.995549E-01	1.783304E-01
4.745377E+03	-1.689813E+01	2.000433E-01	1.783311E-01
4.745577E+03	-1.689838E+01	1.986263E-01	1.783317E-01
4.745777E+03	-1.689805E+01	1.970397E-01	1.783323E-01
4.745977E+03	-1.689822E+01	1.971200E-01	1.783329E-01
4.746177E+03	-1.689863E+01	1.974906E-01	1.783335E-01
4.746377E+03	-1.689884E+01	1.973837E-01	1.783341E-01
4.746577E+03	-1.689906E+01	1.976691E-01	1.783347E-01
4.746777E+03	-1.689940E+01	1.981009E-01	1.783354E-01
4.746977E+03	-1.690013E+01	1.982488E-01	1.783360E-01
4.747177E+03	-1.690093E+01	1.985393E-01	1.783366E-01
4.747377E+03	-1.690119E+01	1.975135E-01	1.783372E-01
4.747578E+03	-1.690188E+01	1.987928E-01	1.783378E-01
4.747778E+03	-1.690299E+01	1.994029E-01	1.783384E-01
4.747977E+03	-1.690359E+01	1.991751E-01	1.783391E-01
4.748177E+03	-1.690441E+01	2.000962E-01	1.783397E-01
4.748377E+03	-1.690537E+01	2.015907E-01	1.783403E-01
4.748577E+03	-1.690622E+01	2.018128E-01	1.783409E-01
4.748777E+03	-1.690727E+01	2.025002E-01	1.783415E-01
4.748977E+03	-1.690909E+01	2.033949E-01	1.783421E-01
4.749177E+03	-1.691033E+01	2.050697E-01	1.783427E-01
4.749377E+03	-1.691217E+01	2.046813E-01	1.783434E-01
4.749577E+03	-1.691250E+01	2.025271E-01	1.783440E-01
4.749777E+03	-1.691101E+01	1.987811E-01	1.783446E-01
4.749977E+03	-1.691112E+01	1.986339E-01	1.783452E-01
4.750177E+03	-1.691195E+01	2.003743E-01	1.783458E-01
4.750377E+03	-1.691082E+01	2.002014E-01	1.783464E-01
4.750577E+03	-1.691094E+01	2.002352E-01	1.783471E-01
4.750777E+03	-1.691151E+01	2.005920E-01	1.783477E-01
4.750977E+03	-1.691148E+01	1.999456E-01	1.783483E-01
4.751177E+03	-1.691042E+01	1.994257E-01	1.783489E-01
4.751377E+03	-1.691017E+01	2.001298E-01	1.783495E-01
4.751577E+03	-1.691083E+01	2.015421E-01	1.783501E-01
4.751777E+03	-1.691200E+01	2.025372E-01	1.783507E-01
4.751977E+03	-1.691268E+01	2.026764E-01	1.783514E-01
4.752177E+03	-1.691181E+01	2.023136E-01	1.783520E-01
4.752377E+03	-1.691081E+01	2.039571E-01	1.783526E-01
4.752577E+03	-1.691047E+01	2.080043E-01	1.783532E-01
4.752777E+03	-1.691085E+01	2.100876E-01	1.783538E-01
4.752977E+03	-1.691201E+01	2.107365E-01	1.783544E-01
4.753177E+03	-1.691295E+01	2.100828E-01	1.783551E-01
4.753377E+03	-1.691334E+01	2.121472E-01	1.783557E-01
4.753577E+03	-1.691371E+01	2.133469E-01	1.783563E-01
4.753777E+03	-1.691463E+01	2.134235E-01	1.783569E-01
4.753977E+03	-1.691524E+01	2.131114E-01	1.783575E-01
4.754178E+03	-1.691453E+01	2.127040E-01	1.783581E-01
4.754378E+03	-1.691431E+01	2.128691E-01	1.783587E-01
4.754578E+03	-1.691550E+01	2.133507E-01	1.783594E-01
4.754778E+03	-1.691598E+01	2.138797E-01	1.783600E-01
4.754978E+03	-1.691646E+01	2.137287E-01	1.783606E-01
4.755178E+03	-1.691695E+01	2.138101E-01	1.783612E-01
4.755578E+03	-1.691731E+01	2.140894E-01	1.783624E-01
4.755778E+03	-1.691724E+01	2.142409E-01	1.783630E-01
4.755978E+03	-1.691647E+01	2.144752E-01	1.783637E-01
4.756178E+03	-1.691608E+01	2.143697E-01	1.783643E-01
4.756378E+03	-1.691666E+01	2.125608E-01	1.783649E-01
4.756578E+03	-1.691746E+01	2.146529E-01	1.783655E-01
4.756778E+03	-1.691774E+01	2.142539E-01	1.783661E-01
4.756978E+03	-1.691753E+01	2.130244E-01	1.783667E-01
4.757178E+03	-1.691699E+01	2.127344E-01	1.783673E-01
4.757378E+03	-1.691596E+01	2.126532E-01	1.783680E-01
4.757578E+03	-1.691596E+01	2.113645E-01	1.783686E-01
4.757778E+03	-1.691679E+01	2.131132E-01	1.783692E-01
4.757978E+03	-1.691754E+01	2.141239E-01	1.783698E-01
4.758178E+03	-1.691765E+01	2.141232E-01	1.783704E-01
4.758378E+03	-1.691793E+01	2.137729E-01	1.783710E-01
4.758578E+03	-1.691912E+01	2.143106E-01	1.783716E-01
4.758778E+03	-1.691966E+01	2.144587E-01	1.783723E-01
4.758978E+03	-1.691954E+01	2.143144E-01	1.783729E-01
4.759178E+03	-1.691949E+01	2.140312E-01	1.783735E-01
4.759378E+03	-1.691891E+01	2.132516E-01	1.783741E-01
4.759578E+03	-1.691805E+01	2.127596E-01	1.783747E-01
4.759778E+03	-1.691771E+01	2.125332E-01	1.783753E-01
4.759977E+03	-1.691804E+01	2.118954E-01	1.783759E-01
4.760177E+03	-1.691823E+01	2.114097E-01	1.783766E-01
4.760377E+03	-1.691789E+01	2.111185E-01	1.783772E-01
4.760578E+03	-1.691718E+01	2.098295E-01	1.783778E-01
4.760778E+03	-1.691621E+01	2.091782E-01	1.783784E-01
4.761178E+03	-1.691611E+01	2.088495E-01	1.783796E-01
4.761378E+03	-1.691643E+01	2.086044E-01	1.783802E-01
4.761578E+03	-1.691604E+01	2.090309E-01	1.783809E-01
4.761978E+03	-1.691661E+01	2.095966E-01	1.783821E-01
4.762178E+03	-1.691752E+01	2.104047E-01	1.783827E-01
4.762378E+03	-1.691730E+01	2.101588E-01	1.783833E-01
4.762578E+03	-1.691668E+01	2.098576E-01	1.783839E-01
4.762778E+03	-1.691619E+01	2.086876E-01	1.783845E-01
4.762978E+03	-1.691563E+01	2.080709E-01	1.783852E-01
4.763178E+03	-1.691466E+01	2.075629E-01	1.783858E-01
4.763378E+03	-1.691361E+01	2.046288E-01	1.783864E-01
4.763578E+03	-1.691224E+01	2.030954E-01	1.783870E-01
4.763778E+03	-1.691107E+01	2.024961E-01	1.783876E-01
4.763978E+03	-1.691199E+01	2.021245E-01	1.783882E-01
4.764178E+03	-1.691287E+01	2.049294E-01	1.783888E-01
4.764378E+03	-1.691211E+01	2.056608E-01	1.783894E-01
4.764578E+03	-1.691044E+01	2.016386E-01	1.783901E-01
4.764778E+03	-1.690980E+01	1.987334E-01	1.783907E-01
4.764978E+03	-1.691007E+01	1.988833E-01	1.783913E-01
4.765178E+03	-1.691067E+01	1.989676E-01	1.783919E-01
4.765378E+03	-1.691137E+01	1.979709E-01	1.783925E-01
4.765578E+03	-1.691176E+01	1.984491E-01	1.783931E-01
4.765778E+03	-1.691251E+01	1.982544E-01	1.783937E-01
4.766178E+03	-1.691235E+01	1.971942E-01	1.783950E-01
4.766378E+03	-1.691207E+01	1.970093E-01	1.783956E-01
4.766578E+03	-1.691264E+01	1.973009E-01	1.783962E-01
4.766778E+03	-1.691182E+01	1.982908E-01	1.783968E-01
4.766978E+03	-1.690982E+01	1.965874E-01	1.783974E-01
4.767178E+03	-1.690833E+01	1.957546E-01	1.783980E-01
4.767378E+03	-1.690781E+01	1.951542E-01	1.783986E-01
4.767578E+03	-1.690716E+01	1.949209E-01	1.783993E-01
4.767779E+03	-1.690721E+01	1.954027E-01	1.783999E-01
4.768179E+03	-1.690768E+01	1.943263E-01	1.784011E-01
4.768379E+03	-1.690762E+01	1.940858E-01	1.784017E-01
4.768779E+03	-1.690674E+01	1.937257E-01	1.784029E-01
4.768979E+03	-1.690526E+01	1.932914E-01	1.784035E-01
4.769179E+03	-1.690441E+01	1.928924E-01	1.784042E-01
4.769379E+03	-1.690446E+01	1.936123E-01	1.784048E-01
4.769579E+03	-1.690506E+01	1.949260E-01	1.784054E-01
4.769779E+03	-1.690511E+01	1.947227E-01	1.784060E-01
4.769979E+03	-1.690426E+01	1.941965E-01	1.784066E-01
4.770179E+03	-1.690349E+01	1.930162E-01	1.784072E-01
4.770379E+03	-1.690382E+01	1.923489E-01	1.784078E-01
4.770779E+03	-1.690422E+01	1.927431E-01	1.784091E-01
4.770979E+03	-1.690318E+01	1.922426E-01	1.784097E-01
4.771179E+03	-1.690154E+01	1.915263E-01	1.784103E-01
4.771379E+03	-1.690045E+01	1.903404E-01	1.784109E-01
4.771579E+03	-1.690017E+01	1.903043E-01	1.784115E-01
4.771779E+03	-1.689916E+01	1.880377E-01	1.784121E-01
4.771979E+03	-1.689829E+01	1.863909E-01	1.784127E-01
4.772178E+03	-1.689821E+01	1.859378E-01	1.784133E-01
4.772378E+03	-1.689904E+01	1.855006E-01	1.784140E-01
4.772578E+03	-1.689908E+01	1.867591E-01	1.784146E-01
4.772979E+03	-1.689875E+01	1.870398E-01	1.784158E-01
4.773178E+03	-1.689887E+01	1.875225E-01	1.784164E-01
4.773378E+03	-1.689854E+01	1.891538E-01	1.784170E-01
4.773578E+03	-1.689823E+01	1.898398E-01	1.784176E-01
4.773778E+03	-1.689762E+01	1.892414E-01	1.784182E-01
4.773978E+03	-1.689787E+01	1.895892E-01	1.784189E-01
4.774178E+03	-1.689846E+01	1.897996E-01	1.784195E-01
4.774378E+03	-1.689786E+01	1.912620E-01	1.784201E-01
4.774579E+03	-1.689815E+01	1.924504E-01	1.784207E-01
4.774779E+03	-1.689923E+01	1.930023E-01	1.784213E-01
4.774979E+03	-1.689867E+01	1.943882E-01	1.784219E-01
4.775179E+03	-1.689719E+01	1.936046E-01	1.784225E-01
4.775379E+03	-1.689547E+01	1.932541E-01	1.784231E-01
4.775579E+03	-1.689524E+01	1.942243E-01	1.784238E-01
4.775779E+03	-1.689665E+01	1.945877E-01	1.784244E-01
4.775979E+03	-1.689746E+01	1.949654E-01	1.784250E-01
4.776179E+03	-1.689711E+01	1.958575E-01	1.784256E-01
4.776379E+03	-1.689590E+01	1.952201E-01	1.784262E-01
4.776579E+03	-1.689519E+01	1.944542E-01	1.784268E-01
4.776779E+03	-1.689538E+01	1.961479E-01	1.784274E-01
4.776979E+03	-1.689607E+01	1.972799E-01	1.784280E-01
4.777179E+03	-1.689634E+01	1.971519E-01	1.784287E-01
4.777379E+03	-1.689598E+01	1.971527E-01	1.784293E-01
4.777579E+03	-1.689521E+01	1.987912E-01	1.784299E-01
4.777779E+03	-1.689505E+01	1.988009E-01	1.784305E-01
4.777979E+03	-1.689591E+01	2.017257E-01	1.784311E-01
4.778179E+03	-1.689607E+01	2.041261E-01	1.784317E-01
4.778379E+03	-1.689581E+01	2.040465E-01	1.784323E-01
4.778579E+03	-1.689534E+01	2.042572E-01	1.784329E-01
4.778779E+03	-1.689356E+01	2.034247E-01	1.784335E-01
4.778979E+03	-1.689283E+01	2.032460E-01	1.784342E-01
4.779179E+03	-1.689354E+01	2.038289E-01	1.784348E-01
4.779379E+03	-1.689349E+01	2.037311E-01	1.784354E-01
4.779579E+03	-1.689308E+01	2.035265E-01	1.784360E-01
4.779779E+03	-1.689189E+01	2.049503E-01	1.784366E-01
4.779979E+03	-1.689165E+01	2.061046E-01	1.784372E-01
4.780179E+03	-1.689238E+01	2.064360E-01	1.784378E-01
4.780379E+03	-1.689271E+01	2.059473E-01	1.784384E-01
4.780579E+03	-1.689229E+01	2.056484E-01	1.784390E-01
4.780779E+03	-1.689230E+01	2.055955E-01	1.784397E-01
4.780979E+03	-1.689297E+01	2.059529E-01	1.784403E-01
4.781180E+03	-1.689356E+01	2.064006E-01	1.784409E-01
4.781380E+03	-1.689408E+01	2.062790E-01	1.784415E-01
4.781580E+03	-1.689340E+01	2.057554E-01	1.784421E-01
4.781780E+03	-1.689255E+01	2.050277E-01	1.784427E-01
4.781980E+03	-1.689176E+01	2.044711E-01	1.784433E-01
4.782180E+03	-1.689107E+01	2.042874E-01	1.784439E-01
4.782380E+03	-1.689113E+01	2.042794E-01	1.784446E-01
4.782580E+03	-1.689076E+01	2.030585E-01	1.784452E-01
4.782780E+03	-1.688968E+01	2.008671E-01	1.784458E-01
4.782980E+03	-1.688987E+01	2.008602E-01	1.784464E-01
4.783180E+03	-1.689090E+01	2.014113E-01	1.784470E-01
4.783380E+03	-1.689197E+01	2.021028E-01	1.784476E-01
4.783580E+03	-1.689215E+01	2.022855E-01	1.784482E-01
4.783780E+03	-1.689192E+01	2.018879E-01	1.784488E-01
4.783980E+03	-1.689287E+01	2.026269E-01	1.784494E-01
4.784180E+03	-1.689369E+01	2.018847E-01	1.784501E-01
4.784380E+03	-1.689324E+01	2.014906E-01	1.784507E-01
4.784579E+03	-1.689174E+01	2.000224E-01	1.784513E-01
4.784779E+03	-1.689115E+01	1.996160E-01	1.784519E-01
4.784980E+03	-1.689092E+01	1.986401E-01	1.784525E-01
4.785180E+03	-1.689100E+01	2.005829E-01	1.784531E-01
4.785379E+03	-1.689114E+01	1.994649E-01	1.784537E-01
4.785579E+03	-1.688979E+01	1.994708E-01	1.784543E-01
4.785779E+03	-1.688804E+01	1.981825E-01	1.784549E-01
4.785979E+03	-1.688768E+01	1.962764E-01	1.784555E-01
4.786179E+03	-1.688817E+01	1.963387E-01	1.784562E-01
4.786379E+03	-1.688851E+01	1.962703E-01	1.784568E-01
4.786579E+03	-1.688928E+01	1.963410E-01	1.784574E-01
4.786779E+03	-1.688974E+01	1.965683E-01	1.784580E-01
4.786979E+03	-1.689003E+01	1.966810E-01	1.784586E-01
4.787179E+03	-1.688982E+01	1.964965E-01	1.784592E-01
4.787379E+03	-1.688819E+01	1.996122E-01	1.784598E-01
4.787579E+03	-1.688617E+01	1.985451E-01	1.784604E-01
4.787779E+03	-1.688539E+01	1.978556E-01	1.784610E-01
4.787980E+03	-1.688543E+01	2.002048E-01	1.784617E-01
4.788180E+03	-1.688607E+01	2.051700E-01	1.784623E-01
4.788380E+03	-1.688676E+01	2.071879E-01	1.784629E-01
4.788580E+03	-1.688686E+01	2.057845E-01	1.784635E-01
4.788780E+03	-1.688674E+01	2.050842E-01	1.784641E-01
4.788980E+03	-1.688683E+01	2.065438E-01	1.784647E-01
4.789180E+03	-1.688693E+01	2.064925E-01	1.784653E-01
4.789380E+03	-1.688737E+01	2.069656E-01	1.784659E-01
4.789580E+03	-1.688811E+01	2.074238E-01	1.784665E-01
4.789780E+03	-1.688916E+01	2.087505E-01	1.784671E-01
4.789980E+03	-1.688885E+01	2.095186E-01	1.784678E-01
4.790180E+03	-1.688828E+01	2.083899E-01	1.784684E-01
4.790380E+03	-1.688873E+01	2.085806E-01	1.784690E-01
4.790580E+03	-1.688939E+01	2.079889E-01	1.784696E-01
4.790780E+03	-1.688939E+01	2.073057E-01	1.784702E-01
4.790980E+03	-1.688881E+01	2.064615E-01	1.784708E-01
4.791180E+03	-1.688824E+01	2.053091E-01	1.784714E-01
4.791380E+03	-1.688873E+01	2.052097E-01	1.784720E-01
4.791580E+03	-1.688913E+01	2.058324E-01	1.784726E-01
4.791780E+03	-1.688895E+01	2.053790E-01	1.784732E-01
4.791980E+03	-1.688840E+01	2.056486E-01	1.784739E-01
4.792180E+03	-1.688703E+01	2.058625E-01	1.784745E-01
4.792380E+03	-1.688561E+01	2.044715E-01	1.784751E-01
4.792580E+03	-1.688466E+01	2.024232E-01	1.784757E-01
4.792780E+03	-1.688502E+01	2.039463E-01	1.784763E-01
4.792980E+03	-1.688615E+01	2.044587E-01	1.784769E-01
4.793180E+03	-1.688719E+01	2.049304E-01	1.784775E-01
4.793380E+03	-1.688727E+01	2.033478E-01	1.784781E-01
4.793580E+03	-1.688757E+01	1.998599E-01	1.784787E-01
4.793780E+03	-1.688871E+01	1.987758E-01	1.784793E-01
4.793980E+03	-1.688948E+01	1.996514E-01	1.784800E-01
4.794180E+03	-1.688978E+01	1.992636E-01	1.784806E-01
4.794380E+03	-1.689036E+01	1.990362E-01	1.784812E-01
4.794580E+03	-1.689040E+01	1.980196E-01	1.784818E-01
4.794781E+03	-1.689073E+01	1.987766E-01	1.784824E-01
4.794981E+03	-1.689121E+01	1.988242E-01	1.784830E-01
4.795181E+03	-1.689169E+01	1.990452E-01	1.784836E-01
4.795381E+03	-1.689249E+01	1.991485E-01	1.784842E-01
4.795581E+03	-1.689283E+01	1.994505E-01	1.784848E-01
4.795781E+03	-1.689213E+01	1.990395E-01	1.784854E-01
4.795981E+03	-1.689248E+01	1.992138E-01	1.784861E-01
4.796181E+03	-1.689319E+01	1.997186E-01	1.784867E-01
4.796381E+03	-1.689266E+01	2.000839E-01	1.784873E-01
4.796581E+03	-1.689348E+01	2.003031E-01	1.784879E-01
4.796780E+03	-1.689385E+01	2.001054E-01	1.784885E-01
4.796980E+03	-1.689333E+01	2.002219E-01	1.784891E-01
4.797181E+03	-1.689342E+01	2.004111E-01	1.784897E-01
4.797381E+03	-1.689414E+01	2.008500E-01	1.784903E-01
4.797580E+03	-1.689507E+01	2.023274E-01	1.784909E-01
4.797780E+03	-1.689599E+01	2.040456E-01	1.784915E-01
4.797980E+03	-1.689615E+01	2.061758E-01	1.784921E-01
4.798180E+03	-1.689583E+01	2.064119E-01	1.784928E-01
4.798380E+03	-1.689593E+01	2.064124E-01	1.784934E-01
4.798580E+03	-1.689560E+01	2.058680E-01	1.784940E-01
4.798780E+03	-1.689451E+01	2.047065E-01	1.784946E-01
4.798980E+03	-1.689464E+01	2.057994E-01	1.784952E-01
4.799180E+03	-1.689458E+01	2.057666E-01	1.784958E-01
4.799380E+03	-1.689400E+01	2.062017E-01	1.784964E-01
4.799580E+03	-1.689281E+01	2.070010E-01	1.784970E-01
4.799780E+03	-1.689271E+01	2.071894E-01	1.784976E-01
4.799980E+03	-1.689370E+01	2.083415E-01	1.784982E-01
4.800180E+03	-1.689328E+01	2.092195E-01	1.784988E-01
4.800380E+03	-1.689312E+01	2.096198E-01	1.784994E-01
4.800580E+03	-1.689330E+01	2.104116E-01	1.785001E-01
4.800780E+03	-1.689289E+01	2.132350E-01	1.785007E-01
4.800980E+03	-1.689331E+01	2.134361E-01	1.785013E-01
4.801180E+03	-1.689336E+01	2.134233E-01	1.785019E-01
4.801380E+03	-1.689225E+01	2.135784E-01	1.785025E-01
4.801581E+03	-1.689170E+01	2.134561E-01	1.785031E-01
4.801781E+03	-1.689249E+01	2.149465E-01	1.785037E-01
4.801981E+03	-1.689318E+01	2.169610E-01	1.785043E-01
4.802181E+03	-1.689271E+01	2.182730E-01	1.785049E-01
4.802381E+03	-1.689239E+01	2.188982E-01	1.785055E-01
4.802581E+03	-1.689206E+01	2.190362E-01	1.785061E-01
4.802781E+03	-1.689144E+01	2.208980E-01	1.785068E-01
4.803381E+03	-1.689098E+01	2.208323E-01	1.785086E-01
4.803581E+03	-1.689126E+01	2.227388E-01	1.785092E-01
4.803781E+03	-1.689125E+01	2.228036E-01	1.785098E-01
4.803981E+03	-1.689136E+01	2.230245E-01	1.785104E-01
4.804181E+03	-1.689185E+01	2.230126E-01	1.785110E-01
4.804381E+03	-1.689195E+01	2.225526E-01	1.785116E-01
4.804581E+03	-1.689123E+01	2.219626E-01	1.785122E-01
4.804781E+03	-1.689002E+01	2.214468E-01	1.785128E-01
4.804981E+03	-1.689106E+01	2.204778E-01	1.785134E-01
4.805181E+03	-1.689150E+01	2.196152E-01	1.785141E-01
4.805381E+03	-1.689023E+01	2.200983E-01	1.785147E-01
4.805581E+03	-1.688969E+01	2.208615E-01	1.785153E-01
4.805781E+03	-1.688990E+01	2.214549E-01	1.785159E-01
4.805981E+03	-1.689028E+01	2.220909E-01	1.785165E-01
4.806181E+03	-1.689127E+01	2.221671E-01	1.785171E-01
4.806381E+03	-1.689226E+01	2.227858E-01	1.785177E-01
4.806581E+03	-1.689232E+01	2.230437E-01	1.785183E-01
4.806781E+03	-1.689175E+01	2.229216E-01	1.785189E-01
4.806981E+03	-1.689074E+01	2.225438E-01	1.785195E-01
4.807181E+03	-1.689064E+01	2.225241E-01	1.785201E-01
4.807381E+03	-1.689136E+01	2.212871E-01	1.785207E-01
4.807581E+03	-1.689198E+01	2.215005E-01	1.785214E-01
4.807781E+03	-1.689262E+01	2.218386E-01	1.785220E-01
4.807981E+03	-1.689256E+01	2.217326E-01	1.785226E-01
4.808181E+03	-1.689223E+01	2.214720E-01	1.785232E-01
4.808382E+03	-1.689256E+01	2.211125E-01	1.785238E-01
4.808582E+03	-1.689282E+01	2.212328E-01	1.785244E-01
4.808782E+03	-1.689368E+01	2.207404E-01	1.785250E-01
4.808981E+03	-1.689465E+01	2.216457E-01	1.785256E-01
4.809181E+03	-1.689427E+01	2.207547E-01	1.785262E-01
4.809382E+03	-1.689380E+01	2.206139E-01	1.785268E-01
4.809582E+03	-1.689390E+01	2.205152E-01	1.785274E-01
4.809781E+03	-1.689372E+01	2.212102E-01	1.785280E-01
4.810181E+03	-1.689367E+01	2.213652E-01	1.785293E-01
4.810381E+03	-1.689360E+01	2.215385E-01	1.785299E-01
4.810581E+03	-1.689348E+01	2.231498E-01	1.785305E-01
4.810781E+03	-1.689323E+01	2.234290E-01	1.785311E-01
4.810981E+03	-1.689343E+01	2.246558E-01	1.785317E-01
4.811181E+03	-1.689423E+01	2.262041E-01	1.785323E-01
4.811381E+03	-1.689543E+01	2.275274E-01	1.785329E-01
4.811581E+03	-1.689604E+01	2.279921E-01	1.785335E-01
4.811781E+03	-1.689503E+01	2.265139E-01	1.785341E-01
4.811981E+03	-1.689413E+01	2.292170E-01	1.785347E-01
4.812181E+03	-1.689379E+01	2.297425E-01	1.785353E-01
4.812381E+03	-1.689325E+01	2.288761E-01	1.785359E-01
4.812581E+03	-1.689320E+01	2.289679E-01	1.785365E-01
4.812781E+03	-1.689407E+01	2.294086E-01	1.785372E-01
4.812981E+03	-1.689403E+01	2.290745E-01	1.785378E-01
4.813181E+03	-1.689446E+01	2.299770E-01	1.785384E-01
4.813381E+03	-1.689511E+01	2.302424E-01	1.785390E-01
4.813581E+03	-1.689511E+01	2.296187E-01	1.785396E-01
4.813781E+03	-1.689500E+01	2.296345E-01	1.785402E-01
4.813981E+03	-1.689460E+01	2.294328E-01	1.785408E-01
4.814181E+03	-1.689450E+01	2.293926E-01	1.785414E-01
4.814381E+03	-1.689500E+01	2.279662E-01	1.785420E-01
4.814581E+03	-1.689531E+01	2.279927E-01	1.785426E-01
4.814981E+03	-1.689438E+01	2.291496E-01	1.785438E-01
4.815182E+03	-1.689395E+01	2.278564E-01	1.785444E-01
4.815382E+03	-1.689406E+01	2.278870E-01	1.785450E-01
4.815582E+03	-1.689419E+01	2.279307E-01	1.785457E-01
4.815782E+03	-1.689393E+01	2.269322E-01	1.785463E-01
4.815982E+03	-1.689398E+01	2.274651E-01	1.785469E-01
4.816182E+03	-1.689418E+01	2.275072E-01	1.785475E-01
4.816382E+03	-1.689330E+01	2.271353E-01	1.785481E-01
4.816582E+03	-1.689394E+01	2.277192E-01	1.785487E-01
4.816782E+03	-1.689516E+01	2.287908E-01	1.785493E-01
4.816982E+03	-1.689474E+01	2.273119E-01	1.785499E-01
4.817182E+03	-1.689428E+01	2.257480E-01	1.785505E-01
4.817382E+03	-1.689471E+01	2.258655E-01	1.785511E-01
4.817582E+03	-1.689486E+01	2.266320E-01	1.785517E-01
4.817782E+03	-1.689490E+01	2.250089E-01	1.785523E-01
4.817982E+03	-1.689600E+01	2.260321E-01	1.785529E-01
4.818182E+03	-1.689607E+01	2.246957E-01	1.785535E-01
4.818382E+03	-1.689538E+01	2.223152E-01	1.785541E-01
4.818582E+03	-1.689459E+01	2.211781E-01	1.785548E-01
4.818782E+03	-1.689412E+01	2.208097E-01	1.785554E-01
4.818982E+03	-1.689386E+01	2.207796E-01	1.785560E-01
4.819182E+03	-1.689440E+01	2.209272E-01	1.785566E-01
4.819382E+03	-1.689395E+01	2.207989E-01	1.785572E-01
4.819782E+03	-1.689298E+01	2.214239E-01	1.785584E-01
4.819982E+03	-1.689283E+01	2.217389E-01	1.785590E-01
4.820182E+03	-1.689280E+01	2.198338E-01	1.785596E-01
4.820382E+03	-1.689328E+01	2.196908E-01	1.785602E-01
4.820582E+03	-1.689374E+01	2.215589E-01	1.785608E-01
4.820782E+03	-1.689378E+01	2.219107E-01	1.785614E-01
4.820981E+03	-1.689357E+01	2.230582E-01	1.785620E-01
4.821181E+03	-1.689269E+01	2.225996E-01	1.785626E-01
4.821382E+03	-1.689216E+01	2.225094E-01	1.785632E-01
4.821582E+03	-1.689276E+01	2.226192E-01	1.785638E-01
4.821982E+03	-1.689365E+01	2.232770E-01	1.785651E-01
4.822182E+03	-1.689381E+01	2.246318E-01	1.785657E-01
4.822382E+03	-1.689376E+01	2.256167E-01	1.785663E-01
4.822582E+03	-1.689352E+01	2.254690E-01	1.785669E-01
4.822782E+03	-1.689411E+01	2.255115E-01	1.785675E-01
4.822982E+03	-1.689369E+01	2.258112E-01	1.785681E-01
4.823182E+03	-1.689291E+01	2.252992E-01	1.785687E-01
4.823382E+03	-1.689256E+01	2.250942E-01	1.785693E-01
4.823582E+03	-1.689230E+01	2.262174E-01	1.785699E-01
4.823782E+03	-1.689206E+01	2.270331E-01	1.785705E-01
4.823982E+03	-1.689191E+01	2.265962E-01	1.785711E-01
4.824182E+03	-1.689147E+01	2.265589E-01	1.785717E-01
4.824382E+03	-1.688986E+01	2.254517E-01	1.785723E-01
4.824982E+03	-1.688912E+01	2.244993E-01	1.785741E-01
4.825182E+03	-1.688939E+01	2.245994E-01	1.785748E-01
4.825382E+03	-1.689105E+01	2.255889E-01	1.785754E-01
4.825582E+03	-1.689200E+01	2.273354E-01	1.785760E-01
4.825782E+03	-1.689173E+01	2.278799E-01	1.785766E-01
4.825982E+03	-1.689093E+01	2.277891E-01	1.785772E-01
4.826182E+03	-1.689066E+01	2.262698E-01	1.785778E-01
4.826382E+03	-1.689178E+01	2.271693E-01	1.785784E-01
4.826582E+03	-1.689358E+01	2.299553E-01	1.785790E-01
4.826782E+03	-1.689501E+01	2.314163E-01	1.785796E-01
4.826982E+03	-1.689523E+01	2.313488E-01	1.785802E-01
4.827182E+03	-1.689594E+01	2.317721E-01	1.785808E-01
4.827382E+03	-1.689748E+01	2.333385E-01	1.785814E-01
4.827582E+03	-1.689797E+01	2.342547E-01	1.785820E-01
4.827782E+03	-1.689854E+01	2.349314E-01	1.785826E-01
4.827982E+03	-1.689927E+01	2.353232E-01	1.785832E-01
4.828182E+03	-1.689958E+01	2.350871E-01	1.785838E-01
4.828382E+03	-1.689959E+01	2.308430E-01	1.785844E-01
4.828783E+03	-1.690021E+01	2.320113E-01	1.785857E-01
4.828983E+03	-1.690111E+01	2.344138E-01	1.785863E-01
4.829183E+03	-1.690121E+01	2.335419E-01	1.785869E-01
4.829383E+03	-1.690079E+01	2.286499E-01	1.785875E-01
4.829583E+03	-1.690134E+01	2.267692E-01	1.785881E-01
4.829783E+03	-1.690175E+01	2.269018E-01	1.785887E-01
4.829983E+03	-1.690071E+01	2.257853E-01	1.785893E-01
4.830183E+03	-1.689916E+01	2.238719E-01	1.785899E-01
4.830383E+03	-1.689866E+01	2.239868E-01	1.785905E-01
4.830583E+03	-1.689930E+01	2.240347E-01	1.785911E-01
4.830783E+03	-1.689955E+01	2.243097E-01	1.785917E-01
4.830983E+03	-1.689919E+01	2.232616E-01	1.785923E-01
4.831183E+03	-1.689866E+01	2.234145E-01	1.785929E-01
4.831383E+03	-1.689846E+01	2.250556E-01	1.785935E-01
4.831583E+03	-1.689863E+01	2.251403E-01	1.785941E-01
4.831783E+03	-1.689841E+01	2.250547E-01	1.785947E-01
4.831983E+03	-1.689812E+01	2.255142E-01	1.785953E-01
4.832183E+03	-1.689809E+01	2.255922E-01	1.785959E-01
4.832383E+03	-1.689803E+01	2.248657E-01	1.785965E-01
4.832783E+03	-1.689797E+01	2.266291E-01	1.785978E-01
4.832983E+03	-1.689849E+01	2.290075E-01	1.785984E-01
4.833182E+03	-1.689859E+01	2.291172E-01	1.785990E-01
4.833382E+03	-1.689870E+01	2.289283E-01	1.785996E-01
4.833583E+03	-1.689879E+01	2.288522E-01	1.786002E-01
4.833783E+03	-1.689897E+01	2.289136E-01	1.786008E-01
4.833983E+03	-1.689915E+01	2.298380E-01	1.786014E-01
4.834182E+03	-1.689871E+01	2.272869E-01	1.786020E-01
4.834382E+03	-1.689714E+01	2.266612E-01	1.786026E-01
4.834982E+03	-1.689612E+01	2.261450E-01	1.786044E-01
4.835182E+03	-1.689564E+01	2.258946E-01	1.786050E-01
4.835383E+03	-1.689571E+01	2.260053E-01	1.786056E-01
4.835583E+03	-1.689531E+01	2.258506E-01	1.786062E-01
4.835783E+03	-1.689475E+01	2.252347E-01	1.786068E-01
4.835983E+03	-1.689453E+01	2.262461E-01	1.786074E-01
4.836183E+03	-1.689435E+01	2.250654E-01	1.786080E-01
4.836383E+03	-1.689428E+01	2.251014E-01	1.786086E-01
4.836583E+03	-1.689373E+01	2.243048E-01	1.786092E-01
4.836783E+03	-1.689261E+01	2.238739E-01	1.786098E-01
4.837183E+03	-1.689128E+01	2.244562E-01	1.786111E-01
4.837383E+03	-1.689096E+01	2.272283E-01	1.786117E-01
4.837583E+03	-1.689093E+01	2.272863E-01	1.786123E-01
4.837783E+03	-1.689066E+01	2.282280E-01	1.786129E-01
4.837983E+03	-1.689011E+01	2.280567E-01	1.786135E-01
4.838183E+03	-1.688987E+01	2.277394E-01	1.786141E-01
4.838583E+03	-1.689014E+01	2.278476E-01	1.786153E-01
4.838783E+03	-1.688991E+01	2.276602E-01	1.786159E-01
4.838983E+03	-1.689025E+01	2.278660E-01	1.786165E-01
4.839183E+03	-1.688936E+01	2.277271E-01	1.786171E-01
4.839383E+03	-1.688870E+01	2.271393E-01	1.786177E-01
4.839583E+03	-1.688834E+01	2.258811E-01	1.786183E-01
4.839783E+03	-1.688885E+01	2.250089E-01	1.786189E-01
4.839983E+03	-1.688943E+01	2.246285E-01	1.786195E-01
4.840183E+03	-1.688870E+01	2.241518E-01	1.786201E-01
4.840383E+03	-1.688821E+01	2.241777E-01	1.786207E-01
4.840583E+03	-1.688823E+01	2.241749E-01	1.786213E-01
4.840783E+03	-1.688801E+01	2.249479E-01	1.786219E-01
4.840983E+03	-1.688807E+01	2.284723E-01	1.786225E-01
4.841183E+03	-1.688753E+01	2.278329E-01	1.786231E-01
4.841383E+03	-1.688718E+01	2.288688E-01	1.786237E-01
4.841583E+03	-1.688744E+01	2.283547E-01	1.786243E-01
4.841783E+03	-1.688723E+01	2.293173E-01	1.786249E-01
4.841983E+03	-1.688743E+01	2.312200E-01	1.786255E-01
4.842184E+03	-1.688689E+01	2.304251E-01	1.786262E-01
4.842384E+03	-1.688719E+01	2.300910E-01	1.786268E-01
4.842984E+03	-1.688845E+01	2.304146E-01	1.786286E-01
4.843184E+03	-1.688894E+01	2.299282E-01	1.786292E-01
4.843384E+03	-1.688928E+01	2.278393E-01	1.786298E-01
4.843584E+03	-1.688901E+01	2.292628E-01	1.786304E-01
4.843784E+03	-1.688876E+01	2.298461E-01	1.786310E-01
4.843984E+03	-1.688889E+01	2.292441E-01	1.786316E-01
4.844184E+03	-1.688878E+01	2.290414E-01	1.786322E-01
4.844384E+03	-1.688967E+01	2.285481E-01	1.786328E-01
4.844584E+03	-1.688949E+01	2.281278E-01	1.786334E-01
4.844784E+03	-1.688873E+01	2.284252E-01	1.786340E-01
4.844984E+03	-1.688871E+01	2.279021E-01	1.786346E-01
4.845184E+03	-1.688871E+01	2.271029E-01	1.786352E-01
4.845383E+03	-1.688834E+01	2.241310E-01	1.786358E-01
4.845583E+03	-1.688832E+01	2.238267E-01	1.786364E-01
4.845783E+03	-1.688821E+01	2.232355E-01	1.786370E-01
4.845984E+03	-1.688888E+01	2.246379E-01	1.786376E-01
4.846184E+03	-1.688925E+01	2.245827E-01	1.786382E-01
4.846383E+03	-1.688871E+01	2.244074E-01	1.786388E-01
4.846583E+03	-1.688860E+01	2.245039E-01	1.786394E-01
4.846783E+03	-1.688745E+01	2.245427E-01	1.786400E-01
4.846983E+03	-1.688620E+01	2.239592E-01	1.786406E-01
4.847183E+03	-1.688661E+01	2.256420E-01	1.786412E-01
4.847383E+03	-1.688648E+01	2.251684E-01	1.786418E-01
4.847583E+03	-1.688583E+01	2.231441E-01	1.786424E-01
4.847783E+03	-1.688658E+01	2.220259E-01	1.786430E-01
4.847983E+03	-1.688779E+01	2.224260E-01	1.786436E-01
4.848183E+03	-1.688767E+01	2.248317E-01	1.786442E-01
4.848383E+03	-1.688618E+01	2.264710E-01	1.786448E-01
4.848583E+03	-1.688471E+01	2.260709E-01	1.786454E-01
4.848783E+03	-1.688396E+01	2.256269E-01	1.786461E-01
4.848984E+03	-1.688394E+01	2.255930E-01	1.786467E-01
4.849184E+03	-1.688303E+01	2.250686E-01	1.786474E-01
4.849384E+03	-1.688263E+01	2.256403E-01	1.786480E-01
4.849584E+03	-1.688279E+01	2.260255E-01	1.786487E-01
4.849784E+03	-1.688244E+01	2.265002E-01	1.786493E-01
4.849984E+03	-1.688132E+01	2.303984E-01	1.786500E-01
4.850184E+03	-1.688063E+01	2.336299E-01	1.786506E-01
4.850384E+03	-1.688043E+01	2.341112E-01	1.786513E-01
4.850584E+03	-1.688026E+01	2.340169E-01	1.786520E-01
4.850784E+03	-1.688005E+01	2.338824E-01	1.786526E-01
4.850984E+03	-1.687912E+01	2.331070E-01	1.786533E-01
4.851184E+03	-1.687745E+01	2.319436E-01	1.786539E-01
4.851384E+03	-1.687619E+01	2.311061E-01	1.786546E-01
4.851584E+03	-1.687583E+01	2.307217E-01	1.786552E-01
4.851784E+03	-1.687631E+01	2.311728E-01	1.786559E-01
4.851984E+03	-1.687756E+01	2.305272E-01	1.786566E-01
4.852184E+03	-1.687789E+01	2.307442E-01	1.786572E-01
4.852384E+03	-1.687728E+01	2.302281E-01	1.786579E-01
4.852584E+03	-1.687721E+01	2.308159E-01	1.786585E-01
4.852784E+03	-1.687820E+01	2.323322E-01	1.786592E-01
4.852984E+03	-1.687911E+01	2.311555E-01	1.786598E-01
4.853184E+03	-1.687876E+01	2.295428E-01	1.786605E-01
4.853384E+03	-1.687831E+01	2.287858E-01	1.786612E-01
4.853584E+03	-1.687809E+01	2.285069E-01	1.786618E-01
4.853784E+03	-1.687871E+01	2.286943E-01	1.786625E-01
4.853984E+03	-1.687963E+01	2.259856E-01	1.786631E-01
4.854184E+03	-1.687910E+01	2.249855E-01	1.786638E-01
4.854384E+03	-1.687878E+01	2.252652E-01	1.786644E-01
4.854584E+03	-1.687850E+01	2.250198E-01	1.786651E-01
4.854784E+03	-1.687778E+01	2.258012E-01	1.786657E-01
4.854984E+03	-1.687684E+01	2.281545E-01	1.786664E-01
4.855184E+03	-1.687573E+01	2.280933E-01	1.786671E-01
4.855384E+03	-1.687485E+01	2.262878E-01	1.786677E-01
4.855584E+03	-1.687465E+01	2.264264E-01	1.786684E-01
4.855785E+03	-1.687421E+01	2.267916E-01	1.786690E-01
4.855985E+03	-1.687520E+01	2.272132E-01	1.786697E-01
4.856185E+03	-1.687670E+01	2.279714E-01	1.786703E-01
4.856385E+03	-1.687732E+01	2.283015E-01	1.786710E-01
4.856585E+03	-1.687726E+01	2.276593E-01	1.786716E-01
4.856785E+03	-1.687711E+01	2.267217E-01	1.786723E-01
4.856985E+03	-1.687592E+01	2.269791E-01	1.786730E-01
4.857185E+03	-1.687433E+01	2.262978E-01	1.786736E-01
4.857385E+03	-1.687369E+01	2.259341E-01	1.786743E-01
4.857584E+03	-1.687435E+01	2.260991E-01	1.786749E-01
4.857784E+03	-1.687437E+01	2.259269E-01	1.786756E-01
4.857984E+03	-1.687376E+01	2.262088E-01	1.786762E-01
4.858185E+03	-1.687305E+01	2.251502E-01	1.786769E-01
4.858385E+03	-1.687202E+01	2.260778E-01	1.786775E-01
4.858584E+03	-1.687124E+01	2.249929E-01	1.786782E-01
4.858784E+03	-1.687113E+01	2.251622E-01	1.786789E-01
4.858984E+03	-1.687159E+01	2.253568E-01	1.786795E-01
4.859184E+03	-1.687240E+01	2.258428E-01	1.786802E-01
4.859384E+03	-1.687309E+01	2.254623E-01	1.786808E-01
4.859584E+03	-1.687283E+01	2.256205E-01	1.786815E-01
4.859784E+03	-1.687356E+01	2.254002E-01	1.786821E-01
4.859984E+03	-1.687498E+01	2.264369E-01	1.786828E-01
4.860184E+03	-1.687539E+01	2.283714E-01	1.786834E-01
4.860384E+03	-1.687480E+01	2.288712E-01	1.786841E-01
4.860584E+03	-1.687506E+01	2.289856E-01	1.786848E-01
4.860784E+03	-1.687561E+01	2.294212E-01	1.786854E-01
4.860984E+03	-1.687540E+01	2.294569E-01	1.786861E-01
4.861184E+03	-1.687500E+01	2.294188E-01	1.786867E-01
4.861384E+03	-1.687503E+01	2.292113E-01	1.786874E-01
4.861584E+03	-1.687548E+01	2.295996E-01	1.786880E-01
4.861784E+03	-1.687550E+01	2.297820E-01	1.786887E-01
4.861984E+03	-1.687558E+01	2.281858E-01	1.786893E-01
4.862184E+03	-1.687616E+01	2.274927E-01	1.786900E-01
4.862385E+03	-1.687653E+01	2.274446E-01	1.786907E-01
4.862585E+03	-1.687668E+01	2.274272E-01	1.786913E-01
4.862785E+03	-1.687678E+01	2.277408E-01	1.786920E-01
4.862985E+03	-1.687677E+01	2.280755E-01	1.786926E-01
4.863185E+03	-1.687646E+01	2.279063E-01	1.786933E-01
4.863385E+03	-1.687618E+01	2.274961E-01	1.786939E-01
4.863585E+03	-1.687630E+01	2.265401E-01	1.786946E-01
4.863785E+03	-1.687634E+01	2.255281E-01	1.786952E-01
4.863985E+03	-1.687598E+01	2.260256E-01	1.786959E-01
4.864185E+03	-1.687598E+01	2.267242E-01	1.786965E-01
4.864385E+03	-1.687601E+01	2.261128E-01	1.786972E-01
4.864585E+03	-1.687612E+01	2.261122E-01	1.786979E-01
4.864785E+03	-1.687609E+01	2.261774E-01	1.786985E-01
4.864985E+03	-1.687618E+01	2.248621E-01	1.786992E-01
4.865185E+03	-1.687660E+01	2.238052E-01	1.786998E-01
4.865385E+03	-1.687709E+01	2.240790E-01	1.787005E-01
4.865585E+03	-1.687748E+01	2.241272E-01	1.787011E-01
4.865785E+03	-1.687753E+01	2.240172E-01	1.787018E-01
4.865985E+03	-1.687749E+01	2.244989E-01	1.787024E-01
4.866185E+03	-1.687710E+01	2.246569E-01	1.787031E-01
4.866385E+03	-1.687642E+01	2.242447E-01	1.787037E-01
4.866585E+03	-1.687592E+01	2.231500E-01	1.787044E-01
4.866785E+03	-1.687574E+01	2.234549E-01	1.787051E-01
4.866985E+03	-1.687644E+01	2.236593E-01	1.787057E-01
4.867185E+03	-1.687792E+01	2.236486E-01	1.787064E-01
4.867385E+03	-1.687872E+01	2.239430E-01	1.787070E-01
4.867585E+03	-1.687901E+01	2.231539E-01	1.787077E-01
4.867785E+03	-1.687866E+01	2.223741E-01	1.787083E-01
4.867985E+03	-1.687885E+01	2.225897E-01	1.787090E-01
4.868185E+03	-1.687927E+01	2.223935E-01	1.787096E-01
4.868385E+03	-1.687900E+01	2.219062E-01	1.787103E-01
4.868585E+03	-1.687860E+01	2.212200E-01	1.787109E-01
4.868785E+03	-1.687852E+01	2.206397E-01	1.787116E-01
4.868985E+03	-1.687885E+01	2.207776E-01	1.787122E-01
4.869186E+03	-1.687938E+01	2.208001E-01	1.787129E-01
4.869386E+03	-1.687927E+01	2.216053E-01	1.787136E-01
4.869586E+03	-1.687804E+01	2.214668E-01	1.787142E-01
4.869785E+03	-1.687787E+01	2.200258E-01	1.787149E-01
4.869985E+03	-1.687830E+01	2.191943E-01	1.787155E-01
4.870185E+03	-1.687862E+01	2.193219E-01	1.787162E-01
4.870386E+03	-1.687856E+01	2.192916E-01	1.787168E-01
4.870586E+03	-1.687819E+01	2.190887E-01	1.787175E-01
4.870785E+03	-1.687785E+01	2.186375E-01	1.787181E-01
4.870985E+03	-1.687823E+01	2.188818E-01	1.787188E-01
4.871185E+03	-1.687852E+01	2.193394E-01	1.787194E-01
4.871385E+03	-1.687862E+01	2.188804E-01	1.787201E-01
4.871585E+03	-1.687916E+01	2.189758E-01	1.787207E-01
4.871785E+03	-1.687987E+01	2.193524E-01	1.787214E-01
4.871985E+03	-1.688119E+01	2.189602E-01	1.787221E-01
4.872185E+03	-1.688174E+01	2.176283E-01	1.787227E-01
4.872385E+03	-1.688166E+01	2.176312E-01	1.787234E-01
4.872585E+03	-1.688188E+01	2.175649E-01	1.787240E-01
4.872785E+03	-1.688151E+01	2.166211E-01	1.787247E-01
4.872985E+03	-1.688076E+01	2.163292E-01	1.787253E-01
4.873185E+03	-1.688089E+01	2.164437E-01	1.787260E-01
4.873385E+03	-1.688090E+01	2.150124E-01	1.787266E-01
4.873585E+03	-1.688043E+01	2.127042E-01	1.787273E-01
4.873785E+03	-1.688090E+01	2.132490E-01	1.787279E-01
4.873985E+03	-1.688128E+01	2.138651E-01	1.787286E-01
4.874185E+03	-1.688077E+01	2.132592E-01	1.787292E-01
4.874385E+03	-1.687982E+01	2.127255E-01	1.787299E-01
4.874585E+03	-1.687920E+01	2.119528E-01	1.787305E-01
4.874785E+03	-1.687968E+01	2.132358E-01	1.787312E-01
4.874985E+03	-1.688055E+01	2.135417E-01	1.787319E-01
4.875185E+03	-1.688094E+01	2.136411E-01	1.787325E-01
4.875385E+03	-1.688005E+01	2.134976E-01	1.787332E-01
4.875585E+03	-1.687922E+01	2.134173E-01	1.787338E-01
4.875785E+03	-1.687860E+01	2.130322E-01	1.787345E-01
4.875986E+03	-1.687749E+01	2.121199E-01	1.787351E-01
4.876186E+03	-1.687754E+01	2.108309E-01	1.787358E-01
4.876386E+03	-1.687884E+01	2.125100E-01	1.787364E-01
4.876586E+03	-1.687919E+01	2.132161E-01	1.787371E-01
4.876786E+03	-1.687843E+01	2.125564E-01	1.787377E-01
4.876986E+03	-1.687793E+01	2.122618E-01	1.787384E-01
4.877186E+03	-1.687792E+01	2.113591E-01	1.787390E-01
4.877386E+03	-1.687698E+01	2.082744E-01	1.787397E-01
4.877586E+03	-1.687626E+01	2.088717E-01	1.787403E-01
4.877786E+03	-1.687681E+01	2.073835E-01	1.787410E-01
4.877986E+03	-1.687731E+01	2.073571E-01	1.787417E-01
4.878186E+03	-1.687677E+01	2.076145E-01	1.787423E-01
4.878386E+03	-1.687638E+01	2.082507E-01	1.787430E-01
4.878586E+03	-1.687545E+01	2.090360E-01	1.787436E-01
4.878786E+03	-1.687400E+01	2.089471E-01	1.787443E-01
4.878986E+03	-1.687312E+01	2.086464E-01	1.787449E-01
4.879186E+03	-1.687350E+01	2.088290E-01	1.787456E-01
4.879386E+03	-1.687351E+01	2.089119E-01	1.787462E-01
4.879586E+03	-1.687231E+01	2.084107E-01	1.787469E-01
4.879786E+03	-1.687292E+01	2.082263E-01	1.787475E-01
4.879986E+03	-1.687432E+01	2.068740E-01	1.787482E-01
4.880186E+03	-1.687504E+01	2.060913E-01	1.787488E-01
4.880386E+03	-1.687554E+01	2.063200E-01	1.787495E-01
4.880586E+03	-1.687526E+01	2.045534E-01	1.787501E-01
4.880786E+03	-1.687496E+01	2.001329E-01	1.787508E-01
4.880986E+03	-1.687471E+01	1.996307E-01	1.787514E-01
4.881186E+03	-1.687501E+01	1.983285E-01	1.787521E-01
4.881386E+03	-1.687544E+01	1.985365E-01	1.787527E-01
4.881586E+03	-1.687551E+01	1.963828E-01	1.787534E-01
4.881786E+03	-1.687505E+01	1.946948E-01	1.787541E-01
4.881985E+03	-1.687442E+01	1.955453E-01	1.787547E-01
4.882185E+03	-1.687463E+01	1.952879E-01	1.787554E-01
4.882386E+03	-1.687505E+01	1.952696E-01	1.787560E-01
4.882586E+03	-1.687550E+01	1.958465E-01	1.787567E-01
4.882787E+03	-1.687596E+01	1.954116E-01	1.787573E-01
4.882986E+03	-1.687617E+01	1.934837E-01	1.787580E-01
4.883186E+03	-1.687516E+01	1.923880E-01	1.787586E-01
4.883386E+03	-1.687478E+01	1.922403E-01	1.787593E-01
4.883586E+03	-1.687452E+01	1.922580E-01	1.787599E-01
4.883786E+03	-1.687426E+01	1.922399E-01	1.787606E-01
4.883986E+03	-1.687424E+01	1.914622E-01	1.787612E-01
4.884186E+03	-1.687364E+01	1.885097E-01	1.787619E-01
4.884386E+03	-1.687282E+01	1.875024E-01	1.787625E-01
4.884586E+03	-1.687350E+01	1.878982E-01	1.787632E-01
4.884786E+03	-1.687441E+01	1.882861E-01	1.787638E-01
4.884986E+03	-1.687422E+01	1.882308E-01	1.787645E-01
4.885186E+03	-1.687428E+01	1.870516E-01	1.787651E-01
4.885386E+03	-1.687405E+01	1.860005E-01	1.787658E-01
4.885586E+03	-1.687397E+01	1.861338E-01	1.787664E-01
4.885786E+03	-1.687363E+01	1.874116E-01	1.787671E-01
4.885986E+03	-1.687319E+01	1.861152E-01	1.787677E-01
4.886186E+03	-1.687315E+01	1.858067E-01	1.787684E-01
4.886386E+03	-1.687346E+01	1.870430E-01	1.787690E-01
4.886586E+03	-1.687372E+01	1.854829E-01	1.787697E-01
4.886786E+03	-1.687372E+01	1.855101E-01	1.787704E-01
4.886986E+03	-1.687347E+01	1.853526E-01	1.787710E-01
4.887186E+03	-1.687425E+01	1.857005E-01	1.787717E-01
4.887386E+03	-1.687413E+01	1.867794E-01	1.787723E-01
4.887586E+03	-1.687398E+01	1.853008E-01	1.787730E-01
4.887786E+03	-1.687436E+01	1.833596E-01	1.787736E-01
4.887986E+03	-1.687431E+01	1.831730E-01	1.787743E-01
4.888186E+03	-1.687426E+01	1.837393E-01	1.787749E-01
4.888386E+03	-1.687401E+01	1.845373E-01	1.787756E-01
4.888586E+03	-1.687350E+01	1.848809E-01	1.787762E-01
4.888786E+03	-1.687375E+01	1.840340E-01	1.787769E-01
4.888986E+03	-1.687378E+01	1.836748E-01	1.787775E-01
4.889186E+03	-1.687416E+01	1.832946E-01	1.787782E-01
4.889387E+03	-1.687604E+01	1.788029E-01	1.787788E-01
4.889587E+03	-1.687616E+01	1.745088E-01	1.787795E-01
4.889787E+03	-1.687624E+01	1.740763E-01	1.787801E-01
4.889987E+03	-1.687773E+01	1.746927E-01	1.787808E-01
4.890187E+03	-1.687909E+01	1.752636E-01	1.787814E-01
4.890387E+03	-1.687980E+01	1.766193E-01	1.787821E-01
4.890587E+03	-1.687972E+01	1.773584E-01	1.787827E-01
4.890787E+03	-1.687905E+01	1.770773E-01	1.787834E-01
4.890987E+03	-1.687837E+01	1.774972E-01	1.787840E-01
4.891187E+03	-1.687807E+01	1.772751E-01	1.787847E-01
4.891387E+03	-1.687899E+01	1.776782E-01	1.787853E-01
4.891587E+03	-1.687939E+01	1.777253E-01	1.787860E-01
4.891787E+03	-1.687871E+01	1.775495E-01	1.787866E-01
4.891987E+03	-1.687850E+01	1.747401E-01	1.787873E-01
4.892187E+03	-1.687891E+01	1.730011E-01	1.787879E-01
4.892387E+03	-1.687854E+01	1.737743E-01	1.787886E-01
4.892587E+03	-1.687839E+01	1.744648E-01	1.787892E-01
4.892787E+03	-1.687839E+01	1.747771E-01	1.787899E-01
4.892987E+03	-1.687803E+01	1.756798E-01	1.787905E-01
4.893187E+03	-1.687836E+01	1.769508E-01	1.787912E-01
4.893387E+03	-1.687865E+01	1.774313E-01	1.787918E-01
4.893587E+03	-1.687857E+01	1.774149E-01	1.787925E-01
4.893787E+03	-1.687897E+01	1.774749E-01	1.787931E-01
4.893987E+03	-1.687962E+01	1.785778E-01	1.787938E-01
4.894186E+03	-1.687990E+01	1.763681E-01	1.787944E-01
4.894386E+03	-1.687913E+01	1.715823E-01	1.787951E-01
4.894587E+03	-1.687830E+01	1.692052E-01	1.787957E-01
4.894787E+03	-1.687916E+01	1.699615E-01	1.787964E-01
4.894986E+03	-1.687927E+01	1.721966E-01	1.787970E-01
4.895186E+03	-1.687933E+01	1.728343E-01	1.787977E-01
4.895386E+03	-1.687956E+01	1.728374E-01	1.787983E-01
4.895586E+03	-1.687982E+01	1.729502E-01	1.787990E-01
4.895786E+03	-1.688042E+01	1.731808E-01	1.787996E-01
4.895986E+03	-1.688133E+01	1.738774E-01	1.788003E-01
4.896187E+03	-1.688147E+01	1.731505E-01	1.788010E-01
4.896387E+03	-1.688047E+01	1.714501E-01	1.788016E-01
4.896587E+03	-1.688003E+01	1.710715E-01	1.788023E-01
4.896787E+03	-1.688102E+01	1.718424E-01	1.788029E-01
4.896987E+03	-1.688159E+01	1.736222E-01	1.788036E-01
4.897187E+03	-1.688188E+01	1.760328E-01	1.788042E-01
4.897387E+03	-1.688192E+01	1.753960E-01	1.788049E-01
4.897587E+03	-1.688164E+01	1.754555E-01	1.788055E-01
4.897787E+03	-1.688227E+01	1.732621E-01	1.788062E-01
4.897987E+03	-1.688302E+01	1.738963E-01	1.788068E-01
4.898187E+03	-1.688362E+01	1.737275E-01	1.788075E-01
4.898387E+03	-1.688386E+01	1.738188E-01	1.788081E-01
4.898587E+03	-1.688387E+01	1.741459E-01	1.788088E-01
4.898787E+03	-1.688362E+01	1.746052E-01	1.788094E-01
4.898987E+03	-1.688395E+01	1.739769E-01	1.788101E-01
4.899187E+03	-1.688410E+01	1.764573E-01	1.788107E-01
4.899387E+03	-1.688321E+01	1.752250E-01	1.788114E-01
4.899587E+03	-1.688236E+01	1.732135E-01	1.788120E-01
4.899787E+03	-1.688191E+01	1.721933E-01	1.788127E-01
4.899987E+03	-1.688108E+01	1.720524E-01	1.788133E-01
4.900187E+03	-1.688011E+01	1.723069E-01	1.788140E-01
4.900387E+03	-1.687999E+01	1.728980E-01	1.788146E-01
4.900587E+03	-1.688071E+01	1.725887E-01	1.788153E-01
4.900787E+03	-1.688139E+01	1.717089E-01	1.788159E-01
4.900987E+03	-1.688076E+01	1.718736E-01	1.788166E-01
4.901187E+03	-1.688081E+01	1.716753E-01	1.788172E-01
4.901387E+03	-1.688144E+01	1.719143E-01	1.788179E-01
4.901787E+03	-1.688234E+01	1.717784E-01	1.788192E-01
4.901987E+03	-1.688281E+01	1.717812E-01	1.788198E-01
4.902187E+03	-1.688242E+01	1.702154E-01	1.788204E-01
4.902387E+03	-1.688186E+01	1.695552E-01	1.788211E-01
4.902587E+03	-1.688147E+01	1.696762E-01	1.788217E-01
4.902787E+03	-1.688220E+01	1.711053E-01	1.788224E-01
4.902988E+03	-1.688354E+01	1.716892E-01	1.788231E-01
4.903188E+03	-1.688381E+01	1.715967E-01	1.788237E-01
4.903388E+03	-1.688399E+01	1.716445E-01	1.788244E-01
4.903588E+03	-1.688514E+01	1.712584E-01	1.788250E-01
4.903788E+03	-1.688560E+01	1.707551E-01	1.788256E-01
4.903988E+03	-1.688631E+01	1.714646E-01	1.788263E-01
4.904188E+03	-1.688685E+01	1.714728E-01	1.788269E-01
4.904388E+03	-1.688724E+01	1.719097E-01	1.788276E-01
4.904588E+03	-1.688759E+01	1.718726E-01	1.788282E-01
4.904788E+03	-1.688802E+01	1.733444E-01	1.788289E-01
4.904988E+03	-1.688941E+01	1.745038E-01	1.788295E-01
4.905188E+03	-1.688929E+01	1.745714E-01	1.788302E-01
4.905388E+03	-1.688755E+01	1.741312E-01	1.788308E-01
4.905588E+03	-1.688666E+01	1.731326E-01	1.788315E-01
4.905788E+03	-1.688648E+01	1.725601E-01	1.788321E-01
4.905988E+03	-1.688637E+01	1.725164E-01	1.788328E-01
4.906188E+03	-1.688717E+01	1.728966E-01	1.788334E-01
4.906388E+03	-1.688744E+01	1.715837E-01	1.788341E-01
4.906587E+03	-1.688785E+01	1.729591E-01	1.788347E-01
4.906788E+03	-1.688850E+01	1.730219E-01	1.788354E-01
4.906988E+03	-1.688886E+01	1.728897E-01	1.788360E-01
4.907188E+03	-1.689000E+01	1.713639E-01	1.788367E-01
4.907387E+03	-1.689132E+01	1.721809E-01	1.788373E-01
4.907587E+03	-1.689114E+01	1.728952E-01	1.788380E-01
4.907787E+03	-1.689058E+01	1.727295E-01	1.788386E-01
4.907987E+03	-1.689031E+01	1.740413E-01	1.788393E-01
4.908187E+03	-1.689011E+01	1.741411E-01	1.788399E-01
4.908387E+03	-1.688945E+01	1.738299E-01	1.788406E-01
4.908587E+03	-1.688953E+01	1.740197E-01	1.788412E-01
4.908787E+03	-1.689009E+01	1.745470E-01	1.788419E-01
4.908987E+03	-1.688998E+01	1.735303E-01	1.788425E-01
4.909187E+03	-1.688893E+01	1.724600E-01	1.788432E-01
4.909387E+03	-1.688872E+01	1.725652E-01	1.788438E-01
4.909587E+03	-1.688942E+01	1.732940E-01	1.788445E-01
4.909788E+03	-1.689002E+01	1.752477E-01	1.788451E-01
4.909988E+03	-1.689069E+01	1.761496E-01	1.788458E-01
4.910188E+03	-1.689118E+01	1.763664E-01	1.788464E-01
4.910388E+03	-1.689139E+01	1.764519E-01	1.788471E-01
4.910588E+03	-1.689213E+01	1.774174E-01	1.788477E-01
4.910788E+03	-1.689184E+01	1.783392E-01	1.788484E-01
4.910988E+03	-1.689163E+01	1.780943E-01	1.788490E-01
4.911188E+03	-1.689198E+01	1.784003E-01	1.788497E-01
4.911388E+03	-1.689171E+01	1.782672E-01	1.788503E-01
4.911588E+03	-1.689076E+01	1.787344E-01	1.788510E-01
4.911788E+03	-1.689028E+01	1.785919E-01	1.788516E-01
4.911988E+03	-1.689029E+01	1.785475E-01	1.788523E-01
4.912188E+03	-1.688940E+01	1.781803E-01	1.788529E-01
4.912388E+03	-1.688865E+01	1.784321E-01	1.788535E-01
4.912588E+03	-1.688740E+01	1.791900E-01	1.788542E-01
4.912788E+03	-1.688677E+01	1.792936E-01	1.788548E-01
4.912988E+03	-1.688800E+01	1.800155E-01	1.788555E-01
4.913188E+03	-1.688836E+01	1.809217E-01	1.788561E-01
4.913388E+03	-1.688823E+01	1.803027E-01	1.788568E-01
4.913588E+03	-1.689004E+01	1.810866E-01	1.788574E-01
4.913788E+03	-1.689116E+01	1.810834E-01	1.788581E-01
4.913988E+03	-1.689147E+01	1.821992E-01	1.788587E-01
4.914188E+03	-1.689143E+01	1.819644E-01	1.788594E-01
4.914388E+03	-1.689158E+01	1.814446E-01	1.788600E-01
4.914588E+03	-1.689183E+01	1.817366E-01	1.788607E-01
4.914788E+03	-1.689126E+01	1.815665E-01	1.788613E-01
4.914988E+03	-1.689027E+01	1.809843E-01	1.788620E-01
4.915188E+03	-1.689035E+01	1.807919E-01	1.788626E-01
4.915388E+03	-1.689122E+01	1.811958E-01	1.788633E-01
4.915588E+03	-1.689142E+01	1.812129E-01	1.788639E-01
4.915788E+03	-1.689102E+01	1.813075E-01	1.788646E-01
4.915988E+03	-1.689126E+01	1.803874E-01	1.788652E-01
4.916188E+03	-1.689130E+01	1.798026E-01	1.788659E-01
4.916389E+03	-1.689009E+01	1.796500E-01	1.788665E-01
4.916589E+03	-1.688924E+01	1.793046E-01	1.788672E-01
4.916789E+03	-1.688958E+01	1.811949E-01	1.788678E-01
4.916989E+03	-1.688941E+01	1.817908E-01	1.788685E-01
4.917189E+03	-1.688825E+01	1.803647E-01	1.788691E-01
4.917389E+03	-1.688845E+01	1.804279E-01	1.788697E-01
4.917589E+03	-1.688867E+01	1.828349E-01	1.788704E-01
4.917789E+03	-1.688751E+01	1.822549E-01	1.788710E-01
4.917989E+03	-1.688695E+01	1.813384E-01	1.788717E-01
4.918189E+03	-1.688668E+01	1.806015E-01	1.788723E-01
4.918389E+03	-1.688654E+01	1.797228E-01	1.788730E-01
4.918589E+03	-1.688622E+01	1.783192E-01	1.788736E-01
4.918788E+03	-1.688594E+01	1.782221E-01	1.788743E-01
4.918989E+03	-1.688653E+01	1.784804E-01	1.788749E-01
4.919189E+03	-1.688726E+01	1.787251E-01	1.788756E-01
4.919389E+03	-1.688677E+01	1.788761E-01	1.788762E-01
4.919588E+03	-1.688629E+01	1.796853E-01	1.788769E-01
4.919788E+03	-1.688639E+01	1.797319E-01	1.788775E-01
4.919988E+03	-1.688668E+01	1.804203E-01	1.788782E-01
4.920188E+03	-1.688649E+01	1.803354E-01	1.788788E-01
4.920388E+03	-1.688676E+01	1.804350E-01	1.788795E-01
4.920588E+03	-1.688701E+01	1.804746E-01	1.788801E-01
4.920788E+03	-1.688673E+01	1.804800E-01	1.788807E-01
4.920988E+03	-1.688590E+01	1.817933E-01	1.788814E-01
4.921188E+03	-1.688521E+01	1.815107E-01	1.788820E-01
4.921388E+03	-1.688519E+01	1.809723E-01	1.788827E-01
4.921588E+03	-1.688497E+01	1.797806E-01	1.788833E-01
4.921788E+03	-1.688405E+01	1.798592E-01	1.788840E-01
4.921988E+03	-1.688309E+01	1.798904E-01	1.788846E-01
4.922188E+03	-1.688172E+01	1.788336E-01	1.788853E-01
4.922388E+03	-1.688118E+01	1.783037E-01	1.788859E-01
4.922588E+03	-1.688117E+01	1.783496E-01	1.788866E-01
4.922788E+03	-1.688063E+01	1.783583E-01	1.788872E-01
4.922988E+03	-1.688035E+01	1.780754E-01	1.788879E-01
4.923189E+03	-1.687968E+01	1.775663E-01	1.788885E-01
4.923389E+03	-1.687885E+01	1.770346E-01	1.788892E-01
4.923589E+03	-1.687925E+01	1.767355E-01	1.788898E-01
4.923789E+03	-1.687999E+01	1.766755E-01	1.788905E-01
4.923989E+03	-1.687957E+01	1.766040E-01	1.788911E-01
4.924189E+03	-1.687923E+01	1.763044E-01	1.788917E-01
4.924389E+03	-1.687906E+01	1.768978E-01	1.788924E-01
4.924589E+03	-1.687808E+01	1.769915E-01	1.788930E-01
4.924789E+03	-1.687705E+01	1.765622E-01	1.788937E-01
4.924989E+03	-1.687668E+01	1.759123E-01	1.788943E-01
4.925189E+03	-1.687665E+01	1.760283E-01	1.788950E-01
4.925389E+03	-1.687578E+01	1.739220E-01	1.788956E-01
4.925589E+03	-1.687486E+01	1.733996E-01	1.788963E-01
4.925789E+03	-1.687474E+01	1.730519E-01	1.788969E-01
4.925989E+03	-1.687518E+01	1.721485E-01	1.788976E-01
4.926189E+03	-1.687632E+01	1.725975E-01	1.788982E-01
4.926389E+03	-1.687726E+01	1.729892E-01	1.788989E-01
4.926589E+03	-1.687699E+01	1.738998E-01	1.788995E-01
4.926789E+03	-1.687631E+01	1.745631E-01	1.789002E-01
4.926989E+03	-1.687706E+01	1.737609E-01	1.789008E-01
4.927189E+03	-1.687850E+01	1.731038E-01	1.789014E-01
4.927389E+03	-1.687879E+01	1.726801E-01	1.789021E-01
4.927589E+03	-1.687815E+01	1.724006E-01	1.789027E-01
4.927789E+03	-1.687708E+01	1.716361E-01	1.789034E-01
4.927989E+03	-1.687584E+01	1.722500E-01	1.789040E-01
4.928189E+03	-1.687467E+01	1.726029E-01	1.789047E-01
4.928389E+03	-1.687370E+01	1.720813E-01	1.789053E-01
4.928589E+03	-1.687312E+01	1.720692E-01	1.789060E-01
4.928789E+03	-1.687241E+01	1.721584E-01	1.789066E-01
4.928989E+03	-1.687173E+01	1.718793E-01	1.789073E-01
4.929189E+03	-1.687195E+01	1.720962E-01	1.789079E-01
4.929389E+03	-1.687256E+01	1.719706E-01	1.789086E-01
4.929589E+03	-1.687310E+01	1.725072E-01	1.789092E-01
4.929789E+03	-1.687311E+01	1.724858E-01	1.789098E-01
4.929990E+03	-1.687304E+01	1.712970E-01	1.789105E-01
4.930190E+03	-1.687225E+01	1.700564E-01	1.789111E-01
4.930390E+03	-1.687123E+01	1.701170E-01	1.789118E-01
4.930590E+03	-1.687058E+01	1.696505E-01	1.789124E-01
4.930790E+03	-1.687051E+01	1.697136E-01	1.789131E-01
4.930989E+03	-1.687073E+01	1.712036E-01	1.789137E-01
4.931190E+03	-1.687067E+01	1.722956E-01	1.789144E-01
4.931390E+03	-1.687081E+01	1.724640E-01	1.789150E-01
4.931590E+03	-1.687010E+01	1.733147E-01	1.789157E-01
4.931789E+03	-1.686902E+01	1.731417E-01	1.789163E-01
4.931989E+03	-1.686867E+01	1.721318E-01	1.789169E-01
4.932189E+03	-1.686799E+01	1.710059E-01	1.789176E-01
4.932389E+03	-1.686684E+01	1.697239E-01	1.789182E-01
4.932589E+03	-1.686629E+01	1.680452E-01	1.789189E-01
4.932789E+03	-1.686621E+01	1.677368E-01	1.789195E-01
4.932989E+03	-1.686667E+01	1.675702E-01	1.789202E-01
4.933189E+03	-1.686681E+01	1.684783E-01	1.789208E-01
4.933389E+03	-1.686630E+01	1.681701E-01	1.789215E-01
4.933589E+03	-1.686707E+01	1.678629E-01	1.789221E-01
4.933789E+03	-1.686738E+01	1.677698E-01	1.789228E-01
4.933989E+03	-1.686648E+01	1.676734E-01	1.789234E-01
4.934189E+03	-1.686563E+01	1.687176E-01	1.789241E-01
4.934389E+03	-1.686517E+01	1.682439E-01	1.789247E-01
4.934589E+03	-1.686517E+01	1.662663E-01	1.789253E-01
4.934789E+03	-1.686522E+01	1.652316E-01	1.789260E-01
4.934989E+03	-1.686479E+01	1.650640E-01	1.789266E-01
4.935189E+03	-1.686419E+01	1.650668E-01	1.789273E-01
4.935389E+03	-1.686434E+01	1.672842E-01	1.789279E-01
4.935589E+03	-1.686418E+01	1.689540E-01	1.789286E-01
4.935789E+03	-1.686371E+01	1.687768E-01	1.789292E-01
4.935989E+03	-1.686355E+01	1.685823E-01	1.789299E-01
4.936189E+03	-1.686309E+01	1.689322E-01	1.789305E-01
4.936389E+03	-1.686255E+01	1.698058E-01	1.789311E-01
4.936589E+03	-1.686228E+01	1.681945E-01	1.789318E-01
4.936790E+03	-1.686250E+01	1.659805E-01	1.789324E-01
4.936990E+03	-1.686359E+01	1.675495E-01	1.789331E-01
4.937190E+03	-1.686358E+01	1.669564E-01	1.789337E-01
4.937390E+03	-1.686191E+01	1.667556E-01	1.789344E-01
4.937590E+03	-1.686081E+01	1.669116E-01	1.789350E-01
4.937790E+03	-1.686044E+01	1.667202E-01	1.789357E-01
4.937990E+03	-1.686114E+01	1.679294E-01	1.789363E-01
4.938190E+03	-1.686156E+01	1.687087E-01	1.789370E-01
4.938390E+03	-1.686052E+01	1.688244E-01	1.789376E-01
4.938590E+03	-1.685972E+01	1.685077E-01	1.789382E-01
4.938790E+03	-1.685938E+01	1.670788E-01	1.789389E-01
4.938990E+03	-1.685876E+01	1.667484E-01	1.789395E-01
4.939190E+03	-1.685851E+01	1.663151E-01	1.789402E-01
4.939390E+03	-1.685757E+01	1.658409E-01	1.789408E-01
4.939590E+03	-1.685580E+01	1.651294E-01	1.789415E-01
4.939790E+03	-1.685470E+01	1.641659E-01	1.789421E-01
4.939990E+03	-1.685466E+01	1.634818E-01	1.789428E-01
4.940190E+03	-1.685491E+01	1.635704E-01	1.789434E-01
4.940390E+03	-1.685599E+01	1.644158E-01	1.789440E-01
4.940590E+03	-1.685645E+01	1.645246E-01	1.789447E-01
4.940790E+03	-1.685534E+01	1.640525E-01	1.789453E-01
4.940990E+03	-1.685476E+01	1.639186E-01	1.789460E-01
4.941190E+03	-1.685586E+01	1.639805E-01	1.789466E-01
4.941390E+03	-1.685725E+01	1.648545E-01	1.789473E-01
4.941590E+03	-1.685742E+01	1.651280E-01	1.789479E-01
4.941790E+03	-1.685697E+01	1.649562E-01	1.789486E-01
4.941990E+03	-1.685667E+01	1.638604E-01	1.789492E-01
4.942190E+03	-1.685650E+01	1.630704E-01	1.789498E-01
4.942390E+03	-1.685596E+01	1.631749E-01	1.789505E-01
4.942590E+03	-1.685523E+01	1.628497E-01	1.789511E-01
4.942790E+03	-1.685494E+01	1.639326E-01	1.789518E-01
4.942990E+03	-1.685462E+01	1.643278E-01	1.789524E-01
4.943190E+03	-1.685472E+01	1.642528E-01	1.789531E-01
4.943391E+03	-1.685491E+01	1.643352E-01	1.789537E-01
4.943591E+03	-1.685534E+01	1.644784E-01	1.789544E-01
4.943791E+03	-1.685653E+01	1.646049E-01	1.789550E-01
4.943990E+03	-1.685695E+01	1.661105E-01	1.789556E-01
4.944190E+03	-1.685610E+01	1.644063E-01	1.789563E-01
4.944390E+03	-1.685567E+01	1.648181E-01	1.789569E-01
4.944590E+03	-1.685531E+01	1.644028E-01	1.789576E-01
4.944790E+03	-1.685443E+01	1.640678E-01	1.789582E-01
4.944990E+03	-1.685355E+01	1.632476E-01	1.789589E-01
4.945190E+03	-1.685321E+01	1.628250E-01	1.789595E-01
4.945390E+03	-1.685340E+01	1.628293E-01	1.789602E-01
4.945590E+03	-1.685274E+01	1.620351E-01	1.789608E-01
4.945790E+03	-1.685174E+01	1.616492E-01	1.789614E-01
4.945990E+03	-1.685163E+01	1.605261E-01	1.789621E-01
4.946190E+03	-1.685219E+01	1.612895E-01	1.789627E-01
4.946390E+03	-1.685201E+01	1.610358E-01	1.789634E-01
4.946590E+03	-1.685182E+01	1.610493E-01	1.789640E-01
4.946790E+03	-1.685196E+01	1.607343E-01	1.789647E-01
4.946990E+03	-1.685207E+01	1.598149E-01	1.789653E-01
4.947190E+03	-1.685322E+01	1.607790E-01	1.789659E-01
4.947390E+03	-1.685415E+01	1.597413E-01	1.789666E-01
4.947590E+03	-1.685488E+01	1.598121E-01	1.789672E-01
4.947790E+03	-1.685507E+01	1.602741E-01	1.789679E-01
4.947990E+03	-1.685445E+01	1.604718E-01	1.789685E-01
4.948190E+03	-1.685382E+01	1.601254E-01	1.789692E-01
4.948390E+03	-1.685317E+01	1.603371E-01	1.789698E-01
4.948590E+03	-1.685317E+01	1.598532E-01	1.789705E-01
4.948790E+03	-1.685385E+01	1.597256E-01	1.789711E-01
4.948990E+03	-1.685505E+01	1.606002E-01	1.789717E-01
4.949190E+03	-1.685604E+01	1.596377E-01	1.789724E-01
4.949390E+03	-1.685647E+01	1.594389E-01	1.789730E-01
4.949590E+03	-1.685630E+01	1.600462E-01	1.789737E-01
4.949790E+03	-1.685628E+01	1.600492E-01	1.789743E-01
4.949990E+03	-1.685616E+01	1.597275E-01	1.789750E-01
4.950191E+03	-1.685595E+01	1.584745E-01	1.789756E-01
4.950391E+03	-1.685607E+01	1.583434E-01	1.789762E-01
4.950591E+03	-1.685672E+01	1.584610E-01	1.789769E-01
4.950791E+03	-1.685735E+01	1.585819E-01	1.789775E-01
4.950991E+03	-1.685681E+01	1.572003E-01	1.789782E-01
4.951191E+03	-1.685612E+01	1.565451E-01	1.789788E-01
4.951391E+03	-1.685579E+01	1.564087E-01	1.789795E-01
4.951591E+03	-1.685686E+01	1.571732E-01	1.789801E-01
4.951791E+03	-1.685836E+01	1.575644E-01	1.789807E-01
4.951991E+03	-1.685895E+01	1.558697E-01	1.789814E-01
4.952191E+03	-1.685889E+01	1.551425E-01	1.789820E-01
4.952391E+03	-1.685856E+01	1.547157E-01	1.789827E-01
4.952591E+03	-1.685841E+01	1.544310E-01	1.789833E-01
4.952791E+03	-1.685845E+01	1.545735E-01	1.789840E-01
4.952991E+03	-1.685896E+01	1.534572E-01	1.789846E-01
4.953191E+03	-1.685933E+01	1.538689E-01	1.789852E-01
4.953391E+03	-1.685912E+01	1.536922E-01	1.789859E-01
4.953591E+03	-1.685910E+01	1.535366E-01	1.789865E-01
4.953791E+03	-1.686002E+01	1.538604E-01	1.789872E-01
4.953991E+03	-1.686098E+01	1.549580E-01	1.789878E-01
4.954191E+03	-1.686162E+01	1.563467E-01	1.789885E-01
4.954391E+03	-1.686155E+01	1.563643E-01	1.789891E-01
4.954591E+03	-1.686098E+01	1.560893E-01	1.789897E-01
4.954791E+03	-1.686052E+01	1.559754E-01	1.789904E-01
4.954991E+03	-1.686028E+01	1.556485E-01	1.789910E-01
4.955191E+03	-1.686054E+01	1.553918E-01	1.789917E-01
4.955391E+03	-1.686090E+01	1.559007E-01	1.789923E-01
4.955591E+03	-1.686163E+01	1.563608E-01	1.789930E-01
4.955791E+03	-1.686108E+01	1.557939E-01	1.789936E-01
4.955990E+03	-1.685982E+01	1.554280E-01	1.789942E-01
4.956190E+03	-1.685942E+01	1.537598E-01	1.789949E-01
4.956391E+03	-1.685916E+01	1.535150E-01	1.789955E-01
4.956591E+03	-1.685905E+01	1.533960E-01	1.789962E-01
4.956790E+03	-1.685915E+01	1.535089E-01	1.789968E-01
4.956991E+03	-1.685906E+01	1.512718E-01	1.789975E-01
4.957191E+03	-1.685950E+01	1.507243E-01	1.789981E-01
4.957391E+03	-1.686010E+01	1.500451E-01	1.789987E-01
4.957591E+03	-1.686046E+01	1.496844E-01	1.789994E-01
4.957791E+03	-1.686027E+01	1.496130E-01	1.790000E-01
4.957991E+03	-1.685975E+01	1.498720E-01	1.790007E-01
4.958191E+03	-1.685975E+01	1.508525E-01	1.790013E-01
4.958391E+03	-1.685962E+01	1.507317E-01	1.790020E-01
4.958591E+03	-1.685988E+01	1.521536E-01	1.790026E-01
4.958791E+03	-1.685975E+01	1.524066E-01	1.790032E-01
4.958991E+03	-1.685894E+01	1.510730E-01	1.790039E-01
4.959191E+03	-1.685785E+01	1.506942E-01	1.790045E-01
4.959391E+03	-1.685645E+01	1.499915E-01	1.790052E-01
4.959591E+03	-1.685514E+01	1.497157E-01	1.790058E-01
4.959791E+03	-1.685463E+01	1.496871E-01	1.790064E-01
4.959991E+03	-1.685432E+01	1.496003E-01	1.790071E-01
4.960191E+03	-1.685460E+01	1.495427E-01	1.790077E-01
4.960391E+03	-1.685489E+01	1.477132E-01	1.790084E-01
4.960591E+03	-1.685523E+01	1.475768E-01	1.790090E-01
4.960791E+03	-1.685532E+01	1.477104E-01	1.790097E-01
4.960991E+03	-1.685540E+01	1.477964E-01	1.790104E-01
4.961191E+03	-1.685683E+01	1.477225E-01	1.790111E-01
4.961391E+03	-1.685732E+01	1.475523E-01	1.790118E-01
4.961591E+03	-1.685728E+01	1.476494E-01	1.790125E-01
4.961791E+03	-1.685829E+01	1.482258E-01	1.790132E-01
4.961991E+03	-1.685909E+01	1.486614E-01	1.790139E-01
4.962191E+03	-1.685955E+01	1.485140E-01	1.790145E-01
4.962391E+03	-1.685970E+01	1.487436E-01	1.790152E-01
4.962591E+03	-1.685856E+01	1.487065E-01	1.790159E-01
4.962791E+03	-1.685774E+01	1.491994E-01	1.790166E-01
4.962991E+03	-1.685900E+01	1.509955E-01	1.790173E-01
4.963191E+03	-1.686035E+01	1.518256E-01	1.790180E-01
4.963391E+03	-1.686018E+01	1.516597E-01	1.790187E-01
4.963591E+03	-1.685991E+01	1.516726E-01	1.790194E-01
4.963792E+03	-1.686090E+01	1.521347E-01	1.790201E-01
4.963992E+03	-1.686179E+01	1.521691E-01	1.790208E-01
4.964192E+03	-1.686211E+01	1.523309E-01	1.790215E-01
4.964392E+03	-1.686283E+01	1.527318E-01	1.790222E-01
4.964592E+03	-1.686348E+01	1.531868E-01	1.790229E-01
4.964792E+03	-1.686390E+01	1.553725E-01	1.790236E-01
4.964992E+03	-1.686490E+01	1.572199E-01	1.790243E-01
4.965192E+03	-1.686576E+01	1.580287E-01	1.790250E-01
4.965392E+03	-1.686617E+01	1.580219E-01	1.790257E-01
4.965592E+03	-1.686682E+01	1.582348E-01	1.790264E-01
4.965792E+03	-1.686784E+01	1.584930E-01	1.790271E-01
4.965992E+03	-1.686856E+01	1.576075E-01	1.790278E-01
4.966192E+03	-1.686830E+01	1.563963E-01	1.790285E-01
4.966392E+03	-1.686907E+01	1.568384E-01	1.790292E-01
4.966592E+03	-1.687079E+01	1.574846E-01	1.790299E-01
4.966792E+03	-1.687147E+01	1.579559E-01	1.790306E-01
4.966992E+03	-1.687132E+01	1.575555E-01	1.790313E-01
4.967192E+03	-1.687111E+01	1.573543E-01	1.790319E-01
4.967392E+03	-1.687084E+01	1.550474E-01	1.790326E-01
4.967592E+03	-1.687101E+01	1.535038E-01	1.790333E-01
4.967792E+03	-1.687198E+01	1.545910E-01	1.790340E-01
4.967992E+03	-1.687256E+01	1.545132E-01	1.790347E-01
4.968191E+03	-1.687266E+01	1.550433E-01	1.790354E-01
4.968391E+03	-1.687184E+01	1.547555E-01	1.790361E-01
4.968592E+03	-1.687140E+01	1.571421E-01	1.790368E-01
4.968792E+03	-1.687156E+01	1.573773E-01	1.790375E-01
4.968991E+03	-1.687189E+01	1.580480E-01	1.790382E-01
4.969191E+03	-1.687245E+01	1.587604E-01	1.790389E-01
4.969391E+03	-1.687273E+01	1.594279E-01	1.790396E-01
4.969591E+03	-1.687345E+01	1.599651E-01	1.790403E-01
4.969791E+03	-1.687380E+01	1.595376E-01	1.790410E-01
4.969991E+03	-1.687399E+01	1.593555E-01	1.790417E-01
4.970191E+03	-1.687340E+01	1.587202E-01	1.790424E-01
4.970392E+03	-1.687315E+01	1.570143E-01	1.790431E-01
4.970592E+03	-1.687381E+01	1.558437E-01	1.790438E-01
4.970792E+03	-1.687368E+01	1.555807E-01	1.790445E-01
4.970992E+03	-1.687281E+01	1.540010E-01	1.790452E-01
4.971192E+03	-1.687223E+01	1.534100E-01	1.790459E-01
4.971392E+03	-1.687206E+01	1.534107E-01	1.790466E-01
4.971592E+03	-1.687229E+01	1.534745E-01	1.790472E-01
4.971792E+03	-1.687329E+01	1.540430E-01	1.790479E-01
4.971992E+03	-1.687454E+01	1.547427E-01	1.790486E-01
4.972192E+03	-1.687529E+01	1.538770E-01	1.790493E-01
4.972392E+03	-1.687572E+01	1.548475E-01	1.790500E-01
4.972592E+03	-1.687627E+01	1.538478E-01	1.790507E-01
4.972792E+03	-1.687741E+01	1.541793E-01	1.790514E-01
4.972992E+03	-1.687850E+01	1.552829E-01	1.790521E-01
4.973192E+03	-1.687975E+01	1.560408E-01	1.790528E-01
4.973392E+03	-1.688075E+01	1.563325E-01	1.790535E-01
4.973592E+03	-1.688056E+01	1.545500E-01	1.790542E-01
4.973792E+03	-1.688020E+01	1.551573E-01	1.790549E-01
4.973992E+03	-1.688014E+01	1.553771E-01	1.790556E-01
4.974192E+03	-1.688015E+01	1.553090E-01	1.790563E-01
4.974392E+03	-1.687964E+01	1.551740E-01	1.790570E-01
4.974592E+03	-1.687903E+01	1.548146E-01	1.790577E-01
4.974792E+03	-1.687935E+01	1.530494E-01	1.790584E-01
4.974992E+03	-1.688073E+01	1.512633E-01	1.790591E-01
4.975192E+03	-1.688138E+01	1.525035E-01	1.790598E-01
4.975392E+03	-1.688121E+01	1.522967E-01	1.790604E-01
4.975592E+03	-1.688106E+01	1.522558E-01	1.790611E-01
4.975792E+03	-1.688113E+01	1.505760E-01	1.790618E-01
4.975992E+03	-1.688169E+01	1.513646E-01	1.790625E-01
4.976192E+03	-1.688156E+01	1.519114E-01	1.790632E-01
4.976392E+03	-1.688168E+01	1.504703E-01	1.790639E-01
4.976592E+03	-1.688265E+01	1.521781E-01	1.790646E-01
4.976792E+03	-1.688331E+01	1.523434E-01	1.790653E-01
4.976992E+03	-1.688411E+01	1.517485E-01	1.790660E-01
4.977193E+03	-1.688579E+01	1.532161E-01	1.790667E-01
4.977393E+03	-1.688569E+01	1.521488E-01	1.790674E-01
4.977593E+03	-1.688506E+01	1.506615E-01	1.790681E-01
4.977793E+03	-1.688632E+01	1.492057E-01	1.790688E-01
4.977993E+03	-1.688804E+01	1.497641E-01	1.790695E-01
4.978193E+03	-1.688886E+01	1.496463E-01	1.790702E-01
4.978393E+03	-1.688862E+01	1.495083E-01	1.790709E-01
4.978593E+03	-1.688801E+01	1.490264E-01	1.790716E-01
4.978793E+03	-1.688784E+01	1.488488E-01	1.790723E-01
4.978993E+03	-1.688759E+01	1.484066E-01	1.790729E-01
4.979193E+03	-1.688711E+01	1.478977E-01	1.790736E-01
4.979393E+03	-1.688749E+01	1.481828E-01	1.790743E-01
4.979593E+03	-1.688790E+01	1.483826E-01	1.790750E-01
4.979793E+03	-1.688828E+01	1.478304E-01	1.790757E-01
4.979993E+03	-1.688919E+01	1.467423E-01	1.790764E-01
4.980193E+03	-1.689061E+01	1.471011E-01	1.790771E-01
4.980392E+03	-1.689209E+01	1.475908E-01	1.790778E-01
4.980592E+03	-1.689379E+01	1.483760E-01	1.790785E-01
4.980792E+03	-1.689404E+01	1.481434E-01	1.790792E-01
4.980993E+03	-1.689435E+01	1.496067E-01	1.790799E-01
4.981192E+03	-1.689520E+01	1.498952E-01	1.790806E-01
4.981392E+03	-1.689628E+01	1.508180E-01	1.790813E-01
4.981592E+03	-1.689761E+01	1.515904E-01	1.790820E-01
4.981792E+03	-1.689816E+01	1.519282E-01	1.790827E-01
4.981992E+03	-1.689863E+01	1.522508E-01	1.790833E-01
4.982192E+03	-1.689861E+01	1.516628E-01	1.790840E-01
4.982392E+03	-1.689792E+01	1.503990E-01	1.790847E-01
4.982592E+03	-1.689821E+01	1.500651E-01	1.790854E-01
4.982792E+03	-1.689883E+01	1.495058E-01	1.790861E-01
4.982992E+03	-1.689861E+01	1.503218E-01	1.790868E-01
4.983192E+03	-1.689833E+01	1.513837E-01	1.790875E-01
4.983392E+03	-1.689866E+01	1.496047E-01	1.790882E-01
4.983592E+03	-1.689942E+01	1.498591E-01	1.790889E-01
4.983792E+03	-1.689962E+01	1.484543E-01	1.790896E-01
4.983993E+03	-1.689947E+01	1.483626E-01	1.790903E-01
4.984193E+03	-1.689887E+01	1.475345E-01	1.790910E-01
4.984393E+03	-1.689866E+01	1.474724E-01	1.790917E-01
4.984593E+03	-1.689929E+01	1.476844E-01	1.790924E-01
4.984793E+03	-1.690022E+01	1.484700E-01	1.790931E-01
4.984993E+03	-1.690076E+01	1.494891E-01	1.790938E-01
4.985193E+03	-1.690020E+01	1.492597E-01	1.790944E-01
4.985393E+03	-1.689943E+01	1.495692E-01	1.790951E-01
4.985593E+03	-1.689904E+01	1.504430E-01	1.790958E-01
4.985793E+03	-1.689882E+01	1.518743E-01	1.790965E-01
4.985993E+03	-1.689947E+01	1.524484E-01	1.790972E-01
4.986193E+03	-1.689959E+01	1.525852E-01	1.790979E-01
4.986393E+03	-1.689859E+01	1.537718E-01	1.790986E-01
4.986593E+03	-1.689793E+01	1.547325E-01	1.790993E-01
4.986793E+03	-1.689747E+01	1.544624E-01	1.791000E-01
4.986993E+03	-1.689687E+01	1.542609E-01	1.791007E-01
4.987193E+03	-1.689627E+01	1.536175E-01	1.791014E-01
4.987393E+03	-1.689567E+01	1.526087E-01	1.791021E-01
4.987593E+03	-1.689496E+01	1.522422E-01	1.791028E-01
4.987793E+03	-1.689437E+01	1.517166E-01	1.791035E-01
4.987993E+03	-1.689381E+01	1.515706E-01	1.791041E-01
4.988193E+03	-1.689316E+01	1.513263E-01	1.791048E-01
4.988393E+03	-1.689277E+01	1.505191E-01	1.791055E-01
4.988593E+03	-1.689252E+01	1.504165E-01	1.791062E-01
4.988793E+03	-1.689253E+01	1.503504E-01	1.791069E-01
4.988993E+03	-1.689333E+01	1.499875E-01	1.791076E-01
4.989193E+03	-1.689303E+01	1.498596E-01	1.791083E-01
4.989393E+03	-1.689168E+01	1.490796E-01	1.791090E-01
4.989593E+03	-1.689085E+01	1.488549E-01	1.791097E-01
4.989793E+03	-1.689076E+01	1.492580E-01	1.791104E-01
4.989993E+03	-1.689044E+01	1.497861E-01	1.791111E-01
4.990193E+03	-1.689003E+01	1.498719E-01	1.791118E-01
4.990393E+03	-1.688988E+01	1.500861E-01	1.791125E-01
4.990594E+03	-1.688963E+01	1.501282E-01	1.791132E-01
4.990794E+03	-1.689006E+01	1.511789E-01	1.791138E-01
4.990994E+03	-1.689060E+01	1.512879E-01	1.791145E-01
4.991194E+03	-1.689010E+01	1.505973E-01	1.791152E-01
4.991394E+03	-1.688860E+01	1.499474E-01	1.791159E-01
4.991594E+03	-1.688748E+01	1.495904E-01	1.791166E-01
4.991794E+03	-1.688711E+01	1.497233E-01	1.791173E-01
4.991994E+03	-1.688683E+01	1.490134E-01	1.791180E-01
4.992194E+03	-1.688533E+01	1.482436E-01	1.791187E-01
4.992394E+03	-1.688426E+01	1.478410E-01	1.791194E-01
4.992593E+03	-1.688316E+01	1.483133E-01	1.791201E-01
4.992793E+03	-1.688237E+01	1.478560E-01	1.791208E-01
4.992993E+03	-1.688222E+01	1.490555E-01	1.791215E-01
4.993194E+03	-1.688253E+01	1.486257E-01	1.791221E-01
4.993394E+03	-1.688308E+01	1.485719E-01	1.791228E-01
4.993593E+03	-1.688322E+01	1.469606E-01	1.791235E-01
4.993793E+03	-1.688354E+01	1.471548E-01	1.791242E-01
4.993993E+03	-1.688490E+01	1.476097E-01	1.791249E-01
4.994193E+03	-1.688633E+01	1.486474E-01	1.791256E-01
4.994393E+03	-1.688666E+01	1.490485E-01	1.791263E-01
4.994593E+03	-1.688568E+01	1.499251E-01	1.791270E-01
4.994793E+03	-1.688444E+01	1.491912E-01	1.791277E-01
4.994993E+03	-1.688442E+01	1.497212E-01	1.791284E-01
4.995193E+03	-1.688524E+01	1.508235E-01	1.791291E-01
4.995393E+03	-1.688495E+01	1.504189E-01	1.791298E-01
4.995593E+03	-1.688397E+01	1.497141E-01	1.791304E-01
4.995793E+03	-1.688402E+01	1.493047E-01	1.791311E-01
4.995993E+03	-1.688498E+01	1.493595E-01	1.791318E-01
4.996193E+03	-1.688593E+01	1.498282E-01	1.791325E-01
4.996393E+03	-1.688596E+01	1.499611E-01	1.791332E-01
4.996593E+03	-1.688496E+01	1.496339E-01	1.791339E-01
4.996793E+03	-1.688428E+01	1.506397E-01	1.791346E-01
4.996993E+03	-1.688444E+01	1.507778E-01	1.791353E-01
4.997193E+03	-1.688502E+01	1.511887E-01	1.791360E-01
4.997394E+03	-1.688553E+01	1.510597E-01	1.791367E-01
4.997594E+03	-1.688537E+01	1.497281E-01	1.791374E-01
4.997794E+03	-1.688460E+01	1.510057E-01	1.791381E-01
4.997994E+03	-1.688490E+01	1.497146E-01	1.791387E-01
4.998194E+03	-1.688623E+01	1.494626E-01	1.791394E-01
4.998394E+03	-1.688648E+01	1.510267E-01	1.791401E-01
4.998594E+03	-1.688520E+01	1.506358E-01	1.791408E-01
4.998794E+03	-1.688474E+01	1.505321E-01	1.791415E-01
4.998994E+03	-1.688506E+01	1.522921E-01	1.791422E-01
4.999194E+03	-1.688547E+01	1.525456E-01	1.791429E-01
4.999394E+03	-1.688623E+01	1.527753E-01	1.791436E-01
4.999594E+03	-1.688656E+01	1.535002E-01	1.791443E-01
4.999794E+03	-1.688670E+01	1.535806E-01	1.791450E-01
4.999994E+03	-1.688748E+01	1.537826E-01	1.791457E-01
5.000194E+03	-1.688764E+01	1.539904E-01	1.791464E-01
5.000394E+03	-1.688759E+01	1.541817E-01	1.791470E-01
5.000594E+03	-1.688826E+01	1.543542E-01	1.791477E-01
5.000794E+03	-1.688852E+01	1.551434E-01	1.791484E-01
5.000994E+03	-1.688844E+01	1.549773E-01	1.791491E-01
5.001194E+03	-1.688793E+01	1.545395E-01	1.791498E-01
5.001394E+03	-1.688716E+01	1.539702E-01	1.791505E-01
5.001594E+03	-1.688701E+01	1.535686E-01	1.791512E-01
5.001794E+03	-1.688698E+01	1.532022E-01	1.791519E-01
5.001994E+03	-1.688702E+01	1.530395E-01	1.791526E-01
5.002194E+03	-1.688719E+01	1.529261E-01	1.791533E-01
5.002394E+03	-1.688741E+01	1.514474E-01	1.791540E-01
5.002594E+03	-1.688730E+01	1.510571E-01	1.791546E-01
5.002794E+03	-1.688628E+01	1.506364E-01	1.791553E-01
5.002994E+03	-1.688592E+01	1.504623E-01	1.791560E-01
5.003194E+03	-1.688601E+01	1.499314E-01	1.791567E-01
5.003394E+03	-1.688554E+01	1.494695E-01	1.791574E-01
5.003594E+03	-1.688467E+01	1.504176E-01	1.791581E-01
5.003794E+03	-1.688383E+01	1.503641E-01	1.791588E-01
5.003994E+03	-1.688276E+01	1.495327E-01	1.791595E-01
5.004195E+03	-1.688142E+01	1.467944E-01	1.791602E-01
5.004395E+03	-1.688019E+01	1.446662E-01	1.791609E-01
5.004595E+03	-1.687910E+01	1.435147E-01	1.791616E-01
5.004794E+03	-1.687874E+01	1.434635E-01	1.791622E-01
5.004994E+03	-1.687812E+01	1.432211E-01	1.791629E-01
5.005194E+03	-1.687746E+01	1.431495E-01	1.791636E-01
5.005395E+03	-1.687798E+01	1.435319E-01	1.791643E-01
5.005595E+03	-1.687831E+01	1.436531E-01	1.791650E-01
5.005794E+03	-1.687862E+01	1.437365E-01	1.791657E-01
5.005994E+03	-1.687918E+01	1.439038E-01	1.791664E-01
5.006194E+03	-1.687882E+01	1.438704E-01	1.791671E-01
5.006394E+03	-1.687776E+01	1.435965E-01	1.791678E-01
5.006594E+03	-1.687744E+01	1.435173E-01	1.791685E-01
5.006794E+03	-1.687860E+01	1.438869E-01	1.791691E-01
5.006994E+03	-1.687952E+01	1.448090E-01	1.791698E-01
5.007194E+03	-1.687969E+01	1.440997E-01	1.791705E-01
5.007394E+03	-1.688032E+01	1.457207E-01	1.791712E-01
5.007594E+03	-1.688114E+01	1.454060E-01	1.791719E-01
5.007794E+03	-1.688134E+01	1.454971E-01	1.791726E-01
5.007994E+03	-1.688038E+01	1.428850E-01	1.791733E-01
5.008194E+03	-1.687925E+01	1.426650E-01	1.791740E-01
5.008394E+03	-1.687924E+01	1.416814E-01	1.791747E-01
5.008594E+03	-1.687960E+01	1.413172E-01	1.791754E-01
5.008794E+03	-1.688009E+01	1.407944E-01	1.791760E-01
5.008994E+03	-1.688057E+01	1.406067E-01	1.791767E-01
5.009194E+03	-1.688010E+01	1.404543E-01	1.791774E-01
5.009394E+03	-1.688026E+01	1.403018E-01	1.791781E-01
5.009594E+03	-1.688128E+01	1.406302E-01	1.791788E-01
5.009794E+03	-1.688183E+01	1.412711E-01	1.791795E-01
5.009994E+03	-1.688196E+01	1.429124E-01	1.791802E-01
5.010194E+03	-1.688147E+01	1.430658E-01	1.791809E-01
5.010394E+03	-1.688031E+01	1.437103E-01	1.791816E-01
5.010594E+03	-1.687956E+01	1.435916E-01	1.791822E-01
5.010795E+03	-1.687903E+01	1.433803E-01	1.791829E-01
5.010995E+03	-1.687793E+01	1.430836E-01	1.791836E-01
5.011195E+03	-1.687772E+01	1.444707E-01	1.791843E-01
5.011395E+03	-1.687769E+01	1.455169E-01	1.791850E-01
5.011595E+03	-1.687687E+01	1.451003E-01	1.791857E-01
5.011795E+03	-1.687604E+01	1.451654E-01	1.791864E-01
5.011995E+03	-1.687674E+01	1.459445E-01	1.791871E-01
5.012195E+03	-1.687691E+01	1.459469E-01	1.791878E-01
5.012395E+03	-1.687557E+01	1.455472E-01	1.791885E-01
5.012595E+03	-1.687577E+01	1.462744E-01	1.791891E-01
5.012795E+03	-1.687736E+01	1.466198E-01	1.791898E-01
5.012995E+03	-1.687827E+01	1.468199E-01	1.791905E-01
5.013195E+03	-1.687875E+01	1.460221E-01	1.791912E-01
5.013395E+03	-1.687911E+01	1.461677E-01	1.791919E-01
5.013595E+03	-1.687905E+01	1.464102E-01	1.791926E-01
5.013795E+03	-1.687929E+01	1.470035E-01	1.791933E-01
5.013995E+03	-1.687975E+01	1.472692E-01	1.791940E-01
5.014195E+03	-1.687908E+01	1.461976E-01	1.791947E-01
5.014395E+03	-1.687816E+01	1.457160E-01	1.791953E-01
5.014595E+03	-1.687784E+01	1.446908E-01	1.791960E-01
5.014795E+03	-1.687780E+01	1.448089E-01	1.791967E-01
5.014995E+03	-1.687770E+01	1.450529E-01	1.791974E-01
5.015195E+03	-1.687703E+01	1.444812E-01	1.791981E-01
5.015395E+03	-1.687662E+01	1.448785E-01	1.791988E-01
5.015595E+03	-1.687711E+01	1.444952E-01	1.791995E-01
5.015795E+03	-1.687755E+01	1.444988E-01	1.792002E-01
5.015995E+03	-1.687727E+01	1.432020E-01	1.792009E-01
5.016195E+03	-1.687720E+01	1.433881E-01	1.792015E-01
5.016395E+03	-1.687789E+01	1.442285E-01	1.792022E-01
5.016595E+03	-1.687826E+01	1.434989E-01	1.792029E-01
5.016794E+03	-1.687884E+01	1.438422E-01	1.792036E-01
5.016994E+03	-1.688019E+01	1.445073E-01	1.792043E-01
5.017194E+03	-1.688136E+01	1.449807E-01	1.792050E-01
5.017395E+03	-1.688163E+01	1.461718E-01	1.792057E-01
5.017596E+03	-1.688208E+01	1.460581E-01	1.792064E-01
5.017796E+03	-1.688205E+01	1.465874E-01	1.792071E-01
5.017995E+03	-1.688190E+01	1.468898E-01	1.792077E-01
5.018195E+03	-1.688117E+01	1.468137E-01	1.792084E-01
5.018395E+03	-1.688039E+01	1.467536E-01	1.792091E-01
5.018595E+03	-1.688038E+01	1.470454E-01	1.792098E-01
5.018795E+03	-1.688080E+01	1.494816E-01	1.792105E-01
5.018995E+03	-1.688085E+01	1.532040E-01	1.792112E-01
5.019195E+03	-1.688066E+01	1.534016E-01	1.792119E-01
5.019395E+03	-1.688053E+01	1.533568E-01	1.792126E-01
5.019595E+03	-1.687995E+01	1.534177E-01	1.792133E-01
5.019795E+03	-1.687869E+01	1.536654E-01	1.792139E-01
5.019995E+03	-1.687791E+01	1.536855E-01	1.792146E-01
5.020195E+03	-1.687794E+01	1.543005E-01	1.792153E-01
5.020395E+03	-1.687798E+01	1.527901E-01	1.792160E-01
5.020595E+03	-1.687787E+01	1.540909E-01	1.792167E-01
5.020795E+03	-1.687763E+01	1.544699E-01	1.792174E-01
5.020995E+03	-1.687717E+01	1.544115E-01	1.792181E-01
5.021195E+03	-1.687729E+01	1.546821E-01	1.792188E-01
5.021395E+03	-1.687715E+01	1.545610E-01	1.792194E-01
5.021595E+03	-1.687683E+01	1.538131E-01	1.792201E-01
5.021795E+03	-1.687629E+01	1.535746E-01	1.792208E-01
5.021995E+03	-1.687596E+01	1.564113E-01	1.792215E-01
5.022195E+03	-1.687619E+01	1.589056E-01	1.792222E-01
5.022395E+03	-1.687678E+01	1.588209E-01	1.792229E-01
5.022595E+03	-1.687703E+01	1.582418E-01	1.792236E-01
5.022795E+03	-1.687732E+01	1.585827E-01	1.792243E-01
5.022995E+03	-1.687719E+01	1.585345E-01	1.792250E-01
5.023195E+03	-1.687709E+01	1.589670E-01	1.792256E-01
5.023395E+03	-1.687707E+01	1.594219E-01	1.792263E-01
5.023595E+03	-1.687698E+01	1.597522E-01	1.792270E-01
5.023795E+03	-1.687626E+01	1.597872E-01	1.792277E-01
5.023995E+03	-1.687515E+01	1.596057E-01	1.792284E-01
5.024195E+03	-1.687527E+01	1.595182E-01	1.792291E-01
5.024396E+03	-1.687537E+01	1.590801E-01	1.792298E-01
5.024596E+03	-1.687539E+01	1.591106E-01	1.792305E-01
5.024796E+03	-1.687497E+01	1.581525E-01	1.792311E-01
5.024996E+03	-1.687380E+01	1.562111E-01	1.792318E-01
5.025196E+03	-1.687272E+01	1.543097E-01	1.792325E-01
5.025396E+03	-1.687149E+01	1.531328E-01	1.792332E-01
5.025596E+03	-1.687094E+01	1.527462E-01	1.792339E-01
5.025796E+03	-1.687130E+01	1.512268E-01	1.792346E-01
5.025996E+03	-1.687123E+01	1.504748E-01	1.792353E-01
5.026196E+03	-1.687119E+01	1.507405E-01	1.792360E-01
5.026396E+03	-1.687080E+01	1.506524E-01	1.792366E-01
5.026596E+03	-1.687000E+01	1.506239E-01	1.792373E-01
5.026796E+03	-1.686960E+01	1.504084E-01	1.792380E-01
5.026996E+03	-1.686922E+01	1.504486E-01	1.792387E-01
5.027196E+03	-1.686876E+01	1.509933E-01	1.792394E-01
5.027396E+03	-1.686780E+01	1.506804E-01	1.792401E-01
5.027596E+03	-1.686664E+01	1.506860E-01	1.792408E-01
5.027796E+03	-1.686576E+01	1.511470E-01	1.792415E-01
5.027996E+03	-1.686500E+01	1.509221E-01	1.792421E-01
5.028196E+03	-1.686444E+01	1.506950E-01	1.792428E-01
5.028396E+03	-1.686379E+01	1.504051E-01	1.792435E-01
5.028596E+03	-1.686322E+01	1.501559E-01	1.792442E-01
5.028796E+03	-1.686245E+01	1.497059E-01	1.792449E-01
5.028995E+03	-1.686191E+01	1.498446E-01	1.792456E-01
5.029195E+03	-1.686147E+01	1.493960E-01	1.792463E-01
5.029395E+03	-1.686103E+01	1.488407E-01	1.792470E-01
5.029596E+03	-1.686044E+01	1.489122E-01	1.792476E-01
5.029796E+03	-1.685897E+01	1.483098E-01	1.792483E-01
5.029995E+03	-1.685741E+01	1.482495E-01	1.792490E-01
5.030195E+03	-1.685601E+01	1.468755E-01	1.792497E-01
5.030395E+03	-1.685461E+01	1.480525E-01	1.792504E-01
5.030595E+03	-1.685396E+01	1.485590E-01	1.792511E-01
5.030795E+03	-1.685386E+01	1.486263E-01	1.792518E-01
5.030995E+03	-1.685330E+01	1.484303E-01	1.792524E-01
5.031196E+03	-1.685294E+01	1.490113E-01	1.792531E-01
5.031396E+03	-1.685278E+01	1.496747E-01	1.792538E-01
5.031596E+03	-1.685164E+01	1.493302E-01	1.792545E-01
5.031796E+03	-1.685040E+01	1.489639E-01	1.792552E-01
5.031996E+03	-1.685037E+01	1.483306E-01	1.792559E-01
5.032196E+03	-1.685043E+01	1.484307E-01	1.792566E-01
5.032396E+03	-1.685012E+01	1.470518E-01	1.792573E-01
5.032596E+03	-1.684993E+01	1.475650E-01	1.792579E-01
5.032796E+03	-1.684962E+01	1.475667E-01	1.792586E-01
5.032996E+03	-1.685022E+01	1.477622E-01	1.792593E-01
5.033196E+03	-1.684991E+01	1.475161E-01	1.792600E-01
5.033396E+03	-1.684895E+01	1.474651E-01	1.792607E-01
5.033596E+03	-1.684847E+01	1.469384E-01	1.792614E-01
5.033796E+03	-1.684804E+01	1.473212E-01	1.792621E-01
5.033996E+03	-1.684818E+01	1.473519E-01	1.792627E-01
5.034196E+03	-1.684867E+01	1.474315E-01	1.792634E-01
5.034396E+03	-1.684892E+01	1.481428E-01	1.792641E-01
5.034596E+03	-1.684874E+01	1.477988E-01	1.792648E-01
5.034796E+03	-1.684843E+01	1.477574E-01	1.792655E-01
5.034996E+03	-1.684856E+01	1.478050E-01	1.792662E-01
5.035196E+03	-1.684899E+01	1.479748E-01	1.792669E-01
5.035396E+03	-1.684929E+01	1.480032E-01	1.792676E-01
5.035596E+03	-1.684918E+01	1.479500E-01	1.792682E-01
5.035796E+03	-1.684960E+01	1.480731E-01	1.792689E-01
5.035996E+03	-1.684994E+01	1.481995E-01	1.792696E-01
5.036196E+03	-1.684934E+01	1.472596E-01	1.792703E-01
5.036396E+03	-1.684816E+01	1.467350E-01	1.792710E-01
5.036596E+03	-1.684750E+01	1.480366E-01	1.792717E-01
5.036796E+03	-1.684746E+01	1.483032E-01	1.792724E-01
5.036996E+03	-1.684751E+01	1.483092E-01	1.792730E-01
5.037196E+03	-1.684769E+01	1.475414E-01	1.792737E-01
5.037396E+03	-1.684741E+01	1.489801E-01	1.792744E-01
5.037596E+03	-1.684646E+01	1.490864E-01	1.792751E-01
5.037797E+03	-1.684579E+01	1.478416E-01	1.792758E-01
5.037997E+03	-1.684566E+01	1.489948E-01	1.792765E-01
5.038197E+03	-1.684504E+01	1.486695E-01	1.792772E-01
5.038397E+03	-1.684429E+01	1.474272E-01	1.792778E-01
5.038597E+03	-1.684420E+01	1.486231E-01	1.792785E-01
5.038797E+03	-1.684473E+01	1.488115E-01	1.792792E-01
5.038997E+03	-1.684474E+01	1.481958E-01	1.792799E-01
5.039197E+03	-1.684533E+01	1.483193E-01	1.792806E-01
5.039397E+03	-1.684629E+01	1.490457E-01	1.792813E-01
5.039597E+03	-1.684639E+01	1.507724E-01	1.792820E-01
5.039797E+03	-1.684602E+01	1.523000E-01	1.792826E-01
5.039997E+03	-1.684581E+01	1.550127E-01	1.792833E-01
5.040197E+03	-1.684532E+01	1.546929E-01	1.792840E-01
5.040397E+03	-1.684518E+01	1.560691E-01	1.792847E-01
5.040597E+03	-1.684552E+01	1.583762E-01	1.792854E-01
5.040797E+03	-1.684510E+01	1.599557E-01	1.792861E-01
5.040997E+03	-1.684420E+01	1.608057E-01	1.792868E-01
5.041197E+03	-1.684342E+01	1.605127E-01	1.792874E-01
5.041396E+03	-1.684323E+01	1.603598E-01	1.792881E-01
5.041596E+03	-1.684356E+01	1.600333E-01	1.792888E-01
5.041797E+03	-1.684372E+01	1.604014E-01	1.792895E-01
5.041997E+03	-1.684334E+01	1.602254E-01	1.792902E-01
5.042197E+03	-1.684350E+01	1.619415E-01	1.792909E-01
5.042396E+03	-1.684371E+01	1.620257E-01	1.792916E-01
5.042596E+03	-1.684349E+01	1.618230E-01	1.792922E-01
5.042796E+03	-1.684306E+01	1.619833E-01	1.792929E-01
5.042996E+03	-1.684196E+01	1.608564E-01	1.792936E-01
5.043196E+03	-1.684173E+01	1.603360E-01	1.792943E-01
5.043396E+03	-1.684228E+01	1.606191E-01	1.792950E-01
5.043596E+03	-1.684213E+01	1.612794E-01	1.792957E-01
5.043796E+03	-1.684149E+01	1.611243E-01	1.792963E-01
5.043996E+03	-1.684164E+01	1.610436E-01	1.792970E-01
5.044196E+03	-1.684186E+01	1.611069E-01	1.792977E-01
5.044396E+03	-1.684144E+01	1.609844E-01	1.792984E-01
5.044597E+03	-1.684114E+01	1.607360E-01	1.792991E-01
5.044797E+03	-1.684085E+01	1.604423E-01	1.792998E-01
5.044997E+03	-1.684101E+01	1.605987E-01	1.793005E-01
5.045197E+03	-1.684162E+01	1.606652E-01	1.793011E-01
5.045397E+03	-1.684173E+01	1.612587E-01	1.793018E-01
5.045597E+03	-1.684127E+01	1.609175E-01	1.793025E-01
5.045797E+03	-1.684078E+01	1.610279E-01	1.793032E-01
5.045997E+03	-1.684013E+01	1.605998E-01	1.793039E-01
5.046197E+03	-1.683962E+01	1.604148E-01	1.793046E-01
5.046397E+03	-1.683974E+01	1.602319E-01	1.793053E-01
5.046597E+03	-1.683962E+01	1.601598E-01	1.793059E-01
5.046797E+03	-1.684018E+01	1.591171E-01	1.793066E-01
5.046997E+03	-1.684113E+01	1.589737E-01	1.793073E-01
5.047197E+03	-1.684136E+01	1.593201E-01	1.793080E-01
5.047397E+03	-1.684173E+01	1.590249E-01	1.793087E-01
5.047597E+03	-1.684210E+01	1.592581E-01	1.793094E-01
5.047797E+03	-1.684176E+01	1.593631E-01	1.793100E-01
5.047997E+03	-1.684175E+01	1.592430E-01	1.793107E-01
5.048197E+03	-1.684177E+01	1.596048E-01	1.793114E-01
5.048397E+03	-1.684123E+01	1.606810E-01	1.793121E-01
5.048597E+03	-1.684057E+01	1.604549E-01	1.793128E-01
5.048797E+03	-1.684017E+01	1.610662E-01	1.793135E-01
5.048997E+03	-1.684003E+01	1.610536E-01	1.793142E-01
5.049197E+03	-1.684012E+01	1.608661E-01	1.793148E-01
5.049397E+03	-1.684058E+01	1.612911E-01	1.793155E-01
5.049597E+03	-1.684104E+01	1.626032E-01	1.793162E-01
5.049797E+03	-1.684075E+01	1.616006E-01	1.793169E-01
5.049997E+03	-1.684053E+01	1.611956E-01	1.793176E-01
5.050197E+03	-1.684086E+01	1.613239E-01	1.793183E-01
5.050397E+03	-1.684105E+01	1.619011E-01	1.793189E-01
5.050597E+03	-1.684078E+01	1.606480E-01	1.793196E-01
5.050797E+03	-1.684128E+01	1.612830E-01	1.793203E-01
5.050997E+03	-1.684165E+01	1.619157E-01	1.793210E-01
5.051197E+03	-1.684188E+01	1.610701E-01	1.793217E-01
5.051398E+03	-1.684250E+01	1.616412E-01	1.793224E-01
5.051598E+03	-1.684329E+01	1.628091E-01	1.793231E-01
5.051798E+03	-1.684325E+01	1.627370E-01	1.793237E-01
5.051998E+03	-1.684246E+01	1.626031E-01	1.793244E-01
5.052198E+03	-1.684142E+01	1.641836E-01	1.793251E-01
5.052398E+03	-1.684139E+01	1.648799E-01	1.793258E-01
5.052598E+03	-1.684170E+01	1.649919E-01	1.793265E-01
5.052798E+03	-1.684169E+01	1.649932E-01	1.793272E-01
5.052998E+03	-1.684208E+01	1.649212E-01	1.793278E-01
5.053198E+03	-1.684266E+01	1.646547E-01	1.793285E-01
5.053398E+03	-1.684332E+01	1.652287E-01	1.793292E-01
5.053597E+03	-1.684304E+01	1.666032E-01	1.793299E-01
5.053797E+03	-1.684305E+01	1.667494E-01	1.793306E-01
5.053998E+03	-1.684353E+01	1.682332E-01	1.793313E-01
5.054198E+03	-1.684329E+01	1.706808E-01	1.793319E-01
5.054398E+03	-1.684257E+01	1.698554E-01	1.793326E-01
5.054597E+03	-1.684212E+01	1.712322E-01	1.793333E-01
5.054797E+03	-1.684207E+01	1.703741E-01	1.793340E-01
5.054997E+03	-1.684238E+01	1.721615E-01	1.793347E-01
5.055197E+03	-1.684212E+01	1.723903E-01	1.793354E-01
5.055397E+03	-1.684155E+01	1.721093E-01	1.793360E-01
5.055597E+03	-1.684078E+01	1.713865E-01	1.793367E-01
5.055797E+03	-1.684040E+01	1.708673E-01	1.793374E-01
5.055997E+03	-1.684063E+01	1.715868E-01	1.793381E-01
5.056197E+03	-1.684066E+01	1.720332E-01	1.793388E-01
5.056397E+03	-1.684024E+01	1.716526E-01	1.793395E-01
5.056597E+03	-1.683984E+01	1.717161E-01	1.793401E-01
5.056797E+03	-1.683999E+01	1.716208E-01	1.793408E-01
5.056997E+03	-1.684101E+01	1.721477E-01	1.793415E-01
5.057197E+03	-1.684195E+01	1.721608E-01	1.793422E-01
5.057397E+03	-1.684191E+01	1.718116E-01	1.793429E-01
5.057597E+03	-1.684178E+01	1.720012E-01	1.793436E-01
5.057797E+03	-1.684189E+01	1.718791E-01	1.793442E-01
5.057998E+03	-1.684156E+01	1.728693E-01	1.793449E-01
5.058198E+03	-1.684052E+01	1.705612E-01	1.793456E-01
5.058398E+03	-1.683958E+01	1.672500E-01	1.793463E-01
5.058598E+03	-1.683931E+01	1.669649E-01	1.793470E-01
5.058798E+03	-1.683938E+01	1.669848E-01	1.793477E-01
5.058998E+03	-1.683969E+01	1.668853E-01	1.793483E-01
5.059198E+03	-1.683952E+01	1.662116E-01	1.793490E-01
5.059398E+03	-1.683856E+01	1.654327E-01	1.793497E-01
5.059598E+03	-1.683744E+01	1.643707E-01	1.793504E-01
5.059998E+03	-1.683628E+01	1.638039E-01	1.793518E-01
5.060198E+03	-1.683518E+01	1.626086E-01	1.793524E-01
5.060398E+03	-1.683524E+01	1.621540E-01	1.793531E-01
5.060598E+03	-1.683586E+01	1.619281E-01	1.793538E-01
5.060798E+03	-1.683593E+01	1.621018E-01	1.793545E-01
5.060998E+03	-1.683558E+01	1.620023E-01	1.793552E-01
5.061198E+03	-1.683484E+01	1.621526E-01	1.793559E-01
5.061398E+03	-1.683453E+01	1.620804E-01	1.793565E-01
5.061598E+03	-1.683450E+01	1.594342E-01	1.793572E-01
5.061798E+03	-1.683420E+01	1.571392E-01	1.793579E-01
5.061998E+03	-1.683386E+01	1.566430E-01	1.793586E-01
5.062198E+03	-1.683299E+01	1.566446E-01	1.793593E-01
5.062398E+03	-1.683187E+01	1.565148E-01	1.793599E-01
5.062598E+03	-1.683169E+01	1.564290E-01	1.793606E-01
5.062798E+03	-1.683190E+01	1.564312E-01	1.793613E-01
5.062998E+03	-1.683189E+01	1.564469E-01	1.793620E-01
5.063198E+03	-1.683192E+01	1.562263E-01	1.793627E-01
5.063398E+03	-1.683152E+01	1.560737E-01	1.793634E-01
5.063598E+03	-1.683140E+01	1.571516E-01	1.793640E-01
5.063798E+03	-1.683150E+01	1.593802E-01	1.793647E-01
5.063998E+03	-1.683219E+01	1.610054E-01	1.793654E-01
5.064198E+03	-1.683305E+01	1.626051E-01	1.793661E-01
5.064398E+03	-1.683327E+01	1.627730E-01	1.793668E-01
5.064598E+03	-1.683329E+01	1.628462E-01	1.793675E-01
5.064799E+03	-1.683339E+01	1.647423E-01	1.793681E-01
5.064999E+03	-1.683358E+01	1.650008E-01	1.793688E-01
5.065199E+03	-1.683359E+01	1.649941E-01	1.793695E-01
5.065399E+03	-1.683390E+01	1.657433E-01	1.793702E-01
5.065599E+03	-1.683401E+01	1.660595E-01	1.793709E-01
5.065798E+03	-1.683403E+01	1.658799E-01	1.793715E-01
5.065998E+03	-1.683404E+01	1.659960E-01	1.793722E-01
5.066199E+03	-1.683398E+01	1.659589E-01	1.793729E-01
5.066399E+03	-1.683395E+01	1.662885E-01	1.793736E-01
5.066599E+03	-1.683482E+01	1.672255E-01	1.793743E-01
5.066798E+03	-1.683635E+01	1.673324E-01	1.793750E-01
5.066998E+03	-1.683645E+01	1.677612E-01	1.793756E-01
5.067198E+03	-1.683559E+01	1.678122E-01	1.793763E-01
5.067398E+03	-1.683549E+01	1.671566E-01	1.793770E-01
5.067598E+03	-1.683690E+01	1.681113E-01	1.793777E-01
5.067798E+03	-1.683846E+01	1.697367E-01	1.793784E-01
5.067998E+03	-1.683916E+01	1.701874E-01	1.793790E-01
5.068198E+03	-1.683946E+01	1.705313E-01	1.793797E-01
5.068398E+03	-1.683963E+01	1.705905E-01	1.793804E-01
5.068598E+03	-1.683968E+01	1.706562E-01	1.793811E-01
5.068798E+03	-1.684015E+01	1.711010E-01	1.793818E-01
5.068998E+03	-1.684092E+01	1.715487E-01	1.793825E-01
5.069198E+03	-1.684196E+01	1.717692E-01	1.793831E-01
5.069398E+03	-1.684267E+01	1.721481E-01	1.793838E-01
5.069598E+03	-1.684347E+01	1.720964E-01	1.793845E-01
5.069798E+03	-1.684424E+01	1.724637E-01	1.793852E-01
5.069998E+03	-1.684423E+01	1.712720E-01	1.793859E-01
5.070198E+03	-1.684387E+01	1.706353E-01	1.793865E-01
5.070398E+03	-1.684390E+01	1.713705E-01	1.793872E-01
5.070598E+03	-1.684452E+01	1.744787E-01	1.793879E-01
5.070798E+03	-1.684496E+01	1.742212E-01	1.793886E-01
5.070998E+03	-1.684547E+01	1.754637E-01	1.793893E-01
5.071198E+03	-1.684548E+01	1.755407E-01	1.793900E-01
5.071399E+03	-1.684484E+01	1.756405E-01	1.793906E-01
5.071599E+03	-1.684517E+01	1.758380E-01	1.793913E-01
5.071799E+03	-1.684562E+01	1.758224E-01	1.793920E-01
5.071999E+03	-1.684549E+01	1.763670E-01	1.793927E-01
5.072199E+03	-1.684543E+01	1.758905E-01	1.793934E-01
5.072399E+03	-1.684527E+01	1.780149E-01	1.793940E-01
5.072599E+03	-1.684493E+01	1.790695E-01	1.793947E-01
5.072799E+03	-1.684496E+01	1.792179E-01	1.793954E-01
5.072999E+03	-1.684514E+01	1.792236E-01	1.793961E-01
5.073199E+03	-1.684548E+01	1.791187E-01	1.793968E-01
5.073399E+03	-1.684570E+01	1.787264E-01	1.793974E-01
5.073599E+03	-1.684551E+01	1.783273E-01	1.793981E-01
5.073799E+03	-1.684562E+01	1.792598E-01	1.793988E-01
5.073999E+03	-1.684647E+01	1.789790E-01	1.793995E-01
5.074199E+03	-1.684736E+01	1.789450E-01	1.794002E-01
5.074399E+03	-1.684774E+01	1.790269E-01	1.794009E-01
5.074799E+03	-1.684787E+01	1.791048E-01	1.794022E-01
5.074999E+03	-1.684835E+01	1.792701E-01	1.794029E-01
5.075199E+03	-1.684846E+01	1.797543E-01	1.794036E-01
5.075399E+03	-1.684770E+01	1.794534E-01	1.794043E-01
5.075599E+03	-1.684706E+01	1.790131E-01	1.794050E-01
5.075799E+03	-1.684723E+01	1.792726E-01	1.794058E-01
5.075999E+03	-1.684725E+01	1.791307E-01	1.794065E-01
5.076199E+03	-1.684649E+01	1.782585E-01	1.794072E-01
5.076399E+03	-1.684555E+01	1.763830E-01	1.794080E-01
5.076599E+03	-1.684459E+01	1.755349E-01	1.794087E-01
5.076799E+03	-1.684401E+01	1.763158E-01	1.794095E-01
5.076999E+03	-1.684398E+01	1.781013E-01	1.794102E-01
5.077199E+03	-1.684461E+01	1.775445E-01	1.794109E-01
5.077399E+03	-1.684527E+01	1.787039E-01	1.794117E-01
5.077599E+03	-1.684506E+01	1.787393E-01	1.794124E-01
5.077799E+03	-1.684406E+01	1.773386E-01	1.794131E-01
5.077998E+03	-1.684356E+01	1.769958E-01	1.794139E-01
5.078199E+03	-1.684318E+01	1.763963E-01	1.794146E-01
5.078400E+03	-1.684285E+01	1.750721E-01	1.794154E-01
5.078600E+03	-1.684222E+01	1.748565E-01	1.794161E-01
5.078800E+03	-1.684181E+01	1.747471E-01	1.794168E-01
5.078999E+03	-1.684167E+01	1.747048E-01	1.794176E-01
5.079199E+03	-1.684194E+01	1.744544E-01	1.794183E-01
5.079399E+03	-1.684286E+01	1.731503E-01	1.794190E-01
5.079599E+03	-1.684333E+01	1.716109E-01	1.794198E-01
5.079799E+03	-1.684240E+01	1.686272E-01	1.794205E-01
5.079999E+03	-1.684088E+01	1.676244E-01	1.794213E-01
5.080199E+03	-1.683979E+01	1.661750E-01	1.794220E-01
5.080399E+03	-1.683989E+01	1.650736E-01	1.794227E-01
5.080599E+03	-1.684066E+01	1.641650E-01	1.794235E-01
5.080799E+03	-1.684174E+01	1.632425E-01	1.794242E-01
5.080999E+03	-1.684212E+01	1.640519E-01	1.794249E-01
5.081199E+03	-1.684169E+01	1.637709E-01	1.794257E-01
5.081399E+03	-1.684208E+01	1.640926E-01	1.794264E-01
5.081599E+03	-1.684187E+01	1.641515E-01	1.794272E-01
5.081799E+03	-1.684089E+01	1.637769E-01	1.794279E-01
5.081999E+03	-1.684038E+01	1.620518E-01	1.794286E-01
5.082199E+03	-1.684009E+01	1.633161E-01	1.794294E-01
5.082399E+03	-1.683981E+01	1.639294E-01	1.794301E-01
5.082599E+03	-1.683972E+01	1.639422E-01	1.794308E-01
5.082799E+03	-1.683945E+01	1.635910E-01	1.794316E-01
5.082999E+03	-1.683903E+01	1.649993E-01	1.794323E-01
5.083199E+03	-1.683880E+01	1.666465E-01	1.794331E-01
5.083399E+03	-1.683858E+01	1.663703E-01	1.794338E-01
5.083599E+03	-1.683853E+01	1.662547E-01	1.794345E-01
5.083799E+03	-1.683864E+01	1.662528E-01	1.794353E-01
5.083999E+03	-1.683863E+01	1.677194E-01	1.794360E-01
5.084199E+03	-1.683852E+01	1.687689E-01	1.794367E-01
5.084399E+03	-1.683827E+01	1.687278E-01	1.794375E-01
5.084599E+03	-1.683765E+01	1.685236E-01	1.794382E-01
5.084799E+03	-1.683650E+01	1.685012E-01	1.794389E-01
5.085000E+03	-1.683550E+01	1.684685E-01	1.794397E-01
5.085200E+03	-1.683572E+01	1.679132E-01	1.794404E-01
5.085400E+03	-1.683635E+01	1.689769E-01	1.794412E-01
5.085600E+03	-1.683617E+01	1.707044E-01	1.794419E-01
5.085800E+03	-1.683590E+01	1.710902E-01	1.794426E-01
5.086000E+03	-1.683589E+01	1.714949E-01	1.794434E-01
5.086200E+03	-1.683551E+01	1.719578E-01	1.794441E-01
5.086400E+03	-1.683533E+01	1.719542E-01	1.794448E-01
5.086600E+03	-1.683507E+01	1.728795E-01	1.794456E-01
5.086800E+03	-1.683406E+01	1.731693E-01	1.794463E-01
5.087000E+03	-1.683366E+01	1.728356E-01	1.794470E-01
5.087200E+03	-1.683425E+01	1.729137E-01	1.794478E-01
5.087400E+03	-1.683522E+01	1.731439E-01	1.794485E-01
5.087600E+03	-1.683572E+01	1.734420E-01	1.794493E-01
5.087800E+03	-1.683513E+01	1.741109E-01	1.794500E-01
5.088000E+03	-1.683437E+01	1.733961E-01	1.794507E-01
5.088200E+03	-1.683464E+01	1.722539E-01	1.794515E-01
5.088400E+03	-1.683520E+01	1.724730E-01	1.794522E-01
5.088600E+03	-1.683490E+01	1.718101E-01	1.794529E-01
5.088800E+03	-1.683505E+01	1.718540E-01	1.794537E-01
5.089000E+03	-1.683538E+01	1.723211E-01	1.794544E-01
5.089200E+03	-1.683541E+01	1.715583E-01	1.794551E-01
5.089400E+03	-1.683548E+01	1.705947E-01	1.794559E-01
5.089600E+03	-1.683610E+01	1.710158E-01	1.794566E-01
5.089800E+03	-1.683627E+01	1.714569E-01	1.794574E-01
5.090000E+03	-1.683530E+01	1.719314E-01	1.794581E-01
5.090200E+03	-1.683439E+01	1.711535E-01	1.794588E-01
5.090400E+03	-1.683381E+01	1.710712E-01	1.794596E-01
5.090600E+03	-1.683375E+01	1.699102E-01	1.794603E-01
5.090800E+03	-1.683425E+01	1.697091E-01	1.794610E-01
5.090999E+03	-1.683469E+01	1.696800E-01	1.794618E-01
5.091199E+03	-1.683405E+01	1.686998E-01	1.794625E-01
5.091400E+03	-1.683299E+01	1.675872E-01	1.794632E-01
5.091600E+03	-1.683301E+01	1.677398E-01	1.794640E-01
5.091800E+03	-1.683428E+01	1.673799E-01	1.794647E-01
5.092000E+03	-1.683525E+01	1.660381E-01	1.794654E-01
5.092200E+03	-1.683521E+01	1.655716E-01	1.794662E-01
5.092400E+03	-1.683544E+01	1.656609E-01	1.794669E-01
5.092600E+03	-1.683528E+01	1.654515E-01	1.794677E-01
5.092800E+03	-1.683430E+01	1.653832E-01	1.794684E-01
5.093000E+03	-1.683481E+01	1.655922E-01	1.794691E-01
5.093200E+03	-1.683526E+01	1.655269E-01	1.794699E-01
5.093400E+03	-1.683487E+01	1.639541E-01	1.794706E-01
5.093600E+03	-1.683504E+01	1.638470E-01	1.794713E-01
5.093800E+03	-1.683506E+01	1.627904E-01	1.794721E-01
5.094000E+03	-1.683425E+01	1.599095E-01	1.794728E-01
5.094200E+03	-1.683357E+01	1.595675E-01	1.794735E-01
5.094400E+03	-1.683338E+01	1.578711E-01	1.794743E-01
5.094600E+03	-1.683344E+01	1.580771E-01	1.794750E-01
5.094800E+03	-1.683309E+01	1.561680E-01	1.794757E-01
5.095000E+03	-1.683269E+01	1.556829E-01	1.794765E-01
5.095200E+03	-1.683286E+01	1.571749E-01	1.794772E-01
5.095400E+03	-1.683298E+01	1.573771E-01	1.794779E-01
5.095600E+03	-1.683247E+01	1.571549E-01	1.794787E-01
5.095800E+03	-1.683233E+01	1.572698E-01	1.794794E-01
5.096000E+03	-1.683286E+01	1.567253E-01	1.794802E-01
5.096200E+03	-1.683325E+01	1.570018E-01	1.794809E-01
5.096400E+03	-1.683310E+01	1.568749E-01	1.794816E-01
5.096600E+03	-1.683291E+01	1.563062E-01	1.794824E-01
5.096800E+03	-1.683325E+01	1.564778E-01	1.794831E-01
5.097000E+03	-1.683350E+01	1.566782E-01	1.794838E-01
5.097200E+03	-1.683301E+01	1.566431E-01	1.794846E-01
5.097400E+03	-1.683260E+01	1.562492E-01	1.794853E-01
5.097600E+03	-1.683252E+01	1.563573E-01	1.794860E-01
5.097800E+03	-1.683235E+01	1.550093E-01	1.794868E-01
5.098000E+03	-1.683287E+01	1.552688E-01	1.794875E-01
5.098200E+03	-1.683359E+01	1.556210E-01	1.794882E-01
5.098401E+03	-1.683360E+01	1.556574E-01	1.794890E-01
5.098601E+03	-1.683335E+01	1.563523E-01	1.794897E-01
5.098801E+03	-1.683358E+01	1.565359E-01	1.794904E-01
5.099001E+03	-1.683333E+01	1.567694E-01	1.794912E-01
5.099201E+03	-1.683296E+01	1.574761E-01	1.794919E-01
5.099401E+03	-1.683336E+01	1.576270E-01	1.794926E-01
5.099601E+03	-1.683391E+01	1.578098E-01	1.794934E-01
5.099801E+03	-1.683423E+01	1.578141E-01	1.794941E-01
5.100001E+03	-1.683432E+01	1.577173E-01	1.794948E-01
5.100201E+03	-1.683434E+01	1.580058E-01	1.794956E-01
5.100401E+03	-1.683420E+01	1.580685E-01	1.794963E-01
5.100601E+03	-1.683412E+01	1.579994E-01	1.794971E-01
5.100801E+03	-1.683387E+01	1.575047E-01	1.794978E-01
5.101001E+03	-1.683344E+01	1.573947E-01	1.794985E-01
5.101201E+03	-1.683322E+01	1.573142E-01	1.794993E-01
5.101401E+03	-1.683285E+01	1.571916E-01	1.795000E-01
5.101601E+03	-1.683283E+01	1.572704E-01	1.795007E-01
5.101801E+03	-1.683305E+01	1.576199E-01	1.795015E-01
5.102001E+03	-1.683329E+01	1.570144E-01	1.795022E-01
5.102201E+03	-1.683326E+01	1.570894E-01	1.795029E-01
5.102401E+03	-1.683288E+01	1.569488E-01	1.795037E-01
5.102600E+03	-1.683318E+01	1.600235E-01	1.795044E-01
5.102801E+03	-1.683389E+01	1.623704E-01	1.795051E-01
5.103001E+03	-1.683413E+01	1.628163E-01	1.795059E-01
5.103200E+03	-1.683493E+01	1.625013E-01	1.795066E-01
5.103400E+03	-1.683563E+01	1.610711E-01	1.795073E-01
5.103600E+03	-1.683553E+01	1.602424E-01	1.795081E-01
5.103800E+03	-1.683540E+01	1.589139E-01	1.795088E-01
5.104000E+03	-1.683511E+01	1.588320E-01	1.795095E-01
5.104200E+03	-1.683506E+01	1.590081E-01	1.795103E-01
5.104400E+03	-1.683505E+01	1.569464E-01	1.795110E-01
5.104600E+03	-1.683502E+01	1.566644E-01	1.795117E-01
5.104800E+03	-1.683502E+01	1.574829E-01	1.795125E-01
5.105000E+03	-1.683525E+01	1.582466E-01	1.795132E-01
5.105201E+03	-1.683505E+01	1.571933E-01	1.795139E-01
5.105401E+03	-1.683395E+01	1.578986E-01	1.795147E-01
5.105601E+03	-1.683311E+01	1.575444E-01	1.795154E-01
5.105801E+03	-1.683313E+01	1.572921E-01	1.795161E-01
5.106001E+03	-1.683410E+01	1.575648E-01	1.795169E-01
5.106201E+03	-1.683441E+01	1.570338E-01	1.795176E-01
5.106401E+03	-1.683401E+01	1.576779E-01	1.795183E-01
5.106601E+03	-1.683433E+01	1.574302E-01	1.795191E-01
5.106801E+03	-1.683511E+01	1.582915E-01	1.795198E-01
5.107001E+03	-1.683542E+01	1.593310E-01	1.795205E-01
5.107201E+03	-1.683450E+01	1.588743E-01	1.795213E-01
5.107401E+03	-1.683337E+01	1.575126E-01	1.795220E-01
5.107601E+03	-1.683315E+01	1.572389E-01	1.795227E-01
5.107801E+03	-1.683365E+01	1.571049E-01	1.795235E-01
5.108001E+03	-1.683382E+01	1.572940E-01	1.795242E-01
5.108201E+03	-1.683362E+01	1.568020E-01	1.795249E-01
5.108401E+03	-1.683345E+01	1.579164E-01	1.795257E-01
5.108601E+03	-1.683299E+01	1.589355E-01	1.795264E-01
5.108801E+03	-1.683267E+01	1.593655E-01	1.795271E-01
5.109001E+03	-1.683238E+01	1.591717E-01	1.795279E-01
5.109201E+03	-1.683157E+01	1.592818E-01	1.795286E-01
5.109401E+03	-1.683145E+01	1.593787E-01	1.795293E-01
5.109601E+03	-1.683251E+01	1.593856E-01	1.795301E-01
5.109801E+03	-1.683287E+01	1.593164E-01	1.795308E-01
5.110001E+03	-1.683266E+01	1.582590E-01	1.795315E-01
5.110201E+03	-1.683265E+01	1.555588E-01	1.795323E-01
5.110401E+03	-1.683280E+01	1.555230E-01	1.795330E-01
5.110601E+03	-1.683273E+01	1.542306E-01	1.795337E-01
5.110801E+03	-1.683298E+01	1.546098E-01	1.795345E-01
5.111001E+03	-1.683362E+01	1.544164E-01	1.795352E-01
5.111201E+03	-1.683362E+01	1.544490E-01	1.795359E-01
5.111401E+03	-1.683354E+01	1.552121E-01	1.795367E-01
5.111601E+03	-1.683352E+01	1.543383E-01	1.795374E-01
5.111802E+03	-1.683328E+01	1.549042E-01	1.795381E-01
5.112002E+03	-1.683321E+01	1.531659E-01	1.795389E-01
5.112202E+03	-1.683333E+01	1.521343E-01	1.795396E-01
5.112402E+03	-1.683318E+01	1.520017E-01	1.795403E-01
5.112602E+03	-1.683325E+01	1.528757E-01	1.795411E-01
5.112802E+03	-1.683350E+01	1.532204E-01	1.795418E-01
5.113002E+03	-1.683405E+01	1.536095E-01	1.795425E-01
5.113202E+03	-1.683400E+01	1.539996E-01	1.795433E-01
5.113402E+03	-1.683374E+01	1.529356E-01	1.795440E-01
5.113602E+03	-1.683404E+01	1.523711E-01	1.795447E-01
5.113802E+03	-1.683376E+01	1.529180E-01	1.795455E-01
5.114002E+03	-1.683290E+01	1.526112E-01	1.795462E-01
5.114202E+03	-1.683144E+01	1.526928E-01	1.795469E-01
5.114402E+03	-1.683088E+01	1.528785E-01	1.795477E-01
5.114602E+03	-1.683162E+01	1.529553E-01	1.795484E-01
5.114801E+03	-1.683194E+01	1.529217E-01	1.795491E-01
5.115202E+03	-1.683167E+01	1.528285E-01	1.795506E-01
5.115401E+03	-1.683120E+01	1.527369E-01	1.795513E-01
5.115601E+03	-1.683060E+01	1.540320E-01	1.795520E-01
5.115801E+03	-1.683021E+01	1.542283E-01	1.795528E-01
5.116002E+03	-1.682991E+01	1.541321E-01	1.795535E-01
5.116201E+03	-1.682982E+01	1.541373E-01	1.795542E-01
5.116401E+03	-1.682874E+01	1.528369E-01	1.795550E-01
5.116601E+03	-1.682767E+01	1.505065E-01	1.795557E-01
5.116801E+03	-1.682799E+01	1.504303E-01	1.795564E-01
5.117001E+03	-1.682791E+01	1.494920E-01	1.795572E-01
5.117201E+03	-1.682809E+01	1.508193E-01	1.795579E-01
5.117401E+03	-1.682832E+01	1.516712E-01	1.795586E-01
5.117601E+03	-1.682851E+01	1.519049E-01	1.795594E-01
5.117801E+03	-1.682872E+01	1.519800E-01	1.795601E-01
5.118001E+03	-1.682884E+01	1.524883E-01	1.795608E-01
5.118201E+03	-1.682968E+01	1.543389E-01	1.795616E-01
5.118401E+03	-1.683102E+01	1.564345E-01	1.795623E-01
5.118602E+03	-1.683143E+01	1.575542E-01	1.795630E-01
5.118802E+03	-1.683131E+01	1.575631E-01	1.795638E-01
5.119002E+03	-1.683131E+01	1.579788E-01	1.795645E-01
5.119202E+03	-1.683231E+01	1.582725E-01	1.795652E-01
5.119402E+03	-1.683349E+01	1.608647E-01	1.795660E-01
5.119602E+03	-1.683419E+01	1.641326E-01	1.795667E-01
5.119802E+03	-1.683461E+01	1.671594E-01	1.795674E-01
5.120002E+03	-1.683479E+01	1.692527E-01	1.795681E-01
5.120202E+03	-1.683481E+01	1.687136E-01	1.795689E-01
5.120402E+03	-1.683418E+01	1.699033E-01	1.795696E-01
5.120602E+03	-1.683338E+01	1.691141E-01	1.795703E-01
5.120802E+03	-1.683325E+01	1.691339E-01	1.795711E-01
5.121002E+03	-1.683378E+01	1.696722E-01	1.795718E-01
5.121202E+03	-1.683465E+01	1.695967E-01	1.795725E-01
5.121402E+03	-1.683551E+01	1.700769E-01	1.795733E-01
5.121602E+03	-1.683629E+01	1.701697E-01	1.795740E-01
5.121802E+03	-1.683644E+01	1.691481E-01	1.795747E-01
5.122002E+03	-1.683638E+01	1.691772E-01	1.795755E-01
5.122202E+03	-1.683627E+01	1.714519E-01	1.795762E-01
5.122402E+03	-1.683614E+01	1.715147E-01	1.795769E-01
5.122602E+03	-1.683615E+01	1.701763E-01	1.795777E-01
5.122802E+03	-1.683604E+01	1.685706E-01	1.795784E-01
5.123002E+03	-1.683553E+01	1.679944E-01	1.795791E-01
5.123202E+03	-1.683506E+01	1.679419E-01	1.795798E-01
5.123402E+03	-1.683474E+01	1.688155E-01	1.795806E-01
5.123602E+03	-1.683499E+01	1.691503E-01	1.795813E-01
5.123802E+03	-1.683505E+01	1.679104E-01	1.795820E-01
5.124002E+03	-1.683438E+01	1.676302E-01	1.795828E-01
5.124202E+03	-1.683403E+01	1.674818E-01	1.795835E-01
5.124402E+03	-1.683403E+01	1.670580E-01	1.795842E-01
5.124602E+03	-1.683394E+01	1.667510E-01	1.795850E-01
5.124802E+03	-1.683384E+01	1.667026E-01	1.795857E-01
5.125002E+03	-1.683391E+01	1.658044E-01	1.795864E-01
5.125203E+03	-1.683375E+01	1.634881E-01	1.795872E-01
5.125403E+03	-1.683349E+01	1.627336E-01	1.795879E-01
5.125603E+03	-1.683360E+01	1.622479E-01	1.795886E-01
5.125803E+03	-1.683391E+01	1.614478E-01	1.795894E-01
5.126003E+03	-1.683399E+01	1.620701E-01	1.795901E-01
5.126203E+03	-1.683419E+01	1.615345E-01	1.795908E-01
5.126403E+03	-1.683443E+01	1.621781E-01	1.795915E-01
5.126603E+03	-1.683421E+01	1.642618E-01	1.795923E-01
5.126803E+03	-1.683412E+01	1.642323E-01	1.795930E-01
5.127003E+03	-1.683481E+01	1.650467E-01	1.795937E-01
5.127203E+03	-1.683557E+01	1.654478E-01	1.795945E-01
5.127403E+03	-1.683560E+01	1.648749E-01	1.795952E-01
5.127602E+03	-1.683528E+01	1.680727E-01	1.795959E-01
5.127802E+03	-1.683506E+01	1.707905E-01	1.795967E-01
5.128002E+03	-1.683537E+01	1.717736E-01	1.795974E-01
5.128203E+03	-1.683595E+01	1.726189E-01	1.795981E-01
5.128402E+03	-1.683558E+01	1.726754E-01	1.795988E-01
5.128602E+03	-1.683529E+01	1.726968E-01	1.795996E-01
5.128802E+03	-1.683492E+01	1.747074E-01	1.796003E-01
5.129002E+03	-1.683489E+01	1.773047E-01	1.796010E-01
5.129202E+03	-1.683504E+01	1.787336E-01	1.796018E-01
5.129402E+03	-1.683486E+01	1.797668E-01	1.796025E-01
5.129602E+03	-1.683512E+01	1.803597E-01	1.796032E-01
5.129802E+03	-1.683574E+01	1.804466E-01	1.796040E-01
5.130002E+03	-1.683629E+01	1.813037E-01	1.796047E-01
5.130202E+03	-1.683689E+01	1.817243E-01	1.796054E-01
5.130402E+03	-1.683723E+01	1.827528E-01	1.796061E-01
5.130602E+03	-1.683677E+01	1.826712E-01	1.796069E-01
5.130802E+03	-1.683618E+01	1.824755E-01	1.796076E-01
5.131002E+03	-1.683593E+01	1.825579E-01	1.796083E-01
5.131202E+03	-1.683577E+01	1.819764E-01	1.796091E-01
5.131402E+03	-1.683556E+01	1.822135E-01	1.796098E-01
5.131602E+03	-1.683536E+01	1.829876E-01	1.796105E-01
5.131802E+03	-1.683527E+01	1.832528E-01	1.796113E-01
5.132003E+03	-1.683476E+01	1.835702E-01	1.796120E-01
5.132203E+03	-1.683463E+01	1.837327E-01	1.796127E-01
5.132403E+03	-1.683501E+01	1.836271E-01	1.796134E-01
5.132603E+03	-1.683457E+01	1.836661E-01	1.796142E-01
5.132803E+03	-1.683409E+01	1.831356E-01	1.796149E-01
5.133003E+03	-1.683417E+01	1.837918E-01	1.796156E-01
5.133203E+03	-1.683460E+01	1.840421E-01	1.796164E-01
5.133403E+03	-1.683456E+01	1.840174E-01	1.796171E-01
5.133603E+03	-1.683432E+01	1.853869E-01	1.796178E-01
5.133803E+03	-1.683404E+01	1.868061E-01	1.796186E-01
5.134003E+03	-1.683412E+01	1.876266E-01	1.796193E-01
5.134203E+03	-1.683419E+01	1.885617E-01	1.796200E-01
5.134403E+03	-1.683402E+01	1.902354E-01	1.796207E-01
5.134603E+03	-1.683402E+01	1.907104E-01	1.796215E-01
5.134803E+03	-1.683370E+01	1.894189E-01	1.796222E-01
5.135003E+03	-1.683369E+01	1.893002E-01	1.796229E-01
5.135203E+03	-1.683412E+01	1.895145E-01	1.796237E-01
5.135403E+03	-1.683436E+01	1.889665E-01	1.796244E-01
5.135603E+03	-1.683389E+01	1.887276E-01	1.796251E-01
5.135803E+03	-1.683315E+01	1.887030E-01	1.796258E-01
5.136003E+03	-1.683239E+01	1.916481E-01	1.796266E-01
5.136203E+03	-1.683162E+01	1.936951E-01	1.796273E-01
5.136403E+03	-1.683101E+01	1.933824E-01	1.796280E-01
5.136603E+03	-1.683075E+01	1.932378E-01	1.796288E-01
5.136803E+03	-1.683044E+01	1.936531E-01	1.796295E-01
5.137003E+03	-1.683011E+01	1.939482E-01	1.796302E-01
5.137203E+03	-1.683044E+01	1.940626E-01	1.796310E-01
5.137403E+03	-1.683162E+01	1.955206E-01	1.796317E-01
5.137603E+03	-1.683209E+01	1.960383E-01	1.796324E-01
5.137803E+03	-1.683180E+01	1.959414E-01	1.796331E-01
5.138003E+03	-1.683185E+01	1.959712E-01	1.796339E-01
5.138203E+03	-1.683170E+01	1.954274E-01	1.796346E-01
5.138403E+03	-1.683180E+01	1.954196E-01	1.796353E-01
5.138603E+03	-1.683225E+01	1.953162E-01	1.796361E-01
5.138804E+03	-1.683209E+01	1.949806E-01	1.796368E-01
5.139004E+03	-1.683087E+01	1.970139E-01	1.796375E-01
5.139204E+03	-1.682933E+01	1.968271E-01	1.796382E-01
5.139404E+03	-1.682767E+01	1.983581E-01	1.796390E-01
5.139604E+03	-1.682689E+01	2.016785E-01	1.796397E-01
5.139803E+03	-1.682595E+01	2.013042E-01	1.796404E-01
5.140003E+03	-1.682481E+01	2.003376E-01	1.796412E-01
5.140203E+03	-1.682377E+01	2.002983E-01	1.796419E-01
5.140404E+03	-1.682294E+01	2.008204E-01	1.796426E-01
5.140603E+03	-1.682285E+01	2.007124E-01	1.796433E-01
5.140803E+03	-1.682273E+01	2.013496E-01	1.796441E-01
5.141003E+03	-1.682246E+01	2.012269E-01	1.796448E-01
5.141203E+03	-1.682312E+01	2.014784E-01	1.796455E-01
5.141403E+03	-1.682410E+01	2.024651E-01	1.796463E-01
5.141603E+03	-1.682389E+01	2.028703E-01	1.796470E-01
5.141803E+03	-1.682351E+01	2.025513E-01	1.796477E-01
5.142003E+03	-1.682327E+01	2.024690E-01	1.796484E-01
5.142203E+03	-1.682293E+01	1.999519E-01	1.796492E-01
5.142403E+03	-1.682234E+01	1.980528E-01	1.796499E-01
5.142603E+03	-1.682209E+01	1.976223E-01	1.796506E-01
5.142803E+03	-1.682264E+01	1.973941E-01	1.796514E-01
5.143003E+03	-1.682342E+01	1.972918E-01	1.796521E-01
5.143203E+03	-1.682305E+01	1.965754E-01	1.796528E-01
5.143403E+03	-1.682230E+01	1.961004E-01	1.796535E-01
5.143603E+03	-1.682203E+01	1.960714E-01	1.796543E-01
5.143803E+03	-1.682225E+01	1.966899E-01	1.796550E-01
5.144003E+03	-1.682243E+01	1.968372E-01	1.796557E-01
5.144203E+03	-1.682185E+01	1.966660E-01	1.796565E-01
5.144403E+03	-1.682145E+01	1.963659E-01	1.796572E-01
5.144603E+03	-1.682123E+01	1.955583E-01	1.796579E-01
5.144803E+03	-1.682046E+01	1.960810E-01	1.796586E-01
5.145003E+03	-1.682020E+01	1.971936E-01	1.796594E-01
5.145203E+03	-1.682087E+01	1.979006E-01	1.796601E-01
5.145404E+03	-1.682136E+01	1.986308E-01	1.796608E-01
5.145604E+03	-1.682106E+01	1.983984E-01	1.796616E-01
5.145804E+03	-1.682060E+01	1.987766E-01	1.796623E-01
5.146004E+03	-1.682003E+01	1.981272E-01	1.796630E-01
5.146204E+03	-1.681928E+01	1.980864E-01	1.796637E-01
5.146404E+03	-1.681913E+01	1.996497E-01	1.796645E-01
5.146604E+03	-1.681984E+01	1.997289E-01	1.796652E-01
5.146804E+03	-1.682062E+01	2.003455E-01	1.796659E-01
5.147004E+03	-1.682110E+01	2.024415E-01	1.796666E-01
5.147204E+03	-1.682094E+01	2.030215E-01	1.796674E-01
5.147404E+03	-1.682017E+01	2.030781E-01	1.796681E-01
5.147604E+03	-1.681943E+01	2.034095E-01	1.796688E-01
5.147804E+03	-1.681820E+01	2.032648E-01	1.796696E-01
5.148004E+03	-1.681772E+01	2.033821E-01	1.796703E-01
5.148204E+03	-1.681839E+01	2.027401E-01	1.796710E-01
5.148404E+03	-1.681897E+01	2.025682E-01	1.796717E-01
5.148604E+03	-1.681940E+01	2.027615E-01	1.796725E-01
5.148804E+03	-1.682014E+01	2.028973E-01	1.796732E-01
5.149004E+03	-1.682062E+01	2.028158E-01	1.796739E-01
5.149204E+03	-1.682031E+01	2.029627E-01	1.796746E-01
5.149404E+03	-1.681962E+01	2.025831E-01	1.796754E-01
5.149604E+03	-1.681863E+01	2.023225E-01	1.796761E-01
5.149804E+03	-1.681774E+01	2.020442E-01	1.796768E-01
5.150004E+03	-1.681725E+01	2.021111E-01	1.796776E-01
5.150204E+03	-1.681762E+01	2.021114E-01	1.796783E-01
5.150404E+03	-1.681778E+01	2.022887E-01	1.796790E-01
5.150604E+03	-1.681714E+01	2.020336E-01	1.796797E-01
5.150804E+03	-1.681629E+01	2.019771E-01	1.796805E-01
5.151004E+03	-1.681617E+01	2.029096E-01	1.796812E-01
5.151204E+03	-1.681584E+01	2.027093E-01	1.796819E-01
5.151404E+03	-1.681601E+01	2.038529E-01	1.796826E-01
5.151604E+03	-1.681654E+01	2.045019E-01	1.796834E-01
5.151803E+03	-1.681677E+01	2.054796E-01	1.796841E-01
5.152003E+03	-1.681663E+01	2.056217E-01	1.796848E-01
5.152204E+03	-1.681600E+01	2.052891E-01	1.796856E-01
5.152404E+03	-1.681606E+01	2.066091E-01	1.796863E-01
5.152605E+03	-1.681666E+01	2.069260E-01	1.796870E-01
5.152805E+03	-1.681620E+01	2.066107E-01	1.796877E-01
5.153004E+03	-1.681498E+01	2.060007E-01	1.796885E-01
5.153204E+03	-1.681432E+01	2.056878E-01	1.796892E-01
5.153404E+03	-1.681463E+01	2.056199E-01	1.796899E-01
5.153604E+03	-1.681500E+01	2.065125E-01	1.796906E-01
5.153804E+03	-1.681464E+01	2.059782E-01	1.796914E-01
5.154004E+03	-1.681362E+01	2.055690E-01	1.796921E-01
5.154204E+03	-1.681319E+01	2.052465E-01	1.796928E-01
5.154404E+03	-1.681324E+01	2.053044E-01	1.796935E-01
5.154604E+03	-1.681338E+01	2.054406E-01	1.796943E-01
5.154804E+03	-1.681374E+01	2.055111E-01	1.796950E-01
5.155004E+03	-1.681418E+01	2.047571E-01	1.796957E-01
5.155204E+03	-1.681438E+01	2.046685E-01	1.796965E-01
5.155404E+03	-1.681463E+01	2.047726E-01	1.796972E-01
5.155604E+03	-1.681467E+01	2.047587E-01	1.796979E-01
5.155804E+03	-1.681404E+01	2.044576E-01	1.796986E-01
5.156004E+03	-1.681297E+01	2.041650E-01	1.796994E-01
5.156204E+03	-1.681209E+01	2.036333E-01	1.797001E-01
5.156404E+03	-1.681163E+01	2.036375E-01	1.797008E-01
5.156604E+03	-1.681161E+01	2.027273E-01	1.797015E-01
5.156804E+03	-1.681146E+01	2.025466E-01	1.797023E-01
5.157004E+03	-1.681098E+01	2.024905E-01	1.797030E-01
5.157204E+03	-1.681066E+01	2.031990E-01	1.797037E-01
5.157404E+03	-1.681115E+01	2.033069E-01	1.797044E-01
5.157604E+03	-1.681143E+01	2.024804E-01	1.797052E-01
5.157804E+03	-1.681164E+01	2.014693E-01	1.797059E-01
5.158004E+03	-1.681177E+01	2.010622E-01	1.797066E-01
5.158204E+03	-1.681154E+01	2.010913E-01	1.797074E-01
5.158404E+03	-1.681153E+01	2.009008E-01	1.797081E-01
5.158604E+03	-1.681136E+01	2.013636E-01	1.797088E-01
5.158805E+03	-1.681111E+01	1.999936E-01	1.797095E-01
5.159005E+03	-1.681093E+01	1.976413E-01	1.797103E-01
5.159205E+03	-1.681057E+01	1.949908E-01	1.797110E-01
5.159405E+03	-1.680981E+01	1.924881E-01	1.797117E-01
5.159605E+03	-1.680853E+01	1.923377E-01	1.797124E-01
5.159805E+03	-1.680758E+01	1.908838E-01	1.797132E-01
5.160005E+03	-1.680766E+01	1.908964E-01	1.797139E-01
5.160205E+03	-1.680737E+01	1.907224E-01	1.797146E-01
5.160405E+03	-1.680631E+01	1.898621E-01	1.797153E-01
5.160605E+03	-1.680538E+01	1.898032E-01	1.797161E-01
5.160805E+03	-1.680484E+01	1.894815E-01	1.797168E-01
5.161005E+03	-1.680453E+01	1.893059E-01	1.797175E-01
5.161205E+03	-1.680460E+01	1.891967E-01	1.797182E-01
5.161405E+03	-1.680509E+01	1.890739E-01	1.797190E-01
5.161605E+03	-1.680546E+01	1.870580E-01	1.797197E-01
5.161805E+03	-1.680544E+01	1.867259E-01	1.797204E-01
5.162005E+03	-1.680540E+01	1.864924E-01	1.797211E-01
5.162205E+03	-1.680550E+01	1.863603E-01	1.797219E-01
5.162405E+03	-1.680556E+01	1.863079E-01	1.797226E-01
5.162605E+03	-1.680623E+01	1.864487E-01	1.797233E-01
5.162805E+03	-1.680730E+01	1.864393E-01	1.797240E-01
5.163005E+03	-1.680833E+01	1.858620E-01	1.797248E-01
5.163205E+03	-1.680905E+01	1.860691E-01	1.797255E-01
5.163405E+03	-1.680952E+01	1.866442E-01	1.797262E-01
5.163605E+03	-1.680955E+01	1.867213E-01	1.797269E-01
5.163805E+03	-1.680957E+01	1.867147E-01	1.797277E-01
5.164005E+03	-1.680993E+01	1.869260E-01	1.797284E-01
5.164204E+03	-1.680949E+01	1.869177E-01	1.797291E-01
5.164404E+03	-1.680893E+01	1.866648E-01	1.797298E-01
5.164605E+03	-1.680874E+01	1.865084E-01	1.797306E-01
5.164805E+03	-1.680840E+01	1.864379E-01	1.797313E-01
5.165005E+03	-1.680829E+01	1.880153E-01	1.797320E-01
5.165204E+03	-1.680851E+01	1.893249E-01	1.797327E-01
5.165404E+03	-1.680872E+01	1.886916E-01	1.797335E-01
5.165605E+03	-1.680826E+01	1.900832E-01	1.797342E-01
5.165805E+03	-1.680807E+01	1.903792E-01	1.797349E-01
5.166005E+03	-1.680826E+01	1.892997E-01	1.797357E-01
5.166205E+03	-1.680775E+01	1.892887E-01	1.797364E-01
5.166405E+03	-1.680716E+01	1.886014E-01	1.797371E-01
5.166605E+03	-1.680722E+01	1.885053E-01	1.797378E-01
5.166805E+03	-1.680760E+01	1.889763E-01	1.797385E-01
5.167005E+03	-1.680781E+01	1.883692E-01	1.797393E-01
5.167205E+03	-1.680751E+01	1.864592E-01	1.797400E-01
5.167405E+03	-1.680722E+01	1.860044E-01	1.797407E-01
5.167605E+03	-1.680723E+01	1.856511E-01	1.797414E-01
5.167805E+03	-1.680748E+01	1.857889E-01	1.797422E-01
5.168005E+03	-1.680809E+01	1.858958E-01	1.797429E-01
5.168205E+03	-1.680856E+01	1.849783E-01	1.797436E-01
5.168405E+03	-1.680863E+01	1.831864E-01	1.797443E-01
5.168605E+03	-1.680814E+01	1.817687E-01	1.797451E-01
5.168805E+03	-1.680789E+01	1.805579E-01	1.797458E-01
5.169005E+03	-1.680830E+01	1.795194E-01	1.797465E-01
5.169205E+03	-1.680912E+01	1.805002E-01	1.797472E-01
5.169405E+03	-1.680953E+01	1.799498E-01	1.797480E-01
5.169605E+03	-1.680980E+01	1.803094E-01	1.797487E-01
5.169805E+03	-1.681050E+01	1.798587E-01	1.797494E-01
5.170005E+03	-1.681015E+01	1.812209E-01	1.797501E-01
5.170205E+03	-1.680932E+01	1.815507E-01	1.797509E-01
5.170405E+03	-1.680990E+01	1.819095E-01	1.797516E-01
5.170605E+03	-1.681089E+01	1.823652E-01	1.797523E-01
5.170805E+03	-1.681070E+01	1.821915E-01	1.797530E-01
5.171005E+03	-1.681057E+01	1.811293E-01	1.797538E-01
5.171205E+03	-1.681108E+01	1.814856E-01	1.797545E-01
5.171405E+03	-1.681108E+01	1.814216E-01	1.797552E-01
5.171605E+03	-1.681015E+01	1.809864E-01	1.797559E-01
5.171805E+03	-1.680952E+01	1.808691E-01	1.797567E-01
5.172005E+03	-1.680929E+01	1.805646E-01	1.797574E-01
5.172205E+03	-1.680903E+01	1.804631E-01	1.797581E-01
5.172606E+03	-1.680905E+01	1.798456E-01	1.797596E-01
5.172806E+03	-1.680882E+01	1.798147E-01	1.797603E-01
5.173006E+03	-1.680840E+01	1.796203E-01	1.797610E-01
5.173206E+03	-1.680889E+01	1.784444E-01	1.797617E-01
5.173406E+03	-1.680947E+01	1.773701E-01	1.797625E-01
5.173606E+03	-1.680962E+01	1.765731E-01	1.797632E-01
5.173806E+03	-1.680955E+01	1.760271E-01	1.797639E-01
5.174006E+03	-1.680961E+01	1.756134E-01	1.797646E-01
5.174206E+03	-1.681009E+01	1.757883E-01	1.797654E-01
5.174406E+03	-1.681095E+01	1.763707E-01	1.797661E-01
5.174606E+03	-1.681151E+01	1.767548E-01	1.797668E-01
5.174806E+03	-1.681182E+01	1.768933E-01	1.797675E-01
5.175006E+03	-1.681164E+01	1.768507E-01	1.797682E-01
5.175206E+03	-1.681155E+01	1.768253E-01	1.797690E-01
5.175406E+03	-1.681209E+01	1.767104E-01	1.797697E-01
5.175606E+03	-1.681224E+01	1.735906E-01	1.797704E-01
5.175806E+03	-1.681202E+01	1.712413E-01	1.797711E-01
5.176006E+03	-1.681195E+01	1.721032E-01	1.797719E-01
5.176206E+03	-1.681170E+01	1.732779E-01	1.797726E-01
5.176405E+03	-1.681127E+01	1.723305E-01	1.797733E-01
5.176605E+03	-1.681030E+01	1.712500E-01	1.797740E-01
5.176806E+03	-1.680998E+01	1.711141E-01	1.797748E-01
5.177006E+03	-1.681079E+01	1.705210E-01	1.797755E-01
5.177206E+03	-1.681194E+01	1.706395E-01	1.797762E-01
5.177405E+03	-1.681231E+01	1.707010E-01	1.797769E-01
5.177605E+03	-1.681233E+01	1.706936E-01	1.797777E-01
5.177805E+03	-1.681251E+01	1.706304E-01	1.797784E-01
5.178005E+03	-1.681249E+01	1.707948E-01	1.797791E-01
5.178205E+03	-1.681262E+01	1.708632E-01	1.797798E-01
5.178405E+03	-1.681323E+01	1.708033E-01	1.797805E-01
5.178605E+03	-1.681360E+01	1.682571E-01	1.797813E-01
5.178805E+03	-1.681379E+01	1.682122E-01	1.797820E-01
5.179006E+03	-1.681411E+01	1.674647E-01	1.797827E-01
5.179206E+03	-1.681424E+01	1.635841E-01	1.797834E-01
5.179406E+03	-1.681399E+01	1.632184E-01	1.797842E-01
5.179606E+03	-1.681330E+01	1.640339E-01	1.797849E-01
5.179806E+03	-1.681342E+01	1.641081E-01	1.797856E-01
5.180006E+03	-1.681383E+01	1.630375E-01	1.797863E-01
5.180206E+03	-1.681327E+01	1.631674E-01	1.797871E-01
5.180406E+03	-1.681322E+01	1.623967E-01	1.797878E-01
5.180606E+03	-1.681366E+01	1.642729E-01	1.797885E-01
5.180806E+03	-1.681398E+01	1.661381E-01	1.797892E-01
5.181006E+03	-1.681384E+01	1.646859E-01	1.797899E-01
5.181206E+03	-1.681366E+01	1.640071E-01	1.797907E-01
5.181406E+03	-1.681326E+01	1.644659E-01	1.797914E-01
5.181606E+03	-1.681285E+01	1.643750E-01	1.797921E-01
5.181806E+03	-1.681220E+01	1.646248E-01	1.797928E-01
5.182006E+03	-1.681183E+01	1.648814E-01	1.797936E-01
5.182206E+03	-1.681175E+01	1.651308E-01	1.797943E-01
5.182406E+03	-1.681154E+01	1.651658E-01	1.797950E-01
5.182606E+03	-1.681030E+01	1.647438E-01	1.797957E-01
5.182806E+03	-1.680946E+01	1.644929E-01	1.797965E-01
5.183006E+03	-1.680966E+01	1.645657E-01	1.797972E-01
5.183206E+03	-1.680924E+01	1.646885E-01	1.797979E-01
5.183406E+03	-1.680860E+01	1.638170E-01	1.797986E-01
5.183606E+03	-1.680790E+01	1.640880E-01	1.797993E-01
5.183806E+03	-1.680736E+01	1.639280E-01	1.798001E-01
5.184006E+03	-1.680750E+01	1.632572E-01	1.798008E-01
5.184206E+03	-1.680772E+01	1.629429E-01	1.798015E-01
5.184406E+03	-1.680799E+01	1.621061E-01	1.798022E-01
5.184606E+03	-1.680793E+01	1.598608E-01	1.798030E-01
5.184806E+03	-1.680722E+01	1.588125E-01	1.798037E-01
5.185006E+03	-1.680649E+01	1.580031E-01	1.798044E-01
5.185206E+03	-1.680609E+01	1.582120E-01	1.798051E-01
5.185406E+03	-1.680608E+01	1.575408E-01	1.798058E-01
5.185606E+03	-1.680642E+01	1.576068E-01	1.798066E-01
5.185807E+03	-1.680683E+01	1.574608E-01	1.798073E-01
5.186007E+03	-1.680693E+01	1.549888E-01	1.798080E-01
5.186207E+03	-1.680664E+01	1.544225E-01	1.798087E-01
5.186407E+03	-1.680636E+01	1.535954E-01	1.798095E-01
5.186607E+03	-1.680636E+01	1.514435E-01	1.798102E-01
5.186807E+03	-1.680657E+01	1.509279E-01	1.798109E-01
5.187007E+03	-1.680682E+01	1.504481E-01	1.798116E-01
5.187207E+03	-1.680619E+01	1.493509E-01	1.798123E-01
5.187407E+03	-1.680548E+01	1.486428E-01	1.798131E-01
5.187607E+03	-1.680495E+01	1.472640E-01	1.798138E-01
5.187807E+03	-1.680488E+01	1.480563E-01	1.798145E-01
5.188007E+03	-1.680515E+01	1.481635E-01	1.798152E-01
5.188207E+03	-1.680591E+01	1.484565E-01	1.798160E-01
5.188407E+03	-1.680631E+01	1.487385E-01	1.798167E-01
5.188606E+03	-1.680613E+01	1.490087E-01	1.798174E-01
5.188806E+03	-1.680664E+01	1.485885E-01	1.798181E-01
5.189007E+03	-1.680712E+01	1.488856E-01	1.798188E-01
5.189207E+03	-1.680734E+01	1.486338E-01	1.798196E-01
5.189407E+03	-1.680729E+01	1.478822E-01	1.798203E-01
5.189606E+03	-1.680728E+01	1.474375E-01	1.798210E-01
5.189806E+03	-1.680740E+01	1.476888E-01	1.798217E-01
5.190006E+03	-1.680733E+01	1.471857E-01	1.798225E-01
5.190206E+03	-1.680683E+01	1.467711E-01	1.798232E-01
5.190406E+03	-1.680636E+01	1.460041E-01	1.798239E-01
5.190606E+03	-1.680687E+01	1.438237E-01	1.798246E-01
5.190806E+03	-1.680807E+01	1.442273E-01	1.798253E-01
5.191006E+03	-1.680864E+01	1.425518E-01	1.798261E-01
5.191206E+03	-1.680862E+01	1.412841E-01	1.798268E-01
5.191406E+03	-1.680829E+01	1.398969E-01	1.798275E-01
5.191606E+03	-1.680794E+01	1.394914E-01	1.798282E-01
5.191806E+03	-1.680786E+01	1.391751E-01	1.798289E-01
5.192006E+03	-1.680714E+01	1.373758E-01	1.798297E-01
5.192206E+03	-1.680699E+01	1.373902E-01	1.798304E-01
5.192407E+03	-1.680736E+01	1.383909E-01	1.798311E-01
5.192607E+03	-1.680755E+01	1.384989E-01	1.798319E-01
5.192807E+03	-1.680778E+01	1.385723E-01	1.798327E-01
5.193007E+03	-1.680786E+01	1.390932E-01	1.798334E-01
5.193207E+03	-1.680786E+01	1.383886E-01	1.798342E-01
5.193407E+03	-1.680758E+01	1.385767E-01	1.798350E-01
5.193607E+03	-1.680718E+01	1.386354E-01	1.798358E-01
5.193807E+03	-1.680671E+01	1.384566E-01	1.798366E-01
5.194007E+03	-1.680616E+01	1.382470E-01	1.798373E-01
5.194207E+03	-1.680585E+01	1.381209E-01	1.798381E-01
5.194407E+03	-1.680550E+01	1.381907E-01	1.798389E-01
5.194607E+03	-1.680583E+01	1.384116E-01	1.798397E-01
5.194807E+03	-1.680571E+01	1.383471E-01	1.798405E-01
5.195007E+03	-1.680503E+01	1.381537E-01	1.798413E-01
5.195207E+03	-1.680522E+01	1.383950E-01	1.798420E-01
5.195407E+03	-1.680575E+01	1.388812E-01	1.798428E-01
5.195607E+03	-1.680601E+01	1.385719E-01	1.798436E-01
5.195807E+03	-1.680650E+01	1.391159E-01	1.798444E-01
5.196007E+03	-1.680717E+01	1.396130E-01	1.798452E-01
5.196207E+03	-1.680768E+01	1.395813E-01	1.798459E-01
5.196407E+03	-1.680787E+01	1.393930E-01	1.798467E-01
5.196607E+03	-1.680777E+01	1.388144E-01	1.798475E-01
5.196807E+03	-1.680772E+01	1.375651E-01	1.798483E-01
5.197007E+03	-1.680762E+01	1.383067E-01	1.798491E-01
5.197207E+03	-1.680734E+01	1.382699E-01	1.798498E-01
5.197407E+03	-1.680732E+01	1.397150E-01	1.798506E-01
5.197607E+03	-1.680754E+01	1.408187E-01	1.798514E-01
5.197807E+03	-1.680725E+01	1.406016E-01	1.798522E-01
5.198007E+03	-1.680702E+01	1.403040E-01	1.798530E-01
5.198207E+03	-1.680625E+01	1.394980E-01	1.798537E-01
5.198407E+03	-1.680572E+01	1.388966E-01	1.798545E-01
5.198607E+03	-1.680572E+01	1.396350E-01	1.798553E-01
5.198807E+03	-1.680576E+01	1.415172E-01	1.798561E-01
5.199007E+03	-1.680610E+01	1.429214E-01	1.798569E-01
5.199208E+03	-1.680639E+01	1.428708E-01	1.798577E-01
5.199408E+03	-1.680618E+01	1.430145E-01	1.798584E-01
5.199608E+03	-1.680579E+01	1.431077E-01	1.798592E-01
5.199808E+03	-1.680580E+01	1.433081E-01	1.798600E-01
5.200008E+03	-1.680596E+01	1.431734E-01	1.798608E-01
5.200208E+03	-1.680596E+01	1.427386E-01	1.798616E-01
5.200408E+03	-1.680579E+01	1.426986E-01	1.798623E-01
5.200608E+03	-1.680605E+01	1.427789E-01	1.798631E-01
5.200807E+03	-1.680634E+01	1.432280E-01	1.798639E-01
5.201007E+03	-1.680661E+01	1.455065E-01	1.798647E-01
5.201208E+03	-1.680619E+01	1.463589E-01	1.798655E-01
5.201408E+03	-1.680546E+01	1.460745E-01	1.798662E-01
5.201608E+03	-1.680542E+01	1.460099E-01	1.798670E-01
5.201807E+03	-1.680617E+01	1.460188E-01	1.798678E-01
5.202007E+03	-1.680678E+01	1.461687E-01	1.798686E-01
5.202207E+03	-1.680647E+01	1.460283E-01	1.798693E-01
5.202407E+03	-1.680649E+01	1.457545E-01	1.798701E-01
5.202607E+03	-1.680701E+01	1.455873E-01	1.798709E-01
5.202807E+03	-1.680725E+01	1.456523E-01	1.798717E-01
5.203007E+03	-1.680721E+01	1.455381E-01	1.798725E-01
5.203207E+03	-1.680745E+01	1.455761E-01	1.798732E-01
5.203407E+03	-1.680817E+01	1.468731E-01	1.798740E-01
5.203607E+03	-1.680874E+01	1.473495E-01	1.798748E-01
5.203807E+03	-1.680851E+01	1.475787E-01	1.798756E-01
5.204007E+03	-1.680748E+01	1.476215E-01	1.798764E-01
5.204207E+03	-1.680702E+01	1.474805E-01	1.798771E-01
5.204407E+03	-1.680705E+01	1.474314E-01	1.798779E-01
5.204607E+03	-1.680715E+01	1.455892E-01	1.798787E-01
5.204807E+03	-1.680711E+01	1.450748E-01	1.798795E-01
5.205007E+03	-1.680730E+01	1.466833E-01	1.798803E-01
5.205207E+03	-1.680778E+01	1.441491E-01	1.798810E-01
5.205407E+03	-1.680797E+01	1.432718E-01	1.798818E-01
5.205607E+03	-1.680819E+01	1.436500E-01	1.798826E-01
5.205808E+03	-1.680774E+01	1.438814E-01	1.798834E-01
5.206008E+03	-1.680662E+01	1.431011E-01	1.798842E-01
5.206208E+03	-1.680566E+01	1.437380E-01	1.798849E-01
5.206408E+03	-1.680514E+01	1.449258E-01	1.798857E-01
5.206608E+03	-1.680499E+01	1.437006E-01	1.798865E-01
5.206808E+03	-1.680529E+01	1.436574E-01	1.798873E-01
5.207008E+03	-1.680545E+01	1.439997E-01	1.798881E-01
5.207208E+03	-1.680477E+01	1.437772E-01	1.798888E-01
5.207408E+03	-1.680407E+01	1.436267E-01	1.798896E-01
5.207608E+03	-1.680434E+01	1.438070E-01	1.798904E-01
5.207808E+03	-1.680497E+01	1.438632E-01	1.798912E-01
5.208008E+03	-1.680574E+01	1.454236E-01	1.798920E-01
5.208208E+03	-1.680615E+01	1.467905E-01	1.798927E-01
5.208408E+03	-1.680537E+01	1.469581E-01	1.798935E-01
5.208608E+03	-1.680420E+01	1.465783E-01	1.798943E-01
5.208808E+03	-1.680373E+01	1.457095E-01	1.798951E-01
5.209008E+03	-1.680356E+01	1.459743E-01	1.798958E-01
5.209208E+03	-1.680344E+01	1.458558E-01	1.798966E-01
5.209408E+03	-1.680314E+01	1.457756E-01	1.798974E-01
5.209608E+03	-1.680294E+01	1.441019E-01	1.798982E-01
5.209808E+03	-1.680259E+01	1.430389E-01	1.798990E-01
5.210008E+03	-1.680207E+01	1.425814E-01	1.798997E-01
5.210208E+03	-1.680152E+01	1.423740E-01	1.799005E-01
5.210408E+03	-1.680109E+01	1.419464E-01	1.799013E-01
5.210608E+03	-1.680026E+01	1.419735E-01	1.799021E-01
5.210808E+03	-1.679945E+01	1.415236E-01	1.799029E-01
5.211008E+03	-1.679939E+01	1.410422E-01	1.799036E-01
5.211208E+03	-1.679979E+01	1.408562E-01	1.799044E-01
5.211408E+03	-1.679947E+01	1.405829E-01	1.799052E-01
5.211608E+03	-1.679928E+01	1.405363E-01	1.799060E-01
5.211808E+03	-1.679965E+01	1.406616E-01	1.799068E-01
5.212008E+03	-1.680034E+01	1.410894E-01	1.799075E-01
5.212208E+03	-1.680055E+01	1.430620E-01	1.799083E-01
5.212408E+03	-1.679973E+01	1.428877E-01	1.799091E-01
5.212609E+03	-1.679939E+01	1.428273E-01	1.799099E-01
5.212809E+03	-1.679915E+01	1.424170E-01	1.799106E-01
5.213008E+03	-1.679849E+01	1.422019E-01	1.799114E-01
5.213208E+03	-1.679822E+01	1.414910E-01	1.799122E-01
5.213408E+03	-1.679859E+01	1.400937E-01	1.799130E-01
5.213609E+03	-1.679890E+01	1.393784E-01	1.799138E-01
5.213809E+03	-1.679923E+01	1.392823E-01	1.799145E-01
5.214008E+03	-1.679938E+01	1.397588E-01	1.799153E-01
5.214208E+03	-1.679909E+01	1.396150E-01	1.799161E-01
5.214408E+03	-1.679891E+01	1.411581E-01	1.799169E-01
5.214608E+03	-1.679954E+01	1.427263E-01	1.799176E-01
5.214808E+03	-1.680001E+01	1.431899E-01	1.799184E-01
5.215008E+03	-1.679994E+01	1.431550E-01	1.799192E-01
5.215208E+03	-1.679960E+01	1.428850E-01	1.799200E-01
5.215408E+03	-1.679928E+01	1.425033E-01	1.799208E-01
5.215608E+03	-1.679935E+01	1.414505E-01	1.799215E-01
5.215808E+03	-1.679934E+01	1.414288E-01	1.799223E-01
5.216008E+03	-1.679904E+01	1.413275E-01	1.799231E-01
5.216208E+03	-1.679862E+01	1.411088E-01	1.799239E-01
5.216408E+03	-1.679764E+01	1.408470E-01	1.799246E-01
5.216608E+03	-1.679669E+01	1.405895E-01	1.799254E-01
5.216808E+03	-1.679655E+01	1.405793E-01	1.799262E-01
5.217008E+03	-1.679708E+01	1.406623E-01	1.799270E-01
5.217208E+03	-1.679744E+01	1.412535E-01	1.799278E-01
5.217408E+03	-1.679781E+01	1.416473E-01	1.799285E-01
5.217608E+03	-1.679854E+01	1.420412E-01	1.799293E-01
5.217808E+03	-1.679869E+01	1.418198E-01	1.799301E-01
5.218008E+03	-1.679824E+01	1.417043E-01	1.799309E-01
5.218208E+03	-1.679845E+01	1.415291E-01	1.799316E-01
5.218408E+03	-1.679987E+01	1.407261E-01	1.799324E-01
5.218608E+03	-1.680126E+01	1.411502E-01	1.799332E-01
5.218808E+03	-1.680206E+01	1.414566E-01	1.799340E-01
5.219008E+03	-1.680290E+01	1.407790E-01	1.799348E-01
5.219208E+03	-1.680272E+01	1.421480E-01	1.799355E-01
5.219409E+03	-1.680201E+01	1.433491E-01	1.799363E-01
5.219609E+03	-1.680192E+01	1.428529E-01	1.799371E-01
5.219809E+03	-1.680246E+01	1.430999E-01	1.799379E-01
5.220009E+03	-1.680324E+01	1.420807E-01	1.799386E-01
5.220209E+03	-1.680351E+01	1.412750E-01	1.799394E-01
5.220409E+03	-1.680339E+01	1.416998E-01	1.799402E-01
5.220609E+03	-1.680323E+01	1.416233E-01	1.799410E-01
5.220809E+03	-1.680283E+01	1.409516E-01	1.799418E-01
5.221009E+03	-1.680312E+01	1.408680E-01	1.799425E-01
5.221209E+03	-1.680381E+01	1.403834E-01	1.799433E-01
5.221409E+03	-1.680385E+01	1.399113E-01	1.799441E-01
5.221609E+03	-1.680377E+01	1.395945E-01	1.799449E-01
5.221809E+03	-1.680368E+01	1.394299E-01	1.799456E-01
5.222009E+03	-1.680334E+01	1.392754E-01	1.799464E-01
5.222209E+03	-1.680346E+01	1.403362E-01	1.799472E-01
5.222409E+03	-1.680431E+01	1.417593E-01	1.799480E-01
5.222609E+03	-1.680529E+01	1.418525E-01	1.799487E-01
5.222809E+03	-1.680597E+01	1.419941E-01	1.799495E-01
5.223009E+03	-1.680668E+01	1.414552E-01	1.799503E-01
5.223209E+03	-1.680702E+01	1.414067E-01	1.799511E-01
5.223409E+03	-1.680694E+01	1.413970E-01	1.799519E-01
5.223609E+03	-1.680726E+01	1.419755E-01	1.799526E-01
5.223809E+03	-1.680743E+01	1.435596E-01	1.799534E-01
5.224009E+03	-1.680752E+01	1.439329E-01	1.799542E-01
5.224209E+03	-1.680815E+01	1.443107E-01	1.799550E-01
5.224409E+03	-1.680881E+01	1.445168E-01	1.799557E-01
5.224609E+03	-1.680919E+01	1.441914E-01	1.799565E-01
5.224809E+03	-1.680963E+01	1.443640E-01	1.799573E-01
5.225009E+03	-1.681018E+01	1.444132E-01	1.799581E-01
5.225209E+03	-1.681046E+01	1.445280E-01	1.799588E-01
5.225408E+03	-1.681017E+01	1.440564E-01	1.799596E-01
5.225609E+03	-1.680982E+01	1.440826E-01	1.799604E-01
5.225809E+03	-1.680988E+01	1.441563E-01	1.799612E-01
5.226010E+03	-1.681059E+01	1.439939E-01	1.799620E-01
5.226209E+03	-1.681181E+01	1.442689E-01	1.799627E-01
5.226409E+03	-1.681210E+01	1.443565E-01	1.799635E-01
5.226609E+03	-1.681106E+01	1.442011E-01	1.799643E-01
5.226809E+03	-1.681029E+01	1.448695E-01	1.799651E-01
5.227009E+03	-1.680991E+01	1.453598E-01	1.799658E-01
5.227209E+03	-1.680949E+01	1.443470E-01	1.799666E-01
5.227409E+03	-1.680947E+01	1.454584E-01	1.799674E-01
5.227609E+03	-1.680908E+01	1.455382E-01	1.799682E-01
5.227809E+03	-1.680766E+01	1.448740E-01	1.799689E-01
5.228009E+03	-1.680623E+01	1.442667E-01	1.799697E-01
5.228209E+03	-1.680577E+01	1.444013E-01	1.799705E-01
5.228409E+03	-1.680544E+01	1.445358E-01	1.799713E-01
5.228609E+03	-1.680446E+01	1.442282E-01	1.799720E-01
5.228809E+03	-1.680394E+01	1.443809E-01	1.799728E-01
5.229009E+03	-1.680404E+01	1.444249E-01	1.799736E-01
5.229209E+03	-1.680383E+01	1.444825E-01	1.799744E-01
5.229409E+03	-1.680362E+01	1.446702E-01	1.799751E-01
5.229609E+03	-1.680373E+01	1.449271E-01	1.799759E-01
5.229809E+03	-1.680371E+01	1.450606E-01	1.799767E-01
5.230009E+03	-1.680362E+01	1.451636E-01	1.799775E-01
5.230209E+03	-1.680354E+01	1.458157E-01	1.799782E-01
5.230409E+03	-1.680283E+01	1.456048E-01	1.799790E-01
5.230609E+03	-1.680204E+01	1.452985E-01	1.799798E-01
5.230809E+03	-1.680153E+01	1.451433E-01	1.799806E-01
5.231009E+03	-1.680063E+01	1.448789E-01	1.799813E-01
5.231209E+03	-1.680004E+01	1.442621E-01	1.799821E-01
5.231409E+03	-1.680003E+01	1.437793E-01	1.799829E-01
5.231609E+03	-1.680032E+01	1.435843E-01	1.799837E-01
5.231809E+03	-1.680028E+01	1.421976E-01	1.799844E-01
5.232009E+03	-1.679931E+01	1.418704E-01	1.799852E-01
5.232209E+03	-1.679863E+01	1.417430E-01	1.799860E-01
5.232409E+03	-1.679850E+01	1.409222E-01	1.799868E-01
5.232609E+03	-1.679772E+01	1.404790E-01	1.799875E-01
5.232810E+03	-1.679628E+01	1.397006E-01	1.799883E-01
5.233010E+03	-1.679557E+01	1.388580E-01	1.799891E-01
5.233210E+03	-1.679527E+01	1.388074E-01	1.799899E-01
5.233410E+03	-1.679435E+01	1.387322E-01	1.799907E-01
5.233610E+03	-1.679366E+01	1.385321E-01	1.799914E-01
5.233810E+03	-1.679332E+01	1.384461E-01	1.799922E-01
5.234010E+03	-1.679305E+01	1.383182E-01	1.799930E-01
5.234210E+03	-1.679296E+01	1.382849E-01	1.799938E-01
5.234410E+03	-1.679256E+01	1.381803E-01	1.799945E-01
5.234610E+03	-1.679170E+01	1.378992E-01	1.799953E-01
5.234810E+03	-1.679116E+01	1.375776E-01	1.799961E-01
5.235010E+03	-1.679160E+01	1.377545E-01	1.799969E-01
5.235210E+03	-1.679204E+01	1.380105E-01	1.799976E-01
5.235410E+03	-1.679210E+01	1.372576E-01	1.799984E-01
5.235610E+03	-1.679189E+01	1.376180E-01	1.799992E-01
5.235810E+03	-1.679080E+01	1.370257E-01	1.800000E-01
5.236010E+03	-1.678943E+01	1.373494E-01	1.800007E-01
5.236210E+03	-1.678929E+01	1.373958E-01	1.800015E-01
5.236410E+03	-1.678994E+01	1.377124E-01	1.800023E-01
5.236610E+03	-1.679046E+01	1.399335E-01	1.800031E-01
5.236810E+03	-1.679073E+01	1.388854E-01	1.800038E-01
5.237010E+03	-1.679081E+01	1.376652E-01	1.800046E-01
5.237210E+03	-1.679088E+01	1.376724E-01	1.800054E-01
5.237410E+03	-1.679067E+01	1.376084E-01	1.800062E-01
5.237609E+03	-1.679082E+01	1.374273E-01	1.800069E-01
5.237810E+03	-1.679083E+01	1.380949E-01	1.800077E-01
5.238010E+03	-1.678993E+01	1.372374E-01	1.800085E-01
5.238209E+03	-1.678936E+01	1.352458E-01	1.800092E-01
5.238409E+03	-1.678969E+01	1.336446E-01	1.800100E-01
5.238609E+03	-1.679030E+01	1.334192E-01	1.800108E-01
5.238809E+03	-1.679054E+01	1.331932E-01	1.800116E-01
5.239009E+03	-1.679008E+01	1.328515E-01	1.800123E-01
5.239209E+03	-1.678960E+01	1.330937E-01	1.800131E-01
5.239410E+03	-1.678917E+01	1.333062E-01	1.800139E-01
5.239610E+03	-1.678913E+01	1.333824E-01	1.800147E-01
5.239810E+03	-1.678981E+01	1.336038E-01	1.800154E-01
5.240010E+03	-1.678985E+01	1.336174E-01	1.800162E-01
5.240210E+03	-1.679016E+01	1.334522E-01	1.800170E-01
5.240410E+03	-1.679141E+01	1.314511E-01	1.800178E-01
5.240610E+03	-1.679194E+01	1.304147E-01	1.800185E-01
5.240810E+03	-1.679147E+01	1.303711E-01	1.800193E-01
5.241010E+03	-1.679092E+01	1.302022E-01	1.800201E-01
5.241210E+03	-1.679090E+01	1.304607E-01	1.800209E-01
5.241410E+03	-1.679161E+01	1.307214E-01	1.800216E-01
5.241610E+03	-1.679264E+01	1.322419E-01	1.800224E-01
5.241810E+03	-1.679297E+01	1.328904E-01	1.800232E-01
5.242010E+03	-1.679287E+01	1.343489E-01	1.800240E-01
5.242210E+03	-1.679283E+01	1.369923E-01	1.800247E-01
5.242410E+03	-1.679270E+01	1.366503E-01	1.800255E-01
5.242610E+03	-1.679316E+01	1.370326E-01	1.800263E-01
5.242810E+03	-1.679388E+01	1.362264E-01	1.800271E-01
5.243010E+03	-1.679426E+01	1.367847E-01	1.800278E-01
5.243210E+03	-1.679450E+01	1.375381E-01	1.800286E-01
5.243410E+03	-1.679449E+01	1.373066E-01	1.800294E-01
5.243610E+03	-1.679438E+01	1.373018E-01	1.800302E-01
5.243810E+03	-1.679413E+01	1.372780E-01	1.800309E-01
5.244010E+03	-1.679349E+01	1.377496E-01	1.800317E-01
5.244210E+03	-1.679266E+01	1.364778E-01	1.800325E-01
5.244410E+03	-1.679201E+01	1.347097E-01	1.800332E-01
5.244610E+03	-1.679193E+01	1.346936E-01	1.800340E-01
5.244810E+03	-1.679242E+01	1.354332E-01	1.800348E-01
5.245010E+03	-1.679263E+01	1.363695E-01	1.800356E-01
5.245210E+03	-1.679267E+01	1.357705E-01	1.800363E-01
5.245410E+03	-1.679342E+01	1.362420E-01	1.800371E-01
5.245610E+03	-1.679395E+01	1.351406E-01	1.800379E-01
5.245810E+03	-1.679391E+01	1.335551E-01	1.800387E-01
5.246010E+03	-1.679353E+01	1.328513E-01	1.800394E-01
5.246211E+03	-1.679347E+01	1.327624E-01	1.800402E-01
5.246411E+03	-1.679427E+01	1.326359E-01	1.800410E-01
5.246611E+03	-1.679518E+01	1.340162E-01	1.800418E-01
5.246811E+03	-1.679503E+01	1.346561E-01	1.800425E-01
5.247011E+03	-1.679437E+01	1.350287E-01	1.800433E-01
5.247211E+03	-1.679454E+01	1.344819E-01	1.800441E-01
5.247411E+03	-1.679457E+01	1.328922E-01	1.800448E-01
5.247611E+03	-1.679427E+01	1.320157E-01	1.800456E-01
5.247811E+03	-1.679454E+01	1.314298E-01	1.800464E-01
5.248011E+03	-1.679435E+01	1.312671E-01	1.800472E-01
5.248211E+03	-1.679336E+01	1.312167E-01	1.800479E-01
5.248411E+03	-1.679323E+01	1.309636E-01	1.800487E-01
5.248611E+03	-1.679354E+01	1.310938E-01	1.800495E-01
5.248811E+03	-1.679339E+01	1.313827E-01	1.800503E-01
5.249011E+03	-1.679322E+01	1.312427E-01	1.800510E-01
5.249211E+03	-1.679280E+01	1.313116E-01	1.800518E-01
5.249411E+03	-1.679195E+01	1.310253E-01	1.800526E-01
5.249611E+03	-1.679132E+01	1.314791E-01	1.800534E-01
5.249811E+03	-1.679186E+01	1.319346E-01	1.800541E-01
5.250011E+03	-1.679285E+01	1.327692E-01	1.800549E-01
5.250211E+03	-1.679275E+01	1.341301E-01	1.800557E-01
5.250410E+03	-1.679188E+01	1.344836E-01	1.800564E-01
5.250610E+03	-1.679112E+01	1.345442E-01	1.800572E-01
5.250810E+03	-1.679053E+01	1.343629E-01	1.800580E-01
5.251011E+03	-1.679054E+01	1.345956E-01	1.800588E-01
5.251210E+03	-1.679130E+01	1.350049E-01	1.800595E-01
5.251410E+03	-1.679200E+01	1.354286E-01	1.800603E-01
5.251610E+03	-1.679136E+01	1.331649E-01	1.800611E-01
5.251810E+03	-1.679060E+01	1.326685E-01	1.800618E-01
5.252010E+03	-1.679038E+01	1.324960E-01	1.800626E-01
5.252210E+03	-1.679059E+01	1.325965E-01	1.800634E-01
5.252410E+03	-1.679122E+01	1.330980E-01	1.800642E-01
5.252610E+03	-1.679173E+01	1.330777E-01	1.800649E-01
5.252811E+03	-1.679152E+01	1.333282E-01	1.800657E-01
5.253011E+03	-1.679054E+01	1.333588E-01	1.800665E-01
5.253211E+03	-1.679002E+01	1.333463E-01	1.800673E-01
5.253411E+03	-1.679030E+01	1.337864E-01	1.800680E-01
5.253611E+03	-1.679045E+01	1.341792E-01	1.800688E-01
5.253811E+03	-1.679003E+01	1.325140E-01	1.800696E-01
5.254011E+03	-1.678969E+01	1.319146E-01	1.800703E-01
5.254211E+03	-1.678964E+01	1.314790E-01	1.800711E-01
5.254411E+03	-1.678942E+01	1.314023E-01	1.800719E-01
5.254611E+03	-1.678930E+01	1.317970E-01	1.800727E-01
5.254811E+03	-1.678934E+01	1.312608E-01	1.800734E-01
5.255011E+03	-1.678947E+01	1.305779E-01	1.800742E-01
5.255211E+03	-1.678907E+01	1.306708E-01	1.800750E-01
5.255411E+03	-1.678830E+01	1.312178E-01	1.800758E-01
5.255611E+03	-1.678841E+01	1.315770E-01	1.800765E-01
5.255811E+03	-1.678916E+01	1.316880E-01	1.800773E-01
5.256011E+03	-1.679023E+01	1.321458E-01	1.800781E-01
5.256211E+03	-1.679127E+01	1.326002E-01	1.800788E-01
5.256411E+03	-1.679127E+01	1.327940E-01	1.800796E-01
5.256611E+03	-1.679030E+01	1.326010E-01	1.800804E-01
5.256811E+03	-1.678945E+01	1.319197E-01	1.800812E-01
5.257011E+03	-1.678939E+01	1.316775E-01	1.800819E-01
5.257211E+03	-1.678960E+01	1.317484E-01	1.800827E-01
5.257411E+03	-1.678971E+01	1.310804E-01	1.800835E-01
5.257611E+03	-1.679000E+01	1.313841E-01	1.800842E-01
5.257811E+03	-1.678997E+01	1.312638E-01	1.800850E-01
5.258011E+03	-1.678983E+01	1.312909E-01	1.800858E-01
5.258211E+03	-1.678986E+01	1.312949E-01	1.800866E-01
5.258411E+03	-1.678922E+01	1.316108E-01	1.800873E-01
5.258611E+03	-1.678818E+01	1.300290E-01	1.800881E-01
5.258811E+03	-1.678743E+01	1.283998E-01	1.800889E-01
5.259011E+03	-1.678715E+01	1.284382E-01	1.800896E-01
5.259211E+03	-1.678750E+01	1.285323E-01	1.800904E-01
5.259411E+03	-1.678816E+01	1.283057E-01	1.800912E-01
5.259612E+03	-1.678860E+01	1.275262E-01	1.800920E-01
5.259812E+03	-1.678841E+01	1.269869E-01	1.800927E-01
5.260012E+03	-1.678784E+01	1.270885E-01	1.800935E-01
5.260212E+03	-1.678738E+01	1.269590E-01	1.800943E-01
5.260412E+03	-1.678722E+01	1.267947E-01	1.800950E-01
5.260612E+03	-1.678729E+01	1.274593E-01	1.800958E-01
5.260812E+03	-1.678744E+01	1.278457E-01	1.800966E-01
5.261012E+03	-1.678738E+01	1.279325E-01	1.800974E-01
5.261212E+03	-1.678683E+01	1.278789E-01	1.800981E-01
5.261612E+03	-1.678661E+01	1.278483E-01	1.800997E-01
5.261812E+03	-1.678704E+01	1.268083E-01	1.801004E-01
5.262012E+03	-1.678707E+01	1.264640E-01	1.801012E-01
5.262212E+03	-1.678653E+01	1.259763E-01	1.801020E-01
5.262412E+03	-1.678660E+01	1.259961E-01	1.801028E-01
5.262611E+03	-1.678692E+01	1.262896E-01	1.801035E-01
5.262811E+03	-1.678702E+01	1.273054E-01	1.801043E-01
5.263011E+03	-1.678689E+01	1.280928E-01	1.801051E-01
5.263212E+03	-1.678700E+01	1.285587E-01	1.801058E-01
5.263411E+03	-1.678716E+01	1.271090E-01	1.801066E-01
5.263611E+03	-1.678719E+01	1.271406E-01	1.801074E-01
5.263811E+03	-1.678709E+01	1.271916E-01	1.801081E-01
5.264011E+03	-1.678713E+01	1.270224E-01	1.801089E-01
5.264211E+03	-1.678776E+01	1.276126E-01	1.801097E-01
5.264411E+03	-1.678833E+01	1.279850E-01	1.801105E-01
5.264611E+03	-1.678784E+01	1.278067E-01	1.801112E-01
5.264811E+03	-1.678664E+01	1.277170E-01	1.801120E-01
5.265011E+03	-1.678581E+01	1.272693E-01	1.801128E-01
5.265211E+03	-1.678576E+01	1.270424E-01	1.801135E-01
5.265411E+03	-1.678597E+01	1.274235E-01	1.801143E-01
5.265611E+03	-1.678592E+01	1.279803E-01	1.801151E-01
5.265811E+03	-1.678564E+01	1.280591E-01	1.801159E-01
5.266011E+03	-1.678567E+01	1.280662E-01	1.801166E-01
5.266212E+03	-1.678606E+01	1.280086E-01	1.801174E-01
5.266412E+03	-1.678630E+01	1.281131E-01	1.801182E-01
5.266612E+03	-1.678630E+01	1.274115E-01	1.801189E-01
5.266812E+03	-1.678631E+01	1.277116E-01	1.801197E-01
5.267012E+03	-1.678636E+01	1.276918E-01	1.801205E-01
5.267212E+03	-1.678650E+01	1.277153E-01	1.801213E-01
5.267412E+03	-1.678696E+01	1.277415E-01	1.801220E-01
5.267612E+03	-1.678712E+01	1.281760E-01	1.801228E-01
5.267812E+03	-1.678701E+01	1.284175E-01	1.801236E-01
5.268012E+03	-1.678755E+01	1.284431E-01	1.801243E-01
5.268212E+03	-1.678791E+01	1.301411E-01	1.801251E-01
5.268412E+03	-1.678743E+01	1.309244E-01	1.801259E-01
5.268612E+03	-1.678709E+01	1.310391E-01	1.801266E-01
5.268812E+03	-1.678734E+01	1.307807E-01	1.801274E-01
5.269012E+03	-1.678705E+01	1.303864E-01	1.801282E-01
5.269212E+03	-1.678608E+01	1.298680E-01	1.801290E-01
5.269412E+03	-1.678552E+01	1.295159E-01	1.801297E-01
5.269612E+03	-1.678532E+01	1.293058E-01	1.801305E-01
5.269812E+03	-1.678531E+01	1.286986E-01	1.801313E-01
5.270012E+03	-1.678567E+01	1.287873E-01	1.801320E-01
5.270212E+03	-1.678550E+01	1.287577E-01	1.801328E-01
5.270412E+03	-1.678455E+01	1.292959E-01	1.801336E-01
5.270612E+03	-1.678377E+01	1.293301E-01	1.801343E-01
5.270812E+03	-1.678372E+01	1.292658E-01	1.801351E-01
5.271012E+03	-1.678388E+01	1.292664E-01	1.801359E-01
5.271212E+03	-1.678414E+01	1.292943E-01	1.801366E-01
5.271412E+03	-1.678427E+01	1.292524E-01	1.801374E-01
5.271612E+03	-1.678449E+01	1.301971E-01	1.801382E-01
5.271812E+03	-1.678468E+01	1.315792E-01	1.801390E-01
5.272012E+03	-1.678462E+01	1.315116E-01	1.801397E-01
5.272212E+03	-1.678454E+01	1.317550E-01	1.801405E-01
5.272412E+03	-1.678443E+01	1.317323E-01	1.801413E-01
5.272612E+03	-1.678454E+01	1.317259E-01	1.801420E-01
5.272812E+03	-1.678503E+01	1.316464E-01	1.801428E-01
5.273013E+03	-1.678594E+01	1.317242E-01	1.801436E-01
5.273213E+03	-1.678632E+01	1.318331E-01	1.801443E-01
5.273413E+03	-1.678586E+01	1.315984E-01	1.801451E-01
5.273613E+03	-1.678556E+01	1.317078E-01	1.801459E-01
5.273813E+03	-1.678561E+01	1.317066E-01	1.801467E-01
5.274013E+03	-1.678593E+01	1.319224E-01	1.801474E-01
5.274213E+03	-1.678657E+01	1.319862E-01	1.801482E-01
5.274413E+03	-1.678706E+01	1.323103E-01	1.801490E-01
5.274613E+03	-1.678727E+01	1.324216E-01	1.801497E-01
5.274812E+03	-1.678752E+01	1.319239E-01	1.801505E-01
5.275012E+03	-1.678825E+01	1.319824E-01	1.801513E-01
5.275212E+03	-1.678913E+01	1.318289E-01	1.801520E-01
5.275413E+03	-1.678962E+01	1.318897E-01	1.801528E-01
5.275612E+03	-1.678959E+01	1.311506E-01	1.801536E-01
5.275812E+03	-1.678944E+01	1.314924E-01	1.801543E-01
5.276012E+03	-1.678950E+01	1.307248E-01	1.801551E-01
5.276212E+03	-1.679001E+01	1.293269E-01	1.801559E-01
5.276412E+03	-1.679036E+01	1.292785E-01	1.801567E-01
5.276612E+03	-1.679060E+01	1.298572E-01	1.801574E-01
5.276812E+03	-1.679067E+01	1.298222E-01	1.801582E-01
5.277012E+03	-1.679012E+01	1.297392E-01	1.801590E-01
5.277212E+03	-1.679004E+01	1.300892E-01	1.801597E-01
5.277412E+03	-1.679082E+01	1.296708E-01	1.801605E-01
5.277612E+03	-1.679129E+01	1.297051E-01	1.801613E-01
5.277812E+03	-1.679102E+01	1.298903E-01	1.801620E-01
5.278012E+03	-1.679065E+01	1.317536E-01	1.801628E-01
5.278212E+03	-1.679074E+01	1.326634E-01	1.801636E-01
5.278412E+03	-1.679122E+01	1.328341E-01	1.801643E-01
5.278612E+03	-1.679097E+01	1.326586E-01	1.801651E-01
5.278812E+03	-1.679081E+01	1.318852E-01	1.801659E-01
5.279012E+03	-1.679125E+01	1.314792E-01	1.801666E-01
5.279212E+03	-1.679186E+01	1.317321E-01	1.801674E-01
5.279412E+03	-1.679214E+01	1.325287E-01	1.801682E-01
5.279613E+03	-1.679161E+01	1.328200E-01	1.801690E-01
5.279813E+03	-1.679102E+01	1.328280E-01	1.801697E-01
5.280013E+03	-1.679120E+01	1.328950E-01	1.801705E-01
5.280213E+03	-1.679140E+01	1.329702E-01	1.801713E-01
5.280413E+03	-1.679107E+01	1.327475E-01	1.801720E-01
5.280613E+03	-1.679093E+01	1.327318E-01	1.801728E-01
5.280813E+03	-1.679161E+01	1.327638E-01	1.801736E-01
5.281013E+03	-1.679227E+01	1.332019E-01	1.801743E-01
5.281213E+03	-1.679224E+01	1.324335E-01	1.801751E-01
5.281413E+03	-1.679238E+01	1.320061E-01	1.801759E-01
5.281613E+03	-1.679292E+01	1.310385E-01	1.801766E-01
5.281813E+03	-1.679352E+01	1.286165E-01	1.801774E-01
5.282013E+03	-1.679404E+01	1.288254E-01	1.801782E-01
5.282213E+03	-1.679409E+01	1.285702E-01	1.801789E-01
5.282413E+03	-1.679436E+01	1.290849E-01	1.801797E-01
5.282613E+03	-1.679487E+01	1.299444E-01	1.801805E-01
5.282813E+03	-1.679518E+01	1.288578E-01	1.801812E-01
5.283013E+03	-1.679527E+01	1.288395E-01	1.801820E-01
5.283213E+03	-1.679513E+01	1.287535E-01	1.801828E-01
5.283413E+03	-1.679489E+01	1.286132E-01	1.801835E-01
5.283613E+03	-1.679482E+01	1.279913E-01	1.801843E-01
5.283813E+03	-1.679467E+01	1.282405E-01	1.801851E-01
5.284013E+03	-1.679422E+01	1.285701E-01	1.801859E-01
5.284213E+03	-1.679395E+01	1.287636E-01	1.801866E-01
5.284413E+03	-1.679411E+01	1.278183E-01	1.801874E-01
5.284613E+03	-1.679449E+01	1.266580E-01	1.801882E-01
5.284813E+03	-1.679419E+01	1.267860E-01	1.801889E-01
5.285013E+03	-1.679343E+01	1.263072E-01	1.801897E-01
5.285213E+03	-1.679291E+01	1.262352E-01	1.801905E-01
5.285413E+03	-1.679268E+01	1.259564E-01	1.801912E-01
5.285613E+03	-1.679235E+01	1.258343E-01	1.801920E-01
5.285813E+03	-1.679188E+01	1.271512E-01	1.801928E-01
5.286013E+03	-1.679171E+01	1.272141E-01	1.801935E-01
5.286213E+03	-1.679175E+01	1.260807E-01	1.801943E-01
5.286414E+03	-1.679156E+01	1.249657E-01	1.801951E-01
5.286614E+03	-1.679107E+01	1.238991E-01	1.801958E-01
5.286814E+03	-1.679050E+01	1.235802E-01	1.801966E-01
5.287014E+03	-1.678979E+01	1.231353E-01	1.801974E-01
5.287213E+03	-1.678911E+01	1.224738E-01	1.801981E-01
5.287413E+03	-1.678922E+01	1.238879E-01	1.801989E-01
5.287614E+03	-1.678997E+01	1.251296E-01	1.801997E-01
5.287814E+03	-1.679019E+01	1.250951E-01	1.802004E-01
5.288013E+03	-1.679007E+01	1.254185E-01	1.802012E-01
5.288213E+03	-1.679019E+01	1.251147E-01	1.802020E-01
5.288413E+03	-1.679028E+01	1.259679E-01	1.802027E-01
5.288613E+03	-1.678972E+01	1.264672E-01	1.802035E-01
5.288813E+03	-1.678915E+01	1.261445E-01	1.802043E-01
5.289013E+03	-1.678876E+01	1.263114E-01	1.802050E-01
5.289213E+03	-1.678818E+01	1.256784E-01	1.802058E-01
5.289413E+03	-1.678774E+01	1.253213E-01	1.802066E-01
5.289613E+03	-1.678722E+01	1.245725E-01	1.802073E-01
5.289813E+03	-1.678701E+01	1.227110E-01	1.802081E-01
5.290013E+03	-1.678717E+01	1.224963E-01	1.802089E-01
5.290213E+03	-1.678671E+01	1.221489E-01	1.802096E-01
5.290413E+03	-1.678613E+01	1.219858E-01	1.802104E-01
5.290613E+03	-1.678597E+01	1.222182E-01	1.802112E-01
5.290813E+03	-1.678513E+01	1.218517E-01	1.802119E-01
5.291013E+03	-1.678375E+01	1.209327E-01	1.802127E-01
5.291213E+03	-1.678314E+01	1.205922E-01	1.802135E-01
5.291413E+03	-1.678329E+01	1.206484E-01	1.802142E-01
5.291613E+03	-1.678333E+01	1.212220E-01	1.802150E-01
5.291813E+03	-1.678354E+01	1.218529E-01	1.802158E-01
5.292013E+03	-1.678421E+01	1.218516E-01	1.802165E-01
5.292213E+03	-1.678464E+01	1.219715E-01	1.802173E-01
5.292413E+03	-1.678420E+01	1.221641E-01	1.802181E-01
5.292613E+03	-1.678334E+01	1.215296E-01	1.802188E-01
5.292813E+03	-1.678320E+01	1.220870E-01	1.802196E-01
5.293014E+03	-1.678312E+01	1.210381E-01	1.802204E-01
5.293214E+03	-1.678296E+01	1.205390E-01	1.802211E-01
5.293414E+03	-1.678340E+01	1.204399E-01	1.802219E-01
5.293614E+03	-1.678369E+01	1.195467E-01	1.802227E-01
5.293814E+03	-1.678360E+01	1.195228E-01	1.802234E-01
5.294014E+03	-1.678361E+01	1.198209E-01	1.802242E-01
5.294214E+03	-1.678365E+01	1.212412E-01	1.802250E-01
5.294414E+03	-1.678357E+01	1.229909E-01	1.802257E-01
5.294614E+03	-1.678345E+01	1.238973E-01	1.802265E-01
5.294814E+03	-1.678408E+01	1.243827E-01	1.802273E-01
5.295014E+03	-1.678500E+01	1.238731E-01	1.802280E-01
5.295214E+03	-1.678529E+01	1.235965E-01	1.802288E-01
5.295414E+03	-1.678561E+01	1.246466E-01	1.802296E-01
5.295614E+03	-1.678612E+01	1.270601E-01	1.802303E-01
5.295814E+03	-1.678638E+01	1.271860E-01	1.802311E-01
5.296014E+03	-1.678626E+01	1.269505E-01	1.802319E-01
5.296214E+03	-1.678635E+01	1.263765E-01	1.802326E-01
5.296414E+03	-1.678695E+01	1.264243E-01	1.802334E-01
5.296614E+03	-1.678775E+01	1.266788E-01	1.802342E-01
5.296814E+03	-1.678858E+01	1.268713E-01	1.802349E-01
5.297014E+03	-1.678879E+01	1.273874E-01	1.802357E-01
5.297214E+03	-1.678805E+01	1.266436E-01	1.802365E-01
5.297414E+03	-1.678775E+01	1.271713E-01	1.802372E-01
5.297614E+03	-1.678817E+01	1.272848E-01	1.802380E-01
5.297814E+03	-1.678848E+01	1.273781E-01	1.802388E-01
5.298014E+03	-1.678877E+01	1.277424E-01	1.802395E-01
5.298214E+03	-1.678928E+01	1.284028E-01	1.802403E-01
5.298414E+03	-1.678959E+01	1.284157E-01	1.802411E-01
5.298614E+03	-1.678965E+01	1.285575E-01	1.802418E-01
5.298814E+03	-1.678995E+01	1.286118E-01	1.802426E-01
5.299014E+03	-1.678992E+01	1.287504E-01	1.802434E-01
5.299213E+03	-1.678980E+01	1.287155E-01	1.802441E-01
5.299413E+03	-1.679019E+01	1.289206E-01	1.802449E-01
5.299614E+03	-1.679076E+01	1.287933E-01	1.802457E-01
5.299815E+03	-1.679091E+01	1.287893E-01	1.802464E-01
5.300015E+03	-1.679068E+01	1.297743E-01	1.802472E-01
5.300214E+03	-1.679076E+01	1.291788E-01	1.802479E-01
5.300414E+03	-1.679140E+01	1.293893E-01	1.802487E-01
5.300614E+03	-1.679162E+01	1.295279E-01	1.802495E-01
5.300814E+03	-1.679150E+01	1.294942E-01	1.802502E-01
5.301014E+03	-1.679159E+01	1.311143E-01	1.802510E-01
5.301214E+03	-1.679122E+01	1.336155E-01	1.802518E-01
5.301414E+03	-1.679062E+01	1.327907E-01	1.802525E-01
5.301614E+03	-1.679038E+01	1.327381E-01	1.802533E-01
5.301814E+03	-1.679059E+01	1.327044E-01	1.802541E-01
5.302014E+03	-1.679104E+01	1.326393E-01	1.802548E-01
5.302214E+03	-1.679105E+01	1.318326E-01	1.802556E-01
5.302414E+03	-1.679044E+01	1.310403E-01	1.802564E-01
5.302614E+03	-1.679005E+01	1.301694E-01	1.802571E-01
5.302814E+03	-1.679032E+01	1.302456E-01	1.802579E-01
5.303014E+03	-1.679086E+01	1.307528E-01	1.802587E-01
5.303214E+03	-1.679126E+01	1.313809E-01	1.802594E-01
5.303414E+03	-1.679130E+01	1.317084E-01	1.802602E-01
5.303614E+03	-1.679109E+01	1.315190E-01	1.802610E-01
5.303814E+03	-1.679089E+01	1.314923E-01	1.802617E-01
5.304014E+03	-1.679078E+01	1.314595E-01	1.802625E-01
5.304214E+03	-1.679066E+01	1.311760E-01	1.802633E-01
5.304414E+03	-1.679078E+01	1.311492E-01	1.802640E-01
5.304614E+03	-1.679105E+01	1.311079E-01	1.802648E-01
5.304814E+03	-1.679150E+01	1.310919E-01	1.802655E-01
5.305014E+03	-1.679178E+01	1.307904E-01	1.802663E-01
5.305214E+03	-1.679177E+01	1.304567E-01	1.802671E-01
5.305414E+03	-1.679187E+01	1.311528E-01	1.802678E-01
5.305614E+03	-1.679164E+01	1.320120E-01	1.802686E-01
5.305814E+03	-1.679195E+01	1.321066E-01	1.802694E-01
5.306014E+03	-1.679251E+01	1.324857E-01	1.802701E-01
5.306214E+03	-1.679276E+01	1.329140E-01	1.802709E-01
5.306415E+03	-1.679317E+01	1.323647E-01	1.802717E-01
5.306615E+03	-1.679354E+01	1.323888E-01	1.802724E-01
5.306815E+03	-1.679320E+01	1.326957E-01	1.802732E-01
5.307015E+03	-1.679254E+01	1.319806E-01	1.802740E-01
5.307215E+03	-1.679195E+01	1.312636E-01	1.802747E-01
5.307415E+03	-1.679153E+01	1.310037E-01	1.802755E-01
5.307615E+03	-1.679135E+01	1.292670E-01	1.802763E-01
5.307815E+03	-1.679123E+01	1.283262E-01	1.802770E-01
5.308015E+03	-1.679168E+01	1.282171E-01	1.802778E-01
5.308215E+03	-1.679177E+01	1.282842E-01	1.802785E-01
5.308415E+03	-1.679156E+01	1.289765E-01	1.802793E-01
5.308615E+03	-1.679184E+01	1.296772E-01	1.802801E-01
5.308815E+03	-1.679202E+01	1.298438E-01	1.802808E-01
5.309015E+03	-1.679193E+01	1.301037E-01	1.802816E-01
5.309215E+03	-1.679204E+01	1.302499E-01	1.802824E-01
5.309415E+03	-1.679178E+01	1.303026E-01	1.802831E-01
5.309615E+03	-1.679152E+01	1.303510E-01	1.802839E-01
5.309815E+03	-1.679141E+01	1.293778E-01	1.802847E-01
5.310015E+03	-1.679115E+01	1.289402E-01	1.802854E-01
5.310215E+03	-1.679082E+01	1.288472E-01	1.802862E-01
5.310415E+03	-1.679101E+01	1.289731E-01	1.802870E-01
5.310615E+03	-1.679095E+01	1.296222E-01	1.802877E-01
5.310815E+03	-1.679088E+01	1.303292E-01	1.802885E-01
5.311015E+03	-1.679125E+01	1.295492E-01	1.802892E-01
5.311215E+03	-1.679105E+01	1.281583E-01	1.802900E-01
5.311414E+03	-1.679057E+01	1.280061E-01	1.802908E-01
5.311614E+03	-1.679027E+01	1.274799E-01	1.802915E-01
5.311815E+03	-1.679039E+01	1.281409E-01	1.802923E-01
5.312015E+03	-1.679065E+01	1.288876E-01	1.802931E-01
5.312215E+03	-1.679111E+01	1.290778E-01	1.802938E-01
5.312414E+03	-1.679141E+01	1.292313E-01	1.802946E-01
5.312614E+03	-1.679111E+01	1.297954E-01	1.802954E-01
5.312814E+03	-1.679065E+01	1.296473E-01	1.802963E-01
5.313014E+03	-1.679062E+01	1.297798E-01	1.802971E-01
5.313215E+03	-1.679036E+01	1.297589E-01	1.802979E-01
5.313415E+03	-1.678981E+01	1.294814E-01	1.802988E-01
5.313615E+03	-1.678917E+01	1.293059E-01	1.802996E-01
5.313815E+03	-1.678839E+01	1.287837E-01	1.803004E-01
5.314015E+03	-1.678806E+01	1.286375E-01	1.803012E-01
5.314215E+03	-1.678780E+01	1.285914E-01	1.803021E-01
5.314415E+03	-1.678773E+01	1.286298E-01	1.803029E-01
5.314615E+03	-1.678829E+01	1.288035E-01	1.803037E-01
5.314815E+03	-1.678887E+01	1.289374E-01	1.803045E-01
5.315015E+03	-1.678861E+01	1.288470E-01	1.803054E-01
5.315215E+03	-1.678808E+01	1.281405E-01	1.803062E-01
5.315415E+03	-1.678808E+01	1.286202E-01	1.803070E-01
5.315615E+03	-1.678810E+01	1.302806E-01	1.803078E-01
5.315815E+03	-1.678815E+01	1.315304E-01	1.803087E-01
5.316015E+03	-1.678841E+01	1.311926E-01	1.803095E-01
5.316215E+03	-1.678831E+01	1.326386E-01	1.803103E-01
5.316415E+03	-1.678791E+01	1.341504E-01	1.803111E-01
5.316615E+03	-1.678734E+01	1.337994E-01	1.803120E-01
5.316815E+03	-1.678704E+01	1.336246E-01	1.803128E-01
5.317015E+03	-1.678676E+01	1.335311E-01	1.803136E-01
5.317215E+03	-1.678676E+01	1.333178E-01	1.803145E-01
5.317415E+03	-1.678709E+01	1.318946E-01	1.803153E-01
5.317615E+03	-1.678729E+01	1.309490E-01	1.803161E-01
5.317815E+03	-1.678717E+01	1.309932E-01	1.803169E-01
5.318015E+03	-1.678743E+01	1.312815E-01	1.803178E-01
5.318215E+03	-1.678839E+01	1.326396E-01	1.803186E-01
5.318415E+03	-1.678922E+01	1.341640E-01	1.803194E-01
5.318615E+03	-1.678918E+01	1.345313E-01	1.803202E-01
5.318815E+03	-1.678915E+01	1.340643E-01	1.803211E-01
5.319015E+03	-1.678942E+01	1.341869E-01	1.803219E-01
5.319215E+03	-1.678955E+01	1.339936E-01	1.803227E-01
5.319415E+03	-1.678926E+01	1.339289E-01	1.803235E-01
5.319615E+03	-1.678882E+01	1.346950E-01	1.803244E-01
5.319816E+03	-1.678882E+01	1.351035E-01	1.803252E-01
5.320016E+03	-1.678907E+01	1.352779E-01	1.803260E-01
5.320216E+03	-1.678937E+01	1.356870E-01	1.803268E-01
5.320416E+03	-1.678922E+01	1.354201E-01	1.803277E-01
5.320616E+03	-1.678912E+01	1.350495E-01	1.803285E-01
5.320816E+03	-1.678942E+01	1.346515E-01	1.803293E-01
5.321016E+03	-1.678967E+01	1.337662E-01	1.803301E-01
5.321216E+03	-1.678943E+01	1.339342E-01	1.803310E-01
5.321416E+03	-1.678889E+01	1.348208E-01	1.803318E-01
5.321616E+03	-1.678853E+01	1.347195E-01	1.803326E-01
5.321816E+03	-1.678851E+01	1.343083E-01	1.803334E-01
5.322016E+03	-1.678884E+01	1.328702E-01	1.803343E-01
5.322216E+03	-1.678841E+01	1.325913E-01	1.803351E-01
5.322416E+03	-1.678754E+01	1.321624E-01	1.803359E-01
5.322616E+03	-1.678765E+01	1.321642E-01	1.803367E-01
5.322816E+03	-1.678807E+01	1.322973E-01	1.803376E-01
5.323016E+03	-1.678773E+01	1.321127E-01	1.803384E-01
5.323216E+03	-1.678699E+01	1.315354E-01	1.803392E-01
5.323416E+03	-1.678630E+01	1.306043E-01	1.803400E-01
5.323615E+03	-1.678630E+01	1.303293E-01	1.803409E-01
5.323815E+03	-1.678639E+01	1.303118E-01	1.803417E-01
5.324016E+03	-1.678620E+01	1.304901E-01	1.803425E-01
5.324216E+03	-1.678618E+01	1.306973E-01	1.803433E-01
5.324416E+03	-1.678623E+01	1.308157E-01	1.803442E-01
5.324615E+03	-1.678622E+01	1.307202E-01	1.803450E-01
5.324815E+03	-1.678634E+01	1.307520E-01	1.803458E-01
5.325015E+03	-1.678652E+01	1.310941E-01	1.803466E-01
5.325215E+03	-1.678644E+01	1.295685E-01	1.803475E-01
5.325415E+03	-1.678655E+01	1.294835E-01	1.803483E-01
5.325615E+03	-1.678682E+01	1.298432E-01	1.803491E-01
5.325815E+03	-1.678713E+01	1.299171E-01	1.803499E-01
5.326015E+03	-1.678770E+01	1.303168E-01	1.803508E-01
5.326215E+03	-1.678796E+01	1.304204E-01	1.803516E-01
5.326415E+03	-1.678724E+01	1.302521E-01	1.803524E-01
5.326616E+03	-1.678668E+01	1.300756E-01	1.803532E-01
5.326816E+03	-1.678632E+01	1.288901E-01	1.803541E-01
5.327016E+03	-1.678585E+01	1.281717E-01	1.803549E-01
5.327216E+03	-1.678605E+01	1.281854E-01	1.803557E-01
5.327416E+03	-1.678639E+01	1.280437E-01	1.803565E-01
5.327616E+03	-1.678658E+01	1.285633E-01	1.803574E-01
5.327816E+03	-1.678664E+01	1.275282E-01	1.803582E-01
5.328016E+03	-1.678709E+01	1.275268E-01	1.803590E-01
5.328216E+03	-1.678775E+01	1.279212E-01	1.803598E-01
5.328416E+03	-1.678785E+01	1.278782E-01	1.803607E-01
5.328616E+03	-1.678788E+01	1.278134E-01	1.803615E-01
5.328816E+03	-1.678866E+01	1.278496E-01	1.803623E-01
5.329016E+03	-1.678898E+01	1.277703E-01	1.803631E-01
5.329216E+03	-1.678854E+01	1.276483E-01	1.803640E-01
5.329416E+03	-1.678885E+01	1.274695E-01	1.803648E-01
5.329616E+03	-1.678893E+01	1.276887E-01	1.803656E-01
5.329816E+03	-1.678896E+01	1.288418E-01	1.803664E-01
5.330016E+03	-1.678952E+01	1.293369E-01	1.803673E-01
5.330216E+03	-1.679017E+01	1.296041E-01	1.803681E-01
5.330416E+03	-1.679036E+01	1.300304E-01	1.803689E-01
5.330616E+03	-1.679027E+01	1.300974E-01	1.803697E-01
5.330816E+03	-1.679060E+01	1.301554E-01	1.803706E-01
5.331016E+03	-1.679097E+01	1.302002E-01	1.803714E-01
5.331216E+03	-1.679099E+01	1.303687E-01	1.803722E-01
5.331416E+03	-1.679160E+01	1.306708E-01	1.803730E-01
5.331616E+03	-1.679215E+01	1.310089E-01	1.803738E-01
5.331816E+03	-1.679206E+01	1.302246E-01	1.803747E-01
5.332016E+03	-1.679207E+01	1.302588E-01	1.803755E-01
5.332216E+03	-1.679236E+01	1.294350E-01	1.803763E-01
5.332416E+03	-1.679235E+01	1.294717E-01	1.803771E-01
5.332616E+03	-1.679197E+01	1.294550E-01	1.803780E-01
5.332816E+03	-1.679213E+01	1.297393E-01	1.803788E-01
5.333016E+03	-1.679270E+01	1.299984E-01	1.803796E-01
5.333217E+03	-1.679299E+01	1.301650E-01	1.803804E-01
5.333417E+03	-1.679300E+01	1.299353E-01	1.803813E-01
5.333617E+03	-1.679303E+01	1.291271E-01	1.803821E-01
5.333817E+03	-1.679225E+01	1.279805E-01	1.803829E-01
5.334017E+03	-1.679174E+01	1.269484E-01	1.803837E-01
5.334217E+03	-1.679180E+01	1.264239E-01	1.803846E-01
5.334417E+03	-1.679158E+01	1.263495E-01	1.803854E-01
5.334617E+03	-1.679120E+01	1.262227E-01	1.803862E-01
5.334817E+03	-1.679143E+01	1.254712E-01	1.803870E-01
5.335017E+03	-1.679236E+01	1.231355E-01	1.803879E-01
5.335217E+03	-1.679299E+01	1.237807E-01	1.803887E-01
5.335417E+03	-1.679269E+01	1.237851E-01	1.803895E-01
5.335617E+03	-1.679177E+01	1.239233E-01	1.803903E-01
5.335817E+03	-1.679156E+01	1.239665E-01	1.803911E-01
5.336016E+03	-1.679182E+01	1.240312E-01	1.803920E-01
5.336217E+03	-1.679170E+01	1.239233E-01	1.803928E-01
5.336417E+03	-1.679171E+01	1.241532E-01	1.803936E-01
5.336617E+03	-1.679218E+01	1.243913E-01	1.803944E-01
5.336816E+03	-1.679237E+01	1.241582E-01	1.803953E-01
5.337016E+03	-1.679235E+01	1.240983E-01	1.803961E-01
5.337216E+03	-1.679264E+01	1.241781E-01	1.803969E-01
5.337416E+03	-1.679331E+01	1.234527E-01	1.803977E-01
5.337616E+03	-1.679356E+01	1.223928E-01	1.803985E-01
5.337816E+03	-1.679357E+01	1.230613E-01	1.803994E-01
5.338016E+03	-1.679400E+01	1.230930E-01	1.804002E-01
5.338216E+03	-1.679406E+01	1.231658E-01	1.804010E-01
5.338416E+03	-1.679415E+01	1.231827E-01	1.804018E-01
5.338616E+03	-1.679419E+01	1.232834E-01	1.804027E-01
5.338816E+03	-1.679360E+01	1.231194E-01	1.804035E-01
5.339016E+03	-1.679335E+01	1.230951E-01	1.804043E-01
5.339216E+03	-1.679398E+01	1.231483E-01	1.804051E-01
5.339416E+03	-1.679449E+01	1.222613E-01	1.804060E-01
5.339616E+03	-1.679406E+01	1.221709E-01	1.804068E-01
5.339816E+03	-1.679321E+01	1.215795E-01	1.804076E-01
5.340017E+03	-1.679254E+01	1.212045E-01	1.804084E-01
5.340217E+03	-1.679247E+01	1.213237E-01	1.804092E-01
5.340417E+03	-1.679285E+01	1.200294E-01	1.804101E-01
5.340617E+03	-1.679284E+01	1.176012E-01	1.804109E-01
5.340817E+03	-1.679235E+01	1.178195E-01	1.804117E-01
5.341017E+03	-1.679288E+01	1.185934E-01	1.804125E-01
5.341217E+03	-1.679357E+01	1.196578E-01	1.804134E-01
5.341417E+03	-1.679335E+01	1.206795E-01	1.804142E-01
5.341617E+03	-1.679289E+01	1.217001E-01	1.804150E-01
5.341817E+03	-1.679276E+01	1.229459E-01	1.804158E-01
5.342017E+03	-1.679300E+01	1.230195E-01	1.804166E-01
5.342217E+03	-1.679334E+01	1.232735E-01	1.804175E-01
5.342417E+03	-1.679407E+01	1.227807E-01	1.804183E-01
5.342617E+03	-1.679475E+01	1.219491E-01	1.804191E-01
5.342817E+03	-1.679482E+01	1.218592E-01	1.804199E-01
5.343017E+03	-1.679394E+01	1.214937E-01	1.804208E-01
5.343217E+03	-1.679342E+01	1.210259E-01	1.804216E-01
5.343417E+03	-1.679342E+01	1.209975E-01	1.804224E-01
5.343617E+03	-1.679309E+01	1.210154E-01	1.804232E-01
5.343817E+03	-1.679255E+01	1.212906E-01	1.804240E-01
5.344017E+03	-1.679161E+01	1.213150E-01	1.804249E-01
5.344217E+03	-1.679075E+01	1.207933E-01	1.804257E-01
5.344417E+03	-1.678998E+01	1.204226E-01	1.804265E-01
5.344617E+03	-1.678968E+01	1.204048E-01	1.804273E-01
5.344817E+03	-1.678956E+01	1.197727E-01	1.804282E-01
5.345017E+03	-1.678949E+01	1.187846E-01	1.804290E-01
5.345217E+03	-1.678964E+01	1.178078E-01	1.804298E-01
5.345417E+03	-1.678951E+01	1.170082E-01	1.804306E-01
5.345617E+03	-1.678984E+01	1.164627E-01	1.804314E-01
5.345817E+03	-1.679062E+01	1.163477E-01	1.804323E-01
5.346017E+03	-1.679105E+01	1.163246E-01	1.804331E-01
5.346217E+03	-1.679084E+01	1.158342E-01	1.804339E-01
5.346417E+03	-1.679040E+01	1.164472E-01	1.804347E-01
5.346618E+03	-1.678991E+01	1.178888E-01	1.804356E-01
5.346818E+03	-1.678959E+01	1.176485E-01	1.804364E-01
5.347018E+03	-1.678934E+01	1.187765E-01	1.804372E-01
5.347218E+03	-1.678914E+01	1.187055E-01	1.804380E-01
5.347418E+03	-1.678889E+01	1.188052E-01	1.804388E-01
5.347618E+03	-1.678898E+01	1.192575E-01	1.804397E-01
5.347818E+03	-1.678922E+01	1.183699E-01	1.804405E-01
5.348018E+03	-1.678841E+01	1.180333E-01	1.804413E-01
5.348217E+03	-1.678757E+01	1.177326E-01	1.804421E-01
5.348417E+03	-1.678773E+01	1.174264E-01	1.804429E-01
5.348618E+03	-1.678875E+01	1.180859E-01	1.804438E-01
5.348818E+03	-1.678929E+01	1.188185E-01	1.804446E-01
5.349017E+03	-1.678893E+01	1.194613E-01	1.804454E-01
5.349217E+03	-1.678856E+01	1.194324E-01	1.804462E-01
5.349417E+03	-1.678789E+01	1.195038E-01	1.804470E-01
5.349617E+03	-1.678704E+01	1.194458E-01	1.804479E-01
5.349817E+03	-1.678647E+01	1.198804E-01	1.804487E-01
5.350017E+03	-1.678612E+01	1.191011E-01	1.804495E-01
5.350217E+03	-1.678598E+01	1.188222E-01	1.804503E-01
5.350417E+03	-1.678607E+01	1.220156E-01	1.804512E-01
5.350617E+03	-1.678616E+01	1.249874E-01	1.804520E-01
5.350817E+03	-1.678628E+01	1.258744E-01	1.804528E-01
5.351017E+03	-1.678618E+01	1.258852E-01	1.804536E-01
5.351217E+03	-1.678575E+01	1.251361E-01	1.804544E-01
5.351417E+03	-1.678507E+01	1.242377E-01	1.804553E-01
5.351617E+03	-1.678499E+01	1.241411E-01	1.804561E-01
5.351817E+03	-1.678565E+01	1.243776E-01	1.804569E-01
5.352017E+03	-1.678630E+01	1.247355E-01	1.804577E-01
5.352217E+03	-1.678677E+01	1.248373E-01	1.804585E-01
5.352417E+03	-1.678754E+01	1.247109E-01	1.804594E-01
5.352617E+03	-1.678824E+01	1.252170E-01	1.804602E-01
5.352817E+03	-1.678831E+01	1.252628E-01	1.804610E-01
5.353017E+03	-1.678821E+01	1.252085E-01	1.804618E-01
5.353217E+03	-1.678859E+01	1.253174E-01	1.804626E-01
5.353418E+03	-1.678882E+01	1.253658E-01	1.804635E-01
5.353618E+03	-1.678827E+01	1.253627E-01	1.804643E-01
5.353818E+03	-1.678796E+01	1.258856E-01	1.804651E-01
5.354018E+03	-1.678820E+01	1.262001E-01	1.804659E-01
5.354218E+03	-1.678793E+01	1.262211E-01	1.804667E-01
5.354418E+03	-1.678722E+01	1.262239E-01	1.804676E-01
5.354618E+03	-1.678671E+01	1.262423E-01	1.804684E-01
5.354818E+03	-1.678689E+01	1.265502E-01	1.804692E-01
5.355018E+03	-1.678746E+01	1.249615E-01	1.804700E-01
5.355218E+03	-1.678734E+01	1.238251E-01	1.804708E-01
5.355418E+03	-1.678697E+01	1.242496E-01	1.804717E-01
5.355618E+03	-1.678725E+01	1.231353E-01	1.804725E-01
5.355818E+03	-1.678754E+01	1.214823E-01	1.804733E-01
5.356018E+03	-1.678767E+01	1.214592E-01	1.804741E-01
5.356218E+03	-1.678809E+01	1.229642E-01	1.804749E-01
5.356418E+03	-1.678818E+01	1.231179E-01	1.804758E-01
5.356618E+03	-1.678805E+01	1.239387E-01	1.804766E-01
5.356818E+03	-1.678744E+01	1.235980E-01	1.804774E-01
5.357018E+03	-1.678658E+01	1.233522E-01	1.804782E-01
5.357218E+03	-1.678600E+01	1.239540E-01	1.804790E-01
5.357418E+03	-1.678549E+01	1.245869E-01	1.804799E-01
5.357618E+03	-1.678503E+01	1.233762E-01	1.804807E-01
5.357818E+03	-1.678460E+01	1.219614E-01	1.804815E-01
5.358018E+03	-1.678434E+01	1.219473E-01	1.804823E-01
5.358218E+03	-1.678468E+01	1.218499E-01	1.804831E-01
5.358418E+03	-1.678506E+01	1.220292E-01	1.804840E-01
5.358618E+03	-1.678513E+01	1.224083E-01	1.804848E-01
5.358818E+03	-1.678520E+01	1.224740E-01	1.804856E-01
5.359218E+03	-1.678483E+01	1.218012E-01	1.804872E-01
5.359418E+03	-1.678382E+01	1.213326E-01	1.804881E-01
5.359618E+03	-1.678326E+01	1.218308E-01	1.804889E-01
5.359818E+03	-1.678406E+01	1.227214E-01	1.804897E-01
5.360019E+03	-1.678478E+01	1.236425E-01	1.804905E-01
5.360219E+03	-1.678510E+01	1.236526E-01	1.804913E-01
5.360419E+03	-1.678488E+01	1.233960E-01	1.804922E-01
5.360618E+03	-1.678443E+01	1.232448E-01	1.804930E-01
5.360819E+03	-1.678426E+01	1.234961E-01	1.804938E-01
5.361019E+03	-1.678358E+01	1.224404E-01	1.804946E-01
5.361218E+03	-1.678270E+01	1.222262E-01	1.804954E-01
5.361418E+03	-1.678259E+01	1.222508E-01	1.804963E-01
5.361618E+03	-1.678275E+01	1.223006E-01	1.804971E-01
5.361818E+03	-1.678273E+01	1.223905E-01	1.804979E-01
5.362018E+03	-1.678291E+01	1.225004E-01	1.804987E-01
5.362218E+03	-1.678286E+01	1.225447E-01	1.804995E-01
5.362418E+03	-1.678341E+01	1.228411E-01	1.805004E-01
5.362618E+03	-1.678422E+01	1.230898E-01	1.805012E-01
5.362818E+03	-1.678376E+01	1.231241E-01	1.805020E-01
5.363018E+03	-1.678332E+01	1.230428E-01	1.805028E-01
5.363218E+03	-1.678345E+01	1.235996E-01	1.805036E-01
5.363418E+03	-1.678323E+01	1.237362E-01	1.805045E-01
5.363618E+03	-1.678301E+01	1.244216E-01	1.805053E-01
5.363818E+03	-1.678275E+01	1.240192E-01	1.805061E-01
5.364018E+03	-1.678228E+01	1.240641E-01	1.805069E-01
5.364218E+03	-1.678198E+01	1.238675E-01	1.805077E-01
5.364418E+03	-1.678195E+01	1.238545E-01	1.805085E-01
5.364618E+03	-1.678256E+01	1.238120E-01	1.805094E-01
5.364818E+03	-1.678376E+01	1.252263E-01	1.805102E-01
5.365018E+03	-1.678408E+01	1.271188E-01	1.805110E-01
5.365218E+03	-1.678376E+01	1.267245E-01	1.805118E-01
5.365418E+03	-1.678320E+01	1.266589E-01	1.805126E-01
5.365618E+03	-1.678289E+01	1.264946E-01	1.805135E-01
5.365818E+03	-1.678372E+01	1.268166E-01	1.805143E-01
5.366018E+03	-1.678480E+01	1.270280E-01	1.805151E-01
5.366218E+03	-1.678506E+01	1.271243E-01	1.805159E-01
5.366418E+03	-1.678487E+01	1.270654E-01	1.805167E-01
5.366618E+03	-1.678450E+01	1.266660E-01	1.805175E-01
5.366819E+03	-1.678383E+01	1.263059E-01	1.805184E-01
5.367019E+03	-1.678360E+01	1.260943E-01	1.805192E-01
5.367219E+03	-1.678401E+01	1.257032E-01	1.805200E-01
5.367419E+03	-1.678454E+01	1.258273E-01	1.805208E-01
5.367619E+03	-1.678418E+01	1.253606E-01	1.805216E-01
5.367819E+03	-1.678370E+01	1.250655E-01	1.805225E-01
5.368019E+03	-1.678358E+01	1.248478E-01	1.805233E-01
5.368219E+03	-1.678331E+01	1.243401E-01	1.805241E-01
5.368419E+03	-1.678325E+01	1.244820E-01	1.805249E-01
5.368619E+03	-1.678354E+01	1.245812E-01	1.805257E-01
5.368819E+03	-1.678399E+01	1.247544E-01	1.805266E-01
5.369019E+03	-1.678424E+01	1.249288E-01	1.805274E-01
5.369219E+03	-1.678444E+01	1.255591E-01	1.805282E-01
5.369419E+03	-1.678479E+01	1.250431E-01	1.805290E-01
5.369619E+03	-1.678492E+01	1.245703E-01	1.805298E-01
5.369819E+03	-1.678464E+01	1.249414E-01	1.805306E-01
5.370019E+03	-1.678446E+01	1.246711E-01	1.805315E-01
5.370219E+03	-1.678453E+01	1.246129E-01	1.805323E-01
5.370419E+03	-1.678448E+01	1.247121E-01	1.805331E-01
5.370619E+03	-1.678376E+01	1.257023E-01	1.805339E-01
5.370819E+03	-1.678289E+01	1.263192E-01	1.805347E-01
5.371019E+03	-1.678319E+01	1.261388E-01	1.805356E-01
5.371219E+03	-1.678393E+01	1.267313E-01	1.805364E-01
5.371419E+03	-1.678418E+01	1.267384E-01	1.805372E-01
5.371619E+03	-1.678436E+01	1.270676E-01	1.805380E-01
5.371819E+03	-1.678484E+01	1.274306E-01	1.805388E-01
5.372019E+03	-1.678466E+01	1.273453E-01	1.805396E-01
5.372219E+03	-1.678418E+01	1.273306E-01	1.805405E-01
5.372419E+03	-1.678397E+01	1.277704E-01	1.805413E-01
5.372619E+03	-1.678373E+01	1.282311E-01	1.805421E-01
5.372819E+03	-1.678362E+01	1.282205E-01	1.805429E-01
5.373019E+03	-1.678346E+01	1.282459E-01	1.805437E-01
5.373218E+03	-1.678304E+01	1.274887E-01	1.805445E-01
5.373419E+03	-1.678244E+01	1.270939E-01	1.805454E-01
5.373619E+03	-1.678245E+01	1.272769E-01	1.805462E-01
5.373819E+03	-1.678325E+01	1.280764E-01	1.805470E-01
5.374019E+03	-1.678385E+01	1.295681E-01	1.805478E-01
5.374219E+03	-1.678394E+01	1.295956E-01	1.805486E-01
5.374419E+03	-1.678388E+01	1.299531E-01	1.805494E-01
5.374619E+03	-1.678310E+01	1.300153E-01	1.805503E-01
5.374819E+03	-1.678214E+01	1.299657E-01	1.805511E-01
5.375019E+03	-1.678213E+01	1.298694E-01	1.805519E-01
5.375219E+03	-1.678219E+01	1.294984E-01	1.805527E-01
5.375419E+03	-1.678218E+01	1.294231E-01	1.805535E-01
5.375619E+03	-1.678217E+01	1.296908E-01	1.805544E-01
5.375819E+03	-1.678253E+01	1.300007E-01	1.805552E-01
5.376019E+03	-1.678312E+01	1.294560E-01	1.805560E-01
5.376219E+03	-1.678322E+01	1.297610E-01	1.805568E-01
5.376419E+03	-1.678342E+01	1.295955E-01	1.805576E-01
5.376619E+03	-1.678355E+01	1.296767E-01	1.805584E-01
5.376819E+03	-1.678324E+01	1.298520E-01	1.805593E-01
5.377019E+03	-1.678256E+01	1.305185E-01	1.805601E-01
5.377219E+03	-1.678160E+01	1.305402E-01	1.805609E-01
5.377419E+03	-1.678106E+01	1.298527E-01	1.805617E-01
5.377619E+03	-1.678056E+01	1.295153E-01	1.805625E-01
5.377819E+03	-1.678038E+01	1.296017E-01	1.805633E-01
5.378019E+03	-1.678035E+01	1.296220E-01	1.805642E-01
5.378219E+03	-1.677974E+01	1.293952E-01	1.805650E-01
5.378419E+03	-1.677886E+01	1.291721E-01	1.805658E-01
5.378619E+03	-1.677844E+01	1.290256E-01	1.805666E-01
5.378819E+03	-1.677779E+01	1.293298E-01	1.805674E-01
5.379019E+03	-1.677765E+01	1.309463E-01	1.805682E-01
5.379219E+03	-1.677828E+01	1.319987E-01	1.805691E-01
5.379419E+03	-1.677857E+01	1.321260E-01	1.805699E-01
5.379619E+03	-1.677884E+01	1.326584E-01	1.805707E-01
5.379819E+03	-1.677889E+01	1.329047E-01	1.805715E-01
5.380019E+03	-1.677864E+01	1.327197E-01	1.805723E-01
5.380220E+03	-1.677864E+01	1.326271E-01	1.805731E-01
5.380420E+03	-1.677918E+01	1.324279E-01	1.805740E-01
5.380620E+03	-1.677997E+01	1.323944E-01	1.805748E-01
5.380820E+03	-1.677967E+01	1.318679E-01	1.805756E-01
5.381020E+03	-1.677938E+01	1.307867E-01	1.805764E-01
5.381220E+03	-1.677935E+01	1.295621E-01	1.805772E-01
5.381420E+03	-1.677877E+01	1.281056E-01	1.805780E-01
5.381620E+03	-1.677772E+01	1.280009E-01	1.805789E-01
5.381820E+03	-1.677655E+01	1.280395E-01	1.805797E-01
5.382020E+03	-1.677631E+01	1.301224E-01	1.805805E-01
5.382220E+03	-1.677599E+01	1.301840E-01	1.805813E-01
5.382420E+03	-1.677562E+01	1.301489E-01	1.805821E-01
5.382620E+03	-1.677564E+01	1.317757E-01	1.805829E-01
5.382820E+03	-1.677484E+01	1.324871E-01	1.805837E-01
5.383020E+03	-1.677364E+01	1.328950E-01	1.805846E-01
5.383220E+03	-1.677322E+01	1.325484E-01	1.805854E-01
5.383420E+03	-1.677296E+01	1.319833E-01	1.805862E-01
5.383620E+03	-1.677262E+01	1.319635E-01	1.805870E-01
5.383820E+03	-1.677263E+01	1.321129E-01	1.805878E-01
5.384020E+03	-1.677264E+01	1.323077E-01	1.805886E-01
5.384220E+03	-1.677218E+01	1.323651E-01	1.805895E-01
5.384420E+03	-1.677194E+01	1.322964E-01	1.805903E-01
5.384620E+03	-1.677123E+01	1.319491E-01	1.805911E-01
5.384820E+03	-1.677005E+01	1.316285E-01	1.805919E-01
5.385020E+03	-1.677009E+01	1.316883E-01	1.805927E-01
5.385220E+03	-1.677027E+01	1.317627E-01	1.805935E-01
5.385419E+03	-1.676945E+01	1.316745E-01	1.805943E-01
5.385619E+03	-1.676891E+01	1.314801E-01	1.805952E-01
5.385819E+03	-1.676884E+01	1.315273E-01	1.805960E-01
5.386020E+03	-1.676914E+01	1.312510E-01	1.805968E-01
5.386220E+03	-1.676937E+01	1.305712E-01	1.805976E-01
5.386419E+03	-1.676933E+01	1.307101E-01	1.805984E-01
5.386619E+03	-1.676930E+01	1.297400E-01	1.805992E-01
5.386820E+03	-1.676911E+01	1.291044E-01	1.806001E-01
5.387020E+03	-1.676848E+01	1.286524E-01	1.806009E-01
5.387220E+03	-1.676822E+01	1.282004E-01	1.806017E-01
5.387420E+03	-1.676858E+01	1.286314E-01	1.806025E-01
5.387620E+03	-1.676863E+01	1.290682E-01	1.806033E-01
5.387820E+03	-1.676743E+01	1.289964E-01	1.806041E-01
5.388020E+03	-1.676628E+01	1.289202E-01	1.806050E-01
5.388220E+03	-1.676576E+01	1.286086E-01	1.806058E-01
5.388420E+03	-1.676534E+01	1.288041E-01	1.806066E-01
5.388620E+03	-1.676501E+01	1.288146E-01	1.806074E-01
5.388820E+03	-1.676502E+01	1.287848E-01	1.806082E-01
5.389020E+03	-1.676487E+01	1.285722E-01	1.806090E-01
5.389220E+03	-1.676409E+01	1.282517E-01	1.806098E-01
5.389420E+03	-1.676376E+01	1.277119E-01	1.806107E-01
5.389620E+03	-1.676358E+01	1.281786E-01	1.806115E-01
5.389820E+03	-1.676297E+01	1.283915E-01	1.806123E-01
5.390020E+03	-1.676230E+01	1.255824E-01	1.806131E-01
5.390220E+03	-1.676185E+01	1.230355E-01	1.806139E-01
5.390420E+03	-1.676117E+01	1.220840E-01	1.806147E-01
5.390620E+03	-1.676065E+01	1.219806E-01	1.806155E-01
5.390820E+03	-1.676053E+01	1.219826E-01	1.806164E-01
5.391020E+03	-1.676017E+01	1.223032E-01	1.806172E-01
5.391220E+03	-1.675991E+01	1.225339E-01	1.806180E-01
5.391420E+03	-1.676018E+01	1.225552E-01	1.806188E-01
5.391620E+03	-1.675998E+01	1.217845E-01	1.806196E-01
5.391820E+03	-1.675928E+01	1.215832E-01	1.806204E-01
5.392020E+03	-1.675894E+01	1.217390E-01	1.806213E-01
5.392220E+03	-1.675868E+01	1.215310E-01	1.806221E-01
5.392420E+03	-1.675848E+01	1.217676E-01	1.806229E-01
5.392620E+03	-1.675826E+01	1.231225E-01	1.806237E-01
5.392820E+03	-1.675792E+01	1.234836E-01	1.806245E-01
5.393020E+03	-1.675788E+01	1.235293E-01	1.806253E-01
5.393220E+03	-1.675824E+01	1.235758E-01	1.806261E-01
5.393420E+03	-1.675848E+01	1.241515E-01	1.806270E-01
5.393621E+03	-1.675873E+01	1.254976E-01	1.806278E-01
5.393821E+03	-1.675906E+01	1.261014E-01	1.806286E-01
5.394021E+03	-1.675905E+01	1.259018E-01	1.806294E-01
5.394221E+03	-1.675896E+01	1.257699E-01	1.806302E-01
5.394421E+03	-1.675958E+01	1.249675E-01	1.806310E-01
5.394621E+03	-1.676051E+01	1.248223E-01	1.806318E-01
5.394821E+03	-1.676101E+01	1.250020E-01	1.806327E-01
5.395021E+03	-1.676116E+01	1.247281E-01	1.806335E-01
5.395221E+03	-1.676087E+01	1.244726E-01	1.806343E-01
5.395421E+03	-1.676022E+01	1.242797E-01	1.806351E-01
5.395621E+03	-1.676027E+01	1.243828E-01	1.806359E-01
5.395821E+03	-1.676103E+01	1.233543E-01	1.806367E-01
5.396021E+03	-1.676131E+01	1.233005E-01	1.806375E-01
5.396221E+03	-1.676134E+01	1.235604E-01	1.806384E-01
5.396421E+03	-1.676169E+01	1.250028E-01	1.806392E-01
5.396621E+03	-1.676144E+01	1.250833E-01	1.806400E-01
5.396821E+03	-1.676089E+01	1.243733E-01	1.806408E-01
5.397021E+03	-1.676103E+01	1.253302E-01	1.806416E-01
5.397221E+03	-1.676160E+01	1.264847E-01	1.806424E-01
5.397421E+03	-1.676176E+01	1.265284E-01	1.806432E-01
5.397620E+03	-1.676197E+01	1.263938E-01	1.806440E-01
5.397820E+03	-1.676196E+01	1.276088E-01	1.806449E-01
5.398020E+03	-1.676159E+01	1.282117E-01	1.806457E-01
5.398221E+03	-1.676130E+01	1.277161E-01	1.806465E-01
5.398421E+03	-1.676103E+01	1.282300E-01	1.806473E-01
5.398620E+03	-1.676109E+01	1.279255E-01	1.806481E-01
5.398820E+03	-1.676057E+01	1.289476E-01	1.806489E-01
5.399020E+03	-1.675953E+01	1.289444E-01	1.806497E-01
5.399220E+03	-1.675937E+01	1.281552E-01	1.806506E-01
5.399420E+03	-1.676016E+01	1.284587E-01	1.806514E-01
5.399620E+03	-1.676067E+01	1.292338E-01	1.806522E-01
5.399820E+03	-1.676025E+01	1.291981E-01	1.806530E-01
5.400020E+03	-1.675956E+01	1.295516E-01	1.806538E-01
5.400221E+03	-1.675937E+01	1.307322E-01	1.806546E-01
5.400421E+03	-1.675987E+01	1.308751E-01	1.806554E-01
5.400621E+03	-1.675987E+01	1.308535E-01	1.806563E-01
5.400821E+03	-1.675940E+01	1.306699E-01	1.806571E-01
5.401021E+03	-1.675936E+01	1.306575E-01	1.806579E-01
5.401221E+03	-1.675912E+01	1.304713E-01	1.806587E-01
5.401421E+03	-1.675835E+01	1.302005E-01	1.806595E-01
5.401621E+03	-1.675759E+01	1.299125E-01	1.806603E-01
5.401821E+03	-1.675742E+01	1.297310E-01	1.806611E-01
5.402021E+03	-1.675788E+01	1.310040E-01	1.806619E-01
5.402221E+03	-1.675765E+01	1.323373E-01	1.806628E-01
5.402421E+03	-1.675673E+01	1.324272E-01	1.806636E-01
5.402621E+03	-1.675643E+01	1.319270E-01	1.806644E-01
5.402821E+03	-1.675672E+01	1.319596E-01	1.806652E-01
5.403021E+03	-1.675660E+01	1.311445E-01	1.806660E-01
5.403221E+03	-1.675625E+01	1.309489E-01	1.806668E-01
5.403421E+03	-1.675657E+01	1.308369E-01	1.806676E-01
5.403621E+03	-1.675725E+01	1.309687E-01	1.806684E-01
5.403821E+03	-1.675770E+01	1.324650E-01	1.806693E-01
5.404021E+03	-1.675810E+01	1.347366E-01	1.806701E-01
5.404221E+03	-1.675828E+01	1.342811E-01	1.806709E-01
5.404421E+03	-1.675761E+01	1.324645E-01	1.806717E-01
5.404621E+03	-1.675701E+01	1.321742E-01	1.806725E-01
5.404821E+03	-1.675695E+01	1.322733E-01	1.806733E-01
5.405021E+03	-1.675682E+01	1.323165E-01	1.806741E-01
5.405221E+03	-1.675590E+01	1.320197E-01	1.806750E-01
5.405421E+03	-1.675460E+01	1.319188E-01	1.806758E-01
5.405621E+03	-1.675407E+01	1.317048E-01	1.806766E-01
5.405821E+03	-1.675343E+01	1.318267E-01	1.806774E-01
5.406021E+03	-1.675252E+01	1.315333E-01	1.806782E-01
5.406221E+03	-1.675202E+01	1.313501E-01	1.806790E-01
5.406421E+03	-1.675138E+01	1.312243E-01	1.806798E-01
5.406621E+03	-1.675086E+01	1.311086E-01	1.806806E-01
5.406822E+03	-1.675095E+01	1.311717E-01	1.806815E-01
5.407022E+03	-1.675061E+01	1.308779E-01	1.806823E-01
5.407222E+03	-1.675044E+01	1.308714E-01	1.806831E-01
5.407422E+03	-1.675102E+01	1.308933E-01	1.806839E-01
5.407622E+03	-1.675127E+01	1.320302E-01	1.806847E-01
5.407822E+03	-1.675113E+01	1.327482E-01	1.806855E-01
5.408022E+03	-1.675134E+01	1.328143E-01	1.806863E-01
5.408222E+03	-1.675141E+01	1.337818E-01	1.806871E-01
5.408422E+03	-1.675140E+01	1.339023E-01	1.806880E-01
5.408622E+03	-1.675079E+01	1.331037E-01	1.806888E-01
5.408822E+03	-1.674996E+01	1.327296E-01	1.806896E-01
5.409022E+03	-1.675018E+01	1.325378E-01	1.806904E-01
5.409222E+03	-1.675076E+01	1.330698E-01	1.806912E-01
5.409422E+03	-1.675047E+01	1.337591E-01	1.806920E-01
5.409622E+03	-1.674945E+01	1.344990E-01	1.806928E-01
5.409822E+03	-1.674838E+01	1.345423E-01	1.806936E-01
5.410021E+03	-1.674794E+01	1.334405E-01	1.806944E-01
5.410221E+03	-1.674757E+01	1.321766E-01	1.806953E-01
5.410422E+03	-1.674735E+01	1.321012E-01	1.806961E-01
5.410622E+03	-1.674743E+01	1.317165E-01	1.806969E-01
5.410822E+03	-1.674693E+01	1.319291E-01	1.806977E-01
5.411021E+03	-1.674633E+01	1.320017E-01	1.806985E-01
5.411221E+03	-1.674630E+01	1.317710E-01	1.806993E-01
5.411421E+03	-1.674672E+01	1.319560E-01	1.807001E-01
5.411621E+03	-1.674718E+01	1.321401E-01	1.807009E-01
5.411821E+03	-1.674695E+01	1.315763E-01	1.807017E-01
5.412021E+03	-1.674635E+01	1.309951E-01	1.807026E-01
5.412221E+03	-1.674561E+01	1.308810E-01	1.807034E-01
5.412421E+03	-1.674520E+01	1.308880E-01	1.807042E-01
5.412621E+03	-1.674554E+01	1.313732E-01	1.807050E-01
5.412821E+03	-1.674580E+01	1.313013E-01	1.807058E-01
5.413021E+03	-1.674597E+01	1.312443E-01	1.807066E-01
5.413221E+03	-1.674546E+01	1.307702E-01	1.807074E-01
5.413421E+03	-1.674467E+01	1.294757E-01	1.807082E-01
5.413622E+03	-1.674444E+01	1.296139E-01	1.807091E-01
5.413822E+03	-1.674392E+01	1.290403E-01	1.807099E-01
5.414022E+03	-1.674318E+01	1.287301E-01	1.807107E-01
5.414222E+03	-1.674290E+01	1.279721E-01	1.807115E-01
5.414422E+03	-1.674261E+01	1.280036E-01	1.807123E-01
5.414622E+03	-1.674190E+01	1.281030E-01	1.807131E-01
5.414822E+03	-1.674160E+01	1.283052E-01	1.807139E-01
5.415022E+03	-1.674161E+01	1.291896E-01	1.807147E-01
5.415222E+03	-1.674176E+01	1.291460E-01	1.807155E-01
5.415422E+03	-1.674224E+01	1.292933E-01	1.807164E-01
5.415622E+03	-1.674270E+01	1.291299E-01	1.807172E-01
5.415822E+03	-1.674311E+01	1.302181E-01	1.807180E-01
5.416022E+03	-1.674368E+01	1.303609E-01	1.807188E-01
5.416222E+03	-1.674409E+01	1.311061E-01	1.807196E-01
5.416422E+03	-1.674456E+01	1.316406E-01	1.807204E-01
5.416622E+03	-1.674503E+01	1.332208E-01	1.807212E-01
5.416822E+03	-1.674538E+01	1.342833E-01	1.807220E-01
5.417022E+03	-1.674596E+01	1.345153E-01	1.807228E-01
5.417222E+03	-1.674649E+01	1.345027E-01	1.807237E-01
5.417422E+03	-1.674655E+01	1.346690E-01	1.807245E-01
5.417622E+03	-1.674608E+01	1.345525E-01	1.807253E-01
5.417822E+03	-1.674527E+01	1.347653E-01	1.807261E-01
5.418022E+03	-1.674501E+01	1.350670E-01	1.807269E-01
5.418222E+03	-1.674519E+01	1.347228E-01	1.807277E-01
5.418422E+03	-1.674489E+01	1.332984E-01	1.807285E-01
5.418622E+03	-1.674441E+01	1.324559E-01	1.807293E-01
5.418822E+03	-1.674421E+01	1.340028E-01	1.807301E-01
5.419022E+03	-1.674378E+01	1.348571E-01	1.807310E-01
5.419222E+03	-1.674336E+01	1.346263E-01	1.807318E-01
5.419422E+03	-1.674384E+01	1.350016E-01	1.807326E-01
5.419622E+03	-1.674411E+01	1.348597E-01	1.807334E-01
5.419822E+03	-1.674408E+01	1.352809E-01	1.807342E-01
5.420022E+03	-1.674470E+01	1.364646E-01	1.807350E-01
5.420223E+03	-1.674520E+01	1.363307E-01	1.807358E-01
5.420423E+03	-1.674476E+01	1.363614E-01	1.807366E-01
5.420623E+03	-1.674444E+01	1.381858E-01	1.807374E-01
5.420823E+03	-1.674405E+01	1.383010E-01	1.807382E-01
5.421023E+03	-1.674346E+01	1.380517E-01	1.807391E-01
5.421223E+03	-1.674306E+01	1.380197E-01	1.807399E-01
5.421423E+03	-1.674317E+01	1.372154E-01	1.807407E-01
5.421623E+03	-1.674309E+01	1.376466E-01	1.807415E-01
5.421823E+03	-1.674314E+01	1.381141E-01	1.807423E-01
5.422023E+03	-1.674363E+01	1.375183E-01	1.807431E-01
5.422222E+03	-1.674411E+01	1.368505E-01	1.807439E-01
5.422422E+03	-1.674390E+01	1.363071E-01	1.807447E-01
5.422623E+03	-1.674395E+01	1.363754E-01	1.807455E-01
5.422823E+03	-1.674444E+01	1.370868E-01	1.807463E-01
5.423023E+03	-1.674440E+01	1.366915E-01	1.807472E-01
5.423222E+03	-1.674418E+01	1.364668E-01	1.807480E-01
5.423422E+03	-1.674435E+01	1.366009E-01	1.807488E-01
5.423622E+03	-1.674476E+01	1.372156E-01	1.807496E-01
5.423822E+03	-1.674494E+01	1.376028E-01	1.807504E-01
5.424022E+03	-1.674479E+01	1.376584E-01	1.807512E-01
5.424222E+03	-1.674473E+01	1.396860E-01	1.807520E-01
5.424422E+03	-1.674531E+01	1.400462E-01	1.807528E-01
5.424622E+03	-1.674576E+01	1.401895E-01	1.807536E-01
5.424822E+03	-1.674541E+01	1.398452E-01	1.807544E-01
5.425022E+03	-1.674471E+01	1.396285E-01	1.807553E-01
5.425222E+03	-1.674462E+01	1.405917E-01	1.807561E-01
5.425422E+03	-1.674526E+01	1.415651E-01	1.807569E-01
5.425622E+03	-1.674566E+01	1.413163E-01	1.807577E-01
5.425822E+03	-1.674561E+01	1.411286E-01	1.807585E-01
5.426022E+03	-1.674542E+01	1.408534E-01	1.807593E-01
5.426222E+03	-1.674508E+01	1.407395E-01	1.807601E-01
5.426422E+03	-1.674477E+01	1.410824E-01	1.807609E-01
5.426622E+03	-1.674448E+01	1.410051E-01	1.807617E-01
5.426822E+03	-1.674468E+01	1.408171E-01	1.807625E-01
5.427023E+03	-1.674519E+01	1.414399E-01	1.807634E-01
5.427223E+03	-1.674564E+01	1.417534E-01	1.807642E-01
5.427423E+03	-1.674620E+01	1.416679E-01	1.807650E-01
5.427623E+03	-1.674682E+01	1.417586E-01	1.807658E-01
5.427823E+03	-1.674730E+01	1.413583E-01	1.807666E-01
5.428023E+03	-1.674768E+01	1.412556E-01	1.807674E-01
5.428223E+03	-1.674809E+01	1.416544E-01	1.807682E-01
5.428423E+03	-1.674856E+01	1.418837E-01	1.807690E-01
5.428623E+03	-1.674932E+01	1.421535E-01	1.807698E-01
5.428823E+03	-1.675042E+01	1.425153E-01	1.807706E-01
5.429023E+03	-1.675164E+01	1.425750E-01	1.807714E-01
5.429223E+03	-1.675273E+01	1.424627E-01	1.807723E-01
5.429423E+03	-1.675371E+01	1.429419E-01	1.807731E-01
5.429623E+03	-1.675435E+01	1.429664E-01	1.807739E-01
5.429823E+03	-1.675430E+01	1.429212E-01	1.807747E-01
5.430023E+03	-1.675353E+01	1.427073E-01	1.807755E-01
5.430223E+03	-1.675276E+01	1.425016E-01	1.807763E-01
5.430423E+03	-1.675285E+01	1.421924E-01	1.807771E-01
5.430623E+03	-1.675340E+01	1.425586E-01	1.807779E-01
5.430823E+03	-1.675395E+01	1.428201E-01	1.807787E-01
5.431023E+03	-1.675410E+01	1.429387E-01	1.807795E-01
5.431223E+03	-1.675353E+01	1.433484E-01	1.807803E-01
5.431423E+03	-1.675331E+01	1.429842E-01	1.807811E-01
5.431623E+03	-1.675452E+01	1.434267E-01	1.807820E-01
5.431823E+03	-1.675597E+01	1.435967E-01	1.807828E-01
5.432023E+03	-1.675717E+01	1.427706E-01	1.807836E-01
5.432223E+03	-1.675851E+01	1.428362E-01	1.807844E-01
5.432423E+03	-1.675940E+01	1.434453E-01	1.807852E-01
5.432623E+03	-1.675955E+01	1.435687E-01	1.807860E-01
5.432823E+03	-1.675950E+01	1.427675E-01	1.807868E-01
5.433023E+03	-1.675944E+01	1.415842E-01	1.807876E-01
5.433223E+03	-1.675909E+01	1.427372E-01	1.807884E-01
5.433423E+03	-1.675884E+01	1.435234E-01	1.807892E-01
5.433624E+03	-1.675924E+01	1.437162E-01	1.807900E-01
5.433824E+03	-1.675994E+01	1.439703E-01	1.807909E-01
5.434024E+03	-1.676072E+01	1.447403E-01	1.807917E-01
5.434224E+03	-1.676151E+01	1.454194E-01	1.807925E-01
5.434423E+03	-1.676202E+01	1.456432E-01	1.807933E-01
5.434623E+03	-1.676200E+01	1.459170E-01	1.807941E-01
5.434824E+03	-1.676208E+01	1.459726E-01	1.807949E-01
5.435024E+03	-1.676249E+01	1.464187E-01	1.807957E-01
5.435224E+03	-1.676276E+01	1.467726E-01	1.807966E-01
5.435423E+03	-1.676273E+01	1.474813E-01	1.807975E-01
5.435623E+03	-1.676259E+01	1.473788E-01	1.807983E-01
5.435823E+03	-1.676282E+01	1.469070E-01	1.807992E-01
5.436023E+03	-1.676350E+01	1.473179E-01	1.808001E-01
5.436223E+03	-1.676365E+01	1.472153E-01	1.808010E-01
5.436423E+03	-1.676335E+01	1.456598E-01	1.808018E-01
5.436623E+03	-1.676314E+01	1.447957E-01	1.808027E-01
5.436823E+03	-1.676237E+01	1.449650E-01	1.808036E-01
5.437023E+03	-1.676167E+01	1.447341E-01	1.808045E-01
5.437223E+03	-1.676147E+01	1.433652E-01	1.808053E-01
5.437423E+03	-1.676163E+01	1.421735E-01	1.808062E-01
5.437623E+03	-1.676201E+01	1.423989E-01	1.808071E-01
5.437823E+03	-1.676225E+01	1.421036E-01	1.808080E-01
5.438023E+03	-1.676247E+01	1.422500E-01	1.808088E-01
5.438223E+03	-1.676334E+01	1.411618E-01	1.808097E-01
5.438423E+03	-1.676409E+01	1.406625E-01	1.808106E-01
5.438623E+03	-1.676392E+01	1.435103E-01	1.808114E-01
5.438823E+03	-1.676325E+01	1.438453E-01	1.808123E-01
5.439023E+03	-1.676254E+01	1.438330E-01	1.808132E-01
5.439223E+03	-1.676221E+01	1.437490E-01	1.808141E-01
5.439423E+03	-1.676250E+01	1.433741E-01	1.808149E-01
5.439623E+03	-1.676309E+01	1.417052E-01	1.808158E-01
5.439823E+03	-1.676361E+01	1.419609E-01	1.808167E-01
5.440023E+03	-1.676394E+01	1.429260E-01	1.808176E-01
5.440223E+03	-1.676355E+01	1.429215E-01	1.808184E-01
5.440424E+03	-1.676234E+01	1.425586E-01	1.808193E-01
5.440624E+03	-1.676096E+01	1.423877E-01	1.808202E-01
5.440824E+03	-1.676009E+01	1.420601E-01	1.808211E-01
5.441024E+03	-1.676039E+01	1.421778E-01	1.808219E-01
5.441224E+03	-1.676105E+01	1.436029E-01	1.808228E-01
5.441424E+03	-1.676173E+01	1.426571E-01	1.808237E-01
5.441624E+03	-1.676248E+01	1.412612E-01	1.808246E-01
5.441824E+03	-1.676283E+01	1.407868E-01	1.808254E-01
5.442024E+03	-1.676300E+01	1.408562E-01	1.808263E-01
5.442224E+03	-1.676303E+01	1.409176E-01	1.808272E-01
5.442424E+03	-1.676234E+01	1.412807E-01	1.808281E-01
5.442624E+03	-1.676133E+01	1.410493E-01	1.808289E-01
5.442824E+03	-1.676130E+01	1.409988E-01	1.808298E-01
5.443024E+03	-1.676188E+01	1.412383E-01	1.808307E-01
5.443224E+03	-1.676230E+01	1.403159E-01	1.808315E-01
5.443424E+03	-1.676241E+01	1.390028E-01	1.808324E-01
5.443624E+03	-1.676246E+01	1.388266E-01	1.808333E-01
5.443824E+03	-1.676270E+01	1.387939E-01	1.808342E-01
5.444024E+03	-1.676263E+01	1.390938E-01	1.808350E-01
5.444224E+03	-1.676225E+01	1.388493E-01	1.808359E-01
5.444424E+03	-1.676175E+01	1.402200E-01	1.808368E-01
5.444624E+03	-1.676133E+01	1.405531E-01	1.808377E-01
5.444824E+03	-1.676133E+01	1.405777E-01	1.808385E-01
5.445024E+03	-1.676126E+01	1.406074E-01	1.808394E-01
5.445224E+03	-1.676104E+01	1.404376E-01	1.808403E-01
5.445424E+03	-1.676132E+01	1.426083E-01	1.808411E-01
5.445624E+03	-1.676181E+01	1.437007E-01	1.808420E-01
5.445824E+03	-1.676142E+01	1.435941E-01	1.808429E-01
5.446024E+03	-1.676049E+01	1.432778E-01	1.808438E-01
5.446224E+03	-1.676054E+01	1.437053E-01	1.808446E-01
5.446424E+03	-1.676109E+01	1.439297E-01	1.808455E-01
5.446623E+03	-1.676072E+01	1.437049E-01	1.808464E-01
5.446824E+03	-1.676045E+01	1.437638E-01	1.808473E-01
5.447025E+03	-1.676031E+01	1.426914E-01	1.808481E-01
5.447225E+03	-1.675938E+01	1.433336E-01	1.808490E-01
5.447425E+03	-1.675832E+01	1.437489E-01	1.808499E-01
5.447624E+03	-1.675795E+01	1.427118E-01	1.808507E-01
5.447824E+03	-1.675765E+01	1.425076E-01	1.808516E-01
5.448024E+03	-1.675754E+01	1.426147E-01	1.808525E-01
5.448224E+03	-1.675789E+01	1.426587E-01	1.808534E-01
5.448424E+03	-1.675805E+01	1.426487E-01	1.808542E-01
5.448624E+03	-1.675762E+01	1.426280E-01	1.808551E-01
5.448824E+03	-1.675687E+01	1.415827E-01	1.808560E-01
5.449024E+03	-1.675678E+01	1.406501E-01	1.808569E-01
5.449224E+03	-1.675809E+01	1.412170E-01	1.808577E-01
5.449424E+03	-1.675891E+01	1.414118E-01	1.808586E-01
5.449624E+03	-1.675910E+01	1.414134E-01	1.808595E-01
5.449824E+03	-1.675889E+01	1.415831E-01	1.808603E-01
5.450024E+03	-1.675863E+01	1.424902E-01	1.808612E-01
5.450224E+03	-1.675834E+01	1.421515E-01	1.808621E-01
5.450424E+03	-1.675820E+01	1.415562E-01	1.808630E-01
5.450624E+03	-1.675836E+01	1.415778E-01	1.808638E-01
5.450824E+03	-1.675897E+01	1.417230E-01	1.808647E-01
5.451024E+03	-1.675976E+01	1.417863E-01	1.808656E-01
5.451224E+03	-1.676001E+01	1.417785E-01	1.808664E-01
5.451424E+03	-1.676059E+01	1.418788E-01	1.808673E-01
5.451624E+03	-1.676123E+01	1.418622E-01	1.808682E-01
5.451824E+03	-1.676102E+01	1.415751E-01	1.808691E-01
5.452024E+03	-1.676072E+01	1.410711E-01	1.808699E-01
5.452224E+03	-1.676051E+01	1.406603E-01	1.808708E-01
5.452424E+03	-1.676058E+01	1.406596E-01	1.808717E-01
5.452624E+03	-1.676131E+01	1.407848E-01	1.808725E-01
5.452824E+03	-1.676188E+01	1.411796E-01	1.808734E-01
5.453024E+03	-1.676206E+01	1.409980E-01	1.808743E-01
5.453224E+03	-1.676215E+01	1.410681E-01	1.808752E-01
5.453424E+03	-1.676220E+01	1.409645E-01	1.808760E-01
5.453624E+03	-1.676220E+01	1.409613E-01	1.808769E-01
5.453825E+03	-1.676165E+01	1.408847E-01	1.808778E-01
5.454025E+03	-1.676100E+01	1.405712E-01	1.808787E-01
5.454225E+03	-1.676104E+01	1.408211E-01	1.808795E-01
5.454425E+03	-1.676149E+01	1.403451E-01	1.808804E-01
5.454625E+03	-1.676164E+01	1.402775E-01	1.808813E-01
5.454825E+03	-1.676172E+01	1.408487E-01	1.808821E-01
5.455025E+03	-1.676181E+01	1.408987E-01	1.808830E-01
5.455225E+03	-1.676133E+01	1.415880E-01	1.808839E-01
5.455425E+03	-1.676077E+01	1.414003E-01	1.808848E-01
5.455625E+03	-1.676048E+01	1.406728E-01	1.808856E-01
5.455825E+03	-1.676004E+01	1.419773E-01	1.808865E-01
5.456025E+03	-1.675982E+01	1.400865E-01	1.808874E-01
5.456225E+03	-1.676026E+01	1.397017E-01	1.808882E-01
5.456425E+03	-1.676080E+01	1.398703E-01	1.808891E-01
5.456625E+03	-1.676097E+01	1.399529E-01	1.808900E-01
5.456825E+03	-1.676169E+01	1.399403E-01	1.808908E-01
5.457025E+03	-1.676295E+01	1.402870E-01	1.808917E-01
5.457225E+03	-1.676358E+01	1.400320E-01	1.808926E-01
5.457425E+03	-1.676376E+01	1.397549E-01	1.808935E-01
5.457625E+03	-1.676342E+01	1.397095E-01	1.808943E-01
5.457825E+03	-1.676294E+01	1.395423E-01	1.808952E-01
5.458025E+03	-1.676280E+01	1.394869E-01	1.808961E-01
5.458225E+03	-1.676261E+01	1.376341E-01	1.808969E-01
5.458425E+03	-1.676221E+01	1.363939E-01	1.808978E-01
5.458625E+03	-1.676175E+01	1.359921E-01	1.808987E-01
5.458825E+03	-1.676195E+01	1.369141E-01	1.808996E-01
5.459025E+03	-1.676273E+01	1.375706E-01	1.809004E-01
5.459225E+03	-1.676327E+01	1.371250E-01	1.809013E-01
5.459425E+03	-1.676397E+01	1.357167E-01	1.809022E-01
5.459624E+03	-1.676496E+01	1.378464E-01	1.809030E-01
5.459824E+03	-1.676521E+01	1.404744E-01	1.809039E-01
5.460025E+03	-1.676481E+01	1.379122E-01	1.809048E-01
5.460224E+03	-1.676440E+01	1.376479E-01	1.809056E-01
5.460425E+03	-1.676356E+01	1.372463E-01	1.809065E-01
5.460625E+03	-1.676254E+01	1.365599E-01	1.809074E-01
5.460825E+03	-1.676187E+01	1.357787E-01	1.809083E-01
5.461025E+03	-1.676181E+01	1.358415E-01	1.809091E-01
5.461225E+03	-1.676202E+01	1.353971E-01	1.809100E-01
5.461425E+03	-1.676223E+01	1.349340E-01	1.809109E-01
5.461625E+03	-1.676236E+01	1.359549E-01	1.809117E-01
5.461825E+03	-1.676241E+01	1.366053E-01	1.809126E-01
5.462025E+03	-1.676264E+01	1.365702E-01	1.809135E-01
5.462225E+03	-1.676266E+01	1.358979E-01	1.809144E-01
5.462425E+03	-1.676217E+01	1.356985E-01	1.809152E-01
5.462625E+03	-1.676203E+01	1.357138E-01	1.809161E-01
5.462825E+03	-1.676215E+01	1.362132E-01	1.809170E-01
5.463025E+03	-1.676245E+01	1.375579E-01	1.809178E-01
5.463225E+03	-1.676348E+01	1.377368E-01	1.809187E-01
5.463425E+03	-1.676389E+01	1.380656E-01	1.809196E-01
5.463625E+03	-1.676324E+01	1.362516E-01	1.809204E-01
5.463825E+03	-1.676275E+01	1.360347E-01	1.809213E-01
5.464025E+03	-1.676358E+01	1.362450E-01	1.809222E-01
5.464225E+03	-1.676399E+01	1.375646E-01	1.809231E-01
5.464425E+03	-1.676363E+01	1.382472E-01	1.809239E-01
5.464625E+03	-1.676321E+01	1.374512E-01	1.809248E-01
5.464825E+03	-1.676304E+01	1.385366E-01	1.809257E-01
5.465025E+03	-1.676250E+01	1.384211E-01	1.809265E-01
5.465225E+03	-1.676189E+01	1.382624E-01	1.809274E-01
5.465425E+03	-1.676167E+01	1.393572E-01	1.809283E-01
5.465625E+03	-1.676153E+01	1.396619E-01	1.809291E-01
5.465825E+03	-1.676126E+01	1.392810E-01	1.809300E-01
5.466025E+03	-1.676110E+01	1.397420E-01	1.809309E-01
5.466225E+03	-1.676055E+01	1.396044E-01	1.809317E-01
5.466425E+03	-1.675920E+01	1.380455E-01	1.809326E-01
5.466625E+03	-1.675866E+01	1.374294E-01	1.809335E-01
5.466825E+03	-1.675888E+01	1.376884E-01	1.809344E-01
5.467026E+03	-1.675894E+01	1.374872E-01	1.809352E-01
5.467226E+03	-1.675878E+01	1.375817E-01	1.809361E-01
5.467426E+03	-1.675903E+01	1.373925E-01	1.809370E-01
5.467626E+03	-1.675912E+01	1.372243E-01	1.809378E-01
5.467826E+03	-1.675882E+01	1.372006E-01	1.809387E-01
5.468026E+03	-1.675858E+01	1.374474E-01	1.809396E-01
5.468226E+03	-1.675855E+01	1.393058E-01	1.809404E-01
5.468426E+03	-1.675875E+01	1.394758E-01	1.809413E-01
5.468626E+03	-1.675917E+01	1.406892E-01	1.809422E-01
5.468826E+03	-1.675920E+01	1.404779E-01	1.809431E-01
5.469026E+03	-1.675953E+01	1.415028E-01	1.809439E-01
5.469226E+03	-1.675993E+01	1.426806E-01	1.809448E-01
5.469426E+03	-1.675932E+01	1.425657E-01	1.809457E-01
5.469626E+03	-1.675872E+01	1.428391E-01	1.809465E-01
5.469826E+03	-1.675881E+01	1.431502E-01	1.809474E-01
5.470026E+03	-1.675916E+01	1.430128E-01	1.809483E-01
5.470226E+03	-1.675862E+01	1.427525E-01	1.809491E-01
5.470426E+03	-1.675699E+01	1.422048E-01	1.809500E-01
5.470626E+03	-1.675527E+01	1.412331E-01	1.809509E-01
5.470826E+03	-1.675463E+01	1.414713E-01	1.809517E-01
5.471026E+03	-1.675506E+01	1.413528E-01	1.809526E-01
5.471225E+03	-1.675588E+01	1.418471E-01	1.809535E-01
5.471426E+03	-1.675642E+01	1.421747E-01	1.809543E-01
5.471626E+03	-1.675685E+01	1.431681E-01	1.809552E-01
5.471825E+03	-1.675729E+01	1.437038E-01	1.809561E-01
5.472025E+03	-1.675769E+01	1.438355E-01	1.809569E-01
5.472225E+03	-1.675813E+01	1.439808E-01	1.809578E-01
5.472425E+03	-1.675843E+01	1.440352E-01	1.809587E-01
5.472625E+03	-1.675921E+01	1.431013E-01	1.809596E-01
5.472825E+03	-1.675979E+01	1.435936E-01	1.809604E-01
5.473025E+03	-1.675903E+01	1.434519E-01	1.809613E-01
5.473225E+03	-1.675773E+01	1.440868E-01	1.809622E-01
5.473425E+03	-1.675709E+01	1.456747E-01	1.809630E-01
5.473625E+03	-1.675706E+01	1.451893E-01	1.809639E-01
5.473826E+03	-1.675676E+01	1.449579E-01	1.809648E-01
5.474026E+03	-1.675639E+01	1.444656E-01	1.809656E-01
5.474226E+03	-1.675607E+01	1.446252E-01	1.809665E-01
5.474426E+03	-1.675486E+01	1.438263E-01	1.809674E-01
5.474626E+03	-1.675338E+01	1.436591E-01	1.809682E-01
5.474826E+03	-1.675279E+01	1.428712E-01	1.809691E-01
5.475026E+03	-1.675322E+01	1.425208E-01	1.809700E-01
5.475226E+03	-1.675397E+01	1.428025E-01	1.809708E-01
5.475426E+03	-1.675410E+01	1.436345E-01	1.809717E-01
5.475626E+03	-1.675303E+01	1.436659E-01	1.809726E-01
5.475826E+03	-1.675121E+01	1.431121E-01	1.809735E-01
5.476026E+03	-1.674970E+01	1.431043E-01	1.809743E-01
5.476226E+03	-1.674880E+01	1.433511E-01	1.809752E-01
5.476426E+03	-1.674797E+01	1.432093E-01	1.809761E-01
5.476626E+03	-1.674733E+01	1.430301E-01	1.809769E-01
5.476826E+03	-1.674665E+01	1.433507E-01	1.809778E-01
5.477026E+03	-1.674646E+01	1.452073E-01	1.809787E-01
5.477226E+03	-1.674668E+01	1.460587E-01	1.809795E-01
5.477426E+03	-1.674624E+01	1.458957E-01	1.809804E-01
5.477626E+03	-1.674566E+01	1.458408E-01	1.809813E-01
5.477826E+03	-1.674579E+01	1.465038E-01	1.809821E-01
5.478026E+03	-1.674629E+01	1.472821E-01	1.809830E-01
5.478226E+03	-1.674650E+01	1.475462E-01	1.809839E-01
5.478426E+03	-1.674636E+01	1.472439E-01	1.809847E-01
5.478626E+03	-1.674600E+01	1.471440E-01	1.809856E-01
5.478826E+03	-1.674651E+01	1.478344E-01	1.809865E-01
5.479026E+03	-1.674739E+01	1.481263E-01	1.809873E-01
5.479226E+03	-1.674770E+01	1.481793E-01	1.809882E-01
5.479426E+03	-1.674771E+01	1.480930E-01	1.809891E-01
5.479626E+03	-1.674740E+01	1.495846E-01	1.809899E-01
5.479826E+03	-1.674726E+01	1.495250E-01	1.809908E-01
5.480026E+03	-1.674762E+01	1.496169E-01	1.809917E-01
5.480226E+03	-1.674807E+01	1.501330E-01	1.809925E-01
5.480427E+03	-1.674791E+01	1.511070E-01	1.809934E-01
5.480627E+03	-1.674759E+01	1.504383E-01	1.809943E-01
5.480827E+03	-1.674769E+01	1.504158E-01	1.809951E-01
5.481027E+03	-1.674765E+01	1.504511E-01	1.809960E-01
5.481227E+03	-1.674770E+01	1.504548E-01	1.809969E-01
5.481427E+03	-1.674836E+01	1.510852E-01	1.809977E-01
5.481627E+03	-1.674872E+01	1.515337E-01	1.809986E-01
5.481827E+03	-1.674883E+01	1.513534E-01	1.809995E-01
5.482027E+03	-1.674925E+01	1.514750E-01	1.810003E-01
5.482227E+03	-1.674991E+01	1.518743E-01	1.810012E-01
5.482427E+03	-1.674984E+01	1.522069E-01	1.810021E-01
5.482627E+03	-1.674955E+01	1.532875E-01	1.810029E-01
5.482827E+03	-1.674978E+01	1.529823E-01	1.810038E-01
5.483027E+03	-1.675000E+01	1.530360E-01	1.810047E-01
5.483227E+03	-1.675009E+01	1.530677E-01	1.810055E-01
5.483427E+03	-1.675016E+01	1.528085E-01	1.810064E-01
5.483627E+03	-1.675002E+01	1.526757E-01	1.810073E-01
5.483827E+03	-1.674965E+01	1.512104E-01	1.810081E-01
5.484026E+03	-1.674910E+01	1.505733E-01	1.810090E-01
5.484226E+03	-1.674898E+01	1.511139E-01	1.810099E-01
5.484426E+03	-1.674925E+01	1.524359E-01	1.810107E-01
5.484627E+03	-1.674867E+01	1.521705E-01	1.810116E-01
5.484826E+03	-1.674807E+01	1.503256E-01	1.810125E-01
5.485026E+03	-1.674835E+01	1.496000E-01	1.810133E-01
5.485226E+03	-1.674899E+01	1.500447E-01	1.810142E-01
5.485426E+03	-1.674906E+01	1.512988E-01	1.810151E-01
5.485626E+03	-1.674842E+01	1.523320E-01	1.810159E-01
5.485826E+03	-1.674792E+01	1.524141E-01	1.810168E-01
5.486026E+03	-1.674786E+01	1.524623E-01	1.810177E-01
5.486226E+03	-1.674829E+01	1.524699E-01	1.810185E-01
5.486426E+03	-1.674853E+01	1.525532E-01	1.810194E-01
5.486626E+03	-1.674833E+01	1.509389E-01	1.810203E-01
5.486826E+03	-1.674831E+01	1.503079E-01	1.810211E-01
5.487026E+03	-1.674869E+01	1.503606E-01	1.810220E-01
5.487227E+03	-1.674887E+01	1.503330E-01	1.810229E-01
5.487427E+03	-1.674885E+01	1.501417E-01	1.810237E-01
5.487627E+03	-1.674890E+01	1.498063E-01	1.810246E-01
5.487827E+03	-1.674836E+01	1.497403E-01	1.810255E-01
5.488027E+03	-1.674781E+01	1.490950E-01	1.810263E-01
5.488227E+03	-1.674808E+01	1.494152E-01	1.810272E-01
5.488427E+03	-1.674810E+01	1.500489E-01	1.810281E-01
5.488627E+03	-1.674707E+01	1.519294E-01	1.810289E-01
5.488827E+03	-1.674617E+01	1.544552E-01	1.810298E-01
5.489027E+03	-1.674591E+01	1.552872E-01	1.810307E-01
5.489227E+03	-1.674528E+01	1.550277E-01	1.810315E-01
5.489427E+03	-1.674477E+01	1.555023E-01	1.810324E-01
5.489627E+03	-1.674515E+01	1.566340E-01	1.810333E-01
5.489827E+03	-1.674504E+01	1.571135E-01	1.810341E-01
5.490027E+03	-1.674467E+01	1.569730E-01	1.810350E-01
5.490227E+03	-1.674466E+01	1.575287E-01	1.810359E-01
5.490427E+03	-1.674446E+01	1.574580E-01	1.810367E-01
5.490627E+03	-1.674420E+01	1.594269E-01	1.810376E-01
5.490827E+03	-1.674391E+01	1.597508E-01	1.810385E-01
5.491027E+03	-1.674360E+01	1.612140E-01	1.810393E-01
5.491227E+03	-1.674284E+01	1.631348E-01	1.810402E-01
5.491427E+03	-1.674179E+01	1.642764E-01	1.810411E-01
5.491627E+03	-1.674127E+01	1.662913E-01	1.810419E-01
5.491827E+03	-1.674171E+01	1.677556E-01	1.810428E-01
5.492027E+03	-1.674249E+01	1.684266E-01	1.810437E-01
5.492227E+03	-1.674335E+01	1.687672E-01	1.810445E-01
5.492427E+03	-1.674387E+01	1.690200E-01	1.810454E-01
5.492627E+03	-1.674411E+01	1.699541E-01	1.810463E-01
5.492827E+03	-1.674442E+01	1.704790E-01	1.810471E-01
5.493027E+03	-1.674475E+01	1.707171E-01	1.810480E-01
5.493227E+03	-1.674444E+01	1.716452E-01	1.810488E-01
5.493427E+03	-1.674383E+01	1.719509E-01	1.810497E-01
5.493627E+03	-1.674371E+01	1.716708E-01	1.810506E-01
5.493828E+03	-1.674361E+01	1.713738E-01	1.810514E-01
5.494028E+03	-1.674366E+01	1.714655E-01	1.810523E-01
5.494228E+03	-1.674377E+01	1.711240E-01	1.810532E-01
5.494428E+03	-1.674392E+01	1.712588E-01	1.810540E-01
5.494628E+03	-1.674417E+01	1.699314E-01	1.810549E-01
5.494828E+03	-1.674370E+01	1.705844E-01	1.810558E-01
5.495028E+03	-1.674267E+01	1.706245E-01	1.810566E-01
5.495228E+03	-1.674154E+01	1.683524E-01	1.810575E-01
5.495428E+03	-1.674092E+01	1.686047E-01	1.810584E-01
5.495628E+03	-1.674029E+01	1.679787E-01	1.810592E-01
5.495828E+03	-1.673925E+01	1.678312E-01	1.810601E-01
5.496028E+03	-1.673847E+01	1.676746E-01	1.810610E-01
5.496227E+03	-1.673809E+01	1.681423E-01	1.810618E-01
5.496427E+03	-1.673754E+01	1.689725E-01	1.810627E-01
5.496627E+03	-1.673683E+01	1.688286E-01	1.810636E-01
5.496828E+03	-1.673612E+01	1.685808E-01	1.810644E-01
5.497027E+03	-1.673594E+01	1.687377E-01	1.810653E-01
5.497227E+03	-1.673632E+01	1.689718E-01	1.810661E-01
5.497427E+03	-1.673635E+01	1.690028E-01	1.810670E-01
5.497627E+03	-1.673577E+01	1.703611E-01	1.810679E-01
5.497827E+03	-1.673528E+01	1.709475E-01	1.810687E-01
5.498027E+03	-1.673590E+01	1.712949E-01	1.810696E-01
5.498227E+03	-1.673674E+01	1.717869E-01	1.810705E-01
5.498427E+03	-1.673759E+01	1.728552E-01	1.810713E-01
5.498627E+03	-1.673770E+01	1.730314E-01	1.810722E-01
5.498827E+03	-1.673657E+01	1.729739E-01	1.810731E-01
5.499027E+03	-1.673506E+01	1.723160E-01	1.810739E-01
5.499227E+03	-1.673423E+01	1.712834E-01	1.810748E-01
5.499427E+03	-1.673371E+01	1.721775E-01	1.810757E-01
5.499627E+03	-1.673341E+01	1.718241E-01	1.810765E-01
5.499827E+03	-1.673328E+01	1.728922E-01	1.810774E-01
5.500027E+03	-1.673246E+01	1.741535E-01	1.810782E-01
5.500227E+03	-1.673129E+01	1.736747E-01	1.810791E-01
5.500428E+03	-1.673078E+01	1.737136E-01	1.810800E-01
5.500628E+03	-1.673077E+01	1.755056E-01	1.810808E-01
5.500828E+03	-1.673013E+01	1.775282E-01	1.810817E-01
5.501028E+03	-1.672927E+01	1.780175E-01	1.810826E-01
5.501228E+03	-1.672867E+01	1.773701E-01	1.810834E-01
5.501428E+03	-1.672888E+01	1.775131E-01	1.810843E-01
5.501628E+03	-1.672961E+01	1.777681E-01	1.810852E-01
5.501828E+03	-1.673013E+01	1.788842E-01	1.810860E-01
5.502028E+03	-1.673000E+01	1.799294E-01	1.810869E-01
5.502228E+03	-1.672901E+01	1.792605E-01	1.810878E-01
5.502428E+03	-1.672858E+01	1.796440E-01	1.810886E-01
5.502628E+03	-1.672909E+01	1.801734E-01	1.810895E-01
5.502828E+03	-1.672973E+01	1.802300E-01	1.810903E-01
5.503028E+03	-1.672978E+01	1.799178E-01	1.810912E-01
5.503228E+03	-1.672930E+01	1.799923E-01	1.810921E-01
5.503428E+03	-1.672819E+01	1.796687E-01	1.810929E-01
5.503628E+03	-1.672734E+01	1.784717E-01	1.810938E-01
5.503828E+03	-1.672729E+01	1.780748E-01	1.810947E-01
5.504028E+03	-1.672674E+01	1.778564E-01	1.810955E-01
5.504228E+03	-1.672593E+01	1.763527E-01	1.810964E-01
5.504428E+03	-1.672567E+01	1.763045E-01	1.810973E-01
5.504628E+03	-1.672538E+01	1.761753E-01	1.810981E-01
5.504828E+03	-1.672461E+01	1.751795E-01	1.810990E-01
5.505028E+03	-1.672398E+01	1.746655E-01	1.810998E-01
5.505228E+03	-1.672389E+01	1.747204E-01	1.811007E-01
5.505428E+03	-1.672419E+01	1.746194E-01	1.811016E-01
5.505628E+03	-1.672406E+01	1.752750E-01	1.811024E-01
5.505828E+03	-1.672325E+01	1.769490E-01	1.811033E-01
5.506028E+03	-1.672203E+01	1.764977E-01	1.811042E-01
5.506228E+03	-1.672136E+01	1.760686E-01	1.811050E-01
5.506428E+03	-1.672237E+01	1.766474E-01	1.811059E-01
5.506628E+03	-1.672363E+01	1.786597E-01	1.811067E-01
5.506828E+03	-1.672384E+01	1.803709E-01	1.811076E-01
5.507028E+03	-1.672333E+01	1.809462E-01	1.811085E-01
5.507229E+03	-1.672249E+01	1.811598E-01	1.811093E-01
5.507429E+03	-1.672101E+01	1.808657E-01	1.811102E-01
5.507629E+03	-1.671967E+01	1.793607E-01	1.811111E-01
5.507829E+03	-1.671950E+01	1.796516E-01	1.811119E-01
5.508029E+03	-1.671988E+01	1.794263E-01	1.811128E-01
5.508229E+03	-1.672038E+01	1.821225E-01	1.811137E-01
5.508428E+03	-1.672080E+01	1.818787E-01	1.811145E-01
5.508628E+03	-1.672084E+01	1.833160E-01	1.811154E-01
5.508828E+03	-1.672067E+01	1.831108E-01	1.811162E-01
5.509029E+03	-1.672050E+01	1.836528E-01	1.811171E-01
5.509229E+03	-1.672038E+01	1.846443E-01	1.811180E-01
5.509428E+03	-1.672033E+01	1.850125E-01	1.811188E-01
5.509628E+03	-1.672021E+01	1.851016E-01	1.811197E-01
5.509828E+03	-1.671991E+01	1.849975E-01	1.811206E-01
5.510028E+03	-1.671953E+01	1.847573E-01	1.811214E-01
5.510228E+03	-1.671912E+01	1.844580E-01	1.811223E-01
5.510428E+03	-1.671865E+01	1.842921E-01	1.811231E-01
5.510628E+03	-1.671836E+01	1.841345E-01	1.811240E-01
5.510828E+03	-1.671832E+01	1.842463E-01	1.811249E-01
5.511028E+03	-1.671828E+01	1.837818E-01	1.811257E-01
5.511228E+03	-1.671811E+01	1.832979E-01	1.811266E-01
5.511428E+03	-1.671727E+01	1.830044E-01	1.811275E-01
5.511628E+03	-1.671586E+01	1.824178E-01	1.811283E-01
5.511828E+03	-1.671457E+01	1.818248E-01	1.811292E-01
5.512028E+03	-1.671428E+01	1.817409E-01	1.811300E-01
5.512228E+03	-1.671440E+01	1.811429E-01	1.811309E-01
5.512428E+03	-1.671420E+01	1.810608E-01	1.811318E-01
5.512628E+03	-1.671440E+01	1.804931E-01	1.811326E-01
5.512828E+03	-1.671502E+01	1.790978E-01	1.811335E-01
5.513028E+03	-1.671523E+01	1.790299E-01	1.811344E-01
5.513228E+03	-1.671477E+01	1.788420E-01	1.811352E-01
5.513428E+03	-1.671415E+01	1.787519E-01	1.811361E-01
5.513628E+03	-1.671398E+01	1.786053E-01	1.811369E-01
5.513829E+03	-1.671427E+01	1.798375E-01	1.811378E-01
5.514029E+03	-1.671477E+01	1.799604E-01	1.811387E-01
5.514229E+03	-1.671547E+01	1.802112E-01	1.811395E-01
5.514429E+03	-1.671535E+01	1.801015E-01	1.811404E-01
5.514629E+03	-1.671419E+01	1.791744E-01	1.811413E-01
5.514829E+03	-1.671386E+01	1.785585E-01	1.811421E-01
5.515029E+03	-1.671489E+01	1.797758E-01	1.811430E-01
5.515229E+03	-1.671622E+01	1.811119E-01	1.811438E-01
5.515429E+03	-1.671676E+01	1.810837E-01	1.811447E-01
5.515629E+03	-1.671638E+01	1.801127E-01	1.811456E-01
5.515829E+03	-1.671572E+01	1.793473E-01	1.811464E-01
5.516029E+03	-1.671530E+01	1.791470E-01	1.811473E-01
5.516229E+03	-1.671538E+01	1.794177E-01	1.811481E-01
5.516429E+03	-1.671567E+01	1.795335E-01	1.811490E-01
5.516629E+03	-1.671555E+01	1.792164E-01	1.811499E-01
5.516829E+03	-1.671550E+01	1.793197E-01	1.811507E-01
5.517029E+03	-1.671579E+01	1.803948E-01	1.811516E-01
5.517229E+03	-1.671575E+01	1.801700E-01	1.811525E-01
5.517429E+03	-1.671600E+01	1.781754E-01	1.811533E-01
5.517629E+03	-1.671733E+01	1.779683E-01	1.811542E-01
5.517829E+03	-1.671862E+01	1.782318E-01	1.811550E-01
5.518029E+03	-1.671795E+01	1.778658E-01	1.811559E-01
5.518229E+03	-1.671620E+01	1.774377E-01	1.811568E-01
5.518429E+03	-1.671492E+01	1.784130E-01	1.811576E-01
5.518629E+03	-1.671487E+01	1.786197E-01	1.811585E-01
5.518829E+03	-1.671562E+01	1.795123E-01	1.811593E-01
5.519029E+03	-1.671641E+01	1.794646E-01	1.811602E-01
5.519229E+03	-1.671732E+01	1.798393E-01	1.811611E-01
5.519429E+03	-1.671828E+01	1.801744E-01	1.811619E-01
5.519629E+03	-1.671832E+01	1.799954E-01	1.811628E-01
5.519829E+03	-1.671761E+01	1.800435E-01	1.811636E-01
5.520029E+03	-1.671678E+01	1.820458E-01	1.811645E-01
5.520229E+03	-1.671561E+01	1.828661E-01	1.811654E-01
5.520428E+03	-1.671516E+01	1.827404E-01	1.811662E-01
5.520630E+03	-1.671553E+01	1.828933E-01	1.811671E-01
5.520829E+03	-1.671557E+01	1.827075E-01	1.811680E-01
5.521029E+03	-1.671536E+01	1.825249E-01	1.811688E-01
5.521230E+03	-1.671557E+01	1.823755E-01	1.811697E-01
5.521430E+03	-1.671615E+01	1.826572E-01	1.811705E-01
5.521630E+03	-1.671681E+01	1.828582E-01	1.811714E-01
5.521829E+03	-1.671706E+01	1.826470E-01	1.811723E-01
5.522029E+03	-1.671727E+01	1.820304E-01	1.811731E-01
5.522229E+03	-1.671723E+01	1.820545E-01	1.811740E-01
5.522429E+03	-1.671743E+01	1.821710E-01	1.811748E-01
5.522629E+03	-1.671831E+01	1.844060E-01	1.811757E-01
5.522829E+03	-1.671777E+01	1.847472E-01	1.811766E-01
5.523029E+03	-1.671589E+01	1.839313E-01	1.811774E-01
5.523229E+03	-1.671494E+01	1.836768E-01	1.811783E-01
5.523429E+03	-1.671460E+01	1.859677E-01	1.811791E-01
5.523629E+03	-1.671427E+01	1.860535E-01	1.811800E-01
5.523829E+03	-1.671456E+01	1.851590E-01	1.811809E-01
5.524029E+03	-1.671440E+01	1.849933E-01	1.811817E-01
5.524229E+03	-1.671361E+01	1.845679E-01	1.811826E-01
5.524429E+03	-1.671295E+01	1.843864E-01	1.811834E-01
5.524629E+03	-1.671295E+01	1.843286E-01	1.811843E-01
5.524829E+03	-1.671369E+01	1.836154E-01	1.811852E-01
5.525029E+03	-1.671427E+01	1.824368E-01	1.811860E-01
5.525229E+03	-1.671422E+01	1.820719E-01	1.811869E-01
5.525629E+03	-1.671414E+01	1.819378E-01	1.811886E-01
5.525829E+03	-1.671410E+01	1.820488E-01	1.811895E-01
5.526029E+03	-1.671451E+01	1.839613E-01	1.811903E-01
5.526229E+03	-1.671492E+01	1.847668E-01	1.811912E-01
5.526429E+03	-1.671559E+01	1.850743E-01	1.811920E-01
5.526629E+03	-1.671604E+01	1.854394E-01	1.811929E-01
5.526829E+03	-1.671538E+01	1.852805E-01	1.811938E-01
5.527029E+03	-1.671455E+01	1.854529E-01	1.811946E-01
5.527230E+03	-1.671409E+01	1.855813E-01	1.811955E-01
5.527430E+03	-1.671376E+01	1.855268E-01	1.811963E-01
5.527630E+03	-1.671351E+01	1.858547E-01	1.811972E-01
5.527830E+03	-1.671330E+01	1.858407E-01	1.811981E-01
5.528030E+03	-1.671281E+01	1.852701E-01	1.811989E-01
5.528230E+03	-1.671248E+01	1.835634E-01	1.811998E-01
5.528830E+03	-1.671260E+01	1.818760E-01	1.812024E-01
5.529030E+03	-1.671305E+01	1.820001E-01	1.812032E-01
5.529230E+03	-1.671346E+01	1.823839E-01	1.812041E-01
5.529430E+03	-1.671392E+01	1.814046E-01	1.812049E-01
5.529630E+03	-1.671445E+01	1.807518E-01	1.812058E-01
5.529830E+03	-1.671387E+01	1.800892E-01	1.812067E-01
5.530030E+03	-1.671247E+01	1.795906E-01	1.812075E-01
5.530230E+03	-1.671206E+01	1.791896E-01	1.812084E-01
5.530430E+03	-1.671226E+01	1.817875E-01	1.812092E-01
5.530630E+03	-1.671271E+01	1.834412E-01	1.812101E-01
5.530830E+03	-1.671354E+01	1.837323E-01	1.812110E-01
5.531030E+03	-1.671366E+01	1.830203E-01	1.812118E-01
5.531230E+03	-1.671337E+01	1.820270E-01	1.812127E-01
5.531430E+03	-1.671325E+01	1.811329E-01	1.812135E-01
5.531630E+03	-1.671316E+01	1.798518E-01	1.812144E-01
5.531830E+03	-1.671341E+01	1.804130E-01	1.812153E-01
5.532030E+03	-1.671411E+01	1.814455E-01	1.812161E-01
5.532230E+03	-1.671498E+01	1.818963E-01	1.812170E-01
5.532430E+03	-1.671481E+01	1.820341E-01	1.812178E-01
5.532630E+03	-1.671365E+01	1.816813E-01	1.812187E-01
5.532829E+03	-1.671270E+01	1.810413E-01	1.812195E-01
5.533029E+03	-1.671204E+01	1.811248E-01	1.812204E-01
5.533230E+03	-1.671233E+01	1.813152E-01	1.812213E-01
5.533430E+03	-1.671303E+01	1.820373E-01	1.812221E-01
5.533630E+03	-1.671303E+01	1.821404E-01	1.812230E-01
5.533831E+03	-1.671266E+01	1.819312E-01	1.812239E-01
5.534030E+03	-1.671237E+01	1.817732E-01	1.812247E-01
5.534230E+03	-1.671200E+01	1.816881E-01	1.812256E-01
5.534430E+03	-1.671208E+01	1.828180E-01	1.812264E-01
5.534630E+03	-1.671233E+01	1.851921E-01	1.812273E-01
5.534830E+03	-1.671187E+01	1.847357E-01	1.812281E-01
5.535030E+03	-1.671105E+01	1.839918E-01	1.812290E-01
5.535230E+03	-1.670990E+01	1.845465E-01	1.812299E-01
5.535430E+03	-1.670941E+01	1.843542E-01	1.812307E-01
5.535630E+03	-1.671031E+01	1.854835E-01	1.812316E-01
5.535830E+03	-1.671096E+01	1.881834E-01	1.812324E-01
5.536030E+03	-1.671092E+01	1.902354E-01	1.812333E-01
5.536230E+03	-1.671059E+01	1.911709E-01	1.812342E-01
5.536430E+03	-1.671084E+01	1.912875E-01	1.812350E-01
5.536630E+03	-1.671174E+01	1.917479E-01	1.812359E-01
5.536830E+03	-1.671228E+01	1.923387E-01	1.812367E-01
5.537030E+03	-1.671277E+01	1.924505E-01	1.812376E-01
5.537230E+03	-1.671364E+01	1.928187E-01	1.812384E-01
5.537430E+03	-1.671417E+01	1.934258E-01	1.812393E-01
5.537630E+03	-1.671425E+01	1.937729E-01	1.812402E-01
5.537830E+03	-1.671388E+01	1.931479E-01	1.812410E-01
5.538030E+03	-1.671276E+01	1.925784E-01	1.812419E-01
5.538230E+03	-1.671182E+01	1.915949E-01	1.812427E-01
5.538430E+03	-1.671173E+01	1.907892E-01	1.812436E-01
5.538830E+03	-1.671214E+01	1.908178E-01	1.812453E-01
5.539030E+03	-1.671202E+01	1.906893E-01	1.812462E-01
5.539230E+03	-1.671181E+01	1.903150E-01	1.812470E-01
5.539430E+03	-1.671177E+01	1.897497E-01	1.812479E-01
5.539630E+03	-1.671169E+01	1.891790E-01	1.812487E-01
5.539830E+03	-1.671214E+01	1.894051E-01	1.812496E-01
5.540030E+03	-1.671267E+01	1.886493E-01	1.812505E-01
5.540230E+03	-1.671288E+01	1.878230E-01	1.812513E-01
5.540430E+03	-1.671189E+01	1.885401E-01	1.812522E-01
5.540631E+03	-1.671094E+01	1.879575E-01	1.812530E-01
5.540831E+03	-1.671111E+01	1.870672E-01	1.812539E-01
5.541031E+03	-1.671061E+01	1.854145E-01	1.812548E-01
5.541231E+03	-1.670979E+01	1.838071E-01	1.812556E-01
5.541431E+03	-1.670938E+01	1.834825E-01	1.812565E-01
5.541631E+03	-1.670860E+01	1.831218E-01	1.812573E-01
5.541831E+03	-1.670766E+01	1.827224E-01	1.812582E-01
5.542031E+03	-1.670705E+01	1.818346E-01	1.812590E-01
5.542231E+03	-1.670701E+01	1.812233E-01	1.812599E-01
5.542431E+03	-1.670754E+01	1.820598E-01	1.812608E-01
5.542631E+03	-1.670750E+01	1.804047E-01	1.812616E-01
5.542831E+03	-1.670595E+01	1.796174E-01	1.812625E-01
5.543031E+03	-1.670425E+01	1.794447E-01	1.812633E-01
5.543631E+03	-1.670449E+01	1.801278E-01	1.812659E-01
5.543831E+03	-1.670566E+01	1.803887E-01	1.812668E-01
5.544031E+03	-1.670708E+01	1.809438E-01	1.812676E-01
5.544231E+03	-1.670831E+01	1.814215E-01	1.812685E-01
5.544631E+03	-1.670818E+01	1.811499E-01	1.812702E-01
5.544831E+03	-1.670830E+01	1.815888E-01	1.812710E-01
5.545031E+03	-1.670928E+01	1.821508E-01	1.812719E-01
5.545230E+03	-1.670937E+01	1.822507E-01	1.812728E-01
5.545431E+03	-1.670855E+01	1.821161E-01	1.812736E-01
5.545631E+03	-1.670801E+01	1.829993E-01	1.812745E-01
5.545831E+03	-1.670842E+01	1.831633E-01	1.812753E-01
5.546030E+03	-1.670858E+01	1.834976E-01	1.812762E-01
5.546230E+03	-1.670813E+01	1.832305E-01	1.812770E-01
5.546430E+03	-1.670854E+01	1.839175E-01	1.812779E-01
5.546630E+03	-1.670911E+01	1.829411E-01	1.812788E-01
5.546830E+03	-1.670842E+01	1.825794E-01	1.812796E-01
5.547030E+03	-1.670650E+01	1.829021E-01	1.812805E-01
5.547231E+03	-1.670569E+01	1.834491E-01	1.812813E-01
5.547431E+03	-1.670715E+01	1.827734E-01	1.812822E-01
5.547631E+03	-1.670829E+01	1.819399E-01	1.812830E-01
5.547831E+03	-1.670756E+01	1.809683E-01	1.812839E-01
5.548031E+03	-1.670633E+01	1.807040E-01	1.812848E-01
5.548231E+03	-1.670552E+01	1.803867E-01	1.812856E-01
5.548431E+03	-1.670499E+01	1.800505E-01	1.812865E-01
5.548631E+03	-1.670544E+01	1.798786E-01	1.812873E-01
5.548831E+03	-1.670698E+01	1.804622E-01	1.812882E-01
5.549031E+03	-1.670784E+01	1.785301E-01	1.812890E-01
5.549231E+03	-1.670890E+01	1.793964E-01	1.812899E-01
5.549431E+03	-1.670951E+01	1.781802E-01	1.812907E-01
5.549631E+03	-1.670943E+01	1.793215E-01	1.812916E-01
5.549831E+03	-1.670873E+01	1.784175E-01	1.812925E-01
5.550031E+03	-1.670816E+01	1.773787E-01	1.812933E-01
5.550231E+03	-1.670861E+01	1.771947E-01	1.812942E-01
5.550431E+03	-1.670906E+01	1.773945E-01	1.812950E-01
5.550631E+03	-1.670873E+01	1.774326E-01	1.812959E-01
5.550831E+03	-1.670775E+01	1.770083E-01	1.812967E-01
5.551031E+03	-1.670608E+01	1.761224E-01	1.812976E-01
5.551231E+03	-1.670490E+01	1.755488E-01	1.812985E-01
5.551431E+03	-1.670502E+01	1.755938E-01	1.812993E-01
5.551631E+03	-1.670595E+01	1.763044E-01	1.813002E-01
5.551831E+03	-1.670607E+01	1.767967E-01	1.813010E-01
5.552031E+03	-1.670457E+01	1.764784E-01	1.813019E-01
5.552231E+03	-1.670417E+01	1.763586E-01	1.813027E-01
5.552431E+03	-1.670502E+01	1.764650E-01	1.813036E-01
5.552631E+03	-1.670672E+01	1.775214E-01	1.813044E-01
5.552831E+03	-1.670717E+01	1.784659E-01	1.813053E-01
5.553031E+03	-1.670721E+01	1.788532E-01	1.813062E-01
5.553231E+03	-1.670757E+01	1.788983E-01	1.813070E-01
5.553431E+03	-1.670798E+01	1.790664E-01	1.813079E-01
5.553631E+03	-1.670904E+01	1.796480E-01	1.813087E-01
5.553831E+03	-1.671002E+01	1.802107E-01	1.813096E-01
5.554032E+03	-1.671031E+01	1.804898E-01	1.813104E-01
5.554232E+03	-1.671134E+01	1.808923E-01	1.813113E-01
5.554432E+03	-1.671236E+01	1.813174E-01	1.813122E-01
5.554632E+03	-1.671245E+01	1.802882E-01	1.813130E-01
5.554832E+03	-1.671207E+01	1.798543E-01	1.813139E-01
5.555032E+03	-1.671162E+01	1.797287E-01	1.813147E-01
5.555232E+03	-1.671146E+01	1.799731E-01	1.813156E-01
5.555432E+03	-1.671211E+01	1.805304E-01	1.813164E-01
5.555632E+03	-1.671331E+01	1.810862E-01	1.813173E-01
5.555832E+03	-1.671335E+01	1.804549E-01	1.813181E-01
5.556032E+03	-1.671219E+01	1.794153E-01	1.813190E-01
5.556232E+03	-1.671178E+01	1.792289E-01	1.813199E-01
5.556432E+03	-1.671277E+01	1.797941E-01	1.813207E-01
5.556632E+03	-1.671426E+01	1.805353E-01	1.813216E-01
5.556832E+03	-1.671562E+01	1.811381E-01	1.813224E-01
5.557032E+03	-1.671645E+01	1.809567E-01	1.813233E-01
5.557232E+03	-1.671687E+01	1.797893E-01	1.813241E-01
5.557431E+03	-1.671762E+01	1.797372E-01	1.813250E-01
5.557632E+03	-1.671908E+01	1.802222E-01	1.813258E-01
5.557832E+03	-1.671925E+01	1.791612E-01	1.813267E-01
5.558032E+03	-1.671950E+01	1.790512E-01	1.813276E-01
5.558231E+03	-1.672071E+01	1.796543E-01	1.813284E-01
5.558431E+03	-1.672101E+01	1.799232E-01	1.813293E-01
5.558631E+03	-1.672193E+01	1.804884E-01	1.813301E-01
5.558831E+03	-1.672235E+01	1.819542E-01	1.813310E-01
5.559031E+03	-1.672222E+01	1.824914E-01	1.813318E-01
5.559231E+03	-1.672231E+01	1.823413E-01	1.813327E-01
5.559431E+03	-1.672281E+01	1.822289E-01	1.813335E-01
5.559631E+03	-1.672311E+01	1.816898E-01	1.813344E-01
5.559831E+03	-1.672277E+01	1.811854E-01	1.813352E-01
5.560031E+03	-1.672218E+01	1.810277E-01	1.813361E-01
5.560231E+03	-1.672239E+01	1.811409E-01	1.813370E-01
5.560431E+03	-1.672294E+01	1.812897E-01	1.813378E-01
5.560632E+03	-1.672310E+01	1.803379E-01	1.813387E-01
5.560832E+03	-1.672319E+01	1.780996E-01	1.813396E-01
5.561032E+03	-1.672374E+01	1.784817E-01	1.813406E-01
5.561232E+03	-1.672433E+01	1.787848E-01	1.813415E-01
5.561432E+03	-1.672547E+01	1.793674E-01	1.813424E-01
5.561632E+03	-1.672619E+01	1.796619E-01	1.813433E-01
5.561832E+03	-1.672624E+01	1.794795E-01	1.813443E-01
5.562032E+03	-1.672619E+01	1.794917E-01	1.813452E-01
5.562232E+03	-1.672636E+01	1.799280E-01	1.813461E-01
5.562432E+03	-1.672683E+01	1.823892E-01	1.813470E-01
5.562632E+03	-1.672704E+01	1.844100E-01	1.813479E-01
5.562832E+03	-1.672751E+01	1.845025E-01	1.813489E-01
5.563032E+03	-1.672811E+01	1.849362E-01	1.813498E-01
5.563232E+03	-1.672815E+01	1.849332E-01	1.813507E-01
5.563432E+03	-1.672802E+01	1.832933E-01	1.813516E-01
5.563632E+03	-1.672768E+01	1.828033E-01	1.813526E-01
5.563832E+03	-1.672721E+01	1.826528E-01	1.813535E-01
5.564032E+03	-1.672635E+01	1.822563E-01	1.813544E-01
5.564232E+03	-1.672495E+01	1.803959E-01	1.813553E-01
5.564432E+03	-1.672486E+01	1.793385E-01	1.813562E-01
5.564632E+03	-1.672554E+01	1.796743E-01	1.813572E-01
5.564832E+03	-1.672665E+01	1.803668E-01	1.813581E-01
5.565032E+03	-1.672844E+01	1.811171E-01	1.813590E-01
5.565232E+03	-1.672959E+01	1.815486E-01	1.813599E-01
5.565432E+03	-1.672929E+01	1.813802E-01	1.813609E-01
5.565632E+03	-1.672921E+01	1.819487E-01	1.813618E-01
5.565832E+03	-1.672903E+01	1.821167E-01	1.813627E-01
5.566032E+03	-1.672929E+01	1.822245E-01	1.813636E-01
5.566232E+03	-1.673015E+01	1.831431E-01	1.813645E-01
5.566432E+03	-1.673071E+01	1.834692E-01	1.813655E-01
5.566632E+03	-1.673058E+01	1.824948E-01	1.813664E-01
5.566832E+03	-1.673006E+01	1.850946E-01	1.813673E-01
5.567032E+03	-1.673053E+01	1.858721E-01	1.813682E-01
5.567233E+03	-1.673113E+01	1.870811E-01	1.813692E-01
5.567433E+03	-1.673152E+01	1.895526E-01	1.813701E-01
5.567633E+03	-1.673216E+01	1.898609E-01	1.813710E-01
5.567833E+03	-1.673316E+01	1.900319E-01	1.813719E-01
5.568033E+03	-1.673363E+01	1.905259E-01	1.813728E-01
5.568233E+03	-1.673233E+01	1.925690E-01	1.813738E-01
5.568433E+03	-1.673173E+01	1.936203E-01	1.813747E-01
5.568633E+03	-1.673250E+01	1.939841E-01	1.813756E-01
5.568833E+03	-1.673091E+01	1.932129E-01	1.813765E-01
5.569033E+03	-1.672889E+01	1.921762E-01	1.813774E-01
5.569233E+03	-1.672697E+01	1.907435E-01	1.813784E-01
5.569433E+03	-1.672709E+01	1.903433E-01	1.813793E-01
5.569633E+03	-1.672803E+01	1.907468E-01	1.813802E-01
5.569833E+03	-1.672611E+01	1.897613E-01	1.813811E-01
5.570033E+03	-1.672505E+01	1.891662E-01	1.813821E-01
5.570233E+03	-1.672594E+01	1.894105E-01	1.813830E-01
5.570432E+03	-1.672454E+01	1.889276E-01	1.813839E-01
5.570632E+03	-1.672339E+01	1.868920E-01	1.813848E-01
5.570833E+03	-1.672411E+01	1.845677E-01	1.813857E-01
5.571032E+03	-1.672492E+01	1.846982E-01	1.813867E-01
5.571232E+03	-1.672420E+01	1.840786E-01	1.813876E-01
5.571432E+03	-1.672411E+01	1.831998E-01	1.813885E-01
5.571632E+03	-1.672411E+01	1.829669E-01	1.813894E-01
5.571832E+03	-1.672288E+01	1.822356E-01	1.813903E-01
5.572032E+03	-1.672170E+01	1.801657E-01	1.813913E-01
5.572232E+03	-1.672061E+01	1.787505E-01	1.813922E-01
5.572432E+03	-1.672023E+01	1.805090E-01	1.813931E-01
5.572632E+03	-1.672128E+01	1.833361E-01	1.813940E-01
5.572832E+03	-1.672241E+01	1.828930E-01	1.813949E-01
5.573032E+03	-1.672322E+01	1.831087E-01	1.813959E-01
5.573232E+03	-1.672427E+01	1.833561E-01	1.813968E-01
5.573432E+03	-1.672491E+01	1.832344E-01	1.813977E-01
5.573632E+03	-1.672452E+01	1.832303E-01	1.813986E-01
5.573832E+03	-1.672465E+01	1.832840E-01	1.813995E-01
5.574033E+03	-1.672414E+01	1.830610E-01	1.814005E-01
5.574233E+03	-1.672482E+01	1.834023E-01	1.814014E-01
5.574433E+03	-1.672524E+01	1.836707E-01	1.814023E-01
5.574633E+03	-1.672460E+01	1.823630E-01	1.814032E-01
5.574833E+03	-1.672503E+01	1.810558E-01	1.814042E-01
5.575033E+03	-1.672498E+01	1.828417E-01	1.814051E-01
5.575233E+03	-1.672320E+01	1.820141E-01	1.814060E-01
5.575433E+03	-1.672282E+01	1.808160E-01	1.814069E-01
5.575633E+03	-1.672341E+01	1.805467E-01	1.814078E-01
5.576233E+03	-1.672240E+01	1.811887E-01	1.814106E-01
5.576433E+03	-1.672046E+01	1.802945E-01	1.814115E-01
5.576633E+03	-1.671962E+01	1.775699E-01	1.814124E-01
5.577233E+03	-1.671903E+01	1.768112E-01	1.814152E-01
5.577433E+03	-1.671836E+01	1.767020E-01	1.814161E-01
5.577633E+03	-1.671769E+01	1.766557E-01	1.814170E-01
5.578433E+03	-1.671756E+01	1.762417E-01	1.814207E-01
5.578633E+03	-1.671785E+01	1.764606E-01	1.814216E-01
5.578833E+03	-1.671798E+01	1.768373E-01	1.814226E-01
5.579233E+03	-1.671752E+01	1.766712E-01	1.814244E-01
5.579433E+03	-1.671698E+01	1.750384E-01	1.814253E-01
5.579633E+03	-1.671718E+01	1.746389E-01	1.814262E-01
5.579833E+03	-1.671793E+01	1.752836E-01	1.814271E-01
5.580033E+03	-1.671835E+01	1.770364E-01	1.814281E-01
5.580233E+03	-1.671868E+01	1.789002E-01	1.814290E-01
5.580433E+03	-1.671889E+01	1.791035E-01	1.814299E-01
5.580634E+03	-1.671860E+01	1.828512E-01	1.814308E-01
5.580834E+03	-1.671876E+01	1.849298E-01	1.814318E-01
5.581034E+03	-1.671927E+01	1.847123E-01	1.814327E-01
5.581234E+03	-1.671905E+01	1.844181E-01	1.814336E-01
5.581434E+03	-1.671868E+01	1.855340E-01	1.814345E-01
5.581634E+03	-1.671884E+01	1.872249E-01	1.814354E-01
5.581834E+03	-1.671930E+01	1.871597E-01	1.814363E-01
5.582033E+03	-1.671951E+01	1.859173E-01	1.814373E-01
5.582234E+03	-1.671989E+01	1.861544E-01	1.814382E-01
5.582434E+03	-1.671997E+01	1.860225E-01	1.814391E-01
5.582633E+03	-1.671964E+01	1.859627E-01	1.814400E-01
5.582833E+03	-1.671942E+01	1.858436E-01	1.814409E-01
5.583033E+03	-1.671905E+01	1.876710E-01	1.814419E-01
5.583233E+03	-1.671813E+01	1.880967E-01	1.814428E-01
5.583433E+03	-1.671721E+01	1.877497E-01	1.814437E-01
5.583633E+03	-1.671683E+01	1.874376E-01	1.814446E-01
5.584033E+03	-1.671629E+01	1.877325E-01	1.814465E-01
5.584233E+03	-1.671541E+01	1.869197E-01	1.814474E-01
5.584433E+03	-1.671525E+01	1.868150E-01	1.814483E-01
5.584633E+03	-1.671537E+01	1.868355E-01	1.814492E-01
5.584833E+03	-1.671512E+01	1.862430E-01	1.814501E-01
5.585033E+03	-1.671471E+01	1.854974E-01	1.814510E-01
5.585233E+03	-1.671441E+01	1.866078E-01	1.814520E-01
5.585433E+03	-1.671425E+01	1.865739E-01	1.814529E-01
5.585633E+03	-1.671425E+01	1.889257E-01	1.814538E-01
5.585833E+03	-1.671400E+01	1.895874E-01	1.814547E-01
5.586033E+03	-1.671391E+01	1.891790E-01	1.814556E-01
5.586233E+03	-1.671458E+01	1.894180E-01	1.814566E-01
5.586433E+03	-1.671532E+01	1.902337E-01	1.814575E-01
5.586633E+03	-1.671574E+01	1.908021E-01	1.814584E-01
5.586833E+03	-1.671698E+01	1.902430E-01	1.814593E-01
5.587033E+03	-1.671853E+01	1.913639E-01	1.814602E-01
5.587234E+03	-1.672050E+01	1.918558E-01	1.814612E-01
5.587434E+03	-1.672277E+01	1.953460E-01	1.814621E-01
5.587634E+03	-1.672514E+01	1.959696E-01	1.814630E-01
5.587834E+03	-1.672705E+01	1.961107E-01	1.814639E-01
5.588034E+03	-1.672880E+01	1.968989E-01	1.814648E-01
5.588234E+03	-1.673048E+01	1.966274E-01	1.814657E-01
5.588434E+03	-1.673211E+01	1.964334E-01	1.814667E-01
5.588634E+03	-1.673362E+01	1.972358E-01	1.814676E-01
5.588834E+03	-1.673511E+01	1.998285E-01	1.814685E-01
5.589034E+03	-1.673650E+01	2.008298E-01	1.814694E-01
5.589234E+03	-1.673781E+01	2.011736E-01	1.814703E-01
5.589434E+03	-1.673798E+01	2.011457E-01	1.814713E-01
5.589634E+03	-1.673746E+01	2.008874E-01	1.814722E-01
5.589834E+03	-1.673639E+01	2.002302E-01	1.814731E-01
5.590034E+03	-1.673746E+01	2.001580E-01	1.814740E-01
5.590234E+03	-1.673746E+01	2.001206E-01	1.814749E-01
5.590434E+03	-1.673616E+01	1.996577E-01	1.814758E-01
5.590634E+03	-1.673581E+01	1.996827E-01	1.814768E-01
5.590834E+03	-1.673497E+01	1.980809E-01	1.814777E-01
5.591034E+03	-1.673292E+01	1.973971E-01	1.814786E-01
5.591234E+03	-1.673240E+01	1.971401E-01	1.814795E-01
5.591434E+03	-1.673352E+01	1.976812E-01	1.814804E-01
5.591634E+03	-1.673430E+01	1.983704E-01	1.814813E-01
5.591834E+03	-1.673545E+01	1.991164E-01	1.814823E-01
5.592034E+03	-1.673646E+01	2.021949E-01	1.814832E-01
5.592234E+03	-1.673633E+01	2.022560E-01	1.814841E-01
5.592434E+03	-1.673748E+01	2.031926E-01	1.814850E-01
5.592634E+03	-1.673886E+01	2.057994E-01	1.814859E-01
5.592834E+03	-1.673986E+01	2.077520E-01	1.814868E-01
5.593034E+03	-1.673937E+01	2.069268E-01	1.814878E-01
5.593234E+03	-1.673814E+01	2.060457E-01	1.814887E-01
5.593434E+03	-1.673878E+01	2.059680E-01	1.814896E-01
5.593634E+03	-1.673775E+01	2.054916E-01	1.814905E-01
5.593834E+03	-1.673657E+01	2.046341E-01	1.814914E-01
5.594035E+03	-1.673742E+01	2.047711E-01	1.814924E-01
5.594235E+03	-1.673542E+01	2.046626E-01	1.814933E-01
5.594435E+03	-1.673217E+01	2.031398E-01	1.814942E-01
5.594635E+03	-1.673174E+01	2.032742E-01	1.814951E-01
5.594834E+03	-1.673303E+01	2.041452E-01	1.814960E-01
5.595034E+03	-1.673286E+01	2.043405E-01	1.814969E-01
5.595234E+03	-1.673273E+01	2.041801E-01	1.814979E-01
5.595435E+03	-1.673329E+01	2.045138E-01	1.814988E-01
5.595634E+03	-1.673152E+01	2.039921E-01	1.814997E-01
5.595834E+03	-1.672911E+01	2.036706E-01	1.815006E-01
5.596034E+03	-1.672650E+01	2.033253E-01	1.815015E-01
5.596234E+03	-1.672595E+01	2.032663E-01	1.815024E-01
5.596434E+03	-1.672706E+01	2.037214E-01	1.815034E-01
5.596634E+03	-1.672650E+01	2.037555E-01	1.815043E-01
5.596834E+03	-1.672438E+01	2.024348E-01	1.815052E-01
5.597034E+03	-1.672361E+01	2.020417E-01	1.815061E-01
5.597234E+03	-1.672476E+01	2.034061E-01	1.815070E-01
5.597434E+03	-1.672514E+01	2.034959E-01	1.815079E-01
5.597634E+03	-1.672539E+01	2.059563E-01	1.815089E-01
5.597834E+03	-1.672675E+01	2.082397E-01	1.815098E-01
5.598034E+03	-1.672820E+01	2.089540E-01	1.815107E-01
5.598234E+03	-1.672974E+01	2.108859E-01	1.815116E-01
5.598434E+03	-1.672974E+01	2.108816E-01	1.815125E-01
5.598634E+03	-1.672957E+01	2.125401E-01	1.815134E-01
5.598834E+03	-1.672995E+01	2.137597E-01	1.815144E-01
5.599034E+03	-1.672888E+01	2.134253E-01	1.815153E-01
5.599234E+03	-1.672628E+01	2.132007E-01	1.815162E-01
5.599434E+03	-1.672508E+01	2.135299E-01	1.815171E-01
5.599634E+03	-1.672530E+01	2.135494E-01	1.815180E-01
5.599834E+03	-1.672462E+01	2.131266E-01	1.815189E-01
5.600034E+03	-1.672381E+01	2.118640E-01	1.815199E-01
5.600234E+03	-1.672495E+01	2.117525E-01	1.815208E-01
5.600434E+03	-1.672678E+01	2.119044E-01	1.815217E-01
5.600635E+03	-1.672819E+01	2.134997E-01	1.815226E-01
