#wls	flux	flux_err
nan	1.4085e-17	2.0047e-17
nan	1.4501e-17	2.0047e-17
nan	1.4870e-17	2.0047e-17
nan	1.5477e-17	2.0047e-17
nan	1.5789e-17	2.0047e-17
nan	1.6334e-17	2.0047e-17
nan	1.6680e-17	2.0047e-17
nan	1.6933e-17	2.0047e-17
nan	1.7185e-17	2.0047e-17
nan	1.7603e-17	2.0047e-17
nan	1.7949e-17	2.0047e-17
nan	1.8401e-17	2.0047e-17
nan	1.8846e-17	2.0047e-17
nan	1.9257e-17	2.0047e-17
nan	1.9752e-17	2.0047e-17
nan	2.0215e-17	2.0047e-17
nan	2.0594e-17	2.0047e-17
nan	2.0911e-17	2.0047e-17
nan	2.1189e-17	2.0047e-17
nan	2.1359e-17	2.0047e-17
nan	2.1889e-17	2.0047e-17
nan	2.2126e-17	2.0047e-17
nan	2.2440e-17	2.0047e-17
nan	2.2989e-17	2.0047e-17
nan	2.3256e-17	2.0047e-17
nan	2.3621e-17	2.0047e-17
nan	2.3873e-17	2.0047e-17
nan	2.4276e-17	2.0047e-17
nan	2.4731e-17	2.0047e-17
nan	2.5138e-17	2.0047e-17
nan	2.5560e-17	2.0047e-17
nan	2.5991e-17	2.0047e-17
nan	2.6460e-17	2.0047e-17
nan	2.6986e-17	2.0047e-17
nan	2.7253e-17	2.0047e-17
nan	2.7686e-17	2.0047e-17
nan	2.8032e-17	2.0047e-17
nan	2.8312e-17	2.0047e-17
nan	2.8621e-17	2.0047e-17
nan	2.8946e-17	2.0047e-17
nan	2.9327e-17	2.0047e-17
nan	2.9753e-17	1.9979e-17
nan	3.0003e-17	2.0117e-17
nan	3.0255e-17	2.0932e-17
nan	3.0657e-17	2.0919e-17
nan	3.0904e-17	2.1207e-17
nan	3.1334e-17	2.1313e-17
nan	3.1763e-17	2.1469e-17
nan	3.2053e-17	2.1451e-17
nan	3.2242e-17	2.1442e-17
nan	3.2635e-17	2.1246e-17
nan	3.2800e-17	2.0768e-17
nan	3.3217e-17	2.0848e-17
nan	3.3412e-17	2.0813e-17
nan	3.3654e-17	2.0832e-17
nan	3.3939e-17	2.0828e-17
nan	3.4255e-17	2.0811e-17
nan	3.4441e-17	2.0576e-17
nan	3.4593e-17	2.0618e-17
nan	3.4868e-17	2.0637e-17
nan	3.5059e-17	2.0681e-17
nan	3.5325e-17	2.0578e-17
nan	3.5538e-17	2.0998e-17
nan	3.5755e-17	2.0931e-17
nan	3.6004e-17	2.0930e-17
nan	3.6195e-17	2.0713e-17
nan	3.6452e-17	2.0707e-17
nan	3.6692e-17	2.0709e-17
nan	3.6960e-17	2.0699e-17
nan	3.7087e-17	2.0604e-17
nan	3.7255e-17	2.0443e-17
nan	3.7380e-17	2.0535e-17
nan	3.7597e-17	2.0547e-17
nan	3.7767e-17	2.0449e-17
nan	3.7981e-17	2.0299e-17
nan	3.8209e-17	2.0317e-17
nan	3.8351e-17	2.0310e-17
nan	3.8440e-17	1.9962e-17
nan	3.8596e-17	1.9807e-17
nan	3.8779e-17	1.9765e-17
nan	3.8860e-17	1.9837e-17
nan	3.9041e-17	1.9880e-17
nan	3.9079e-17	1.9885e-17
nan	3.9203e-17	1.9783e-17
nan	3.9481e-17	1.9609e-17
nan	3.9624e-17	1.9598e-17
nan	3.9753e-17	1.9252e-17
nan	4.0013e-17	1.9168e-17
nan	4.0169e-17	1.8978e-17
nan	4.0174e-17	1.8916e-17
nan	4.0337e-17	1.8833e-17
nan	4.0561e-17	1.8898e-17
nan	4.0643e-17	1.8620e-17
nan	4.0651e-17	1.8953e-17
nan	4.0720e-17	1.8833e-17
nan	4.0844e-17	1.8801e-17
nan	4.0839e-17	1.8823e-17
nan	4.0934e-17	1.8618e-17
nan	4.1003e-17	1.8630e-17
nan	4.1130e-17	1.9367e-17
nan	4.1235e-17	1.9551e-17
nan	4.1330e-17	1.9553e-17
nan	4.1390e-17	1.9337e-17
nan	4.1424e-17	1.9298e-17
nan	4.1457e-17	1.9296e-17
nan	4.1442e-17	1.8966e-17
nan	4.1531e-17	1.9024e-17
nan	4.1571e-17	1.9219e-17
nan	4.1595e-17	1.9207e-17
nan	4.1633e-17	1.9143e-17
nan	4.1626e-17	1.9171e-17
nan	4.1636e-17	1.9616e-17
nan	4.1573e-17	1.9491e-17
nan	4.1457e-17	1.9503e-17
nan	4.1541e-17	1.9374e-17
nan	4.1596e-17	1.9228e-17
nan	4.1566e-17	1.9128e-17
nan	4.1539e-17	1.9105e-17
nan	4.1475e-17	1.9347e-17
nan	4.1435e-17	1.9343e-17
nan	4.1394e-17	1.9193e-17
nan	4.1354e-17	1.9188e-17
nan	4.1303e-17	1.9240e-17
nan	4.1195e-17	1.8127e-17
nan	4.1179e-17	1.8126e-17
nan	4.1166e-17	1.7439e-17
nan	4.1228e-17	1.7778e-17
nan	4.1278e-17	1.7286e-17
nan	4.1270e-17	1.7609e-17
nan	4.1304e-17	1.7603e-17
nan	4.1233e-17	1.7736e-17
nan	4.1201e-17	1.7572e-17
nan	4.1185e-17	1.7535e-17
nan	4.1130e-17	1.7436e-17
nan	4.1103e-17	1.7331e-17
nan	4.1240e-17	1.7258e-17
nan	4.1237e-17	1.7262e-17
nan	4.1277e-17	1.7209e-17
nan	4.1192e-17	1.7250e-17
nan	4.1247e-17	1.7102e-17
nan	4.1215e-17	1.6948e-17
nan	4.1284e-17	1.7003e-17
nan	4.1285e-17	1.7014e-17
nan	4.1280e-17	1.7274e-17
nan	4.1305e-17	1.7482e-17
nan	4.1352e-17	1.7510e-17
nan	4.1396e-17	1.7816e-17
nan	4.1400e-17	1.7910e-17
nan	4.1408e-17	1.7908e-17
nan	4.1446e-17	1.8062e-17
nan	4.1502e-17	1.8015e-17
nan	4.1622e-17	1.7824e-17
nan	4.1672e-17	1.7813e-17
nan	4.1668e-17	1.7832e-17
nan	4.1687e-17	1.7865e-17
nan	4.1805e-17	1.7963e-17
nan	4.1827e-17	1.8107e-17
nan	4.1842e-17	1.7858e-17
nan	4.1982e-17	1.7861e-17
nan	4.2146e-17	1.7818e-17
nan	4.2263e-17	1.7713e-17
nan	4.2394e-17	1.7661e-17
nan	4.2461e-17	1.7573e-17
nan	4.2561e-17	1.7603e-17
nan	4.2619e-17	1.7372e-17
nan	4.2761e-17	1.7403e-17
nan	4.2842e-17	1.7408e-17
nan	4.2773e-17	1.7457e-17
nan	4.2915e-17	1.7362e-17
nan	4.2786e-17	1.7458e-17
nan	4.2917e-17	1.7678e-17
nan	4.3015e-17	1.7572e-17
nan	4.2966e-17	1.7650e-17
nan	4.2744e-17	1.7419e-17
nan	4.2799e-17	1.7548e-17
nan	4.2682e-17	1.7785e-17
nan	4.2567e-17	1.7797e-17
nan	4.2724e-17	1.7796e-17
nan	4.2701e-17	1.7783e-17
nan	4.2530e-17	1.6982e-17
nan	4.2535e-17	1.6810e-17
nan	4.2547e-17	1.6918e-17
nan	4.2552e-17	1.6919e-17
nan	4.2631e-17	1.6873e-17
nan	4.2677e-17	1.6863e-17
nan	4.2548e-17	1.6840e-17
nan	4.2561e-17	1.6732e-17
nan	4.2439e-17	1.6374e-17
nan	4.2359e-17	1.6351e-17
nan	4.2419e-17	1.6346e-17
nan	4.2550e-17	1.6248e-17
nan	4.2692e-17	1.5707e-17
nan	4.2574e-17	1.5646e-17
nan	4.2806e-17	1.5647e-17
nan	4.2804e-17	1.5727e-17
nan	4.2705e-17	1.5623e-17
nan	4.2937e-17	1.5547e-17
nan	4.3007e-17	1.5517e-17
nan	4.2912e-17	1.5119e-17
nan	4.2692e-17	1.5097e-17
nan	4.2868e-17	1.5020e-17
nan	4.2742e-17	1.5024e-17
nan	4.2821e-17	1.4857e-17
nan	4.2794e-17	1.4944e-17
nan	4.2782e-17	1.4938e-17
nan	4.2894e-17	1.5168e-17
nan	4.2724e-17	1.4569e-17
nan	4.2782e-17	1.4685e-17
nan	4.2559e-17	1.4307e-17
nan	4.2695e-17	1.4302e-17
nan	4.2827e-17	1.4310e-17
nan	4.2952e-17	1.4061e-17
nan	4.3057e-17	1.4239e-17
nan	4.3144e-17	1.4228e-17
nan	4.3000e-17	1.4363e-17
nan	4.2996e-17	1.4329e-17
10084.4139	4.3137e-17	1.4426e-17
10085.0138	4.3234e-17	1.4251e-17
10085.6138	4.3252e-17	1.4147e-17
10086.2137	4.3448e-17	1.4251e-17
10086.8137	4.3475e-17	1.4226e-17
10087.4137	4.3463e-17	1.4117e-17
10088.0136	4.3528e-17	1.3533e-17
10088.6136	4.3567e-17	1.3270e-17
10089.2135	4.3427e-17	1.2975e-17
10089.8135	4.3591e-17	1.2874e-17
10090.4134	4.3684e-17	1.2498e-17
10091.0134	4.3885e-17	1.2283e-17
10091.6133	4.3837e-17	1.2310e-17
10092.2133	4.3966e-17	1.2040e-17
10092.8132	4.3921e-17	1.2043e-17
10093.4132	4.3857e-17	1.1987e-17
10094.0132	4.3795e-17	1.1991e-17
10094.6131	4.3794e-17	1.1972e-17
10095.2131	4.3973e-17	1.1926e-17
10095.8130	4.4016e-17	1.1830e-17
10096.4130	4.3934e-17	1.1562e-17
10097.0129	4.3800e-17	1.1573e-17
10097.6129	4.3675e-17	1.1488e-17
10098.2128	4.3779e-17	1.1494e-17
10098.8128	4.3789e-17	1.1458e-17
10099.4127	4.3745e-17	1.1505e-17
10100.0127	4.3976e-17	1.1524e-17
10100.6127	4.4074e-17	1.1493e-17
10101.2126	4.4224e-17	1.1300e-17
10101.8126	4.3897e-17	1.1279e-17
10102.4125	4.3887e-17	1.1423e-17
10103.0125	4.3697e-17	1.1270e-17
10103.6124	4.3554e-17	1.1226e-17
10104.2124	4.3364e-17	1.0974e-17
10104.8123	4.3407e-17	1.0633e-17
10105.4123	4.3346e-17	1.0625e-17
10106.0122	4.3367e-17	1.0553e-17
10106.6122	4.3521e-17	1.0316e-17
10107.2121	4.3565e-17	1.0142e-17
10107.8121	4.3683e-17	9.6428e-18
10108.4121	4.3817e-17	9.6236e-18
10109.0120	4.3694e-17	9.6299e-18
10109.6120	4.3625e-17	1.0029e-17
10110.2119	4.3724e-17	9.9233e-18
10110.8119	4.3523e-17	9.9365e-18
10111.4118	4.3381e-17	9.8777e-18
10112.0118	4.3136e-17	9.9439e-18
10112.6117	4.2977e-17	9.9093e-18
10113.2117	4.3081e-17	1.0012e-17
10113.8116	4.3008e-17	1.0008e-17
10114.4116	4.2930e-17	1.0004e-17
10115.0116	4.2822e-17	1.0011e-17
10115.6115	4.2804e-17	1.0031e-17
10116.2115	4.2811e-17	1.0042e-17
10116.8114	4.2759e-17	1.0031e-17
10117.4114	4.2688e-17	9.9565e-18
10118.0113	4.2738e-17	9.8583e-18
10118.6113	4.2886e-17	9.8565e-18
10119.2112	4.2869e-17	9.9016e-18
10119.8112	4.2851e-17	9.9042e-18
10120.4111	4.2770e-17	9.9259e-18
10121.0111	4.2866e-17	9.9397e-18
10121.6111	4.3053e-17	9.9710e-18
10122.2110	4.2910e-17	9.9866e-18
10122.8110	4.3064e-17	9.9198e-18
10123.4109	4.3142e-17	9.9477e-18
10124.0109	4.3245e-17	1.0018e-17
10124.6108	4.3326e-17	9.8475e-18
10125.2208	4.3454e-17	9.8477e-18
10125.8207	4.3478e-17	9.5782e-18
10126.4207	4.3313e-17	9.5884e-18
10127.0206	4.3340e-17	9.3468e-18
10127.6206	4.3322e-17	9.3553e-18
10128.2206	4.3269e-17	9.3643e-18
10128.8205	4.3450e-17	9.0376e-18
10129.4205	4.3403e-17	9.0443e-18
10130.0204	4.3441e-17	8.8446e-18
10130.6204	4.3313e-17	8.8275e-18
10131.2203	4.3258e-17	8.5158e-18
10131.8203	4.3422e-17	8.5500e-18
10132.4202	4.3393e-17	8.4126e-18
10133.0202	4.3392e-17	8.3965e-18
10133.6201	4.3436e-17	8.3729e-18
10134.2201	4.3447e-17	8.1861e-18
10134.8201	4.3392e-17	8.2156e-18
10135.4200	4.3089e-17	8.2159e-18
10136.0200	4.3196e-17	8.1678e-18
10136.6199	4.3154e-17	8.1263e-18
10137.2199	4.3103e-17	8.3345e-18
10137.8198	4.2987e-17	8.4208e-18
10138.4198	4.3015e-17	8.4876e-18
10139.0197	4.3092e-17	8.5176e-18
10139.6197	4.3148e-17	8.6331e-18
10140.2196	4.3305e-17	8.5745e-18
10140.8196	4.3225e-17	8.5612e-18
10141.4196	4.3268e-17	8.6387e-18
10142.0195	4.3132e-17	8.7807e-18
10142.6195	4.3369e-17	8.8931e-18
10143.2194	4.3515e-17	8.8919e-18
10143.8194	4.3536e-17	8.8167e-18
10144.4193	4.3624e-17	8.6402e-18
10145.0193	4.3541e-17	8.5308e-18
10145.6192	4.3465e-17	8.4512e-18
10146.2192	4.3424e-17	8.5866e-18
10146.8191	4.3597e-17	8.5822e-18
10147.4191	4.3680e-17	8.5251e-18
10148.0191	4.3828e-17	8.5136e-18
10148.6190	4.3846e-17	8.4868e-18
10149.2190	4.3729e-17	8.5001e-18
10149.8189	4.3695e-17	8.4428e-18
10150.4189	4.3673e-17	8.2260e-18
10151.0188	4.3716e-17	8.2656e-18
10151.6188	4.3465e-17	8.2579e-18
10152.2187	4.3497e-17	8.2401e-18
10152.8187	4.3284e-17	8.1815e-18
10153.4186	4.3266e-17	8.1918e-18
10154.0186	4.3373e-17	8.1722e-18
10154.6186	4.3480e-17	8.1163e-18
10155.2185	4.3421e-17	8.1032e-18
10155.8185	4.3464e-17	8.1016e-18
10156.4184	4.3406e-17	8.0301e-18
10157.0184	4.3346e-17	8.0068e-18
10157.6183	4.3293e-17	7.5431e-18
10158.2183	4.3124e-17	7.5447e-18
10158.8182	4.3035e-17	7.4907e-18
10159.4182	4.3026e-17	7.3356e-18
10160.0181	4.3011e-17	7.2575e-18
10160.6181	4.3071e-17	7.2517e-18
10161.2181	4.3240e-17	7.1415e-18
10161.8180	4.3093e-17	7.1707e-18
10162.4180	4.3217e-17	7.1805e-18
10163.0179	4.3252e-17	7.1697e-18
10163.6179	4.3069e-17	7.1797e-18
10164.2178	4.3173e-17	7.1758e-18
10164.8178	4.3209e-17	7.1795e-18
10165.4177	4.3327e-17	7.1831e-18
10166.0177	4.3327e-17	7.1837e-18
10166.6176	4.3257e-17	7.1684e-18
10167.2176	4.3241e-17	6.9527e-18
10167.8176	4.3230e-17	6.9501e-18
10168.4175	4.3184e-17	6.8993e-18
10169.0175	4.3050e-17	6.8729e-18
10169.6174	4.2850e-17	6.7889e-18
10170.2174	4.2919e-17	6.7336e-18
10170.8173	4.2818e-17	6.6071e-18
10171.4273	4.2763e-17	6.5591e-18
10172.0272	4.2776e-17	6.4462e-18
10172.6272	4.2805e-17	6.5242e-18
10173.2271	4.2800e-17	6.5305e-18
10173.8271	4.2739e-17	6.4250e-18
10174.4271	4.2644e-17	6.3698e-18
10175.0270	4.2651e-17	6.3463e-18
10175.6270	4.2703e-17	6.3532e-18
10176.2269	4.2605e-17	6.3301e-18
10176.8269	4.2670e-17	6.4144e-18
10177.4268	4.2499e-17	6.3816e-18
10178.0268	4.2274e-17	6.3642e-18
10178.6267	4.2197e-17	6.3316e-18
10179.2267	4.2268e-17	6.3296e-18
10179.8266	4.2110e-17	6.3647e-18
10180.4266	4.2138e-17	6.3442e-18
10181.0266	4.1954e-17	6.3469e-18
10181.6265	4.1968e-17	6.3900e-18
10182.2265	4.1928e-17	6.4164e-18
10182.8264	4.1879e-17	6.3871e-18
10183.4264	4.1796e-17	6.3829e-18
10184.0263	4.1806e-17	6.3722e-18
10184.6263	4.1862e-17	6.6634e-18
10185.2262	4.1786e-17	6.2980e-18
10185.8262	4.1803e-17	6.4407e-18
10186.4261	4.1744e-17	6.5407e-18
10187.0261	4.1732e-17	6.6657e-18
10187.6261	4.1716e-17	6.5868e-18
10188.2260	4.1664e-17	6.6486e-18
10188.8260	4.1665e-17	6.7546e-18
10189.4259	4.1597e-17	6.7133e-18
10190.0259	4.1536e-17	6.6001e-18
10190.6258	4.1434e-17	6.5225e-18
10191.2258	4.1470e-17	6.5616e-18
10191.8257	4.1469e-17	6.5858e-18
10192.4257	4.1517e-17	6.4207e-18
10193.0256	4.1472e-17	6.3790e-18
10193.6256	4.1471e-17	6.3690e-18
10194.2256	4.1421e-17	6.2941e-18
10194.8255	4.1348e-17	6.3070e-18
10195.4255	4.1351e-17	6.3158e-18
10196.0254	4.1449e-17	6.2973e-18
10196.6254	4.1414e-17	6.3803e-18
10197.2253	4.1402e-17	6.3274e-18
10197.8253	4.1486e-17	6.3404e-18
10198.4252	4.1465e-17	6.2527e-18
10199.0252	4.1587e-17	6.1687e-18
10199.6251	4.1626e-17	6.1693e-18
10200.2251	4.1495e-17	6.0793e-18
10200.8251	4.1480e-17	6.0884e-18
10201.4250	4.1472e-17	6.0982e-18
10202.0250	4.1315e-17	6.0573e-18
10202.6249	4.1240e-17	6.1423e-18
10203.2249	4.1315e-17	6.1927e-18
10203.8248	4.1231e-17	6.2283e-18
10204.4248	4.1101e-17	6.2368e-18
10205.0247	4.1140e-17	6.2408e-18
10205.6247	4.1227e-17	6.2425e-18
10206.2246	4.1239e-17	6.2410e-18
10206.8246	4.1237e-17	6.2351e-18
10207.4246	4.1352e-17	6.2226e-18
10208.0245	4.1339e-17	6.2021e-18
10208.6245	4.1328e-17	6.1730e-18
10209.2244	4.1285e-17	6.1348e-18
10209.8244	4.1277e-17	6.0837e-18
10210.4243	4.1302e-17	6.0590e-18
10211.0243	4.1304e-17	6.0601e-18
10211.6242	4.1342e-17	5.9681e-18
10212.2242	4.1370e-17	5.9192e-18
10212.8241	4.1464e-17	6.0228e-18
10213.4241	4.1330e-17	6.0286e-18
10214.0241	4.1228e-17	6.0272e-18
10214.6240	4.1173e-17	6.0261e-18
10215.2240	4.1091e-17	6.0440e-18
10215.8239	4.1124e-17	6.0569e-18
10216.4239	4.1126e-17	6.0906e-18
10217.0338	4.1170e-17	6.1489e-18
10217.6338	4.1349e-17	6.1552e-18
10218.2337	4.1315e-17	6.2512e-18
10218.8337	4.1309e-17	6.2534e-18
10219.4336	4.1335e-17	6.2671e-18
10220.0336	4.1406e-17	6.3024e-18
10220.6336	4.1550e-17	6.2150e-18
10221.2335	4.1636e-17	6.2449e-18
10221.8335	4.1671e-17	6.2368e-18
10222.4334	4.1692e-17	6.1953e-18
10223.0334	4.1798e-17	6.1943e-18
10223.6333	4.1941e-17	6.2104e-18
10224.2333	4.2089e-17	6.2186e-18
10224.8332	4.2174e-17	6.1535e-18
10225.4332	4.2154e-17	6.1403e-18
10226.0331	4.2185e-17	6.0112e-18
10226.6331	4.2202e-17	5.9800e-18
10227.2331	4.2248e-17	5.9698e-18
10227.8330	4.2407e-17	5.8756e-18
10228.4330	4.2476e-17	5.8526e-18
10229.0329	4.2550e-17	5.8458e-18
10229.6329	4.2644e-17	5.7565e-18
10230.2328	4.2760e-17	5.6876e-18
10230.8328	4.2698e-17	5.6986e-18
10231.4327	4.2745e-17	5.6987e-18
10232.0327	4.2783e-17	5.7037e-18
10232.6327	4.2900e-17	5.5061e-18
10233.2326	4.2863e-17	5.6279e-18
10233.8326	4.2958e-17	5.4036e-18
10234.4325	4.2945e-17	5.1960e-18
10235.0325	4.2930e-17	5.0050e-18
10235.6324	4.3027e-17	4.8437e-18
10236.2324	4.3086e-17	4.6768e-18
10236.8323	4.3104e-17	4.5725e-18
10237.4323	4.3097e-17	4.4442e-18
10238.0322	4.3187e-17	4.3334e-18
10238.6322	4.3255e-17	4.2529e-18
10239.2322	4.3345e-17	4.2169e-18
10239.8321	4.3400e-17	4.1651e-18
10240.4321	4.3351e-17	4.1413e-18
10241.0320	4.3375e-17	4.1435e-18
10241.6320	4.3482e-17	4.1615e-18
10242.2319	4.3526e-17	3.9289e-18
10242.8319	4.3502e-17	3.9602e-18
10243.4318	4.3578e-17	3.9403e-18
10244.0318	4.3709e-17	3.9397e-18
10244.6317	4.3697e-17	3.8269e-18
10245.2317	4.3703e-17	3.8497e-18
10245.8317	4.3741e-17	3.8400e-18
10246.4316	4.3808e-17	3.8331e-18
10247.0316	4.3906e-17	3.8320e-18
10247.6315	4.3984e-17	3.8247e-18
10248.2315	4.4013e-17	3.8747e-18
10248.8314	4.4088e-17	3.8782e-18
10249.4314	4.4168e-17	3.8669e-18
10250.0313	4.4224e-17	3.8699e-18
10250.6313	4.4232e-17	3.7418e-18
10251.2312	4.4338e-17	3.6977e-18
10251.8312	4.4421e-17	3.7709e-18
10252.4312	4.4473e-17	3.7874e-18
10253.0311	4.4476e-17	3.7861e-18
10253.6311	4.4475e-17	3.7724e-18
10254.2310	4.4501e-17	3.8514e-18
10254.8310	4.4546e-17	3.8381e-18
10255.4309	4.4602e-17	3.8308e-18
10256.0309	4.4553e-17	3.8378e-18
10256.6308	4.4595e-17	3.8384e-18
10257.2308	4.4607e-17	3.8646e-18
10257.8307	4.4655e-17	3.8515e-18
10258.4307	4.4775e-17	3.8376e-18
10259.0307	4.4735e-17	3.8320e-18
10259.6306	4.4808e-17	3.8193e-18
10260.2306	4.4885e-17	3.8139e-18
10260.8305	4.5028e-17	3.7032e-18
10261.4305	4.5149e-17	3.6709e-18
10262.0304	4.5270e-17	3.6647e-18
10262.6304	4.5377e-17	3.6542e-18
10263.2403	4.5398e-17	3.6429e-18
10263.8403	4.5385e-17	3.5886e-18
10264.4402	4.5446e-17	3.5579e-18
10265.0402	4.5511e-17	3.4894e-18
10265.6402	4.5477e-17	3.4496e-18
10266.2401	4.5517e-17	3.3133e-18
10266.8401	4.5578e-17	3.3087e-18
10267.4400	4.5535e-17	3.2878e-18
10268.0400	4.5569e-17	3.2409e-18
10268.6399	4.5558e-17	3.2400e-18
10269.2399	4.5555e-17	3.1888e-18
10269.8398	4.5578e-17	3.2210e-18
10270.4398	4.5667e-17	3.2880e-18
10271.0397	4.5708e-17	3.3075e-18
10271.6397	4.5819e-17	3.2738e-18
10272.2397	4.5818e-17	3.2674e-18
10272.8396	4.5841e-17	3.2103e-18
10273.4396	4.5802e-17	3.2099e-18
10274.0395	4.5796e-17	3.2158e-18
10274.6395	4.5824e-17	3.2265e-18
10275.2394	4.5801e-17	3.2594e-18
10275.8394	4.5852e-17	3.2963e-18
10276.4393	4.5875e-17	3.3635e-18
10277.0393	4.5895e-17	3.4358e-18
10277.6392	4.5912e-17	3.5475e-18
10278.2392	4.5924e-17	3.5441e-18
10278.8392	4.5933e-17	3.5632e-18
10279.4391	4.5936e-17	3.5630e-18
10280.0391	4.5961e-17	3.5634e-18
10280.6390	4.5968e-17	3.4908e-18
10281.2390	4.5984e-17	3.3228e-18
10281.8389	4.5986e-17	3.3218e-18
10282.4389	4.5980e-17	3.3734e-18
10283.0388	4.5944e-17	3.3629e-18
10283.6388	4.5946e-17	3.3724e-18
10284.2387	4.5943e-17	3.5963e-18
10284.8387	4.5899e-17	3.5624e-18
10285.4387	4.5868e-17	3.6238e-18
10286.0386	4.5868e-17	3.6654e-18
10286.6386	4.5869e-17	3.7643e-18
10287.2385	4.5855e-17	3.9894e-18
10287.8385	4.5886e-17	4.3367e-18
10288.4384	4.5891e-17	4.4626e-18
10289.0384	4.5905e-17	4.6463e-18
10289.6383	4.5884e-17	4.6148e-18
10290.2383	4.5901e-17	4.6109e-18
10290.8383	4.5904e-17	4.6662e-18
10291.4382	4.5891e-17	4.6926e-18
10292.0382	4.5894e-17	4.6896e-18
10292.6381	4.5881e-17	4.7133e-18
10293.2381	4.5891e-17	4.7195e-18
10293.8380	4.5838e-17	4.7347e-18
10294.4380	4.5830e-17	4.8644e-18
10295.0379	4.5788e-17	4.8855e-18
10295.6379	4.5736e-17	4.9206e-18
10296.2378	4.5738e-17	4.9688e-18
10296.8378	4.5771e-17	4.9474e-18
10297.4378	4.5773e-17	4.9596e-18
10298.0377	4.5716e-17	5.1195e-18
10298.6377	4.5690e-17	5.0876e-18
10299.2376	4.5615e-17	5.0943e-18
10299.8376	4.5567e-17	5.0588e-18
10300.4375	4.5529e-17	5.0886e-18
10301.0375	4.5444e-17	5.1258e-18
10301.6374	4.5386e-17	5.2063e-18
10302.2374	4.5330e-17	5.1524e-18
10302.8373	4.5234e-17	5.1512e-18
10303.4373	4.5135e-17	5.1654e-18
10304.0373	4.5062e-17	5.1684e-18
10304.6372	4.4947e-17	5.1623e-18
10305.2372	4.4839e-17	5.1237e-18
10305.8371	4.4838e-17	5.1619e-18
10306.4371	4.4688e-17	5.1731e-18
10307.0370	4.4668e-17	5.2282e-18
10307.6370	4.4671e-17	5.2281e-18
10308.2369	4.4665e-17	5.2276e-18
10308.8469	4.4663e-17	5.4138e-18
10309.4468	4.4665e-17	5.4383e-18
10310.0468	4.4668e-17	5.4471e-18
10310.6468	4.4636e-17	5.4458e-18
10311.2467	4.4623e-17	5.4688e-18
10311.8467	4.4616e-17	5.4918e-18
10312.4466	4.4597e-17	5.4908e-18
10313.0466	4.4620e-17	5.5822e-18
10313.6465	4.4642e-17	5.6188e-18
10314.2465	4.4593e-17	5.6179e-18
10314.8464	4.4588e-17	5.6173e-18
10315.4464	4.4614e-17	5.6355e-18
10316.0463	4.4567e-17	5.6679e-18
10316.6463	4.4528e-17	5.6695e-18
10317.2463	4.4480e-17	5.6758e-18
10317.8462	4.4396e-17	5.6287e-18
10318.4462	4.4359e-17	5.6041e-18
10319.0461	4.4352e-17	5.6101e-18
10319.6461	4.4343e-17	5.6038e-18
10320.2460	4.4313e-17	5.6699e-18
10320.8460	4.4304e-17	5.6700e-18
10321.4459	4.4297e-17	5.6756e-18
10322.0459	4.4315e-17	5.6865e-18
10322.6458	4.4286e-17	5.6893e-18
10323.2458	4.4282e-17	5.6811e-18
10323.8458	4.4215e-17	5.6598e-18
10324.4457	4.4167e-17	5.6224e-18
10325.0457	4.4125e-17	5.5659e-18
10325.6456	4.4135e-17	5.4880e-18
10326.2456	4.4143e-17	5.4784e-18
10326.8455	4.4115e-17	5.4574e-18
10327.4455	4.4120e-17	5.4575e-18
10328.0454	4.4128e-17	5.4409e-18
10328.6454	4.4135e-17	5.4200e-18
10329.2454	4.4150e-17	5.4130e-18
10329.8453	4.4143e-17	5.4980e-18
10330.4453	4.4153e-17	5.4572e-18
10331.0452	4.4189e-17	5.4581e-18
10331.6452	4.4202e-17	5.4389e-18
10332.2451	4.4223e-17	5.3313e-18
10332.8451	4.4267e-17	5.3363e-18
10333.4450	4.4301e-17	5.3205e-18
10334.0450	4.4231e-17	5.2919e-18
10334.6449	4.4257e-17	5.2000e-18
10335.2449	4.4259e-17	5.0268e-18
10335.8449	4.4281e-17	4.8335e-18
10336.4448	4.4298e-17	4.7234e-18
10337.0448	4.4367e-17	4.6025e-18
10337.6447	4.4378e-17	4.6027e-18
10338.2447	4.4360e-17	4.6077e-18
10338.8446	4.4394e-17	4.5415e-18
10339.4446	4.4354e-17	4.5238e-18
10340.0445	4.4370e-17	4.5942e-18
10340.6445	4.4377e-17	4.5729e-18
10341.2444	4.4380e-17	4.5503e-18
10341.8444	4.4408e-17	4.5379e-18
10342.4444	4.4364e-17	4.4250e-18
10343.0443	4.4362e-17	4.4146e-18
10343.6443	4.4387e-17	4.3653e-18
10344.2442	4.4396e-17	4.2220e-18
10344.8442	4.4388e-17	4.2207e-18
10345.4441	4.4363e-17	4.2041e-18
10346.0441	4.4336e-17	4.0300e-18
10346.6440	4.4345e-17	4.0432e-18
10347.2440	4.4340e-17	4.0343e-18
10347.8439	4.4365e-17	4.0127e-18
10348.4439	4.4391e-17	3.9552e-18
10349.0439	4.4398e-17	3.9112e-18
10349.6438	4.4429e-17	3.8236e-18
10350.2438	4.4489e-17	3.8338e-18
10350.8437	4.4495e-17	3.8485e-18
10351.4437	4.4482e-17	3.8439e-18
10352.0436	4.4464e-17	3.8417e-18
10352.6436	4.4468e-17	3.8457e-18
10353.2435	4.4491e-17	3.8624e-18
10353.8435	4.4448e-17	3.8097e-18
10354.4434	4.4391e-17	3.7968e-18
10355.0534	4.4403e-17	3.7333e-18
10355.6534	4.4391e-17	3.7364e-18
10356.2533	4.4405e-17	3.7405e-18
10356.8533	4.4382e-17	3.4668e-18
10357.4532	4.4378e-17	3.4472e-18
10358.0532	4.4409e-17	3.4405e-18
10358.6531	4.4421e-17	3.4405e-18
10359.2531	4.4459e-17	3.4034e-18
10359.8530	4.4444e-17	3.3694e-18
10360.4530	4.4479e-17	3.3704e-18
10361.0529	4.4500e-17	3.2432e-18
10361.6529	4.4520e-17	3.2172e-18
10362.2529	4.4547e-17	3.2172e-18
10362.8528	4.4547e-17	3.2220e-18
10363.4528	4.4546e-17	3.2269e-18
10364.0527	4.4590e-17	3.1785e-18
10364.6527	4.4619e-17	3.1750e-18
10365.2526	4.4620e-17	3.1925e-18
10365.8526	4.4616e-17	3.1803e-18
10366.4525	4.4643e-17	3.2117e-18
10367.0525	4.4667e-17	3.1768e-18
10367.6525	4.4662e-17	3.1746e-18
10368.2524	4.4677e-17	3.0524e-18
10368.8524	4.4673e-17	3.0537e-18
10369.4523	4.4645e-17	3.0455e-18
10370.0523	4.4701e-17	3.0702e-18
10370.6522	4.4680e-17	3.1199e-18
10371.2522	4.4653e-17	3.1702e-18
10371.8521	4.4612e-17	3.2277e-18
10372.4521	4.4616e-17	3.2912e-18
10373.0520	4.4654e-17	3.3596e-18
10373.6520	4.4676e-17	3.4313e-18
10374.2520	4.4656e-17	3.5050e-18
10374.8519	4.4655e-17	3.5796e-18
10375.4519	4.4696e-17	3.6542e-18
10376.0518	4.4693e-17	3.7290e-18
10376.6518	4.4704e-17	3.8033e-18
10377.2517	4.4727e-17	3.8800e-18
10377.8517	4.4707e-17	3.8216e-18
10378.4516	4.4659e-17	3.8286e-18
10379.0516	4.4661e-17	3.8432e-18
10379.6515	4.4660e-17	3.8392e-18
10380.2515	4.4645e-17	3.9197e-18
10380.8515	4.4617e-17	3.9051e-18
10381.4514	4.4606e-17	3.8538e-18
10382.0514	4.4607e-17	3.8433e-18
10382.6513	4.4599e-17	3.8430e-18
10383.2513	4.4598e-17	3.8379e-18
10383.8512	4.4590e-17	3.7268e-18
10384.4512	4.4585e-17	3.7476e-18
10385.0511	4.4547e-17	3.6662e-18
10385.6511	4.4527e-17	3.6695e-18
10386.2510	4.4506e-17	3.6762e-18
10386.8510	4.4465e-17	3.6569e-18
10387.4510	4.4423e-17	3.6878e-18
10388.0509	4.4411e-17	3.6207e-18
10388.6509	4.4386e-17	3.6322e-18
10389.2508	4.4386e-17	3.6474e-18
10389.8508	4.4344e-17	3.6440e-18
10390.4507	4.4314e-17	3.6075e-18
10391.0507	4.4257e-17	3.6102e-18
10391.6506	4.4248e-17	3.6188e-18
10392.2506	4.4199e-17	3.6278e-18
10392.8506	4.4143e-17	3.6330e-18
10393.4505	4.4104e-17	3.6251e-18
10394.0505	4.4051e-17	3.6175e-18
10394.6504	4.4000e-17	3.6064e-18
10395.2504	4.3970e-17	3.5935e-18
10395.8503	4.3952e-17	3.5788e-18
10396.4503	4.3928e-17	3.5627e-18
10397.0502	4.3930e-17	3.5450e-18
10397.6502	4.3942e-17	3.5252e-18
10398.2501	4.3961e-17	3.5036e-18
10398.8501	4.3973e-17	3.4808e-18
10399.4501	4.3937e-17	3.4566e-18
10400.0500	4.3898e-17	3.4304e-18
10400.6600	4.3884e-17	3.4702e-18
10401.2599	4.3861e-17	3.4434e-18
10401.8599	4.3806e-17	3.4444e-18
10402.4598	4.3753e-17	3.4467e-18
10403.0598	4.3729e-17	3.4400e-18
10403.6597	4.3741e-17	3.4801e-18
10404.2597	4.3717e-17	3.4870e-18
10404.8596	4.3670e-17	3.4808e-18
10405.4596	4.3587e-17	3.4789e-18
10406.0596	4.3508e-17	3.4723e-18
10406.6595	4.3415e-17	3.4816e-18
10407.2595	4.3360e-17	3.5271e-18
10407.8594	4.3283e-17	3.5939e-18
10408.4594	4.3336e-17	3.6013e-18
10409.0593	4.3409e-17	3.6115e-18
10409.6593	4.3450e-17	3.5914e-18
10410.2592	4.3500e-17	3.5963e-18
10410.8592	4.3474e-17	3.6055e-18
10411.4591	4.3438e-17	3.5678e-18
10412.0591	4.3467e-17	3.5658e-18
10412.6591	4.3429e-17	3.5735e-18
10413.2590	4.3382e-17	3.5460e-18
10413.8590	4.3378e-17	3.5398e-18
10414.4589	4.3409e-17	3.4888e-18
10415.0589	4.3335e-17	3.4957e-18
10415.6588	4.3262e-17	3.5095e-18
10416.2588	4.3184e-17	3.5411e-18
10416.8587	4.3189e-17	3.5480e-18
10417.4587	4.3227e-17	3.5478e-18
10418.0587	4.3172e-17	3.5193e-18
10418.6586	4.3156e-17	3.4758e-18
10419.2586	4.3053e-17	3.4617e-18
10419.8585	4.3008e-17	3.4122e-18
10420.4585	4.2994e-17	3.3575e-18
10421.0584	4.2933e-17	3.3212e-18
10421.6584	4.2943e-17	3.2497e-18
10422.2583	4.2881e-17	3.1759e-18
10422.8583	4.2809e-17	3.0993e-18
10423.4582	4.2794e-17	3.0181e-18
10424.0582	4.2766e-17	2.9805e-18
10424.6582	4.2766e-17	2.8721e-18
10425.2581	4.2734e-17	2.7495e-18
10425.8581	4.2703e-17	2.6104e-18
10426.4580	4.2686e-17	2.6069e-18
10427.0580	4.2629e-17	2.5989e-18
10427.6579	4.2619e-17	2.5999e-18
10428.2579	4.2632e-17	2.4469e-18
10428.8578	4.2601e-17	2.4409e-18
10429.4578	4.2577e-17	2.4384e-18
10430.0577	4.2625e-17	2.4450e-18
10430.6577	4.2574e-17	2.4508e-18
10431.2577	4.2531e-17	2.4533e-18
10431.8576	4.2505e-17	2.4552e-18
10432.4576	4.2506e-17	2.4082e-18
10433.0575	4.2455e-17	2.4599e-18
10433.6575	4.2459e-17	2.4615e-18
10434.2574	4.2405e-17	2.4401e-18
10434.8574	4.2372e-17	2.3925e-18
10435.4573	4.2368e-17	2.3277e-18
10436.0573	4.2365e-17	2.3270e-18
10436.6573	4.2344e-17	2.3190e-18
10437.2572	4.2391e-17	2.3035e-18
10437.8572	4.2381e-17	2.3151e-18
10438.4571	4.2390e-17	2.3188e-18
10439.0571	4.2362e-17	2.3087e-18
10439.6570	4.2375e-17	2.3033e-18
10440.2570	4.2347e-17	2.2944e-18
10440.8569	4.2323e-17	2.2866e-18
10441.4569	4.2261e-17	2.2881e-18
10442.0568	4.2291e-17	2.3018e-18
10442.6568	4.2288e-17	2.2994e-18
10443.2568	4.2276e-17	2.3101e-18
10443.8567	4.2238e-17	2.3858e-18
10444.4567	4.2215e-17	2.3917e-18
10445.0566	4.2178e-17	2.3959e-18
10445.6566	4.2148e-17	2.3984e-18
10446.2565	4.2141e-17	2.3993e-18
10446.8665	4.2124e-17	2.3987e-18
10447.4664	4.2106e-17	2.3963e-18
10448.0664	4.2113e-17	2.3923e-18
10448.6663	4.2096e-17	2.3130e-18
10449.2663	4.2083e-17	2.3133e-18
10449.8663	4.2077e-17	2.3148e-18
10450.4662	4.2050e-17	2.3156e-18
10451.0662	4.2091e-17	2.3204e-18
10451.6661	4.2107e-17	2.2682e-18
10452.2661	4.2103e-17	2.2683e-18
10452.8660	4.2096e-17	2.2633e-18
10453.4660	4.2123e-17	2.2598e-18
10454.0659	4.2162e-17	2.2737e-18
10454.6659	4.2218e-17	2.2765e-18
10455.2658	4.2259e-17	2.1869e-18
10455.8658	4.2278e-17	2.1050e-18
10456.4658	4.2298e-17	2.0961e-18
10457.0657	4.2261e-17	2.0548e-18
10457.6657	4.2289e-17	2.0508e-18
10458.2656	4.2249e-17	2.0634e-18
10458.8656	4.2264e-17	2.0704e-18
10459.4655	4.2251e-17	2.0490e-18
10460.0655	4.2227e-17	2.0494e-18
10460.6654	4.2217e-17	2.0630e-18
10461.2654	4.2274e-17	2.0867e-18
10461.8654	4.2275e-17	2.0981e-18
10462.4653	4.2271e-17	2.0921e-18
10463.0653	4.2289e-17	2.1452e-18
10463.6652	4.2293e-17	2.1253e-18
10464.2652	4.2327e-17	2.0529e-18
10464.8651	4.2322e-17	2.0477e-18
10465.4651	4.2296e-17	2.0528e-18
10466.0650	4.2291e-17	2.0527e-18
10466.6650	4.2288e-17	2.0505e-18
10467.2649	4.2284e-17	2.0058e-18
10467.8649	4.2297e-17	2.0231e-18
10468.4649	4.2314e-17	2.0540e-18
10469.0648	4.2327e-17	2.0098e-18
10469.6648	4.2333e-17	2.0097e-18
10470.2647	4.2371e-17	2.0141e-18
10470.8647	4.2398e-17	2.0068e-18
10471.4646	4.2424e-17	2.0035e-18
10472.0646	4.2422e-17	1.9228e-18
10472.6645	4.2428e-17	1.9222e-18
10473.2645	4.2442e-17	1.9725e-18
10473.8644	4.2463e-17	1.9861e-18
10474.4644	4.2490e-17	1.9978e-18
10475.0644	4.2496e-17	2.0115e-18
10475.6643	4.2516e-17	2.0023e-18
10476.2643	4.2523e-17	1.9971e-18
10476.8642	4.2538e-17	1.9928e-18
10477.4642	4.2556e-17	1.9816e-18
10478.0641	4.2599e-17	1.9666e-18
10478.6641	4.2615e-17	1.9513e-18
10479.2640	4.2660e-17	1.9408e-18
10479.8640	4.2704e-17	1.9937e-18
10480.4640	4.2734e-17	2.0289e-18
10481.0639	4.2786e-17	1.9886e-18
10481.6639	4.2842e-17	1.9969e-18
10482.2638	4.2930e-17	2.0512e-18
10482.8638	4.2931e-17	2.1037e-18
10483.4637	4.2969e-17	2.1199e-18
10484.0637	4.2985e-17	2.1271e-18
10484.6636	4.3051e-17	2.1150e-18
10485.2636	4.3082e-17	2.1415e-18
10485.8635	4.3114e-17	2.1388e-18
10486.4635	4.3159e-17	2.1404e-18
10487.0635	4.3197e-17	2.1553e-18
10487.6634	4.3268e-17	2.3508e-18
10488.2634	4.3310e-17	2.4714e-18
10488.8633	4.3354e-17	2.5011e-18
10489.4633	4.3458e-17	2.5259e-18
10490.0632	4.3528e-17	2.5463e-18
10490.6632	4.3602e-17	2.5484e-18
10491.2631	4.3615e-17	2.5525e-18
10491.8631	4.3630e-17	2.5128e-18
10492.4730	4.3640e-17	2.5184e-18
10493.0730	4.3642e-17	2.5232e-18
10493.6730	4.3658e-17	2.5273e-18
10494.2729	4.3656e-17	2.5309e-18
10494.8729	4.3656e-17	2.5336e-18
10495.4728	4.3665e-17	2.5357e-18
10496.0728	4.3616e-17	2.5371e-18
10496.6727	4.3595e-17	2.5378e-18
10497.2727	4.3565e-17	2.5378e-18
10497.8726	4.3494e-17	2.5372e-18
10498.4726	4.3450e-17	2.5357e-18
10499.0726	4.3433e-17	2.5380e-18
10499.6725	4.3461e-17	2.5432e-18
10500.2725	4.3477e-17	2.5315e-18
10500.8724	4.3468e-17	2.5255e-18
10501.4724	4.3494e-17	2.5199e-18
10502.0723	4.3527e-17	2.5037e-18
10502.6723	4.3524e-17	2.4857e-18
10503.2722	4.3512e-17	2.4957e-18
10503.8722	4.3534e-17	2.4974e-18
10504.4721	4.3536e-17	2.5143e-18
10505.0721	4.3544e-17	2.5210e-18
10505.6721	4.3578e-17	2.5433e-18
10506.2720	4.3622e-17	2.5602e-18
10506.8720	4.3653e-17	2.5873e-18
10507.4719	4.3662e-17	2.5901e-18
10508.0719	4.3654e-17	2.5893e-18
10508.6718	4.3610e-17	2.5723e-18
10509.2718	4.3643e-17	2.5472e-18
10509.8717	4.3648e-17	2.5380e-18
10510.4717	4.3665e-17	2.5479e-18
10511.0717	4.3676e-17	2.5310e-18
10511.6716	4.3658e-17	2.5325e-18
10512.2716	4.3678e-17	2.5322e-18
10512.8715	4.3724e-17	2.5265e-18
10513.4715	4.3751e-17	2.5205e-18
10514.0714	4.3762e-17	2.5199e-18
10514.6714	4.3776e-17	2.5268e-18
10515.2713	4.3791e-17	2.5367e-18
10515.8713	4.3787e-17	2.5987e-18
10516.4712	4.3781e-17	2.5794e-18
10517.0712	4.3771e-17	2.5897e-18
10517.6712	4.3778e-17	2.6050e-18
10518.2711	4.3777e-17	2.5968e-18
10518.8711	4.3790e-17	2.6137e-18
10519.4710	4.3781e-17	2.6176e-18
10520.0710	4.3763e-17	2.6159e-18
10520.6709	4.3749e-17	2.6148e-18
10521.2709	4.3775e-17	2.5753e-18
10521.8708	4.3818e-17	2.5827e-18
10522.4708	4.3829e-17	2.5733e-18
10523.0707	4.3831e-17	2.5623e-18
10523.6707	4.3849e-17	2.5636e-18
10524.2707	4.3843e-17	2.5845e-18
10524.8706	4.3872e-17	2.5824e-18
10525.4706	4.3885e-17	2.5876e-18
10526.0705	4.3871e-17	2.5884e-18
10526.6705	4.3879e-17	2.6020e-18
10527.2704	4.3879e-17	2.5930e-18
10527.8704	4.3855e-17	2.5508e-18
10528.4703	4.3810e-17	2.5369e-18
10529.0703	4.3829e-17	2.5573e-18
10529.6703	4.3826e-17	2.5515e-18
10530.2702	4.3838e-17	2.5598e-18
10530.8702	4.3835e-17	2.5191e-18
10531.4701	4.3808e-17	2.4922e-18
10532.0701	4.3807e-17	2.4790e-18
10532.6700	4.3792e-17	2.5117e-18
10533.2700	4.3793e-17	2.4992e-18
10533.8699	4.3813e-17	2.5062e-18
10534.4699	4.3806e-17	2.4980e-18
10535.0698	4.3790e-17	2.5359e-18
10535.6698	4.3789e-17	2.3482e-18
10536.2698	4.3785e-17	2.2052e-18
10536.8697	4.3761e-17	2.1888e-18
10537.4697	4.3799e-17	2.1755e-18
10538.0696	4.3790e-17	2.1856e-18
10538.6796	4.3774e-17	2.1814e-18
10539.2795	4.3756e-17	2.1848e-18
10539.8795	4.3742e-17	2.1719e-18
10540.4794	4.3762e-17	2.1834e-18
10541.0794	4.3766e-17	2.1945e-18
10541.6793	4.3774e-17	2.1862e-18
10542.2793	4.3799e-17	2.1807e-18
10542.8793	4.3803e-17	2.1774e-18
10543.4792	4.3801e-17	2.1915e-18
10544.0792	4.3796e-17	2.2123e-18
10544.6791	4.3790e-17	2.2131e-18
10545.2791	4.3764e-17	2.2130e-18
10545.8790	4.3763e-17	2.2968e-18
10546.4790	4.3775e-17	2.3632e-18
10547.0789	4.3780e-17	2.4089e-18
10547.6789	4.3786e-17	2.4419e-18
10548.2789	4.3791e-17	2.4714e-18
10548.8788	4.3797e-17	2.4937e-18
10549.4788	4.3803e-17	2.5093e-18
10550.0787	4.3810e-17	2.5190e-18
10550.6787	4.3818e-17	2.5229e-18
10551.2786	4.3827e-17	2.5208e-18
10551.8786	4.3837e-17	2.5127e-18
10552.4785	4.3849e-17	2.4983e-18
10553.0785	4.3862e-17	2.4782e-18
10553.6784	4.3875e-17	2.4542e-18
10554.2784	4.3864e-17	2.4161e-18
10554.8784	4.3879e-17	2.3748e-18
10555.4783	4.3919e-17	2.3912e-18
10556.0783	4.3903e-17	2.4683e-18
10556.6782	4.3906e-17	2.4721e-18
10557.2782	4.3939e-17	2.4724e-18
10557.8781	4.3958e-17	2.4773e-18
10558.4781	4.3958e-17	2.4680e-18
10559.0780	4.3970e-17	2.4203e-18
10559.6780	4.3971e-17	2.4181e-18
10560.2780	4.3984e-17	2.4459e-18
10560.8779	4.3997e-17	2.4560e-18
10561.4779	4.4020e-17	2.4566e-18
10562.0778	4.4041e-17	2.4576e-18
10562.6778	4.4032e-17	2.4467e-18
10563.2777	4.4028e-17	2.5595e-18
10563.8777	4.4030e-17	2.5407e-18
10564.4776	4.4013e-17	2.5911e-18
10565.0776	4.4008e-17	2.5813e-18
10565.6775	4.4002e-17	2.5667e-18
10566.2775	4.4036e-17	2.5667e-18
10566.8775	4.4078e-17	2.5446e-18
10567.4774	4.4104e-17	2.5429e-18
10568.0774	4.4115e-17	2.5389e-18
10568.6773	4.4135e-17	2.5399e-18
10569.2773	4.4149e-17	2.5657e-18
10569.8772	4.4157e-17	2.6325e-18
10570.4772	4.4173e-17	2.6260e-18
10571.0771	4.4186e-17	2.6230e-18
10571.6771	4.4198e-17	2.7714e-18
10572.2771	4.4195e-17	2.7650e-18
10572.8770	4.4187e-17	2.7790e-18
10573.4770	4.4213e-17	2.7805e-18
10574.0769	4.4232e-17	2.7824e-18
10574.6769	4.4237e-17	2.7773e-18
10575.2768	4.4267e-17	2.8474e-18
10575.8768	4.4292e-17	2.8428e-18
10576.4767	4.4311e-17	2.8269e-18
10577.0767	4.4288e-17	2.8473e-18
10577.6766	4.4312e-17	2.8455e-18
10578.2766	4.4300e-17	2.7945e-18
10578.8766	4.4279e-17	2.7887e-18
10579.4765	4.4278e-17	2.7901e-18
10580.0765	4.4299e-17	2.8165e-18
10580.6764	4.4301e-17	2.8005e-18
10581.2764	4.4319e-17	2.8183e-18
10581.8763	4.4322e-17	2.8079e-18
10582.4763	4.4376e-17	2.8432e-18
10583.0762	4.4394e-17	2.8010e-18
10583.6762	4.4436e-17	2.8238e-18
10584.2861	4.4425e-17	2.8237e-18
10584.8861	4.4424e-17	2.8119e-18
10585.4861	4.4432e-17	2.7994e-18
10586.0860	4.4430e-17	2.7682e-18
10586.6860	4.4473e-17	2.8668e-18
10587.2859	4.4492e-17	2.8708e-18
10587.8859	4.4523e-17	2.8682e-18
10588.4858	4.4548e-17	2.8503e-18
10589.0858	4.4546e-17	2.8368e-18
10589.6857	4.4586e-17	2.8401e-18
10590.2857	4.4620e-17	2.8430e-18
10590.8857	4.4620e-17	2.8540e-18
10591.4856	4.4652e-17	2.8472e-18
10592.0856	4.4637e-17	2.8246e-18
10592.6855	4.4651e-17	2.8387e-18
10593.2855	4.4647e-17	2.8399e-18
10593.8854	4.4683e-17	2.7917e-18
10594.4854	4.4728e-17	2.7449e-18
10595.0853	4.4778e-17	2.7909e-18
10595.6853	4.4801e-17	2.7727e-18
10596.2852	4.4837e-17	2.7515e-18
10596.8852	4.4855e-17	2.7278e-18
10597.4852	4.4858e-17	2.7312e-18
10598.0851	4.4900e-17	2.7165e-18
10598.6851	4.4932e-17	2.7115e-18
10599.2850	4.4966e-17	2.7071e-18
10599.8850	4.5016e-17	2.7036e-18
10600.4849	4.5028e-17	2.7016e-18
10601.0849	4.5095e-17	2.6992e-18
10601.6848	4.5156e-17	2.6985e-18
10602.2848	4.5166e-17	2.7017e-18
10602.8848	4.5172e-17	2.7012e-18
10603.4847	4.5176e-17	2.6967e-18
10604.0847	4.5186e-17	2.6435e-18
10604.6846	4.5195e-17	2.6572e-18
10605.2846	4.5200e-17	2.6817e-18
10605.8845	4.5204e-17	2.6848e-18
10606.4845	4.5254e-17	2.6846e-18
10607.0844	4.5235e-17	2.6841e-18
10607.6844	4.5248e-17	2.6794e-18
10608.2843	4.5258e-17	2.6756e-18
10608.8843	4.5183e-17	2.6703e-18
10609.4843	4.5138e-17	2.6701e-18
10610.0842	4.5153e-17	2.6796e-18
10610.6842	4.5125e-17	2.6805e-18
10611.2841	4.5135e-17	2.5754e-18
10611.8841	4.5127e-17	2.5263e-18
10612.4840	4.5090e-17	2.4676e-18
10613.0840	4.5098e-17	2.4902e-18
10613.6839	4.5137e-17	2.4877e-18
10614.2839	4.5178e-17	2.4871e-18
10614.8839	4.5145e-17	2.4867e-18
10615.4838	4.5107e-17	2.4679e-18
10616.0838	4.5138e-17	2.4684e-18
10616.6837	4.5178e-17	2.4650e-18
10617.2837	4.5184e-17	2.4276e-18
10617.8836	4.5180e-17	2.3486e-18
10618.4836	4.5183e-17	2.3526e-18
10619.0835	4.5193e-17	2.3543e-18
10619.6835	4.5162e-17	2.1862e-18
10620.2834	4.5158e-17	2.1678e-18
10620.8834	4.5138e-17	2.1450e-18
10621.4834	4.5134e-17	2.1368e-18
10622.0833	4.5132e-17	2.1343e-18
10622.6833	4.5131e-17	2.1177e-18
10623.2832	4.5132e-17	2.0190e-18
10623.8832	4.5136e-17	2.0190e-18
10624.4831	4.5142e-17	2.0162e-18
10625.0831	4.5151e-17	1.9464e-18
10625.6830	4.5163e-17	1.9487e-18
10626.2830	4.5179e-17	1.9565e-18
10626.8830	4.5198e-17	1.9698e-18
10627.4829	4.5222e-17	1.9799e-18
10628.0829	4.5250e-17	1.9467e-18
10628.6828	4.5242e-17	1.9313e-18
10629.2828	4.5252e-17	1.9446e-18
10629.8827	4.5258e-17	2.0109e-18
10630.4927	4.5267e-17	1.9975e-18
10631.0926	4.5269e-17	2.0475e-18
10631.6926	4.5264e-17	2.0534e-18
10632.2925	4.5243e-17	2.0715e-18
10632.8925	4.5257e-17	2.0771e-18
10633.4925	4.5259e-17	2.0649e-18
10634.0924	4.5269e-17	2.0673e-18
10634.6924	4.5269e-17	1.9465e-18
10635.2923	4.5268e-17	1.9436e-18
10635.8923	4.5280e-17	1.9466e-18
10636.4922	4.5294e-17	1.9588e-18
10637.0922	4.5287e-17	1.9524e-18
10637.6921	4.5295e-17	1.9485e-18
10638.2921	4.5267e-17	1.9683e-18
10638.8921	4.5302e-17	1.9649e-18
10639.4920	4.5290e-17	2.0299e-18
10640.0920	4.5323e-17	2.0493e-18
10640.6919	4.5341e-17	2.0837e-18
10641.2919	4.5358e-17	2.0875e-18
10641.8918	4.5353e-17	2.0698e-18
10642.4918	4.5364e-17	2.0655e-18
10643.0917	4.5368e-17	1.9548e-18
10643.6917	4.5417e-17	1.9319e-18
10644.2916	4.5433e-17	1.9233e-18
10644.8916	4.5425e-17	1.9237e-18
10645.4916	4.5447e-17	1.8925e-18
10646.0915	4.5454e-17	1.8980e-18
10646.6915	4.5403e-17	1.9246e-18
10647.2914	4.5392e-17	1.9180e-18
10647.8914	4.5477e-17	1.9382e-18
10648.4913	4.5460e-17	1.9376e-18
10649.0913	4.5491e-17	1.9381e-18
10649.6912	4.5520e-17	1.9428e-18
10650.2912	4.5537e-17	1.9427e-18
10650.8912	4.5565e-17	2.0054e-18
10651.4911	4.5559e-17	2.0142e-18
10652.0911	4.5547e-17	2.0126e-18
10652.6910	4.5563e-17	2.0574e-18
10653.2910	4.5589e-17	2.0270e-18
10653.8909	4.5587e-17	2.0265e-18
10654.4909	4.5608e-17	2.0426e-18
10655.0908	4.5636e-17	2.0431e-18
10655.6908	4.5635e-17	2.1398e-18
10656.2907	4.5681e-17	2.1281e-18
10656.8907	4.5671e-17	2.1229e-18
10657.4907	4.5659e-17	2.1630e-18
10658.0906	4.5648e-17	2.1477e-18
10658.6906	4.5693e-17	2.2243e-18
10659.2905	4.5679e-17	2.2279e-18
10659.8905	4.5647e-17	2.2302e-18
10660.4904	4.5677e-17	2.2443e-18
10661.0904	4.5679e-17	2.2221e-18
10661.6903	4.5663e-17	2.2240e-18
10662.2903	4.5616e-17	2.2382e-18
10662.8903	4.5636e-17	2.3334e-18
10663.4902	4.5640e-17	2.3330e-18
10664.0902	4.5662e-17	2.3405e-18
10664.6901	4.5680e-17	2.3702e-18
10665.2901	4.5638e-17	2.3672e-18
10665.8900	4.5629e-17	2.4392e-18
10666.4900	4.5612e-17	2.4336e-18
10667.0899	4.5657e-17	2.4450e-18
10667.6899	4.5689e-17	2.4388e-18
10668.2898	4.5749e-17	2.4268e-18
10668.8898	4.5801e-17	2.5491e-18
10669.4898	4.5826e-17	2.5709e-18
10670.0897	4.5820e-17	2.5707e-18
10670.6897	4.5839e-17	2.5710e-18
10671.2896	4.5871e-17	2.6246e-18
10671.8896	4.5907e-17	2.6307e-18
10672.4895	4.5921e-17	2.6415e-18
10673.0895	4.5933e-17	2.6499e-18
10673.6894	4.5944e-17	2.7317e-18
10674.2894	4.5956e-17	2.7275e-18
10674.8894	4.5957e-17	2.7527e-18
10675.4893	4.5962e-17	2.7648e-18
10676.0993	4.5959e-17	2.7650e-18
10676.6992	4.5952e-17	2.7620e-18
10677.2992	4.5927e-17	2.7307e-18
10677.8991	4.5942e-17	2.7184e-18
10678.4991	4.5946e-17	2.7064e-18
10679.0990	4.5964e-17	2.6704e-18
10679.6990	4.5981e-17	2.6450e-18
10680.2989	4.6014e-17	2.6897e-18
10680.8989	4.6035e-17	2.6999e-18
10681.4989	4.6023e-17	2.7290e-18
10682.0988	4.6065e-17	2.7293e-18
10682.6988	4.6113e-17	2.7835e-18
10683.2987	4.6119e-17	2.7705e-18
10683.8987	4.6159e-17	2.7683e-18
10684.4986	4.6117e-17	2.7597e-18
10685.0986	4.6100e-17	2.7623e-18
10685.6985	4.6033e-17	2.7592e-18
10686.2985	4.6007e-17	2.7672e-18
10686.8985	4.5984e-17	2.7544e-18
10687.4984	4.5972e-17	2.7584e-18
10688.0984	4.5975e-17	2.8223e-18
10688.6983	4.5967e-17	2.8908e-18
10689.2983	4.5981e-17	3.0241e-18
10689.8982	4.5995e-17	3.0534e-18
10690.4982	4.5999e-17	3.1243e-18
10691.0981	4.6065e-17	3.1253e-18
10691.6981	4.6106e-17	3.1265e-18
10692.2980	4.6157e-17	3.1240e-18
10692.8980	4.6242e-17	3.1332e-18
10693.4980	4.6276e-17	3.1741e-18
10694.0979	4.6293e-17	3.1747e-18
10694.6979	4.6329e-17	3.1557e-18
10695.2978	4.6355e-17	3.1563e-18
10695.8978	4.6403e-17	3.1429e-18
10696.4977	4.6468e-17	3.1430e-18
10697.0977	4.6510e-17	3.1429e-18
10697.6976	4.6516e-17	3.1396e-18
10698.2976	4.6560e-17	3.1384e-18
10698.8976	4.6591e-17	3.0940e-18
10699.4975	4.6634e-17	3.0828e-18
10700.0975	4.6647e-17	3.0732e-18
10700.6974	4.6684e-17	3.0264e-18
10701.2974	4.6695e-17	3.0267e-18
10701.8973	4.6707e-17	3.0155e-18
10702.4973	4.6760e-17	3.0074e-18
10703.0972	4.6787e-17	3.0074e-18
10703.6972	4.6806e-17	2.9268e-18
10704.2971	4.6822e-17	2.9205e-18
10704.8971	4.6835e-17	2.9175e-18
10705.4971	4.6858e-17	2.8894e-18
10706.0970	4.6853e-17	2.8892e-18
10706.6970	4.6909e-17	2.8236e-18
10707.2969	4.6933e-17	2.8050e-18
10707.8969	4.6907e-17	2.7933e-18
10708.4968	4.6906e-17	2.7866e-18
10709.0968	4.6901e-17	2.7892e-18
10709.6967	4.6912e-17	2.7921e-18
10710.2967	4.6897e-17	2.7880e-18
10710.8967	4.6926e-17	2.7189e-18
10711.4966	4.6934e-17	2.7258e-18
10712.0966	4.6951e-17	2.7600e-18
10712.6965	4.6960e-17	2.7354e-18
10713.2965	4.6975e-17	2.7689e-18
10713.8964	4.6991e-17	2.6892e-18
10714.4964	4.6975e-17	2.6951e-18
10715.0963	4.7037e-17	2.6779e-18
10715.6963	4.7044e-17	2.7102e-18
10716.2963	4.6995e-17	2.7158e-18
10716.8962	4.7000e-17	2.6234e-18
10717.4962	4.7006e-17	2.6654e-18
10718.0961	4.7023e-17	2.6672e-18
10718.6961	4.7035e-17	2.7201e-18
10719.2960	4.7068e-17	2.6685e-18
10719.8960	4.7055e-17	2.6949e-18
10720.4959	4.7050e-17	2.9731e-18
10721.0959	4.7028e-17	3.0413e-18
10721.6958	4.7014e-17	3.0867e-18
10722.3058	4.7015e-17	3.2290e-18
10722.9058	4.6988e-17	3.2135e-18
10723.5057	4.6983e-17	3.2196e-18
10724.1057	4.6995e-17	3.2311e-18
10724.7056	4.6988e-17	3.2519e-18
10725.3056	4.6979e-17	3.2426e-18
10725.9055	4.7001e-17	3.2331e-18
10726.5055	4.7041e-17	3.2091e-18
10727.1054	4.7056e-17	3.2131e-18
10727.7054	4.7032e-17	3.2126e-18
10728.3054	4.7048e-17	3.1765e-18
10728.9053	4.7035e-17	3.2303e-18
10729.5053	4.7044e-17	3.2008e-18
10730.1052	4.7050e-17	3.4706e-18
10730.7052	4.7036e-17	3.4310e-18
10731.3051	4.7032e-17	3.4430e-18
10731.9051	4.7034e-17	3.4428e-18
10732.5050	4.7060e-17	3.4816e-18
10733.1050	4.7043e-17	3.4821e-18
10733.7049	4.7040e-17	3.5444e-18
10734.3049	4.7050e-17	3.5300e-18
10734.9049	4.7045e-17	3.5316e-18
10735.5048	4.7040e-17	3.4905e-18
10736.1048	4.7034e-17	3.4731e-18
10736.7047	4.7026e-17	3.4171e-18
10737.3047	4.7018e-17	3.2953e-18
10737.9046	4.7008e-17	3.2993e-18
10738.5046	4.6997e-17	3.2363e-18
10739.1045	4.6985e-17	3.2597e-18
10739.7045	4.6970e-17	3.2582e-18
10740.3045	4.6964e-17	3.2659e-18
10740.9044	4.6926e-17	3.2746e-18
10741.5044	4.6925e-17	3.2332e-18
10742.1043	4.6906e-17	3.3043e-18
10742.7043	4.6872e-17	3.3485e-18
10743.3042	4.6840e-17	3.3498e-18
10743.9042	4.6809e-17	3.3930e-18
10744.5041	4.6782e-17	3.3931e-18
10745.1041	4.6757e-17	3.4006e-18
10745.7041	4.6734e-17	3.4168e-18
10746.3040	4.6714e-17	3.4172e-18
10746.9040	4.6697e-17	3.4177e-18
10747.5039	4.6683e-17	3.4183e-18
10748.1039	4.6672e-17	3.4188e-18
10748.7038	4.6665e-17	3.4194e-18
10749.3038	4.6645e-17	3.4199e-18
10749.9037	4.6678e-17	3.4205e-18
10750.5037	4.6649e-17	3.4174e-18
10751.1036	4.6674e-17	3.4189e-18
10751.7036	4.6710e-17	3.4193e-18
10752.3036	4.6667e-17	3.4204e-18
10752.9035	4.6633e-17	3.4220e-18
10753.5035	4.6636e-17	3.4229e-18
10754.1034	4.6622e-17	3.4507e-18
10754.7034	4.6622e-17	3.4512e-18
10755.3033	4.6617e-17	3.5773e-18
10755.9033	4.6619e-17	3.5800e-18
10756.5032	4.6612e-17	3.6059e-18
10757.1032	4.6615e-17	3.6102e-18
10757.7032	4.6638e-17	3.6322e-18
10758.3031	4.6654e-17	3.6512e-18
10758.9031	4.6677e-17	3.6374e-18
10759.5030	4.6708e-17	3.7910e-18
10760.1030	4.6702e-17	3.8824e-18
10760.7029	4.6691e-17	3.9563e-18
10761.3029	4.6660e-17	3.9941e-18
10761.9028	4.6630e-17	4.0262e-18
10762.5028	4.6605e-17	4.0442e-18
10763.1027	4.6600e-17	4.0405e-18
10763.7027	4.6589e-17	4.0281e-18
10764.3027	4.6567e-17	4.0257e-18
10764.9026	4.6562e-17	4.0235e-18
10765.5026	4.6533e-17	3.9845e-18
10766.1025	4.6498e-17	4.0024e-18
10766.7025	4.6489e-17	3.9835e-18
10767.3024	4.6500e-17	3.9820e-18
10767.9124	4.6508e-17	3.9690e-18
10768.5123	4.6501e-17	3.7910e-18
10769.1123	4.6486e-17	3.7303e-18
10769.7123	4.6480e-17	3.6426e-18
10770.3122	4.6446e-17	3.5153e-18
10770.9122	4.6439e-17	3.5358e-18
10771.5121	4.6413e-17	3.5489e-18
10772.1121	4.6430e-17	3.5438e-18
10772.7120	4.6393e-17	3.5364e-18
10773.3120	4.6387e-17	3.5470e-18
10773.9119	4.6408e-17	3.5267e-18
10774.5119	4.6383e-17	3.5286e-18
10775.1119	4.6385e-17	3.5217e-18
10775.7118	4.6389e-17	3.5237e-18
10776.3118	4.6384e-17	3.5206e-18
10776.9117	4.6402e-17	3.4807e-18
10777.5117	4.6377e-17	3.5123e-18
10778.1116	4.6355e-17	3.2525e-18
10778.7116	4.6320e-17	3.2648e-18
10779.3115	4.6308e-17	3.2553e-18
10779.9115	4.6327e-17	3.2786e-18
10780.5114	4.6335e-17	3.2876e-18
10781.1114	4.6341e-17	3.2941e-18
10781.7114	4.6324e-17	3.2286e-18
10782.3113	4.6318e-17	3.2209e-18
10782.9113	4.6310e-17	3.2267e-18
10783.5112	4.6295e-17	3.2304e-18
10784.1112	4.6328e-17	3.1891e-18
10784.7111	4.6324e-17	3.1665e-18
10785.3111	4.6304e-17	3.1684e-18
10785.9110	4.6316e-17	3.1371e-18
10786.5110	4.6304e-17	3.1311e-18
10787.1110	4.6342e-17	3.1089e-18
10787.7109	4.6329e-17	3.1342e-18
10788.3109	4.6346e-17	3.1884e-18
10788.9108	4.6354e-17	3.2552e-18
10789.5108	4.6358e-17	3.2588e-18
10790.1107	4.6315e-17	3.2108e-18
10790.7107	4.6289e-17	3.1625e-18
10791.3106	4.6284e-17	3.1697e-18
10791.9106	4.6291e-17	3.1514e-18
10792.5106	4.6329e-17	3.2080e-18
10793.1105	4.6325e-17	3.2843e-18
10793.7105	4.6294e-17	3.2642e-18
10794.3104	4.6318e-17	3.2700e-18
10794.9104	4.6312e-17	3.2754e-18
10795.5103	4.6332e-17	3.2762e-18
10796.1103	4.6327e-17	3.2808e-18
10796.7102	4.6320e-17	3.3098e-18
10797.3102	4.6324e-17	3.3103e-18
10797.9101	4.6326e-17	3.3160e-18
10798.5101	4.6310e-17	3.3244e-18
10799.1101	4.6280e-17	3.3441e-18
10799.7100	4.6249e-17	3.3468e-18
10800.3100	4.6222e-17	3.3768e-18
10800.9099	4.6199e-17	3.4313e-18
10801.5099	4.6147e-17	3.4470e-18
10802.1098	4.6137e-17	3.4438e-18
10802.7098	4.6097e-17	3.4441e-18
10803.3097	4.6097e-17	3.3170e-18
10803.9097	4.6103e-17	3.3136e-18
10804.5097	4.6100e-17	3.2834e-18
10805.1096	4.6091e-17	3.2896e-18
10805.7096	4.6041e-17	3.2620e-18
10806.3095	4.6052e-17	3.3626e-18
10806.9095	4.6018e-17	3.3601e-18
10807.5094	4.6016e-17	3.1758e-18
10808.1094	4.6024e-17	3.0206e-18
10808.7093	4.5989e-17	2.8936e-18
10809.3093	4.5973e-17	2.7954e-18
10809.9093	4.6006e-17	2.7247e-18
10810.5092	4.6045e-17	2.6777e-18
10811.1092	4.6028e-17	2.6509e-18
10811.7091	4.5993e-17	2.6383e-18
10812.3091	4.6007e-17	2.6352e-18
10812.9090	4.6021e-17	2.6352e-18
10813.5090	4.6007e-17	2.6322e-18
10814.1189	4.5988e-17	2.6261e-18
10814.7189	4.6015e-17	2.6472e-18
10815.3188	4.5997e-17	2.6580e-18
10815.9188	4.6005e-17	2.6593e-18
10816.5188	4.6004e-17	2.6744e-18
10817.1187	4.6008e-17	2.7090e-18
10817.7187	4.6022e-17	2.7439e-18
10818.3186	4.6044e-17	2.7819e-18
10818.9186	4.6020e-17	2.7919e-18
10819.5185	4.6009e-17	2.7858e-18
10820.1185	4.6013e-17	2.8228e-18
10820.7184	4.6011e-17	2.8587e-18
10821.3184	4.6009e-17	2.8922e-18
10821.9184	4.6006e-17	2.9339e-18
10822.5183	4.6020e-17	2.9779e-18
10823.1183	4.5999e-17	3.0206e-18
10823.7182	4.5969e-17	3.0368e-18
10824.3182	4.5935e-17	3.0288e-18
10824.9181	4.5903e-17	3.0171e-18
10825.5181	4.5878e-17	2.9826e-18
10826.1180	4.5860e-17	3.0173e-18
10826.7180	4.5848e-17	3.0288e-18
10827.3179	4.5843e-17	3.0410e-18
10827.9179	4.5843e-17	3.0258e-18
10828.5179	4.5849e-17	2.9692e-18
10829.1178	4.5860e-17	2.9570e-18
10829.7178	4.5877e-17	2.9570e-18
10830.3177	4.5899e-17	2.9563e-18
10830.9177	4.5926e-17	2.9535e-18
10831.5176	4.5957e-17	2.9588e-18
10832.1176	4.5981e-17	2.9653e-18
10832.7175	4.6004e-17	2.9840e-18
10833.3175	4.6087e-17	3.0008e-18
10833.9175	4.6127e-17	3.0100e-18
10834.5174	4.6179e-17	3.0716e-18
10835.1174	4.6203e-17	3.0803e-18
10835.7173	4.6245e-17	3.0536e-18
10836.3173	4.6277e-17	2.9933e-18
10836.9172	4.6313e-17	2.8956e-18
10837.5172	4.6350e-17	2.8918e-18
10838.1171	4.6365e-17	2.8592e-18
10838.7171	4.6388e-17	2.8471e-18
10839.3171	4.6411e-17	2.8437e-18
10839.9170	4.6485e-17	2.8446e-18
10840.5170	4.6554e-17	2.7837e-18
10841.1169	4.6633e-17	2.6956e-18
10841.7169	4.6713e-17	2.6954e-18
10842.3168	4.6798e-17	2.6914e-18
10842.9168	4.6794e-17	2.7071e-18
10843.5167	4.6888e-17	2.7233e-18
10844.1167	4.6893e-17	2.7234e-18
10844.7167	4.6907e-17	2.6948e-18
10845.3166	4.6923e-17	2.6945e-18
10845.9166	4.6956e-17	2.6929e-18
10846.5165	4.6996e-17	2.6840e-18
10847.1165	4.7030e-17	2.6606e-18
10847.7164	4.7061e-17	2.6674e-18
10848.3164	4.7071e-17	2.6280e-18
10848.9163	4.7092e-17	2.5489e-18
10849.5163	4.7076e-17	2.5344e-18
10850.1162	4.7032e-17	2.5084e-18
10850.7162	4.7104e-17	2.5067e-18
10851.3162	4.7090e-17	2.5068e-18
10851.9161	4.7146e-17	2.5073e-18
10852.5161	4.7183e-17	2.5084e-18
10853.1160	4.7188e-17	2.4906e-18
10853.7160	4.7176e-17	2.4895e-18
10854.3159	4.7175e-17	2.3046e-18
10854.9159	4.7202e-17	2.3106e-18
10855.5158	4.7182e-17	2.3190e-18
10856.1158	4.7186e-17	2.3297e-18
10856.7158	4.7190e-17	2.3429e-18
10857.3157	4.7235e-17	2.3581e-18
10857.9157	4.7208e-17	2.3727e-18
10858.5156	4.7237e-17	2.3784e-18
10859.1156	4.7239e-17	2.3769e-18
10859.7255	4.7240e-17	2.3760e-18
10860.3255	4.7241e-17	2.3737e-18
10860.9254	4.7230e-17	2.3860e-18
10861.5254	4.7225e-17	2.3851e-18
10862.1254	4.7225e-17	2.3654e-18
10862.7253	4.7237e-17	2.3774e-18
10863.3253	4.7186e-17	2.3245e-18
10863.9252	4.7151e-17	2.3241e-18
10864.5252	4.7140e-17	2.3040e-18
10865.1251	4.7173e-17	2.2797e-18
10865.7251	4.7134e-17	2.2545e-18
10866.3250	4.7120e-17	2.2323e-18
10866.9250	4.7090e-17	2.1951e-18
10867.5249	4.7084e-17	2.1926e-18
10868.1249	4.7111e-17	2.2472e-18
10868.7249	4.7084e-17	2.2749e-18
10869.3248	4.7101e-17	2.2801e-18
10869.9248	4.7101e-17	2.2647e-18
10870.5247	4.7093e-17	2.2310e-18
10871.1247	4.7061e-17	2.1796e-18
10871.7246	4.7043e-17	2.1757e-18
10872.3246	4.7032e-17	2.1648e-18
10872.9245	4.7021e-17	2.1562e-18
10873.5245	4.7010e-17	2.1556e-18
10874.1245	4.6999e-17	2.0820e-18
10874.7244	4.6976e-17	2.0277e-18
10875.3244	4.6934e-17	1.9904e-18
10875.9243	4.6916e-17	1.9720e-18
10876.5243	4.6945e-17	1.9579e-18
10877.1242	4.6919e-17	1.9568e-18
10877.7242	4.6876e-17	1.9617e-18
10878.3241	4.6865e-17	1.9628e-18
10878.9241	4.6821e-17	1.9623e-18
10879.5241	4.6818e-17	2.1610e-18
10880.1240	4.6802e-17	2.1575e-18
10880.7240	4.6843e-17	2.2070e-18
10881.3239	4.6904e-17	2.2208e-18
10881.9239	4.6952e-17	2.2120e-18
10882.5238	4.7001e-17	2.1092e-18
10883.1238	4.7020e-17	2.1226e-18
10883.7237	4.7061e-17	2.1217e-18
10884.3237	4.7083e-17	2.1199e-18
10884.9237	4.7115e-17	2.1184e-18
10885.5236	4.7099e-17	2.1188e-18
10886.1236	4.7091e-17	2.1304e-18
10886.7235	4.7089e-17	2.1382e-18
10887.3235	4.7097e-17	2.1224e-18
10887.9234	4.7094e-17	2.0695e-18
10888.5234	4.7128e-17	2.0682e-18
10889.1233	4.7149e-17	2.0722e-18
10889.7233	4.7134e-17	2.0726e-18
10890.3232	4.7126e-17	2.0722e-18
10890.9232	4.7114e-17	2.0632e-18
10891.5232	4.7109e-17	2.0702e-18
10892.1231	4.7078e-17	2.0895e-18
10892.7231	4.7100e-17	2.1486e-18
10893.3230	4.7137e-17	2.1616e-18
10893.9230	4.7130e-17	2.1599e-18
10894.5229	4.7128e-17	2.1589e-18
10895.1229	4.7148e-17	2.1658e-18
10896.3228	4.7140e-17	2.1714e-18
10896.9228	4.7138e-17	2.1593e-18
10897.5227	4.7140e-17	2.2501e-18
10898.1227	4.7112e-17	2.4683e-18
10898.7226	4.7103e-17	2.6363e-18
10899.3226	4.7119e-17	2.7793e-18
10899.9225	4.7099e-17	2.8989e-18
10900.5225	4.7097e-17	2.9972e-18
10901.1224	4.7088e-17	3.0783e-18
10901.7224	4.7119e-17	3.1441e-18
10902.3224	4.7108e-17	3.1960e-18
10902.9223	4.7091e-17	3.2355e-18
10903.5223	4.7081e-17	3.2634e-18
10904.1222	4.7077e-17	3.2812e-18
10904.7222	4.7089e-17	3.2896e-18
10905.3221	4.7078e-17	3.2899e-18
10905.9321	4.7087e-17	3.2835e-18
10906.5320	4.7053e-17	3.2733e-18
10907.1320	4.7045e-17	3.2863e-18
10907.7319	4.7037e-17	3.3249e-18
10908.3319	4.7023e-17	3.3494e-18
10908.9319	4.7012e-17	3.3493e-18
10909.5318	4.6984e-17	3.3369e-18
10910.1318	4.7011e-17	3.3373e-18
10910.7317	4.6970e-17	3.3548e-18
10911.3317	4.6979e-17	3.3417e-18
10911.9316	4.7005e-17	3.3407e-18
10912.5316	4.6997e-17	3.3430e-18
10913.1315	4.6989e-17	3.3816e-18
10913.7315	4.6978e-17	3.3833e-18
10914.3315	4.6947e-17	3.4107e-18
10914.9314	4.6921e-17	3.4629e-18
10915.5314	4.6928e-17	3.5429e-18
10916.1313	4.6928e-17	3.5266e-18
10916.7313	4.6937e-17	3.4834e-18
10917.3312	4.6938e-17	3.4321e-18
10917.9312	4.6918e-17	3.4010e-18
10918.5311	4.6932e-17	3.3632e-18
10919.1311	4.6938e-17	3.3308e-18
10919.7311	4.6917e-17	3.3035e-18
10920.3310	4.6940e-17	3.3304e-18
10920.9310	4.6970e-17	3.3542e-18
10921.5309	4.6982e-17	3.3491e-18
10922.1309	4.6967e-17	3.3541e-18
10922.7308	4.6944e-17	3.3533e-18
10923.3308	4.6962e-17	3.3559e-18
10923.9307	4.6931e-17	3.3710e-18
10924.5307	4.6945e-17	3.4256e-18
10925.1307	4.6944e-17	3.5653e-18
10925.7306	4.6936e-17	3.6547e-18
10926.3306	4.6924e-17	3.7635e-18
10926.9305	4.6886e-17	3.7745e-18
10927.5305	4.6884e-17	3.7731e-18
10928.1304	4.6838e-17	3.6974e-18
10928.7304	4.6834e-17	3.6870e-18
10929.3303	4.6828e-17	3.6632e-18
10929.9303	4.6822e-17	3.6582e-18
10930.5302	4.6815e-17	3.6579e-18
10931.1302	4.6806e-17	3.6580e-18
10931.7302	4.6797e-17	3.6325e-18
10932.3301	4.6787e-17	3.6358e-18
10932.9301	4.6775e-17	3.7069e-18
10933.5300	4.6762e-17	3.7441e-18
10934.1300	4.6748e-17	3.7567e-18
10934.7299	4.6747e-17	3.7385e-18
10935.3299	4.6730e-17	3.7292e-18
10935.9298	4.6705e-17	3.7395e-18
10936.5298	4.6717e-17	3.7599e-18
10937.1298	4.6674e-17	3.7832e-18
10937.7297	4.6654e-17	3.7837e-18
10938.3297	4.6659e-17	3.7848e-18
10938.9296	4.6660e-17	3.7862e-18
10939.5296	4.6666e-17	3.7977e-18
10940.1295	4.6693e-17	3.8233e-18
10940.7295	4.6686e-17	3.7864e-18
10941.3294	4.6680e-17	3.7673e-18
10941.9294	4.6677e-17	3.7652e-18
10942.5294	4.6691e-17	3.8409e-18
10943.1293	4.6700e-17	3.8493e-18
10943.7293	4.6698e-17	3.8917e-18
10944.3292	4.6713e-17	3.8994e-18
10944.9292	4.6717e-17	3.8980e-18
10945.5291	4.6661e-17	3.8753e-18
10946.1291	4.6631e-17	3.7601e-18
10946.7290	4.6652e-17	3.6493e-18
10947.3290	4.6653e-17	3.5458e-18
10947.9290	4.6686e-17	3.4493e-18
10948.5289	4.6711e-17	3.3613e-18
10949.1289	4.6690e-17	3.2812e-18
10949.7288	4.6703e-17	3.2098e-18
10950.3288	4.6706e-17	3.1475e-18
10950.9287	4.6691e-17	3.0943e-18
10951.5387	4.6703e-17	3.0508e-18
10952.1386	4.6721e-17	3.0163e-18
10952.7386	4.6739e-17	2.9912e-18
10953.3386	4.6737e-17	2.9746e-18
10953.9385	4.6714e-17	2.9662e-18
10954.5385	4.6692e-17	2.9818e-18
10955.1384	4.6672e-17	2.9455e-18
10955.7384	4.6679e-17	2.9316e-18
10956.3383	4.6697e-17	2.9189e-18
10956.9383	4.6703e-17	2.9219e-18
10957.5382	4.6711e-17	2.9389e-18
10958.1382	4.6707e-17	2.9444e-18
10958.7381	4.6692e-17	2.9384e-18
10959.3381	4.6680e-17	2.9243e-18
10959.9381	4.6695e-17	2.9822e-18
10960.5380	4.6686e-17	2.9946e-18
10961.1380	4.6704e-17	2.9734e-18
10961.7379	4.6727e-17	2.9730e-18
10962.3379	4.6708e-17	2.9557e-18
10962.9378	4.6692e-17	2.9165e-18
10963.5378	4.6691e-17	2.8624e-18
10964.1377	4.6685e-17	2.8489e-18
10964.7377	4.6684e-17	2.8540e-18
10965.3377	4.6668e-17	2.8567e-18
10965.9376	4.6676e-17	2.8466e-18
10966.5376	4.6678e-17	2.8458e-18
10967.1375	4.6687e-17	2.8537e-18
10967.7375	4.6691e-17	2.8754e-18
10968.3374	4.6689e-17	2.8389e-18
10968.9374	4.6684e-17	2.8167e-18
10969.5373	4.6692e-17	2.8137e-18
10970.1373	4.6719e-17	2.8126e-18
10970.7373	4.6719e-17	2.8129e-18
10971.3372	4.6723e-17	2.8158e-18
10971.9372	4.6712e-17	2.7984e-18
10972.5371	4.6717e-17	2.7017e-18
10973.1371	4.6715e-17	2.5663e-18
10973.7370	4.6719e-17	2.4681e-18
10974.3370	4.6680e-17	2.3356e-18
10974.9369	4.6652e-17	2.3184e-18
10975.5369	4.6663e-17	2.3243e-18
10976.1369	4.6658e-17	2.3466e-18
10976.7368	4.6671e-17	2.3460e-18
10977.3368	4.6713e-17	2.3407e-18
10977.9367	4.6738e-17	2.3233e-18
10978.5367	4.6723e-17	2.3214e-18
10979.1366	4.6691e-17	2.3216e-18
10979.7366	4.6666e-17	2.3168e-18
10980.3365	4.6682e-17	2.3514e-18
10980.9365	4.6681e-17	2.2866e-18
10981.5365	4.6681e-17	2.2587e-18
10982.1364	4.6712e-17	2.2641e-18
10982.7364	4.6700e-17	2.2679e-18
10983.3363	4.6728e-17	2.2806e-18
10983.9363	4.6725e-17	2.2747e-18
10984.5362	4.6731e-17	2.2537e-18
10985.1362	4.6762e-17	2.2203e-18
10985.7361	4.6802e-17	2.2203e-18
10986.3361	4.6821e-17	2.2214e-18
10986.9360	4.6847e-17	2.2191e-18
10987.5360	4.6873e-17	2.1905e-18
10988.1360	4.6901e-17	2.1254e-18
10988.7359	4.6900e-17	2.1243e-18
10989.3359	4.6985e-17	2.1302e-18
10989.9358	4.6929e-17	2.1363e-18
10990.5358	4.6965e-17	1.9883e-18
10991.1357	4.6939e-17	1.9750e-18
10991.7357	4.6908e-17	1.8880e-18
10992.3356	4.6867e-17	1.8698e-18
10992.9356	4.6812e-17	1.8613e-18
10993.5356	4.6834e-17	1.8522e-18
10994.1355	4.6831e-17	1.8580e-18
10994.7355	4.6825e-17	1.8637e-18
10995.3354	4.6846e-17	1.8922e-18
10995.9354	4.6864e-17	1.8999e-18
10996.5353	4.6878e-17	1.9098e-18
10997.1353	4.6905e-17	1.9108e-18
10997.7452	4.6941e-17	1.9145e-18
10998.3452	4.6933e-17	1.9538e-18
10998.9452	4.6933e-17	1.9524e-18
10999.5451	4.6944e-17	1.9535e-18
11000.1451	4.6950e-17	1.9685e-18
11000.7450	4.6944e-17	2.0126e-18
11001.3450	4.6968e-17	2.0107e-18
11001.9449	4.6968e-17	2.0071e-18
11002.5449	4.6993e-17	2.0007e-18
11003.1448	4.7018e-17	2.0009e-18
11003.7448	4.6997e-17	1.9725e-18
11004.3448	4.6970e-17	1.9661e-18
11004.9447	4.6926e-17	1.9467e-18
11005.5447	4.6936e-17	1.9365e-18
11006.1446	4.6948e-17	1.9163e-18
11006.7446	4.6931e-17	1.9200e-18
11007.3445	4.6887e-17	1.8948e-18
11007.9445	4.6867e-17	1.8346e-18
11008.5444	4.6835e-17	1.8632e-18
11009.1444	4.6849e-17	1.8665e-18
11009.7444	4.6831e-17	1.8488e-18
11010.3443	4.6792e-17	1.8888e-18
11010.9443	4.6777e-17	1.8680e-18
11011.5442	4.6765e-17	1.8292e-18
11012.1442	4.6743e-17	1.8497e-18
11012.7441	4.6753e-17	1.8396e-18
11013.3441	4.6690e-17	1.8545e-18
11013.9440	4.6628e-17	1.9726e-18
11014.5440	4.6617e-17	1.9598e-18
11015.1440	4.6642e-17	1.9529e-18
11015.7439	4.6630e-17	1.9116e-18
11016.3439	4.6572e-17	1.9260e-18
11016.9438	4.6523e-17	1.9211e-18
11017.5438	4.6504e-17	1.9122e-18
11018.1437	4.6472e-17	1.9149e-18
11018.7437	4.6451e-17	1.9209e-18
11019.3436	4.6461e-17	1.9732e-18
11019.9436	4.6498e-17	2.0458e-18
11020.5435	4.6553e-17	2.0876e-18
11021.1435	4.6564e-17	2.1130e-18
11021.7435	4.6576e-17	2.1289e-18
11022.3434	4.6599e-17	2.1328e-18
11022.9434	4.6616e-17	2.2171e-18
11023.5433	4.6622e-17	2.2102e-18
11024.1433	4.6653e-17	2.1721e-18
11024.7432	4.6662e-17	2.1969e-18
11025.3432	4.6674e-17	2.2057e-18
11025.9431	4.6686e-17	2.2495e-18
11026.5431	4.6701e-17	2.3204e-18
11027.1431	4.6716e-17	2.3383e-18
11027.7430	4.6715e-17	2.3368e-18
11028.3430	4.6743e-17	2.2968e-18
11028.9429	4.6729e-17	2.2630e-18
11029.5429	4.6719e-17	2.3183e-18
11030.1428	4.6731e-17	2.2876e-18
11030.7428	4.6746e-17	2.2590e-18
11031.3427	4.6757e-17	2.2542e-18
11031.9427	4.6756e-17	2.2336e-18
11032.5427	4.6816e-17	2.2239e-18
11033.1426	4.6830e-17	2.2099e-18
11033.7426	4.6831e-17	2.2019e-18
11034.3425	4.6789e-17	2.1933e-18
11034.9425	4.6796e-17	2.1900e-18
11035.5424	4.6766e-17	2.1838e-18
11036.1424	4.6729e-17	2.1830e-18
11036.7423	4.6723e-17	2.1828e-18
11037.3423	4.6756e-17	2.1826e-18
11037.9423	4.6758e-17	2.1805e-18
11038.5422	4.6736e-17	2.1876e-18
11039.1422	4.6749e-17	2.1831e-18
11039.7421	4.6775e-17	2.1689e-18
11040.3421	4.6775e-17	2.1479e-18
11040.9420	4.6768e-17	2.1437e-18
11041.5420	4.6787e-17	2.1157e-18
11042.1419	4.6792e-17	2.1284e-18
11042.7419	4.6849e-17	2.1448e-18
11043.3519	4.6844e-17	2.1482e-18
11043.9518	4.6834e-17	2.1576e-18
11044.5518	4.6828e-17	2.1573e-18
11045.1517	4.6851e-17	2.1570e-18
11045.7517	4.6890e-17	2.1460e-18
11046.3516	4.6836e-17	2.1303e-18
11046.9516	4.6771e-17	2.1420e-18
11047.5515	4.6711e-17	2.1355e-18
11048.1515	4.6687e-17	2.3309e-18
11048.7515	4.6695e-17	2.4155e-18
11049.3514	4.6681e-17	2.4177e-18
11049.9514	4.6694e-17	2.4548e-18
11050.5513	4.6700e-17	2.4550e-18
11051.1513	4.6746e-17	2.5185e-18
11051.7512	4.6770e-17	2.5354e-18
11052.3512	4.6740e-17	2.5757e-18
11052.9511	4.6672e-17	2.6918e-18
11053.5511	4.6621e-17	2.7799e-18
11054.1511	4.6576e-17	2.7797e-18
11054.7510	4.6562e-17	2.8141e-18
11055.3510	4.6580e-17	2.8452e-18
11055.9509	4.6607e-17	2.8449e-18
11056.5509	4.6582e-17	2.8630e-18
11057.1508	4.6549e-17	2.8633e-18
11057.7508	4.6505e-17	2.9151e-18
11058.3507	4.6490e-17	2.8931e-18
11058.9507	4.6503e-17	2.8927e-18
11059.5507	4.6494e-17	2.8989e-18
11060.1506	4.6509e-17	2.8974e-18
11060.7506	4.6475e-17	2.8913e-18
11061.3505	4.6509e-17	2.8807e-18
11061.9505	4.6492e-17	2.8112e-18
11062.5504	4.6497e-17	2.8475e-18
11063.1504	4.6521e-17	2.9514e-18
11063.7503	4.6492e-17	3.0854e-18
11064.3503	4.6510e-17	3.1968e-18
11064.9502	4.6446e-17	3.2076e-18
11065.5502	4.6437e-17	3.2347e-18
11066.1502	4.6455e-17	3.3000e-18
11066.7501	4.6406e-17	3.4464e-18
11067.3501	4.6334e-17	3.4501e-18
11067.9500	4.6312e-17	3.4039e-18
11068.5500	4.6302e-17	3.3765e-18
11069.1499	4.6259e-17	3.3736e-18
11069.7499	4.6251e-17	3.3597e-18
11070.3498	4.6182e-17	3.3517e-18
11070.9498	4.6172e-17	3.3297e-18
11071.5498	4.6177e-17	3.3805e-18
11072.1497	4.6199e-17	3.3841e-18
11072.7497	4.6233e-17	3.3838e-18
11073.3496	4.6240e-17	3.3838e-18
11073.9496	4.6234e-17	3.3803e-18
11074.5495	4.6221e-17	3.3323e-18
11075.1495	4.6222e-17	3.3227e-18
11075.7494	4.6254e-17	3.3539e-18
11076.3494	4.6238e-17	3.3584e-18
11076.9494	4.6203e-17	3.3706e-18
11077.5493	4.6170e-17	3.2997e-18
11078.1493	4.6164e-17	3.3232e-18
11078.7492	4.6204e-17	3.3274e-18
11079.3492	4.6205e-17	3.3360e-18
11079.9491	4.6218e-17	3.3573e-18
11080.5491	4.6192e-17	3.3557e-18
11081.1490	4.6216e-17	3.3989e-18
11081.7490	4.6232e-17	3.4121e-18
11082.3490	4.6237e-17	3.4122e-18
11082.9489	4.6224e-17	3.4542e-18
11083.5489	4.6226e-17	3.4532e-18
11084.1488	4.6214e-17	3.4578e-18
11084.7488	4.6197e-17	3.4573e-18
11085.3487	4.6199e-17	3.4647e-18
11085.9487	4.6217e-17	3.4661e-18
11086.5486	4.6227e-17	3.5655e-18
11087.1486	4.6233e-17	3.5788e-18
11087.7486	4.6249e-17	3.5789e-18
11088.3485	4.6281e-17	3.5765e-18
11088.9585	4.6252e-17	3.6957e-18
11089.5584	4.6241e-17	3.7291e-18
11090.1584	4.6170e-17	3.7570e-18
11090.7583	4.6125e-17	3.7724e-18
11091.3583	4.6100e-17	3.7608e-18
11091.9582	4.6098e-17	3.7569e-18
11092.5582	4.6098e-17	3.7640e-18
11093.1582	4.6088e-17	3.7626e-18
11093.7581	4.6009e-17	3.7853e-18
11094.3581	4.6028e-17	3.8683e-18
11094.9580	4.5992e-17	3.8653e-18
11095.5580	4.5926e-17	3.8656e-18
11096.1579	4.5890e-17	3.7538e-18
11096.7579	4.5855e-17	3.6732e-18
11097.3578	4.5803e-17	3.6803e-18
11097.9578	4.5780e-17	3.6682e-18
11098.5578	4.5780e-17	3.6723e-18
11099.1577	4.5756e-17	3.6240e-18
11099.7577	4.5758e-17	3.6086e-18
11100.3576	4.5769e-17	3.5885e-18
11100.9576	4.5731e-17	3.5135e-18
11101.5575	4.5697e-17	3.4507e-18
11102.1575	4.5656e-17	3.4506e-18
11102.7574	4.5659e-17	3.4245e-18
11103.3574	4.5677e-17	3.3989e-18
11103.9574	4.5678e-17	3.3986e-18
11104.5573	4.5661e-17	3.3611e-18
11105.1573	4.5568e-17	3.3600e-18
11105.7572	4.5506e-17	3.3058e-18
11106.3572	4.5492e-17	3.3809e-18
11106.9571	4.5470e-17	3.3807e-18
11107.5571	4.5505e-17	3.3959e-18
11108.1570	4.5510e-17	3.4427e-18
11108.7570	4.5509e-17	3.4551e-18
11109.3570	4.5516e-17	3.4948e-18
11109.9569	4.5492e-17	3.5171e-18
11110.5569	4.5498e-17	3.4927e-18
11111.1568	4.5510e-17	3.4204e-18
11111.7568	4.5522e-17	3.2891e-18
11112.3567	4.5545e-17	3.2211e-18
11112.9567	4.5614e-17	3.2206e-18
11113.5566	4.5640e-17	3.1822e-18
11114.1566	4.5645e-17	3.0969e-18
11114.7566	4.5618e-17	2.9176e-18
11115.3565	4.5544e-17	2.9601e-18
11115.9565	4.5475e-17	2.9764e-18
11116.5564	4.5456e-17	3.0704e-18
11117.1564	4.5494e-17	3.0611e-18
11117.7563	4.5484e-17	3.0676e-18
11118.3563	4.5490e-17	3.0697e-18
11118.9562	4.5547e-17	3.0534e-18
11119.5562	4.5582e-17	3.0125e-18
11120.1562	4.5591e-17	3.0183e-18
11120.7561	4.5554e-17	3.0669e-18
11121.3561	4.5541e-17	3.0915e-18
11121.9560	4.5513e-17	3.0767e-18
11122.5560	4.5519e-17	3.0768e-18
11123.1559	4.5583e-17	3.0682e-18
11123.7559	4.5670e-17	3.0610e-18
11124.3558	4.5717e-17	3.0584e-18
11124.9558	4.5749e-17	3.1144e-18
11125.5557	4.5720e-17	3.1785e-18
11126.1557	4.5708e-17	3.1831e-18
11126.7557	4.5763e-17	3.3571e-18
11127.3556	4.5748e-17	3.5640e-18
11127.9556	4.5726e-17	3.5577e-18
11128.5555	4.5684e-17	3.5640e-18
11129.1555	4.5678e-17	3.5841e-18
11129.7554	4.5677e-17	3.5846e-18
11130.3554	4.5695e-17	3.6338e-18
11130.9553	4.5725e-17	3.7211e-18
11131.5553	4.5745e-17	3.7583e-18
11132.1553	4.5810e-17	3.7505e-18
11132.7552	4.5866e-17	3.7510e-18
11133.3552	4.5906e-17	3.7461e-18
11133.9551	4.5932e-17	3.7735e-18
11134.5551	4.5955e-17	3.6805e-18
11135.1650	4.5974e-17	3.6705e-18
11135.7650	4.6020e-17	3.6713e-18
11136.3649	4.6062e-17	3.6748e-18
11136.9649	4.6097e-17	3.6205e-18
11137.5649	4.6113e-17	3.5999e-18
11138.1648	4.6129e-17	3.5836e-18
11138.7648	4.6153e-17	3.5850e-18
11139.3647	4.6160e-17	3.6022e-18
11139.9647	4.6177e-17	3.6930e-18
11140.5646	4.6208e-17	3.8019e-18
11141.1646	4.6244e-17	4.0061e-18
11141.7645	4.6224e-17	3.9910e-18
11142.3645	4.6233e-17	3.9085e-18
11142.9645	4.6232e-17	3.9636e-18
11143.5644	4.6256e-17	3.9634e-18
11144.1644	4.6295e-17	4.1607e-18
11144.7643	4.6340e-17	4.1656e-18
11145.3643	4.6340e-17	4.1631e-18
11145.9642	4.6367e-17	4.1708e-18
11146.5642	4.6362e-17	4.2226e-18
11147.1641	4.6346e-17	4.2241e-18
11147.7641	4.6311e-17	4.2266e-18
11148.3641	4.6295e-17	4.2386e-18
11148.9640	4.6326e-17	4.2402e-18
11149.5640	4.6335e-17	4.2695e-18
11150.1639	4.6325e-17	4.2859e-18
11150.7639	4.6273e-17	4.2982e-18
11151.3638	4.6245e-17	4.3216e-18
11151.9638	4.6244e-17	4.3255e-18
11152.5637	4.6233e-17	4.3660e-18
11153.1637	4.6217e-17	4.3829e-18
11153.7637	4.6280e-17	4.3989e-18
11154.3636	4.6287e-17	4.3207e-18
11154.9636	4.6218e-17	4.3220e-18
11155.5635	4.6186e-17	4.3184e-18
11156.1635	4.6103e-17	4.2905e-18
11156.7634	4.6027e-17	4.2921e-18
11157.3634	4.6016e-17	4.2788e-18
11157.9633	4.6005e-17	4.2731e-18
11158.5633	4.5940e-17	4.2766e-18
11159.1633	4.5859e-17	4.2912e-18
11159.7632	4.5837e-17	4.3097e-18
11160.3632	4.5840e-17	4.3141e-18
11160.9631	4.5862e-17	4.3296e-18
11161.5631	4.5888e-17	4.3631e-18
11162.1630	4.5886e-17	4.4633e-18
11162.7630	4.5893e-17	4.4685e-18
11163.3629	4.5835e-17	4.4392e-18
11163.9629	4.5737e-17	4.4651e-18
11164.5629	4.5697e-17	4.3794e-18
11165.1628	4.5688e-17	4.3789e-18
11165.7628	4.5638e-17	4.4185e-18
11166.3627	4.5582e-17	4.4931e-18
11166.9627	4.5563e-17	4.4995e-18
11167.5626	4.5560e-17	4.5613e-18
11168.1626	4.5555e-17	4.6349e-18
11168.7625	4.5530e-17	4.6099e-18
11169.3625	4.5507e-17	4.6145e-18
11169.9625	4.5530e-17	4.6122e-18
11170.5624	4.5488e-17	4.6117e-18
11171.1624	4.5514e-17	4.6109e-18
11171.7623	4.5481e-17	4.6014e-18
11172.3623	4.5428e-17	4.6225e-18
11172.9622	4.5350e-17	4.5837e-18
11173.5622	4.5348e-17	4.6025e-18
11174.1621	4.5358e-17	4.6753e-18
11174.7621	4.5317e-17	4.5389e-18
11175.3621	4.5225e-17	4.3644e-18
11175.9620	4.5191e-17	4.3917e-18
11176.5620	4.5179e-17	4.3945e-18
11177.1619	4.5171e-17	4.3824e-18
11177.7619	4.5171e-17	4.3785e-18
11178.3618	4.5168e-17	4.3321e-18
11178.9618	4.5176e-17	4.5441e-18
11179.5617	4.5094e-17	4.6695e-18
11180.1617	4.5010e-17	4.6832e-18
11180.7717	4.4949e-17	4.7143e-18
11181.3716	4.4914e-17	4.7453e-18
11181.9716	4.4907e-17	4.7286e-18
11182.5715	4.4916e-17	4.7189e-18
11183.1715	4.4874e-17	4.7185e-18
11183.7714	4.4894e-17	4.7300e-18
11184.3714	4.4854e-17	4.7326e-18
11184.9713	4.4926e-17	4.7088e-18
11185.5713	4.4866e-17	4.7011e-18
11186.1713	4.4800e-17	4.7053e-18
11186.7712	4.4720e-17	4.8243e-18
11187.3712	4.4723e-17	4.8259e-18
11187.9711	4.4727e-17	4.7629e-18
11188.5711	4.4684e-17	4.7345e-18
11189.1710	4.4694e-17	4.7725e-18
11189.7710	4.4709e-17	5.0044e-18
11190.3709	4.4614e-17	5.0230e-18
11190.9709	4.4529e-17	4.9933e-18
11191.5709	4.4419e-17	5.0062e-18
11192.1708	4.4333e-17	4.8140e-18
11192.7708	4.4301e-17	4.8357e-18
11193.3707	4.4301e-17	4.8875e-18
11193.9707	4.4235e-17	4.8834e-18
11194.5706	4.4191e-17	4.9987e-18
11195.1706	4.4179e-17	5.1008e-18
11195.7705	4.4133e-17	5.3359e-18
11196.3705	4.4154e-17	5.3454e-18
11196.9705	4.4118e-17	5.3762e-18
11197.5704	4.4057e-17	5.4832e-18
11198.1704	4.4010e-17	5.4798e-18
11198.7703	4.3937e-17	5.4631e-18
11199.3703	4.3934e-17	5.5353e-18
11199.9702	4.3946e-17	5.5902e-18
11200.5702	4.3936e-17	5.5917e-18
11201.1701	4.3928e-17	5.6473e-18
11201.7701	4.3974e-17	5.7349e-18
11202.3701	4.3977e-17	5.9283e-18
11202.9700	4.3894e-17	5.9897e-18
11203.5700	4.3797e-17	6.0082e-18
11204.1699	4.3724e-17	6.0180e-18
11204.7699	4.3712e-17	6.0131e-18
11205.3698	4.3688e-17	6.0057e-18
11205.9698	4.3628e-17	6.0271e-18
11206.5697	4.3588e-17	6.0369e-18
11207.1697	4.3577e-17	6.0343e-18
11207.7697	4.3555e-17	6.0172e-18
11208.3696	4.3567e-17	5.9974e-18
11208.9696	4.3528e-17	5.9988e-18
11209.5695	4.3486e-17	5.9907e-18
11210.1695	4.3407e-17	5.9218e-18
11210.7694	4.3355e-17	5.9141e-18
11211.3694	4.3337e-17	5.9004e-18
11211.9693	4.3317e-17	5.8763e-18
11212.5693	4.3230e-17	5.8773e-18
11213.1693	4.3109e-17	5.8771e-18
11213.7692	4.3078e-17	5.8397e-18
11214.3692	4.3055e-17	5.7728e-18
11214.9691	4.3056e-17	5.7655e-18
11215.5691	4.2998e-17	5.7305e-18
11216.1690	4.2970e-17	5.6603e-18
11216.7690	4.2904e-17	5.6588e-18
11217.3689	4.2823e-17	5.6810e-18
11217.9689	4.2796e-17	5.6807e-18
11218.5689	4.2803e-17	5.7435e-18
11219.1688	4.2762e-17	5.7444e-18
11219.7688	4.2759e-17	5.7408e-18
11220.3687	4.2732e-17	5.7170e-18
11220.9687	4.2709e-17	5.7087e-18
11221.5686	4.2658e-17	5.6445e-18
11222.1686	4.2615e-17	5.5421e-18
11222.7685	4.2615e-17	5.5926e-18
11223.3685	4.2565e-17	5.6069e-18
11223.9685	4.2604e-17	5.5912e-18
11224.5684	4.2611e-17	5.5816e-18
11225.1684	4.2565e-17	5.5475e-18
11225.7683	4.2463e-17	5.5474e-18
11226.3683	4.2366e-17	5.5680e-18
11226.9782	4.2349e-17	5.3328e-18
11227.5782	4.2289e-17	5.4190e-18
11228.1781	4.2266e-17	5.4432e-18
11228.7781	4.2262e-17	5.4571e-18
11229.3781	4.2274e-17	5.4265e-18
11229.9780	4.2273e-17	5.5122e-18
11230.5780	4.2283e-17	5.6001e-18
11231.1779	4.2292e-17	5.6003e-18
11231.7779	4.2264e-17	5.5955e-18
11232.3778	4.2241e-17	5.6611e-18
11232.9778	4.2217e-17	5.7776e-18
11233.5777	4.2227e-17	5.7714e-18
11234.1777	4.2195e-17	5.7648e-18
11234.7777	4.2178e-17	5.6690e-18
11235.3776	4.2170e-17	5.7576e-18
11235.9776	4.2205e-17	5.7879e-18
11236.5775	4.2169e-17	5.8296e-18
11237.1775	4.2085e-17	5.6972e-18
11237.7774	4.1975e-17	5.7111e-18
11238.3774	4.1920e-17	5.6995e-18
11238.9773	4.1900e-17	5.7144e-18
11239.5773	4.1900e-17	5.7148e-18
11240.1773	4.1888e-17	5.7221e-18
11240.7772	4.1918e-17	5.6877e-18
11241.3772	4.1927e-17	5.6655e-18
11241.9771	4.1914e-17	5.6864e-18
11242.5771	4.1873e-17	5.5827e-18
11243.1770	4.1849e-17	5.5369e-18
11243.7770	4.1816e-17	5.3252e-18
11244.3769	4.1828e-17	5.3059e-18
11244.9769	4.1855e-17	5.3317e-18
11245.5769	4.1896e-17	5.2014e-18
11246.1768	4.1858e-17	5.1903e-18
11246.7768	4.1774e-17	5.1957e-18
11247.3767	4.1754e-17	5.1141e-18
11247.9767	4.1774e-17	5.0665e-18
11248.5766	4.1815e-17	5.0850e-18
11249.1766	4.1813e-17	5.1231e-18
11249.7765	4.1793e-17	5.0355e-18
11250.3765	4.1750e-17	4.7985e-18
11250.9765	4.1727e-17	4.7385e-18
11251.5764	4.1756e-17	4.7049e-18
11252.1764	4.1813e-17	4.7023e-18
11252.7763	4.1854e-17	4.7025e-18
11253.3763	4.1868e-17	4.8337e-18
11253.9762	4.1886e-17	4.9200e-18
11254.5762	4.1915e-17	4.9260e-18
11255.1761	4.1917e-17	4.9392e-18
11255.7761	4.1959e-17	4.9439e-18
11256.3761	4.1982e-17	4.9980e-18
11256.9760	4.2021e-17	4.9741e-18
11257.5760	4.2048e-17	4.9802e-18
11258.1759	4.2048e-17	5.0105e-18
11258.7759	4.2055e-17	5.1502e-18
11259.3758	4.2060e-17	5.1712e-18
11259.9758	4.2100e-17	5.2281e-18
11260.5757	4.2099e-17	5.3822e-18
11261.1757	4.2068e-17	5.3821e-18
11261.7757	4.2127e-17	5.3991e-18
11262.3756	4.2207e-17	5.3974e-18
11262.9756	4.2235e-17	5.4266e-18
11263.5755	4.2252e-17	5.4551e-18
11264.1755	4.2304e-17	5.5359e-18
11264.7754	4.2323e-17	5.6119e-18
11265.3754	4.2408e-17	5.7970e-18
11265.9753	4.2442e-17	5.8698e-18
11266.5753	4.2461e-17	5.8214e-18
11267.1753	4.2462e-17	5.8257e-18
11267.7752	4.2446e-17	5.8537e-18
11268.3752	4.2455e-17	5.8568e-18
11268.9751	4.2478e-17	5.8912e-18
11269.5751	4.2511e-17	5.8960e-18
11270.1750	4.2534e-17	5.9388e-18
11270.7750	4.2522e-17	5.9047e-18
11271.3750	4.2558e-17	5.9012e-18
11271.9749	4.2596e-17	5.8987e-18
11272.5849	4.2649e-17	5.9691e-18
11273.1848	4.2673e-17	5.9612e-18
11273.7848	4.2677e-17	5.9750e-18
11274.3847	4.2676e-17	6.0121e-18
11274.9847	4.2675e-17	6.0753e-18
11275.5846	4.2698e-17	6.1302e-18
11276.1846	4.2713e-17	6.1086e-18
11276.7846	4.2727e-17	6.0960e-18
11277.3845	4.2740e-17	6.2030e-18
11277.9845	4.2751e-17	6.1309e-18
11278.5844	4.2760e-17	6.0711e-18
11279.1844	4.2767e-17	6.0708e-18
11279.7843	4.2772e-17	6.0940e-18
11280.3843	4.2774e-17	6.0223e-18
11280.9842	4.2773e-17	5.8965e-18
11281.5842	4.2755e-17	6.0086e-18
11282.1842	4.2733e-17	6.0419e-18
11282.7841	4.2724e-17	6.0076e-18
11283.3841	4.2688e-17	5.9229e-18
11283.9840	4.2676e-17	5.9028e-18
11284.5840	4.2659e-17	5.8411e-18
11285.1839	4.2694e-17	5.8047e-18
11285.7839	4.2701e-17	5.5891e-18
11286.3838	4.2703e-17	5.6359e-18
11286.9838	4.2670e-17	5.7671e-18
11287.5838	4.2623e-17	5.7611e-18
11288.1837	4.2601e-17	5.7503e-18
11288.7837	4.2630e-17	5.8440e-18
11289.3836	4.2575e-17	5.8274e-18
11289.9836	4.2580e-17	5.8137e-18
11290.5835	4.2615e-17	5.8413e-18
11291.1835	4.2627e-17	5.8517e-18
11291.7834	4.2635e-17	5.8438e-18
11292.3834	4.2643e-17	5.8685e-18
11292.9834	4.2632e-17	5.8126e-18
11293.5833	4.2618e-17	5.8320e-18
11294.1833	4.2590e-17	5.8216e-18
11294.7832	4.2533e-17	5.8138e-18
11295.3832	4.2463e-17	5.8135e-18
11295.9831	4.2439e-17	5.8107e-18
11296.5831	4.2424e-17	5.7999e-18
11297.1830	4.2447e-17	5.7242e-18
11297.7830	4.2404e-17	5.8648e-18
11298.3830	4.2345e-17	5.9189e-18
11298.9829	4.2319e-17	5.8996e-18
11299.5829	4.2310e-17	6.0486e-18
11300.1828	4.2356e-17	6.1669e-18
11300.7828	4.2374e-17	6.1652e-18
11301.3827	4.2360e-17	6.0735e-18
11301.9827	4.2355e-17	5.9892e-18
11302.5826	4.2320e-17	5.9697e-18
11303.1826	4.2301e-17	5.9504e-18
11303.7826	4.2264e-17	5.9467e-18
11304.3825	4.2261e-17	5.9005e-18
11304.9825	4.2267e-17	5.9005e-18
11305.5824	4.2258e-17	5.8800e-18
11306.1824	4.2220e-17	5.8425e-18
11306.7823	4.2189e-17	5.7058e-18
11307.3823	4.2146e-17	5.6792e-18
11307.9822	4.2055e-17	5.6330e-18
11308.5822	4.2002e-17	5.4919e-18
11309.1822	4.1960e-17	5.4919e-18
11309.7821	4.1964e-17	5.5114e-18
11310.3821	4.2003e-17	5.5179e-18
11310.9820	4.2051e-17	5.5558e-18
11311.5820	4.2047e-17	5.5961e-18
11312.1819	4.1992e-17	5.5669e-18
11312.7819	4.1982e-17	5.5046e-18
11313.3818	4.1974e-17	5.2792e-18
11313.9818	4.1922e-17	5.1910e-18
11314.5818	4.1857e-17	5.2348e-18
11315.1817	4.1834e-17	5.2341e-18
11315.7817	4.1865e-17	5.2331e-18
11316.3816	4.1892e-17	5.3424e-18
11316.9816	4.1953e-17	5.3497e-18
11317.5815	4.1963e-17	5.3687e-18
11318.1815	4.1913e-17	5.3262e-18
11318.7914	4.1831e-17	5.3977e-18
11319.3914	4.1780e-17	5.4423e-18
11319.9914	4.1741e-17	5.4426e-18
11320.5913	4.1783e-17	5.4086e-18
11321.1913	4.1834e-17	5.4552e-18
11321.7912	4.1806e-17	5.4732e-18
11322.3912	4.1812e-17	5.4485e-18
11322.9911	4.1827e-17	5.4017e-18
11323.5911	4.1864e-17	5.1370e-18
11324.1910	4.1898e-17	5.1341e-18
11324.7910	4.1931e-17	5.1228e-18
11325.3910	4.1970e-17	4.9988e-18
11325.9909	4.1970e-17	4.9974e-18
11326.5909	4.1999e-17	4.9659e-18
11327.1908	4.1984e-17	4.9659e-18
11327.7908	4.1957e-17	4.9396e-18
11328.3907	4.1956e-17	4.9399e-18
11328.9907	4.1976e-17	4.9114e-18
11329.5906	4.1985e-17	4.7575e-18
11330.1906	4.1957e-17	4.7011e-18
11330.7906	4.1911e-17	4.7138e-18
11331.3905	4.1904e-17	4.7308e-18
11331.9905	4.1895e-17	4.7437e-18
11332.5904	4.1904e-17	4.7322e-18
11333.1904	4.1881e-17	4.7433e-18
11333.7903	4.1883e-17	4.7536e-18
11334.3903	4.1890e-17	4.7224e-18
11334.9903	4.1902e-17	4.5371e-18
11335.5902	4.1917e-17	4.5410e-18
11336.1902	4.1922e-17	4.5472e-18
11336.7901	4.1929e-17	4.4191e-18
11337.3901	4.1907e-17	4.4010e-18
11337.9900	4.1889e-17	4.3994e-18
11338.5900	4.1844e-17	4.3656e-18
11339.1899	4.1824e-17	4.3080e-18
11339.7899	4.1761e-17	4.3059e-18
11340.3899	4.1749e-17	4.2646e-18
11340.9898	4.1731e-17	4.2611e-18
11341.5898	4.1722e-17	4.2303e-18
11342.1897	4.1714e-17	4.2298e-18
11342.7897	4.1720e-17	4.2275e-18
11343.3896	4.1721e-17	4.2082e-18
11343.9896	4.1689e-17	4.2005e-18
11344.5895	4.1670e-17	4.1615e-18
11345.1895	4.1666e-17	4.1431e-18
11345.7895	4.1675e-17	3.8947e-18
11346.3894	4.1696e-17	3.7921e-18
11346.9894	4.1685e-17	3.7929e-18
11347.5893	4.1665e-17	3.5772e-18
11348.1893	4.1665e-17	3.3419e-18
11348.7892	4.1586e-17	3.3346e-18
11349.3892	4.1547e-17	3.3347e-18
11349.9891	4.1570e-17	3.3329e-18
11350.5891	4.1572e-17	3.3317e-18
11351.1891	4.1617e-17	3.3306e-18
11351.7890	4.1668e-17	3.3294e-18
11352.3890	4.1677e-17	3.3283e-18
11352.9889	4.1678e-17	3.3274e-18
11353.5889	4.1739e-17	3.3267e-18
11354.1888	4.1828e-17	3.3265e-18
11354.7888	4.1852e-17	3.3267e-18
11355.3887	4.1866e-17	3.3299e-18
11355.9887	4.1860e-17	3.3344e-18
11356.5887	4.1835e-17	3.3372e-18
11357.1886	4.1833e-17	3.3392e-18
11357.7886	4.1781e-17	3.2671e-18
11358.3885	4.1790e-17	3.2485e-18
11358.9885	4.1853e-17	3.1402e-18
11359.5884	4.1868e-17	3.0001e-18
11360.1884	4.1881e-17	2.9160e-18
11360.7883	4.1979e-17	2.8979e-18
11361.3883	4.2015e-17	2.8957e-18
11361.9883	4.2032e-17	2.8973e-18
11362.5882	4.2002e-17	2.7881e-18
11363.1882	4.1983e-17	2.7813e-18
11363.7881	4.1981e-17	2.7269e-18
11364.3981	4.2029e-17	2.5293e-18
11364.9980	4.2031e-17	2.4520e-18
11365.5980	4.2066e-17	2.4111e-18
11366.1979	4.2049e-17	2.4174e-18
11366.7979	4.2070e-17	2.2390e-18
11367.3979	4.2080e-17	2.1036e-18
11367.9978	4.2126e-17	2.1012e-18
11368.5978	4.2135e-17	1.9648e-18
11369.1977	4.2149e-17	1.8390e-18
11369.7977	4.2122e-17	1.7271e-18
11370.3976	4.2138e-17	1.6452e-18
11370.9976	4.2164e-17	1.5798e-18
11371.5975	4.2192e-17	1.5186e-18
11372.1975	4.2120e-17	1.4662e-18
11372.7975	4.2073e-17	1.4436e-18
11373.3974	4.2010e-17	1.4419e-18
11373.9974	4.1964e-17	1.4437e-18
11374.5973	4.1991e-17	1.5021e-18
11375.1973	4.2023e-17	1.5242e-18
11375.7972	4.2034e-17	1.5677e-18
11376.3972	4.2050e-17	1.5768e-18
11376.9972	4.2033e-17	1.5755e-18
11377.5971	4.1991e-17	1.6390e-18
11378.1971	4.1985e-17	1.6421e-18
11378.7970	4.1957e-17	1.6266e-18
11379.3970	4.1913e-17	1.6462e-18
11379.9969	4.1816e-17	1.6084e-18
11380.5969	4.1774e-17	1.5831e-18
11381.1968	4.1782e-17	1.5585e-18
11381.7968	4.1834e-17	1.5355e-18
11382.3968	4.1820e-17	1.5130e-18
11382.9967	4.1814e-17	1.4922e-18
11383.5967	4.1774e-17	1.4741e-18
11384.1966	4.1731e-17	1.4581e-18
11384.7966	4.1674e-17	1.4442e-18
11385.3965	4.1685e-17	1.4337e-18
11385.9965	4.1705e-17	1.4263e-18
11386.5964	4.1778e-17	1.4213e-18
11387.1964	4.1839e-17	1.4244e-18
11387.7964	4.1788e-17	1.4271e-18
11388.3963	4.1715e-17	1.4290e-18
11388.9963	4.1704e-17	1.4307e-18
11389.5962	4.1755e-17	1.4321e-18
11390.1962	4.1749e-17	1.4331e-18
11390.7961	4.1746e-17	1.4332e-18
11391.3961	4.1686e-17	1.4325e-18
11391.9960	4.1644e-17	1.4308e-18
11392.5960	4.1650e-17	1.4231e-18
11393.1960	4.1618e-17	1.4188e-18
11393.7959	4.1639e-17	1.4184e-18
11394.3959	4.1629e-17	1.4431e-18
11394.9958	4.1556e-17	1.5859e-18
11395.5958	4.1439e-17	1.6524e-18
11396.1957	4.1336e-17	1.6621e-18
11396.7957	4.1230e-17	1.7001e-18
11397.3956	4.1108e-17	1.7925e-18
11397.9956	4.1028e-17	1.7985e-18
11398.5956	4.1036e-17	1.7996e-18
11399.1955	4.1022e-17	1.8168e-18
11399.7955	4.0987e-17	1.8295e-18
11400.3954	4.0956e-17	1.8557e-18
11400.9954	4.0960e-17	1.8618e-18
11401.5953	4.0933e-17	1.8663e-18
11402.1953	4.0907e-17	1.8844e-18
11402.7952	4.0867e-17	1.9323e-18
11403.3952	4.0811e-17	1.9364e-18
11403.9952	4.0750e-17	1.9186e-18
11404.5951	4.0706e-17	1.9670e-18
11405.1951	4.0633e-17	1.9857e-18
11405.7950	4.0581e-17	1.9938e-18
11406.3950	4.0556e-17	2.0576e-18
11406.9949	4.0533e-17	2.0672e-18
11407.5949	4.0532e-17	2.0789e-18
11408.1949	4.0540e-17	2.0921e-18
11408.7948	4.0518e-17	2.1068e-18
11409.3948	4.0473e-17	2.1152e-18
11409.9947	4.0381e-17	2.1089e-18
11410.6047	4.0326e-17	2.1036e-18
11411.2046	4.0289e-17	2.1007e-18
11411.8046	4.0293e-17	2.1068e-18
11412.4045	4.0265e-17	2.1274e-18
11413.0045	4.0201e-17	2.1680e-18
11413.6045	4.0127e-17	2.2078e-18
11414.2044	4.0115e-17	2.2485e-18
11414.8044	4.0080e-17	2.2894e-18
11415.4043	4.0070e-17	2.2879e-18
11416.0043	4.0017e-17	2.3052e-18
11416.6042	4.0029e-17	2.3179e-18
11417.2042	4.0019e-17	2.3281e-18
11417.8041	3.9934e-17	2.3343e-18
11418.4041	3.9911e-17	2.3275e-18
11419.0041	3.9781e-17	2.3145e-18
11419.6040	3.9663e-17	2.3149e-18
11420.2040	3.9568e-17	2.3211e-18
11420.8039	3.9557e-17	2.3126e-18
11421.4039	3.9577e-17	2.2993e-18
11422.0038	3.9521e-17	2.3068e-18
11422.6038	3.9453e-17	2.2922e-18
11423.2037	3.9396e-17	2.3034e-18
11423.8037	3.9364e-17	2.3078e-18
11424.4037	3.9363e-17	2.3264e-18
11425.0036	3.9343e-17	2.3586e-18
11425.6036	3.9290e-17	2.3603e-18
11426.2035	3.9189e-17	2.3702e-18
11426.8035	3.9121e-17	2.3826e-18
11427.4034	3.9058e-17	2.3469e-18
11428.0034	3.9016e-17	2.3464e-18
11428.6033	3.8995e-17	2.3433e-18
11429.2033	3.8955e-17	2.3391e-18
11429.8033	3.8955e-17	2.3350e-18
11430.4032	3.8922e-17	2.3328e-18
11431.0032	3.8881e-17	2.3340e-18
11431.6031	3.8835e-17	2.3608e-18
11432.2031	3.8864e-17	2.4889e-18
11432.8030	3.8888e-17	2.6041e-18
11433.4030	3.8908e-17	2.6110e-18
11434.0030	3.8913e-17	2.6513e-18
11434.6029	3.8897e-17	2.9019e-18
11435.2029	3.8891e-17	2.8933e-18
11435.8028	3.8844e-17	2.8943e-18
11436.4028	3.8826e-17	2.8992e-18
11437.0027	3.8852e-17	2.8972e-18
11437.6027	3.8908e-17	2.8931e-18
11438.2026	3.8948e-17	2.8919e-18
11440.6025	3.8986e-17	2.8986e-18
11441.2024	3.8994e-17	2.9172e-18
11441.8024	3.8960e-17	2.9514e-18
11442.4023	3.8927e-17	3.0044e-18
11443.0023	3.8931e-17	3.0783e-18
11443.6022	3.8977e-17	3.1747e-18
11444.2022	3.9007e-17	3.2793e-18
11444.8022	3.9067e-17	3.3499e-18
11445.4021	3.9085e-17	3.3955e-18
11446.0021	3.9090e-17	3.4160e-18
11446.6020	3.9128e-17	3.4180e-18
11447.2020	3.9175e-17	3.4668e-18
11447.8019	3.9225e-17	3.5028e-18
11448.4019	3.9255e-17	3.5265e-18
11449.0018	3.9295e-17	3.5294e-18
11449.6018	3.9345e-17	3.5373e-18
11450.2018	3.9380e-17	3.5210e-18
11450.8017	3.9410e-17	3.5147e-18
11451.4017	3.9393e-17	3.5148e-18
11452.0016	3.9413e-17	3.4968e-18
11452.6016	3.9443e-17	3.4578e-18
11453.2015	3.9464e-17	3.4422e-18
11453.8015	3.9485e-17	3.4506e-18
11454.4014	3.9510e-17	3.4506e-18
11455.0014	3.9497e-17	3.4400e-18
11455.6014	3.9489e-17	3.4282e-18
11456.2113	3.9484e-17	3.3912e-18
11456.8113	3.9482e-17	3.3923e-18
11457.4112	3.9482e-17	3.3985e-18
11458.0112	3.9485e-17	3.4001e-18
11458.6111	3.9490e-17	3.3777e-18
11459.2111	3.9497e-17	3.3568e-18
11459.8110	3.9507e-17	3.3958e-18
11460.4110	3.9518e-17	3.4148e-18
11461.0110	3.9532e-17	3.4156e-18
11461.6109	3.9548e-17	3.4190e-18
11462.2109	3.9566e-17	3.4539e-18
11462.8108	3.9558e-17	3.5418e-18
11463.4108	3.9582e-17	3.5193e-18
11464.0107	3.9611e-17	3.5520e-18
11464.6107	3.9643e-17	3.5450e-18
11465.2107	3.9676e-17	3.7628e-18
11465.8106	3.9711e-17	3.9152e-18
11466.4106	3.9748e-17	3.9200e-18
11467.0105	3.9787e-17	3.9198e-18
11467.6105	3.9831e-17	3.9203e-18
11468.2104	3.9874e-17	3.9397e-18
11468.8104	3.9915e-17	3.9376e-18
11469.4103	3.9952e-17	3.9346e-18
11470.0103	3.9985e-17	3.9549e-18
11470.6103	4.0016e-17	3.9581e-18
11471.2102	4.0052e-17	4.0449e-18
11471.8102	4.0073e-17	4.0681e-18
11472.4101	4.0095e-17	4.0696e-18
11473.0101	4.0132e-17	4.2551e-18
11473.6100	4.0132e-17	4.4527e-18
11474.2100	4.0153e-17	4.4617e-18
11474.8099	4.0190e-17	4.4417e-18
11475.4099	4.0209e-17	4.4291e-18
11476.0099	4.0227e-17	4.4139e-18
11476.6098	4.0242e-17	4.3998e-18
11477.2098	4.0254e-17	4.3899e-18
11477.8097	4.0265e-17	4.4083e-18
11478.4097	4.0288e-17	4.5153e-18
11479.0096	4.0312e-17	4.5275e-18
11479.6096	4.0319e-17	4.5490e-18
11480.2095	4.0326e-17	4.5515e-18
11480.8095	4.0334e-17	4.5758e-18
11481.4095	4.0342e-17	4.5538e-18
11482.0094	4.0351e-17	4.4772e-18
11482.6094	4.0360e-17	4.4057e-18
11483.2093	4.0391e-17	4.3904e-18
11483.8093	4.0428e-17	4.4086e-18
11484.4092	4.0451e-17	4.2891e-18
11485.0092	4.0502e-17	4.2904e-18
11485.6092	4.0534e-17	4.2901e-18
11486.2091	4.0568e-17	4.2723e-18
11486.8091	4.0592e-17	4.2708e-18
11487.4090	4.0613e-17	4.2746e-18
11488.0090	4.0625e-17	4.3142e-18
11488.6089	4.0643e-17	4.3402e-18
11489.2089	4.0679e-17	4.3415e-18
11489.8088	4.0730e-17	4.3740e-18
11490.4088	4.0710e-17	4.3931e-18
11491.0088	4.0665e-17	4.4163e-18
11491.6087	4.0742e-17	4.3695e-18
11492.2087	4.0808e-17	4.3582e-18
11492.8086	4.0872e-17	4.2867e-18
11493.4086	4.0868e-17	4.1965e-18
11494.0085	4.0909e-17	4.1610e-18
11494.6085	4.0890e-17	4.1640e-18
11495.2084	4.0929e-17	4.1381e-18
11495.8084	4.0939e-17	4.2299e-18
11496.4084	4.0937e-17	4.2568e-18
11497.0083	4.0939e-17	4.2391e-18
11497.6083	4.0969e-17	4.2320e-18
11498.2082	4.0959e-17	4.2831e-18
11498.8082	4.0969e-17	4.3063e-18
11499.4081	4.0960e-17	4.3036e-18
11500.0081	4.0970e-17	4.3384e-18
11500.6080	4.0994e-17	4.3431e-18
11501.2080	4.1016e-17	4.3662e-18
11501.8180	4.1034e-17	4.5986e-18
11502.4179	4.1031e-17	4.6759e-18
11503.0179	4.1034e-17	4.7481e-18
11503.6178	4.1027e-17	4.7692e-18
11504.2178	4.1037e-17	4.7612e-18
11504.8177	4.1027e-17	4.7838e-18
11505.4177	4.0980e-17	4.7832e-18
11506.0177	4.0934e-17	4.7842e-18
11506.6176	4.0899e-17	4.7872e-18
11507.2176	4.0870e-17	4.7911e-18
11507.8175	4.0882e-17	4.7699e-18
11508.4175	4.0883e-17	4.7645e-18
11509.0174	4.0890e-17	4.7663e-18
11509.6174	4.0874e-17	4.7642e-18
11510.2173	4.0850e-17	4.7370e-18
11510.8173	4.0881e-17	4.6624e-18
11511.4173	4.0882e-17	4.6620e-18
11512.0172	4.0894e-17	4.6216e-18
11512.6172	4.0878e-17	4.6134e-18
11513.2171	4.0874e-17	4.4292e-18
11513.8171	4.0852e-17	4.2807e-18
11514.4170	4.0863e-17	4.2710e-18
11515.0170	4.0856e-17	4.2702e-18
11515.6169	4.0825e-17	4.2720e-18
11516.2169	4.0803e-17	4.2553e-18
11516.8169	4.0785e-17	4.2683e-18
11517.4168	4.0756e-17	4.2756e-18
11518.0168	4.0696e-17	4.2401e-18
11518.6167	4.0644e-17	4.2789e-18
11519.2167	4.0632e-17	4.2104e-18
11519.8166	4.0633e-17	4.2174e-18
11520.4166	4.0659e-17	4.1974e-18
11521.0165	4.0664e-17	4.0274e-18
11521.6165	4.0643e-17	3.8200e-18
11522.2165	4.0613e-17	3.7913e-18
11522.8164	4.0611e-17	3.7976e-18
11523.4164	4.0568e-17	3.8104e-18
11524.0163	4.0550e-17	3.8132e-18
11524.6163	4.0542e-17	3.8167e-18
11525.2162	4.0510e-17	3.8923e-18
11525.8162	4.0465e-17	3.8574e-18
11526.4162	4.0423e-17	3.7155e-18
11527.0161	4.0392e-17	3.6904e-18
11527.6161	4.0381e-17	3.6773e-18
11528.2160	4.0330e-17	3.6944e-18
11528.8160	4.0281e-17	3.6849e-18
11529.4159	4.0211e-17	3.6881e-18
11530.0159	4.0174e-17	3.6627e-18
11530.6158	4.0113e-17	3.6193e-18
11531.2158	4.0071e-17	3.6165e-18
11531.8158	4.0014e-17	3.6039e-18
11532.4157	3.9972e-17	3.6048e-18
11533.0157	3.9925e-17	3.6069e-18
11533.6156	3.9889e-17	3.6076e-18
11534.2156	3.9868e-17	3.6012e-18
11534.8155	3.9822e-17	3.5779e-18
11535.4155	3.9800e-17	3.5548e-18
11536.0154	3.9773e-17	3.5282e-18
11536.6154	3.9765e-17	3.5544e-18
11537.2154	3.9746e-17	3.5538e-18
11537.8153	3.9738e-17	3.4759e-18
11538.4153	3.9729e-17	3.4019e-18
11539.0152	3.9700e-17	3.2995e-18
11539.6152	3.9661e-17	3.3062e-18
11540.2151	3.9650e-17	3.2060e-18
11540.8151	3.9623e-17	3.1725e-18
11541.4150	3.9623e-17	3.1906e-18
11542.0150	3.9600e-17	3.2077e-18
11542.6150	3.9586e-17	3.2320e-18
11543.2149	3.9551e-17	3.2423e-18
11543.8149	3.9525e-17	3.1303e-18
11544.4148	3.9510e-17	3.1016e-18
11545.0148	3.9495e-17	3.1135e-18
11545.6147	3.9478e-17	3.1060e-18
11546.2147	3.9462e-17	3.0376e-18
11546.8147	3.9466e-17	3.0265e-18
11547.4146	3.9469e-17	3.0498e-18
11548.0246	3.9474e-17	2.9836e-18
11548.6245	3.9503e-17	2.9906e-18
11549.2245	3.9526e-17	2.9677e-18
11549.8244	3.9543e-17	2.6199e-18
11550.4244	3.9555e-17	2.4787e-18
11551.0243	3.9562e-17	2.3329e-18
11551.6243	3.9564e-17	2.2857e-18
11552.2243	3.9560e-17	2.2888e-18
11552.8242	3.9552e-17	2.2443e-18
11553.4242	3.9538e-17	2.2374e-18
11554.0241	3.9518e-17	2.2236e-18
11554.6241	3.9523e-17	2.2390e-18
11555.2240	3.9551e-17	2.2502e-18
11555.8240	3.9581e-17	2.2781e-18
11556.4239	3.9606e-17	2.2987e-18
11557.0239	3.9573e-17	2.2919e-18
11557.6239	3.9498e-17	2.2895e-18
11558.2238	3.9469e-17	2.2982e-18
11558.8238	3.9434e-17	2.3183e-18
11559.4237	3.9427e-17	2.3207e-18
11560.0237	3.9413e-17	2.3219e-18
11560.6236	3.9398e-17	2.3400e-18
11561.2236	3.9396e-17	2.3403e-18
11561.8236	3.9393e-17	2.3482e-18
11562.4235	3.9352e-17	2.3461e-18
11563.0235	3.9323e-17	2.3799e-18
11563.6234	3.9286e-17	2.4597e-18
11564.2234	3.9254e-17	2.4753e-18
11564.8233	3.9201e-17	2.7833e-18
11565.4233	3.9130e-17	2.9702e-18
11566.0232	3.9053e-17	3.1329e-18
11566.6232	3.9083e-17	3.2374e-18
11567.2232	3.9102e-17	3.2632e-18
11567.8231	3.9063e-17	3.3485e-18
11568.4231	3.8999e-17	3.4159e-18
11569.0230	3.8984e-17	3.4465e-18
11569.6230	3.8965e-17	3.4541e-18
11570.2229	3.8969e-17	3.4622e-18
11570.8229	3.8985e-17	3.4640e-18
11571.4228	3.8984e-17	3.4383e-18
11572.0228	3.8974e-17	3.4787e-18
11572.6228	3.8980e-17	3.4890e-18
11573.2227	3.8980e-17	3.4054e-18
11573.8227	3.8969e-17	3.4056e-18
11574.4226	3.8975e-17	3.4030e-18
11575.0226	3.8958e-17	3.4388e-18
11575.6225	3.8947e-17	3.4552e-18
11576.2225	3.8954e-17	3.4542e-18
11576.8224	3.8980e-17	3.4419e-18
11577.4224	3.8967e-17	3.4256e-18
11578.0224	3.8977e-17	3.4269e-18
11578.6223	3.8964e-17	3.4144e-18
11579.2223	3.8946e-17	3.4989e-18
11579.8222	3.8925e-17	3.5954e-18
11580.4222	3.8940e-17	3.6580e-18
11581.0221	3.8936e-17	3.7078e-18
11581.6221	3.8941e-17	3.7065e-18
11582.2221	3.8954e-17	3.7045e-18
11582.8220	3.8970e-17	3.7027e-18
11583.4220	3.8952e-17	3.7293e-18
11584.0219	3.8914e-17	3.7483e-18
11584.6219	3.8913e-17	3.7626e-18
11585.2218	3.8928e-17	3.7648e-18
11585.8218	3.8927e-17	3.7845e-18
11586.4217	3.8870e-17	3.7869e-18
11587.0217	3.8830e-17	3.7868e-18
11587.6217	3.8816e-17	3.7937e-18
11588.2216	3.8804e-17	3.8091e-18
11588.8216	3.8788e-17	3.8050e-18
11589.4215	3.8740e-17	3.8218e-18
11590.0215	3.8712e-17	3.8227e-18
11590.6214	3.8681e-17	3.8160e-18
11591.2214	3.8645e-17	3.8015e-18
11591.8213	3.8656e-17	3.7893e-18
11592.4213	3.8692e-17	3.7723e-18
11593.0213	3.8711e-17	3.7631e-18
11593.6312	3.8685e-17	3.7637e-18
11594.2312	3.8743e-17	3.7695e-18
11594.8311	3.8810e-17	3.7584e-18
11595.4311	3.8835e-17	3.7402e-18
11596.0310	3.8838e-17	3.7401e-18
11596.6310	3.8821e-17	3.7248e-18
11597.2310	3.8828e-17	3.7274e-18
11597.8309	3.8826e-17	3.7335e-18
11598.4309	3.8826e-17	3.7371e-18
11599.0308	3.8796e-17	3.7381e-18
11599.6308	3.8734e-17	3.7371e-18
11600.2307	3.8703e-17	3.7348e-18
11600.8307	3.8707e-17	3.7315e-18
11601.4306	3.8694e-17	3.7276e-18
11602.0306	3.8704e-17	3.7237e-18
11602.6306	3.8683e-17	3.7203e-18
11603.2305	3.8643e-17	3.7176e-18
11603.8305	3.8603e-17	3.7168e-18
11604.4304	3.8595e-17	3.7176e-18
11605.0304	3.8600e-17	3.7180e-18
11605.6303	3.8573e-17	3.7210e-18
11606.2303	3.8564e-17	3.7177e-18
11606.8302	3.8536e-17	3.7088e-18
11607.4302	3.8499e-17	3.7089e-18
11608.0302	3.8471e-17	3.7118e-18
11608.6301	3.8428e-17	3.7259e-18
11609.2301	3.8434e-17	3.7244e-18
11609.8300	3.8444e-17	3.7261e-18
11610.4300	3.8451e-17	3.7234e-18
11611.0299	3.8388e-17	3.6974e-18
11611.6299	3.8316e-17	3.6312e-18
11612.2299	3.8246e-17	3.6187e-18
11612.8298	3.8217e-17	3.3874e-18
11613.4298	3.8133e-17	3.2388e-18
11614.0297	3.8109e-17	3.0723e-18
11614.6297	3.8112e-17	2.8953e-18
11615.2296	3.8070e-17	2.8941e-18
11615.8296	3.8096e-17	2.7071e-18
11616.4295	3.8128e-17	2.6474e-18
11617.0295	3.8164e-17	2.5931e-18
11617.6295	3.8121e-17	2.5524e-18
11618.2294	3.8043e-17	2.5315e-18
11618.8294	3.7991e-17	2.5286e-18
11619.4293	3.7988e-17	2.5225e-18
11620.0293	3.7970e-17	2.4782e-18
11620.6292	3.7949e-17	2.4797e-18
11621.2292	3.7907e-17	2.4850e-18
11621.8291	3.7867e-17	2.4902e-18
11622.4291	3.7855e-17	2.5629e-18
11623.0291	3.7911e-17	2.5644e-18
11623.6290	3.7939e-17	2.5834e-18
11624.2290	3.7966e-17	2.6031e-18
11624.8289	3.7975e-17	2.6333e-18
11625.4289	3.7964e-17	2.6659e-18
11626.0288	3.7975e-17	2.6639e-18
11626.6288	3.7954e-17	2.6861e-18
11627.2288	3.7980e-17	2.5964e-18
11627.8287	3.7956e-17	2.4751e-18
11628.4287	3.7947e-17	2.3860e-18
11629.0286	3.7924e-17	2.3057e-18
11629.6286	3.7958e-17	2.3043e-18
11630.2285	3.7972e-17	2.3612e-18
11630.8285	3.7983e-17	2.3622e-18
11631.4284	3.7989e-17	2.3166e-18
11632.0284	3.7999e-17	2.2941e-18
11632.6284	3.7990e-17	2.1945e-18
11633.2283	3.7983e-17	2.1943e-18
11633.8283	3.7982e-17	2.1669e-18
11634.4282	3.7975e-17	2.1698e-18
11635.0282	3.7957e-17	2.1734e-18
11635.6281	3.7931e-17	2.1749e-18
11636.2281	3.7904e-17	2.1670e-18
11636.8280	3.7895e-17	2.1649e-18
11637.4280	3.7891e-17	2.1268e-18
11638.0280	3.7866e-17	2.1177e-18
11638.6279	3.7845e-17	2.1064e-18
11639.2279	3.7875e-17	2.1158e-18
11639.8378	3.7809e-17	2.1123e-18
11640.4378	3.7811e-17	2.1027e-18
11641.0377	3.7833e-17	2.1073e-18
11641.6377	3.7810e-17	2.1140e-18
11642.2377	3.7788e-17	2.1157e-18
11642.8376	3.7753e-17	2.1789e-18
11643.4376	3.7742e-17	2.2764e-18
11644.0375	3.7724e-17	2.2865e-18
11644.6375	3.7712e-17	2.2860e-18
11645.2374	3.7702e-17	2.2951e-18
11645.8374	3.7694e-17	2.3215e-18
11646.4373	3.7715e-17	2.3175e-18
11647.0373	3.7704e-17	2.3188e-18
11647.6373	3.7695e-17	2.3362e-18
11648.2372	3.7687e-17	2.3375e-18
11648.8372	3.7699e-17	2.3546e-18
11649.4371	3.7668e-17	2.3550e-18
11650.0371	3.7698e-17	2.3585e-18
11650.6370	3.7688e-17	2.3593e-18
11651.2370	3.7695e-17	2.3462e-18
11651.8369	3.7722e-17	2.3253e-18
11652.4369	3.7730e-17	2.2951e-18
11653.0369	3.7724e-17	2.3016e-18
11653.6368	3.7712e-17	2.3540e-18
11654.2368	3.7723e-17	2.3502e-18
11654.8367	3.7712e-17	2.3463e-18
11655.4367	3.7717e-17	2.3559e-18
11656.0366	3.7722e-17	2.3577e-18
11656.6366	3.7723e-17	2.3462e-18
11657.2366	3.7732e-17	2.3462e-18
11657.8365	3.7767e-17	2.3323e-18
11658.4365	3.7785e-17	2.3355e-18
11659.0364	3.7790e-17	2.3610e-18
11659.6364	3.7773e-17	2.4054e-18
11660.2363	3.7773e-17	2.4020e-18
11660.8363	3.7776e-17	2.4096e-18
11661.4362	3.7776e-17	2.3691e-18
11662.0362	3.7765e-17	2.3698e-18
11662.6362	3.7755e-17	2.3614e-18
11663.2361	3.7742e-17	2.3520e-18
11663.8361	3.7715e-17	2.3633e-18
11664.4360	3.7701e-17	2.3726e-18
11665.0360	3.7670e-17	2.3504e-18
11665.6359	3.7644e-17	2.3570e-18
11666.2359	3.7622e-17	2.3598e-18
11666.8358	3.7604e-17	2.3610e-18
11667.4358	3.7596e-17	2.3587e-18
11668.0358	3.7571e-17	2.3532e-18
11668.6357	3.7574e-17	2.3485e-18
11669.2357	3.7557e-17	2.3474e-18
11669.8356	3.7522e-17	2.3447e-18
11670.4356	3.7502e-17	2.2819e-18
11671.0355	3.7483e-17	2.2249e-18
11671.6355	3.7464e-17	2.1729e-18
11672.2355	3.7448e-17	2.1260e-18
11672.8354	3.7432e-17	2.0843e-18
11673.4354	3.7419e-17	2.0482e-18
11674.0353	3.7408e-17	2.0175e-18
11674.6353	3.7398e-17	1.9923e-18
11675.2352	3.7392e-17	1.9738e-18
11675.8352	3.7394e-17	1.9565e-18
11676.4351	3.7403e-17	1.9437e-18
11677.0351	3.7423e-17	1.9350e-18
11677.6351	3.7439e-17	1.9293e-18
11678.2350	3.7432e-17	1.8812e-18
11678.8350	3.7406e-17	1.8771e-18
11679.4349	3.7412e-17	1.8802e-18
11680.0349	3.7403e-17	1.8732e-18
11680.6348	3.7412e-17	1.8798e-18
11681.2348	3.7410e-17	1.8935e-18
11681.8348	3.7428e-17	1.8908e-18
11682.4347	3.7437e-17	1.8906e-18
11683.0347	3.7436e-17	1.8789e-18
11683.6346	3.7443e-17	1.8588e-18
11684.2346	3.7419e-17	1.8642e-18
11684.8345	3.7355e-17	1.8735e-18
11685.4445	3.7370e-17	1.9031e-18
11686.0444	3.7453e-17	1.8910e-18
11686.6444	3.7405e-17	1.8909e-18
11687.2444	3.7379e-17	1.9130e-18
11687.8443	3.7318e-17	2.0037e-18
11688.4443	3.7318e-17	2.0919e-18
11689.0442	3.7223e-17	2.0732e-18
11689.6442	3.7257e-17	2.3503e-18
11690.2441	3.7189e-17	2.5650e-18
11690.8441	3.7171e-17	2.5631e-18
11691.4440	3.7141e-17	2.5876e-18
11692.0440	3.7114e-17	2.7854e-18
11692.6440	3.7093e-17	2.8679e-18
11693.2439	3.7095e-17	2.8642e-18
11693.8439	3.7087e-17	2.8599e-18
11694.4438	3.7087e-17	2.8586e-18
11695.0438	3.7060e-17	2.8678e-18
11695.6437	3.7057e-17	2.8511e-18
11696.2437	3.7011e-17	2.8527e-18
11696.8437	3.6964e-17	2.8392e-18
11697.4436	3.6936e-17	2.8364e-18
11698.0436	3.6892e-17	2.8310e-18
11698.6435	3.6866e-17	2.8242e-18
11699.2435	3.6814e-17	2.8231e-18
11699.8434	3.6780e-17	2.8229e-18
11700.4434	3.6790e-17	2.8229e-18
11701.0433	3.6794e-17	2.8369e-18
11701.6433	3.6804e-17	2.7873e-18
11702.2433	3.6813e-17	2.8008e-18
11702.8432	3.6772e-17	2.8159e-18
11703.4432	3.6744e-17	2.8588e-18
11704.0431	3.6710e-17	2.8608e-18
11704.6431	3.6693e-17	2.8423e-18
11705.2430	3.6693e-17	2.8432e-18
11705.8430	3.6647e-17	2.8508e-18
11706.4430	3.6620e-17	2.8509e-18
11707.0429	3.6559e-17	2.8238e-18
11707.6429	3.6520e-17	2.7853e-18
11708.2428	3.6479e-17	2.7852e-18
11708.8428	3.6452e-17	2.7730e-18
11709.4427	3.6422e-17	2.7882e-18
11710.0427	3.6355e-17	2.8037e-18
11710.6426	3.6347e-17	2.8040e-18
11711.2426	3.6324e-17	2.7993e-18
11711.8426	3.6310e-17	2.7929e-18
11712.4425	3.6291e-17	2.7831e-18
11713.0425	3.6268e-17	2.8519e-18
11713.6424	3.6254e-17	2.9077e-18
11714.2424	3.6228e-17	2.9085e-18
11714.8423	3.6205e-17	2.9070e-18
11715.4423	3.6168e-17	2.9288e-18
11716.0422	3.6140e-17	2.9314e-18
11716.6422	3.6122e-17	2.9496e-18
11717.2422	3.6098e-17	2.9542e-18
11717.8421	3.6086e-17	2.9568e-18
11718.4421	3.6074e-17	2.9662e-18
11719.0420	3.6040e-17	2.9670e-18
11719.6420	3.5995e-17	2.9682e-18
11720.2419	3.5943e-17	2.9789e-18
11720.8419	3.5900e-17	2.9854e-18
11721.4419	3.5879e-17	2.9870e-18
11722.0418	3.5859e-17	2.9868e-18
11722.6418	3.5847e-17	3.0367e-18
11723.2417	3.5833e-17	3.0354e-18
11723.8417	3.5811e-17	3.0719e-18
11724.4416	3.5811e-17	3.0894e-18
11725.0416	3.5794e-17	3.0888e-18
11725.6415	3.5796e-17	3.1174e-18
11726.2415	3.5783e-17	3.0981e-18
11726.8415	3.5778e-17	3.1047e-18
11727.4414	3.5737e-17	3.1179e-18
11728.0414	3.5731e-17	3.1197e-18
11728.6413	3.5728e-17	3.1257e-18
11729.2413	3.5701e-17	3.1141e-18
11729.8412	3.5696e-17	3.1123e-18
11730.4412	3.5685e-17	3.1091e-18
11731.0412	3.5677e-17	3.1115e-18
11731.6511	3.5647e-17	3.1102e-18
11732.2511	3.5652e-17	3.1093e-18
11732.8510	3.5621e-17	3.1059e-18
11733.4510	3.5604e-17	3.0935e-18
11734.0509	3.5598e-17	3.0912e-18
11734.6509	3.5596e-17	3.0990e-18
11735.2508	3.5557e-17	3.0831e-18
11735.8508	3.5567e-17	3.0306e-18
11736.4508	3.5529e-17	2.9748e-18
11737.0507	3.5515e-17	2.9773e-18
11737.6507	3.5522e-17	2.7674e-18
11738.2506	3.5537e-17	2.5712e-18
11738.8506	3.5522e-17	2.5077e-18
11739.4505	3.5520e-17	2.4087e-18
11740.0505	3.5526e-17	2.1783e-18
11740.6504	3.5524e-17	2.0694e-18
11741.2504	3.5531e-17	2.0603e-18
11741.8504	3.5520e-17	2.0279e-18
11742.4503	3.5524e-17	2.0283e-18
11743.0503	3.5528e-17	2.0127e-18
11743.6502	3.5484e-17	2.0143e-18
11744.2502	3.5445e-17	2.0135e-18
11744.8501	3.5412e-17	2.0118e-18
11745.4501	3.5378e-17	2.0147e-18
11746.0501	3.5346e-17	2.0203e-18
11746.6500	3.5315e-17	2.0269e-18
11747.2500	3.5286e-17	2.0337e-18
11747.8499	3.5256e-17	2.0419e-18
11748.4499	3.5236e-17	2.0508e-18
11749.0498	3.5204e-17	2.0310e-18
11749.6498	3.5165e-17	2.0302e-18
11750.2497	3.5141e-17	2.0162e-18
11750.8497	3.5108e-17	1.9967e-18
11751.4497	3.5051e-17	1.9159e-18
11752.0496	3.5015e-17	1.9083e-18
11752.6496	3.4981e-17	1.9356e-18
11753.2495	3.4959e-17	1.9342e-18
11753.8495	3.4935e-17	1.9250e-18
11754.4494	3.4910e-17	1.9265e-18
11755.0494	3.4888e-17	1.9271e-18
11755.6494	3.4864e-17	1.9250e-18
11756.2493	3.4823e-17	1.9472e-18
11756.8493	3.4775e-17	1.9517e-18
11757.4492	3.4759e-17	1.9503e-18
11758.0492	3.4742e-17	1.9280e-18
11758.6491	3.4717e-17	1.9847e-18
11759.2491	3.4675e-17	1.9676e-18
11759.8490	3.4662e-17	1.9946e-18
11760.4490	3.4665e-17	2.0013e-18
11761.0490	3.4667e-17	2.0037e-18
11761.6489	3.4650e-17	1.9141e-18
11762.2489	3.4636e-17	1.9189e-18
11762.8488	3.4633e-17	2.0037e-18
11763.4488	3.4638e-17	1.9954e-18
11764.0487	3.4653e-17	2.0453e-18
11764.6487	3.4696e-17	2.0562e-18
11765.2487	3.4704e-17	2.0474e-18
11765.8486	3.4679e-17	2.0618e-18
11766.4486	3.4677e-17	2.0521e-18
11767.0485	3.4672e-17	2.0519e-18
11767.6485	3.4686e-17	2.0504e-18
11768.2484	3.4673e-17	2.0491e-18
11768.8484	3.4664e-17	2.0374e-18
11769.4483	3.4673e-17	2.0484e-18
11770.0483	3.4670e-17	2.0500e-18
11770.6483	3.4642e-17	1.9798e-18
11771.2482	3.4599e-17	2.0138e-18
11771.8482	3.4571e-17	1.9603e-18
11772.4481	3.4564e-17	1.9411e-18
11773.0481	3.4574e-17	1.9416e-18
11773.6480	3.4574e-17	1.8981e-18
11774.2480	3.4585e-17	1.9019e-18
11774.8480	3.4615e-17	1.8921e-18
11775.4479	3.4620e-17	1.8637e-18
11776.0479	3.4615e-17	1.8641e-18
11776.6478	3.4607e-17	1.8376e-18
11777.2578	3.4601e-17	1.8386e-18
11777.8577	3.4583e-17	1.8405e-18
11778.4577	3.4579e-17	1.8577e-18
11779.0576	3.4576e-17	1.8565e-18
11779.6576	3.4581e-17	1.8878e-18
11780.2576	3.4600e-17	1.8768e-18
11780.8575	3.4625e-17	1.8794e-18
11781.4575	3.4622e-17	1.8853e-18
11782.0574	3.4592e-17	1.8845e-18
11782.6574	3.4558e-17	1.8789e-18
11783.2573	3.4531e-17	1.9107e-18
11783.8573	3.4490e-17	1.9987e-18
11784.4572	3.4465e-17	1.9940e-18
11785.0572	3.4455e-17	1.9955e-18
11785.6572	3.4441e-17	1.9943e-18
11786.2571	3.4417e-17	1.9820e-18
11786.8571	3.4401e-17	1.9877e-18
11787.4570	3.4410e-17	1.9822e-18
11788.0570	3.4377e-17	1.9851e-18
11788.6569	3.4357e-17	1.9851e-18
11789.2569	3.4361e-17	1.9815e-18
11789.8569	3.4341e-17	1.9806e-18
11790.4568	3.4348e-17	1.9854e-18
11791.0568	3.4334e-17	1.9854e-18
11791.6567	3.4327e-17	2.0134e-18
11792.2567	3.4311e-17	2.0170e-18
11792.8566	3.4301e-17	2.0161e-18
11793.4566	3.4291e-17	2.0210e-18
11794.0565	3.4253e-17	2.0547e-18
11794.6565	3.4223e-17	2.0671e-18
11795.2565	3.4179e-17	2.0617e-18
11795.8564	3.4154e-17	2.0543e-18
11796.4564	3.4182e-17	2.0511e-18
11797.0563	3.4194e-17	2.0394e-18
11797.6563	3.4182e-17	2.0412e-18
11798.2562	3.4154e-17	2.0493e-18
11798.8562	3.4145e-17	2.0547e-18
11799.4562	3.4132e-17	2.0565e-18
11800.0561	3.4116e-17	2.0617e-18
11800.6561	3.4112e-17	2.0231e-18
11801.2560	3.4109e-17	2.0324e-18
11801.8560	3.4135e-17	2.0286e-18
11802.4559	3.4128e-17	2.0435e-18
11803.0559	3.4123e-17	2.0418e-18
11803.6558	3.4133e-17	2.0458e-18
11804.2558	3.4136e-17	2.0340e-18
11804.8558	3.4137e-17	2.0211e-18
11805.4557	3.4129e-17	2.0166e-18
11806.0557	3.4151e-17	2.0311e-18
11806.6556	3.4170e-17	1.9828e-18
11807.2556	3.4170e-17	1.9857e-18
11807.8555	3.4179e-17	1.9640e-18
11808.4555	3.4195e-17	1.9733e-18
11809.0555	3.4174e-17	1.9156e-18
11809.6554	3.4140e-17	1.9234e-18
11810.2554	3.4151e-17	1.9219e-18
11810.8553	3.4090e-17	1.8325e-18
11811.4553	3.4015e-17	1.8595e-18
11812.0552	3.3986e-17	1.8002e-18
11812.6552	3.4005e-17	1.7876e-18
11813.2551	3.4046e-17	1.7881e-18
11813.8551	3.4087e-17	1.7711e-18
11814.4551	3.4082e-17	1.7693e-18
11815.0550	3.4088e-17	1.7675e-18
11815.6550	3.4078e-17	1.7666e-18
11816.2549	3.4051e-17	1.7692e-18
11816.8549	3.4051e-17	1.7964e-18
11817.4548	3.4041e-17	1.7914e-18
11818.0548	3.4032e-17	1.7912e-18
11818.6548	3.4015e-17	1.7912e-18
11819.2547	3.3995e-17	1.7511e-18
11819.8547	3.3986e-17	1.7512e-18
11820.4546	3.3975e-17	1.7410e-18
11821.0546	3.3965e-17	1.7426e-18
11821.6545	3.3942e-17	1.7430e-18
11822.2545	3.3907e-17	1.7565e-18
11822.8644	3.3904e-17	1.7539e-18
11823.4644	3.3900e-17	1.7555e-18
11824.0644	3.3908e-17	1.7575e-18
11824.6643	3.3857e-17	1.7571e-18
11825.2643	3.3830e-17	1.7591e-18
11825.8642	3.3801e-17	1.7618e-18
11826.4642	3.3778e-17	1.7498e-18
11827.0641	3.3760e-17	1.7548e-18
11827.6641	3.3755e-17	1.7277e-18
11828.2641	3.3753e-17	1.7256e-18
11828.8640	3.3730e-17	1.7348e-18
11829.4640	3.3696e-17	1.7341e-18
11830.0639	3.3672e-17	1.7559e-18
11830.6639	3.3674e-17	1.7750e-18
11831.2638	3.3676e-17	1.7496e-18
11831.8638	3.3669e-17	1.6556e-18
11832.4637	3.3649e-17	1.6686e-18
11833.0637	3.3643e-17	1.6938e-18
11833.6637	3.3624e-17	1.6930e-18
11834.2636	3.3582e-17	1.6988e-18
11834.8636	3.3596e-17	1.7001e-18
11835.4635	3.3581e-17	1.7060e-18
11836.0635	3.3557e-17	1.7320e-18
11836.6634	3.3572e-17	1.7357e-18
11837.2634	3.3595e-17	1.7632e-18
11837.8634	3.3608e-17	1.7635e-18
11838.4633	3.3618e-17	1.8409e-18
11839.0633	3.3616e-17	1.8638e-18
11839.6632	3.3584e-17	1.8367e-18
11840.2632	3.3538e-17	1.8317e-18
11840.8631	3.3495e-17	1.8399e-18
11841.4631	3.3502e-17	1.8863e-18
11842.0630	3.3489e-17	1.8461e-18
11842.6630	3.3475e-17	1.8390e-18
11843.2630	3.3461e-17	1.8950e-18
11843.8629	3.3437e-17	1.8991e-18
11844.4629	3.3446e-17	1.9572e-18
11845.0628	3.3419e-17	2.0192e-18
11845.6628	3.3424e-17	2.0264e-18
11846.2627	3.3405e-17	2.0203e-18
11846.8627	3.3361e-17	2.0523e-18
11847.4627	3.3340e-17	2.0503e-18
11848.0626	3.3348e-17	2.0428e-18
11848.6626	3.3353e-17	2.0450e-18
11849.2625	3.3325e-17	2.0410e-18
11849.8625	3.3300e-17	2.0490e-18
11850.4624	3.3280e-17	2.0412e-18
11851.0624	3.3273e-17	2.0512e-18
11851.6623	3.3278e-17	2.0604e-18
11852.2623	3.3278e-17	2.0696e-18
11852.8623	3.3297e-17	2.0844e-18
11853.4622	3.3276e-17	2.0897e-18
11854.0622	3.3251e-17	2.0940e-18
11854.6621	3.3247e-17	2.0963e-18
11855.2621	3.3224e-17	2.1061e-18
11855.8620	3.3203e-17	2.1042e-18
11856.4620	3.3172e-17	2.1000e-18
11857.0620	3.3160e-17	2.0508e-18
11857.6619	3.3133e-17	2.0967e-18
11858.2619	3.3117e-17	2.1609e-18
11858.8618	3.3129e-17	2.1712e-18
11859.4618	3.3121e-17	2.1651e-18
11860.0617	3.3122e-17	2.1852e-18
11860.6617	3.3119e-17	2.1614e-18
11861.2616	3.3099e-17	2.1998e-18
11861.8616	3.3093e-17	2.2322e-18
11862.4616	3.3081e-17	2.2360e-18
11863.0615	3.3076e-17	2.2553e-18
11863.6615	3.3058e-17	2.2609e-18
11864.2614	3.3052e-17	2.2718e-18
11864.8614	3.3048e-17	2.2477e-18
11865.4613	3.3054e-17	2.2444e-18
11866.0613	3.3049e-17	2.2442e-18
11866.6613	3.3028e-17	2.2443e-18
11867.2612	3.3027e-17	2.2447e-18
11867.8612	3.3006e-17	2.3042e-18
11868.4611	3.3005e-17	2.3414e-18
11869.0711	3.3018e-17	2.4361e-18
11869.6710	3.3059e-17	2.4784e-18
11870.2710	3.3072e-17	2.5091e-18
11870.8709	3.3051e-17	2.5258e-18
11871.4709	3.3036e-17	2.5269e-18
11872.0709	3.3030e-17	2.5783e-18
11872.6708	3.3007e-17	2.5797e-18
11873.2708	3.3021e-17	2.5841e-18
11873.8707	3.3048e-17	2.5904e-18
11874.4707	3.3060e-17	2.5938e-18
11875.0706	3.3056e-17	2.5909e-18
11875.6706	3.3054e-17	2.6074e-18
11876.2706	3.3058e-17	2.6259e-18
11876.8705	3.3054e-17	2.6170e-18
11877.4705	3.3037e-17	2.6062e-18
11878.0704	3.3044e-17	2.5914e-18
11878.6704	3.3024e-17	2.5781e-18
11879.2703	3.3015e-17	2.5661e-18
11879.8703	3.3033e-17	2.5829e-18
11880.4702	3.3025e-17	2.5730e-18
11881.0702	3.2974e-17	2.5504e-18
11881.6702	3.2929e-17	2.5550e-18
11882.2701	3.2887e-17	2.5516e-18
11882.8701	3.2853e-17	2.5569e-18
11883.4700	3.2836e-17	2.5547e-18
11884.0700	3.2867e-17	2.5543e-18
11884.6699	3.2840e-17	2.5538e-18
11885.2699	3.2860e-17	2.5384e-18
11885.8699	3.2833e-17	2.5599e-18
11886.4698	3.2819e-17	2.5035e-18
11887.0698	3.2824e-17	2.4880e-18
11887.6697	3.2806e-17	2.5212e-18
11888.2697	3.2798e-17	2.5215e-18
11888.8696	3.2788e-17	2.5137e-18
11889.4696	3.2761e-17	2.4730e-18
11890.0695	3.2747e-17	2.4700e-18
11890.6695	3.2719e-17	2.4740e-18
11891.2695	3.2696e-17	2.4304e-18
11891.8694	3.2678e-17	2.4384e-18
11892.4694	3.2635e-17	2.3850e-18
11893.0693	3.2612e-17	2.3290e-18
11893.6693	3.2596e-17	2.3164e-18
11894.2692	3.2587e-17	2.3100e-18
11894.8692	3.2578e-17	2.2804e-18
11895.4692	3.2572e-17	2.2832e-18
11896.0691	3.2569e-17	2.2806e-18
11896.6691	3.2563e-17	2.2778e-18
11897.2690	3.2547e-17	2.2729e-18
11897.8690	3.2548e-17	2.2673e-18
11898.4689	3.2540e-17	2.2669e-18
11899.0689	3.2534e-17	2.2576e-18
11899.6688	3.2540e-17	2.2476e-18
11900.2688	3.2533e-17	2.2341e-18
11900.8688	3.2526e-17	2.2283e-18
11901.4687	3.2497e-17	2.2150e-18
11902.0687	3.2490e-17	2.2113e-18
11902.6686	3.2486e-17	2.1891e-18
11903.2686	3.2474e-17	2.1892e-18
11903.8685	3.2498e-17	2.2094e-18
11904.4685	3.2489e-17	2.2033e-18
11905.0685	3.2530e-17	2.2017e-18
11905.6684	3.2540e-17	2.1739e-18
11906.2684	3.2558e-17	2.1135e-18
11906.8683	3.2565e-17	2.1028e-18
11907.4683	3.2568e-17	2.0719e-18
11908.0682	3.2582e-17	2.0481e-18
11908.6682	3.2588e-17	2.0479e-18
11909.2681	3.2601e-17	2.0084e-18
11909.8681	3.2610e-17	1.9803e-18
11910.4681	3.2617e-17	1.9829e-18
11911.0680	3.2597e-17	2.0351e-18
11911.6680	3.2558e-17	2.0335e-18
11912.2679	3.2540e-17	2.0199e-18
11912.8679	3.2485e-17	2.0199e-18
11913.4678	3.2476e-17	2.0214e-18
11914.0678	3.2450e-17	2.1027e-18
11914.6778	3.2454e-17	2.1681e-18
11915.2777	3.2471e-17	2.1686e-18
11915.8777	3.2483e-17	2.1287e-18
11916.4776	3.2469e-17	2.0838e-18
11917.0776	3.2434e-17	1.9627e-18
11917.6775	3.2433e-17	1.9049e-18
11918.2775	3.2412e-17	1.8738e-18
11918.8774	3.2402e-17	1.8618e-18
11919.4774	3.2382e-17	1.8544e-18
11920.0774	3.2400e-17	1.7665e-18
11920.6773	3.2394e-17	1.7784e-18
11921.2773	3.2374e-17	1.7830e-18
11921.8772	3.2379e-17	1.7693e-18
11922.4772	3.2385e-17	1.7561e-18
11923.0771	3.2378e-17	1.7861e-18
11923.6771	3.2356e-17	1.9072e-18
11924.2771	3.2314e-17	1.8975e-18
11924.8770	3.2331e-17	1.9014e-18
11925.4770	3.2316e-17	1.9014e-18
11926.0769	3.2343e-17	1.9058e-18
11926.6769	3.2360e-17	1.9578e-18
11927.2768	3.2353e-17	1.9469e-18
11927.8768	3.2365e-17	1.9412e-18
11928.4768	3.2353e-17	1.9576e-18
11929.0767	3.2357e-17	1.9794e-18
11929.6767	3.2373e-17	1.9780e-18
11930.2766	3.2404e-17	2.0053e-18
11930.8766	3.2410e-17	1.9975e-18
11931.4765	3.2364e-17	2.0282e-18
11932.0765	3.2310e-17	2.0047e-18
11932.6764	3.2280e-17	2.0100e-18
11933.2764	3.2254e-17	2.0155e-18
11933.8764	3.2338e-17	1.9809e-18
11934.4763	3.2366e-17	1.9916e-18
11935.0763	3.2375e-17	1.9920e-18
11935.6762	3.2383e-17	1.9428e-18
11936.2762	3.2375e-17	1.9443e-18
11936.8761	3.2390e-17	1.9596e-18
11937.4761	3.2368e-17	1.9636e-18
11938.0761	3.2314e-17	1.9646e-18
11938.6760	3.2283e-17	1.9417e-18
11939.2760	3.2277e-17	1.9642e-18
11939.8759	3.2289e-17	1.9464e-18
11940.4759	3.2293e-17	1.9655e-18
11941.0758	3.2290e-17	1.9663e-18
11941.6758	3.2306e-17	1.9930e-18
11942.2757	3.2303e-17	1.9926e-18
11942.8757	3.2328e-17	2.0052e-18
11943.4757	3.2301e-17	2.1552e-18
11944.0756	3.2310e-17	2.1666e-18
11944.6756	3.2345e-17	2.1878e-18
11945.2755	3.2350e-17	2.1944e-18
11945.8755	3.2364e-17	2.1974e-18
11946.4754	3.2389e-17	2.2138e-18
11947.0754	3.2413e-17	2.2340e-18
11947.6754	3.2442e-17	2.2509e-18
11948.2753	3.2474e-17	2.2669e-18
11948.8753	3.2482e-17	2.2706e-18
11949.4752	3.2497e-17	2.2791e-18
11950.0752	3.2513e-17	2.2746e-18
11950.6751	3.2529e-17	2.2855e-18
11951.2751	3.2563e-17	2.2791e-18
11951.8750	3.2586e-17	2.2651e-18
11952.4750	3.2631e-17	2.2728e-18
11953.0750	3.2658e-17	2.2796e-18
11953.6749	3.2687e-17	2.2753e-18
11954.2749	3.2723e-17	2.2744e-18
11954.8748	3.2751e-17	2.3060e-18
11955.4748	3.2732e-17	2.3442e-18
11956.0747	3.2717e-17	2.3424e-18
11956.6747	3.2705e-17	2.3602e-18
11957.2747	3.2684e-17	2.3730e-18
11957.8746	3.2676e-17	2.3746e-18
11958.4746	3.2661e-17	2.3656e-18
11959.0745	3.2655e-17	2.3003e-18
11959.6745	3.2630e-17	2.2944e-18
11960.2844	3.2618e-17	2.2780e-18
11960.8844	3.2625e-17	2.2773e-18
11961.4844	3.2629e-17	2.2756e-18
11962.0843	3.2647e-17	2.2062e-18
11962.6843	3.2636e-17	2.1459e-18
11963.2842	3.2660e-17	2.1466e-18
11963.8842	3.2688e-17	2.1265e-18
11964.4841	3.2684e-17	2.1314e-18
11965.0841	3.2706e-17	2.1365e-18
11965.6840	3.2737e-17	2.1350e-18
11966.2840	3.2778e-17	2.1355e-18
11966.8840	3.2825e-17	2.1608e-18
11967.4839	3.2852e-17	2.1607e-18
11968.0839	3.2853e-17	2.1568e-18
11968.6838	3.2872e-17	2.1475e-18
11969.2838	3.2890e-17	2.1501e-18
11969.8837	3.2882e-17	2.1427e-18
11970.4837	3.2876e-17	2.1462e-18
11971.0837	3.2893e-17	2.1284e-18
11971.6836	3.2882e-17	2.0132e-18
11972.2836	3.2865e-17	1.9871e-18
11972.8835	3.2856e-17	1.9855e-18
11973.4835	3.2834e-17	1.9847e-18
11974.0834	3.2835e-17	1.9805e-18
11974.6834	3.2803e-17	1.9503e-18
11975.2833	3.2768e-17	1.9592e-18
11975.8833	3.2733e-17	1.9520e-18
11976.4833	3.2704e-17	1.9498e-18
11977.0832	3.2681e-17	1.9380e-18
11977.6832	3.2669e-17	1.9701e-18
11978.2831	3.2649e-17	1.9766e-18
11978.8831	3.2626e-17	2.0031e-18
11979.4830	3.2635e-17	1.9965e-18
11980.0830	3.2651e-17	2.0173e-18
11980.6830	3.2671e-17	2.0401e-18
11981.2829	3.2672e-17	2.0635e-18
11981.8829	3.2646e-17	2.0895e-18
11982.4828	3.2605e-17	2.1088e-18
11983.0828	3.2600e-17	2.1242e-18
11983.6827	3.2590e-17	2.1441e-18
11984.2827	3.2544e-17	2.1655e-18
11984.8826	3.2536e-17	2.1592e-18
11985.4826	3.2497e-17	2.1850e-18
11986.0826	3.2470e-17	2.1881e-18
11986.6825	3.2439e-17	2.2522e-18
11987.2825	3.2436e-17	2.2459e-18
11987.8824	3.2423e-17	2.2565e-18
11988.4824	3.2394e-17	2.2293e-18
11989.0823	3.2410e-17	2.2311e-18
11989.6823	3.2421e-17	2.1926e-18
11990.2823	3.2453e-17	2.1923e-18
11990.8822	3.2467e-17	2.2530e-18
11991.4822	3.2415e-17	2.1487e-18
11992.0821	3.2369e-17	2.1556e-18
11992.6821	3.2317e-17	2.1365e-18
11993.2820	3.2330e-17	2.1289e-18
11993.8820	3.2323e-17	2.1357e-18
11994.4820	3.2304e-17	2.1022e-18
11995.0819	3.2304e-17	2.0933e-18
11995.6819	3.2297e-17	2.1028e-18
11996.2818	3.2295e-17	2.0925e-18
11996.8818	3.2258e-17	2.0823e-18
11997.4817	3.2258e-17	2.0758e-18
11998.0817	3.2281e-17	2.1897e-18
11998.6816	3.2257e-17	2.1931e-18
11999.2816	3.2220e-17	2.1900e-18
11999.8816	3.2182e-17	2.2460e-18
12000.4815	3.2118e-17	2.2458e-18
12001.0815	3.2093e-17	2.2460e-18
12001.6814	3.2060e-17	2.2411e-18
12002.2814	3.2055e-17	2.2388e-18
12002.8813	3.2033e-17	2.2018e-18
12003.4813	3.2013e-17	2.1530e-18
12004.0813	3.1983e-17	2.1574e-18
12004.6812	3.1954e-17	2.1512e-18
12005.2812	3.1918e-17	2.4066e-18
12005.8811	3.1897e-17	2.7385e-18
12006.4911	3.1885e-17	2.7613e-18
12007.0910	3.1843e-17	2.8160e-18
12007.6910	3.1823e-17	3.0305e-18
12008.2909	3.1774e-17	3.0668e-18
12008.8909	3.1723e-17	3.0762e-18
12009.4909	3.1719e-17	3.0763e-18
12010.0908	3.1695e-17	3.0827e-18
12010.6908	3.1682e-17	3.0903e-18
12011.2907	3.1643e-17	3.0992e-18
12011.8907	3.1590e-17	3.2085e-18
12012.4906	3.1583e-17	3.3456e-18
12013.0906	3.1548e-17	3.3676e-18
12013.6906	3.1530e-17	3.3609e-18
12014.2905	3.1502e-17	3.3499e-18
12014.8905	3.1470e-17	3.3394e-18
12015.4904	3.1447e-17	3.3410e-18
12016.0904	3.1421e-17	3.3475e-18
12016.6903	3.1412e-17	3.3622e-18
12017.2903	3.1394e-17	3.3949e-18
12017.8903	3.1373e-17	3.3948e-18
12018.4902	3.1331e-17	3.4111e-18
12019.0902	3.1314e-17	3.4110e-18
12019.6901	3.1310e-17	3.4104e-18
12020.2901	3.1297e-17	3.4190e-18
12020.8900	3.1286e-17	3.4241e-18
12021.4900	3.1271e-17	3.4367e-18
12022.0899	3.1241e-17	3.4540e-18
12022.6899	3.1212e-17	3.4413e-18
12023.2899	3.1176e-17	3.4357e-18
12023.8898	3.1150e-17	3.4326e-18
12024.4898	3.1140e-17	3.4261e-18
12025.0897	3.1132e-17	3.4223e-18
12025.6897	3.1106e-17	3.4046e-18
12026.2896	3.1081e-17	3.3982e-18
12026.8896	3.1044e-17	3.3863e-18
12027.4896	3.1009e-17	3.3682e-18
12028.0895	3.0987e-17	3.3501e-18
12028.6895	3.0955e-17	3.3428e-18
12029.2894	3.0930e-17	3.3557e-18
12029.8894	3.0907e-17	3.3626e-18
12030.4893	3.0894e-17	3.3644e-18
12031.0893	3.0904e-17	3.3609e-18
12031.6893	3.0894e-17	3.3521e-18
12032.2892	3.0862e-17	3.3385e-18
12032.8892	3.0843e-17	3.3455e-18
12033.4891	3.0816e-17	3.3401e-18
12034.0891	3.0795e-17	3.3451e-18
12034.6890	3.0780e-17	3.3213e-18
12035.2890	3.0787e-17	3.3136e-18
12035.8889	3.0793e-17	3.3130e-18
12036.4889	3.0767e-17	3.3087e-18
12037.0889	3.0760e-17	3.3057e-18
12037.6888	3.0738e-17	3.3014e-18
12038.2888	3.0718e-17	3.3094e-18
12038.8887	3.0680e-17	3.2860e-18
12039.4887	3.0641e-17	3.2671e-18
12040.0886	3.0606e-17	3.2659e-18
12040.6886	3.0593e-17	3.3031e-18
12041.2886	3.0606e-17	3.3090e-18
12041.8885	3.0607e-17	3.3108e-18
12042.4885	3.0611e-17	3.3271e-18
12043.0884	3.0578e-17	3.3595e-18
12043.6884	3.0561e-17	3.3384e-18
12044.2883	3.0573e-17	3.3394e-18
12044.8883	3.0583e-17	3.3915e-18
12045.4882	3.0584e-17	3.3932e-18
12046.0882	3.0576e-17	3.3258e-18
12046.6882	3.0550e-17	3.3228e-18
12047.2881	3.0550e-17	3.3215e-18
12047.8881	3.0531e-17	3.3184e-18
12048.4880	3.0574e-17	3.3119e-18
12049.0880	3.0637e-17	3.3054e-18
12049.6879	3.0635e-17	3.3044e-18
12050.2879	3.0644e-17	3.3077e-18
12050.8879	3.0661e-17	3.3074e-18
12051.4878	3.0664e-17	3.3054e-18
12052.0978	3.0647e-17	3.2979e-18
12052.6977	3.0662e-17	3.3062e-18
12053.2977	3.0688e-17	3.1319e-18
12053.8976	3.0725e-17	2.8906e-18
12054.4976	3.0708e-17	2.8948e-18
12055.0976	3.0684e-17	2.8372e-18
12055.6975	3.0613e-17	2.6106e-18
12056.2975	3.0578e-17	2.5654e-18
12056.8974	3.0581e-17	2.5535e-18
12057.4974	3.0580e-17	2.5537e-18
12058.0973	3.0551e-17	2.5549e-18
12058.6973	3.0566e-17	2.5433e-18
12059.2972	3.0576e-17	2.5327e-18
12059.8972	3.0573e-17	2.3958e-18
12060.4972	3.0580e-17	2.1938e-18
12061.0971	3.0590e-17	2.1691e-18
12061.6971	3.0613e-17	2.1832e-18
12062.2970	3.0623e-17	2.1734e-18
12062.8970	3.0660e-17	2.1638e-18
12063.4969	3.0672e-17	2.1757e-18
12064.0969	3.0684e-17	2.1882e-18
12064.6969	3.0652e-17	2.1778e-18
12065.2968	3.0654e-17	2.1166e-18
12065.8968	3.0693e-17	2.1280e-18
12066.4967	3.0712e-17	2.2469e-18
12067.0967	3.0727e-17	2.2469e-18
12067.6966	3.0765e-17	2.2474e-18
12068.2966	3.0774e-17	2.2364e-18
12068.8966	3.0799e-17	2.2306e-18
12069.4965	3.0801e-17	2.2135e-18
12070.0965	3.0826e-17	2.2052e-18
12070.6964	3.0850e-17	2.2017e-18
12071.2964	3.0858e-17	2.2025e-18
12071.8963	3.0875e-17	2.3273e-18
12072.4963	3.0895e-17	2.3233e-18
12073.0962	3.0903e-17	2.3527e-18
12073.6962	3.0901e-17	2.3695e-18
12074.2962	3.0914e-17	2.4710e-18
12074.8961	3.0954e-17	2.4624e-18
12075.4961	3.0981e-17	2.4765e-18
12076.0960	3.1026e-17	2.4756e-18
12076.6960	3.1085e-17	2.4587e-18
12077.2959	3.1101e-17	2.4146e-18
12077.8959	3.1144e-17	2.3712e-18
12078.4959	3.1197e-17	2.3405e-18
12079.0958	3.1216e-17	2.3050e-18
12079.6958	3.1265e-17	2.2721e-18
12080.2957	3.1273e-17	2.2440e-18
12080.8957	3.1299e-17	2.2246e-18
12081.4956	3.1304e-17	2.2039e-18
12082.0956	3.1331e-17	2.2493e-18
12082.6956	3.1359e-17	2.2508e-18
12083.2955	3.1387e-17	2.2524e-18
12083.8955	3.1416e-17	2.2487e-18
12084.4954	3.1445e-17	2.2504e-18
12085.0954	3.1476e-17	2.2892e-18
12085.6953	3.1508e-17	2.3256e-18
12086.2953	3.1541e-17	2.3266e-18
12086.8952	3.1575e-17	2.3261e-18
12087.4952	3.1616e-17	2.3249e-18
12088.0952	3.1661e-17	2.3395e-18
12088.6951	3.1688e-17	2.3023e-18
12089.2951	3.1719e-17	2.2986e-18
12089.8950	3.1765e-17	2.2891e-18
12090.4950	3.1787e-17	2.2729e-18
12091.0949	3.1811e-17	2.2331e-18
12091.6949	3.1853e-17	2.2349e-18
12092.2949	3.1899e-17	2.2865e-18
12092.8948	3.1934e-17	2.2201e-18
12093.4948	3.1974e-17	2.2215e-18
12094.0947	3.2010e-17	2.2237e-18
12094.6947	3.2042e-17	2.2149e-18
12095.2946	3.2065e-17	2.2155e-18
12095.8946	3.2071e-17	2.1490e-18
12096.4946	3.2101e-17	2.1490e-18
12097.0945	3.2128e-17	2.1490e-18
12097.6945	3.2158e-17	2.1490e-18
12098.3044	3.2187e-17	2.1447e-18
12098.9044	3.2184e-17	2.1443e-18
12099.5043	3.2191e-17	2.1439e-18
12100.1043	3.2208e-17	2.1457e-18
12100.7042	3.2213e-17	2.1034e-18
12101.3042	3.2218e-17	2.1066e-18
12101.9042	3.2219e-17	2.0508e-18
12102.5041	3.2232e-17	2.0367e-18
12103.1041	3.2253e-17	2.0353e-18
12103.7040	3.2261e-17	2.0355e-18
12104.3040	3.2262e-17	2.0351e-18
12104.9039	3.2260e-17	2.0602e-18
12105.5039	3.2268e-17	2.0996e-18
12106.1039	3.2285e-17	2.1270e-18
12106.7038	3.2323e-17	2.1509e-18
12107.3038	3.2370e-17	2.1688e-18
12107.9037	3.2408e-17	2.1792e-18
12108.5037	3.2400e-17	2.1860e-18
12109.1036	3.2399e-17	2.1661e-18
12109.7036	3.2393e-17	2.1496e-18
12110.3036	3.2396e-17	2.1499e-18
12110.9035	3.2400e-17	2.1301e-18
12111.5035	3.2406e-17	2.1110e-18
12112.1034	3.2443e-17	2.0747e-18
12112.7034	3.2456e-17	2.0655e-18
12113.3033	3.2490e-17	2.0650e-18
12113.9033	3.2523e-17	2.0636e-18
12114.5032	3.2547e-17	1.9367e-18
12115.1032	3.2550e-17	1.9934e-18
12115.7032	3.2558e-17	1.9979e-18
12116.3031	3.2571e-17	2.0188e-18
12116.9031	3.2557e-17	2.0193e-18
12117.5030	3.2558e-17	2.0194e-18
12118.1030	3.2555e-17	2.0129e-18
12118.7029	3.2554e-17	2.0245e-18
12119.9029	3.2585e-17	2.0257e-18
12120.5028	3.2562e-17	1.8596e-18
12121.1028	3.2558e-17	1.8804e-18
12121.7027	3.2541e-17	1.8731e-18
12122.3027	3.2531e-17	1.8768e-18
12122.9026	3.2506e-17	2.0200e-18
12123.5026	3.2524e-17	2.3901e-18
12124.1026	3.2524e-17	2.3714e-18
12124.7025	3.2486e-17	2.3755e-18
12125.3025	3.2448e-17	2.4154e-18
12125.9024	3.2423e-17	2.4110e-18
12126.5024	3.2382e-17	2.4271e-18
12127.1023	3.2402e-17	2.4152e-18
12127.7023	3.2505e-17	2.4493e-18
12128.3022	3.2531e-17	2.6528e-18
12128.9022	3.2507e-17	2.6529e-18
12129.5022	3.2408e-17	2.6688e-18
12130.1021	3.2353e-17	2.9123e-18
12130.7021	3.2396e-17	3.0002e-18
12131.3020	3.2424e-17	2.9931e-18
12131.9020	3.2416e-17	2.9879e-18
12132.5019	3.2402e-17	3.0415e-18
12133.1019	3.2405e-17	3.0416e-18
12133.7019	3.2421e-17	3.0146e-18
12134.3018	3.2465e-17	3.0045e-18
12134.9018	3.2471e-17	3.0011e-18
12135.5017	3.2455e-17	3.0025e-18
12136.1017	3.2472e-17	3.0109e-18
12136.7016	3.2499e-17	3.0060e-18
12137.3016	3.2501e-17	3.0026e-18
12137.9016	3.2513e-17	3.0186e-18
12138.5015	3.2494e-17	3.0170e-18
12139.1015	3.2518e-17	3.0373e-18
12139.7014	3.2531e-17	3.0467e-18
12140.3014	3.2509e-17	3.0476e-18
12140.9013	3.2513e-17	3.0299e-18
12141.5013	3.2524e-17	3.0316e-18
12142.1013	3.2511e-17	3.0367e-18
12142.7012	3.2473e-17	3.0410e-18
12143.3012	3.2428e-17	3.0426e-18
12143.9111	3.2399e-17	3.0576e-18
12144.5111	3.2398e-17	3.0612e-18
12145.1110	3.2397e-17	3.0635e-18
12145.7110	3.2403e-17	3.0675e-18
12146.3109	3.2386e-17	3.0673e-18
12146.9109	3.2367e-17	3.0675e-18
12147.5109	3.2353e-17	3.0706e-18
12148.1108	3.2312e-17	3.0906e-18
12148.7108	3.2283e-17	3.0900e-18
12149.3107	3.2289e-17	3.1187e-18
12149.9107	3.2260e-17	3.1230e-18
12150.5106	3.2242e-17	3.1227e-18
12151.1106	3.2269e-17	3.1069e-18
12151.7106	3.2284e-17	3.1079e-18
12152.3105	3.2287e-17	3.1063e-18
12152.9105	3.2305e-17	3.1143e-18
12153.5104	3.2322e-17	3.1035e-18
12154.1104	3.2337e-17	3.1217e-18
12154.7103	3.2351e-17	3.1073e-18
12155.3103	3.2364e-17	3.0955e-18
12155.9103	3.2377e-17	3.0999e-18
12156.5102	3.2388e-17	3.0941e-18
12157.1102	3.2398e-17	3.0906e-18
12157.7101	3.2407e-17	3.0889e-18
12158.3101	3.2410e-17	3.0884e-18
12158.9100	3.2406e-17	3.0886e-18
12159.5100	3.2403e-17	3.0886e-18
12160.1099	3.2394e-17	3.0879e-18
12160.7099	3.2383e-17	3.0860e-18
12161.3099	3.2385e-17	3.0819e-18
12161.9098	3.2377e-17	3.0809e-18
12162.5098	3.2364e-17	3.0774e-18
12163.1097	3.2360e-17	3.0771e-18
12163.7097	3.2347e-17	3.0425e-18
12164.3096	3.2327e-17	3.0529e-18
12164.9096	3.2298e-17	3.0382e-18
12165.5096	3.2281e-17	3.0406e-18
12166.1095	3.2263e-17	3.0590e-18
12166.7095	3.2238e-17	3.0603e-18
12167.3094	3.2234e-17	3.0584e-18
12167.9094	3.2222e-17	3.0601e-18
12168.5093	3.2198e-17	3.0593e-18
12169.1093	3.2197e-17	3.0429e-18
12169.7093	3.2165e-17	3.0316e-18
12170.3092	3.2145e-17	3.0216e-18
12170.9092	3.2132e-17	2.8369e-18
12171.5091	3.2104e-17	2.5202e-18
12172.1091	3.2081e-17	2.5298e-18
12172.7090	3.2078e-17	2.5371e-18
12173.3090	3.2076e-17	2.5081e-18
12173.9089	3.2049e-17	2.5106e-18
12174.5089	3.2072e-17	2.5033e-18
12175.1089	3.2083e-17	2.5027e-18
12175.7088	3.2066e-17	2.4507e-18
12176.3088	3.2031e-17	2.1774e-18
12176.9087	3.2027e-17	2.1817e-18
12177.5087	3.2012e-17	2.2001e-18
12178.1086	3.2000e-17	1.9315e-18
12178.7086	3.2002e-17	1.7518e-18
12179.3086	3.1976e-17	1.7499e-18
12179.9085	3.1976e-17	1.7663e-18
12180.5085	3.1945e-17	1.6921e-18
12181.1084	3.1938e-17	1.6999e-18
12181.7084	3.1934e-17	1.8150e-18
12182.3083	3.1922e-17	1.7933e-18
12182.9083	3.1891e-17	1.7978e-18
12183.5083	3.1863e-17	1.8400e-18
12184.7082	3.1851e-17	1.8458e-18
12185.3081	3.1824e-17	1.8399e-18
12185.9081	3.1797e-17	1.8390e-18
12186.5080	3.1764e-17	1.8203e-18
12187.1080	3.1740e-17	1.8191e-18
12187.7080	3.1732e-17	1.8210e-18
12188.3079	3.1730e-17	1.8326e-18
12188.9079	3.1759e-17	1.8492e-18
12189.5178	3.1750e-17	1.8257e-18
12190.1178	3.1739e-17	1.8278e-18
12190.7177	3.1728e-17	1.8206e-18
12191.3177	3.1715e-17	1.8117e-18
12191.9176	3.1708e-17	1.8097e-18
12192.5176	3.1683e-17	1.7772e-18
12193.1176	3.1677e-17	1.7737e-18
12193.7175	3.1671e-17	1.7725e-18
12194.3175	3.1618e-17	1.7645e-18
12194.9174	3.1607e-17	1.7777e-18
12195.5174	3.1612e-17	1.7933e-18
12196.1173	3.1614e-17	1.7998e-18
12196.7173	3.1642e-17	1.7559e-18
12197.3173	3.1644e-17	1.7658e-18
12197.9172	3.1657e-17	1.8048e-18
12198.5172	3.1640e-17	1.7992e-18
12199.1171	3.1619e-17	1.8654e-18
12199.7171	3.1611e-17	1.9101e-18
12200.3170	3.1601e-17	1.9124e-18
12200.9170	3.1602e-17	1.9317e-18
12201.5170	3.1603e-17	1.9962e-18
12202.1169	3.1592e-17	2.1392e-18
12202.7169	3.1586e-17	2.0902e-18
12203.3168	3.1599e-17	2.3259e-18
12203.9168	3.1589e-17	2.4667e-18
12204.5167	3.1608e-17	2.5204e-18
12205.1167	3.1620e-17	2.7670e-18
12205.7167	3.1612e-17	2.8525e-18
12206.3166	3.1613e-17	2.8560e-18
12206.9166	3.1613e-17	2.8623e-18
12207.5165	3.1626e-17	2.8625e-18
12208.1165	3.1636e-17	2.8838e-18
12208.7164	3.1610e-17	2.8838e-18
12209.3164	3.1600e-17	2.8954e-18
12209.9163	3.1597e-17	2.9127e-18
12210.5163	3.1605e-17	2.9167e-18
12211.1163	3.1607e-17	2.9247e-18
12211.7162	3.1589e-17	2.9268e-18
12212.3162	3.1585e-17	2.9269e-18
12212.9161	3.1563e-17	2.9128e-18
12213.5161	3.1577e-17	2.9127e-18
12214.1160	3.1552e-17	2.9160e-18
12214.7160	3.1591e-17	2.8979e-18
12215.9159	3.1574e-17	2.8913e-18
12216.5159	3.1579e-17	2.9020e-18
12217.1158	3.1568e-17	2.9001e-18
12217.7158	3.1555e-17	2.9272e-18
12218.3157	3.1548e-17	2.9619e-18
12218.9157	3.1539e-17	2.9624e-18
12219.5157	3.1544e-17	2.9618e-18
12220.1156	3.1554e-17	2.9604e-18
12220.7156	3.1556e-17	2.9599e-18
12221.3155	3.1552e-17	2.9646e-18
12221.9155	3.1549e-17	2.9478e-18
12222.5154	3.1550e-17	2.9293e-18
12223.1154	3.1545e-17	2.9454e-18
12223.7154	3.1536e-17	2.9489e-18
12224.3153	3.1529e-17	2.9741e-18
12224.9153	3.1514e-17	2.9798e-18
12225.5152	3.1523e-17	2.9798e-18
12226.1152	3.1514e-17	2.9957e-18
12226.7151	3.1512e-17	2.9851e-18
12227.3151	3.1508e-17	2.9863e-18
12227.9150	3.1488e-17	2.9913e-18
12228.5150	3.1465e-17	2.9951e-18
12229.1150	3.1442e-17	2.9910e-18
12229.7149	3.1421e-17	2.9917e-18
12230.3149	3.1403e-17	2.9902e-18
12230.9148	3.1398e-17	2.9287e-18
12231.5148	3.1393e-17	2.9300e-18
12232.1147	3.1397e-17	2.9259e-18
12232.7147	3.1409e-17	2.8960e-18
12233.3147	3.1412e-17	2.8831e-18
12233.9146	3.1407e-17	2.8824e-18
12234.5146	3.1415e-17	2.8825e-18
12235.1145	3.1450e-17	2.8791e-18
12235.7245	3.1477e-17	2.8805e-18
12236.3244	3.1484e-17	2.8625e-18
12236.9244	3.1500e-17	2.8492e-18
12237.5244	3.1497e-17	2.8471e-18
12238.1243	3.1479e-17	2.8403e-18
12238.7243	3.1499e-17	2.8337e-18
12239.3242	3.1494e-17	2.8284e-18
12239.9242	3.1514e-17	2.8254e-18
12240.5241	3.1535e-17	2.8351e-18
12241.1241	3.1530e-17	2.8438e-18
12241.7241	3.1562e-17	2.8488e-18
12242.3240	3.1578e-17	2.8536e-18
12242.9240	3.1581e-17	2.8543e-18
12243.5239	3.1603e-17	2.8509e-18
12244.1239	3.1607e-17	2.8483e-18
12244.7238	3.1604e-17	2.8367e-18
12245.3238	3.1566e-17	2.8453e-18
12245.9237	3.1488e-17	2.8416e-18
12246.5237	3.1473e-17	2.8090e-18
12247.1237	3.1456e-17	2.8101e-18
12247.7236	3.1425e-17	2.7772e-18
12248.3236	3.1431e-17	2.7486e-18
12248.9235	3.1443e-17	2.7792e-18
12249.5235	3.1414e-17	2.7690e-18
12250.1234	3.1367e-17	2.7326e-18
12250.7234	3.1288e-17	2.6305e-18
12251.3234	3.1262e-17	2.6240e-18
12251.9233	3.1254e-17	2.4191e-18
12252.5233	3.1293e-17	2.2712e-18
12253.1232	3.1325e-17	2.1838e-18
12253.7232	3.1323e-17	1.8786e-18
12254.3231	3.1323e-17	1.7756e-18
12254.9231	3.1349e-17	1.7698e-18
12255.5231	3.1354e-17	1.8006e-18
12256.1230	3.1357e-17	1.7998e-18
12256.7230	3.1375e-17	1.7682e-18
12257.3229	3.1375e-17	1.7800e-18
12257.9229	3.1404e-17	1.7716e-18
12258.5228	3.1426e-17	1.7514e-18
12259.1228	3.1466e-17	1.7510e-18
12259.7228	3.1501e-17	1.7406e-18
12260.3227	3.1533e-17	1.7370e-18
12260.9227	3.1544e-17	1.7394e-18
12261.5226	3.1575e-17	1.7413e-18
12262.1226	3.1601e-17	1.7426e-18
12262.7225	3.1607e-17	1.7251e-18
12263.3225	3.1634e-17	1.7251e-18
12263.9224	3.1676e-17	1.7116e-18
12264.5224	3.1689e-17	1.6742e-18
12265.1224	3.1689e-17	1.6678e-18
12265.7223	3.1684e-17	1.6234e-18
12266.3223	3.1701e-17	1.5628e-18
12266.9222	3.1714e-17	1.5621e-18
12267.5222	3.1723e-17	1.5622e-18
12268.1221	3.1749e-17	1.5593e-18
12268.7221	3.1752e-17	1.5471e-18
12269.3221	3.1743e-17	1.5203e-18
12269.9220	3.1754e-17	1.5203e-18
12270.5220	3.1779e-17	1.5104e-18
12271.1219	3.1794e-17	1.4733e-18
12271.7219	3.1790e-17	1.5074e-18
12272.3218	3.1794e-17	1.4621e-18
12272.9218	3.1794e-17	1.4463e-18
12273.5218	3.1786e-17	1.4382e-18
12274.1217	3.1796e-17	1.3982e-18
12274.7217	3.1791e-17	1.3917e-18
12275.3216	3.1784e-17	1.3887e-18
12275.9216	3.1775e-17	1.3857e-18
12276.5215	3.1750e-17	1.3741e-18
12277.1215	3.1758e-17	1.3697e-18
12277.7215	3.1752e-17	1.4137e-18
12278.3214	3.1753e-17	1.4087e-18
12278.9214	3.1731e-17	1.4082e-18
12279.5213	3.1741e-17	1.4240e-18
12280.1213	3.1738e-17	1.4658e-18
12280.7212	3.1736e-17	1.4750e-18
12281.3312	3.1740e-17	1.5365e-18
12281.9312	3.1752e-17	1.5452e-18
12282.5311	3.1743e-17	1.5468e-18
12283.1311	3.1753e-17	1.5474e-18
12283.7310	3.1739e-17	1.5461e-18
12284.3310	3.1731e-17	1.5741e-18
12284.9309	3.1720e-17	1.5801e-18
12285.5309	3.1717e-17	1.5659e-18
12286.1308	3.1728e-17	1.5695e-18
12286.7308	3.1704e-17	1.5681e-18
12287.3308	3.1706e-17	1.5735e-18
12287.9307	3.1709e-17	1.6341e-18
12288.5307	3.1687e-17	1.6250e-18
12289.1306	3.1669e-17	1.6691e-18
12289.7306	3.1661e-17	1.6620e-18
12290.3305	3.1645e-17	1.7019e-18
12290.9305	3.1618e-17	1.7014e-18
12291.5305	3.1584e-17	1.6958e-18
12292.1304	3.1577e-17	1.6924e-18
12292.7304	3.1580e-17	1.6922e-18
12293.3303	3.1567e-17	1.6973e-18
12293.9303	3.1564e-17	1.7337e-18
12294.5302	3.1553e-17	1.6882e-18
12295.1302	3.1568e-17	1.6715e-18
12295.7302	3.1584e-17	1.6708e-18
12296.3301	3.1598e-17	1.6702e-18
12296.9301	3.1567e-17	1.6029e-18
12297.5300	3.1541e-17	1.6168e-18
12298.1300	3.1526e-17	1.6093e-18
12298.7299	3.1527e-17	1.6073e-18
12299.3299	3.1513e-17	1.6157e-18
12299.9299	3.1488e-17	1.6247e-18
12300.5298	3.1473e-17	1.6277e-18
12301.1298	3.1462e-17	1.6426e-18
12301.7297	3.1452e-17	1.6557e-18
12302.3297	3.1429e-17	1.6403e-18
12302.9296	3.1411e-17	1.6589e-18
12303.5296	3.1390e-17	1.6286e-18
12304.1296	3.1343e-17	1.6492e-18
12304.7295	3.1324e-17	1.6475e-18
12305.3295	3.1316e-17	1.6349e-18
12305.9294	3.1320e-17	1.6210e-18
12306.5294	3.1334e-17	1.6156e-18
12307.1293	3.1334e-17	1.6064e-18
12307.7293	3.1316e-17	1.6276e-18
12308.3292	3.1322e-17	1.6237e-18
12308.9292	3.1314e-17	1.6528e-18
12309.5292	3.1289e-17	1.6534e-18
12310.1291	3.1259e-17	1.6589e-18
12310.7291	3.1230e-17	1.6596e-18
12311.3290	3.1196e-17	1.6733e-18
12311.9290	3.1171e-17	1.6781e-18
12312.5289	3.1146e-17	1.7043e-18
12313.1289	3.1127e-17	1.7034e-18
12313.7289	3.1110e-17	1.7037e-18
12314.3288	3.1102e-17	1.7120e-18
12314.9288	3.1095e-17	1.7114e-18
12315.5287	3.1079e-17	1.7234e-18
12316.1287	3.1063e-17	1.7229e-18
12316.7286	3.1054e-17	1.7429e-18
12317.3286	3.1055e-17	1.7462e-18
12317.9286	3.1031e-17	1.7488e-18
12318.5285	3.1010e-17	1.7486e-18
12319.1285	3.1001e-17	1.7540e-18
12319.7284	3.0944e-17	1.7554e-18
12320.3284	3.0906e-17	1.7711e-18
12320.9283	3.0897e-17	1.7810e-18
12321.5283	3.0887e-17	1.7765e-18
12322.1283	3.0861e-17	1.7781e-18
12322.7282	3.0842e-17	1.7762e-18
12323.3282	3.0837e-17	1.8411e-18
12323.9281	3.0764e-17	1.8924e-18
12324.5281	3.0716e-17	1.9402e-18
12325.1280	3.0734e-17	1.9793e-18
12325.7280	3.0746e-17	1.9817e-18
12326.3280	3.0749e-17	2.0108e-18
12326.9279	3.0662e-17	2.0329e-18
12327.5379	3.0609e-17	2.0400e-18
12328.1378	3.0627e-17	2.0235e-18
12328.7378	3.0627e-17	2.0249e-18
12329.3377	3.0626e-17	1.9802e-18
12329.9377	3.0639e-17	1.9756e-18
12330.5376	3.0641e-17	1.9764e-18
12331.1376	3.0661e-17	1.9796e-18
12331.7376	3.0692e-17	2.0028e-18
12332.3375	3.0682e-17	1.9742e-18
12332.9375	3.0674e-17	2.0171e-18
12333.5374	3.0654e-17	2.0721e-18
12334.1374	3.0635e-17	2.0839e-18
12334.7373	3.0639e-17	2.0845e-18
12335.3373	3.0641e-17	2.0899e-18
12335.9373	3.0630e-17	2.0461e-18
12336.5372	3.0636e-17	2.0421e-18
12337.1372	3.0617e-17	1.9837e-18
12337.7371	3.0577e-17	2.0693e-18
12338.3371	3.0556e-17	2.0213e-18
12338.9370	3.0593e-17	2.0346e-18
12339.5370	3.0623e-17	2.0348e-18
12340.1370	3.0609e-17	2.0281e-18
12340.7369	3.0591e-17	2.0460e-18
12341.3369	3.0590e-17	2.0267e-18
12341.9368	3.0580e-17	1.9961e-18
12342.5368	3.0593e-17	1.9739e-18
12343.1367	3.0582e-17	1.9741e-18
12343.7367	3.0617e-17	1.9694e-18
12344.3367	3.0625e-17	1.9609e-18
12344.9366	3.0641e-17	1.9631e-18
12345.5366	3.0612e-17	1.9824e-18
12346.1365	3.0615e-17	1.9959e-18
12346.7365	3.0587e-17	1.9913e-18
12347.3364	3.0570e-17	1.9873e-18
12347.9364	3.0545e-17	1.9856e-18
12348.5364	3.0550e-17	1.9791e-18
12349.1363	3.0527e-17	1.9769e-18
12349.7363	3.0523e-17	1.9683e-18
12350.3362	3.0520e-17	1.9605e-18
12350.9362	3.0512e-17	1.9503e-18
12351.5361	3.0493e-17	1.9436e-18
12352.7361	3.0489e-17	1.9396e-18
12353.3360	3.0463e-17	1.9559e-18
12353.9360	3.0448e-17	1.9899e-18
12354.5359	3.0431e-17	1.9921e-18
12355.1359	3.0423e-17	1.9879e-18
12355.7358	3.0414e-17	2.0059e-18
12356.3358	3.0400e-17	2.0299e-18
12356.9357	3.0387e-17	2.0285e-18
12357.5357	3.0374e-17	2.0251e-18
12358.1357	3.0370e-17	2.0199e-18
12358.7356	3.0364e-17	2.0157e-18
12359.3356	3.0335e-17	2.0174e-18
12359.9355	3.0297e-17	2.0084e-18
12360.5355	3.0265e-17	2.0351e-18
12361.1354	3.0250e-17	2.0064e-18
12361.7354	3.0220e-17	2.0194e-18
12362.3354	3.0219e-17	2.0188e-18
12362.9353	3.0223e-17	2.0108e-18
12363.5353	3.0208e-17	2.0186e-18
12364.1352	3.0195e-17	2.0341e-18
12364.7352	3.0189e-17	2.0423e-18
12365.3351	3.0185e-17	2.0314e-18
12365.9351	3.0142e-17	2.0502e-18
12366.5351	3.0105e-17	2.0540e-18
12367.1350	3.0088e-17	2.0814e-18
12367.7350	3.0089e-17	2.0740e-18
12368.3349	3.0101e-17	2.0576e-18
12368.9349	3.0100e-17	2.0463e-18
12369.5348	3.0084e-17	2.0544e-18
12370.1348	3.0067e-17	2.0610e-18
12370.7348	3.0082e-17	2.0928e-18
12371.3347	3.0064e-17	2.1106e-18
12371.9347	3.0017e-17	2.1065e-18
12372.5346	2.9993e-17	2.0705e-18
12373.1446	2.9964e-17	2.0249e-18
12373.7445	2.9942e-17	1.9815e-18
12374.3445	2.9945e-17	1.9411e-18
12374.9445	2.9935e-17	1.9036e-18
12375.5444	2.9914e-17	1.8689e-18
12376.1444	2.9910e-17	1.8372e-18
12376.7443	2.9898e-17	1.8090e-18
12377.3443	2.9883e-17	1.7874e-18
12377.9442	2.9875e-17	1.7693e-18
12378.5442	2.9861e-17	1.7544e-18
12379.1442	2.9862e-17	1.7428e-18
12379.7441	2.9864e-17	1.7340e-18
12380.3441	2.9860e-17	1.7326e-18
12380.9440	2.9870e-17	1.7382e-18
12381.5440	2.9887e-17	1.7006e-18
12382.1439	2.9914e-17	1.6616e-18
12382.7439	2.9907e-17	1.6558e-18
12383.3438	2.9926e-17	1.6557e-18
12383.9438	2.9933e-17	1.6524e-18
12384.5438	2.9949e-17	1.6494e-18
12385.1437	2.9950e-17	1.6467e-18
12385.7437	2.9959e-17	1.6585e-18
12386.3436	2.9974e-17	1.5758e-18
12386.9436	2.9977e-17	1.5757e-18
12387.5435	2.9969e-17	1.5383e-18
12388.1435	2.9976e-17	1.5303e-18
12388.7435	2.9982e-17	1.5345e-18
12389.3434	2.9983e-17	1.5357e-18
12389.9434	2.9996e-17	1.5306e-18
12390.5433	3.0000e-17	1.5174e-18
12391.1433	3.0001e-17	1.5158e-18
12391.7432	3.0009e-17	1.5031e-18
12392.3432	3.0017e-17	1.5071e-18
12392.9432	3.0025e-17	1.5062e-18
12393.5431	3.0014e-17	1.5067e-18
12394.1431	3.0009e-17	1.4985e-18
12394.7430	3.0014e-17	1.4972e-18
12395.3430	3.0027e-17	1.5082e-18
12395.9429	3.0035e-17	1.5285e-18
12396.5429	3.0043e-17	1.5556e-18
12397.1429	3.0047e-17	1.5897e-18
12397.7428	3.0044e-17	1.6341e-18
12398.3428	3.0048e-17	1.6890e-18
12398.9427	3.0046e-17	1.7542e-18
12399.5427	3.0031e-17	1.8292e-18
12400.1426	3.0032e-17	1.9099e-18
12400.7426	3.0033e-17	1.9934e-18
12401.3426	3.0027e-17	2.0801e-18
12401.9425	3.0016e-17	2.0808e-18
12402.5425	3.0013e-17	2.0844e-18
12403.1424	2.9997e-17	2.0907e-18
12403.7424	2.9994e-17	2.0730e-18
12404.3423	2.9996e-17	2.0279e-18
12404.9423	3.0006e-17	2.0287e-18
12405.5423	3.0013e-17	2.0001e-18
12406.1422	3.0005e-17	2.0214e-18
12406.7422	3.0002e-17	2.0213e-18
12407.3421	3.0000e-17	2.0235e-18
12407.9421	3.0013e-17	2.0279e-18
12408.5420	3.0018e-17	2.0106e-18
12409.1420	3.0031e-17	2.0144e-18
12409.7420	3.0013e-17	2.0023e-18
12410.3419	3.0026e-17	2.0034e-18
12410.9419	3.0006e-17	2.0080e-18
12411.5418	3.0009e-17	1.9970e-18
12412.1418	2.9989e-17	1.9751e-18
12412.7417	2.9983e-17	1.9631e-18
12413.3417	2.9986e-17	2.0318e-18
12413.9416	2.9981e-17	2.0407e-18
12414.5416	2.9965e-17	2.0331e-18
12415.1416	2.9935e-17	2.0069e-18
12415.7415	2.9913e-17	2.0193e-18
12416.3415	2.9889e-17	2.0254e-18
12416.9414	2.9875e-17	2.0283e-18
12417.5414	2.9851e-17	2.0060e-18
12418.1413	2.9830e-17	2.1008e-18
12418.7513	2.9810e-17	2.0533e-18
12419.3513	2.9800e-17	2.0715e-18
12419.9512	2.9802e-17	2.0329e-18
12420.5512	2.9796e-17	2.0251e-18
12421.1511	2.9800e-17	2.0289e-18
12421.7511	2.9804e-17	2.0375e-18
12422.3510	2.9807e-17	2.0439e-18
12422.9510	2.9810e-17	2.0521e-18
12423.5510	2.9813e-17	2.0536e-18
12424.1509	2.9817e-17	2.0728e-18
12424.7509	2.9820e-17	2.0977e-18
12426.5507	2.9824e-17	2.1106e-18
12427.1507	2.9829e-17	2.1102e-18
12427.7507	2.9823e-17	2.1305e-18
12428.3506	2.9818e-17	2.1327e-18
12428.9506	2.9806e-17	2.1331e-18
12429.5505	2.9796e-17	2.1298e-18
12430.1505	2.9781e-17	2.1306e-18
12430.7504	2.9777e-17	2.1353e-18
12431.3504	2.9777e-17	2.1320e-18
12431.9504	2.9738e-17	2.1293e-18
12432.5503	2.9717e-17	2.1287e-18
12433.1503	2.9709e-17	2.1435e-18
12433.7502	2.9717e-17	2.1483e-18
12434.3502	2.9727e-17	2.1482e-18
12434.9501	2.9728e-17	2.1543e-18
12435.5501	2.9712e-17	2.1627e-18
12436.1501	2.9713e-17	2.1649e-18
12436.7500	2.9710e-17	2.1790e-18
12437.3500	2.9685e-17	2.1795e-18
12437.9499	2.9662e-17	2.1725e-18
12438.5499	2.9664e-17	2.1683e-18
12439.1498	2.9659e-17	2.1855e-18
12439.7498	2.9665e-17	2.1934e-18
12440.3498	2.9654e-17	2.2011e-18
12440.9497	2.9639e-17	2.2070e-18
12441.5497	2.9619e-17	2.2150e-18
12442.1496	2.9605e-17	2.2215e-18
12442.7496	2.9621e-17	2.2304e-18
12443.3495	2.9592e-17	2.2339e-18
12443.9495	2.9579e-17	2.2330e-18
12444.5495	2.9574e-17	2.2291e-18
12445.1494	2.9552e-17	2.2221e-18
12445.7494	2.9541e-17	2.2131e-18
12446.3493	2.9568e-17	2.1909e-18
12446.9493	2.9582e-17	2.1863e-18
12447.5492	2.9592e-17	2.1468e-18
12448.1492	2.9620e-17	2.1342e-18
12448.7492	2.9633e-17	2.0683e-18
12449.3491	2.9655e-17	1.9877e-18
12449.9491	2.9688e-17	1.8808e-18
12450.5490	2.9711e-17	1.7455e-18
12451.1490	2.9728e-17	1.7017e-18
12451.7489	2.9747e-17	1.7033e-18
12452.3489	2.9755e-17	1.7886e-18
12452.9488	2.9780e-17	1.7906e-18
12453.5488	2.9781e-17	1.8059e-18
12454.1488	2.9783e-17	1.8111e-18
12454.7487	2.9784e-17	1.8124e-18
12455.3487	2.9786e-17	1.8122e-18
12455.9486	2.9768e-17	1.8118e-18
12456.5486	2.9738e-17	1.8160e-18
12457.1485	2.9718e-17	1.8469e-18
12457.7485	2.9719e-17	1.8439e-18
12458.3485	2.9683e-17	1.8541e-18
12458.9484	2.9695e-17	1.8526e-18
12459.5484	2.9692e-17	1.8590e-18
12460.1483	2.9688e-17	1.8564e-18
12460.7483	2.9678e-17	1.8556e-18
12461.3482	2.9681e-17	1.8342e-18
12461.9482	2.9692e-17	1.8264e-18
12462.5482	2.9713e-17	1.7916e-18
12463.1481	2.9732e-17	1.7748e-18
12463.7481	2.9727e-17	1.7625e-18
12464.3480	2.9732e-17	1.7449e-18
12464.9580	2.9697e-17	1.7421e-18
12465.5579	2.9703e-17	1.7386e-18
12466.1579	2.9745e-17	1.7418e-18
12466.7579	2.9781e-17	1.7384e-18
12467.3578	2.9795e-17	1.6261e-18
12467.9578	2.9785e-17	1.6254e-18
12468.5577	2.9781e-17	1.5995e-18
12469.1577	2.9776e-17	1.5996e-18
12469.7576	2.9782e-17	1.5998e-18
12470.3576	2.9787e-17	1.5911e-18
12470.9576	2.9768e-17	1.5860e-18
12471.5575	2.9759e-17	1.5742e-18
12472.1575	2.9746e-17	1.5708e-18
12472.7574	2.9742e-17	1.5694e-18
12473.3574	2.9733e-17	1.5548e-18
12473.9573	2.9727e-17	1.5335e-18
12474.5573	2.9718e-17	1.5233e-18
12475.1573	2.9727e-17	1.5266e-18
12475.7572	2.9741e-17	1.5018e-18
12476.3572	2.9725e-17	1.4984e-18
12476.9571	2.9721e-17	1.4978e-18
12477.5571	2.9717e-17	1.4979e-18
12478.1570	2.9706e-17	1.4816e-18
12478.7570	2.9686e-17	1.4678e-18
12479.3570	2.9680e-17	1.4645e-18
12479.9569	2.9675e-17	1.4592e-18
12480.5569	2.9674e-17	1.4593e-18
12481.1568	2.9677e-17	1.4357e-18
12481.7568	2.9688e-17	1.4270e-18
12482.3567	2.9692e-17	1.4265e-18
12482.9567	2.9675e-17	1.4124e-18
12483.5567	2.9685e-17	1.4024e-18
12484.1566	2.9699e-17	1.3994e-18
12484.7566	2.9682e-17	1.3771e-18
12485.3565	2.9669e-17	1.3763e-18
12485.9565	2.9658e-17	1.3662e-18
12486.5564	2.9641e-17	1.3494e-18
12487.1564	2.9636e-17	1.3207e-18
12487.7564	2.9641e-17	1.3085e-18
12488.3563	2.9681e-17	1.3070e-18
12488.9563	2.9673e-17	1.2962e-18
12489.5562	2.9647e-17	1.2704e-18
12490.1562	2.9588e-17	1.2573e-18
12490.7561	2.9569e-17	1.2523e-18
12491.3561	2.9551e-17	1.2455e-18
12491.9561	2.9489e-17	1.2476e-18
12492.5560	2.9462e-17	1.2490e-18
12493.1560	2.9435e-17	1.2445e-18
12493.7559	2.9486e-17	1.2355e-18
12494.3559	2.9472e-17	1.2371e-18
12494.9558	2.9472e-17	1.2054e-18
12495.5558	2.9461e-17	1.2023e-18
12496.1557	2.9435e-17	1.1480e-18
12496.7557	2.9437e-17	1.1558e-18
12497.3557	2.9425e-17	1.1514e-18
12497.9556	2.9401e-17	1.1544e-18
12498.5556	2.9380e-17	1.1566e-18
12499.1555	2.9359e-17	1.1483e-18
12499.7555	2.9369e-17	1.1458e-18
12500.3554	2.9377e-17	1.0141e-18
12500.9554	2.9390e-17	1.0129e-18
12501.5554	2.9343e-17	9.8627e-19
12502.1553	2.9327e-17	9.8215e-19
12502.7553	2.9357e-17	9.7964e-19
12503.3552	2.9372e-17	9.5298e-19
12503.9552	2.9363e-17	9.8699e-19
12504.5551	2.9341e-17	1.0131e-18
12505.1551	2.9385e-17	9.2878e-19
12505.7551	2.9319e-17	9.4591e-19
12506.3550	2.9354e-17	9.2609e-19
12506.9550	2.9323e-17	9.5704e-19
12507.5549	2.9330e-17	9.4193e-19
12508.1549	2.9297e-17	9.4016e-19
12508.7548	2.9309e-17	9.3570e-19
12509.3548	2.9310e-17	9.1088e-19
12509.9548	2.9318e-17	9.2114e-19
12510.5647	2.9307e-17	9.0199e-19
12511.1647	2.9254e-17	9.1228e-19
12511.7646	2.9225e-17	9.6698e-19
12512.3646	2.9193e-17	1.0493e-18
12512.9645	2.9163e-17	1.0485e-18
12513.5645	2.9123e-17	1.0521e-18
12514.1645	2.9084e-17	1.0516e-18
12514.7644	2.9036e-17	1.0516e-18
12515.3644	2.9019e-17	1.0623e-18
12515.9643	2.8967e-17	1.0698e-18
12516.5643	2.8900e-17	1.1106e-18
12517.1642	2.8865e-17	1.2548e-18
12517.7642	2.8888e-17	1.2764e-18
12518.3642	2.8876e-17	1.2765e-18
12518.9641	2.8859e-17	1.2804e-18
12519.5641	2.8894e-17	1.2798e-18
12520.1640	2.8898e-17	1.3069e-18
12520.7640	2.8917e-17	1.3046e-18
12521.3639	2.8938e-17	1.3033e-18
12521.9639	2.8936e-17	1.3217e-18
12522.5639	2.8960e-17	1.3169e-18
12523.1638	2.8989e-17	1.3202e-18
12523.7638	2.9028e-17	1.3669e-18
12524.3637	2.9050e-17	1.3753e-18
12524.9637	2.9067e-17	1.3748e-18
12525.5636	2.9071e-17	1.3794e-18
12526.1636	2.9069e-17	1.3820e-18
12526.7636	2.9050e-17	1.4006e-18
12527.3635	2.9038e-17	1.4201e-18
12527.9635	2.9018e-17	1.4392e-18
12528.5634	2.8988e-17	1.4474e-18
12529.1634	2.8980e-17	1.4494e-18
12529.7633	2.8966e-17	1.4494e-18
12530.3633	2.8987e-17	1.4614e-18
12530.9633	2.9012e-17	1.4767e-18
12531.5632	2.9021e-17	1.4761e-18
12532.1632	2.9017e-17	1.6103e-18
12532.7631	2.9019e-17	1.6428e-18
12533.3631	2.9007e-17	1.6585e-18
12533.9630	2.9031e-17	1.6616e-18
12534.5630	2.9040e-17	1.6877e-18
12535.1630	2.9065e-17	1.6864e-18
12535.7629	2.9032e-17	1.6904e-18
12536.3629	2.9007e-17	1.6932e-18
12536.9628	2.9013e-17	1.6920e-18
12537.5628	2.8998e-17	1.6917e-18
12538.1627	2.8969e-17	1.7036e-18
12538.7627	2.8963e-17	1.7605e-18
12539.3627	2.8956e-17	1.7606e-18
12539.9626	2.8957e-17	1.8495e-18
12540.5626	2.8917e-17	1.9499e-18
12541.1625	2.8909e-17	1.9667e-18
12541.7625	2.8881e-17	1.9682e-18
12542.3624	2.8865e-17	1.9745e-18
12542.9624	2.8849e-17	1.9767e-18
12543.5624	2.8841e-17	1.9812e-18
12544.1623	2.8815e-17	1.9864e-18
12544.7623	2.8806e-17	1.9945e-18
12545.3622	2.8779e-17	2.0002e-18
12545.9622	2.8782e-17	2.0024e-18
12546.5621	2.8756e-17	2.0046e-18
12547.1621	2.8746e-17	2.0066e-18
12547.7621	2.8764e-17	2.0085e-18
12548.3620	2.8763e-17	2.0099e-18
12548.9620	2.8761e-17	2.0108e-18
12549.5619	2.8770e-17	2.0111e-18
12550.1619	2.8740e-17	2.0108e-18
12550.7618	2.8750e-17	2.0095e-18
12551.3618	2.8727e-17	2.0076e-18
12551.9618	2.8724e-17	1.9933e-18
12552.5617	2.8691e-17	1.9745e-18
12553.1617	2.8646e-17	1.9809e-18
12553.7616	2.8638e-17	1.9647e-18
12554.3616	2.8617e-17	1.9669e-18
12554.9615	2.8611e-17	1.9501e-18
12555.5615	2.8601e-17	1.9478e-18
12556.1715	2.8605e-17	1.9480e-18
12556.7714	2.8597e-17	1.9474e-18
12557.3714	2.8534e-17	1.9556e-18
12557.9713	2.8526e-17	2.0202e-18
12558.5713	2.8533e-17	2.0262e-18
12559.1712	2.8540e-17	2.0207e-18
12559.7712	2.8539e-17	1.9906e-18
12560.3712	2.8507e-17	1.9567e-18
12560.9711	2.8517e-17	1.9654e-18
12561.5711	2.8452e-17	1.9732e-18
12562.1710	2.8461e-17	2.0759e-18
12562.7710	2.8495e-17	2.0878e-18
12563.3709	2.8483e-17	2.0804e-18
12563.9709	2.8449e-17	2.3038e-18
12564.5709	2.8420e-17	2.2895e-18
12565.1708	2.8419e-17	2.2306e-18
12565.7708	2.8423e-17	2.3580e-18
12566.3707	2.8360e-17	2.3627e-18
12566.9707	2.8297e-17	2.3594e-18
12567.5706	2.8268e-17	2.5426e-18
12568.1706	2.8248e-17	2.5805e-18
12568.7705	2.8235e-17	2.5809e-18
12569.3705	2.8229e-17	2.5801e-18
12569.9705	2.8231e-17	2.5972e-18
12570.5704	2.8188e-17	2.6027e-18
12571.1704	2.8171e-17	2.6013e-18
12571.7703	2.8130e-17	2.5996e-18
12572.3703	2.8112e-17	2.6127e-18
12572.9702	2.8109e-17	2.6345e-18
12573.5702	2.8124e-17	2.6416e-18
12574.1702	2.8113e-17	2.6512e-18
12574.7701	2.8169e-17	2.6611e-18
12575.3701	2.8141e-17	2.7871e-18
12575.9700	2.8122e-17	2.7968e-18
12576.5700	2.8216e-17	2.8425e-18
12577.1699	2.8202e-17	2.9089e-18
12577.7699	2.8200e-17	2.9129e-18
12578.3699	2.8159e-17	2.9376e-18
12578.9698	2.8149e-17	3.1741e-18
12579.5698	2.8112e-17	3.3325e-18
12580.1697	2.8100e-17	3.4003e-18
12580.7697	2.8100e-17	3.4098e-18
12581.3696	2.8077e-17	3.4155e-18
12581.9696	2.8057e-17	3.4586e-18
12582.5696	2.8010e-17	3.4764e-18
12583.1695	2.7944e-17	3.4861e-18
12583.7695	2.7890e-17	3.5267e-18
12584.3694	2.7957e-17	3.5267e-18
12584.9694	2.7943e-17	3.5509e-18
12585.5693	2.8030e-17	3.5508e-18
12586.1693	2.7972e-17	3.5506e-18
12586.7693	2.7960e-17	3.5193e-18
12587.3692	2.8035e-17	3.5423e-18
12587.9692	2.7979e-17	3.5046e-18
12588.5691	2.7888e-17	3.4716e-18
12589.1691	2.7791e-17	3.4640e-18
12589.7690	2.7767e-17	3.5056e-18
12590.3690	2.7739e-17	3.6517e-18
12590.9690	2.7771e-17	3.6821e-18
12591.5689	2.7777e-17	3.7192e-18
12592.1689	2.7763e-17	3.7140e-18
12592.7688	2.7777e-17	3.7242e-18
12593.3688	2.7722e-17	3.7742e-18
12593.9687	2.7631e-17	3.7731e-18
12594.5687	2.7585e-17	3.7788e-18
12595.1687	2.7582e-17	3.7824e-18
12595.7686	2.7563e-17	3.7974e-18
12596.3686	2.7543e-17	3.7976e-18
12596.9685	2.7523e-17	3.7979e-18
12597.5685	2.7509e-17	3.8012e-18
12598.1684	2.7498e-17	3.8019e-18
12598.7684	2.7491e-17	3.8389e-18
12599.3684	2.7488e-17	3.8577e-18
12599.9683	2.7488e-17	3.8589e-18
12600.5683	2.7491e-17	3.8746e-18
12601.1682	2.7496e-17	3.8735e-18
12601.7682	2.7503e-17	3.8703e-18
12602.3781	2.7512e-17	3.8748e-18
12602.9781	2.7524e-17	3.8764e-18
12603.5781	2.7537e-17	3.8775e-18
12604.1780	2.7532e-17	3.8894e-18
12604.7780	2.7560e-17	3.8962e-18
12605.3779	2.7516e-17	3.9058e-18
12605.9779	2.7529e-17	3.8693e-18
12606.5778	2.7505e-17	3.8742e-18
12607.1778	2.7488e-17	3.8745e-18
12607.7778	2.7479e-17	3.9151e-18
12608.3777	2.7476e-17	3.9123e-18
12608.9777	2.7479e-17	3.9378e-18
12609.5776	2.7482e-17	3.9323e-18
12610.1776	2.7489e-17	3.8719e-18
12610.7775	2.7516e-17	3.8655e-18
12611.3775	2.7548e-17	3.8806e-18
12611.9775	2.7568e-17	3.7702e-18
12612.5774	2.7600e-17	3.7729e-18
12613.1774	2.7630e-17	3.7628e-18
12613.7773	2.7590e-17	3.6785e-18
12614.3773	2.7587e-17	3.6753e-18
12614.9772	2.7576e-17	3.6753e-18
12615.5772	2.7589e-17	3.5469e-18
12616.1772	2.7557e-17	3.5163e-18
12616.7771	2.7563e-17	3.5202e-18
12617.3771	2.7536e-17	3.5260e-18
12617.9770	2.7512e-17	3.5165e-18
12618.5770	2.7497e-17	3.5246e-18
12619.1769	2.7479e-17	3.5409e-18
12619.7769	2.7438e-17	3.5248e-18
12620.3769	2.7412e-17	3.5186e-18
12620.9768	2.7368e-17	3.5027e-18
12621.5768	2.7330e-17	3.5553e-18
12622.1767	2.7308e-17	3.5492e-18
12622.7767	2.7291e-17	3.5567e-18
12623.3766	2.7262e-17	3.4547e-18
12623.9766	2.7256e-17	3.4563e-18
12624.5766	2.7281e-17	3.4407e-18
12625.1765	2.7250e-17	3.3877e-18
12625.7765	2.7264e-17	3.4037e-18
12626.3764	2.7248e-17	3.3896e-18
12626.9764	2.7271e-17	3.2091e-18
12627.5763	2.7304e-17	3.0491e-18
12628.1763	2.7273e-17	2.8956e-18
12628.7763	2.7236e-17	2.8843e-18
12629.3762	2.7225e-17	2.8671e-18
12629.9762	2.7192e-17	2.8171e-18
12630.5761	2.7145e-17	2.7802e-18
12631.1761	2.7115e-17	2.9133e-18
12631.7760	2.7079e-17	2.8597e-18
12632.3760	2.7070e-17	2.8772e-18
12632.9760	2.7099e-17	2.8960e-18
12633.5759	2.7076e-17	2.9325e-18
12634.1759	2.7070e-17	2.9277e-18
12634.7758	2.7039e-17	3.0109e-18
12635.3758	2.7024e-17	3.0728e-18
12635.9757	2.7003e-17	3.0771e-18
12636.5757	2.6995e-17	3.1299e-18
12637.1757	2.6955e-17	3.1294e-18
12637.7756	2.6914e-17	3.0774e-18
12638.3756	2.6947e-17	2.8784e-18
12638.9755	2.6938e-17	2.8478e-18
12639.5755	2.6903e-17	2.8604e-18
12640.1754	2.6915e-17	2.9452e-18
12640.7754	2.6894e-17	3.0052e-18
12641.3754	2.6894e-17	2.9632e-18
12641.9753	2.6904e-17	2.9902e-18
12642.5753	2.6916e-17	2.9868e-18
12643.1752	2.6907e-17	2.9941e-18
12643.7752	2.6910e-17	2.9849e-18
12644.3751	2.6901e-17	3.0162e-18
12644.9751	2.6877e-17	3.0165e-18
12645.5751	2.6859e-17	3.0660e-18
12646.1750	2.6845e-17	3.0790e-18
12646.7750	2.6824e-17	3.0364e-18
12647.3749	2.6813e-17	3.0135e-18
12647.9849	2.6783e-17	3.0133e-18
12648.5848	2.6776e-17	3.1767e-18
12649.1848	2.6769e-17	3.2056e-18
12649.7848	2.6740e-17	3.2147e-18
12650.3847	2.6775e-17	3.6779e-18
12650.9847	2.6788e-17	3.6746e-18
12651.5846	2.6744e-17	3.6921e-18
12652.1846	2.6757e-17	3.6840e-18
12652.7845	2.6737e-17	3.6832e-18
12653.3845	2.6747e-17	3.6758e-18
12653.9845	2.6757e-17	3.6764e-18
12654.5844	2.6750e-17	3.7079e-18
12655.1844	2.6768e-17	3.7109e-18
12655.7843	2.6751e-17	3.6727e-18
12656.3843	2.6744e-17	3.6902e-18
12656.9842	2.6747e-17	3.7851e-18
12657.5842	2.6727e-17	3.9297e-18
12658.1842	2.6714e-17	4.2387e-18
12658.7841	2.6721e-17	4.2371e-18
12659.3841	2.6674e-17	4.6650e-18
12659.9840	2.6676e-17	4.6917e-18
12660.5840	2.6652e-17	4.6925e-18
12661.1839	2.6634e-17	5.0388e-18
12661.7839	2.6610e-17	5.0654e-18
12662.3839	2.6600e-17	5.2254e-18
12662.9838	2.6608e-17	5.4419e-18
12663.5838	2.6598e-17	5.4442e-18
12664.1837	2.6587e-17	5.4512e-18
12664.7837	2.6576e-17	5.5179e-18
12665.3836	2.6558e-17	5.5277e-18
12665.9836	2.6561e-17	5.5199e-18
12666.5836	2.6562e-17	5.5367e-18
12667.1835	2.6559e-17	5.5854e-18
12667.7835	2.6556e-17	5.8223e-18
12668.3834	2.6556e-17	5.8849e-18
12668.9834	2.6540e-17	5.8854e-18
12669.5833	2.6522e-17	5.8664e-18
12670.1833	2.6512e-17	5.8866e-18
12670.7833	2.6450e-17	5.8927e-18
12671.3832	2.6385e-17	5.9021e-18
12671.9832	2.6350e-17	5.9044e-18
12672.5831	2.6349e-17	5.8946e-18
12673.1831	2.6374e-17	5.8984e-18
12673.7830	2.6365e-17	5.8856e-18
12674.3830	2.6368e-17	5.8811e-18
12674.9830	2.6375e-17	5.8588e-18
12675.5829	2.6332e-17	5.8578e-18
12676.1829	2.6306e-17	5.8577e-18
12676.7828	2.6325e-17	5.8518e-18
12677.3828	2.6327e-17	5.8540e-18
12677.9827	2.6341e-17	5.8521e-18
12678.5827	2.6345e-17	5.8828e-18
12679.1827	2.6364e-17	5.8733e-18
12679.7826	2.6378e-17	5.8763e-18
12680.3826	2.6367e-17	5.8780e-18
12680.9825	2.6378e-17	5.8599e-18
12681.5825	2.6413e-17	5.8385e-18
12682.1824	2.6434e-17	5.8385e-18
12682.7824	2.6443e-17	5.7877e-18
12683.3824	2.6466e-17	5.7571e-18
12683.9823	2.6422e-17	5.7637e-18
12684.5823	2.6359e-17	5.7382e-18
12685.1822	2.6355e-17	5.7790e-18
12685.7822	2.6328e-17	5.8353e-18
12686.3821	2.6311e-17	5.9092e-18
12686.9821	2.6391e-17	5.9849e-18
12687.5821	2.6445e-17	5.9741e-18
12688.1820	2.6489e-17	5.9461e-18
12688.7820	2.6420e-17	5.9090e-18
12689.3819	2.6417e-17	5.9283e-18
12689.9819	2.6406e-17	5.9173e-18
12690.5818	2.6411e-17	5.9353e-18
12691.1818	2.6444e-17	5.9305e-18
12691.7818	2.6437e-17	5.9221e-18
12692.3817	2.6440e-17	5.9118e-18
12692.9817	2.6445e-17	5.9151e-18
12693.5916	2.6449e-17	5.8958e-18
12694.1916	2.6461e-17	5.8882e-18
12694.7915	2.6429e-17	5.9032e-18
12695.3915	2.6425e-17	5.9139e-18
12695.9915	2.6385e-17	5.9133e-18
12696.5914	2.6402e-17	5.8172e-18
12697.1914	2.6441e-17	5.8064e-18
12697.7913	2.6431e-17	5.8003e-18
12698.3913	2.6410e-17	5.5925e-18
12698.9912	2.6407e-17	5.6088e-18
12699.5912	2.6431e-17	5.6050e-18
12700.1912	2.6365e-17	5.6052e-18
12700.7911	2.6410e-17	5.6253e-18
12701.3911	2.6344e-17	5.6944e-18
12701.9910	2.6344e-17	5.7122e-18
12702.5910	2.6305e-17	5.6910e-18
12703.1910	2.6310e-17	5.6923e-18
12703.7909	2.6262e-17	5.7023e-18
12704.3909	2.6224e-17	5.7179e-18
12704.9908	2.6169e-17	5.6388e-18
12705.5908	2.6134e-17	5.5448e-18
12706.1907	2.6133e-17	5.3148e-18
12706.7907	2.6107e-17	5.3365e-18
12707.3907	2.6097e-17	4.9425e-18
12707.9906	2.6087e-17	4.9253e-18
12708.5906	2.6090e-17	4.9247e-18
12709.1905	2.6084e-17	4.5391e-18
12709.7905	2.6091e-17	4.5191e-18
12710.3904	2.6070e-17	4.3534e-18
12710.9904	2.6087e-17	4.1118e-18
12711.5904	2.6133e-17	4.1176e-18
12712.1903	2.6157e-17	4.1174e-18
12712.7903	2.6126e-17	4.0245e-18
12713.3902	2.6132e-17	4.0405e-18
12713.9902	2.6148e-17	4.0470e-18
12714.5901	2.6123e-17	4.0122e-18
12715.1901	2.6119e-17	3.9570e-18
12715.7901	2.6112e-17	3.6327e-18
12716.3900	2.6070e-17	3.5328e-18
12716.9900	2.6098e-17	3.5361e-18
12717.5899	2.6080e-17	3.5092e-18
12718.1899	2.6066e-17	3.4705e-18
12718.7898	2.6053e-17	3.4270e-18
12719.3898	2.6050e-17	3.3918e-18
12719.9898	2.6055e-17	3.3644e-18
12720.5897	2.6037e-17	3.3448e-18
12721.1897	2.6029e-17	3.3321e-18
12721.7896	2.6064e-17	3.3258e-18
12722.3896	2.6011e-17	3.3255e-18
12722.9895	2.6052e-17	3.3307e-18
12723.5895	2.6069e-17	3.3400e-18
12724.1895	2.6084e-17	3.4244e-18
12724.7894	2.6123e-17	3.4496e-18
12725.3894	2.6068e-17	3.5562e-18
12725.9893	2.6081e-17	3.5549e-18
12726.5893	2.6067e-17	3.5303e-18
12727.1892	2.6041e-17	3.4344e-18
12727.7892	2.6028e-17	3.4752e-18
12728.3892	2.6002e-17	3.4516e-18
12728.9891	2.5976e-17	3.4385e-18
12729.5891	2.5971e-17	3.4292e-18
12730.1890	2.5913e-17	3.4305e-18
12730.7890	2.5929e-17	3.4312e-18
12731.3889	2.5946e-17	3.4315e-18
12731.9889	2.5905e-17	3.4194e-18
12732.5889	2.5877e-17	3.4025e-18
12733.1888	2.5852e-17	3.4096e-18
12733.7888	2.5835e-17	3.3586e-18
12734.3887	2.5870e-17	3.2765e-18
12734.9887	2.5823e-17	3.1200e-18
12735.5886	2.5825e-17	3.0816e-18
12736.1886	2.5834e-17	3.0741e-18
12736.7886	2.5832e-17	3.0797e-18
12737.3885	2.5827e-17	3.0430e-18
12737.9885	2.5829e-17	3.0439e-18
12738.5884	2.5840e-17	3.0107e-18
12739.1884	2.5857e-17	3.0130e-18
12739.7983	2.5887e-17	3.0137e-18
12740.3983	2.5901e-17	3.0057e-18
12740.9983	2.5894e-17	2.9990e-18
12741.5982	2.5904e-17	2.9846e-18
12742.1982	2.5902e-17	2.9870e-18
12742.7981	2.5852e-17	2.9657e-18
12743.3981	2.5824e-17	2.9548e-18
12743.9980	2.5747e-17	2.9564e-18
12744.5980	2.5711e-17	3.1881e-18
12745.1980	2.5728e-17	3.4465e-18
12745.7979	2.5701e-17	3.5437e-18
12746.3979	2.5703e-17	3.4001e-18
12746.9978	2.5678e-17	3.3943e-18
12747.5978	2.5696e-17	3.3823e-18
12748.1977	2.5725e-17	3.3881e-18
12748.7977	2.5711e-17	3.3561e-18
12749.3977	2.5679e-17	3.3993e-18
12749.9976	2.5669e-17	3.4499e-18
12750.5976	2.5658e-17	3.4532e-18
12751.1975	2.5643e-17	3.4461e-18
12751.7975	2.5638e-17	3.4357e-18
12752.3974	2.5669e-17	3.4043e-18
12752.9974	2.5719e-17	3.4978e-18
12753.5974	2.5700e-17	3.4890e-18
12754.1973	2.5668e-17	3.5031e-18
12754.7973	2.5630e-17	3.4678e-18
12755.3972	2.5622e-17	3.5496e-18
12755.9972	2.5572e-17	3.6059e-18
12756.5971	2.5588e-17	3.6409e-18
12757.1971	2.5574e-17	3.9042e-18
12757.7971	2.5509e-17	3.9111e-18
12758.3970	2.5514e-17	3.9859e-18
12758.9970	2.5510e-17	4.0445e-18
12759.5969	2.5509e-17	4.0596e-18
12760.1969	2.5460e-17	4.0789e-18
12760.7968	2.5407e-17	4.1589e-18
12761.3968	2.5434e-17	4.2394e-18
12761.9968	2.5448e-17	4.3667e-18
12762.5967	2.5427e-17	4.3521e-18
12763.1967	2.5437e-17	4.3474e-18
12763.7966	2.5437e-17	4.3369e-18
12764.3966	2.5443e-17	4.3387e-18
12764.9965	2.5399e-17	4.3645e-18
12765.5965	2.5405e-17	4.3719e-18
12766.1965	2.5379e-17	4.3771e-18
12766.7964	2.5370e-17	4.3760e-18
12767.3964	2.5374e-17	4.3757e-18
12767.9963	2.5369e-17	4.3759e-18
12768.5963	2.5363e-17	4.3824e-18
12769.1963	2.5360e-17	4.3941e-18
12769.7962	2.5285e-17	4.4007e-18
12770.3962	2.5286e-17	4.4172e-18
12770.9961	2.5268e-17	4.4422e-18
12771.5961	2.5151e-17	4.4594e-18
12772.1960	2.5129e-17	4.4033e-18
12772.7960	2.5105e-17	4.3905e-18
12773.3960	2.5084e-17	4.3231e-18
12773.9959	2.5059e-17	4.3251e-18
12774.5959	2.5072e-17	4.3223e-18
12775.1958	2.5065e-17	4.3056e-18
12775.7958	2.5013e-17	4.2631e-18
12776.3957	2.4997e-17	4.2543e-18
12776.9957	2.4969e-17	4.2464e-18
12777.5957	2.4965e-17	4.2498e-18
12778.1956	2.4984e-17	4.2522e-18
12778.7956	2.5025e-17	4.2549e-18
12779.3955	2.4928e-17	4.2560e-18
12779.9955	2.4918e-17	4.2578e-18
12780.5954	2.4806e-17	4.2462e-18
12781.1954	2.4795e-17	4.2086e-18
12781.7954	2.4758e-17	4.1905e-18
12782.3953	2.4634e-17	4.1657e-18
12782.9953	2.4627e-17	4.1603e-18
12783.5952	2.4634e-17	4.1555e-18
12784.1952	2.4669e-17	4.1512e-18
12784.7951	2.4643e-17	4.1472e-18
12785.4051	2.4627e-17	4.1435e-18
12786.0051	2.4552e-17	4.1406e-18
12786.6050	2.4501e-17	4.1382e-18
12787.2050	2.4472e-17	4.1362e-18
12787.8049	2.4414e-17	4.1347e-18
12788.4049	2.4431e-17	4.1353e-18
12789.0048	2.4496e-17	4.1358e-18
12789.6048	2.4531e-17	4.1363e-18
12790.2048	2.4530e-17	4.1812e-18
12790.8047	2.4550e-17	4.1818e-18
12791.4047	2.4572e-17	4.1901e-18
12792.0046	2.4583e-17	4.1982e-18
12792.6046	2.4590e-17	4.0369e-18
12793.2045	2.4589e-17	3.8101e-18
12793.8045	2.4584e-17	3.7496e-18
12794.4045	2.4579e-17	3.7431e-18
12795.0044	2.4575e-17	3.7325e-18
12795.6044	2.4570e-17	3.7315e-18
12796.2043	2.4564e-17	3.9068e-18
12796.8043	2.4557e-17	3.9434e-18
12797.4042	2.4549e-17	3.7571e-18
12798.0042	2.4539e-17	3.6677e-18
12800.4040	2.4526e-17	3.7109e-18
12801.0040	2.4532e-17	3.7913e-18
12801.6039	2.4504e-17	3.8166e-18
12802.2039	2.4551e-17	3.8172e-18
12802.8039	2.4544e-17	3.7677e-18
12803.4038	2.4578e-17	3.7676e-18
12804.0038	2.4610e-17	3.7686e-18
12804.6037	2.4638e-17	3.7688e-18
12805.2037	2.4666e-17	3.7002e-18
12805.8036	2.4689e-17	3.6783e-18
12806.4036	2.4707e-17	3.6792e-18
12807.0036	2.4718e-17	3.4503e-18
12807.6035	2.4724e-17	3.4679e-18
12808.2035	2.4721e-17	3.4586e-18
12808.8034	2.4709e-17	3.4254e-18
12809.4034	2.4686e-17	3.3949e-18
12810.0033	2.4623e-17	3.4633e-18
12810.6033	2.4634e-17	3.4563e-18
12811.2033	2.4628e-17	3.3184e-18
12811.8032	2.4638e-17	3.1561e-18
12812.4032	2.4617e-17	3.1545e-18
12813.0031	2.4634e-17	3.1434e-18
12813.6031	2.4633e-17	3.1434e-18
12814.2031	2.4647e-17	3.1342e-18
12814.8030	2.4636e-17	3.0986e-18
12815.4030	2.4606e-17	3.1129e-18
12816.0029	2.4593e-17	3.1032e-18
12816.6029	2.4599e-17	3.1037e-18
12817.2028	2.4592e-17	3.1044e-18
12817.8028	2.4608e-17	3.1105e-18
12818.4028	2.4623e-17	3.1052e-18
12819.0027	2.4627e-17	3.1019e-18
12819.6027	2.4627e-17	3.2379e-18
12820.2026	2.4643e-17	3.2319e-18
12820.8026	2.4639e-17	3.1919e-18
12821.4025	2.4591e-17	3.1563e-18
12822.0025	2.4615e-17	3.1314e-18
12822.6025	2.4597e-17	3.1075e-18
12823.2024	2.4596e-17	3.1000e-18
12823.8024	2.4543e-17	3.0913e-18
12824.4023	2.4461e-17	3.0807e-18
12825.0023	2.4467e-17	3.1029e-18
12825.6022	2.4462e-17	3.1138e-18
12826.2022	2.4449e-17	3.1158e-18
12826.8022	2.4448e-17	3.1157e-18
12827.4021	2.4464e-17	3.1135e-18
12828.0021	2.4448e-17	3.1137e-18
12828.6020	2.4449e-17	3.2317e-18
12829.2020	2.4444e-17	3.2349e-18
12829.8019	2.4405e-17	3.2358e-18
12830.4019	2.4386e-17	3.2348e-18
12831.0119	2.4372e-17	3.2350e-18
12831.6118	2.4367e-17	3.2350e-18
12832.2118	2.4360e-17	3.2351e-18
12832.8117	2.4346e-17	3.2483e-18
12833.4117	2.4330e-17	3.2531e-18
12834.0116	2.4349e-17	3.2760e-18
12834.6116	2.4350e-17	3.2827e-18
12835.2116	2.4291e-17	3.2984e-18
12835.8115	2.4290e-17	3.2985e-18
12836.4115	2.4312e-17	3.2982e-18
12837.0114	2.4276e-17	3.3149e-18
12837.6114	2.4273e-17	3.3145e-18
12838.2113	2.4251e-17	3.3201e-18
12838.8113	2.4222e-17	3.3234e-18
12839.4113	2.4193e-17	3.3621e-18
12840.0112	2.4164e-17	3.3094e-18
12840.6112	2.4137e-17	3.3078e-18
12841.2111	2.4111e-17	3.2869e-18
12841.8111	2.4086e-17	3.2747e-18
12842.4110	2.4063e-17	3.2902e-18
12843.0110	2.4041e-17	3.2884e-18
12843.6110	2.4021e-17	3.2514e-18
12844.2109	2.4003e-17	3.2528e-18
12844.8109	2.3987e-17	3.2532e-18
12845.4108	2.3974e-17	3.2360e-18
12846.0108	2.3964e-17	3.0128e-18
12846.6107	2.3964e-17	2.9915e-18
12847.2107	2.3906e-17	2.9982e-18
12847.8107	2.3875e-17	2.9976e-18
12848.4106	2.3912e-17	2.9508e-18
12849.0106	2.3886e-17	2.8487e-18
12849.6105	2.3890e-17	2.8222e-18
12850.2105	2.3901e-17	2.8524e-18
12850.8105	2.3847e-17	2.8573e-18
12851.4104	2.3843e-17	2.8578e-18
12852.0104	2.3814e-17	2.8300e-18
12852.6103	2.3808e-17	2.8278e-18
12853.2103	2.3803e-17	2.8272e-18
12853.8102	2.3781e-17	2.7903e-18
12854.4102	2.3765e-17	2.7502e-18
12855.0102	2.3759e-17	2.7057e-18
12855.6101	2.3728e-17	2.6772e-18
12856.2101	2.3755e-17	2.5799e-18
12856.8100	2.3747e-17	2.4934e-18
12857.4100	2.3756e-17	2.4881e-18
12858.0099	2.3739e-17	2.3310e-18
12858.6099	2.3725e-17	2.2036e-18
12859.2099	2.3699e-17	2.2564e-18
12859.8098	2.3674e-17	2.2709e-18
12860.4098	2.3648e-17	2.2905e-18
12861.0097	2.3624e-17	2.3019e-18
12861.6097	2.3600e-17	2.3095e-18
12862.2096	2.3576e-17	2.3101e-18
12862.8096	2.3553e-17	2.3033e-18
12863.4096	2.3530e-17	2.2664e-18
12864.0095	2.3508e-17	2.2658e-18
12864.6095	2.3486e-17	2.2656e-18
12865.2094	2.3460e-17	2.2679e-18
12865.8094	2.3451e-17	2.2664e-18
12866.4093	2.3450e-17	2.2696e-18
12867.0093	2.3439e-17	2.2544e-18
12867.6093	2.3485e-17	2.0204e-18
12868.2092	2.3543e-17	1.9908e-18
12868.8092	2.3580e-17	2.0184e-18
12869.4091	2.3585e-17	2.0555e-18
12870.0091	2.3563e-17	2.0870e-18
12870.6090	2.3573e-17	2.1182e-18
12871.2090	2.3580e-17	2.1352e-18
12871.8090	2.3563e-17	2.1554e-18
12872.4089	2.3618e-17	2.1774e-18
12873.0089	2.3658e-17	2.1564e-18
12873.6088	2.3651e-17	2.1649e-18
12874.2088	2.3660e-17	2.1803e-18
12874.8087	2.3684e-17	2.1946e-18
12875.4087	2.3698e-17	2.2077e-18
12876.0087	2.3675e-17	2.2145e-18
12876.6086	2.3694e-17	2.0493e-18
12877.2186	2.3712e-17	2.0460e-18
12877.8185	2.3711e-17	2.0439e-18
12878.4185	2.3692e-17	2.0446e-18
12879.0184	2.3665e-17	2.0432e-18
12879.6184	2.3630e-17	2.0436e-18
12880.2184	2.3553e-17	2.0473e-18
12880.8183	2.3570e-17	2.0297e-18
12881.4183	2.3610e-17	2.0381e-18
12882.0182	2.3658e-17	2.0168e-18
12882.6182	2.3692e-17	2.0288e-18
12883.2182	2.3735e-17	2.0253e-18
12883.8181	2.3709e-17	2.0385e-18
12884.4181	2.3672e-17	2.0662e-18
12885.0180	2.3627e-17	2.0362e-18
12885.6180	2.3643e-17	2.0431e-18
12886.2179	2.3668e-17	2.0403e-18
12886.8179	2.3682e-17	2.0430e-18
12887.4179	2.3681e-17	2.0427e-18
12888.0178	2.3668e-17	2.0631e-18
12888.6178	2.3653e-17	2.0635e-18
12889.2177	2.3640e-17	2.0621e-18
12889.8177	2.3640e-17	2.0684e-18
12890.4176	2.3636e-17	2.0424e-18
12891.0176	2.3631e-17	2.0406e-18
12891.6176	2.3638e-17	2.0235e-18
12892.2175	2.3628e-17	2.0214e-18
12892.8175	2.3639e-17	2.0233e-18
12893.4174	2.3651e-17	2.0313e-18
12894.0174	2.3618e-17	2.0411e-18
12894.6173	2.3596e-17	2.0190e-18
12895.2173	2.3572e-17	2.0316e-18
12895.8173	2.3551e-17	2.0529e-18
12896.4172	2.3537e-17	2.0532e-18
12897.0172	2.3505e-17	2.0852e-18
12897.6171	2.3466e-17	2.0748e-18
12898.2171	2.3441e-17	2.0442e-18
12898.8170	2.3427e-17	2.0085e-18
12899.4170	2.3407e-17	2.0093e-18
12900.0170	2.3405e-17	2.0421e-18
12900.6169	2.3401e-17	2.0430e-18
12901.2169	2.3401e-17	2.0505e-18
12901.8168	2.3406e-17	2.0455e-18
12903.6167	2.3412e-17	2.0462e-18
12904.2167	2.3405e-17	2.0501e-18
12904.8166	2.3388e-17	2.0364e-18
12905.4166	2.3371e-17	2.0188e-18
12906.6165	2.3357e-17	2.0620e-18
12907.2164	2.3343e-17	2.0660e-18
12907.8164	2.3330e-17	2.0734e-18
12908.4164	2.3329e-17	2.0712e-18
12909.0163	2.3334e-17	2.0179e-18
12909.6163	2.3335e-17	2.0227e-18
12910.2162	2.3338e-17	2.0033e-18
12910.8162	2.3336e-17	2.0585e-18
12911.4162	2.3323e-17	2.0503e-18
12912.0161	2.3310e-17	2.0468e-18
12912.6161	2.3320e-17	2.0594e-18
12913.2160	2.3320e-17	2.0728e-18
12913.8160	2.3321e-17	2.0760e-18
12914.4159	2.3301e-17	2.0760e-18
12915.0159	2.3332e-17	2.0743e-18
12915.6159	2.3316e-17	2.0696e-18
12916.2158	2.3333e-17	2.0607e-18
12916.8158	2.3361e-17	2.0536e-18
12917.4157	2.3374e-17	2.0552e-18
12918.0157	2.3366e-17	2.0534e-18
12918.6156	2.3323e-17	2.0345e-18
12919.2156	2.3306e-17	2.0061e-18
12919.8156	2.3294e-17	1.9799e-18
12920.4155	2.3260e-17	1.9566e-18
12921.0155	2.3309e-17	1.9365e-18
12921.6154	2.3269e-17	1.9195e-18
12922.2154	2.3257e-17	1.8922e-18
12922.8253	2.3240e-17	1.8740e-18
12923.4253	2.3198e-17	1.8483e-18
12924.0253	2.3228e-17	1.8250e-18
12924.6252	2.3194e-17	1.8052e-18
12925.2252	2.3179e-17	1.7813e-18
12925.8251	2.3187e-17	1.7581e-18
12926.4251	2.3177e-17	1.7647e-18
12927.0250	2.3191e-17	1.7645e-18
12927.6250	2.3180e-17	1.7598e-18
12928.2250	2.3184e-17	1.7584e-18
12928.8249	2.3209e-17	1.7584e-18
12929.4249	2.3190e-17	1.7744e-18
12930.0248	2.3177e-17	1.7890e-18
12930.6248	2.3203e-17	1.7871e-18
12931.2247	2.3243e-17	1.7797e-18
12931.8247	2.3289e-17	1.7724e-18
12932.4247	2.3301e-17	1.7925e-18
12933.0246	2.3260e-17	1.7797e-18
12933.6246	2.3313e-17	1.7555e-18
12934.2245	2.3317e-17	1.7095e-18
12934.8245	2.3308e-17	1.7131e-18
12935.4245	2.3318e-17	1.7137e-18
12936.0244	2.3322e-17	1.7160e-18
12936.6244	2.3329e-17	1.7084e-18
12937.2243	2.3322e-17	1.6358e-18
12937.8243	2.3311e-17	1.5857e-18
12938.4242	2.3300e-17	1.5869e-18
12939.0242	2.3301e-17	1.5768e-18
12939.6242	2.3314e-17	1.5712e-18
12940.2241	2.3307e-17	1.5717e-18
12940.8241	2.3308e-17	1.5717e-18
12941.4240	2.3321e-17	1.5709e-18
12942.0240	2.3351e-17	1.5698e-18
12942.6239	2.3398e-17	1.5654e-18
12943.2239	2.3427e-17	1.5573e-18
12943.8239	2.3420e-17	1.5449e-18
12944.4238	2.3434e-17	1.5274e-18
12945.0238	2.3424e-17	1.5034e-18
12945.6237	2.3440e-17	1.4736e-18
12946.2237	2.3438e-17	1.4346e-18
12946.8236	2.3443e-17	1.3854e-18
12947.4236	2.3450e-17	1.3823e-18
12948.0236	2.3483e-17	1.3640e-18
12948.6235	2.3475e-17	1.3656e-18
12949.2235	2.3472e-17	1.3735e-18
12949.8234	2.3476e-17	1.3333e-18
12950.4234	2.3488e-17	1.3513e-18
12951.0233	2.3521e-17	1.3407e-18
12951.6233	2.3472e-17	1.3399e-18
12952.2233	2.3441e-17	1.3579e-18
12952.8232	2.3414e-17	1.3603e-18
12953.4232	2.3403e-17	1.3601e-18
12954.0231	2.3432e-17	1.3573e-18
12954.6231	2.3428e-17	1.2669e-18
12955.2230	2.3451e-17	1.2788e-18
12955.8230	2.3446e-17	1.2569e-18
12956.4230	2.3468e-17	1.2583e-18
12957.0229	2.3460e-17	1.2553e-18
12957.6229	2.3435e-17	1.1790e-18
12958.2228	2.3416e-17	1.1698e-18
12958.8228	2.3439e-17	1.0817e-18
12959.4228	2.3445e-17	1.0841e-18
12960.0227	2.3432e-17	1.0842e-18
12960.6227	2.3422e-17	1.0851e-18
12961.2226	2.3430e-17	1.0904e-18
12961.8226	2.3418e-17	1.1008e-18
12962.4225	2.3388e-17	1.1313e-18
12963.0225	2.3367e-17	1.1674e-18
12963.6225	2.3367e-17	1.2087e-18
12964.2224	2.3356e-17	1.2146e-18
12964.8224	2.3358e-17	1.2235e-18
12965.4223	2.3374e-17	1.2310e-18
12966.0223	2.3369e-17	1.2288e-18
12966.6222	2.3354e-17	1.2294e-18
12967.2222	2.3344e-17	1.2232e-18
12967.8222	2.3334e-17	1.2500e-18
12968.4321	2.3329e-17	1.2452e-18
12969.0321	2.3318e-17	1.2315e-18
12969.6320	2.3323e-17	1.2144e-18
12970.2320	2.3324e-17	1.2262e-18
12970.8319	2.3325e-17	1.2217e-18
12971.4319	2.3300e-17	1.2322e-18
12972.0319	2.3298e-17	1.2651e-18
12972.6318	2.3313e-17	1.2620e-18
12973.2318	2.3294e-17	1.2803e-18
12973.8317	2.3274e-17	1.2892e-18
12974.4317	2.3269e-17	1.2638e-18
12975.0316	2.3260e-17	1.2631e-18
12975.6316	2.3250e-17	1.2647e-18
12976.2316	2.3226e-17	1.2552e-18
12976.8315	2.3213e-17	1.2581e-18
12977.4315	2.3202e-17	1.2592e-18
12978.0314	2.3194e-17	1.2645e-18
12978.6314	2.3172e-17	1.2625e-18
12979.2314	2.3143e-17	1.2776e-18
12979.8313	2.3139e-17	1.2804e-18
12980.4313	2.3124e-17	1.2410e-18
12981.0312	2.3102e-17	1.2415e-18
12981.6312	2.3078e-17	1.2522e-18
12982.2311	2.3083e-17	1.2470e-18
12982.8311	2.3081e-17	1.2550e-18
12983.4311	2.3076e-17	1.2551e-18
12984.0310	2.3067e-17	1.2577e-18
12984.6310	2.3055e-17	1.2544e-18
12985.2309	2.3042e-17	1.2605e-18
12985.8309	2.3025e-17	1.2724e-18
12986.4308	2.3006e-17	1.2950e-18
12987.0308	2.2995e-17	1.3213e-18
12987.6308	2.2977e-17	1.3208e-18
12988.2307	2.2961e-17	1.3282e-18
12988.8307	2.2942e-17	1.3293e-18
12989.4306	2.2911e-17	1.3286e-18
12990.0306	2.2877e-17	1.3300e-18
12990.6305	2.2855e-17	1.3697e-18
12991.2305	2.2838e-17	1.3760e-18
12991.8305	2.2828e-17	1.3878e-18
12992.4304	2.2825e-17	1.4025e-18
12993.0304	2.2819e-17	1.4161e-18
12993.6303	2.2823e-17	1.4283e-18
12994.2303	2.2829e-17	1.4390e-18
12994.8302	2.2845e-17	1.4479e-18
12995.4302	2.2851e-17	1.4547e-18
12996.0302	2.2838e-17	1.4592e-18
12996.6301	2.2840e-17	1.4611e-18
12997.2301	2.2855e-17	1.4603e-18
12997.8300	2.2859e-17	1.4535e-18
12998.4300	2.2857e-17	1.4605e-18
12999.0300	2.2866e-17	1.4773e-18
12999.6299	2.2868e-17	1.4923e-18
13000.2299	2.2881e-17	1.4968e-18
13000.8298	2.2870e-17	1.4980e-18
13001.4298	2.2871e-17	1.5072e-18
13002.0297	2.2883e-17	1.4950e-18
13002.6297	2.2889e-17	1.5012e-18
13003.2297	2.2882e-17	1.4719e-18
13003.8296	2.2881e-17	1.4721e-18
13004.4296	2.2875e-17	1.4705e-18
13005.0295	2.2856e-17	1.4730e-18
13005.6295	2.2841e-17	1.4745e-18
13006.2294	2.2817e-17	1.4779e-18
13006.8294	2.2823e-17	1.4789e-18
13007.4294	2.2857e-17	1.4853e-18
13008.0293	2.2856e-17	1.4846e-18
13008.6293	2.2853e-17	1.4801e-18
13009.2292	2.2866e-17	1.4770e-18
13009.8292	2.2861e-17	1.4684e-18
13010.4291	2.2820e-17	1.4528e-18
13011.0291	2.2799e-17	1.4340e-18
13011.6291	2.2791e-17	1.4090e-18
13012.2290	2.2801e-17	1.4125e-18
13012.8290	2.2800e-17	1.4073e-18
13013.4289	2.2792e-17	1.4106e-18
13014.0289	2.2789e-17	1.4132e-18
13014.6388	2.2796e-17	1.4259e-18
13015.2388	2.2789e-17	1.4284e-18
13015.8388	2.2774e-17	1.4279e-18
13016.4387	2.2764e-17	1.4244e-18
13017.0387	2.2737e-17	1.4271e-18
13017.6386	2.2731e-17	1.4372e-18
13018.2386	2.2721e-17	1.4287e-18
13018.8386	2.2700e-17	1.4297e-18
13019.4385	2.2667e-17	1.4299e-18
13020.0385	2.2651e-17	1.3926e-18
13020.6384	2.2654e-17	1.4035e-18
13021.2384	2.2671e-17	1.3897e-18
13023.0383	2.2690e-17	1.3888e-18
13023.6382	2.2716e-17	1.3902e-18
13024.2382	2.2654e-17	1.3854e-18
13024.8381	2.2682e-17	1.3801e-18
13025.4381	2.2693e-17	1.3832e-18
13026.0380	2.2688e-17	1.4285e-18
13026.6380	2.2685e-17	1.4233e-18
13027.2380	2.2679e-17	1.4927e-18
13027.8379	2.2663e-17	1.5854e-18
13028.4379	2.2653e-17	1.6182e-18
13029.0378	2.2620e-17	1.6850e-18
13029.6378	2.2587e-17	1.6861e-18
13030.2377	2.2563e-17	1.6994e-18
13030.8377	2.2551e-17	1.6969e-18
13031.4377	2.2525e-17	1.6999e-18
13032.0376	2.2481e-17	1.6949e-18
13032.6376	2.2481e-17	1.7186e-18
13033.2375	2.2482e-17	1.7107e-18
13033.8375	2.2444e-17	1.7498e-18
13034.4375	2.2417e-17	1.7520e-18
13035.0374	2.2401e-17	1.7493e-18
13035.6374	2.2396e-17	1.7274e-18
13036.2373	2.2373e-17	1.6974e-18
13036.8373	2.2366e-17	1.6937e-18
13037.4372	2.2355e-17	1.6907e-18
13038.0372	2.2355e-17	1.6855e-18
13038.6372	2.2351e-17	1.6854e-18
13039.2371	2.2354e-17	1.6808e-18
13039.8371	2.2353e-17	1.6360e-18
13040.4370	2.2358e-17	1.6249e-18
13041.0370	2.2345e-17	1.6224e-18
13041.6369	2.2354e-17	1.6177e-18
13042.2369	2.2352e-17	1.6129e-18
13042.8369	2.2353e-17	1.6081e-18
13043.4368	2.2354e-17	1.6006e-18
13044.0368	2.2360e-17	1.6018e-18
13044.6367	2.2364e-17	1.6033e-18
13045.2367	2.2361e-17	1.5962e-18
13045.8366	2.2344e-17	1.5880e-18
13046.4366	2.2338e-17	1.5800e-18
13047.0366	2.2331e-17	1.5701e-18
13047.6365	2.2318e-17	1.5661e-18
13048.2365	2.2318e-17	1.5676e-18
13048.8364	2.2328e-17	1.5666e-18
13049.4364	2.2339e-17	1.5551e-18
13050.0363	2.2345e-17	1.5414e-18
13050.6363	2.2339e-17	1.5281e-18
13051.2363	2.2337e-17	1.5410e-18
13051.8362	2.2348e-17	1.5487e-18
13052.4362	2.2360e-17	1.5486e-18
13053.0361	2.2357e-17	1.5407e-18
13053.6361	2.2361e-17	1.5434e-18
13054.2361	2.2352e-17	1.5419e-18
13054.8360	2.2371e-17	1.5416e-18
13055.4360	2.2380e-17	1.5391e-18
13056.0359	2.2380e-17	1.5381e-18
13056.6359	2.2375e-17	1.5312e-18
13057.2358	2.2381e-17	1.5295e-18
13057.8358	2.2388e-17	1.5292e-18
13058.4358	2.2395e-17	1.5251e-18
13059.0357	2.2401e-17	1.5243e-18
13059.6357	2.2408e-17	1.5269e-18
13060.2456	2.2423e-17	1.5270e-18
13060.8456	2.2427e-17	1.5270e-18
13061.4455	2.2433e-17	1.5267e-18
13062.0455	2.2441e-17	1.5281e-18
13062.6455	2.2447e-17	1.5204e-18
13063.8454	2.2459e-17	1.5234e-18
13064.4453	2.2472e-17	1.5170e-18
13065.0453	2.2482e-17	1.5148e-18
13065.6452	2.2493e-17	1.4895e-18
13066.2452	2.2503e-17	1.4880e-18
13066.8452	2.2513e-17	1.4859e-18
13067.4451	2.2522e-17	1.4788e-18
13068.0451	2.2532e-17	1.4765e-18
13068.6450	2.2541e-17	1.4712e-18
13069.2450	2.2551e-17	1.4598e-18
13069.8450	2.2561e-17	1.4611e-18
13070.4449	2.2573e-17	1.4761e-18
13071.0449	2.2585e-17	1.4787e-18
13071.6448	2.2598e-17	1.5083e-18
13072.2448	2.2613e-17	1.5072e-18
13072.8447	2.2637e-17	1.5150e-18
13073.4447	2.2641e-17	1.5159e-18
13074.0447	2.2653e-17	1.5248e-18
13074.6446	2.2668e-17	1.4779e-18
13075.2446	2.2673e-17	1.4694e-18
13075.8445	2.2689e-17	1.3705e-18
13076.4445	2.2707e-17	1.2979e-18
13077.0444	2.2707e-17	1.2439e-18
13077.6444	2.2720e-17	1.1740e-18
13078.2444	2.2752e-17	1.1674e-18
13078.8443	2.2781e-17	1.1485e-18
13079.4443	2.2800e-17	1.1471e-18
13080.0442	2.2814e-17	1.1432e-18
13080.6442	2.2836e-17	1.1439e-18
13081.2441	2.2854e-17	1.0922e-18
13083.0440	2.2883e-17	1.1017e-18
13083.6440	2.2908e-17	1.0610e-18
13086.6438	2.2930e-17	1.0783e-18
13087.2437	2.2948e-17	1.0723e-18
13087.8437	2.2962e-17	1.0668e-18
13088.4436	2.2973e-17	1.1056e-18
13089.0436	2.2980e-17	1.1085e-18
13089.6436	2.2983e-17	1.1494e-18
13090.2435	2.2983e-17	1.1494e-18
13090.8435	2.2990e-17	1.1547e-18
13091.4434	2.2994e-17	1.1547e-18
13092.0434	2.2996e-17	1.1618e-18
13092.6433	2.3011e-17	1.1732e-18
13093.2433	2.3017e-17	1.1726e-18
13093.8433	2.3035e-17	1.1861e-18
13094.4432	2.3029e-17	1.1849e-18
13095.0432	2.3030e-17	1.1947e-18
13095.6431	2.3045e-17	1.1942e-18
13096.2431	2.3057e-17	1.2242e-18
13096.8430	2.3060e-17	1.2129e-18
13097.4430	2.3057e-17	1.2126e-18
13098.0430	2.3057e-17	1.2150e-18
13098.6429	2.3039e-17	1.2430e-18
13099.2429	2.3043e-17	1.2463e-18
13099.8428	2.3048e-17	1.2374e-18
13100.4428	2.3077e-17	1.2214e-18
13101.0428	2.3090e-17	1.3151e-18
13101.6427	2.3110e-17	1.4663e-18
13102.2427	2.3104e-17	1.6420e-18
13102.8426	2.3107e-17	1.7888e-18
13103.4426	2.3117e-17	1.8632e-18
13104.0425	2.3111e-17	1.8531e-18
13104.6425	2.3097e-17	1.8604e-18
13105.2425	2.3098e-17	1.8693e-18
13105.8524	2.3109e-17	1.8684e-18
13106.4524	2.3123e-17	1.8795e-18
13107.0523	2.3136e-17	1.8791e-18
13107.6523	2.3148e-17	1.8934e-18
13108.2522	2.3161e-17	1.8930e-18
13108.8522	2.3163e-17	1.8956e-18
13109.4522	2.3159e-17	1.9042e-18
13110.0521	2.3156e-17	1.9142e-18
13110.6521	2.3152e-17	1.9628e-18
13111.2520	2.3151e-17	1.9697e-18
13111.8520	2.3161e-17	2.0082e-18
13112.4519	2.3173e-17	2.0138e-18
13113.0519	2.3162e-17	2.0328e-18
13113.6519	2.3148e-17	2.0325e-18
13114.2518	2.3143e-17	2.0346e-18
13114.8518	2.3149e-17	2.0345e-18
13115.4517	2.3141e-17	2.0306e-18
13116.0517	2.3138e-17	2.0287e-18
13116.6517	2.3129e-17	2.0290e-18
13117.2516	2.3105e-17	2.0331e-18
13117.8516	2.3089e-17	2.0329e-18
13118.4515	2.3088e-17	2.0396e-18
13119.0515	2.3089e-17	2.0485e-18
13119.6514	2.3089e-17	2.0574e-18
13120.2514	2.3090e-17	2.0543e-18
13120.8514	2.3095e-17	2.0538e-18
13121.4513	2.3100e-17	2.0535e-18
13122.0513	2.3105e-17	2.0364e-18
13122.6512	2.3111e-17	2.0373e-18
13123.2512	2.3118e-17	2.0183e-18
13123.8511	2.3125e-17	2.0262e-18
13124.4511	2.3134e-17	2.0183e-18
13125.0511	2.3143e-17	2.0251e-18
13125.6510	2.3152e-17	2.0262e-18
13126.2510	2.3163e-17	2.0278e-18
13126.8509	2.3174e-17	2.0246e-18
13127.4509	2.3187e-17	2.0231e-18
13128.0508	2.3189e-17	1.9927e-18
13128.6508	2.3191e-17	1.9885e-18
13129.2508	2.3197e-17	1.9781e-18
13129.8507	2.3203e-17	1.9747e-18
13130.4507	2.3193e-17	1.9734e-18
13131.0506	2.3176e-17	1.9726e-18
13131.6506	2.3186e-17	1.9718e-18
13132.2506	2.3189e-17	1.9657e-18
13132.8505	2.3183e-17	1.9655e-18
13133.4505	2.3171e-17	1.9577e-18
13134.0504	2.3150e-17	1.9468e-18
13134.6504	2.3135e-17	1.9345e-18
13135.2503	2.3128e-17	1.9347e-18
13135.8503	2.3115e-17	1.9349e-18
13136.4503	2.3115e-17	1.9135e-18
13137.0502	2.3110e-17	1.9117e-18
13137.6502	2.3114e-17	1.8878e-18
13138.2501	2.3121e-17	1.8912e-18
13138.8501	2.3116e-17	1.8905e-18
13139.4500	2.3117e-17	1.8917e-18
13140.0500	2.3112e-17	1.8875e-18
13140.6500	2.3120e-17	1.8809e-18
13141.2499	2.3096e-17	1.8811e-18
13141.8499	2.3075e-17	1.8743e-18
13142.4498	2.3044e-17	1.8779e-18
13143.0498	2.3043e-17	1.8726e-18
13143.6498	2.3052e-17	1.8738e-18
13144.2497	2.3059e-17	1.8423e-18
13144.8497	2.3043e-17	1.8410e-18
13145.4496	2.3055e-17	1.8402e-18
13146.0496	2.3046e-17	1.8379e-18
13146.6495	2.3033e-17	1.8154e-18
13147.2495	2.3022e-17	1.8161e-18
13147.8495	2.3016e-17	1.8189e-18
13148.4494	2.2999e-17	1.8226e-18
13149.0494	2.2995e-17	1.7560e-18
13149.6493	2.2995e-17	1.6377e-18
13150.2493	2.2989e-17	1.4594e-18
13150.8492	2.2979e-17	1.2757e-18
13151.4492	2.2965e-17	1.1408e-18
13152.0592	2.2978e-17	1.1418e-18
13152.6591	2.3010e-17	1.1256e-18
13153.2591	2.3044e-17	1.1179e-18
13153.8590	2.3071e-17	1.1201e-18
13154.4590	2.3053e-17	1.0969e-18
13155.0589	2.3066e-17	1.0946e-18
13155.6589	2.3059e-17	1.0762e-18
13156.2589	2.3057e-17	1.0759e-18
13156.8588	2.3053e-17	1.0708e-18
13157.4588	2.3047e-17	1.0715e-18
13158.0587	2.3065e-17	1.0591e-18
13158.6587	2.3063e-17	9.4956e-19
13159.2587	2.3034e-17	9.6365e-19
13159.8586	2.3015e-17	9.0895e-19
13160.4586	2.3007e-17	9.0981e-19
13161.0585	2.3017e-17	8.7568e-19
13161.6585	2.3026e-17	8.7653e-19
13162.2584	2.3031e-17	8.7184e-19
13162.8584	2.3025e-17	8.7353e-19
13163.4584	2.3027e-17	8.6968e-19
13164.0583	2.3017e-17	8.5984e-19
13164.6583	2.3007e-17	8.5932e-19
13165.2582	2.3006e-17	8.4864e-19
13165.8582	2.3008e-17	8.4757e-19
13166.4581	2.3017e-17	8.3324e-19
13167.0581	2.3018e-17	8.0675e-19
13167.6581	2.3011e-17	7.9643e-19
13168.2580	2.3006e-17	7.9564e-19
13168.8580	2.3017e-17	7.9657e-19
13169.4579	2.3041e-17	7.9502e-19
13170.0579	2.3050e-17	7.9606e-19
13170.6579	2.3054e-17	7.8936e-19
13171.2578	2.3055e-17	7.7724e-19
13171.8578	2.3064e-17	7.5723e-19
13172.4577	2.3069e-17	7.6831e-19
13173.0577	2.3070e-17	7.5817e-19
13173.6576	2.3067e-17	7.7266e-19
13174.2576	2.3066e-17	8.1075e-19
13174.8576	2.3070e-17	8.1399e-19
13175.4575	2.3075e-17	8.1722e-19
13176.0575	2.3083e-17	8.3098e-19
13176.6574	2.3104e-17	8.3125e-19
13177.2574	2.3128e-17	8.4948e-19
13177.8573	2.3119e-17	8.4900e-19
13178.4573	2.3112e-17	8.5538e-19
13179.0573	2.3100e-17	8.5524e-19
13179.6572	2.3091e-17	8.5606e-19
13180.2572	2.3068e-17	8.5617e-19
13180.8571	2.3052e-17	8.5634e-19
13181.4571	2.3038e-17	8.5635e-19
13182.0570	2.3036e-17	8.5633e-19
13182.6570	2.3031e-17	8.5622e-19
13183.2570	2.3025e-17	8.5604e-19
13183.8569	2.3006e-17	8.5582e-19
13184.4569	2.2991e-17	8.5555e-19
13185.0568	2.2988e-17	8.5518e-19
13185.6568	2.2989e-17	8.5464e-19
13186.2568	2.2992e-17	8.4664e-19
13186.8567	2.3008e-17	8.4196e-19
13187.4567	2.2998e-17	8.4066e-19
13188.0566	2.2996e-17	8.4110e-19
13188.6566	2.2980e-17	8.3911e-19
13189.2565	2.2967e-17	8.3840e-19
13189.8565	2.2966e-17	8.3398e-19
13190.4565	2.2974e-17	8.2440e-19
13191.0564	2.2978e-17	8.1564e-19
13191.6564	2.2986e-17	8.1011e-19
13192.2563	2.2982e-17	8.0703e-19
13192.8563	2.2981e-17	8.0572e-19
13193.4562	2.2988e-17	8.0552e-19
13194.0562	2.2975e-17	8.0557e-19
13194.6562	2.2965e-17	8.0599e-19
13195.2561	2.2952e-17	8.0482e-19
13195.8561	2.2947e-17	8.0110e-19
13196.4560	2.2955e-17	7.9349e-19
13197.0560	2.2957e-17	7.8093e-19
13197.6660	2.2950e-17	7.6181e-19
13198.2659	2.2962e-17	7.6011e-19
13198.8659	2.2978e-17	7.6042e-19
13199.4658	2.2983e-17	7.6369e-19
13200.0658	2.2992e-17	7.6544e-19
13200.6657	2.2987e-17	7.6945e-19
13201.2657	2.3004e-17	7.4398e-19
13201.8657	2.3008e-17	7.4269e-19
13202.4656	2.2994e-17	7.3504e-19
13203.0656	2.2981e-17	7.2894e-19
13203.6655	2.2978e-17	7.3669e-19
13204.2655	2.2966e-17	7.3778e-19
13204.8654	2.2952e-17	7.7498e-19
13205.4654	2.2972e-17	7.6149e-19
13206.0654	2.2991e-17	7.8701e-19
13206.6653	2.2991e-17	7.9452e-19
13207.2653	2.3013e-17	8.1567e-19
13207.8652	2.3026e-17	8.2993e-19
13208.4652	2.3034e-17	8.3823e-19
13209.0652	2.3031e-17	8.4257e-19
13209.6651	2.3012e-17	8.4463e-19
13210.2651	2.3009e-17	8.4521e-19
13210.8650	2.3018e-17	8.4497e-19
13211.4650	2.3027e-17	8.4469e-19
13212.0649	2.3041e-17	8.4480e-19
13212.6649	2.3043e-17	8.4573e-19
13213.2649	2.3026e-17	8.4768e-19
13213.8648	2.3020e-17	8.5122e-19
13214.4648	2.3008e-17	8.5179e-19
13215.0647	2.2996e-17	8.8440e-19
13215.6647	2.3005e-17	9.1511e-19
13216.2646	2.3020e-17	9.5928e-19
13216.8646	2.3026e-17	9.6371e-19
13217.4646	2.3051e-17	1.0076e-18
13218.0645	2.3055e-17	1.0069e-18
13218.6645	2.3069e-17	1.0208e-18
13219.2644	2.3076e-17	1.0213e-18
13219.8644	2.3098e-17	1.0220e-18
13220.4644	2.3100e-17	1.0232e-18
13221.0643	2.3131e-17	1.0163e-18
13221.6643	2.3152e-17	9.9037e-19
13222.2642	2.3147e-17	9.6973e-19
13222.8642	2.3129e-17	9.7378e-19
13223.4641	2.3181e-17	9.7318e-19
13224.0641	2.3155e-17	9.6678e-19
13224.6641	2.3132e-17	9.7007e-19
13225.2640	2.3137e-17	9.5916e-19
13225.8640	2.3127e-17	9.6572e-19
13226.4639	2.3113e-17	9.6617e-19
13227.0639	2.3109e-17	9.7128e-19
13227.6638	2.3089e-17	9.7472e-19
13228.2638	2.3095e-17	9.7841e-19
13228.8638	2.3113e-17	9.8116e-19
13229.4637	2.3096e-17	9.8343e-19
13230.0637	2.3086e-17	9.8534e-19
13230.6636	2.3083e-17	9.8682e-19
13231.2636	2.3083e-17	9.8799e-19
13231.8635	2.3060e-17	9.8886e-19
13232.4635	2.3053e-17	9.9758e-19
13233.0635	2.3066e-17	1.0232e-18
13233.6634	2.3071e-17	1.0495e-18
13234.2634	2.3060e-17	1.0510e-18
13234.8633	2.3062e-17	1.0535e-18
13235.4633	2.3063e-17	1.0590e-18
13236.0633	2.3063e-17	1.0607e-18
13236.6632	2.3080e-17	1.0688e-18
13237.2632	2.3062e-17	1.0685e-18
13237.8631	2.3055e-17	1.0920e-18
13238.4631	2.3036e-17	1.1137e-18
13239.0630	2.3014e-17	1.1142e-18
13239.6630	2.3007e-17	1.1143e-18
13240.2630	2.3011e-17	1.1292e-18
13240.8629	2.2984e-17	1.1306e-18
13241.4629	2.2990e-17	1.1335e-18
13242.0628	2.2979e-17	1.1341e-18
13242.6628	2.2976e-17	1.1419e-18
13243.2727	2.2973e-17	1.1713e-18
13243.8727	2.2968e-17	1.1703e-18
13244.4727	2.2975e-17	1.1690e-18
13245.0726	2.2984e-17	1.1668e-18
13245.6726	2.2981e-17	1.1652e-18
13246.2725	2.2989e-17	1.1653e-18
13246.8725	2.3001e-17	1.1680e-18
13247.4725	2.3019e-17	1.1744e-18
13248.0724	2.3023e-17	1.1861e-18
13248.6724	2.3026e-17	1.2040e-18
13249.2723	2.3007e-17	1.2284e-18
13249.8723	2.2983e-17	1.2616e-18
13250.4722	2.2983e-17	1.2986e-18
13251.0722	2.2996e-17	1.3493e-18
13251.6722	2.2991e-17	1.3419e-18
13252.8721	2.2988e-17	1.3424e-18
13253.4720	2.2997e-17	1.3236e-18
13254.0720	2.2994e-17	1.3147e-18
13254.6719	2.3004e-17	1.3175e-18
13255.2719	2.3003e-17	1.3203e-18
13255.8719	2.3009e-17	1.3058e-18
13256.4718	2.3006e-17	1.2940e-18
13257.0718	2.3017e-17	1.2839e-18
13257.6717	2.3019e-17	1.2767e-18
13258.2717	2.3012e-17	1.3054e-18
13258.8717	2.3015e-17	1.3372e-18
13259.4716	2.3029e-17	1.3394e-18
13260.0716	2.3019e-17	1.3398e-18
13260.6715	2.3026e-17	1.3400e-18
13261.2715	2.3028e-17	1.3538e-18
13261.8714	2.3001e-17	1.3536e-18
13262.4714	2.3012e-17	1.3492e-18
13263.0714	2.3002e-17	1.3525e-18
13263.6713	2.2975e-17	1.3344e-18
13264.2713	2.2986e-17	1.3050e-18
13264.8712	2.2990e-17	1.2778e-18
13265.4712	2.2969e-17	1.2734e-18
13266.0711	2.2971e-17	1.2507e-18
13266.6711	2.2984e-17	1.2604e-18
13267.2711	2.2990e-17	1.2483e-18
13267.8710	2.2983e-17	1.2464e-18
13268.4710	2.2983e-17	1.2637e-18
13269.0709	2.2983e-17	1.2602e-18
13269.6709	2.2978e-17	1.2602e-18
13270.2709	2.2989e-17	1.2557e-18
13270.8708	2.3003e-17	1.2570e-18
13271.4708	2.3013e-17	1.2499e-18
13272.0707	2.3015e-17	1.2453e-18
13272.6707	2.2996e-17	1.2504e-18
13273.2706	2.2999e-17	1.2511e-18
13273.8706	2.3005e-17	1.2503e-18
13274.4706	2.3002e-17	1.2477e-18
13275.0705	2.3008e-17	1.2446e-18
13275.6705	2.2994e-17	1.2426e-18
13276.2704	2.2992e-17	1.2431e-18
13276.8704	2.3010e-17	1.2471e-18
13277.4703	2.3009e-17	1.2562e-18
13278.0703	2.3028e-17	1.2711e-18
13278.6703	2.3031e-17	1.2925e-18
13279.2702	2.3053e-17	1.3212e-18
13279.8702	2.3074e-17	1.3273e-18
13280.4701	2.3065e-17	1.3557e-18
13281.0701	2.3042e-17	1.3735e-18
13281.6701	2.3042e-17	1.3598e-18
13282.2700	2.3038e-17	1.3951e-18
13282.8700	2.3039e-17	1.3969e-18
13283.4699	2.3042e-17	1.3981e-18
13284.0699	2.3041e-17	1.3995e-18
13284.6698	2.3037e-17	1.3981e-18
13285.2698	2.3044e-17	1.4040e-18
13285.8698	2.3049e-17	1.4094e-18
13286.4697	2.3062e-17	1.3917e-18
13287.0697	2.3073e-17	1.3707e-18
13287.6696	2.3079e-17	1.3946e-18
13288.2696	2.3069e-17	1.4509e-18
13288.8696	2.3084e-17	1.4948e-18
13289.4795	2.3094e-17	1.5071e-18
13290.0795	2.3109e-17	1.5045e-18
13290.6794	2.3111e-17	1.5052e-18
13291.2794	2.3109e-17	1.5012e-18
13291.8793	2.3108e-17	1.4778e-18
13292.4793	2.3107e-17	1.4778e-18
13293.0793	2.3113e-17	1.4844e-18
13293.6792	2.3114e-17	1.4898e-18
13294.2792	2.3126e-17	1.4900e-18
13294.8791	2.3137e-17	1.4921e-18
13295.4791	2.3156e-17	1.5319e-18
13296.0790	2.3149e-17	1.5596e-18
13296.6790	2.3152e-17	1.5756e-18
13297.2790	2.3153e-17	1.5798e-18
13297.8789	2.3167e-17	1.5727e-18
13298.4789	2.3177e-17	1.5542e-18
13299.0788	2.3186e-17	1.5232e-18
13299.6788	2.3198e-17	1.4785e-18
13300.2788	2.3209e-17	1.4812e-18
13300.8787	2.3218e-17	1.4796e-18
13301.4787	2.3225e-17	1.4798e-18
13302.0786	2.3224e-17	1.4788e-18
13302.6786	2.3235e-17	1.5017e-18
13303.2785	2.3240e-17	1.5293e-18
13303.8785	2.3238e-17	1.5303e-18
13304.4785	2.3259e-17	1.5324e-18
13305.0784	2.3265e-17	1.5318e-18
13305.6784	2.3258e-17	1.5318e-18
13306.2783	2.3244e-17	1.5187e-18
13306.8783	2.3248e-17	1.4930e-18
13307.4782	2.3250e-17	1.4904e-18
13308.0782	2.3253e-17	1.4919e-18
13308.6782	2.3253e-17	1.5434e-18
13309.2781	2.3252e-17	1.5307e-18
13309.8781	2.3257e-17	1.5299e-18
13310.4780	2.3258e-17	1.5326e-18
13311.0780	2.3267e-17	1.5593e-18
13311.6780	2.3265e-17	1.5649e-18
13312.2779	2.3256e-17	1.5651e-18
13312.8779	2.3255e-17	1.5683e-18
13313.4778	2.3263e-17	1.5941e-18
13314.0778	2.3271e-17	1.5884e-18
13314.6777	2.3264e-17	1.5826e-18
13315.2777	2.3261e-17	1.6082e-18
13315.8777	2.3271e-17	1.6121e-18
13316.4776	2.3271e-17	1.6079e-18
13317.0776	2.3262e-17	1.6067e-18
13317.6775	2.3268e-17	1.6067e-18
13318.2775	2.3266e-17	1.6074e-18
13318.8774	2.3255e-17	1.5985e-18
13319.4774	2.3244e-17	1.5985e-18
13320.0774	2.3250e-17	1.5983e-18
13320.6773	2.3265e-17	1.5883e-18
13321.2773	2.3276e-17	1.5822e-18
13321.8772	2.3261e-17	1.6348e-18
13322.4772	2.3253e-17	1.6347e-18
13323.0772	2.3266e-17	1.6389e-18
13323.6771	2.3260e-17	1.6680e-18
13324.2771	2.3241e-17	1.7235e-18
13324.8770	2.3241e-17	1.7199e-18
13325.4770	2.3244e-17	1.7309e-18
13326.0769	2.3231e-17	1.7211e-18
13326.6769	2.3245e-17	1.7040e-18
13327.2769	2.3232e-17	1.6868e-18
13327.8768	2.3186e-17	1.6838e-18
13328.4768	2.3172e-17	1.6751e-18
13329.0767	2.3181e-17	1.6540e-18
13329.6767	2.3206e-17	1.6555e-18
13330.2767	2.3228e-17	1.6095e-18
13330.8766	2.3231e-17	1.6199e-18
13331.4766	2.3255e-17	1.6183e-18
13332.0765	2.3266e-17	1.6213e-18
13332.6765	2.3262e-17	1.6216e-18
13333.2764	2.3258e-17	1.6284e-18
13333.8764	2.3261e-17	1.6248e-18
13334.4764	2.3266e-17	1.6246e-18
13335.0863	2.3263e-17	1.6244e-18
13335.6863	2.3256e-17	1.6941e-18
13336.2862	2.3242e-17	1.6501e-18
13336.8862	2.3260e-17	1.6074e-18
13337.4861	2.3273e-17	1.6674e-18
13338.0861	2.3287e-17	1.6890e-18
13338.6861	2.3293e-17	1.6951e-18
13339.2860	2.3278e-17	1.7239e-18
13339.8860	2.3278e-17	1.7251e-18
13340.4859	2.3287e-17	1.7483e-18
13341.0859	2.3283e-17	1.7501e-18
13341.6859	2.3281e-17	1.7464e-18
13342.2858	2.3290e-17	1.7445e-18
13342.8858	2.3291e-17	1.7387e-18
13343.4857	2.3298e-17	1.7181e-18
13344.0857	2.3308e-17	1.6941e-18
13344.6856	2.3338e-17	1.6776e-18
13345.2856	2.3365e-17	1.6613e-18
13345.8856	2.3391e-17	1.6496e-18
13346.4855	2.3417e-17	1.7048e-18
13347.0855	2.3431e-17	1.6988e-18
13347.6854	2.3443e-17	1.7014e-18
13348.2854	2.3455e-17	1.7022e-18
13348.8853	2.3465e-17	1.7064e-18
13349.4853	2.3474e-17	1.7621e-18
13350.0853	2.3482e-17	1.7851e-18
13350.6852	2.3490e-17	1.7572e-18
13351.2852	2.3497e-17	1.7350e-18
13351.8851	2.3500e-17	1.7498e-18
13352.4851	2.3497e-17	1.7446e-18
13353.0851	2.3477e-17	1.7503e-18
13353.6850	2.3475e-17	1.7739e-18
13354.2850	2.3499e-17	1.7923e-18
13354.8849	2.3517e-17	1.8361e-18
13355.4849	2.3528e-17	1.8356e-18
13356.0848	2.3541e-17	1.8331e-18
13356.6848	2.3517e-17	1.7959e-18
13357.2848	2.3505e-17	1.7963e-18
13357.8847	2.3502e-17	1.7970e-18
13358.4847	2.3532e-17	1.7977e-18
13359.0846	2.3542e-17	1.7649e-18
13359.6846	2.3549e-17	1.7612e-18
13360.2846	2.3565e-17	1.7682e-18
13360.8845	2.3581e-17	1.7657e-18
13361.4845	2.3603e-17	1.7455e-18
13362.0844	2.3616e-17	1.7530e-18
13362.6844	2.3615e-17	1.7624e-18
13363.2843	2.3628e-17	1.7627e-18
13363.8843	2.3641e-17	1.7705e-18
13364.4843	2.3661e-17	1.7642e-18
13365.0842	2.3672e-17	1.7623e-18
13365.6842	2.3686e-17	1.7628e-18
13366.2841	2.3678e-17	1.7621e-18
13366.8841	2.3682e-17	1.7621e-18
13367.4840	2.3693e-17	1.7618e-18
13368.0840	2.3706e-17	1.7618e-18
13368.6840	2.3720e-17	1.7620e-18
13369.2839	2.3708e-17	1.7621e-18
13369.8839	2.3706e-17	1.7085e-18
13370.4838	2.3704e-17	1.7085e-18
13371.0838	2.3710e-17	1.7048e-18
13371.6838	2.3712e-17	1.6797e-18
13372.2837	2.3710e-17	1.6237e-18
13372.8837	2.3702e-17	1.6529e-18
13373.4836	2.3712e-17	1.6469e-18
13374.0836	2.3716e-17	1.6473e-18
13374.6835	2.3722e-17	1.6535e-18
13375.2835	2.3725e-17	1.6459e-18
13375.8835	2.3742e-17	1.6448e-18
13376.4834	2.3753e-17	1.6433e-18
13377.0834	2.3762e-17	1.6446e-18
13377.6833	2.3759e-17	1.6407e-18
13378.2833	2.3757e-17	1.6915e-18
13378.8833	2.3755e-17	1.6822e-18
13379.4832	2.3765e-17	1.6862e-18
13380.0832	2.3776e-17	1.7028e-18
13380.6931	2.3775e-17	1.7035e-18
13381.2931	2.3771e-17	1.6840e-18
13381.8930	2.3764e-17	1.6844e-18
13382.4930	2.3749e-17	1.6816e-18
13383.0930	2.3751e-17	1.6815e-18
13383.6929	2.3753e-17	1.5959e-18
13384.2929	2.3764e-17	1.5904e-18
13384.8928	2.3775e-17	1.5937e-18
13385.4928	2.3784e-17	1.5163e-18
13386.0927	2.3788e-17	1.5033e-18
13386.6927	2.3799e-17	1.4930e-18
13387.2927	2.3804e-17	1.4632e-18
13387.8926	2.3827e-17	1.4664e-18
13388.4926	2.3846e-17	1.4467e-18
13389.0925	2.3823e-17	1.4427e-18
13389.6925	2.3793e-17	1.4449e-18
13390.2925	2.3762e-17	1.4452e-18
13390.8924	2.3744e-17	1.4564e-18
13391.4924	2.3760e-17	1.4485e-18
13392.0923	2.3788e-17	1.4451e-18
13392.6923	2.3794e-17	1.4546e-18
13393.2922	2.3774e-17	1.4721e-18
13393.8922	2.3760e-17	1.4769e-18
13394.4922	2.3763e-17	1.4377e-18
13395.0921	2.3761e-17	1.4621e-18
13395.6921	2.3750e-17	1.4711e-18
13396.2920	2.3725e-17	1.4689e-18
13396.8920	2.3725e-17	1.5096e-18
13397.4920	2.3745e-17	1.4506e-18
13398.0919	2.3756e-17	1.4351e-18
13398.6919	2.3787e-17	1.4312e-18
13399.2918	2.3805e-17	1.4294e-18
13399.8918	2.3778e-17	1.4233e-18
13400.4917	2.3791e-17	1.4253e-18
13401.0917	2.3792e-17	1.4236e-18
13401.6917	2.3800e-17	1.5480e-18
13402.2916	2.3842e-17	1.5581e-18
13402.8916	2.3852e-17	1.4979e-18
13403.4915	2.3875e-17	1.5146e-18
13404.0915	2.3912e-17	1.5248e-18
13404.6914	2.3900e-17	1.5303e-18
13405.2914	2.3872e-17	1.5584e-18
13405.8914	2.3855e-17	1.5568e-18
13406.4913	2.3881e-17	1.5595e-18
13407.0913	2.3852e-17	1.5708e-18
13407.6912	2.3801e-17	1.5705e-18
13408.2912	2.3750e-17	1.5679e-18
13408.8912	2.3740e-17	1.5674e-18
13409.4911	2.3754e-17	1.5679e-18
13410.0911	2.3793e-17	1.5650e-18
13410.6910	2.3815e-17	1.5592e-18
13411.2910	2.3830e-17	1.5436e-18
13411.8909	2.3865e-17	1.5371e-18
13412.4909	2.3907e-17	1.5405e-18
13413.0909	2.3948e-17	1.5454e-18
13413.6908	2.3974e-17	1.5515e-18
13414.2908	2.4008e-17	1.5589e-18
13414.8907	2.4017e-17	1.5673e-18
13415.4907	2.3985e-17	1.5767e-18
13416.0907	2.3945e-17	1.5869e-18
13416.6906	2.3977e-17	1.5977e-18
13417.2906	2.4014e-17	1.6091e-18
13417.8905	2.4029e-17	1.6209e-18
13418.4905	2.4006e-17	1.6303e-18
13419.0904	2.3934e-17	1.6385e-18
13419.6904	2.3918e-17	1.6470e-18
13420.2904	2.3936e-17	1.6556e-18
13420.8903	2.3946e-17	1.6361e-18
13421.4903	2.3963e-17	1.6320e-18
13422.0902	2.3984e-17	1.6382e-18
13422.6902	2.4010e-17	1.6389e-18
13423.2901	2.4049e-17	1.6451e-18
13423.8901	2.4052e-17	1.6518e-18
13424.4901	2.4040e-17	1.6449e-18
13425.0900	2.4068e-17	1.6484e-18
13425.6900	2.4073e-17	1.6485e-18
13426.2899	2.4025e-17	1.5948e-18
13426.8999	2.4061e-17	1.6422e-18
13427.4999	2.4095e-17	1.6422e-18
13428.0998	2.4096e-17	1.6382e-18
13428.6998	2.4117e-17	1.6370e-18
13429.2997	2.4152e-17	1.6429e-18
13429.8997	2.4224e-17	1.6426e-18
13430.4996	2.4207e-17	1.7290e-18
13431.0996	2.4144e-17	1.7520e-18
13431.6996	2.4204e-17	1.7566e-18
13432.2995	2.4136e-17	1.7777e-18
13432.8995	2.4043e-17	1.7629e-18
13433.4994	2.4023e-17	1.7868e-18
13434.0994	2.4032e-17	1.7863e-18
13434.6994	2.4045e-17	1.7863e-18
13435.2993	2.4050e-17	1.7880e-18
13435.8993	2.4081e-17	1.7898e-18
13436.4992	2.4112e-17	1.7945e-18
13437.0992	2.4121e-17	1.7951e-18
13437.6991	2.4128e-17	1.7886e-18
13438.2991	2.4137e-17	1.8104e-18
13438.8991	2.4154e-17	1.8265e-18
13439.4990	2.4166e-17	1.8239e-18
13440.0990	2.4181e-17	1.8624e-18
13440.6989	2.4196e-17	1.8590e-18
13441.2989	2.4207e-17	1.8484e-18
13441.8989	2.4224e-17	1.8473e-18
13442.4988	2.4227e-17	1.8252e-18
13443.0988	2.4175e-17	1.8182e-18
13443.6987	2.4064e-17	1.8108e-18
13444.2987	2.4017e-17	1.8109e-18
13444.8986	2.4005e-17	1.7819e-18
13445.4986	2.4013e-17	1.7949e-18
13446.0986	2.4009e-17	1.8023e-18
13446.6985	2.4002e-17	1.8160e-18
13447.2985	2.4030e-17	1.8132e-18
13447.8984	2.4073e-17	1.8220e-18
13448.4984	2.4109e-17	1.8300e-18
13449.0983	2.4163e-17	1.8398e-18
13449.6983	2.4207e-17	1.7341e-18
13450.2983	2.4266e-17	1.6970e-18
13450.8982	2.4320e-17	1.7026e-18
13451.4982	2.4317e-17	1.6937e-18
13452.0981	2.4239e-17	1.6846e-18
13452.6981	2.4240e-17	1.6829e-18
13453.2981	2.4256e-17	1.6562e-18
13453.8980	2.4234e-17	1.6545e-18
13454.4980	2.4204e-17	1.6451e-18
13455.0979	2.4193e-17	1.6362e-18
13455.6979	2.4179e-17	1.6385e-18
13456.2978	2.4172e-17	1.6368e-18
13456.8978	2.4198e-17	1.6366e-18
13457.4978	2.4192e-17	1.6363e-18
13458.0977	2.4209e-17	1.6275e-18
13458.6977	2.4245e-17	1.6342e-18
13459.2976	2.4243e-17	1.6463e-18
13459.8976	2.4247e-17	1.6655e-18
13460.4976	2.4278e-17	1.6903e-18
13461.0975	2.4236e-17	1.7213e-18
13461.6975	2.4186e-17	1.7619e-18
13462.2974	2.4102e-17	1.8133e-18
13462.8974	2.4053e-17	1.8182e-18
13463.4973	2.4014e-17	1.9374e-18
13464.0973	2.3990e-17	2.0454e-18
13464.6973	2.3974e-17	2.0663e-18
13465.2972	2.3905e-17	2.0721e-18
13465.8972	2.3891e-17	2.0840e-18
13466.4971	2.3867e-17	2.0817e-18
13467.0971	2.3846e-17	2.1182e-18
13467.6971	2.3850e-17	2.1202e-18
13468.2970	2.3831e-17	2.1209e-18
13468.8970	2.3808e-17	2.1168e-18
13469.4969	2.3798e-17	2.1212e-18
13470.0969	2.3791e-17	2.1814e-18
13470.6968	2.3803e-17	2.1804e-18
13471.2968	2.3811e-17	2.1901e-18
13471.8968	2.3797e-17	2.1871e-18
13472.5067	2.3802e-17	2.2172e-18
13473.1067	2.3785e-17	2.2177e-18
13473.7066	2.3740e-17	2.3846e-18
13474.3066	2.3679e-17	2.3906e-18
13474.9065	2.3706e-17	2.3496e-18
13475.5065	2.3657e-17	2.3619e-18
13476.1065	2.3522e-17	2.3978e-18
13476.7064	2.3402e-17	2.4065e-18
13477.3064	2.3350e-17	2.5343e-18
13477.9063	2.3382e-17	2.6820e-18
13478.5063	2.3404e-17	2.6225e-18
13479.1063	2.3416e-17	2.6790e-18
13479.7062	2.3444e-17	2.6889e-18
13480.3062	2.3476e-17	2.6944e-18
13480.9061	2.3521e-17	2.7369e-18
13481.5061	2.3514e-17	2.8823e-18
13482.1060	2.3628e-17	3.1118e-18
13482.7060	2.3488e-17	3.1866e-18
13483.3060	2.3485e-17	3.2109e-18
13483.9059	2.3569e-17	3.2074e-18
13484.5059	2.3654e-17	3.2017e-18
13485.1058	2.3621e-17	3.2003e-18
13485.7058	2.3562e-17	3.2083e-18
13486.3058	2.3481e-17	3.2221e-18
13486.9057	2.3497e-17	3.2378e-18
13487.5057	2.3538e-17	3.2410e-18
13488.1056	2.3572e-17	3.2482e-18
13488.7056	2.3617e-17	3.2531e-18
13489.3055	2.3660e-17	3.4258e-18
13489.9055	2.3700e-17	3.6985e-18
13490.5055	2.3738e-17	3.7244e-18
13491.1054	2.3774e-17	3.7597e-18
13491.7054	2.3808e-17	3.7637e-18
13492.3053	2.3839e-17	3.8041e-18
13492.9053	2.3869e-17	4.1188e-18
13493.5053	2.3896e-17	4.1492e-18
13494.1052	2.3909e-17	4.1426e-18
13494.7052	2.3925e-17	4.1368e-18
13495.3051	2.3945e-17	4.1305e-18
13495.9051	2.3961e-17	4.1255e-18
13496.5050	2.3983e-17	4.1248e-18
13497.1050	2.4013e-17	4.1431e-18
13497.7050	2.4038e-17	4.1409e-18
13498.3049	2.4014e-17	4.1381e-18
13498.9049	2.3968e-17	4.1425e-18
13499.5048	2.3942e-17	4.1390e-18
13500.1048	2.3958e-17	4.2809e-18
13500.7048	2.3985e-17	4.3085e-18
13501.3047	2.4019e-17	4.3728e-18
13501.9047	2.4035e-17	4.3743e-18
13502.5046	2.4050e-17	4.3903e-18
13503.1046	2.4064e-17	4.4583e-18
13503.7045	2.4076e-17	4.5844e-18
13504.3045	2.4084e-17	4.5901e-18
13504.9045	2.4079e-17	4.7575e-18
13505.5044	2.4079e-17	4.9378e-18
13506.1044	2.4071e-17	5.0218e-18
13506.7043	2.4074e-17	5.3903e-18
13507.3043	2.4070e-17	5.4089e-18
13507.9042	2.4078e-17	5.3981e-18
13508.5042	2.4088e-17	5.3848e-18
13509.1042	2.4122e-17	5.3637e-18
13509.7041	2.4180e-17	5.3495e-18
13510.3041	2.4250e-17	5.3187e-18
13510.9040	2.4344e-17	5.3200e-18
13511.5040	2.4449e-17	5.2914e-18
13512.1040	2.4563e-17	5.2609e-18
13512.7039	2.4665e-17	5.2572e-18
13513.3039	2.4775e-17	5.2438e-18
13513.9038	2.4895e-17	5.2273e-18
13514.5038	2.5025e-17	5.2276e-18
13515.1037	2.5006e-17	5.2231e-18
13515.7037	2.5035e-17	5.2332e-18
13516.3037	2.5016e-17	5.2287e-18
13516.9036	2.4981e-17	5.2511e-18
13517.5036	2.4977e-17	5.6484e-18
13518.1135	2.4970e-17	5.6989e-18
13518.7135	2.4997e-17	5.7357e-18
13519.3135	2.5050e-17	5.7398e-18
13519.9134	2.5113e-17	5.7416e-18
13520.5134	2.5146e-17	5.7164e-18
13521.1133	2.5179e-17	5.7201e-18
13521.7133	2.5161e-17	5.7176e-18
13522.3132	2.5072e-17	5.7864e-18
13522.9132	2.5049e-17	5.8855e-18
13523.5132	2.5080e-17	6.0053e-18
13524.1131	2.5120e-17	6.1480e-18
13524.7131	2.5142e-17	6.3496e-18
13525.3130	2.5183e-17	6.2964e-18
13525.9130	2.5248e-17	6.2715e-18
13526.5130	2.5275e-17	6.2981e-18
13527.1129	2.5367e-17	6.3125e-18
13527.7129	2.5387e-17	6.3103e-18
13528.3128	2.5460e-17	6.3037e-18
13528.9128	2.5362e-17	6.3010e-18
13529.5127	2.5499e-17	6.2507e-18
13530.1127	2.5634e-17	6.1643e-18
13530.7127	2.5764e-17	6.1522e-18
13531.3126	2.5896e-17	6.1688e-18
13531.9126	2.6007e-17	6.2172e-18
13532.5125	2.6120e-17	6.2732e-18
13533.1125	2.6228e-17	6.3405e-18
13533.7125	2.6333e-17	6.4169e-18
13534.3124	2.6431e-17	6.4998e-18
13534.9124	2.6525e-17	6.4910e-18
13535.5123	2.6613e-17	6.4926e-18
13536.1123	2.6695e-17	6.5102e-18
13536.7122	2.6789e-17	6.5093e-18
13537.3122	2.6879e-17	6.4149e-18
13537.9122	2.7003e-17	6.2495e-18
13538.5121	2.6790e-17	6.2399e-18
13539.1121	2.6577e-17	6.2450e-18
13539.7120	2.6508e-17	6.2628e-18
13540.3120	2.6430e-17	6.2349e-18
13540.9120	2.6342e-17	6.0044e-18
13541.5119	2.6263e-17	5.9680e-18
13542.1119	2.6172e-17	5.9705e-18
13542.7118	2.6104e-17	5.9693e-18
13543.3118	2.6031e-17	5.9720e-18
13543.9117	2.5979e-17	5.9763e-18
13545.1117	2.5942e-17	5.9812e-18
13546.3116	2.5930e-17	5.9805e-18
13546.9115	2.5840e-17	5.9873e-18
13547.5115	2.5729e-17	5.9871e-18
13548.1115	2.5725e-17	5.9942e-18
13548.7114	2.5713e-17	6.0153e-18
13549.3114	2.5649e-17	5.9229e-18
13549.9113	2.5635e-17	6.0148e-18
13550.5113	2.5655e-17	6.0743e-18
13551.1112	2.5615e-17	6.7661e-18
13551.7112	2.5524e-17	7.2029e-18
13552.3112	2.5355e-17	7.3066e-18
13552.9111	2.5513e-17	7.2415e-18
13553.5111	2.5486e-17	7.2372e-18
13554.1110	2.5576e-17	7.1183e-18
13554.7110	2.5691e-17	7.0068e-18
13555.3110	2.5668e-17	6.9413e-18
13555.9109	2.5648e-17	6.6385e-18
13557.1108	2.5668e-17	6.6151e-18
13557.7108	2.5677e-17	6.8971e-18
13558.3107	2.5673e-17	7.5853e-18
13558.9107	2.5665e-17	7.6295e-18
13559.5107	2.5674e-17	7.7338e-18
13560.1106	2.5662e-17	7.8793e-18
13560.7106	2.5648e-17	7.9211e-18
13561.3105	2.5610e-17	8.0879e-18
13561.9105	2.5572e-17	8.3847e-18
13562.5105	2.5559e-17	8.3969e-18
13563.1104	2.5583e-17	8.3970e-18
13563.7104	2.5609e-17	8.3974e-18
13564.3203	2.5635e-17	8.3984e-18
13564.9203	2.5665e-17	8.3990e-18
13565.5202	2.5711e-17	8.3972e-18
13566.1202	2.5790e-17	8.3976e-18
13566.7202	2.5864e-17	8.3739e-18
13567.3201	2.5940e-17	8.0668e-18
13567.9201	2.6009e-17	7.9976e-18
13568.5200	2.6082e-17	7.9506e-18
13569.1200	2.6143e-17	7.9221e-18
13569.7200	2.6295e-17	7.9081e-18
13570.3199	2.6391e-17	7.9040e-18
13570.9199	2.6397e-17	7.9056e-18
13571.5198	2.6537e-17	7.8945e-18
13572.1198	2.6628e-17	7.8673e-18
13572.7197	2.6719e-17	7.8183e-18
13573.3197	2.6812e-17	7.7442e-18
13573.9197	2.6928e-17	7.7003e-18
13574.5196	2.7037e-17	7.7210e-18
13575.1196	2.7141e-17	7.7542e-18
13576.3195	2.7240e-17	7.7057e-18
13576.9194	2.7336e-17	7.6961e-18
13577.5194	2.7427e-17	7.6793e-18
13578.1194	2.7513e-17	7.6877e-18
13578.7193	2.7596e-17	7.6963e-18
13579.3193	2.7674e-17	7.7036e-18
13579.9192	2.7746e-17	7.7121e-18
13580.5192	2.7812e-17	7.7251e-18
13581.1192	2.7871e-17	7.7466e-18
13581.7191	2.7922e-17	7.7626e-18
13582.3191	2.7955e-17	7.7613e-18
13583.5190	2.7978e-17	7.7480e-18
13584.1189	2.8027e-17	7.7713e-18
13584.7189	2.8075e-17	7.7273e-18
13585.3189	2.8120e-17	7.6440e-18
13585.9188	2.8162e-17	7.6393e-18
13586.5188	2.8201e-17	7.6250e-18
13587.1187	2.8277e-17	7.6186e-18
13587.7187	2.8386e-17	7.6759e-18
13588.3187	2.8498e-17	7.7478e-18
13588.9186	2.8588e-17	7.8300e-18
13589.5186	2.8642e-17	7.9364e-18
13590.1185	2.8687e-17	8.0717e-18
13590.7185	2.8741e-17	8.2024e-18
13591.3184	2.8817e-17	8.4156e-18
13591.9184	2.8879e-17	8.4254e-18
13592.5184	2.8922e-17	8.4321e-18
13593.7183	2.8968e-17	8.4274e-18
13595.5182	2.9023e-17	8.5003e-18
13596.1181	2.9094e-17	8.5002e-18
13596.7181	2.9143e-17	8.4824e-18
13597.3180	2.9172e-17	8.4616e-18
13597.9180	2.9203e-17	8.4474e-18
13598.5179	2.9215e-17	8.4737e-18
13599.1179	2.9237e-17	8.4665e-18
13599.7179	2.9310e-17	8.4424e-18
13600.3178	2.9349e-17	8.4579e-18
13600.9178	2.9379e-17	8.7240e-18
13601.5177	2.9441e-17	8.7432e-18
13602.1177	2.9463e-17	8.7352e-18
13602.7177	2.9509e-17	8.3416e-18
13603.3176	2.9465e-17	8.0618e-18
13603.9176	2.9430e-17	7.9897e-18
13604.5175	2.9418e-17	7.9871e-18
13605.1175	2.9429e-17	7.9806e-18
13606.3174	2.9482e-17	8.0943e-18
13608.1173	2.9522e-17	8.0935e-18
13610.5271	2.9576e-17	8.1148e-18
13611.1271	2.9669e-17	8.4315e-18
13611.7270	2.9714e-17	8.7296e-18
13612.3270	2.9680e-17	8.7261e-18
13612.9269	2.9652e-17	8.5472e-18
13614.1269	2.9653e-17	8.8376e-18
13614.7268	2.9736e-17	9.0245e-18
13616.5267	2.9822e-17	9.1767e-18
13617.1267	2.9870e-17	9.4787e-18
13618.3266	2.9884e-17	9.6825e-18
13621.3264	2.9882e-17	9.7611e-18
13621.9263	2.9871e-17	1.0076e-17
13622.5263	2.9825e-17	1.0394e-17
13623.1262	2.9820e-17	1.0702e-17
13623.7262	2.9896e-17	1.1089e-17
13624.3262	3.0000e-17	1.1488e-17
13625.5261	3.0028e-17	1.2103e-17
13626.1260	3.0079e-17	1.2417e-17
13626.7260	3.0130e-17	1.2798e-17
13627.3260	3.0128e-17	1.2798e-17
13627.9259	3.0148e-17	1.2801e-17
13628.5259	3.0248e-17	1.2814e-17
13629.1258	3.0312e-17	1.2823e-17
13629.7258	3.0378e-17	1.2847e-17
13630.3257	3.0432e-17	1.2855e-17
13630.9257	3.0477e-17	1.2869e-17
13631.5257	3.0510e-17	1.2871e-17
13632.1256	3.0525e-17	1.2870e-17
13632.7256	3.0549e-17	1.2875e-17
13633.3255	3.0583e-17	1.2930e-17
13633.9255	3.0592e-17	1.2998e-17
13634.5255	3.0608e-17	1.2881e-17
13635.1254	3.0684e-17	1.2844e-17
13635.7254	3.0679e-17	1.2931e-17
13636.3253	3.0682e-17	1.2927e-17
13636.9253	3.0742e-17	1.2930e-17
13637.5252	3.0739e-17	1.2941e-17
13638.1252	3.0725e-17	1.3094e-17
13638.7252	3.0694e-17	1.3586e-17
13639.3251	3.0722e-17	1.3714e-17
13640.5250	3.0800e-17	1.3754e-17
13641.1250	3.0740e-17	1.3743e-17
13641.7250	3.0790e-17	1.3834e-17
13642.3249	3.0895e-17	1.3811e-17
13643.5248	3.0930e-17	1.3815e-17
13644.1248	3.0941e-17	1.3720e-17
13644.7247	3.0952e-17	1.3664e-17
13645.9247	3.0950e-17	1.3628e-17
13647.1246	3.0927e-17	1.3635e-17
13647.7245	3.0908e-17	1.3660e-17
13648.9245	3.0919e-17	1.3732e-17
13649.5244	3.0965e-17	1.3812e-17
13650.1244	3.1036e-17	1.3914e-17
13650.7243	3.1072e-17	1.4019e-17
13651.3243	3.1088e-17	1.4090e-17
13651.9242	3.1051e-17	1.4127e-17
13653.7241	3.1017e-17	1.4131e-17
13654.3241	3.1066e-17	1.4086e-17
13654.9240	3.1102e-17	1.4119e-17
13655.5340	3.1140e-17	1.4142e-17
13656.1340	3.1206e-17	1.4152e-17
13656.7339	3.1354e-17	1.4099e-17
13657.3339	3.1442e-17	1.4093e-17
13657.9338	3.1519e-17	1.4099e-17
13658.5338	3.1585e-17	1.4103e-17
13659.1337	3.1637e-17	1.4120e-17
13659.7337	3.1677e-17	1.4146e-17
13660.3337	3.1695e-17	1.4142e-17
13660.9336	3.1689e-17	1.4241e-17
13661.5336	3.1656e-17	1.4254e-17
13662.1335	3.1586e-17	1.4048e-17
13662.7335	3.1529e-17	1.3914e-17
13663.3335	3.1452e-17	1.3892e-17
13663.9334	3.1368e-17	1.3902e-17
13664.5334	3.1317e-17	1.3909e-17
13665.1333	3.1341e-17	1.3918e-17
13665.7333	3.1322e-17	1.3923e-17
13666.3332	3.1300e-17	1.3927e-17
13666.9332	3.1314e-17	1.3891e-17
13667.5332	3.1287e-17	1.3882e-17
13668.1331	3.1241e-17	1.3873e-17
13668.7331	3.1190e-17	1.3597e-17
13669.3330	3.1148e-17	1.3461e-17
13669.9330	3.1136e-17	1.3314e-17
13670.5330	3.1105e-17	1.3157e-17
13671.1329	3.1063e-17	1.2979e-17
13671.7329	3.1014e-17	1.2791e-17
13672.3328	3.0957e-17	1.2591e-17
13672.9328	3.0893e-17	1.2352e-17
13674.7327	3.0820e-17	1.2083e-17
13675.3326	3.0795e-17	1.1792e-17
13676.5325	3.0770e-17	1.1466e-17
13677.1325	3.0789e-17	1.1116e-17
13678.3324	3.0790e-17	1.0739e-17
13679.5323	3.0780e-17	1.0233e-17
13680.7322	3.0755e-17	9.6481e-18
13681.3322	3.0684e-17	8.6226e-18
13681.9322	3.0649e-17	8.3690e-18
13684.9320	3.0576e-17	7.9841e-18
13686.1319	3.0506e-17	7.9969e-18
13686.7318	3.0433e-17	8.0167e-18
13687.3318	3.0333e-17	8.0357e-18
13687.9318	3.0260e-17	8.0544e-18
13688.5317	3.0167e-17	8.0626e-18
13689.1317	3.0091e-17	8.0790e-18
13689.7316	3.0038e-17	8.0906e-18
13690.3316	2.9986e-17	8.1048e-18
13690.9315	2.9910e-17	8.1126e-18
13691.5315	2.9844e-17	8.0836e-18
13692.1315	2.9789e-17	8.0516e-18
13692.7314	2.9728e-17	7.9436e-18
13693.3314	2.9697e-17	7.9297e-18
13693.9313	2.9676e-17	7.9312e-18
13694.5313	2.9551e-17	7.8452e-18
13695.1313	2.9529e-17	7.9490e-18
13695.7312	2.9611e-17	7.9276e-18
13696.3312	2.9673e-17	7.9858e-18
13696.9311	2.9672e-17	7.7826e-18
13698.1310	2.9580e-17	6.9897e-18
13698.7310	2.9493e-17	6.6296e-18
13699.9309	2.9422e-17	6.5482e-18
13700.5309	2.9339e-17	6.4709e-18
13701.1308	2.9240e-17	6.1541e-18
13701.7408	2.9130e-17	6.1619e-18
13702.3408	2.9074e-17	6.1466e-18
13702.9407	2.8908e-17	6.1546e-18
13703.5407	2.8999e-17	6.3482e-18
13704.1406	2.8997e-17	6.4859e-18
13704.7406	2.8787e-17	6.4810e-18
13705.3405	2.8813e-17	6.5076e-18
13705.9405	2.8936e-17	6.4963e-18
13706.5405	2.8950e-17	6.4079e-18
13707.1404	2.9150e-17	6.2137e-18
13708.9403	2.9242e-17	5.9644e-18
13709.5403	2.9286e-17	5.7551e-18
13711.9401	2.9317e-17	5.6112e-18
13712.5400	2.9295e-17	5.4973e-18
13713.1400	2.9256e-17	5.3334e-18
13713.7400	2.9193e-17	5.1755e-18
13714.3399	2.9096e-17	5.0919e-18
13714.9399	2.8979e-17	5.1234e-18
13715.5398	2.8844e-17	5.1105e-18
13716.1398	2.8702e-17	5.1680e-18
13716.7398	2.8555e-17	5.4617e-18
13717.3397	2.8421e-17	5.4565e-18
13717.9397	2.8312e-17	5.4082e-18
13718.5396	2.8115e-17	5.3344e-18
13721.5394	2.7941e-17	5.3418e-18
13722.1394	2.7783e-17	5.0132e-18
13722.7393	2.7636e-17	4.9539e-18
13723.3393	2.7499e-17	4.9528e-18
13723.9393	2.7366e-17	4.9525e-18
13724.5392	2.7303e-17	4.9540e-18
13725.1392	2.7291e-17	4.9306e-18
13725.7391	2.7254e-17	4.9155e-18
13726.3391	2.7215e-17	4.9109e-18
13726.9391	2.7188e-17	4.9134e-18
13727.5390	2.7173e-17	4.9033e-18
13728.1390	2.7151e-17	4.9074e-18
13728.7389	2.7081e-17	4.9184e-18
13729.3389	2.7044e-17	4.9188e-18
13729.9388	2.7024e-17	4.9189e-18
13730.5388	2.7037e-17	4.9204e-18
13731.1388	2.7131e-17	4.9248e-18
13731.7387	2.7219e-17	4.9348e-18
13732.3387	2.7303e-17	4.9483e-18
13732.9386	2.7382e-17	4.9503e-18
13733.5386	2.7479e-17	4.9423e-18
13734.1386	2.7546e-17	4.9944e-18
13734.7385	2.7594e-17	5.0599e-18
13735.3385	2.7617e-17	5.1375e-18
13735.9384	2.7631e-17	5.2263e-18
13736.5384	2.7627e-17	5.3248e-18
13737.1383	2.7582e-17	5.3429e-18
13737.7383	2.7524e-17	5.3293e-18
13738.3383	2.7538e-17	5.3410e-18
13738.9382	2.7529e-17	5.3352e-18
13739.5382	2.7539e-17	5.3257e-18
13740.1381	2.7540e-17	5.4141e-18
13740.7381	2.7479e-17	5.4876e-18
13741.3381	2.7502e-17	5.5208e-18
13741.9380	2.7426e-17	5.5462e-18
13742.5380	2.7504e-17	5.5664e-18
13743.1379	2.7608e-17	5.5819e-18
13743.7379	2.7727e-17	5.5930e-18
13744.3378	2.7868e-17	5.5999e-18
13744.9378	2.8000e-17	5.6034e-18
13745.5378	2.8099e-17	5.6038e-18
13746.1377	2.8173e-17	5.6035e-18
13746.7377	2.8211e-17	5.6021e-18
13747.3476	2.8267e-17	5.6003e-18
13747.9476	2.8346e-17	5.5985e-18
13748.5476	2.8620e-17	5.6053e-18
13749.1475	2.8865e-17	5.6640e-18
13749.7475	2.9096e-17	5.5576e-18
13750.3474	2.9306e-17	5.5347e-18
13750.9474	2.9531e-17	5.4561e-18
13751.5473	2.9713e-17	5.5088e-18
13752.1473	2.9890e-17	5.5369e-18
13752.7473	3.0068e-17	5.5234e-18
13753.3472	3.0201e-17	5.5067e-18
13753.9472	3.0364e-17	5.4708e-18
13754.5471	3.0469e-17	5.3814e-18
13755.1471	3.0734e-17	5.3961e-18
13755.7471	3.0799e-17	5.3663e-18
13756.3470	3.0906e-17	5.3831e-18
13756.9470	3.0981e-17	5.1614e-18
13757.5469	3.1047e-17	4.9717e-18
13758.1469	3.1066e-17	4.9463e-18
13758.7469	3.1066e-17	4.8618e-18
13759.3468	3.1039e-17	4.7387e-18
13759.9468	3.0996e-17	4.6766e-18
13760.5467	3.0941e-17	4.6718e-18
13761.1467	3.0869e-17	4.6802e-18
13761.7466	3.0777e-17	4.6875e-18
13762.3466	3.0671e-17	4.6589e-18
13762.9466	3.0530e-17	4.6297e-18
13763.5465	3.0366e-17	4.6566e-18
13764.1465	3.0142e-17	4.6858e-18
13764.7464	3.0250e-17	4.6729e-18
13765.3464	3.0387e-17	4.5290e-18
13765.9464	3.0374e-17	4.4256e-18
13766.5463	3.0372e-17	4.3585e-18
13767.1463	3.0384e-17	4.0415e-18
13767.7462	3.0469e-17	4.0668e-18
13768.3462	3.0554e-17	4.0176e-18
13768.9461	3.0632e-17	4.0226e-18
13770.1461	3.0719e-17	3.9930e-18
13770.7460	3.0787e-17	3.9685e-18
13771.3460	3.0834e-17	3.9628e-18
13771.9459	3.0829e-17	3.9473e-18
13772.5459	3.0881e-17	3.9474e-18
13773.1459	3.0982e-17	3.9889e-18
13773.7458	3.0986e-17	4.0362e-18
13774.3458	3.1021e-17	4.0657e-18
13774.9457	3.1136e-17	4.0880e-18
13775.5457	3.1167e-17	4.1036e-18
13776.1457	3.1132e-17	4.1062e-18
13776.7456	3.1170e-17	4.0737e-18
13777.3456	3.1286e-17	4.0757e-18
13777.9455	3.1481e-17	4.0771e-18
13778.5455	3.1400e-17	4.0840e-18
13779.1454	3.1494e-17	4.0977e-18
13779.7454	3.1470e-17	4.1160e-18
13780.3454	3.1366e-17	4.1367e-18
13780.9453	3.1295e-17	4.1579e-18
13781.5453	3.1265e-17	4.1717e-18
13782.1452	3.1194e-17	4.1615e-18
13782.7452	3.1142e-17	4.1345e-18
13783.3452	3.1108e-17	4.0953e-18
13783.9451	3.1091e-17	4.0480e-18
13784.5451	3.1092e-17	4.3151e-18
13785.1450	3.1125e-17	5.3922e-18
13786.9449	3.1185e-17	6.2642e-18
13787.5449	3.1277e-17	6.2699e-18
13788.1448	3.1387e-17	7.0505e-18
13788.7448	3.1501e-17	7.6794e-18
13789.3447	3.1619e-17	8.1817e-18
13789.9447	3.1739e-17	8.5109e-18
13790.5447	3.1850e-17	8.6639e-18
13791.1446	3.1935e-17	8.8195e-18
13791.7446	3.1969e-17	8.9081e-18
13792.3445	3.2014e-17	8.9295e-18
13792.9545	3.2113e-17	8.9293e-18
13793.5544	3.2164e-17	8.9252e-18
13794.1544	3.2213e-17	8.9261e-18
13794.7544	3.2300e-17	8.9354e-18
13795.3543	3.2418e-17	8.9388e-18
13795.9543	3.2420e-17	8.9401e-18
13796.5542	3.2448e-17	9.0968e-18
13797.1542	3.2596e-17	9.2043e-18
13797.7542	3.2625e-17	9.2881e-18
13798.3541	3.2627e-17	9.3439e-18
13798.9541	3.2620e-17	9.3471e-18
13799.5540	3.2625e-17	9.3729e-18
13800.1540	3.2655e-17	9.3823e-18
13800.7540	3.2693e-17	9.3888e-18
13801.9539	3.2722e-17	9.3528e-18
13803.1538	3.2742e-17	9.3199e-18
13807.9535	3.2754e-17	9.3167e-18
13810.3533	3.2758e-17	9.3181e-18
13810.9532	3.2754e-17	9.3181e-18
13811.5532	3.2744e-17	9.3589e-18
13812.1532	3.2728e-17	9.3275e-18
13812.7531	3.2708e-17	9.2888e-18
13813.3531	3.2685e-17	9.2577e-18
13813.9530	3.2659e-17	9.3314e-18
13814.5530	3.2634e-17	9.3755e-18
13815.1530	3.2620e-17	9.4007e-18
13815.7529	3.2530e-17	9.4120e-18
13816.3529	3.2470e-17	9.4146e-18
13817.5528	3.2414e-17	9.4155e-18
13818.1528	3.2353e-17	9.4341e-18
13818.7527	3.2295e-17	9.4677e-18
13819.9526	3.2237e-17	9.5190e-18
13820.5526	3.2181e-17	9.5919e-18
13821.1525	3.2123e-17	9.6895e-18
13821.7525	3.2080e-17	9.8146e-18
13823.5524	3.2027e-17	9.8080e-18
13824.1523	3.1922e-17	9.8026e-18
13825.3523	3.1791e-17	9.7848e-18
13827.1521	3.1702e-17	9.7833e-18
13828.3520	3.1659e-17	9.7874e-18
13829.5520	3.1629e-17	9.8923e-18
13830.1519	3.1563e-17	1.0155e-17
13830.7519	3.1467e-17	1.0163e-17
13831.3518	3.1330e-17	1.0196e-17
13831.9518	3.1202e-17	1.0193e-17
13832.5518	3.1144e-17	1.0196e-17
13833.7517	3.1083e-17	1.0196e-17
13834.3516	3.0969e-17	1.0194e-17
13834.9516	3.0816e-17	1.0194e-17
13835.5516	3.0719e-17	1.0243e-17
13836.1515	3.0659e-17	1.0297e-17
13836.7515	3.0613e-17	1.0420e-17
13837.3514	3.0512e-17	1.0420e-17
13837.9514	3.0347e-17	1.0418e-17
13839.7613	3.0205e-17	1.0448e-17
13840.3612	3.0045e-17	1.0481e-17
13840.9612	2.9939e-17	1.0539e-17
13841.5611	2.9817e-17	1.0554e-17
13842.1611	2.9730e-17	1.0570e-17
13842.7611	2.9649e-17	1.0567e-17
13843.3610	2.9510e-17	1.0579e-17
13843.9610	2.9348e-17	1.0560e-17
13844.5609	2.9206e-17	1.0543e-17
13845.1609	2.9049e-17	1.0541e-17
13845.7608	2.8958e-17	1.0529e-17
13846.3608	2.8947e-17	1.0575e-17
13846.9608	2.8973e-17	1.0586e-17
13848.1607	2.8967e-17	1.0609e-17
13849.3606	2.8896e-17	1.0424e-17
13849.9606	2.8820e-17	9.9609e-18
13850.5605	2.8762e-17	9.4976e-18
13851.1605	2.8733e-17	9.5072e-18
13851.7604	2.8722e-17	8.9646e-18
13852.3604	2.8727e-17	8.4432e-18
13852.9604	2.8747e-17	7.9515e-18
13853.5603	2.8767e-17	7.4855e-18
13854.1603	2.8747e-17	7.1883e-18
13854.7602	2.8717e-17	6.9265e-18
13855.3602	2.8659e-17	6.7547e-18
13855.9601	2.8558e-17	6.7002e-18
13856.5601	2.8463e-17	6.7000e-18
13857.1601	2.8459e-17	6.7340e-18
13857.7600	2.8500e-17	6.7785e-18
13858.3600	2.8422e-17	6.8285e-18
13858.9599	2.8327e-17	6.8639e-18
13859.5599	2.8224e-17	6.8549e-18
13860.1599	2.8139e-17	6.7664e-18
13860.7598	2.8011e-17	6.7293e-18
13861.3598	2.7888e-17	6.7141e-18
13861.9597	2.7813e-17	6.7075e-18
13862.5597	2.7712e-17	6.6795e-18
13863.1597	2.7640e-17	6.6569e-18
13863.7596	2.7580e-17	6.6470e-18
13864.3596	2.7512e-17	6.6474e-18
13864.9595	2.7449e-17	6.6875e-18
13865.5595	2.7388e-17	6.7407e-18
13866.1594	2.7301e-17	6.7454e-18
13866.7594	2.7204e-17	6.7336e-18
13867.3594	2.7148e-17	6.7392e-18
13867.9593	2.7064e-17	6.7029e-18
13868.5593	2.6974e-17	6.6950e-18
13869.1592	2.6874e-17	6.7131e-18
13869.7592	2.6758e-17	6.7566e-18
13870.3592	2.6653e-17	6.6718e-18
13870.9591	2.6583e-17	6.5954e-18
13871.5591	2.6558e-17	6.6941e-18
13872.1590	2.6520e-17	6.7583e-18
13872.7590	2.6551e-17	6.8473e-18
13873.3589	2.6554e-17	6.9305e-18
13873.9589	2.6504e-17	6.9873e-18
13874.5589	2.6455e-17	7.0133e-18
13875.1588	2.6388e-17	7.0075e-18
13875.7588	2.6369e-17	6.9670e-18
13877.5587	2.6296e-17	6.8820e-18
13878.1586	2.6193e-17	6.7547e-18
13879.3585	2.6101e-17	6.7601e-18
13879.9585	2.6018e-17	6.7746e-18
13880.5585	2.5969e-17	6.7909e-18
13881.1584	2.5967e-17	6.8169e-18
13881.7584	2.5904e-17	6.8375e-18
13882.3583	2.5851e-17	6.7099e-18
13882.9583	2.5786e-17	6.3143e-18
13883.5582	2.5694e-17	6.3068e-18
13884.1582	2.5585e-17	6.2594e-18
13884.7682	2.5617e-17	6.2560e-18
13885.3681	2.5614e-17	6.2460e-18
13885.9681	2.5449e-17	6.2688e-18
13886.5680	2.5336e-17	6.3463e-18
13887.1680	2.5346e-17	6.3776e-18
13887.7680	2.5309e-17	6.3082e-18
13888.3679	2.5252e-17	6.2615e-18
13888.9679	2.5138e-17	6.1457e-18
13889.5678	2.5085e-17	6.1433e-18
13890.1678	2.5029e-17	6.1546e-18
13890.7678	2.4998e-17	6.0999e-18
13891.3677	2.4977e-17	6.1316e-18
13891.9677	2.4999e-17	6.1739e-18
13892.5676	2.5045e-17	6.2667e-18
13893.1676	2.5077e-17	6.3304e-18
13893.7675	2.5191e-17	6.4083e-18
13894.3675	2.5297e-17	6.4404e-18
13894.9675	2.5442e-17	6.5012e-18
13895.5674	2.5609e-17	6.5455e-18
13896.1674	2.5782e-17	6.5451e-18
13896.7673	2.5742e-17	6.5692e-18
13897.3673	2.5752e-17	6.5042e-18
13897.9673	2.5801e-17	6.4827e-18
13898.5672	2.5820e-17	6.4457e-18
13899.1672	2.5788e-17	6.4521e-18
13899.7671	2.5649e-17	6.6148e-18
13900.3671	2.5557e-17	6.6155e-18
13900.9670	2.5537e-17	6.6098e-18
13902.1670	2.5521e-17	6.6032e-18
13903.3669	2.5478e-17	6.5862e-18
13903.9668	2.5451e-17	6.5541e-18
13904.5668	2.5399e-17	6.5141e-18
13905.1668	2.5311e-17	6.4638e-18
13905.7667	2.5332e-17	6.4317e-18
13906.3667	2.5429e-17	6.3756e-18
13906.9666	2.5368e-17	6.3178e-18
13907.5666	2.5358e-17	6.3190e-18
13908.1666	2.5386e-17	6.2252e-18
13908.7665	2.5438e-17	6.1437e-18
13909.3665	2.5520e-17	6.0869e-18
13909.9664	2.5586e-17	6.0899e-18
13910.5664	2.5668e-17	6.0947e-18
13911.1663	2.5734e-17	6.1828e-18
13911.7663	2.5808e-17	6.2396e-18
13912.3663	2.5901e-17	6.2369e-18
13912.9662	2.5968e-17	6.2367e-18
13913.5662	2.6066e-17	6.2770e-18
13914.1661	2.6129e-17	6.4528e-18
13914.7661	2.6244e-17	6.4761e-18
13915.3661	2.6276e-17	6.4775e-18
13915.9660	2.6342e-17	6.4752e-18
13916.5660	2.6374e-17	6.4740e-18
13917.1659	2.6412e-17	6.5293e-18
13917.7659	2.6459e-17	6.5920e-18
13918.3659	2.6535e-17	6.6570e-18
13918.9658	2.6613e-17	6.7180e-18
13920.7657	2.6728e-17	6.7899e-18
13921.3656	2.6833e-17	6.8496e-18
13923.1655	2.6949e-17	6.8975e-18
13923.7655	2.7062e-17	6.9481e-18
13924.3654	2.7183e-17	7.0266e-18
13924.9654	2.7364e-17	6.9619e-18
13925.5654	2.7530e-17	6.9582e-18
13926.1653	2.7643e-17	6.9524e-18
13926.7653	2.7796e-17	6.9412e-18
13927.3652	2.7935e-17	6.8714e-18
13927.9652	2.8226e-17	6.8158e-18
13928.5652	2.8199e-17	6.7750e-18
13929.1651	2.8200e-17	6.7498e-18
13929.7651	2.8372e-17	6.7505e-18
13930.3750	2.8204e-17	6.7686e-18
13930.9750	2.8044e-17	6.8005e-18
13931.5749	2.7963e-17	6.8243e-18
13932.1749	2.7884e-17	6.8366e-18
13932.7749	2.7827e-17	6.8355e-18
13933.3748	2.7774e-17	6.8396e-18
13933.9748	2.7735e-17	6.8594e-18
13934.5747	2.7722e-17	6.8292e-18
13935.1747	2.7728e-17	6.8200e-18
13935.7747	2.7754e-17	6.8010e-18
13936.3746	2.7790e-17	6.7997e-18
13936.9746	2.7838e-17	6.7969e-18
13937.5745	2.7878e-17	6.7878e-18
13938.1745	2.7897e-17	6.7304e-18
13938.7745	2.8055e-17	6.7102e-18
13939.3744	2.8182e-17	6.7097e-18
13939.9744	2.8295e-17	6.7151e-18
13940.5743	2.8395e-17	6.6663e-18
13942.3742	2.8473e-17	6.6642e-18
13942.9742	2.8594e-17	6.6687e-18
13943.5741	2.8709e-17	6.6685e-18
13944.1741	2.8836e-17	6.5847e-18
13944.7740	2.8925e-17	6.4423e-18
13945.3740	2.8984e-17	6.3051e-18
13945.9740	2.9029e-17	6.1736e-18
13946.5739	2.9047e-17	6.0488e-18
13947.1739	2.9108e-17	5.9342e-18
13947.7738	2.9241e-17	5.8552e-18
13949.5737	2.9362e-17	5.7739e-18
13950.1737	2.9473e-17	5.7164e-18
13950.7736	2.9588e-17	5.6682e-18
13951.3736	2.9618e-17	5.6571e-18
13951.9735	2.9640e-17	5.6466e-18
13952.5735	2.9656e-17	5.6153e-18
13954.9733	2.9668e-17	5.6487e-18
13955.5733	2.9678e-17	5.5280e-18
13956.1733	2.9698e-17	5.7901e-18
13956.7732	2.9722e-17	5.8941e-18
13957.3732	2.9733e-17	5.8909e-18
13957.9731	2.9752e-17	5.8943e-18
13958.5731	2.9781e-17	5.9460e-18
13959.1730	2.9813e-17	5.9719e-18
13959.7730	2.9858e-17	5.9605e-18
13960.3730	2.9841e-17	5.9029e-18
13961.5729	2.9925e-17	5.8660e-18
13962.1728	3.0006e-17	5.8735e-18
13965.1726	3.0075e-17	5.8813e-18
13965.7726	3.0197e-17	5.8818e-18
13966.3726	3.0364e-17	5.8178e-18
13966.9725	3.0556e-17	5.7019e-18
13967.5725	3.0663e-17	5.6714e-18
13968.1724	3.0810e-17	5.6767e-18
13968.7724	3.0925e-17	5.6723e-18
13969.3723	3.0994e-17	5.9986e-18
13969.9723	3.1061e-17	6.1265e-18
13970.5723	3.1090e-17	6.3432e-18
13971.1722	3.1134e-17	6.4052e-18
13971.7722	3.1224e-17	6.4186e-18
13972.3721	3.1261e-17	6.4244e-18
13972.9721	3.1359e-17	6.4124e-18
13973.5721	3.1493e-17	6.5593e-18
13974.1720	3.1646e-17	6.6308e-18
13974.7720	3.1652e-17	6.6477e-18
13975.3719	3.1641e-17	6.6350e-18
13975.9819	3.1603e-17	6.6021e-18
13976.5819	3.1609e-17	6.5581e-18
13977.1818	3.1590e-17	6.5257e-18
13977.7818	3.1695e-17	6.5071e-18
13978.3817	3.1703e-17	6.8933e-18
13978.9817	3.1684e-17	7.3076e-18
13979.5816	3.1616e-17	7.7590e-18
13980.1816	3.1721e-17	8.2440e-18
13980.7816	3.1769e-17	8.7606e-18
13981.3815	3.1702e-17	8.6530e-18
13981.9815	3.1694e-17	8.5952e-18
13982.5814	3.1712e-17	8.6956e-18
13983.1814	3.1756e-17	8.7306e-18
13983.7814	3.1745e-17	8.7260e-18
13984.3813	3.1714e-17	9.0222e-18
13984.9813	3.1728e-17	9.1503e-18
13985.5812	3.1830e-17	9.1472e-18
13986.1812	3.2001e-17	9.1345e-18
13986.7812	3.2073e-17	9.1406e-18
13987.3811	3.2036e-17	9.1321e-18
13987.9811	3.2051e-17	9.1546e-18
13988.5810	3.2157e-17	9.2731e-18
13989.1810	3.2119e-17	9.2798e-18
13989.7809	3.2187e-17	9.3536e-18
13990.3809	3.2241e-17	9.5772e-18
13990.9809	3.2257e-17	9.6213e-18
13991.5808	3.2340e-17	9.6359e-18
13992.1808	3.2432e-17	9.6365e-18
13992.7807	3.2456e-17	9.6371e-18
13993.9807	3.2490e-17	9.6397e-18
13994.5806	3.2501e-17	9.6465e-18
13995.1806	3.2470e-17	9.6573e-18
13995.7805	3.2433e-17	9.6265e-18
13996.3805	3.2410e-17	9.6139e-18
13996.9805	3.2434e-17	9.6194e-18
13997.5804	3.2450e-17	9.6199e-18
13998.7803	3.2398e-17	9.6215e-18
13999.3803	3.2380e-17	9.6999e-18
13999.9803	3.2358e-17	9.7110e-18
14000.5802	3.2288e-17	9.7108e-18
14001.1802	3.2219e-17	9.7312e-18
14002.3801	3.2171e-17	9.7516e-18
14002.9800	3.2129e-17	9.7695e-18
14007.1798	3.2091e-17	9.7687e-18
14007.7797	3.2064e-17	9.7832e-18
14008.3797	3.2016e-17	9.7829e-18
14008.9796	3.1950e-17	9.7830e-18
14009.5796	3.1871e-17	9.7543e-18
14010.1796	3.1800e-17	9.7375e-18
14010.7795	3.1840e-17	9.7505e-18
14011.3795	3.1871e-17	9.7490e-18
14013.1793	3.1909e-17	9.7547e-18
14014.3793	3.1943e-17	9.6358e-18
14014.9792	3.1974e-17	9.5896e-18
14015.5792	3.2001e-17	9.5926e-18
14016.1791	3.2024e-17	9.6686e-18
14016.7791	3.2041e-17	9.6227e-18
14017.3791	3.2045e-17	9.6521e-18
14017.9790	3.2027e-17	9.7585e-18
14018.5790	3.2015e-17	9.9661e-18
14019.1789	3.2001e-17	1.0160e-17
14019.7789	3.1989e-17	1.0154e-17
14020.3789	3.1969e-17	1.0109e-17
14020.9788	3.1928e-17	1.0115e-17
14021.5788	3.1942e-17	1.0124e-17
14022.1887	3.1991e-17	1.0127e-17
14022.7887	3.2006e-17	1.0135e-17
14023.3886	3.1978e-17	1.0132e-17
14023.9886	3.1995e-17	1.0098e-17
14024.5886	3.2015e-17	9.9293e-18
14025.1885	3.1994e-17	9.8484e-18
14025.7885	3.1949e-17	9.6603e-18
14026.3884	3.1920e-17	9.5950e-18
14026.9884	3.1908e-17	9.5416e-18
14027.5884	3.1867e-17	9.5403e-18
14028.1883	3.1803e-17	9.5384e-18
14028.7883	3.1805e-17	9.3823e-18
14029.3882	3.1815e-17	9.3221e-18
14029.9882	3.1811e-17	9.2740e-18
14030.5882	3.1728e-17	9.2483e-18
14031.1881	3.1616e-17	9.2581e-18
14031.7881	3.1513e-17	9.2549e-18
14032.3880	3.1432e-17	9.2519e-18
14032.9880	3.1313e-17	9.2399e-18
14033.5879	3.1148e-17	8.9633e-18
14034.1879	3.0975e-17	8.5760e-18
14034.7879	3.0850e-17	8.0811e-18
14035.3878	3.0778e-17	7.4528e-18
14035.9878	3.0695e-17	6.6137e-18
14036.5877	3.0590e-17	6.6899e-18
14037.1877	3.0553e-17	6.6510e-18
14037.7877	3.0431e-17	6.4627e-18
14038.3876	3.0284e-17	6.3721e-18
14038.9876	3.0210e-17	6.3793e-18
14039.5875	3.0127e-17	6.0597e-18
14040.1875	3.0013e-17	5.9221e-18
14040.7875	2.9913e-17	5.9341e-18
14041.3874	2.9848e-17	6.0031e-18
14041.9874	2.9779e-17	6.0874e-18
14043.1873	2.9720e-17	6.2106e-18
14043.7872	2.9615e-17	6.3805e-18
14044.3872	2.9426e-17	6.4769e-18
14044.9872	2.9259e-17	6.6268e-18
14045.5871	2.9175e-17	6.4621e-18
14046.1871	2.9139e-17	6.2259e-18
14046.7870	2.9079e-17	6.2056e-18
14047.3870	2.8984e-17	6.2479e-18
14050.9868	2.8838e-17	6.2956e-18
14051.5867	2.8705e-17	6.2930e-18
14052.1867	2.8574e-17	6.2994e-18
14052.7866	2.8518e-17	6.3136e-18
14053.3866	2.8470e-17	6.3365e-18
14053.9866	2.8346e-17	6.3566e-18
14054.5865	2.8217e-17	6.3354e-18
14055.1865	2.8181e-17	6.3493e-18
14055.7864	2.8186e-17	6.3203e-18
14056.3864	2.8140e-17	6.3228e-18
14056.9863	2.8020e-17	6.3704e-18
14057.5863	2.7900e-17	6.4615e-18
14058.1863	2.7817e-17	6.6180e-18
14058.7862	2.7756e-17	6.8291e-18
14059.3862	2.7710e-17	6.8150e-18
14059.9861	2.7656e-17	6.8164e-18
14060.5861	2.7602e-17	6.8516e-18
14061.1861	2.7563e-17	6.8411e-18
14061.7860	2.7532e-17	6.8576e-18
14062.3860	2.7533e-17	7.1037e-18
14062.9859	2.7512e-17	7.1148e-18
14063.5859	2.7518e-17	7.1800e-18
14064.1859	2.7524e-17	7.5127e-18
14064.7858	2.7550e-17	7.5178e-18
14065.3858	2.7598e-17	7.5071e-18
14065.9857	2.7634e-17	7.5443e-18
14066.5857	2.7640e-17	7.5376e-18
14067.1856	2.7619e-17	7.5780e-18
14068.3956	2.7629e-17	7.5003e-18
14070.1954	2.7629e-17	7.4996e-18
14070.7954	2.7586e-17	7.4920e-18
14071.3954	2.7488e-17	7.3031e-18
14072.5953	2.7415e-17	7.2384e-18
14073.1952	2.7333e-17	7.6061e-18
14073.7952	2.7295e-17	7.6684e-18
14074.3952	2.7228e-17	7.7438e-18
14074.9951	2.7185e-17	7.7415e-18
14075.5951	2.7153e-17	7.8557e-18
14076.1950	2.7149e-17	7.9948e-18
14076.7950	2.7124e-17	7.9963e-18
14077.3949	2.7047e-17	7.9888e-18
14077.9949	2.6983e-17	8.0283e-18
14078.5949	2.6960e-17	8.0293e-18
14079.1948	2.6940e-17	8.0332e-18
14079.7948	2.6927e-17	8.0510e-18
14080.3947	2.6962e-17	8.0710e-18
14080.9947	2.6971e-17	8.0668e-18
14081.5947	2.7023e-17	8.0652e-18
14082.1946	2.7071e-17	8.0663e-18
14082.7946	2.7072e-17	8.0649e-18
14083.3945	2.7097e-17	8.0737e-18
14083.9945	2.7095e-17	8.0691e-18
14084.5945	2.7077e-17	8.1019e-18
14085.1944	2.7068e-17	8.0700e-18
14085.7944	2.7054e-17	8.0762e-18
14086.3943	2.7038e-17	8.0862e-18
14086.9943	2.7018e-17	8.1259e-18
14088.1942	2.6990e-17	8.1292e-18
14088.7942	2.6951e-17	8.1369e-18
14089.3941	2.6924e-17	8.1279e-18
14089.9941	2.6897e-17	8.1048e-18
14091.1940	2.6882e-17	8.0875e-18
14092.3939	2.6847e-17	8.0185e-18
14094.1938	2.6877e-17	7.9693e-18
14094.7938	2.6935e-17	7.9372e-18
14095.3937	2.6912e-17	7.9191e-18
14095.9937	2.6844e-17	7.9111e-18
14096.5936	2.6708e-17	7.9091e-18
14097.1936	2.6658e-17	7.9094e-18
14097.7936	2.6702e-17	7.9017e-18
14098.3935	2.6739e-17	7.8506e-18
14098.9935	2.6784e-17	7.7759e-18
14099.5934	2.6711e-17	7.6731e-18
14100.1934	2.6734e-17	7.4988e-18
14100.7933	2.6749e-17	7.2825e-18
14101.3933	2.6786e-17	7.0738e-18
14101.9933	2.6852e-17	7.0733e-18
14102.5932	2.6936e-17	7.0602e-18
14103.1932	2.6985e-17	7.0497e-18
14103.7931	2.6981e-17	7.0140e-18
14104.3931	2.6987e-17	6.9916e-18
14104.9931	2.7024e-17	6.9991e-18
14105.5930	2.7035e-17	6.9963e-18
14106.1930	2.7086e-17	6.9830e-18
14106.7929	2.7027e-17	6.9577e-18
14107.3929	2.6974e-17	6.9431e-18
14107.9929	2.7106e-17	6.9352e-18
14108.5928	2.7230e-17	6.9214e-18
14109.1928	2.7249e-17	6.9254e-18
14109.7927	2.7298e-17	6.9198e-18
14110.3927	2.7338e-17	6.7149e-18
14110.9927	2.7450e-17	6.6018e-18
14111.5926	2.7529e-17	6.4822e-18
14112.1926	2.7635e-17	6.2871e-18
14112.7925	2.7738e-17	6.2943e-18
14113.4025	2.7834e-17	6.2673e-18
14114.0024	2.7929e-17	6.2148e-18
14114.6024	2.7979e-17	6.2083e-18
14115.2024	2.7996e-17	6.2068e-18
14115.8023	2.7927e-17	5.9585e-18
14116.4023	2.7840e-17	6.0186e-18
14117.0022	2.7725e-17	6.0404e-18
14117.6022	2.7589e-17	5.5691e-18
14118.2022	2.7450e-17	5.5705e-18
14118.8021	2.7500e-17	5.5849e-18
14119.4021	2.7448e-17	5.5078e-18
14120.0020	2.7355e-17	5.6959e-18
14120.6020	2.7293e-17	5.6534e-18
14121.2020	2.7264e-17	5.6473e-18
14121.8019	2.7347e-17	5.7314e-18
14122.4019	2.7420e-17	5.6220e-18
14123.0018	2.7433e-17	5.6661e-18
14123.6018	2.7446e-17	5.5236e-18
14124.2018	2.7482e-17	4.7011e-18
14124.8017	2.7501e-17	4.5956e-18
14125.4017	2.7548e-17	4.4903e-18
14126.0016	2.7638e-17	4.4746e-18
14126.6016	2.7621e-17	4.4239e-18
14127.2015	2.7563e-17	4.2536e-18
14127.8015	2.7675e-17	4.2517e-18
14128.4015	2.7736e-17	4.2516e-18
14129.0014	2.7780e-17	4.1709e-18
14129.6014	2.7806e-17	4.2045e-18
14130.2013	2.7838e-17	4.1889e-18
14130.8013	2.7860e-17	4.1492e-18
14131.4013	2.7888e-17	4.1610e-18
14132.0012	2.7917e-17	4.1238e-18
14132.6012	2.7914e-17	4.1237e-18
14133.2011	2.7879e-17	4.1239e-18
14133.8011	2.7887e-17	4.1205e-18
14134.4011	2.7847e-17	4.0891e-18
14135.0010	2.7819e-17	4.1189e-18
14135.6010	2.7730e-17	4.0811e-18
14136.2009	2.7723e-17	4.0885e-18
14136.8009	2.7684e-17	4.0724e-18
14137.4008	2.7684e-17	4.0618e-18
14138.0008	2.7687e-17	3.9851e-18
14138.6008	2.7691e-17	3.9453e-18
14139.2007	2.7676e-17	3.9337e-18
14139.8007	2.7682e-17	3.9513e-18
14141.0006	2.7664e-17	3.9576e-18
14141.6006	2.7664e-17	3.9625e-18
14142.2005	2.7663e-17	3.9708e-18
14142.8005	2.7675e-17	3.9889e-18
14143.4004	2.7668e-17	3.9882e-18
14144.0004	2.7624e-17	3.9916e-18
14144.6004	2.7587e-17	3.9900e-18
14145.8003	2.7581e-17	3.9974e-18
14146.4002	2.7557e-17	3.9962e-18
14147.0002	2.7509e-17	3.9969e-18
14147.6002	2.7412e-17	4.0010e-18
14148.2001	2.7369e-17	4.0264e-18
14148.8001	2.7298e-17	4.0501e-18
14149.4000	2.7177e-17	4.0471e-18
14150.0000	2.7224e-17	4.1816e-18
14150.5999	2.7281e-17	4.2135e-18
14151.1999	2.7266e-17	4.2795e-18
14151.7999	2.7281e-17	4.2750e-18
14152.3998	2.7290e-17	4.3001e-18
14152.9998	2.7290e-17	4.2979e-18
14153.5997	2.7275e-17	4.2781e-18
14154.1997	2.7252e-17	4.3086e-18
14154.7997	2.7269e-17	4.3136e-18
14155.3996	2.7311e-17	4.3883e-18
14155.9996	2.7322e-17	4.4267e-18
14156.5995	2.7307e-17	4.4224e-18
14157.1995	2.7291e-17	4.4299e-18
14157.7995	2.7292e-17	4.4245e-18
14158.3994	2.7299e-17	4.5133e-18
14159.0094	2.7306e-17	4.5831e-18
14159.6093	2.7310e-17	4.6352e-18
14160.2093	2.7312e-17	4.6716e-18
14160.8093	2.7310e-17	4.6933e-18
14161.4092	2.7294e-17	4.7004e-18
14162.0092	2.7264e-17	4.6955e-18
14162.6091	2.7223e-17	4.7066e-18
14163.2091	2.7211e-17	4.7152e-18
14163.8090	2.7207e-17	4.7169e-18
14164.4090	2.7203e-17	4.6689e-18
14165.0090	2.7200e-17	4.6690e-18
14165.6089	2.7170e-17	4.5870e-18
14166.2089	2.7176e-17	4.4246e-18
14166.8088	2.7161e-17	4.4187e-18
14167.4088	2.7137e-17	4.3769e-18
14168.0088	2.7057e-17	4.3606e-18
14168.6087	2.6988e-17	4.5728e-18
14169.2087	2.6936e-17	4.2976e-18
14169.8086	2.6887e-17	4.3861e-18
14170.4086	2.6857e-17	4.3540e-18
14171.0086	2.6852e-17	4.4036e-18
14171.6085	2.6847e-17	4.5661e-18
14172.2085	2.6847e-17	4.5163e-18
14172.8084	2.6907e-17	4.5296e-18
14173.4084	2.6938e-17	4.5295e-18
14174.0084	2.6960e-17	4.5233e-18
14174.6083	2.7053e-17	4.6261e-18
14175.2083	2.7183e-17	4.6256e-18
14175.8082	2.7299e-17	4.4944e-18
14176.4082	2.7331e-17	4.4005e-18
14177.0081	2.7349e-17	4.3984e-18
14177.6081	2.7340e-17	4.4001e-18
14178.2081	2.7276e-17	4.3946e-18
14178.8080	2.7210e-17	4.3722e-18
14179.4080	2.7232e-17	4.3719e-18
14180.0079	2.7243e-17	4.3779e-18
14180.6079	2.7234e-17	4.4031e-18
14181.2079	2.7226e-17	4.4419e-18
14181.8078	2.7222e-17	4.4412e-18
14182.4078	2.7173e-17	4.4555e-18
14183.0077	2.7180e-17	4.4545e-18
14183.6077	2.7179e-17	4.4361e-18
14184.2077	2.7217e-17	4.4770e-18
14184.8076	2.7317e-17	4.4817e-18
14185.4076	2.7422e-17	4.4763e-18
14186.0075	2.7413e-17	4.4822e-18
14186.6075	2.7359e-17	4.5178e-18
14187.2075	2.7389e-17	4.5173e-18
14187.8074	2.7437e-17	4.5194e-18
14188.4074	2.7500e-17	4.5211e-18
14189.0073	2.7541e-17	4.5267e-18
14189.6073	2.7600e-17	4.5224e-18
14190.2072	2.7537e-17	4.5359e-18
14190.8072	2.7541e-17	4.5309e-18
14191.4072	2.7625e-17	4.5189e-18
14192.0071	2.7780e-17	4.5232e-18
14192.6071	2.7786e-17	4.5221e-18
14193.2070	2.7810e-17	4.5366e-18
14193.8070	2.7894e-17	4.5337e-18
14194.4070	2.7936e-17	4.5322e-18
14195.0069	2.7906e-17	4.5297e-18
14195.6069	2.7880e-17	4.5253e-18
14196.2068	2.7905e-17	4.4961e-18
14196.8068	2.7967e-17	4.4708e-18
14197.4068	2.7995e-17	4.4705e-18
14198.0067	2.7934e-17	4.3489e-18
14198.6067	2.7791e-17	4.3302e-18
14199.2066	2.7739e-17	4.2791e-18
14199.8066	2.7802e-17	4.2875e-18
14200.4066	2.7829e-17	4.2640e-18
14201.0065	2.7767e-17	4.2727e-18
14201.6065	2.7856e-17	4.2823e-18
14202.2064	2.7851e-17	4.2515e-18
14202.8064	2.7864e-17	4.2591e-18
14203.4063	2.7926e-17	4.1890e-18
14204.0063	2.7928e-17	4.1512e-18
14204.6063	2.7926e-17	4.1662e-18
14205.2162	2.7909e-17	4.1721e-18
14205.8162	2.7891e-17	4.1835e-18
14206.4161	2.7861e-17	4.0985e-18
14207.0161	2.7869e-17	4.0230e-18
14207.6161	2.7880e-17	3.9580e-18
14208.2160	2.7895e-17	3.9030e-18
14208.8160	2.7874e-17	3.8583e-18
14209.4159	2.7847e-17	3.8241e-18
14210.0159	2.7859e-17	3.7993e-18
14210.6159	2.7882e-17	3.7815e-18
14211.2158	2.7852e-17	3.7694e-18
14211.8158	2.7864e-17	3.7628e-18
14212.4157	2.7870e-17	3.7600e-18
14213.0157	2.7891e-17	3.7595e-18
14213.6157	2.7902e-17	3.7595e-18
14214.2156	2.7898e-17	3.7585e-18
14214.8156	2.7890e-17	3.7551e-18
14215.4155	2.7883e-17	3.7472e-18
14216.0155	2.7880e-17	3.7320e-18
14216.6155	2.7877e-17	3.4607e-18
14217.2154	2.7876e-17	3.4535e-18
14217.8154	2.7876e-17	3.3675e-18
14218.4153	2.7877e-17	3.3676e-18
14219.0153	2.7880e-17	3.1449e-18
14219.6152	2.7885e-17	2.8746e-18
14220.2152	2.7892e-17	2.8714e-18
14220.8152	2.7910e-17	2.8263e-18
14221.4151	2.7978e-17	2.8193e-18
14222.0151	2.8066e-17	2.8107e-18
14222.6150	2.8151e-17	2.5034e-18
14223.2150	2.8237e-17	2.5037e-18
14223.8150	2.8307e-17	2.5125e-18
14224.4149	2.8365e-17	2.5350e-18
14225.0149	2.8405e-17	2.5529e-18
14225.6148	2.8436e-17	2.5602e-18
14226.2148	2.8486e-17	2.5575e-18
14226.8148	2.8500e-17	2.5045e-18
14227.4147	2.8512e-17	2.5434e-18
14228.0147	2.8543e-17	2.6242e-18
14228.6146	2.8556e-17	2.4608e-18
14229.2146	2.8565e-17	2.4317e-18
14229.8146	2.8572e-17	2.4301e-18
14230.4145	2.8576e-17	2.4565e-18
14231.0145	2.8576e-17	2.5428e-18
14231.6144	2.8572e-17	2.5386e-18
14232.2144	2.8563e-17	2.5105e-18
14232.8143	2.8551e-17	2.4844e-18
14233.4143	2.8536e-17	2.4841e-18
14234.0143	2.8516e-17	2.4649e-18
14234.6142	2.8492e-17	2.4660e-18
14235.2142	2.8486e-17	2.4673e-18
14235.8141	2.8500e-17	2.4889e-18
14236.4141	2.8496e-17	2.4896e-18
14237.0141	2.8474e-17	2.4682e-18
14237.6140	2.8434e-17	2.4715e-18
14238.2140	2.8433e-17	2.4499e-18
14238.8139	2.8477e-17	2.5358e-18
14239.4139	2.8541e-17	2.6234e-18
14240.0139	2.8561e-17	2.6293e-18
14240.6138	2.8528e-17	2.6294e-18
14241.2138	2.8500e-17	2.6109e-18
14241.8137	2.8489e-17	2.6603e-18
14242.4137	2.8401e-17	2.6934e-18
14243.0137	2.8389e-17	2.6984e-18
14243.6136	2.8404e-17	2.7145e-18
14244.2136	2.8444e-17	2.7055e-18
14244.8135	2.8443e-17	2.6957e-18
14245.4135	2.8471e-17	2.6997e-18
14246.0135	2.8503e-17	2.6972e-18
14246.6134	2.8483e-17	2.7314e-18
14247.2134	2.8468e-17	2.7381e-18
14247.8133	2.8432e-17	2.8384e-18
14248.4133	2.8413e-17	2.8246e-18
14249.0132	2.8457e-17	2.8511e-18
14249.6132	2.8520e-17	2.8391e-18
14250.2132	2.8553e-17	2.8226e-18
14250.8231	2.8557e-17	2.8392e-18
14251.4231	2.8562e-17	2.8145e-18
14252.0230	2.8495e-17	2.8992e-18
14252.6230	2.8419e-17	3.0008e-18
14253.2230	2.8419e-17	2.9694e-18
14253.8229	2.8463e-17	2.9437e-18
14254.4229	2.8484e-17	2.9184e-18
14255.0228	2.8486e-17	2.9092e-18
14255.6228	2.8474e-17	2.9086e-18
14256.2228	2.8438e-17	2.9669e-18
14256.8227	2.8424e-17	2.9990e-18
14257.4227	2.8345e-17	3.0159e-18
14258.0226	2.8350e-17	3.0151e-18
14258.6226	2.8385e-17	3.0125e-18
14259.2226	2.8342e-17	3.0431e-18
14259.8225	2.8302e-17	3.1620e-18
14260.4225	2.8273e-17	3.1945e-18
14261.0224	2.8188e-17	3.2001e-18
14261.6224	2.8163e-17	3.2124e-18
14262.2223	2.8146e-17	3.2281e-18
14262.8223	2.8136e-17	3.2476e-18
14263.4223	2.8108e-17	3.2708e-18
14264.0222	2.8049e-17	3.2982e-18
14264.6222	2.8043e-17	3.3297e-18
14265.2221	2.8017e-17	3.3654e-18
14265.8221	2.8019e-17	3.3996e-18
14266.4221	2.7994e-17	3.4454e-18
14267.0220	2.7926e-17	3.4946e-18
14267.6220	2.7886e-17	3.5536e-18
14268.2219	2.7865e-17	3.6132e-18
14268.8219	2.7865e-17	3.6093e-18
14269.4219	2.7827e-17	3.6109e-18
14270.0218	2.7787e-17	3.6101e-18
14270.6218	2.7781e-17	3.6084e-18
14271.2217	2.7826e-17	3.6077e-18
14271.8217	2.7845e-17	3.5918e-18
14272.4217	2.7877e-17	3.5790e-18
14273.0216	2.7869e-17	3.5620e-18
14273.6216	2.7892e-17	3.5546e-18
14274.2215	2.7895e-17	3.5543e-18
14274.8215	2.7887e-17	3.5540e-18
14275.4215	2.7846e-17	3.5278e-18
14276.0214	2.7820e-17	3.4659e-18
14276.6214	2.7846e-17	3.4687e-18
14277.2213	2.7861e-17	3.4227e-18
14277.8213	2.7836e-17	3.4264e-18
14278.4212	2.7795e-17	3.3857e-18
14279.0212	2.7760e-17	3.3242e-18
14279.6212	2.7682e-17	3.3088e-18
14280.2211	2.7601e-17	3.2492e-18
14280.8211	2.7520e-17	3.2334e-18
14281.4210	2.7437e-17	3.2328e-18
14282.0210	2.7352e-17	3.2580e-18
14282.6210	2.7270e-17	3.2080e-18
14283.2209	2.7199e-17	3.2167e-18
14283.8209	2.7143e-17	3.2360e-18
14284.4208	2.7074e-17	3.2553e-18
14285.0208	2.7008e-17	3.2576e-18
14285.6208	2.6939e-17	3.2557e-18
14286.2207	2.6867e-17	3.3277e-18
14286.8207	2.6835e-17	3.2582e-18
14287.4206	2.6800e-17	3.1912e-18
14288.0206	2.6768e-17	3.2065e-18
14288.6206	2.6724e-17	3.2342e-18
14289.2205	2.6703e-17	3.2716e-18
14289.8205	2.6755e-17	3.2651e-18
14290.4204	2.6725e-17	3.2860e-18
14291.0204	2.6616e-17	3.3364e-18
14291.6204	2.6552e-17	3.3915e-18
14292.2203	2.6562e-17	3.4695e-18
14292.8203	2.6585e-17	3.5469e-18
14293.4202	2.6560e-17	3.6382e-18
14294.0202	2.6502e-17	3.7390e-18
14294.6201	2.6462e-17	3.7735e-18
14295.2201	2.6451e-17	3.7671e-18
14295.8201	2.6501e-17	3.7338e-18
14296.4300	2.6498e-17	3.7706e-18
14297.0300	2.6511e-17	3.7684e-18
14297.6299	2.6515e-17	3.7849e-18
14298.2299	2.6506e-17	3.7965e-18
14298.8299	2.6495e-17	3.7787e-18
14299.4298	2.6480e-17	3.7828e-18
14300.0298	2.6503e-17	3.6886e-18
14300.6297	2.6517e-17	3.5618e-18
14301.2297	2.6505e-17	3.5609e-18
14301.8297	2.6564e-17	3.5614e-18
14302.4296	2.6611e-17	3.5648e-18
14303.0296	2.6643e-17	3.5653e-18
14303.6295	2.6657e-17	3.5639e-18
14304.2295	2.6638e-17	3.4935e-18
14304.8295	2.6618e-17	3.4480e-18
14305.4294	2.6585e-17	3.4216e-18
14306.0294	2.6564e-17	3.4332e-18
14306.6293	2.6580e-17	3.4436e-18
14307.2293	2.6601e-17	3.4417e-18
14307.8293	2.6646e-17	3.3701e-18
14308.4292	2.6669e-17	3.3631e-18
14309.0292	2.6674e-17	3.3628e-18
14309.6291	2.6660e-17	3.3655e-18
14310.2291	2.6645e-17	3.3645e-18
14310.8290	2.6649e-17	3.3697e-18
14311.4290	2.6679e-17	3.3539e-18
14312.0290	2.6706e-17	3.3280e-18
14312.6289	2.6733e-17	3.2960e-18
14313.2289	2.6768e-17	3.2567e-18
14313.8288	2.6803e-17	3.2094e-18
14314.4288	2.6817e-17	3.1547e-18
14315.0288	2.6837e-17	3.0896e-18
14315.6287	2.6876e-17	3.0107e-18
14316.2287	2.6923e-17	2.9170e-18
14316.8286	2.6963e-17	2.9138e-18
14317.4286	2.7019e-17	2.9049e-18
14318.0286	2.7080e-17	2.9035e-18
14318.6285	2.7119e-17	2.9036e-18
14319.2285	2.7150e-17	2.9034e-18
14319.8284	2.7173e-17	2.9132e-18
14320.4284	2.7191e-17	2.9124e-18
14321.0284	2.7207e-17	2.9169e-18
14321.6283	2.7219e-17	2.9260e-18
14322.2283	2.7229e-17	2.9216e-18
14322.8282	2.7236e-17	2.9154e-18
14323.4282	2.7258e-17	2.9598e-18
14324.0282	2.7277e-17	3.0056e-18
14324.6281	2.7292e-17	3.0140e-18
14325.2281	2.7304e-17	3.0900e-18
14325.8280	2.7312e-17	3.0911e-18
14326.4280	2.7317e-17	3.2271e-18
14327.0279	2.7321e-17	3.2224e-18
14327.6279	2.7325e-17	3.2499e-18
14328.2279	2.7329e-17	3.3134e-18
14329.4278	2.7334e-17	3.3545e-18
14330.6277	2.7339e-17	3.3517e-18
14331.2277	2.7344e-17	3.3233e-18
14331.8276	2.7351e-17	3.3833e-18
14332.4276	2.7359e-17	3.4092e-18
14333.0275	2.7370e-17	3.6119e-18
14333.6275	2.7384e-17	3.7700e-18
14334.2275	2.7400e-17	3.7703e-18
14334.8274	2.7415e-17	3.7766e-18
14335.4274	2.7430e-17	3.7217e-18
14336.0273	2.7443e-17	3.8201e-18
14336.6273	2.7456e-17	3.8133e-18
14337.2273	2.7467e-17	3.8030e-18
14337.8272	2.7478e-17	3.7926e-18
14338.4272	2.7486e-17	3.7741e-18
14339.0271	2.7487e-17	3.7591e-18
14339.6271	2.7491e-17	3.7244e-18
14340.2271	2.7517e-17	3.6806e-18
14340.8270	2.7524e-17	3.6424e-18
14341.4270	2.7528e-17	3.5757e-18
14342.0269	2.7537e-17	3.5435e-18
14342.6369	2.7537e-17	3.4567e-18
14343.2368	2.7554e-17	3.3484e-18
14343.8368	2.7568e-17	3.2675e-18
14344.4368	2.7580e-17	3.2731e-18
14345.0367	2.7581e-17	3.2330e-18
14345.6367	2.7592e-17	3.2066e-18
14346.2366	2.7616e-17	3.1930e-18
14346.8366	2.7634e-17	3.1909e-18
14347.4366	2.7667e-17	3.1998e-18
14348.0365	2.7658e-17	3.2187e-18
14348.6365	2.7661e-17	3.2459e-18
14349.2364	2.7669e-17	3.2800e-18
14349.8364	2.7688e-17	3.3197e-18
14350.4364	2.7731e-17	3.3490e-18
14351.0363	2.7728e-17	3.3676e-18
14351.6363	2.7688e-17	3.3754e-18
14352.2362	2.7679e-17	3.3767e-18
14352.8362	2.7701e-17	3.3728e-18
14353.4362	2.7731e-17	3.3650e-18
14354.0361	2.7749e-17	3.3547e-18
14354.6361	2.7717e-17	3.3419e-18
14355.2360	2.7700e-17	3.3277e-18
14355.8360	2.7694e-17	3.3149e-18
14356.4360	2.7703e-17	3.3049e-18
14357.0359	2.7740e-17	3.3020e-18
14357.6359	2.7750e-17	3.2970e-18
14358.2358	2.7773e-17	3.3032e-18
14358.8358	2.7786e-17	3.2983e-18
14359.4358	2.7799e-17	3.2915e-18
14360.0357	2.7811e-17	3.2696e-18
14360.6357	2.7832e-17	3.2873e-18
14361.2356	2.7876e-17	3.3415e-18
14361.8356	2.7921e-17	3.3400e-18
14362.4355	2.7916e-17	3.3375e-18
14363.0355	2.7915e-17	3.3355e-18
14363.6355	2.7923e-17	3.3607e-18
14364.2354	2.7960e-17	3.3594e-18
14364.8354	2.7993e-17	3.3634e-18
14365.4353	2.8018e-17	3.3715e-18
14366.0353	2.8047e-17	3.4514e-18
14366.6353	2.8065e-17	3.5081e-18
14367.2352	2.8064e-17	3.5516e-18
14367.8352	2.8068e-17	3.5844e-18
14368.4351	2.8085e-17	3.6081e-18
14369.0351	2.8069e-17	3.6241e-18
14369.6351	2.8091e-17	3.6350e-18
14370.2350	2.8139e-17	3.6412e-18
14370.8350	2.8142e-17	3.6414e-18
14371.4349	2.8121e-17	3.6408e-18
14372.0349	2.8113e-17	3.6397e-18
14372.6349	2.8104e-17	3.6132e-18
14373.2348	2.8077e-17	3.5842e-18
14373.8348	2.8063e-17	3.5763e-18
14374.4347	2.8092e-17	3.5183e-18
14375.0347	2.8141e-17	3.5003e-18
14375.6347	2.8141e-17	3.3321e-18
14376.2346	2.8130e-17	3.3310e-18
14376.8346	2.8130e-17	3.3139e-18
14377.4345	2.8123e-17	3.2763e-18
14378.0345	2.8108e-17	3.2828e-18
14378.6345	2.8149e-17	3.2922e-18
14379.2344	2.8194e-17	3.3240e-18
14379.8344	2.8229e-17	3.2469e-18
14380.4343	2.8232e-17	3.2034e-18
14381.0343	2.8238e-17	2.9854e-18
14381.6342	2.8215e-17	2.7617e-18
14382.2342	2.8171e-17	2.7622e-18
14382.8342	2.8148e-17	2.7498e-18
14383.4341	2.8141e-17	2.7562e-18
14384.0341	2.8131e-17	2.5928e-18
14384.6340	2.8120e-17	2.6216e-18
14385.2340	2.8109e-17	2.6283e-18
14385.8340	2.8096e-17	2.6359e-18
14386.4339	2.8083e-17	2.6378e-18
14387.0339	2.8067e-17	2.6203e-18
14387.6338	2.8049e-17	2.6227e-18
14388.2438	2.8029e-17	2.6234e-18
14388.8438	2.8003e-17	2.6025e-18
14389.4437	2.7972e-17	2.6024e-18
14390.0437	2.7939e-17	2.5371e-18
14390.6436	2.7902e-17	2.5282e-18
14391.2436	2.7892e-17	2.5234e-18
14391.8436	2.7871e-17	2.5183e-18
14392.4435	2.7857e-17	2.5129e-18
14393.0435	2.7857e-17	2.5011e-18
14393.6434	2.7849e-17	2.4823e-18
14394.2434	2.7832e-17	2.4574e-18
14394.8434	2.7812e-17	2.4257e-18
14395.4433	2.7807e-17	2.3871e-18
14396.0433	2.7797e-17	2.3406e-18
14396.6432	2.7784e-17	2.2854e-18
14397.2432	2.7762e-17	2.2201e-18
14397.8432	2.7721e-17	2.1426e-18
14398.4431	2.7683e-17	2.0847e-18
14399.0431	2.7668e-17	2.0400e-18
14399.6430	2.7668e-17	2.0076e-18
14400.2430	2.7650e-17	1.9848e-18
14400.8429	2.7626e-17	1.9701e-18
14401.4429	2.7595e-17	1.9620e-18
14402.0429	2.7533e-17	1.9589e-18
14402.6428	2.7497e-17	1.9590e-18
14403.2428	2.7494e-17	1.9607e-18
14403.8427	2.7501e-17	1.9615e-18
14404.4427	2.7465e-17	1.9594e-18
14405.0427	2.7409e-17	1.9490e-18
14405.6426	2.7380e-17	1.9386e-18
14406.2426	2.7351e-17	1.9375e-18
14406.8425	2.7246e-17	1.9291e-18
14407.4425	2.7195e-17	1.9249e-18
14408.0425	2.7182e-17	1.9207e-18
14408.6424	2.7203e-17	1.8970e-18
14409.2424	2.7207e-17	1.8348e-18
14409.8423	2.7199e-17	1.8218e-18
14410.4423	2.7168e-17	1.8210e-18
14411.0423	2.7136e-17	1.8210e-18
14411.6422	2.7105e-17	1.7947e-18
14412.2422	2.7092e-17	1.7953e-18
14412.8421	2.7106e-17	1.7639e-18
14413.4421	2.7122e-17	1.7581e-18
14414.0421	2.7139e-17	1.6397e-18
14414.6420	2.7160e-17	1.5486e-18
14415.2420	2.7183e-17	1.4730e-18
14415.8419	2.7211e-17	1.4119e-18
14416.4419	2.7243e-17	1.3654e-18
14417.0419	2.7269e-17	1.3323e-18
14417.6418	2.7250e-17	1.3107e-18
14418.8417	2.7204e-17	1.2986e-18
14420.0416	2.7159e-17	1.2936e-18
14420.6416	2.7114e-17	1.2926e-18
14421.2416	2.7070e-17	1.2926e-18
14421.8415	2.7027e-17	1.2929e-18
14422.4415	2.6986e-17	1.2931e-18
14423.0414	2.6946e-17	1.2946e-18
14423.6414	2.6910e-17	1.2938e-18
14424.2414	2.6925e-17	1.2938e-18
14424.8413	2.6950e-17	1.2943e-18
14425.4413	2.6981e-17	1.2963e-18
14426.0412	2.7029e-17	1.2694e-18
14426.6412	2.7050e-17	1.2734e-18
14427.2412	2.7065e-17	1.1779e-18
14427.8411	2.7095e-17	1.1752e-18
14428.4411	2.7127e-17	1.0183e-18
14429.0410	2.7165e-17	1.0166e-18
14429.6410	2.7187e-17	1.0207e-18
14430.2410	2.7198e-17	1.0225e-18
14430.8409	2.7210e-17	1.0126e-18
14431.4409	2.7223e-17	1.0109e-18
14432.0408	2.7247e-17	1.0106e-18
14432.6408	2.7263e-17	9.9310e-19
14433.2408	2.7265e-17	9.9908e-19
14433.8507	2.7300e-17	9.3234e-19
14434.4507	2.7336e-17	9.1735e-19
14435.0506	2.7360e-17	8.9047e-19
14435.6506	2.7374e-17	8.7234e-19
14436.2506	2.7391e-17	8.6265e-19
14436.8505	2.7423e-17	8.5993e-19
14437.4505	2.7440e-17	8.6295e-19
14438.0504	2.7440e-17	8.6948e-19
14438.6504	2.7481e-17	8.7789e-19
14439.2504	2.7510e-17	8.8656e-19
14439.8503	2.7540e-17	8.9435e-19
14440.4503	2.7577e-17	8.9955e-19
14441.0502	2.7610e-17	9.0003e-19
14441.6502	2.7633e-17	8.9462e-19
14442.2501	2.7640e-17	8.9987e-19
14442.8501	2.7664e-17	9.1392e-19
14443.4501	2.7666e-17	9.3430e-19
14444.0500	2.7673e-17	9.5353e-19
14444.6500	2.7668e-17	9.6650e-19
14445.2499	2.7669e-17	9.7281e-19
14445.8499	2.7685e-17	9.7189e-19
14446.4499	2.7697e-17	9.6304e-19
14447.0498	2.7680e-17	9.4535e-19
14447.6498	2.7656e-17	9.3730e-19
14448.2497	2.7649e-17	9.2985e-19
14448.8497	2.7589e-17	9.4127e-19
14449.4497	2.7603e-17	9.5553e-19
14450.0496	2.7645e-17	9.5301e-19
14450.6496	2.7618e-17	9.5790e-19
14451.2495	2.7606e-17	9.6234e-19
14451.8495	2.7602e-17	9.6263e-19
14452.4495	2.7599e-17	9.6598e-19
14453.0494	2.7594e-17	9.6656e-19
14453.6494	2.7578e-17	9.7048e-19
14454.2493	2.7488e-17	9.9787e-19
14454.8493	2.7475e-17	1.0000e-18
14455.4493	2.7427e-17	9.9748e-19
14456.0492	2.7393e-17	1.0045e-18
14456.6492	2.7396e-17	1.0444e-18
14457.2491	2.7394e-17	1.0744e-18
14457.8491	2.7382e-17	1.0958e-18
14458.4491	2.7432e-17	1.1108e-18
14459.0490	2.7442e-17	1.1206e-18
14459.6490	2.7436e-17	1.1264e-18
14460.2489	2.7416e-17	1.1294e-18
14460.8489	2.7412e-17	1.1305e-18
14461.4489	2.7418e-17	1.1306e-18
14462.0488	2.7406e-17	1.1241e-18
14462.6488	2.7396e-17	1.1249e-18
14463.2487	2.7363e-17	1.1276e-18
14463.8487	2.7345e-17	1.1287e-18
14464.4486	2.7359e-17	1.1291e-18
14465.0486	2.7358e-17	1.1332e-18
14465.6486	2.7334e-17	1.1390e-18
14466.2485	2.7308e-17	1.1420e-18
14466.8485	2.7281e-17	1.1426e-18
14467.4484	2.7250e-17	1.1429e-18
14468.0484	2.7237e-17	1.1546e-18
14468.6484	2.7230e-17	1.1548e-18
14469.2483	2.7225e-17	1.1621e-18
14469.8483	2.7215e-17	1.1685e-18
14470.4482	2.7198e-17	1.1733e-18
14471.0482	2.7183e-17	1.1740e-18
14471.6482	2.7141e-17	1.1768e-18
14472.2481	2.7098e-17	1.1771e-18
14472.8481	2.7061e-17	1.2268e-18
14473.4480	2.7013e-17	1.2613e-18
14474.0480	2.6981e-17	1.2693e-18
14474.6480	2.6941e-17	1.3466e-18
14475.2479	2.6886e-17	1.3349e-18
14475.8479	2.6823e-17	1.3228e-18
14476.4478	2.6775e-17	1.3043e-18
14477.0478	2.6754e-17	1.3808e-18
14477.6478	2.6724e-17	1.3954e-18
14478.2477	2.6701e-17	1.4705e-18
14478.8477	2.6674e-17	1.6717e-18
14479.4576	2.6661e-17	1.7215e-18
14480.0576	2.6646e-17	1.7214e-18
14480.6576	2.6622e-17	1.7219e-18
14481.2575	2.6577e-17	1.7542e-18
14481.8575	2.6556e-17	1.9892e-18
14482.4574	2.6528e-17	2.0503e-18
14483.0574	2.6501e-17	2.0715e-18
14483.6574	2.6494e-17	2.0942e-18
14484.2573	2.6455e-17	2.1344e-18
14484.8573	2.6410e-17	2.1402e-18
14485.4572	2.6372e-17	2.1741e-18
14486.0572	2.6345e-17	2.2296e-18
14486.6572	2.6307e-17	2.3083e-18
14487.2571	2.6252e-17	2.3354e-18
14487.8571	2.6219e-17	2.3331e-18
14488.4570	2.6217e-17	2.3293e-18
14489.0570	2.6206e-17	2.3259e-18
14489.6569	2.6206e-17	2.3240e-18
14490.2569	2.6201e-17	2.3251e-18
14490.8569	2.6183e-17	2.3302e-18
14491.4568	2.6172e-17	2.3401e-18
14492.0568	2.6146e-17	2.3587e-18
14492.6567	2.6125e-17	2.3874e-18
14493.2567	2.6096e-17	2.4267e-18
14493.8567	2.6068e-17	2.4774e-18
14494.4566	2.6043e-17	2.5398e-18
14495.0566	2.6007e-17	2.6139e-18
14495.6565	2.5971e-17	2.6995e-18
14496.2565	2.5942e-17	2.7967e-18
14496.8565	2.5901e-17	2.9063e-18
14497.4564	2.5853e-17	3.0266e-18
14498.0564	2.5795e-17	3.0255e-18
14498.6563	2.5740e-17	3.0275e-18
14499.2563	2.5671e-17	3.0479e-18
14499.8563	2.5601e-17	3.1111e-18
14500.4562	2.5510e-17	3.1102e-18
14501.0562	2.5455e-17	3.1098e-18
14501.6561	2.5422e-17	3.1186e-18
14502.2561	2.5367e-17	3.1172e-18
14502.8561	2.5306e-17	3.1418e-18
14503.4560	2.5245e-17	3.1426e-18
14504.0560	2.5177e-17	3.1452e-18
14504.6559	2.5119e-17	3.1435e-18
14505.2559	2.5130e-17	3.1453e-18
14505.8559	2.5139e-17	3.1427e-18
14506.4558	2.5142e-17	3.1511e-18
14507.0558	2.5172e-17	3.1544e-18
14507.6557	2.5180e-17	3.1665e-18
14508.2557	2.5212e-17	3.1710e-18
14508.8557	2.5245e-17	3.1738e-18
14509.4556	2.5249e-17	3.1746e-18
14510.0556	2.5232e-17	3.1755e-18
14510.6555	2.5218e-17	3.1989e-18
14511.2555	2.5220e-17	3.1987e-18
14511.8555	2.5227e-17	3.2035e-18
14512.4554	2.5214e-17	3.2602e-18
14513.0554	2.5209e-17	3.2796e-18
14513.6553	2.5205e-17	3.3022e-18
14514.2553	2.5198e-17	3.3554e-18
14514.8553	2.5165e-17	3.3996e-18
14515.4552	2.5146e-17	3.4213e-18
14516.0552	2.5136e-17	3.4154e-18
14516.6551	2.5123e-17	3.4397e-18
14517.2551	2.5111e-17	3.4459e-18
14517.8550	2.5108e-17	3.4458e-18
14518.4550	2.5100e-17	3.4404e-18
14519.0550	2.5087e-17	3.4459e-18
14519.6549	2.5088e-17	3.4553e-18
14520.2549	2.5093e-17	3.4627e-18
14520.8548	2.5079e-17	3.4489e-18
14521.4548	2.5064e-17	3.4403e-18
14522.0548	2.5048e-17	3.4462e-18
14522.6547	2.5024e-17	3.4162e-18
14523.2547	2.5004e-17	3.4081e-18
14523.8546	2.4986e-17	3.4031e-18
14524.4546	2.4976e-17	3.4242e-18
14525.0546	2.4972e-17	3.4048e-18
14525.6645	2.4973e-17	3.4451e-18
14526.2645	2.4968e-17	3.4513e-18
14526.8644	2.4947e-17	3.3447e-18
14527.4644	2.4920e-17	3.3569e-18
14528.0644	2.4917e-17	3.4765e-18
14528.6643	2.4926e-17	3.5511e-18
14529.2643	2.4879e-17	3.5555e-18
14529.8642	2.4831e-17	3.5143e-18
14530.4642	2.4797e-17	3.5028e-18
14531.0642	2.4778e-17	3.4848e-18
14531.6641	2.4772e-17	3.4641e-18
14532.2641	2.4784e-17	3.4383e-18
14532.8640	2.4790e-17	3.4429e-18
14533.4640	2.4775e-17	3.4294e-18
14534.0640	2.4781e-17	3.4028e-18
14534.6639	2.4786e-17	3.3594e-18
14535.2639	2.4800e-17	3.3454e-18
14535.8638	2.4808e-17	3.3464e-18
14536.4638	2.4794e-17	3.3493e-18
14537.0638	2.4779e-17	3.3580e-18
14537.6637	2.4757e-17	3.3670e-18
14538.2637	2.4742e-17	3.3751e-18
14538.8636	2.4728e-17	3.3815e-18
14539.4636	2.4703e-17	3.3852e-18
14540.0636	2.4691e-17	3.3851e-18
14540.6635	2.4685e-17	3.3801e-18
14541.2635	2.4674e-17	3.3712e-18
14541.8634	2.4672e-17	3.3298e-18
14542.4634	2.4664e-17	3.2794e-18
14543.0633	2.4668e-17	3.2230e-18
14543.6633	2.4643e-17	3.1481e-18
14544.2633	2.4654e-17	3.0472e-18
14544.8632	2.4656e-17	2.9354e-18
14545.4632	2.4663e-17	2.7661e-18
14546.0631	2.4672e-17	2.7658e-18
14546.6631	2.4669e-17	2.7671e-18
14547.2631	2.4675e-17	2.7613e-18
14547.8630	2.4690e-17	2.7243e-18
14548.4630	2.4706e-17	2.7245e-18
14549.0629	2.4720e-17	2.7348e-18
14549.6629	2.4734e-17	2.7737e-18
14550.2629	2.4747e-17	2.7784e-18
14550.8628	2.4759e-17	2.7688e-18
14551.4628	2.4771e-17	2.7688e-18
14552.0627	2.4781e-17	2.7616e-18
14552.6627	2.4790e-17	2.7466e-18
14553.2627	2.4797e-17	2.7341e-18
14553.8626	2.4803e-17	2.7329e-18
14554.4626	2.4807e-17	2.7337e-18
14555.0625	2.4810e-17	2.7335e-18
14555.6625	2.4820e-17	2.7343e-18
14556.2625	2.4812e-17	2.7339e-18
14556.8624	2.4791e-17	2.7363e-18
14557.4624	2.4764e-17	2.7369e-18
14558.0623	2.4746e-17	2.7425e-18
14558.6623	2.4729e-17	2.7276e-18
14559.2623	2.4713e-17	2.7281e-18
14559.8622	2.4698e-17	2.7111e-18
14562.8620	2.4684e-17	2.6624e-18
14563.4620	2.4671e-17	2.6464e-18
14564.0619	2.4658e-17	2.6248e-18
14564.6619	2.4645e-17	2.5724e-18
14565.2619	2.4632e-17	2.5274e-18
14565.8618	2.4619e-17	2.5206e-18
14566.4618	2.4606e-17	2.5305e-18
14567.0617	2.4593e-17	2.5048e-18
14567.6617	2.4610e-17	2.5059e-18
14568.2617	2.4620e-17	2.5047e-18
14568.8616	2.4621e-17	2.5064e-18
14569.4616	2.4589e-17	2.4984e-18
14570.0615	2.4555e-17	2.4882e-18
14570.6615	2.4510e-17	2.4904e-18
14571.2715	2.4521e-17	2.4868e-18
14571.8714	2.4526e-17	2.4888e-18
14572.4714	2.4548e-17	2.4796e-18
14573.0713	2.4556e-17	2.4569e-18
14573.6713	2.4565e-17	2.4675e-18
14574.2712	2.4556e-17	2.4810e-18
14574.8712	2.4567e-17	2.4718e-18
14575.4712	2.4582e-17	2.5040e-18
14576.0711	2.4595e-17	2.4948e-18
14576.6711	2.4609e-17	2.5108e-18
14577.2710	2.4578e-17	2.6019e-18
14577.8710	2.4544e-17	2.6525e-18
14578.4710	2.4536e-17	2.6244e-18
14579.0709	2.4539e-17	2.6743e-18
14579.6709	2.4539e-17	2.8286e-18
14580.2708	2.4560e-17	2.9281e-18
14580.8708	2.4587e-17	3.0933e-18
14581.4708	2.4605e-17	3.1154e-18
14582.0707	2.4613e-17	3.1572e-18
14582.6707	2.4614e-17	3.1497e-18
14583.2706	2.4621e-17	3.1549e-18
14583.8706	2.4621e-17	3.1590e-18
14584.4706	2.4615e-17	3.2160e-18
14585.0705	2.4623e-17	3.2886e-18
14585.6705	2.4634e-17	3.2924e-18
14586.2704	2.4640e-17	3.2980e-18
14586.8704	2.4633e-17	3.2986e-18
14587.4704	2.4626e-17	3.2982e-18
14588.0703	2.4630e-17	3.3103e-18
14588.6703	2.4632e-17	3.3004e-18
14589.2702	2.4631e-17	3.2957e-18
14589.8702	2.4625e-17	3.2937e-18
14590.4702	2.4623e-17	3.2921e-18
14591.0701	2.4615e-17	3.2757e-18
14591.6701	2.4595e-17	3.2522e-18
14592.2700	2.4594e-17	3.2622e-18
14592.8700	2.4606e-17	3.2622e-18
14593.4700	2.4613e-17	3.2502e-18
14594.0699	2.4609e-17	3.2442e-18
14594.6699	2.4617e-17	3.2334e-18
14595.2698	2.4620e-17	3.2019e-18
14595.8698	2.4625e-17	3.2061e-18
14596.4698	2.4644e-17	3.2122e-18
14597.0697	2.4656e-17	3.2097e-18
14597.6697	2.4640e-17	3.2129e-18
14598.2696	2.4600e-17	3.2030e-18
14598.8696	2.4571e-17	3.2015e-18
14599.4696	2.4540e-17	3.1949e-18
14600.6695	2.4512e-17	3.1651e-18
14601.2694	2.4510e-17	3.1622e-18
14601.8694	2.4495e-17	3.1617e-18
14602.4694	2.4440e-17	3.1828e-18
14603.0693	2.4390e-17	3.1894e-18
14603.6693	2.4332e-17	3.1899e-18
14604.2692	2.4308e-17	3.1901e-18
14604.8692	2.4283e-17	3.1907e-18
14605.4692	2.4270e-17	3.2209e-18
14606.0691	2.4287e-17	3.2860e-18
14606.6691	2.4281e-17	3.3508e-18
14607.2690	2.4231e-17	3.3829e-18
14607.8690	2.4175e-17	3.3906e-18
14608.4690	2.4109e-17	3.3874e-18
14609.0689	2.4052e-17	3.4001e-18
14609.6689	2.4020e-17	3.4133e-18
14610.2688	2.3995e-17	3.4114e-18
14610.8688	2.3975e-17	3.4259e-18
14611.4688	2.3967e-17	3.4405e-18
14612.0687	2.3967e-17	3.4625e-18
14612.6687	2.3967e-17	3.4818e-18
14613.2686	2.3965e-17	3.4776e-18
14613.8686	2.3966e-17	3.4773e-18
14614.4685	2.3977e-17	3.4677e-18
14615.0685	2.3975e-17	3.4571e-18
14615.6685	2.3985e-17	3.4572e-18
14616.2684	2.3997e-17	3.4600e-18
14616.8784	2.4006e-17	3.4606e-18
14617.4783	2.4033e-17	3.4571e-18
14618.0783	2.4066e-17	3.4567e-18
14618.6783	2.4091e-17	3.4547e-18
14619.2782	2.4125e-17	3.4425e-18
14619.8782	2.4171e-17	3.4417e-18
14620.4781	2.4222e-17	3.4403e-18
14621.0781	2.4280e-17	3.4440e-18
14621.6781	2.4344e-17	3.4514e-18
14622.2780	2.4361e-17	3.4585e-18
14622.8780	2.4370e-17	3.4543e-18
14623.4779	2.4372e-17	3.4435e-18
14624.0779	2.4358e-17	3.4243e-18
14624.6779	2.4367e-17	3.3945e-18
14625.2778	2.4384e-17	3.3383e-18
14625.8778	2.4384e-17	3.2635e-18
14626.4777	2.4383e-17	3.1664e-18
14627.0777	2.4366e-17	3.0436e-18
14627.6777	2.4374e-17	2.8891e-18
14628.2776	2.4401e-17	2.6948e-18
14628.8776	2.4430e-17	2.4459e-18
14629.4775	2.4451e-17	2.1196e-18
14630.0775	2.4471e-17	2.1118e-18
14630.6775	2.4474e-17	2.0838e-18
14631.2774	2.4479e-17	2.0857e-18
14631.8774	2.4477e-17	2.0737e-18
14632.4773	2.4479e-17	2.0884e-18
14633.0773	2.4481e-17	2.0411e-18
14633.6773	2.4482e-17	1.9944e-18
14634.2772	2.4479e-17	2.0564e-18
14634.8772	2.4460e-17	2.0597e-18
14635.4771	2.4454e-17	2.0739e-18
14636.0771	2.4471e-17	2.0972e-18
14636.6771	2.4450e-17	2.1030e-18
14637.2770	2.4443e-17	2.1235e-18
14637.8770	2.4436e-17	2.1382e-18
14638.4769	2.4422e-17	2.1446e-18
14639.0769	2.4412e-17	2.1439e-18
14639.6769	2.4411e-17	2.1508e-18
14640.2768	2.4429e-17	2.1644e-18
14640.8768	2.4431e-17	2.1651e-18
14641.4767	2.4443e-17	2.1724e-18
14642.0767	2.4462e-17	2.2005e-18
14642.6767	2.4480e-17	2.2044e-18
14643.2766	2.4491e-17	2.2055e-18
14643.8766	2.4505e-17	2.2709e-18
14644.4765	2.4523e-17	2.3570e-18
14645.0765	2.4525e-17	2.5191e-18
14645.6765	2.4531e-17	2.5180e-18
14646.2764	2.4524e-17	2.5140e-18
14646.8764	2.4561e-17	2.5170e-18
14647.4763	2.4576e-17	2.5203e-18
14648.0763	2.4596e-17	2.5230e-18
14648.6763	2.4627e-17	2.5268e-18
14649.2762	2.4620e-17	2.5207e-18
14649.8762	2.4605e-17	2.5116e-18
14650.4761	2.4586e-17	2.4999e-18
14651.0761	2.4590e-17	2.4921e-18
14652.2760	2.4630e-17	2.5453e-18
14652.8760	2.4689e-17	2.5764e-18
14653.4759	2.4742e-17	2.5656e-18
14654.0759	2.4742e-17	2.5131e-18
14654.6759	2.4719e-17	2.4390e-18
14655.2758	2.4709e-17	2.3433e-18
14655.8758	2.4717e-17	2.3093e-18
14656.4757	2.4720e-17	2.2991e-18
14657.0757	2.4711e-17	2.2993e-18
14657.6756	2.4698e-17	2.2741e-18
14658.2756	2.4701e-17	2.2554e-18
14658.8756	2.4704e-17	2.2565e-18
14659.4755	2.4709e-17	2.2466e-18
14660.0755	2.4714e-17	2.2233e-18
14660.6754	2.4721e-17	2.1920e-18
14661.2754	2.4729e-17	2.1631e-18
14661.8754	2.4742e-17	2.1635e-18
14662.4853	2.4757e-17	2.1638e-18
14663.0853	2.4773e-17	2.1621e-18
14663.6852	2.4802e-17	2.1692e-18
14664.2852	2.4829e-17	2.1748e-18
14664.8852	2.4863e-17	2.1557e-18
14665.4851	2.4901e-17	2.1542e-18
14666.0851	2.4936e-17	2.1545e-18
14666.6850	2.4940e-17	2.1545e-18
14667.2850	2.4926e-17	2.1598e-18
14667.8850	2.4907e-17	2.1795e-18
14668.4849	2.4916e-17	2.1849e-18
14669.0849	2.4922e-17	2.1926e-18
14669.6848	2.4916e-17	2.2456e-18
14670.2848	2.4930e-17	2.2885e-18
14670.8848	2.4937e-17	2.3171e-18
14671.4847	2.4935e-17	2.3443e-18
14672.0847	2.4942e-17	2.3633e-18
14672.6846	2.4931e-17	2.3750e-18
14673.2846	2.4925e-17	2.3807e-18
14673.8846	2.4934e-17	2.3822e-18
14674.4845	2.4955e-17	2.3805e-18
14675.0845	2.4964e-17	2.3765e-18
14675.6844	2.4947e-17	2.3714e-18
14676.2844	2.4939e-17	2.3666e-18
14676.8844	2.4923e-17	2.3633e-18
14677.4843	2.4913e-17	2.3860e-18
14678.0843	2.4892e-17	2.3820e-18
14678.6842	2.4870e-17	2.3850e-18
14679.2842	2.4847e-17	2.3813e-18
14679.8842	2.4832e-17	2.3740e-18
14680.4841	2.4804e-17	2.3684e-18
14681.0841	2.4782e-17	2.3467e-18
14681.6840	2.4770e-17	2.3546e-18
14682.2840	2.4750e-17	2.3563e-18
14682.8840	2.4726e-17	2.3445e-18
14683.4839	2.4715e-17	2.3691e-18
14684.0839	2.4698e-17	2.4097e-18
14684.6838	2.4690e-17	2.4685e-18
14685.2838	2.4677e-17	2.5472e-18
14685.8838	2.4663e-17	2.5538e-18
14686.4837	2.4652e-17	2.5582e-18
14687.0837	2.4626e-17	2.5616e-18
14687.6836	2.4599e-17	2.5577e-18
14688.2836	2.4570e-17	2.5535e-18
14688.8836	2.4532e-17	2.5640e-18
14689.4835	2.4502e-17	2.5545e-18
14690.0835	2.4458e-17	2.5496e-18
14690.6834	2.4442e-17	2.5248e-18
14691.2834	2.4407e-17	2.5104e-18
14691.8834	2.4384e-17	2.5168e-18
14692.4833	2.4371e-17	2.4720e-18
14693.0833	2.4338e-17	2.3824e-18
14693.6832	2.4276e-17	2.1869e-18
14694.2832	2.4207e-17	2.1896e-18
14694.8832	2.4123e-17	2.1933e-18
14695.4831	2.4082e-17	2.1933e-18
14696.0831	2.4060e-17	2.1872e-18
14696.6830	2.4067e-17	2.1877e-18
14697.2830	2.4036e-17	2.1797e-18
14697.8830	2.3989e-17	2.1802e-18
14698.4829	2.3969e-17	2.1768e-18
14699.0829	2.4030e-17	2.1630e-18
14699.6828	2.4017e-17	2.1568e-18
14700.2828	2.4064e-17	2.0760e-18
14700.8828	2.4079e-17	2.0080e-18
14701.4827	2.4115e-17	2.0099e-18
14702.0827	2.4174e-17	2.0100e-18
14702.6826	2.4228e-17	2.0009e-18
14703.2826	2.4293e-17	2.0018e-18
14703.8826	2.4290e-17	1.9977e-18
14704.4825	2.4280e-17	1.9979e-18
14705.0825	2.4287e-17	1.9990e-18
14705.6824	2.4287e-17	1.9925e-18
14706.2824	2.4300e-17	2.0025e-18
14706.8824	2.4291e-17	2.0103e-18
14707.4823	2.4278e-17	2.0110e-18
14708.0823	2.4291e-17	2.0503e-18
14708.6922	2.4325e-17	2.1047e-18
14709.2922	2.4358e-17	2.1684e-18
14709.8922	2.4363e-17	2.2404e-18
14710.4921	2.4359e-17	2.2959e-18
14711.0921	2.4364e-17	2.3379e-18
14711.6920	2.4368e-17	2.3662e-18
14712.2920	2.4364e-17	2.3860e-18
14712.8919	2.4361e-17	2.4016e-18
14713.4919	2.4385e-17	2.4123e-18
14714.0919	2.4404e-17	2.4183e-18
14714.6918	2.4419e-17	2.4205e-18
14715.2918	2.4449e-17	2.4158e-18
14715.8917	2.4446e-17	2.3976e-18
14716.4917	2.4405e-17	2.3898e-18
14717.0917	2.4402e-17	2.3697e-18
14717.6916	2.4420e-17	2.3024e-18
14718.2916	2.4439e-17	2.2500e-18
14718.8915	2.4470e-17	2.2132e-18
14719.4915	2.4498e-17	2.1714e-18
14720.0915	2.4505e-17	2.1371e-18
14720.6914	2.4503e-17	2.1117e-18
14721.2914	2.4498e-17	2.0985e-18
14721.8913	2.4500e-17	2.0947e-18
14722.4913	2.4498e-17	2.0884e-18
14723.0913	2.4478e-17	2.0846e-18
14723.6912	2.4460e-17	2.0867e-18
14724.2912	2.4424e-17	2.0899e-18
14724.8911	2.4375e-17	2.0919e-18
14725.4911	2.4417e-17	2.0543e-18
14726.0911	2.4446e-17	2.0611e-18
14726.6910	2.4460e-17	2.0483e-18
14727.2910	2.4456e-17	2.0442e-18
14727.8909	2.4498e-17	2.0453e-18
14728.4909	2.4536e-17	2.0479e-18
14729.0909	2.4568e-17	2.0489e-18
14729.6908	2.4589e-17	2.0456e-18
14730.2908	2.4598e-17	2.0346e-18
14730.8907	2.4589e-17	2.0118e-18
14732.0907	2.4584e-17	1.9731e-18
14733.2906	2.4600e-17	1.9136e-18
14733.8905	2.4594e-17	1.8260e-18
14734.4905	2.4587e-17	1.6993e-18
14735.0905	2.4575e-17	1.6734e-18
14735.6904	2.4563e-17	1.6533e-18
14736.2904	2.4570e-17	1.6335e-18
14736.8903	2.4568e-17	1.6243e-18
14737.4903	2.4582e-17	1.6147e-18
14738.0903	2.4586e-17	1.5779e-18
14738.6902	2.4600e-17	1.5946e-18
14739.2902	2.4624e-17	1.5920e-18
14739.8901	2.4637e-17	1.6093e-18
14740.4901	2.4643e-17	1.6384e-18
14741.0901	2.4661e-17	1.6333e-18
14741.6900	2.4671e-17	1.6075e-18
14742.2900	2.4670e-17	1.6197e-18
14742.8899	2.4653e-17	1.6236e-18
14743.4899	2.4667e-17	1.6650e-18
14744.0899	2.4642e-17	1.7001e-18
14744.6898	2.4615e-17	1.7298e-18
14745.2898	2.4598e-17	1.7560e-18
14745.8897	2.4588e-17	1.7787e-18
14746.4897	2.4581e-17	1.7982e-18
14747.0897	2.4572e-17	1.8143e-18
14747.6896	2.4566e-17	1.8276e-18
14748.2896	2.4567e-17	1.8383e-18
14748.8895	2.4556e-17	1.8470e-18
14749.4895	2.4533e-17	1.8544e-18
14750.0895	2.4526e-17	1.8604e-18
14750.6894	2.4497e-17	1.8625e-18
14751.2894	2.4470e-17	1.8657e-18
14751.8893	2.4442e-17	1.8618e-18
14752.4893	2.4422e-17	1.8591e-18
14753.0893	2.4409e-17	1.8571e-18
14753.6892	2.4399e-17	1.8575e-18
14754.2992	2.4381e-17	1.8566e-18
14754.8991	2.4352e-17	1.8533e-18
14755.4991	2.4300e-17	1.8461e-18
14756.0991	2.4285e-17	1.8340e-18
14756.6990	2.4277e-17	1.8148e-18
14757.2990	2.4280e-17	1.7778e-18
14757.8989	2.4278e-17	1.7154e-18
14758.4989	2.4284e-17	1.6350e-18
14759.0989	2.4295e-17	1.5318e-18
14759.6988	2.4288e-17	1.4398e-18
14760.2988	2.4296e-17	1.3606e-18
14760.8987	2.4303e-17	1.2945e-18
14761.4987	2.4310e-17	1.2429e-18
14762.0987	2.4317e-17	1.1901e-18
14762.6986	2.4323e-17	1.1537e-18
14763.2986	2.4330e-17	1.1298e-18
14763.8985	2.4337e-17	1.1109e-18
14764.4985	2.4345e-17	1.1065e-18
14765.0985	2.4321e-17	1.1174e-18
14765.6984	2.4301e-17	1.1213e-18
14766.2984	2.4287e-17	1.1114e-18
14766.8983	2.4306e-17	1.1101e-18
14767.4983	2.4332e-17	1.1663e-18
14768.0983	2.4356e-17	1.1687e-18
14768.6982	2.4322e-17	1.2717e-18
14769.2982	2.4292e-17	1.4112e-18
14769.8981	2.4264e-17	1.6881e-18
14770.4981	2.4254e-17	1.7505e-18
14771.0981	2.4248e-17	1.7574e-18
14771.6980	2.4229e-17	1.7853e-18
14772.2980	2.4199e-17	1.8524e-18
14772.8979	2.4160e-17	2.0765e-18
14773.4979	2.4134e-17	2.1596e-18
14774.0979	2.4114e-17	2.2990e-18
14774.6978	2.4130e-17	2.4215e-18
14775.2978	2.4146e-17	2.4354e-18
14775.8977	2.4150e-17	2.4891e-18
14776.4977	2.4133e-17	2.5019e-18
14777.0977	2.4109e-17	2.5017e-18
14777.6976	2.4074e-17	2.5170e-18
14778.2976	2.4056e-17	2.5280e-18
14778.8975	2.4046e-17	2.5356e-18
14779.4975	2.4049e-17	2.5403e-18
14780.0975	2.4068e-17	2.5430e-18
14780.6974	2.4065e-17	2.5444e-18
14781.2974	2.4069e-17	2.5449e-18
14781.8973	2.4081e-17	2.5449e-18
14782.4973	2.4076e-17	2.5449e-18
14783.0973	2.4067e-17	2.5453e-18
14783.6972	2.4059e-17	2.5465e-18
14784.2972	2.4063e-17	2.5488e-18
14784.8971	2.4068e-17	2.5512e-18
14785.4971	2.4062e-17	2.5534e-18
14786.0971	2.4055e-17	2.5687e-18
14786.6970	2.4048e-17	2.5632e-18
14787.2970	2.4045e-17	2.5668e-18
14787.8969	2.4038e-17	2.5564e-18
14788.4969	2.4043e-17	2.5407e-18
14789.0969	2.4058e-17	2.5360e-18
14789.6968	2.4045e-17	2.5453e-18
14790.2968	2.4018e-17	2.5757e-18
14790.8967	2.3983e-17	2.5760e-18
14791.4967	2.3966e-17	2.6819e-18
14792.0967	2.3954e-17	2.6682e-18
14792.6966	2.3938e-17	2.6444e-18
14793.2966	2.3905e-17	2.6342e-18
14793.8965	2.3879e-17	2.6763e-18
14794.4965	2.3863e-17	2.7165e-18
14795.0965	2.3816e-17	2.7082e-18
14795.6964	2.3772e-17	2.6977e-18
14796.2964	2.3761e-17	2.7006e-18
14796.8963	2.3751e-17	2.6939e-18
14797.4963	2.3736e-17	2.6903e-18
14798.0963	2.3746e-17	2.7058e-18
14798.6962	2.3751e-17	2.7089e-18
14799.2962	2.3742e-17	2.7415e-18
14799.9061	2.3724e-17	2.8516e-18
14800.5061	2.3750e-17	2.9172e-18
14801.1061	2.3775e-17	2.9231e-18
14801.7060	2.3741e-17	2.9503e-18
14802.3060	2.3724e-17	2.9764e-18
14802.9059	2.3686e-17	2.9821e-18
14803.5059	2.3675e-17	2.9820e-18
14804.1059	2.3706e-17	2.9820e-18
14804.7058	2.3735e-17	2.9819e-18
14805.3058	2.3735e-17	2.9816e-18
14805.9057	2.3751e-17	2.9807e-18
14806.5057	2.3789e-17	2.9792e-18
14807.1057	2.3832e-17	2.9768e-18
14807.7056	2.3850e-17	2.9731e-18
14808.3056	2.3848e-17	2.9678e-18
14808.9055	2.3833e-17	2.9609e-18
14809.5055	2.3820e-17	2.9520e-18
14810.1055	2.3826e-17	2.9553e-18
14810.7054	2.3835e-17	2.9555e-18
14811.3054	2.3821e-17	2.9465e-18
14811.9053	2.3826e-17	2.9461e-18
14812.5053	2.3834e-17	2.9542e-18
14813.1053	2.3833e-17	2.9592e-18
14813.7052	2.3848e-17	2.9527e-18
14814.3052	2.3843e-17	2.9581e-18
14814.9051	2.3830e-17	2.9678e-18
14815.5051	2.3828e-17	2.9438e-18
14816.1051	2.3822e-17	2.9308e-18
14816.7050	2.3818e-17	2.9091e-18
14817.3050	2.3825e-17	2.8667e-18
14817.9049	2.3828e-17	2.7531e-18
14818.5049	2.3827e-17	2.7463e-18
14819.1049	2.3822e-17	2.7465e-18
14819.7048	2.3827e-17	2.7150e-18
14820.3048	2.3818e-17	2.6841e-18
14820.9047	2.3810e-17	2.5345e-18
14821.5047	2.3802e-17	2.4803e-18
14822.1047	2.3794e-17	2.3445e-18
14822.7046	2.3787e-17	2.2382e-18
14823.3046	2.3781e-17	2.2192e-18
14823.9045	2.3783e-17	2.1770e-18
14825.7044	2.3778e-17	2.1785e-18
14826.3044	2.3766e-17	2.1849e-18
14826.9043	2.3755e-17	2.1813e-18
14827.5043	2.3756e-17	2.1725e-18
14828.1043	2.3752e-17	2.1718e-18
14828.7042	2.3750e-17	2.1836e-18
14829.3042	2.3750e-17	2.1861e-18
14829.9041	2.3754e-17	2.1865e-18
14830.5041	2.3760e-17	2.2104e-18
14831.1041	2.3770e-17	2.2114e-18
14831.7040	2.3779e-17	2.2119e-18
14832.3040	2.3812e-17	2.2110e-18
14832.9039	2.3837e-17	2.2088e-18
14833.5039	2.3857e-17	2.2097e-18
14834.1039	2.3898e-17	2.2239e-18
14834.7038	2.3942e-17	2.2234e-18
14835.3038	2.3966e-17	2.2151e-18
14835.9037	2.3987e-17	2.2214e-18
14836.5037	2.4007e-17	2.2219e-18
14837.1037	2.4035e-17	2.2280e-18
14837.7036	2.4059e-17	2.2366e-18
14838.3036	2.4085e-17	2.2452e-18
14838.9035	2.4113e-17	2.2474e-18
14839.5035	2.4130e-17	2.2189e-18
14840.1035	2.4142e-17	2.2261e-18
14840.7034	2.4160e-17	2.0644e-18
14841.3034	2.4180e-17	2.0568e-18
14841.9033	2.4182e-17	2.0733e-18
14842.5033	2.4191e-17	2.0841e-18
14843.1033	2.4215e-17	2.0268e-18
14843.7032	2.4229e-17	1.9800e-18
14844.3032	2.4241e-17	1.9916e-18
14844.9031	2.4244e-17	1.9934e-18
14845.5131	2.4248e-17	1.9706e-18
14846.1131	2.4274e-17	1.9817e-18
14846.7130	2.4296e-17	1.9883e-18
14847.3130	2.4317e-17	1.9745e-18
14847.9129	2.4329e-17	1.9905e-18
14848.5129	2.4341e-17	1.9161e-18
14849.1129	2.4349e-17	1.6887e-18
14849.7128	2.4363e-17	1.6082e-18
14850.3128	2.4381e-17	1.6045e-18
14850.9127	2.4394e-17	1.5795e-18
14851.5127	2.4411e-17	1.5566e-18
14852.1127	2.4420e-17	1.6385e-18
14852.7126	2.4429e-17	1.7277e-18
14853.3126	2.4443e-17	1.7271e-18
14853.9125	2.4472e-17	1.7273e-18
14854.5125	2.4488e-17	1.7292e-18
14855.1125	2.4502e-17	1.7472e-18
14855.7124	2.4526e-17	1.7474e-18
14856.3124	2.4544e-17	1.7473e-18
14856.9123	2.4562e-17	1.7467e-18
14857.5123	2.4581e-17	1.7455e-18
14858.1123	2.4599e-17	1.7436e-18
14858.7122	2.4616e-17	1.7407e-18
14859.3122	2.4634e-17	1.7370e-18
14859.9121	2.4651e-17	1.7336e-18
14860.5121	2.4669e-17	1.7334e-18
14861.1121	2.4676e-17	1.7323e-18
14861.7120	2.4685e-17	1.7268e-18
14862.3120	2.4688e-17	1.7235e-18
14864.7118	2.4687e-17	1.7236e-18
14865.3118	2.4691e-17	1.7201e-18
14865.9117	2.4713e-17	1.7148e-18
14866.5117	2.4750e-17	1.6997e-18
14867.1117	2.4768e-17	1.7219e-18
14867.7116	2.4764e-17	1.7976e-18
14868.3116	2.4764e-17	1.7995e-18
14868.9115	2.4761e-17	1.7941e-18
14869.5115	2.4755e-17	1.7687e-18
14870.1115	2.4764e-17	1.7724e-18
14870.7114	2.4771e-17	1.7730e-18
14871.3114	2.4777e-17	1.7741e-18
14871.9113	2.4782e-17	1.8637e-18
14872.5113	2.4786e-17	1.9551e-18
14873.1113	2.4788e-17	1.9391e-18
14873.7112	2.4790e-17	1.9396e-18
14874.3112	2.4791e-17	1.9426e-18
14874.9111	2.4790e-17	1.9506e-18
14875.5111	2.4789e-17	1.9383e-18
14876.1111	2.4788e-17	1.9460e-18
14876.7110	2.4786e-17	1.9345e-18
14877.3110	2.4783e-17	1.9964e-18
14877.9109	2.4787e-17	2.1581e-18
14878.5109	2.4787e-17	2.1755e-18
14879.1109	2.4772e-17	2.1752e-18
14879.7108	2.4769e-17	2.2627e-18
14880.3108	2.4768e-17	2.2500e-18
14880.9107	2.4760e-17	2.3064e-18
14881.5107	2.4745e-17	2.3386e-18
14882.1107	2.4738e-17	2.3546e-18
14883.9105	2.4727e-17	2.3562e-18
14885.7104	2.4710e-17	2.3635e-18
14886.3104	2.4704e-17	2.3596e-18
14886.9103	2.4674e-17	2.3974e-18
14887.5103	2.4655e-17	2.4471e-18
14889.3102	2.4646e-17	2.4533e-18
14889.9101	2.4633e-17	2.4534e-18
14890.5101	2.4625e-17	2.4444e-18
14891.1101	2.4592e-17	2.4370e-18
14891.7200	2.4570e-17	2.4271e-18
14892.3200	2.4565e-17	2.4141e-18
14892.9199	2.4555e-17	2.4015e-18
14893.5199	2.4525e-17	2.3807e-18
14894.1199	2.4496e-17	2.3637e-18
14894.7198	2.4472e-17	2.3398e-18
14895.3198	2.4433e-17	2.3139e-18
14895.9197	2.4402e-17	2.2867e-18
14896.5197	2.4406e-17	2.2889e-18
14897.1197	2.4414e-17	2.2837e-18
14897.7196	2.4439e-17	2.2911e-18
14898.3196	2.4447e-17	2.2977e-18
14898.9195	2.4426e-17	2.3016e-18
14899.5195	2.4392e-17	2.2789e-18
14900.1195	2.4398e-17	2.2863e-18
14900.7194	2.4434e-17	2.2688e-18
14901.3194	2.4448e-17	2.2448e-18
14901.9193	2.4385e-17	2.2446e-18
14902.5193	2.4408e-17	2.2419e-18
14903.1193	2.4384e-17	2.2415e-18
14903.7192	2.4394e-17	2.2409e-18
14904.3192	2.4396e-17	2.2320e-18
14904.9191	2.4386e-17	2.2306e-18
14905.5191	2.4377e-17	2.1815e-18
14906.1191	2.4359e-17	2.1212e-18
14906.7190	2.4357e-17	2.1214e-18
14907.3190	2.4356e-17	2.1217e-18
14907.9189	2.4350e-17	2.1185e-18
14908.5189	2.4344e-17	2.0986e-18
14909.1189	2.4345e-17	2.0990e-18
14909.7188	2.4329e-17	2.0995e-18
14910.3188	2.4311e-17	2.1001e-18
14910.9187	2.4300e-17	2.1019e-18
14911.5187	2.4289e-17	2.1176e-18
14912.1187	2.4276e-17	2.1175e-18
14912.7186	2.4291e-17	2.1223e-18
14913.3186	2.4278e-17	2.1360e-18
14913.9185	2.4290e-17	2.1649e-18
14914.5185	2.4290e-17	2.1644e-18
14915.1185	2.4285e-17	2.1651e-18
14915.7184	2.4278e-17	2.1653e-18
14916.3184	2.4273e-17	2.1673e-18
14916.9183	2.4268e-17	2.1678e-18
14917.5183	2.4230e-17	2.1609e-18
14918.1183	2.4183e-17	2.1705e-18
14918.7182	2.4189e-17	2.1558e-18
14919.3182	2.4220e-17	2.0831e-18
14919.9181	2.4216e-17	2.0815e-18
14920.5181	2.4229e-17	2.0692e-18
14921.1181	2.4231e-17	2.0591e-18
14921.7180	2.4210e-17	2.0568e-18
14922.3180	2.4179e-17	2.0613e-18
14922.9179	2.4153e-17	2.0601e-18
14923.5179	2.4132e-17	1.9894e-18
14924.1179	2.4144e-17	1.9053e-18
14924.7178	2.4137e-17	1.9085e-18
14925.3178	2.4126e-17	1.9179e-18
14925.9177	2.4131e-17	1.9065e-18
14926.5177	2.4135e-17	1.8971e-18
14927.1177	2.4165e-17	1.8964e-18
14927.7176	2.4206e-17	1.8789e-18
14928.3176	2.4164e-17	1.8817e-18
14928.9175	2.4147e-17	1.8155e-18
14929.5175	2.4131e-17	1.6104e-18
14930.1175	2.4119e-17	1.5734e-18
14930.7174	2.4111e-17	1.5703e-18
14931.3174	2.4140e-17	1.4447e-18
14931.9173	2.4160e-17	1.4336e-18
14932.5173	2.4169e-17	1.3422e-18
14933.1173	2.4178e-17	1.3006e-18
14933.7172	2.4190e-17	1.2735e-18
14934.3172	2.4198e-17	1.2729e-18
14934.9171	2.4200e-17	1.2548e-18
14935.5171	2.4208e-17	1.2355e-18
14936.1171	2.4217e-17	1.1609e-18
14936.7170	2.4227e-17	1.0358e-18
14937.3270	2.4242e-17	9.9921e-19
14937.9269	2.4255e-17	9.7370e-19
14938.5269	2.4262e-17	9.7607e-19
14939.1269	2.4263e-17	9.7431e-19
14939.7268	2.4281e-17	9.7054e-19
14940.3268	2.4284e-17	9.7298e-19
14940.9267	2.4273e-17	9.7086e-19
14941.5267	2.4280e-17	9.7918e-19
14942.1267	2.4283e-17	9.8234e-19
14942.7266	2.4242e-17	9.9551e-19
14943.3266	2.4227e-17	9.9215e-19
14943.9266	2.4222e-17	9.8617e-19
14944.5265	2.4240e-17	1.0127e-18
14945.1265	2.4254e-17	1.0194e-18
14945.7264	2.4274e-17	9.9864e-19
14946.3264	2.4296e-17	9.9149e-19
14946.9264	2.4320e-17	9.9539e-19
14947.5263	2.4331e-17	1.0058e-18
14948.1263	2.4379e-17	9.8614e-19
14948.7262	2.4411e-17	9.9369e-19
14949.3262	2.4423e-17	1.0001e-18
14949.9262	2.4413e-17	1.0052e-18
14950.5261	2.4407e-17	1.0092e-18
14951.1261	2.4469e-17	1.0120e-18
14951.7260	2.4528e-17	1.0140e-18
14952.3260	2.4476e-17	1.0154e-18
14952.9260	2.4435e-17	1.0164e-18
14953.5259	2.4405e-17	1.0170e-18
14954.1259	2.4377e-17	1.0174e-18
14954.7258	2.4349e-17	1.0176e-18
14955.3258	2.4323e-17	1.0268e-18
14955.9258	2.4310e-17	1.0285e-18
14956.5257	2.4316e-17	1.0598e-18
14957.1257	2.4342e-17	1.0597e-18
14957.7256	2.4361e-17	1.0594e-18
14958.3256	2.4392e-17	1.0635e-18
14958.9256	2.4426e-17	1.0806e-18
14959.5255	2.4464e-17	1.0525e-18
14960.1255	2.4498e-17	1.0535e-18
14960.7254	2.4511e-17	1.0480e-18
14961.3254	2.4564e-17	1.0326e-18
14961.9254	2.4609e-17	1.0062e-18
14962.5253	2.4614e-17	1.0060e-18
14963.1253	2.4620e-17	1.0365e-18
14963.7252	2.4639e-17	1.0365e-18
14964.3252	2.4646e-17	1.0352e-18
14964.9252	2.4651e-17	1.0459e-18
14965.5251	2.4654e-17	1.0452e-18
14966.1251	2.4653e-17	1.0317e-18
14966.7250	2.4649e-17	1.0302e-18
14967.3250	2.4643e-17	1.0304e-18
14967.9250	2.4635e-17	1.0540e-18
14968.5249	2.4624e-17	1.0445e-18
14969.1249	2.4610e-17	1.0508e-18
14969.7248	2.4616e-17	1.0472e-18
14970.3248	2.4628e-17	1.0410e-18
14970.9248	2.4640e-17	1.0457e-18
14971.5247	2.4636e-17	1.0364e-18
14972.1247	2.4634e-17	1.0380e-18
14972.7246	2.4622e-17	1.0429e-18
14973.3246	2.4629e-17	1.0219e-18
14973.9246	2.4646e-17	1.0225e-18
14974.5245	2.4672e-17	1.0284e-18
14975.1245	2.4684e-17	1.0276e-18
14975.7244	2.4679e-17	1.0294e-18
14976.3244	2.4676e-17	1.0272e-18
14976.9244	2.4674e-17	1.0374e-18
14977.5243	2.4653e-17	1.0325e-18
14978.1243	2.4656e-17	1.0387e-18
14978.7242	2.4683e-17	1.0482e-18
14979.3242	2.4716e-17	1.0489e-18
14979.9242	2.4727e-17	1.0775e-18
14980.5241	2.4718e-17	1.0751e-18
14981.1241	2.4710e-17	1.0504e-18
14981.7240	2.4721e-17	1.0502e-18
14982.3240	2.4735e-17	1.0493e-18
14982.9340	2.4723e-17	1.0615e-18
14983.5339	2.4709e-17	1.0649e-18
14984.1339	2.4704e-17	1.0717e-18
14984.7338	2.4734e-17	1.0733e-18
14985.3338	2.4738e-17	1.0794e-18
14985.9338	2.4714e-17	1.0839e-18
14986.5337	2.4760e-17	1.1699e-18
14987.1337	2.4718e-17	1.1689e-18
14987.7336	2.4693e-17	1.1808e-18
14988.3336	2.4719e-17	1.1832e-18
14988.9336	2.4753e-17	1.1767e-18
14989.5335	2.4756e-17	1.1679e-18
14990.1335	2.4735e-17	1.1572e-18
14990.7334	2.4720e-17	1.1577e-18
14991.3334	2.4693e-17	1.2064e-18
14991.9334	2.4675e-17	1.2317e-18
14992.5333	2.4676e-17	1.2041e-18
14993.1333	2.4638e-17	1.1991e-18
14993.7332	2.4596e-17	1.2331e-18
14994.3332	2.4573e-17	1.2636e-18
14994.9332	2.4553e-17	1.2983e-18
14995.5331	2.4547e-17	1.3194e-18
14996.1331	2.4549e-17	1.3192e-18
14996.7330	2.4581e-17	1.3256e-18
14997.3330	2.4618e-17	1.3556e-18
14997.9330	2.4608e-17	1.3581e-18
14998.5329	2.4591e-17	1.3607e-18
14999.1329	2.4598e-17	1.3908e-18
14999.7328	2.4591e-17	1.4069e-18
15000.3328	2.4579e-17	1.4166e-18
15000.9328	2.4560e-17	1.4165e-18
15001.5327	2.4540e-17	1.4266e-18
15002.1327	2.4499e-17	1.4886e-18
15002.7327	2.4434e-17	1.5256e-18
15003.3326	2.4411e-17	1.5241e-18
15003.9326	2.4388e-17	1.5232e-18
15004.5325	2.4406e-17	1.5122e-18
15005.1325	2.4398e-17	1.5533e-18
15005.7325	2.4367e-17	1.5680e-18
15006.3324	2.4333e-17	1.5649e-18
15006.9324	2.4334e-17	1.5492e-18
15007.5323	2.4328e-17	1.5511e-18
15008.1323	2.4314e-17	1.5500e-18
15008.7323	2.4303e-17	1.5466e-18
15009.3322	2.4324e-17	1.5414e-18
15009.9322	2.4349e-17	1.5176e-18
15010.5321	2.4362e-17	1.5243e-18
15011.1321	2.4367e-17	1.5294e-18
15011.7321	2.4344e-17	1.5537e-18
15012.3320	2.4318e-17	1.5532e-18
15012.9320	2.4310e-17	1.5431e-18
15013.5319	2.4322e-17	1.5465e-18
15014.1319	2.4314e-17	1.5459e-18
15014.7319	2.4302e-17	1.5561e-18
15015.3318	2.4281e-17	1.5613e-18
15015.9318	2.4284e-17	1.5415e-18
15016.5317	2.4286e-17	1.6714e-18
15017.1317	2.4294e-17	1.6725e-18
15017.7317	2.4320e-17	1.6863e-18
15018.3316	2.4331e-17	1.6833e-18
15018.9316	2.4325e-17	1.6890e-18
15019.5315	2.4316e-17	1.6892e-18
15020.1315	2.4308e-17	1.6852e-18
15020.7315	2.4311e-17	1.6858e-18
15021.3314	2.4301e-17	1.6850e-18
15021.9314	2.4305e-17	1.8450e-18
15022.5313	2.4311e-17	1.9082e-18
15023.1313	2.4306e-17	1.9163e-18
15023.7313	2.4299e-17	1.9129e-18
15024.3312	2.4303e-17	1.9221e-18
15024.9312	2.4312e-17	2.1426e-18
15025.5311	2.4314e-17	2.5021e-18
15026.1311	2.4325e-17	2.8028e-18
15026.7311	2.4328e-17	3.0262e-18
15027.3310	2.4319e-17	3.1939e-18
15027.9310	2.4336e-17	3.3102e-18
15028.5409	2.4347e-17	3.4062e-18
15029.1409	2.4333e-17	3.4740e-18
15029.7409	2.4329e-17	3.5215e-18
15030.3408	2.4337e-17	3.5515e-18
15030.9408	2.4361e-17	3.5620e-18
15031.5407	2.4390e-17	3.5645e-18
15032.1407	2.4408e-17	3.5636e-18
15032.7407	2.4420e-17	3.5630e-18
15033.3406	2.4440e-17	3.5639e-18
15033.9406	2.4457e-17	3.5716e-18
15034.5405	2.4460e-17	3.5380e-18
15035.1405	2.4451e-17	3.5713e-18
15035.7405	2.4473e-17	3.6249e-18
15036.3404	2.4485e-17	3.6210e-18
15036.9404	2.4489e-17	3.6211e-18
15037.5403	2.4503e-17	3.6299e-18
15038.1403	2.4512e-17	3.6293e-18
15038.7403	2.4510e-17	3.6221e-18
15039.3402	2.4510e-17	3.6112e-18
15039.9402	2.4528e-17	3.6053e-18
15041.7401	2.4549e-17	3.6012e-18
15042.3400	2.4559e-17	3.6013e-18
15042.9400	2.4555e-17	3.5931e-18
15043.5399	2.4566e-17	3.5763e-18
15044.1399	2.4575e-17	3.5540e-18
15044.7399	2.4570e-17	3.5391e-18
15045.3398	2.4564e-17	3.5354e-18
15045.9398	2.4571e-17	3.5343e-18
15046.5398	2.4595e-17	3.5322e-18
15047.1397	2.4594e-17	3.5295e-18
15047.7397	2.4581e-17	3.5297e-18
15048.3396	2.4591e-17	3.5233e-18
15048.9396	2.4606e-17	3.5195e-18
15049.5396	2.4615e-17	3.5195e-18
15050.1395	2.4629e-17	3.5255e-18
15050.7395	2.4659e-17	3.5230e-18
15051.3394	2.4695e-17	3.5012e-18
15051.9394	2.4713e-17	3.4873e-18
15052.5394	2.4727e-17	3.4914e-18
15053.1393	2.4729e-17	3.4913e-18
15053.7393	2.4729e-17	3.4885e-18
15054.3392	2.4743e-17	3.4703e-18
15054.9392	2.4754e-17	3.4678e-18
15055.5392	2.4763e-17	3.4730e-18
15056.7391	2.4776e-17	3.4727e-18
15057.3390	2.4780e-17	3.5108e-18
15057.9390	2.4775e-17	3.5295e-18
15058.5390	2.4776e-17	3.5308e-18
15059.1389	2.4788e-17	3.5331e-18
15059.7389	2.4800e-17	3.5314e-18
15060.3388	2.4818e-17	3.6059e-18
15060.9388	2.4825e-17	3.6053e-18
15061.5388	2.4849e-17	3.5998e-18
15062.1387	2.4859e-17	3.7849e-18
15062.7387	2.4875e-17	3.8197e-18
15063.3386	2.4904e-17	3.8175e-18
15063.9386	2.4938e-17	3.9041e-18
15064.5386	2.4962e-17	4.0478e-18
15065.1385	2.4983e-17	4.0638e-18
15065.7385	2.5001e-17	4.0629e-18
15066.3384	2.5006e-17	4.0286e-18
15066.9384	2.5004e-17	4.0312e-18
15067.5384	2.5030e-17	4.0299e-18
15068.1383	2.5060e-17	4.0340e-18
15068.7383	2.5073e-17	4.0620e-18
15069.3382	2.5088e-17	4.0720e-18
15069.9382	2.5112e-17	4.0717e-18
15070.5382	2.5121e-17	4.0763e-18
15071.1381	2.5136e-17	4.0771e-18
15071.7381	2.5152e-17	4.0260e-18
15072.3380	2.5156e-17	4.0094e-18
15072.9380	2.5162e-17	4.0264e-18
15073.5380	2.5168e-17	4.0277e-18
15074.1379	2.5183e-17	4.0261e-18
15074.7479	2.5188e-17	3.9084e-18
15075.3478	2.5196e-17	3.6886e-18
15075.9478	2.5203e-17	3.4900e-18
15076.5478	2.5214e-17	3.3218e-18
15077.1477	2.5227e-17	3.1600e-18
15077.7477	2.5230e-17	3.0186e-18
15078.3476	2.5217e-17	2.9026e-18
15078.9476	2.5218e-17	2.8540e-18
15079.5476	2.5241e-17	2.8055e-18
15080.1475	2.5242e-17	2.7549e-18
15080.7475	2.5247e-17	2.7351e-18
15081.3475	2.5262e-17	2.7250e-18
15081.9474	2.5284e-17	2.7254e-18
15082.5474	2.5296e-17	2.7279e-18
15083.1473	2.5311e-17	2.7281e-18
15083.7473	2.5329e-17	2.7226e-18
15084.3473	2.5333e-17	2.7254e-18
15084.9472	2.5360e-17	2.7005e-18
15085.5472	2.5374e-17	2.6377e-18
15086.1471	2.5373e-17	2.6346e-18
15086.7471	2.5382e-17	2.6329e-18
15087.3471	2.5390e-17	2.6501e-18
15087.9470	2.5410e-17	2.6724e-18
15088.5470	2.5429e-17	2.6870e-18
15089.1469	2.5434e-17	2.6901e-18
15089.7469	2.5446e-17	2.6900e-18
15090.3469	2.5450e-17	2.7096e-18
15090.9468	2.5471e-17	2.7295e-18
15091.5468	2.5489e-17	2.7295e-18
15092.1467	2.5495e-17	2.7313e-18
15092.7467	2.5502e-17	2.7323e-18
15093.3467	2.5510e-17	2.7428e-18
15093.9466	2.5510e-17	2.7441e-18
15094.5466	2.5521e-17	2.7438e-18
15095.1465	2.5528e-17	2.7328e-18
15095.7465	2.5541e-17	2.7305e-18
15096.3465	2.5548e-17	2.7306e-18
15096.9464	2.5542e-17	2.7259e-18
15097.5464	2.5535e-17	2.7264e-18
15098.1463	2.5535e-17	2.7260e-18
15098.7463	2.5538e-17	2.7337e-18
15099.3463	2.5536e-17	2.7507e-18
15099.9462	2.5525e-17	2.7519e-18
15100.5462	2.5535e-17	2.7519e-18
15101.1461	2.5530e-17	2.7455e-18
15101.7461	2.5518e-17	2.7449e-18
15102.3461	2.5528e-17	2.7501e-18
15102.9460	2.5552e-17	2.7787e-18
15103.5460	2.5549e-17	2.7755e-18
15104.1459	2.5549e-17	2.7658e-18
15104.7459	2.5554e-17	2.8145e-18
15105.3459	2.5550e-17	2.7949e-18
15105.9458	2.5548e-17	2.7768e-18
15106.5458	2.5563e-17	2.7804e-18
15107.1457	2.5577e-17	2.7920e-18
15107.7457	2.5572e-17	2.7924e-18
15108.3457	2.5569e-17	2.7028e-18
15108.9456	2.5564e-17	2.6933e-18
15109.5456	2.5545e-17	2.6818e-18
15110.1455	2.5553e-17	2.4182e-18
15110.7455	2.5547e-17	2.3632e-18
15111.3455	2.5539e-17	2.3643e-18
15111.9454	2.5537e-17	2.2167e-18
15112.5454	2.5535e-17	1.9349e-18
15113.1454	2.5533e-17	1.8936e-18
15113.7453	2.5526e-17	1.8915e-18
15114.3453	2.5540e-17	1.8494e-18
15114.9452	2.5557e-17	1.8461e-18
15115.5452	2.5549e-17	1.8579e-18
15116.1452	2.5552e-17	1.8726e-18
15116.7451	2.5568e-17	1.8157e-18
15117.3451	2.5558e-17	1.7994e-18
15117.9450	2.5541e-17	1.7978e-18
15118.5450	2.5536e-17	1.7907e-18
15119.1450	2.5528e-17	1.7888e-18
15119.7449	2.5526e-17	1.7564e-18
15120.3549	2.5532e-17	1.7179e-18
15120.9548	2.5532e-17	1.6617e-18
15121.5548	2.5544e-17	1.6778e-18
15122.1548	2.5558e-17	1.6886e-18
15122.7547	2.5551e-17	1.6731e-18
15123.3547	2.5551e-17	1.6175e-18
15123.9546	2.5554e-17	1.6018e-18
15124.5546	2.5568e-17	1.5783e-18
15125.1546	2.5595e-17	1.6186e-18
15125.7545	2.5621e-17	1.7293e-18
15126.3545	2.5630e-17	1.7636e-18
15126.9544	2.5642e-17	1.7149e-18
15127.5544	2.5675e-17	1.6877e-18
15128.1544	2.5676e-17	1.7035e-18
15128.7543	2.5676e-17	1.6893e-18
15129.3543	2.5672e-17	1.6880e-18
15129.9542	2.5660e-17	1.7036e-18
15130.5542	2.5648e-17	1.7042e-18
15131.1542	2.5645e-17	1.7092e-18
15131.7541	2.5644e-17	1.7128e-18
15132.3541	2.5644e-17	1.7066e-18
15132.9540	2.5641e-17	1.6924e-18
15133.5540	2.5620e-17	1.6863e-18
15134.1540	2.5591e-17	1.6846e-18
15134.7539	2.5573e-17	1.6866e-18
15135.3539	2.5572e-17	1.6841e-18
15135.9538	2.5571e-17	1.6608e-18
15136.5538	2.5558e-17	1.6463e-18
15138.3537	2.5548e-17	1.6607e-18
15138.9536	2.5554e-17	1.7084e-18
15139.5536	2.5543e-17	1.6934e-18
15140.1536	2.5534e-17	1.6711e-18
15140.7535	2.5564e-17	1.6712e-18
15141.3535	2.5568e-17	1.6720e-18
15141.9535	2.5580e-17	1.6771e-18
15142.5534	2.5579e-17	1.6550e-18
15143.1534	2.5571e-17	1.6680e-18
15143.7533	2.5572e-17	1.6680e-18
15144.3533	2.5573e-17	1.6670e-18
15144.9533	2.5550e-17	1.6641e-18
15145.5532	2.5527e-17	1.6654e-18
15146.1532	2.5474e-17	1.6732e-18
15146.7531	2.5424e-17	1.6865e-18
15147.3531	2.5399e-17	1.6866e-18
15147.9531	2.5374e-17	1.6702e-18
15148.5530	2.5361e-17	1.6445e-18
15149.1530	2.5286e-17	1.6485e-18
15149.7529	2.5188e-17	1.6486e-18
15150.3529	2.5224e-17	1.6415e-18
15150.9529	2.5259e-17	1.6415e-18
15151.5528	2.5292e-17	1.6354e-18
15152.1528	2.5323e-17	1.5891e-18
15152.7527	2.5352e-17	1.5900e-18
15153.3527	2.5377e-17	1.6151e-18
15153.9527	2.5400e-17	1.5274e-18
15154.5526	2.5419e-17	1.4773e-18
15155.1526	2.5434e-17	1.4823e-18
15155.7525	2.5440e-17	1.4787e-18
15156.3525	2.5441e-17	1.4504e-18
15156.9525	2.5438e-17	1.4491e-18
15157.5524	2.5429e-17	1.4382e-18
15158.1524	2.5426e-17	1.4311e-18
15158.7523	2.5436e-17	1.4275e-18
15159.3523	2.5435e-17	1.4272e-18
15159.9523	2.5399e-17	1.4253e-18
15160.5522	2.5409e-17	1.4135e-18
15161.1522	2.5416e-17	1.4110e-18
15161.7521	2.5400e-17	1.3907e-18
15162.3521	2.5400e-17	1.3860e-18
15162.9521	2.5411e-17	1.3862e-18
15163.5520	2.5412e-17	1.3776e-18
15164.1520	2.5400e-17	1.3781e-18
15164.7520	2.5408e-17	1.3638e-18
15165.3519	2.5431e-17	1.3535e-18
15165.9619	2.5451e-17	1.3535e-18
15166.5618	2.5476e-17	1.3562e-18
15167.1618	2.5493e-17	1.3560e-18
15167.7618	2.5505e-17	1.3501e-18
15168.3617	2.5521e-17	1.3486e-18
15168.9617	2.5535e-17	1.3104e-18
15169.5616	2.5561e-17	1.2939e-18
15170.1616	2.5589e-17	1.2976e-18
15170.7616	2.5616e-17	1.2526e-18
15171.3615	2.5641e-17	1.2218e-18
15171.9615	2.5647e-17	1.2385e-18
15172.5614	2.5661e-17	1.2472e-18
15173.1614	2.5665e-17	1.2514e-18
15173.7614	2.5672e-17	1.2629e-18
15174.3613	2.5697e-17	1.2393e-18
15174.9613	2.5729e-17	1.1352e-18
15175.5612	2.5767e-17	1.0971e-18
15176.1612	2.5797e-17	1.0925e-18
15176.7612	2.5801e-17	1.1129e-18
15177.3611	2.5803e-17	1.0833e-18
15177.9611	2.5807e-17	1.0821e-18
15178.5610	2.5846e-17	1.1021e-18
15179.1610	2.5865e-17	1.0875e-18
15179.7610	2.5865e-17	1.0908e-18
15180.3609	2.5881e-17	1.1045e-18
15180.9609	2.5914e-17	1.0861e-18
15181.5608	2.5941e-17	1.0708e-18
15182.1608	2.5960e-17	1.0719e-18
15182.7608	2.5943e-17	1.0944e-18
15183.3607	2.5948e-17	1.0961e-18
15183.9607	2.5982e-17	1.1023e-18
15184.5606	2.5943e-17	1.0805e-18
15185.7606	2.5990e-17	1.0791e-18
15186.3605	2.6023e-17	1.0787e-18
15186.9605	2.6004e-17	1.0488e-18
15187.5604	2.5969e-17	9.8325e-19
15188.1604	2.5966e-17	9.8019e-19
15188.7604	2.5979e-17	9.7427e-19
15189.3603	2.5977e-17	9.7289e-19
15189.9603	2.6002e-17	9.7841e-19
15190.5603	2.6030e-17	9.7149e-19
15191.1602	2.6057e-17	9.7497e-19
15191.7602	2.6103e-17	9.4393e-19
15192.3601	2.6147e-17	9.4800e-19
15192.9601	2.6171e-17	9.4838e-19
15193.5601	2.6218e-17	9.4517e-19
15194.1600	2.6248e-17	9.6020e-19
15194.7600	2.6262e-17	9.4024e-19
15195.3599	2.6276e-17	9.1562e-19
15195.9599	2.6285e-17	9.2465e-19
15196.5599	2.6302e-17	9.3543e-19
15197.1598	2.6327e-17	9.5762e-19
15197.7598	2.6335e-17	9.3567e-19
15198.3597	2.6328e-17	9.8487e-19
15198.9597	2.6331e-17	9.9418e-19
15199.5597	2.6359e-17	9.9908e-19
15200.1596	2.6376e-17	9.9542e-19
15200.7596	2.6403e-17	9.8181e-19
15201.3595	2.6433e-17	9.9407e-19
15201.9595	2.6470e-17	9.6846e-19
15202.5595	2.6505e-17	9.7641e-19
15203.1594	2.6522e-17	1.0779e-18
15203.7594	2.6548e-17	1.1346e-18
15204.3593	2.6559e-17	1.1592e-18
15204.9593	2.6578e-17	1.1592e-18
15205.5593	2.6596e-17	1.1679e-18
15206.1592	2.6612e-17	1.1712e-18
15206.7592	2.6620e-17	1.1723e-18
15207.3591	2.6624e-17	1.1720e-18
15207.9591	2.6627e-17	1.1814e-18
15208.5591	2.6632e-17	1.1882e-18
15209.1590	2.6636e-17	1.1958e-18
15209.7590	2.6647e-17	1.2064e-18
15210.3589	2.6673e-17	1.2084e-18
15210.9589	2.6710e-17	1.2121e-18
15211.5689	2.6723e-17	1.2172e-18
15212.1688	2.6730e-17	1.2236e-18
15212.7688	2.6747e-17	1.2325e-18
15213.3688	2.6767e-17	1.2440e-18
15213.9687	2.6794e-17	1.2574e-18
15214.5687	2.6800e-17	1.2774e-18
15215.1686	2.6812e-17	1.2865e-18
15215.7686	2.6826e-17	1.3117e-18
15216.3686	2.6822e-17	1.3393e-18
15216.9685	2.6814e-17	1.3672e-18
15217.5685	2.6811e-17	1.4017e-18
15218.1684	2.6811e-17	1.4361e-18
15218.7684	2.6815e-17	1.4626e-18
15219.3684	2.6814e-17	1.4652e-18
15219.9683	2.6816e-17	1.4673e-18
15220.5683	2.6824e-17	1.4627e-18
15221.1682	2.6827e-17	1.4580e-18
15221.7682	2.6837e-17	1.4628e-18
15222.3682	2.6860e-17	1.4553e-18
15222.9681	2.6870e-17	1.4501e-18
15223.5681	2.6870e-17	1.4337e-18
15224.1680	2.6869e-17	1.4312e-18
15224.7680	2.6865e-17	1.4296e-18
15225.3680	2.6873e-17	1.4146e-18
15225.9679	2.6886e-17	1.4137e-18
15226.5679	2.6885e-17	1.4144e-18
15227.1678	2.6902e-17	1.3956e-18
15227.7678	2.6927e-17	1.3897e-18
15228.3678	2.6946e-17	1.3849e-18
15228.9677	2.6956e-17	1.3632e-18
15229.5677	2.6949e-17	1.3654e-18
15230.1676	2.6935e-17	1.3707e-18
15230.7676	2.6939e-17	1.3765e-18
15231.3676	2.6930e-17	1.3651e-18
15231.9675	2.6922e-17	1.3689e-18
15232.5675	2.6927e-17	1.3557e-18
15233.1675	2.6926e-17	1.3506e-18
15233.7674	2.6930e-17	1.3774e-18
15234.3674	2.6920e-17	1.3879e-18
15234.9673	2.6924e-17	1.3810e-18
15235.5673	2.6936e-17	1.3675e-18
15236.1673	2.6911e-17	1.3727e-18
15236.7672	2.6894e-17	1.3754e-18
15237.3672	2.6890e-17	1.3754e-18
15237.9671	2.6882e-17	1.3723e-18
15238.5671	2.6872e-17	1.4370e-18
15239.1671	2.6861e-17	1.4317e-18
15239.7670	2.6848e-17	1.4351e-18
15240.3670	2.6846e-17	1.4329e-18
15240.9669	2.6840e-17	1.4526e-18
15241.5669	2.6823e-17	1.4524e-18
15242.1669	2.6819e-17	1.4483e-18
15242.7668	2.6833e-17	1.4469e-18
15243.3668	2.6840e-17	1.4310e-18
15243.9667	2.6831e-17	1.4140e-18
15244.5667	2.6842e-17	1.4142e-18
15245.1667	2.6851e-17	1.4264e-18
15245.7666	2.6843e-17	1.4255e-18
15246.3666	2.6838e-17	1.3893e-18
15246.9665	2.6835e-17	1.3631e-18
15247.5665	2.6829e-17	1.3694e-18
15248.1665	2.6805e-17	1.4037e-18
15248.7664	2.6766e-17	1.4037e-18
15249.3664	2.6737e-17	1.4121e-18
15249.9663	2.6720e-17	1.4098e-18
15250.5663	2.6715e-17	1.4114e-18
15251.1663	2.6720e-17	1.4150e-18
15251.7662	2.6720e-17	1.4401e-18
15252.9662	2.6716e-17	1.4609e-18
15253.5661	2.6695e-17	1.4605e-18
15254.1661	2.6690e-17	1.4777e-18
15254.7660	2.6685e-17	1.4764e-18
15255.3660	2.6685e-17	1.4778e-18
15255.9660	2.6697e-17	1.4776e-18
15256.5659	2.6690e-17	1.5019e-18
15257.1659	2.6684e-17	1.5245e-18
15257.7758	2.6671e-17	1.5355e-18
15258.3758	2.6669e-17	1.5415e-18
15258.9758	2.6652e-17	1.5611e-18
15259.5757	2.6658e-17	1.5782e-18
15260.1757	2.6658e-17	1.5925e-18
15260.7756	2.6637e-17	1.6039e-18
15261.3756	2.6612e-17	1.6117e-18
15261.9756	2.6594e-17	1.6156e-18
15262.5755	2.6575e-17	1.6155e-18
15263.1755	2.6569e-17	1.6111e-18
15263.7754	2.6579e-17	1.6019e-18
15264.3754	2.6588e-17	1.5876e-18
15264.9754	2.6581e-17	1.5668e-18
15265.5753	2.6564e-17	1.5396e-18
15266.1753	2.6565e-17	1.5053e-18
15266.7752	2.6564e-17	1.4595e-18
15267.3752	2.6561e-17	1.4149e-18
15267.9752	2.6554e-17	1.4141e-18
15268.5751	2.6545e-17	1.4175e-18
15269.1751	2.6537e-17	1.4225e-18
15269.7750	2.6530e-17	1.4375e-18
15270.3750	2.6524e-17	1.4393e-18
15270.9750	2.6539e-17	1.4420e-18
15271.5749	2.6511e-17	1.4396e-18
15272.1749	2.6492e-17	1.4382e-18
15272.7749	2.6493e-17	1.4359e-18
15273.3748	2.6489e-17	1.4286e-18
15273.9748	2.6494e-17	1.4205e-18
15274.5747	2.6478e-17	1.4138e-18
15275.1747	2.6476e-17	1.4331e-18
15275.7747	2.6489e-17	1.4520e-18
15276.3746	2.6492e-17	1.4509e-18
15276.9746	2.6471e-17	1.4550e-18
15277.5745	2.6469e-17	1.4553e-18
15278.1745	2.6484e-17	1.4551e-18
15278.7745	2.6493e-17	1.4545e-18
15279.3744	2.6493e-17	1.4530e-18
15279.9744	2.6487e-17	1.4502e-18
15280.5743	2.6479e-17	1.4456e-18
15281.1743	2.6473e-17	1.4442e-18
15281.7743	2.6466e-17	1.4434e-18
15282.3742	2.6467e-17	1.4009e-18
15282.9742	2.6469e-17	1.3997e-18
15283.5741	2.6468e-17	1.4025e-18
15284.1741	2.6462e-17	1.4063e-18
15284.7741	2.6461e-17	1.3999e-18
15285.3740	2.6445e-17	1.4317e-18
15285.9740	2.6439e-17	1.4292e-18
15286.5739	2.6442e-17	1.4397e-18
15287.1739	2.6442e-17	1.4198e-18
15287.7739	2.6457e-17	1.4199e-18
15288.9738	2.6446e-17	1.4056e-18
15289.5737	2.6426e-17	1.3924e-18
15290.1737	2.6415e-17	1.3608e-18
15290.7737	2.6403e-17	1.3645e-18
15291.3736	2.6390e-17	1.3749e-18
15291.9736	2.6388e-17	1.3708e-18
15292.5736	2.6377e-17	1.3695e-18
15293.1735	2.6364e-17	1.3693e-18
15293.7735	2.6361e-17	1.3623e-18
15294.3734	2.6353e-17	1.3274e-18
15294.9734	2.6359e-17	1.3247e-18
15295.5734	2.6364e-17	1.3239e-18
15296.1733	2.6371e-17	1.3254e-18
15296.7733	2.6380e-17	1.3249e-18
15297.3732	2.6389e-17	1.3208e-18
15297.9732	2.6404e-17	1.3248e-18
15298.5732	2.6405e-17	1.3028e-18
15299.1731	2.6416e-17	1.3026e-18
15299.7731	2.6434e-17	1.2926e-18
15300.3730	2.6446e-17	1.2577e-18
15300.9730	2.6453e-17	1.2169e-18
15301.5730	2.6464e-17	1.1932e-18
15302.1729	2.6472e-17	1.2403e-18
15302.7729	2.6481e-17	1.2143e-18
15303.3828	2.6499e-17	1.2109e-18
15303.9828	2.6509e-17	1.2060e-18
15304.5828	2.6516e-17	1.2059e-18
15305.1827	2.6528e-17	1.1816e-18
15305.7827	2.6551e-17	1.1576e-18
15306.3826	2.6572e-17	1.1340e-18
15306.9826	2.6595e-17	1.1115e-18
15307.5826	2.6615e-17	1.0894e-18
15308.1825	2.6632e-17	1.0677e-18
15308.7825	2.6648e-17	1.0463e-18
15309.3825	2.6669e-17	1.0258e-18
15309.9824	2.6693e-17	1.0060e-18
15310.5824	2.6717e-17	9.8738e-19
15311.1823	2.6738e-17	9.9666e-19
15311.7823	2.6755e-17	1.0013e-18
15312.3823	2.6779e-17	9.9158e-19
15312.9822	2.6798e-17	9.7433e-19
15313.5822	2.6821e-17	9.5949e-19
15314.1821	2.6853e-17	9.4853e-19
15314.7821	2.6880e-17	9.3363e-19
15315.3821	2.6911e-17	9.3314e-19
15315.9820	2.6946e-17	9.2543e-19
15316.5820	2.6965e-17	9.2614e-19
15317.1819	2.6988e-17	9.2521e-19
15317.7819	2.7023e-17	9.2143e-19
15318.3819	2.7062e-17	9.1461e-19
15318.9818	2.7085e-17	9.0278e-19
15319.5818	2.7102e-17	9.0274e-19
15320.1817	2.7123e-17	9.0220e-19
15320.7817	2.7165e-17	9.0202e-19
15321.3817	2.7196e-17	8.9820e-19
15321.9816	2.7205e-17	8.9681e-19
15322.5816	2.7229e-17	8.9326e-19
15323.1815	2.7257e-17	8.9817e-19
15323.7815	2.7282e-17	8.9011e-19
15324.3815	2.7315e-17	8.8592e-19
15324.9814	2.7350e-17	8.8905e-19
15325.5814	2.7367e-17	8.8814e-19
15326.1814	2.7382e-17	8.8861e-19
15326.7813	2.7399e-17	8.8793e-19
15327.3813	2.7424e-17	8.8823e-19
15327.9812	2.7454e-17	8.9320e-19
15328.5812	2.7479e-17	8.9518e-19
15329.1812	2.7495e-17	9.0907e-19
15329.7811	2.7513e-17	9.1875e-19
15330.9810	2.7520e-17	9.2517e-19
15331.5810	2.7526e-17	9.2944e-19
15332.1810	2.7545e-17	9.3220e-19
15332.7809	2.7565e-17	9.3538e-19
15333.3809	2.7571e-17	9.4503e-19
15333.9808	2.7575e-17	9.4769e-19
15334.5808	2.7576e-17	9.1248e-19
15335.1808	2.7575e-17	9.0122e-19
15335.7807	2.7572e-17	8.9526e-19
15336.3807	2.7585e-17	8.6167e-19
15336.9806	2.7606e-17	8.7166e-19
15337.5806	2.7633e-17	8.8590e-19
15338.1806	2.7642e-17	8.8659e-19
15338.7805	2.7633e-17	8.9663e-19
15339.3805	2.7624e-17	8.8510e-19
15339.9804	2.7623e-17	8.7501e-19
15340.5804	2.7624e-17	8.7515e-19
15341.1804	2.7626e-17	8.7446e-19
15341.7803	2.7625e-17	8.7118e-19
15342.3803	2.7643e-17	8.6886e-19
15342.9803	2.7665e-17	8.6872e-19
15343.5802	2.7663e-17	8.6936e-19
15344.1802	2.7671e-17	8.7266e-19
15344.7801	2.7665e-17	8.7214e-19
15345.3801	2.7671e-17	8.7209e-19
15345.9801	2.7681e-17	9.4533e-19
15346.5800	2.7681e-17	9.7071e-19
15347.1800	2.7681e-17	1.0124e-18
15347.7799	2.7676e-17	1.0170e-18
15348.3799	2.7679e-17	1.0163e-18
15348.9899	2.7677e-17	1.0675e-18
15349.5898	2.7671e-17	1.0569e-18
15350.1898	2.7670e-17	1.0575e-18
15350.7897	2.7672e-17	1.0168e-18
15351.3897	2.7670e-17	1.0227e-18
15351.9897	2.7666e-17	1.0513e-18
15352.5896	2.7671e-17	1.0599e-18
15353.1896	2.7673e-17	1.0975e-18
15353.7895	2.7678e-17	1.1269e-18
15354.3895	2.7687e-17	1.1309e-18
15354.9895	2.7693e-17	1.1306e-18
15355.5894	2.7688e-17	1.1302e-18
15356.1894	2.7681e-17	1.1288e-18
15356.7894	2.7666e-17	1.1266e-18
15357.3893	2.7672e-17	1.1265e-18
15357.9893	2.7671e-17	1.1283e-18
15358.5892	2.7671e-17	1.1253e-18
15359.1892	2.7672e-17	1.1175e-18
15359.7892	2.7684e-17	1.0955e-18
15360.3891	2.7669e-17	1.0953e-18
15360.9891	2.7666e-17	1.0872e-18
15361.5890	2.7672e-17	1.0951e-18
15362.1890	2.7685e-17	1.0946e-18
15362.7890	2.7680e-17	1.1047e-18
15363.3889	2.7660e-17	1.1204e-18
15363.9889	2.7635e-17	1.1352e-18
15364.5888	2.7624e-17	1.1476e-18
15365.1888	2.7613e-17	1.1583e-18
15365.7888	2.7597e-17	1.1673e-18
15366.3887	2.7591e-17	1.1680e-18
15366.9887	2.7574e-17	1.1693e-18
15367.5886	2.7557e-17	1.1710e-18
15368.1886	2.7527e-17	1.1729e-18
15368.7886	2.7501e-17	1.1748e-18
15369.3885	2.7486e-17	1.1765e-18
15369.9885	2.7458e-17	1.1778e-18
15370.5884	2.7436e-17	1.1785e-18
15371.1884	2.7432e-17	1.1782e-18
15371.7884	2.7411e-17	1.1765e-18
15372.3883	2.7401e-17	1.1731e-18
15372.9883	2.7377e-17	1.1676e-18
15373.5883	2.7345e-17	1.1667e-18
15374.1882	2.7338e-17	1.1668e-18
15374.7882	2.7336e-17	1.1671e-18
15375.3881	2.7328e-17	1.1650e-18
15375.9881	2.7313e-17	1.1719e-18
15376.5881	2.7314e-17	1.1755e-18
15377.1880	2.7304e-17	1.1747e-18
15377.7880	2.7282e-17	1.1711e-18
15378.3879	2.7273e-17	1.1687e-18
15378.9879	2.7275e-17	1.1604e-18
15379.5879	2.7275e-17	1.1596e-18
15380.1878	2.7279e-17	1.1591e-18
15380.7878	2.7283e-17	1.1580e-18
15381.3877	2.7281e-17	1.1528e-18
15381.9877	2.7290e-17	1.1510e-18
15382.5877	2.7291e-17	1.1466e-18
15383.1876	2.7297e-17	1.1452e-18
15383.7876	2.7302e-17	1.1422e-18
15384.3875	2.7307e-17	1.1415e-18
15384.9875	2.7311e-17	1.1367e-18
15385.5875	2.7316e-17	1.1227e-18
15386.1874	2.7319e-17	1.1237e-18
15386.7874	2.7323e-17	1.1135e-18
15387.3874	2.7327e-17	1.1124e-18
15387.9873	2.7330e-17	1.1142e-18
15388.5873	2.7333e-17	1.1154e-18
15389.1872	2.7330e-17	1.1147e-18
15389.7872	2.7330e-17	1.1299e-18
15390.3872	2.7322e-17	1.1452e-18
15390.9871	2.7320e-17	1.1515e-18
15391.5871	2.7311e-17	1.1506e-18
15392.1870	2.7305e-17	1.1440e-18
15392.7870	2.7302e-17	1.1558e-18
15393.3870	2.7296e-17	1.1634e-18
15393.9869	2.7298e-17	1.0914e-18
15394.5969	2.7300e-17	1.0671e-18
15395.1968	2.7298e-17	1.0296e-18
15395.7968	2.7297e-17	1.0141e-18
15396.9967	2.7298e-17	1.0360e-18
15397.5967	2.7299e-17	9.7866e-19
15398.1966	2.7286e-17	9.8830e-19
15398.7966	2.7275e-17	9.9494e-19
15399.3966	2.7274e-17	9.9457e-19
15399.9965	2.7271e-17	1.0436e-18
15400.5965	2.7272e-17	1.0760e-18
15401.1964	2.7275e-17	1.1109e-18
15401.7964	2.7278e-17	1.1054e-18
15402.3964	2.7282e-17	1.0971e-18
15402.9963	2.7286e-17	1.1011e-18
15403.5963	2.7295e-17	1.1053e-18
15404.1963	2.7294e-17	1.1055e-18
15404.7962	2.7295e-17	1.1047e-18
15405.3962	2.7295e-17	1.1038e-18
15405.9961	2.7296e-17	1.1021e-18
15406.5961	2.7296e-17	1.1000e-18
15407.1961	2.7296e-17	1.1055e-18
15407.7960	2.7296e-17	1.1200e-18
15408.3960	2.7285e-17	1.1374e-18
15408.9959	2.7295e-17	1.1481e-18
15409.5959	2.7290e-17	1.1849e-18
15410.1959	2.7280e-17	1.2183e-18
15410.7958	2.7282e-17	1.2104e-18
15411.3958	2.7279e-17	1.2033e-18
15411.9957	2.7281e-17	1.2465e-18
15412.5957	2.7280e-17	1.2370e-18
15413.1957	2.7275e-17	1.2502e-18
15413.7956	2.7269e-17	1.2619e-18
15414.3956	2.7275e-17	1.2556e-18
15414.9955	2.7279e-17	1.2505e-18
15415.5955	2.7286e-17	1.2496e-18
15416.1955	2.7293e-17	1.2499e-18
15416.7954	2.7297e-17	1.2757e-18
15417.3954	2.7301e-17	1.2813e-18
15417.9954	2.7298e-17	1.2802e-18
15418.5953	2.7297e-17	1.2781e-18
15419.1953	2.7301e-17	1.2775e-18
15419.7952	2.7294e-17	1.2763e-18
15420.3952	2.7291e-17	1.2874e-18
15420.9952	2.7292e-17	1.2869e-18
15421.5951	2.7303e-17	1.2867e-18
15422.1951	2.7311e-17	1.2871e-18
15422.7950	2.7302e-17	1.2933e-18
15423.3950	2.7307e-17	1.2942e-18
15423.9950	2.7305e-17	1.2946e-18
15424.5949	2.7281e-17	1.2860e-18
15425.1949	2.7291e-17	1.2825e-18
15425.7948	2.7293e-17	1.2764e-18
15426.9948	2.7298e-17	1.2764e-18
15427.5947	2.7296e-17	1.2742e-18
15428.1947	2.7290e-17	1.2720e-18
15428.7946	2.7289e-17	1.2703e-18
15429.3946	2.7295e-17	1.2705e-18
15429.9946	2.7296e-17	1.2708e-18
15430.5945	2.7288e-17	1.2711e-18
15431.1945	2.7287e-17	1.2729e-18
15431.7945	2.7282e-17	1.2732e-18
15432.3944	2.7271e-17	1.2726e-18
15432.9944	2.7261e-17	1.2718e-18
15433.5943	2.7257e-17	1.2700e-18
15434.1943	2.7277e-17	1.2731e-18
15434.7943	2.7294e-17	1.2797e-18
15435.3942	2.7303e-17	1.2825e-18
15435.9942	2.7308e-17	1.2853e-18
15436.5941	2.7306e-17	1.3083e-18
15437.1941	2.7290e-17	1.3189e-18
15437.7941	2.7278e-17	1.3284e-18
15438.3940	2.7278e-17	1.3338e-18
15438.9940	2.7308e-17	1.3310e-18
15439.5939	2.7292e-17	1.3226e-18
15440.1939	2.7238e-17	1.3214e-18
15440.8039	2.7214e-17	1.3235e-18
15441.4038	2.7230e-17	1.3260e-18
15442.0038	2.7308e-17	1.3257e-18
15442.6037	2.7237e-17	1.3215e-18
15443.2037	2.7178e-17	1.3229e-18
15443.8037	2.7129e-17	1.3380e-18
15444.4036	2.7091e-17	1.3632e-18
15445.0036	2.7062e-17	1.3863e-18
15445.6036	2.7043e-17	1.3994e-18
15446.2035	2.7033e-17	1.4039e-18
15446.8035	2.7031e-17	1.4113e-18
15447.4034	2.7038e-17	1.4317e-18
15448.0034	2.7047e-17	1.4292e-18
15448.6034	2.7060e-17	1.4079e-18
15449.2033	2.7079e-17	1.3747e-18
15449.8033	2.7098e-17	1.3436e-18
15450.4032	2.7126e-17	1.3268e-18
15451.0032	2.7167e-17	1.3037e-18
15451.6032	2.7200e-17	1.2927e-18
15452.2031	2.7240e-17	1.2881e-18
15452.8031	2.7286e-17	1.2883e-18
15453.4030	2.7305e-17	1.2876e-18
15454.0030	2.7338e-17	1.2882e-18
15454.6030	2.7368e-17	1.2881e-18
15455.2029	2.7393e-17	1.2885e-18
15455.8029	2.7430e-17	1.2850e-18
15456.4029	2.7461e-17	1.2771e-18
15457.0028	2.7484e-17	1.2702e-18
15457.6028	2.7506e-17	1.2477e-18
15458.2027	2.7538e-17	1.2178e-18
15458.8027	2.7569e-17	1.1738e-18
15459.4027	2.7599e-17	1.1745e-18
15460.0026	2.7631e-17	1.1590e-18
15460.6026	2.7654e-17	1.0998e-18
15461.2025	2.7663e-17	1.0979e-18
15461.8025	2.7684e-17	1.0732e-18
15462.4025	2.7698e-17	1.0502e-18
15463.0024	2.7710e-17	1.0496e-18
15463.6024	2.7727e-17	1.0488e-18
15464.2023	2.7744e-17	1.0436e-18
15464.8023	2.7756e-17	1.0378e-18
15465.4023	2.7776e-17	9.9749e-19
15466.0022	2.7789e-17	9.8383e-19
15466.6022	2.7790e-17	9.8327e-19
15467.2021	2.7797e-17	9.8677e-19
15467.8021	2.7796e-17	1.0023e-18
15468.4021	2.7771e-17	1.0018e-18
15469.0020	2.7779e-17	9.8503e-19
15469.6020	2.7793e-17	9.9396e-19
15470.2020	2.7785e-17	9.9441e-19
15470.8019	2.7785e-17	9.9473e-19
15471.4019	2.7772e-17	9.8211e-19
15472.0018	2.7777e-17	9.7836e-19
15472.6018	2.7779e-17	9.7840e-19
15473.2018	2.7778e-17	9.7648e-19
15473.8017	2.7777e-17	9.6688e-19
15474.4017	2.7795e-17	9.6713e-19
15475.0016	2.7810e-17	9.6630e-19
15475.6016	2.7802e-17	9.6310e-19
15476.2016	2.7801e-17	9.6569e-19
15476.8015	2.7800e-17	9.6798e-19
15477.4015	2.7805e-17	9.6965e-19
15478.0014	2.7808e-17	9.9018e-19
15478.6014	2.7800e-17	9.9059e-19
15479.2014	2.7787e-17	9.9157e-19
15479.8013	2.7762e-17	9.8950e-19
15480.4013	2.7744e-17	9.8898e-19
15481.0012	2.7729e-17	9.8826e-19
15481.6012	2.7711e-17	9.8996e-19
15482.2012	2.7707e-17	9.9042e-19
15482.8011	2.7713e-17	9.7299e-19
15483.4011	2.7705e-17	9.7356e-19
15484.0011	2.7695e-17	9.7357e-19
15484.6010	2.7681e-17	9.5067e-19
15485.2010	2.7652e-17	9.2282e-19
15485.8009	2.7642e-17	9.0596e-19
15486.4109	2.7625e-17	9.0754e-19
15487.0109	2.7622e-17	9.1170e-19
15487.6108	2.7615e-17	9.1636e-19
15488.2108	2.7614e-17	9.2345e-19
15488.8107	2.7610e-17	9.2962e-19
15489.4107	2.7608e-17	9.2809e-19
15490.0107	2.7603e-17	9.2969e-19
15490.6106	2.7599e-17	9.3706e-19
15491.2106	2.7594e-17	9.4151e-19
15491.8105	2.7584e-17	9.2976e-19
15492.4105	2.7573e-17	9.0071e-19
15493.0105	2.7562e-17	8.6640e-19
15493.6104	2.7549e-17	8.1588e-19
15494.2104	2.7536e-17	8.1224e-19
15494.8104	2.7521e-17	7.9167e-19
15495.4103	2.7506e-17	7.5837e-19
15496.0103	2.7489e-17	7.5630e-19
15496.6102	2.7472e-17	7.3019e-19
15497.2102	2.7454e-17	7.0187e-19
15497.8102	2.7435e-17	6.7667e-19
15498.4101	2.7425e-17	6.2880e-19
15499.0101	2.7415e-17	6.2976e-19
15499.6100	2.7406e-17	6.5565e-19
15500.2100	2.7397e-17	6.4098e-19
15500.8100	2.7387e-17	6.2627e-19
15501.4099	2.7378e-17	6.2461e-19
15502.0099	2.7368e-17	6.2605e-19
15502.6098	2.7358e-17	6.1659e-19
15503.2098	2.7348e-17	6.4148e-19
15503.8098	2.7337e-17	6.5172e-19
15504.4097	2.7327e-17	6.3825e-19
15505.0097	2.7331e-17	6.4550e-19
15505.6096	2.7330e-17	6.4296e-19
15506.2096	2.7334e-17	6.4495e-19
15506.8096	2.7323e-17	6.4518e-19
15507.4095	2.7317e-17	6.5500e-19
15508.0095	2.7310e-17	6.8704e-19
15508.6095	2.7305e-17	7.0172e-19
15509.2094	2.7300e-17	7.0255e-19
15509.8094	2.7295e-17	6.9936e-19
15510.4093	2.7296e-17	7.0256e-19
15511.0093	2.7283e-17	7.0788e-19
15511.6093	2.7276e-17	7.4570e-19
15512.2092	2.7263e-17	7.3535e-19
15512.8092	2.7254e-17	9.5269e-19
15513.4091	2.7237e-17	9.9552e-19
15514.0091	2.7234e-17	1.4783e-18
15514.6091	2.7228e-17	1.5474e-18
15515.2090	2.7227e-17	1.5778e-18
15515.8090	2.7218e-17	2.2298e-18
15516.4089	2.7210e-17	2.6043e-18
15517.0089	2.7206e-17	2.8862e-18
15517.6089	2.7198e-17	3.1022e-18
15518.2088	2.7196e-17	3.2700e-18
15518.8088	2.7201e-17	3.4006e-18
15519.4088	2.7192e-17	3.5015e-18
15520.0087	2.7177e-17	3.5780e-18
15520.6087	2.7161e-17	3.6345e-18
15521.2086	2.7144e-17	3.6744e-18
15521.8086	2.7115e-17	3.7010e-18
15522.4086	2.7084e-17	3.7171e-18
15523.0085	2.7053e-17	3.7254e-18
15523.6085	2.7029e-17	3.7281e-18
15524.2084	2.7007e-17	3.7277e-18
15524.8084	2.6995e-17	3.7288e-18
15525.4084	2.6971e-17	3.7311e-18
15526.0083	2.6950e-17	3.7272e-18
15526.6083	2.6920e-17	3.7377e-18
15527.2082	2.6894e-17	3.7370e-18
15527.8082	2.6873e-17	3.7388e-18
15528.4082	2.6856e-17	3.7390e-18
15529.0081	2.6845e-17	3.7380e-18
15529.6081	2.6838e-17	3.7415e-18
15530.2081	2.6836e-17	3.7426e-18
15530.8080	2.6840e-17	3.7453e-18
15531.4080	2.6848e-17	3.7460e-18
15532.0179	2.6862e-17	3.7504e-18
15532.6179	2.6862e-17	3.7572e-18
15533.2179	2.6853e-17	3.7597e-18
15533.8178	2.6835e-17	3.7608e-18
15534.4178	2.6833e-17	3.7615e-18
15535.0177	2.6849e-17	3.7604e-18
15535.6177	2.6870e-17	3.7692e-18
15536.2177	2.6881e-17	3.7667e-18
15536.8176	2.6887e-17	3.7639e-18
15537.4176	2.6884e-17	3.7668e-18
15538.0175	2.6895e-17	3.7685e-18
15538.6175	2.6898e-17	3.7688e-18
15539.2175	2.6884e-17	3.7770e-18
15539.8174	2.6888e-17	3.7798e-18
15540.4174	2.6904e-17	3.7789e-18
15541.0173	2.6911e-17	3.7761e-18
15541.6173	2.6921e-17	3.7731e-18
15542.2173	2.6916e-17	3.7716e-18
15542.8172	2.6916e-17	3.7692e-18
15543.4172	2.6919e-17	3.7660e-18
15544.0172	2.6920e-17	3.7623e-18
15544.6171	2.6912e-17	3.7548e-18
15545.2171	2.6909e-17	3.7553e-18
15545.8170	2.6918e-17	3.7559e-18
15546.4170	2.6920e-17	3.7564e-18
15547.0170	2.6916e-17	3.7589e-18
15547.6169	2.6912e-17	3.7513e-18
15548.2169	2.6914e-17	3.7529e-18
15548.8168	2.6921e-17	3.7536e-18
15549.4168	2.6926e-17	3.7598e-18
15550.0168	2.6924e-17	3.7810e-18
15550.6167	2.6919e-17	3.7902e-18
15551.2167	2.6918e-17	3.7927e-18
15551.8166	2.6918e-17	3.7952e-18
15552.4166	2.6919e-17	3.7953e-18
15553.0166	2.6914e-17	3.7900e-18
15553.6165	2.6910e-17	3.7894e-18
15554.2165	2.6906e-17	3.7891e-18
15554.8165	2.6903e-17	3.7888e-18
15555.4164	2.6906e-17	3.7836e-18
15556.0164	2.6895e-17	3.7824e-18
15556.6163	2.6897e-17	3.7798e-18
15557.2163	2.6898e-17	3.7775e-18
15557.8163	2.6906e-17	3.7852e-18
15558.4162	2.6893e-17	3.7848e-18
15559.0162	2.6874e-17	3.7853e-18
15559.6161	2.6862e-17	3.7825e-18
15560.2161	2.6866e-17	3.7838e-18
15560.8161	2.6847e-17	3.7122e-18
15561.4160	2.6856e-17	3.7076e-18
15562.0160	2.6857e-17	3.5817e-18
15562.6159	2.6848e-17	3.5654e-18
15563.2159	2.6854e-17	3.5475e-18
15563.8159	2.6840e-17	3.1213e-18
15564.4158	2.6833e-17	2.8738e-18
15565.0158	2.6843e-17	2.6344e-18
15565.6158	2.6850e-17	2.4004e-18
15566.2157	2.6869e-17	2.1769e-18
15566.8157	2.6888e-17	1.9662e-18
15567.4156	2.6897e-17	1.7704e-18
15568.0156	2.6910e-17	1.5917e-18
15569.2155	2.6889e-17	1.4331e-18
15569.8155	2.6898e-17	1.2983e-18
15570.4154	2.6918e-17	1.1900e-18
15571.0154	2.6929e-17	1.1099e-18
15571.6154	2.6947e-17	1.0583e-18
15572.2153	2.6966e-17	1.0330e-18
15572.8153	2.6971e-17	1.0266e-18
15573.4152	2.6964e-17	1.0353e-18
15574.0152	2.6960e-17	1.0410e-18
15574.6152	2.6970e-17	1.0485e-18
15575.2151	2.6979e-17	1.0403e-18
15575.8151	2.6987e-17	1.0443e-18
15576.4151	2.7008e-17	1.0502e-18
15577.0150	2.7021e-17	1.0566e-18
15577.6250	2.7031e-17	1.0580e-18
15578.2249	2.7039e-17	1.0599e-18
15578.8249	2.7042e-17	1.0648e-18
15579.4249	2.7058e-17	1.0714e-18
15580.0248	2.7059e-17	1.0729e-18
15580.6248	2.7047e-17	1.0766e-18
15581.2247	2.7053e-17	1.0731e-18
15581.8247	2.7072e-17	1.0707e-18
15582.4247	2.7080e-17	1.0731e-18
15583.0246	2.7085e-17	1.0738e-18
15583.6246	2.7098e-17	1.0789e-18
15584.2245	2.7120e-17	1.0620e-18
15584.8245	2.7142e-17	1.0618e-18
15585.4245	2.7171e-17	1.0717e-18
15586.0244	2.7186e-17	1.0756e-18
15586.6244	2.7200e-17	1.0698e-18
15587.2244	2.7221e-17	1.0672e-18
15587.8243	2.7246e-17	1.0578e-18
15588.4243	2.7279e-17	1.0469e-18
15589.0242	2.7283e-17	1.0445e-18
15589.6242	2.7289e-17	1.0690e-18
15590.2242	2.7302e-17	1.0654e-18
15590.8241	2.7326e-17	1.0509e-18
15591.4241	2.7338e-17	1.0393e-18
15592.0240	2.7359e-17	1.0307e-18
15592.6240	2.7377e-17	1.0251e-18
15593.2240	2.7393e-17	1.0225e-18
15593.8239	2.7422e-17	1.0234e-18
15594.4239	2.7442e-17	1.0271e-18
15595.0238	2.7454e-17	1.0319e-18
15595.6238	2.7467e-17	1.0374e-18
15596.2238	2.7482e-17	1.0429e-18
15596.8237	2.7499e-17	1.0476e-18
15597.4237	2.7517e-17	1.0504e-18
15598.0237	2.7536e-17	1.0376e-18
15598.6236	2.7556e-17	9.7887e-19
15599.2236	2.7576e-17	9.5581e-19
15599.8235	2.7592e-17	9.3425e-19
15600.4235	2.7617e-17	9.1899e-19
15601.0235	2.7642e-17	9.9085e-19
15601.6234	2.7668e-17	1.0451e-18
15602.2234	2.7694e-17	1.0800e-18
15602.8233	2.7720e-17	1.1182e-18
15603.4233	2.7741e-17	1.1482e-18
15604.0233	2.7750e-17	1.1657e-18
15604.6232	2.7746e-17	1.1512e-18
15605.2232	2.7755e-17	1.1474e-18
15605.8231	2.7766e-17	1.1510e-18
15606.4231	2.7779e-17	1.1240e-18
15607.0231	2.7783e-17	1.1066e-18
15607.6230	2.7782e-17	1.1064e-18
15608.2230	2.7781e-17	1.1067e-18
15608.8230	2.7793e-17	1.0992e-18
15609.4229	2.7805e-17	1.0907e-18
15610.0229	2.7825e-17	1.0974e-18
15610.6228	2.7820e-17	1.0849e-18
15611.2228	2.7820e-17	1.0819e-18
15611.8228	2.7832e-17	1.0644e-18
15612.4227	2.7834e-17	1.0988e-18
15613.0227	2.7843e-17	1.1410e-18
15613.6226	2.7844e-17	1.1284e-18
15614.2226	2.7837e-17	1.1282e-18
15614.8226	2.7837e-17	1.1897e-18
15615.4225	2.7830e-17	1.1994e-18
15616.0225	2.7838e-17	1.2322e-18
15616.6224	2.7846e-17	1.2429e-18
15617.2224	2.7819e-17	1.2444e-18
15618.4223	2.7824e-17	1.2507e-18
15619.0223	2.7826e-17	1.2521e-18
15619.6223	2.7852e-17	1.2527e-18
15620.2222	2.7854e-17	1.2539e-18
15620.8222	2.7855e-17	1.2687e-18
15621.4221	2.7848e-17	1.2763e-18
15622.0221	2.7852e-17	1.2792e-18
15622.6221	2.7882e-17	1.2786e-18
15623.2220	2.7876e-17	1.2780e-18
15623.8320	2.7876e-17	1.3070e-18
15624.4319	2.7869e-17	1.3166e-18
15625.0319	2.7863e-17	1.3174e-18
15625.6319	2.7852e-17	1.3182e-18
15626.2318	2.7840e-17	1.3189e-18
15626.8318	2.7824e-17	1.3197e-18
15627.4317	2.7806e-17	1.3205e-18
15628.0317	2.7789e-17	1.3060e-18
15628.6317	2.7771e-17	1.3013e-18
15629.2316	2.7753e-17	1.2861e-18
15629.8316	2.7732e-17	1.2865e-18
15630.4316	2.7687e-17	1.2897e-18
15631.0315	2.7655e-17	1.2921e-18
15631.6315	2.7613e-17	1.2952e-18
15632.2314	2.7593e-17	1.2944e-18
15632.8314	2.7583e-17	1.2925e-18
15633.4314	2.7582e-17	1.2961e-18
15634.0313	2.7557e-17	1.2909e-18
15634.6313	2.7518e-17	1.3035e-18
15635.2312	2.7464e-17	1.3083e-18
15635.8312	2.7466e-17	1.3187e-18
15636.4312	2.7508e-17	1.3338e-18
15637.0311	2.7525e-17	1.3355e-18
15637.6311	2.7482e-17	1.3367e-18
15638.2310	2.7365e-17	1.3201e-18
15638.8310	2.7394e-17	1.3263e-18
15639.4310	2.7432e-17	1.3277e-18
15640.0309	2.7456e-17	1.3304e-18
15640.6309	2.7485e-17	1.3301e-18
15641.2309	2.7521e-17	1.3383e-18
15641.8308	2.7545e-17	1.3441e-18
15642.4308	2.7590e-17	1.3462e-18
15643.0307	2.7636e-17	1.3469e-18
15643.6307	2.7666e-17	1.3510e-18
15644.2307	2.7695e-17	1.3498e-18
15644.8306	2.7724e-17	1.3532e-18
15645.4306	2.7732e-17	1.3464e-18
15646.0305	2.7733e-17	1.3437e-18
15646.6305	2.7732e-17	1.3448e-18
15647.2305	2.7722e-17	1.3458e-18
15647.8304	2.7731e-17	1.3758e-18
15648.4304	2.7733e-17	1.4058e-18
15649.0304	2.7736e-17	1.4050e-18
15649.6303	2.7741e-17	1.3530e-18
15650.8302	2.7746e-17	1.3049e-18
15651.4302	2.7760e-17	1.2649e-18
15652.0302	2.7757e-17	1.2255e-18
15652.6301	2.7751e-17	1.1873e-18
15655.6299	2.7743e-17	1.1669e-18
15656.2299	2.7737e-17	1.1406e-18
15656.8298	2.7715e-17	1.1159e-18
15657.4298	2.7701e-17	1.1132e-18
15658.0298	2.7694e-17	1.2061e-18
15658.6297	2.7698e-17	1.2088e-18
15659.2297	2.7704e-17	1.2031e-18
15659.8297	2.7694e-17	1.2103e-18
15660.4296	2.7672e-17	1.2350e-18
15661.0296	2.7629e-17	1.2425e-18
15661.6295	2.7599e-17	1.2408e-18
15662.2295	2.7595e-17	1.2402e-18
15662.8295	2.7604e-17	1.2483e-18
15663.4294	2.7616e-17	1.2557e-18
15664.0294	2.7628e-17	1.2468e-18
15664.6293	2.7623e-17	1.2153e-18
15665.2293	2.7630e-17	1.2149e-18
15665.8293	2.7622e-17	1.2397e-18
15666.4292	2.7651e-17	1.2193e-18
15667.0292	2.7673e-17	1.2196e-18
15667.6291	2.7666e-17	1.2042e-18
15668.2291	2.7655e-17	1.2086e-18
15668.8291	2.7667e-17	1.2087e-18
15669.4390	2.7694e-17	1.2060e-18
15670.0390	2.7712e-17	1.2085e-18
15670.6390	2.7726e-17	1.2123e-18
15671.2389	2.7743e-17	1.2210e-18
15671.8389	2.7758e-17	1.2105e-18
15672.4388	2.7770e-17	1.2179e-18
15673.0388	2.7780e-17	1.2240e-18
15673.6388	2.7788e-17	1.2287e-18
15674.2387	2.7793e-17	1.2310e-18
15674.8387	2.7795e-17	1.2035e-18
15675.4386	2.7788e-17	1.1933e-18
15676.0386	2.7784e-17	1.1921e-18
15676.6386	2.7778e-17	1.1919e-18
15677.2385	2.7773e-17	1.1934e-18
15677.8385	2.7778e-17	1.1975e-18
15678.4385	2.7758e-17	1.2049e-18
15679.0384	2.7759e-17	1.2164e-18
15679.6384	2.7780e-17	1.2324e-18
15680.2383	2.7783e-17	1.2530e-18
15680.8383	2.7823e-17	1.2604e-18
15681.4383	2.7849e-17	1.2588e-18
15682.0382	2.7868e-17	1.2956e-18
15682.6382	2.7852e-17	1.2933e-18
15683.2381	2.7841e-17	1.2925e-18
15683.8381	2.7845e-17	1.2927e-18
15684.4381	2.7861e-17	1.2952e-18
15685.0380	2.7858e-17	1.3123e-18
15685.6380	2.7866e-17	1.3162e-18
15686.2379	2.7870e-17	1.3102e-18
15686.8379	2.7869e-17	1.3004e-18
15687.4379	2.7857e-17	1.2952e-18
15688.0378	2.7856e-17	1.3132e-18
15688.6378	2.7852e-17	1.3188e-18
15689.2378	2.7856e-17	1.3134e-18
15689.8377	2.7848e-17	1.3094e-18
15690.4377	2.7836e-17	1.3105e-18
15691.0376	2.7824e-17	1.3063e-18
15691.6376	2.7822e-17	1.3230e-18
15692.2376	2.7835e-17	1.3127e-18
15692.8375	2.7833e-17	1.3167e-18
15693.4375	2.7829e-17	1.3182e-18
15694.0374	2.7836e-17	1.3232e-18
15694.6374	2.7849e-17	1.4181e-18
15695.2374	2.7856e-17	1.4172e-18
15695.8373	2.7847e-17	1.4126e-18
15696.4373	2.7839e-17	1.4665e-18
15697.0373	2.7828e-17	1.4564e-18
15697.6372	2.7846e-17	1.4522e-18
15698.2372	2.7866e-17	1.4697e-18
15698.8371	2.7874e-17	1.4787e-18
15699.4371	2.7875e-17	1.6235e-18
15700.0371	2.7871e-17	1.6255e-18
15700.6370	2.7867e-17	1.6339e-18
15701.2370	2.7871e-17	1.6337e-18
15701.8369	2.7873e-17	1.6285e-18
15702.4369	2.7875e-17	1.6358e-18
15703.0369	2.7876e-17	1.6403e-18
15703.6368	2.7876e-17	1.6366e-18
15704.2368	2.7861e-17	1.6366e-18
15704.8367	2.7849e-17	1.6350e-18
15705.4367	2.7832e-17	1.6314e-18
15706.0367	2.7828e-17	1.5662e-18
15706.6366	2.7821e-17	1.5599e-18
15707.2366	2.7815e-17	1.5899e-18
15707.8366	2.7807e-17	1.5884e-18
15708.4365	2.7801e-17	1.6107e-18
15709.0365	2.7797e-17	1.6079e-18
15709.6364	2.7788e-17	1.6479e-18
15710.2364	2.7786e-17	1.6788e-18
15710.8364	2.7785e-17	1.6864e-18
15711.4363	2.7779e-17	1.7121e-18
15712.0363	2.7768e-17	1.7079e-18
15712.6362	2.7770e-17	1.7327e-18
15713.2362	2.7756e-17	1.7476e-18
15713.8362	2.7743e-17	1.7776e-18
15714.4361	2.7734e-17	1.7649e-18
15715.0461	2.7717e-17	1.7621e-18
15715.6461	2.7695e-17	1.7586e-18
15716.2460	2.7678e-17	1.7540e-18
15716.8460	2.7669e-17	1.7607e-18
15717.4459	2.7669e-17	1.7619e-18
15718.0459	2.7665e-17	1.7621e-18
15718.6459	2.7651e-17	1.7643e-18
15719.2458	2.7642e-17	1.7840e-18
15719.8458	2.7637e-17	1.8273e-18
15720.4457	2.7640e-17	1.8214e-18
15721.0457	2.7644e-17	1.8203e-18
15721.6457	2.7646e-17	1.8280e-18
15722.2456	2.7656e-17	1.8293e-18
15722.8456	2.7652e-17	1.8428e-18
15723.4455	2.7650e-17	1.8547e-18
15724.0455	2.7650e-17	1.8660e-18
15724.6455	2.7656e-17	1.8787e-18
15725.2454	2.7661e-17	1.8783e-18
15725.8454	2.7684e-17	1.8901e-18
15726.4454	2.7699e-17	1.8867e-18
15727.0453	2.7710e-17	1.8854e-18
15727.6453	2.7723e-17	1.8989e-18
15728.2452	2.7736e-17	1.8915e-18
15728.8452	2.7749e-17	1.8865e-18
15729.4452	2.7762e-17	1.8885e-18
15730.0451	2.7775e-17	1.8574e-18
15730.6451	2.7788e-17	1.9021e-18
15731.2450	2.7800e-17	1.9127e-18
15731.8450	2.7812e-17	1.9128e-18
15732.4450	2.7823e-17	1.9108e-18
15733.0449	2.7834e-17	1.9014e-18
15733.6449	2.7844e-17	1.8877e-18
15734.2449	2.7852e-17	1.9455e-18
15734.8448	2.7855e-17	2.0765e-18
15735.4448	2.7859e-17	2.2097e-18
15736.0447	2.7864e-17	2.2222e-18
15736.6447	2.7874e-17	2.2173e-18
15737.2447	2.7869e-17	2.2219e-18
15737.8446	2.7873e-17	2.2249e-18
15738.4446	2.7899e-17	2.2240e-18
15739.0445	2.7915e-17	2.2268e-18
15739.6445	2.7911e-17	2.2260e-18
15740.2445	2.7904e-17	2.2592e-18
15740.8444	2.7889e-17	2.2586e-18
15741.4444	2.7895e-17	2.3076e-18
15742.0443	2.7921e-17	2.3714e-18
15742.6443	2.7940e-17	2.3109e-18
15743.2443	2.7958e-17	2.3168e-18
15743.8442	2.7972e-17	2.3143e-18
15744.4442	2.7982e-17	2.2864e-18
15745.0442	2.7980e-17	2.2883e-18
15745.6441	2.7977e-17	2.2897e-18
15746.2441	2.7974e-17	2.2751e-18
15746.8440	2.7959e-17	2.2602e-18
15747.4440	2.7943e-17	2.1466e-18
15748.0440	2.7912e-17	2.1440e-18
15748.6439	2.7884e-17	2.1385e-18
15749.2439	2.7861e-17	2.1386e-18
15749.8438	2.7853e-17	2.1376e-18
15750.4438	2.7852e-17	2.1294e-18
15751.0438	2.7840e-17	2.1258e-18
15751.6437	2.7827e-17	2.1241e-18
15752.2437	2.7818e-17	2.2107e-18
15752.8437	2.7816e-17	2.2361e-18
15753.4436	2.7801e-17	2.2400e-18
15754.0436	2.7786e-17	2.2428e-18
15754.6435	2.7769e-17	2.2821e-18
15755.2435	2.7771e-17	2.3405e-18
15755.8435	2.7774e-17	2.3771e-18
15756.4434	2.7777e-17	2.3726e-18
15757.0434	2.7776e-17	2.3742e-18
15757.6433	2.7775e-17	2.3530e-18
15758.2433	2.7780e-17	2.3468e-18
15758.8433	2.7771e-17	2.3379e-18
15759.4432	2.7756e-17	2.3177e-18
15760.0432	2.7761e-17	2.3178e-18
15760.6532	2.7744e-17	2.2996e-18
15761.2531	2.7737e-17	2.2872e-18
15761.8531	2.7731e-17	2.2459e-18
15762.4530	2.7721e-17	2.2453e-18
15763.0530	2.7727e-17	2.2502e-18
15763.6530	2.7732e-17	2.2496e-18
15764.2529	2.7728e-17	2.2484e-18
15764.8529	2.7730e-17	2.2528e-18
15765.4528	2.7724e-17	2.2523e-18
15766.0528	2.7718e-17	2.2682e-18
15766.6528	2.7714e-17	2.2653e-18
15767.2527	2.7710e-17	2.2429e-18
15767.8527	2.7716e-17	2.2093e-18
15768.4526	2.7712e-17	2.2243e-18
15769.0526	2.7703e-17	2.2246e-18
15769.6526	2.7702e-17	2.2135e-18
15770.2525	2.7693e-17	2.2153e-18
15770.8525	2.7686e-17	2.2190e-18
15771.4525	2.7685e-17	2.2403e-18
15772.0524	2.7698e-17	2.2702e-18
15772.6524	2.7714e-17	2.2645e-18
15773.2523	2.7720e-17	2.2645e-18
15773.8523	2.7719e-17	2.2502e-18
15774.4523	2.7717e-17	2.2495e-18
15775.0522	2.7709e-17	2.2456e-18
15775.6522	2.7698e-17	2.2237e-18
15776.2521	2.7703e-17	2.2230e-18
15776.8521	2.7710e-17	2.2239e-18
15777.4521	2.7711e-17	2.2228e-18
15778.0520	2.7698e-17	2.2231e-18
15778.6520	2.7698e-17	2.1882e-18
15779.2520	2.7717e-17	2.1804e-18
15779.8519	2.7725e-17	2.1804e-18
15780.4519	2.7722e-17	2.1752e-18
15781.0518	2.7722e-17	2.1675e-18
15781.6518	2.7718e-17	2.1649e-18
15782.2518	2.7724e-17	2.1192e-18
15782.8517	2.7727e-17	1.9958e-18
15783.4517	2.7742e-17	1.8315e-18
15784.0516	2.7748e-17	1.7972e-18
15784.6516	2.7756e-17	1.7982e-18
15785.2516	2.7753e-17	1.7939e-18
15785.8515	2.7754e-17	1.7907e-18
15786.4515	2.7745e-17	1.7911e-18
15787.0515	2.7729e-17	1.7984e-18
15787.6514	2.7739e-17	1.7930e-18
15788.2514	2.7741e-17	1.7532e-18
15788.8513	2.7756e-17	1.7483e-18
15789.4513	2.7761e-17	1.7099e-18
15790.0513	2.7761e-17	1.6332e-18
15790.6512	2.7745e-17	1.6283e-18
15791.2512	2.7724e-17	1.6200e-18
15791.8511	2.7708e-17	1.6200e-18
15792.4511	2.7689e-17	1.6349e-18
15793.0511	2.7668e-17	1.6413e-18
15793.6510	2.7661e-17	1.6441e-18
15794.2510	2.7664e-17	1.6423e-18
15794.8510	2.7664e-17	1.6408e-18
15795.4509	2.7668e-17	1.6399e-18
15796.0509	2.7676e-17	1.6423e-18
15796.6508	2.7693e-17	1.6434e-18
15797.2508	2.7691e-17	1.6434e-18
15797.8508	2.7674e-17	1.6553e-18
15798.4507	2.7670e-17	1.6575e-18
15799.0507	2.7658e-17	1.6591e-18
15799.6506	2.7647e-17	1.6689e-18
15800.2506	2.7642e-17	1.5452e-18
15800.8506	2.7638e-17	1.5026e-18
15801.4505	2.7626e-17	1.4965e-18
15802.0505	2.7618e-17	1.4892e-18
15802.6505	2.7623e-17	1.4350e-18
15803.2504	2.7636e-17	1.3043e-18
15803.8504	2.7637e-17	1.2290e-18
15804.4503	2.7642e-17	1.1873e-18
15805.0503	2.7638e-17	1.1847e-18
15805.6503	2.7640e-17	1.1718e-18
15806.2502	2.7637e-17	1.1375e-18
15806.8602	2.7653e-17	1.1306e-18
15807.4601	2.7663e-17	1.1267e-18
15808.0601	2.7669e-17	1.1222e-18
15808.6601	2.7656e-17	1.1215e-18
15809.2600	2.7676e-17	1.1136e-18
15809.8600	2.7702e-17	1.1143e-18
15810.4599	2.7703e-17	1.1146e-18
15811.0599	2.7715e-17	1.1055e-18
15811.6599	2.7720e-17	1.1261e-18
15812.2598	2.7730e-17	1.1471e-18
15812.8598	2.7748e-17	1.1442e-18
15813.4598	2.7757e-17	1.1502e-18
15814.0597	2.7785e-17	1.1238e-18
15814.6597	2.7794e-17	1.1352e-18
15815.2596	2.7793e-17	1.1421e-18
15815.8596	2.7830e-17	1.2281e-18
15816.4596	2.7841e-17	1.2689e-18
15817.0595	2.7845e-17	1.3125e-18
15817.6595	2.7827e-17	1.3442e-18
15818.2594	2.7834e-17	1.3627e-18
15818.8594	2.7829e-17	1.3535e-18
15819.4594	2.7848e-17	1.3265e-18
15820.0593	2.7851e-17	1.2772e-18
15820.6593	2.7816e-17	1.2791e-18
15821.2593	2.7809e-17	1.2980e-18
15821.8592	2.7800e-17	1.3249e-18
15822.4592	2.7800e-17	1.3616e-18
15823.0591	2.7796e-17	1.4061e-18
15823.6591	2.7785e-17	1.4050e-18
15824.2591	2.7777e-17	1.4053e-18
15824.8590	2.7780e-17	1.4100e-18
15825.4590	2.7776e-17	1.4171e-18
15826.0589	2.7774e-17	1.4195e-18
15826.6589	2.7779e-17	1.4208e-18
15827.2589	2.7781e-17	1.4325e-18
15827.8588	2.7786e-17	1.4471e-18
15828.4588	2.7810e-17	1.4641e-18
15829.0588	2.7806e-17	1.4686e-18
15830.2587	2.7833e-17	1.4806e-18
15831.4586	2.7848e-17	1.4852e-18
15832.0586	2.7850e-17	1.4854e-18
15832.6585	2.7849e-17	1.4913e-18
15833.8584	2.7865e-17	1.4956e-18
15834.4584	2.7888e-17	1.5369e-18
15835.0584	2.7901e-17	1.5465e-18
15835.6583	2.7900e-17	1.5489e-18
15836.2583	2.7883e-17	1.5511e-18
15836.8583	2.7862e-17	1.5415e-18
15837.4582	2.7861e-17	1.5335e-18
15838.0582	2.7858e-17	1.5282e-18
15838.6581	2.7858e-17	1.5186e-18
15839.2581	2.7845e-17	1.4913e-18
15839.8581	2.7848e-17	1.4737e-18
15840.4580	2.7845e-17	1.4714e-18
15841.0580	2.7826e-17	1.4697e-18
15841.6579	2.7818e-17	1.4695e-18
15842.2579	2.7792e-17	1.4535e-18
15842.8579	2.7755e-17	1.4430e-18
15843.4578	2.7735e-17	1.4365e-18
15844.0578	2.7720e-17	1.4365e-18
15844.6578	2.7698e-17	1.4366e-18
15845.2577	2.7689e-17	1.4362e-18
15848.8575	2.7688e-17	1.4336e-18
15849.4574	2.7695e-17	1.4314e-18
15850.0574	2.7690e-17	1.4317e-18
15850.6574	2.7667e-17	1.4204e-18
15851.2573	2.7650e-17	1.4192e-18
15851.8573	2.7618e-17	1.4194e-18
15852.4673	2.7599e-17	1.4085e-18
15853.0672	2.7585e-17	1.4084e-18
15853.6672	2.7558e-17	1.4083e-18
15854.2671	2.7551e-17	1.4088e-18
15854.8671	2.7533e-17	1.4262e-18
15855.4671	2.7521e-17	1.4292e-18
15856.0670	2.7501e-17	1.4306e-18
15856.6670	2.7503e-17	1.4327e-18
15857.2669	2.7498e-17	1.4335e-18
15857.8669	2.7478e-17	1.4333e-18
15858.4669	2.7450e-17	1.4359e-18
15859.0668	2.7417e-17	1.4388e-18
15859.6668	2.7401e-17	1.4403e-18
15860.2668	2.7405e-17	1.4641e-18
15860.8667	2.7425e-17	1.4636e-18
15861.4667	2.7446e-17	1.4693e-18
15862.0666	2.7453e-17	1.5191e-18
15862.6666	2.7447e-17	1.5627e-18
15863.2666	2.7436e-17	1.5671e-18
15863.8665	2.7416e-17	1.5715e-18
15864.4665	2.7408e-17	1.5609e-18
15865.0664	2.7402e-17	1.5471e-18
15865.6664	2.7416e-17	1.5398e-18
15866.2664	2.7386e-17	1.5391e-18
15866.8663	2.7364e-17	1.5323e-18
15867.4663	2.7387e-17	1.5418e-18
15868.0663	2.7414e-17	1.5846e-18
15868.6662	2.7421e-17	1.5244e-18
15869.2662	2.7409e-17	1.4802e-18
15869.8661	2.7404e-17	1.4795e-18
15870.4661	2.7398e-17	1.4777e-18
15871.0661	2.7387e-17	1.4567e-18
15871.6660	2.7373e-17	1.4818e-18
15872.2660	2.7358e-17	1.4939e-18
15872.8659	2.7343e-17	1.4884e-18
15873.4659	2.7328e-17	1.4874e-18
15874.0659	2.7312e-17	1.4753e-18
15874.6658	2.7296e-17	1.4557e-18
15875.2658	2.7280e-17	1.4536e-18
15875.8658	2.7250e-17	1.4114e-18
15876.4657	2.7238e-17	1.4491e-18
15877.0657	2.7219e-17	1.4486e-18
15877.6656	2.7197e-17	1.4564e-18
15878.2656	2.7213e-17	1.4549e-18
15878.8656	2.7208e-17	1.4522e-18
15879.4655	2.7188e-17	1.4534e-18
15880.0655	2.7189e-17	1.4416e-18
15880.6654	2.7158e-17	1.4259e-18
15881.2654	2.7112e-17	1.4068e-18
15881.8654	2.7080e-17	1.4045e-18
15882.4653	2.7088e-17	1.3948e-18
15883.0653	2.7084e-17	1.3908e-18
15883.6653	2.7071e-17	1.3919e-18
15884.2652	2.7042e-17	1.3897e-18
15884.8652	2.7035e-17	1.4262e-18
15885.4651	2.7031e-17	1.3832e-18
15886.0651	2.7019e-17	1.3750e-18
15886.6651	2.7015e-17	1.3729e-18
15887.2650	2.7017e-17	1.3753e-18
15887.8650	2.7013e-17	1.3741e-18
15888.4649	2.7000e-17	1.3912e-18
15889.0649	2.6981e-17	1.3901e-18
15889.6649	2.6977e-17	1.3907e-18
15890.2648	2.6963e-17	1.3919e-18
15890.8648	2.6964e-17	1.3921e-18
15891.4648	2.6961e-17	1.3922e-18
15892.0647	2.6940e-17	1.3923e-18
15892.6647	2.6935e-17	1.4067e-18
15893.2646	2.6936e-17	1.4146e-18
15893.8646	2.6928e-17	1.4146e-18
15894.4646	2.6911e-17	1.4151e-18
15895.0645	2.6894e-17	1.4206e-18
15895.6645	2.6889e-17	1.4216e-18
15896.2644	2.6887e-17	1.4262e-18
15896.8644	2.6889e-17	1.4261e-18
15897.4644	2.6859e-17	1.4396e-18
15898.0743	2.6832e-17	1.4400e-18
15898.6743	2.6810e-17	1.4519e-18
15899.2743	2.6787e-17	1.4534e-18
15899.8742	2.6779e-17	1.4542e-18
15900.4742	2.6775e-17	1.4565e-18
15901.0741	2.6763e-17	1.4592e-18
15901.6741	2.6746e-17	1.4608e-18
15902.2741	2.6735e-17	1.4634e-18
15902.8740	2.6732e-17	1.4476e-18
15903.4740	2.6721e-17	1.4463e-18
15904.0739	2.6704e-17	1.4466e-18
15904.6739	2.6694e-17	1.4485e-18
15905.2739	2.6684e-17	1.4513e-18
15905.8738	2.6656e-17	1.4546e-18
15906.4738	2.6636e-17	1.4513e-18
15907.0738	2.6621e-17	1.4469e-18
15907.6737	2.6602e-17	1.4764e-18
15908.2737	2.6594e-17	1.4581e-18
15908.8736	2.6588e-17	1.4698e-18
15909.4736	2.6598e-17	1.4886e-18
15910.0736	2.6597e-17	1.4536e-18
15910.6735	2.6592e-17	1.3956e-18
15911.2735	2.6581e-17	1.3873e-18
15911.8734	2.6574e-17	1.4229e-18
15912.4734	2.6576e-17	1.4525e-18
15913.0734	2.6573e-17	1.4506e-18
15913.6733	2.6572e-17	1.4496e-18
15914.2733	2.6559e-17	1.4532e-18
15914.8733	2.6561e-17	1.4536e-18
15915.4732	2.6568e-17	1.4256e-18
15916.0732	2.6576e-17	1.3605e-18
15916.6731	2.6582e-17	1.3517e-18
15917.2731	2.6574e-17	1.3451e-18
15917.8731	2.6554e-17	1.3113e-18
15918.4730	2.6549e-17	1.2850e-18
15919.0730	2.6551e-17	1.2793e-18
15919.6729	2.6550e-17	1.2365e-18
15920.2729	2.6537e-17	1.2054e-18
15920.8729	2.6525e-17	1.2039e-18
15921.4728	2.6527e-17	1.1960e-18
15922.0728	2.6524e-17	1.1948e-18
15922.6728	2.6533e-17	1.1939e-18
15923.2727	2.6536e-17	1.1732e-18
15923.8727	2.6527e-17	1.1717e-18
15924.4726	2.6522e-17	1.1225e-18
15925.0726	2.6516e-17	1.1199e-18
15925.6726	2.6502e-17	1.1087e-18
15926.2725	2.6493e-17	1.1003e-18
15926.8725	2.6487e-17	1.1117e-18
15927.4725	2.6478e-17	1.1148e-18
15928.0724	2.6468e-17	1.1183e-18
15928.6724	2.6458e-17	1.1183e-18
15929.2723	2.6447e-17	1.1181e-18
15929.8723	2.6436e-17	1.1174e-18
15930.4723	2.6424e-17	1.1140e-18
15931.0722	2.6413e-17	1.1131e-18
15931.6722	2.6401e-17	1.1130e-18
15932.2721	2.6422e-17	1.1073e-18
15932.8721	2.6433e-17	1.0522e-18
15933.4721	2.6427e-17	1.0572e-18
15934.0720	2.6418e-17	1.0564e-18
15934.6720	2.6411e-17	1.0572e-18
15935.2720	2.6412e-17	1.0642e-18
15935.8719	2.6410e-17	1.0662e-18
15936.4719	2.6405e-17	1.0466e-18
15937.0718	2.6404e-17	1.0503e-18
15937.6718	2.6394e-17	1.0530e-18
15938.2718	2.6386e-17	1.0514e-18
15938.8717	2.6367e-17	1.0701e-18
15939.4717	2.6367e-17	1.0967e-18
15940.0716	2.6385e-17	1.0966e-18
15940.6716	2.6398e-17	1.0790e-18
15941.2716	2.6383e-17	1.0877e-18
15941.8715	2.6338e-17	1.1038e-18
15942.4715	2.6314e-17	1.1167e-18
15943.0715	2.6294e-17	1.1211e-18
15943.6814	2.6269e-17	1.1293e-18
15944.2814	2.6242e-17	1.1306e-18
15944.8813	2.6221e-17	1.1365e-18
15945.4813	2.6201e-17	1.1188e-18
15946.0813	2.6184e-17	1.1178e-18
15946.6812	2.6189e-17	1.1040e-18
15947.2812	2.6201e-17	1.0999e-18
15947.8811	2.6215e-17	1.0952e-18
15948.4811	2.6226e-17	1.0900e-18
15949.0811	2.6231e-17	1.0849e-18
15949.6810	2.6228e-17	1.1261e-18
15950.2810	2.6217e-17	1.1202e-18
15950.8810	2.6215e-17	1.1220e-18
15951.4809	2.6218e-17	1.1426e-18
15952.0809	2.6219e-17	1.1438e-18
15952.6808	2.6212e-17	1.1872e-18
15953.2808	2.6222e-17	1.1905e-18
15953.8808	2.6230e-17	1.1845e-18
15954.4807	2.6247e-17	1.1912e-18
15955.0807	2.6251e-17	1.2052e-18
15955.6806	2.6238e-17	1.1598e-18
15956.2806	2.6222e-17	1.1601e-18
15956.8806	2.6217e-17	1.1493e-18
15957.4805	2.6206e-17	1.1203e-18
15958.0805	2.6194e-17	1.1014e-18
15958.6805	2.6193e-17	1.1077e-18
15959.2804	2.6204e-17	1.1063e-18
15959.8804	2.6214e-17	1.0610e-18
15960.4803	2.6216e-17	1.0216e-18
15961.0803	2.6223e-17	1.0220e-18
15961.6803	2.6233e-17	1.0207e-18
15962.2802	2.6233e-17	1.0130e-18
15962.8802	2.6231e-17	1.0150e-18
15963.4802	2.6224e-17	1.0132e-18
15964.0801	2.6224e-17	1.0413e-18
15964.6801	2.6224e-17	1.0420e-18
15965.2800	2.6233e-17	1.0425e-18
15965.8800	2.6237e-17	1.0324e-18
15966.4800	2.6235e-17	1.0221e-18
15967.0799	2.6231e-17	1.0252e-18
15967.6799	2.6228e-17	1.0209e-18
15968.2798	2.6227e-17	1.0258e-18
15970.6797	2.6232e-17	1.0226e-18
15971.2797	2.6234e-17	1.0230e-18
15971.8796	2.6245e-17	1.0228e-18
15972.4796	2.6246e-17	1.0262e-18
15973.0795	2.6244e-17	1.0143e-18
15973.6795	2.6240e-17	1.0139e-18
15974.2795	2.6234e-17	1.0150e-18
15974.8794	2.6227e-17	1.0327e-18
15975.4794	2.6220e-17	1.0260e-18
15976.0793	2.6214e-17	1.0276e-18
15976.6793	2.6201e-17	1.0151e-18
15977.2793	2.6189e-17	1.0082e-18
15977.8792	2.6164e-17	1.0038e-18
15978.4792	2.6144e-17	1.0332e-18
15979.0792	2.6125e-17	1.0346e-18
15979.6791	2.6113e-17	1.0348e-18
15980.2791	2.6101e-17	1.0382e-18
15980.8790	2.6118e-17	1.0395e-18
15981.4790	2.6124e-17	1.0792e-18
15982.0790	2.6131e-17	1.0907e-18
15982.6789	2.6157e-17	1.0886e-18
15983.2789	2.6181e-17	1.1060e-18
15983.8788	2.6178e-17	1.1054e-18
15984.4788	2.6174e-17	1.1048e-18
15985.0788	2.6157e-17	1.1479e-18
15985.6787	2.6136e-17	1.1533e-18
15986.2787	2.6131e-17	1.1514e-18
15986.8787	2.6140e-17	1.1483e-18
15987.4786	2.6147e-17	1.1451e-18
15988.0786	2.6158e-17	1.1668e-18
15988.6785	2.6153e-17	1.1488e-18
15989.2885	2.6141e-17	1.1210e-18
15989.8885	2.6145e-17	1.1256e-18
15990.4884	2.6144e-17	1.1269e-18
15991.0884	2.6122e-17	1.1073e-18
15991.6884	2.6112e-17	1.0949e-18
15992.2883	2.6123e-17	1.1010e-18
15992.8883	2.6134e-17	1.0939e-18
15993.4882	2.6135e-17	1.1008e-18
15994.0882	2.6123e-17	1.0965e-18
15994.6882	2.6137e-17	1.0870e-18
15995.2881	2.6156e-17	1.0825e-18
15995.8881	2.6171e-17	1.0835e-18
15996.4880	2.6185e-17	1.0852e-18
15997.0880	2.6183e-17	1.0888e-18
15997.6880	2.6174e-17	1.1026e-18
15998.2879	2.6150e-17	1.1274e-18
15998.8879	2.6147e-17	1.1466e-18
15999.4879	2.6162e-17	1.1249e-18
16000.0878	2.6158e-17	1.1342e-18
16000.6878	2.6166e-17	1.1360e-18
16001.2877	2.6173e-17	1.1182e-18
16001.8877	2.6177e-17	1.1132e-18
16002.4877	2.6173e-17	1.0654e-18
16003.0876	2.6170e-17	1.0564e-18
16003.6876	2.6167e-17	1.0569e-18
16004.2875	2.6165e-17	1.0531e-18
16004.8875	2.6174e-17	1.0436e-18
16005.4875	2.6191e-17	1.0510e-18
16006.0874	2.6191e-17	1.0619e-18
16006.6874	2.6179e-17	1.0764e-18
16007.2874	2.6181e-17	1.0934e-18
16007.8873	2.6189e-17	1.1712e-18
16008.4873	2.6188e-17	1.1927e-18
16009.0872	2.6193e-17	1.1943e-18
16009.6872	2.6197e-17	1.2045e-18
16010.2872	2.6206e-17	1.2141e-18
16010.8871	2.6201e-17	1.2138e-18
16011.4871	2.6183e-17	1.2139e-18
16012.0871	2.6173e-17	1.2205e-18
16012.6870	2.6155e-17	1.2197e-18
16013.2870	2.6141e-17	1.2197e-18
16013.8869	2.6134e-17	1.1955e-18
16014.4869	2.6117e-17	1.2032e-18
16015.0869	2.6109e-17	1.2103e-18
16015.6868	2.6095e-17	1.2369e-18
16016.2868	2.6080e-17	1.2419e-18
16016.8867	2.6061e-17	1.2464e-18
16017.4867	2.6036e-17	1.2950e-18
16018.0867	2.6006e-17	1.2899e-18
16018.6866	2.5991e-17	1.2923e-18
16019.2866	2.5982e-17	1.2909e-18
16019.8866	2.5966e-17	1.2952e-18
16020.4865	2.5962e-17	1.2918e-18
16021.0865	2.5951e-17	1.2877e-18
16021.6864	2.5927e-17	1.2876e-18
16022.2864	2.5918e-17	1.2939e-18
16022.8864	2.5909e-17	1.2956e-18
16023.4863	2.5902e-17	1.3103e-18
16024.0863	2.5895e-17	1.3131e-18
16024.6862	2.5889e-17	1.3154e-18
16025.8862	2.5884e-17	1.3134e-18
16026.4861	2.5879e-17	1.3129e-18
16027.0861	2.5876e-17	1.2952e-18
16027.6861	2.5873e-17	1.2944e-18
16028.2860	2.5871e-17	1.2930e-18
16028.8860	2.5870e-17	1.2917e-18
16029.4859	2.5870e-17	1.2940e-18
16030.0859	2.5862e-17	1.2533e-18
16030.6859	2.5854e-17	1.2480e-18
16031.2858	2.5866e-17	1.2629e-18
16031.8858	2.5860e-17	1.2366e-18
16032.4858	2.5846e-17	1.2398e-18
16033.0857	2.5832e-17	1.2401e-18
16033.6857	2.5810e-17	1.1990e-18
16034.2856	2.5793e-17	1.1947e-18
16034.8856	2.5776e-17	1.2305e-18
16035.4956	2.5748e-17	1.2307e-18
16036.0955	2.5725e-17	1.2367e-18
16036.6955	2.5720e-17	1.2201e-18
16037.2954	2.5705e-17	1.2215e-18
16037.8954	2.5685e-17	1.2298e-18
16038.4954	2.5662e-17	1.2280e-18
16039.0953	2.5630e-17	1.2290e-18
16039.6953	2.5611e-17	1.2416e-18
16040.2953	2.5590e-17	1.2385e-18
16040.8952	2.5574e-17	1.2228e-18
16041.4952	2.5564e-17	1.2278e-18
16042.0951	2.5557e-17	1.2073e-18
16042.6951	2.5545e-17	1.1981e-18
16043.2951	2.5532e-17	1.2011e-18
16043.8950	2.5520e-17	1.2026e-18
16044.4950	2.5499e-17	1.1953e-18
16045.0949	2.5472e-17	1.1892e-18
16045.6949	2.5466e-17	1.1881e-18
16046.2949	2.5448e-17	1.2029e-18
16046.8948	2.5431e-17	1.1878e-18
16047.4948	2.5422e-17	1.1756e-18
16048.0948	2.5407e-17	1.1668e-18
16048.6947	2.5393e-17	1.1618e-18
16049.2947	2.5396e-17	1.1607e-18
16049.8946	2.5396e-17	1.1641e-18
16050.4946	2.5377e-17	1.1728e-18
16051.0946	2.5354e-17	1.1969e-18
16051.6945	2.5337e-17	1.2421e-18
16052.2945	2.5328e-17	1.2929e-18
16052.8945	2.5309e-17	1.3485e-18
16053.4944	2.5293e-17	1.4086e-18
16054.0944	2.5282e-17	1.4726e-18
16054.6943	2.5282e-17	1.5401e-18
16055.2943	2.5278e-17	1.5364e-18
16055.8943	2.5251e-17	1.5248e-18
16056.4942	2.5244e-17	1.4565e-18
16057.0942	2.5248e-17	1.4580e-18
16057.6941	2.5226e-17	1.4576e-18
16058.2941	2.5198e-17	1.4619e-18
16058.8941	2.5184e-17	1.4597e-18
16059.4940	2.5173e-17	1.4610e-18
16060.0940	2.5160e-17	1.4657e-18
16060.6940	2.5148e-17	1.4597e-18
16061.2939	2.5141e-17	1.4583e-18
16061.8939	2.5139e-17	1.4627e-18
16062.4938	2.5120e-17	1.4763e-18
16063.0938	2.5099e-17	1.4691e-18
16063.6938	2.5083e-17	1.4675e-18
16064.2937	2.5065e-17	1.4437e-18
16064.8937	2.5047e-17	1.4714e-18
16065.4937	2.5029e-17	1.4695e-18
16066.0936	2.5016e-17	1.4293e-18
16066.6936	2.4998e-17	1.4424e-18
16067.2935	2.4976e-17	1.4401e-18
16067.8935	2.4956e-17	1.4497e-18
16068.4935	2.4923e-17	1.4761e-18
16069.0934	2.4902e-17	1.4763e-18
16069.6934	2.4886e-17	1.4828e-18
16070.2933	2.4869e-17	1.5029e-18
16070.8933	2.4844e-17	1.5058e-18
16071.4933	2.4826e-17	1.4871e-18
16072.0932	2.4809e-17	1.4708e-18
16072.6932	2.4789e-17	1.4687e-18
16073.2932	2.4795e-17	1.4680e-18
16073.8931	2.4782e-17	1.4678e-18
16075.6930	2.4776e-17	1.4700e-18
16077.4929	2.4779e-17	1.4698e-18
16078.0929	2.4783e-17	1.4702e-18
16078.6928	2.4777e-17	1.4753e-18
16079.2928	2.4770e-17	1.4762e-18
16079.8927	2.4759e-17	1.4717e-18
16080.4927	2.4745e-17	1.4706e-18
16081.1027	2.4739e-17	1.4607e-18
16081.7026	2.4735e-17	1.4511e-18
16082.3026	2.4729e-17	1.5025e-18
16082.9025	2.4716e-17	1.5142e-18
16083.5025	2.4690e-17	1.5215e-18
16084.1025	2.4692e-17	1.5214e-18
16084.7024	2.4692e-17	1.5239e-18
16085.3024	2.4691e-17	1.5017e-18
16085.9024	2.4693e-17	1.5259e-18
16086.5023	2.4687e-17	1.5434e-18
16087.1023	2.4673e-17	1.5574e-18
16087.7022	2.4654e-17	1.5587e-18
16088.3022	2.4658e-17	1.5496e-18
16088.9022	2.4661e-17	1.5497e-18
16089.5021	2.4659e-17	1.5531e-18
16090.1021	2.4670e-17	1.5458e-18
16090.7020	2.4674e-17	1.5491e-18
16091.3020	2.4670e-17	1.5532e-18
16091.9020	2.4670e-17	1.5437e-18
16092.5019	2.4667e-17	1.5474e-18
16093.1019	2.4660e-17	1.5502e-18
16093.7019	2.4650e-17	1.5527e-18
16094.3018	2.4641e-17	1.5656e-18
16094.9018	2.4636e-17	1.5798e-18
16095.5017	2.4635e-17	1.5761e-18
16096.1017	2.4631e-17	1.5750e-18
16096.7017	2.4632e-17	1.5529e-18
16097.3016	2.4633e-17	1.5518e-18
16097.9016	2.4628e-17	1.5519e-18
16098.5016	2.4633e-17	1.5523e-18
16099.1015	2.4649e-17	1.5525e-18
16099.7015	2.4653e-17	1.5518e-18
16100.3014	2.4652e-17	1.5495e-18
16100.9014	2.4658e-17	1.5452e-18
16101.5014	2.4668e-17	1.5302e-18
16102.1013	2.4674e-17	1.4974e-18
16102.7013	2.4670e-17	1.4553e-18
16103.3012	2.4679e-17	1.4025e-18
16103.9012	2.4692e-17	1.3365e-18
16104.5012	2.4696e-17	1.2540e-18
16105.1011	2.4694e-17	1.1505e-18
16105.7011	2.4707e-17	1.1474e-18
16106.3011	2.4720e-17	1.1476e-18
16106.9010	2.4739e-17	1.1476e-18
16107.5010	2.4749e-17	1.1190e-18
16108.1009	2.4759e-17	1.1197e-18
16108.7009	2.4766e-17	1.1021e-18
16109.3009	2.4751e-17	1.1074e-18
16109.9008	2.4752e-17	1.1025e-18
16110.5008	2.4760e-17	1.0949e-18
16111.1008	2.4767e-17	1.0928e-18
16111.7007	2.4777e-17	1.0917e-18
16112.3007	2.4779e-17	1.0934e-18
16112.9006	2.4791e-17	1.0889e-18
16113.5006	2.4802e-17	1.0893e-18
16114.1006	2.4811e-17	1.0775e-18
16114.7005	2.4824e-17	1.0776e-18
16115.3005	2.4835e-17	1.0732e-18
16115.9005	2.4840e-17	1.0759e-18
16116.5004	2.4834e-17	1.0749e-18
16117.1004	2.4832e-17	1.0610e-18
16117.7003	2.4861e-17	1.0613e-18
16118.3003	2.4864e-17	1.0442e-18
16118.9003	2.4871e-17	9.9418e-19
16119.5002	2.4886e-17	1.0042e-18
16120.1002	2.4899e-17	1.0005e-18
16120.7001	2.4918e-17	9.8074e-19
16121.3001	2.4925e-17	9.9938e-19
16121.9001	2.4932e-17	1.0016e-18
16122.5000	2.4926e-17	1.0072e-18
16123.1000	2.4921e-17	1.0017e-18
16123.7000	2.4923e-17	9.9998e-19
16124.2999	2.4920e-17	1.0015e-18
16124.8999	2.4918e-17	9.9795e-19
16125.4998	2.4916e-17	1.0093e-18
16126.0998	2.4916e-17	1.0278e-18
16126.7098	2.4917e-17	1.0231e-18
16127.3097	2.4920e-17	1.0241e-18
16127.9097	2.4923e-17	1.0244e-18
16128.5097	2.4928e-17	1.0310e-18
16129.1096	2.4933e-17	1.0301e-18
16129.7096	2.4939e-17	1.0158e-18
16130.3095	2.4948e-17	9.4761e-19
16130.9095	2.4958e-17	9.8882e-19
16131.5095	2.4970e-17	9.8268e-19
16132.1094	2.4949e-17	1.0273e-18
16132.7094	2.4941e-17	1.0210e-18
16133.3093	2.4947e-17	1.0479e-18
16133.9093	2.4945e-17	1.0357e-18
16134.5093	2.4947e-17	1.0607e-18
16135.1092	2.4956e-17	1.0723e-18
16135.7092	2.4956e-17	1.0699e-18
16136.3092	2.4961e-17	1.0689e-18
16136.9091	2.4955e-17	1.0700e-18
16137.5091	2.4949e-17	1.0656e-18
16138.1090	2.4955e-17	1.0702e-18
16138.7090	2.4968e-17	1.0652e-18
16139.3090	2.4961e-17	1.0601e-18
16139.9089	2.4958e-17	1.0620e-18
16140.5089	2.4960e-17	1.0589e-18
16141.1089	2.4972e-17	1.0554e-18
16141.7088	2.4993e-17	1.0538e-18
16142.3088	2.5013e-17	1.0499e-18
16142.9087	2.5022e-17	1.0309e-18
16143.5087	2.5033e-17	1.0309e-18
16144.1087	2.5053e-17	1.0310e-18
16144.7086	2.5070e-17	1.0487e-18
16145.3086	2.5074e-17	1.0468e-18
16147.1085	2.5082e-17	1.0477e-18
16147.7084	2.5088e-17	1.0473e-18
16148.3084	2.5087e-17	1.0527e-18
16148.9084	2.5086e-17	1.0519e-18
16149.5083	2.5084e-17	1.0519e-18
16150.1083	2.5087e-17	1.0541e-18
16150.7082	2.5087e-17	1.0626e-18
16151.3082	2.5090e-17	1.0671e-18
16151.9082	2.5091e-17	1.0719e-18
16152.5081	2.5089e-17	1.0811e-18
16153.1081	2.5088e-17	1.1160e-18
16153.7081	2.5087e-17	1.1256e-18
16154.3080	2.5083e-17	1.1255e-18
16154.9080	2.5084e-17	1.1253e-18
16155.5079	2.5077e-17	1.1366e-18
16156.1079	2.5061e-17	1.1400e-18
16156.7079	2.5057e-17	1.1430e-18
16157.3078	2.5057e-17	1.1426e-18
16157.9078	2.5048e-17	1.1452e-18
16158.5077	2.5037e-17	1.1584e-18
16159.1077	2.5032e-17	1.1598e-18
16159.7077	2.5050e-17	1.1576e-18
16160.3076	2.5051e-17	1.1596e-18
16160.9076	2.5050e-17	1.1716e-18
16161.5076	2.5036e-17	1.1657e-18
16162.1075	2.5029e-17	1.1575e-18
16162.7075	2.5019e-17	1.1668e-18
16163.3074	2.5007e-17	1.1653e-18
16163.9074	2.5002e-17	1.1670e-18
16164.5074	2.5013e-17	1.1447e-18
16165.1073	2.5014e-17	1.1437e-18
16165.7073	2.5010e-17	1.1441e-18
16166.3073	2.4993e-17	1.1440e-18
16166.9072	2.4978e-17	1.1440e-18
16167.5072	2.4969e-17	1.1440e-18
16168.1071	2.4963e-17	1.1440e-18
16168.7071	2.4963e-17	1.1361e-18
16169.3071	2.4953e-17	1.1356e-18
16169.9070	2.4924e-17	1.1331e-18
16170.5070	2.4896e-17	1.1086e-18
16171.1070	2.4874e-17	1.1092e-18
16171.7069	2.4859e-17	1.1071e-18
16172.3169	2.4842e-17	1.1103e-18
16172.9168	2.4827e-17	1.1179e-18
16173.5168	2.4814e-17	1.1176e-18
16174.1168	2.4800e-17	1.1165e-18
16174.7167	2.4794e-17	1.1054e-18
16175.3167	2.4791e-17	1.0862e-18
16175.9166	2.4786e-17	1.0870e-18
16176.5166	2.4783e-17	1.0865e-18
16177.1166	2.4785e-17	1.0870e-18
16177.7165	2.4792e-17	1.0794e-18
16178.3165	2.4798e-17	1.0912e-18
16178.9165	2.4802e-17	1.0949e-18
16179.5164	2.4812e-17	1.0966e-18
16180.1164	2.4797e-17	1.0421e-18
16180.7163	2.4787e-17	1.0395e-18
16181.3163	2.4772e-17	1.0013e-18
16181.9163	2.4745e-17	1.0070e-18
16182.5162	2.4739e-17	9.9000e-19
16183.1162	2.4745e-17	9.6984e-19
16183.7162	2.4746e-17	9.0829e-19
16184.3161	2.4751e-17	8.8495e-19
16184.9161	2.4759e-17	8.7827e-19
16185.5160	2.4751e-17	8.7900e-19
16186.1160	2.4750e-17	8.8500e-19
16186.7160	2.4745e-17	8.8355e-19
16187.3159	2.4727e-17	8.8200e-19
16187.9159	2.4719e-17	8.8255e-19
16188.5159	2.4725e-17	8.8289e-19
16189.1158	2.4716e-17	8.8602e-19
16190.9157	2.4694e-17	8.9103e-19
16191.5157	2.4683e-17	9.0007e-19
16192.1156	2.4671e-17	9.0080e-19
16192.7156	2.4652e-17	8.8446e-19
16193.3155	2.4641e-17	8.8091e-19
16193.9155	2.4640e-17	9.1788e-19
16194.5155	2.4647e-17	9.3987e-19
16196.3154	2.4641e-17	9.1684e-19
16196.9153	2.4626e-17	9.2692e-19
16197.5153	2.4604e-17	9.2430e-19
16198.1152	2.4585e-17	9.3093e-19
16199.9151	2.4576e-17	9.2647e-19
16200.5151	2.4569e-17	9.4077e-19
16201.1151	2.4566e-17	9.4043e-19
16201.7150	2.4563e-17	9.3685e-19
16202.3150	2.4557e-17	9.3885e-19
16202.9149	2.4560e-17	9.3477e-19
16203.5149	2.4560e-17	9.3011e-19
16204.1149	2.4558e-17	9.1993e-19
16204.7148	2.4553e-17	8.7656e-19
16205.3148	2.4552e-17	8.6515e-19
16205.9148	2.4555e-17	8.6523e-19
16206.5147	2.4559e-17	8.6526e-19
16207.1147	2.4559e-17	8.4963e-19
16207.7146	2.4553e-17	8.4413e-19
16208.3146	2.4537e-17	8.4027e-19
16208.9146	2.4530e-17	8.4040e-19
16209.5145	2.4541e-17	8.3541e-19
16210.1145	2.4542e-17	7.9307e-19
16210.7144	2.4550e-17	7.9311e-19
16211.3144	2.4552e-17	7.9455e-19
16211.9144	2.4540e-17	7.9235e-19
16212.5143	2.4528e-17	8.1084e-19
16213.1143	2.4518e-17	8.3804e-19
16213.7143	2.4511e-17	8.3322e-19
16214.3142	2.4509e-17	8.2802e-19
16214.9142	2.4508e-17	8.4505e-19
16215.5141	2.4513e-17	9.1504e-19
16216.1141	2.4513e-17	9.5933e-19
16216.7141	2.4502e-17	9.5810e-19
16217.3140	2.4497e-17	9.6096e-19
16217.9240	2.4488e-17	9.8110e-19
16218.5240	2.4470e-17	9.8155e-19
16219.1239	2.4455e-17	9.8158e-19
16219.7239	2.4446e-17	9.8304e-19
16220.3238	2.4442e-17	9.9235e-19
16220.9238	2.4438e-17	1.0135e-18
16221.5238	2.4424e-17	1.0162e-18
16222.1237	2.4412e-17	1.0143e-18
16222.7237	2.4406e-17	1.0178e-18
16223.3237	2.4404e-17	1.0308e-18
16223.9236	2.4396e-17	1.0320e-18
16224.5236	2.4390e-17	1.0238e-18
16225.1235	2.4384e-17	1.0301e-18
16225.7235	2.4374e-17	1.0332e-18
16226.3235	2.4367e-17	1.0374e-18
16226.9234	2.4363e-17	1.0351e-18
16227.5234	2.4360e-17	1.0350e-18
16228.1233	2.4355e-17	1.0359e-18
16228.7233	2.4351e-17	1.0347e-18
16229.3233	2.4341e-17	1.0361e-18
16229.9232	2.4335e-17	1.0251e-18
16230.5232	2.4335e-17	1.0187e-18
16234.7229	2.4323e-17	1.0159e-18
16236.5228	2.4313e-17	1.0151e-18
16237.1228	2.4304e-17	1.0041e-18
16237.7227	2.4296e-17	1.0039e-18
16238.3227	2.4289e-17	9.9769e-19
16238.9227	2.4283e-17	9.8101e-19
16239.5226	2.4278e-17	9.8085e-19
16240.1226	2.4267e-17	9.8308e-19
16240.7226	2.4264e-17	9.7632e-19
16241.3225	2.4269e-17	9.7637e-19
16241.9225	2.4271e-17	9.8428e-19
16242.5224	2.4273e-17	9.9325e-19
16243.1224	2.4258e-17	1.0153e-18
16243.7224	2.4233e-17	1.0239e-18
16244.3223	2.4213e-17	1.0265e-18
16244.9223	2.4192e-17	1.0309e-18
16245.5222	2.4177e-17	1.0285e-18
16246.1222	2.4173e-17	1.0147e-18
16246.7222	2.4166e-17	1.0313e-18
16247.3221	2.4166e-17	1.0479e-18
16247.9221	2.4163e-17	1.0524e-18
16248.5221	2.4159e-17	1.0540e-18
16249.1220	2.4152e-17	1.0232e-18
16249.7220	2.4146e-17	1.0019e-18
16250.3219	2.4144e-17	1.0050e-18
16250.9219	2.4138e-17	1.0190e-18
16251.5219	2.4132e-17	1.0213e-18
16252.1218	2.4135e-17	1.0322e-18
16252.7218	2.4120e-17	1.0482e-18
16253.3218	2.4114e-17	1.0417e-18
16253.9217	2.4099e-17	1.0475e-18
16254.5217	2.4087e-17	1.0480e-18
16255.1216	2.4079e-17	1.0384e-18
16255.7216	2.4073e-17	1.0396e-18
16256.3216	2.4055e-17	1.0392e-18
16256.9215	2.4036e-17	1.0503e-18
16257.5215	2.4024e-17	1.0638e-18
16258.1215	2.4019e-17	1.0656e-18
16258.7214	2.4009e-17	1.0662e-18
16259.3214	2.3994e-17	1.0662e-18
16259.9213	2.3989e-17	1.0668e-18
16260.5213	2.3986e-17	1.0674e-18
16261.1213	2.3976e-17	1.0792e-18
16261.7212	2.3950e-17	1.0847e-18
16262.3212	2.3933e-17	1.0860e-18
16262.9212	2.3939e-17	1.0862e-18
16263.5211	2.3929e-17	1.0919e-18
16264.1311	2.3907e-17	1.0969e-18
16264.7310	2.3909e-17	1.0975e-18
16265.3310	2.3919e-17	1.0751e-18
16265.9310	2.3926e-17	1.0542e-18
16266.5309	2.3926e-17	1.0563e-18
16267.1309	2.3930e-17	1.0519e-18
16267.7308	2.3932e-17	1.0428e-18
16268.3308	2.3936e-17	9.7575e-19
16268.9308	2.3936e-17	9.2456e-19
16269.5307	2.3936e-17	9.2539e-19
16270.1307	2.3932e-17	9.2476e-19
16270.7307	2.3944e-17	8.9634e-19
16271.3306	2.3963e-17	8.9656e-19
16271.9306	2.3962e-17	8.9791e-19
16272.5305	2.3954e-17	8.9556e-19
16273.1305	2.3941e-17	8.8231e-19
16273.7305	2.3926e-17	8.6981e-19
16274.3304	2.3920e-17	8.7405e-19
16274.9304	2.3911e-17	8.8138e-19
16275.5304	2.3902e-17	8.8576e-19
16276.1303	2.3882e-17	8.8065e-19
16276.7303	2.3859e-17	8.8555e-19
16277.3302	2.3845e-17	9.0140e-19
16277.9302	2.3847e-17	9.1238e-19
16278.5302	2.3851e-17	9.2874e-19
16279.1301	2.3851e-17	9.4440e-19
16279.7301	2.3853e-17	9.6177e-19
16280.3301	2.3842e-17	9.7377e-19
16280.9300	2.3837e-17	9.8291e-19
16281.5300	2.3829e-17	9.8968e-19
16282.1299	2.3826e-17	9.9260e-19
16282.7299	2.3816e-17	9.9399e-19
16283.3299	2.3827e-17	9.9523e-19
16283.9298	2.3830e-17	9.9513e-19
16284.5298	2.3833e-17	9.9515e-19
16285.1298	2.3845e-17	9.9397e-19
16285.7297	2.3855e-17	9.9344e-19
16286.3297	2.3854e-17	9.9458e-19
16286.9296	2.3857e-17	9.9623e-19
16287.5296	2.3866e-17	9.9824e-19
16288.1296	2.3884e-17	9.9858e-19
16288.7295	2.3885e-17	9.9608e-19
16289.3295	2.3880e-17	9.9988e-19
16289.9294	2.3869e-17	9.9590e-19
16290.5294	2.3855e-17	9.8461e-19
16291.1294	2.3848e-17	9.6646e-19
16291.7293	2.3846e-17	9.6558e-19
16292.3293	2.3854e-17	9.7222e-19
16292.9293	2.3845e-17	9.7787e-19
16293.5292	2.3832e-17	9.9106e-19
16294.1292	2.3829e-17	1.0077e-18
16294.7291	2.3831e-17	9.9946e-19
16295.3291	2.3824e-17	9.8508e-19
16295.9291	2.3851e-17	9.7976e-19
16296.5290	2.3873e-17	9.8050e-19
16297.1290	2.3840e-17	9.7971e-19
16297.7290	2.3823e-17	9.8136e-19
16298.3289	2.3812e-17	9.7764e-19
16298.9289	2.3813e-17	9.5272e-19
16299.5288	2.3827e-17	9.5320e-19
16300.1288	2.3824e-17	9.3865e-19
16300.7288	2.3816e-17	9.2310e-19
16301.3287	2.3814e-17	9.1341e-19
16301.9287	2.3817e-17	9.0869e-19
16302.5287	2.3816e-17	9.0871e-19
16303.1286	2.3809e-17	9.0648e-19
16303.7286	2.3810e-17	9.0356e-19
16304.3285	2.3809e-17	9.0586e-19
16304.9285	2.3804e-17	8.9025e-19
16305.5285	2.3787e-17	8.7087e-19
16306.1284	2.3767e-17	8.6857e-19
16306.7284	2.3742e-17	8.6933e-19
16307.3284	2.3720e-17	8.7060e-19
16307.9283	2.3694e-17	8.7138e-19
16308.5283	2.3673e-17	8.7161e-19
16309.1282	2.3655e-17	8.7305e-19
16309.7382	2.3645e-17	8.6992e-19
16310.3382	2.3644e-17	8.6908e-19
16310.9381	2.3640e-17	8.6849e-19
16311.5381	2.3629e-17	8.6168e-19
16312.1381	2.3635e-17	8.5541e-19
16312.7380	2.3635e-17	8.5792e-19
16313.3380	2.3637e-17	8.6191e-19
16313.9379	2.3649e-17	8.7221e-19
16314.5379	2.3657e-17	8.8029e-19
16315.7378	2.3658e-17	8.9073e-19
16316.3378	2.3663e-17	9.0998e-19
16316.9377	2.3669e-17	9.4190e-19
16318.7376	2.3670e-17	9.4081e-19
16319.3376	2.3669e-17	9.4404e-19
16319.9376	2.3676e-17	9.4206e-19
16320.5375	2.3678e-17	9.4437e-19
16321.1375	2.3675e-17	9.5238e-19
16321.7374	2.3671e-17	9.5706e-19
16322.3374	2.3667e-17	9.5682e-19
16322.9374	2.3668e-17	9.6745e-19
16323.5373	2.3667e-17	9.7324e-19
16324.1373	2.3650e-17	9.7462e-19
16324.7373	2.3655e-17	9.7197e-19
16325.3372	2.3648e-17	9.6562e-19
16325.9372	2.3633e-17	9.5558e-19
16326.5371	2.3624e-17	9.4227e-19
16327.1371	2.3608e-17	9.2599e-19
16327.7371	2.3592e-17	9.0672e-19
16328.3370	2.3579e-17	8.8452e-19
16328.9370	2.3573e-17	8.5956e-19
16329.5370	2.3570e-17	8.4160e-19
16330.1369	2.3557e-17	8.2697e-19
16330.7369	2.3552e-17	8.1547e-19
16331.3368	2.3553e-17	8.0695e-19
16331.9368	2.3552e-17	8.0145e-19
16332.5368	2.3551e-17	7.9864e-19
16333.1367	2.3538e-17	7.9803e-19
16333.7367	2.3527e-17	7.9899e-19
16334.3367	2.3517e-17	8.0101e-19
16334.9366	2.3509e-17	8.0345e-19
16335.5366	2.3503e-17	8.0571e-19
16336.1365	2.3499e-17	8.0816e-19
16336.7365	2.3496e-17	8.1065e-19
16337.3365	2.3496e-17	8.1307e-19
16337.9364	2.3497e-17	8.1519e-19
16338.5364	2.3497e-17	8.1710e-19
16339.1364	2.3491e-17	8.1854e-19
16339.7363	2.3486e-17	8.1937e-19
16340.3363	2.3493e-17	8.1951e-19
16340.9362	2.3498e-17	8.1867e-19
16341.5362	2.3488e-17	8.1495e-19
16342.1362	2.3489e-17	8.0944e-19
16342.7361	2.3491e-17	8.0337e-19
16343.3361	2.3503e-17	7.9201e-19
16343.9361	2.3513e-17	7.7207e-19
16344.5360	2.3507e-17	7.6118e-19
16345.1360	2.3499e-17	7.5466e-19
16345.7359	2.3488e-17	7.5455e-19
16346.3359	2.3474e-17	7.8008e-19
16346.9359	2.3473e-17	8.3428e-19
16347.5358	2.3474e-17	8.4004e-19
16348.1358	2.3477e-17	8.3925e-19
16348.7358	2.3461e-17	8.3668e-19
16349.3357	2.3449e-17	8.4012e-19
16349.9357	2.3439e-17	8.3683e-19
16350.5356	2.3422e-17	8.3025e-19
16351.1356	2.3399e-17	8.9547e-19
16351.7356	2.3391e-17	9.7269e-19
16352.3355	2.3376e-17	1.0446e-18
16352.9355	2.3353e-17	1.0758e-18
16353.5354	2.3331e-17	1.0824e-18
16354.1354	2.3307e-17	1.0807e-18
16354.7354	2.3283e-17	1.0805e-18
16355.3453	2.3270e-17	1.0840e-18
16355.9453	2.3262e-17	1.0899e-18
16356.5453	2.3251e-17	1.0896e-18
16357.1452	2.3237e-17	1.0908e-18
16357.7452	2.3228e-17	1.0920e-18
16358.3451	2.3218e-17	1.0955e-18
16358.9451	2.3209e-17	1.0892e-18
16359.5451	2.3194e-17	1.0922e-18
16360.1450	2.3177e-17	1.0970e-18
16360.7450	2.3166e-17	1.1051e-18
16361.3450	2.3150e-17	1.1151e-18
16361.9449	2.3150e-17	1.1249e-18
16362.5449	2.3145e-17	1.1355e-18
16363.1448	2.3138e-17	1.1444e-18
16363.7448	2.3130e-17	1.1512e-18
16364.3448	2.3117e-17	1.1552e-18
16364.9447	2.3082e-17	1.1392e-18
16365.5447	2.3054e-17	1.1171e-18
16366.1447	2.3033e-17	1.0872e-18
16366.7446	2.3025e-17	1.0851e-18
16367.3446	2.3019e-17	1.0833e-18
16367.9445	2.3014e-17	1.0858e-18
16368.5445	2.3021e-17	1.0831e-18
16369.1445	2.3023e-17	1.0787e-18
16369.7444	2.3015e-17	1.0822e-18
16370.3444	2.3007e-17	1.1049e-18
16370.9444	2.3004e-17	1.0949e-18
16371.5443	2.3003e-17	1.3057e-18
16372.1443	2.3003e-17	1.4586e-18
16372.7442	2.3005e-17	1.5157e-18
16373.3442	2.3002e-17	1.5218e-18
16373.9442	2.2993e-17	1.5222e-18
16374.5441	2.2990e-17	1.5333e-18
16375.1441	2.3001e-17	1.5913e-18
16375.7441	2.2996e-17	1.5932e-18
16376.3440	2.2997e-17	1.5925e-18
16376.9440	2.2964e-17	1.5911e-18
16377.5439	2.2923e-17	1.5939e-18
16378.1439	2.2884e-17	1.5904e-18
16378.7439	2.2856e-17	1.5873e-18
16379.3438	2.2839e-17	1.5954e-18
16379.9438	2.2804e-17	1.5945e-18
16380.5438	2.2770e-17	1.5924e-18
16381.1437	2.2755e-17	1.5962e-18
16381.7437	2.2743e-17	1.6129e-18
16382.3436	2.2730e-17	1.6489e-18
16382.9436	2.2717e-17	1.6795e-18
16383.5436	2.2706e-17	1.7052e-18
16385.9434	2.2697e-17	1.7264e-18
16387.7433	2.2688e-17	1.7436e-18
16388.3433	2.2685e-17	1.7573e-18
16390.1432	2.2684e-17	1.7678e-18
16390.7431	2.2686e-17	1.7758e-18
16391.3431	2.2679e-17	1.7813e-18
16391.9430	2.2664e-17	1.7848e-18
16392.5430	2.2646e-17	1.7865e-18
16393.1430	2.2635e-17	1.7868e-18
16393.7429	2.2622e-17	1.7850e-18
16394.3429	2.2601e-17	1.7829e-18
16394.9429	2.2600e-17	1.7804e-18
16395.5428	2.2590e-17	1.7824e-18
16396.1428	2.2577e-17	1.7820e-18
16396.7427	2.2568e-17	1.7761e-18
16397.3427	2.2562e-17	1.7770e-18
16397.9427	2.2549e-17	1.7787e-18
16398.5426	2.2538e-17	1.7667e-18
16399.1426	2.2528e-17	1.7408e-18
16399.7425	2.2519e-17	1.7364e-18
16400.9525	2.2510e-17	1.7365e-18
16401.5524	2.2502e-17	1.7361e-18
16402.1524	2.2496e-17	1.7331e-18
16402.7524	2.2490e-17	1.7343e-18
16403.3523	2.2486e-17	1.7366e-18
16403.9523	2.2482e-17	1.7112e-18
16404.5522	2.2494e-17	1.6759e-18
16405.1522	2.2513e-17	1.6410e-18
16405.7522	2.2529e-17	1.6328e-18
16406.3521	2.2553e-17	1.6440e-18
16406.9521	2.2574e-17	1.6468e-18
16407.5521	2.2587e-17	1.6497e-18
16408.1520	2.2594e-17	1.6475e-18
16408.7520	2.2590e-17	1.6447e-18
16409.3519	2.2587e-17	1.6443e-18
16409.9519	2.2590e-17	1.6446e-18
16410.5519	2.2605e-17	1.6448e-18
16411.1518	2.2627e-17	1.6455e-18
16411.7518	2.2642e-17	1.6480e-18
16412.3518	2.2660e-17	1.6476e-18
16412.9517	2.2679e-17	1.6450e-18
16413.5517	2.2693e-17	1.6395e-18
16414.1516	2.2708e-17	1.6319e-18
16414.7516	2.2735e-17	1.6239e-18
16415.3516	2.2753e-17	1.6148e-18
16415.9515	2.2766e-17	1.6089e-18
16416.5515	2.2779e-17	1.6051e-18
16417.1515	2.2796e-17	1.6002e-18
16417.7514	2.2815e-17	1.6082e-18
16418.3514	2.2831e-17	1.6164e-18
16418.9513	2.2835e-17	1.6240e-18
16419.5513	2.2841e-17	1.6317e-18
16420.1513	2.2848e-17	1.6392e-18
16420.7512	2.2856e-17	1.6442e-18
16421.3512	2.2861e-17	1.6519e-18
16421.9512	2.2862e-17	1.6581e-18
16422.5511	2.2864e-17	1.6601e-18
16423.1511	2.2866e-17	1.6513e-18
16423.7510	2.2871e-17	1.6507e-18
16424.3510	2.2877e-17	1.4868e-18
16424.9510	2.2888e-17	1.3177e-18
16425.5509	2.2891e-17	1.2815e-18
16426.1509	2.2893e-17	1.2903e-18
16426.7509	2.2897e-17	1.3012e-18
16427.3508	2.2919e-17	1.2941e-18
16427.9508	2.2937e-17	1.2208e-18
16428.5507	2.2938e-17	1.2204e-18
16429.1507	2.2947e-17	1.2237e-18
16429.7507	2.2945e-17	1.2228e-18
16430.3506	2.2945e-17	1.2108e-18
16430.9506	2.2947e-17	1.2106e-18
16431.5506	2.2936e-17	1.2104e-18
16432.1505	2.2946e-17	1.1888e-18
16432.7505	2.2961e-17	1.1829e-18
16433.3504	2.2973e-17	1.1936e-18
16433.9504	2.2973e-17	1.1904e-18
16434.5504	2.2974e-17	1.1775e-18
16435.1503	2.2973e-17	1.1389e-18
16435.7503	2.2976e-17	1.1023e-18
16436.3503	2.2974e-17	1.0681e-18
16436.9502	2.2963e-17	1.0377e-18
16437.5502	2.2971e-17	1.0104e-18
16438.1501	2.2987e-17	9.9078e-19
16438.7501	2.2993e-17	9.7424e-19
16439.9500	2.3003e-17	9.5819e-19
16440.5500	2.3008e-17	9.5330e-19
16441.1500	2.3009e-17	9.5980e-19
16441.7499	2.3015e-17	9.5359e-19
16442.3499	2.3012e-17	9.4893e-19
16442.9498	2.3009e-17	9.5529e-19
16443.5498	2.3013e-17	9.6865e-19
16444.1498	2.2998e-17	1.0615e-18
16444.7497	2.2966e-17	1.0858e-18
16445.3497	2.2964e-17	1.0908e-18
16445.9497	2.2973e-17	1.1134e-18
16446.5496	2.2982e-17	1.1110e-18
16447.1596	2.2992e-17	1.1128e-18
16447.7595	2.3004e-17	1.1199e-18
16448.3595	2.3015e-17	1.1305e-18
16448.9595	2.3015e-17	1.1450e-18
16449.5594	2.2999e-17	1.1632e-18
16450.1594	2.2980e-17	1.1847e-18
16450.7594	2.2962e-17	1.2088e-18
16451.3593	2.2946e-17	1.2347e-18
16451.9593	2.2932e-17	1.2619e-18
16452.5592	2.2919e-17	1.2890e-18
16453.1592	2.2909e-17	1.3156e-18
16453.7592	2.2900e-17	1.3412e-18
16454.3591	2.2893e-17	1.3641e-18
16454.9591	2.2888e-17	1.3344e-18
16455.5591	2.2884e-17	1.4071e-18
16456.1590	2.2883e-17	1.4155e-18
16456.7590	2.2882e-17	1.4806e-18
16457.3589	2.2882e-17	1.5413e-18
16457.9589	2.2881e-17	1.5595e-18
16458.5589	2.2892e-17	1.5613e-18
16459.1588	2.2893e-17	1.5914e-18
16459.7588	2.2893e-17	1.6142e-18
16460.3588	2.2897e-17	1.6047e-18
16460.9587	2.2895e-17	1.5992e-18
16461.5587	2.2884e-17	1.5960e-18
16462.1586	2.2869e-17	1.5939e-18
16462.7586	2.2845e-17	1.5945e-18
16463.3586	2.2825e-17	1.6016e-18
16463.9585	2.2820e-17	1.6068e-18
16464.5585	2.2819e-17	1.6051e-18
16465.1585	2.2815e-17	1.6033e-18
16465.7584	2.2797e-17	1.6015e-18
16466.3584	2.2781e-17	1.6030e-18
16466.9583	2.2775e-17	1.6060e-18
16467.5583	2.2773e-17	1.6109e-18
16468.1583	2.2765e-17	1.6079e-18
16468.7582	2.2762e-17	1.6036e-18
16469.3582	2.2755e-17	1.6064e-18
16469.9582	2.2743e-17	1.6016e-18
16470.5581	2.2730e-17	1.5964e-18
16471.1581	2.2718e-17	1.5922e-18
16471.7580	2.2711e-17	1.5886e-18
16472.3580	2.2712e-17	1.5913e-18
16472.9580	2.2697e-17	1.5831e-18
16473.5579	2.2672e-17	1.5871e-18
16474.1579	2.2651e-17	1.5806e-18
16474.7579	2.2634e-17	1.5784e-18
16475.3578	2.2617e-17	1.5787e-18
16475.9578	2.2609e-17	1.5822e-18
16476.5577	2.2592e-17	1.5886e-18
16477.1577	2.2575e-17	1.5977e-18
16477.7577	2.2584e-17	1.6094e-18
16478.3576	2.2594e-17	1.6256e-18
16478.9576	2.2609e-17	1.6252e-18
16479.5576	2.2615e-17	1.6310e-18
16480.1575	2.2612e-17	1.6326e-18
16480.7575	2.2599e-17	1.6464e-18
16481.3574	2.2586e-17	1.6510e-18
16481.9574	2.2575e-17	1.6425e-18
16482.5574	2.2570e-17	1.6479e-18
16483.1573	2.2565e-17	1.6921e-18
16483.7573	2.2562e-17	1.7337e-18
16484.3573	2.2549e-17	1.7536e-18
16484.9572	2.2542e-17	1.7543e-18
16485.5572	2.2534e-17	1.7563e-18
16486.1571	2.2509e-17	1.7564e-18
16486.7571	2.2500e-17	1.7562e-18
16487.3571	2.2475e-17	1.7569e-18
16487.9570	2.2471e-17	1.7562e-18
16488.5570	2.2460e-17	1.7539e-18
16489.1570	2.2449e-17	1.7635e-18
16489.7569	2.2438e-17	1.7663e-18
16490.3569	2.2420e-17	1.7670e-18
16490.9568	2.2398e-17	1.7662e-18
16491.5568	2.2387e-17	1.7685e-18
16492.1568	2.2369e-17	1.7332e-18
16492.7667	2.2349e-17	1.7238e-18
16493.3667	2.2336e-17	1.7208e-18
16493.9667	2.2316e-17	1.7064e-18
16494.5666	2.2286e-17	1.7081e-18
16495.1666	2.2266e-17	1.7095e-18
16495.7665	2.2252e-17	1.7084e-18
16496.3665	2.2232e-17	1.7020e-18
16496.9665	2.2214e-17	1.6967e-18
16497.5664	2.2194e-17	1.6852e-18
16498.1664	2.2147e-17	1.6689e-18
16498.7664	2.2097e-17	1.6529e-18
16499.3663	2.2101e-17	1.6395e-18
16499.9663	2.2091e-17	1.6121e-18
16500.5662	2.2077e-17	1.5755e-18
16501.1662	2.2051e-17	1.5313e-18
16501.7662	2.2010e-17	1.5126e-18
16502.3661	2.1980e-17	1.4801e-18
16502.9661	2.1953e-17	1.4803e-18
16503.5661	2.1926e-17	1.3805e-18
16504.1660	2.1896e-17	1.3737e-18
16504.7660	2.1873e-17	1.3276e-18
16505.3659	2.1852e-17	1.2728e-18
16505.9659	2.1819e-17	1.2888e-18
16506.5659	2.1783e-17	1.2889e-18
16507.1658	2.1754e-17	1.2800e-18
16507.7658	2.1736e-17	1.2715e-18
16508.3658	2.1722e-17	1.2711e-18
16508.9657	2.1713e-17	1.2713e-18
16509.5657	2.1704e-17	1.2726e-18
16510.1656	2.1693e-17	1.2765e-18
16510.7656	2.1682e-17	1.2813e-18
16511.3656	2.1670e-17	1.2925e-18
16511.9655	2.1656e-17	1.2909e-18
16512.5655	2.1642e-17	1.2978e-18
16513.1655	2.1627e-17	1.2917e-18
16513.7654	2.1611e-17	1.2890e-18
16514.3654	2.1594e-17	1.2879e-18
16514.9653	2.1587e-17	1.2842e-18
16515.5653	2.1580e-17	1.2862e-18
16516.1653	2.1562e-17	1.2860e-18
16516.7652	2.1548e-17	1.2868e-18
16517.3652	2.1534e-17	1.3052e-18
16517.9652	2.1527e-17	1.3063e-18
16518.5651	2.1516e-17	1.3576e-18
16519.1651	2.1499e-17	1.3577e-18
16519.7650	2.1484e-17	1.3628e-18
16520.3650	2.1462e-17	1.3696e-18
16520.9650	2.1444e-17	1.3752e-18
16521.5649	2.1425e-17	1.3828e-18
16522.1649	2.1410e-17	1.3883e-18
16522.7649	2.1397e-17	1.3808e-18
16523.3648	2.1381e-17	1.3731e-18
16523.9648	2.1368e-17	1.3700e-18
16524.5647	2.1351e-17	1.3625e-18
16525.1647	2.1345e-17	1.3505e-18
16525.7647	2.1349e-17	1.3339e-18
16526.3646	2.1350e-17	1.3096e-18
16526.9646	2.1350e-17	1.3123e-18
16527.5646	2.1353e-17	1.3097e-18
16528.1645	2.1363e-17	1.3099e-18
16528.7645	2.1368e-17	1.2970e-18
16529.3644	2.1372e-17	1.2926e-18
16529.9644	2.1371e-17	1.2910e-18
16530.5644	2.1379e-17	1.2816e-18
16531.1643	2.1375e-17	1.2104e-18
16531.7643	2.1373e-17	1.1330e-18
16532.3643	2.1365e-17	1.1219e-18
16532.9642	2.1358e-17	1.1191e-18
16533.5642	2.1364e-17	1.1243e-18
16534.1641	2.1372e-17	1.1338e-18
16534.7641	2.1373e-17	1.1375e-18
16535.3641	2.1373e-17	1.1389e-18
16535.9640	2.1373e-17	1.1467e-18
16536.5640	2.1363e-17	1.1944e-18
16537.1640	2.1354e-17	1.2088e-18
16537.7639	2.1349e-17	1.2065e-18
16538.3739	2.1349e-17	1.2085e-18
16538.9738	2.1345e-17	1.2084e-18
16539.5738	2.1347e-17	1.2347e-18
16540.1738	2.1345e-17	1.2462e-18
16540.7737	2.1340e-17	1.2378e-18
16541.3737	2.1335e-17	1.2373e-18
16541.9737	2.1331e-17	1.2455e-18
16542.5736	2.1325e-17	1.2446e-18
16543.1736	2.1325e-17	1.2400e-18
16543.7735	2.1318e-17	1.2344e-18
16544.3735	2.1311e-17	1.2367e-18
16544.9735	2.1298e-17	1.2306e-18
16545.5734	2.1298e-17	1.2302e-18
16546.1734	2.1310e-17	1.2403e-18
16546.7734	2.1314e-17	1.2376e-18
16547.3733	2.1303e-17	1.2235e-18
16547.9733	2.1290e-17	1.2210e-18
16548.5732	2.1278e-17	1.2228e-18
16549.1732	2.1265e-17	1.2230e-18
16549.7732	2.1252e-17	1.1855e-18
16550.3731	2.1239e-17	1.1582e-18
16550.9731	2.1227e-17	1.1574e-18
16551.5731	2.1215e-17	1.1523e-18
16552.1730	2.1204e-17	1.1544e-18
16552.7730	2.1194e-17	1.1553e-18
16553.3730	2.1184e-17	1.1573e-18
16553.9729	2.1176e-17	1.1212e-18
16554.5729	2.1169e-17	1.1225e-18
16555.1728	2.1183e-17	1.1099e-18
16555.7728	2.1163e-17	1.1100e-18
16556.3728	2.1142e-17	1.1128e-18
16556.9727	2.1125e-17	1.1125e-18
16557.5727	2.1119e-17	1.1115e-18
16558.1727	2.1106e-17	1.1081e-18
16558.7726	2.1096e-17	1.1031e-18
16559.3726	2.1092e-17	1.0857e-18
16559.9725	2.1085e-17	1.1201e-18
16560.5725	2.1087e-17	1.1125e-18
16561.1725	2.1085e-17	1.1367e-18
16561.7724	2.1097e-17	1.1538e-18
16562.3724	2.1092e-17	1.1579e-18
16562.9724	2.1091e-17	1.1672e-18
16563.5723	2.1100e-17	1.1728e-18
16564.1723	2.1111e-17	1.1764e-18
16564.7722	2.1123e-17	1.1762e-18
16565.3722	2.1148e-17	1.1532e-18
16565.9722	2.1176e-17	1.1553e-18
16566.5721	2.1201e-17	1.0965e-18
16567.1721	2.1223e-17	1.0962e-18
16567.7721	2.1235e-17	1.1002e-18
16568.3720	2.1236e-17	1.1133e-18
16568.9720	2.1236e-17	1.1080e-18
16569.5719	2.1229e-17	1.0936e-18
16570.1719	2.1230e-17	1.0738e-18
16570.7719	2.1239e-17	1.0811e-18
16571.3718	2.1244e-17	1.0820e-18
16571.9718	2.1240e-17	1.0821e-18
16572.5718	2.1242e-17	1.0777e-18
16573.1717	2.1244e-17	1.0747e-18
16573.7717	2.1246e-17	1.0726e-18
16574.3716	2.1239e-17	1.0720e-18
16574.9716	2.1228e-17	1.0730e-18
16575.5716	2.1213e-17	1.0745e-18
16576.1715	2.1220e-17	1.0749e-18
16576.7715	2.1193e-17	1.0790e-18
16577.3715	2.1198e-17	1.0791e-18
16577.9714	2.1220e-17	1.0800e-18
16578.5714	2.1244e-17	1.0827e-18
16579.1713	2.1251e-17	1.0875e-18
16579.7713	2.1254e-17	1.0918e-18
16580.3713	2.1262e-17	1.0471e-18
16580.9712	2.1277e-17	1.0391e-18
16581.5712	2.1280e-17	1.0321e-18
16582.1712	2.1279e-17	1.0098e-18
16582.7711	2.1285e-17	1.0019e-18
16583.3711	2.1284e-17	1.0031e-18
16583.9810	2.1272e-17	9.9868e-19
16584.5810	2.1272e-17	9.5549e-19
16585.1810	2.1271e-17	9.2135e-19
16585.7809	2.1256e-17	9.2196e-19
16586.3809	2.1250e-17	9.1778e-19
16586.9809	2.1241e-17	9.1963e-19
16587.5808	2.1235e-17	8.8962e-19
16588.1808	2.1237e-17	8.6492e-19
16588.7807	2.1239e-17	8.6765e-19
16589.3807	2.1244e-17	8.7471e-19
16589.9807	2.1245e-17	8.6678e-19
16590.5806	2.1250e-17	8.6985e-19
16591.1806	2.1247e-17	8.6935e-19
16591.7806	2.1240e-17	8.7055e-19
16592.3805	2.1233e-17	8.7312e-19
16592.9805	2.1224e-17	8.7334e-19
16593.5804	2.1215e-17	8.7424e-19
16594.1804	2.1204e-17	8.6165e-19
16594.7804	2.1193e-17	8.5655e-19
16595.3803	2.1181e-17	8.5609e-19
16595.9803	2.1169e-17	8.5526e-19
16596.5803	2.1157e-17	8.5284e-19
16597.1802	2.1145e-17	8.5370e-19
16597.7802	2.1120e-17	8.5438e-19
16598.3802	2.1101e-17	8.6518e-19
16598.9801	2.1089e-17	8.5944e-19
16599.5801	2.1079e-17	8.6863e-19
16600.1800	2.1055e-17	8.7217e-19
16600.7800	2.1025e-17	8.6545e-19
16601.3800	2.0999e-17	8.6362e-19
16601.9799	2.0966e-17	8.7192e-19
16602.5799	2.0936e-17	8.7880e-19
16603.1799	2.0916e-17	8.8002e-19
16603.7798	2.0900e-17	8.6420e-19
16604.3798	2.0901e-17	8.7234e-19
16604.9797	2.0903e-17	8.7177e-19
16605.5797	2.0901e-17	8.7905e-19
16606.1797	2.0891e-17	8.7445e-19
16606.7796	2.0873e-17	8.7460e-19
16607.3796	2.0863e-17	8.7515e-19
16607.9796	2.0850e-17	8.2793e-19
16608.5795	2.0841e-17	8.2732e-19
16609.1795	2.0838e-17	7.8387e-19
16609.7794	2.0831e-17	7.6133e-19
16610.3794	2.0810e-17	7.7545e-19
16610.9794	2.0794e-17	7.7864e-19
16611.5793	2.0781e-17	7.6176e-19
16612.1793	2.0767e-17	7.6554e-19
16612.7793	2.0746e-17	7.6871e-19
16613.3792	2.0720e-17	7.8455e-19
16613.9792	2.0694e-17	7.8688e-19
16614.5791	2.0678e-17	7.8348e-19
16615.1791	2.0658e-17	7.8782e-19
16615.7791	2.0635e-17	7.7254e-19
16616.3790	2.0615e-17	7.2918e-19
16616.9790	2.0599e-17	7.3742e-19
16617.5790	2.0585e-17	7.2796e-19
16618.1789	2.0566e-17	7.3074e-19
16618.7789	2.0543e-17	7.2515e-19
16619.3788	2.0535e-17	7.2189e-19
16619.9788	2.0508e-17	7.3302e-19
16620.5788	2.0488e-17	7.4235e-19
16621.1787	2.0469e-17	7.4840e-19
16621.7787	2.0466e-17	7.4922e-19
16622.3787	2.0456e-17	7.4931e-19
16622.9786	2.0429e-17	7.4890e-19
16623.5786	2.0403e-17	7.4879e-19
16624.1785	2.0399e-17	7.4418e-19
16624.7785	2.0383e-17	7.3194e-19
16625.3785	2.0375e-17	7.3481e-19
16625.9784	2.0373e-17	7.4029e-19
16626.5784	2.0369e-17	7.4690e-19
16627.1784	2.0378e-17	7.5355e-19
16627.7783	2.0374e-17	7.6230e-19
16628.3783	2.0361e-17	7.7460e-19
16628.9783	2.0349e-17	7.8143e-19
16629.5882	2.0346e-17	8.8927e-19
16630.1882	2.0343e-17	9.5720e-19
16630.7881	2.0343e-17	1.0073e-18
16631.3881	2.0353e-17	1.0391e-18
16631.9881	2.0338e-17	1.0923e-18
16632.5880	2.0326e-17	1.1291e-18
16633.1880	2.0304e-17	1.1444e-18
16633.7880	2.0279e-17	1.2048e-18
16634.3879	2.0262e-17	1.2220e-18
16634.9879	2.0242e-17	1.2408e-18
16635.5878	2.0223e-17	1.2411e-18
16636.1878	2.0201e-17	1.2433e-18
16636.7878	2.0177e-17	1.2525e-18
16637.3877	2.0157e-17	1.2492e-18
16637.9877	2.0139e-17	1.2551e-18
16638.5877	2.0113e-17	1.2631e-18
16639.1876	2.0098e-17	1.2835e-18
16639.7876	2.0094e-17	1.2831e-18
16640.3875	2.0070e-17	1.2765e-18
16640.9875	2.0036e-17	1.2837e-18
16641.5875	2.0004e-17	1.2875e-18
16642.1874	1.9992e-17	1.3149e-18
16642.7874	1.9974e-17	1.3373e-18
16643.3874	1.9952e-17	1.3814e-18
16643.9873	1.9933e-17	1.3916e-18
16644.5873	1.9935e-17	1.3902e-18
16645.1872	1.9940e-17	1.3901e-18
16645.7872	1.9941e-17	1.3974e-18
16646.3872	1.9942e-17	1.3913e-18
16646.9871	1.9940e-17	1.3924e-18
16647.5871	1.9942e-17	1.3887e-18
16648.1871	1.9929e-17	1.3834e-18
16648.7870	1.9923e-17	1.3840e-18
16649.3870	1.9927e-17	1.3828e-18
16649.9869	1.9921e-17	1.3861e-18
16650.5869	1.9917e-17	1.3779e-18
16651.1869	1.9919e-17	1.3720e-18
16651.7868	1.9934e-17	1.3743e-18
16652.3868	1.9931e-17	1.3676e-18
16652.9868	1.9910e-17	1.3668e-18
16653.5867	1.9877e-17	1.3583e-18
16654.1867	1.9853e-17	1.3565e-18
16654.7866	1.9842e-17	1.3604e-18
16655.3866	1.9822e-17	1.3680e-18
16655.9866	1.9820e-17	1.3616e-18
16656.5865	1.9824e-17	1.3794e-18
16657.1865	1.9827e-17	1.3908e-18
16657.7865	1.9839e-17	1.3933e-18
16658.3864	1.9836e-17	1.3900e-18
16658.9864	1.9823e-17	1.3891e-18
16659.5864	1.9821e-17	1.3899e-18
16660.1863	1.9835e-17	1.3964e-18
16660.7863	1.9856e-17	1.4038e-18
16661.3862	1.9874e-17	1.3885e-18
16661.9862	1.9887e-17	1.3940e-18
16662.5862	1.9894e-17	1.4016e-18
16663.1861	1.9909e-17	1.4518e-18
16663.7861	1.9909e-17	1.4920e-18
16664.3861	1.9914e-17	1.5270e-18
16664.9860	1.9927e-17	1.5409e-18
16665.5860	1.9931e-17	1.5635e-18
16666.1859	1.9939e-17	1.5804e-18
16666.7859	1.9938e-17	1.6003e-18
16667.3859	1.9925e-17	1.6092e-18
16667.9858	1.9923e-17	1.6100e-18
16668.5858	1.9937e-17	1.6117e-18
16669.1858	1.9957e-17	1.6132e-18
16669.7857	1.9976e-17	1.6171e-18
16670.3857	1.9984e-17	1.6202e-18
16670.9856	1.9992e-17	1.6226e-18
16671.5856	2.0002e-17	1.6309e-18
16672.1856	2.0012e-17	1.6351e-18
16672.7855	2.0011e-17	1.6352e-18
16673.3855	2.0010e-17	1.6355e-18
16673.9855	2.0005e-17	1.6363e-18
16674.5854	2.0000e-17	1.6368e-18
16675.1854	1.9997e-17	1.6367e-18
16675.7953	1.9995e-17	1.6358e-18
16676.3953	1.9994e-17	1.6337e-18
16676.9953	1.9998e-17	1.6263e-18
16677.5952	1.9999e-17	1.5832e-18
16678.1952	1.9996e-17	1.5530e-18
16678.7952	2.0004e-17	1.5292e-18
16679.3951	2.0029e-17	1.5140e-18
16679.9951	2.0045e-17	1.4829e-18
16680.5951	2.0066e-17	1.4602e-18
16681.1950	2.0097e-17	1.4509e-18
16681.7950	2.0118e-17	1.4029e-18
16682.3949	2.0149e-17	1.3877e-18
16682.9949	2.0157e-17	1.3695e-18
16683.5949	2.0170e-17	1.3657e-18
16684.1948	2.0180e-17	1.3575e-18
16684.7948	2.0192e-17	1.3435e-18
16685.3948	2.0203e-17	1.3410e-18
16685.9947	2.0215e-17	1.3330e-18
16686.5947	2.0231e-17	1.3209e-18
16687.1946	2.0260e-17	1.2991e-18
16687.7946	2.0285e-17	1.3034e-18
16688.3946	2.0301e-17	1.3132e-18
16688.9945	2.0331e-17	1.3147e-18
16689.5945	2.0366e-17	1.3226e-18
16690.1945	2.0392e-17	1.2898e-18
16690.7944	2.0413e-17	1.2576e-18
16691.3944	2.0438e-17	1.1937e-18
16691.9943	2.0449e-17	1.1731e-18
16692.5943	2.0468e-17	1.1939e-18
16693.1943	2.0482e-17	1.1917e-18
16693.7942	2.0497e-17	1.2021e-18
16694.3942	2.0510e-17	1.2029e-18
16694.9942	2.0519e-17	1.2099e-18
16695.5941	2.0530e-17	1.2082e-18
16696.1941	2.0537e-17	1.2101e-18
16696.7940	2.0548e-17	1.2115e-18
16697.3940	2.0558e-17	1.2128e-18
16697.9940	2.0574e-17	1.2065e-18
16698.5939	2.0580e-17	1.2069e-18
16699.1939	2.0589e-17	1.2073e-18
16699.7939	2.0595e-17	1.2083e-18
16700.3938	2.0600e-17	1.2095e-18
16700.9938	2.0604e-17	1.2145e-18
16701.5938	2.0616e-17	1.2232e-18
16702.1937	2.0627e-17	1.2319e-18
16702.7937	2.0632e-17	1.2451e-18
16703.3936	2.0638e-17	1.2592e-18
16703.9936	2.0644e-17	1.2813e-18
16704.5936	2.0651e-17	1.2989e-18
16705.1935	2.0659e-17	1.3596e-18
16709.9932	2.0668e-17	1.3507e-18
16710.5932	2.0677e-17	1.3561e-18
16711.1932	2.0688e-17	1.3667e-18
16711.7931	2.0699e-17	1.3620e-18
16712.3931	2.0711e-17	1.3579e-18
16712.9930	2.0725e-17	1.3536e-18
16713.5930	2.0739e-17	1.3545e-18
16714.1930	2.0741e-17	1.3594e-18
16714.7929	2.0740e-17	1.3561e-18
16715.3929	2.0757e-17	1.3196e-18
16715.9929	2.0765e-17	1.2796e-18
16716.5928	2.0765e-17	1.2413e-18
16717.1928	2.0769e-17	1.2090e-18
16717.7927	2.0771e-17	1.1988e-18
16718.3927	2.0779e-17	1.1930e-18
16718.9927	2.0787e-17	1.2198e-18
16719.5926	2.0794e-17	1.2329e-18
16720.1926	2.0796e-17	1.2179e-18
16720.7926	2.0803e-17	1.2026e-18
16721.4025	2.0804e-17	1.1901e-18
16722.0025	2.0803e-17	1.1846e-18
16722.6025	2.0811e-17	1.1903e-18
16723.2024	2.0821e-17	1.1977e-18
16723.8024	2.0835e-17	1.1905e-18
16724.4023	2.0838e-17	1.1883e-18
16725.0023	2.0829e-17	1.1886e-18
16725.6023	2.0832e-17	1.1946e-18
16726.2022	2.0841e-17	1.2054e-18
16726.8022	2.0845e-17	1.2045e-18
16727.4022	2.0843e-17	1.2150e-18
16728.0021	2.0837e-17	1.2135e-18
16728.6021	2.0834e-17	1.2122e-18
16729.2020	2.0830e-17	1.2200e-18
16729.8020	2.0813e-17	1.2909e-18
16730.4020	2.0807e-17	1.2941e-18
16731.0019	2.0801e-17	1.3097e-18
16731.6019	2.0801e-17	1.3302e-18
16732.2019	2.0790e-17	1.3488e-18
16732.8018	2.0776e-17	1.3467e-18
16733.4018	2.0757e-17	1.3472e-18
16734.0017	2.0745e-17	1.3594e-18
16734.6017	2.0736e-17	1.3680e-18
16735.2017	2.0727e-17	1.3665e-18
16735.8016	2.0726e-17	1.3652e-18
16736.4016	2.0724e-17	1.3915e-18
16737.0016	2.0716e-17	1.4123e-18
16737.6015	2.0700e-17	1.4140e-18
16738.2015	2.0686e-17	1.4440e-18
16738.8015	2.0665e-17	1.4518e-18
16739.4014	2.0646e-17	1.4531e-18
16740.0014	2.0628e-17	1.4558e-18
16740.6013	2.0609e-17	1.4512e-18
16741.2013	2.0589e-17	1.4457e-18
16741.8013	2.0568e-17	1.4353e-18
16742.4012	2.0539e-17	1.4336e-18
16743.0012	2.0515e-17	1.4432e-18
16743.6012	2.0481e-17	1.4441e-18
16744.2011	2.0459e-17	1.4445e-18
16744.8011	2.0438e-17	1.4289e-18
16745.4010	2.0407e-17	1.4433e-18
16746.0010	2.0382e-17	1.4224e-18
16746.6010	2.0353e-17	1.4358e-18
16747.2009	2.0328e-17	1.4511e-18
16747.8009	2.0297e-17	1.4630e-18
16748.4009	2.0268e-17	1.4613e-18
16749.0008	2.0240e-17	1.4602e-18
16749.6008	2.0211e-17	1.4588e-18
16750.2007	2.0186e-17	1.4595e-18
16750.8007	2.0159e-17	1.4612e-18
16751.4007	2.0132e-17	1.4643e-18
16752.0006	2.0106e-17	1.4688e-18
16752.6006	2.0077e-17	1.4788e-18
16753.2006	2.0048e-17	1.4907e-18
16753.8005	2.0022e-17	1.5103e-18
16754.4005	1.9985e-17	1.5315e-18
16755.0004	1.9972e-17	1.5538e-18
16755.6004	1.9963e-17	1.5768e-18
16756.2004	1.9950e-17	1.6004e-18
16756.8003	1.9930e-17	1.5859e-18
16757.4003	1.9920e-17	1.5106e-18
16758.0003	1.9909e-17	1.5106e-18
16758.6002	1.9894e-17	1.5146e-18
16759.2002	1.9890e-17	1.5119e-18
16759.8002	1.9879e-17	1.5146e-18
16760.4001	1.9869e-17	1.5146e-18
16761.0001	1.9855e-17	1.5145e-18
16761.6000	1.9842e-17	1.5145e-18
16762.2000	1.9833e-17	1.5094e-18
16762.8000	1.9818e-17	1.5104e-18
16763.3999	1.9808e-17	1.5076e-18
16763.9999	1.9800e-17	1.5084e-18
16764.5999	1.9802e-17	1.5111e-18
16765.1998	1.9788e-17	1.5205e-18
16765.7998	1.9769e-17	1.5104e-18
16766.3997	1.9762e-17	1.4959e-18
16767.0097	1.9758e-17	1.4626e-18
16767.6097	1.9763e-17	1.4383e-18
16768.2096	1.9768e-17	1.4385e-18
16768.8096	1.9780e-17	1.4385e-18
16769.4096	1.9786e-17	1.4458e-18
16770.0095	1.9783e-17	1.4407e-18
16770.6095	1.9782e-17	1.4325e-18
16771.2094	1.9789e-17	1.4300e-18
16771.8094	1.9787e-17	1.4318e-18
16772.4094	1.9784e-17	1.4314e-18
16773.0093	1.9776e-17	1.4313e-18
16773.6093	1.9774e-17	1.4281e-18
16774.2093	1.9773e-17	1.4156e-18
16774.8092	1.9772e-17	1.4155e-18
16775.4092	1.9759e-17	1.4083e-18
16776.6091	1.9754e-17	1.4077e-18
16777.2091	1.9752e-17	1.4105e-18
16778.4090	1.9745e-17	1.4034e-18
16779.0090	1.9743e-17	1.3371e-18
16779.6089	1.9744e-17	1.3312e-18
16780.2089	1.9738e-17	1.3145e-18
16780.8089	1.9748e-17	1.2917e-18
16781.4088	1.9750e-17	1.2693e-18
16782.0088	1.9748e-17	1.2693e-18
16782.6087	1.9752e-17	1.2670e-18
16783.2087	1.9748e-17	1.2533e-18
16783.8087	1.9739e-17	1.2418e-18
16784.4086	1.9748e-17	1.2404e-18
16785.0086	1.9756e-17	1.2403e-18
16785.6086	1.9759e-17	1.2100e-18
16786.2085	1.9772e-17	1.1838e-18
16786.8085	1.9772e-17	1.1824e-18
16787.4085	1.9762e-17	1.1467e-18
16788.0084	1.9755e-17	1.1352e-18
16788.6084	1.9747e-17	1.1298e-18
16789.2083	1.9743e-17	1.1195e-18
16789.8083	1.9736e-17	1.1160e-18
16790.4083	1.9719e-17	1.1178e-18
16791.0082	1.9697e-17	1.1222e-18
16791.6082	1.9672e-17	1.1222e-18
16792.2082	1.9654e-17	1.1058e-18
16792.8081	1.9644e-17	1.1067e-18
16793.4081	1.9629e-17	1.1034e-18
16794.0080	1.9614e-17	1.1035e-18
16794.6080	1.9600e-17	1.0892e-18
16795.2080	1.9584e-17	1.0900e-18
16795.8079	1.9564e-17	1.0658e-18
16796.4079	1.9545e-17	1.0278e-18
16797.0079	1.9527e-17	1.0001e-18
16797.6078	1.9510e-17	9.9795e-19
16798.2078	1.9508e-17	9.9927e-19
16798.8077	1.9504e-17	1.0001e-18
16799.4077	1.9497e-17	1.0000e-18
16800.0077	1.9491e-17	1.0020e-18
16800.6076	1.9487e-17	1.0066e-18
16801.2076	1.9484e-17	1.0119e-18
16801.8076	1.9481e-17	1.0043e-18
16802.4075	1.9480e-17	9.8838e-19
16803.0075	1.9479e-17	9.5057e-19
16803.6075	1.9479e-17	9.0149e-19
16804.2074	1.9479e-17	8.3190e-19
16804.8074	1.9481e-17	7.4454e-19
16805.4073	1.9483e-17	6.1438e-19
16806.0073	1.9486e-17	5.5665e-19
16806.6073	1.9490e-17	5.7194e-19
16807.2072	1.9495e-17	5.7140e-19
16807.8072	1.9500e-17	5.7429e-19
16808.4072	1.9506e-17	5.7679e-19
16809.0071	1.9506e-17	5.8157e-19
16809.6071	1.9505e-17	5.7958e-19
16810.2070	1.9506e-17	5.7641e-19
16810.8070	1.9509e-17	5.7412e-19
16811.4070	1.9514e-17	5.7078e-19
16812.0069	1.9521e-17	5.7060e-19
16812.6169	1.9529e-17	5.6666e-19
16813.2169	1.9539e-17	5.5880e-19
16813.8168	1.9548e-17	5.5634e-19
16814.4168	1.9554e-17	5.3986e-19
16815.0168	1.9559e-17	5.3633e-19
16815.6167	1.9571e-17	5.3604e-19
16816.2167	1.9584e-17	5.2191e-19
16816.8166	1.9597e-17	5.0817e-19
16817.4166	1.9605e-17	5.0421e-19
16818.0166	1.9608e-17	5.0353e-19
16818.6165	1.9618e-17	5.1494e-19
16819.2165	1.9639e-17	5.1631e-19
16819.8165	1.9644e-17	5.2351e-19
16820.4164	1.9658e-17	5.1061e-19
16821.0164	1.9655e-17	5.1113e-19
16821.6163	1.9661e-17	5.0944e-19
16822.2163	1.9667e-17	5.1371e-19
16822.8163	1.9673e-17	5.1509e-19
16823.4162	1.9684e-17	5.1494e-19
16824.0162	1.9693e-17	5.1241e-19
16824.6162	1.9699e-17	5.0927e-19
16825.2161	1.9702e-17	5.1124e-19
16825.8161	1.9703e-17	5.0184e-19
16826.4160	1.9702e-17	5.0073e-19
16827.0160	1.9701e-17	4.9989e-19
16827.6160	1.9705e-17	5.0399e-19
16828.2159	1.9708e-17	5.1415e-19
16828.8159	1.9705e-17	5.1675e-19
16829.4159	1.9695e-17	5.1691e-19
16830.0158	1.9689e-17	5.2215e-19
16830.6158	1.9677e-17	5.2425e-19
16831.2158	1.9653e-17	5.2463e-19
16831.8157	1.9624e-17	5.3849e-19
16832.4157	1.9621e-17	5.3969e-19
16833.0156	1.9617e-17	5.4078e-19
16833.6156	1.9614e-17	5.4176e-19
16834.2156	1.9611e-17	5.4266e-19
16834.8155	1.9605e-17	5.4346e-19
16835.4155	1.9595e-17	5.4428e-19
16837.2154	1.9585e-17	5.4517e-19
16837.8153	1.9582e-17	5.4603e-19
16838.4153	1.9570e-17	5.4581e-19
16839.0153	1.9563e-17	5.4369e-19
16839.6152	1.9571e-17	5.2650e-19
16840.2152	1.9575e-17	5.1344e-19
16840.8152	1.9578e-17	5.0940e-19
16841.4151	1.9590e-17	5.1225e-19
16842.0151	1.9598e-17	5.1751e-19
16842.6151	1.9614e-17	5.1587e-19
16843.2150	1.9624e-17	5.1618e-19
16843.8150	1.9613e-17	5.1564e-19
16844.4149	1.9608e-17	5.1416e-19
16845.0149	1.9600e-17	5.1375e-19
16845.6149	1.9601e-17	5.1322e-19
16846.2148	1.9591e-17	5.0869e-19
16846.8148	1.9581e-17	5.0991e-19
16847.4148	1.9575e-17	5.0656e-19
16848.0147	1.9568e-17	5.0725e-19
16848.6147	1.9564e-17	5.0962e-19
16849.2146	1.9555e-17	5.0498e-19
16849.8146	1.9561e-17	4.9922e-19
16850.4146	1.9561e-17	4.8733e-19
16851.0145	1.9550e-17	4.8209e-19
16851.6145	1.9549e-17	4.7538e-19
16852.2145	1.9544e-17	4.7523e-19
16852.8144	1.9533e-17	4.7074e-19
16853.4144	1.9507e-17	4.7007e-19
16854.0144	1.9495e-17	4.6811e-19
16854.6143	1.9500e-17	4.6637e-19
16855.2143	1.9508e-17	4.5699e-19
16855.8142	1.9516e-17	4.4956e-19
16856.4142	1.9513e-17	4.6036e-19
16857.0142	1.9513e-17	4.6259e-19
16857.6141	1.9500e-17	4.6859e-19
16858.2241	1.9487e-17	4.7009e-19
16858.8241	1.9479e-17	4.7137e-19
16859.4240	1.9469e-17	4.7172e-19
16860.0240	1.9481e-17	4.9648e-19
16860.6239	1.9497e-17	5.0348e-19
16861.8239	1.9497e-17	5.1844e-19
16862.4238	1.9480e-17	5.3382e-19
16863.0238	1.9467e-17	5.3829e-19
16863.6238	1.9455e-17	5.5752e-19
16864.2237	1.9432e-17	5.5794e-19
16864.8237	1.9421e-17	5.5837e-19
16865.4237	1.9410e-17	5.8688e-19
16866.0236	1.9407e-17	5.8700e-19
16866.6236	1.9390e-17	5.9442e-19
16867.2235	1.9368e-17	6.1353e-19
16867.8235	1.9363e-17	6.1455e-19
16868.4235	1.9348e-17	5.9976e-19
16869.0234	1.9335e-17	5.9712e-19
16869.6234	1.9331e-17	5.9114e-19
16870.2234	1.9316e-17	5.9219e-19
16870.8233	1.9282e-17	5.8575e-19
16871.4233	1.9249e-17	5.9401e-19
16872.0232	1.9219e-17	5.9854e-19
16872.6232	1.9199e-17	6.0358e-19
16873.2232	1.9184e-17	6.1041e-19
16873.8231	1.9171e-17	6.1669e-19
16874.4231	1.9159e-17	6.2220e-19
16875.0231	1.9148e-17	6.2521e-19
16875.6230	1.9136e-17	6.2946e-19
16876.2230	1.9124e-17	6.3366e-19
16876.8230	1.9115e-17	6.3741e-19
16877.4229	1.9108e-17	6.3822e-19
16878.0229	1.9111e-17	6.3455e-19
16878.6228	1.9123e-17	6.3600e-19
16879.2228	1.9136e-17	6.3817e-19
16879.8228	1.9146e-17	6.3748e-19
16880.4227	1.9160e-17	6.3706e-19
16881.0227	1.9170e-17	6.3896e-19
16881.6227	1.9166e-17	6.3115e-19
16882.2226	1.9156e-17	6.3233e-19
16882.8226	1.9141e-17	6.3275e-19
16883.4225	1.9140e-17	6.3267e-19
16884.0225	1.9140e-17	6.3230e-19
16884.6225	1.9135e-17	6.3187e-19
16885.2224	1.9128e-17	6.3152e-19
16885.8224	1.9125e-17	6.3142e-19
16886.4224	1.9124e-17	6.3369e-19
16887.0223	1.9114e-17	6.3702e-19
16887.6223	1.9115e-17	6.4152e-19
16888.2223	1.9128e-17	6.4744e-19
16888.8222	1.9127e-17	6.5479e-19
16889.4222	1.9118e-17	6.5641e-19
16890.0221	1.9110e-17	6.5416e-19
16890.6221	1.9100e-17	6.5181e-19
16891.2221	1.9086e-17	6.4976e-19
16891.8220	1.9077e-17	6.4982e-19
16892.4220	1.9073e-17	6.5525e-19
16893.0220	1.9073e-17	6.5738e-19
16893.6219	1.9054e-17	6.5802e-19
16894.2219	1.9036e-17	6.5888e-19
16894.8218	1.9028e-17	6.7155e-19
16895.4218	1.9019e-17	6.7258e-19
16896.0218	1.9002e-17	6.7328e-19
16896.6217	1.8988e-17	7.0286e-19
16897.2217	1.8981e-17	7.1144e-19
16897.8217	1.8971e-17	7.1299e-19
16899.0216	1.8957e-17	7.1269e-19
16899.6216	1.8945e-17	7.1109e-19
16900.2215	1.8944e-17	7.0837e-19
16900.8215	1.8931e-17	7.0753e-19
16901.4214	1.8923e-17	7.0732e-19
16902.0214	1.8913e-17	7.0707e-19
16902.6214	1.8904e-17	7.0834e-19
16903.2213	1.8896e-17	7.0389e-19
16903.8213	1.8889e-17	7.1585e-19
16905.0312	1.8884e-17	7.2804e-19
16905.6312	1.8878e-17	7.2471e-19
16906.2311	1.8873e-17	7.1849e-19
16906.8311	1.8869e-17	7.2605e-19
16907.4311	1.8865e-17	7.2347e-19
16908.0310	1.8861e-17	7.2706e-19
16908.6310	1.8858e-17	7.2641e-19
16909.2310	1.8856e-17	7.2645e-19
16909.8309	1.8853e-17	7.0863e-19
16910.4309	1.8851e-17	7.0673e-19
16912.2308	1.8844e-17	6.9624e-19
16912.8307	1.8850e-17	6.8200e-19
16913.4307	1.8855e-17	6.8318e-19
16914.0307	1.8851e-17	6.7463e-19
16914.6306	1.8855e-17	6.7950e-19
16915.2306	1.8861e-17	7.0438e-19
16915.8306	1.8854e-17	6.9022e-19
16916.4305	1.8849e-17	7.1899e-19
16917.0305	1.8856e-17	7.4838e-19
16917.6304	1.8858e-17	7.4487e-19
16918.2304	1.8860e-17	7.5861e-19
16918.8304	1.8854e-17	7.5092e-19
16919.4303	1.8852e-17	7.5166e-19
16920.0303	1.8850e-17	7.5184e-19
16920.6303	1.8844e-17	7.5350e-19
16921.2302	1.8842e-17	7.5430e-19
16921.8302	1.8838e-17	7.6318e-19
16922.4302	1.8835e-17	7.6221e-19
16923.0301	1.8831e-17	7.5776e-19
16923.6301	1.8822e-17	7.5344e-19
16924.2300	1.8823e-17	7.4922e-19
16924.8300	1.8824e-17	7.4513e-19
16925.4300	1.8822e-17	7.4133e-19
16926.0299	1.8819e-17	7.3768e-19
16926.6299	1.8806e-17	7.3406e-19
16927.2299	1.8794e-17	7.3061e-19
16927.8298	1.8787e-17	7.2726e-19
16928.4298	1.8788e-17	7.2403e-19
16929.0298	1.8785e-17	7.2093e-19
16929.6297	1.8780e-17	7.1794e-19
16930.2297	1.8786e-17	7.1503e-19
16930.8296	1.8788e-17	7.1234e-19
16931.4296	1.8783e-17	7.0973e-19
16932.0296	1.8776e-17	7.0720e-19
16932.6295	1.8775e-17	7.0475e-19
16933.2295	1.8777e-17	7.0317e-19
16933.8295	1.8779e-17	7.0229e-19
16934.4294	1.8772e-17	7.0190e-19
16935.0294	1.8758e-17	7.0181e-19
16935.6293	1.8763e-17	7.0181e-19
16936.2293	1.8767e-17	7.0545e-19
16936.8293	1.8758e-17	7.0496e-19
16937.4292	1.8760e-17	7.1715e-19
16938.0292	1.8759e-17	7.2865e-19
16938.6292	1.8759e-17	7.2588e-19
16939.2291	1.8759e-17	7.2081e-19
16939.8291	1.8761e-17	7.1714e-19
16940.4291	1.8759e-17	7.2854e-19
16941.0290	1.8752e-17	7.2400e-19
16941.6290	1.8746e-17	7.3012e-19
16942.2289	1.8745e-17	7.3112e-19
16942.8289	1.8755e-17	7.2932e-19
16943.4289	1.8756e-17	7.2820e-19
16944.0288	1.8762e-17	7.2916e-19
16944.6288	1.8764e-17	7.2868e-19
16945.2288	1.8765e-17	7.1795e-19
16945.8287	1.8782e-17	7.1770e-19
16946.4287	1.8787e-17	7.2402e-19
16947.0286	1.8783e-17	7.3437e-19
16947.6286	1.8774e-17	7.3918e-19
16948.2286	1.8775e-17	7.4454e-19
16948.8285	1.8767e-17	7.4934e-19
16949.4285	1.8765e-17	7.4849e-19
16950.0385	1.8768e-17	7.4970e-19
16950.6384	1.8769e-17	7.4995e-19
16951.2384	1.8770e-17	7.5004e-19
16951.8384	1.8773e-17	7.4997e-19
16952.4383	1.8775e-17	7.5120e-19
16953.0383	1.8781e-17	7.5677e-19
16953.6382	1.8789e-17	7.5229e-19
16954.2382	1.8794e-17	7.3579e-19
16954.8382	1.8796e-17	7.3915e-19
16955.4381	1.8803e-17	7.4615e-19
16956.0381	1.8803e-17	7.3350e-19
16956.6381	1.8807e-17	7.2683e-19
16957.2380	1.8814e-17	7.2062e-19
16957.8380	1.8816e-17	7.2187e-19
16958.4380	1.8817e-17	7.3044e-19
16959.0379	1.8814e-17	7.3644e-19
16959.6379	1.8815e-17	7.3286e-19
16960.2378	1.8818e-17	7.4731e-19
16960.8378	1.8826e-17	7.4726e-19
16961.4378	1.8832e-17	7.4809e-19
16962.0377	1.8833e-17	7.4419e-19
16962.6377	1.8833e-17	7.3993e-19
16963.2377	1.8828e-17	7.1656e-19
16963.8376	1.8823e-17	7.0069e-19
16964.4376	1.8825e-17	7.2199e-19
16965.0375	1.8822e-17	7.0791e-19
16965.6375	1.8821e-17	7.0545e-19
16966.2375	1.8832e-17	6.9367e-19
16966.8374	1.8832e-17	6.9153e-19
16967.4374	1.8824e-17	6.8985e-19
16968.0374	1.8819e-17	6.9661e-19
16968.6373	1.8811e-17	7.0787e-19
16969.2373	1.8813e-17	7.2522e-19
16969.8373	1.8816e-17	7.0909e-19
16970.4372	1.8818e-17	7.1718e-19
16971.0372	1.8820e-17	7.1701e-19
16971.6371	1.8822e-17	7.2663e-19
16972.2371	1.8824e-17	7.2924e-19
16972.8371	1.8826e-17	7.3012e-19
16973.4370	1.8828e-17	7.3036e-19
16974.0370	1.8829e-17	7.3065e-19
16974.6370	1.8830e-17	7.3829e-19
16975.2369	1.8831e-17	7.3867e-19
16975.8369	1.8837e-17	7.4347e-19
16976.4369	1.8843e-17	7.5236e-19
16977.0368	1.8850e-17	7.6023e-19
16977.6368	1.8856e-17	7.6731e-19
16978.2367	1.8857e-17	7.7357e-19
16978.8367	1.8862e-17	7.7903e-19
16979.4367	1.8871e-17	7.8095e-19
16980.0366	1.8869e-17	7.8249e-19
16980.6366	1.8866e-17	7.8372e-19
16981.2366	1.8866e-17	7.8468e-19
16981.8365	1.8864e-17	7.8539e-19
16982.4365	1.8851e-17	7.8587e-19
16983.0364	1.8847e-17	7.8615e-19
16983.6364	1.8851e-17	7.8628e-19
16984.2364	1.8846e-17	7.8400e-19
16984.8363	1.8837e-17	7.8222e-19
16985.4363	1.8835e-17	7.6617e-19
16986.0363	1.8835e-17	7.5467e-19
16986.6362	1.8838e-17	7.6655e-19
16987.2362	1.8842e-17	7.7843e-19
16987.8362	1.8844e-17	7.7818e-19
16988.4361	1.8850e-17	7.7250e-19
16989.0361	1.8844e-17	7.7729e-19
16989.6360	1.8835e-17	7.7098e-19
16990.2360	1.8828e-17	7.7258e-19
16990.8360	1.8829e-17	7.7674e-19
16991.4359	1.8828e-17	7.8593e-19
16992.0359	1.8823e-17	7.9885e-19
16992.6359	1.8819e-17	7.9825e-19
16993.2358	1.8817e-17	7.9859e-19
16993.8358	1.8809e-17	7.9762e-19
16994.4358	1.8795e-17	7.9898e-19
16995.0357	1.8794e-17	7.6362e-19
16995.6457	1.8794e-17	7.5240e-19
16996.2456	1.8793e-17	7.5135e-19
16996.8456	1.8785e-17	7.4695e-19
16997.4456	1.8780e-17	7.5250e-19
16998.0455	1.8785e-17	7.5349e-19
16998.6455	1.8788e-17	7.5351e-19
16999.2455	1.8794e-17	7.6049e-19
16999.8454	1.8788e-17	7.6083e-19
17000.4454	1.8785e-17	7.6610e-19
17001.0453	1.8790e-17	7.6964e-19
17001.6453	1.8790e-17	7.6360e-19
17002.2453	1.8786e-17	7.6610e-19
17007.0450	1.8783e-17	7.5748e-19
17007.6449	1.8780e-17	7.5203e-19
17008.2449	1.8782e-17	7.5333e-19
17008.8449	1.8784e-17	7.5467e-19
17009.4448	1.8785e-17	7.5585e-19
17010.0448	1.8782e-17	7.5807e-19
17010.6448	1.8779e-17	7.4774e-19
17011.2447	1.8783e-17	7.3998e-19
17011.8447	1.8788e-17	7.3993e-19
17012.4447	1.8784e-17	7.4771e-19
17013.0446	1.8781e-17	7.8484e-19
17013.6446	1.8785e-17	7.8838e-19
17014.2445	1.8793e-17	7.9317e-19
17014.8445	1.8792e-17	8.0515e-19
17015.4445	1.8795e-17	8.0289e-19
17016.0444	1.8790e-17	8.0208e-19
17016.6444	1.8771e-17	7.6024e-19
17017.2444	1.8757e-17	7.4462e-19
17017.8443	1.8757e-17	7.4043e-19
17018.4443	1.8759e-17	7.3856e-19
17019.0442	1.8754e-17	7.4830e-19
17019.6442	1.8730e-17	7.5692e-19
17020.2442	1.8758e-17	7.5071e-19
17020.8441	1.8780e-17	7.6029e-19
17021.4441	1.8802e-17	7.4010e-19
17022.0441	1.8814e-17	7.4061e-19
17022.6440	1.8812e-17	7.3078e-19
17023.2440	1.8810e-17	7.3581e-19
17023.8440	1.8809e-17	7.8837e-19
17024.4439	1.8812e-17	8.1641e-19
17025.0439	1.8808e-17	8.1591e-19
17025.6438	1.8792e-17	8.1866e-19
17026.2438	1.8778e-17	8.1807e-19
17026.8438	1.8757e-17	8.2364e-19
17027.4437	1.8732e-17	8.2424e-19
17028.0437	1.8706e-17	8.2098e-19
17028.6437	1.8688e-17	8.1665e-19
17029.2436	1.8677e-17	8.1279e-19
17029.8436	1.8665e-17	8.0927e-19
17030.4436	1.8642e-17	8.0616e-19
17031.0435	1.8615e-17	8.0356e-19
17031.6435	1.8590e-17	8.0451e-19
17032.2434	1.8572e-17	8.0588e-19
17032.8434	1.8561e-17	8.0758e-19
17033.4434	1.8539e-17	8.0963e-19
17034.0433	1.8515e-17	8.1206e-19
17034.6433	1.8504e-17	8.1487e-19
17035.2433	1.8493e-17	8.1470e-19
17035.8432	1.8479e-17	8.1439e-19
17036.4432	1.8463e-17	8.1352e-19
17037.0432	1.8451e-17	8.1560e-19
17037.6431	1.8431e-17	8.1519e-19
17038.2431	1.8419e-17	8.0628e-19
17038.8430	1.8413e-17	8.0623e-19
17039.4430	1.8404e-17	8.0213e-19
17040.0430	1.8397e-17	8.0045e-19
17040.6429	1.8400e-17	7.9925e-19
17041.2529	1.8393e-17	8.0762e-19
17041.8529	1.8366e-17	8.2057e-19
17042.4528	1.8349e-17	8.1886e-19
17043.0528	1.8341e-17	8.1573e-19
17043.6527	1.8334e-17	8.1606e-19
17044.2527	1.8324e-17	8.0686e-19
17044.8527	1.8317e-17	8.1483e-19
17045.4526	1.8314e-17	8.3865e-19
17046.0526	1.8311e-17	8.5347e-19
17046.6526	1.8304e-17	8.7563e-19
17047.2525	1.8308e-17	8.7560e-19
17047.8525	1.8308e-17	8.7361e-19
17048.4525	1.8300e-17	8.6785e-19
17049.0524	1.8297e-17	8.6630e-19
17049.6524	1.8300e-17	8.6249e-19
17050.2523	1.8299e-17	8.6123e-19
17050.8523	1.8296e-17	8.6162e-19
17051.4523	1.8293e-17	8.5608e-19
17052.0522	1.8290e-17	8.5553e-19
17052.6522	1.8289e-17	8.4869e-19
17053.2522	1.8288e-17	8.4043e-19
17053.8521	1.8292e-17	8.3923e-19
17054.4521	1.8290e-17	8.3720e-19
17055.0521	1.8289e-17	8.3633e-19
17055.6520	1.8291e-17	8.3610e-19
17056.2520	1.8296e-17	8.3466e-19
17056.8519	1.8299e-17	8.3342e-19
17057.4519	1.8300e-17	8.3156e-19
17058.0519	1.8304e-17	8.2841e-19
17058.6518	1.8309e-17	8.2884e-19
17059.2518	1.8307e-17	8.2852e-19
17059.8518	1.8304e-17	8.2834e-19
17060.4517	1.8311e-17	8.3878e-19
17061.0517	1.8318e-17	8.2936e-19
17061.6517	1.8328e-17	8.2116e-19
17062.2516	1.8332e-17	8.1558e-19
17062.8516	1.8323e-17	8.1496e-19
17063.4515	1.8319e-17	8.1524e-19
17064.0515	1.8320e-17	8.2210e-19
17064.6515	1.8318e-17	8.2204e-19
17065.2514	1.8317e-17	8.2465e-19
17065.8514	1.8327e-17	8.2323e-19
17066.4514	1.8333e-17	8.3911e-19
17067.0513	1.8336e-17	8.3645e-19
17067.6513	1.8334e-17	8.3266e-19
17068.2513	1.8330e-17	8.5044e-19
17068.8512	1.8331e-17	8.3242e-19
17069.4512	1.8326e-17	8.3217e-19
17070.0511	1.8326e-17	8.3321e-19
17070.6511	1.8338e-17	8.3230e-19
17071.2511	1.8346e-17	8.3080e-19
17071.8510	1.8362e-17	7.7005e-19
17072.4510	1.8380e-17	7.6184e-19
17073.0510	1.8393e-17	7.6194e-19
17073.6509	1.8407e-17	7.5943e-19
17074.2509	1.8410e-17	7.6050e-19
17074.8509	1.8400e-17	7.6932e-19
17075.4508	1.8407e-17	7.7855e-19
17076.0508	1.8412e-17	7.7855e-19
17076.6507	1.8412e-17	7.7585e-19
17077.2507	1.8424e-17	7.7944e-19
17077.8507	1.8445e-17	7.8596e-19
17078.4506	1.8459e-17	7.8410e-19
17079.6506	1.8477e-17	7.8399e-19
17080.2505	1.8505e-17	7.7781e-19
17080.8505	1.8522e-17	7.7495e-19
17081.4504	1.8523e-17	7.7228e-19
17082.0504	1.8533e-17	7.6631e-19
17082.6504	1.8550e-17	7.5626e-19
17083.2503	1.8566e-17	7.4536e-19
17083.8503	1.8577e-17	7.3994e-19
17084.4503	1.8597e-17	7.4102e-19
17085.0502	1.8614e-17	7.4230e-19
17085.6502	1.8623e-17	7.4469e-19
17086.2502	1.8620e-17	7.5131e-19
17086.8601	1.8630e-17	7.4828e-19
17087.4601	1.8652e-17	7.2679e-19
17088.0600	1.8667e-17	7.2529e-19
17088.6600	1.8670e-17	7.6932e-19
17089.2600	1.8679e-17	7.7892e-19
17089.8599	1.8687e-17	8.0235e-19
17090.4599	1.8690e-17	8.0247e-19
17091.0599	1.8693e-17	8.1508e-19
17091.6598	1.8694e-17	8.1963e-19
17092.2598	1.8696e-17	8.2214e-19
17092.8598	1.8707e-17	8.1576e-19
17093.4597	1.8721e-17	8.1332e-19
17094.0597	1.8729e-17	8.7934e-19
17094.6596	1.8733e-17	1.1468e-18
17095.2596	1.8733e-17	1.3147e-18
17095.8596	1.8738e-17	1.4473e-18
17096.4595	1.8750e-17	1.5438e-18
17097.0595	1.8754e-17	1.5972e-18
17097.6595	1.8751e-17	1.6336e-18
17098.2594	1.8760e-17	1.6568e-18
17098.8594	1.8771e-17	1.6702e-18
17099.4594	1.8779e-17	1.6764e-18
17100.0593	1.8785e-17	1.6781e-18
17100.6593	1.8796e-17	1.6776e-18
17101.2592	1.8802e-17	1.6770e-18
17101.8592	1.8800e-17	1.6830e-18
17102.4592	1.8808e-17	1.6952e-18
17103.0591	1.8814e-17	1.6957e-18
17103.6591	1.8820e-17	1.6953e-18
17104.2591	1.8824e-17	1.6949e-18
17104.8590	1.8829e-17	1.7038e-18
17105.4590	1.8831e-17	1.7115e-18
17106.0590	1.8832e-17	1.7131e-18
17106.6589	1.8832e-17	1.7129e-18
17107.2589	1.8832e-17	1.7121e-18
17107.8588	1.8832e-17	1.7125e-18
17108.4588	1.8831e-17	1.7167e-18
17109.0588	1.8830e-17	1.7023e-18
17109.6587	1.8829e-17	1.6871e-18
17110.2587	1.8827e-17	1.6873e-18
17110.8587	1.8825e-17	1.6906e-18
17111.4586	1.8834e-17	1.6876e-18
17112.0586	1.8869e-17	1.6959e-18
17112.6586	1.8893e-17	1.6964e-18
17113.2585	1.8908e-17	1.6970e-18
17113.8585	1.8916e-17	1.6975e-18
17114.4584	1.8912e-17	1.7018e-18
17115.0584	1.8931e-17	1.6964e-18
17115.6584	1.8958e-17	1.7076e-18
17116.2583	1.8975e-17	1.7261e-18
17116.8583	1.8982e-17	1.7167e-18
17117.4583	1.8989e-17	1.7132e-18
17118.0582	1.8995e-17	1.7140e-18
17118.6582	1.9004e-17	1.7143e-18
17119.2582	1.9008e-17	1.7143e-18
17119.8581	1.9011e-17	1.7137e-18
17121.0580	1.9021e-17	1.7154e-18
17121.6580	1.9027e-17	1.7062e-18
17122.2580	1.9035e-17	1.7064e-18
17122.8579	1.9035e-17	1.7074e-18
17123.4579	1.9039e-17	1.7144e-18
17124.0579	1.9048e-17	1.7043e-18
17124.6578	1.9048e-17	1.6980e-18
17125.2578	1.9050e-17	1.6981e-18
17126.4577	1.9060e-17	1.6997e-18
17127.0577	1.9067e-17	1.7004e-18
17127.6576	1.9092e-17	1.6950e-18
17128.2576	1.9100e-17	1.6936e-18
17128.8576	1.9097e-17	1.6933e-18
17129.4575	1.9088e-17	1.6925e-18
17130.0575	1.9081e-17	1.6909e-18
17130.6575	1.9092e-17	1.6879e-18
17131.2574	1.9103e-17	1.6847e-18
17131.8574	1.9097e-17	1.6850e-18
17132.4574	1.9096e-17	1.6847e-18
17133.0673	1.9100e-17	1.6848e-18
17133.6673	1.9103e-17	1.6786e-18
17134.2672	1.9097e-17	1.6743e-18
17134.8672	1.9092e-17	1.6790e-18
17135.4672	1.9093e-17	1.6840e-18
17136.0671	1.9098e-17	1.6816e-18
17136.6671	1.9092e-17	1.6803e-18
17137.2671	1.9079e-17	1.6786e-18
17137.8670	1.9082e-17	1.6662e-18
17138.4670	1.9079e-17	1.6670e-18
17139.0669	1.9073e-17	1.6590e-18
17139.6669	1.9068e-17	1.6584e-18
17140.2669	1.9060e-17	1.6482e-18
17140.8668	1.9047e-17	1.6439e-18
17141.4668	1.9038e-17	1.6432e-18
17142.0668	1.9038e-17	1.6450e-18
17142.6667	1.9048e-17	1.6486e-18
17143.2667	1.9059e-17	1.5945e-18
17143.8667	1.9054e-17	1.4431e-18
17144.4666	1.9055e-17	1.2890e-18
17145.0666	1.9057e-17	1.1440e-18
17145.6665	1.9057e-17	1.0027e-18
17146.2665	1.9048e-17	9.1097e-19
17146.8665	1.9025e-17	8.3056e-19
17147.4664	1.9003e-17	7.8327e-19
17148.0664	1.8992e-17	7.3876e-19
17148.6664	1.8984e-17	7.0941e-19
17149.2663	1.8973e-17	6.9861e-19
17149.8663	1.8969e-17	7.0823e-19
17150.4663	1.8960e-17	7.7795e-19
17151.0662	1.8945e-17	7.7504e-19
17151.6662	1.8930e-17	7.6205e-19
17152.2661	1.8914e-17	7.7376e-19
17152.8661	1.8897e-17	7.7029e-19
17153.4661	1.8880e-17	7.9047e-19
17154.0660	1.8862e-17	7.8166e-19
17154.6660	1.8842e-17	7.7552e-19
17155.2660	1.8824e-17	8.6770e-19
17155.8659	1.8808e-17	9.1569e-19
17156.4659	1.8789e-17	9.1150e-19
17157.0659	1.8772e-17	9.1169e-19
17157.6658	1.8744e-17	9.3494e-19
17158.2658	1.8726e-17	9.5686e-19
17158.8657	1.8709e-17	9.6446e-19
17159.4657	1.8689e-17	9.7406e-19
17160.0657	1.8668e-17	9.7718e-19
17160.6656	1.8641e-17	9.7409e-19
17161.2656	1.8622e-17	9.6575e-19
17161.8656	1.8593e-17	9.6468e-19
17162.4655	1.8560e-17	9.8313e-19
17163.0655	1.8534e-17	9.9195e-19
17163.6655	1.8517e-17	9.9030e-19
17164.2654	1.8506e-17	9.9161e-19
17164.8654	1.8490e-17	9.7320e-19
17165.4653	1.8469e-17	9.4905e-19
17166.0653	1.8449e-17	9.5061e-19
17166.6653	1.8430e-17	9.5053e-19
17167.2652	1.8406e-17	9.4862e-19
17167.8652	1.8391e-17	9.5122e-19
17168.4652	1.8381e-17	9.6063e-19
17169.0651	1.8373e-17	9.7199e-19
17169.6651	1.8361e-17	9.7867e-19
17170.2651	1.8337e-17	9.7320e-19
17170.8650	1.8316e-17	9.7218e-19
17171.4650	1.8296e-17	9.7024e-19
17172.0650	1.8286e-17	9.5499e-19
17172.6649	1.8274e-17	9.5268e-19
17173.2649	1.8249e-17	9.5250e-19
17173.8648	1.8224e-17	9.5509e-19
17174.4648	1.8202e-17	9.5676e-19
17175.0648	1.8163e-17	9.5348e-19
17175.6647	1.8144e-17	9.4899e-19
17176.2647	1.8133e-17	9.4436e-19
17176.8647	1.8103e-17	9.4200e-19
17177.4646	1.8084e-17	9.4311e-19
17178.0646	1.8074e-17	9.3975e-19
17178.6745	1.8064e-17	9.4009e-19
17179.2745	1.8052e-17	9.4731e-19
17179.8745	1.8047e-17	9.5951e-19
17180.4744	1.8048e-17	9.7657e-19
17181.0744	1.8042e-17	9.9717e-19
17181.6744	1.8030e-17	1.0248e-18
17182.2743	1.8043e-17	1.0573e-18
17182.8743	1.8028e-17	1.0893e-18
17183.4743	1.8008e-17	1.1259e-18
17184.0742	1.8006e-17	1.1753e-18
17184.6742	1.7998e-17	1.2281e-18
17185.2742	1.7985e-17	1.2866e-18
17185.8741	1.7987e-17	1.3486e-18
17186.4741	1.7975e-17	1.3635e-18
17187.0740	1.7966e-17	1.3787e-18
17187.6740	1.7970e-17	1.4005e-18
17188.2740	1.7968e-17	1.4053e-18
17188.8739	1.7962e-17	1.4152e-18
17189.4739	1.7948e-17	1.4495e-18
17190.0739	1.7933e-17	1.4551e-18
17190.6738	1.7931e-17	1.4756e-18
17191.2738	1.7930e-17	1.4830e-18
17191.8738	1.7923e-17	1.4734e-18
17192.4737	1.7913e-17	1.4722e-18
17193.0737	1.7905e-17	1.4704e-18
17193.6736	1.7905e-17	1.4704e-18
17194.2736	1.7905e-17	1.4665e-18
17194.8736	1.7908e-17	1.4683e-18
17195.4735	1.7917e-17	1.4610e-18
17196.0735	1.7916e-17	1.4613e-18
17196.6735	1.7915e-17	1.4613e-18
17197.2734	1.7916e-17	1.4716e-18
17197.8734	1.7922e-17	1.4646e-18
17198.4734	1.7924e-17	1.4215e-18
17199.0733	1.7918e-17	1.4217e-18
17199.6733	1.7911e-17	1.4203e-18
17200.2732	1.7898e-17	1.4106e-18
17200.8732	1.7899e-17	1.4150e-18
17201.4732	1.7899e-17	1.4451e-18
17202.0731	1.7892e-17	1.4449e-18
17202.6731	1.7893e-17	1.4534e-18
17203.2731	1.7898e-17	1.4133e-18
17203.8730	1.7905e-17	1.3927e-18
17204.4730	1.7913e-17	1.4021e-18
17205.0730	1.7919e-17	1.4282e-18
17205.6729	1.7925e-17	1.4146e-18
17206.2729	1.7934e-17	1.4016e-18
17206.8728	1.7949e-17	1.4127e-18
17207.4728	1.7961e-17	1.4153e-18
17208.0728	1.7958e-17	1.4115e-18
17208.6727	1.7954e-17	1.4112e-18
17209.2727	1.7962e-17	1.4117e-18
17209.8727	1.7974e-17	1.4124e-18
17210.4726	1.7976e-17	1.4014e-18
17211.0726	1.7972e-17	1.3935e-18
17211.6726	1.7979e-17	1.3920e-18
17212.2725	1.7982e-17	1.3930e-18
17212.8725	1.7989e-17	1.3921e-18
17213.4724	1.8010e-17	1.3825e-18
17214.0724	1.8033e-17	1.3786e-18
17214.6724	1.8043e-17	1.3821e-18
17215.2723	1.8054e-17	1.3853e-18
17215.8723	1.8068e-17	1.3813e-18
17216.4723	1.8104e-17	1.3850e-18
17217.0722	1.8077e-17	1.4000e-18
17217.6722	1.8053e-17	1.4102e-18
17218.2722	1.8036e-17	1.4212e-18
17218.8721	1.8014e-17	1.4319e-18
17219.4721	1.7994e-17	1.4381e-18
17220.0720	1.7972e-17	1.4418e-18
17220.6720	1.7955e-17	1.4441e-18
17221.2720	1.7949e-17	1.4436e-18
17221.8719	1.7945e-17	1.4395e-18
17222.4719	1.7935e-17	1.4338e-18
17223.0719	1.7922e-17	1.4305e-18
17223.6718	1.7909e-17	1.4289e-18
17224.2818	1.7903e-17	1.4286e-18
17224.8818	1.7910e-17	1.4290e-18
17225.4817	1.7908e-17	1.4296e-18
17226.0817	1.7902e-17	1.4299e-18
17226.6816	1.7896e-17	1.4292e-18
17227.2816	1.7897e-17	1.4269e-18
17227.8816	1.7898e-17	1.4224e-18
17228.4815	1.7894e-17	1.4147e-18
17229.0815	1.7886e-17	1.4042e-18
17229.6815	1.7873e-17	1.3918e-18
17230.2814	1.7865e-17	1.3718e-18
17230.8814	1.7860e-17	1.3492e-18
17231.4814	1.7855e-17	1.3142e-18
17232.0813	1.7843e-17	1.2697e-18
17232.6813	1.7838e-17	1.2160e-18
17233.2812	1.7837e-17	1.1437e-18
17233.8812	1.7844e-17	1.0557e-18
17234.4812	1.7857e-17	1.0340e-18
17235.0811	1.7857e-17	1.0227e-18
17235.6811	1.7856e-17	1.0006e-18
17236.2811	1.7864e-17	1.0046e-18
17236.8810	1.7878e-17	9.8749e-19
17237.4810	1.7885e-17	9.2523e-19
17238.0810	1.7893e-17	9.2012e-19
17238.6809	1.7903e-17	8.8891e-19
17239.2809	1.7916e-17	8.8184e-19
17239.8809	1.7916e-17	8.8170e-19
17240.4808	1.7900e-17	8.8390e-19
17241.0808	1.7904e-17	8.8286e-19
17241.6807	1.7912e-17	8.8287e-19
17242.2807	1.7918e-17	8.8189e-19
17242.8807	1.7921e-17	8.7600e-19
17243.4806	1.7924e-17	8.7797e-19
17244.0806	1.7927e-17	8.9291e-19
17244.6806	1.7936e-17	9.0022e-19
17245.2805	1.7945e-17	8.7851e-19
17245.8805	1.7947e-17	8.7425e-19
17246.4805	1.7945e-17	8.7341e-19
17247.0804	1.7950e-17	8.9195e-19
17247.6804	1.7959e-17	9.1823e-19
17248.2803	1.7967e-17	9.3787e-19
17248.8803	1.7973e-17	1.0772e-18
17249.4803	1.7978e-17	1.0447e-18
17250.0802	1.7980e-17	1.0448e-18
17250.6802	1.7978e-17	1.1052e-18
17251.2802	1.7980e-17	1.1185e-18
17251.8801	1.7981e-17	1.1084e-18
17252.4801	1.7979e-17	1.0996e-18
17253.0801	1.7972e-17	1.0723e-18
17253.6800	1.7966e-17	1.0721e-18
17254.2800	1.7962e-17	1.0869e-18
17254.8799	1.7967e-17	1.0691e-18
17255.4799	1.7973e-17	1.0627e-18
17256.0799	1.7985e-17	1.1548e-18
17256.6798	1.7998e-17	1.1579e-18
17257.2798	1.7999e-17	1.2296e-18
17257.8798	1.7998e-17	1.2321e-18
17258.4797	1.7998e-17	1.2301e-18
17259.0797	1.7995e-17	1.2353e-18
17259.6797	1.7998e-17	1.2355e-18
17260.2796	1.7997e-17	1.2360e-18
17260.8796	1.7992e-17	1.2374e-18
17261.4795	1.7990e-17	1.2574e-18
17262.0795	1.7989e-17	1.2572e-18
17262.6795	1.7987e-17	1.2521e-18
17263.2794	1.7979e-17	1.2465e-18
17263.8794	1.7969e-17	1.2458e-18
17264.4794	1.7971e-17	1.2351e-18
17265.0793	1.7983e-17	1.2110e-18
17265.6793	1.7990e-17	1.1970e-18
17266.2793	1.8000e-17	1.1841e-18
17266.8792	1.8005e-17	1.1725e-18
17267.4792	1.7993e-17	1.1711e-18
17268.0791	1.7985e-17	1.1861e-18
17268.6791	1.7977e-17	1.1974e-18
17269.2791	1.7973e-17	1.2014e-18
17269.8890	1.7970e-17	1.2042e-18
17270.4890	1.7964e-17	1.2082e-18
17271.0890	1.7970e-17	1.2111e-18
17271.6889	1.7985e-17	1.2117e-18
17272.2889	1.7979e-17	1.2114e-18
17272.8889	1.7979e-17	1.2117e-18
17273.4888	1.7989e-17	1.2115e-18
17274.0888	1.7989e-17	1.2134e-18
17274.6888	1.7985e-17	1.2144e-18
17275.2887	1.7992e-17	1.2146e-18
17275.8887	1.7999e-17	1.2145e-18
17276.4886	1.7982e-17	1.2145e-18
17277.0886	1.7967e-17	1.2133e-18
17277.6886	1.7972e-17	1.2089e-18
17278.2885	1.7973e-17	1.2070e-18
17278.8885	1.7968e-17	1.1999e-18
17279.4885	1.7957e-17	1.2010e-18
17280.0884	1.7951e-17	1.2003e-18
17280.6884	1.7945e-17	1.1972e-18
17281.2884	1.7940e-17	1.1970e-18
17281.8883	1.7939e-17	1.2024e-18
17282.4883	1.7942e-17	1.2054e-18
17283.0882	1.7941e-17	1.2042e-18
17283.6882	1.7932e-17	1.2042e-18
17284.2882	1.7924e-17	1.2021e-18
17284.8881	1.7928e-17	1.2019e-18
17285.4881	1.7931e-17	1.1967e-18
17286.0881	1.7929e-17	1.1929e-18
17286.6880	1.7921e-17	1.1935e-18
17287.2880	1.7916e-17	1.1949e-18
17287.8880	1.7916e-17	1.2008e-18
17288.4879	1.7917e-17	1.2027e-18
17289.0879	1.7912e-17	1.2030e-18
17289.6878	1.7903e-17	1.2051e-18
17290.2878	1.7893e-17	1.2067e-18
17290.8878	1.7883e-17	1.2025e-18
17291.4877	1.7875e-17	1.2026e-18
17292.0877	1.7872e-17	1.2064e-18
17292.6877	1.7866e-17	1.2040e-18
17293.2876	1.7855e-17	1.2024e-18
17293.8876	1.7845e-17	1.1967e-18
17294.4876	1.7836e-17	1.1939e-18
17295.0875	1.7823e-17	1.1968e-18
17295.6875	1.7808e-17	1.1954e-18
17296.2874	1.7797e-17	1.1843e-18
17296.8874	1.7791e-17	1.0656e-18
17297.4874	1.7779e-17	1.0645e-18
17298.0873	1.7765e-17	1.0757e-18
17298.6873	1.7758e-17	1.0001e-18
17299.2873	1.7756e-17	9.7304e-19
17299.8872	1.7758e-17	9.7182e-19
17300.4872	1.7754e-17	9.7065e-19
17301.0872	1.7746e-17	9.6654e-19
17301.6871	1.7745e-17	9.6740e-19
17302.2871	1.7749e-17	9.5657e-19
17302.8871	1.7763e-17	9.6268e-19
17303.4870	1.7771e-17	9.6739e-19
17304.0870	1.7776e-17	8.6890e-19
17304.6869	1.7787e-17	8.7990e-19
17305.2869	1.7807e-17	7.9419e-19
17305.8869	1.7830e-17	8.1119e-19
17306.4868	1.7850e-17	8.1542e-19
17307.0868	1.7877e-17	8.1365e-19
17307.6868	1.7900e-17	8.1422e-19
17308.2867	1.7897e-17	8.1580e-19
17308.8867	1.7891e-17	8.1804e-19
17309.4867	1.7891e-17	7.8945e-19
17310.0866	1.7901e-17	7.9048e-19
17310.6866	1.7922e-17	8.0736e-19
17311.2865	1.7915e-17	8.1237e-19
17311.8865	1.7895e-17	8.1315e-19
17312.4865	1.7888e-17	8.1905e-19
17313.0864	1.7891e-17	8.3356e-19
17313.6864	1.7900e-17	8.2400e-19
17314.2864	1.7908e-17	8.6295e-19
17314.8863	1.7918e-17	8.6294e-19
17315.4963	1.7928e-17	8.6779e-19
17316.0963	1.7940e-17	8.4785e-19
17316.6962	1.7944e-17	8.2989e-19
17317.2962	1.7942e-17	8.2610e-19
17317.8961	1.7948e-17	8.2129e-19
17318.4961	1.7958e-17	8.2179e-19
17319.0961	1.7974e-17	8.1666e-19
17319.6960	1.7988e-17	8.1531e-19
17320.2960	1.7986e-17	8.1527e-19
17320.8960	1.7991e-17	8.1710e-19
17321.4959	1.7993e-17	8.2455e-19
17322.0959	1.7990e-17	8.2581e-19
17322.6959	1.7974e-17	8.2600e-19
17323.2958	1.7974e-17	8.2565e-19
17323.8958	1.7982e-17	8.2523e-19
17324.4958	1.7990e-17	8.2518e-19
17325.0957	1.7999e-17	8.2584e-19
17326.2956	1.7992e-17	8.2748e-19
17326.8956	1.7978e-17	8.3030e-19
17327.4956	1.7982e-17	8.3441e-19
17328.0955	1.7979e-17	8.3990e-19
17328.6955	1.7967e-17	8.4672e-19
17329.2955	1.7959e-17	8.4616e-19
17329.8954	1.7958e-17	8.5858e-19
17330.4954	1.7956e-17	8.6000e-19
17331.0954	1.7959e-17	8.5689e-19
17331.6953	1.7962e-17	8.5748e-19
17332.2953	1.7958e-17	8.6111e-19
17332.8952	1.7963e-17	8.6142e-19
17333.4952	1.7970e-17	8.6054e-19
17334.0952	1.7981e-17	8.5998e-19
17334.6951	1.7987e-17	8.5859e-19
17335.2951	1.8001e-17	8.5832e-19
17335.8951	1.8017e-17	8.5699e-19
17336.4950	1.8041e-17	8.5001e-19
17337.0950	1.8066e-17	8.4817e-19
17337.6950	1.8088e-17	8.4705e-19
17338.2949	1.8098e-17	8.4368e-19
17338.8949	1.8100e-17	8.4283e-19
17339.4949	1.8104e-17	8.4899e-19
17340.0948	1.8110e-17	8.5611e-19
17340.6948	1.8118e-17	8.5310e-19
17341.2947	1.8127e-17	8.5982e-19
17341.8947	1.8135e-17	8.6160e-19
17342.4947	1.8140e-17	8.6044e-19
17343.0946	1.8145e-17	8.6075e-19
17343.6946	1.8152e-17	8.4421e-19
17344.2946	1.8156e-17	8.2347e-19
17344.8945	1.8148e-17	8.2242e-19
17345.4945	1.8151e-17	8.1991e-19
17346.0945	1.8156e-17	8.0867e-19
17346.6944	1.8171e-17	8.0286e-19
17347.2944	1.8183e-17	8.0703e-19
17347.8943	1.8194e-17	8.0767e-19
17348.4943	1.8203e-17	8.0917e-19
17349.0943	1.8210e-17	8.0910e-19
17349.6942	1.8217e-17	8.0957e-19
17350.2942	1.8223e-17	8.1064e-19
17350.8942	1.8225e-17	8.0622e-19
17351.4941	1.8223e-17	8.0280e-19
17352.0941	1.8222e-17	7.9335e-19
17352.6941	1.8215e-17	7.8140e-19
17353.2940	1.8217e-17	7.6632e-19
17353.8940	1.8211e-17	7.4592e-19
17354.4940	1.8203e-17	7.1926e-19
17355.0939	1.8195e-17	7.1351e-19
17355.6939	1.8187e-17	7.0001e-19
17356.2938	1.8182e-17	6.9959e-19
17356.8938	1.8165e-17	6.9534e-19
17357.4938	1.8153e-17	6.8970e-19
17358.0937	1.8150e-17	6.8592e-19
17358.6937	1.8141e-17	6.8494e-19
17359.2937	1.8124e-17	6.6609e-19
17359.8936	1.8100e-17	6.6042e-19
17360.4936	1.8085e-17	6.5852e-19
17361.0936	1.8075e-17	6.4909e-19
17361.7035	1.8063e-17	6.3078e-19
17362.3035	1.8052e-17	6.3070e-19
17362.9034	1.8040e-17	5.6512e-19
17363.5034	1.8021e-17	5.6489e-19
17364.1034	1.8006e-17	5.4833e-19
17364.7033	1.7987e-17	5.4221e-19
17365.3033	1.7976e-17	5.4173e-19
17365.9033	1.7970e-17	5.3572e-19
17366.5032	1.7961e-17	5.3584e-19
17367.1032	1.7952e-17	5.2790e-19
17367.7032	1.7932e-17	5.3622e-19
17368.3031	1.7915e-17	5.4865e-19
17368.9031	1.7910e-17	5.4974e-19
17369.5030	1.7907e-17	5.5075e-19
17370.1030	1.7903e-17	5.4635e-19
17370.7030	1.7919e-17	5.4065e-19
17371.3029	1.7917e-17	5.4204e-19
17371.9029	1.7908e-17	5.4295e-19
17372.5029	1.7919e-17	5.5678e-19
17373.1028	1.7923e-17	5.5725e-19
17373.7028	1.7917e-17	5.5932e-19
17374.3028	1.7912e-17	5.6728e-19
17374.9027	1.7910e-17	5.6160e-19
17375.5027	1.7900e-17	5.7416e-19
17376.1027	1.7883e-17	5.6198e-19
17376.7026	1.7872e-17	5.4155e-19
17377.3026	1.7869e-17	5.5740e-19
17377.9025	1.7836e-17	5.4059e-19
17378.5025	1.7830e-17	5.3549e-19
17379.1025	1.7843e-17	5.2679e-19
17379.7024	1.7840e-17	5.2173e-19
17380.3024	1.7831e-17	5.2133e-19
17380.9024	1.7830e-17	5.1808e-19
17381.5023	1.7821e-17	5.1727e-19
17382.1023	1.7817e-17	5.3021e-19
17382.7023	1.7807e-17	5.3124e-19
17383.3022	1.7790e-17	5.3313e-19
17383.9022	1.7784e-17	5.3674e-19
17384.5022	1.7777e-17	5.3858e-19
17385.1021	1.7772e-17	5.3833e-19
17385.7021	1.7770e-17	5.4426e-19
17386.3020	1.7767e-17	5.8414e-19
17386.9020	1.7768e-17	5.8411e-19
17387.5020	1.7774e-17	5.7399e-19
17388.1019	1.7779e-17	5.8344e-19
17388.7019	1.7781e-17	5.9578e-19
17389.3019	1.7773e-17	6.2011e-19
17389.9018	1.7761e-17	6.3988e-19
17390.5018	1.7744e-17	6.5538e-19
17391.1018	1.7732e-17	6.5624e-19
17391.7017	1.7727e-17	6.5617e-19
17392.3017	1.7716e-17	6.6190e-19
17392.9016	1.7706e-17	6.6188e-19
17393.5016	1.7696e-17	6.8626e-19
17394.1016	1.7689e-17	7.1497e-19
17394.7015	1.7677e-17	7.1332e-19
17395.3015	1.7671e-17	7.0599e-19
17395.9015	1.7671e-17	7.0384e-19
17396.5014	1.7670e-17	7.0096e-19
17397.1014	1.7665e-17	7.0144e-19
17397.7014	1.7660e-17	7.0229e-19
17398.3013	1.7652e-17	7.0260e-19
17398.9013	1.7656e-17	7.0533e-19
17399.5013	1.7651e-17	7.0543e-19
17400.1012	1.7652e-17	7.1221e-19
17400.7012	1.7657e-17	7.1942e-19
17401.3011	1.7660e-17	7.2854e-19
17401.9011	1.7659e-17	7.4074e-19
17402.5011	1.7656e-17	7.5616e-19
17403.1010	1.7653e-17	7.7491e-19
17403.7010	1.7657e-17	7.9661e-19
17404.3010	1.7661e-17	8.2137e-19
17404.9009	1.7661e-17	8.4888e-19
17405.5009	1.7656e-17	8.7902e-19
17406.1009	1.7652e-17	9.1138e-19
17406.7008	1.7648e-17	9.4543e-19
17407.3108	1.7637e-17	9.5456e-19
17407.9107	1.7624e-17	9.5444e-19
17408.5107	1.7612e-17	9.6480e-19
17409.1107	1.7597e-17	9.6449e-19
17409.7106	1.7578e-17	9.6381e-19
17410.3106	1.7560e-17	9.6486e-19
17410.9106	1.7541e-17	9.6739e-19
17411.5105	1.7521e-17	9.7150e-19
17412.1105	1.7501e-17	9.7511e-19
17412.7105	1.7486e-17	9.7494e-19
17413.3104	1.7467e-17	9.7666e-19
17413.9104	1.7442e-17	9.7957e-19
17414.5104	1.7422e-17	9.9044e-19
17415.1103	1.7403e-17	9.9836e-19
17415.7103	1.7388e-17	1.0053e-18
17416.3102	1.7371e-17	1.0010e-18
17416.9102	1.7344e-17	1.0012e-18
17417.5102	1.7316e-17	1.0038e-18
17418.1101	1.7297e-17	1.0024e-18
17418.7101	1.7288e-17	1.0247e-18
17419.3101	1.7281e-17	1.0212e-18
17419.9100	1.7273e-17	1.0216e-18
17420.5100	1.7254e-17	1.0501e-18
17421.1100	1.7241e-17	1.0721e-18
17421.7099	1.7232e-17	1.0901e-18
17422.3099	1.7218e-17	1.1019e-18
17422.9099	1.7208e-17	1.1180e-18
17423.5098	1.7200e-17	1.1212e-18
17424.1098	1.7191e-17	1.1324e-18
17424.7097	1.7192e-17	1.1430e-18
17425.3097	1.7197e-17	1.1423e-18
17425.9097	1.7200e-17	1.1505e-18
17426.5096	1.7199e-17	1.1526e-18
17427.1096	1.7213e-17	1.1568e-18
17427.7096	1.7232e-17	1.1613e-18
17428.3095	1.7243e-17	1.1690e-18
17428.9095	1.7253e-17	1.1700e-18
17429.5095	1.7254e-17	1.1697e-18
17430.1094	1.7241e-17	1.1652e-18
17430.7094	1.7245e-17	1.1670e-18
17431.3093	1.7257e-17	1.1673e-18
17431.9093	1.7242e-17	1.1672e-18
17432.5093	1.7232e-17	1.1659e-18
17433.1092	1.7231e-17	1.1663e-18
17433.7092	1.7230e-17	1.1756e-18
17434.3092	1.7235e-17	1.1567e-18
17434.9091	1.7227e-17	1.1542e-18
17435.5091	1.7232e-17	1.1538e-18
17436.1091	1.7243e-17	1.1464e-18
17436.7090	1.7241e-17	1.1349e-18
17437.3090	1.7233e-17	1.1241e-18
17437.9090	1.7229e-17	1.1138e-18
17438.5089	1.7229e-17	1.1046e-18
17439.1089	1.7232e-17	1.1045e-18
17439.7088	1.7236e-17	1.1049e-18
17440.3088	1.7234e-17	1.1020e-18
17440.9088	1.7229e-17	1.1024e-18
17441.5087	1.7233e-17	1.0872e-18
17442.1087	1.7246e-17	1.0647e-18
17442.7087	1.7248e-17	1.0604e-18
17443.3086	1.7237e-17	1.0604e-18
17443.9086	1.7243e-17	1.0605e-18
17444.5086	1.7246e-17	1.0608e-18
17445.1085	1.7247e-17	1.0611e-18
17445.7085	1.7251e-17	1.0612e-18
17446.3085	1.7258e-17	1.0609e-18
17446.9084	1.7272e-17	1.0601e-18
17447.5084	1.7290e-17	1.0585e-18
17448.1083	1.7304e-17	1.0560e-18
17448.7083	1.7318e-17	1.0523e-18
17449.3083	1.7327e-17	1.0473e-18
17449.9082	1.7343e-17	1.0403e-18
17450.5082	1.7333e-17	1.0312e-18
17451.1082	1.7320e-17	1.0196e-18
17451.7081	1.7320e-17	1.0055e-18
17452.3081	1.7321e-17	9.8837e-19
17452.9181	1.7325e-17	9.6795e-19
17453.5180	1.7330e-17	9.4386e-19
17454.1180	1.7332e-17	9.1588e-19
17454.7179	1.7337e-17	8.8383e-19
17455.3179	1.7345e-17	8.8137e-19
17455.9179	1.7355e-17	8.9383e-19
17456.5178	1.7367e-17	8.8785e-19
17457.1178	1.7379e-17	8.9472e-19
17457.7178	1.7396e-17	9.0031e-19
17458.3177	1.7408e-17	9.0425e-19
17458.9177	1.7420e-17	9.0558e-19
17459.5177	1.7428e-17	9.0433e-19
17460.1176	1.7438e-17	9.0240e-19
17460.7176	1.7447e-17	9.0247e-19
17461.3176	1.7453e-17	9.0121e-19
17461.9175	1.7461e-17	8.9910e-19
17462.5175	1.7467e-17	8.8995e-19
17463.1174	1.7481e-17	8.8250e-19
17463.7174	1.7495e-17	8.7391e-19
17464.3174	1.7502e-17	8.8151e-19
17464.9173	1.7509e-17	8.8406e-19
17465.5173	1.7515e-17	8.8192e-19
17466.1173	1.7522e-17	8.8197e-19
17466.7172	1.7526e-17	8.5435e-19
17467.3172	1.7533e-17	8.5601e-19
17467.9172	1.7542e-17	8.5593e-19
17468.5171	1.7550e-17	8.1932e-19
17469.1171	1.7555e-17	7.8955e-19
17469.7171	1.7560e-17	7.5955e-19
17470.3170	1.7562e-17	7.2933e-19
17470.9170	1.7575e-17	6.9977e-19
17471.5169	1.7594e-17	6.7097e-19
17472.1169	1.7613e-17	6.4415e-19
17472.7169	1.7634e-17	6.4357e-19
17473.3168	1.7637e-17	6.1757e-19
17473.9168	1.7641e-17	6.1661e-19
17474.5168	1.7651e-17	6.6719e-19
17475.1167	1.7666e-17	7.0932e-19
17475.7167	1.7680e-17	7.4430e-19
17476.3167	1.7694e-17	7.6439e-19
17476.9166	1.7709e-17	7.9410e-19
17477.5166	1.7726e-17	8.2447e-19
17478.1166	1.7738e-17	8.5026e-19
17478.7165	1.7746e-17	8.7101e-19
17479.3165	1.7762e-17	8.8837e-19
17479.9164	1.7775e-17	8.9950e-19
17480.5164	1.7783e-17	9.1083e-19
17481.1164	1.7795e-17	9.1970e-19
17481.7163	1.7809e-17	9.1326e-19
17482.3163	1.7823e-17	9.1535e-19
17482.9163	1.7833e-17	9.1796e-19
17483.5162	1.7836e-17	9.1927e-19
17484.1162	1.7841e-17	9.1902e-19
17484.7162	1.7851e-17	9.1858e-19
17485.3161	1.7866e-17	9.1295e-19
17485.9161	1.7880e-17	9.1254e-19
17486.5160	1.7897e-17	9.1231e-19
17487.1160	1.7903e-17	9.1236e-19
17487.7160	1.7904e-17	9.1278e-19
17488.3159	1.7906e-17	9.1367e-19
17488.9159	1.7910e-17	9.1515e-19
17489.5159	1.7919e-17	9.1728e-19
17490.1158	1.7923e-17	9.2000e-19
17490.7158	1.7927e-17	9.2349e-19
17491.3158	1.7943e-17	9.2766e-19
17491.9157	1.7956e-17	9.2887e-19
17492.5157	1.7958e-17	9.2925e-19
17493.1157	1.7965e-17	9.2945e-19
17493.7156	1.7984e-17	9.3228e-19
17494.3156	1.7996e-17	9.3741e-19
17494.9155	1.8002e-17	9.3712e-19
17495.5155	1.8002e-17	9.3670e-19
17496.1155	1.8006e-17	9.3843e-19
17496.7154	1.8016e-17	9.3798e-19
17497.3154	1.8023e-17	9.3701e-19
17497.9154	1.8026e-17	9.4095e-19
17498.5253	1.8020e-17	9.4138e-19
17499.1253	1.8026e-17	9.4478e-19
17499.7253	1.8034e-17	9.4223e-19
17500.3252	1.8034e-17	9.4202e-19
17500.9252	1.8028e-17	9.5470e-19
17501.5252	1.8027e-17	9.7929e-19
17502.1251	1.8029e-17	9.8768e-19
17502.7251	1.8030e-17	9.8452e-19
17503.3250	1.8027e-17	9.7772e-19
17503.9250	1.8027e-17	9.6960e-19
17504.5250	1.8026e-17	9.5738e-19
17505.1249	1.8017e-17	9.6722e-19
17505.7249	1.8017e-17	9.8728e-19
17506.3249	1.8018e-17	9.8199e-19
17507.5248	1.8025e-17	9.8061e-19
17508.7247	1.8037e-17	9.7983e-19
17509.3247	1.8041e-17	9.7862e-19
17509.9247	1.8043e-17	9.7783e-19
17510.5246	1.8027e-17	9.8026e-19
17511.1246	1.8002e-17	9.8471e-19
17511.7245	1.7986e-17	9.8971e-19
17512.3245	1.7977e-17	9.9147e-19
17512.9245	1.7967e-17	9.9262e-19
17513.5244	1.7961e-17	9.8511e-19
17514.1244	1.7951e-17	9.8513e-19
17514.7244	1.7926e-17	9.8531e-19
17515.3243	1.7914e-17	9.8489e-19
17515.9243	1.7890e-17	1.0016e-18
17516.5243	1.7874e-17	1.0025e-18
17517.1242	1.7873e-17	1.0065e-18
17517.7242	1.7860e-17	9.9871e-19
17518.3242	1.7852e-17	1.0286e-18
17518.9241	1.7849e-17	1.0306e-18
17519.5241	1.7845e-17	1.0306e-18
17520.1240	1.7834e-17	1.0331e-18
17520.7240	1.7822e-17	1.0305e-18
17521.3240	1.7816e-17	1.0239e-18
17521.9239	1.7814e-17	1.0187e-18
17522.5239	1.7812e-17	1.0283e-18
17523.1239	1.7808e-17	1.0234e-18
17523.7238	1.7801e-17	9.9303e-19
17524.3238	1.7787e-17	9.7018e-19
17524.9238	1.7778e-17	9.4369e-19
17525.5237	1.7776e-17	9.6861e-19
17526.1237	1.7771e-17	9.9535e-19
17526.7237	1.7775e-17	9.7940e-19
17527.3236	1.7791e-17	9.6528e-19
17527.9236	1.7796e-17	9.4925e-19
17528.5235	1.7801e-17	9.3520e-19
17529.1235	1.7812e-17	9.2765e-19
17529.7235	1.7816e-17	9.1773e-19
17530.3234	1.7805e-17	9.0849e-19
17530.9234	1.7800e-17	9.0085e-19
17531.5234	1.7791e-17	8.9645e-19
17532.1233	1.7786e-17	8.9295e-19
17532.7233	1.7781e-17	9.0030e-19
17533.3233	1.7778e-17	9.0426e-19
17533.9232	1.7776e-17	9.0446e-19
17534.5232	1.7772e-17	9.0590e-19
17535.1232	1.7767e-17	9.0781e-19
17535.7231	1.7759e-17	9.1437e-19
17536.3231	1.7758e-17	9.1531e-19
17536.9230	1.7747e-17	9.2363e-19
17537.5230	1.7728e-17	9.2804e-19
17538.1230	1.7718e-17	9.3035e-19
17538.7229	1.7711e-17	9.3036e-19
17539.3229	1.7701e-17	9.2801e-19
17539.9229	1.7687e-17	9.2406e-19
17540.5228	1.7676e-17	9.1957e-19
17541.1228	1.7681e-17	9.1917e-19
17541.7228	1.7681e-17	9.2169e-19
17542.3227	1.7678e-17	9.2663e-19
17542.9227	1.7665e-17	9.3205e-19
17543.5227	1.7653e-17	9.3896e-19
17544.1326	1.7642e-17	9.5566e-19
17544.7326	1.7626e-17	9.7669e-19
17545.3325	1.7609e-17	1.0007e-18
17545.9325	1.7589e-17	1.0006e-18
17546.5325	1.7573e-17	1.0136e-18
17547.1324	1.7552e-17	1.0150e-18
17547.7324	1.7538e-17	1.0168e-18
17548.3324	1.7524e-17	1.0220e-18
17548.9323	1.7520e-17	1.0433e-18
17549.5323	1.7493e-17	1.0405e-18
17550.1323	1.7500e-17	1.0211e-18
17550.7322	1.7487e-17	9.8523e-19
17551.3322	1.7468e-17	9.6251e-19
17551.9322	1.7447e-17	9.5118e-19
17552.5321	1.7421e-17	9.4542e-19
17553.1321	1.7398e-17	9.4268e-19
17553.7320	1.7349e-17	9.4435e-19
17554.3320	1.7299e-17	9.1859e-19
17554.9320	1.7262e-17	9.0097e-19
17555.5319	1.7234e-17	9.0206e-19
17556.1319	1.7222e-17	8.9478e-19
17556.7319	1.7231e-17	8.9788e-19
17557.3318	1.7238e-17	9.0354e-19
17557.9318	1.7251e-17	9.0392e-19
17558.5318	1.7251e-17	9.0177e-19
17559.1317	1.7257e-17	9.0315e-19
17559.7317	1.7263e-17	9.0283e-19
17560.3317	1.7227e-17	9.1655e-19
17560.9316	1.7211e-17	9.2883e-19
17561.5316	1.7200e-17	9.5633e-19
17562.1315	1.7194e-17	9.5434e-19
17562.7315	1.7215e-17	9.5575e-19
17563.3315	1.7239e-17	9.5636e-19
17563.9314	1.7267e-17	9.5085e-19
17564.5314	1.7263e-17	9.5148e-19
17565.1314	1.7260e-17	9.4193e-19
17565.7313	1.7268e-17	9.4963e-19
17566.3313	1.7274e-17	9.3207e-19
17566.9313	1.7279e-17	9.3463e-19
17567.5312	1.7283e-17	9.3453e-19
17568.1312	1.7286e-17	9.3204e-19
17568.7312	1.7288e-17	9.4156e-19
17569.3311	1.7288e-17	9.4667e-19
17569.9311	1.7288e-17	9.4315e-19
17570.5310	1.7287e-17	9.2643e-19
17571.1310	1.7286e-17	9.2164e-19
17571.7310	1.7283e-17	9.2056e-19
17572.3309	1.7281e-17	9.1794e-19
17572.9309	1.7278e-17	9.1794e-19
17573.5309	1.7275e-17	8.7422e-19
17574.1308	1.7271e-17	8.2510e-19
17574.7308	1.7267e-17	8.2128e-19
17575.3308	1.7263e-17	8.2278e-19
17575.9307	1.7261e-17	8.2771e-19
17576.5307	1.7258e-17	8.2733e-19
17577.1307	1.7253e-17	8.2136e-19
17577.7306	1.7252e-17	8.2052e-19
17578.3306	1.7252e-17	8.2426e-19
17578.9305	1.7252e-17	8.2566e-19
17579.5305	1.7253e-17	8.2608e-19
17580.1305	1.7253e-17	8.2772e-19
17580.7304	1.7254e-17	8.1933e-19
17581.3304	1.7255e-17	8.1983e-19
17581.9304	1.7255e-17	8.2770e-19
17582.5303	1.7255e-17	8.2970e-19
17583.1303	1.7255e-17	8.3305e-19
17583.7303	1.7254e-17	8.3125e-19
17584.3302	1.7252e-17	8.3283e-19
17584.9302	1.7249e-17	8.5442e-19
17585.5302	1.7249e-17	8.4881e-19
17586.1301	1.7249e-17	8.5105e-19
17586.7301	1.7255e-17	8.5641e-19
17587.3301	1.7259e-17	8.6159e-19
17587.9300	1.7258e-17	8.6195e-19
17588.5300	1.7260e-17	8.8560e-19
17589.1299	1.7262e-17	8.8704e-19
17589.7399	1.7272e-17	8.9062e-19
17590.3399	1.7279e-17	8.9226e-19
17590.9398	1.7288e-17	8.8822e-19
17591.5398	1.7295e-17	8.7476e-19
17592.1398	1.7296e-17	8.5958e-19
17592.7397	1.7302e-17	8.4679e-19
17593.3397	1.7306e-17	8.2238e-19
17593.9397	1.7315e-17	8.2255e-19
17594.5396	1.7333e-17	8.1045e-19
17595.1396	1.7330e-17	8.0789e-19
17595.7396	1.7335e-17	8.1849e-19
17596.3395	1.7333e-17	8.1185e-19
17596.9395	1.7324e-17	7.7985e-19
17597.5394	1.7314e-17	7.7889e-19
17598.1394	1.7304e-17	7.9491e-19
17598.7394	1.7294e-17	7.9987e-19
17599.3393	1.7284e-17	8.0006e-19
17599.9393	1.7274e-17	8.0361e-19
17600.5393	1.7264e-17	8.0452e-19
17601.1392	1.7254e-17	8.5090e-19
17601.7392	1.7244e-17	8.4504e-19
17602.3392	1.7236e-17	8.4304e-19
17602.9391	1.7230e-17	8.4851e-19
17603.5391	1.7223e-17	8.4661e-19
17604.1391	1.7215e-17	8.5677e-19
17604.7390	1.7207e-17	8.7288e-19
17605.3390	1.7199e-17	8.7969e-19
17605.9389	1.7180e-17	8.8270e-19
17606.5389	1.7166e-17	8.7078e-19
17607.1389	1.7163e-17	8.6512e-19
17607.7388	1.7166e-17	8.7183e-19
17608.3388	1.7165e-17	8.6594e-19
17608.9388	1.7142e-17	8.5861e-19
17609.5387	1.7124e-17	8.3550e-19
17610.1387	1.7106e-17	8.4357e-19
17610.7387	1.7090e-17	8.3933e-19
17611.3386	1.7083e-17	8.5166e-19
17611.9386	1.7072e-17	8.4031e-19
17612.5386	1.7084e-17	8.3432e-19
17613.1385	1.7096e-17	8.3454e-19
17613.7385	1.7105e-17	8.3076e-19
17614.3384	1.7116e-17	8.4053e-19
17614.9384	1.7124e-17	8.3940e-19
17615.5384	1.7139e-17	8.3878e-19
17616.1383	1.7149e-17	8.3794e-19
17616.7383	1.7158e-17	8.3129e-19
17617.3383	1.7160e-17	8.2822e-19
17617.9382	1.7162e-17	8.2733e-19
17618.5382	1.7180e-17	8.2818e-19
17619.1382	1.7192e-17	8.2973e-19
17619.7381	1.7197e-17	8.3330e-19
17620.3381	1.7200e-17	8.3363e-19
17620.9381	1.7192e-17	8.4189e-19
17621.5380	1.7190e-17	8.4175e-19
17622.1380	1.7198e-17	8.4134e-19
17622.7380	1.7215e-17	8.7136e-19
17623.3379	1.7207e-17	8.9111e-19
17623.9379	1.7188e-17	1.0017e-18
17624.5378	1.7178e-17	1.0104e-18
17625.1378	1.7166e-17	1.0101e-18
17625.7378	1.7156e-17	1.0196e-18
17626.3377	1.7159e-17	1.0524e-18
17626.9377	1.7152e-17	1.0913e-18
17627.5377	1.7137e-17	1.3621e-18
17628.1376	1.7144e-17	1.5735e-18
17628.7376	1.7147e-17	1.7153e-18
17629.3376	1.7143e-17	1.7935e-18
17629.9375	1.7150e-17	1.8316e-18
17630.5375	1.7145e-17	1.8305e-18
17631.1375	1.7143e-17	1.8345e-18
17631.7374	1.7154e-17	1.8550e-18
17632.3374	1.7166e-17	1.8547e-18
17632.9373	1.7157e-17	1.8547e-18
17633.5373	1.7139e-17	1.8566e-18
17634.1373	1.7115e-17	1.9793e-18
17634.7372	1.7092e-17	1.9992e-18
17635.3372	1.7097e-17	2.0088e-18
17635.9472	1.7096e-17	2.0152e-18
17636.5471	1.7093e-17	2.0462e-18
17637.1471	1.7095e-17	2.0981e-18
17637.7471	1.7090e-17	2.1795e-18
17638.3470	1.7069e-17	2.1758e-18
17638.9470	1.7051e-17	2.1729e-18
17639.5470	1.7055e-17	2.1867e-18
17640.1469	1.7048e-17	2.1964e-18
17640.7469	1.7048e-17	2.2003e-18
17641.3468	1.7046e-17	2.2041e-18
17641.9468	1.7041e-17	2.2129e-18
17642.5468	1.7029e-17	2.2211e-18
17643.1467	1.7007e-17	2.2254e-18
17643.7467	1.6980e-17	2.2243e-18
17644.3467	1.6968e-17	2.2239e-18
17644.9466	1.6960e-17	2.2257e-18
17645.5466	1.6969e-17	2.2293e-18
17646.1466	1.6962e-17	2.2288e-18
17646.7465	1.6969e-17	2.2303e-18
17647.3465	1.6972e-17	2.2321e-18
17647.9465	1.6960e-17	2.2325e-18
17648.5464	1.6950e-17	2.2313e-18
17649.1464	1.6942e-17	2.2112e-18
17649.7464	1.6933e-17	2.2100e-18
17650.3463	1.6927e-17	2.2098e-18
17650.9463	1.6925e-17	2.2065e-18
17651.5462	1.6914e-17	2.2041e-18
17652.1462	1.6899e-17	2.2019e-18
17652.7462	1.6888e-17	2.1975e-18
17653.3461	1.6882e-17	2.1953e-18
17653.9461	1.6869e-17	2.1948e-18
17654.5461	1.6858e-17	2.1947e-18
17655.1460	1.6853e-17	2.1939e-18
17655.7460	1.6851e-17	2.1899e-18
17656.3460	1.6845e-17	2.1882e-18
17656.9459	1.6838e-17	2.1884e-18
17657.5459	1.6835e-17	2.1886e-18
17658.1459	1.6818e-17	2.1841e-18
17658.7458	1.6803e-17	2.1840e-18
17659.3458	1.6796e-17	2.1802e-18
17659.9457	1.6781e-17	2.1801e-18
17660.5457	1.6756e-17	2.1802e-18
17661.1457	1.6735e-17	2.1791e-18
17661.7456	1.6734e-17	2.1764e-18
17662.3456	1.6736e-17	2.1727e-18
17662.9456	1.6740e-17	2.1718e-18
17663.5455	1.6739e-17	2.1744e-18
17664.1455	1.6738e-17	2.1754e-18
17664.7455	1.6737e-17	2.1756e-18
17665.3454	1.6742e-17	2.1755e-18
17665.9454	1.6744e-17	2.1748e-18
17667.1453	1.6746e-17	2.1755e-18
17667.7453	1.6742e-17	2.1754e-18
17668.3453	1.6726e-17	2.1740e-18
17668.9452	1.6721e-17	2.1799e-18
17669.5452	1.6718e-17	2.1769e-18
17670.1451	1.6729e-17	2.1767e-18
17670.7451	1.6741e-17	2.1767e-18
17671.3451	1.6736e-17	2.1636e-18
17673.1450	1.6737e-17	2.1536e-18
17673.7449	1.6752e-17	2.0973e-18
17674.3449	1.6757e-17	2.0913e-18
17674.9449	1.6760e-17	2.0912e-18
17675.5448	1.6749e-17	2.0882e-18
17676.1448	1.6746e-17	2.0737e-18
17676.7448	1.6747e-17	2.0552e-18
17677.3447	1.6735e-17	1.8864e-18
17677.9447	1.6734e-17	1.7037e-18
17678.5446	1.6738e-17	1.5436e-18
17679.1446	1.6727e-17	1.4270e-18
17679.7446	1.6725e-17	1.3490e-18
17680.3445	1.6723e-17	1.3494e-18
17680.9445	1.6721e-17	1.3466e-18
17681.5545	1.6736e-17	1.3582e-18
17682.1544	1.6750e-17	1.3753e-18
17682.7544	1.6753e-17	1.3674e-18
17683.3544	1.6739e-17	1.3704e-18
17683.9543	1.6724e-17	1.1398e-18
17684.5543	1.6704e-17	1.1633e-18
17685.1543	1.6697e-17	1.1835e-18
17685.7542	1.6696e-17	1.2412e-18
17686.3542	1.6695e-17	1.2739e-18
17686.9542	1.6700e-17	1.2423e-18
17687.5541	1.6704e-17	1.1736e-18
17688.1541	1.6710e-17	1.1734e-18
17688.7540	1.6720e-17	1.1738e-18
17689.3540	1.6720e-17	1.1547e-18
17689.9540	1.6719e-17	1.1365e-18
17690.5539	1.6725e-17	1.1211e-18
17691.1539	1.6733e-17	1.1184e-18
17691.7539	1.6733e-17	1.1037e-18
17692.3538	1.6729e-17	1.0897e-18
17692.9538	1.6724e-17	1.0798e-18
17693.5538	1.6728e-17	1.0691e-18
17694.1537	1.6733e-17	1.0803e-18
17694.7537	1.6745e-17	1.0793e-18
17695.3537	1.6746e-17	1.0716e-18
17695.9536	1.6748e-17	1.0703e-18
17696.5536	1.6744e-17	1.0737e-18
17697.1535	1.6744e-17	1.0684e-18
17697.7535	1.6746e-17	1.0760e-18
17698.3535	1.6753e-17	1.0935e-18
17698.9534	1.6753e-17	1.0924e-18
17699.5534	1.6753e-17	1.0986e-18
17700.1534	1.6762e-17	1.0980e-18
17700.7533	1.6769e-17	1.0994e-18
17701.3533	1.6772e-17	1.0996e-18
17701.9533	1.6766e-17	1.1003e-18
17702.5532	1.6760e-17	1.1018e-18
17703.1532	1.6761e-17	1.1016e-18
17703.7532	1.6761e-17	1.1013e-18
17704.3531	1.6754e-17	1.1105e-18
17704.9531	1.6748e-17	1.1171e-18
17705.5531	1.6751e-17	1.1359e-18
17706.1530	1.6752e-17	1.1357e-18
17706.7530	1.6751e-17	1.1401e-18
17707.3529	1.6752e-17	1.2428e-18
17707.9529	1.6767e-17	1.3000e-18
17708.5529	1.6774e-17	1.2998e-18
17709.1528	1.6774e-17	1.3138e-18
17709.7528	1.6772e-17	1.3466e-18
17710.3528	1.6770e-17	1.3866e-18
17710.9527	1.6773e-17	1.3967e-18
17711.5527	1.6786e-17	1.4059e-18
17712.1527	1.6792e-17	1.4114e-18
17712.7526	1.6800e-17	1.4127e-18
17713.3526	1.6796e-17	1.4082e-18
17713.9526	1.6791e-17	1.4086e-18
17714.5525	1.6792e-17	1.4169e-18
17715.1525	1.6786e-17	1.4165e-18
17715.7525	1.6776e-17	1.4226e-18
17716.3524	1.6765e-17	1.4338e-18
17716.9524	1.6766e-17	1.4360e-18
17717.5523	1.6770e-17	1.4383e-18
17718.1523	1.6767e-17	1.4280e-18
17718.7523	1.6760e-17	1.4313e-18
17719.3522	1.6753e-17	1.4378e-18
17719.9522	1.6747e-17	1.4400e-18
17720.5522	1.6744e-17	1.4446e-18
17721.1521	1.6750e-17	1.4837e-18
17721.7521	1.6753e-17	1.4895e-18
17722.3521	1.6750e-17	1.4945e-18
17722.9520	1.6752e-17	1.4945e-18
17723.5520	1.6745e-17	1.4969e-18
17724.1520	1.6730e-17	1.4984e-18
17724.7519	1.6724e-17	1.4989e-18
17725.3519	1.6717e-17	1.4989e-18
17725.9519	1.6706e-17	1.4991e-18
17726.5518	1.6706e-17	1.5003e-18
17727.1618	1.6716e-17	1.5002e-18
17727.7617	1.6720e-17	1.5068e-18
17728.3617	1.6721e-17	1.5075e-18
17728.9617	1.6732e-17	1.5077e-18
17729.5616	1.6728e-17	1.4884e-18
17730.1616	1.6717e-17	1.4777e-18
17730.7616	1.6705e-17	1.4780e-18
17731.3615	1.6687e-17	1.4721e-18
17731.9615	1.6681e-17	1.4724e-18
17732.5615	1.6679e-17	1.4172e-18
17733.1614	1.6679e-17	1.3777e-18
17733.7614	1.6676e-17	1.3155e-18
17734.3614	1.6680e-17	1.2533e-18
17734.9613	1.6669e-17	1.2225e-18
17735.5613	1.6648e-17	1.1648e-18
17736.1612	1.6635e-17	1.2157e-18
17736.7612	1.6631e-17	1.2528e-18
17737.3612	1.6633e-17	1.2530e-18
17737.9611	1.6632e-17	1.2564e-18
17738.5611	1.6629e-17	1.2596e-18
17739.1611	1.6623e-17	1.2488e-18
17739.7610	1.6617e-17	1.2503e-18
17740.3610	1.6613e-17	1.2524e-18
17740.9610	1.6594e-17	1.2503e-18
17741.5609	1.6588e-17	1.2546e-18
17742.1609	1.6589e-17	1.2518e-18
17742.7609	1.6590e-17	1.2479e-18
17743.3608	1.6591e-17	1.2563e-18
17743.9608	1.6592e-17	1.2507e-18
17744.5608	1.6599e-17	1.2413e-18
17745.1607	1.6583e-17	1.2432e-18
17745.7607	1.6535e-17	1.2369e-18
17746.3606	1.6525e-17	1.2272e-18
17746.9606	1.6469e-17	1.2272e-18
17747.5606	1.6419e-17	1.2484e-18
17748.1605	1.6383e-17	1.2550e-18
17748.7605	1.6377e-17	1.2551e-18
17749.3605	1.6401e-17	1.2580e-18
17749.9604	1.6421e-17	1.2592e-18
17750.5604	1.6452e-17	1.2572e-18
17751.1604	1.6469e-17	1.2658e-18
17751.7603	1.6496e-17	1.2656e-18
17752.3603	1.6538e-17	1.2601e-18
17752.9603	1.6575e-17	1.2713e-18
17753.5602	1.6589e-17	1.2570e-18
17754.1602	1.6577e-17	1.2574e-18
17754.7602	1.6564e-17	1.2545e-18
17755.3601	1.6591e-17	1.1695e-18
17755.9601	1.6586e-17	1.1221e-18
17756.5600	1.6592e-17	1.1248e-18
17757.1600	1.6623e-17	1.1133e-18
17757.7600	1.6646e-17	1.0824e-18
17758.3599	1.6665e-17	1.0408e-18
17758.9599	1.6674e-17	1.0369e-18
17759.5599	1.6661e-17	1.0309e-18
17760.1598	1.6651e-17	1.0270e-18
17760.7598	1.6629e-17	1.0271e-18
17761.3598	1.6642e-17	1.0277e-18
17761.9597	1.6659e-17	1.0247e-18
17762.5597	1.6656e-17	1.0106e-18
17763.1597	1.6651e-17	1.0103e-18
17763.7596	1.6644e-17	1.0027e-18
17764.3596	1.6636e-17	9.8633e-19
17764.9596	1.6627e-17	9.8583e-19
17765.5595	1.6613e-17	9.8688e-19
17766.1595	1.6607e-17	9.8679e-19
17766.7594	1.6604e-17	9.8205e-19
17767.3594	1.6599e-17	9.7628e-19
17767.9594	1.6594e-17	9.7755e-19
17768.5593	1.6587e-17	9.9080e-19
17769.1593	1.6580e-17	9.3267e-19
17769.7593	1.6573e-17	9.2387e-19
17770.3592	1.6565e-17	9.1826e-19
17770.9592	1.6557e-17	9.2002e-19
17771.5592	1.6549e-17	9.1897e-19
17772.1591	1.6541e-17	9.1787e-19
17772.7691	1.6533e-17	9.2105e-19
17773.3691	1.6525e-17	9.2116e-19
17773.9690	1.6521e-17	9.3019e-19
17774.5690	1.6512e-17	9.4033e-19
17775.1690	1.6508e-17	9.4874e-19
17775.7689	1.6503e-17	9.3819e-19
17776.3689	1.6498e-17	9.3896e-19
17776.9688	1.6494e-17	9.4041e-19
17777.5688	1.6490e-17	9.4035e-19
17778.1688	1.6486e-17	9.4203e-19
17778.7687	1.6483e-17	9.4154e-19
17779.3687	1.6480e-17	9.5206e-19
17779.9687	1.6478e-17	9.5668e-19
17780.5686	1.6475e-17	9.5518e-19
17781.1686	1.6474e-17	9.4929e-19
17781.7686	1.6472e-17	9.5015e-19
17782.3685	1.6471e-17	9.5492e-19
17782.9685	1.6470e-17	9.5563e-19
17783.5685	1.6469e-17	9.5465e-19
17784.1684	1.6460e-17	8.9682e-19
17784.7684	1.6451e-17	8.4724e-19
17785.3684	1.6442e-17	8.4538e-19
17785.9683	1.6432e-17	8.3896e-19
17786.5683	1.6417e-17	8.3070e-19
17787.1682	1.6403e-17	8.3094e-19
17787.7682	1.6390e-17	8.3041e-19
17788.3682	1.6377e-17	8.2944e-19
17788.9681	1.6367e-17	8.3226e-19
17789.5681	1.6352e-17	8.3032e-19
17790.1681	1.6342e-17	8.1765e-19
17790.7680	1.6329e-17	8.1499e-19
17791.3680	1.6308e-17	8.0092e-19
17791.9680	1.6291e-17	8.0052e-19
17792.5679	1.6273e-17	7.9915e-19
17793.1679	1.6255e-17	7.9552e-19
17793.7679	1.6243e-17	7.9553e-19
17794.3678	1.6232e-17	7.8926e-19
17794.9678	1.6222e-17	7.8999e-19
17795.5678	1.6204e-17	7.4185e-19
17796.1677	1.6192e-17	7.3026e-19
17796.7677	1.6175e-17	7.2370e-19
17797.3676	1.6163e-17	7.2004e-19
17797.9676	1.6147e-17	7.1895e-19
17798.5676	1.6130e-17	7.1831e-19
17799.1675	1.6110e-17	7.0907e-19
17799.7675	1.6095e-17	7.1221e-19
17800.3675	1.6076e-17	7.2385e-19
17800.9674	1.6048e-17	7.0775e-19
17801.5674	1.6030e-17	7.0786e-19
17802.1674	1.6003e-17	7.0914e-19
17802.7673	1.5993e-17	7.3572e-19
17803.3673	1.5988e-17	7.1606e-19
17803.9673	1.5960e-17	6.9789e-19
17804.5672	1.5944e-17	6.9474e-19
17805.1672	1.5942e-17	7.0847e-19
17805.7672	1.5961e-17	6.9205e-19
17806.3671	1.5984e-17	6.7114e-19
17807.5670	1.5995e-17	7.0358e-19
17808.1670	1.6007e-17	7.0022e-19
17808.7670	1.6019e-17	6.9487e-19
17809.3669	1.6033e-17	6.9145e-19
17809.9669	1.6033e-17	7.4310e-19
17810.5669	1.6032e-17	7.7772e-19
17811.1668	1.6038e-17	7.8347e-19
17812.3668	1.6047e-17	7.8347e-19
17812.9667	1.6050e-17	7.8317e-19
17813.5667	1.6040e-17	7.8385e-19
17814.1667	1.6031e-17	7.8143e-19
17814.7666	1.6030e-17	7.7850e-19
17815.3666	1.6042e-17	7.8225e-19
17815.9666	1.6056e-17	7.9668e-19
17816.5665	1.6055e-17	7.9228e-19
17817.1665	1.6061e-17	7.9976e-19
17817.7665	1.6071e-17	7.8634e-19
17818.3764	1.6093e-17	8.0396e-19
17818.9764	1.6106e-17	8.1125e-19
17819.5763	1.6112e-17	8.8329e-19
17820.1763	1.6118e-17	8.8458e-19
17820.7763	1.6125e-17	1.0030e-18
17821.3762	1.6128e-17	1.0231e-18
17821.9762	1.6142e-17	1.0886e-18
17822.5762	1.6145e-17	1.2564e-18
17823.1761	1.6151e-17	1.3566e-18
17823.7761	1.6157e-17	1.3480e-18
17824.3761	1.6165e-17	1.3952e-18
17824.9760	1.6186e-17	1.4242e-18
17825.5760	1.6202e-17	1.4247e-18
17826.1760	1.6212e-17	1.4768e-18
17826.7759	1.6205e-17	1.4902e-18
17827.3759	1.6195e-17	1.5035e-18
17827.9759	1.6183e-17	1.5153e-18
17828.5758	1.6183e-17	1.5261e-18
17829.1758	1.6185e-17	1.5334e-18
17829.7757	1.6166e-17	1.5321e-18
17830.3757	1.6152e-17	1.5999e-18
17830.9757	1.6160e-17	1.5986e-18
17831.5756	1.6178e-17	1.6020e-18
17832.1756	1.6205e-17	1.6073e-18
17832.7756	1.6234e-17	1.6049e-18
17833.3755	1.6244e-17	1.6037e-18
17833.9755	1.6258e-17	1.6163e-18
17834.5755	1.6256e-17	1.6176e-18
17835.1754	1.6246e-17	1.6187e-18
17835.7754	1.6248e-17	1.6186e-18
17836.3754	1.6250e-17	1.6239e-18
17836.9753	1.6263e-17	1.6383e-18
17837.5753	1.6271e-17	1.6405e-18
17838.1753	1.6266e-17	1.6403e-18
17838.7752	1.6257e-17	1.6391e-18
17839.3752	1.6249e-17	1.6374e-18
17839.9751	1.6240e-17	1.6373e-18
17840.5751	1.6237e-17	1.6406e-18
17841.1751	1.6256e-17	1.6411e-18
17841.7750	1.6281e-17	1.6435e-18
17842.3750	1.6282e-17	1.6454e-18
17842.9750	1.6279e-17	1.6468e-18
17843.5749	1.6263e-17	1.6477e-18
17844.1749	1.6256e-17	1.6482e-18
17844.7749	1.6252e-17	1.6485e-18
17845.3748	1.6249e-17	1.6484e-18
17845.9748	1.6251e-17	1.6482e-18
17846.5748	1.6257e-17	1.6477e-18
17847.1747	1.6260e-17	1.6477e-18
17847.7747	1.6270e-17	1.6477e-18
17848.3747	1.6281e-17	1.6465e-18
17848.9746	1.6289e-17	1.6455e-18
17849.5746	1.6300e-17	1.6409e-18
17850.1746	1.6317e-17	1.6355e-18
17850.7745	1.6329e-17	1.6355e-18
17851.3745	1.6340e-17	1.6351e-18
17851.9744	1.6342e-17	1.6209e-18
17852.5744	1.6327e-17	1.6218e-18
17853.1744	1.6308e-17	1.6217e-18
17853.7743	1.6294e-17	1.6240e-18
17854.3743	1.6289e-17	1.6189e-18
17854.9743	1.6292e-17	1.6236e-18
17855.5742	1.6296e-17	1.6291e-18
17856.1742	1.6302e-17	1.6163e-18
17856.7742	1.6307e-17	1.6226e-18
17857.3741	1.6308e-17	1.6332e-18
17857.9741	1.6314e-17	1.6471e-18
17858.5741	1.6336e-17	1.6409e-18
17859.1740	1.6356e-17	1.6263e-18
17859.7740	1.6355e-17	1.6248e-18
17860.3740	1.6346e-17	1.6262e-18
17860.9739	1.6328e-17	1.6274e-18
17861.5739	1.6323e-17	1.6279e-18
17862.1738	1.6334e-17	1.6288e-18
17862.7738	1.6337e-17	1.6293e-18
17863.3738	1.6334e-17	1.6285e-18
17863.9737	1.6339e-17	1.6206e-18
17864.5837	1.6360e-17	1.6211e-18
17865.1837	1.6369e-17	1.6171e-18
17865.7836	1.6383e-17	1.6143e-18
17866.3836	1.6398e-17	1.6073e-18
17866.9836	1.6409e-17	1.6043e-18
17867.5835	1.6418e-17	1.5639e-18
17868.1835	1.6428e-17	1.5636e-18
17868.7835	1.6444e-17	1.4897e-18
17869.3834	1.6453e-17	1.4753e-18
17869.9834	1.6446e-17	1.4209e-18
17870.5834	1.6445e-17	1.2614e-18
17871.1833	1.6444e-17	1.1211e-18
17871.7833	1.6452e-17	1.1158e-18
17872.3833	1.6456e-17	1.0649e-18
17872.9832	1.6460e-17	1.0413e-18
17873.5832	1.6466e-17	1.0408e-18
17874.1831	1.6465e-17	9.5419e-19
17874.7831	1.6459e-17	9.1970e-19
17875.3831	1.6460e-17	9.1339e-19
17875.9830	1.6456e-17	9.5404e-19
17876.5830	1.6458e-17	9.4591e-19
17877.1830	1.6458e-17	9.7605e-19
17877.7829	1.6447e-17	1.0151e-18
17878.3829	1.6440e-17	9.3790e-19
17878.9829	1.6434e-17	1.0295e-18
17879.5828	1.6434e-17	1.0236e-18
17880.1828	1.6441e-17	1.0072e-18
17880.7828	1.6437e-17	1.0077e-18
17881.3827	1.6432e-17	1.0173e-18
17881.9827	1.6428e-17	9.9963e-19
17882.5827	1.6424e-17	1.0077e-18
17883.1826	1.6420e-17	1.0111e-18
17883.7826	1.6416e-17	1.0312e-18
17884.3825	1.6413e-17	1.0297e-18
17884.9825	1.6409e-17	1.0169e-18
17885.5825	1.6406e-17	1.0153e-18
17886.1824	1.6402e-17	1.0183e-18
17886.7824	1.6397e-17	1.0183e-18
17887.3824	1.6392e-17	1.0279e-18
17887.9823	1.6386e-17	1.0581e-18
17888.5823	1.6385e-17	1.0686e-18
17889.1823	1.6387e-17	1.0681e-18
17889.7822	1.6381e-17	1.0685e-18
17890.3822	1.6377e-17	1.0669e-18
17890.9822	1.6368e-17	1.0719e-18
17891.5821	1.6369e-17	1.0719e-18
17892.1821	1.6370e-17	1.0917e-18
17892.7821	1.6376e-17	1.0918e-18
17893.3820	1.6376e-17	1.0925e-18
17893.9820	1.6375e-17	1.1000e-18
17894.5820	1.6360e-17	1.1206e-18
17895.1819	1.6364e-17	1.1205e-18
17895.7819	1.6357e-17	1.1207e-18
17896.3818	1.6362e-17	1.1212e-18
17896.9818	1.6371e-17	1.1241e-18
17897.5818	1.6358e-17	1.1226e-18
17898.1817	1.6327e-17	1.1233e-18
17898.7817	1.6310e-17	1.1382e-18
17899.3817	1.6320e-17	1.1509e-18
17899.9816	1.6324e-17	1.1517e-18
17900.5816	1.6328e-17	1.1591e-18
17901.1816	1.6339e-17	1.1776e-18
17901.7815	1.6340e-17	1.1882e-18
17902.3815	1.6334e-17	1.1895e-18
17902.9815	1.6334e-17	1.1835e-18
17903.5814	1.6330e-17	1.1748e-18
17904.1814	1.6326e-17	1.1636e-18
17904.7814	1.6303e-17	1.1520e-18
17905.3813	1.6266e-17	1.1379e-18
17905.9813	1.6227e-17	1.1249e-18
17906.5813	1.6210e-17	1.1059e-18
17907.1812	1.6216e-17	1.1346e-18
17907.7812	1.6223e-17	1.1938e-18
17908.3811	1.6234e-17	1.1923e-18
17908.9811	1.6247e-17	1.2019e-18
17909.5811	1.6248e-17	1.1992e-18
17910.1910	1.6236e-17	1.2003e-18
17910.7910	1.6215e-17	1.1975e-18
17911.3910	1.6202e-17	1.1997e-18
17911.9909	1.6205e-17	1.1973e-18
17912.5909	1.6205e-17	1.1955e-18
17913.1909	1.6203e-17	1.1984e-18
17913.7908	1.6206e-17	1.2067e-18
17914.3908	1.6208e-17	1.2123e-18
17914.9908	1.6200e-17	1.2274e-18
17915.5907	1.6181e-17	1.2547e-18
17916.1907	1.6148e-17	1.2551e-18
17916.7907	1.6124e-17	1.2526e-18
17917.3906	1.6111e-17	1.2484e-18
17917.9906	1.6102e-17	1.2423e-18
17918.5906	1.6109e-17	1.2421e-18
17919.1905	1.6126e-17	1.2430e-18
17919.7905	1.6138e-17	1.2454e-18
17920.3904	1.6116e-17	1.2439e-18
17920.9904	1.6083e-17	1.2438e-18
17921.5904	1.6079e-17	1.2494e-18
17922.1903	1.6094e-17	1.2509e-18
17922.7903	1.6095e-17	1.2663e-18
17923.3903	1.6093e-17	1.2719e-18
17923.9902	1.6089e-17	1.2524e-18
17924.5902	1.6091e-17	1.2562e-18
17925.1902	1.6081e-17	1.2388e-18
17925.7901	1.6077e-17	1.2071e-18
17926.3901	1.6084e-17	1.2445e-18
17926.9901	1.6089e-17	1.2387e-18
17927.5900	1.6102e-17	1.2810e-18
17928.1900	1.6080e-17	1.2857e-18
17928.7900	1.6071e-17	1.2858e-18
17929.3899	1.6046e-17	1.2814e-18
17929.9899	1.6035e-17	1.2741e-18
17930.5898	1.6039e-17	1.2645e-18
17931.1898	1.6050e-17	1.2646e-18
17931.7898	1.6071e-17	1.2495e-18
17932.3897	1.6072e-17	1.2480e-18
17932.9897	1.6053e-17	1.2444e-18
17933.5897	1.6053e-17	1.2446e-18
17934.1896	1.6054e-17	1.2485e-18
17934.7896	1.6053e-17	1.2844e-18
17935.3896	1.6058e-17	1.2892e-18
17935.9895	1.6060e-17	1.2671e-18
17936.5895	1.6055e-17	1.2566e-18
17937.1895	1.6066e-17	1.2690e-18
17937.7894	1.6065e-17	1.2720e-18
17938.3894	1.6048e-17	1.2765e-18
17938.9894	1.6032e-17	1.2712e-18
17939.5893	1.6018e-17	1.2704e-18
17940.1893	1.6011e-17	1.2674e-18
17940.7893	1.5991e-17	1.2803e-18
17941.3892	1.5990e-17	1.2910e-18
17941.9892	1.5996e-17	1.2953e-18
17942.5892	1.5991e-17	1.2873e-18
17943.1891	1.6009e-17	1.2958e-18
17943.7891	1.6050e-17	1.3029e-18
17944.3890	1.6081e-17	1.3081e-18
17944.9890	1.6081e-17	1.3099e-18
17945.5890	1.6062e-17	1.3125e-18
17946.1889	1.6046e-17	1.3157e-18
17946.7889	1.6049e-17	1.3068e-18
17947.3889	1.6079e-17	1.2964e-18
17947.9888	1.6096e-17	1.2971e-18
17948.5888	1.6092e-17	1.2909e-18
17949.1888	1.6096e-17	1.2777e-18
17949.7887	1.6070e-17	1.2647e-18
17950.3887	1.6062e-17	1.2617e-18
17950.9887	1.6050e-17	1.2608e-18
17951.5886	1.6012e-17	1.2607e-18
17952.1886	1.5996e-17	1.2649e-18
17952.7886	1.5974e-17	1.2642e-18
17953.3885	1.5972e-17	1.2624e-18
17953.9885	1.5963e-17	1.2591e-18
17954.5885	1.5957e-17	1.2674e-18
17955.1884	1.5962e-17	1.2542e-18
17955.7984	1.5963e-17	1.2089e-18
17956.3983	1.5958e-17	1.2158e-18
17956.9983	1.5957e-17	1.2091e-18
17957.5983	1.5951e-17	1.2157e-18
17958.1982	1.5941e-17	1.2157e-18
17958.7982	1.5940e-17	1.2193e-18
17959.3982	1.5943e-17	1.2182e-18
17959.9981	1.5948e-17	1.2197e-18
17960.5981	1.5954e-17	1.2203e-18
17961.1981	1.5965e-17	1.2150e-18
17961.7980	1.5981e-17	1.2030e-18
17962.3980	1.5991e-17	1.1925e-18
17962.9980	1.5999e-17	1.1810e-18
17963.5979	1.6008e-17	1.1554e-18
17964.1979	1.6018e-17	1.1552e-18
17964.7979	1.6030e-17	1.1550e-18
17965.3978	1.6040e-17	1.1561e-18
17965.9978	1.6036e-17	1.1573e-18
17966.5978	1.6035e-17	1.1596e-18
17967.1977	1.6043e-17	1.1581e-18
17967.7977	1.6067e-17	1.1569e-18
17968.3976	1.6095e-17	1.1732e-18
17968.9976	1.6114e-17	1.1733e-18
17969.5976	1.6118e-17	1.1740e-18
17970.1975	1.6124e-17	1.2035e-18
17970.7975	1.6146e-17	1.2621e-18
17971.3975	1.6164e-17	1.2571e-18
17971.9974	1.6181e-17	1.3732e-18
17972.5974	1.6199e-17	1.4037e-18
17973.1974	1.6211e-17	1.3982e-18
17973.7973	1.6224e-17	1.4040e-18
17974.3973	1.6236e-17	1.3666e-18
17974.9973	1.6247e-17	1.3334e-18
17975.5972	1.6260e-17	1.3069e-18
17976.1972	1.6272e-17	1.3014e-18
17976.7972	1.6275e-17	1.3139e-18
17977.3971	1.6270e-17	1.3083e-18
17977.9971	1.6261e-17	1.3124e-18
17978.5971	1.6258e-17	1.3268e-18
17979.1970	1.6248e-17	1.4211e-18
17979.7970	1.6240e-17	1.5398e-18
17980.3969	1.6253e-17	1.5518e-18
17980.9969	1.6266e-17	1.5695e-18
17982.1968	1.6253e-17	1.5924e-18
17983.3968	1.6235e-17	1.6241e-18
17983.9967	1.6217e-17	1.6484e-18
17984.5967	1.6203e-17	1.6470e-18
17985.1967	1.6203e-17	1.6479e-18
17985.7966	1.6208e-17	1.6706e-18
17986.3966	1.6218e-17	1.6708e-18
17986.9966	1.6221e-17	1.6695e-18
17987.5965	1.6221e-17	1.6671e-18
17988.1965	1.6214e-17	1.6694e-18
17989.9964	1.6203e-17	1.6815e-18
17991.1963	1.6194e-17	1.6826e-18
17995.3961	1.6193e-17	1.6747e-18
17995.9960	1.6188e-17	1.6810e-18
17996.5960	1.6176e-17	1.7593e-18
17997.1960	1.6168e-17	1.7957e-18
17997.7959	1.6154e-17	1.8022e-18
17998.3959	1.6142e-17	1.8037e-18
17998.9959	1.6117e-17	1.8037e-18
17999.5958	1.6100e-17	1.8339e-18
18000.1958	1.6087e-17	1.8500e-18
18000.7958	1.6078e-17	1.8855e-18
18001.4057	1.6071e-17	1.9784e-18
18002.0057	1.6067e-17	1.9838e-18
18002.6057	1.6055e-17	1.9956e-18
18003.2056	1.6049e-17	2.0037e-18
18003.8056	1.6054e-17	2.0071e-18
18004.4056	1.6052e-17	2.0072e-18
18005.0055	1.6060e-17	2.0033e-18
18005.6055	1.6067e-17	2.0043e-18
18006.2054	1.6070e-17	2.0039e-18
18006.8054	1.6086e-17	2.0040e-18
18007.4054	1.6085e-17	2.0084e-18
18008.0053	1.6053e-17	2.0153e-18
18008.6053	1.6022e-17	2.0504e-18
18009.2053	1.5994e-17	2.0462e-18
18009.8052	1.5972e-17	2.0485e-18
18010.4052	1.5962e-17	2.0448e-18
18011.0052	1.5941e-17	2.0540e-18
18011.6051	1.5929e-17	2.0735e-18
18012.2051	1.5914e-17	2.0877e-18
18012.8051	1.5901e-17	2.0871e-18
18013.4050	1.5887e-17	2.1214e-18
18014.0050	1.5869e-17	2.1212e-18
18014.6050	1.5855e-17	2.1223e-18
18015.2049	1.5851e-17	2.1251e-18
18015.8049	1.5855e-17	2.1334e-18
18016.4049	1.5858e-17	2.1422e-18
18017.0048	1.5853e-17	2.1442e-18
18017.6048	1.5845e-17	2.1521e-18
18018.2048	1.5821e-17	2.1553e-18
18018.8047	1.5863e-17	2.1562e-18
18019.4047	1.5834e-17	2.1566e-18
18020.0046	1.5819e-17	2.1570e-18
18020.6046	1.5846e-17	2.1640e-18
18021.2046	1.5878e-17	2.1723e-18
18021.8045	1.5896e-17	2.1787e-18
18022.4045	1.5900e-17	2.1811e-18
18023.0045	1.5918e-17	2.1727e-18
18023.6044	1.5934e-17	2.1763e-18
18024.2044	1.5928e-17	2.1918e-18
18024.8044	1.5912e-17	2.1822e-18
18025.4043	1.5892e-17	2.1446e-18
18026.0043	1.5871e-17	2.1453e-18
18026.6043	1.5890e-17	2.0630e-18
18027.2042	1.5905e-17	2.0311e-18
18027.8042	1.5917e-17	2.0430e-18
18028.4042	1.5929e-17	2.0478e-18
18029.0041	1.5945e-17	2.0563e-18
18029.6041	1.5953e-17	2.0733e-18
18030.2041	1.5954e-17	2.0712e-18
18030.8040	1.5955e-17	2.0882e-18
18031.4040	1.5947e-17	2.0984e-18
18032.0039	1.5926e-17	2.1151e-18
18032.6039	1.5898e-17	2.1285e-18
18033.2039	1.5881e-17	2.1343e-18
18033.8038	1.5872e-17	2.0850e-18
18034.4038	1.5871e-17	2.0092e-18
18035.0038	1.5861e-17	2.0122e-18
18035.6037	1.5836e-17	2.0156e-18
18036.2037	1.5822e-17	2.0131e-18
18036.8037	1.5825e-17	1.9971e-18
18037.4036	1.5819e-17	1.9620e-18
18038.0036	1.5816e-17	1.9606e-18
18038.6036	1.5811e-17	1.9673e-18
18039.2035	1.5803e-17	1.9536e-18
18039.8035	1.5795e-17	1.9509e-18
18040.4035	1.5788e-17	1.9488e-18
18041.0034	1.5790e-17	1.9498e-18
18041.6034	1.5797e-17	1.9466e-18
18042.2034	1.5802e-17	1.9319e-18
18042.8033	1.5788e-17	1.9188e-18
18043.4033	1.5759e-17	1.9184e-18
18044.0033	1.5745e-17	1.9106e-18
18044.6032	1.5747e-17	1.8408e-18
18045.2032	1.5750e-17	1.8022e-18
18045.8031	1.5728e-17	1.7896e-18
18046.4031	1.5701e-17	1.8006e-18
18047.0131	1.5688e-17	1.8113e-18
18047.6130	1.5693e-17	1.7761e-18
18048.2130	1.5713e-17	1.7659e-18
18048.8130	1.5727e-17	1.7543e-18
18049.4129	1.5733e-17	1.6476e-18
18050.0129	1.5738e-17	1.6487e-18
18050.6129	1.5734e-17	1.6403e-18
18051.2128	1.5731e-17	1.6358e-18
18051.8128	1.5723e-17	1.6362e-18
18052.4128	1.5712e-17	1.6383e-18
18053.0127	1.5694e-17	1.6435e-18
18053.6127	1.5685e-17	1.6436e-18
18054.2127	1.5693e-17	1.6468e-18
18054.8126	1.5704e-17	1.6457e-18
18055.4126	1.5712e-17	1.6438e-18
18056.0126	1.5710e-17	1.6514e-18
18056.6125	1.5697e-17	1.6135e-18
18057.2125	1.5679e-17	1.6146e-18
18057.8125	1.5667e-17	1.6035e-18
18058.4124	1.5655e-17	1.6040e-18
18059.0124	1.5637e-17	1.5927e-18
18059.6123	1.5622e-17	1.5664e-18
18060.2123	1.5605e-17	1.5454e-18
18060.8123	1.5587e-17	1.5833e-18
18061.4122	1.5573e-17	1.5756e-18
18062.0122	1.5564e-17	1.5787e-18
18063.2121	1.5564e-17	1.5916e-18
18063.8121	1.5562e-17	1.6037e-18
18064.4121	1.5545e-17	1.6004e-18
18065.0120	1.5534e-17	1.5929e-18
18066.2120	1.5523e-17	1.6064e-18
18066.8119	1.5499e-17	1.6313e-18
18067.4119	1.5467e-17	1.6486e-18
18068.0119	1.5449e-17	1.6607e-18
18068.6118	1.5438e-17	1.6628e-18
18069.2118	1.5416e-17	1.6627e-18
18069.8118	1.5394e-17	1.6524e-18
18070.4117	1.5379e-17	1.6451e-18
18071.0117	1.5383e-17	1.6357e-18
18071.6117	1.5382e-17	1.6328e-18
18072.2116	1.5377e-17	1.6384e-18
18072.8116	1.5375e-17	1.6353e-18
18073.4115	1.5370e-17	1.6070e-18
18074.0115	1.5365e-17	1.6075e-18
18074.6115	1.5366e-17	1.6116e-18
18075.2114	1.5362e-17	1.6104e-18
18075.8114	1.5356e-17	1.6091e-18
18076.4114	1.5356e-17	1.6083e-18
18077.0113	1.5353e-17	1.5820e-18
18077.6113	1.5351e-17	1.5717e-18
18078.2113	1.5356e-17	1.5577e-18
18078.8112	1.5357e-17	1.5136e-18
18079.4112	1.5350e-17	1.5132e-18
18080.0112	1.5347e-17	1.4990e-18
18080.6111	1.5343e-17	1.4848e-18
18081.2111	1.5334e-17	1.4709e-18
18081.8111	1.5327e-17	1.4574e-18
18082.4110	1.5323e-17	1.4404e-18
18083.0110	1.5313e-17	1.4510e-18
18083.6110	1.5317e-17	1.4648e-18
18084.2109	1.5321e-17	1.4534e-18
18084.8109	1.5326e-17	1.4826e-18
18085.4109	1.5316e-17	1.4778e-18
18086.0108	1.5321e-17	1.5036e-18
18086.6108	1.5336e-17	1.5270e-18
18087.2107	1.5360e-17	1.5501e-18
18087.8107	1.5390e-17	1.5727e-18
18088.4107	1.5414e-17	1.5962e-18
18089.0106	1.5437e-17	1.6190e-18
18089.6106	1.5465e-17	1.6413e-18
18090.2106	1.5493e-17	1.6633e-18
18090.8105	1.5513e-17	1.6855e-18
18091.4105	1.5531e-17	1.7065e-18
18092.0105	1.5556e-17	1.7262e-18
18092.6204	1.5585e-17	1.7444e-18
18093.2204	1.5618e-17	1.8552e-18
18093.8204	1.5651e-17	2.0057e-18
18094.4203	1.5666e-17	2.1130e-18
18095.0203	1.5676e-17	2.1276e-18
18095.6203	1.5712e-17	2.1410e-18
18096.2202	1.5739e-17	2.1743e-18
18096.8202	1.5764e-17	2.2055e-18
18097.4202	1.5804e-17	2.2107e-18
18098.0201	1.5833e-17	2.2159e-18
18098.6201	1.5868e-17	2.2424e-18
18099.2201	1.5882e-17	2.2372e-18
18099.8200	1.5895e-17	2.2660e-18
18100.4200	1.5926e-17	2.3095e-18
18101.0200	1.5987e-17	2.3437e-18
18101.6199	1.6036e-17	2.3982e-18
18102.2199	1.6059e-17	2.4475e-18
18102.8198	1.6082e-17	2.4719e-18
18103.4198	1.6102e-17	2.4793e-18
18104.0198	1.6089e-17	2.4855e-18
18104.6197	1.6052e-17	2.4845e-18
18105.2197	1.6040e-17	2.4751e-18
18105.8197	1.6009e-17	2.4673e-18
18106.4196	1.5968e-17	2.4660e-18
18107.0196	1.5896e-17	2.4854e-18
18107.6196	1.5877e-17	2.5184e-18
18108.2195	1.5907e-17	2.5268e-18
18108.8195	1.5936e-17	2.5267e-18
18109.4195	1.5949e-17	2.5294e-18
18110.0194	1.5943e-17	2.5065e-18
18110.6194	1.5937e-17	2.4737e-18
18111.2194	1.5929e-17	2.4733e-18
18111.8193	1.5920e-17	2.4662e-18
18112.4193	1.5923e-17	2.4580e-18
18113.0193	1.5942e-17	2.4537e-18
18113.6192	1.5974e-17	2.4496e-18
18114.2192	1.6003e-17	2.4379e-18
18114.8192	1.6017e-17	2.4105e-18
18115.4191	1.6037e-17	2.3919e-18
18116.0191	1.6046e-17	2.3804e-18
18116.6190	1.6009e-17	2.3790e-18
18117.2190	1.5966e-17	2.3787e-18
18117.8190	1.5949e-17	2.3787e-18
18119.6189	1.5947e-17	2.3782e-18
18120.2188	1.5985e-17	2.3774e-18
18120.8188	1.6045e-17	2.3820e-18
18121.4188	1.6090e-17	2.3816e-18
18122.0187	1.6131e-17	2.3954e-18
18122.6187	1.6153e-17	2.4237e-18
18123.2187	1.6153e-17	2.4309e-18
18123.8186	1.6154e-17	2.4315e-18
18124.4186	1.6189e-17	2.4735e-18
18125.0186	1.6244e-17	2.5108e-18
18126.8185	1.6278e-17	2.5434e-18
18127.4184	1.6292e-17	2.5724e-18
18128.0184	1.6308e-17	2.5981e-18
18128.6184	1.6329e-17	2.6208e-18
18129.2183	1.6355e-17	2.6385e-18
18129.8183	1.6372e-17	2.6537e-18
18130.4183	1.6385e-17	2.6667e-18
18131.0182	1.6409e-17	2.6773e-18
18131.6182	1.6437e-17	2.6853e-18
18132.2181	1.6469e-17	2.6908e-18
18132.8181	1.6500e-17	2.6963e-18
18133.4181	1.6555e-17	2.6892e-18
18134.0180	1.6589e-17	2.6783e-18
18134.6180	1.6628e-17	2.6788e-18
18135.2180	1.6658e-17	2.6559e-18
18135.8179	1.6684e-17	2.6501e-18
18136.4179	1.6700e-17	2.6254e-18
18137.0179	1.6711e-17	2.6003e-18
18137.6178	1.6746e-17	2.5751e-18
18138.2178	1.6798e-17	2.5502e-18
18138.8278	1.6826e-17	2.5259e-18
18139.4277	1.6855e-17	2.5021e-18
18140.0277	1.6883e-17	2.4789e-18
18140.6277	1.6891e-17	2.4554e-18
18141.2276	1.6896e-17	2.4327e-18
18141.8276	1.6916e-17	2.4161e-18
18142.4276	1.6924e-17	2.4128e-18
18143.0275	1.6951e-17	2.4553e-18
18143.6275	1.6963e-17	2.4097e-18
18144.2275	1.6981e-17	2.3454e-18
18144.8274	1.6995e-17	2.2529e-18
18145.4274	1.6958e-17	2.2606e-18
18146.0274	1.6929e-17	2.2794e-18
18146.6273	1.6967e-17	2.2602e-18
18147.2273	1.7009e-17	2.2352e-18
18147.8272	1.7036e-17	2.2246e-18
18148.4272	1.7095e-17	2.2042e-18
18149.0272	1.7125e-17	2.1760e-18
18149.6271	1.7117e-17	2.1729e-18
18150.2271	1.7128e-17	2.1359e-18
18150.8271	1.7109e-17	2.0799e-18
18151.4270	1.7089e-17	2.0295e-18
18152.0270	1.7068e-17	1.9763e-18
18153.2269	1.7035e-17	1.9189e-18
18153.8269	1.7005e-17	1.8915e-18
18154.4269	1.6970e-17	1.8922e-18
18155.0268	1.6925e-17	1.8860e-18
18155.6268	1.6905e-17	1.8902e-18
18156.2268	1.6892e-17	1.8976e-18
18156.8267	1.6879e-17	1.9047e-18
18157.4267	1.6867e-17	1.9142e-18
18158.0267	1.6856e-17	1.9015e-18
18158.6266	1.6847e-17	1.8708e-18
18159.2266	1.6855e-17	1.8737e-18
18159.8266	1.6889e-17	1.8937e-18
18160.4265	1.6933e-17	1.9110e-18
18161.0265	1.6969e-17	1.9283e-18
18161.6265	1.6994e-17	1.9540e-18
18162.2264	1.6997e-17	2.0517e-18
18162.8264	1.6989e-17	2.0819e-18
18163.4263	1.6997e-17	2.0897e-18
18164.0263	1.7022e-17	2.0896e-18
18164.6263	1.7049e-17	2.0927e-18
18165.2262	1.7070e-17	2.0904e-18
18165.8262	1.7087e-17	2.0903e-18
18166.4262	1.7100e-17	2.0930e-18
18167.0261	1.7102e-17	2.0958e-18
18167.6261	1.7108e-17	2.0930e-18
18168.2261	1.7133e-17	2.0916e-18
18168.8260	1.7171e-17	2.0934e-18
18169.4260	1.7202e-17	2.0962e-18
18170.0260	1.7202e-17	2.1202e-18
18170.6259	1.7203e-17	2.1424e-18
18171.2259	1.7204e-17	2.1353e-18
18171.8259	1.7196e-17	2.1138e-18
18172.4258	1.7200e-17	2.1413e-18
18173.0258	1.7206e-17	2.1600e-18
18173.6258	1.7220e-17	2.1967e-18
18174.2257	1.7225e-17	2.1971e-18
18174.8257	1.7268e-17	2.2042e-18
18175.4257	1.7335e-17	2.2182e-18
18176.0256	1.7394e-17	2.2389e-18
18176.6256	1.7424e-17	2.3064e-18
18177.2256	1.7444e-17	2.3794e-18
18177.8255	1.7460e-17	2.4593e-18
18178.4255	1.7467e-17	2.5435e-18
18179.0254	1.7471e-17	2.6316e-18
18179.6254	1.7467e-17	2.7231e-18
18180.2254	1.7456e-17	2.7992e-18
18180.8253	1.7440e-17	2.8016e-18
18181.4253	1.7413e-17	2.8065e-18
18182.0253	1.7382e-17	2.8034e-18
18182.6252	1.7351e-17	2.8035e-18
18183.2252	1.7324e-17	2.8586e-18
18183.8252	1.7299e-17	3.0809e-18
18184.4351	1.7280e-17	3.1208e-18
18185.0351	1.7256e-17	3.1193e-18
18185.6351	1.7200e-17	3.1207e-18
18186.2350	1.7119e-17	3.1215e-18
18186.8350	1.7064e-17	3.1217e-18
18187.4350	1.7053e-17	3.1215e-18
18188.0349	1.7033e-17	3.1215e-18
18188.6349	1.7013e-17	3.1229e-18
18189.2349	1.6991e-17	3.1252e-18
18189.8348	1.6953e-17	3.1288e-18
18190.4348	1.6909e-17	3.1317e-18
18191.0348	1.6857e-17	3.1285e-18
18191.6347	1.6807e-17	3.0952e-18
18192.2347	1.6759e-17	3.0665e-18
18192.8347	1.6714e-17	3.0421e-18
18193.4346	1.6671e-17	3.1060e-18
18194.0346	1.6630e-17	3.2217e-18
18194.6346	1.6582e-17	3.2616e-18
18195.2345	1.6542e-17	3.3115e-18
18195.8345	1.6505e-17	3.3195e-18
18196.4344	1.6469e-17	3.3306e-18
18197.0344	1.6437e-17	3.3338e-18
18197.6344	1.6416e-17	3.3352e-18
18198.2343	1.6398e-17	3.3349e-18
18198.8343	1.6374e-17	3.3369e-18
18199.4343	1.6338e-17	3.3422e-18
18206.0339	1.6298e-17	3.3484e-18
18206.6339	1.6254e-17	3.3486e-18
18207.2338	1.6206e-17	3.3506e-18
18207.8338	1.6155e-17	3.3525e-18
18208.4338	1.6093e-17	3.3494e-18
18209.0337	1.6028e-17	3.3476e-18
18209.6337	1.5962e-17	3.3473e-18
18210.2337	1.5894e-17	3.3531e-18
18210.8336	1.5860e-17	3.3639e-18
18211.4336	1.5838e-17	3.3623e-18
18212.0336	1.5807e-17	3.3544e-18
18212.6335	1.5774e-17	3.3476e-18
18213.2335	1.5766e-17	3.3412e-18
18213.8334	1.5751e-17	3.3283e-18
18214.4334	1.5739e-17	3.3129e-18
18215.0334	1.5758e-17	3.2958e-18
18215.6333	1.5779e-17	3.2766e-18
18216.2333	1.5791e-17	3.2038e-18
18216.8333	1.5786e-17	3.1748e-18
18217.4332	1.5788e-17	3.1648e-18
18219.2331	1.5795e-17	3.1636e-18
18219.8331	1.5808e-17	3.1634e-18
18220.4331	1.5827e-17	3.1628e-18
18221.0330	1.5850e-17	3.1630e-18
18221.6330	1.5878e-17	3.1651e-18
18222.2330	1.5906e-17	3.1688e-18
18222.8329	1.5935e-17	3.1756e-18
18223.4329	1.5965e-17	3.1727e-18
18224.0329	1.5996e-17	3.1746e-18
18224.6328	1.6049e-17	3.1817e-18
18225.2328	1.6031e-17	3.1793e-18
18225.8328	1.6087e-17	3.1677e-18
18226.4327	1.6124e-17	3.1681e-18
18227.0327	1.6130e-17	3.2996e-18
18227.6327	1.6130e-17	3.3532e-18
18228.2326	1.6131e-17	3.3748e-18
18228.8326	1.6144e-17	3.3751e-18
18229.4326	1.6136e-17	3.3532e-18
18230.0425	1.6127e-17	3.4848e-18
18230.6425	1.6157e-17	3.5426e-18
18231.2424	1.6197e-17	3.5134e-18
18231.8424	1.6247e-17	3.4574e-18
18232.4424	1.6294e-17	3.4044e-18
18233.0423	1.6287e-17	3.3446e-18
18233.6423	1.6280e-17	3.2777e-18
18234.2423	1.6286e-17	3.2021e-18
18234.8422	1.6294e-17	3.1165e-18
18235.4422	1.6278e-17	3.0475e-18
18236.0422	1.6277e-17	3.0601e-18
18236.6421	1.6310e-17	3.0910e-18
18237.2421	1.6329e-17	3.1192e-18
18237.8421	1.6359e-17	3.1621e-18
18238.4420	1.6422e-17	3.1772e-18
18239.0420	1.6484e-17	3.0551e-18
18239.6420	1.6493e-17	3.0861e-18
18240.2419	1.6491e-17	3.0945e-18
18240.8419	1.6544e-17	3.1028e-18
18241.4419	1.6592e-17	3.1361e-18
18242.0418	1.6643e-17	3.1536e-18
18242.6418	1.6696e-17	3.1578e-18
18243.2418	1.6741e-17	3.1692e-18
18243.8417	1.6782e-17	3.2047e-18
18244.4417	1.6822e-17	3.2034e-18
18245.0417	1.6847e-17	3.1966e-18
18245.6416	1.6869e-17	3.1921e-18
18246.2416	1.6896e-17	3.1805e-18
18246.8416	1.6922e-17	3.1640e-18
18247.4415	1.6943e-17	3.1419e-18
18248.0415	1.6964e-17	3.1366e-18
18248.6414	1.6970e-17	3.0882e-18
18249.2414	1.6982e-17	3.0038e-18
18249.8414	1.7007e-17	3.0244e-18
18250.4413	1.7031e-17	3.0272e-18
18251.0413	1.7046e-17	3.0218e-18
18251.6413	1.7062e-17	3.0012e-18
18252.2412	1.7106e-17	2.9913e-18
18252.8412	1.7159e-17	3.0214e-18
18253.4412	1.7208e-17	3.0300e-18
18254.0411	1.7245e-17	3.0313e-18
18254.6411	1.7263e-17	3.0549e-18
18255.2411	1.7282e-17	3.0735e-18
18255.8410	1.7302e-17	3.2368e-18
18256.4410	1.7329e-17	3.4635e-18
18257.0410	1.7403e-17	3.6552e-18
18257.6409	1.7467e-17	3.7651e-18
18258.2409	1.7517e-17	3.8458e-18
18260.6408	1.7554e-17	3.8987e-18
18261.2407	1.7527e-17	3.9262e-18
18261.8407	1.7491e-17	3.9339e-18
18262.4407	1.7574e-17	3.9412e-18
18263.6406	1.7645e-17	3.9474e-18
18264.2406	1.7704e-17	3.9482e-18
18264.8405	1.7752e-17	3.9451e-18
18265.4405	1.7791e-17	3.9447e-18
18266.0405	1.7820e-17	3.9450e-18
18266.6404	1.7827e-17	3.9459e-18
18267.2404	1.7812e-17	3.9453e-18
18267.8403	1.7794e-17	3.9502e-18
18268.4403	1.7756e-17	3.9506e-18
18269.0403	1.7717e-17	3.9770e-18
18269.6402	1.7676e-17	4.0292e-18
18270.2402	1.7634e-17	4.0299e-18
18270.8402	1.7607e-17	4.0421e-18
18271.4401	1.7614e-17	4.0406e-18
18272.0401	1.7606e-17	4.0377e-18
18272.6401	1.7597e-17	4.0362e-18
18273.2400	1.7636e-17	4.0322e-18
18273.8400	1.7698e-17	4.0321e-18
18274.4400	1.7765e-17	4.0315e-18
18275.0399	1.7828e-17	4.0221e-18
18275.6499	1.7890e-17	4.0177e-18
18276.2499	1.7961e-17	4.0176e-18
18276.8498	1.8029e-17	4.0179e-18
18277.4498	1.8096e-17	3.9139e-18
18278.0498	1.8160e-17	3.8364e-18
18278.6497	1.8196e-17	3.8021e-18
18279.2497	1.8234e-17	3.7837e-18
18279.8497	1.8273e-17	3.7881e-18
18280.4496	1.8305e-17	3.6531e-18
18281.0496	1.8334e-17	3.5889e-18
18281.6496	1.8380e-17	3.6017e-18
18282.2495	1.8425e-17	3.6061e-18
18282.8495	1.8582e-17	3.5957e-18
18283.4495	1.8943e-17	3.5798e-18
18284.0494	1.9381e-17	3.5592e-18
18284.6494	1.9888e-17	3.5357e-18
18285.2493	2.0324e-17	3.5110e-18
18285.8493	2.0683e-17	3.4930e-18
18286.4493	2.0973e-17	3.4822e-18
18287.0492	2.1166e-17	3.4798e-18
18287.6492	2.1302e-17	3.4848e-18
18288.2492	2.1385e-17	3.4209e-18
18288.8491	2.1419e-17	3.3572e-18
18289.4491	2.1407e-17	3.2755e-18
18290.0491	2.1254e-17	3.1823e-18
18290.6490	2.1072e-17	3.1490e-18
18291.2490	2.0863e-17	3.1538e-18
18291.8490	2.0631e-17	3.1419e-18
18292.4489	2.0412e-17	3.1551e-18
18293.0489	2.0212e-17	3.1995e-18
18293.6489	2.0012e-17	3.1708e-18
18294.2488	1.9810e-17	3.0966e-18
18294.8488	1.9610e-17	3.0718e-18
18295.4488	1.9440e-17	3.0715e-18
18296.0487	1.9265e-17	3.0714e-18
18296.6487	1.9127e-17	3.0715e-18
18297.2487	1.8979e-17	3.0723e-18
18297.8486	1.8918e-17	3.0724e-18
18298.4486	1.8857e-17	3.0523e-18
18299.0486	1.8793e-17	3.0412e-18
18300.8485	1.8716e-17	3.0425e-18
18301.4484	1.8628e-17	3.0176e-18
18302.0484	1.8529e-17	2.9999e-18
18302.6484	1.8423e-17	2.9927e-18
18303.2483	1.8276e-17	2.9881e-18
18303.8483	1.8136e-17	2.9809e-18
18304.4483	1.7971e-17	2.9001e-18
18305.0482	1.7814e-17	2.8549e-18
18305.6482	1.7632e-17	2.8346e-18
18306.2481	1.7532e-17	2.8323e-18
18306.8481	1.7380e-17	2.8379e-18
18307.4481	1.7262e-17	2.7324e-18
18308.0480	1.7186e-17	2.5262e-18
18308.6480	1.7106e-17	2.3163e-18
18309.2480	1.7044e-17	2.1836e-18
18309.8479	1.6983e-17	2.0795e-18
18311.6478	1.6913e-17	2.0128e-18
18312.2478	1.6862e-17	1.9695e-18
18312.8478	1.6784e-17	1.9382e-18
18313.4477	1.6689e-17	1.9260e-18
18314.0477	1.6686e-17	2.0257e-18
18314.6477	1.6687e-17	2.0957e-18
18315.2476	1.6667e-17	2.0952e-18
18315.8476	1.6699e-17	2.1051e-18
18316.4476	1.6698e-17	2.1110e-18
18317.0475	1.6729e-17	2.1186e-18
18317.6475	1.6778e-17	2.1183e-18
18318.2475	1.6841e-17	2.2640e-18
18318.8474	1.6943e-17	2.4322e-18
18319.4474	1.7021e-17	2.4059e-18
18320.0474	1.7054e-17	2.3229e-18
18320.6473	1.7049e-17	2.3253e-18
18321.2573	1.7093e-17	2.3111e-18
18321.8573	1.7160e-17	2.3118e-18
18322.4572	1.7206e-17	2.3117e-18
18323.0572	1.7289e-17	2.3140e-18
18323.6572	1.7373e-17	2.3369e-18
18324.8571	1.7442e-17	2.3680e-18
18325.4570	1.7513e-17	2.4089e-18
18326.0570	1.7588e-17	2.4601e-18
18326.6570	1.7673e-17	2.5224e-18
18327.2569	1.7799e-17	2.5764e-18
18327.8569	1.7944e-17	2.7236e-18
18328.4569	1.8067e-17	2.8615e-18
18329.0568	1.8179e-17	2.9905e-18
18329.6568	1.8281e-17	3.1110e-18
18330.2568	1.8357e-17	3.2174e-18
18330.8567	1.8447e-17	3.3069e-18
18331.4567	1.8552e-17	3.3801e-18
18332.0567	1.8659e-17	3.4296e-18
18332.6566	1.8780e-17	3.4799e-18
18333.2566	1.8911e-17	3.5230e-18
18333.8566	1.9049e-17	3.5652e-18
18334.4565	1.9176e-17	3.6070e-18
18335.0565	1.9308e-17	3.6485e-18
18335.6565	1.9442e-17	3.6720e-18
18336.2564	1.9570e-17	3.7100e-18
18336.8564	1.9687e-17	3.7262e-18
18337.4564	1.9829e-17	3.7168e-18
18338.0563	2.0029e-17	3.6960e-18
18338.6563	2.0206e-17	3.8845e-18
18339.2563	2.0398e-17	4.1765e-18
18339.8562	2.0615e-17	4.2260e-18
18340.4562	2.0766e-17	4.2635e-18
18341.0562	2.0874e-17	4.2844e-18
18341.6561	2.0926e-17	4.2887e-18
18342.2561	2.1002e-17	4.2916e-18
18342.8561	2.1068e-17	4.2867e-18
18343.4560	2.1190e-17	4.2710e-18
18344.0560	2.1337e-17	4.2831e-18
18344.6560	2.1490e-17	4.3678e-18
18345.2559	2.1648e-17	4.5827e-18
18345.8559	2.1804e-17	4.8243e-18
18346.4559	2.1970e-17	5.0908e-18
18347.6558	2.2137e-17	5.3790e-18
18350.6556	2.2324e-17	5.5835e-18
18351.2556	2.2504e-17	5.6408e-18
18351.8555	2.2708e-17	5.7482e-18
18352.4555	2.2910e-17	5.8784e-18
18353.0555	2.3121e-17	5.8699e-18
18353.6554	2.3313e-17	5.8375e-18
18354.2554	2.3440e-17	5.8138e-18
18354.8554	2.3570e-17	5.7967e-18
18355.4553	2.3674e-17	5.7765e-18
18356.0553	2.3758e-17	5.7422e-18
18357.8552	2.3873e-17	5.7122e-18
18358.4552	2.3969e-17	5.6854e-18
18360.2551	2.3984e-17	5.6547e-18
18360.8550	2.3946e-17	5.6350e-18
18361.4550	2.3912e-17	5.6004e-18
18363.8549	2.3821e-17	5.6043e-18
18364.4548	2.3732e-17	5.6150e-18
18365.0548	2.3666e-17	5.6094e-18
18365.6548	2.3652e-17	5.5849e-18
18366.2547	2.3626e-17	5.5432e-18
18366.8547	2.3668e-17	5.8401e-18
18367.4647	2.3705e-17	8.5414e-18
18368.0646	2.3685e-17	1.1930e-17
18368.6646	2.3591e-17	1.5822e-17
18369.2645	2.3571e-17	1.8505e-17
18369.8645	2.3609e-17	2.0486e-17
18370.4645	2.3616e-17	2.1991e-17
18371.0644	2.3661e-17	2.2950e-17
18371.6644	2.3743e-17	2.3672e-17
18372.2644	2.3830e-17	2.4202e-17
18372.8643	2.3919e-17	2.4584e-17
18373.4643	2.4024e-17	2.4843e-17
18375.2642	2.4107e-17	2.4829e-17
18377.0641	2.4141e-17	2.4796e-17
18377.6641	2.4139e-17	2.4802e-17
18379.4640	2.4123e-17	2.4830e-17
18380.0639	2.4171e-17	2.4859e-17
18380.6639	2.4246e-17	2.4896e-17
18381.2639	2.4316e-17	2.4932e-17
18381.8638	2.4361e-17	2.4974e-17
18382.4638	2.4409e-17	2.5014e-17
18383.0638	2.4538e-17	2.5024e-17
18383.6637	2.4683e-17	2.5051e-17
18384.2637	2.4743e-17	2.5052e-17
18384.8637	2.4745e-17	2.5061e-17
18385.4636	2.4918e-17	2.5053e-17
18386.0636	2.4960e-17	2.5040e-17
18386.6636	2.5079e-17	2.5010e-17
18387.2635	2.5226e-17	2.4977e-17
18387.8635	2.5319e-17	2.4945e-17
18388.4635	2.5368e-17	2.4914e-17
18389.0634	2.5389e-17	2.4887e-17
18389.6634	2.5500e-17	2.4919e-17
18390.2634	2.5609e-17	2.4965e-17
18390.8633	2.5676e-17	2.5025e-17
18391.4633	2.5797e-17	2.5101e-17
18392.0633	2.5901e-17	2.5250e-17
18392.6632	2.5984e-17	2.5273e-17
18393.2632	2.6043e-17	2.5394e-17
18393.8631	2.6092e-17	2.5470e-17
18395.0631	2.6126e-17	2.5499e-17
18395.6630	2.6155e-17	2.5544e-17
18396.2630	2.6181e-17	2.5572e-17
18396.8630	2.6211e-17	2.5599e-17
18397.4629	2.6246e-17	2.5635e-17
18398.0629	2.6275e-17	2.5602e-17
18399.2628	2.6296e-17	2.5580e-17
18399.8628	2.6321e-17	2.5666e-17
18400.4628	2.6371e-17	2.5678e-17
18401.0627	2.6411e-17	2.5712e-17
18401.6627	2.6426e-17	2.5755e-17
18404.0626	2.6482e-17	2.5766e-17
18404.6625	2.6526e-17	2.5841e-17
18405.2625	2.6558e-17	2.5922e-17
18405.8625	2.6543e-17	2.5934e-17
18406.4624	2.6577e-17	2.5910e-17
18407.0624	2.6637e-17	2.5850e-17
18407.6624	2.6706e-17	2.5784e-17
18408.2623	2.6747e-17	2.5744e-17
18408.8623	2.6764e-17	2.5756e-17
18409.4623	2.6795e-17	2.5719e-17
18410.0622	2.6823e-17	2.5696e-17
18410.6622	2.6852e-17	2.5675e-17
18411.2622	2.6879e-17	2.5611e-17
18411.8621	2.6902e-17	2.5595e-17
18412.4621	2.6922e-17	2.5601e-17
18413.0721	2.6939e-17	2.5599e-17
18413.6720	2.6945e-17	2.5590e-17
18414.2720	2.6942e-17	2.5579e-17
18414.8720	2.6925e-17	2.5579e-17
18415.4719	2.6879e-17	2.5575e-17
18419.6717	2.6828e-17	2.5574e-17
18420.2716	2.6768e-17	2.5592e-17
18420.8716	2.6700e-17	2.5596e-17
18421.4716	2.6612e-17	2.5601e-17
18423.8714	2.6519e-17	2.5594e-17
18424.4714	2.6415e-17	2.5575e-17
18425.0714	2.6364e-17	2.5547e-17
18425.6713	2.6365e-17	2.5534e-17
18426.2713	2.6341e-17	2.5523e-17
18426.8713	2.6293e-17	2.5506e-17
18427.4712	2.6237e-17	2.4912e-17
18428.0712	2.6178e-17	2.3672e-17
18428.6712	2.6133e-17	2.1426e-17
18429.2711	2.6114e-17	1.9199e-17
18429.8711	2.6108e-17	1.6983e-17
18430.4711	2.6117e-17	1.4765e-17
18431.0710	2.6122e-17	1.2993e-17
18431.6710	2.6114e-17	1.1273e-17
18432.2710	2.6063e-17	9.7164e-18
18432.8709	2.6034e-17	8.4976e-18
18433.4709	2.6016e-17	7.2540e-18
18434.0709	2.5984e-17	7.0200e-18
18434.6708	2.5970e-17	6.9177e-18
18435.2708	2.5946e-17	6.8904e-18
18435.8708	2.5909e-17	6.9039e-18
18436.4707	2.5836e-17	6.9315e-18
18437.0707	2.5793e-17	7.0506e-18
18437.6707	2.5772e-17	7.1894e-18
18438.2706	2.5720e-17	7.3417e-18
18438.8706	2.5580e-17	7.5134e-18
18439.4706	2.5532e-17	7.7846e-18
18440.0705	2.5590e-17	8.0680e-18
18440.6705	2.5588e-17	8.5368e-18
18441.2705	2.5519e-17	9.0156e-18
18441.8704	2.5448e-17	9.4859e-18
18442.4704	2.5375e-17	9.9993e-18
18443.0704	2.5300e-17	1.0731e-17
18443.6703	2.5222e-17	1.1346e-17
18444.2703	2.5143e-17	1.1737e-17
18444.8702	2.5060e-17	1.2063e-17
18445.4702	2.4975e-17	1.2331e-17
18446.0702	2.4889e-17	1.2496e-17
18446.6701	2.4802e-17	1.2594e-17
18447.2701	2.4714e-17	1.2628e-17
18447.8701	2.4625e-17	1.2601e-17
18448.4700	2.4467e-17	1.2362e-17
18449.0700	2.4455e-17	1.2315e-17
18449.6700	2.4381e-17	1.2105e-17
18450.2699	2.4203e-17	1.1971e-17
18450.8699	2.4153e-17	1.1946e-17
18451.4699	2.4159e-17	1.1892e-17
18452.0698	2.4055e-17	1.1869e-17
18452.6698	2.3943e-17	1.1859e-17
18453.2698	2.3864e-17	1.1817e-17
18453.8697	2.3800e-17	1.1805e-17
18454.4697	2.3724e-17	1.1942e-17
18455.0697	2.3657e-17	1.1849e-17
18455.6696	2.3589e-17	1.1835e-17
18456.2696	2.3496e-17	1.1822e-17
18456.8696	2.3431e-17	1.1755e-17
18457.4695	2.3355e-17	1.1738e-17
18458.0695	2.3242e-17	1.1588e-17
18458.6795	2.3144e-17	1.1394e-17
18459.2794	2.3099e-17	1.1314e-17
18459.8794	2.3062e-17	1.1296e-17
18460.4794	2.2959e-17	1.1303e-17
18461.0793	2.2873e-17	1.1329e-17
18461.6793	2.2830e-17	1.1326e-17
18462.2793	2.2739e-17	1.1094e-17
18464.0792	2.2670e-17	1.1003e-17
18464.6791	2.2533e-17	1.0999e-17
18467.6790	2.2391e-17	1.0979e-17
18468.2789	2.2252e-17	1.1002e-17
18470.0788	2.2133e-17	1.0994e-17
18470.6788	2.2069e-17	1.0978e-17
18473.6786	2.1988e-17	1.0970e-17
18474.2786	2.1929e-17	1.1157e-17
18476.0785	2.1867e-17	1.1159e-17
18476.6784	2.1822e-17	1.1250e-17
18477.2784	2.1777e-17	1.1224e-17
18477.8784	2.1731e-17	1.1234e-17
18478.4783	2.1686e-17	1.1151e-17
18479.0783	2.1635e-17	1.1162e-17
18479.6783	2.1585e-17	1.1265e-17
18482.6781	2.1536e-17	1.1212e-17
18483.2781	2.1487e-17	1.1211e-17
18483.8780	2.1440e-17	1.1301e-17
18484.4780	2.1394e-17	1.1279e-17
18485.6779	2.1350e-17	1.1261e-17
18486.2779	2.1309e-17	1.1276e-17
18486.8779	2.1271e-17	1.1268e-17
18487.4778	2.1230e-17	1.1258e-17
18488.0778	2.1143e-17	1.1263e-17
18488.6778	2.1064e-17	1.1275e-17
18489.2777	2.1001e-17	1.1276e-17
18490.4777	2.0952e-17	1.1294e-17
18491.0776	2.0975e-17	1.1297e-17
18491.6776	2.1023e-17	1.1317e-17
18492.2776	2.0956e-17	1.1325e-17
18492.8775	2.0898e-17	1.1239e-17
18493.4775	2.0849e-17	1.1228e-17
18494.0775	2.0809e-17	1.1229e-17
18494.6774	2.0779e-17	1.1162e-17
18495.2774	2.0756e-17	1.1111e-17
18495.8774	2.0760e-17	1.1025e-17
18496.4773	2.0809e-17	1.1021e-17
18497.0773	2.0874e-17	1.1044e-17
18497.6773	2.0969e-17	1.1032e-17
18498.2772	2.1088e-17	1.1012e-17
18498.8772	2.1223e-17	1.0982e-17
18499.4772	2.1356e-17	1.0915e-17
18500.0771	2.1485e-17	1.0828e-17
18500.6771	2.1611e-17	1.0632e-17
18501.2771	2.1761e-17	1.0399e-17
18501.8770	2.1924e-17	1.0063e-17
18503.0769	2.2062e-17	9.6721e-18
18503.6769	2.2210e-17	9.0262e-18
18504.2869	2.2375e-17	8.4134e-18
18504.8868	2.2541e-17	8.0065e-18
18505.4868	2.2712e-17	7.6359e-18
18506.0868	2.2873e-17	7.3037e-18
18506.6867	2.3045e-17	7.0023e-18
18507.2867	2.3227e-17	6.7351e-18
18507.8867	2.3413e-17	6.5136e-18
18508.4866	2.3615e-17	6.3387e-18
18509.0866	2.3827e-17	6.3369e-18
18509.6866	2.4051e-17	6.3661e-18
18510.2865	2.4289e-17	6.4115e-18
18510.8865	2.4545e-17	6.4690e-18
18511.4865	2.4795e-17	6.4349e-18
18512.0864	2.5076e-17	6.5027e-18
18512.6864	2.5206e-17	6.5198e-18
18513.2864	2.5098e-17	6.4513e-18
18513.8863	2.4868e-17	6.4017e-18
18514.4863	2.4505e-17	6.3974e-18
18515.0863	2.4161e-17	6.0582e-18
18515.6862	2.3810e-17	5.9826e-18
18516.2862	2.3445e-17	5.9858e-18
18516.8862	2.3107e-17	5.9479e-18
18517.4861	2.2783e-17	5.9470e-18
18518.0861	2.2450e-17	5.9612e-18
18518.6861	2.2150e-17	5.9484e-18
18519.2860	2.1875e-17	5.9469e-18
18519.8860	2.1739e-17	5.9423e-18
18520.4860	2.1623e-17	5.9359e-18
18521.0859	2.1531e-17	5.9527e-18
18521.6859	2.1466e-17	5.9343e-18
18522.2859	2.1394e-17	5.8459e-18
18522.8858	2.1319e-17	5.8446e-18
18523.4858	2.1241e-17	5.8588e-18
18524.0858	2.1165e-17	5.8426e-18
18526.4856	2.1088e-17	5.7454e-18
18527.0856	2.0977e-17	5.9426e-18
18530.0854	2.0883e-17	5.8826e-18
18530.6854	2.0758e-17	6.2254e-18
18531.2854	2.0645e-17	6.3472e-18
18531.8853	2.0459e-17	6.0356e-18
18532.4853	2.0332e-17	5.9423e-18
18533.0853	2.0205e-17	5.7721e-18
18533.6852	2.0036e-17	5.7597e-18
18534.8852	1.9835e-17	5.5920e-18
18537.2850	1.9639e-17	5.5809e-18
18537.8850	1.9449e-17	5.4752e-18
18538.4849	1.9350e-17	5.1936e-18
18539.0849	1.9278e-17	5.1928e-18
18540.2848	1.9224e-17	5.1503e-18
18540.8848	1.9175e-17	4.9412e-18
18541.4848	1.9175e-17	4.9340e-18
18543.2847	1.9096e-17	5.1268e-18
18543.8846	1.9084e-17	5.2129e-18
18544.4846	1.9069e-17	5.1988e-18
18545.0846	1.9027e-17	5.5120e-18
18545.6845	1.8992e-17	5.5131e-18
18546.2845	1.8926e-17	5.7447e-18
18546.8845	1.8837e-17	5.7150e-18
18547.4844	1.8774e-17	5.7313e-18
18548.0844	1.8704e-17	5.7141e-18
18548.6844	1.8666e-17	5.6990e-18
18549.2843	1.8665e-17	5.6603e-18
18549.8943	1.8600e-17	5.6452e-18
18550.4943	1.8561e-17	5.6530e-18
18551.0942	1.8536e-17	5.6567e-18
18551.6942	1.8471e-17	5.6268e-18
18552.2942	1.8476e-17	5.6225e-18
18552.8941	1.8490e-17	5.6335e-18
18553.4941	1.8459e-17	5.6361e-18
18554.0941	1.8398e-17	5.5959e-18
18554.6940	1.8327e-17	5.5936e-18
18555.2940	1.8294e-17	5.5926e-18
18555.8940	1.8315e-17	5.5887e-18
18556.4939	1.8381e-17	5.6715e-18
18557.0939	1.8410e-17	5.6638e-18
18557.6939	1.8387e-17	5.6671e-18
18558.2938	1.8363e-17	5.7235e-18
18558.8938	1.8305e-17	5.8006e-18
18559.4938	1.8242e-17	5.9131e-18
18560.0937	1.8194e-17	5.9657e-18
18560.6937	1.8241e-17	5.9169e-18
18561.2937	1.8278e-17	5.8840e-18
18562.4936	1.8309e-17	5.8482e-18
18563.0936	1.8331e-17	5.8353e-18
18564.8935	1.8349e-17	5.8559e-18
18566.0934	1.8376e-17	5.9006e-18
18566.6934	1.8420e-17	5.9581e-18
18567.2933	1.8461e-17	6.0178e-18
18567.8933	1.8481e-17	6.0967e-18
18568.4933	1.8498e-17	6.1452e-18
18569.0932	1.8502e-17	6.1707e-18
18569.6932	1.8512e-17	6.1734e-18
18570.2932	1.8524e-17	6.2419e-18
18570.8931	1.8576e-17	6.2234e-18
18571.4931	1.8652e-17	6.2449e-18
18572.0931	1.8737e-17	6.2777e-18
18572.6930	1.8825e-17	6.2973e-18
18574.4929	1.8899e-17	6.3016e-18
18575.0929	1.8938e-17	6.3053e-18
18575.6928	1.8987e-17	6.3076e-18
18576.2928	1.9066e-17	6.3047e-18
18576.8928	1.9048e-17	6.2924e-18
18577.4927	1.9088e-17	6.2935e-18
18578.0927	1.9160e-17	6.2753e-18
18578.6927	1.9170e-17	6.2904e-18
18579.2926	1.9256e-17	6.3035e-18
18579.8926	1.9384e-17	6.3114e-18
18580.4926	1.9439e-17	6.3444e-18
18581.0925	1.9525e-17	6.3778e-18
18581.6925	1.9716e-17	6.4123e-18
18582.2925	2.0126e-17	6.4464e-18
18582.8924	2.0351e-17	6.5693e-18
18583.4924	2.0507e-17	6.6930e-18
18584.0924	2.0979e-17	6.8161e-18
18584.6923	2.1780e-17	7.0020e-18
18585.2923	2.2050e-17	6.9752e-18
18585.8923	2.2006e-17	7.0775e-18
18586.4922	2.2071e-17	6.7820e-18
18587.0922	2.2364e-17	6.7860e-18
18587.6922	2.2850e-17	6.9257e-18
18588.2921	2.3517e-17	7.0433e-18
18588.8921	2.4835e-17	7.1791e-18
18589.4921	2.6265e-17	7.3943e-18
18590.0920	2.7442e-17	7.6136e-18
18590.6920	2.8360e-17	7.7822e-18
18591.8919	2.9036e-17	7.9371e-18
18592.4919	2.9369e-17	8.0797e-18
18596.1017	2.9501e-17	8.2094e-18
18596.7017	2.9100e-17	8.3252e-18
18597.3016	2.8557e-17	8.4271e-18
18599.1015	2.7700e-17	8.5170e-18
18599.7015	2.6750e-17	8.4550e-18
18600.9014	2.5717e-17	8.4753e-18
18601.5014	2.4613e-17	8.5372e-18
18602.7013	2.3460e-17	8.3400e-18
18603.3013	2.2310e-17	8.3817e-18
18603.9013	2.1257e-17	8.3570e-18
18604.5012	2.0202e-17	8.3457e-18
18605.1012	1.9272e-17	8.2918e-18
18605.7012	1.8366e-17	8.2930e-18
18607.5011	1.7535e-17	8.3126e-18
18608.1010	1.6684e-17	8.3644e-18
18608.7010	1.5807e-17	8.3862e-18
18609.3010	1.5134e-17	8.3830e-18
18609.9009	1.4568e-17	8.3706e-18
18610.5009	1.3816e-17	8.3754e-18
18611.1009	1.3116e-17	8.3694e-18
18611.7008	1.2468e-17	8.3483e-18
18612.3008	1.1857e-17	8.3458e-18
18612.9008	1.1300e-17	8.3687e-18
18613.5007	1.0816e-17	8.3794e-18
18614.1007	1.0406e-17	8.3736e-18
18614.7007	1.0069e-17	8.3753e-18
18615.3006	9.7338e-18	8.3515e-18
18615.9006	9.4402e-18	8.3485e-18
18616.5006	9.2526e-18	8.3535e-18
18617.1005	9.1205e-18	8.2671e-18
18617.7005	9.0122e-18	8.1516e-18
18618.3005	8.8386e-18	8.0074e-18
18618.9004	8.6646e-18	7.9251e-18
18619.5004	8.5957e-18	7.9870e-18
18620.1003	8.6053e-18	8.0262e-18
18620.7003	8.4797e-18	8.0574e-18
18621.3003	8.4947e-18	7.9974e-18
18621.9002	8.4381e-18	7.9138e-18
18622.5002	8.3473e-18	7.8672e-18
18623.1002	8.3176e-18	7.9313e-18
18623.7001	8.3832e-18	8.0108e-18
18624.3001	8.5070e-18	8.0862e-18
18624.9001	8.5703e-18	8.0651e-18
18625.5000	8.6953e-18	8.0098e-18
18626.1000	8.8949e-18	7.9516e-18
18626.7000	9.0675e-18	7.9463e-18
18627.2999	9.2719e-18	7.9388e-18
18627.8999	9.5262e-18	8.0124e-18
18628.4999	9.7892e-18	8.0977e-18
18629.0998	1.0066e-17	8.1492e-18
18629.6998	1.0375e-17	8.2029e-18
18630.2998	1.0715e-17	8.2653e-18
18630.8997	1.1077e-17	8.4141e-18
18631.4997	1.1455e-17	8.7003e-18
18632.0997	1.1846e-17	8.9491e-18
18632.6996	1.2260e-17	9.1739e-18
18633.2996	1.2700e-17	9.4046e-18
18633.8996	1.3149e-17	9.6115e-18
18634.4995	1.3584e-17	9.8257e-18
18635.0995	1.4040e-17	1.0044e-17
18635.6995	1.4532e-17	1.0258e-17
18636.2994	1.4995e-17	1.0499e-17
18636.8994	1.5477e-17	1.0718e-17
18637.4994	1.5976e-17	1.0971e-17
18638.0993	1.6517e-17	1.1253e-17
18638.6993	1.7025e-17	1.1490e-17
18640.4992	1.7537e-17	1.1643e-17
18641.0992	1.8054e-17	1.1709e-17
18641.7091	1.8584e-17	1.1750e-17
18642.3091	1.9123e-17	1.1842e-17
18643.5090	1.9672e-17	1.1943e-17
18644.1090	2.0228e-17	1.2124e-17
18644.7090	2.0786e-17	1.2428e-17
18645.3089	2.1349e-17	1.2757e-17
18645.9089	2.1931e-17	1.3089e-17
18646.5089	2.2515e-17	1.3386e-17
18647.1088	2.3101e-17	1.3296e-17
18647.7088	2.3695e-17	1.3242e-17
18648.3088	2.4298e-17	1.3198e-17
18648.9087	2.4915e-17	1.3179e-17
18649.5087	2.5584e-17	1.3171e-17
18650.1087	2.6263e-17	1.3176e-17
18650.7086	2.6938e-17	1.3196e-17
18651.3086	2.7648e-17	1.3228e-17
18651.9086	2.8377e-17	1.3373e-17
18652.5085	2.9100e-17	1.3531e-17
18653.1085	2.9760e-17	1.3724e-17
18653.7085	3.0353e-17	1.3929e-17
18654.3084	3.0854e-17	1.4145e-17
18654.9084	3.1437e-17	1.4076e-17
18655.5084	3.2095e-17	1.4079e-17
18656.1083	3.2780e-17	1.4104e-17
18656.7083	3.3463e-17	1.4086e-17
18657.3083	3.4123e-17	1.4075e-17
18657.9082	3.4782e-17	1.4159e-17
18658.5082	3.5438e-17	1.4274e-17
18659.1082	3.6062e-17	1.4261e-17
18659.7081	3.6705e-17	1.4455e-17
18660.3081	3.7326e-17	1.4490e-17
18660.9081	3.7951e-17	1.4409e-17
18661.5080	3.8558e-17	1.4288e-17
18662.1080	3.9155e-17	1.4056e-17
18662.7080	3.9759e-17	1.3727e-17
18663.3079	4.0341e-17	1.3892e-17
18663.9079	4.0899e-17	1.3891e-17
18664.5079	4.1428e-17	1.3641e-17
18665.1078	4.1931e-17	1.3929e-17
18665.7078	4.2393e-17	1.3766e-17
18666.3078	4.2949e-17	1.3554e-17
18666.9077	4.3524e-17	1.5160e-17
18667.5077	4.4159e-17	2.0992e-17
18668.1077	4.4695e-17	2.1658e-17
18668.7076	4.5129e-17	2.1604e-17
18669.3076	4.5582e-17	2.1766e-17
18669.9076	4.6076e-17	2.3225e-17
18671.1075	4.6552e-17	2.6742e-17
18671.7075	4.7024e-17	3.2388e-17
18672.3074	4.7486e-17	4.6823e-17
18673.5074	4.7947e-17	6.0734e-17
18674.1073	4.8384e-17	7.0539e-17
18674.7073	4.8808e-17	7.7911e-17
18675.3073	4.9224e-17	8.3598e-17
18675.9072	4.9631e-17	8.7331e-17
18679.5070	4.9978e-17	9.0206e-17
18680.1070	5.0334e-17	9.1124e-17
18681.3069	5.0690e-17	9.1701e-17
18681.9069	5.1112e-17	9.1732e-17
18682.5068	5.1401e-17	9.1692e-17
18683.1068	5.1743e-17	9.1654e-17
18683.7068	5.2178e-17	9.1686e-17
18684.3067	5.2511e-17	9.1839e-17
18684.9067	5.2764e-17	9.1980e-17
18685.5067	5.3117e-17	9.2093e-17
18686.1066	5.3479e-17	9.2167e-17
18687.3166	5.3801e-17	9.2175e-17
18687.9165	5.4099e-17	9.2255e-17
18688.5165	5.4354e-17	9.2402e-17
18689.1165	5.4582e-17	9.2573e-17
18689.7164	5.4765e-17	9.2779e-17
18690.3164	5.4923e-17	9.2836e-17
18690.9164	5.5040e-17	9.2817e-17
18691.5163	5.5157e-17	9.2972e-17
18692.1163	5.5312e-17	9.3115e-17
18692.7163	5.5482e-17	9.3239e-17
18695.7161	5.5638e-17	9.3338e-17
18696.3161	5.5770e-17	9.3430e-17
18696.9160	5.5881e-17	9.3523e-17
18697.5160	5.5964e-17	9.3616e-17
18698.1160	5.5981e-17	9.3701e-17
18698.7159	5.6026e-17	9.3768e-17
18701.1158	5.6030e-17	9.3824e-17
18702.9157	5.6098e-17	9.3811e-17
18703.5157	5.6175e-17	9.3763e-17
18704.1156	5.6235e-17	9.3700e-17
18704.7156	5.6271e-17	9.3631e-17
18705.3156	5.6246e-17	9.3552e-17
18707.1155	5.6233e-17	9.3559e-17
18707.7154	5.6197e-17	9.3577e-17
18708.3154	5.6136e-17	9.3593e-17
18708.9154	5.6045e-17	9.3610e-17
18709.5153	5.5945e-17	9.3625e-17
18710.7153	5.5849e-17	9.3637e-17
18711.3152	5.5750e-17	9.3655e-17
18713.7151	5.5641e-17	9.3670e-17
18714.3151	5.5534e-17	9.3658e-17
18716.1150	5.5393e-17	9.3642e-17
18716.7149	5.5259e-17	9.3605e-17
18717.3149	5.5119e-17	9.3550e-17
18717.9149	5.4923e-17	9.3478e-17
18718.5148	5.4743e-17	9.3432e-17
18719.1148	5.4582e-17	9.3401e-17
18719.7148	5.4407e-17	9.3365e-17
18720.3147	5.4217e-17	9.3326e-17
18720.9147	5.4011e-17	9.3265e-17
18721.5147	5.3786e-17	9.3141e-17
18722.1146	5.3539e-17	9.3000e-17
18722.7146	5.3275e-17	9.2905e-17
18723.3146	5.2994e-17	9.2744e-17
18723.9145	5.2700e-17	9.2618e-17
18724.5145	5.2393e-17	9.2553e-17
18725.7144	5.2074e-17	9.2470e-17
18726.3144	5.1739e-17	9.2415e-17
18726.9144	5.1392e-17	9.2367e-17
18727.5143	5.1035e-17	9.2134e-17
18728.1143	5.0694e-17	9.1948e-17
18728.7143	5.0381e-17	9.1863e-17
18729.3142	5.0046e-17	9.1931e-17
18729.9142	4.9694e-17	9.1965e-17
18731.1141	4.9325e-17	9.1967e-17
18731.7141	4.8943e-17	9.1971e-17
18736.5238	4.8534e-17	9.1359e-17
18737.1238	4.8123e-17	9.1383e-17
18737.7238	4.7713e-17	9.1369e-17
18738.3237	4.7283e-17	9.1409e-17
18738.9237	4.6858e-17	9.1305e-17
18739.5237	4.6445e-17	9.0739e-17
18741.3236	4.6033e-17	8.9365e-17
18741.9235	4.5566e-17	8.3472e-17
18743.1235	4.5087e-17	7.4505e-17
18743.7234	4.4584e-17	6.5355e-17
18744.3234	4.4061e-17	5.5891e-17
18745.5233	4.3493e-17	4.5870e-17
18746.1233	4.2935e-17	3.6638e-17
18746.7233	4.2398e-17	2.6295e-17
18747.3232	4.1859e-17	2.0649e-17
18747.9232	4.1299e-17	1.5106e-17
18748.5232	4.0752e-17	1.3591e-17
18749.1231	4.0216e-17	1.3103e-17
18750.9230	3.9666e-17	1.3254e-17
18751.5230	3.9111e-17	1.3406e-17
18752.1230	3.8548e-17	1.3370e-17
18753.3229	3.7953e-17	1.3283e-17
18753.9229	3.7413e-17	1.3328e-17
18754.5228	3.6876e-17	1.3574e-17
18755.1228	3.6304e-17	1.3943e-17
18755.7228	3.5712e-17	1.4215e-17
18756.3227	3.5095e-17	1.4268e-17
18756.9227	3.4476e-17	1.4289e-17
18757.5227	3.3869e-17	1.4208e-17
18758.1226	3.3271e-17	1.4435e-17
18758.7226	3.2666e-17	1.4753e-17
18759.3226	3.2079e-17	1.4764e-17
18759.9225	3.1470e-17	1.4717e-17
18760.5225	3.0848e-17	1.4686e-17
18761.1225	3.0205e-17	1.4694e-17
18761.7224	2.9563e-17	1.4730e-17
18762.3224	2.8923e-17	1.4755e-17
18762.9224	2.8282e-17	1.4732e-17
18764.1223	2.7628e-17	1.4673e-17
18764.7223	2.6970e-17	1.4549e-17
18765.3222	2.6329e-17	1.4406e-17
18765.9222	2.5706e-17	1.4650e-17
18767.1221	2.5089e-17	1.4905e-17
18767.7221	2.4492e-17	1.5079e-17
18768.3221	2.3906e-17	1.5225e-17
18768.9220	2.3320e-17	1.5447e-17
18772.5218	2.2740e-17	1.5606e-17
18773.1218	2.2157e-17	1.5692e-17
18773.7218	2.1525e-17	1.5725e-17
18774.3217	2.0885e-17	1.5726e-17
18774.9217	2.0294e-17	1.5693e-17
18775.5217	1.9741e-17	1.5653e-17
18776.1216	1.9205e-17	1.5510e-17
18776.7216	1.8687e-17	1.5312e-17
18777.3215	1.8133e-17	1.5069e-17
18777.9215	1.7583e-17	1.4781e-17
18778.5315	1.7052e-17	1.4418e-17
18779.1314	1.6527e-17	1.4084e-17
18779.7314	1.6003e-17	1.3772e-17
18780.3314	1.5481e-17	1.3529e-17
18780.9313	1.4964e-17	1.3309e-17
18781.5313	1.4463e-17	1.3098e-17
18782.1313	1.3986e-17	1.2898e-17
18782.7312	1.3519e-17	1.2750e-17
18783.3312	1.3033e-17	1.2610e-17
18783.9312	1.2591e-17	1.2478e-17
18784.5311	1.2181e-17	1.2354e-17
18785.1311	1.1779e-17	1.2236e-17
18785.7311	1.1381e-17	1.2156e-17
18786.3310	1.0982e-17	1.1970e-17
18786.9310	1.0597e-17	1.1734e-17
18787.5310	1.0231e-17	1.1496e-17
18788.1309	9.8893e-18	1.1273e-17
18788.7309	9.5682e-18	1.1078e-17
18789.3309	9.2784e-18	1.0892e-17
18789.9308	9.0038e-18	1.0652e-17
18790.5308	8.7604e-18	1.0374e-17
18791.1308	8.5292e-18	1.0086e-17
18791.7307	8.2982e-18	9.8016e-18
18792.3307	8.0680e-18	9.5205e-18
18792.9307	7.8494e-18	9.2364e-18
18793.5306	7.6507e-18	9.0011e-18
18794.1306	7.4693e-18	8.8029e-18
18794.7306	7.3394e-18	8.6602e-18
18795.3305	7.2587e-18	8.5328e-18
18795.9305	7.2102e-18	8.4212e-18
18796.5305	7.1963e-18	8.4246e-18
18797.1304	7.2199e-18	8.5276e-18
18797.7304	7.1754e-18	8.6495e-18
18798.3304	7.1758e-18	8.7684e-18
18798.9303	7.2050e-18	8.8439e-18
18799.5303	7.2629e-18	8.9494e-18
18800.1303	7.3458e-18	9.1003e-18
18800.7302	7.4713e-18	9.2409e-18
18801.3302	7.6147e-18	9.3181e-18
18801.9302	7.7826e-18	9.3556e-18
18803.1301	8.0329e-18	9.3795e-18
18803.7301	8.3352e-18	9.3642e-18
18804.3300	8.7006e-18	9.3850e-18
18804.9300	9.0516e-18	9.3562e-18
18805.5300	9.3711e-18	9.2698e-18
18806.1299	9.7007e-18	9.1112e-18
18808.5298	1.0089e-17	9.0899e-18
18809.1298	1.0562e-17	9.0924e-18
18809.7297	1.1075e-17	9.0858e-18
18810.3297	1.1658e-17	9.0861e-18
18810.9297	1.2341e-17	9.0949e-18
18811.5296	1.2993e-17	9.0998e-18
18812.1296	1.3594e-17	9.1016e-18
18812.7296	1.4454e-17	9.1263e-18
18813.3295	1.5201e-17	9.1415e-18
18813.9295	1.5972e-17	9.1453e-18
18814.5295	1.6795e-17	9.1797e-18
18815.1294	1.7643e-17	9.2117e-18
18815.7294	1.8583e-17	9.2402e-18
18816.3294	1.9679e-17	9.2564e-18
18816.9293	2.0741e-17	9.2836e-18
18817.5293	2.1763e-17	9.2867e-18
18818.1293	2.2557e-17	9.2658e-18
18818.7292	2.3505e-17	9.2651e-18
18819.3292	2.4516e-17	9.2486e-18
18819.9292	2.5242e-17	9.1200e-18
18820.5291	2.5579e-17	8.9694e-18
18821.1291	2.6401e-17	8.8858e-18
18821.7291	2.7542e-17	8.8155e-18
18822.3290	2.8518e-17	8.6366e-18
18822.9290	2.9239e-17	8.4862e-18
18823.5290	2.9681e-17	8.3399e-18
18824.1389	2.9817e-17	8.2282e-18
18824.7389	2.9060e-17	8.1169e-18
18825.3389	2.7898e-17	7.9743e-18
18825.9388	2.6709e-17	7.7909e-18
18826.5388	2.5497e-17	7.6423e-18
18827.1388	2.4267e-17	7.5102e-18
18827.7387	2.3150e-17	7.4279e-18
18828.3387	2.2038e-17	7.3058e-18
18828.9387	2.1311e-17	7.2927e-18
18829.5386	2.0633e-17	7.2590e-18
18830.1386	2.0270e-17	7.2182e-18
18830.7386	1.9993e-17	7.1592e-18
18831.3385	1.9822e-17	7.0975e-18
18831.9385	1.9751e-17	7.0099e-18
18832.5385	1.9800e-17	6.9026e-18
18833.1384	1.9849e-17	6.6738e-18
18833.7384	1.9873e-17	6.4112e-18
18834.3384	1.9873e-17	6.1339e-18
18835.5383	1.9759e-17	5.8130e-18
18837.3382	1.9704e-17	5.4064e-18
18837.9382	1.9704e-17	4.8243e-18
18839.1381	1.9754e-17	4.5590e-18
18839.7381	1.9869e-17	4.4787e-18
18840.3380	1.9877e-17	4.4874e-18
18840.9380	1.9774e-17	4.4991e-18
18842.1379	1.9855e-17	4.4860e-18
18842.7379	1.9915e-17	4.4608e-18
18843.3379	1.9968e-17	4.4799e-18
18843.9378	2.0037e-17	4.4857e-18
18844.5378	2.0084e-17	4.4926e-18
18845.1378	2.0128e-17	4.5192e-18
18845.7377	2.0178e-17	4.5451e-18
18846.3377	2.0227e-17	4.5622e-18
18846.9377	2.0254e-17	4.5419e-18
18847.5376	2.0280e-17	4.5161e-18
18848.1376	2.0241e-17	4.4729e-18
18848.7376	2.0176e-17	4.4405e-18
18849.3375	2.0109e-17	4.4142e-18
18849.9375	2.0039e-17	4.3080e-18
18850.5375	1.9970e-17	4.1705e-18
18851.1374	1.9902e-17	4.0099e-18
18851.7374	1.9864e-17	3.8608e-18
18852.3374	1.9831e-17	3.7790e-18
18852.9373	1.9811e-17	3.6702e-18
18853.5373	1.9796e-17	3.4891e-18
18854.1373	1.9789e-17	3.3507e-18
18854.7372	1.9797e-17	3.3022e-18
18855.3372	1.9815e-17	3.2930e-18
18855.9372	1.9841e-17	3.2846e-18
18856.5371	1.9878e-17	3.3045e-18
18857.1371	1.9912e-17	3.3024e-18
18857.7371	1.9943e-17	3.3013e-18
18858.3370	1.9971e-17	3.2934e-18
18858.9370	1.9977e-17	3.2299e-18
18859.5370	1.9962e-17	3.2828e-18
18860.1369	1.9965e-17	3.3402e-18
18860.7369	1.9966e-17	3.3495e-18
18861.3369	1.9961e-17	3.3416e-18
18861.9368	1.9959e-17	3.3385e-18
18862.5368	1.9959e-17	3.4379e-18
18863.1368	1.9978e-17	3.5088e-18
18863.7367	1.9975e-17	3.5010e-18
18864.3367	1.9954e-17	3.4752e-18
18864.9367	1.9954e-17	3.4398e-18
18866.1366	1.9948e-17	3.3963e-18
18866.7366	1.9946e-17	3.3385e-18
18867.3365	1.9950e-17	3.2345e-18
18867.9365	1.9959e-17	3.0979e-18
18868.5365	1.9972e-17	2.9228e-18
18869.1364	1.9992e-17	2.8933e-18
18869.7464	2.0016e-17	2.9111e-18
18870.3464	2.0047e-17	2.9251e-18
18870.9463	2.0084e-17	2.9445e-18
18871.5463	2.0130e-17	2.9686e-18
18872.1463	2.0183e-17	2.9869e-18
18872.7462	2.0238e-17	3.0129e-18
18873.3462	2.0293e-17	3.0255e-18
18873.9462	2.0316e-17	3.0448e-18
18874.5461	2.0353e-17	3.0689e-18
18875.1461	2.0344e-17	3.0867e-18
18875.7461	2.0361e-17	3.0712e-18
18876.3460	2.0395e-17	2.9739e-18
18876.9460	2.0435e-17	2.9646e-18
18877.5460	2.0430e-17	2.9463e-18
18878.1459	2.0500e-17	3.0380e-18
18878.7459	2.0597e-17	3.1315e-18
18879.3459	2.0767e-17	3.0562e-18
18879.9458	2.0958e-17	3.0302e-18
18880.5458	2.1144e-17	3.1164e-18
18881.1458	2.1381e-17	3.1481e-18
18881.7457	2.1581e-17	3.1288e-18
18882.3457	2.1785e-17	3.1945e-18
18882.9457	2.1990e-17	3.3181e-18
18883.5456	2.2383e-17	3.5684e-18
18884.1456	2.2785e-17	3.5759e-18
18884.7456	2.3278e-17	3.8051e-18
18885.3455	2.3697e-17	3.9831e-18
18885.9455	2.4043e-17	3.9755e-18
18886.5455	2.4179e-17	4.0001e-18
18887.1454	2.3944e-17	4.0760e-18
18887.7454	2.3592e-17	4.2274e-18
18888.3454	2.3168e-17	4.4594e-18
18888.9454	2.2714e-17	4.4632e-18
18889.5453	2.2252e-17	4.6493e-18
18890.1453	2.1826e-17	5.0449e-18
18890.7453	2.1437e-17	5.0733e-18
18891.3452	2.1096e-17	5.0763e-18
18891.9452	2.0762e-17	5.0762e-18
18892.5452	2.0453e-17	5.0813e-18
18893.1451	2.0164e-17	5.2706e-18
18893.7451	1.9883e-17	5.3242e-18
18894.3451	1.9598e-17	5.3307e-18
18894.9450	1.9334e-17	5.3529e-18
18895.5450	1.9153e-17	5.3529e-18
18896.1450	1.9018e-17	5.3377e-18
18896.7449	1.8810e-17	5.4059e-18
18897.3449	1.8599e-17	5.4120e-18
18897.9449	1.8409e-17	5.4121e-18
18903.3446	1.8233e-17	5.4302e-18
18903.9445	1.8044e-17	5.4580e-18
18904.5445	1.7892e-17	5.4595e-18
18905.1445	1.7746e-17	5.4578e-18
18905.7444	1.7615e-17	5.4609e-18
18906.3444	1.7512e-17	5.4671e-18
18906.9444	1.7417e-17	5.4708e-18
18907.5443	1.7319e-17	5.4780e-18
18908.1443	1.7242e-17	5.4797e-18
18908.7443	1.7178e-17	5.4881e-18
18909.3442	1.7117e-17	5.5023e-18
18909.9442	1.7063e-17	5.4932e-18
18910.5442	1.7064e-17	5.5025e-18
18911.1441	1.7060e-17	5.5289e-18
18911.7441	1.7060e-17	5.5509e-18
18912.3441	1.7064e-17	5.5607e-18
18912.9440	1.7071e-17	5.5231e-18
18913.5440	1.7077e-17	5.4528e-18
18914.1440	1.7098e-17	5.4320e-18
18914.7439	1.7097e-17	5.4324e-18
18915.3439	1.7112e-17	5.4305e-18
18915.9539	1.7127e-17	5.3349e-18
18916.5538	1.7137e-17	5.2581e-18
18917.1538	1.7137e-17	5.3340e-18
18917.7538	1.7110e-17	5.4827e-18
18918.3537	1.7127e-17	5.6575e-18
18921.9535	1.7185e-17	5.7179e-18
18922.5535	1.7307e-17	5.7129e-18
18923.1535	1.7451e-17	5.7039e-18
18923.7534	1.7547e-17	5.7070e-18
18924.3534	1.7686e-17	5.7141e-18
18924.9534	1.7850e-17	5.7393e-18
18925.5533	1.7925e-17	5.7838e-18
18926.1533	1.7906e-17	5.7901e-18
18926.7533	1.7913e-17	5.8266e-18
18927.3532	1.7950e-17	5.8607e-18
18927.9532	1.8013e-17	5.8703e-18
18928.5532	1.8095e-17	5.8710e-18
18929.1531	1.8203e-17	5.8856e-18
18929.7531	1.8343e-17	5.8864e-18
18930.3531	1.8486e-17	5.9071e-18
18930.9530	1.8639e-17	5.9677e-18
18931.5530	1.8819e-17	5.9990e-18
18932.1530	1.9008e-17	6.0424e-18
18932.7529	1.9203e-17	6.0845e-18
18933.3529	1.9404e-17	6.1263e-18
18933.9529	1.9764e-17	6.1023e-18
18934.5528	1.9853e-17	6.0688e-18
18935.1528	2.0277e-17	6.0434e-18
18936.3527	2.0671e-17	6.0275e-18
18937.5527	2.1024e-17	5.9761e-18
18938.1526	2.1340e-17	5.9607e-18
18938.7526	2.1637e-17	5.9633e-18
18939.3526	2.1894e-17	5.9133e-18
18939.9525	2.2087e-17	5.8049e-18
18940.5525	2.2249e-17	5.5834e-18
18941.1525	2.2389e-17	5.5699e-18
18941.7524	2.2565e-17	5.5137e-18
18942.3524	2.2695e-17	5.4866e-18
18942.9524	2.2786e-17	5.5692e-18
18943.5523	2.2773e-17	5.5191e-18
18944.1523	2.2803e-17	5.4245e-18
18944.7523	2.2901e-17	5.2412e-18
18945.3522	2.2998e-17	4.9209e-18
18945.9522	2.3126e-17	4.9387e-18
18946.5522	2.3242e-17	4.8731e-18
18947.1521	2.3357e-17	4.2279e-18
18947.7521	2.3498e-17	4.3050e-18
18948.3521	2.3632e-17	4.2602e-18
18948.9520	2.3778e-17	4.2481e-18
18949.5520	2.3941e-17	4.1963e-18
18950.1520	2.4113e-17	3.7045e-18
18950.7519	2.4290e-17	3.4451e-18
18951.3519	2.4456e-17	3.4449e-18
18951.9519	2.4600e-17	3.4571e-18
18952.5518	2.4736e-17	3.4389e-18
18953.1518	2.4870e-17	3.4372e-18
18953.7518	2.5018e-17	3.4374e-18
18954.3517	2.5176e-17	3.4221e-18
18954.9517	2.5355e-17	3.3853e-18
18955.5517	2.5527e-17	3.1833e-18
18956.1516	2.5682e-17	2.9116e-18
18956.7516	2.5857e-17	2.9309e-18
18957.3516	2.6016e-17	2.9029e-18
18957.9515	2.6156e-17	3.1251e-18
18958.5515	2.6273e-17	3.1835e-18
18959.1515	2.6407e-17	3.1443e-18
18959.7514	2.6535e-17	3.1063e-18
18960.3514	2.6682e-17	3.1762e-18
18960.9514	2.6841e-17	3.2250e-18
18961.5613	2.7041e-17	3.4954e-18
18962.1613	2.7228e-17	4.6050e-18
18962.7613	2.7392e-17	6.2409e-18
18963.3612	2.7550e-17	7.7354e-18
18963.9612	2.7726e-17	9.6399e-18
18964.5612	2.7882e-17	1.1404e-17
18965.1611	2.8021e-17	1.3305e-17
18965.7611	2.8170e-17	1.5120e-17
18966.3611	2.8319e-17	1.8133e-17
18966.9610	2.8491e-17	2.0851e-17
18967.5610	2.8663e-17	2.3972e-17
18968.1610	2.8777e-17	2.6844e-17
18968.7609	2.8851e-17	2.9541e-17
18969.3609	2.8959e-17	3.0928e-17
18969.9609	2.9100e-17	3.0947e-17
18970.5608	2.9242e-17	3.0887e-17
18971.1608	2.9403e-17	3.0912e-17
18971.7608	2.9565e-17	3.1013e-17
18972.3607	2.9721e-17	3.1205e-17
18972.9607	2.9869e-17	3.1333e-17
18973.5607	3.0011e-17	3.1416e-17
18974.1606	3.0146e-17	3.1466e-17
18974.7606	3.0274e-17	3.1520e-17
18975.3606	3.0395e-17	3.1564e-17
18975.9605	3.0509e-17	3.1582e-17
18976.5605	3.0616e-17	3.1609e-17
18977.1605	3.0719e-17	3.1686e-17
18977.7604	3.0834e-17	3.1781e-17
18978.3604	3.0962e-17	3.1836e-17
18978.9604	3.1045e-17	3.1890e-17
18979.5603	3.1107e-17	3.1917e-17
18980.1603	3.1160e-17	3.1942e-17
18980.7603	3.1138e-17	3.1991e-17
18981.3602	3.1129e-17	3.2039e-17
18981.9602	3.1145e-17	3.2082e-17
18982.5602	3.1181e-17	3.2103e-17
18983.1601	3.1226e-17	3.2142e-17
18983.7601	3.1314e-17	3.2186e-17
18984.3601	3.1416e-17	3.2202e-17
18984.9600	3.1524e-17	3.2220e-17
18986.7600	3.1644e-17	3.2237e-17
18988.5599	3.1765e-17	3.2255e-17
18989.1598	3.1886e-17	3.2272e-17
18990.9597	3.2029e-17	3.2293e-17
18991.5597	3.2078e-17	3.2315e-17
18992.7596	3.2071e-17	3.2343e-17
18993.3596	3.2099e-17	3.2376e-17
18997.5594	3.2138e-17	3.2409e-17
18998.1593	3.2204e-17	3.2437e-17
19000.5592	3.2265e-17	3.2451e-17
19001.1592	3.2324e-17	3.2484e-17
19001.7591	3.2327e-17	3.2503e-17
19004.1590	3.2274e-17	3.2518e-17
19004.7590	3.2314e-17	3.2518e-17
19006.5589	3.2374e-17	3.2517e-17
19007.1688	3.2383e-17	3.2528e-17
19007.7688	3.2392e-17	3.2527e-17
19008.3688	3.2381e-17	3.2520e-17
19008.9687	3.2382e-17	3.2527e-17
19009.5687	3.2447e-17	3.2523e-17
19010.1687	3.2489e-17	3.2504e-17
19010.7686	3.2509e-17	3.2485e-17
19011.3686	3.2520e-17	3.2518e-17
19011.9686	3.2497e-17	3.2522e-17
19012.5685	3.2473e-17	3.2502e-17
19013.1685	3.2426e-17	3.2512e-17
19013.7685	3.2360e-17	3.2658e-17
19014.3684	3.2275e-17	3.2789e-17
19014.9684	3.2194e-17	3.2907e-17
19015.5684	3.2123e-17	3.2994e-17
19016.1683	3.2055e-17	3.3071e-17
19016.7683	3.1990e-17	3.3123e-17
19017.3683	3.1927e-17	3.3129e-17
19017.9682	3.1870e-17	3.3139e-17
19018.5682	3.1824e-17	3.3090e-17
19019.1682	3.1779e-17	3.3062e-17
19019.7681	3.1734e-17	3.3056e-17
19020.3681	3.1689e-17	3.3053e-17
19020.9681	3.1624e-17	3.3011e-17
19021.5680	3.1542e-17	3.3147e-17
19022.1680	3.1332e-17	3.3231e-17
19022.7680	3.1143e-17	3.3390e-17
19025.1678	3.0941e-17	3.3424e-17
19026.3678	3.0822e-17	3.3393e-17
19029.9676	3.0715e-17	3.3178e-17
19032.3674	3.0596e-17	3.2874e-17
19032.9674	3.0447e-17	3.2394e-17
19033.5674	3.0267e-17	3.1708e-17
19034.1673	3.0132e-17	3.0181e-17
19034.7673	3.0097e-17	2.8385e-17
19035.3673	3.0056e-17	2.5689e-17
19035.9672	2.9984e-17	2.2355e-17
19036.5672	2.9867e-17	1.8020e-17
19037.1672	2.9708e-17	1.4709e-17
19037.7671	2.9545e-17	1.4288e-17
19038.3671	2.9354e-17	1.4282e-17
19038.9671	2.9241e-17	1.4286e-17
19039.5670	2.9197e-17	1.4263e-17
19040.1670	2.8997e-17	1.4109e-17
19040.7670	2.8913e-17	1.4018e-17
19041.3669	2.8788e-17	1.3982e-17
19041.9669	2.8661e-17	1.3957e-17
19042.5669	2.8519e-17	1.3923e-17
19043.1669	2.8307e-17	1.3910e-17
19043.7668	2.8115e-17	1.3906e-17
19044.3668	2.7972e-17	1.3894e-17
19044.9668	2.7836e-17	1.3835e-17
19045.5667	2.7684e-17	1.3758e-17
19047.3666	2.7538e-17	1.3719e-17
19047.9666	2.7416e-17	1.3682e-17
19049.7665	2.7261e-17	1.3670e-17
19052.1664	2.7097e-17	1.3659e-17
19052.7763	2.6873e-17	1.3633e-17
19054.5762	2.6688e-17	1.3579e-17
19055.1762	2.6558e-17	1.3520e-17
19055.7762	2.6432e-17	1.3498e-17
19056.3761	2.6237e-17	1.3459e-17
19057.5761	2.6008e-17	1.3410e-17
19058.1760	2.5790e-17	1.3395e-17
19058.7760	2.5605e-17	1.3378e-17
19059.3760	2.5447e-17	1.3358e-17
19059.9759	2.5292e-17	1.3337e-17
19060.5759	2.5147e-17	1.3314e-17
19061.1759	2.4998e-17	1.3283e-17
19061.7758	2.4845e-17	1.3249e-17
19062.3758	2.4695e-17	1.3201e-17
19066.5756	2.4542e-17	1.3143e-17
19067.1755	2.4384e-17	1.3083e-17
19067.7755	2.4231e-17	1.3018e-17
19068.3755	2.4070e-17	1.2951e-17
19069.5754	2.3904e-17	1.2872e-17
19070.1754	2.3730e-17	1.2818e-17
19070.7753	2.3549e-17	1.2778e-17
19071.3753	2.3388e-17	1.2776e-17
19071.9753	2.3226e-17	1.2750e-17
19072.5752	2.3091e-17	1.2743e-17
19073.1752	2.2987e-17	1.2724e-17
19073.7752	2.2896e-17	1.2681e-17
19074.3751	2.2784e-17	1.2642e-17
19074.9751	2.2641e-17	1.2623e-17
19075.5751	2.2486e-17	1.2637e-17
19076.1750	2.2342e-17	1.2651e-17
19076.7750	2.2197e-17	1.2556e-17
19077.3750	2.2072e-17	1.2524e-17
19077.9749	2.1948e-17	1.2536e-17
19078.5749	2.1825e-17	1.2486e-17
19079.1749	2.1719e-17	1.2097e-17
19079.7748	2.1610e-17	1.1715e-17
19080.3748	2.1499e-17	1.1342e-17
19080.9748	2.1361e-17	1.1036e-17
19081.5747	2.1267e-17	1.0742e-17
19082.1747	2.1235e-17	1.0514e-17
19082.7747	2.1206e-17	1.0379e-17
19083.3746	2.1183e-17	1.0279e-17
19083.9746	2.1143e-17	1.0243e-17
19084.5746	2.1094e-17	1.0448e-17
19085.1745	2.1041e-17	1.0615e-17
19085.7745	2.0963e-17	1.0750e-17
19086.3745	2.0872e-17	1.0864e-17
19086.9745	2.0766e-17	1.0556e-17
19087.5744	2.0653e-17	1.0275e-17
19088.1744	2.0542e-17	9.5334e-18
19088.7744	2.0434e-17	8.7909e-18
19089.3743	2.0329e-17	8.0551e-18
19089.9743	2.0242e-17	7.3362e-18
19090.5743	2.0171e-17	6.6487e-18
19091.1742	2.0117e-17	6.0126e-18
19091.7742	2.0085e-17	5.8284e-18
19092.3742	2.0068e-17	5.7867e-18
19092.9741	2.0065e-17	5.6930e-18
19093.5741	2.0095e-17	5.6087e-18
19094.1741	2.0168e-17	5.5754e-18
19094.7740	2.0248e-17	5.5618e-18
19095.3740	2.0338e-17	5.2891e-18
19095.9740	2.0449e-17	5.1730e-18
19096.5739	2.0560e-17	5.3001e-18
19097.1739	2.0653e-17	5.3005e-18
19097.7739	2.0686e-17	5.3080e-18
19098.3838	2.0727e-17	5.3055e-18
19098.9838	2.0786e-17	5.2914e-18
19099.5838	2.0888e-17	5.3027e-18
19100.1837	2.1002e-17	5.2941e-18
19100.7837	2.1131e-17	5.3903e-18
19101.3837	2.1278e-17	5.4431e-18
19101.9836	2.1410e-17	5.4766e-18
19103.7835	2.1562e-17	5.4876e-18
19104.3835	2.1726e-17	5.4915e-18
19104.9835	2.1892e-17	5.4997e-18
19105.5834	2.2065e-17	5.4950e-18
19106.1834	2.2240e-17	5.4941e-18
19106.7834	2.2420e-17	5.5315e-18
19107.3833	2.2626e-17	5.5519e-18
19107.9833	2.2836e-17	5.5479e-18
19108.5833	2.3055e-17	5.5512e-18
19109.1832	2.3316e-17	5.5438e-18
19109.7832	2.3563e-17	5.5426e-18
19110.3832	2.3851e-17	5.5430e-18
19110.9831	2.4136e-17	5.5601e-18
19111.5831	2.4418e-17	5.5864e-18
19113.9830	2.4703e-17	5.6234e-18
19114.5829	2.5041e-17	5.6722e-18
19115.1829	2.5316e-17	5.7350e-18
19115.7829	2.5570e-17	5.7760e-18
19116.3828	2.5740e-17	6.0632e-18
19116.9828	2.5849e-17	6.2714e-18
19117.5828	2.5931e-17	6.4851e-18
19118.1827	2.5937e-17	6.4924e-18
19118.7827	2.5908e-17	6.4956e-18
19119.3827	2.5814e-17	6.4951e-18
19119.9826	2.5665e-17	6.4975e-18
19120.5826	2.5347e-17	6.5009e-18
19121.1826	2.4973e-17	6.5063e-18
19121.7825	2.4460e-17	6.4708e-18
19122.3825	2.3866e-17	6.4161e-18
19122.9825	2.3187e-17	6.4176e-18
19123.5824	2.2601e-17	6.3841e-18
19124.1824	2.2338e-17	6.3734e-18
19124.7824	2.2186e-17	6.3740e-18
19125.3824	2.2083e-17	6.3721e-18
19125.9823	2.2014e-17	6.3449e-18
19126.5823	2.1992e-17	6.3056e-18
19127.1823	2.1945e-17	6.2895e-18
19127.7822	2.1873e-17	6.2679e-18
19128.3822	2.1786e-17	6.2454e-18
19128.9822	2.1706e-17	6.2222e-18
19129.5821	2.1607e-17	6.1979e-18
19130.1821	2.1494e-17	6.1733e-18
19131.9820	2.1389e-17	6.1464e-18
19133.7819	2.1318e-17	6.1195e-18
19135.5818	2.1261e-17	6.0923e-18
19136.1818	2.1205e-17	6.0650e-18
19137.3817	2.1212e-17	6.0380e-18
19137.9817	2.1211e-17	6.0371e-18
19138.5816	2.1210e-17	6.0292e-18
19139.1816	2.1203e-17	6.0095e-18
19139.7816	2.1198e-17	5.7322e-18
19141.5815	2.1208e-17	5.4714e-18
19142.1814	2.1202e-17	5.2835e-18
19142.7814	2.1212e-17	5.1563e-18
19143.3814	2.1229e-17	5.0662e-18
19143.9913	2.1199e-17	5.2532e-18
19144.5913	2.1148e-17	5.4094e-18
19145.1913	2.1100e-17	5.4518e-18
19145.7912	2.1060e-17	5.4377e-18
19146.3912	2.1030e-17	5.3959e-18
19146.9912	2.0999e-17	5.3146e-18
19147.5911	2.0979e-17	5.1816e-18
19148.1911	2.0971e-17	5.1705e-18
19148.7911	2.0969e-17	5.0489e-18
19149.3910	2.0967e-17	5.0172e-18
19149.9910	2.0979e-17	5.0100e-18
19150.5910	2.1001e-17	5.0088e-18
19151.1909	2.1031e-17	5.0052e-18
19151.7909	2.1040e-17	5.0004e-18
19152.3909	2.1049e-17	4.9937e-18
19152.9908	2.1037e-17	4.8604e-18
19153.5908	2.1018e-17	4.8583e-18
19154.1908	2.0996e-17	4.8463e-18
19154.7907	2.0975e-17	4.8485e-18
19155.3907	2.0963e-17	4.8457e-18
19155.9907	2.0948e-17	4.8332e-18
19156.5906	2.0927e-17	4.8278e-18
19157.1906	2.0872e-17	4.7050e-18
19157.7906	2.0814e-17	4.6274e-18
19158.3906	2.0825e-17	4.5660e-18
19158.9905	2.0807e-17	4.5180e-18
19160.1905	2.0760e-17	4.4824e-18
19160.7904	2.0752e-17	4.4602e-18
19161.3904	2.0850e-17	4.4636e-18
19161.9904	2.0948e-17	4.4620e-18
19162.5903	2.1046e-17	4.4304e-18
19164.3902	2.1150e-17	4.4130e-18
19164.9902	2.1282e-17	4.4207e-18
19165.5902	2.1419e-17	4.4264e-18
19166.1901	2.1533e-17	4.7208e-18
19166.7901	2.1644e-17	4.9484e-18
19167.3901	2.1751e-17	5.1188e-18
19167.9900	2.1860e-17	5.2266e-18
19168.5900	2.1965e-17	5.2641e-18
19169.1900	2.2064e-17	5.2669e-18
19169.7899	2.2151e-17	5.2082e-18
19170.3899	2.2052e-17	5.1277e-18
19170.9899	2.2229e-17	5.0909e-18
19171.5898	2.2079e-17	4.8383e-18
19172.1898	2.1921e-17	4.6761e-18
19172.7898	2.1754e-17	4.5155e-18
19173.3897	2.1579e-17	4.6714e-18
19173.9897	2.1398e-17	4.7935e-18
19174.5897	2.1212e-17	4.8888e-18
19175.1896	2.1091e-17	4.9550e-18
19175.7896	2.0970e-17	4.9818e-18
19176.3896	2.0848e-17	4.9900e-18
19176.9895	2.0731e-17	4.9991e-18
19177.5895	2.0644e-17	4.9993e-18
19178.1895	2.0571e-17	5.0152e-18
19178.7894	2.0606e-17	5.0727e-18
19179.3894	2.0613e-17	5.1484e-18
19179.9894	2.0560e-17	5.2687e-18
19180.5893	2.0534e-17	5.3853e-18
19181.1893	2.0488e-17	5.4307e-18
19181.7893	2.0466e-17	5.4303e-18
19182.3892	2.0464e-17	5.4365e-18
19182.9892	2.0443e-17	5.4770e-18
19183.5892	2.0427e-17	5.4623e-18
19184.1891	2.0403e-17	5.4473e-18
19184.7891	2.0397e-17	5.4406e-18
19185.3891	2.0413e-17	5.4536e-18
19185.9890	2.0432e-17	5.4468e-18
19186.5890	2.0446e-17	5.4500e-18
19187.1890	2.0444e-17	5.4592e-18
19187.7889	2.0441e-17	5.4649e-18
19188.3889	2.0441e-17	5.4699e-18
19188.9889	2.0428e-17	5.4711e-18
19189.5989	2.0395e-17	5.4704e-18
19190.1988	2.0351e-17	5.4825e-18
19190.7988	2.0322e-17	5.4464e-18
19191.3988	2.0307e-17	5.4533e-18
19192.5987	2.0269e-17	5.4361e-18
19193.1987	2.0233e-17	5.3882e-18
19195.5985	2.0197e-17	5.3614e-18
19196.1985	2.0163e-17	5.1884e-18
19197.9984	2.0130e-17	5.0229e-18
19199.1983	2.0098e-17	4.9666e-18
19199.7983	2.0067e-17	4.9608e-18
19200.3983	2.0038e-17	4.9578e-18
19200.9982	2.0010e-17	4.9577e-18
19201.5982	1.9984e-17	4.9572e-18
19202.1982	1.9959e-17	4.9549e-18
19202.7981	1.9932e-17	4.9560e-18
19203.9981	1.9866e-17	4.9565e-18
19204.5980	1.9793e-17	4.9595e-18
19205.1980	1.9748e-17	4.9656e-18
19206.9979	1.9721e-17	4.9660e-18
19208.7978	1.9687e-17	4.9755e-18
19210.5977	1.9628e-17	4.9974e-18
19211.1977	1.9562e-17	5.0139e-18
19211.7976	1.9496e-17	5.0286e-18
19212.3976	1.9442e-17	5.0351e-18
19212.9976	1.9395e-17	5.0329e-18
19213.5975	1.9363e-17	5.0345e-18
19214.1975	1.9330e-17	5.0340e-18
19214.7975	1.9280e-17	5.0545e-18
19215.3974	1.9233e-17	5.0811e-18
19215.9974	1.9186e-17	5.1177e-18
19216.5974	1.9136e-17	5.1672e-18
19217.1974	1.9078e-17	5.2247e-18
19217.7973	1.9029e-17	5.2935e-18
19218.3973	1.8979e-17	5.3673e-18
19218.9973	1.8932e-17	5.4597e-18
19219.5972	1.8886e-17	5.5642e-18
19220.1972	1.8837e-17	5.6800e-18
19220.7972	1.8772e-17	5.8074e-18
19221.3971	1.8701e-17	5.9353e-18
19221.9971	1.8627e-17	6.0062e-18
19222.5971	1.8578e-17	5.7900e-18
19223.1970	1.8542e-17	5.6167e-18
19223.7970	1.8526e-17	5.4626e-18
19224.3970	1.8593e-17	5.3215e-18
19224.9969	1.8663e-17	5.2365e-18
19225.5969	1.8732e-17	5.1856e-18
19226.1969	1.8790e-17	5.1966e-18
19226.7968	1.8832e-17	5.2234e-18
19227.3968	1.8845e-17	5.2425e-18
19227.9968	1.8834e-17	5.1958e-18
19228.5967	1.8796e-17	5.1270e-18
19229.1967	1.8765e-17	5.0260e-18
19229.7967	1.8719e-17	4.8830e-18
19230.3966	1.8658e-17	4.7605e-18
19230.9966	1.8579e-17	4.6619e-18
19231.5966	1.8576e-17	4.5821e-18
19232.1965	1.8616e-17	4.5410e-18
19232.7965	1.8632e-17	4.5144e-18
19233.3965	1.8635e-17	4.4991e-18
19233.9964	1.8631e-17	4.5031e-18
19234.5964	1.8634e-17	4.5009e-18
19235.1964	1.8617e-17	4.4587e-18
19235.8063	1.8631e-17	4.3772e-18
19236.4063	1.8702e-17	4.2403e-18
19237.0063	1.8725e-17	4.0928e-18
19238.8062	1.8723e-17	4.0291e-18
19242.4060	1.8737e-17	4.0266e-18
19243.0060	1.8743e-17	3.9838e-18
19243.6059	1.8776e-17	3.8981e-18
19244.2059	1.8803e-17	3.8961e-18
19244.8059	1.8761e-17	3.8991e-18
19245.4058	1.8727e-17	3.9009e-18
19246.0058	1.8694e-17	3.8820e-18
19246.6058	1.8663e-17	3.8992e-18
19247.2057	1.8635e-17	3.9089e-18
19247.8057	1.8609e-17	3.8902e-18
19248.4057	1.8600e-17	3.9009e-18
19249.0056	1.8608e-17	3.9104e-18
19249.6056	1.8634e-17	3.9403e-18
19251.4055	1.8657e-17	3.9929e-18
19252.0055	1.8671e-17	3.9895e-18
19252.6054	1.8680e-17	3.9666e-18
19253.2054	1.8684e-17	3.9546e-18
19253.8054	1.8682e-17	3.9300e-18
19254.4053	1.8675e-17	3.9277e-18
19255.0053	1.8650e-17	3.9366e-18
19255.6053	1.8617e-17	3.9546e-18
19256.2052	1.8576e-17	3.9739e-18
19256.8052	1.8527e-17	3.9893e-18
19257.4052	1.8467e-17	4.0004e-18
19258.0051	1.8432e-17	4.0084e-18
19258.6051	1.8521e-17	4.0125e-18
19259.2051	1.8596e-17	4.0157e-18
19259.8050	1.8685e-17	4.0122e-18
19260.4050	1.8713e-17	4.0028e-18
19261.0050	1.8756e-17	3.9899e-18
19261.6049	1.8784e-17	3.9697e-18
19262.2049	1.8823e-17	3.9501e-18
19262.8049	1.8867e-17	3.9452e-18
19263.4048	1.8916e-17	3.9135e-18
19264.0048	1.8945e-17	3.8594e-18
19264.6048	1.8980e-17	3.8152e-18
19265.2047	1.9002e-17	3.7674e-18
19265.8047	1.9018e-17	3.7278e-18
19266.4047	1.9061e-17	3.6979e-18
19267.0047	1.9084e-17	3.6772e-18
19267.6046	1.9111e-17	3.6736e-18
19268.2046	1.9138e-17	3.6720e-18
19268.8046	1.9160e-17	3.6633e-18
19269.4045	1.9159e-17	3.6508e-18
19270.6045	1.9153e-17	3.6386e-18
19271.2044	1.9144e-17	3.6098e-18
19271.8044	1.9139e-17	3.5488e-18
19272.4044	1.9133e-17	3.4651e-18
19273.0043	1.9135e-17	3.3762e-18
19273.6043	1.9141e-17	3.3248e-18
19274.2043	1.9153e-17	3.2272e-18
19274.8042	1.9168e-17	3.0755e-18
19275.4042	1.9183e-17	2.8562e-18
19276.0042	1.9190e-17	2.7361e-18
19276.6041	1.9195e-17	2.7644e-18
19277.2041	1.9212e-17	2.7584e-18
19277.8041	1.9232e-17	2.7674e-18
19278.4040	1.9261e-17	2.7909e-18
19279.0040	1.9243e-17	2.8081e-18
19279.6040	1.9222e-17	2.8156e-18
19280.2039	1.9187e-17	2.8161e-18
19280.8039	1.9229e-17	2.8028e-18
19281.4139	1.9314e-17	2.7787e-18
19282.0138	1.9386e-17	2.7988e-18
19282.6138	1.9431e-17	2.7988e-18
19283.2138	1.9465e-17	2.8033e-18
19283.8137	1.9504e-17	2.8183e-18
19285.0137	1.9530e-17	2.8439e-18
19286.2136	1.9566e-17	2.8621e-18
19286.8136	1.9607e-17	2.8885e-18
19287.4135	1.9648e-17	2.9166e-18
19288.0135	1.9697e-17	2.9344e-18
19288.6135	1.9750e-17	2.9624e-18
19289.2134	1.9799e-17	3.0464e-18
19289.8134	1.9850e-17	3.0397e-18
19290.4134	1.9910e-17	3.0231e-18
19291.0134	1.9977e-17	3.0191e-18
19291.6133	2.0042e-17	3.0171e-18
19292.2133	2.0100e-17	3.0180e-18
19292.8133	2.0165e-17	3.0898e-18
19293.4132	2.0235e-17	3.3720e-18
19294.0132	2.0297e-17	3.5563e-18
19294.6132	2.0311e-17	3.5783e-18
19295.2131	2.0306e-17	3.5944e-18
19295.8131	2.0311e-17	3.6038e-18
19296.4131	2.0347e-17	3.5917e-18
19297.0130	2.0396e-17	3.5735e-18
19297.6130	2.0455e-17	3.5513e-18
19298.2130	2.0466e-17	3.5316e-18
19298.8129	2.0454e-17	3.5313e-18
19299.4129	2.0438e-17	3.4959e-18
19300.0129	2.0461e-17	3.4611e-18
19300.6128	2.0497e-17	3.4036e-18
19301.2128	2.0515e-17	3.3104e-18
19301.8128	2.0565e-17	3.2688e-18
19302.4127	2.0588e-17	3.2861e-18
19303.0127	2.0534e-17	3.3097e-18
19303.6127	2.0478e-17	3.3631e-18
19304.2126	2.0424e-17	3.4153e-18
19304.8126	2.0377e-17	3.4351e-18
19305.4126	2.0333e-17	3.4327e-18
19306.0125	2.0284e-17	3.4248e-18
19306.6125	2.0270e-17	3.4166e-18
19307.2125	2.0271e-17	3.4158e-18
19307.8124	2.0277e-17	3.4302e-18
19308.4124	2.0288e-17	3.4277e-18
19309.0124	2.0316e-17	3.4346e-18
19309.6123	2.0403e-17	3.4775e-18
19310.2123	2.0497e-17	3.4807e-18
19310.8123	2.0585e-17	3.4824e-18
19311.4123	2.0677e-17	3.4825e-18
19312.0122	2.0762e-17	3.4803e-18
19312.6122	2.0833e-17	3.4756e-18
19313.2122	2.0895e-17	3.4648e-18
19313.8121	2.0948e-17	3.4388e-18
19314.4121	2.0980e-17	3.4098e-18
19315.0121	2.0988e-17	3.4017e-18
19315.6120	2.0972e-17	3.4000e-18
19316.2120	2.0943e-17	3.3929e-18
19316.8120	2.0895e-17	3.3806e-18
19317.4119	2.0840e-17	3.3715e-18
19318.0119	2.0800e-17	3.3764e-18
19318.6119	2.0800e-17	3.3808e-18
19319.2118	2.0836e-17	3.3841e-18
19319.8118	2.0906e-17	3.3805e-18
19320.4118	2.0927e-17	3.3776e-18
19321.0117	2.0936e-17	3.3807e-18
19321.6117	2.0941e-17	3.3792e-18
19322.2117	2.0933e-17	3.3724e-18
19322.8116	2.0938e-17	3.3085e-18
19323.4116	2.0926e-17	3.2484e-18
19324.0116	2.0910e-17	3.1921e-18
19324.6115	2.0899e-17	3.1405e-18
19325.2115	2.0891e-17	3.0938e-18
19325.8115	2.0896e-17	3.0516e-18
19326.4114	2.0889e-17	3.0145e-18
19327.0214	2.0859e-17	2.9820e-18
19327.6214	2.0835e-17	2.9527e-18
19328.2213	2.0810e-17	2.9266e-18
19328.8213	2.0781e-17	2.9035e-18
19329.4213	2.0774e-17	2.8837e-18
19330.0212	2.0787e-17	2.8601e-18
19330.6212	2.0797e-17	2.8321e-18
19331.2212	2.0788e-17	2.7998e-18
19331.8211	2.0778e-17	2.7629e-18
19332.4211	2.0774e-17	2.7210e-18
19333.0211	2.0771e-17	2.6736e-18
19333.6211	2.0763e-17	2.6305e-18
19334.2210	2.0758e-17	2.5739e-18
19334.8210	2.0733e-17	2.5107e-18
19335.4210	2.0691e-17	2.4395e-18
19336.0209	2.0631e-17	2.3822e-18
19336.6209	2.0570e-17	2.3940e-18
19337.8208	2.0524e-17	2.3516e-18
19338.4208	2.0501e-17	2.3672e-18
19339.0208	2.0476e-17	2.3562e-18
19339.6207	2.0424e-17	2.3573e-18
19340.2207	2.0361e-17	2.3602e-18
19340.8207	2.0297e-17	2.3562e-18
19341.4206	2.0235e-17	2.3097e-18
19342.0206	2.0173e-17	1.9678e-18
19342.6206	2.0121e-17	1.6803e-18
19343.2205	2.0076e-17	1.6513e-18
19343.8205	2.0037e-17	1.6258e-18
19344.4205	2.0009e-17	1.6046e-18
19345.0204	1.9981e-17	1.6156e-18
19345.6204	1.9960e-17	1.6182e-18
19346.2204	1.9947e-17	1.6157e-18
19346.8203	1.9942e-17	1.6030e-18
19347.4203	1.9946e-17	1.6045e-18
19348.0203	1.9959e-17	1.6089e-18
19348.6202	1.9982e-17	1.6078e-18
19349.2202	2.0015e-17	1.6030e-18
19349.8202	2.0058e-17	1.6028e-18
19350.4201	2.0112e-17	1.6003e-18
19351.0201	2.0155e-17	1.5835e-18
19351.6201	2.0136e-17	1.5496e-18
19352.2201	2.0110e-17	1.4805e-18
19352.8200	2.0094e-17	1.3846e-18
19353.4200	2.0088e-17	1.3369e-18
19354.0200	2.0079e-17	1.4088e-18
19354.6199	2.0048e-17	1.5055e-18
19355.2199	2.0015e-17	1.5159e-18
19355.8199	1.9983e-17	1.5304e-18
19356.4198	1.9947e-17	1.4963e-18
19357.0198	1.9927e-17	1.4979e-18
19357.6198	1.9933e-17	1.5114e-18
19358.2197	1.9935e-17	1.4666e-18
19358.8197	1.9934e-17	1.4694e-18
19359.4197	1.9927e-17	1.4645e-18
19360.0196	1.9927e-17	1.4651e-18
19360.6196	1.9918e-17	1.4628e-18
19361.2196	1.9904e-17	1.4613e-18
19361.8195	1.9890e-17	1.4618e-18
19362.4195	1.9878e-17	1.4673e-18
19363.0195	1.9853e-17	1.4801e-18
19363.6194	1.9820e-17	1.5024e-18
19364.2194	1.9779e-17	1.5359e-18
19364.8194	1.9747e-17	1.5817e-18
19365.4193	1.9716e-17	1.6408e-18
19366.0193	1.9686e-17	1.7041e-18
19366.6193	1.9649e-17	1.7842e-18
19367.2192	1.9614e-17	1.8809e-18
19367.8192	1.9601e-17	1.9934e-18
19368.4192	1.9585e-17	2.1216e-18
19369.0191	1.9554e-17	2.1233e-18
19369.6191	1.9523e-17	2.1961e-18
19370.2191	1.9499e-17	2.2528e-18
19370.8190	1.9479e-17	2.2509e-18
19371.4190	1.9476e-17	2.2959e-18
19372.0190	1.9488e-17	2.3640e-18
19372.6290	1.9471e-17	2.3879e-18
19373.2289	1.9497e-17	2.6036e-18
19373.8289	1.9535e-17	2.7213e-18
19374.4289	1.9567e-17	2.7254e-18
19375.0288	1.9604e-17	2.7254e-18
19375.6288	1.9626e-17	2.7332e-18
19376.2288	1.9624e-17	2.7344e-18
19376.8287	1.9607e-17	2.7340e-18
19377.4287	1.9599e-17	2.7337e-18
19378.0287	1.9598e-17	2.7337e-18
19378.6286	1.9590e-17	2.7331e-18
19379.2286	1.9578e-17	2.7302e-18
19379.8286	1.9558e-17	2.7288e-18
19380.4285	1.9530e-17	2.7410e-18
19381.0285	1.9514e-17	2.7421e-18
19381.6285	1.9499e-17	2.7357e-18
19382.2284	1.9477e-17	2.7542e-18
19382.8284	1.9468e-17	2.8275e-18
19383.4284	1.9473e-17	2.8769e-18
19384.0283	1.9495e-17	2.8990e-18
19384.6283	1.9510e-17	2.9146e-18
19385.2283	1.9512e-17	2.9180e-18
19385.8282	1.9507e-17	2.9419e-18
19386.4282	1.9504e-17	2.9586e-18
19387.0282	1.9510e-17	2.9687e-18
19387.6281	1.9528e-17	2.9737e-18
19388.2281	1.9557e-17	2.9751e-18
19388.8281	1.9585e-17	2.9743e-18
19389.4280	1.9614e-17	2.9724e-18
19390.0280	1.9646e-17	2.9703e-18
19390.6280	1.9673e-17	2.9690e-18
19391.2280	1.9698e-17	2.9697e-18
19391.8279	1.9699e-17	2.9737e-18
19392.4279	1.9690e-17	2.9824e-18
19393.0279	1.9676e-17	2.9909e-18
19393.6278	1.9671e-17	2.9907e-18
19394.2278	1.9666e-17	3.0068e-18
19394.8278	1.9678e-17	3.0269e-18
19395.4277	1.9715e-17	3.0268e-18
19396.0277	1.9735e-17	3.0279e-18
19396.6277	1.9731e-17	3.0337e-18
19397.2276	1.9723e-17	3.0339e-18
19397.8276	1.9715e-17	3.0330e-18
19398.4276	1.9702e-17	3.0301e-18
19399.0275	1.9678e-17	3.0278e-18
19399.6275	1.9640e-17	3.0276e-18
19400.2275	1.9599e-17	3.0259e-18
19400.8274	1.9575e-17	3.0244e-18
19401.4274	1.9566e-17	3.0268e-18
19402.0274	1.9572e-17	2.9839e-18
19402.6273	1.9574e-17	2.9309e-18
19403.2273	1.9560e-17	2.9238e-18
19403.8273	1.9541e-17	2.9131e-18
19404.4272	1.9513e-17	2.9158e-18
19405.0272	1.9467e-17	2.9157e-18
19405.6272	1.9446e-17	2.8964e-18
19406.2271	1.9439e-17	2.8640e-18
19406.8271	1.9415e-17	2.8561e-18
19407.4271	1.9376e-17	2.8559e-18
19408.0271	1.9326e-17	2.8543e-18
19408.6270	1.9261e-17	2.8604e-18
19409.2270	1.9202e-17	2.8599e-18
19409.8270	1.9173e-17	2.8743e-18
19410.4269	1.9196e-17	2.9362e-18
19411.0269	1.9220e-17	2.9825e-18
19411.6269	1.9200e-17	2.9839e-18
19412.2268	1.9156e-17	2.9689e-18
19412.8268	1.9109e-17	2.9688e-18
19413.4268	1.9056e-17	2.9388e-18
19414.0267	1.9013e-17	2.8953e-18
19414.6267	1.9023e-17	2.8374e-18
19415.2267	1.9071e-17	2.7615e-18
19415.8266	1.9104e-17	2.6639e-18
19416.4266	1.9098e-17	2.5412e-18
19417.0266	1.9097e-17	2.5407e-18
19417.6265	1.9095e-17	2.4938e-18
19418.2365	1.9096e-17	2.4498e-18
19418.8365	1.9098e-17	2.4558e-18
19419.4364	1.9090e-17	2.4083e-18
19420.0364	1.9076e-17	2.3281e-18
19420.6364	1.9054e-17	2.3155e-18
19421.2363	1.9032e-17	2.0988e-18
19421.8363	1.8999e-17	1.9588e-18
19422.4363	1.8967e-17	1.9563e-18
19423.0362	1.8941e-17	1.9571e-18
19423.6362	1.8927e-17	1.9484e-18
19424.2362	1.8918e-17	1.9472e-18
19424.8361	1.8912e-17	1.9471e-18
19425.4361	1.8903e-17	1.9467e-18
19426.0361	1.8879e-17	1.9484e-18
19426.6361	1.8844e-17	1.9583e-18
19427.2360	1.8848e-17	1.9594e-18
19427.8360	1.8888e-17	1.9583e-18
19428.4360	1.8916e-17	1.9421e-18
19429.0359	1.8923e-17	1.9394e-18
19429.6359	1.8918e-17	1.9396e-18
19430.2359	1.8915e-17	1.9061e-18
19430.8358	1.8932e-17	1.7902e-18
19431.4358	1.8937e-17	1.6935e-18
19432.0358	1.8884e-17	1.6582e-18
19432.6357	1.8828e-17	1.6318e-18
19433.2357	1.8843e-17	1.6139e-18
19433.8357	1.8865e-17	1.5597e-18
19434.4356	1.8867e-17	1.5177e-18
19435.0356	1.8849e-17	1.4882e-18
19435.6356	1.8835e-17	1.4696e-18
19436.2355	1.8851e-17	1.4592e-18
19436.8355	1.8861e-17	1.4546e-18
19437.4355	1.8852e-17	1.4538e-18
19438.0354	1.8834e-17	1.4547e-18
19438.6354	1.8830e-17	1.4551e-18
19439.2354	1.8828e-17	1.4520e-18
19439.8353	1.8812e-17	1.4418e-18
19440.4353	1.8795e-17	1.4286e-18
19441.0353	1.8783e-17	1.4057e-18
19441.6352	1.8766e-17	1.4188e-18
19442.2352	1.8742e-17	1.3930e-18
19442.8352	1.8717e-17	1.3635e-18
19443.4352	1.8688e-17	1.3960e-18
19444.0351	1.8678e-17	1.4215e-18
19444.6351	1.8685e-17	1.4480e-18
19445.2351	1.8668e-17	1.4506e-18
19445.8350	1.8643e-17	1.4533e-18
19446.4350	1.8646e-17	1.4575e-18
19447.0350	1.8682e-17	1.4868e-18
19447.6349	1.8715e-17	1.5818e-18
19448.2349	1.8742e-17	1.5854e-18
19448.8349	1.8774e-17	1.5967e-18
19449.4348	1.8796e-17	1.5922e-18
19450.0348	1.8788e-17	1.5920e-18
19450.6348	1.8777e-17	1.5921e-18
19451.2347	1.8769e-17	1.5922e-18
19451.8347	1.8782e-17	1.5843e-18
19452.4347	1.8807e-17	1.5780e-18
19453.0346	1.8833e-17	1.5839e-18
19453.6346	1.8860e-17	1.5829e-18
19454.2346	1.8889e-17	1.5914e-18
19454.8345	1.8919e-17	1.5891e-18
19455.4345	1.8930e-17	1.5836e-18
19456.0345	1.8946e-17	1.5789e-18
19456.6344	1.8974e-17	1.5576e-18
19457.2344	1.8999e-17	1.5786e-18
19457.8344	1.9023e-17	1.6578e-18
19458.4343	1.9029e-17	1.6058e-18
19459.0343	1.9035e-17	1.5214e-18
19459.6343	1.9026e-17	1.5121e-18
19460.2343	1.9010e-17	1.5222e-18
19460.8342	1.8992e-17	1.4794e-18
19461.4342	1.8933e-17	1.4757e-18
19462.0342	1.8858e-17	1.4745e-18
19462.6341	1.8839e-17	1.4851e-18
19463.2341	1.8843e-17	1.5153e-18
19463.8441	1.8846e-17	1.5365e-18
19464.4440	1.8841e-17	1.5357e-18
19465.0440	1.8807e-17	1.5348e-18
19465.6440	1.8775e-17	1.5323e-18
19466.2439	1.8749e-17	1.5946e-18
19466.8439	1.8722e-17	1.6508e-18
19467.4439	1.8706e-17	1.6519e-18
19468.0438	1.8719e-17	1.6607e-18
19468.6438	1.8723e-17	1.6586e-18
19469.2438	1.8699e-17	1.6605e-18
19469.8437	1.8671e-17	1.6752e-18
19470.4437	1.8654e-17	1.6868e-18
19471.0437	1.8613e-17	1.6948e-18
19471.6436	1.8517e-17	1.7027e-18
19472.2436	1.8427e-17	1.7056e-18
19472.8436	1.8403e-17	1.7084e-18
19473.4435	1.8396e-17	1.7512e-18
19474.0435	1.8384e-17	1.8186e-18
19474.6435	1.8386e-17	1.8165e-18
19475.2435	1.8408e-17	1.8202e-18
19475.8434	1.8432e-17	1.8658e-18
19476.4434	1.8438e-17	1.8927e-18
19477.0434	1.8447e-17	1.8859e-18
19477.6433	1.8446e-17	1.8859e-18
19478.2433	1.8444e-17	1.8897e-18
19478.8433	1.8453e-17	1.9409e-18
19479.4432	1.8468e-17	1.9419e-18
19480.0432	1.8472e-17	1.9867e-18
19480.6432	1.8469e-17	1.9943e-18
19481.2431	1.8471e-17	1.9936e-18
19481.8431	1.8458e-17	2.0037e-18
19482.4431	1.8459e-17	2.0501e-18
19483.0430	1.8459e-17	2.0694e-18
19483.6430	1.8446e-17	2.0916e-18
19484.2430	1.8450e-17	2.1867e-18
19484.8429	1.8477e-17	2.2165e-18
19485.4429	1.8502e-17	2.2166e-18
19486.0429	1.8514e-17	2.2168e-18
19486.6428	1.8512e-17	2.2235e-18
19487.2428	1.8492e-17	2.2453e-18
19487.8428	1.8464e-17	2.2453e-18
19488.4427	1.8414e-17	2.2519e-18
19489.0427	1.8362e-17	2.2539e-18
19489.6427	1.8328e-17	2.2449e-18
19490.2426	1.8319e-17	2.2436e-18
19490.8426	1.8341e-17	2.2307e-18
19491.4426	1.8389e-17	2.2054e-18
19492.0426	1.8406e-17	2.1983e-18
19492.6425	1.8417e-17	2.1996e-18
19493.2425	1.8402e-17	2.1992e-18
19493.8425	1.8428e-17	2.2009e-18
19494.4424	1.8474e-17	2.1943e-18
19495.0424	1.8461e-17	2.1830e-18
19495.6424	1.8438e-17	2.1335e-18
19496.2423	1.8443e-17	2.1223e-18
19496.8423	1.8461e-17	2.1174e-18
19497.4423	1.8466e-17	2.1174e-18
19498.0422	1.8466e-17	2.1167e-18
19498.6422	1.8461e-17	2.1163e-18
19499.2422	1.8452e-17	2.1408e-18
19499.8421	1.8442e-17	2.2509e-18
19500.4421	1.8424e-17	2.4075e-18
19501.0421	1.8417e-17	2.4005e-18
19501.6420	1.8431e-17	2.5320e-18
19502.2420	1.8455e-17	2.6241e-18
19502.8420	1.8472e-17	2.6330e-18
19503.4419	1.8490e-17	2.6397e-18
19504.0419	1.8527e-17	2.6346e-18
19504.6419	1.8568e-17	2.6555e-18
19505.2418	1.8552e-17	2.6584e-18
19505.8418	1.8527e-17	2.8198e-18
19506.4418	1.8505e-17	3.0337e-18
19507.0418	1.8489e-17	3.0375e-18
19507.6417	1.8491e-17	3.0488e-18
19508.2417	1.8497e-17	3.0433e-18
19508.8417	1.8491e-17	3.0756e-18
19509.4416	1.8475e-17	3.0980e-18
19510.0516	1.8455e-17	3.1060e-18
19510.6516	1.8430e-17	3.1023e-18
19511.2515	1.8424e-17	3.0945e-18
19511.8515	1.8445e-17	3.1047e-18
19512.4515	1.8475e-17	3.1052e-18
19513.0514	1.8497e-17	3.1053e-18
19513.6514	1.8516e-17	3.1092e-18
19514.2514	1.8531e-17	3.0915e-18
19514.8513	1.8527e-17	3.0631e-18
19515.4513	1.8505e-17	3.0702e-18
19516.0513	1.8490e-17	3.0970e-18
19516.6512	1.8489e-17	3.1361e-18
19517.2512	1.8474e-17	3.1926e-18
19517.8512	1.8448e-17	3.1902e-18
19518.4511	1.8453e-17	3.1779e-18
19519.0511	1.8470e-17	3.1993e-18
19519.6511	1.8485e-17	3.2489e-18
19520.2510	1.8485e-17	3.2447e-18
19520.8510	1.8437e-17	3.2890e-18
19521.4510	1.8397e-17	3.3152e-18
19522.0510	1.8397e-17	3.3128e-18
19522.6509	1.8420e-17	3.3548e-18
19523.2509	1.8444e-17	3.3711e-18
19523.8509	1.8469e-17	3.3446e-18
19524.4508	1.8492e-17	3.3312e-18
19525.0508	1.8500e-17	3.3394e-18
19525.6508	1.8498e-17	3.3407e-18
19526.2507	1.8489e-17	3.3577e-18
19526.8507	1.8463e-17	3.3562e-18
19527.4507	1.8430e-17	3.3761e-18
19528.0506	1.8408e-17	3.3693e-18
19528.6506	1.8407e-17	3.3923e-18
19529.2506	1.8424e-17	3.4272e-18
19529.8505	1.8445e-17	3.4620e-18
19530.4505	1.8462e-17	3.4803e-18
19531.0505	1.8483e-17	3.5150e-18
19531.6504	1.8517e-17	3.5504e-18
19532.2504	1.8525e-17	3.5458e-18
19532.8504	1.8519e-17	3.5858e-18
19533.4503	1.8507e-17	3.6090e-18
19534.0503	1.8458e-17	3.6213e-18
19534.6503	1.8433e-17	3.6255e-18
19535.2503	1.8468e-17	3.6555e-18
19535.8502	1.8513e-17	3.7700e-18
19536.4502	1.8548e-17	3.7639e-18
19537.0502	1.8581e-17	3.8013e-18
19537.6501	1.8592e-17	3.8481e-18
19538.2501	1.8604e-17	3.8778e-18
19538.8501	1.8634e-17	3.8790e-18
19539.4500	1.8655e-17	3.8797e-18
19540.0500	1.8690e-17	3.8695e-18
19540.6500	1.8730e-17	3.8458e-18
19541.2499	1.8769e-17	3.8425e-18
19541.8499	1.8783e-17	3.8899e-18
19542.4499	1.8821e-17	3.9224e-18
19543.0498	1.8880e-17	3.9236e-18
19543.6498	1.8901e-17	3.9211e-18
19544.2498	1.8913e-17	3.9231e-18
19544.8497	1.8918e-17	3.9308e-18
19545.4497	1.8916e-17	4.1485e-18
19546.0497	1.8919e-17	4.3466e-18
19546.6496	1.8911e-17	4.3560e-18
19547.2496	1.8887e-17	4.3499e-18
19547.8496	1.8867e-17	4.3001e-18
19548.4495	1.8866e-17	4.2165e-18
19549.0495	1.8888e-17	4.2173e-18
19549.6495	1.8917e-17	4.1394e-18
19550.2495	1.8943e-17	4.0727e-18
19550.8494	1.8961e-17	4.0649e-18
19551.4494	1.8968e-17	4.0623e-18
19552.0494	1.8966e-17	4.0601e-18
19552.6493	1.8958e-17	4.0445e-18
19553.2493	1.8938e-17	4.0441e-18
19553.8493	1.8925e-17	3.9151e-18
19554.4492	1.8931e-17	3.7457e-18
19555.0492	1.8940e-17	3.7569e-18
19555.6592	1.8946e-17	3.7768e-18
19556.2591	1.8958e-17	3.7881e-18
19556.8591	1.8967e-17	3.7703e-18
19557.4591	1.8974e-17	3.7823e-18
19558.0590	1.8988e-17	3.7765e-18
19558.6590	1.8987e-17	3.7982e-18
19559.2590	1.8966e-17	3.8248e-18
19559.8589	1.8933e-17	3.8243e-18
19560.4589	1.8899e-17	3.8281e-18
19561.0589	1.8898e-17	3.8281e-18
19561.6588	1.8921e-17	3.8196e-18
19562.2588	1.8940e-17	3.8263e-18
19562.8588	1.8929e-17	3.8308e-18
19563.4587	1.8919e-17	3.8222e-18
19564.0587	1.8930e-17	3.7941e-18
19564.6587	1.8957e-17	3.7537e-18
19565.2587	1.8985e-17	3.7185e-18
19565.8586	1.8991e-17	3.7314e-18
19566.4586	1.8962e-17	3.8248e-18
19567.0586	1.8942e-17	3.8205e-18
19567.6585	1.8952e-17	3.7743e-18
19568.2585	1.8932e-17	3.7654e-18
19568.8585	1.8904e-17	3.8463e-18
19569.4584	1.8900e-17	3.8635e-18
19570.0584	1.8903e-17	3.8562e-18
19570.6584	1.8910e-17	3.8381e-18
19571.2583	1.8912e-17	3.8297e-18
19571.8583	1.8897e-17	3.8180e-18
19572.4583	1.8878e-17	3.7968e-18
19573.0582	1.8852e-17	3.7822e-18
19573.6582	1.8824e-17	3.7901e-18
19574.2582	1.8806e-17	3.7984e-18
19574.8581	1.8802e-17	3.7983e-18
19575.4581	1.8823e-17	3.7872e-18
19576.0581	1.8842e-17	3.7805e-18
19576.6580	1.8844e-17	3.7725e-18
19577.2580	1.8856e-17	3.7508e-18
19577.8580	1.8859e-17	3.7240e-18
19578.4580	1.8851e-17	3.6931e-18
19579.0579	1.8826e-17	3.6563e-18
19579.6579	1.8809e-17	3.6258e-18
19580.2579	1.8808e-17	3.5868e-18
19580.8578	1.8817e-17	3.5258e-18
19581.4578	1.8829e-17	3.5135e-18
19582.0578	1.8840e-17	3.5204e-18
19582.6577	1.8850e-17	3.5129e-18
19583.2577	1.8854e-17	3.4728e-18
19583.8577	1.8844e-17	3.3610e-18
19584.4576	1.8821e-17	3.3891e-18
19585.0576	1.8776e-17	3.3404e-18
19585.6576	1.8759e-17	3.2963e-18
19586.2575	1.8751e-17	3.2882e-18
19586.8575	1.8736e-17	3.2976e-18
19587.4575	1.8728e-17	3.2986e-18
19588.0574	1.8748e-17	3.2937e-18
19588.6574	1.8766e-17	3.3030e-18
19589.2574	1.8784e-17	3.3065e-18
19589.8573	1.8803e-17	3.2423e-18
19590.4573	1.8811e-17	3.1936e-18
19591.0573	1.8815e-17	3.1989e-18
19591.6573	1.8821e-17	3.2205e-18
19592.2572	1.8821e-17	3.2146e-18
19592.8572	1.8806e-17	3.2197e-18
19593.4572	1.8786e-17	2.9619e-18
19594.0571	1.8766e-17	2.6691e-18
19594.6571	1.8750e-17	2.8242e-18
19595.2571	1.8762e-17	2.9049e-18
19595.8570	1.8787e-17	2.9101e-18
19596.4570	1.8806e-17	2.9079e-18
19597.0570	1.8788e-17	2.9162e-18
19597.6569	1.8766e-17	2.9295e-18
19598.2569	1.8759e-17	2.9428e-18
19598.8569	1.8755e-17	2.9488e-18
19599.4568	1.8757e-17	2.9485e-18
19600.0568	1.8776e-17	2.9489e-18
19600.6568	1.8769e-17	2.9977e-18
19601.2667	1.8744e-17	3.0923e-18
19601.8667	1.8729e-17	3.1314e-18
19602.4667	1.8724e-17	3.1217e-18
19603.0666	1.8728e-17	3.1265e-18
19603.6666	1.8746e-17	3.1312e-18
19604.2666	1.8758e-17	3.1255e-18
19604.8666	1.8739e-17	3.1127e-18
19605.4665	1.8706e-17	3.0705e-18
19606.0665	1.8688e-17	3.1115e-18
19606.6665	1.8672e-17	3.1394e-18
19607.2664	1.8650e-17	3.1266e-18
19607.8664	1.8631e-17	3.2089e-18
19608.4664	1.8613e-17	3.2626e-18
19609.0663	1.8598e-17	3.2787e-18
19609.6663	1.8582e-17	3.3212e-18
19610.2663	1.8567e-17	3.3249e-18
19610.8662	1.8562e-17	3.3326e-18
19611.4662	1.8559e-17	3.3286e-18
19612.0662	1.8548e-17	3.3261e-18
19612.6661	1.8543e-17	3.3339e-18
19613.2661	1.8529e-17	3.2978e-18
19613.8661	1.8499e-17	3.2682e-18
19614.4660	1.8469e-17	3.1678e-18
19615.0660	1.8447e-17	3.1405e-18
19615.6660	1.8410e-17	3.0822e-18
19616.2659	1.8366e-17	3.1129e-18
19616.8659	1.8338e-17	3.1727e-18
19617.4659	1.8323e-17	3.1524e-18
19618.0659	1.8306e-17	3.1456e-18
19618.6658	1.8293e-17	3.1317e-18
19619.2658	1.8284e-17	3.1295e-18
19619.8658	1.8276e-17	3.1266e-18
19620.4657	1.8281e-17	3.1334e-18
19621.0657	1.8308e-17	3.1606e-18
19621.6657	1.8345e-17	3.1692e-18
19622.2656	1.8328e-17	3.1600e-18
19622.8656	1.8258e-17	3.1645e-18
19623.4656	1.8196e-17	3.1809e-18
19624.0655	1.8159e-17	3.1779e-18
19624.6655	1.8137e-17	3.1768e-18
19625.2655	1.8114e-17	3.1814e-18
19625.8654	1.8090e-17	3.1820e-18
19626.4654	1.8088e-17	3.1815e-18
19627.0654	1.8124e-17	3.2080e-18
19627.6653	1.8171e-17	3.2092e-18
19628.2653	1.8153e-17	3.1983e-18
19628.8653	1.8124e-17	3.2052e-18
19629.4652	1.8116e-17	3.1955e-18
19630.0652	1.8123e-17	3.1873e-18
19630.6652	1.8118e-17	3.1989e-18
19631.2652	1.8086e-17	3.2083e-18
19631.8651	1.8063e-17	3.2281e-18
19632.4651	1.8069e-17	3.1986e-18
19633.0651	1.8092e-17	3.2025e-18
19633.6650	1.8080e-17	3.2304e-18
19634.2650	1.8062e-17	3.2449e-18
19634.8650	1.8075e-17	3.2359e-18
19635.4649	1.8093e-17	3.2571e-18
19636.0649	1.8108e-17	3.2704e-18
19636.6649	1.8121e-17	3.2608e-18
19637.2648	1.8156e-17	3.2522e-18
19637.8648	1.8193e-17	3.2537e-18
19638.4648	1.8221e-17	3.2710e-18
19639.0647	1.8239e-17	3.2776e-18
19639.6647	1.8253e-17	3.2530e-18
19640.2647	1.8289e-17	3.3201e-18
19640.8646	1.8330e-17	3.3317e-18
19641.4646	1.8342e-17	3.3272e-18
19642.0646	1.8311e-17	3.3299e-18
19642.6646	1.8293e-17	3.1802e-18
19643.2645	1.8295e-17	3.0977e-18
19643.8645	1.8297e-17	3.0945e-18
19644.4645	1.8285e-17	3.0999e-18
19645.0644	1.8298e-17	3.0940e-18
19645.6644	1.8332e-17	3.1006e-18
19646.2644	1.8367e-17	3.1162e-18
19646.8743	1.8376e-17	3.1456e-18
19647.4743	1.8380e-17	3.1827e-18
19648.0743	1.8393e-17	3.1897e-18
19648.6742	1.8406e-17	3.1403e-18
19649.2742	1.8414e-17	3.0356e-18
19649.8742	1.8417e-17	2.9892e-18
19650.4741	1.8415e-17	2.9859e-18
19651.0741	1.8409e-17	2.9709e-18
19651.6741	1.8397e-17	2.9313e-18
19652.2740	1.8380e-17	2.9226e-18
19652.8740	1.8358e-17	2.9216e-18
19653.4740	1.8330e-17	2.9216e-18
19654.0739	1.8297e-17	2.8726e-18
19654.6739	1.8272e-17	2.8073e-18
19655.2739	1.8251e-17	2.7688e-18
19655.8739	1.8229e-17	2.6178e-18
19656.4738	1.8248e-17	2.5106e-18
19657.0738	1.8292e-17	2.5016e-18
19657.6738	1.8282e-17	2.4634e-18
19658.2737	1.8250e-17	2.4475e-18
19658.8737	1.8221e-17	2.4875e-18
19659.4737	1.8187e-17	2.4930e-18
19660.0736	1.8171e-17	2.4944e-18
19660.6736	1.8153e-17	2.5289e-18
19661.2736	1.8129e-17	2.6006e-18
19661.8735	1.8113e-17	2.5930e-18
19662.4735	1.8095e-17	2.5604e-18
19663.0735	1.8051e-17	2.5209e-18
19663.6734	1.8010e-17	2.5235e-18
19664.2734	1.8002e-17	2.4881e-18
19664.8734	1.7989e-17	2.3121e-18
19665.4733	1.7960e-17	2.3233e-18
19666.0733	1.7957e-17	2.3355e-18
19666.6733	1.8019e-17	2.3355e-18
19667.2733	1.8088e-17	2.3376e-18
19667.8732	1.8110e-17	2.3718e-18
19668.4732	1.8125e-17	2.4502e-18
19669.0732	1.8138e-17	2.4294e-18
19669.6731	1.8137e-17	2.4248e-18
19670.2731	1.8137e-17	2.4650e-18
19670.8731	1.8138e-17	2.4550e-18
19671.4730	1.8140e-17	2.4341e-18
19672.0730	1.8144e-17	2.4191e-18
19672.6730	1.8148e-17	2.3973e-18
19673.2729	1.8155e-17	2.3905e-18
19673.8729	1.8163e-17	2.3900e-18
19674.4729	1.8175e-17	2.3871e-18
19675.0728	1.8190e-17	2.3509e-18
19675.6728	1.8210e-17	2.3304e-18
19676.2728	1.8231e-17	2.3272e-18
19676.8727	1.8263e-17	2.3178e-18
19677.4727	1.8293e-17	2.3112e-18
19678.0727	1.8327e-17	2.2899e-18
19678.6726	1.8374e-17	2.2687e-18
19679.2726	1.8403e-17	2.2565e-18
19679.8726	1.8398e-17	2.2218e-18
19680.4726	1.8381e-17	2.2134e-18
19681.0725	1.8372e-17	2.2131e-18
19681.6725	1.8371e-17	2.1831e-18
19682.2725	1.8379e-17	2.1712e-18
19682.8724	1.8390e-17	2.1776e-18
19683.4724	1.8430e-17	2.1414e-18
19684.0724	1.8468e-17	2.1203e-18
19684.6723	1.8483e-17	2.1225e-18
19685.2723	1.8520e-17	2.1245e-18
19685.8723	1.8548e-17	2.1224e-18
19686.4722	1.8544e-17	2.1038e-18
19687.0722	1.8541e-17	2.1070e-18
19687.6722	1.8521e-17	2.1181e-18
19688.2721	1.8508e-17	2.0248e-18
19688.8721	1.8489e-17	2.0011e-18
19689.4721	1.8487e-17	2.0268e-18
19690.0720	1.8540e-17	2.0810e-18
19690.6720	1.8582e-17	2.1067e-18
19691.2720	1.8592e-17	2.0952e-18
19691.8720	1.8585e-17	2.0780e-18
19692.4819	1.8596e-17	2.0661e-18
19693.0819	1.8621e-17	2.0764e-18
19693.6819	1.8635e-17	2.0735e-18
19694.2818	1.8639e-17	2.0546e-18
19694.8818	1.8644e-17	2.0211e-18
19695.4818	1.8656e-17	1.9768e-18
19696.0817	1.8660e-17	1.9623e-18
19696.6817	1.8660e-17	1.9725e-18
19697.2817	1.8652e-17	1.9691e-18
19697.8816	1.8650e-17	1.9476e-18
19698.4816	1.8671e-17	1.9561e-18
19699.0816	1.8683e-17	1.9586e-18
19699.6815	1.8685e-17	1.9868e-18
19700.2815	1.8692e-17	1.9969e-18
19700.8815	1.8707e-17	1.9977e-18
19701.4814	1.8732e-17	1.9990e-18
19702.0814	1.8734e-17	2.0009e-18
19702.6814	1.8720e-17	2.0003e-18
19703.2814	1.8724e-17	2.0027e-18
19703.8813	1.8743e-17	2.0002e-18
19704.4813	1.8764e-17	2.0079e-18
19705.0813	1.8783e-17	2.0105e-18
19705.6812	1.8814e-17	2.0102e-18
19706.2812	1.8831e-17	2.0125e-18
19706.8812	1.8818e-17	1.9705e-18
19707.4811	1.8796e-17	1.9764e-18
19708.0811	1.8790e-17	1.9850e-18
19708.6811	1.8785e-17	1.9449e-18
19709.2810	1.8783e-17	1.8577e-18
19709.8810	1.8797e-17	1.8555e-18
19710.4810	1.8812e-17	1.8556e-18
19711.0809	1.8817e-17	1.8688e-18
19711.6809	1.8823e-17	1.8764e-18
19712.2809	1.8837e-17	1.8754e-18
19712.8808	1.8861e-17	1.8552e-18
19713.4808	1.8865e-17	1.8270e-18
19714.0808	1.8864e-17	1.8089e-18
19714.6808	1.8860e-17	1.8117e-18
19715.2807	1.8864e-17	1.8204e-18
19715.8807	1.8915e-17	1.8280e-18
19716.4807	1.8953e-17	1.7165e-18
19717.0806	1.8973e-17	1.6896e-18
19717.6806	1.8984e-17	1.6957e-18
19718.2806	1.8990e-17	1.6435e-18
19718.8805	1.8994e-17	1.6616e-18
19719.4805	1.8999e-17	1.6615e-18
19720.0805	1.9011e-17	1.6615e-18
19720.6804	1.9030e-17	1.6692e-18
19721.2804	1.9048e-17	1.6696e-18
19721.8804	1.9087e-17	1.6792e-18
19722.4803	1.9142e-17	1.6984e-18
19723.0803	1.9188e-17	1.7142e-18
19723.6803	1.9218e-17	1.7267e-18
19724.2802	1.9223e-17	1.7365e-18
19724.8802	1.9201e-17	1.7438e-18
19725.4802	1.9192e-17	1.7492e-18
19726.0802	1.9197e-17	1.7530e-18
19726.6801	1.9211e-17	1.7556e-18
19727.2801	1.9248e-17	1.7526e-18
19727.8801	1.9288e-17	1.7397e-18
19728.4800	1.9328e-17	1.7398e-18
19729.0800	1.9393e-17	1.7250e-18
19729.6800	1.9459e-17	1.6879e-18
19730.2799	1.9485e-17	1.6072e-18
19730.8799	1.9493e-17	1.5896e-18
19731.4799	1.9498e-17	1.5912e-18
19732.0798	1.9504e-17	1.5901e-18
19732.6798	1.9525e-17	1.5901e-18
19733.2798	1.9547e-17	1.5888e-18
19733.8797	1.9565e-17	1.6060e-18
19734.4797	1.9592e-17	1.6189e-18
19735.0797	1.9608e-17	1.5947e-18
19735.6796	1.9616e-17	1.5853e-18
19736.2796	1.9610e-17	1.5883e-18
19736.8796	1.9625e-17	1.5873e-18
19737.4796	1.9616e-17	1.5498e-18
19738.0895	1.9562e-17	1.4595e-18
19738.6895	1.9551e-17	1.4141e-18
19739.2895	1.9563e-17	1.4246e-18
19739.8894	1.9573e-17	1.4265e-18
19740.4894	1.9586e-17	1.4243e-18
19741.0894	1.9592e-17	1.4165e-18
19741.6893	1.9606e-17	1.4075e-18
19742.2893	1.9636e-17	1.3994e-18
19742.8893	1.9661e-17	1.3891e-18
19743.4892	1.9669e-17	1.3778e-18
19744.0892	1.9662e-17	1.3779e-18
19744.6892	1.9656e-17	1.3539e-18
19745.2891	1.9644e-17	1.3487e-18
19745.8891	1.9626e-17	1.3445e-18
19746.4891	1.9619e-17	1.3285e-18
19747.0890	1.9630e-17	1.3281e-18
19747.6890	1.9639e-17	1.2937e-18
19748.2890	1.9655e-17	1.2827e-18
19748.8890	1.9661e-17	1.2841e-18
19749.4889	1.9648e-17	1.2835e-18
19750.0889	1.9639e-17	1.2849e-18
19750.6889	1.9628e-17	1.2903e-18
19751.2888	1.9608e-17	1.2845e-18
19751.8888	1.9592e-17	1.2852e-18
19752.4888	1.9578e-17	1.2671e-18
19753.0887	1.9560e-17	1.2526e-18
19753.6887	1.9551e-17	1.2507e-18
19754.2887	1.9550e-17	1.2667e-18
19754.8886	1.9562e-17	1.2554e-18
19755.4886	1.9590e-17	1.2435e-18
19756.0886	1.9589e-17	1.2445e-18
19756.6885	1.9572e-17	1.2510e-18
19757.2885	1.9554e-17	1.2383e-18
19757.8885	1.9540e-17	1.2248e-18
19758.4884	1.9531e-17	1.2243e-18
19759.0884	1.9530e-17	1.2024e-18
19759.6884	1.9519e-17	1.1823e-18
19760.2884	1.9498e-17	1.1717e-18
19760.8883	1.9496e-17	1.1721e-18
19761.4883	1.9523e-17	1.1781e-18
19762.0883	1.9539e-17	1.1796e-18
19762.6882	1.9544e-17	1.1762e-18
19763.2882	1.9562e-17	1.1534e-18
19763.8882	1.9571e-17	1.0667e-18
19764.4881	1.9570e-17	1.0535e-18
19765.0881	1.9568e-17	1.0662e-18
19765.6881	1.9556e-17	1.0320e-18
19766.2880	1.9544e-17	1.0373e-18
19766.8880	1.9548e-17	1.1036e-18
19767.4880	1.9550e-17	1.1092e-18
19768.0879	1.9557e-17	1.1243e-18
19768.6879	1.9578e-17	1.1327e-18
19769.2879	1.9594e-17	1.1548e-18
19772.8877	1.9605e-17	1.1955e-18
19773.4877	1.9601e-17	1.1988e-18
19774.0876	1.9590e-17	1.1805e-18
19774.6876	1.9593e-17	1.1617e-18
19775.2876	1.9597e-17	1.1649e-18
19775.8875	1.9598e-17	1.1534e-18
19776.4875	1.9592e-17	1.1428e-18
19777.0875	1.9587e-17	1.1375e-18
19777.6874	1.9586e-17	1.1446e-18
19778.2874	1.9583e-17	1.1396e-18
19778.8874	1.9579e-17	1.1496e-18
19779.4873	1.9570e-17	1.1618e-18
19780.0873	1.9555e-17	1.1939e-18
19780.6873	1.9546e-17	1.2570e-18
19781.2873	1.9540e-17	1.2727e-18
19781.8872	1.9515e-17	1.2716e-18
19782.4872	1.9509e-17	1.2717e-18
19783.0872	1.9529e-17	1.2718e-18
19783.6971	1.9532e-17	1.2644e-18
19784.2971	1.9523e-17	1.2678e-18
19784.8971	1.9535e-17	1.2542e-18
19785.4970	1.9564e-17	1.2304e-18
19786.0970	1.9575e-17	1.2274e-18
19786.6970	1.9576e-17	1.2259e-18
19787.2969	1.9581e-17	1.2239e-18
19787.8969	1.9582e-17	1.2233e-18
19788.4969	1.9572e-17	1.2225e-18
19789.0968	1.9559e-17	1.2236e-18
19789.6968	1.9544e-17	1.2242e-18
19790.2968	1.9537e-17	1.2147e-18
19790.8968	1.9548e-17	1.2143e-18
19791.4967	1.9559e-17	1.2133e-18
19792.0967	1.9579e-17	1.2113e-18
19792.6967	1.9619e-17	1.2143e-18
19793.2966	1.9641e-17	1.2309e-18
19793.8966	1.9629e-17	1.2331e-18
19794.4966	1.9608e-17	1.2293e-18
19795.0965	1.9607e-17	1.2276e-18
19795.6965	1.9618e-17	1.2299e-18
19796.2965	1.9626e-17	1.2398e-18
19796.8964	1.9627e-17	1.2611e-18
19797.4964	1.9635e-17	1.2876e-18
19798.0964	1.9660e-17	1.2902e-18
19798.6963	1.9676e-17	1.2899e-18
19799.2963	1.9682e-17	1.2897e-18
19799.8963	1.9693e-17	1.2888e-18
19800.4962	1.9710e-17	1.2966e-18
19801.0962	1.9724e-17	1.2982e-18
19801.6962	1.9724e-17	1.3069e-18
19802.2962	1.9716e-17	1.3209e-18
19802.8961	1.9714e-17	1.3213e-18
19803.4961	1.9706e-17	1.3199e-18
19804.0961	1.9696e-17	1.3210e-18
19804.6960	1.9706e-17	1.3267e-18
19805.2960	1.9722e-17	1.3133e-18
19805.8960	1.9740e-17	1.3070e-18
19806.4959	1.9772e-17	1.3038e-18
19807.0959	1.9793e-17	1.3097e-18
19807.6959	1.9786e-17	1.3034e-18
19808.2958	1.9768e-17	1.3038e-18
19808.8958	1.9757e-17	1.3042e-18
19809.4958	1.9761e-17	1.3070e-18
19810.0957	1.9765e-17	1.3074e-18
19810.6957	1.9756e-17	1.3152e-18
19811.2957	1.9745e-17	1.3416e-18
19811.8957	1.9736e-17	1.3669e-18
19812.4956	1.9733e-17	1.3837e-18
19813.0956	1.9738e-17	1.3839e-18
19813.6956	1.9764e-17	1.3841e-18
19814.2955	1.9803e-17	1.3876e-18
19814.8955	1.9836e-17	1.4079e-18
19815.4955	1.9851e-17	1.4022e-18
19816.0954	1.9853e-17	1.4199e-18
19816.6954	1.9855e-17	1.4271e-18
19817.2954	1.9847e-17	1.4205e-18
19817.8953	1.9828e-17	1.3412e-18
19818.4953	1.9818e-17	1.3348e-18
19819.0953	1.9817e-17	1.3261e-18
19819.6952	1.9817e-17	1.3112e-18
19820.2952	1.9829e-17	1.2930e-18
19820.8952	1.9854e-17	1.2434e-18
19821.4951	1.9872e-17	1.2143e-18
19822.0951	1.9880e-17	1.2070e-18
19822.6951	1.9893e-17	1.2100e-18
19823.2951	1.9902e-17	1.1944e-18
19823.8950	1.9905e-17	1.2014e-18
19824.4950	1.9915e-17	1.2025e-18
19825.0950	1.9923e-17	1.2055e-18
19825.6949	1.9926e-17	1.2192e-18
19826.2949	1.9930e-17	1.2373e-18
19826.8949	1.9940e-17	1.2209e-18
19827.4948	1.9945e-17	1.2070e-18
19828.0948	1.9949e-17	1.1919e-18
19828.6948	1.9955e-17	1.1368e-18
19829.2947	1.9966e-17	1.1230e-18
19829.9047	1.9981e-17	1.1295e-18
19830.5047	1.9984e-17	1.1297e-18
19831.1046	1.9970e-17	1.1434e-18
19831.7046	1.9979e-17	1.1652e-18
19832.3046	1.9996e-17	1.1600e-18
19832.9046	1.9993e-17	1.1598e-18
19833.5045	1.9983e-17	1.1572e-18
19834.1045	1.9976e-17	1.1488e-18
19834.7045	1.9980e-17	1.1537e-18
19835.3044	1.9972e-17	1.1598e-18
19835.9044	1.9967e-17	1.1626e-18
19836.5044	1.9979e-17	1.1748e-18
19837.1043	1.9982e-17	1.1727e-18
19837.7043	1.9976e-17	1.1746e-18
19838.3043	1.9975e-17	1.1762e-18
19838.9042	1.9981e-17	1.1760e-18
19839.5042	1.9999e-17	1.1797e-18
19840.1042	2.0029e-17	1.1904e-18
19840.7041	2.0050e-17	1.1885e-18
19841.3041	2.0051e-17	1.1765e-18
19841.9041	2.0033e-17	1.1959e-18
19842.5041	2.0038e-17	1.2003e-18
19843.1040	2.0056e-17	1.2011e-18
19843.7040	2.0061e-17	1.2011e-18
19844.3040	2.0067e-17	1.2201e-18
19844.9039	2.0082e-17	1.2297e-18
19845.5039	2.0088e-17	1.2099e-18
19846.1039	2.0082e-17	1.2095e-18
19846.7038	2.0073e-17	1.2105e-18
19847.3038	2.0061e-17	1.2108e-18
19847.9038	2.0051e-17	1.2122e-18
19848.5037	2.0041e-17	1.2067e-18
19849.1037	2.0031e-17	1.2061e-18
19849.7037	2.0028e-17	1.1873e-18
19850.3036	2.0021e-17	1.1705e-18
19850.9036	2.0007e-17	1.1680e-18
19851.5036	2.0003e-17	1.1689e-18
19852.1036	2.0004e-17	1.1646e-18
19852.7035	2.0003e-17	1.1521e-18
19853.3035	1.9992e-17	1.1498e-18
19853.9035	1.9988e-17	1.1580e-18
19854.5034	1.9999e-17	1.1576e-18
19855.1034	2.0003e-17	1.1405e-18
19855.7034	2.0000e-17	1.1878e-18
19856.3033	1.9981e-17	1.1910e-18
19856.9033	1.9969e-17	1.1916e-18
19857.5033	1.9965e-17	1.1936e-18
19858.1032	1.9967e-17	1.2228e-18
19858.7032	1.9980e-17	1.2367e-18
19859.3032	1.9990e-17	1.2148e-18
19859.9031	1.9999e-17	1.1868e-18
19860.5031	2.0007e-17	1.1581e-18
19861.1031	2.0012e-17	1.1550e-18
19861.7031	2.0009e-17	1.1539e-18
19862.3030	2.0004e-17	1.1521e-18
19862.9030	2.0010e-17	1.1362e-18
19863.5030	2.0021e-17	1.1373e-18
19864.1029	2.0030e-17	1.0941e-18
19864.7029	2.0032e-17	1.0894e-18
19865.3029	2.0028e-17	1.0833e-18
19865.9028	2.0019e-17	1.0855e-18
19866.5028	1.9996e-17	1.0851e-18
19867.1028	1.9978e-17	1.0804e-18
19867.7027	1.9955e-17	1.0837e-18
19868.3027	1.9937e-17	1.0885e-18
19868.9027	1.9922e-17	1.0889e-18
19869.5026	1.9925e-17	1.0839e-18
19870.1026	1.9942e-17	1.0846e-18
19870.7026	1.9960e-17	1.0877e-18
19871.3026	1.9967e-17	1.0874e-18
19871.9025	1.9961e-17	1.1450e-18
19872.5025	1.9955e-17	1.1649e-18
19873.1025	1.9970e-17	1.1633e-18
19873.7024	1.9994e-17	1.1521e-18
19874.3024	2.0008e-17	1.1790e-18
19874.9024	2.0020e-17	1.2127e-18
19875.5123	2.0025e-17	1.2084e-18
19876.1123	2.0029e-17	1.2077e-18
19876.7123	2.0034e-17	1.2069e-18
19877.3122	2.0042e-17	1.2071e-18
19877.9122	2.0059e-17	1.2001e-18
19878.5122	2.0074e-17	1.2138e-18
19879.1121	2.0078e-17	1.2076e-18
19879.7121	2.0090e-17	1.1822e-18
19880.3121	2.0121e-17	1.1856e-18
19880.9120	2.0150e-17	1.1935e-18
19881.5120	2.0160e-17	1.2056e-18
19882.1120	2.0155e-17	1.2600e-18
19882.7120	2.0138e-17	1.2673e-18
19883.3119	2.0140e-17	1.2619e-18
19883.9119	2.0163e-17	1.2586e-18
19884.5119	2.0185e-17	1.2477e-18
19885.1118	2.0186e-17	1.2477e-18
19885.7118	2.0167e-17	1.2447e-18
19886.3118	2.0158e-17	1.2502e-18
19886.9117	2.0173e-17	1.2538e-18
19887.5117	2.0189e-17	1.2496e-18
19888.1117	2.0189e-17	1.2352e-18
19888.7116	2.0171e-17	1.2257e-18
19889.3116	2.0140e-17	1.2051e-18
19889.9116	2.0121e-17	1.1663e-18
19890.5116	2.0096e-17	1.1562e-18
19891.1115	2.0070e-17	1.1632e-18
19891.7115	2.0078e-17	1.2091e-18
19892.3115	2.0106e-17	1.2060e-18
19892.9114	2.0115e-17	1.1886e-18
19893.5114	2.0101e-17	1.1900e-18
19894.1114	2.0101e-17	1.1891e-18
19894.7113	2.0113e-17	1.1903e-18
19895.3113	2.0131e-17	1.1925e-18
19895.9113	2.0167e-17	1.1908e-18
19896.5112	2.0194e-17	1.1921e-18
19897.1112	2.0188e-17	1.1889e-18
19897.7112	2.0155e-17	1.2126e-18
19898.3111	2.0127e-17	1.2520e-18
19898.9111	2.0131e-17	1.2600e-18
19899.5111	2.0158e-17	1.2612e-18
19900.1111	2.0203e-17	1.2670e-18
19900.7110	2.0231e-17	1.2851e-18
19901.3110	2.0217e-17	1.3011e-18
19901.9110	2.0192e-17	1.2974e-18
19902.5109	2.0170e-17	1.3017e-18
19903.1109	2.0168e-17	1.2981e-18
19903.7109	2.0173e-17	1.2663e-18
19904.3108	2.0185e-17	1.2697e-18
19904.9108	2.0211e-17	1.2704e-18
19905.5108	2.0243e-17	1.2690e-18
19906.1107	2.0273e-17	1.2427e-18
19906.7107	2.0322e-17	1.2210e-18
19907.3107	2.0378e-17	1.2153e-18
19907.9106	2.0443e-17	1.2108e-18
19908.5106	2.0508e-17	1.2047e-18
19909.1106	2.0574e-17	1.2043e-18
19909.7106	2.0640e-17	1.2105e-18
19910.3105	2.0709e-17	1.2056e-18
19910.9105	2.0765e-17	1.1984e-18
19911.5105	2.0745e-17	1.1946e-18
19912.1104	2.0696e-17	1.1963e-18
19912.7104	2.0639e-17	1.1920e-18
19913.3104	2.0597e-17	1.1982e-18
19913.9103	2.0538e-17	1.1953e-18
19914.5103	2.0502e-17	1.2057e-18
19915.1103	2.0469e-17	1.2061e-18
19915.7102	2.0446e-17	1.1938e-18
19916.3102	2.0442e-17	1.1844e-18
19916.9102	2.0414e-17	1.1803e-18
19917.5101	2.0384e-17	1.1804e-18
19918.1101	2.0362e-17	1.1806e-18
19918.7101	2.0319e-17	1.1706e-18
19919.3101	2.0264e-17	1.1706e-18
19919.9100	2.0226e-17	1.1208e-18
19920.5100	2.0210e-17	1.1068e-18
19921.1200	2.0212e-17	1.1080e-18
19921.7199	2.0188e-17	1.1011e-18
19922.3199	2.0162e-17	1.0677e-18
19922.9199	2.0146e-17	1.0377e-18
19923.5198	2.0143e-17	1.0421e-18
19924.1198	2.0157e-17	1.0309e-18
19924.7198	2.0140e-17	1.0376e-18
19925.3197	2.0130e-17	1.0364e-18
19925.9197	2.0124e-17	1.0461e-18
19926.5197	2.0079e-17	1.0373e-18
19927.1196	2.0042e-17	1.0408e-18
19927.7196	2.0025e-17	1.0408e-18
19928.3196	2.0012e-17	1.0614e-18
19928.9196	2.0014e-17	1.0704e-18
19929.5195	2.0029e-17	1.0542e-18
19930.1195	2.0021e-17	1.0161e-18
19930.7195	2.0061e-17	9.9263e-19
19931.3194	2.0101e-17	9.9276e-19
19931.9194	2.0029e-17	9.9911e-19
19932.5194	1.9938e-17	9.9419e-19
19933.1193	1.9938e-17	9.9437e-19
19933.7193	1.9971e-17	9.9221e-19
19934.3193	1.9947e-17	9.7937e-19
19934.9192	1.9935e-17	9.7015e-19
19935.5192	1.9950e-17	9.8477e-19
19936.1192	1.9951e-17	9.9672e-19
19936.7191	1.9938e-17	9.9558e-19
19937.3191	1.9930e-17	9.9588e-19
19937.9191	1.9905e-17	9.8852e-19
19938.5191	1.9859e-17	9.8375e-19
19939.1190	1.9878e-17	9.6857e-19
19939.7190	1.9875e-17	9.0199e-19
19940.3190	1.9851e-17	9.8727e-19
19940.9189	1.9849e-17	1.0673e-18
19941.5189	1.9882e-17	1.2022e-18
19942.1189	1.9922e-17	1.2912e-18
19942.7188	1.9932e-17	1.3635e-18
19943.3188	1.9918e-17	1.3655e-18
19943.9188	1.9889e-17	1.3733e-18
19944.5187	1.9839e-17	1.3772e-18
19945.1187	1.9824e-17	1.3783e-18
19945.7187	1.9843e-17	1.4001e-18
19946.3187	1.9868e-17	1.4151e-18
19946.9186	1.9927e-17	1.4093e-18
19947.5186	1.9967e-17	1.4255e-18
19948.1186	1.9960e-17	1.4205e-18
19948.7185	1.9924e-17	1.4067e-18
19949.3185	1.9856e-17	1.3962e-18
19949.9185	1.9814e-17	1.3942e-18
19950.5184	1.9828e-17	1.3902e-18
19951.1184	1.9869e-17	1.3910e-18
19951.7184	1.9917e-17	1.3868e-18
19952.3183	1.9941e-17	1.3811e-18
19952.9183	1.9965e-17	1.3979e-18
19953.5183	1.9959e-17	1.3987e-18
19954.1182	1.9909e-17	1.4138e-18
19954.7182	1.9861e-17	1.4289e-18
19955.3182	1.9818e-17	1.4278e-18
19955.9182	1.9780e-17	1.4503e-18
19956.5181	1.9797e-17	1.5325e-18
19957.1181	1.9807e-17	1.5302e-18
19957.7181	1.9830e-17	1.5510e-18
19958.3180	1.9893e-17	1.5658e-18
19958.9180	1.9978e-17	1.5670e-18
19959.5180	2.0030e-17	1.5995e-18
19960.1179	2.0028e-17	1.6111e-18
19960.7179	1.9987e-17	1.6140e-18
19961.3179	1.9974e-17	1.6187e-18
19961.9178	2.0006e-17	1.6107e-18
19962.5178	2.0041e-17	1.6238e-18
19963.1178	2.0087e-17	1.6942e-18
19963.7178	2.0139e-17	1.7810e-18
19964.3177	2.0202e-17	1.8386e-18
19964.9177	2.0219e-17	1.8394e-18
19965.5177	2.0224e-17	1.8442e-18
19966.1176	2.0212e-17	1.8648e-18
19966.7276	2.0217e-17	1.8617e-18
19967.3276	2.0166e-17	1.9519e-18
19967.9275	2.0129e-17	2.0136e-18
19968.5275	2.0195e-17	2.0262e-18
19969.1275	2.0238e-17	2.0255e-18
19969.7274	2.0258e-17	2.1047e-18
19970.3274	2.0297e-17	2.1956e-18
19970.9274	2.0347e-17	2.1991e-18
19971.5273	2.0377e-17	2.3019e-18
19972.1273	2.0356e-17	2.4292e-18
19972.7273	2.0338e-17	2.4484e-18
19973.3273	2.0326e-17	2.4637e-18
19973.9272	2.0316e-17	2.5037e-18
19974.5272	2.0320e-17	2.5023e-18
19975.1272	2.0343e-17	2.5063e-18
19975.7271	2.0352e-17	2.5151e-18
19976.3271	2.0344e-17	2.5159e-18
19976.9271	2.0356e-17	2.4989e-18
19977.5270	2.0348e-17	2.4974e-18
19978.1270	2.0313e-17	2.5006e-18
19978.7270	2.0286e-17	2.5222e-18
19979.3269	2.0279e-17	2.5679e-18
19979.9269	2.0267e-17	2.6474e-18
19980.5269	2.0272e-17	2.8072e-18
19981.1268	2.0284e-17	3.0072e-18
19981.7268	2.0299e-17	3.3072e-18
19982.3268	2.0315e-17	3.6395e-18
19982.9268	2.0314e-17	4.0027e-18
19983.5267	2.0298e-17	4.3906e-18
19984.1267	2.0279e-17	4.7992e-18
19984.7267	2.0254e-17	5.1118e-18
19985.3266	2.0224e-17	5.1268e-18
19985.9266	2.0195e-17	5.1283e-18
19986.5266	2.0180e-17	5.1402e-18
19987.1265	2.0157e-17	5.1439e-18
19987.7265	2.0127e-17	5.1824e-18
19988.3265	2.0114e-17	5.1750e-18
19988.9264	2.0118e-17	5.1661e-18
19989.5264	2.0120e-17	5.1337e-18
19990.1264	2.0123e-17	5.1230e-18
19990.7264	2.0121e-17	5.0987e-18
19991.3263	2.0103e-17	5.0962e-18
19991.9263	2.0081e-17	5.0988e-18
19992.5263	2.0049e-17	5.1008e-18
19993.1262	1.9980e-17	5.1360e-18
19993.7262	1.9908e-17	5.1366e-18
19994.3262	1.9854e-17	5.1193e-18
19994.9261	1.9829e-17	5.1314e-18
19995.5261	1.9799e-17	5.1291e-18
19996.1261	1.9753e-17	5.1295e-18
19996.7260	1.9719e-17	5.1321e-18
19997.3260	1.9705e-17	5.1289e-18
19997.9260	1.9678e-17	5.1441e-18
19998.5260	1.9648e-17	5.1441e-18
19999.1259	1.9595e-17	5.1446e-18
19999.7259	1.9503e-17	5.1454e-18
20000.3259	1.9418e-17	5.2103e-18
20000.9258	1.9377e-17	5.2566e-18
20001.5258	1.9323e-17	5.2625e-18
20002.1258	1.9282e-17	5.2608e-18
20002.7257	1.9260e-17	5.2610e-18
20003.3257	1.9247e-17	5.2670e-18
20004.5256	1.9236e-17	5.2604e-18
20005.1256	1.9216e-17	5.2959e-18
20006.3255	1.9181e-17	5.3751e-18
20006.9255	1.9141e-17	5.5076e-18
20007.5255	1.9072e-17	5.7256e-18
20008.1255	1.8987e-17	5.7262e-18
20008.7254	1.8927e-17	5.7782e-18
20009.3254	1.8902e-17	5.7833e-18
20009.9254	1.8866e-17	5.7886e-18
20010.5253	1.8830e-17	5.7986e-18
20011.1253	1.8802e-17	5.8022e-18
20011.7253	1.8754e-17	5.8020e-18
20012.3352	1.8714e-17	5.7680e-18
20012.9352	1.8674e-17	5.7434e-18
20013.5352	1.8639e-17	5.7871e-18
20014.1351	1.8617e-17	5.7851e-18
20014.7351	1.8589e-17	5.7884e-18
20015.3351	1.8552e-17	5.8133e-18
20015.9351	1.8514e-17	5.8104e-18
20016.5350	1.8475e-17	5.7776e-18
20017.1350	1.8436e-17	5.7726e-18
20017.7350	1.8397e-17	5.7588e-18
20018.3349	1.8368e-17	5.7686e-18
20018.9349	1.8341e-17	5.8107e-18
20019.5349	1.8303e-17	5.9026e-18
20020.1348	1.8255e-17	5.9076e-18
20020.7348	1.8203e-17	5.8463e-18
20021.3348	1.8158e-17	5.7663e-18
20021.9347	1.8115e-17	5.7849e-18
20022.5347	1.8069e-17	5.7979e-18
20023.1347	1.8018e-17	5.8018e-18
20023.7346	1.7967e-17	5.8945e-18
20024.3346	1.7921e-17	6.1498e-18
20024.9346	1.7893e-17	6.2740e-18
20025.5346	1.7872e-17	6.2554e-18
20026.1345	1.7841e-17	6.2640e-18
20026.7345	1.7785e-17	6.2889e-18
20027.3345	1.7707e-17	6.2892e-18
20027.9344	1.7675e-17	6.2893e-18
20028.5344	1.7624e-17	6.3056e-18
20029.1344	1.7540e-17	6.4523e-18
20029.7343	1.7504e-17	6.5650e-18
20030.3343	1.7503e-17	6.6612e-18
20030.9343	1.7513e-17	6.7098e-18
20031.5342	1.7515e-17	6.5567e-18
20032.1342	1.7517e-17	6.3443e-18
20032.7342	1.7520e-17	6.0535e-18
20033.3342	1.7514e-17	5.7203e-18
20033.9341	1.7523e-17	5.4831e-18
20034.5341	1.7501e-17	5.4774e-18
20035.1341	1.7443e-17	5.4949e-18
20035.7340	1.7392e-17	5.6119e-18
20036.3340	1.7328e-17	5.6360e-18
20036.9340	1.7277e-17	5.6277e-18
20037.5339	1.7265e-17	5.6471e-18
20038.1339	1.7280e-17	5.7155e-18
20038.7339	1.7282e-17	5.7898e-18
20039.3338	1.7278e-17	5.8623e-18
20039.9338	1.7274e-17	5.8650e-18
20040.5338	1.7268e-17	5.8656e-18
20041.1338	1.7261e-17	5.8803e-18
20041.7337	1.7255e-17	5.8805e-18
20042.3337	1.7251e-17	5.9711e-18
20042.9337	1.7245e-17	6.0307e-18
20043.5336	1.7241e-17	6.1333e-18
20044.1336	1.7235e-17	6.1627e-18
20044.7336	1.7229e-17	6.1745e-18
20045.3335	1.7223e-17	6.2404e-18
20045.9335	1.7208e-17	6.3469e-18
20046.5335	1.7195e-17	6.3867e-18
20047.1334	1.7188e-17	6.3610e-18
20047.7334	1.7171e-17	6.3601e-18
20048.3334	1.7147e-17	6.3594e-18
20048.9334	1.7124e-17	6.3596e-18
20049.5333	1.7109e-17	6.3377e-18
20050.1333	1.7089e-17	6.3429e-18
20050.7333	1.7054e-17	6.3662e-18
20051.3332	1.7019e-17	6.3757e-18
20051.9332	1.6994e-17	6.3793e-18
20052.5332	1.6986e-17	6.3708e-18
20053.1331	1.6954e-17	6.3757e-18
20053.7331	1.6935e-17	6.2963e-18
20054.3331	1.6918e-17	6.1945e-18
20054.9330	1.6871e-17	6.1092e-18
20055.5330	1.6834e-17	5.9544e-18
20056.1330	1.6800e-17	5.9735e-18
20056.7329	1.6735e-17	5.9191e-18
20057.3329	1.6663e-17	5.9643e-18
20057.9429	1.6606e-17	5.9855e-18
20058.5429	1.6566e-17	5.9671e-18
20059.1428	1.6539e-17	5.9668e-18
20059.7428	1.6527e-17	5.9601e-18
20060.3428	1.6512e-17	5.9572e-18
20060.9427	1.6499e-17	5.9517e-18
20061.5427	1.6477e-17	5.9060e-18
20062.1427	1.6461e-17	5.8941e-18
20062.7426	1.6461e-17	5.8937e-18
20063.3426	1.6460e-17	5.8839e-18
20063.9426	1.6468e-17	5.9071e-18
20064.5425	1.6475e-17	5.9070e-18
20065.1425	1.6483e-17	5.8941e-18
20065.7425	1.6476e-17	5.9336e-18
20066.3425	1.6454e-17	5.9430e-18
20066.9424	1.6433e-17	5.9071e-18
20067.5424	1.6424e-17	5.8137e-18
20068.1424	1.6430e-17	5.8096e-18
20068.7423	1.6446e-17	5.8199e-18
20069.3423	1.6446e-17	5.8217e-18
20069.9423	1.6435e-17	5.7797e-18
20070.5422	1.6438e-17	5.7785e-18
20071.1422	1.6446e-17	5.7770e-18
20071.7422	1.6457e-17	5.7033e-18
20072.3421	1.6468e-17	5.4543e-18
20072.9421	1.6477e-17	5.3092e-18
20073.5421	1.6485e-17	5.3105e-18
20074.1421	1.6490e-17	5.2907e-18
20074.7420	1.6504e-17	5.3112e-18
20075.3420	1.6529e-17	5.3674e-18
20075.9420	1.6548e-17	5.3670e-18
20076.5419	1.6558e-17	5.3491e-18
20077.1419	1.6568e-17	5.1575e-18
20077.7419	1.6587e-17	4.9439e-18
20078.3418	1.6622e-17	4.6879e-18
20078.9418	1.6672e-17	4.3824e-18
20079.5418	1.6701e-17	4.3380e-18
20080.1417	1.6711e-17	4.2897e-18
20080.7417	1.6722e-17	4.2808e-18
20081.3417	1.6750e-17	4.3072e-18
20081.9417	1.6792e-17	4.3585e-18
20082.5416	1.6830e-17	4.3975e-18
20083.1416	1.6851e-17	4.3428e-18
20083.7416	1.6866e-17	4.1040e-18
20084.3415	1.6880e-17	4.0222e-18
20084.9415	1.6896e-17	4.0277e-18
20085.5415	1.6923e-17	4.0277e-18
20086.1414	1.6956e-17	3.9856e-18
20086.7414	1.7002e-17	3.9309e-18
20087.3414	1.7037e-17	3.8414e-18
20087.9413	1.7038e-17	3.8455e-18
20088.5413	1.7014e-17	3.8290e-18
20089.1413	1.7035e-17	3.7461e-18
20089.7413	1.7091e-17	3.7381e-18
20090.3412	1.7151e-17	3.4822e-18
20090.9412	1.7208e-17	3.2942e-18
20091.5412	1.7262e-17	3.1842e-18
20092.1411	1.7265e-17	3.1377e-18
20092.7411	1.7274e-17	3.1388e-18
20093.3411	1.7323e-17	3.0733e-18
20093.9410	1.7395e-17	2.9325e-18
20094.5410	1.7493e-17	2.8935e-18
20095.1410	1.7566e-17	2.8817e-18
20095.7409	1.7593e-17	2.8901e-18
20096.3409	1.7579e-17	2.9063e-18
20096.9409	1.7588e-17	2.9271e-18
20097.5409	1.7643e-17	2.9443e-18
20098.1408	1.7697e-17	2.9277e-18
20098.7408	1.7765e-17	2.9066e-18
20099.3408	1.7844e-17	2.8966e-18
20099.9407	1.7921e-17	2.8867e-18
20100.5407	1.7986e-17	2.9452e-18
20101.1407	1.8048e-17	3.1841e-18
20101.7406	1.8101e-17	3.2020e-18
20102.3406	1.8151e-17	3.2769e-18
20102.9406	1.8166e-17	3.5801e-18
20103.5505	1.8156e-17	3.6312e-18
20104.1505	1.8107e-17	3.5940e-18
20104.7505	1.8054e-17	3.5649e-18
20105.3505	1.8011e-17	3.4960e-18
20105.9504	1.7988e-17	3.4802e-18
20106.5504	1.7944e-17	3.5023e-18
20107.1504	1.7890e-17	3.5060e-18
20107.7503	1.7896e-17	3.5472e-18
20108.3503	1.7925e-17	3.5472e-18
20108.9503	1.7966e-17	3.6282e-18
20109.5502	1.8013e-17	3.6580e-18
20110.1502	1.8083e-17	3.7571e-18
20110.7502	1.8131e-17	3.8046e-18
20111.3501	1.8175e-17	3.7911e-18
20111.9501	1.8179e-17	3.7750e-18
20112.5501	1.8151e-17	3.7384e-18
20113.1501	1.8149e-17	3.6812e-18
20113.7500	1.8161e-17	3.6002e-18
20114.3500	1.8156e-17	3.5816e-18
20114.9500	1.8187e-17	3.5867e-18
20115.5499	1.8252e-17	3.5991e-18
20116.1499	1.8305e-17	3.6199e-18
20116.7499	1.8332e-17	3.6260e-18
20117.3498	1.8344e-17	3.6441e-18
20117.9498	1.8378e-17	3.6363e-18
20118.5498	1.8404e-17	3.6170e-18
20119.1497	1.8444e-17	3.6351e-18
20119.7497	1.8468e-17	3.6526e-18
20120.3497	1.8446e-17	3.6430e-18
20120.9497	1.8429e-17	3.6463e-18
20121.5496	1.8410e-17	3.6498e-18
20122.1496	1.8401e-17	3.6711e-18
20122.7496	1.8454e-17	3.6272e-18
20123.3495	1.8514e-17	3.5770e-18
20123.9495	1.8560e-17	3.5925e-18
20124.5495	1.8599e-17	3.6036e-18
20125.1494	1.8619e-17	3.6136e-18
20125.7494	1.8636e-17	3.6192e-18
20126.3494	1.8665e-17	3.6375e-18
20126.9493	1.8640e-17	3.6182e-18
20127.5493	1.8597e-17	3.6075e-18
20128.1493	1.8678e-17	3.6172e-18
20128.7493	1.8773e-17	3.6193e-18
20129.3492	1.8747e-17	3.5917e-18
20129.9492	1.8687e-17	3.4792e-18
20130.5492	1.8701e-17	3.4749e-18
20131.1491	1.8709e-17	3.5536e-18
20131.7491	1.8698e-17	3.6196e-18
20132.3491	1.8724e-17	3.6384e-18
20132.9490	1.8757e-17	3.6183e-18
20133.5490	1.8763e-17	3.6225e-18
20134.1490	1.8790e-17	3.6287e-18
20134.7489	1.8828e-17	3.6340e-18
20135.3489	1.8812e-17	3.6337e-18
20135.9489	1.8824e-17	3.6334e-18
20136.5489	1.8847e-17	3.6332e-18
20137.1488	1.8844e-17	3.6333e-18
20137.7488	1.8809e-17	3.6337e-18
20138.3488	1.8743e-17	3.6345e-18
20138.9487	1.8687e-17	3.6359e-18
20140.1487	1.8681e-17	3.6378e-18
20140.7486	1.8708e-17	3.6407e-18
20141.3486	1.8765e-17	3.6443e-18
20141.9486	1.8783e-17	3.6479e-18
20142.5485	1.8768e-17	3.6517e-18
20143.1485	1.8753e-17	3.6502e-18
20143.7485	1.8704e-17	3.6469e-18
20144.3485	1.8659e-17	3.6417e-18
20144.9484	1.8654e-17	3.6346e-18
20145.5484	1.8690e-17	3.6256e-18
20146.1484	1.8765e-17	3.6146e-18
20146.7483	1.8818e-17	3.6013e-18
20147.3483	1.8804e-17	3.5965e-18
20147.9483	1.8751e-17	3.5964e-18
20148.5482	1.8709e-17	3.5968e-18
20149.1482	1.8697e-17	3.5552e-18
20149.7582	1.8697e-17	3.3327e-18
20150.3581	1.8720e-17	3.3068e-18
20150.9581	1.8783e-17	3.2362e-18
20151.5581	1.8855e-17	2.8812e-18
20152.1581	1.8938e-17	2.7879e-18
20152.7580	1.9039e-17	2.7958e-18
20153.3580	1.9087e-17	2.7900e-18
20153.9580	1.9130e-17	2.7953e-18
20154.5579	1.9159e-17	2.7947e-18
20155.1579	1.9158e-17	2.7918e-18
20155.7579	1.9135e-17	2.8073e-18
20156.3578	1.9129e-17	2.7909e-18
20156.9578	1.9171e-17	2.8110e-18
20157.5578	1.9252e-17	2.6923e-18
20158.1577	1.9316e-17	2.6240e-18
20158.7577	1.9347e-17	2.4192e-18
20159.3577	1.9365e-17	2.2988e-18
20159.9577	1.9354e-17	2.3128e-18
20160.5576	1.9331e-17	2.3143e-18
20161.1576	1.9299e-17	2.3126e-18
20161.7576	1.9317e-17	2.3105e-18
20162.3575	1.9353e-17	2.3289e-18
20162.9575	1.9413e-17	2.4315e-18
20163.5575	1.9451e-17	2.4387e-18
20164.1574	1.9547e-17	2.4346e-18
20164.7574	1.9639e-17	2.4231e-18
20165.3574	1.9629e-17	2.4115e-18
20165.9573	1.9632e-17	2.4121e-18
20166.5573	1.9656e-17	2.4003e-18
20167.1573	1.9653e-17	2.3813e-18
20167.7573	1.9634e-17	2.3598e-18
20168.3572	1.9635e-17	2.3405e-18
20168.9572	1.9683e-17	2.3282e-18
20169.5572	1.9722e-17	2.3107e-18
20170.1571	1.9759e-17	2.2985e-18
20170.7571	1.9794e-17	2.4165e-18
20171.3571	1.9817e-17	2.5101e-18
20171.9570	1.9824e-17	2.5041e-18
20172.5570	1.9834e-17	2.5188e-18
20173.1570	1.9853e-17	2.5281e-18
20173.7570	1.9872e-17	2.5109e-18
20174.3569	1.9898e-17	2.4958e-18
20174.9569	1.9950e-17	2.4643e-18
20175.5569	1.9999e-17	2.4621e-18
20176.1568	2.0039e-17	2.4269e-18
20176.7568	2.0085e-17	2.4096e-18
20177.3568	2.0109e-17	2.4115e-18
20177.9567	2.0122e-17	2.4496e-18
20178.5567	2.0129e-17	2.5938e-18
20179.1567	2.0127e-17	2.6526e-18
20179.7566	2.0135e-17	2.5691e-18
20180.3566	2.0162e-17	2.5064e-18
20180.9566	2.0189e-17	2.4878e-18
20181.5566	2.0212e-17	2.4899e-18
20182.1565	2.0242e-17	2.4862e-18
20182.7565	2.0271e-17	2.4786e-18
20183.3565	2.0277e-17	2.4718e-18
20183.9564	2.0289e-17	2.4921e-18
20184.5564	2.0301e-17	2.5119e-18
20185.1564	2.0304e-17	2.5153e-18
20185.7563	2.0300e-17	2.5180e-18
20186.3563	2.0290e-17	2.5444e-18
20186.9563	2.0274e-17	2.6040e-18
20187.5562	2.0248e-17	2.6469e-18
20188.1562	2.0236e-17	2.6527e-18
20188.7562	2.0234e-17	2.6668e-18
20189.3562	2.0235e-17	2.6606e-18
20189.9561	2.0248e-17	2.6635e-18
20190.5561	2.0282e-17	2.6638e-18
20191.1561	2.0313e-17	2.6649e-18
20191.7560	2.0301e-17	2.6734e-18
20192.3560	2.0282e-17	2.6958e-18
20192.9560	2.0276e-17	2.6990e-18
20193.5559	2.0272e-17	2.7166e-18
20194.1559	2.0246e-17	2.7250e-18
20194.7559	2.0215e-17	2.7305e-18
20195.3658	2.0189e-17	2.7909e-18
20195.9658	2.0197e-17	2.8660e-18
20196.5658	2.0243e-17	2.9080e-18
20197.1658	2.0290e-17	2.9079e-18
20197.7657	2.0294e-17	2.9083e-18
20198.3657	2.0305e-17	2.9210e-18
20198.9657	2.0305e-17	2.9397e-18
20199.5656	2.0300e-17	2.9442e-18
20200.1656	2.0298e-17	2.9592e-18
20200.7656	2.0273e-17	2.9543e-18
20201.3655	2.0239e-17	2.9532e-18
20201.9655	2.0219e-17	2.9394e-18
20202.5655	2.0205e-17	2.9557e-18
20203.1655	2.0212e-17	2.9474e-18
20203.7654	2.0233e-17	2.9478e-18
20204.3654	2.0245e-17	2.9328e-18
20204.9654	2.0232e-17	2.9011e-18
20205.5653	2.0229e-17	2.8644e-18
20206.1653	2.0226e-17	2.8334e-18
20206.7653	2.0216e-17	2.8550e-18
20207.3652	2.0223e-17	2.8796e-18
20207.9652	2.0214e-17	2.9010e-18
20208.5652	2.0205e-17	2.9127e-18
20209.1651	2.0201e-17	2.9098e-18
20209.7651	2.0195e-17	2.9081e-18
20210.3651	2.0196e-17	2.9113e-18
20210.9651	2.0197e-17	2.8496e-18
20211.5650	2.0182e-17	2.8450e-18
20212.1650	2.0168e-17	2.8443e-18
20212.7650	2.0158e-17	2.8662e-18
20213.3649	2.0147e-17	2.9140e-18
20213.9649	2.0141e-17	2.8944e-18
20214.5649	2.0140e-17	2.8941e-18
20215.1648	2.0139e-17	2.8995e-18
20215.7648	2.0141e-17	2.9014e-18
20216.3648	2.0146e-17	2.9049e-18
20216.9647	2.0144e-17	2.8944e-18
20217.5647	2.0142e-17	2.8903e-18
20218.1647	2.0145e-17	2.8880e-18
20218.7647	2.0150e-17	2.7914e-18
20219.3646	2.0169e-17	2.7040e-18
20219.9646	2.0191e-17	2.6957e-18
20220.5646	2.0193e-17	2.6672e-18
20221.1645	2.0179e-17	2.6624e-18
20221.7645	2.0170e-17	2.6954e-18
20222.3645	2.0192e-17	2.6944e-18
20222.9644	2.0254e-17	2.6945e-18
20223.5644	2.0281e-17	2.6976e-18
20224.1644	2.0337e-17	2.7041e-18
20224.7644	2.0434e-17	2.6997e-18
20225.3643	2.0490e-17	2.6939e-18
20225.9643	2.0513e-17	2.6540e-18
20226.5643	2.0524e-17	2.4969e-18
20227.1642	2.0539e-17	2.3654e-18
20227.7642	2.0549e-17	2.3345e-18
20228.3642	2.0550e-17	2.3124e-18
20228.9641	2.0553e-17	2.2994e-18
20229.5641	2.0534e-17	2.2984e-18
20230.1641	2.0544e-17	2.2994e-18
20230.7640	2.0597e-17	2.3069e-18
20231.3640	2.0639e-17	2.3183e-18
20231.9640	2.0697e-17	2.3012e-18
20232.5640	2.0744e-17	2.2856e-18
20233.1639	2.0768e-17	2.2841e-18
20233.7639	2.0772e-17	2.2827e-18
20234.3639	2.0787e-17	2.2572e-18
20234.9638	2.0801e-17	2.1855e-18
20235.5638	2.0815e-17	2.1210e-18
20236.1638	2.0828e-17	2.1076e-18
20236.7637	2.0841e-17	2.0785e-18
20237.3637	2.0853e-17	2.0807e-18
20237.9637	2.0863e-17	2.0742e-18
20238.5637	2.0872e-17	2.0671e-18
20239.1636	2.0880e-17	2.0656e-18
20239.7636	2.0886e-17	2.0559e-18
20240.3636	2.0890e-17	2.0281e-18
20240.9735	2.0893e-17	2.0238e-18
20241.5735	2.0895e-17	1.9996e-18
20242.1735	2.0897e-17	1.9870e-18
20242.7734	2.0898e-17	1.9801e-18
20243.3734	2.0899e-17	1.8948e-18
20243.9734	2.0899e-17	1.7743e-18
20244.5733	2.0898e-17	1.6961e-18
20245.1733	2.0896e-17	1.6938e-18
20245.7733	2.0895e-17	1.6930e-18
20246.3733	2.0893e-17	1.6737e-18
20246.9732	2.0874e-17	1.6311e-18
20247.5732	2.0854e-17	1.6085e-18
20248.1732	2.0839e-17	1.5638e-18
20248.7731	2.0840e-17	1.5511e-18
20249.3731	2.0821e-17	1.5287e-18
20249.9731	2.0796e-17	1.5260e-18
20250.5730	2.0796e-17	1.4619e-18
20251.1730	2.0798e-17	1.4402e-18
20251.7730	2.0791e-17	1.3893e-18
20252.3729	2.0810e-17	1.3592e-18
20252.9729	2.0844e-17	1.3599e-18
20253.5729	2.0890e-17	1.3639e-18
20254.1729	2.0921e-17	1.3591e-18
20254.7728	2.0925e-17	1.3248e-18
20255.3728	2.0917e-17	1.2830e-18
20255.9728	2.0920e-17	1.2468e-18
20256.5727	2.0915e-17	1.2457e-18
20257.1727	2.0918e-17	1.2450e-18
20257.7727	2.0933e-17	1.2507e-18
20258.3726	2.0947e-17	1.2523e-18
20258.9726	2.0958e-17	1.2523e-18
20259.5726	2.0972e-17	1.2526e-18
20260.1726	2.0996e-17	1.2530e-18
20260.7725	2.1009e-17	1.1992e-18
20261.3725	2.1016e-17	1.0500e-18
20261.9725	2.1030e-17	1.0346e-18
20262.5724	2.1040e-17	1.0347e-18
20263.1724	2.1051e-17	1.0171e-18
20263.7724	2.1061e-17	1.0123e-18
20264.3723	2.1082e-17	1.0062e-18
20264.9723	2.1099e-17	1.0064e-18
20265.5723	2.1116e-17	9.9982e-19
20266.1722	2.1139e-17	9.9974e-19
20266.7722	2.1160e-17	9.9890e-19
20267.3722	2.1189e-17	9.9366e-19
20267.9722	2.1212e-17	9.9611e-19
20268.5721	2.1227e-17	1.0313e-18
20269.1721	2.1245e-17	9.9554e-19
20269.7721	2.1257e-17	9.0732e-19
20270.3720	2.1275e-17	9.2417e-19
20270.9720	2.1302e-17	9.3768e-19
20271.5720	2.1321e-17	9.2873e-19
20272.1719	2.1328e-17	9.0990e-19
20272.7719	2.1325e-17	9.1714e-19
20273.3719	2.1324e-17	9.2789e-19
20273.9719	2.1326e-17	9.4338e-19
20274.5718	2.1322e-17	9.2940e-19
20275.1718	2.1322e-17	9.2937e-19
20275.7718	2.1323e-17	9.2869e-19
20276.3717	2.1323e-17	9.2942e-19
20276.9717	2.1315e-17	9.3939e-19
20277.5717	2.1303e-17	1.0105e-18
20278.1716	2.1286e-17	1.0509e-18
20278.7716	2.1274e-17	1.0431e-18
20279.3716	2.1248e-17	1.0244e-18
20279.9715	2.1231e-17	1.0339e-18
20280.5715	2.1234e-17	1.0561e-18
20281.1715	2.1243e-17	1.0690e-18
20281.7715	2.1246e-17	1.0723e-18
20282.3714	2.1228e-17	1.0614e-18
20282.9714	2.1210e-17	1.0488e-18
20283.5714	2.1219e-17	1.0501e-18
20284.1713	2.1247e-17	1.0503e-18
20284.7713	2.1241e-17	1.0501e-18
20285.3713	2.1232e-17	1.0675e-18
20285.9712	2.1223e-17	1.0835e-18
20286.5812	2.1208e-17	1.0891e-18
20287.1812	2.1178e-17	1.0963e-18
20287.7812	2.1167e-17	1.0966e-18
20288.3811	2.1156e-17	1.0961e-18
20288.9811	2.1146e-17	1.0956e-18
20289.5811	2.1140e-17	1.0965e-18
20290.1810	2.1120e-17	1.0985e-18
20290.7810	2.1099e-17	1.1020e-18
20291.3810	2.1095e-17	1.1096e-18
20291.9809	2.1125e-17	1.1127e-18
20292.5809	2.1151e-17	1.1148e-18
20293.1809	2.1150e-17	1.1227e-18
20293.7809	2.1155e-17	1.1323e-18
20294.3808	2.1161e-17	1.1403e-18
20294.9808	2.1156e-17	1.1592e-18
20295.5808	2.1149e-17	1.1729e-18
20296.1807	2.1143e-17	1.1797e-18
20296.7807	2.1133e-17	1.1829e-18
20297.3807	2.1120e-17	1.1812e-18
20297.9806	2.1105e-17	1.2023e-18
20298.5806	2.1100e-17	1.2131e-18
20299.1806	2.1106e-17	1.2109e-18
20299.7805	2.1159e-17	1.2116e-18
20300.3805	2.1218e-17	1.2278e-18
20300.9805	2.1256e-17	1.2433e-18
20301.5805	2.1241e-17	1.2636e-18
20302.1804	2.1219e-17	1.2635e-18
20302.7804	2.1202e-17	1.2508e-18
20303.3804	2.1179e-17	1.2519e-18
20303.9803	2.1166e-17	1.2415e-18
20304.5803	2.1163e-17	1.2110e-18
20305.1803	2.1142e-17	1.2129e-18
20305.7802	2.1118e-17	1.2144e-18
20306.3802	2.1112e-17	1.2130e-18
20306.9802	2.1113e-17	1.2104e-18
20307.5802	2.1134e-17	1.2106e-18
20308.1801	2.1166e-17	1.2107e-18
20308.7801	2.1199e-17	1.2109e-18
20309.3801	2.1219e-17	1.2109e-18
20309.9800	2.1247e-17	1.2103e-18
20310.5800	2.1259e-17	1.2104e-18
20311.1800	2.1260e-17	1.2104e-18
20311.7799	2.1260e-17	1.2055e-18
20312.3799	2.1265e-17	1.2048e-18
20312.9799	2.1264e-17	1.1968e-18
20313.5798	2.1256e-17	1.1979e-18
20314.1798	2.1258e-17	1.1993e-18
20314.7798	2.1210e-17	1.2012e-18
20315.3798	2.1171e-17	1.2026e-18
20315.9797	2.1190e-17	1.2031e-18
20316.5797	2.1235e-17	1.1746e-18
20317.1797	2.1286e-17	1.1624e-18
20317.7796	2.1328e-17	1.1646e-18
20318.3796	2.1341e-17	1.1576e-18
20318.9796	2.1354e-17	1.1495e-18
20319.5795	2.1357e-17	1.1586e-18
20320.1795	2.1326e-17	1.1684e-18
20320.7795	2.1296e-17	1.1794e-18
20321.3795	2.1262e-17	1.1879e-18
20321.9794	2.1247e-17	1.1745e-18
20322.5794	2.1240e-17	1.1790e-18
20323.1794	2.1257e-17	1.1792e-18
20323.7793	2.1255e-17	1.1855e-18
20324.3793	2.1255e-17	1.1902e-18
20324.9793	2.1297e-17	1.1868e-18
20325.5792	2.1330e-17	1.1226e-18
20326.1792	2.1349e-17	1.0847e-18
20326.7792	2.1364e-17	1.0873e-18
20327.3792	2.1367e-17	1.0898e-18
20327.9791	2.1368e-17	1.0827e-18
20328.5791	2.1360e-17	1.0717e-18
20329.1791	2.1353e-17	1.0674e-18
20329.7790	2.1358e-17	1.0653e-18
20330.3790	2.1385e-17	1.0603e-18
20330.9790	2.1398e-17	1.0657e-18
20331.5789	2.1391e-17	1.0709e-18
20332.1889	2.1382e-17	1.0687e-18
20332.7889	2.1391e-17	1.0643e-18
20333.3888	2.1403e-17	1.0452e-18
20334.5888	2.1428e-17	1.0443e-18
20335.1888	2.1469e-17	1.0371e-18
20335.7887	2.1497e-17	1.0460e-18
20336.3887	2.1511e-17	1.0501e-18
20336.9887	2.1514e-17	1.0733e-18
20337.5886	2.1515e-17	1.1042e-18
20338.1886	2.1518e-17	1.1573e-18
20338.7886	2.1522e-17	1.1555e-18
20339.3885	2.1519e-17	1.1582e-18
20339.9885	2.1528e-17	1.1570e-18
20340.5885	2.1535e-17	1.1540e-18
20341.1885	2.1535e-17	1.1523e-18
20341.7884	2.1535e-17	1.1515e-18
20342.3884	2.1544e-17	1.1411e-18
20342.9884	2.1577e-17	1.1387e-18
20343.5883	2.1618e-17	1.1213e-18
20344.1883	2.1632e-17	1.1157e-18
20344.7883	2.1645e-17	1.1082e-18
20345.3882	2.1645e-17	1.1175e-18
20345.9882	2.1635e-17	1.1198e-18
20346.5882	2.1638e-17	1.0958e-18
20347.1882	2.1648e-17	1.0924e-18
20347.7881	2.1661e-17	1.0957e-18
20348.3881	2.1655e-17	1.0883e-18
20348.9881	2.1661e-17	1.0632e-18
20349.5880	2.1678e-17	1.0351e-18
20350.1880	2.1688e-17	1.0036e-18
20350.7880	2.1680e-17	1.0052e-18
20351.3879	2.1672e-17	1.0104e-18
20351.9879	2.1673e-17	1.0129e-18
20352.5879	2.1686e-17	1.0158e-18
20353.1878	2.1706e-17	1.0412e-18
20353.7878	2.1717e-17	1.0402e-18
20354.3878	2.1717e-17	1.0295e-18
20354.9878	2.1715e-17	1.0160e-18
20355.5877	2.1726e-17	1.0287e-18
20356.1877	2.1744e-17	1.0295e-18
20356.7877	2.1758e-17	1.0314e-18
20357.3876	2.1768e-17	1.0310e-18
20357.9876	2.1779e-17	1.0418e-18
20358.5876	2.1784e-17	1.0481e-18
20359.1875	2.1788e-17	1.0555e-18
20359.7875	2.1790e-17	1.0610e-18
20360.3875	2.1787e-17	1.0609e-18
20360.9875	2.1790e-17	1.0611e-18
20361.5874	2.1796e-17	1.0619e-18
20362.1874	2.1810e-17	1.0639e-18
20362.7874	2.1829e-17	1.0694e-18
20363.3873	2.1838e-17	1.0803e-18
20363.9873	2.1849e-17	1.0827e-18
20364.5873	2.1858e-17	1.0932e-18
20365.1872	2.1871e-17	1.0964e-18
20365.7872	2.1881e-17	1.1007e-18
20366.3872	2.1892e-17	1.1079e-18
20366.9872	2.1904e-17	1.1034e-18
20367.5871	2.1913e-17	1.0996e-18
20368.1871	2.1917e-17	1.0933e-18
20368.7871	2.1922e-17	1.0835e-18
20369.3870	2.1930e-17	1.0688e-18
20369.9870	2.1928e-17	1.0566e-18
20370.5870	2.1932e-17	1.0580e-18
20371.1869	2.1937e-17	1.0552e-18
20371.7869	2.1937e-17	1.0549e-18
20372.3869	2.1925e-17	1.0524e-18
20372.9869	2.1909e-17	1.0464e-18
20373.5868	2.1887e-17	1.0523e-18
20374.1868	2.1870e-17	1.0892e-18
20374.7868	2.1852e-17	1.1764e-18
20375.3867	2.1841e-17	1.2547e-18
20375.9867	2.1837e-17	1.2612e-18
20376.5867	2.1827e-17	1.2622e-18
20377.1866	2.1827e-17	1.2495e-18
20377.7966	2.1810e-17	1.2757e-18
20378.3966	2.1776e-17	1.2873e-18
20378.9965	2.1766e-17	1.2853e-18
20379.5965	2.1767e-17	1.2808e-18
20380.1965	2.1772e-17	1.2822e-18
20380.7965	2.1768e-17	1.2817e-18
20381.3964	2.1752e-17	1.2979e-18
20381.9964	2.1743e-17	1.2993e-18
20382.5964	2.1727e-17	1.2886e-18
20383.1963	2.1704e-17	1.2892e-18
20383.7963	2.1679e-17	1.2739e-18
20384.3963	2.1666e-17	1.2697e-18
20384.9962	2.1656e-17	1.2481e-18
20385.5962	2.1653e-17	1.2163e-18
20386.1962	2.1667e-17	1.1541e-18
20386.7962	2.1676e-17	1.1525e-18
20387.3961	2.1674e-17	1.1435e-18
20387.9961	2.1649e-17	1.1333e-18
20388.5961	2.1621e-17	1.1339e-18
20389.1960	2.1604e-17	1.3547e-18
20389.7960	2.1605e-17	1.5166e-18
20390.3960	2.1644e-17	1.5170e-18
20390.9959	2.1681e-17	1.5139e-18
20391.5959	2.1690e-17	1.5150e-18
20392.1959	2.1682e-17	1.5046e-18
20392.7959	2.1662e-17	1.5138e-18
20393.3958	2.1626e-17	1.5078e-18
20393.9958	2.1589e-17	1.5082e-18
20394.5958	2.1547e-17	1.6178e-18
20395.1957	2.1504e-17	1.7575e-18
20395.7957	2.1459e-17	1.8827e-18
20396.3957	2.1424e-17	1.9557e-18
20396.9956	2.1390e-17	1.9763e-18
20397.5956	2.1357e-17	1.9759e-18
20398.1956	2.1327e-17	1.9726e-18
20398.7956	2.1304e-17	1.9672e-18
20399.3955	2.1296e-17	1.9669e-18
20399.9955	2.1285e-17	1.9664e-18
20400.5955	2.1267e-17	1.9701e-18
20401.1954	2.1291e-17	1.9660e-18
20401.7954	2.1304e-17	1.9715e-18
20402.3954	2.1306e-17	1.9711e-18
20402.9953	2.1323e-17	1.9741e-18
20403.5953	2.1366e-17	1.9693e-18
20404.1953	2.1424e-17	1.9689e-18
20404.7953	2.1467e-17	1.9810e-18
20405.3952	2.1515e-17	1.9846e-18
20405.9952	2.1550e-17	1.9822e-18
20406.5952	2.1575e-17	1.9958e-18
20407.1951	2.1589e-17	1.9941e-18
20407.7951	2.1599e-17	1.9923e-18
20408.3951	2.1605e-17	1.9933e-18
20408.9950	2.1630e-17	1.9930e-18
20409.5950	2.1674e-17	1.9955e-18
20410.1950	2.1717e-17	1.9947e-18
20410.7950	2.1750e-17	1.9899e-18
20411.3949	2.1780e-17	1.9817e-18
20411.9949	2.1812e-17	1.9778e-18
20412.5949	2.1825e-17	1.9678e-18
20413.1948	2.1813e-17	1.9645e-18
20413.7948	2.1808e-17	1.9568e-18
20414.3948	2.1810e-17	1.9464e-18
20414.9947	2.1816e-17	1.9442e-18
20415.5947	2.1834e-17	1.9457e-18
20416.1947	2.1871e-17	1.9448e-18
20416.7946	2.1910e-17	1.9532e-18
20417.3946	2.1939e-17	1.9623e-18
20417.9946	2.1974e-17	1.9610e-18
20418.5946	2.1990e-17	1.9598e-18
20419.1945	2.1957e-17	1.9574e-18
20419.7945	2.1928e-17	1.9600e-18
20420.3945	2.1939e-17	1.9559e-18
20420.9944	2.1954e-17	1.9591e-18
20421.5944	2.1959e-17	1.9655e-18
20422.1944	2.1964e-17	1.9387e-18
20422.7943	2.1963e-17	1.8733e-18
20423.4043	2.1948e-17	1.8170e-18
20424.0043	2.1923e-17	1.8098e-18
20424.6043	2.1911e-17	1.8109e-18
20425.2042	2.1896e-17	1.8126e-18
20425.8042	2.1886e-17	1.7954e-18
20426.4042	2.1888e-17	1.7937e-18
20427.0041	2.1901e-17	1.7992e-18
20427.6041	2.1914e-17	1.8089e-18
20428.2041	2.1927e-17	1.8118e-18
20428.8040	2.1920e-17	1.8100e-18
20429.4040	2.1905e-17	1.7985e-18
20430.0040	2.1872e-17	1.8061e-18
20430.6040	2.1836e-17	1.8072e-18
20431.2039	2.1820e-17	1.8165e-18
20431.8039	2.1825e-17	1.8207e-18
20432.4039	2.1846e-17	1.8163e-18
20433.0038	2.1873e-17	1.8109e-18
20433.6038	2.1892e-17	1.8046e-18
20434.2038	2.1904e-17	1.8006e-18
20434.8037	2.1877e-17	1.7933e-18
20435.4037	2.1839e-17	1.7877e-18
20436.0037	2.1812e-17	1.7932e-18
20436.6037	2.1779e-17	1.8194e-18
20437.2036	2.1773e-17	1.7059e-18
20437.8036	2.1784e-17	1.6019e-18
20438.4036	2.1796e-17	1.6094e-18
20439.0035	2.1817e-17	1.6201e-18
20439.6035	2.1839e-17	1.6242e-18
20440.2035	2.1848e-17	1.6391e-18
20440.8034	2.1818e-17	1.6587e-18
20441.4034	2.1750e-17	1.6763e-18
20442.0034	2.1692e-17	1.6852e-18
20442.6034	2.1682e-17	1.6068e-18
20443.2033	2.1694e-17	1.4776e-18
20443.8033	2.1689e-17	1.3115e-18
20444.4033	2.1669e-17	1.2165e-18
20445.0032	2.1658e-17	1.2054e-18
20445.6032	2.1647e-17	1.2266e-18
20446.2032	2.1627e-17	1.2266e-18
20446.8031	2.1594e-17	1.2211e-18
20447.4031	2.1526e-17	1.2328e-18
20448.0031	2.1450e-17	1.2324e-18
20448.6031	2.1413e-17	1.2208e-18
20449.2030	2.1406e-17	1.2024e-18
20449.8030	2.1402e-17	1.2136e-18
20450.4030	2.1407e-17	1.2245e-18
20451.0029	2.1414e-17	1.2170e-18
20451.6029	2.1399e-17	1.2022e-18
20452.2029	2.1385e-17	1.2111e-18
20452.8028	2.1365e-17	1.2036e-18
20453.4028	2.1315e-17	1.2096e-18
20454.0028	2.1253e-17	1.1971e-18
20454.6028	2.1209e-17	1.1443e-18
20455.2027	2.1178e-17	1.1352e-18
20455.8027	2.1144e-17	1.1322e-18
20456.4027	2.1126e-17	1.1254e-18
20457.0026	2.1121e-17	1.1509e-18
20457.6026	2.1116e-17	1.2132e-18
20458.2026	2.1121e-17	1.2185e-18
20458.8025	2.1142e-17	1.2158e-18
20459.4025	2.1172e-17	1.2089e-18
20460.0025	2.1189e-17	1.2724e-18
20460.6025	2.1211e-17	1.3513e-18
20461.2024	2.1235e-17	1.3397e-18
20461.8024	2.1255e-17	1.3819e-18
20462.4024	2.1286e-17	1.4474e-18
20463.0023	2.1308e-17	1.4562e-18
20463.6023	2.1222e-17	1.4408e-18
20464.2023	2.1174e-17	1.5365e-18
20464.8022	2.1143e-17	1.6563e-18
20465.4022	2.1116e-17	1.6941e-18
20466.0022	2.1103e-17	1.7032e-18
20466.6022	2.1070e-17	1.7033e-18
20467.2021	2.1024e-17	1.7809e-18
20467.8021	2.1009e-17	1.8727e-18
20468.4021	2.0980e-17	1.9774e-18
20469.0020	2.0919e-17	2.1001e-18
20469.6120	2.0872e-17	2.2260e-18
20470.2120	2.0914e-17	2.3553e-18
20470.8119	2.0939e-17	2.4923e-18
20471.4119	2.0916e-17	2.6274e-18
20472.0119	2.0885e-17	2.7691e-18
20472.6119	2.0850e-17	2.9104e-18
20473.2118	2.0790e-17	3.0542e-18
20473.8118	2.0735e-17	3.2042e-18
20474.4118	2.0685e-17	3.3580e-18
20475.0117	2.0625e-17	3.3562e-18
20475.6117	2.0567e-17	3.3573e-18
20476.2117	2.0484e-17	3.3668e-18
20476.8116	2.0399e-17	3.3664e-18
20477.4116	2.0360e-17	3.3684e-18
20478.0116	2.0328e-17	3.4029e-18
20478.6116	2.0318e-17	3.4228e-18
20479.2115	2.0295e-17	3.4482e-18
20479.8115	2.0260e-17	3.4701e-18
20480.4115	2.0219e-17	3.4818e-18
20481.0114	2.0166e-17	3.4894e-18
20481.6114	2.0119e-17	3.5039e-18
20482.2114	2.0068e-17	3.5197e-18
20482.8113	2.0027e-17	3.5197e-18
20483.4113	2.0020e-17	3.5514e-18
20484.0113	2.0013e-17	3.5909e-18
20484.6113	1.9998e-17	3.6006e-18
20485.2112	1.9985e-17	3.6250e-18
20485.8112	1.9960e-17	3.6612e-18
20486.4112	1.9933e-17	3.6580e-18
20487.0111	1.9904e-17	3.6861e-18
20487.6111	1.9879e-17	3.7023e-18
20488.2111	1.9856e-17	3.7017e-18
20488.8110	1.9817e-17	3.6904e-18
20489.4110	1.9776e-17	3.6987e-18
20490.0110	1.9763e-17	3.7273e-18
20490.6110	1.9759e-17	3.7491e-18
20491.2109	1.9744e-17	3.7512e-18
20491.8109	1.9735e-17	3.7835e-18
20492.4109	1.9729e-17	3.7773e-18
20493.0108	1.9718e-17	3.8316e-18
20493.6108	1.9703e-17	3.8426e-18
20494.2108	1.9687e-17	3.8550e-18
20494.8107	1.9666e-17	3.8670e-18
20495.4107	1.9616e-17	3.8716e-18
20496.0107	1.9554e-17	3.8869e-18
20496.6107	1.9504e-17	3.8972e-18
20497.2106	1.9482e-17	3.8948e-18
20497.8106	1.9487e-17	3.8838e-18
20500.2105	1.9489e-17	3.8763e-18
20500.8104	1.9499e-17	3.8714e-18
20501.4104	1.9501e-17	3.8683e-18
20502.0104	1.9498e-17	3.8713e-18
20502.6104	1.9498e-17	3.8788e-18
20503.2103	1.9493e-17	3.8790e-18
20503.8103	1.9484e-17	3.8766e-18
20504.4103	1.9474e-17	3.8726e-18
20505.0102	1.9478e-17	3.8781e-18
20505.6102	1.9480e-17	3.9172e-18
20506.2102	1.9474e-17	3.9736e-18
20506.8101	1.9455e-17	3.9837e-18
20507.4101	1.9432e-17	3.9768e-18
20508.0101	1.9403e-17	4.0029e-18
20508.6101	1.9377e-17	4.0477e-18
20509.2100	1.9374e-17	4.0805e-18
20509.8100	1.9370e-17	4.0668e-18
20510.4100	1.9370e-17	4.0344e-18
20511.0099	1.9368e-17	4.0589e-18
20511.6099	1.9357e-17	4.0664e-18
20512.2099	1.9393e-17	4.0831e-18
20512.8098	1.9419e-17	4.0833e-18
20513.4098	1.9407e-17	4.1037e-18
20514.0098	1.9376e-17	4.0773e-18
20514.6098	1.9349e-17	4.0775e-18
20515.2197	1.9334e-17	4.1396e-18
20515.8197	1.9344e-17	4.1875e-18
20516.4197	1.9342e-17	4.1866e-18
20517.0196	1.9346e-17	4.2328e-18
20517.6196	1.9384e-17	4.2438e-18
20518.2196	1.9431e-17	4.2125e-18
20518.8195	1.9489e-17	4.1957e-18
20519.4195	1.9522e-17	4.1622e-18
20520.0195	1.9540e-17	4.1082e-18
20520.6195	1.9512e-17	4.0491e-18
20521.2194	1.9491e-17	3.9712e-18
20521.8194	1.9513e-17	3.8800e-18
20522.4194	1.9536e-17	3.7760e-18
20523.0193	1.9569e-17	3.7702e-18
20523.6193	1.9600e-17	3.8576e-18
20524.2193	1.9637e-17	3.7670e-18
20524.8192	1.9671e-17	3.7693e-18
20525.4192	1.9704e-17	3.7676e-18
20526.0192	1.9748e-17	3.7566e-18
20526.6192	1.9767e-17	3.7642e-18
20527.2191	1.9747e-17	3.7630e-18
20527.8191	1.9720e-17	3.7354e-18
20528.4191	1.9723e-17	3.7246e-18
20529.0190	1.9755e-17	3.7409e-18
20529.6190	1.9799e-17	3.8157e-18
20530.2190	1.9840e-17	3.8546e-18
20530.8190	1.9885e-17	3.8623e-18
20531.4189	1.9945e-17	3.8563e-18
20532.0189	1.9992e-17	3.8417e-18
20532.6189	2.0029e-17	3.8420e-18
20533.2188	2.0066e-17	3.8136e-18
20533.8188	2.0080e-17	3.7741e-18
20534.4188	2.0071e-17	3.7755e-18
20535.0187	2.0059e-17	3.7847e-18
20535.6187	2.0066e-17	3.7941e-18
20536.2187	2.0104e-17	3.8594e-18
20536.8187	2.0151e-17	3.9056e-18
20537.4186	2.0198e-17	3.9783e-18
20538.0186	2.0238e-17	4.1296e-18
20538.6186	2.0276e-17	4.3070e-18
20539.2185	2.0302e-17	4.4049e-18
20539.8185	2.0318e-17	4.4008e-18
20540.4185	2.0328e-17	4.3811e-18
20541.0184	2.0342e-17	4.3713e-18
20541.6184	2.0327e-17	4.3609e-18
20542.2184	2.0325e-17	4.3633e-18
20542.8184	2.0356e-17	4.2962e-18
20543.4183	2.0402e-17	4.2824e-18
20544.0183	2.0450e-17	4.2761e-18
20544.6183	2.0496e-17	4.3240e-18
20545.2182	2.0543e-17	4.3361e-18
20545.8182	2.0584e-17	4.5286e-18
20546.4182	2.0632e-17	4.6905e-18
20547.0181	2.0673e-17	4.7090e-18
20547.6181	2.0697e-17	4.7154e-18
20548.2181	2.0715e-17	4.7151e-18
20548.8181	2.0747e-17	4.7136e-18
20549.4180	2.0778e-17	4.7160e-18
20550.0180	2.0799e-17	4.7157e-18
20550.6180	2.0832e-17	4.7272e-18
20551.2179	2.0898e-17	4.7496e-18
20551.8179	2.0950e-17	4.8230e-18
20552.4179	2.0996e-17	4.9069e-18
20553.0178	2.1048e-17	4.9001e-18
20553.6178	2.1101e-17	4.8604e-18
20554.2178	2.1143e-17	4.8094e-18
20554.8178	2.1175e-17	4.7966e-18
20555.4177	2.1188e-17	4.7964e-18
20556.0177	2.1210e-17	4.7997e-18
20556.6177	2.1244e-17	4.8187e-18
20557.2176	2.1285e-17	4.8226e-18
20559.0175	2.1331e-17	4.8426e-18
20559.6175	2.1381e-17	4.8571e-18
20560.2175	2.1430e-17	4.8216e-18
20560.8275	2.1458e-17	4.8125e-18
20561.4274	2.1503e-17	4.7836e-18
20562.0274	2.1546e-17	4.7875e-18
20563.8273	2.1566e-17	4.7755e-18
20564.4273	2.1574e-17	4.7556e-18
20565.0272	2.1570e-17	4.7042e-18
20565.6272	2.1539e-17	4.6333e-18
20566.2272	2.1514e-17	4.5866e-18
20566.8272	2.1523e-17	4.5983e-18
20567.4271	2.1553e-17	4.5638e-18
20568.0271	2.1584e-17	4.5213e-18
20568.6271	2.1616e-17	4.5308e-18
20569.2270	2.1646e-17	4.5180e-18
20569.8270	2.1656e-17	4.5136e-18
20570.4270	2.1657e-17	4.5198e-18
20571.0270	2.1673e-17	4.5154e-18
20571.6269	2.1690e-17	4.5176e-18
20572.2269	2.1695e-17	4.5173e-18
20572.8269	2.1669e-17	4.5256e-18
20573.4268	2.1652e-17	4.4560e-18
20574.0268	2.1638e-17	4.3062e-18
20574.6268	2.1613e-17	4.2744e-18
20575.2267	2.1602e-17	4.2719e-18
20575.8267	2.1594e-17	4.2724e-18
20576.4267	2.1582e-17	4.2698e-18
20577.0267	2.1579e-17	4.2608e-18
20577.6266	2.1585e-17	4.2593e-18
20578.2266	2.1572e-17	4.2596e-18
20578.8266	2.1544e-17	4.2570e-18
20579.4265	2.1499e-17	4.2240e-18
20580.0265	2.1445e-17	4.1343e-18
20580.6265	2.1406e-17	4.0831e-18
20581.2264	2.1366e-17	4.0711e-18
20581.8264	2.1342e-17	4.0658e-18
20582.4264	2.1333e-17	4.0610e-18
20583.0264	2.1341e-17	4.0630e-18
20583.6263	2.1327e-17	4.0721e-18
20584.2263	2.1310e-17	4.0891e-18
20584.8263	2.1296e-17	4.0868e-18
20585.4262	2.1259e-17	4.0617e-18
20586.0262	2.1216e-17	4.0237e-18
20586.6262	2.1175e-17	3.9764e-18
20587.2261	2.1141e-17	3.9098e-18
20587.8261	2.1097e-17	3.8145e-18
20588.4261	2.1061e-17	3.6364e-18
20589.0261	2.1010e-17	3.4028e-18
20589.6260	2.0936e-17	3.2808e-18
20590.2260	2.0858e-17	3.2826e-18
20590.8260	2.0799e-17	3.2995e-18
20591.4259	2.0744e-17	3.3035e-18
20592.0259	2.0695e-17	3.2809e-18
20592.6259	2.0680e-17	3.2719e-18
20593.2259	2.0670e-17	3.2721e-18
20593.8258	2.0671e-17	3.2576e-18
20594.4258	2.0650e-17	3.2669e-18
20595.0258	2.0608e-17	3.2309e-18
20595.6257	2.0578e-17	3.2132e-18
20596.2257	2.0573e-17	2.9076e-18
20596.8257	2.0584e-17	2.6802e-18
20597.4256	2.0600e-17	2.6934e-18
20598.0256	2.0618e-17	2.6561e-18
20598.6256	2.0645e-17	2.6572e-18
20599.2256	2.0673e-17	2.6787e-18
20599.8255	2.0698e-17	2.6893e-18
20600.4255	2.0681e-17	2.7061e-18
20601.0255	2.0672e-17	2.7053e-18
20601.6254	2.0672e-17	2.7019e-18
20602.2254	2.0661e-17	2.6231e-18
20602.8254	2.0641e-17	2.4724e-18
20603.4253	2.0605e-17	2.5461e-18
20604.0253	2.0575e-17	2.6272e-18
20604.6253	2.0541e-17	2.6123e-18
20605.2253	2.0508e-17	2.5945e-18
20605.8252	2.0482e-17	2.5988e-18
20606.4352	2.0483e-17	2.5918e-18
20607.0352	2.0476e-17	2.5538e-18
20607.6351	2.0480e-17	2.5906e-18
20608.2351	2.0465e-17	2.5690e-18
20608.8351	2.0421e-17	2.5442e-18
20609.4350	2.0369e-17	2.5713e-18
20610.0350	2.0308e-17	2.5616e-18
20610.6350	2.0240e-17	2.6369e-18
20611.2350	2.0165e-17	2.7360e-18
20611.8349	2.0132e-17	2.7671e-18
20612.4349	2.0145e-17	2.7671e-18
20613.0349	2.0167e-17	2.7819e-18
20613.6348	2.0187e-17	2.8002e-18
20614.2348	2.0177e-17	2.8037e-18
20614.8348	2.0142e-17	2.7797e-18
20615.4348	2.0093e-17	2.7242e-18
20616.0347	2.0046e-17	2.7283e-18
20616.6347	2.0018e-17	2.7259e-18
20617.2347	1.9974e-17	2.7358e-18
20617.8346	1.9929e-17	2.8883e-18
20618.4346	1.9920e-17	2.9901e-18
20619.0346	1.9882e-17	3.0100e-18
20619.6345	1.9839e-17	3.0041e-18
20620.2345	1.9801e-17	3.0090e-18
20620.8345	1.9755e-17	3.0058e-18
20621.4345	1.9722e-17	2.9755e-18
20622.0344	1.9705e-17	2.9249e-18
20622.6344	1.9688e-17	2.9287e-18
20623.2344	1.9683e-17	2.9298e-18
20623.8343	1.9674e-17	2.9559e-18
20624.4343	1.9670e-17	3.0217e-18
20625.0343	1.9657e-17	3.0419e-18
20625.6342	1.9631e-17	3.0541e-18
20626.2342	1.9596e-17	3.0840e-18
20626.8342	1.9561e-17	3.0863e-18
20627.4342	1.9527e-17	3.1188e-18
20628.0341	1.9505e-17	3.1223e-18
20628.6341	1.9491e-17	3.1239e-18
20629.2341	1.9498e-17	3.1279e-18
20629.8340	1.9513e-17	3.1335e-18
20630.4340	1.9512e-17	3.1385e-18
20631.0340	1.9492e-17	3.1368e-18
20631.6340	1.9451e-17	3.1640e-18
20632.2339	1.9400e-17	3.1689e-18
20632.8339	1.9352e-17	3.1615e-18
20633.4339	1.9307e-17	3.1595e-18
20634.0338	1.9288e-17	3.1551e-18
20634.6338	1.9336e-17	3.1470e-18
20635.2338	1.9390e-17	3.1601e-18
20635.8337	1.9447e-17	3.1606e-18
20636.4337	1.9477e-17	3.1784e-18
20637.0337	1.9476e-17	3.2124e-18
20637.6337	1.9469e-17	3.2125e-18
20638.2336	1.9441e-17	3.1932e-18
20638.8336	1.9388e-17	3.1960e-18
20639.4336	1.9348e-17	3.3059e-18
20640.0335	1.9353e-17	3.3820e-18
20640.6335	1.9389e-17	3.3829e-18
20641.2335	1.9428e-17	3.3932e-18
20641.8334	1.9446e-17	3.4097e-18
20642.4334	1.9429e-17	3.4537e-18
20643.0334	1.9397e-17	3.4581e-18
20643.6334	1.9370e-17	3.4700e-18
20644.2333	1.9355e-17	3.4788e-18
20644.8333	1.9354e-17	3.4539e-18
20645.4333	1.9361e-17	3.4191e-18
20646.0332	1.9369e-17	3.4225e-18
20646.6332	1.9423e-17	3.4578e-18
20647.2332	1.9510e-17	3.4551e-18
20647.8332	1.9562e-17	3.4542e-18
20648.4331	1.9565e-17	3.4543e-18
20649.0331	1.9571e-17	3.4519e-18
20649.6331	1.9574e-17	3.4422e-18
20650.2330	1.9555e-17	3.4228e-18
20650.8330	1.9544e-17	3.4407e-18
20651.4330	1.9555e-17	3.4079e-18
20652.0429	1.9571e-17	3.3479e-18
20652.6429	1.9616e-17	3.3388e-18
20653.2429	1.9693e-17	3.3496e-18
20653.8429	1.9750e-17	3.3838e-18
20654.4428	1.9785e-17	3.3910e-18
20655.0428	1.9815e-17	3.3736e-18
20655.6428	1.9847e-17	3.3073e-18
20656.2427	1.9884e-17	3.2672e-18
20656.8427	1.9918e-17	3.2461e-18
20657.4427	1.9941e-17	3.2184e-18
20658.0426	1.9932e-17	3.2223e-18
20658.6426	1.9913e-17	3.1794e-18
20659.2426	1.9909e-17	3.1153e-18
20659.8426	1.9907e-17	3.1130e-18
20660.4425	1.9881e-17	3.1165e-18
20661.0425	1.9848e-17	3.1068e-18
20661.6425	1.9801e-17	3.1244e-18
20662.2424	1.9738e-17	3.1225e-18
20662.8424	1.9785e-17	3.1283e-18
20663.4424	1.9806e-17	3.1270e-18
20664.0424	1.9820e-17	3.1253e-18
20664.6423	1.9832e-17	3.1265e-18
20665.2423	1.9826e-17	3.1221e-18
20665.8423	1.9824e-17	2.9793e-18
20666.4422	1.9823e-17	2.8746e-18
20667.0422	1.9785e-17	2.8601e-18
20667.6422	1.9773e-17	2.8942e-18
20668.2421	1.9800e-17	2.8918e-18
20668.8421	1.9817e-17	2.9363e-18
20669.4421	1.9745e-17	2.9657e-18
20670.0421	1.9666e-17	2.9660e-18
20670.6420	1.9628e-17	2.9521e-18
20671.2420	1.9601e-17	2.9553e-18
20671.8420	1.9577e-17	2.9193e-18
20672.4419	1.9558e-17	2.8468e-18
20673.0419	1.9530e-17	2.8191e-18
20673.6419	1.9499e-17	2.8033e-18
20674.2418	1.9496e-17	2.7604e-18
20674.8418	1.9504e-17	2.7526e-18
20675.4418	1.9529e-17	2.7248e-18
20676.0418	1.9561e-17	2.7233e-18
20676.6417	1.9547e-17	2.7213e-18
20677.2417	1.9525e-17	2.7076e-18
20677.8417	1.9488e-17	2.6940e-18
20678.4416	1.9467e-17	2.6918e-18
20679.0416	1.9449e-17	2.6978e-18
20679.6416	1.9441e-17	2.6566e-18
20680.2416	1.9458e-17	2.6335e-18
20680.8415	1.9468e-17	2.6213e-18
20681.4415	1.9492e-17	2.6138e-18
20682.0415	1.9514e-17	2.6139e-18
20682.6414	1.9495e-17	2.6106e-18
20683.2414	1.9459e-17	2.5900e-18
20683.8414	1.9424e-17	2.6120e-18
20684.4413	1.9388e-17	2.6305e-18
20685.0413	1.9378e-17	2.6426e-18
20685.6413	1.9365e-17	2.6477e-18
20686.2413	1.9351e-17	2.6490e-18
20686.8412	1.9340e-17	2.6514e-18
20687.4412	1.9326e-17	2.5349e-18
20688.0412	1.9334e-17	2.4099e-18
20688.6411	1.9361e-17	2.4026e-18
20689.2411	1.9353e-17	2.3963e-18
20689.8411	1.9319e-17	2.3730e-18
20690.4411	1.9308e-17	2.3253e-18
20691.0410	1.9301e-17	2.2953e-18
20691.6410	1.9293e-17	2.2924e-18
20692.2410	1.9279e-17	2.3263e-18
20692.8409	1.9251e-17	2.4151e-18
20693.4409	1.9236e-17	2.3954e-18
20694.0409	1.9241e-17	2.3922e-18
20694.6408	1.9269e-17	2.3569e-18
20695.2408	1.9308e-17	2.3345e-18
20695.8408	1.9319e-17	2.3361e-18
20696.4408	1.9320e-17	2.3145e-18
20697.0407	1.9304e-17	2.3086e-18
20697.6507	1.9302e-17	2.2991e-18
20698.2507	1.9300e-17	2.2887e-18
20698.8506	1.9297e-17	2.2683e-18
20699.4506	1.9294e-17	2.2417e-18
20700.0506	1.9278e-17	2.2354e-18
20700.6505	1.9274e-17	2.2403e-18
20701.2505	1.9267e-17	2.2316e-18
20701.8505	1.9271e-17	2.1851e-18
20702.4505	1.9269e-17	2.1741e-18
20703.0504	1.9249e-17	2.1751e-18
20703.6504	1.9231e-17	2.2018e-18
20704.2504	1.9231e-17	2.2360e-18
20704.8503	1.9246e-17	2.2594e-18
20705.4503	1.9270e-17	2.3003e-18
20706.0503	1.9283e-17	2.3456e-18
20706.6503	1.9277e-17	2.3848e-18
20707.2502	1.9266e-17	2.4177e-18
20707.8502	1.9254e-17	2.5082e-18
20708.4502	1.9229e-17	2.5089e-18
20709.0501	1.9216e-17	2.5513e-18
20709.6501	1.9202e-17	2.5419e-18
20710.2501	1.9192e-17	2.5706e-18
20710.8500	1.9206e-17	2.5707e-18
20711.4500	1.9238e-17	2.5790e-18
20712.0500	1.9262e-17	2.5818e-18
20712.6500	1.9269e-17	2.5794e-18
20713.2499	1.9258e-17	2.5737e-18
20713.8499	1.9258e-17	2.5735e-18
20714.4499	1.9266e-17	2.5527e-18
20715.0498	1.9262e-17	2.5343e-18
20715.6498	1.9240e-17	2.4970e-18
20716.2498	1.9212e-17	2.4968e-18
20716.8498	1.9208e-17	2.4706e-18
20717.4497	1.9212e-17	2.4783e-18
20718.0497	1.9249e-17	2.4793e-18
20718.6497	1.9287e-17	2.4695e-18
20719.2496	1.9298e-17	2.4607e-18
20719.8496	1.9302e-17	2.4566e-18
20720.4496	1.9292e-17	2.4482e-18
20721.0495	1.9293e-17	2.4671e-18
20721.6495	1.9282e-17	2.4767e-18
20722.2495	1.9264e-17	2.4773e-18
20722.8495	1.9260e-17	2.4833e-18
20723.4494	1.9248e-17	2.4843e-18
20724.0494	1.9257e-17	2.4944e-18
20724.6494	1.9284e-17	2.5045e-18
20725.2493	1.9308e-17	2.5007e-18
20725.8493	1.9323e-17	2.4934e-18
20726.4493	1.9338e-17	2.4879e-18
20727.0493	1.9334e-17	2.5095e-18
20727.6492	1.9313e-17	2.4997e-18
20728.2492	1.9288e-17	2.4771e-18
20728.8492	1.9261e-17	2.4762e-18
20729.4491	1.9235e-17	2.4693e-18
20730.0491	1.9197e-17	2.4766e-18
20730.6491	1.9157e-17	2.4927e-18
20731.2490	1.9164e-17	2.4981e-18
20731.8490	1.9207e-17	2.4902e-18
20732.4490	1.9255e-17	2.4716e-18
20733.0490	1.9284e-17	2.4413e-18
20733.6489	1.9277e-17	2.4689e-18
20734.2489	1.9254e-17	2.4614e-18
20734.8489	1.9239e-17	2.4161e-18
20735.4488	1.9233e-17	2.3570e-18
20736.0488	1.9233e-17	2.3437e-18
20736.6488	1.9246e-17	2.3434e-18
20737.2488	1.9240e-17	2.3461e-18
20737.8487	1.9238e-17	2.3720e-18
20738.4487	1.9250e-17	2.3685e-18
20739.0487	1.9297e-17	2.3916e-18
20739.6486	1.9351e-17	2.4164e-18
20740.2486	1.9389e-17	2.3888e-18
20740.8486	1.9402e-17	2.2702e-18
20741.4485	1.9398e-17	2.2637e-18
20742.0485	1.9396e-17	2.2628e-18
20742.6485	1.9412e-17	2.2367e-18
20743.2585	1.9436e-17	2.2421e-18
20743.8584	1.9445e-17	2.2231e-18
20744.4584	1.9465e-17	2.2216e-18
20745.0584	1.9516e-17	2.2443e-18
20745.6583	1.9580e-17	2.2663e-18
20746.2583	1.9614e-17	2.2677e-18
20746.8583	1.9652e-17	2.2777e-18
20747.4583	1.9696e-17	2.2775e-18
20748.0582	1.9728e-17	2.2788e-18
20748.6582	1.9727e-17	2.2848e-18
20749.2582	1.9734e-17	2.2814e-18
20749.8581	1.9754e-17	2.2745e-18
20750.4581	1.9748e-17	2.2580e-18
20751.0581	1.9744e-17	2.2481e-18
20751.6580	1.9747e-17	2.2202e-18
20752.2580	1.9764e-17	2.1960e-18
20752.8580	1.9800e-17	2.1512e-18
20753.4580	1.9850e-17	2.0996e-18
20754.0579	1.9887e-17	2.0316e-18
20754.6579	1.9908e-17	1.9495e-18
20755.2579	1.9922e-17	1.8542e-18
20755.8578	1.9921e-17	1.6247e-18
20756.4578	1.9910e-17	1.6279e-18
20757.0578	1.9923e-17	1.6099e-18
20757.6578	1.9913e-17	1.6104e-18
20758.2577	1.9898e-17	1.6086e-18
20758.8577	1.9921e-17	1.6032e-18
20759.4577	1.9938e-17	1.6002e-18
20760.0576	1.9982e-17	1.6062e-18
20760.6576	2.0056e-17	1.5851e-18
20761.2576	2.0126e-17	1.5858e-18
20761.8575	2.0171e-17	1.5883e-18
20762.4575	2.0193e-17	1.5853e-18
20763.0575	2.0182e-17	1.5887e-18
20763.6575	2.0163e-17	1.6133e-18
20764.2574	2.0162e-17	1.6135e-18
20764.8574	2.0169e-17	1.5693e-18
20765.4574	2.0181e-17	1.5032e-18
20766.0573	2.0175e-17	1.4975e-18
20766.6573	2.0155e-17	1.5241e-18
20767.2573	2.0149e-17	1.5475e-18
20767.8573	2.0187e-17	1.5537e-18
20768.4572	2.0226e-17	1.5573e-18
20769.0572	2.0264e-17	1.5497e-18
20769.6572	2.0303e-17	1.5469e-18
20770.2571	2.0297e-17	1.5505e-18
20770.8571	2.0289e-17	1.5506e-18
20771.4571	2.0299e-17	1.5517e-18
20772.0570	2.0300e-17	1.5221e-18
20772.6570	2.0293e-17	1.4892e-18
20773.2570	2.0290e-17	1.4893e-18
20773.8570	2.0304e-17	1.5115e-18
20774.4569	2.0318e-17	1.5291e-18
20775.0569	2.0346e-17	1.5057e-18
20775.6569	2.0366e-17	1.5055e-18
20776.2568	2.0392e-17	1.5190e-18
20776.8568	2.0419e-17	1.5214e-18
20777.4568	2.0428e-17	1.5340e-18
20778.0568	2.0421e-17	1.5286e-18
20778.6567	2.0420e-17	1.5134e-18
20779.2567	2.0433e-17	1.5142e-18
20779.8567	2.0443e-17	1.4988e-18
20780.4566	2.0441e-17	1.4697e-18
20781.0566	2.0429e-17	1.4700e-18
20781.6566	2.0428e-17	1.4317e-18
20782.2565	2.0445e-17	1.4524e-18
20782.8565	2.0479e-17	1.4567e-18
20783.4565	2.0499e-17	1.4465e-18
20784.0565	2.0523e-17	1.4598e-18
20784.6564	2.0540e-17	1.4715e-18
20785.2564	2.0555e-17	1.4911e-18
20785.8564	2.0558e-17	1.4623e-18
20786.4563	2.0564e-17	1.4437e-18
20787.0563	2.0572e-17	1.4087e-18
20787.6563	2.0570e-17	1.3680e-18
20788.2563	2.0563e-17	1.3825e-18
20788.8562	2.0541e-17	1.3781e-18
20789.4662	2.0546e-17	1.3957e-18
20790.0662	2.0568e-17	1.4016e-18
20790.6661	2.0578e-17	1.3974e-18
20791.2661	2.0578e-17	1.3880e-18
20791.8661	2.0576e-17	1.3872e-18
20792.4661	2.0558e-17	1.3818e-18
20793.0660	2.0561e-17	1.3468e-18
20793.6660	2.0560e-17	1.3241e-18
20794.2660	2.0559e-17	1.3241e-18
20794.8659	2.0565e-17	1.3207e-18
20795.4659	2.0558e-17	1.3204e-18
20796.0659	2.0556e-17	1.3189e-18
20796.6658	2.0552e-17	1.3298e-18
20797.2658	2.0558e-17	1.3464e-18
20797.8658	2.0566e-17	1.3554e-18
20798.4658	2.0569e-17	1.3557e-18
20799.0657	2.0568e-17	1.3567e-18
20799.6657	2.0545e-17	1.3561e-18
20800.2657	2.0514e-17	1.3568e-18
20800.8656	2.0470e-17	1.3530e-18
20801.4656	2.0421e-17	1.3692e-18
20802.0656	2.0397e-17	1.3727e-18
20802.6656	2.0368e-17	1.3767e-18
20803.2655	2.0346e-17	1.3624e-18
20803.8655	2.0356e-17	1.3736e-18
20804.4655	2.0354e-17	1.4054e-18
20805.0654	2.0364e-17	1.3973e-18
20805.6654	2.0380e-17	1.3984e-18
20806.2654	2.0397e-17	1.3912e-18
20806.8653	2.0397e-17	1.3941e-18
20807.4653	2.0380e-17	1.4014e-18
20808.0653	2.0344e-17	1.4102e-18
20808.6653	2.0301e-17	1.4103e-18
20809.2652	2.0268e-17	1.4089e-18
20809.8652	2.0242e-17	1.4091e-18
20810.4652	2.0220e-17	1.4133e-18
20811.0651	2.0194e-17	1.4346e-18
20811.6651	2.0193e-17	1.4367e-18
20812.2651	2.0157e-17	1.4404e-18
20812.8651	2.0138e-17	1.4413e-18
20813.4650	2.0146e-17	1.4199e-18
20814.0650	2.0192e-17	1.4220e-18
20814.6650	2.0185e-17	1.4094e-18
20815.2649	2.0152e-17	1.4163e-18
20815.8649	2.0154e-17	1.4238e-18
20816.4649	2.0150e-17	1.4135e-18
20817.0649	2.0116e-17	1.3956e-18
20817.6648	2.0095e-17	1.4139e-18
20818.2648	2.0096e-17	1.4369e-18
20818.8648	2.0090e-17	1.4653e-18
20819.4647	2.0069e-17	1.4990e-18
20820.0647	2.0058e-17	1.4989e-18
20820.6647	2.0043e-17	1.5024e-18
20821.2646	2.0034e-17	1.5031e-18
20821.8646	2.0032e-17	1.4854e-18
20822.4646	2.0034e-17	1.4701e-18
20823.0646	2.0038e-17	1.4619e-18
20823.6645	2.0033e-17	1.4635e-18
20824.2645	2.0035e-17	1.4534e-18
20824.8645	2.0044e-17	1.4530e-18
20825.4644	2.0053e-17	1.4439e-18
20826.0644	2.0058e-17	1.4414e-18
20826.6644	2.0066e-17	1.4423e-18
20827.2644	2.0087e-17	1.4547e-18
20827.8643	2.0111e-17	1.4615e-18
20828.4643	2.0139e-17	1.4689e-18
20829.0643	2.0187e-17	1.4697e-18
20829.6642	2.0189e-17	1.4917e-18
20830.2642	2.0171e-17	1.4911e-18
20830.8642	2.0157e-17	1.4865e-18
20831.4641	2.0144e-17	1.4963e-18
20832.0641	2.0143e-17	1.4965e-18
20832.6641	2.0131e-17	1.4886e-18
20833.2641	2.0127e-17	1.4701e-18
20833.8640	2.0141e-17	1.4695e-18
20834.4640	2.0146e-17	1.4769e-18
20835.0740	2.0143e-17	1.4740e-18
20835.6739	2.0147e-17	1.4982e-18
20836.2739	2.0138e-17	1.5047e-18
20836.8739	2.0118e-17	1.5202e-18
20837.4739	2.0116e-17	1.5119e-18
20838.0738	2.0130e-17	1.5064e-18
20838.6738	2.0145e-17	1.5071e-18
20839.2738	2.0146e-17	1.5161e-18
20839.8737	2.0144e-17	1.5225e-18
20840.4737	2.0148e-17	1.5370e-18
20841.0737	2.0151e-17	1.5372e-18
20841.6737	2.0145e-17	1.5234e-18
20842.2736	2.0137e-17	1.5348e-18
20842.8736	2.0132e-17	1.5463e-18
20843.4736	2.0134e-17	1.5580e-18
20844.0735	2.0120e-17	1.5653e-18
20844.6735	2.0108e-17	1.5540e-18
20845.2735	2.0118e-17	1.5444e-18
20845.8734	2.0133e-17	1.5356e-18
20846.4734	2.0130e-17	1.5359e-18
20847.0734	2.0135e-17	1.5193e-18
20847.6734	2.0131e-17	1.5292e-18
20848.2733	2.0111e-17	1.5104e-18
20848.8733	2.0101e-17	1.5152e-18
20849.4733	2.0104e-17	1.5047e-18
20850.0732	2.0116e-17	1.4999e-18
20850.6732	2.0122e-17	1.5061e-18
20851.2732	2.0122e-17	1.5071e-18
20851.8732	2.0117e-17	1.4904e-18
20852.4731	2.0113e-17	1.4617e-18
20853.0731	2.0126e-17	1.4650e-18
20853.6731	2.0144e-17	1.4669e-18
20854.2730	2.0140e-17	1.4597e-18
20854.8730	2.0123e-17	1.4563e-18
20855.4730	2.0117e-17	1.4468e-18
20856.0730	2.0107e-17	1.4329e-18
20856.6729	2.0092e-17	1.4338e-18
20857.2729	2.0082e-17	1.4353e-18
20857.8729	2.0075e-17	1.4373e-18
20858.4728	2.0068e-17	1.4362e-18
20859.0728	2.0046e-17	1.4127e-18
20859.6728	2.0022e-17	1.3762e-18
20860.2727	1.9985e-17	1.3760e-18
20860.8727	1.9958e-17	1.3687e-18
20861.4727	1.9948e-17	1.3765e-18
20862.0727	1.9948e-17	1.3827e-18
20862.6726	1.9946e-17	1.3737e-18
20863.2726	1.9940e-17	1.3446e-18
20863.8726	1.9929e-17	1.3291e-18
20864.4725	1.9915e-17	1.3578e-18
20865.0725	1.9909e-17	1.3600e-18
20865.6725	1.9896e-17	1.3492e-18
20866.2725	1.9872e-17	1.3504e-18
20866.8724	1.9849e-17	1.3322e-18
20867.4724	1.9844e-17	1.3094e-18
20868.0724	1.9844e-17	1.3125e-18
20868.6723	1.9835e-17	1.3110e-18
20869.2723	1.9820e-17	1.3219e-18
20869.8723	1.9797e-17	1.3227e-18
20870.4723	1.9775e-17	1.3237e-18
20871.0722	1.9756e-17	1.3270e-18
20871.6722	1.9750e-17	1.3459e-18
20872.2722	1.9753e-17	1.3544e-18
20872.8721	1.9742e-17	1.3673e-18
20873.4721	1.9712e-17	1.3744e-18
20874.0721	1.9688e-17	1.3988e-18
20874.6720	1.9683e-17	1.4729e-18
20875.2720	1.9671e-17	1.5633e-18
20875.8720	1.9654e-17	1.5981e-18
20876.4720	1.9622e-17	1.6240e-18
20877.0719	1.9591e-17	1.6387e-18
20877.6719	1.9579e-17	1.6521e-18
20878.2719	1.9572e-17	1.6356e-18
20878.8718	1.9566e-17	1.6358e-18
20879.4718	1.9567e-17	1.6228e-18
20880.0718	1.9562e-17	1.6057e-18
20880.6818	1.9560e-17	1.6035e-18
20881.2817	1.9549e-17	1.6006e-18
20881.8817	1.9540e-17	1.6057e-18
20882.4817	1.9541e-17	1.6106e-18
20883.0816	1.9539e-17	1.6178e-18
20883.6816	1.9527e-17	1.6145e-18
20884.2816	1.9520e-17	1.6206e-18
20884.8816	1.9524e-17	1.6298e-18
20885.4815	1.9518e-17	1.6849e-18
20886.0815	1.9509e-17	1.7035e-18
20886.6815	1.9489e-17	1.7219e-18
20887.2814	1.9478e-17	1.7133e-18
20887.8814	1.9477e-17	1.7363e-18
20888.4814	1.9475e-17	1.7315e-18
20889.0813	1.9471e-17	1.8196e-18
20889.6813	1.9459e-17	1.8311e-18
20890.2813	1.9435e-17	1.8207e-18
20890.8813	1.9422e-17	1.8177e-18
20891.4812	1.9410e-17	1.8089e-18
20892.0812	1.9402e-17	1.8266e-18
20892.6812	1.9380e-17	1.8250e-18
20893.2811	1.9370e-17	1.8196e-18
20893.8811	1.9370e-17	1.8129e-18
20894.4811	1.9358e-17	1.8134e-18
20895.0811	1.9359e-17	1.8129e-18
20895.6810	1.9373e-17	1.8057e-18
20896.2810	1.9393e-17	1.8106e-18
20896.8810	1.9392e-17	1.8132e-18
20897.4809	1.9384e-17	1.8081e-18
20898.0809	1.9391e-17	1.8079e-18
20898.6809	1.9399e-17	1.8010e-18
20899.2809	1.9403e-17	1.8009e-18
20899.8808	1.9395e-17	1.8020e-18
20900.4808	1.9383e-17	1.8020e-18
20901.0808	1.9380e-17	1.7957e-18
20901.6807	1.9371e-17	1.7784e-18
20902.2807	1.9366e-17	1.7718e-18
20902.8807	1.9355e-17	1.7729e-18
20903.4807	1.9359e-17	1.7767e-18
20904.0806	1.9357e-17	1.7760e-18
20904.6806	1.9349e-17	1.7763e-18
20905.2806	1.9346e-17	1.7821e-18
20905.8805	1.9328e-17	1.7911e-18
20906.4805	1.9306e-17	1.7879e-18
20907.0805	1.9285e-17	1.7869e-18
20907.6804	1.9276e-17	1.7875e-18
20908.2804	1.9283e-17	1.7844e-18
20908.8804	1.9280e-17	1.7795e-18
20909.4804	1.9266e-17	1.7719e-18
20910.0803	1.9254e-17	1.7632e-18
20910.6803	1.9263e-17	1.7604e-18
20911.2803	1.9268e-17	1.7536e-18
20911.8802	1.9269e-17	1.7536e-18
20912.4802	1.9268e-17	1.7416e-18
20913.0802	1.9270e-17	1.7415e-18
20913.6802	1.9270e-17	1.7372e-18
20914.2801	1.9263e-17	1.7354e-18
20914.8801	1.9252e-17	1.7288e-18
20915.4801	1.9249e-17	1.7153e-18
20916.0800	1.9239e-17	1.7189e-18
20916.6800	1.9238e-17	1.7247e-18
20917.2800	1.9238e-17	1.7252e-18
20917.8800	1.9212e-17	1.7258e-18
20918.4799	1.9186e-17	1.7286e-18
20919.0799	1.9154e-17	1.7148e-18
20919.6799	1.9136e-17	1.6862e-18
20920.2798	1.9137e-17	1.6599e-18
20920.8798	1.9130e-17	1.6356e-18
20921.4798	1.9107e-17	1.6332e-18
20922.0798	1.9092e-17	1.6212e-18
20922.6797	1.9087e-17	1.5636e-18
20923.2797	1.9086e-17	1.4739e-18
20923.8797	1.9081e-17	1.4470e-18
20924.4796	1.9071e-17	1.4201e-18
20925.0796	1.9073e-17	1.4170e-18
20925.6796	1.9089e-17	1.3895e-18
20926.2895	1.9094e-17	1.3924e-18
20926.8895	1.9092e-17	1.3965e-18
20927.4895	1.9088e-17	1.4032e-18
20928.0895	1.9084e-17	1.4058e-18
20928.6894	1.9091e-17	1.4062e-18
20929.2894	1.9094e-17	1.4026e-18
20929.8894	1.9076e-17	1.3972e-18
20930.4893	1.9063e-17	1.3861e-18
20931.0893	1.9062e-17	1.3699e-18
20931.6893	1.9060e-17	1.3466e-18
20932.2893	1.9080e-17	1.3148e-18
20932.8892	1.9104e-17	1.2726e-18
20933.4892	1.9114e-17	1.1991e-18
20934.0892	1.9119e-17	1.1916e-18
20934.6891	1.9117e-17	1.1606e-18
20935.2891	1.9118e-17	1.1616e-18
20935.8891	1.9136e-17	1.1251e-18
20936.4891	1.9164e-17	1.1118e-18
20937.0890	1.9188e-17	9.3682e-19
20937.6890	1.9196e-17	9.0528e-19
20938.2890	1.9193e-17	9.0546e-19
20938.8889	1.9182e-17	8.5957e-19
20939.4889	1.9169e-17	8.4465e-19
20940.0889	1.9155e-17	8.0381e-19
20940.6889	1.9147e-17	7.9533e-19
20941.2888	1.9162e-17	7.7705e-19
20941.8888	1.9170e-17	7.7792e-19
20942.4888	1.9173e-17	7.7095e-19
20943.0887	1.9170e-17	7.6933e-19
20943.6887	1.9171e-17	7.7141e-19
20944.2887	1.9185e-17	7.7067e-19
20944.8887	1.9186e-17	7.6356e-19
20945.4886	1.9201e-17	7.5983e-19
20946.0886	1.9212e-17	7.5989e-19
20946.6886	1.9227e-17	7.6239e-19
20947.2885	1.9241e-17	7.7350e-19
20947.8885	1.9259e-17	7.7254e-19
20948.4885	1.9254e-17	7.5404e-19
20949.0884	1.9259e-17	7.5389e-19
20949.6884	1.9282e-17	7.5941e-19
20950.2884	1.9294e-17	7.9488e-19
20950.8884	1.9308e-17	8.2996e-19
20951.4883	1.9323e-17	8.3026e-19
20952.0883	1.9328e-17	8.4285e-19
20952.6883	1.9342e-17	8.6673e-19
20953.2882	1.9357e-17	8.6154e-19
20953.8882	1.9358e-17	8.4752e-19
20954.4882	1.9376e-17	8.4796e-19
20955.0882	1.9386e-17	8.6359e-19
20955.6881	1.9392e-17	8.5274e-19
20956.2881	1.9400e-17	8.5059e-19
20956.8881	1.9405e-17	8.4542e-19
20957.4880	1.9410e-17	8.4042e-19
20958.0880	1.9433e-17	8.4286e-19
20958.6880	1.9450e-17	8.4682e-19
20959.2880	1.9433e-17	8.4484e-19
20959.8879	1.9423e-17	8.5148e-19
20960.4879	1.9413e-17	8.4545e-19
20961.0879	1.9405e-17	8.4462e-19
20961.6878	1.9428e-17	8.5014e-19
20962.2878	1.9451e-17	8.4889e-19
20962.8878	1.9457e-17	8.4829e-19
20963.4878	1.9433e-17	8.5026e-19
20964.0877	1.9405e-17	8.3877e-19
20964.6877	1.9400e-17	8.4386e-19
20965.2877	1.9424e-17	8.5055e-19
20965.8876	1.9432e-17	8.5490e-19
20966.4876	1.9406e-17	8.7526e-19
20967.0876	1.9377e-17	8.7698e-19
20967.6876	1.9358e-17	8.8007e-19
20968.2875	1.9348e-17	8.8425e-19
20968.8875	1.9333e-17	8.8825e-19
20969.4875	1.9333e-17	9.0505e-19
20970.0874	1.9340e-17	9.5508e-19
20970.6874	1.9358e-17	9.9535e-19
20971.2874	1.9376e-17	1.0269e-18
20971.8973	1.9379e-17	1.0368e-18
20972.4973	1.9387e-17	1.0466e-18
20973.0973	1.9393e-17	1.0381e-18
20973.6973	1.9387e-17	1.0251e-18
20974.2972	1.9364e-17	1.0240e-18
20974.8972	1.9345e-17	1.0209e-18
20975.4972	1.9345e-17	1.0130e-18
20976.0971	1.9350e-17	1.0093e-18
20976.6971	1.9355e-17	1.0062e-18
20977.2971	1.9358e-17	1.0091e-18
20977.8971	1.9360e-17	1.0102e-18
20978.4970	1.9368e-17	1.0103e-18
20979.0970	1.9382e-17	1.0132e-18
20979.6970	1.9394e-17	1.0136e-18
20980.2969	1.9400e-17	1.0128e-18
20980.8969	1.9399e-17	1.0177e-18
20981.4969	1.9394e-17	1.0153e-18
20982.0969	1.9394e-17	9.9836e-19
20982.6968	1.9393e-17	9.9824e-19
20983.2968	1.9381e-17	9.9941e-19
20983.8968	1.9373e-17	1.0005e-18
20984.4967	1.9363e-17	1.0040e-18
20985.0967	1.9371e-17	1.0080e-18
20985.6967	1.9390e-17	1.0126e-18
20986.2967	1.9395e-17	1.0182e-18
20986.8966	1.9380e-17	1.0229e-18
20987.4966	1.9372e-17	1.0303e-18
20988.0966	1.9345e-17	1.0383e-18
20988.6965	1.9316e-17	1.0449e-18
20989.2965	1.9296e-17	1.0535e-18
20989.8965	1.9290e-17	1.0620e-18
20990.4965	1.9295e-17	1.0714e-18
20991.0964	1.9290e-17	1.0723e-18
20991.6964	1.9285e-17	1.0723e-18
20992.2964	1.9265e-17	1.0736e-18
20992.8963	1.9237e-17	1.0972e-18
20993.4963	1.9207e-17	1.1203e-18
20994.0963	1.9172e-17	1.1219e-18
20994.6963	1.9156e-17	1.1218e-18
20995.2962	1.9141e-17	1.1199e-18
20995.8962	1.9141e-17	1.1281e-18
20996.4962	1.9154e-17	1.1638e-18
20997.0961	1.9164e-17	1.1670e-18
20997.6961	1.9170e-17	1.1651e-18
20998.2961	1.9177e-17	1.1572e-18
20998.8960	1.9164e-17	1.1581e-18
20999.4960	1.9148e-17	1.1570e-18
21000.0960	1.9122e-17	1.1580e-18
21000.6960	1.9104e-17	1.1540e-18
21001.2959	1.9097e-17	1.1547e-18
21001.8959	1.9100e-17	1.1520e-18
21002.4959	1.9093e-17	1.1513e-18
21003.0958	1.9080e-17	1.1443e-18
21003.6958	1.9073e-17	1.2030e-18
21004.2958	1.9068e-17	1.2348e-18
21004.8958	1.9068e-17	1.2350e-18
21005.4957	1.9066e-17	1.2355e-18
21006.0957	1.9058e-17	1.2341e-18
21006.6957	1.9022e-17	1.2327e-18
21009.0956	1.9029e-17	1.2329e-18
21009.6955	1.9040e-17	1.2455e-18
21010.2955	1.9039e-17	1.2636e-18
21010.8955	1.9021e-17	1.2646e-18
21012.0954	1.9045e-17	1.2617e-18
21013.2954	1.9096e-17	1.2581e-18
21014.4953	1.9110e-17	1.2590e-18
21015.0953	1.9104e-17	1.2581e-18
21015.6952	1.9126e-17	1.2631e-18
21016.2952	1.9152e-17	1.2634e-18
21016.8952	1.9153e-17	1.2706e-18
21017.5052	1.9142e-17	1.2780e-18
21018.1051	1.9131e-17	1.2568e-18
21018.7051	1.9116e-17	1.2617e-18
21019.3051	1.9116e-17	1.2638e-18
21019.9050	1.9120e-17	1.2594e-18
21020.5050	1.9122e-17	1.2618e-18
21021.1050	1.9119e-17	1.2584e-18
21021.7050	1.9109e-17	1.2254e-18
21022.3049	1.9107e-17	1.1967e-18
21022.9049	1.9103e-17	1.1706e-18
21023.5049	1.9099e-17	1.1479e-18
21024.1048	1.9101e-17	1.1326e-18
21024.7048	1.9110e-17	1.1334e-18
21025.3048	1.9115e-17	1.1310e-18
21025.9048	1.9117e-17	1.1237e-18
21026.5047	1.9119e-17	1.1343e-18
21027.1047	1.9114e-17	1.1625e-18
21027.7047	1.9109e-17	1.1642e-18
21028.3046	1.9106e-17	1.1642e-18
21028.9046	1.9110e-17	1.1612e-18
21029.5046	1.9111e-17	1.1593e-18
21030.1046	1.9105e-17	1.1593e-18
21030.7045	1.9097e-17	1.1575e-18
21031.3045	1.9100e-17	1.1576e-18
21031.9045	1.9100e-17	1.1637e-18
21032.5044	1.9089e-17	1.1724e-18
21033.1044	1.9072e-17	1.1830e-18
21033.7044	1.9059e-17	1.2075e-18
21034.3043	1.9047e-17	1.2533e-18
21034.9043	1.9036e-17	1.3051e-18
21035.5043	1.9029e-17	1.3222e-18
21036.1043	1.9016e-17	1.3302e-18
21036.7042	1.9006e-17	1.3532e-18
21037.3042	1.9001e-17	1.3557e-18
21037.9042	1.8994e-17	1.3518e-18
21038.5041	1.8985e-17	1.3472e-18
21039.1041	1.8967e-17	1.3657e-18
21039.7041	1.8953e-17	1.4044e-18
21040.3041	1.8943e-17	1.4029e-18
21040.9040	1.8930e-17	1.4148e-18
21041.5040	1.8924e-17	1.4341e-18
21042.1040	1.8919e-17	1.4310e-18
21042.7039	1.8923e-17	1.4685e-18
21043.3039	1.8924e-17	1.4677e-18
21043.9039	1.8915e-17	1.4959e-18
21044.5039	1.8907e-17	1.5359e-18
21045.1038	1.8903e-17	1.5570e-18
21045.7038	1.8893e-17	1.5682e-18
21046.3038	1.8888e-17	1.5764e-18
21046.9037	1.8888e-17	1.5826e-18
21047.5037	1.8890e-17	1.5740e-18
21048.1037	1.8891e-17	1.5532e-18
21048.7037	1.8886e-17	1.5666e-18
21049.3036	1.8883e-17	1.5742e-18
21049.9036	1.8874e-17	1.5655e-18
21050.5036	1.8858e-17	1.5506e-18
21051.1035	1.8839e-17	1.5915e-18
21051.7035	1.8818e-17	1.6490e-18
21052.3035	1.8800e-17	1.6627e-18
21052.9035	1.8794e-17	1.6572e-18
21053.5034	1.8791e-17	1.6557e-18
21054.1034	1.8782e-17	1.6557e-18
21054.7034	1.8772e-17	1.6511e-18
21055.3033	1.8769e-17	1.6138e-18
21055.9033	1.8776e-17	1.5923e-18
21056.5033	1.8785e-17	1.6144e-18
21057.1033	1.8777e-17	1.6344e-18
21057.7032	1.8750e-17	1.6453e-18
21058.3032	1.8731e-17	1.6476e-18
21058.9032	1.8727e-17	1.6481e-18
21059.5031	1.8714e-17	1.6482e-18
21060.1031	1.8692e-17	1.6465e-18
21060.7031	1.8679e-17	1.6437e-18
21061.3031	1.8673e-17	1.6436e-18
21061.9030	1.8657e-17	1.6440e-18
21062.5030	1.8635e-17	1.6609e-18
21063.1130	1.8612e-17	1.6844e-18
21063.7129	1.8584e-17	1.6855e-18
21064.3129	1.8568e-17	1.6710e-18
21064.9129	1.8564e-17	1.6606e-18
21065.5129	1.8560e-17	1.6640e-18
21066.1128	1.8548e-17	1.6788e-18
21066.7128	1.8533e-17	1.6800e-18
21067.3128	1.8524e-17	1.6815e-18
21067.9127	1.8515e-17	1.6844e-18
21068.5127	1.8506e-17	1.6762e-18
21069.1127	1.8491e-17	1.6704e-18
21069.7127	1.8468e-17	1.6703e-18
21070.3126	1.8442e-17	1.6704e-18
21070.9126	1.8422e-17	1.6713e-18
21071.5126	1.8410e-17	1.6767e-18
21072.1125	1.8393e-17	1.6848e-18
21072.7125	1.8389e-17	1.6968e-18
21073.3125	1.8376e-17	1.7084e-18
21073.9125	1.8362e-17	1.7109e-18
21074.5124	1.8352e-17	1.7036e-18
21075.1124	1.8349e-17	1.6876e-18
21075.7124	1.8347e-17	1.6867e-18
21076.3123	1.8337e-17	1.7026e-18
21076.9123	1.8331e-17	1.7031e-18
21077.5123	1.8328e-17	1.7276e-18
21078.1123	1.8322e-17	1.7355e-18
21078.7122	1.8307e-17	1.7344e-18
21079.3122	1.8296e-17	1.7415e-18
21079.9122	1.8297e-17	1.7392e-18
21080.5121	1.8291e-17	1.7469e-18
21081.1121	1.8280e-17	1.7465e-18
21081.7121	1.8272e-17	1.7352e-18
21082.3121	1.8267e-17	1.7055e-18
21082.9120	1.8267e-17	1.6796e-18
21083.5120	1.8269e-17	1.7163e-18
21084.1120	1.8267e-17	1.7185e-18
21084.7119	1.8259e-17	1.7063e-18
21085.3119	1.8245e-17	1.7048e-18
21085.9119	1.8234e-17	1.7053e-18
21086.5119	1.8226e-17	1.7046e-18
21087.1118	1.8226e-17	1.7123e-18
21087.7118	1.8228e-17	1.7300e-18
21088.3118	1.8227e-17	1.7254e-18
21088.9117	1.8233e-17	1.7146e-18
21089.5117	1.8242e-17	1.7049e-18
21090.1117	1.8248e-17	1.7453e-18
21090.7117	1.8251e-17	1.7489e-18
21091.3116	1.8261e-17	1.7489e-18
21091.9116	1.8265e-17	1.7460e-18
21092.5116	1.8260e-17	1.7189e-18
21093.1115	1.8258e-17	1.6875e-18
21093.7115	1.8255e-17	1.6770e-18
21094.3115	1.8248e-17	1.6761e-18
21094.9115	1.8250e-17	1.6718e-18
21095.5114	1.8250e-17	1.6700e-18
21096.1114	1.8237e-17	1.6682e-18
21096.7114	1.8220e-17	1.6536e-18
21097.3113	1.8210e-17	1.6458e-18
21097.9113	1.8211e-17	1.6491e-18
21098.5113	1.8208e-17	1.6494e-18
21099.1113	1.8202e-17	1.6108e-18
21099.7112	1.8194e-17	1.5455e-18
21100.3112	1.8186e-17	1.5163e-18
21100.9112	1.8188e-17	1.5201e-18
21101.5111	1.8196e-17	1.5206e-18
21102.1111	1.8203e-17	1.5213e-18
21102.7111	1.8214e-17	1.5236e-18
21103.3111	1.8219e-17	1.5264e-18
21103.9110	1.8224e-17	1.5264e-18
21104.5110	1.8225e-17	1.5073e-18
21105.1110	1.8227e-17	1.4964e-18
21105.7109	1.8232e-17	1.4992e-18
21106.3109	1.8235e-17	1.4954e-18
21106.9109	1.8233e-17	1.4979e-18
21107.5108	1.8232e-17	1.4828e-18
21108.1108	1.8226e-17	1.4658e-18
21108.7208	1.8221e-17	1.4655e-18
21109.3208	1.8220e-17	1.4659e-18
21109.9207	1.8221e-17	1.4637e-18
21110.5207	1.8224e-17	1.4405e-18
21111.1207	1.8228e-17	1.4081e-18
21111.7206	1.8233e-17	1.3944e-18
21112.3206	1.8233e-17	1.3987e-18
21112.9206	1.8225e-17	1.3987e-18
21113.5206	1.8215e-17	1.3937e-18
21114.1205	1.8208e-17	1.3915e-18
21114.7205	1.8195e-17	1.3898e-18
21115.3205	1.8168e-17	1.3842e-18
21115.9204	1.8154e-17	1.3786e-18
21116.5204	1.8157e-17	1.3792e-18
21117.1204	1.8164e-17	1.3760e-18
21117.7204	1.8174e-17	1.3812e-18
21118.3203	1.8182e-17	1.3830e-18
21118.9203	1.8173e-17	1.3840e-18
21119.5203	1.8163e-17	1.3856e-18
21120.1202	1.8165e-17	1.3809e-18
21120.7202	1.8178e-17	1.3664e-18
21121.3202	1.8196e-17	1.3548e-18
21121.9202	1.8207e-17	1.3568e-18
21122.5201	1.8213e-17	1.3628e-18
21123.1201	1.8225e-17	1.3736e-18
21123.7201	1.8239e-17	1.3820e-18
21124.3200	1.8241e-17	1.3571e-18
21124.9200	1.8234e-17	1.3589e-18
21125.5200	1.8224e-17	1.3383e-18
21126.1200	1.8219e-17	1.3310e-18
21126.7199	1.8209e-17	1.3431e-18
21127.3199	1.8202e-17	1.3506e-18
21127.9199	1.8204e-17	1.3541e-18
21128.5198	1.8219e-17	1.3370e-18
21129.1198	1.8231e-17	1.3419e-18
21129.7198	1.8233e-17	1.3857e-18
21130.3198	1.8231e-17	1.4584e-18
21130.9197	1.8229e-17	1.4488e-18
21131.5197	1.8225e-17	1.3852e-18
21132.1197	1.8226e-17	1.3676e-18
21132.7196	1.8238e-17	1.3603e-18
21133.3196	1.8251e-17	1.3563e-18
21133.9196	1.8258e-17	1.3626e-18
21134.5196	1.8261e-17	1.3617e-18
21135.1195	1.8264e-17	1.3398e-18
21135.7195	1.8263e-17	1.2770e-18
21136.3195	1.8266e-17	1.2850e-18
21136.9194	1.8281e-17	1.2949e-18
21137.5194	1.8299e-17	1.3050e-18
21138.1194	1.8311e-17	1.2527e-18
21138.7194	1.8324e-17	1.2243e-18
21139.3193	1.8336e-17	1.2551e-18
21139.9193	1.8346e-17	1.2213e-18
21140.5193	1.8360e-17	1.1888e-18
21141.1192	1.8371e-17	1.1888e-18
21141.7192	1.8381e-17	1.1970e-18
21142.3192	1.8391e-17	1.1932e-18
21142.9192	1.8395e-17	1.1920e-18
21143.5191	1.8401e-17	1.1997e-18
21144.1191	1.8409e-17	1.2034e-18
21144.7191	1.8419e-17	1.2022e-18
21145.3191	1.8432e-17	1.2022e-18
21145.9190	1.8438e-17	1.2094e-18
21146.5190	1.8445e-17	1.2090e-18
21147.1190	1.8457e-17	1.2090e-18
21147.7189	1.8459e-17	1.2082e-18
21148.3189	1.8455e-17	1.2078e-18
21148.9189	1.8458e-17	1.2025e-18
21149.5189	1.8467e-17	1.2012e-18
21150.1188	1.8474e-17	1.2010e-18
21150.7188	1.8480e-17	1.1995e-18
21151.3188	1.8486e-17	1.1978e-18
21151.9187	1.8493e-17	1.1967e-18
21152.5187	1.8496e-17	1.1938e-18
21153.1187	1.8493e-17	1.1813e-18
21153.7187	1.8487e-17	1.1615e-18
21154.3186	1.8479e-17	1.1610e-18
21154.9286	1.8476e-17	1.1575e-18
21155.5286	1.8462e-17	1.1579e-18
21156.1285	1.8429e-17	1.1585e-18
21156.7285	1.8408e-17	1.1591e-18
21157.3285	1.8395e-17	1.1599e-18
21157.9285	1.8408e-17	1.1606e-18
21158.5284	1.8415e-17	1.1590e-18
21159.1284	1.8414e-17	1.1598e-18
21159.7284	1.8405e-17	1.1657e-18
21160.3283	1.8376e-17	1.1689e-18
21160.9283	1.8341e-17	1.1613e-18
21161.5283	1.8325e-17	1.1493e-18
21162.1283	1.8337e-17	1.1371e-18
21162.7282	1.8355e-17	1.1379e-18
21163.3282	1.8353e-17	1.1371e-18
21163.9282	1.8334e-17	1.1360e-18
21164.5281	1.8325e-17	1.1360e-18
21165.1281	1.8334e-17	1.1369e-18
21165.7281	1.8347e-17	1.1254e-18
21166.3281	1.8359e-17	1.1249e-18
21166.9280	1.8375e-17	1.1424e-18
21167.5280	1.8387e-17	1.1755e-18
21168.1280	1.8393e-17	1.1835e-18
21168.7279	1.8397e-17	1.1979e-18
21169.3279	1.8393e-17	1.2063e-18
21169.9279	1.8379e-17	1.2097e-18
21170.5279	1.8360e-17	1.2229e-18
21171.1278	1.8342e-17	1.2162e-18
21171.7278	1.8335e-17	1.2111e-18
21172.3278	1.8341e-17	1.2110e-18
21172.9277	1.8345e-17	1.2091e-18
21173.5277	1.8347e-17	1.2063e-18
21174.1277	1.8345e-17	1.2148e-18
21174.7277	1.8345e-17	1.2033e-18
21175.3276	1.8344e-17	1.1897e-18
21175.9276	1.8347e-17	1.1975e-18
21176.5276	1.8350e-17	1.2211e-18
21177.1275	1.8347e-17	1.2086e-18
21177.7275	1.8342e-17	1.1450e-18
21178.3275	1.8331e-17	1.0328e-18
21178.9275	1.8307e-17	1.0019e-18
21179.5274	1.8299e-17	9.8422e-19
21180.1274	1.8305e-17	9.7782e-19
21180.7274	1.8290e-17	9.7709e-19
21181.3273	1.8270e-17	9.7789e-19
21181.9273	1.8262e-17	9.7849e-19
21182.5273	1.8253e-17	9.8274e-19
21183.1273	1.8241e-17	9.6880e-19
21183.7272	1.8224e-17	9.6997e-19
21184.3272	1.8196e-17	9.6764e-19
21184.9272	1.8167e-17	9.6626e-19
21185.5271	1.8150e-17	9.6743e-19
21186.1271	1.8144e-17	9.7826e-19
21186.7271	1.8139e-17	9.5234e-19
21187.3271	1.8138e-17	9.0856e-19
21187.9270	1.8138e-17	9.0949e-19
21188.5270	1.8121e-17	9.0956e-19
21189.1270	1.8102e-17	9.3522e-19
21189.7269	1.8090e-17	9.2697e-19
21190.3269	1.8088e-17	9.2533e-19
21190.9269	1.8091e-17	9.3575e-19
21191.5269	1.8089e-17	9.3416e-19
21192.1268	1.8089e-17	9.2811e-19
21192.7268	1.8089e-17	9.4574e-19
21193.3268	1.8093e-17	9.6745e-19
21193.9267	1.8098e-17	9.5799e-19
21194.5267	1.8095e-17	9.6051e-19
21195.1267	1.8092e-17	9.6286e-19
21195.7267	1.8091e-17	9.7181e-19
21196.3266	1.8092e-17	9.8344e-19
21196.9266	1.8091e-17	9.8829e-19
21197.5266	1.8078e-17	9.8914e-19
21198.1265	1.8078e-17	9.8842e-19
21198.7265	1.8085e-17	9.8701e-19
21199.3265	1.8082e-17	9.8449e-19
21199.9265	1.8068e-17	9.8374e-19
21200.5364	1.8045e-17	9.8648e-19
21201.1364	1.8035e-17	9.8932e-19
21201.7364	1.8043e-17	9.9214e-19
21202.3363	1.8047e-17	9.9467e-19
21202.9363	1.8050e-17	9.9661e-19
21203.5363	1.8057e-17	9.9772e-19
21204.1363	1.8075e-17	9.9794e-19
21204.7362	1.8107e-17	9.9714e-19
21205.3362	1.8127e-17	9.9487e-19
21205.9362	1.8130e-17	9.9075e-19
21206.5361	1.8131e-17	9.8747e-19
21207.1361	1.8140e-17	9.8342e-19
21207.7361	1.8151e-17	9.7280e-19
21208.3361	1.8146e-17	9.6201e-19
21208.9360	1.8130e-17	9.6175e-19
21209.5360	1.8126e-17	9.6092e-19
21210.1360	1.8122e-17	9.5630e-19
21210.7359	1.8105e-17	9.5016e-19
21211.3359	1.8077e-17	9.4906e-19
21211.9359	1.8049e-17	9.5906e-19
21212.5359	1.8043e-17	9.6205e-19
21213.1358	1.8059e-17	9.6166e-19
21213.7358	1.8076e-17	9.7487e-19
21214.3358	1.8088e-17	9.9505e-19
21214.9358	1.8095e-17	9.7523e-19
21215.5357	1.8093e-17	9.3364e-19
21216.1357	1.8092e-17	9.2990e-19
21216.7357	1.8098e-17	9.1278e-19
21217.3356	1.8100e-17	8.9919e-19
21217.9356	1.8095e-17	8.9670e-19
21218.5356	1.8086e-17	8.7582e-19
21219.1356	1.8092e-17	8.8137e-19
21219.7355	1.8101e-17	8.8370e-19
21220.3355	1.8098e-17	8.9023e-19
21220.9355	1.8075e-17	8.9419e-19
21221.5354	1.8057e-17	8.9217e-19
21222.1354	1.8062e-17	8.8173e-19
21222.7354	1.8073e-17	8.8384e-19
21223.3354	1.8082e-17	8.7792e-19
21223.9353	1.8075e-17	8.6448e-19
21224.5353	1.8055e-17	8.3153e-19
21225.1353	1.8041e-17	8.2844e-19
21225.7352	1.8022e-17	8.2860e-19
21226.3352	1.7991e-17	8.2836e-19
21226.9352	1.7966e-17	8.2829e-19
21227.5352	1.7965e-17	8.2764e-19
21228.1351	1.7973e-17	8.2430e-19
21228.7351	1.7973e-17	8.4965e-19
21229.3351	1.7975e-17	8.5245e-19
21229.9350	1.7977e-17	8.6580e-19
21230.5350	1.7983e-17	8.6630e-19
21231.1350	1.7987e-17	8.6618e-19
21231.7350	1.7989e-17	8.7004e-19
21232.3349	1.7999e-17	8.7193e-19
21232.9349	1.8010e-17	8.6352e-19
21233.5349	1.8016e-17	8.4426e-19
21234.1348	1.8022e-17	8.5430e-19
21234.7348	1.8029e-17	8.7912e-19
21235.3348	1.8036e-17	8.8112e-19
21235.9348	1.8041e-17	8.8530e-19
21236.5347	1.8042e-17	9.0665e-19
21237.1347	1.8041e-17	8.9952e-19
21237.7347	1.8037e-17	9.0245e-19
21238.3346	1.8036e-17	8.9923e-19
21238.9346	1.8038e-17	8.9237e-19
21239.5346	1.8040e-17	8.8919e-19
21240.1346	1.8046e-17	8.9011e-19
21240.7345	1.8054e-17	8.9786e-19
21241.3345	1.8060e-17	8.8887e-19
21241.9345	1.8065e-17	8.9153e-19
21242.5344	1.8057e-17	8.9753e-19
21243.1344	1.8040e-17	9.0803e-19
21243.7344	1.8026e-17	9.0795e-19
21244.3344	1.8018e-17	9.0120e-19
21244.9343	1.8010e-17	9.0731e-19
21245.5343	1.8001e-17	9.0803e-19
21246.1443	1.7996e-17	9.1291e-19
21246.7442	1.7995e-17	9.5676e-19
21247.3442	1.7995e-17	9.8172e-19
21247.9442	1.7988e-17	9.8275e-19
21248.5442	1.7986e-17	9.7911e-19
21249.1441	1.7988e-17	9.7699e-19
21249.7441	1.7984e-17	9.7323e-19
21250.3441	1.7962e-17	9.6981e-19
21250.9441	1.7943e-17	9.6677e-19
21251.5440	1.7933e-17	9.7653e-19
21252.1440	1.7930e-17	9.7473e-19
21252.7440	1.7944e-17	1.0007e-18
21253.3439	1.7952e-17	9.9849e-19
21253.9439	1.7951e-17	1.0135e-18
21254.5439	1.7953e-17	1.0114e-18
21255.1439	1.7955e-17	1.0138e-18
21255.7438	1.7956e-17	1.0118e-18
21256.3438	1.7960e-17	1.0128e-18
21256.9438	1.7960e-17	1.0133e-18
21257.5437	1.7957e-17	1.0117e-18
21258.1437	1.7966e-17	1.0158e-18
21258.7437	1.7975e-17	1.0426e-18
21259.3437	1.7970e-17	1.0608e-18
21259.9436	1.7962e-17	1.0619e-18
21260.5436	1.7955e-17	1.0767e-18
21261.1436	1.7950e-17	1.0864e-18
21261.7435	1.7946e-17	1.0789e-18
21262.3435	1.7936e-17	1.0706e-18
21262.9435	1.7923e-17	1.0857e-18
21263.5435	1.7913e-17	1.0858e-18
21264.1434	1.7905e-17	1.0859e-18
21264.7434	1.7902e-17	1.0968e-18
21265.3434	1.7904e-17	1.0986e-18
21265.9433	1.7900e-17	1.0974e-18
21266.5433	1.7890e-17	1.0972e-18
21267.1433	1.7888e-17	1.0926e-18
21267.7433	1.7879e-17	1.0870e-18
21268.3432	1.7870e-17	1.0968e-18
21268.9432	1.7855e-17	1.0940e-18
21269.5432	1.7847e-17	1.0916e-18
21270.1431	1.7848e-17	1.0900e-18
21270.7431	1.7852e-17	1.0921e-18
21271.3431	1.7849e-17	1.0960e-18
21271.9431	1.7834e-17	1.0991e-18
21272.5430	1.7827e-17	1.0986e-18
21273.1430	1.7827e-17	1.1040e-18
21273.7430	1.7825e-17	1.1162e-18
21274.3430	1.7819e-17	1.1326e-18
21274.9429	1.7818e-17	1.1420e-18
21275.5429	1.7821e-17	1.1421e-18
21276.1429	1.7824e-17	1.1421e-18
21276.7428	1.7823e-17	1.1225e-18
21277.3428	1.7813e-17	1.1182e-18
21277.9428	1.7795e-17	1.1072e-18
21278.5428	1.7784e-17	1.1164e-18
21279.1427	1.7780e-17	1.1231e-18
21279.7427	1.7778e-17	1.1211e-18
21280.3427	1.7780e-17	1.1218e-18
21280.9426	1.7785e-17	1.1200e-18
21281.5426	1.7794e-17	1.1248e-18
21282.1426	1.7791e-17	1.1195e-18
21282.7426	1.7778e-17	1.1037e-18
21283.3425	1.7769e-17	1.1018e-18
21283.9425	1.7763e-17	1.1023e-18
21284.5425	1.7755e-17	1.1015e-18
21285.1424	1.7751e-17	1.0843e-18
21285.7424	1.7754e-17	1.0835e-18
21286.3424	1.7760e-17	1.0841e-18
21286.9424	1.7765e-17	1.0826e-18
21287.5423	1.7773e-17	1.0849e-18
21288.1423	1.7786e-17	1.0934e-18
21288.7423	1.7804e-17	1.0802e-18
21289.3422	1.7811e-17	1.0671e-18
21289.9422	1.7795e-17	1.0727e-18
21290.5422	1.7773e-17	1.0749e-18
21291.1422	1.7763e-17	1.0607e-18
21291.7521	1.7766e-17	1.0554e-18
21292.3521	1.7770e-17	1.0588e-18
21292.9521	1.7762e-17	1.0950e-18
21293.5520	1.7763e-17	1.1448e-18
21294.1520	1.7780e-17	1.1430e-18
21294.7520	1.7794e-17	1.1506e-18
21295.3520	1.7802e-17	1.1599e-18
21295.9519	1.7804e-17	1.1603e-18
21296.5519	1.7806e-17	1.1841e-18
21297.1519	1.7808e-17	1.2263e-18
21297.7519	1.7803e-17	1.2274e-18
21298.3518	1.7802e-17	1.2416e-18
21298.9518	1.7800e-17	1.2437e-18
21299.5518	1.7796e-17	1.2460e-18
21300.1517	1.7795e-17	1.2905e-18
21300.7517	1.7790e-17	1.2894e-18
21301.3517	1.7788e-17	1.2915e-18
21301.9517	1.7802e-17	1.2816e-18
21302.5516	1.7821e-17	1.2845e-18
21303.1516	1.7833e-17	1.2863e-18
21303.7516	1.7835e-17	1.2894e-18
21304.3515	1.7837e-17	1.2998e-18
21304.9515	1.7840e-17	1.3037e-18
21305.5515	1.7834e-17	1.3041e-18
21306.1515	1.7826e-17	1.3117e-18
21306.7514	1.7813e-17	1.3087e-18
21307.3514	1.7797e-17	1.2971e-18
21307.9514	1.7792e-17	1.2875e-18
21308.5513	1.7795e-17	1.2710e-18
21309.1513	1.7790e-17	1.2625e-18
21309.7513	1.7785e-17	1.2621e-18
21310.3513	1.7796e-17	1.2573e-18
21310.9512	1.7802e-17	1.2438e-18
21311.5512	1.7803e-17	1.2400e-18
21312.1512	1.7803e-17	1.2368e-18
21312.7511	1.7796e-17	1.2298e-18
21313.3511	1.7783e-17	1.2287e-18
21313.9511	1.7781e-17	1.2287e-18
21314.5511	1.7792e-17	1.2292e-18
21315.1510	1.7788e-17	1.2293e-18
21315.7510	1.7779e-17	1.2328e-18
21316.3510	1.7783e-17	1.2259e-18
21316.9509	1.7788e-17	1.2575e-18
21317.5509	1.7788e-17	1.2737e-18
21318.1509	1.7790e-17	1.2736e-18
21318.7509	1.7787e-17	1.2711e-18
21319.3508	1.7776e-17	1.2815e-18
21319.9508	1.7770e-17	1.3012e-18
21320.5508	1.7773e-17	1.3199e-18
21321.1508	1.7768e-17	1.3262e-18
21321.7507	1.7762e-17	1.3177e-18
21322.3507	1.7763e-17	1.3054e-18
21322.9507	1.7781e-17	1.2964e-18
21323.5506	1.7793e-17	1.3106e-18
21324.1506	1.7790e-17	1.3490e-18
21324.7506	1.7795e-17	1.3488e-18
21325.3506	1.7810e-17	1.3758e-18
21325.9505	1.7824e-17	1.3865e-18
21326.5505	1.7832e-17	1.3823e-18
21327.1505	1.7839e-17	1.3786e-18
21327.7504	1.7845e-17	1.3764e-18
21328.3504	1.7853e-17	1.3716e-18
21328.9504	1.7856e-17	1.3727e-18
21329.5504	1.7858e-17	1.3693e-18
21330.1503	1.7859e-17	1.3883e-18
21330.7503	1.7867e-17	1.3872e-18
21331.3503	1.7882e-17	1.3927e-18
21331.9502	1.7894e-17	1.3870e-18
21332.5502	1.7897e-17	1.3715e-18
21333.1502	1.7898e-17	1.3702e-18
21333.7502	1.7906e-17	1.3578e-18
21334.3501	1.7917e-17	1.3688e-18
21334.9501	1.7926e-17	1.3694e-18
21335.5501	1.7940e-17	1.3684e-18
21336.1501	1.7954e-17	1.3633e-18
21336.7500	1.7962e-17	1.3535e-18
21337.3600	1.7964e-17	1.3488e-18
21337.9600	1.7959e-17	1.3445e-18
21338.5599	1.7957e-17	1.3381e-18
21339.1599	1.7971e-17	1.3380e-18
21339.7599	1.7984e-17	1.3316e-18
21340.3599	1.7985e-17	1.3289e-18
21340.9598	1.7990e-17	1.3047e-18
21341.5598	1.7994e-17	1.2664e-18
21342.1598	1.7990e-17	1.2673e-18
21342.7597	1.7987e-17	1.2421e-18
21343.3597	1.7988e-17	1.2162e-18
21343.9597	1.7990e-17	1.2182e-18
21344.5597	1.7998e-17	1.2054e-18
21345.1596	1.8004e-17	1.1636e-18
21345.7596	1.8005e-17	1.1922e-18
21346.3596	1.8012e-17	1.1869e-18
21346.9595	1.8024e-17	1.1844e-18
21347.5595	1.8034e-17	1.1685e-18
21348.1595	1.8037e-17	1.1166e-18
21348.7595	1.8032e-17	1.0946e-18
21349.3594	1.8031e-17	1.0971e-18
21349.9594	1.8021e-17	1.0974e-18
21350.5594	1.8015e-17	1.0976e-18
21351.1593	1.8033e-17	1.0985e-18
21351.7593	1.8044e-17	1.1176e-18
21352.3593	1.8045e-17	1.1096e-18
21352.9593	1.8048e-17	1.1087e-18
21353.5592	1.8051e-17	1.1156e-18
21354.1592	1.8052e-17	1.1025e-18
21354.7592	1.8051e-17	1.0836e-18
21355.3592	1.8062e-17	1.0854e-18
21355.9591	1.8085e-17	1.0855e-18
21356.5591	1.8098e-17	1.0960e-18
21357.1591	1.8091e-17	1.0959e-18
21357.7590	1.8081e-17	1.0938e-18
21358.3590	1.8083e-17	1.0841e-18
21358.9590	1.8087e-17	1.0786e-18
21359.5590	1.8090e-17	1.0753e-18
21360.1589	1.8088e-17	1.0834e-18
21360.7589	1.8081e-17	1.0887e-18
21361.3589	1.8077e-17	1.0961e-18
21361.9588	1.8073e-17	1.1003e-18
21362.5588	1.8070e-17	1.1032e-18
21363.1588	1.8076e-17	1.1010e-18
21363.7588	1.8081e-17	1.0969e-18
21364.3587	1.8070e-17	1.1159e-18
21364.9587	1.8051e-17	1.1218e-18
21365.5587	1.8042e-17	1.1186e-18
21366.1586	1.8044e-17	1.1195e-18
21366.7586	1.8052e-17	1.1231e-18
21367.3586	1.8064e-17	1.1103e-18
21367.9586	1.8081e-17	1.1109e-18
21368.5585	1.8090e-17	1.0968e-18
21369.1585	1.8086e-17	1.0849e-18
21369.7585	1.8078e-17	1.0821e-18
21370.3585	1.8075e-17	1.0833e-18
21370.9584	1.8069e-17	1.0974e-18
21371.5584	1.8066e-17	1.0891e-18
21372.1584	1.8062e-17	1.0413e-18
21372.7583	1.8045e-17	1.0394e-18
21373.3583	1.8034e-17	1.0060e-18
21373.9583	1.8036e-17	9.8626e-19
21374.5583	1.8027e-17	9.8852e-19
21375.1582	1.8022e-17	9.9333e-19
21375.7582	1.8023e-17	1.0209e-18
21376.3582	1.8028e-17	1.0707e-18
21376.9581	1.8027e-17	1.0750e-18
21377.5581	1.8029e-17	1.0757e-18
21378.1581	1.8043e-17	1.0398e-18
21378.7581	1.8050e-17	1.0419e-18
21379.3580	1.8055e-17	1.0349e-18
21379.9580	1.8062e-17	1.0334e-18
21380.5580	1.8072e-17	1.0336e-18
21381.1579	1.8082e-17	1.0311e-18
21381.7579	1.8092e-17	1.0294e-18
21382.3579	1.8101e-17	1.0110e-18
21382.9679	1.8109e-17	1.0092e-18
21383.5678	1.8120e-17	1.0110e-18
21384.1678	1.8128e-17	1.0110e-18
21384.7678	1.8132e-17	1.0109e-18
21385.3678	1.8126e-17	1.0157e-18
21385.9677	1.8123e-17	1.0273e-18
21386.5677	1.8122e-17	1.0257e-18
21387.1677	1.8115e-17	1.0512e-18
21387.7676	1.8110e-17	1.0738e-18
21388.3676	1.8107e-17	1.0726e-18
21388.9676	1.8107e-17	1.0780e-18
21389.5676	1.8112e-17	1.0873e-18
21390.1675	1.8114e-17	1.0906e-18
21390.7675	1.8116e-17	1.0923e-18
21391.3675	1.8123e-17	1.0972e-18
21391.9674	1.8129e-17	1.1037e-18
21392.5674	1.8131e-17	1.0950e-18
21393.1674	1.8127e-17	1.1190e-18
21393.7674	1.8124e-17	1.0928e-18
21394.3673	1.8120e-17	1.0834e-18
21394.9673	1.8123e-17	1.0853e-18
21395.5673	1.8133e-17	1.1047e-18
21396.1672	1.8137e-17	1.1056e-18
21396.7672	1.8133e-17	1.1275e-18
21397.3672	1.8138e-17	1.1290e-18
21397.9672	1.8150e-17	1.1355e-18
21398.5671	1.8151e-17	1.1334e-18
21399.1671	1.8139e-17	1.1431e-18
21399.7671	1.8122e-17	1.1304e-18
21400.3671	1.8113e-17	1.1269e-18
21400.9670	1.8113e-17	1.1245e-18
21401.5670	1.8121e-17	1.1175e-18
21402.1670	1.8120e-17	1.1174e-18
21402.7669	1.8114e-17	1.1211e-18
21403.3669	1.8103e-17	1.1217e-18
21403.9669	1.8094e-17	1.1204e-18
21404.5669	1.8088e-17	1.1076e-18
21405.1668	1.8088e-17	1.1122e-18
21405.7668	1.8083e-17	1.1248e-18
21406.3668	1.8076e-17	1.1235e-18
21406.9667	1.8072e-17	1.1518e-18
21407.5667	1.8064e-17	1.1538e-18
21408.1667	1.8049e-17	1.1505e-18
21408.7667	1.8040e-17	1.1630e-18
21409.3666	1.8047e-17	1.2167e-18
21409.9666	1.8056e-17	1.2349e-18
21410.5666	1.8058e-17	1.2321e-18
21411.1665	1.8058e-17	1.2392e-18
21411.7665	1.8063e-17	1.2696e-18
21412.3665	1.8063e-17	1.2645e-18
21412.9665	1.8066e-17	1.2288e-18
21413.5664	1.8076e-17	1.2185e-18
21414.1664	1.8070e-17	1.2165e-18
21414.7664	1.8065e-17	1.2126e-18
21415.3664	1.8060e-17	1.2132e-18
21415.9663	1.8059e-17	1.1993e-18
21416.5663	1.8066e-17	1.1991e-18
21417.1663	1.8072e-17	1.1977e-18
21417.7662	1.8068e-17	1.1978e-18
21418.3662	1.8049e-17	1.1973e-18
21418.9662	1.8033e-17	1.1858e-18
21419.5662	1.8033e-17	1.1798e-18
21420.1661	1.8027e-17	1.1796e-18
21420.7661	1.8032e-17	1.1904e-18
21421.3661	1.8051e-17	1.1966e-18
21421.9660	1.8065e-17	1.1968e-18
21422.5660	1.8068e-17	1.2039e-18
21423.1660	1.8067e-17	1.2067e-18
21423.7660	1.8069e-17	1.1877e-18
21424.3659	1.8071e-17	1.1460e-18
21424.9659	1.8064e-17	1.1408e-18
21425.5659	1.8035e-17	1.1399e-18
21426.1659	1.8007e-17	1.1436e-18
21426.7658	1.7995e-17	1.1395e-18
21427.3658	1.7982e-17	1.1412e-18
21427.9658	1.7966e-17	1.1411e-18
21428.5757	1.7956e-17	1.1535e-18
21429.1757	1.7947e-17	1.1533e-18
21429.7757	1.7938e-17	1.1582e-18
21430.3757	1.7931e-17	1.1561e-18
21430.9756	1.7919e-17	1.1668e-18
21431.5756	1.7904e-17	1.1722e-18
21432.1756	1.7891e-17	1.1822e-18
21432.7755	1.7877e-17	1.1931e-18
21433.3755	1.7867e-17	1.1884e-18
21433.9755	1.7861e-17	1.1771e-18
21434.5755	1.7853e-17	1.1864e-18
21435.1754	1.7848e-17	1.1699e-18
21435.7754	1.7842e-17	1.1538e-18
21436.3754	1.7834e-17	1.1586e-18
21436.9754	1.7823e-17	1.1690e-18
21437.5753	1.7822e-17	1.1918e-18
21438.1753	1.7830e-17	1.1890e-18
21438.7753	1.7833e-17	1.1896e-18
21439.3752	1.7828e-17	1.1931e-18
21439.9752	1.7821e-17	1.1840e-18
21440.5752	1.7823e-17	1.1981e-18
21441.1752	1.7828e-17	1.1922e-18
21441.7751	1.7832e-17	1.1940e-18
21442.3751	1.7835e-17	1.1928e-18
21442.9751	1.7835e-17	1.1944e-18
21443.5750	1.7813e-17	1.1843e-18
21444.1750	1.7786e-17	1.1831e-18
21444.7750	1.7777e-17	1.1676e-18
21445.3750	1.7783e-17	1.1644e-18
21445.9749	1.7784e-17	1.1514e-18
21446.5749	1.7771e-17	1.1617e-18
21447.1749	1.7753e-17	1.1582e-18
21447.7748	1.7732e-17	1.1663e-18
21448.3748	1.7723e-17	1.1800e-18
21448.9748	1.7716e-17	1.1821e-18
21449.5748	1.7704e-17	1.1824e-18
21450.1747	1.7686e-17	1.1823e-18
21450.7747	1.7659e-17	1.1801e-18
21451.3747	1.7630e-17	1.1768e-18
21451.9747	1.7612e-17	1.2041e-18
21452.5746	1.7588e-17	1.2219e-18
21453.1746	1.7561e-17	1.2180e-18
21453.7746	1.7537e-17	1.2054e-18
21454.3745	1.7532e-17	1.2053e-18
21454.9745	1.7523e-17	1.1796e-18
21455.5745	1.7515e-17	1.1768e-18
21456.1745	1.7508e-17	1.1745e-18
21456.7744	1.7497e-17	1.1610e-18
21457.3744	1.7486e-17	1.0983e-18
21457.9744	1.7470e-17	1.0706e-18
21458.5743	1.7449e-17	1.0723e-18
21459.1743	1.7443e-17	1.0654e-18
21459.7743	1.7436e-17	1.0322e-18
21460.3743	1.7421e-17	1.0110e-18
21460.9742	1.7407e-17	1.0112e-18
21461.5742	1.7390e-17	1.0103e-18
21462.1742	1.7378e-17	1.0105e-18
21462.7742	1.7371e-17	1.0076e-18
21463.3741	1.7364e-17	1.0092e-18
21463.9741	1.7357e-17	1.0064e-18
21464.5741	1.7343e-17	1.0043e-18
21465.1740	1.7333e-17	1.0226e-18
21465.7740	1.7322e-17	1.0500e-18
21466.3740	1.7316e-17	1.0617e-18
21466.9740	1.7321e-17	1.0639e-18
21467.5739	1.7317e-17	1.0627e-18
21468.1739	1.7311e-17	1.0676e-18
21468.7739	1.7307e-17	1.0562e-18
21469.3738	1.7310e-17	1.0477e-18
21469.9738	1.7311e-17	1.0497e-18
21470.5738	1.7298e-17	1.0345e-18
21471.1738	1.7281e-17	1.0282e-18
21471.7737	1.7272e-17	1.0370e-18
21472.3737	1.7274e-17	1.0328e-18
21472.9737	1.7282e-17	1.0390e-18
21473.5737	1.7276e-17	1.0494e-18
21474.1736	1.7262e-17	1.0441e-18
21474.7836	1.7247e-17	1.0458e-18
21475.3836	1.7241e-17	1.0463e-18
21475.9835	1.7241e-17	1.0468e-18
21476.5835	1.7229e-17	1.0310e-18
21477.1835	1.7219e-17	1.0239e-18
21477.7835	1.7210e-17	1.0194e-18
21478.3834	1.7196e-17	1.0199e-18
21478.9834	1.7177e-17	1.0085e-18
21479.5834	1.7163e-17	1.0374e-18
21480.1833	1.7154e-17	1.0705e-18
21480.7833	1.7142e-17	1.1056e-18
21481.3833	1.7128e-17	1.1565e-18
21481.9833	1.7107e-17	1.2111e-18
21482.5832	1.7076e-17	1.2258e-18
21483.1832	1.7050e-17	1.2289e-18
21483.7832	1.7035e-17	1.2532e-18
21484.3832	1.7028e-17	1.2511e-18
21484.9831	1.7030e-17	1.2362e-18
21485.5831	1.7025e-17	1.2237e-18
21486.1831	1.7022e-17	1.2244e-18
21486.7830	1.7042e-17	1.2143e-18
21487.3830	1.7065e-17	1.2081e-18
21487.9830	1.7087e-17	1.2214e-18
21488.5830	1.7097e-17	1.2416e-18
21489.1829	1.7095e-17	1.2238e-18
21489.7829	1.7098e-17	1.2384e-18
21490.3829	1.7111e-17	1.2398e-18
21490.9828	1.7120e-17	1.2527e-18
21491.5828	1.7121e-17	1.2622e-18
21492.1828	1.7112e-17	1.2596e-18
21492.7828	1.7096e-17	1.2647e-18
21493.3827	1.7082e-17	1.2673e-18
21493.9827	1.7068e-17	1.2741e-18
21494.5827	1.7057e-17	1.2658e-18
21495.1827	1.7057e-17	1.2592e-18
21495.7826	1.7067e-17	1.2459e-18
21496.3826	1.7069e-17	1.2360e-18
21496.9826	1.7048e-17	1.2422e-18
21497.5825	1.7017e-17	1.2525e-18
21498.1825	1.7002e-17	1.2680e-18
21498.7825	1.7001e-17	1.2671e-18
21499.3825	1.6992e-17	1.3082e-18
21499.9824	1.6978e-17	1.3364e-18
21500.5824	1.6975e-17	1.3256e-18
21501.1824	1.6966e-17	1.3248e-18
21501.7824	1.6951e-17	1.3245e-18
21502.3823	1.6942e-17	1.3243e-18
21507.1821	1.6933e-17	1.3228e-18
21507.7821	1.6915e-17	1.3229e-18
21508.3820	1.6907e-17	1.3222e-18
21508.9820	1.6918e-17	1.3178e-18
21509.5820	1.6923e-17	1.3164e-18
21510.1820	1.6928e-17	1.3160e-18
21510.7819	1.6920e-17	1.3147e-18
21511.3819	1.6896e-17	1.3146e-18
21511.9819	1.6883e-17	1.3099e-18
21512.5819	1.6890e-17	1.3070e-18
21513.1818	1.6890e-17	1.3162e-18
21513.7818	1.6885e-17	1.3230e-18
21514.3818	1.6881e-17	1.3308e-18
21514.9817	1.6877e-17	1.3383e-18
21515.5817	1.6874e-17	1.3429e-18
21516.1817	1.6862e-17	1.3492e-18
21516.7817	1.6846e-17	1.3540e-18
21517.3816	1.6831e-17	1.3468e-18
21517.9816	1.6821e-17	1.3313e-18
21518.5816	1.6824e-17	1.3238e-18
21519.1815	1.6828e-17	1.3259e-18
21519.7815	1.6822e-17	1.3313e-18
21520.3915	1.6824e-17	1.3326e-18
21520.9915	1.6832e-17	1.3416e-18
21521.5914	1.6823e-17	1.3448e-18
21522.1914	1.6789e-17	1.3646e-18
21522.7914	1.6767e-17	1.3715e-18
21523.3914	1.6770e-17	1.3690e-18
21523.9913	1.6769e-17	1.3638e-18
21524.5913	1.6759e-17	1.3781e-18
21525.1913	1.6745e-17	1.3747e-18
21525.7912	1.6731e-17	1.3678e-18
21526.3912	1.6717e-17	1.3712e-18
21526.9912	1.6707e-17	1.3782e-18
21527.5912	1.6699e-17	1.3807e-18
21528.1911	1.6697e-17	1.3892e-18
21528.7911	1.6699e-17	1.4127e-18
21529.3911	1.6692e-17	1.4134e-18
21529.9910	1.6674e-17	1.4138e-18
21530.5910	1.6654e-17	1.4532e-18
21531.1910	1.6637e-17	1.4781e-18
21531.7910	1.6628e-17	1.4764e-18
21532.3909	1.6633e-17	1.4474e-18
21532.9909	1.6635e-17	1.4115e-18
21533.5909	1.6623e-17	1.3867e-18
21534.1909	1.6603e-17	1.3390e-18
21534.7908	1.6580e-17	1.3109e-18
21535.3908	1.6573e-17	1.3073e-18
21535.9908	1.6576e-17	1.2881e-18
21536.5907	1.6582e-17	1.2946e-18
21537.1907	1.6604e-17	1.2932e-18
21537.7907	1.6622e-17	1.2759e-18
21538.3907	1.6608e-17	1.2763e-18
21538.9906	1.6586e-17	1.2756e-18
21539.5906	1.6575e-17	1.2876e-18
21540.1906	1.6569e-17	1.2812e-18
21540.7906	1.6560e-17	1.2503e-18
21541.3905	1.6560e-17	1.2504e-18
21541.9905	1.6572e-17	1.2309e-18
21542.5905	1.6573e-17	1.2409e-18
21543.1904	1.6560e-17	1.2287e-18
21543.7904	1.6537e-17	1.2179e-18
21544.3904	1.6533e-17	1.2203e-18
21544.9904	1.6543e-17	1.2110e-18
21545.5903	1.6544e-17	1.2073e-18
21546.1903	1.6531e-17	1.1982e-18
21546.7903	1.6512e-17	1.1973e-18
21547.3902	1.6494e-17	1.2021e-18
21547.9902	1.6498e-17	1.2108e-18
21548.5902	1.6500e-17	1.2061e-18
21549.1902	1.6486e-17	1.1986e-18
21549.7901	1.6473e-17	1.1906e-18
21550.3901	1.6457e-17	1.1808e-18
21550.9901	1.6448e-17	1.1868e-18
21551.5901	1.6442e-17	1.1431e-18
21552.1900	1.6428e-17	1.0793e-18
21552.7900	1.6422e-17	1.0699e-18
21553.3900	1.6422e-17	1.0706e-18
21553.9899	1.6426e-17	1.0829e-18
21554.5899	1.6426e-17	1.0828e-18
21555.1899	1.6414e-17	1.0850e-18
21555.7899	1.6402e-17	1.1009e-18
21556.3898	1.6398e-17	1.1135e-18
21556.9898	1.6395e-17	1.1303e-18
21557.5898	1.6383e-17	1.1552e-18
21558.1898	1.6364e-17	1.1645e-18
21558.7897	1.6353e-17	1.1691e-18
21559.3897	1.6356e-17	1.1718e-18
21559.9897	1.6357e-17	1.1921e-18
21560.5896	1.6349e-17	1.2718e-18
21561.1896	1.6345e-17	1.3091e-18
21561.7896	1.6339e-17	1.3121e-18
21562.3896	1.6318e-17	1.3053e-18
21562.9895	1.6293e-17	1.2965e-18
21563.5895	1.6283e-17	1.3298e-18
21564.1895	1.6282e-17	1.3752e-18
21564.7894	1.6282e-17	1.3741e-18
21565.3894	1.6276e-17	1.4108e-18
21565.9994	1.6259e-17	1.4312e-18
21566.5994	1.6241e-17	1.4342e-18
21567.1993	1.6226e-17	1.4401e-18
21567.7993	1.6217e-17	1.4508e-18
21568.3993	1.6215e-17	1.4650e-18
21568.9993	1.6216e-17	1.4786e-18
21569.5992	1.6219e-17	1.4950e-18
21570.1992	1.6224e-17	1.4839e-18
21570.7992	1.6222e-17	1.4777e-18
21571.3991	1.6224e-17	1.4792e-18
21571.9991	1.6234e-17	1.4835e-18
21572.5991	1.6244e-17	1.4705e-18
21573.1991	1.6260e-17	1.4730e-18
21573.7990	1.6277e-17	1.4858e-18
21574.3990	1.6280e-17	1.4825e-18
21574.9990	1.6290e-17	1.4724e-18
21575.5990	1.6311e-17	1.4702e-18
21576.1989	1.6307e-17	1.4647e-18
21576.7989	1.6294e-17	1.4486e-18
21577.3989	1.6269e-17	1.4489e-18
21577.9988	1.6253e-17	1.4487e-18
21578.5988	1.6249e-17	1.4156e-18
21579.1988	1.6250e-17	1.3893e-18
21579.7988	1.6252e-17	1.3713e-18
21580.3987	1.6254e-17	1.3774e-18
21580.9987	1.6259e-17	1.3788e-18
21581.5987	1.6270e-17	1.3593e-18
21582.1986	1.6283e-17	1.3478e-18
21582.7986	1.6293e-17	1.3766e-18
21583.3986	1.6308e-17	1.3951e-18
21583.9986	1.6319e-17	1.4194e-18
21584.5985	1.6326e-17	1.4196e-18
21585.1985	1.6322e-17	1.4225e-18
21585.7985	1.6323e-17	1.4228e-18
21586.3985	1.6331e-17	1.4260e-18
21586.9984	1.6341e-17	1.4264e-18
21587.5984	1.6345e-17	1.4164e-18
21588.1984	1.6345e-17	1.4154e-18
21588.7983	1.6348e-17	1.4181e-18
21589.3983	1.6349e-17	1.4282e-18
21589.9983	1.6349e-17	1.4261e-18
21590.5983	1.6342e-17	1.4153e-18
21591.1982	1.6324e-17	1.4154e-18
21591.7982	1.6309e-17	1.4113e-18
21592.3982	1.6301e-17	1.4089e-18
21592.9982	1.6295e-17	1.4156e-18
21593.5981	1.6296e-17	1.4195e-18
21594.1981	1.6293e-17	1.4260e-18
21594.7981	1.6279e-17	1.4301e-18
21595.3980	1.6277e-17	1.4317e-18
21595.9980	1.6283e-17	1.4512e-18
21596.5980	1.6284e-17	1.4634e-18
21597.1980	1.6273e-17	1.4634e-18
21597.7979	1.6258e-17	1.4614e-18
21598.3979	1.6256e-17	1.4587e-18
21598.9979	1.6264e-17	1.4528e-18
21599.5979	1.6269e-17	1.4549e-18
21600.1978	1.6273e-17	1.4578e-18
21600.7978	1.6267e-17	1.4584e-18
21601.3978	1.6258e-17	1.4560e-18
21601.9977	1.6253e-17	1.4428e-18
21602.5977	1.6250e-17	1.4429e-18
21603.1977	1.6251e-17	1.4426e-18
21603.7977	1.6259e-17	1.4524e-18
21604.3976	1.6263e-17	1.4568e-18
21604.9976	1.6291e-17	1.4473e-18
21605.5976	1.6328e-17	1.4364e-18
21606.1976	1.6348e-17	1.4322e-18
21606.7975	1.6371e-17	1.4295e-18
21607.3975	1.6410e-17	1.4327e-18
21607.9975	1.6445e-17	1.4250e-18
21608.5974	1.6440e-17	1.3569e-18
21609.1974	1.6425e-17	1.3233e-18
21609.7974	1.6431e-17	1.3211e-18
21610.3974	1.6432e-17	1.3234e-18
21610.9973	1.6412e-17	1.3452e-18
21611.6073	1.6403e-17	1.3149e-18
21612.2073	1.6401e-17	1.2463e-18
21612.8072	1.6400e-17	1.2667e-18
21613.4072	1.6404e-17	1.2343e-18
21614.0072	1.6388e-17	1.2112e-18
21614.6072	1.6381e-17	1.2034e-18
21615.2071	1.6386e-17	1.1934e-18
21615.8071	1.6391e-17	1.2032e-18
21616.4071	1.6395e-17	1.1922e-18
21617.0071	1.6393e-17	1.1736e-18
21617.6070	1.6386e-17	1.1707e-18
21618.2070	1.6395e-17	1.1725e-18
21618.8070	1.6408e-17	1.2137e-18
21619.4069	1.6422e-17	1.2413e-18
21620.0069	1.6427e-17	1.2323e-18
21620.6069	1.6428e-17	1.2231e-18
21621.2069	1.6432e-17	1.2275e-18
21621.8068	1.6426e-17	1.2197e-18
21622.4068	1.6416e-17	1.2255e-18
21623.0068	1.6403e-17	1.2347e-18
21623.6068	1.6388e-17	1.2413e-18
21624.2067	1.6380e-17	1.2447e-18
21624.8067	1.6391e-17	1.2435e-18
21625.4067	1.6407e-17	1.2456e-18
21626.0066	1.6411e-17	1.2497e-18
21626.6066	1.6411e-17	1.2496e-18
21627.2066	1.6410e-17	1.2587e-18
21627.8066	1.6410e-17	1.2508e-18
21628.4065	1.6411e-17	1.2413e-18
21629.0065	1.6412e-17	1.2362e-18
21629.6065	1.6416e-17	1.2281e-18
21630.2065	1.6431e-17	1.2352e-18
21630.8064	1.6456e-17	1.2111e-18
21631.4064	1.6477e-17	1.1924e-18
21632.0064	1.6490e-17	1.1709e-18
21632.6063	1.6511e-17	1.1674e-18
21633.2063	1.6533e-17	1.1670e-18
21633.8063	1.6549e-17	1.1656e-18
21634.4063	1.6555e-17	1.1779e-18
21635.0062	1.6567e-17	1.1790e-18
21635.6062	1.6575e-17	1.1805e-18
21636.2062	1.6588e-17	1.1829e-18
21636.8062	1.6606e-17	1.1838e-18
21637.4061	1.6615e-17	1.1769e-18
21638.0061	1.6616e-17	1.1765e-18
21638.6061	1.6613e-17	1.1804e-18
21639.2060	1.6611e-17	1.1831e-18
21639.8060	1.6608e-17	1.1867e-18
21640.4060	1.6599e-17	1.1906e-18
21641.0060	1.6591e-17	1.1848e-18
21641.6059	1.6583e-17	1.1803e-18
21642.2059	1.6586e-17	1.1723e-18
21642.8059	1.6602e-17	1.1666e-18
21643.4058	1.6623e-17	1.1618e-18
21644.0058	1.6643e-17	1.1291e-18
21644.6058	1.6657e-17	1.1181e-18
21645.2058	1.6663e-17	1.1184e-18
21645.8057	1.6652e-17	1.1169e-18
21646.4057	1.6647e-17	1.1110e-18
21647.0057	1.6654e-17	1.1135e-18
21647.6057	1.6645e-17	1.1139e-18
21648.2056	1.6630e-17	1.1123e-18
21648.8056	1.6619e-17	1.1234e-18
21649.4056	1.6607e-17	1.1948e-18
21650.0055	1.6593e-17	1.2022e-18
21650.6055	1.6581e-17	1.2365e-18
21651.2055	1.6581e-17	1.2714e-18
21651.8055	1.6592e-17	1.2581e-18
21652.4054	1.6597e-17	1.2479e-18
21653.0054	1.6609e-17	1.2507e-18
21653.6054	1.6611e-17	1.2445e-18
21654.2054	1.6611e-17	1.2426e-18
21654.8053	1.6601e-17	1.2427e-18
21655.4053	1.6583e-17	1.2527e-18
21656.0053	1.6574e-17	1.2797e-18
21656.6052	1.6570e-17	1.3015e-18
21657.2152	1.6572e-17	1.3101e-18
21657.8152	1.6584e-17	1.3077e-18
21658.4152	1.6579e-17	1.3055e-18
21659.0151	1.6560e-17	1.2809e-18
21659.6151	1.6545e-17	1.2581e-18
21660.2151	1.6540e-17	1.2611e-18
21660.8151	1.6537e-17	1.2480e-18
21661.4150	1.6528e-17	1.2486e-18
21662.0150	1.6511e-17	1.2472e-18
21662.6150	1.6498e-17	1.2474e-18
21663.2149	1.6502e-17	1.2468e-18
21663.8149	1.6507e-17	1.2238e-18
21664.4149	1.6489e-17	1.2172e-18
21665.0149	1.6460e-17	1.2110e-18
21665.6148	1.6439e-17	1.1959e-18
21666.2148	1.6432e-17	1.1889e-18
21666.8148	1.6428e-17	1.1473e-18
21667.4148	1.6423e-17	1.1121e-18
21668.0147	1.6428e-17	1.1036e-18
21668.6147	1.6420e-17	1.1198e-18
21669.2147	1.6393e-17	1.1158e-18
21669.8146	1.6380e-17	1.1140e-18
21670.4146	1.6377e-17	1.1123e-18
21671.0146	1.6374e-17	1.1022e-18
21671.6146	1.6363e-17	1.0993e-18
21672.2145	1.6339e-17	1.1006e-18
21672.8145	1.6317e-17	1.1012e-18
21673.4145	1.6302e-17	1.1037e-18
21674.0145	1.6296e-17	1.1014e-18
21674.6144	1.6288e-17	1.0974e-18
21675.2144	1.6262e-17	1.0911e-18
21675.8144	1.6230e-17	1.0905e-18
21676.4143	1.6213e-17	1.0900e-18
21677.0143	1.6214e-17	1.0897e-18
21677.6143	1.6217e-17	1.0951e-18
21678.2143	1.6213e-17	1.0900e-18
21678.8142	1.6206e-17	1.1187e-18
21679.4142	1.6204e-17	1.1953e-18
21680.0142	1.6207e-17	1.1914e-18
21680.6142	1.6213e-17	1.1888e-18
21681.2141	1.6224e-17	1.2288e-18
21681.8141	1.6236e-17	1.2778e-18
21682.4141	1.6244e-17	1.2625e-18
21683.0140	1.6245e-17	1.2656e-18
21683.6140	1.6224e-17	1.2746e-18
21684.2140	1.6206e-17	1.2700e-18
21684.8140	1.6219e-17	1.2844e-18
21685.4139	1.6243e-17	1.2926e-18
21686.0139	1.6231e-17	1.2992e-18
21686.6139	1.6200e-17	1.2941e-18
21687.2139	1.6183e-17	1.3006e-18
21687.8138	1.6192e-17	1.2971e-18
21688.4138	1.6191e-17	1.3041e-18
21689.0138	1.6180e-17	1.3222e-18
21689.6137	1.6165e-17	1.3211e-18
21690.2137	1.6149e-17	1.3254e-18
21690.8137	1.6134e-17	1.3216e-18
21691.4137	1.6120e-17	1.3313e-18
21692.0136	1.6120e-17	1.3325e-18
21692.6136	1.6116e-17	1.3278e-18
21693.2136	1.6117e-17	1.3258e-18
21693.8136	1.6125e-17	1.3273e-18
21694.4135	1.6112e-17	1.3296e-18
21695.0135	1.6098e-17	1.3296e-18
21695.6135	1.6091e-17	1.3335e-18
21696.2134	1.6099e-17	1.3444e-18
21696.8134	1.6110e-17	1.3506e-18
21697.4134	1.6117e-17	1.3085e-18
21698.0134	1.6119e-17	1.3174e-18
21698.6133	1.6123e-17	1.2999e-18
21699.2133	1.6128e-17	1.2842e-18
21699.8133	1.6128e-17	1.3008e-18
21700.4133	1.6131e-17	1.3264e-18
21701.0132	1.6144e-17	1.3546e-18
21701.6132	1.6158e-17	1.3899e-18
21702.2132	1.6169e-17	1.4277e-18
21702.8231	1.6183e-17	1.4676e-18
21703.4231	1.6182e-17	1.4803e-18
21704.0231	1.6187e-17	1.4489e-18
21704.6231	1.6198e-17	1.4294e-18
21705.2230	1.6195e-17	1.4064e-18
21705.8230	1.6193e-17	1.3964e-18
21706.4230	1.6201e-17	1.3915e-18
21707.0230	1.6208e-17	1.3947e-18
21707.6229	1.6208e-17	1.3893e-18
21708.2229	1.6211e-17	1.3805e-18
21708.8229	1.6206e-17	1.3737e-18
21709.4228	1.6208e-17	1.3661e-18
21710.0228	1.6213e-17	1.3754e-18
21710.6228	1.6200e-17	1.4101e-18
21711.2228	1.6198e-17	1.4196e-18
21711.8227	1.6204e-17	1.4152e-18
21712.4227	1.6199e-17	1.4097e-18
21713.0227	1.6207e-17	1.4096e-18
21713.6227	1.6223e-17	1.4095e-18
21714.2226	1.6227e-17	1.4119e-18
21714.8226	1.6219e-17	1.4147e-18
21715.4226	1.6206e-17	1.4153e-18
21716.0225	1.6196e-17	1.4310e-18
21716.6225	1.6207e-17	1.4430e-18
21717.2225	1.6226e-17	1.4578e-18
21717.8225	1.6232e-17	1.4812e-18
21718.4224	1.6231e-17	1.5062e-18
21719.0224	1.6236e-17	1.5378e-18
21719.6224	1.6233e-17	1.5367e-18
21720.2224	1.6230e-17	1.5381e-18
21720.8223	1.6228e-17	1.5582e-18
21721.4223	1.6224e-17	1.5592e-18
21722.0223	1.6220e-17	1.5598e-18
21722.6222	1.6223e-17	1.5641e-18
21723.2222	1.6225e-17	1.5681e-18
21723.8222	1.6228e-17	1.6009e-18
21724.4222	1.6240e-17	1.6034e-18
21725.0221	1.6256e-17	1.6075e-18
21725.6221	1.6275e-17	1.6045e-18
21726.2221	1.6291e-17	1.6051e-18
21726.8221	1.6304e-17	1.5858e-18
21727.4220	1.6315e-17	1.5275e-18
21728.0220	1.6316e-17	1.5401e-18
21728.6220	1.6311e-17	1.5538e-18
21729.2219	1.6302e-17	1.5136e-18
21729.8219	1.6286e-17	1.4656e-18
21730.4219	1.6269e-17	1.4761e-18
21731.0219	1.6255e-17	1.4893e-18
21731.6218	1.6242e-17	1.5149e-18
21732.2218	1.6227e-17	1.5306e-18
21732.8218	1.6222e-17	1.5183e-18
21733.4218	1.6231e-17	1.5104e-18
21734.0217	1.6239e-17	1.5075e-18
21734.6217	1.6240e-17	1.5077e-18
21735.2217	1.6227e-17	1.4955e-18
21735.8217	1.6211e-17	1.4968e-18
21736.4216	1.6198e-17	1.4887e-18
21737.0216	1.6177e-17	1.4795e-18
21737.6216	1.6170e-17	1.4822e-18
21738.2215	1.6178e-17	1.4775e-18
21738.8215	1.6183e-17	1.4970e-18
21739.4215	1.6170e-17	1.5009e-18
21740.0215	1.6148e-17	1.5014e-18
21740.6214	1.6137e-17	1.4999e-18
21741.2214	1.6135e-17	1.5033e-18
21741.8214	1.6135e-17	1.5404e-18
21742.4214	1.6142e-17	1.5484e-18
21743.0213	1.6141e-17	1.5538e-18
21743.6213	1.6141e-17	1.5512e-18
21744.2213	1.6147e-17	1.5502e-18
21744.8212	1.6146e-17	1.5598e-18
21745.4212	1.6146e-17	1.5576e-18
21746.0212	1.6142e-17	1.5433e-18
21746.6212	1.6129e-17	1.5410e-18
21747.2211	1.6129e-17	1.5223e-18
21747.8211	1.6131e-17	1.5036e-18
21748.4311	1.6119e-17	1.4843e-18
21749.0311	1.6109e-17	1.4506e-18
21749.6310	1.6105e-17	1.4445e-18
21750.2310	1.6105e-17	1.4068e-18
21750.8310	1.6095e-17	1.3529e-18
21751.4309	1.6079e-17	1.3148e-18
21752.0309	1.6069e-17	1.3079e-18
21752.6309	1.6065e-17	1.3238e-18
21753.2309	1.6066e-17	1.3244e-18
21753.8308	1.6060e-17	1.3179e-18
21754.4308	1.6057e-17	1.3291e-18
21755.0308	1.6064e-17	1.3354e-18
21755.6308	1.6066e-17	1.3344e-18
21756.2307	1.6050e-17	1.3357e-18
21756.8307	1.6033e-17	1.3419e-18
21757.4307	1.6033e-17	1.4235e-18
21758.0306	1.6044e-17	1.4741e-18
21758.6306	1.6051e-17	1.4617e-18
21759.2306	1.6052e-17	1.4582e-18
21759.8306	1.6055e-17	1.4755e-18
21760.4305	1.6055e-17	1.5271e-18
21761.0305	1.6049e-17	1.5385e-18
21761.6305	1.6045e-17	1.5534e-18
21762.2305	1.6033e-17	1.5471e-18
21762.8304	1.6009e-17	1.5424e-18
21763.4304	1.5990e-17	1.5433e-18
21764.0304	1.5976e-17	1.5395e-18
21764.6303	1.5964e-17	1.5303e-18
21765.2303	1.5953e-17	1.5305e-18
21765.8303	1.5952e-17	1.5123e-18
21766.4303	1.5952e-17	1.4999e-18
21767.0302	1.5952e-17	1.4886e-18
21767.6302	1.5955e-17	1.4855e-18
21768.2302	1.5958e-17	1.5035e-18
21768.8302	1.5962e-17	1.4942e-18
21769.4301	1.5969e-17	1.5008e-18
21770.0301	1.5976e-17	1.4987e-18
21770.6301	1.5963e-17	1.4932e-18
21771.2300	1.5969e-17	1.4858e-18
21771.8300	1.5987e-17	1.4507e-18
21772.4300	1.6008e-17	1.4475e-18
21773.0300	1.6026e-17	1.4427e-18
21773.6299	1.6044e-17	1.4421e-18
21774.2299	1.6067e-17	1.4415e-18
21774.8299	1.6082e-17	1.4380e-18
21775.4299	1.6088e-17	1.4354e-18
21776.0298	1.6097e-17	1.4198e-18
21776.6298	1.6098e-17	1.4023e-18
21777.2298	1.6090e-17	1.4123e-18
21777.8298	1.6083e-17	1.4297e-18
21778.4297	1.6064e-17	1.4592e-18
21779.0297	1.6041e-17	1.4514e-18
21779.6297	1.6017e-17	1.4129e-18
21780.2296	1.5996e-17	1.3912e-18
21780.8296	1.5975e-17	1.3921e-18
21781.4296	1.5951e-17	1.3945e-18
21782.0296	1.5931e-17	1.3869e-18
21782.6295	1.5907e-17	1.3876e-18
21783.2295	1.5889e-17	1.3876e-18
21783.8295	1.5879e-17	1.3863e-18
21784.4295	1.5867e-17	1.3899e-18
21785.0294	1.5853e-17	1.3797e-18
21785.6294	1.5838e-17	1.3734e-18
21786.2294	1.5834e-17	1.3702e-18
21786.8293	1.5829e-17	1.3566e-18
21787.4293	1.5809e-17	1.3836e-18
21788.0293	1.5787e-17	1.4088e-18
21788.6293	1.5775e-17	1.4086e-18
21789.2292	1.5777e-17	1.4038e-18
21789.8292	1.5783e-17	1.3584e-18
21790.4292	1.5773e-17	1.3586e-18
21791.0292	1.5761e-17	1.3639e-18
21791.6291	1.5760e-17	1.3639e-18
21792.2291	1.5758e-17	1.3550e-18
21792.8291	1.5756e-17	1.3491e-18
21793.4290	1.5753e-17	1.3406e-18
21794.0390	1.5755e-17	1.3423e-18
21794.6390	1.5753e-17	1.3292e-18
21795.2390	1.5738e-17	1.3312e-18
21795.8389	1.5721e-17	1.3195e-18
21796.4389	1.5721e-17	1.3041e-18
21797.0389	1.5730e-17	1.3124e-18
21802.4386	1.5735e-17	1.3020e-18
21803.0386	1.5745e-17	1.3279e-18
21803.6386	1.5744e-17	1.3346e-18
21804.2386	1.5740e-17	1.3525e-18
21804.8385	1.5723e-17	1.3978e-18
21805.4385	1.5694e-17	1.4033e-18
21806.0385	1.5690e-17	1.4233e-18
21806.6385	1.5689e-17	1.4213e-18
21807.2384	1.5670e-17	1.4121e-18
21807.8384	1.5640e-17	1.4258e-18
21808.4384	1.5634e-17	1.4545e-18
21809.0383	1.5632e-17	1.4608e-18
21809.6383	1.5600e-17	1.4615e-18
21810.2383	1.5567e-17	1.4056e-18
21810.8383	1.5558e-17	1.3609e-18
21811.4382	1.5557e-17	1.3704e-18
21812.0382	1.5557e-17	1.3765e-18
21812.6382	1.5544e-17	1.3619e-18
21813.2382	1.5521e-17	1.3086e-18
21813.8381	1.5512e-17	1.3080e-18
21814.4381	1.5509e-17	1.3254e-18
21815.0381	1.5512e-17	1.3403e-18
21815.6380	1.5508e-17	1.3531e-18
21816.2380	1.5492e-17	1.3503e-18
21816.8380	1.5480e-17	1.3481e-18
21817.4380	1.5481e-17	1.3527e-18
21818.0379	1.5477e-17	1.3581e-18
21818.6379	1.5469e-17	1.3663e-18
21819.2379	1.5462e-17	1.3540e-18
21819.8379	1.5460e-17	1.3391e-18
21820.4378	1.5459e-17	1.3378e-18
21821.0378	1.5444e-17	1.3116e-18
21821.6378	1.5438e-17	1.3014e-18
21822.2378	1.5430e-17	1.2970e-18
21822.8377	1.5422e-17	1.2963e-18
21823.4377	1.5419e-17	1.3007e-18
21824.0377	1.5418e-17	1.3006e-18
21824.6376	1.5412e-17	1.3000e-18
21825.2376	1.5415e-17	1.3244e-18
21825.8376	1.5417e-17	1.3260e-18
21826.4376	1.5420e-17	1.3362e-18
21827.0375	1.5438e-17	1.3354e-18
21827.6375	1.5453e-17	1.3355e-18
21828.2375	1.5468e-17	1.3358e-18
21828.8375	1.5487e-17	1.3396e-18
21829.4374	1.5506e-17	1.3425e-18
21830.0374	1.5522e-17	1.3668e-18
21830.6374	1.5534e-17	1.3651e-18
21831.2373	1.5551e-17	1.3300e-18
21831.8373	1.5573e-17	1.3242e-18
21832.4373	1.5589e-17	1.3284e-18
21833.0373	1.5595e-17	1.3376e-18
21833.6372	1.5603e-17	1.3519e-18
21834.2372	1.5617e-17	1.3507e-18
21834.8372	1.5635e-17	1.3559e-18
21835.4372	1.5644e-17	1.3602e-18
21836.0371	1.5644e-17	1.3581e-18
21836.6371	1.5650e-17	1.3766e-18
21837.2371	1.5670e-17	1.3807e-18
21837.8371	1.5692e-17	1.3808e-18
21838.4370	1.5714e-17	1.3832e-18
21839.0370	1.5735e-17	1.3808e-18
21839.6370	1.5760e-17	1.3810e-18
21840.2469	1.5796e-17	1.3541e-18
21840.8469	1.5829e-17	1.3497e-18
21841.4469	1.5853e-17	1.4405e-18
21842.0469	1.5860e-17	1.5059e-18
21842.6468	1.5853e-17	1.5526e-18
21843.2468	1.5860e-17	1.5739e-18
21843.8468	1.5883e-17	1.5846e-18
21844.4468	1.5899e-17	1.5958e-18
21845.0467	1.5898e-17	1.5992e-18
21845.6467	1.5895e-17	1.5805e-18
21846.2467	1.5888e-17	1.5719e-18
21846.8466	1.5888e-17	1.5704e-18
21847.4466	1.5897e-17	1.5744e-18
21848.0466	1.5891e-17	1.5815e-18
21848.6466	1.5885e-17	1.6055e-18
21849.2465	1.5894e-17	1.6110e-18
21849.8465	1.5915e-17	1.6042e-18
21850.4465	1.5926e-17	1.5927e-18
21851.0465	1.5928e-17	1.5697e-18
21851.6464	1.5936e-17	1.5768e-18
21852.2464	1.5950e-17	1.5766e-18
21852.8464	1.5956e-17	1.5780e-18
21853.4464	1.5965e-17	1.6016e-18
21854.0463	1.5967e-17	1.5938e-18
21854.6463	1.5969e-17	1.6129e-18
21855.2463	1.5982e-17	1.6433e-18
21855.8462	1.5993e-17	1.6533e-18
21856.4462	1.5998e-17	1.6561e-18
21857.0462	1.6000e-17	1.6517e-18
21857.6462	1.5997e-17	1.6499e-18
21858.2461	1.5998e-17	1.6489e-18
21858.8461	1.6013e-17	1.6549e-18
21859.4461	1.6028e-17	1.6446e-18
21860.0461	1.6025e-17	1.6423e-18
21860.6460	1.6019e-17	1.6424e-18
21861.2460	1.6038e-17	1.6461e-18
21861.8460	1.6063e-17	1.6411e-18
21862.4459	1.6080e-17	1.6122e-18
21863.0459	1.6083e-17	1.5982e-18
21863.6459	1.6082e-17	1.5862e-18
21864.2459	1.6087e-17	1.5862e-18
21864.8458	1.6099e-17	1.5890e-18
21865.4458	1.6106e-17	1.5840e-18
21866.0458	1.6105e-17	1.5816e-18
21866.6458	1.6117e-17	1.6010e-18
21867.2457	1.6116e-17	1.6054e-18
21867.8457	1.6094e-17	1.6082e-18
21868.4457	1.6081e-17	1.6083e-18
21869.0457	1.6081e-17	1.6143e-18
21869.6456	1.6080e-17	1.6088e-18
21870.2456	1.6078e-17	1.6121e-18
21870.8456	1.6069e-17	1.6155e-18
21871.4455	1.6053e-17	1.6139e-18
21872.0455	1.6045e-17	1.6148e-18
21872.6455	1.6056e-17	1.6238e-18
21873.2455	1.6056e-17	1.6135e-18
21873.8454	1.6038e-17	1.6165e-18
21874.4454	1.6019e-17	1.6257e-18
21875.0454	1.6018e-17	1.6264e-18
21875.6454	1.6030e-17	1.6353e-18
21876.2453	1.6032e-17	1.6385e-18
21876.8453	1.6022e-17	1.6554e-18
21877.4453	1.6006e-17	1.6624e-18
21878.0453	1.5999e-17	1.6324e-18
21878.6452	1.5998e-17	1.6233e-18
21879.2452	1.5990e-17	1.6232e-18
21879.8452	1.5973e-17	1.6283e-18
21880.4451	1.5951e-17	1.6361e-18
21881.0451	1.5930e-17	1.6401e-18
21881.6451	1.5919e-17	1.6292e-18
21882.2451	1.5909e-17	1.6322e-18
21882.8450	1.5900e-17	1.6331e-18
21883.4450	1.5910e-17	1.6383e-18
21884.0450	1.5913e-17	1.6649e-18
21884.6450	1.5907e-17	1.6585e-18
21885.2449	1.5898e-17	1.6488e-18
21885.8549	1.5898e-17	1.6489e-18
21886.4549	1.5909e-17	1.6483e-18
21887.0548	1.5917e-17	1.6493e-18
21887.6548	1.5891e-17	1.6482e-18
21888.2548	1.5860e-17	1.6474e-18
21888.8548	1.5846e-17	1.6329e-18
21889.4547	1.5847e-17	1.5502e-18
21890.0547	1.5844e-17	1.4796e-18
21890.6547	1.5839e-17	1.4217e-18
21891.2547	1.5843e-17	1.3758e-18
21891.8546	1.5834e-17	1.3417e-18
21892.4546	1.5822e-17	1.3188e-18
21893.0546	1.5822e-17	1.3053e-18
21893.6546	1.5808e-17	1.2992e-18
21894.2545	1.5795e-17	1.2984e-18
21894.8545	1.5789e-17	1.2997e-18
21895.4545	1.5788e-17	1.3008e-18
21896.0544	1.5789e-17	1.3083e-18
21896.6544	1.5796e-17	1.3089e-18
21897.2544	1.5789e-17	1.3127e-18
21897.8544	1.5770e-17	1.3240e-18
21898.4543	1.5761e-17	1.3570e-18
21899.0543	1.5750e-17	1.3679e-18
21899.6543	1.5740e-17	1.3823e-18
21900.2543	1.5745e-17	1.3909e-18
21900.8542	1.5750e-17	1.3475e-18
21901.4542	1.5743e-17	1.3143e-18
21902.0542	1.5742e-17	1.3196e-18
21902.6542	1.5751e-17	1.3039e-18
21903.2541	1.5765e-17	1.2739e-18
21903.8541	1.5764e-17	1.2361e-18
21904.4541	1.5747e-17	1.1957e-18
21905.0540	1.5742e-17	1.1937e-18
21905.6540	1.5751e-17	1.1937e-18
21906.2540	1.5765e-17	1.1909e-18
21906.8540	1.5767e-17	1.1873e-18
21907.4539	1.5766e-17	1.2033e-18
21908.0539	1.5777e-17	1.2036e-18
21908.6539	1.5784e-17	1.2066e-18
21909.2539	1.5785e-17	1.2083e-18
21909.8538	1.5798e-17	1.2234e-18
21910.4538	1.5826e-17	1.2241e-18
21911.0538	1.5840e-17	1.2407e-18
21911.6538	1.5843e-17	1.2487e-18
21912.2537	1.5835e-17	1.2498e-18
21912.8537	1.5821e-17	1.2462e-18
21913.4537	1.5803e-17	1.2510e-18
21914.0536	1.5782e-17	1.2677e-18
21914.6536	1.5788e-17	1.2543e-18
21915.2536	1.5803e-17	1.2511e-18
21915.8536	1.5806e-17	1.2436e-18
21916.4535	1.5792e-17	1.2638e-18
21917.0535	1.5768e-17	1.2568e-18
21917.6535	1.5754e-17	1.3284e-18
21918.2535	1.5744e-17	1.3573e-18
21918.8534	1.5726e-17	1.3549e-18
21919.4534	1.5716e-17	1.3588e-18
21920.0534	1.5697e-17	1.3739e-18
21920.6534	1.5681e-17	1.3648e-18
21921.2533	1.5683e-17	1.3597e-18
21921.8533	1.5690e-17	1.3677e-18
21922.4533	1.5686e-17	1.3554e-18
21923.0532	1.5661e-17	1.3629e-18
21923.6532	1.5632e-17	1.3570e-18
21924.2532	1.5597e-17	1.3542e-18
21924.8532	1.5579e-17	1.3258e-18
21925.4531	1.5569e-17	1.3114e-18
21926.0531	1.5556e-17	1.3087e-18
21926.6531	1.5529e-17	1.3069e-18
21927.2531	1.5489e-17	1.3062e-18
21927.8530	1.5463e-17	1.2949e-18
21928.4530	1.5462e-17	1.2710e-18
21929.0530	1.5461e-17	1.2499e-18
21929.6529	1.5443e-17	1.2499e-18
21930.2529	1.5430e-17	1.2435e-18
21930.8529	1.5430e-17	1.2324e-18
21931.4629	1.5420e-17	1.2319e-18
21932.0628	1.5397e-17	1.2168e-18
21932.6628	1.5372e-17	1.2210e-18
21933.2628	1.5358e-17	1.2326e-18
21933.8628	1.5357e-17	1.2302e-18
21934.4627	1.5360e-17	1.2375e-18
21935.0627	1.5371e-17	1.2644e-18
21935.6627	1.5376e-17	1.3195e-18
21936.2627	1.5373e-17	1.3536e-18
21936.8626	1.5376e-17	1.3726e-18
21937.4626	1.5368e-17	1.3791e-18
21938.0626	1.5347e-17	1.3792e-18
21938.6625	1.5337e-17	1.3789e-18
21939.2625	1.5338e-17	1.3790e-18
21939.8625	1.5332e-17	1.3778e-18
21940.4625	1.5307e-17	1.4009e-18
21941.0624	1.5277e-17	1.4011e-18
21941.6624	1.5262e-17	1.3984e-18
21942.2624	1.5240e-17	1.3936e-18
21942.8624	1.5207e-17	1.3957e-18
21943.4623	1.5181e-17	1.3957e-18
21944.0623	1.5155e-17	1.3999e-18
21944.6623	1.5126e-17	1.3994e-18
21945.2623	1.5095e-17	1.3946e-18
21945.8622	1.5064e-17	1.3901e-18
21946.4622	1.5023e-17	1.3669e-18
21947.0622	1.5034e-17	1.3562e-18
21947.6621	1.4996e-17	1.3347e-18
21948.2621	1.4969e-17	1.3033e-18
21950.0620	1.4943e-17	1.3033e-18
21950.6620	1.4912e-17	1.2967e-18
21951.2620	1.4879e-17	1.2737e-18
21951.8620	1.4857e-17	1.2569e-18
21952.4619	1.4848e-17	1.2385e-18
21953.0619	1.4833e-17	1.2314e-18
21953.6619	1.4809e-17	1.2314e-18
21954.2619	1.4788e-17	1.2310e-18
21954.8618	1.4773e-17	1.2309e-18
21955.4618	1.4744e-17	1.2310e-18
21957.2617	1.4712e-17	1.2244e-18
21957.8617	1.4696e-17	1.1961e-18
21958.4617	1.4688e-17	1.1860e-18
21959.0616	1.4679e-17	1.1859e-18
21959.6616	1.4659e-17	1.1708e-18
21960.2616	1.4638e-17	1.1419e-18
21960.8616	1.4624e-17	1.1423e-18
21961.4615	1.4606e-17	1.1338e-18
21962.0615	1.4587e-17	1.1308e-18
21962.6615	1.4587e-17	1.1309e-18
21963.2615	1.4591e-17	1.1439e-18
21963.8614	1.4586e-17	1.1436e-18
21964.4614	1.4586e-17	1.1676e-18
21965.0614	1.4595e-17	1.1643e-18
21965.6613	1.4595e-17	1.1690e-18
21966.2613	1.4601e-17	1.1690e-18
21966.8613	1.4610e-17	1.1369e-18
21967.4613	1.4619e-17	1.1402e-18
21968.0612	1.4618e-17	1.0715e-18
21968.6612	1.4612e-17	1.0490e-18
21969.2612	1.4609e-17	1.0512e-18
21969.8612	1.4618e-17	1.0647e-18
21970.4611	1.4633e-17	1.1277e-18
21971.0611	1.4641e-17	1.1616e-18
21971.6611	1.4637e-17	1.1758e-18
21972.2611	1.4642e-17	1.1593e-18
21972.8610	1.4640e-17	1.1481e-18
21973.4610	1.4628e-17	1.1511e-18
21974.0610	1.4624e-17	1.2193e-18
21974.6610	1.4619e-17	1.2448e-18
21975.2609	1.4585e-17	1.2874e-18
21975.8609	1.4555e-17	1.3289e-18
21976.4609	1.4526e-17	1.3291e-18
21977.0708	1.4486e-17	1.3296e-18
21977.6708	1.4445e-17	1.3656e-18
21978.2708	1.4423e-17	1.3808e-18
21978.8708	1.4406e-17	1.3807e-18
21979.4707	1.4375e-17	1.3827e-18
21980.0707	1.4318e-17	1.3822e-18
21980.6707	1.4270e-17	1.3875e-18
21981.2707	1.4260e-17	1.3865e-18
21981.8706	1.4260e-17	1.3883e-18
21982.4706	1.4236e-17	1.3994e-18
21983.0706	1.4226e-17	1.3913e-18
21983.6706	1.4233e-17	1.3814e-18
21984.2705	1.4232e-17	1.3913e-18
21984.8705	1.4224e-17	1.3828e-18
21985.4705	1.4206e-17	1.3621e-18
21986.0704	1.4182e-17	1.3254e-18
21986.6704	1.4165e-17	1.3534e-18
21987.2704	1.4141e-17	1.3769e-18
21987.8704	1.4121e-17	1.3783e-18
21988.4703	1.4104e-17	1.3885e-18
21989.0703	1.4090e-17	1.3943e-18
21989.6703	1.4089e-17	1.3937e-18
21990.2703	1.4098e-17	1.3965e-18
21990.8702	1.4110e-17	1.3868e-18
21991.4702	1.4094e-17	1.4258e-18
21992.0702	1.4080e-17	1.4387e-18
21992.6702	1.4085e-17	1.4386e-18
21993.2701	1.4084e-17	1.4453e-18
21993.8701	1.4070e-17	1.4539e-18
21994.4701	1.4061e-17	1.4444e-18
21995.0700	1.4064e-17	1.4329e-18
21995.6700	1.4047e-17	1.4368e-18
21996.2700	1.4005e-17	1.4406e-18
21996.8700	1.3984e-17	1.4476e-18
21997.4699	1.3979e-17	1.4492e-18
21998.0699	1.3988e-17	1.4659e-18
21998.6699	1.3995e-17	1.4774e-18
21999.2699	1.3990e-17	1.4861e-18
21999.8698	1.3977e-17	1.4944e-18
22000.4698	1.3943e-17	1.5053e-18
22001.0698	1.3904e-17	1.5045e-18
22001.6698	1.3883e-17	1.5343e-18
22002.2697	1.3887e-17	1.5836e-18
22002.8697	1.3883e-17	1.5827e-18
22003.4697	1.3859e-17	1.5927e-18
22004.0696	1.3824e-17	1.5917e-18
22004.6696	1.3806e-17	1.6046e-18
22005.2696	1.3810e-17	1.6059e-18
22005.8696	1.3799e-17	1.6310e-18
22006.4695	1.3771e-17	1.6307e-18
22007.0695	1.3765e-17	1.6436e-18
22007.6695	1.3775e-17	1.6416e-18
22008.2695	1.3771e-17	1.6499e-18
22008.8694	1.3746e-17	1.6497e-18
22009.4694	1.3728e-17	1.6616e-18
22010.0694	1.3728e-17	1.6900e-18
22010.6694	1.3734e-17	1.7302e-18
22011.2693	1.3735e-17	1.7799e-18
22011.8693	1.3734e-17	1.7910e-18
22012.4693	1.3727e-17	1.7779e-18
22013.0693	1.3713e-17	1.7958e-18
22013.6692	1.3709e-17	1.8082e-18
22014.2692	1.3713e-17	1.8071e-18
22014.8692	1.3695e-17	1.8100e-18
22015.4691	1.3676e-17	1.8261e-18
22016.0691	1.3674e-17	1.8334e-18
22016.6691	1.3669e-17	1.8195e-18
22017.2691	1.3649e-17	1.8189e-18
22017.8690	1.3634e-17	1.8154e-18
22018.4690	1.3622e-17	1.7637e-18
22019.0690	1.3613e-17	1.7411e-18
22019.6690	1.3617e-17	1.7329e-18
22020.2689	1.3630e-17	1.7324e-18
22020.8689	1.3639e-17	1.7425e-18
22021.4689	1.3653e-17	1.7418e-18
22022.0689	1.3667e-17	1.6988e-18
22022.6788	1.3656e-17	1.7980e-18
22023.2788	1.3628e-17	1.8252e-18
22023.8788	1.3605e-17	1.7999e-18
22024.4787	1.3601e-17	1.8098e-18
22025.0787	1.3624e-17	1.8205e-18
22025.6787	1.3646e-17	1.8012e-18
22026.2787	1.3671e-17	1.7992e-18
22026.8786	1.3694e-17	1.8129e-18
22027.4786	1.3683e-17	1.8236e-18
22028.0786	1.3668e-17	1.8380e-18
22028.6786	1.3661e-17	1.8452e-18
22029.2785	1.3669e-17	1.8579e-18
22029.8785	1.3673e-17	1.8695e-18
22030.4785	1.3680e-17	1.8738e-18
22031.0785	1.3693e-17	1.8887e-18
22031.6784	1.3718e-17	1.8946e-18
22032.2784	1.3747e-17	1.8912e-18
22032.8784	1.3769e-17	1.8980e-18
22033.4784	1.3791e-17	1.9136e-18
22034.0783	1.3814e-17	1.9037e-18
22034.6783	1.3828e-17	1.8635e-18
22035.2783	1.3839e-17	1.8350e-18
22035.8782	1.3847e-17	1.8289e-18
22036.4782	1.3847e-17	1.8471e-18
22037.0782	1.3846e-17	1.8642e-18
22037.6782	1.3844e-17	1.8678e-18
22038.2781	1.3848e-17	1.8675e-18
22038.8781	1.3846e-17	1.8576e-18
22039.4781	1.3849e-17	1.8376e-18
22040.0781	1.3876e-17	1.8284e-18
22040.6780	1.3893e-17	1.8281e-18
22041.2780	1.3889e-17	1.8216e-18
22041.8780	1.3884e-17	1.8190e-18
22042.4780	1.3886e-17	1.8291e-18
22043.0779	1.3893e-17	1.8313e-18
22043.6779	1.3913e-17	1.8383e-18
22044.2779	1.3916e-17	1.8740e-18
22044.8778	1.3921e-17	1.8893e-18
22045.4778	1.3949e-17	1.8974e-18
22046.0778	1.3985e-17	1.9496e-18
22046.6778	1.4027e-17	1.9669e-18
22047.2777	1.4073e-17	1.9564e-18
22047.8777	1.4116e-17	1.9537e-18
22048.4777	1.4147e-17	1.9524e-18
22049.0777	1.4170e-17	1.9662e-18
22049.6776	1.4194e-17	1.9503e-18
22050.2776	1.4220e-17	1.9167e-18
22050.8776	1.4246e-17	1.9254e-18
22051.4776	1.4273e-17	1.9415e-18
22052.0775	1.4300e-17	1.9437e-18
22052.6775	1.4328e-17	1.9582e-18
22053.2775	1.4357e-17	1.9578e-18
22053.8775	1.4385e-17	1.9792e-18
22054.4774	1.4413e-17	2.0437e-18
22055.0774	1.4440e-17	2.0367e-18
22055.6774	1.4465e-17	2.0457e-18
22056.2773	1.4494e-17	2.0575e-18
22056.8773	1.4498e-17	2.0575e-18
22057.4773	1.4505e-17	2.0765e-18
22058.0773	1.4522e-17	2.0728e-18
22058.6772	1.4520e-17	2.0428e-18
22059.2772	1.4514e-17	1.9941e-18
22059.8772	1.4519e-17	1.9918e-18
22060.4772	1.4523e-17	1.9875e-18
22061.0771	1.4543e-17	1.9746e-18
22061.6771	1.4575e-17	1.9590e-18
22062.2771	1.4583e-17	1.9582e-18
22062.8771	1.4585e-17	1.9543e-18
22063.4770	1.4583e-17	1.9313e-18
22064.0770	1.4594e-17	1.9251e-18
22064.6770	1.4619e-17	1.9563e-18
22065.2769	1.4641e-17	1.9572e-18
22065.8769	1.4641e-17	1.9457e-18
22066.4769	1.4641e-17	1.9543e-18
22067.0769	1.4648e-17	1.9611e-18
22067.6768	1.4665e-17	1.9617e-18
22068.2868	1.4681e-17	1.9719e-18
22068.8868	1.4702e-17	1.9838e-18
22069.4868	1.4729e-17	1.9834e-18
22070.0867	1.4738e-17	2.0195e-18
22070.6867	1.4750e-17	1.9218e-18
22071.2867	1.4765e-17	1.8493e-18
22071.8867	1.4782e-17	1.8462e-18
22072.4866	1.4805e-17	1.8566e-18
22073.0866	1.4825e-17	1.8664e-18
22073.6866	1.4854e-17	1.8585e-18
22074.2866	1.4880e-17	1.8581e-18
22074.8865	1.4882e-17	1.8907e-18
22075.4865	1.4892e-17	1.8892e-18
22076.0865	1.4897e-17	1.8979e-18
22076.6864	1.4902e-17	1.8892e-18
22077.2864	1.4912e-17	1.8815e-18
22077.8864	1.4920e-17	1.8911e-18
22078.4864	1.4936e-17	1.8772e-18
22079.0863	1.4950e-17	1.8864e-18
22079.6863	1.4949e-17	1.8839e-18
22080.2863	1.4949e-17	1.8879e-18
22080.8863	1.4941e-17	1.8820e-18
22081.4862	1.4929e-17	1.8634e-18
22082.0862	1.4929e-17	1.8643e-18
22082.6862	1.4932e-17	1.8917e-18
22083.2862	1.4932e-17	1.8929e-18
22083.8861	1.4927e-17	1.8921e-18
22084.4861	1.4932e-17	1.8808e-18
22085.0861	1.4957e-17	1.8666e-18
22085.6861	1.4988e-17	1.8662e-18
22086.2860	1.5005e-17	1.8645e-18
22086.8860	1.5010e-17	1.8681e-18
22087.4860	1.5021e-17	1.8566e-18
22088.0859	1.5014e-17	1.8706e-18
22088.6859	1.4992e-17	1.8775e-18
22089.2859	1.4988e-17	1.8861e-18
22089.8859	1.5002e-17	1.8885e-18
22090.4858	1.5012e-17	1.8815e-18
22091.0858	1.5038e-17	1.8802e-18
22091.6858	1.5084e-17	1.8743e-18
22092.2858	1.5119e-17	1.8426e-18
22092.8857	1.5146e-17	1.8192e-18
22093.4857	1.5153e-17	1.8159e-18
22094.0857	1.5147e-17	1.7689e-18
22094.6857	1.5169e-17	1.7586e-18
22095.2856	1.5211e-17	1.7915e-18
22095.8856	1.5229e-17	1.7898e-18
22096.4856	1.5251e-17	1.7844e-18
22097.0856	1.5283e-17	1.9011e-18
22097.6855	1.5305e-17	2.0199e-18
22098.2855	1.5334e-17	2.0246e-18
22098.8855	1.5369e-17	2.0341e-18
22099.4854	1.5384e-17	2.0127e-18
22100.0854	1.5385e-17	2.0264e-18
22100.6854	1.5376e-17	2.0122e-18
22101.2854	1.5377e-17	2.0544e-18
22101.8853	1.5402e-17	2.0490e-18
22102.4853	1.5423e-17	1.9967e-18
22103.0853	1.5428e-17	1.9950e-18
22103.6853	1.5423e-17	1.9879e-18
22104.2852	1.5442e-17	1.9747e-18
22104.8852	1.5459e-17	1.9881e-18
22105.4852	1.5463e-17	1.9608e-18
22106.0852	1.5471e-17	1.9740e-18
22106.6851	1.5483e-17	1.9734e-18
22107.2851	1.5495e-17	1.9707e-18
22107.8851	1.5466e-17	1.9696e-18
22108.4851	1.5447e-17	1.9736e-18
22109.0850	1.5445e-17	1.9645e-18
22109.6850	1.5450e-17	1.9605e-18
22110.2850	1.5463e-17	1.9743e-18
22110.8849	1.5490e-17	1.9855e-18
22111.4849	1.5508e-17	1.9877e-18
22112.0849	1.5487e-17	1.9857e-18
22112.6849	1.5459e-17	1.9757e-18
22113.2848	1.5447e-17	1.9908e-18
22113.8948	1.5447e-17	1.9913e-18
22114.4948	1.5464e-17	1.9820e-18
22115.0948	1.5476e-17	1.9766e-18
22115.6947	1.5483e-17	1.9682e-18
22116.2947	1.5493e-17	1.9628e-18
22116.8947	1.5507e-17	1.9621e-18
22117.4947	1.5529e-17	1.9632e-18
22118.0946	1.5536e-17	1.9330e-18
22118.6946	1.5532e-17	1.9388e-18
22119.2946	1.5537e-17	1.9387e-18
22119.8946	1.5541e-17	1.9397e-18
22120.4945	1.5552e-17	1.9411e-18
22121.0945	1.5583e-17	1.9581e-18
22121.6945	1.5624e-17	1.9849e-18
22122.2944	1.5652e-17	1.9826e-18
22122.8944	1.5663e-17	1.9447e-18
22123.4944	1.5654e-17	1.9373e-18
22124.0944	1.5663e-17	1.9169e-18
22124.6943	1.5682e-17	1.9143e-18
22125.2943	1.5701e-17	1.9133e-18
22125.8943	1.5717e-17	1.8970e-18
22126.4943	1.5726e-17	1.9023e-18
22127.0942	1.5745e-17	1.8828e-18
22127.6942	1.5764e-17	1.8872e-18
22128.2942	1.5775e-17	1.8950e-18
22128.8942	1.5780e-17	1.9090e-18
22129.4941	1.5798e-17	1.9240e-18
22130.0941	1.5801e-17	1.9545e-18
22130.6941	1.5782e-17	1.9302e-18
22131.2941	1.5771e-17	1.9388e-18
22131.8940	1.5763e-17	1.9498e-18
22132.4940	1.5755e-17	1.9496e-18
22133.0940	1.5762e-17	1.9488e-18
22133.6940	1.5766e-17	1.9459e-18
22134.2939	1.5771e-17	1.9461e-18
22134.8939	1.5755e-17	1.9507e-18
22135.4939	1.5736e-17	1.9796e-18
22136.0938	1.5724e-17	1.9656e-18
22136.6938	1.5699e-17	1.9884e-18
22137.2938	1.5683e-17	2.0157e-18
22137.8938	1.5673e-17	2.0089e-18
22138.4937	1.5664e-17	2.0180e-18
22139.0937	1.5655e-17	2.0175e-18
22139.6937	1.5645e-17	2.0475e-18
22140.2937	1.5634e-17	2.0922e-18
22140.8936	1.5616e-17	2.1062e-18
22141.4936	1.5601e-17	2.1036e-18
22142.0936	1.5596e-17	2.0902e-18
22142.6936	1.5594e-17	2.0751e-18
22143.2935	1.5589e-17	2.0452e-18
22143.8935	1.5602e-17	2.0331e-18
22144.4935	1.5567e-17	2.0278e-18
22145.0935	1.5566e-17	1.9184e-18
22145.6934	1.5566e-17	1.7981e-18
22146.2934	1.5568e-17	1.8085e-18
22146.8934	1.5571e-17	1.8039e-18
22147.4933	1.5576e-17	1.8454e-18
22148.0933	1.5581e-17	1.8585e-18
22148.6933	1.5588e-17	1.8511e-18
22149.2933	1.5595e-17	1.8057e-18
22149.8932	1.5604e-17	1.7603e-18
22150.4932	1.5614e-17	1.7443e-18
22151.0932	1.5624e-17	1.7446e-18
22151.6932	1.5636e-17	1.7419e-18
22152.2931	1.5647e-17	1.7423e-18
22152.8931	1.5655e-17	1.7334e-18
22153.4931	1.5653e-17	1.7352e-18
22154.0931	1.5635e-17	1.7049e-18
22154.6930	1.5633e-17	1.7251e-18
22155.2930	1.5650e-17	1.7759e-18
22155.8930	1.5648e-17	1.7760e-18
22156.4930	1.5629e-17	1.7694e-18
22157.0929	1.5597e-17	1.7719e-18
22157.6929	1.5553e-17	1.7836e-18
22158.2929	1.5515e-17	1.7754e-18
22158.8929	1.5485e-17	1.7875e-18
22159.5028	1.5454e-17	1.7961e-18
22160.1028	1.5443e-17	1.7976e-18
22160.7028	1.5438e-17	1.7809e-18
22161.3027	1.5422e-17	1.7702e-18
22161.9027	1.5397e-17	1.7791e-18
22162.5027	1.5382e-17	1.8211e-18
22163.1027	1.5370e-17	1.8323e-18
22163.7026	1.5361e-17	1.8323e-18
22164.3026	1.5348e-17	1.8241e-18
22164.9026	1.5302e-17	1.8094e-18
22165.5026	1.5242e-17	1.8324e-18
22166.1025	1.5181e-17	1.8345e-18
22166.7025	1.5131e-17	1.8342e-18
22167.3025	1.5088e-17	1.8328e-18
22167.9025	1.5057e-17	1.8355e-18
22168.5024	1.5038e-17	1.8281e-18
22169.1024	1.5011e-17	1.8251e-18
22169.7024	1.4980e-17	1.8043e-18
22170.3024	1.4970e-17	1.8030e-18
22170.9023	1.4955e-17	1.8067e-18
22171.5023	1.4948e-17	1.8181e-18
22172.1023	1.4936e-17	1.8557e-18
22172.7022	1.4935e-17	1.8677e-18
22173.3022	1.4914e-17	1.8687e-18
22173.9022	1.4869e-17	1.8758e-18
22174.5022	1.4829e-17	1.9301e-18
22175.1021	1.4818e-17	1.9369e-18
22175.7021	1.4825e-17	1.9323e-18
22176.3021	1.4798e-17	1.9240e-18
22176.9021	1.4773e-17	1.9116e-18
22177.5020	1.4781e-17	1.8999e-18
22178.1020	1.4764e-17	1.8744e-18
22178.7020	1.4728e-17	1.8754e-18
22179.3020	1.4702e-17	1.8601e-18
22179.9019	1.4686e-17	1.8467e-18
22180.5019	1.4667e-17	1.8357e-18
22181.1019	1.4663e-17	1.8379e-18
22181.7019	1.4664e-17	1.8766e-18
22182.3018	1.4670e-17	1.8912e-18
22182.9018	1.4666e-17	1.8869e-18
22183.5018	1.4648e-17	1.8804e-18
22184.1018	1.4628e-17	1.8782e-18
22184.7017	1.4606e-17	1.8641e-18
22185.3017	1.4566e-17	1.8228e-18
22185.9017	1.4531e-17	1.8715e-18
22186.5016	1.4532e-17	1.9116e-18
22187.1016	1.4523e-17	1.9344e-18
22187.7016	1.4489e-17	1.9159e-18
22188.3016	1.4464e-17	1.8649e-18
22188.9015	1.4474e-17	1.8609e-18
22189.5015	1.4476e-17	1.8679e-18
22190.1015	1.4445e-17	1.8667e-18
22190.7015	1.4428e-17	1.8664e-18
22191.3014	1.4431e-17	1.8618e-18
22191.9014	1.4422e-17	1.9073e-18
22192.5014	1.4421e-17	1.9411e-18
22193.1014	1.4413e-17	1.9395e-18
22193.7013	1.4384e-17	1.9409e-18
22194.3013	1.4359e-17	1.9477e-18
22194.9013	1.4325e-17	1.9319e-18
22195.5013	1.4320e-17	1.8950e-18
22196.1012	1.4332e-17	1.8677e-18
22196.7012	1.4327e-17	1.8777e-18
22197.3012	1.4300e-17	1.8784e-18
22197.9012	1.4285e-17	1.8798e-18
22198.5011	1.4285e-17	1.8815e-18
22199.1011	1.4295e-17	1.8816e-18
22199.7011	1.4292e-17	1.8992e-18
22200.3010	1.4277e-17	1.8862e-18
22200.9010	1.4263e-17	1.8810e-18
22201.5010	1.4262e-17	1.8811e-18
22202.1010	1.4266e-17	1.8902e-18
22202.7009	1.4252e-17	1.8792e-18
22203.3009	1.4231e-17	1.8358e-18
22203.9009	1.4237e-17	1.8377e-18
22204.5009	1.4251e-17	1.8824e-18
22205.1008	1.4253e-17	1.8844e-18
22205.7108	1.4245e-17	1.8737e-18
22206.3108	1.4238e-17	1.8738e-18
22206.9108	1.4230e-17	1.8625e-18
22207.5107	1.4224e-17	1.8573e-18
22208.1107	1.4226e-17	1.8909e-18
22208.7107	1.4214e-17	1.8863e-18
22209.3107	1.4191e-17	1.8922e-18
22209.9106	1.4188e-17	1.8874e-18
22210.5106	1.4186e-17	1.8592e-18
22211.1106	1.4165e-17	1.8523e-18
22211.7106	1.4166e-17	1.8539e-18
22212.3105	1.4157e-17	1.8563e-18
22212.9105	1.4137e-17	1.8473e-18
22213.5105	1.4153e-17	1.8039e-18
22214.1105	1.4151e-17	1.7688e-18
22214.7104	1.4116e-17	1.7465e-18
22215.3104	1.4096e-17	1.7443e-18
22215.9104	1.4081e-17	1.7439e-18
22216.5103	1.4046e-17	1.7314e-18
22217.1103	1.4027e-17	1.6900e-18
22217.7103	1.4044e-17	1.6973e-18
22218.3103	1.4081e-17	1.6978e-18
22218.9102	1.4111e-17	1.6873e-18
22219.5102	1.4108e-17	1.6663e-18
22220.1102	1.4090e-17	1.6075e-18
22220.7102	1.4086e-17	1.5874e-18
22221.3101	1.4064e-17	1.6006e-18
22221.9101	1.4028e-17	1.6149e-18
22222.5101	1.4022e-17	1.5885e-18
22223.1101	1.4035e-17	1.6054e-18
22223.7100	1.4033e-17	1.6249e-18
22224.3100	1.4025e-17	1.6517e-18
22224.9100	1.4031e-17	1.6878e-18
22225.5100	1.4044e-17	1.7262e-18
22226.1099	1.4070e-17	1.7578e-18
22226.7099	1.4090e-17	1.8011e-18
22227.3099	1.4094e-17	1.8247e-18
22227.9099	1.4119e-17	1.8271e-18
22228.5098	1.4138e-17	1.8286e-18
22229.1098	1.4141e-17	1.9546e-18
22229.7098	1.4157e-17	1.9895e-18
22230.3097	1.4178e-17	1.9765e-18
22230.9097	1.4185e-17	1.9899e-18
22231.5097	1.4195e-17	1.9744e-18
22232.1097	1.4209e-17	1.9713e-18
22232.7096	1.4234e-17	1.9532e-18
22233.3096	1.4252e-17	1.9537e-18
22233.9096	1.4272e-17	1.9141e-18
22234.5096	1.4293e-17	1.8612e-18
22235.1095	1.4288e-17	1.8340e-18
22235.7095	1.4291e-17	1.8176e-18
22236.3095	1.4295e-17	1.8184e-18
22236.9095	1.4302e-17	1.7998e-18
22237.5094	1.4302e-17	1.7869e-18
22238.1094	1.4317e-17	1.7802e-18
22238.7094	1.4327e-17	1.8259e-18
22239.3094	1.4342e-17	1.8880e-18
22239.9093	1.4367e-17	1.9202e-18
22240.5093	1.4377e-17	1.9489e-18
22241.1093	1.4393e-17	1.9489e-18
22241.7093	1.4397e-17	1.9464e-18
22242.3092	1.4383e-17	1.9180e-18
22242.9092	1.4383e-17	1.9184e-18
22243.5092	1.4397e-17	1.9107e-18
22244.1092	1.4425e-17	1.9063e-18
22244.7091	1.4446e-17	1.8991e-18
22245.3091	1.4470e-17	1.9203e-18
22245.9091	1.4493e-17	1.9163e-18
22246.5090	1.4520e-17	1.9119e-18
22247.1090	1.4538e-17	1.9133e-18
22247.7090	1.4564e-17	1.9093e-18
22248.3090	1.4581e-17	1.9363e-18
22248.9089	1.4587e-17	1.9436e-18
22249.5089	1.4612e-17	1.9453e-18
22250.1089	1.4628e-17	1.9442e-18
22250.7089	1.4614e-17	1.9388e-18
22251.3188	1.4601e-17	1.9426e-18
22251.9188	1.4619e-17	1.9322e-18
22252.5188	1.4627e-17	1.8797e-18
22253.1188	1.4623e-17	1.8708e-18
22253.7187	1.4636e-17	1.8705e-18
22254.3187	1.4656e-17	1.8785e-18
22254.9187	1.4664e-17	1.8688e-18
22255.5187	1.4663e-17	1.8723e-18
22256.1186	1.4648e-17	1.8513e-18
22256.7186	1.4631e-17	1.8511e-18
22257.3186	1.4640e-17	1.8273e-18
22257.9186	1.4652e-17	1.8296e-18
22258.5185	1.4679e-17	1.8316e-18
22259.1185	1.4688e-17	1.9005e-18
22259.7185	1.4678e-17	1.9080e-18
22260.3185	1.4667e-17	1.9142e-18
22260.9184	1.4694e-17	1.9103e-18
22261.5184	1.4728e-17	1.9372e-18
22262.1184	1.4735e-17	1.9464e-18
22262.7183	1.4726e-17	2.0213e-18
22263.3183	1.4707e-17	2.0719e-18
22263.9183	1.4685e-17	2.0715e-18
22264.5183	1.4683e-17	2.0846e-18
22265.1182	1.4690e-17	2.0894e-18
22265.7182	1.4712e-17	2.0767e-18
22266.3182	1.4735e-17	2.0807e-18
22266.9182	1.4749e-17	2.0851e-18
22267.5181	1.4743e-17	2.0887e-18
22268.1181	1.4722e-17	2.0880e-18
22268.7181	1.4692e-17	2.1239e-18
22269.3181	1.4669e-17	2.1214e-18
22269.9180	1.4681e-17	2.1154e-18
22270.5180	1.4672e-17	2.1119e-18
22271.1180	1.4646e-17	2.1034e-18
22271.7180	1.4624e-17	2.0883e-18
22272.3179	1.4602e-17	2.0690e-18
22272.9179	1.4584e-17	2.0450e-18
22273.5179	1.4559e-17	2.0180e-18
22274.1179	1.4538e-17	1.9931e-18
22274.7178	1.4533e-17	1.9522e-18
22275.3178	1.4530e-17	1.9302e-18
22275.9178	1.4539e-17	1.9347e-18
22276.5178	1.4561e-17	1.9330e-18
22277.1177	1.4573e-17	1.8114e-18
22277.7177	1.4582e-17	1.7306e-18
22278.3177	1.4596e-17	1.7507e-18
22278.9176	1.4614e-17	1.7528e-18
22279.5176	1.4602e-17	1.7592e-18
22280.1176	1.4590e-17	1.7672e-18
22280.7176	1.4584e-17	1.7722e-18
22281.3175	1.4572e-17	1.7748e-18
22281.9175	1.4564e-17	1.7667e-18
22282.5175	1.4556e-17	1.7595e-18
22283.1175	1.4571e-17	1.7588e-18
22283.7174	1.4576e-17	1.7577e-18
22284.3174	1.4567e-17	1.7497e-18
22284.9174	1.4570e-17	1.7497e-18
22285.5174	1.4565e-17	1.7892e-18
22286.1173	1.4545e-17	1.7916e-18
22286.7173	1.4517e-17	1.7682e-18
22287.3173	1.4487e-17	1.7540e-18
22287.9173	1.4478e-17	1.6733e-18
22288.5172	1.4491e-17	1.6576e-18
22289.1172	1.4512e-17	1.6572e-18
22289.7172	1.4518e-17	1.6575e-18
22290.3172	1.4509e-17	1.6667e-18
22290.9171	1.4525e-17	1.6659e-18
22291.5171	1.4532e-17	1.6949e-18
22292.1171	1.4496e-17	1.7051e-18
22292.7171	1.4455e-17	1.7051e-18
22293.3170	1.4421e-17	1.6828e-18
22293.9170	1.4398e-17	1.6834e-18
22294.5170	1.4372e-17	1.6863e-18
22295.1169	1.4349e-17	1.6858e-18
22295.7169	1.4352e-17	1.7465e-18
22296.3169	1.4353e-17	1.7983e-18
22296.9269	1.4322e-17	1.7958e-18
22297.5268	1.4288e-17	1.8378e-18
22298.1268	1.4264e-17	1.8679e-18
22298.7268	1.4256e-17	1.8738e-18
22299.3268	1.4235e-17	1.8696e-18
22299.9267	1.4204e-17	1.8708e-18
22300.5267	1.4198e-17	1.8876e-18
22301.1267	1.4192e-17	1.9024e-18
22301.7267	1.4188e-17	1.9313e-18
22302.3266	1.4143e-17	1.9294e-18
22302.9266	1.4109e-17	1.9312e-18
22303.5266	1.4086e-17	1.9576e-18
22304.1266	1.4067e-17	1.9953e-18
22304.7265	1.4055e-17	1.9944e-18
22305.3265	1.4015e-17	1.9935e-18
22305.9265	1.3954e-17	1.9901e-18
22306.5265	1.3917e-17	2.0042e-18
22307.1264	1.3909e-17	1.9607e-18
22307.7264	1.3909e-17	1.9502e-18
22308.3264	1.3904e-17	1.9383e-18
22308.9264	1.3907e-17	1.9616e-18
22309.5263	1.3898e-17	1.9415e-18
22310.1263	1.3877e-17	1.9325e-18
22310.7263	1.3865e-17	1.8549e-18
22311.3263	1.3860e-17	1.8310e-18
22311.9262	1.3845e-17	1.8536e-18
22312.5262	1.3838e-17	1.8678e-18
22313.1262	1.3860e-17	1.8917e-18
22313.7261	1.3868e-17	1.8938e-18
22314.3261	1.3852e-17	1.9063e-18
22314.9261	1.3832e-17	1.8971e-18
22315.5261	1.3829e-17	1.8984e-18
22316.1260	1.3818e-17	1.9323e-18
22316.7260	1.3786e-17	1.9026e-18
22317.3260	1.3774e-17	1.9025e-18
22317.9260	1.3769e-17	1.9077e-18
22318.5259	1.3781e-17	1.9049e-18
22319.1259	1.3795e-17	1.9066e-18
22319.7259	1.3794e-17	1.9122e-18
22320.3259	1.3784e-17	1.9311e-18
22320.9258	1.3766e-17	1.9374e-18
22321.5258	1.3757e-17	1.9688e-18
22322.1258	1.3762e-17	1.9805e-18
22322.7258	1.3756e-17	1.9822e-18
22323.3257	1.3744e-17	2.0575e-18
22323.9257	1.3747e-17	2.1030e-18
22324.5257	1.3748e-17	2.1033e-18
22325.1257	1.3756e-17	2.0834e-18
22325.7256	1.3778e-17	2.1036e-18
22326.3256	1.3789e-17	2.0927e-18
22326.9256	1.3793e-17	2.1015e-18
22327.5256	1.3780e-17	2.0944e-18
22328.1255	1.3764e-17	2.1012e-18
22328.7255	1.3757e-17	2.1038e-18
22329.3255	1.3732e-17	2.1037e-18
22329.9255	1.3718e-17	2.1062e-18
22330.5254	1.3730e-17	2.1062e-18
22331.1254	1.3748e-17	2.1069e-18
22331.7254	1.3768e-17	2.1084e-18
22332.3254	1.3766e-17	2.1121e-18
22332.9253	1.3764e-17	2.1301e-18
22333.5253	1.3781e-17	2.1026e-18
22334.1253	1.3772e-17	2.1019e-18
22334.7252	1.3764e-17	2.1005e-18
22335.3252	1.3761e-17	2.0821e-18
22335.9252	1.3748e-17	2.0832e-18
22336.5252	1.3745e-17	2.0369e-18
22337.1251	1.3751e-17	2.0543e-18
22337.7251	1.3759e-17	2.0942e-18
22338.3251	1.3753e-17	2.0872e-18
22338.9251	1.3743e-17	2.0876e-18
22339.5250	1.3727e-17	2.0954e-18
22340.1250	1.3709e-17	2.1124e-18
22340.7250	1.3703e-17	2.1301e-18
22341.3250	1.3706e-17	2.1252e-18
22341.9249	1.3704e-17	2.1293e-18
22342.5349	1.3705e-17	2.1307e-18
22343.1349	1.3696e-17	2.1279e-18
22343.7349	1.3700e-17	2.0824e-18
22344.3348	1.3723e-17	2.0093e-18
22344.9348	1.3735e-17	2.0449e-18
22345.5348	1.3740e-17	2.0416e-18
22346.1348	1.3731e-17	2.0389e-18
22346.7347	1.3738e-17	2.0568e-18
22347.3347	1.3734e-17	2.0685e-18
22347.9347	1.3720e-17	2.0821e-18
22348.5347	1.3722e-17	2.0793e-18
22349.1346	1.3739e-17	2.0714e-18
22349.7346	1.3753e-17	2.0482e-18
22350.3346	1.3736e-17	2.0445e-18
22350.9346	1.3730e-17	2.0428e-18
22351.5345	1.3764e-17	2.0080e-18
22352.1345	1.3784e-17	1.9626e-18
22352.7345	1.3785e-17	1.9633e-18
22353.3345	1.3785e-17	1.9689e-18
22353.9344	1.3788e-17	1.9691e-18
22354.5344	1.3778e-17	1.9466e-18
22355.1344	1.3762e-17	1.9276e-18
22355.7343	1.3766e-17	1.9262e-18
22356.3343	1.3743e-17	1.9265e-18
22356.9343	1.3711e-17	1.9143e-18
22357.5343	1.3699e-17	1.9279e-18
22358.1342	1.3681e-17	1.9628e-18
22358.7342	1.3670e-17	1.9610e-18
22359.3342	1.3672e-17	1.9296e-18
22359.9342	1.3681e-17	1.9198e-18
22360.5341	1.3700e-17	1.9088e-18
22361.1341	1.3734e-17	1.8996e-18
22361.7341	1.3756e-17	1.8996e-18
22362.3341	1.3768e-17	1.9080e-18
22362.9340	1.3777e-17	1.9489e-18
22363.5340	1.3811e-17	1.9880e-18
22364.1340	1.3823e-17	1.9764e-18
22364.7340	1.3814e-17	2.0438e-18
22365.3339	1.3808e-17	2.0793e-18
22365.9339	1.3818e-17	2.0922e-18
22366.5339	1.3796e-17	2.1100e-18
22367.1339	1.3789e-17	2.1101e-18
22367.7338	1.3785e-17	2.1143e-18
22368.3338	1.3777e-17	2.1065e-18
22368.9338	1.3785e-17	2.1119e-18
22369.5338	1.3812e-17	2.0837e-18
22370.1337	1.3839e-17	2.0786e-18
22370.7337	1.3824e-17	2.0799e-18
22371.3337	1.3823e-17	2.0151e-18
22371.9337	1.3819e-17	1.9627e-18
22372.5336	1.3788e-17	1.9678e-18
22373.1336	1.3757e-17	1.9724e-18
22373.7336	1.3737e-17	1.9468e-18
22374.3336	1.3739e-17	1.9879e-18
22374.9335	1.3758e-17	2.0035e-18
22375.5335	1.3797e-17	2.0431e-18
22376.1335	1.3828e-17	2.0330e-18
22376.7334	1.3825e-17	2.0796e-18
22377.3334	1.3811e-17	2.0839e-18
22377.9334	1.3818e-17	2.0816e-18
22378.5334	1.3839e-17	2.0816e-18
22379.1333	1.3838e-17	2.1184e-18
22379.7333	1.3821e-17	2.1682e-18
22380.3333	1.3845e-17	2.1759e-18
22380.9333	1.3869e-17	2.1585e-18
22381.5332	1.3835e-17	2.1558e-18
22382.1332	1.3810e-17	2.1544e-18
22382.7332	1.3846e-17	2.1458e-18
22383.3332	1.3878e-17	2.1304e-18
22383.9331	1.3871e-17	2.1510e-18
22384.5331	1.3865e-17	2.1536e-18
22385.1331	1.3872e-17	2.1414e-18
22385.7331	1.3901e-17	2.1063e-18
22386.3330	1.3928e-17	2.1106e-18
22386.9330	1.3943e-17	2.1304e-18
22387.5330	1.3945e-17	2.0964e-18
22388.1430	1.3937e-17	2.0699e-18
22388.7429	1.3946e-17	2.0618e-18
22389.3429	1.3961e-17	2.0640e-18
22389.9429	1.3987e-17	2.0623e-18
22390.5429	1.3993e-17	2.0792e-18
22391.1428	1.3991e-17	2.0803e-18
22391.7428	1.4013e-17	2.0783e-18
22392.3428	1.4032e-17	2.1041e-18
22392.9428	1.4033e-17	2.1007e-18
22393.5427	1.4036e-17	2.0688e-18
22394.1427	1.4041e-17	2.0425e-18
22394.7427	1.4042e-17	2.0217e-18
22395.3427	1.4027e-17	2.0065e-18
22395.9426	1.4021e-17	1.9961e-18
22396.5426	1.4001e-17	1.9901e-18
22397.1426	1.3984e-17	1.9877e-18
22397.7426	1.4013e-17	1.9882e-18
22398.3425	1.4061e-17	1.9907e-18
22398.9425	1.4080e-17	1.9944e-18
22399.5425	1.4082e-17	1.9988e-18
22400.1425	1.4079e-17	2.0033e-18
22400.7424	1.4059e-17	2.0102e-18
22401.3424	1.4042e-17	2.0012e-18
22401.9424	1.4041e-17	2.0014e-18
22402.5423	1.4038e-17	2.0071e-18
22403.1423	1.4051e-17	1.9998e-18
22403.7423	1.4051e-17	2.0054e-18
22404.3423	1.4019e-17	2.0059e-18
22404.9422	1.4004e-17	2.0404e-18
22405.5422	1.4016e-17	2.0500e-18
22406.1422	1.4020e-17	2.0057e-18
22406.7422	1.3966e-17	2.0047e-18
22407.3421	1.3942e-17	2.0158e-18
22407.9421	1.3935e-17	1.9982e-18
22408.5421	1.3901e-17	1.9805e-18
22409.1421	1.3902e-17	1.9557e-18
22409.7420	1.3917e-17	1.9730e-18
22410.3420	1.3899e-17	1.9567e-18
22410.9420	1.3880e-17	1.9235e-18
22411.5420	1.3883e-17	1.8872e-18
22412.1419	1.3878e-17	1.8803e-18
22412.7419	1.3845e-17	1.8803e-18
22413.3419	1.3830e-17	1.9073e-18
22413.9419	1.3824e-17	1.9800e-18
22414.5418	1.3825e-17	1.9940e-18
22415.1418	1.3818e-17	2.0006e-18
22415.7418	1.3802e-17	2.0059e-18
22416.3418	1.3795e-17	2.0105e-18
22416.9417	1.3808e-17	2.0381e-18
22417.5417	1.3825e-17	2.0393e-18
22418.1417	1.3827e-17	2.0521e-18
22418.7417	1.3838e-17	2.0590e-18
22419.3416	1.3849e-17	2.0563e-18
22419.9416	1.3850e-17	2.0587e-18
22420.5416	1.3876e-17	2.0682e-18
22421.1416	1.3889e-17	2.0621e-18
22421.7415	1.3885e-17	2.0624e-18
22422.3415	1.3867e-17	2.0299e-18
22422.9415	1.3827e-17	1.9944e-18
22423.5415	1.3788e-17	1.9627e-18
22424.1414	1.3742e-17	1.9934e-18
22424.7414	1.3680e-17	1.9878e-18
22425.3414	1.3632e-17	2.1140e-18
22425.9414	1.3615e-17	2.1289e-18
22426.5413	1.3620e-17	2.1287e-18
22427.1413	1.3625e-17	2.0904e-18
22427.7413	1.3594e-17	2.0341e-18
22428.3413	1.3532e-17	2.0219e-18
22428.9412	1.3488e-17	2.0148e-18
22429.5412	1.3455e-17	2.0378e-18
22430.1412	1.3456e-17	2.0567e-18
22430.7411	1.3472e-17	2.1426e-18
22431.3411	1.3463e-17	2.1422e-18
22431.9411	1.3463e-17	2.1267e-18
22432.5411	1.3475e-17	2.1252e-18
22433.1410	1.3485e-17	2.1295e-18
22433.7510	1.3490e-17	2.1341e-18
22434.3510	1.3489e-17	2.1327e-18
22434.9510	1.3478e-17	2.1183e-18
22435.5509	1.3492e-17	2.1229e-18
22436.1509	1.3491e-17	2.1190e-18
22436.7509	1.3489e-17	2.1032e-18
22437.3509	1.3505e-17	2.1646e-18
22437.9508	1.3510e-17	2.1778e-18
22438.5508	1.3507e-17	2.1554e-18
22439.1508	1.3475e-17	2.1619e-18
22439.7508	1.3466e-17	2.1623e-18
22440.3507	1.3442e-17	2.1492e-18
22440.9507	1.3407e-17	2.1277e-18
22441.5507	1.3386e-17	2.1277e-18
22442.1507	1.3383e-17	2.1280e-18
22442.7506	1.3363e-17	2.1279e-18
22443.3506	1.3336e-17	2.1382e-18
22443.9506	1.3324e-17	2.1547e-18
22444.5506	1.3316e-17	2.1910e-18
22445.1505	1.3313e-17	2.1991e-18
22445.7505	1.3331e-17	2.2040e-18
22446.3505	1.3352e-17	2.2707e-18
22446.9505	1.3349e-17	2.3967e-18
22447.5504	1.3349e-17	2.4835e-18
22448.1504	1.3361e-17	2.4802e-18
22448.7504	1.3359e-17	2.4811e-18
22449.3504	1.3352e-17	2.5125e-18
22449.9503	1.3355e-17	2.5547e-18
22450.5503	1.3362e-17	2.5484e-18
22451.1503	1.3366e-17	2.5552e-18
22451.7503	1.3354e-17	2.5531e-18
22452.3502	1.3323e-17	2.5610e-18
22452.9502	1.3290e-17	2.5372e-18
22453.5502	1.3260e-17	2.5855e-18
22454.1502	1.3253e-17	2.5923e-18
22454.7501	1.3259e-17	2.5930e-18
22455.3501	1.3258e-17	2.6547e-18
22455.9501	1.3247e-17	2.7527e-18
22456.5501	1.3223e-17	2.7542e-18
22457.1500	1.3223e-17	2.7571e-18
22457.7500	1.3207e-17	2.7571e-18
22458.3500	1.3198e-17	2.7600e-18
22458.9500	1.3215e-17	2.7611e-18
22459.5499	1.3204e-17	2.7608e-18
22460.1499	1.3207e-17	2.7614e-18
22460.7499	1.3221e-17	2.7197e-18
22461.3498	1.3205e-17	2.6762e-18
22461.9498	1.3166e-17	2.6212e-18
22462.5498	1.3158e-17	2.6016e-18
22463.1498	1.3147e-17	2.6014e-18
22463.7497	1.3122e-17	2.5890e-18
22464.3497	1.3121e-17	2.5843e-18
22464.9497	1.3099e-17	2.5602e-18
22465.5497	1.3096e-17	2.5629e-18
22466.1496	1.3111e-17	2.5470e-18
22466.7496	1.3108e-17	2.5441e-18
22467.3496	1.3122e-17	2.5422e-18
22467.9496	1.3141e-17	2.5391e-18
22468.5495	1.3152e-17	2.5272e-18
22469.1495	1.3166e-17	2.5359e-18
22469.7495	1.3193e-17	2.5408e-18
22470.3495	1.3222e-17	2.5785e-18
22470.9494	1.3244e-17	2.5927e-18
22471.5494	1.3259e-17	2.6307e-18
22472.1494	1.3272e-17	2.6744e-18
22472.7494	1.3291e-17	2.6540e-18
22473.3493	1.3307e-17	2.5618e-18
22473.9493	1.3304e-17	2.5552e-18
22474.5493	1.3317e-17	2.5572e-18
22475.1493	1.3327e-17	2.5547e-18
22475.7492	1.3328e-17	2.5624e-18
22476.3492	1.3359e-17	2.5696e-18
22476.9492	1.3390e-17	2.6262e-18
22477.5492	1.3409e-17	2.6141e-18
22478.1491	1.3422e-17	2.6306e-18
22478.7491	1.3460e-17	2.5711e-18
22479.3591	1.3518e-17	2.6027e-18
22479.9591	1.3538e-17	2.6048e-18
22480.5590	1.3552e-17	2.6389e-18
22481.1590	1.3588e-17	2.6546e-18
22481.7590	1.3616e-17	2.6568e-18
22482.3590	1.3630e-17	2.6580e-18
22482.9589	1.3620e-17	2.6843e-18
22483.5589	1.3612e-17	2.6843e-18
22484.1589	1.3608e-17	2.6829e-18
22484.7589	1.3596e-17	2.6767e-18
22485.3588	1.3579e-17	2.6082e-18
22485.9588	1.3542e-17	2.5898e-18
22486.5588	1.3530e-17	2.5881e-18
22487.1588	1.3565e-17	2.5948e-18
22487.7587	1.3601e-17	2.5890e-18
22488.3587	1.3600e-17	2.5954e-18
22488.9587	1.3586e-17	2.6004e-18
22489.5587	1.3609e-17	2.6051e-18
22490.1586	1.3629e-17	2.6094e-18
22490.7586	1.3640e-17	2.6126e-18
22491.3586	1.3649e-17	2.6031e-18
22491.9586	1.3662e-17	2.5864e-18
22492.5585	1.3672e-17	2.5642e-18
22493.1585	1.3689e-17	2.5607e-18
22493.7585	1.3690e-17	2.5583e-18
22494.3585	1.3680e-17	2.5657e-18
22494.9584	1.3681e-17	2.5023e-18
22495.5584	1.3674e-17	2.4427e-18
22496.1584	1.3648e-17	2.4450e-18
22496.7584	1.3637e-17	2.4429e-18
22497.3583	1.3630e-17	2.4358e-18
22497.9583	1.3633e-17	2.4442e-18
22498.5583	1.3618e-17	2.5005e-18
22499.1583	1.3604e-17	2.4999e-18
22499.7582	1.3591e-17	2.4993e-18
22500.3582	1.3611e-17	2.5133e-18
22500.9582	1.3640e-17	2.5321e-18
22501.5581	1.3650e-17	2.4380e-18
22502.1581	1.3661e-17	2.4937e-18
22502.7581	1.3656e-17	2.5392e-18
22503.3581	1.3675e-17	2.4505e-18
22503.9580	1.3685e-17	2.3115e-18
22504.5580	1.3681e-17	2.3531e-18
22505.1580	1.3686e-17	2.3531e-18
22505.7580	1.3683e-17	2.3572e-18
22506.3579	1.3683e-17	2.3598e-18
22506.9579	1.3681e-17	2.3562e-18
22507.5579	1.3678e-17	2.3550e-18
22508.1579	1.3669e-17	2.3580e-18
22508.7578	1.3679e-17	2.3646e-18
22509.3578	1.3702e-17	2.3668e-18
22509.9578	1.3707e-17	2.3604e-18
22510.5578	1.3724e-17	2.3589e-18
22511.1577	1.3746e-17	2.3557e-18
22511.7577	1.3756e-17	2.3555e-18
22512.3577	1.3745e-17	2.3536e-18
22512.9577	1.3751e-17	2.4056e-18
22513.5576	1.3768e-17	2.4151e-18
22514.1576	1.3766e-17	2.4579e-18
22514.7576	1.3775e-17	2.5501e-18
22515.3576	1.3786e-17	2.5698e-18
22515.9575	1.3779e-17	2.5707e-18
22516.5575	1.3777e-17	2.5776e-18
22517.1575	1.3777e-17	2.5999e-18
22517.7575	1.3756e-17	2.6111e-18
22518.3574	1.3726e-17	2.5678e-18
22518.9574	1.3709e-17	2.5637e-18
22519.5574	1.3695e-17	2.5359e-18
22520.1574	1.3696e-17	2.5235e-18
22520.7573	1.3699e-17	2.5297e-18
22521.3573	1.3678e-17	2.5152e-18
22521.9573	1.3660e-17	2.5089e-18
22522.5573	1.3669e-17	2.5044e-18
22523.1572	1.3663e-17	2.5066e-18
22523.7572	1.3654e-17	2.5219e-18
22524.3572	1.3670e-17	2.5233e-18
22524.9672	1.3686e-17	2.4779e-18
22525.5671	1.3697e-17	2.4679e-18
22526.1671	1.3693e-17	2.4681e-18
22526.7671	1.3687e-17	2.5479e-18
22527.3671	1.3672e-17	2.5552e-18
22527.9670	1.3653e-17	2.5551e-18
22528.5670	1.3615e-17	2.5296e-18
22529.1670	1.3600e-17	2.5027e-18
22529.7670	1.3580e-17	2.4970e-18
22530.3669	1.3563e-17	2.4966e-18
22530.9669	1.3544e-17	2.4709e-18
22531.5669	1.3526e-17	2.4911e-18
22532.1669	1.3532e-17	2.5232e-18
22532.7668	1.3512e-17	2.5235e-18
22533.3668	1.3499e-17	2.5308e-18
22533.9668	1.3504e-17	2.5302e-18
22534.5668	1.3500e-17	2.6061e-18
22535.1667	1.3509e-17	2.6019e-18
22535.7667	1.3526e-17	2.6269e-18
22536.3667	1.3502e-17	2.6235e-18
22536.9667	1.3496e-17	2.6317e-18
22537.5666	1.3504e-17	2.6850e-18
22538.1666	1.3517e-17	2.6813e-18
22538.7666	1.3516e-17	2.6819e-18
22539.3666	1.3496e-17	2.6790e-18
22539.9665	1.3483e-17	2.6786e-18
22540.5665	1.3482e-17	2.7184e-18
22541.1665	1.3504e-17	2.7203e-18
22541.7665	1.3477e-17	2.7187e-18
22542.3664	1.3457e-17	2.6555e-18
22542.9664	1.3453e-17	2.5876e-18
22543.5664	1.3443e-17	2.5392e-18
22544.1664	1.3438e-17	2.5348e-18
22544.7663	1.3401e-17	2.5404e-18
22545.3663	1.3337e-17	2.5327e-18
22545.9663	1.3293e-17	2.5006e-18
22546.5663	1.3235e-17	2.4661e-18
22547.1662	1.3198e-17	2.4722e-18
22547.7662	1.3182e-17	2.4785e-18
22548.3662	1.3127e-17	2.4506e-18
22548.9662	1.3084e-17	2.4054e-18
22549.5661	1.3067e-17	2.4056e-18
22550.1661	1.3039e-17	2.3674e-18
22550.7661	1.2984e-17	2.3621e-18
22551.3661	1.2958e-17	2.3641e-18
22551.9660	1.2963e-17	2.3769e-18
22552.5660	1.2951e-17	2.3514e-18
22553.1660	1.2955e-17	2.4273e-18
22553.7660	1.2953e-17	2.4251e-18
22554.3659	1.2943e-17	2.4184e-18
22554.9659	1.2945e-17	2.4327e-18
22555.5659	1.2928e-17	2.4363e-18
22556.1659	1.2895e-17	2.4405e-18
22556.7658	1.2890e-17	2.4641e-18
22557.3658	1.2881e-17	2.4595e-18
22557.9658	1.2840e-17	2.4596e-18
22558.5658	1.2761e-17	2.4596e-18
22559.1657	1.2705e-17	2.4624e-18
22559.7657	1.2677e-17	2.4792e-18
22560.3657	1.2643e-17	2.4805e-18
22560.9656	1.2573e-17	2.4658e-18
22561.5656	1.2553e-17	2.4882e-18
22562.1656	1.2550e-17	2.4513e-18
22562.7656	1.2539e-17	2.3619e-18
22563.3655	1.2520e-17	2.3558e-18
22563.9655	1.2489e-17	2.3599e-18
22564.5655	1.2442e-17	2.3576e-18
22565.1655	1.2407e-17	2.3428e-18
22565.7654	1.2385e-17	2.3236e-18
22566.3654	1.2346e-17	2.3145e-18
22566.9654	1.2331e-17	2.3023e-18
22567.5654	1.2363e-17	2.2915e-18
22568.1653	1.2384e-17	2.2390e-18
22568.7653	1.2395e-17	2.2186e-18
22569.3653	1.2377e-17	2.2383e-18
22569.9653	1.2347e-17	2.2392e-18
22570.5752	1.2306e-17	2.2619e-18
22571.1752	1.2256e-17	2.2566e-18
22571.7752	1.2221e-17	2.2476e-18
22572.3752	1.2205e-17	2.2729e-18
22572.9751	1.2173e-17	2.2739e-18
22573.5751	1.2116e-17	2.2843e-18
22574.1751	1.2096e-17	2.2485e-18
22574.7751	1.2102e-17	2.1573e-18
22575.3750	1.2100e-17	2.1168e-18
22575.9750	1.2087e-17	2.1069e-18
22576.5750	1.2104e-17	2.1062e-18
22577.1750	1.2151e-17	2.1172e-18
22577.7749	1.2149e-17	2.1306e-18
22578.3749	1.2132e-17	2.1287e-18
22578.9749	1.2106e-17	2.1547e-18
22579.5749	1.2067e-17	2.1592e-18
22580.1748	1.2074e-17	2.1225e-18
22580.7748	1.2052e-17	2.1319e-18
22581.3748	1.2010e-17	2.1221e-18
22581.9748	1.1993e-17	2.1218e-18
22582.5747	1.1977e-17	2.0272e-18
22583.1747	1.1955e-17	2.0329e-18
22583.7747	1.1939e-17	2.0231e-18
22584.3747	1.1928e-17	2.0234e-18
22584.9746	1.1899e-17	2.0106e-18
22585.5746	1.1858e-17	1.9622e-18
22586.1746	1.1835e-17	2.0130e-18
22586.7746	1.1820e-17	2.0068e-18
22587.3745	1.1840e-17	2.0450e-18
22587.9745	1.1863e-17	2.0436e-18
22588.5745	1.1886e-17	1.9766e-18
22589.1745	1.1874e-17	1.9687e-18
22589.7744	1.1879e-17	1.9804e-18
22590.3744	1.1923e-17	1.9684e-18
22590.9744	1.1933e-17	1.9607e-18
22591.5744	1.1954e-17	2.0137e-18
22592.1743	1.1974e-17	2.0994e-18
22592.7743	1.1977e-17	2.1329e-18
22593.3743	1.1973e-17	2.1527e-18
22593.9743	1.1967e-17	2.1527e-18
22594.5742	1.1973e-17	2.1477e-18
22595.1742	1.1976e-17	2.1629e-18
22595.7742	1.1971e-17	2.1668e-18
22596.3742	1.1973e-17	2.1667e-18
22596.9741	1.1959e-17	2.1710e-18
22597.5741	1.1954e-17	2.1657e-18
22598.1741	1.1937e-17	2.1773e-18
22598.7741	1.1962e-17	2.1580e-18
22599.3740	1.2006e-17	2.1740e-18
22599.9740	1.2013e-17	2.2120e-18
22600.5740	1.1986e-17	2.2357e-18
22601.1740	1.1961e-17	2.1555e-18
22601.7739	1.1961e-17	2.1522e-18
22602.3739	1.1980e-17	2.1553e-18
22602.9739	1.2014e-17	2.1321e-18
22603.5739	1.2040e-17	2.1280e-18
22604.1738	1.2043e-17	2.1202e-18
22604.7738	1.2055e-17	2.1035e-18
22605.3738	1.2053e-17	2.1052e-18
22605.9738	1.2049e-17	2.1566e-18
22606.5737	1.2044e-17	2.1620e-18
22607.1737	1.2055e-17	2.1590e-18
22607.7737	1.2080e-17	2.1361e-18
22608.3737	1.2128e-17	2.1515e-18
22608.9736	1.2177e-17	2.1215e-18
22609.5736	1.2205e-17	2.1003e-18
22610.1736	1.2198e-17	2.1404e-18
22610.7736	1.2216e-17	2.1461e-18
22611.3735	1.2239e-17	2.1317e-18
22611.9735	1.2250e-17	2.1232e-18
22612.5735	1.2263e-17	2.1144e-18
22613.1735	1.2284e-17	2.0786e-18
22613.7734	1.2289e-17	2.0726e-18
22614.3734	1.2302e-17	2.0902e-18
22614.9734	1.2322e-17	2.1370e-18
22615.5734	1.2315e-17	2.1290e-18
22616.1733	1.2293e-17	2.1298e-18
22616.7833	1.2252e-17	2.1353e-18
22617.3833	1.2236e-17	2.1289e-18
22617.9833	1.2250e-17	2.1559e-18
22618.5832	1.2282e-17	2.1257e-18
22619.1832	1.2313e-17	2.1866e-18
22619.7832	1.2351e-17	2.1742e-18
22620.3832	1.2379e-17	2.1464e-18
22620.9831	1.2389e-17	2.1440e-18
22621.5831	1.2387e-17	2.1456e-18
22622.1831	1.2371e-17	2.1917e-18
22622.7831	1.2355e-17	2.1974e-18
22623.3830	1.2355e-17	2.1975e-18
22623.9830	1.2385e-17	2.1988e-18
22624.5830	1.2406e-17	2.1966e-18
22625.1830	1.2412e-17	2.1966e-18
22625.7829	1.2392e-17	2.1757e-18
22626.3829	1.2391e-17	2.1846e-18
22626.9829	1.2383e-17	2.1862e-18
22627.5829	1.2368e-17	2.1861e-18
22628.1828	1.2352e-17	2.2252e-18
22628.7828	1.2341e-17	2.2590e-18
22629.3828	1.2340e-17	2.2605e-18
22629.9828	1.2340e-17	2.2602e-18
22630.5827	1.2325e-17	2.2813e-18
22631.1827	1.2304e-17	2.3284e-18
22631.7827	1.2308e-17	2.3036e-18
22632.3827	1.2336e-17	2.3267e-18
22632.9826	1.2363e-17	2.3283e-18
22633.5826	1.2391e-17	2.3016e-18
22634.1826	1.2439e-17	2.2679e-18
22634.7826	1.2470e-17	2.3357e-18
22635.3825	1.2511e-17	2.3019e-18
22635.9825	1.2562e-17	2.3353e-18
22636.5825	1.2595e-17	2.3692e-18
22637.1825	1.2612e-17	2.3780e-18
22637.7824	1.2633e-17	2.3686e-18
22638.3824	1.2665e-17	2.3670e-18
22638.9824	1.2690e-17	2.3840e-18
22639.5824	1.2686e-17	2.3436e-18
22640.1823	1.2645e-17	2.2841e-18
22640.7823	1.2584e-17	2.2530e-18
22641.3823	1.2501e-17	2.3233e-18
22641.9823	1.2427e-17	2.3323e-18
22642.5822	1.2407e-17	2.3314e-18
22643.1822	1.2372e-17	2.3016e-18
22643.7822	1.2356e-17	2.2833e-18
22644.3822	1.2353e-17	2.2836e-18
22644.9821	1.2332e-17	2.2756e-18
22645.5821	1.2307e-17	2.2776e-18
22646.1821	1.2304e-17	2.2604e-18
22646.7821	1.2302e-17	2.2547e-18
22647.3820	1.2320e-17	2.2696e-18
22647.9820	1.2359e-17	2.2330e-18
22648.5820	1.2387e-17	2.1910e-18
22649.1820	1.2380e-17	2.1941e-18
22649.7819	1.2375e-17	2.1933e-18
22650.3819	1.2387e-17	2.1879e-18
22650.9819	1.2382e-17	2.2289e-18
22651.5819	1.2372e-17	2.2458e-18
22652.1818	1.2351e-17	2.2449e-18
22652.7818	1.2349e-17	2.2270e-18
22653.3818	1.2361e-17	2.2559e-18
22653.9818	1.2354e-17	2.2260e-18
22654.5817	1.2341e-17	2.2244e-18
22655.1817	1.2327e-17	2.2620e-18
22655.7817	1.2318e-17	2.2623e-18
22656.3817	1.2336e-17	2.2453e-18
22656.9816	1.2352e-17	2.2819e-18
22657.5816	1.2337e-17	2.2934e-18
22658.1816	1.2341e-17	2.2472e-18
22658.7816	1.2364e-17	2.2917e-18
22659.3815	1.2372e-17	2.4657e-18
22659.9815	1.2392e-17	2.5635e-18
22660.5815	1.2401e-17	2.5803e-18
22661.1815	1.2410e-17	2.6065e-18
22661.7814	1.2435e-17	2.6136e-18
22662.3914	1.2448e-17	2.6197e-18
22662.9914	1.2464e-17	2.5986e-18
22663.5914	1.2491e-17	2.5982e-18
22664.1913	1.2512e-17	2.6418e-18
22664.7913	1.2514e-17	2.6413e-18
22665.3913	1.2506e-17	2.6420e-18
22665.9913	1.2490e-17	2.6277e-18
22666.5912	1.2469e-17	2.6419e-18
22667.1912	1.2450e-17	2.6023e-18
22667.7912	1.2428e-17	2.6010e-18
22668.3912	1.2407e-17	2.6152e-18
22668.9911	1.2406e-17	2.6194e-18
22669.5911	1.2399e-17	2.6393e-18
22670.1911	1.2389e-17	2.6069e-18
22670.7911	1.2391e-17	2.6114e-18
22671.3910	1.2380e-17	2.6151e-18
22671.9910	1.2368e-17	2.6128e-18
22672.5910	1.2367e-17	2.6610e-18
22673.1910	1.2371e-17	2.6619e-18
22673.7909	1.2358e-17	2.6651e-18
22674.3909	1.2302e-17	2.6816e-18
22674.9909	1.2261e-17	2.7071e-18
22675.5909	1.2257e-17	2.7787e-18
22676.1908	1.2252e-17	2.7610e-18
22676.7908	1.2252e-17	2.7300e-18
22677.3908	1.2267e-17	2.7268e-18
22677.9908	1.2292e-17	2.7292e-18
22678.5907	1.2293e-17	2.7088e-18
22679.1907	1.2277e-17	2.6996e-18
22679.7907	1.2271e-17	2.7528e-18
22680.3907	1.2288e-17	2.7641e-18
22680.9906	1.2308e-17	2.7643e-18
22681.5906	1.2286e-17	2.7644e-18
22682.1906	1.2246e-17	2.8444e-18
22682.7906	1.2213e-17	2.8985e-18
22683.3905	1.2194e-17	2.9220e-18
22683.9905	1.2181e-17	2.9034e-18
22684.5905	1.2153e-17	2.8784e-18
22685.1905	1.2137e-17	2.8864e-18
22685.7904	1.2111e-17	2.8868e-18
22686.3904	1.2063e-17	2.8903e-18
22686.9904	1.2027e-17	2.8910e-18
22687.5904	1.1992e-17	2.8890e-18
22688.1903	1.1943e-17	2.8784e-18
22688.7903	1.1893e-17	2.8876e-18
22689.3903	1.1857e-17	2.8223e-18
22689.9903	1.1826e-17	2.8116e-18
22690.5902	1.1775e-17	2.8283e-18
22691.1902	1.1739e-17	2.8288e-18
22691.7902	1.1685e-17	2.8342e-18
22692.3902	1.1658e-17	2.8543e-18
22692.9901	1.1651e-17	2.8580e-18
22693.5901	1.1652e-17	2.8642e-18
22694.1901	1.1634e-17	2.8807e-18
22694.7901	1.1619e-17	2.8846e-18
22695.3900	1.1605e-17	2.8761e-18
22695.9900	1.1588e-17	2.8775e-18
22696.5900	1.1567e-17	2.8822e-18
22697.1900	1.1542e-17	2.9302e-18
22697.7899	1.1529e-17	2.9252e-18
22698.3899	1.1484e-17	2.9261e-18
22698.9899	1.1429e-17	2.8886e-18
22699.5899	1.1388e-17	2.8669e-18
22700.1898	1.1364e-17	2.8657e-18
22700.7898	1.1339e-17	2.8654e-18
22701.3898	1.1302e-17	2.8480e-18
22701.9898	1.1270e-17	2.8361e-18
22702.5897	1.1222e-17	2.8397e-18
22703.1897	1.1168e-17	2.8194e-18
22703.7897	1.1120e-17	2.8244e-18
22704.3897	1.1072e-17	2.8297e-18
22704.9896	1.1050e-17	2.8281e-18
22705.5896	1.1017e-17	2.8165e-18
22706.1896	1.0976e-17	2.8694e-18
22706.7896	1.0961e-17	2.8879e-18
22707.3895	1.0957e-17	2.7952e-18
22707.9995	1.0937e-17	2.7466e-18
22708.5995	1.0902e-17	2.7645e-18
22709.1995	1.0889e-17	2.7771e-18
22709.7994	1.0880e-17	2.8005e-18
22710.3994	1.0852e-17	2.8123e-18
22710.9994	1.0829e-17	2.8039e-18
22711.5994	1.0799e-17	2.8201e-18
22712.1994	1.0763e-17	2.8020e-18
22712.7993	1.0746e-17	2.8090e-18
22713.3993	1.0741e-17	2.7964e-18
22713.9993	1.0742e-17	2.8113e-18
22714.5993	1.0751e-17	2.9265e-18
22715.1992	1.0745e-17	3.1043e-18
22715.7992	1.0735e-17	3.2979e-18
22716.3992	1.0746e-17	3.3110e-18
22716.9992	1.0743e-17	3.3825e-18
22717.5991	1.0711e-17	3.3768e-18
22718.1991	1.0698e-17	3.3681e-18
22718.7991	1.0686e-17	3.3585e-18
22719.3991	1.0653e-17	3.3705e-18
22719.9990	1.0629e-17	3.3707e-18
22720.5990	1.0604e-17	3.3234e-18
22721.1990	1.0566e-17	3.3074e-18
22721.7990	1.0516e-17	3.3055e-18
22722.3989	1.0490e-17	3.2909e-18
22722.9989	1.0481e-17	3.2603e-18
22723.5989	1.0470e-17	3.1866e-18
22724.1989	1.0441e-17	3.1779e-18
22729.5986	1.0424e-17	3.1762e-18
22730.1986	1.0416e-17	3.1881e-18
22730.7986	1.0423e-17	3.2149e-18
22731.3986	1.0414e-17	3.2369e-18
22731.9985	1.0369e-17	3.2028e-18
22732.5985	1.0358e-17	3.1621e-18
22733.1985	1.0367e-17	3.1866e-18
22733.7985	1.0366e-17	3.2033e-18
22734.3984	1.0379e-17	3.2223e-18
22734.9984	1.0398e-17	3.1870e-18
22735.5984	1.0406e-17	3.1022e-18
22736.1984	1.0454e-17	3.0891e-18
22736.7983	1.0490e-17	3.0820e-18
22737.3983	1.0499e-17	3.0818e-18
22737.9983	1.0519e-17	3.0657e-18
22738.5983	1.0546e-17	3.0694e-18
22739.1982	1.0557e-17	3.0682e-18
22739.7982	1.0551e-17	3.0529e-18
22740.3982	1.0539e-17	3.0534e-18
22740.9982	1.0519e-17	3.0491e-18
22741.5981	1.0529e-17	3.0394e-18
22742.1981	1.0547e-17	3.0313e-18
22742.7981	1.0546e-17	3.0370e-18
22743.3981	1.0529e-17	3.0219e-18
22743.9980	1.0519e-17	3.0204e-18
22744.5980	1.0542e-17	3.0190e-18
22745.1980	1.0585e-17	3.0205e-18
22745.7980	1.0595e-17	3.0382e-18
22746.3979	1.0594e-17	3.0415e-18
22746.9979	1.0594e-17	3.0294e-18
22747.5979	1.0596e-17	3.0350e-18
22748.1979	1.0643e-17	3.0319e-18
22748.7978	1.0681e-17	3.0367e-18
22749.3978	1.0704e-17	3.0400e-18
22749.9978	1.0729e-17	2.9992e-18
22750.5978	1.0756e-17	2.9973e-18
22751.1977	1.0777e-17	3.0015e-18
22751.7977	1.0791e-17	3.0208e-18
22752.3977	1.0802e-17	3.0242e-18
22752.9977	1.0811e-17	3.0462e-18
22753.6076	1.0815e-17	3.0851e-18
22754.2076	1.0802e-17	3.0844e-18
22754.8076	1.0784e-17	3.1102e-18
22755.4076	1.0806e-17	3.1336e-18
22756.0075	1.0857e-17	3.1515e-18
22756.6075	1.0890e-17	3.1722e-18
22757.2075	1.0896e-17	3.1762e-18
22757.8075	1.0908e-17	3.1561e-18
22758.4074	1.0925e-17	3.1622e-18
22759.0074	1.0931e-17	3.1583e-18
22759.6074	1.0935e-17	3.1327e-18
22760.2074	1.0967e-17	3.0805e-18
22760.8073	1.1044e-17	3.0315e-18
22761.4073	1.1090e-17	2.9906e-18
22762.0073	1.1089e-17	2.9499e-18
22762.6073	1.1061e-17	2.9102e-18
22763.2072	1.1050e-17	2.8800e-18
22763.8072	1.1066e-17	2.8700e-18
22764.4072	1.1094e-17	2.8489e-18
22765.0072	1.1102e-17	2.8212e-18
22765.6071	1.1116e-17	2.7960e-18
22766.2071	1.1133e-17	2.7726e-18
22766.8071	1.1131e-17	2.7628e-18
22767.4071	1.1104e-17	2.6708e-18
22768.0070	1.1109e-17	2.4910e-18
22768.6070	1.1125e-17	2.2632e-18
22769.2070	1.1129e-17	2.2378e-18
22769.8070	1.1123e-17	2.1371e-18
22770.4070	1.1120e-17	2.1174e-18
22771.0069	1.1120e-17	2.1204e-18
22771.6069	1.1125e-17	2.1433e-18
22772.2069	1.1131e-17	2.1513e-18
22772.8069	1.1147e-17	2.1615e-18
22773.4068	1.1185e-17	2.1714e-18
22774.0068	1.1209e-17	2.2188e-18
22774.6068	1.1234e-17	2.2715e-18
22775.2068	1.1254e-17	2.2940e-18
22775.8067	1.1266e-17	2.3123e-18
22776.4067	1.1284e-17	2.3292e-18
22777.0067	1.1274e-17	2.3280e-18
22777.6067	1.1251e-17	2.3284e-18
22778.2066	1.1228e-17	2.3123e-18
22778.8066	1.1222e-17	2.2722e-18
22779.4066	1.1251e-17	2.2376e-18
22780.0066	1.1257e-17	2.2240e-18
22780.6065	1.1283e-17	2.2015e-18
22781.2065	1.1319e-17	2.1422e-18
22781.8065	1.1316e-17	2.1512e-18
22782.4065	1.1318e-17	2.1410e-18
22783.0064	1.1361e-17	2.1076e-18
22783.6064	1.1412e-17	2.1140e-18
22784.2064	1.1444e-17	2.1074e-18
22784.8064	1.1492e-17	2.0996e-18
22785.4063	1.1551e-17	2.0951e-18
22786.0063	1.1605e-17	2.0965e-18
22786.6063	1.1649e-17	2.0946e-18
22787.2063	1.1651e-17	2.1013e-18
22787.8062	1.1648e-17	2.1327e-18
22788.4062	1.1649e-17	2.1751e-18
22789.0062	1.1695e-17	2.1794e-18
22789.6062	1.1721e-17	2.1797e-18
22790.2061	1.1709e-17	2.1774e-18
22790.8061	1.1714e-17	2.1820e-18
22791.4061	1.1719e-17	2.2030e-18
22792.0061	1.1724e-17	2.2254e-18
22792.6060	1.1714e-17	2.2161e-18
22793.2060	1.1698e-17	2.1823e-18
22793.8060	1.1685e-17	2.1465e-18
22794.4060	1.1649e-17	2.1290e-18
22795.0059	1.1618e-17	2.1157e-18
22795.6059	1.1617e-17	2.0882e-18
22796.2059	1.1622e-17	2.0755e-18
22796.8059	1.1640e-17	2.0551e-18
22797.4058	1.1642e-17	2.0379e-18
22798.0058	1.1623e-17	2.0408e-18
22798.6058	1.1585e-17	2.0459e-18
22799.2158	1.1565e-17	2.0443e-18
22799.8157	1.1559e-17	2.0334e-18
22800.4157	1.1560e-17	2.0627e-18
22801.0157	1.1574e-17	2.0376e-18
22801.6157	1.1602e-17	1.9568e-18
22802.2156	1.1615e-17	1.9755e-18
22802.8156	1.1611e-17	2.0001e-18
22803.4156	1.1615e-17	2.0183e-18
22804.0156	1.1618e-17	2.0098e-18
22804.6155	1.1636e-17	1.9892e-18
22805.2155	1.1682e-17	2.0219e-18
22805.8155	1.1734e-17	2.0859e-18
22806.4155	1.1780e-17	2.0899e-18
22807.0154	1.1813e-17	2.0272e-18
22807.6154	1.1855e-17	1.9948e-18
22808.2154	1.1866e-17	2.0072e-18
22808.8154	1.1865e-17	2.0071e-18
22809.4154	1.1876e-17	2.0102e-18
22810.0153	1.1915e-17	2.0301e-18
22810.6153	1.1927e-17	2.0491e-18
22811.2153	1.1930e-17	2.0464e-18
22811.8153	1.1942e-17	2.0304e-18
22812.4152	1.1955e-17	2.0576e-18
22813.0152	1.1961e-17	2.0621e-18
22813.6152	1.1983e-17	2.0707e-18
22814.2152	1.1995e-17	2.0733e-18
22814.8151	1.1983e-17	2.0693e-18
22815.4151	1.1964e-17	2.0621e-18
22816.0151	1.1972e-17	2.0670e-18
22816.6151	1.1996e-17	2.0671e-18
22817.2150	1.1989e-17	2.0727e-18
22817.8150	1.1961e-17	2.0701e-18
22818.4150	1.1933e-17	2.0813e-18
22819.0150	1.1924e-17	2.0850e-18
22819.6149	1.1925e-17	2.0622e-18
22820.2149	1.1925e-17	2.0417e-18
22820.8149	1.1929e-17	2.0360e-18
22821.4149	1.1913e-17	2.0228e-18
22822.0148	1.1891e-17	1.9745e-18
22822.6148	1.1881e-17	1.9224e-18
22823.2148	1.1889e-17	1.9009e-18
22823.8148	1.1859e-17	1.8764e-18
22824.4147	1.1830e-17	1.8403e-18
22825.0147	1.1813e-17	1.8307e-18
22825.6147	1.1804e-17	1.8337e-18
22826.2147	1.1804e-17	1.8317e-18
22826.8146	1.1806e-17	1.8301e-18
22827.4146	1.1814e-17	1.8302e-18
22828.0146	1.1821e-17	1.8386e-18
22828.6146	1.1827e-17	1.8562e-18
22829.2145	1.1834e-17	1.8507e-18
22829.8145	1.1841e-17	1.9367e-18
22830.4145	1.1848e-17	2.0486e-18
22831.0145	1.1864e-17	2.0906e-18
22831.6144	1.1862e-17	2.0852e-18
22832.2144	1.1829e-17	2.0913e-18
22832.8144	1.1791e-17	2.1116e-18
22833.4144	1.1750e-17	2.1256e-18
22834.0143	1.1698e-17	2.1273e-18
22834.6143	1.1655e-17	2.1983e-18
22835.2143	1.1625e-17	2.2871e-18
22835.8143	1.1588e-17	2.2534e-18
22836.4142	1.1530e-17	2.2378e-18
22837.0142	1.1470e-17	2.2411e-18
22837.6142	1.1408e-17	2.2424e-18
22838.2142	1.1335e-17	2.2544e-18
22838.8141	1.1269e-17	2.2577e-18
22839.4141	1.1222e-17	2.2433e-18
22840.0141	1.1210e-17	2.2412e-18
22840.6141	1.1220e-17	2.2494e-18
22841.2141	1.1237e-17	2.2444e-18
22841.8140	1.1252e-17	2.2358e-18
22842.4140	1.1241e-17	2.2290e-18
22843.0140	1.1267e-17	2.2222e-18
22843.6140	1.1269e-17	2.2369e-18
22844.2139	1.1232e-17	2.2316e-18
22844.8239	1.1201e-17	2.2367e-18
22845.4239	1.1192e-17	2.2496e-18
22846.0239	1.1169e-17	2.2502e-18
22846.6238	1.1150e-17	2.2495e-18
22847.2238	1.1136e-17	2.2496e-18
22847.8238	1.1115e-17	2.2491e-18
22848.4238	1.1092e-17	2.2341e-18
22849.0237	1.1064e-17	2.2278e-18
22849.6237	1.1024e-17	2.2302e-18
22850.2237	1.0984e-17	2.2225e-18
22850.8237	1.0963e-17	2.1893e-18
22851.4236	1.0967e-17	2.1782e-18
22852.0236	1.0974e-17	2.2482e-18
22852.6236	1.0970e-17	2.2782e-18
22853.2236	1.0970e-17	2.2454e-18
22853.8235	1.0987e-17	2.1929e-18
22854.4235	1.1021e-17	2.2005e-18
22855.0235	1.1036e-17	2.2026e-18
22855.6235	1.1004e-17	2.2095e-18
22856.2234	1.0969e-17	2.2121e-18
22856.8234	1.0965e-17	2.2242e-18
22857.4234	1.0968e-17	2.2844e-18
22858.0234	1.0968e-17	2.3255e-18
22858.6233	1.0969e-17	2.3358e-18
22859.2233	1.0955e-17	2.3374e-18
22859.8233	1.0933e-17	2.3375e-18
22860.4233	1.0926e-17	2.3413e-18
22861.0232	1.0933e-17	2.3515e-18
22861.6232	1.0950e-17	2.3408e-18
22862.2232	1.0956e-17	2.3485e-18
22862.8232	1.0943e-17	2.3981e-18
22863.4231	1.0919e-17	2.4405e-18
22864.0231	1.0916e-17	2.4512e-18
22864.6231	1.0929e-17	2.4510e-18
22865.2231	1.0932e-17	2.4490e-18
22865.8230	1.0930e-17	2.4513e-18
22866.4230	1.0943e-17	2.4462e-18
22867.0230	1.0967e-17	2.4430e-18
22867.6230	1.0996e-17	2.4550e-18
22868.2230	1.1019e-17	2.4820e-18
22868.8229	1.1036e-17	2.5185e-18
22869.4229	1.1046e-17	2.5551e-18
22870.0229	1.1056e-17	2.5612e-18
22870.6229	1.1067e-17	2.5515e-18
22871.2228	1.1075e-17	2.5575e-18
22871.8228	1.1089e-17	2.6105e-18
22872.4228	1.1096e-17	2.6306e-18
22873.0228	1.1066e-17	2.6292e-18
22873.6227	1.1039e-17	2.6520e-18
22874.2227	1.1074e-17	2.6918e-18
22874.8227	1.1135e-17	2.7204e-18
22875.4227	1.1155e-17	2.7538e-18
22876.0226	1.1142e-17	2.7751e-18
22876.6226	1.1131e-17	2.7797e-18
22877.2226	1.1135e-17	2.7893e-18
22877.8226	1.1145e-17	2.7163e-18
22878.4225	1.1149e-17	2.6217e-18
22879.0225	1.1139e-17	2.5810e-18
22879.6225	1.1120e-17	2.5801e-18
22880.2225	1.1083e-17	2.5734e-18
22880.8224	1.1059e-17	2.5586e-18
22881.4224	1.1051e-17	2.5576e-18
22882.0224	1.1051e-17	2.5896e-18
22882.6224	1.1023e-17	2.5459e-18
22883.2223	1.0979e-17	2.4685e-18
22883.8223	1.0945e-17	2.4742e-18
22884.4223	1.0931e-17	2.4497e-18
22885.0223	1.0916e-17	2.4444e-18
22885.6222	1.0889e-17	2.4462e-18
22886.2222	1.0880e-17	2.4438e-18
22886.8222	1.0900e-17	2.4561e-18
22887.4222	1.0916e-17	2.4780e-18
22888.0221	1.0919e-17	2.4895e-18
22888.6221	1.0936e-17	2.4828e-18
22889.2221	1.0951e-17	2.4792e-18
22889.8221	1.0945e-17	2.4934e-18
22890.4320	1.0946e-17	2.4959e-18
22891.0320	1.0966e-17	2.4988e-18
22891.6320	1.0979e-17	2.5052e-18
22892.2320	1.0979e-17	2.5027e-18
22892.8320	1.0979e-17	2.4918e-18
22893.4319	1.0998e-17	2.4927e-18
22894.0319	1.1019e-17	2.5248e-18
22894.6319	1.1008e-17	2.5581e-18
22895.2319	1.0973e-17	2.5664e-18
22895.8318	1.0949e-17	2.5664e-18
22896.4318	1.0950e-17	2.5684e-18
22897.0318	1.0954e-17	2.5667e-18
22897.6318	1.0940e-17	2.5818e-18
22898.2317	1.0920e-17	2.5985e-18
22898.8317	1.0903e-17	2.6008e-18
22899.4317	1.0878e-17	2.5832e-18
22900.0317	1.0849e-17	2.5220e-18
22900.6316	1.0830e-17	2.4982e-18
22901.2316	1.0807e-17	2.5065e-18
22901.8316	1.0783e-17	2.5112e-18
22902.4316	1.0792e-17	2.5034e-18
22903.0315	1.0814e-17	2.5066e-18
22903.6315	1.0815e-17	2.4908e-18
22904.2315	1.0806e-17	2.4765e-18
22904.8315	1.0800e-17	2.4699e-18
22905.4314	1.0786e-17	2.4142e-18
22906.0314	1.0768e-17	2.3625e-18
22906.6314	1.0756e-17	2.3403e-18
22907.2314	1.0744e-17	2.3374e-18
22907.8313	1.0740e-17	2.3343e-18
22908.4313	1.0745e-17	2.3024e-18
22909.0313	1.0725e-17	2.3155e-18
22909.6313	1.0690e-17	2.3276e-18
22910.2312	1.0678e-17	2.3165e-18
22910.8312	1.0697e-17	2.2641e-18
22911.4312	1.0708e-17	2.2165e-18
22912.0312	1.0718e-17	2.2326e-18
22912.6311	1.0722e-17	2.2499e-18
22913.2311	1.0720e-17	2.2493e-18
22913.8311	1.0715e-17	2.2579e-18
22914.4311	1.0707e-17	2.2581e-18
22915.0311	1.0698e-17	2.2580e-18
22915.6310	1.0690e-17	2.2637e-18
22916.2310	1.0685e-17	2.2332e-18
22916.8310	1.0682e-17	2.2043e-18
22917.4310	1.0681e-17	2.1719e-18
22918.0309	1.0672e-17	2.1803e-18
22918.6309	1.0661e-17	2.2102e-18
22919.2309	1.0659e-17	2.2051e-18
22919.8309	1.0645e-17	2.1461e-18
22920.4308	1.0615e-17	2.1278e-18
22921.0308	1.0595e-17	2.1209e-18
22921.6308	1.0592e-17	2.0836e-18
22922.2308	1.0579e-17	2.0340e-18
22922.8307	1.0563e-17	2.0102e-18
22923.4307	1.0574e-17	1.9953e-18
22924.0307	1.0594e-17	1.9766e-18
22924.6307	1.0593e-17	1.9484e-18
22925.2306	1.0579e-17	1.9177e-18
22925.8306	1.0578e-17	1.9007e-18
22926.4306	1.0593e-17	1.9205e-18
22927.0306	1.0597e-17	1.9239e-18
22927.6305	1.0580e-17	1.9263e-18
22928.2305	1.0563e-17	1.9304e-18
22928.8305	1.0571e-17	1.9281e-18
22929.4305	1.0597e-17	1.9321e-18
22930.0304	1.0615e-17	1.9066e-18
22930.6304	1.0620e-17	1.8827e-18
22931.2304	1.0618e-17	1.8672e-18
22931.8304	1.0611e-17	1.8682e-18
22932.4303	1.0607e-17	1.8688e-18
22933.0303	1.0606e-17	1.8748e-18
22933.6303	1.0596e-17	1.8884e-18
22934.2303	1.0590e-17	1.8759e-18
22934.8303	1.0591e-17	1.8561e-18
22935.4302	1.0569e-17	1.8514e-18
22936.0402	1.0535e-17	1.8266e-18
22936.6402	1.0514e-17	1.8263e-18
22937.2402	1.0503e-17	1.8325e-18
22937.8401	1.0508e-17	1.8254e-18
22938.4401	1.0524e-17	1.8977e-18
22939.0401	1.0525e-17	1.9052e-18
22939.6401	1.0505e-17	1.8776e-18
22940.2400	1.0480e-17	1.8705e-18
22940.8400	1.0472e-17	1.8828e-18
22941.4400	1.0484e-17	1.9006e-18
22942.0400	1.0499e-17	1.8803e-18
22942.6399	1.0503e-17	1.8369e-18
22943.2399	1.0485e-17	1.8236e-18
22943.8399	1.0464e-17	1.8261e-18
22944.4399	1.0432e-17	1.8241e-18
22945.0398	1.0399e-17	1.8184e-18
22945.6398	1.0374e-17	1.8106e-18
22946.2398	1.0366e-17	1.8002e-18
22946.8398	1.0370e-17	1.8223e-18
22947.4397	1.0370e-17	1.8727e-18
22948.0397	1.0369e-17	1.8688e-18
22948.6397	1.0379e-17	1.9253e-18
22949.2397	1.0413e-17	1.9311e-18
22949.8396	1.0457e-17	1.9184e-18
22950.4396	1.0466e-17	1.9078e-18
22951.0396	1.0443e-17	1.9313e-18
22951.6396	1.0422e-17	1.9992e-18
22952.2395	1.0409e-17	2.0211e-18
22952.8395	1.0407e-17	2.0177e-18
22953.4395	1.0420e-17	2.0196e-18
22954.0395	1.0441e-17	2.0242e-18
22954.6395	1.0459e-17	2.0222e-18
22955.2394	1.0465e-17	2.0219e-18
22955.8394	1.0448e-17	2.0188e-18
22956.4394	1.0424e-17	2.0498e-18
22957.0394	1.0430e-17	2.1574e-18
22957.6393	1.0460e-17	2.2503e-18
22958.2393	1.0475e-17	2.2559e-18
22958.8393	1.0468e-17	2.2523e-18
22959.4393	1.0442e-17	2.2827e-18
22960.0392	1.0421e-17	2.2627e-18
22960.6392	1.0429e-17	2.2717e-18
22961.2392	1.0452e-17	2.2794e-18
22961.8392	1.0469e-17	2.2730e-18
22962.4391	1.0484e-17	2.2689e-18
22963.0391	1.0492e-17	2.2707e-18
22963.6391	1.0494e-17	2.2690e-18
22964.2391	1.0502e-17	2.2713e-18
22964.8390	1.0504e-17	2.2597e-18
22965.4390	1.0503e-17	2.2560e-18
22966.0390	1.0518e-17	2.2421e-18
22966.6390	1.0536e-17	2.2228e-18
22967.2389	1.0538e-17	2.3022e-18
22967.8389	1.0538e-17	2.3704e-18
22968.4389	1.0548e-17	2.3658e-18
22969.0389	1.0548e-17	2.3721e-18
22969.6388	1.0530e-17	2.3734e-18
22970.2388	1.0508e-17	2.4117e-18
22970.8388	1.0490e-17	2.4591e-18
22971.4388	1.0478e-17	2.4437e-18
22972.0387	1.0482e-17	2.4207e-18
22972.6387	1.0505e-17	2.4163e-18
22973.2387	1.0530e-17	2.4251e-18
22973.8387	1.0549e-17	2.4384e-18
22974.4387	1.0559e-17	2.4265e-18
22975.0386	1.0560e-17	2.4413e-18
22975.6386	1.0542e-17	2.4671e-18
22976.2386	1.0527e-17	2.4614e-18
22976.8386	1.0545e-17	2.4662e-18
22977.4385	1.0573e-17	2.4611e-18
22978.0385	1.0580e-17	2.4640e-18
22978.6385	1.0575e-17	2.4726e-18
22979.2385	1.0571e-17	2.5024e-18
22979.8384	1.0576e-17	2.5428e-18
22980.4384	1.0575e-17	2.5690e-18
22981.0384	1.0550e-17	2.5838e-18
22981.6484	1.0515e-17	2.5707e-18
22982.2483	1.0500e-17	2.5861e-18
22982.8483	1.0490e-17	2.5829e-18
22983.4483	1.0464e-17	2.5704e-18
22984.0483	1.0439e-17	2.5666e-18
22984.6482	1.0421e-17	2.6039e-18
22985.2482	1.0403e-17	2.6105e-18
22985.8482	1.0383e-17	2.6105e-18
22986.4482	1.0377e-17	2.5563e-18
22987.0481	1.0378e-17	2.5503e-18
22987.6481	1.0374e-17	2.5501e-18
22988.2481	1.0371e-17	2.5593e-18
22988.8481	1.0378e-17	2.5636e-18
22989.4480	1.0398e-17	2.5565e-18
22990.0480	1.0419e-17	2.5677e-18
22990.6480	1.0427e-17	2.5809e-18
22991.2480	1.0415e-17	2.5822e-18
22991.8480	1.0385e-17	2.5797e-18
22992.4479	1.0362e-17	2.5803e-18
22993.0479	1.0358e-17	2.5869e-18
22993.6479	1.0351e-17	2.5764e-18
22994.2479	1.0344e-17	2.5704e-18
22994.8478	1.0368e-17	2.5530e-18
22995.4478	1.0416e-17	2.5143e-18
22996.0478	1.0459e-17	2.5179e-18
22996.6478	1.0489e-17	2.4679e-18
22997.2477	1.0505e-17	2.4671e-18
22997.8477	1.0517e-17	2.4817e-18
22998.4477	1.0534e-17	2.4843e-18
22999.0477	1.0550e-17	2.4729e-18
22999.6476	1.0563e-17	2.4104e-18
23000.2476	1.0579e-17	2.3869e-18
23000.8476	1.0594e-17	2.4033e-18
23001.4476	1.0608e-17	2.4438e-18
23002.0475	1.0615e-17	2.4613e-18
23002.6475	1.0601e-17	2.4621e-18
23003.2475	1.0581e-17	2.4756e-18
23003.8475	1.0563e-17	2.5046e-18
23004.4474	1.0539e-17	2.4979e-18
23005.0474	1.0518e-17	2.3894e-18
23005.6474	1.0500e-17	2.2818e-18
23006.2474	1.0496e-17	2.2738e-18
23006.8474	1.0514e-17	2.2910e-18
23007.4473	1.0526e-17	2.2681e-18
23008.0473	1.0527e-17	2.2539e-18
23008.6473	1.0520e-17	2.2382e-18
23009.2473	1.0492e-17	2.2686e-18
23009.8472	1.0481e-17	2.3345e-18
23010.4472	1.0498e-17	2.3552e-18
23011.0472	1.0510e-17	2.3549e-18
23011.6472	1.0519e-17	2.3430e-18
23012.2471	1.0532e-17	2.3432e-18
23012.8471	1.0545e-17	2.3434e-18
23013.4471	1.0552e-17	2.3467e-18
23014.0471	1.0540e-17	2.3611e-18
23014.6470	1.0506e-17	2.3633e-18
23015.2470	1.0470e-17	2.2934e-18
23015.8470	1.0444e-17	2.2316e-18
23016.4470	1.0421e-17	2.2334e-18
23017.0469	1.0403e-17	2.2285e-18
23017.6469	1.0396e-17	2.2334e-18
23018.2469	1.0398e-17	2.2273e-18
23018.8469	1.0408e-17	2.2261e-18
23019.4468	1.0418e-17	2.2717e-18
23020.0468	1.0413e-17	2.3147e-18
23020.6468	1.0408e-17	2.3290e-18
23021.2468	1.0394e-17	2.3330e-18
23021.8468	1.0373e-17	2.3295e-18
23022.4467	1.0351e-17	2.3267e-18
23023.0467	1.0326e-17	2.3234e-18
23023.6467	1.0308e-17	2.3227e-18
23024.2467	1.0299e-17	2.3265e-18
23024.8466	1.0298e-17	2.3193e-18
23025.4466	1.0298e-17	2.3231e-18
23026.0466	1.0296e-17	2.3180e-18
23026.6466	1.0293e-17	2.3104e-18
23027.2465	1.0282e-17	2.2779e-18
23027.8565	1.0265e-17	2.2269e-18
23028.4565	1.0249e-17	2.1922e-18
23029.0565	1.0243e-17	2.1646e-18
23029.6564	1.0232e-17	2.1693e-18
23030.2564	1.0205e-17	2.1587e-18
23030.8564	1.0170e-17	2.1739e-18
23031.4564	1.0150e-17	2.1778e-18
23032.0563	1.0145e-17	2.1783e-18
23032.6563	1.0148e-17	2.1369e-18
23033.2563	1.0161e-17	2.1344e-18
23033.8563	1.0167e-17	2.1311e-18
23034.4562	1.0156e-17	2.1323e-18
23035.0562	1.0141e-17	2.1356e-18
23035.6562	1.0133e-17	2.1419e-18
23036.2562	1.0144e-17	2.1384e-18
23036.8561	1.0160e-17	2.1417e-18
23037.4561	1.0157e-17	2.1356e-18
23038.0561	1.0139e-17	2.0991e-18
23038.6561	1.0139e-17	2.0842e-18
23039.2561	1.0156e-17	2.0873e-18
23039.8560	1.0163e-17	2.0889e-18
23040.4560	1.0157e-17	2.0898e-18
23041.0560	1.0147e-17	2.0827e-18
23041.6560	1.0136e-17	2.0823e-18
23042.2559	1.0121e-17	2.0893e-18
23042.8559	1.0099e-17	2.0876e-18
23043.4559	1.0092e-17	2.1072e-18
23044.0559	1.0113e-17	2.1122e-18
23044.6558	1.0138e-17	2.1221e-18
23045.2558	1.0155e-17	2.1107e-18
23045.8558	1.0160e-17	2.0942e-18
23046.4558	1.0152e-17	2.0937e-18
23047.0557	1.0148e-17	2.0846e-18
23047.6557	1.0156e-17	2.0909e-18
23048.2557	1.0158e-17	2.0884e-18
23048.8557	1.0152e-17	2.0686e-18
23049.4556	1.0143e-17	2.0248e-18
23050.0556	1.0137e-17	2.0206e-18
23050.6556	1.0142e-17	2.0227e-18
23051.2556	1.0159e-17	2.0081e-18
23051.8556	1.0157e-17	1.9800e-18
23052.4555	1.0126e-17	1.9785e-18
23053.0555	1.0096e-17	1.9858e-18
23053.6555	1.0092e-17	2.0151e-18
23054.2555	1.0116e-17	2.0145e-18
23054.8554	1.0144e-17	2.0057e-18
23055.4554	1.0146e-17	1.9822e-18
23056.0554	1.0127e-17	1.9633e-18
23056.6554	1.0107e-17	1.9641e-18
23057.2553	1.0098e-17	1.9419e-18
23057.8553	1.0101e-17	1.8723e-18
23058.4553	1.0110e-17	1.8773e-18
23059.0553	1.0092e-17	1.8841e-18
23059.6552	1.0052e-17	1.8757e-18
23060.2552	1.0025e-17	1.8593e-18
23060.8552	1.0016e-17	1.8685e-18
23061.4552	1.0007e-17	1.8939e-18
23062.0551	9.9957e-18	1.9007e-18
23062.6551	9.9786e-18	1.9156e-18
23063.2551	9.9480e-18	1.9458e-18
23063.8551	9.9193e-18	1.9668e-18
23064.4550	9.9160e-18	1.9654e-18
23065.0550	9.9127e-18	1.9648e-18
23065.6550	9.8972e-18	1.9824e-18
23066.2550	9.8986e-18	1.9916e-18
23066.8550	9.9085e-18	1.9550e-18
23067.4549	9.9170e-18	1.9035e-18
23068.0549	9.9340e-18	1.8567e-18
23068.6549	9.9364e-18	1.8371e-18
23069.2549	9.9074e-18	1.8891e-18
23069.8548	9.8795e-18	1.9352e-18
23070.4548	9.8794e-18	1.9402e-18
23071.0548	9.8975e-18	1.9378e-18
23071.6548	9.8974e-18	1.9232e-18
23072.2547	9.8710e-18	1.9226e-18
23072.8547	9.8449e-18	1.9236e-18
23073.4647	9.8344e-18	1.9203e-18
23074.0647	9.8458e-18	1.9212e-18
23074.6646	9.8725e-18	1.9202e-18
23075.2646	9.9159e-18	1.9196e-18
23075.8646	9.9474e-18	1.9231e-18
23076.4646	9.9583e-18	1.9432e-18
23077.0645	9.9455e-18	1.9533e-18
23077.6645	9.9430e-18	1.9610e-18
23078.2645	9.9642e-18	1.9920e-18
23078.8645	9.9954e-18	2.0221e-18
23079.4645	1.0015e-17	2.0552e-18
23080.0644	1.0046e-17	2.0606e-18
23080.6644	1.0094e-17	2.0746e-18
23081.2644	1.0133e-17	2.0793e-18
23081.8644	1.0130e-17	2.0798e-18
23082.4643	1.0146e-17	2.0794e-18
23083.0643	1.0192e-17	2.0902e-18
23083.6643	1.0222e-17	2.0952e-18
23084.2643	1.0237e-17	2.0993e-18
23084.8642	1.0269e-17	2.1340e-18
23085.4642	1.0309e-17	2.1489e-18
23086.0642	1.0345e-17	2.1491e-18
23086.6642	1.0371e-17	2.1439e-18
23087.2641	1.0393e-17	2.1379e-18
23087.8641	1.0426e-17	2.1444e-18
23088.4641	1.0454e-17	2.1745e-18
23089.0641	1.0475e-17	2.1859e-18
23089.6640	1.0511e-17	2.1862e-18
23090.2640	1.0553e-17	2.1777e-18
23090.8640	1.0581e-17	2.1949e-18
23091.4640	1.0591e-17	2.1861e-18
23092.0639	1.0594e-17	2.1747e-18
23092.6639	1.0603e-17	2.1646e-18
23093.2639	1.0616e-17	2.1630e-18
23093.8639	1.0627e-17	2.1778e-18
23094.4639	1.0647e-17	2.1796e-18
23095.0638	1.0680e-17	2.1773e-18
23095.6638	1.0717e-17	2.1831e-18
23096.2638	1.0766e-17	2.1959e-18
23096.8638	1.0828e-17	2.2156e-18
23097.4637	1.0880e-17	2.2158e-18
23098.0637	1.0917e-17	2.1960e-18
23098.6637	1.0936e-17	2.2001e-18
23099.2637	1.0943e-17	2.2076e-18
23099.8636	1.0960e-17	2.2078e-18
23100.4636	1.1016e-17	2.1944e-18
23101.0636	1.1098e-17	2.1632e-18
23101.6636	1.1152e-17	2.1191e-18
23102.2635	1.1182e-17	2.1114e-18
23102.8635	1.1205e-17	2.0973e-18
23103.4635	1.1224e-17	2.0842e-18
23104.0635	1.1255e-17	2.0854e-18
23104.6634	1.1283e-17	2.0890e-18
23105.2634	1.1291e-17	2.0952e-18
23105.8634	1.1276e-17	2.0915e-18
23106.4634	1.1268e-17	2.0705e-18
23107.0634	1.1264e-17	2.0633e-18
23107.6633	1.1270e-17	2.0631e-18
23108.2633	1.1280e-17	2.0655e-18
23108.8633	1.1274e-17	2.0577e-18
23109.4633	1.1271e-17	2.0456e-18
23110.0632	1.1275e-17	2.0774e-18
23110.6632	1.1269e-17	2.0973e-18
23111.2632	1.1257e-17	2.0699e-18
23111.8632	1.1250e-17	2.0579e-18
23112.4631	1.1243e-17	2.1266e-18
23113.0631	1.1236e-17	2.1862e-18
23113.6631	1.1233e-17	2.1818e-18
23114.2631	1.1231e-17	2.1484e-18
23114.8630	1.1246e-17	2.1144e-18
23115.4630	1.1270e-17	2.0885e-18
23116.0630	1.1272e-17	2.0750e-18
23116.6630	1.1267e-17	2.0728e-18
23117.2629	1.1281e-17	2.0051e-18
23117.8629	1.1298e-17	1.9984e-18
23118.4629	1.1294e-17	2.0465e-18
23119.0729	1.1279e-17	2.0722e-18
23119.6729	1.1261e-17	2.0905e-18
23120.2728	1.1236e-17	2.1023e-18
23120.8728	1.1223e-17	2.1114e-18
23121.4728	1.1233e-17	2.1214e-18
23122.0728	1.1258e-17	2.1322e-18
23122.6727	1.1277e-17	2.1591e-18
23123.2727	1.1280e-17	2.1869e-18
23123.8727	1.1272e-17	2.1935e-18
23124.4727	1.1244e-17	2.1908e-18
23125.0726	1.1192e-17	2.2321e-18
23125.6726	1.1136e-17	2.2291e-18
23126.2726	1.1107e-17	2.2275e-18
23126.8726	1.1097e-17	2.2439e-18
23127.4725	1.1065e-17	2.1909e-18
23128.0725	1.1010e-17	2.2110e-18
23128.6725	1.0964e-17	2.2427e-18
23129.2725	1.0932e-17	2.2368e-18
23129.8724	1.0899e-17	2.2378e-18
23130.4724	1.0877e-17	2.2378e-18
23131.0724	1.0868e-17	2.2083e-18
23131.6724	1.0845e-17	2.1871e-18
23132.2724	1.0807e-17	2.1826e-18
23132.8723	1.0768e-17	2.1471e-18
23133.4723	1.0731e-17	2.1336e-18
23134.0723	1.0711e-17	2.1474e-18
23134.6723	1.0697e-17	2.1558e-18
23135.2722	1.0672e-17	2.1632e-18
23135.8722	1.0626e-17	2.1495e-18
23136.4722	1.0573e-17	2.1028e-18
23137.0722	1.0535e-17	2.0983e-18
23137.6721	1.0514e-17	2.1475e-18
23138.2721	1.0506e-17	2.1475e-18
23138.8721	1.0496e-17	2.1385e-18
23139.4721	1.0499e-17	2.1835e-18
23140.0720	1.0505e-17	2.1856e-18
23140.6720	1.0502e-17	2.1911e-18
23141.2720	1.0504e-17	2.1926e-18
23141.8720	1.0507e-17	2.1677e-18
23142.4720	1.0508e-17	2.2494e-18
23143.0719	1.0498e-17	2.3504e-18
23143.6719	1.0472e-17	2.3585e-18
23144.2719	1.0437e-17	2.3369e-18
23144.8719	1.0407e-17	2.3046e-18
23145.4718	1.0388e-17	2.3038e-18
23146.0718	1.0372e-17	2.3537e-18
23146.6718	1.0347e-17	2.3688e-18
23147.2718	1.0330e-17	2.3713e-18
23147.8717	1.0331e-17	2.3723e-18
23148.4717	1.0314e-17	2.3712e-18
23149.0717	1.0277e-17	2.4038e-18
23149.6717	1.0243e-17	2.4260e-18
23150.2716	1.0206e-17	2.4239e-18
23150.8716	1.0175e-17	2.4716e-18
23151.4716	1.0154e-17	2.5749e-18
23152.0716	1.0122e-17	2.6912e-18
23152.6715	1.0072e-17	2.7587e-18
23153.2715	1.0023e-17	2.7796e-18
23153.8715	9.9970e-18	2.7804e-18
23154.4715	9.9945e-18	2.7849e-18
23155.0715	9.9752e-18	2.7948e-18
23155.6714	9.9312e-18	2.8334e-18
23156.2714	9.8945e-18	2.8421e-18
23156.8714	9.8712e-18	2.8398e-18
23157.4714	9.8503e-18	2.8348e-18
23158.0713	9.8233e-18	2.8249e-18
23158.6713	9.7907e-18	2.8276e-18
23159.2713	9.7552e-18	2.8279e-18
23159.8713	9.7324e-18	2.8157e-18
23160.4712	9.7269e-18	2.7737e-18
23161.0712	9.7237e-18	2.7600e-18
23161.6712	9.7210e-18	2.7480e-18
23162.2712	9.6982e-18	2.7701e-18
23162.8711	9.6493e-18	2.7848e-18
23163.4711	9.6093e-18	2.7850e-18
23164.0711	9.5868e-18	2.7844e-18
23164.6811	9.5710e-18	2.7836e-18
23165.2811	9.5644e-18	2.7814e-18
23165.8810	9.5697e-18	2.7329e-18
23166.4810	9.5690e-18	2.6810e-18
23167.0810	9.5416e-18	2.6548e-18
23167.6810	9.5071e-18	2.6365e-18
23168.2809	9.4882e-18	2.6268e-18
23168.8809	9.4644e-18	2.6111e-18
23169.4809	9.4299e-18	2.5981e-18
23170.0809	9.4076e-18	2.5919e-18
23170.6808	9.4060e-18	2.5927e-18
23171.2808	9.4161e-18	2.6426e-18
23171.8808	9.4261e-18	2.6927e-18
23172.4808	9.4289e-18	2.6663e-18
23173.0807	9.4206e-18	2.6138e-18
23173.6807	9.3957e-18	2.5913e-18
23174.2807	9.3650e-18	2.6087e-18
23174.8807	9.3379e-18	2.7026e-18
23175.4806	9.3218e-18	2.7306e-18
23176.0806	9.3336e-18	2.6824e-18
23176.6806	9.3585e-18	2.6279e-18
23177.2806	9.3574e-18	2.6451e-18
23177.8806	9.3412e-18	2.6718e-18
23178.4805	9.3260e-18	2.6754e-18
23179.0805	9.3077e-18	2.6689e-18
23179.6805	9.2813e-18	2.6604e-18
23180.2805	9.2604e-18	2.6538e-18
23180.8804	9.2597e-18	2.6536e-18
23181.4804	9.2540e-18	2.6528e-18
23182.0804	9.2371e-18	2.6536e-18
23182.6804	9.2285e-18	2.6639e-18
23183.2803	9.2246e-18	2.6633e-18
23183.8803	9.2208e-18	2.6699e-18
23184.4803	9.2095e-18	2.6690e-18
23185.0803	9.1931e-18	2.6689e-18
23185.6802	9.1944e-18	2.6537e-18
23186.2802	9.2204e-18	2.6523e-18
23186.8802	9.2586e-18	2.6479e-18
23187.4802	9.3106e-18	2.6202e-18
23188.0802	9.3687e-18	2.6304e-18
23188.6801	9.4060e-18	2.6462e-18
23189.2801	9.4296e-18	2.6661e-18
23189.8801	9.4321e-18	2.6704e-18
23190.4801	9.4065e-18	2.6197e-18
23191.0800	9.3801e-18	2.5626e-18
23191.6800	9.3688e-18	2.5788e-18
23192.2800	9.3721e-18	2.6207e-18
23192.8800	9.3733e-18	2.6387e-18
23193.4799	9.3574e-18	2.6346e-18
23194.0799	9.3455e-18	2.6372e-18
23194.6799	9.3500e-18	2.6300e-18
23195.2799	9.3640e-18	2.6984e-18
23195.8798	9.3674e-18	2.7523e-18
23196.4798	9.3511e-18	2.7609e-18
23197.0798	9.3527e-18	2.7258e-18
23197.6798	9.3914e-18	2.6958e-18
23198.2798	9.4388e-18	2.6963e-18
23198.8797	9.4824e-18	2.6746e-18
23199.4797	9.5366e-18	2.6230e-18
23200.0797	9.5961e-18	2.5168e-18
23200.6797	9.6394e-18	2.4789e-18
23201.2796	9.6579e-18	2.4383e-18
23201.8796	9.6624e-18	2.4549e-18
23202.4796	9.6770e-18	2.4491e-18
23203.0796	9.6956e-18	2.4415e-18
23203.6795	9.7192e-18	2.3932e-18
23204.2795	9.7670e-18	2.3932e-18
23204.8795	9.8123e-18	2.4042e-18
23205.4795	9.8313e-18	2.4181e-18
23206.0794	9.8328e-18	2.4039e-18
23206.6794	9.8174e-18	2.3677e-18
23207.2794	9.8081e-18	2.3574e-18
23207.8794	9.8276e-18	2.3629e-18
23208.4794	9.8511e-18	2.3473e-18
23209.0793	9.8688e-18	2.3015e-18
23209.6793	9.8948e-18	2.3688e-18
23210.2893	9.9194e-18	2.4124e-18
23210.8893	9.9434e-18	2.4055e-18
23211.4892	9.9809e-18	2.4097e-18
23212.0892	1.0007e-17	2.4146e-18
23212.6892	1.0013e-17	2.4168e-18
23213.2892	1.0023e-17	2.4209e-18
23213.8891	1.0042e-17	2.4209e-18
23214.4891	1.0069e-17	2.4288e-18
23215.0891	1.0099e-17	2.4214e-18
23215.6891	1.0115e-17	2.4028e-18
23216.2890	1.0122e-17	2.3809e-18
23216.8890	1.0137e-17	2.3771e-18
23217.4890	1.0164e-17	2.3945e-18
23218.0890	1.0193e-17	2.3997e-18
23218.6890	1.0226e-17	2.3771e-18
23219.2889	1.0274e-17	2.3106e-18
23219.8889	1.0305e-17	2.2576e-18
23220.4889	1.0317e-17	2.2567e-18
23221.0889	1.0329e-17	2.2234e-18
23221.6888	1.0344e-17	2.2352e-18
23222.2888	1.0359e-17	2.2181e-18
23222.8888	1.0372e-17	2.1211e-18
23223.4888	1.0392e-17	2.1196e-18
23224.0887	1.0431e-17	2.1292e-18
23224.6887	1.0468e-17	2.1298e-18
23225.2887	1.0501e-17	2.1208e-18
23225.8887	1.0541e-17	2.1043e-18
23226.4886	1.0579e-17	2.1193e-18
23227.0886	1.0612e-17	2.1593e-18
23227.6886	1.0645e-17	2.1568e-18
23228.2886	1.0680e-17	2.1584e-18
23228.8886	1.0718e-17	2.1589e-18
23229.4885	1.0759e-17	2.1895e-18
23230.0885	1.0794e-17	2.1813e-18
23230.6885	1.0814e-17	2.1581e-18
23231.2885	1.0812e-17	2.1637e-18
23231.8884	1.0814e-17	2.1713e-18
23232.4884	1.0848e-17	2.1756e-18
23233.0884	1.0886e-17	2.1762e-18
23233.6884	1.0880e-17	2.1766e-18
23234.2883	1.0870e-17	2.1868e-18
23234.8883	1.0898e-17	2.2433e-18
23235.4883	1.0935e-17	2.3218e-18
23236.0883	1.0971e-17	2.3175e-18
23236.6882	1.1016e-17	2.3307e-18
23237.2882	1.1059e-17	2.2961e-18
23237.8882	1.1096e-17	2.2959e-18
23238.4882	1.1113e-17	2.2974e-18
23239.0882	1.1105e-17	2.2887e-18
23239.6881	1.1116e-17	2.2817e-18
23240.2881	1.1135e-17	2.2547e-18
23240.8881	1.1124e-17	2.2356e-18
23241.4881	1.1111e-17	2.2362e-18
23242.0880	1.1116e-17	2.1931e-18
23242.6880	1.1137e-17	2.2136e-18
23243.2880	1.1146e-17	2.1734e-18
23243.8880	1.1128e-17	2.1104e-18
23244.4879	1.1099e-17	2.0936e-18
23245.0879	1.1082e-17	2.0927e-18
23245.6879	1.1070e-17	2.0998e-18
23246.2879	1.1034e-17	2.1119e-18
23246.8878	1.1004e-17	2.0978e-18
23247.4878	1.1010e-17	2.0556e-18
23248.0878	1.1017e-17	2.0534e-18
23248.6878	1.0977e-17	1.9956e-18
23249.2878	1.0896e-17	1.9952e-18
23249.8877	1.0829e-17	1.9802e-18
23250.4877	1.0800e-17	2.0067e-18
23251.0877	1.0788e-17	1.9988e-18
23251.6877	1.0762e-17	2.0323e-18
23252.2876	1.0725e-17	2.0784e-18
23252.8876	1.0692e-17	2.0941e-18
23253.4876	1.0659e-17	2.1015e-18
23254.0876	1.0632e-17	2.1155e-18
23254.6875	1.0617e-17	2.1253e-18
23255.2875	1.0608e-17	2.1482e-18
23255.8975	1.0590e-17	2.1587e-18
23256.4975	1.0555e-17	2.1498e-18
23257.0974	1.0486e-17	2.1425e-18
23257.6974	1.0427e-17	2.0848e-18
23258.2974	1.0403e-17	2.0259e-18
23258.8974	1.0400e-17	2.0268e-18
23259.4974	1.0378e-17	2.0175e-18
23260.0973	1.0365e-17	2.0226e-18
23260.6973	1.0362e-17	2.0417e-18
23261.2973	1.0342e-17	2.0836e-18
23261.8973	1.0309e-17	2.1694e-18
23262.4972	1.0281e-17	2.1790e-18
23263.0972	1.0271e-17	2.1796e-18
23263.6972	1.0274e-17	2.1747e-18
23264.2972	1.0269e-17	2.1738e-18
23264.8971	1.0248e-17	2.1770e-18
23265.4971	1.0209e-17	2.1686e-18
23266.0971	1.0173e-17	2.1680e-18
23266.6971	1.0164e-17	2.1844e-18
23267.2971	1.0174e-17	2.2536e-18
23267.8970	1.0175e-17	2.3112e-18
23268.4970	1.0173e-17	2.3159e-18
23269.0970	1.0171e-17	2.3089e-18
23269.6970	1.0160e-17	2.2703e-18
23270.2969	1.0134e-17	2.3227e-18
23270.8969	1.0090e-17	2.3403e-18
23271.4969	1.0065e-17	2.3361e-18
23272.0969	1.0073e-17	2.3662e-18
23272.6968	1.0097e-17	2.3920e-18
23273.2968	1.0123e-17	2.4113e-18
23273.8968	1.0140e-17	2.4462e-18
23274.4968	1.0151e-17	2.4369e-18
23275.0967	1.0145e-17	2.4105e-18
23275.6967	1.0136e-17	2.4096e-18
23276.2967	1.0133e-17	2.4107e-18
23276.8967	1.0148e-17	2.4213e-18
23277.4967	1.0145e-17	2.4063e-18
23278.0966	1.0133e-17	2.4313e-18
23278.6966	1.0126e-17	2.4554e-18
23279.2966	1.0125e-17	2.4703e-18
23279.8966	1.0123e-17	2.4790e-18
23280.4965	1.0109e-17	2.4753e-18
23281.0965	1.0092e-17	2.4841e-18
23281.6965	1.0092e-17	2.4913e-18
23282.2965	1.0108e-17	2.4980e-18
23282.8964	1.0108e-17	2.4369e-18
23283.4964	1.0092e-17	2.3528e-18
23284.0964	1.0080e-17	2.3526e-18
23284.6964	1.0074e-17	2.3279e-18
23285.2963	1.0066e-17	2.3585e-18
23285.8963	1.0051e-17	2.3568e-18
23286.4963	1.0031e-17	2.3756e-18
23287.0963	1.0010e-17	2.3802e-18
23287.6963	1.0001e-17	2.3582e-18
23288.2962	1.0014e-17	2.3434e-18
23288.8962	1.0059e-17	2.3435e-18
23289.4962	1.0093e-17	2.3475e-18
23290.0962	1.0094e-17	2.3757e-18
23290.6961	1.0089e-17	2.3910e-18
23291.2961	1.0092e-17	2.3684e-18
23291.8961	1.0085e-17	2.3844e-18
23292.4961	1.0061e-17	2.3901e-18
23293.0960	1.0047e-17	2.4074e-18
23293.6960	1.0064e-17	2.4055e-18
23294.2960	1.0100e-17	2.3998e-18
23294.8960	1.0127e-17	2.4006e-18
23295.4960	1.0125e-17	2.4035e-18
23296.0959	1.0094e-17	2.4147e-18
23296.6959	1.0083e-17	2.4550e-18
23297.2959	1.0099e-17	2.4784e-18
23297.8959	1.0102e-17	2.4759e-18
23298.4958	1.0094e-17	2.4510e-18
23299.0958	1.0089e-17	2.4489e-18
23299.6958	1.0095e-17	2.4271e-18
23300.2958	1.0097e-17	2.3944e-18
23300.8957	1.0110e-17	2.3802e-18
23301.5057	1.0126e-17	2.3627e-18
23302.1057	1.0162e-17	2.3379e-18
23302.7057	1.0192e-17	2.3269e-18
23303.3056	1.0226e-17	2.3077e-18
23303.9056	1.0269e-17	2.2851e-18
23304.5056	1.0300e-17	2.2883e-18
23305.1056	1.0325e-17	2.3124e-18
23305.7056	1.0350e-17	2.3324e-18
23306.3055	1.0365e-17	2.3356e-18
23306.9055	1.0387e-17	2.3510e-18
23307.5055	1.0416e-17	2.3620e-18
23308.1055	1.0449e-17	2.3695e-18
23308.7054	1.0485e-17	2.3504e-18
23309.3054	1.0496e-17	2.3281e-18
23309.9054	1.0491e-17	2.2661e-18
23310.5054	1.0507e-17	2.2975e-18
23311.1053	1.0540e-17	2.3432e-18
23311.7053	1.0555e-17	2.3567e-18
23312.3053	1.0557e-17	2.3559e-18
23312.9053	1.0560e-17	2.3534e-18
23313.5053	1.0568e-17	2.3924e-18
23314.1052	1.0584e-17	2.4476e-18
23314.7052	1.0621e-17	2.4318e-18
23315.3052	1.0661e-17	2.3627e-18
23315.9052	1.0646e-17	2.3118e-18
23316.5051	1.0602e-17	2.3836e-18
23317.1051	1.0590e-17	2.4335e-18
23317.7051	1.0607e-17	2.4335e-18
23318.3051	1.0625e-17	2.3623e-18
23318.9050	1.0640e-17	2.3230e-18
23319.5050	1.0663e-17	2.3431e-18
23320.1050	1.0690e-17	2.3238e-18
23320.7050	1.0713e-17	2.3088e-18
23321.3050	1.0700e-17	2.2926e-18
23321.9049	1.0669e-17	2.2629e-18
23322.5049	1.0670e-17	2.2995e-18
23323.1049	1.0692e-17	2.4155e-18
23323.7049	1.0701e-17	2.4575e-18
23324.3048	1.0691e-17	2.4517e-18
23324.9048	1.0687e-17	2.4445e-18
23325.5048	1.0705e-17	2.4340e-18
23326.1048	1.0747e-17	2.4132e-18
23326.7047	1.0788e-17	2.3854e-18
23327.3047	1.0814e-17	2.3603e-18
23327.9047	1.0815e-17	2.3396e-18
23328.5047	1.0807e-17	2.3411e-18
23329.1046	1.0800e-17	2.3403e-18
23329.7046	1.0810e-17	2.3321e-18
23330.3046	1.0839e-17	2.3256e-18
23330.9046	1.0879e-17	2.4470e-18
23331.5046	1.0930e-17	2.5089e-18
23332.1045	1.0960e-17	2.5154e-18
23332.7045	1.0962e-17	2.5032e-18
23333.3045	1.0961e-17	2.4705e-18
23333.9045	1.0963e-17	2.4701e-18
23334.5044	1.0966e-17	2.4553e-18
23335.1044	1.0987e-17	2.4519e-18
23335.7044	1.1009e-17	2.4548e-18
23336.3044	1.1015e-17	2.4679e-18
23336.9043	1.1006e-17	2.4837e-18
23337.5043	1.0993e-17	2.4764e-18
23338.1043	1.0987e-17	2.4596e-18
23338.7043	1.0988e-17	2.4456e-18
23339.3043	1.0993e-17	2.4590e-18
23339.9042	1.1002e-17	2.4472e-18
23340.5042	1.1018e-17	2.4415e-18
23341.1042	1.1029e-17	2.4265e-18
23341.7042	1.1032e-17	2.4244e-18
23342.3041	1.1034e-17	2.4300e-18
23342.9041	1.1030e-17	2.4383e-18
23343.5041	1.1019e-17	2.4585e-18
23344.1041	1.1024e-17	2.4782e-18
23344.7040	1.1038e-17	2.4321e-18
23345.3040	1.1039e-17	2.4006e-18
23345.9040	1.1037e-17	2.4138e-18
23346.5040	1.1028e-17	2.4324e-18
23347.1140	1.1003e-17	2.4448e-18
23347.7139	1.1002e-17	2.4462e-18
23348.3139	1.1028e-17	2.4365e-18
23348.9139	1.1039e-17	2.4384e-18
23349.5139	1.1024e-17	2.4385e-18
23350.1138	1.1019e-17	2.4380e-18
23350.7138	1.1017e-17	2.4438e-18
23351.3138	1.0983e-17	2.4447e-18
23351.9138	1.0955e-17	2.4461e-18
23352.5137	1.0937e-17	2.4371e-18
23353.1137	1.0895e-17	2.4048e-18
23353.7137	1.0860e-17	2.3882e-18
23354.3137	1.0855e-17	2.4087e-18
23354.9137	1.0840e-17	2.4091e-18
23355.5136	1.0803e-17	2.3963e-18
23356.1136	1.0749e-17	2.3665e-18
23356.7136	1.0688e-17	2.3678e-18
23357.3136	1.0667e-17	2.3532e-18
23357.9135	1.0686e-17	2.3406e-18
23358.5135	1.0688e-17	2.3076e-18
23359.1135	1.0665e-17	2.2810e-18
23359.7135	1.0644e-17	2.2990e-18
23360.3134	1.0639e-17	2.3455e-18
23360.9134	1.0629e-17	2.3899e-18
23361.5134	1.0617e-17	2.3851e-18
23362.1134	1.0619e-17	2.3286e-18
23362.7133	1.0636e-17	2.3631e-18
23363.3133	1.0645e-17	2.3652e-18
23363.9133	1.0640e-17	2.3764e-18
23364.5133	1.0643e-17	2.3116e-18
23365.1133	1.0642e-17	2.2503e-18
23365.7132	1.0623e-17	2.2438e-18
23366.3132	1.0611e-17	2.2488e-18
23366.9132	1.0600e-17	2.2415e-18
23367.5132	1.0574e-17	2.2073e-18
23368.1131	1.0545e-17	2.1944e-18
23368.7131	1.0553e-17	2.1896e-18
23369.3131	1.0579e-17	2.1771e-18
23369.9131	1.0585e-17	2.1802e-18
23370.5130	1.0588e-17	2.1617e-18
23371.1130	1.0601e-17	2.0469e-18
23371.7130	1.0591e-17	2.0180e-18
23372.3130	1.0581e-17	2.0276e-18
23372.9130	1.0592e-17	2.0239e-18
23373.5129	1.0594e-17	2.0249e-18
23374.1129	1.0578e-17	2.0521e-18
23374.7129	1.0589e-17	2.0655e-18
23375.3129	1.0636e-17	2.0762e-18
23375.9128	1.0678e-17	2.0849e-18
23376.5128	1.0709e-17	2.0813e-18
23377.1128	1.0728e-17	2.0668e-18
23377.7128	1.0717e-17	2.0645e-18
23378.3127	1.0692e-17	2.0549e-18
23378.9127	1.0669e-17	1.9267e-18
23379.5127	1.0652e-17	1.8508e-18
23380.1127	1.0647e-17	1.8448e-18
23380.7127	1.0640e-17	1.8461e-18
23381.3126	1.0616e-17	1.8441e-18
23381.9126	1.0586e-17	1.8443e-18
23382.5126	1.0546e-17	1.8593e-18
23383.1126	1.0504e-17	1.8585e-18
23383.7125	1.0482e-17	1.8630e-18
23384.3125	1.0466e-17	1.8723e-18
23384.9125	1.0455e-17	1.8883e-18
23385.5125	1.0448e-17	1.8883e-18
23386.1124	1.0434e-17	1.8744e-18
23386.7124	1.0426e-17	1.8551e-18
23387.3124	1.0428e-17	1.8432e-18
23387.9124	1.0447e-17	1.8586e-18
23388.5124	1.0488e-17	1.8901e-18
23389.1123	1.0530e-17	1.8887e-18
23389.7123	1.0552e-17	1.9574e-18
23390.3123	1.0551e-17	2.0204e-18
23390.9123	1.0554e-17	2.0031e-18
23391.5122	1.0578e-17	2.0052e-18
23392.1122	1.0600e-17	1.9710e-18
23392.7222	1.0595e-17	1.9840e-18
23393.3222	1.0580e-17	2.0202e-18
23393.9221	1.0573e-17	2.0047e-18
23394.5221	1.0546e-17	1.9779e-18
23395.1221	1.0499e-17	1.9743e-18
23395.7221	1.0484e-17	1.9771e-18
23396.3221	1.0487e-17	1.9593e-18
23396.9220	1.0466e-17	1.9347e-18
23397.5220	1.0457e-17	1.9268e-18
23398.1220	1.0434e-17	1.9197e-18
23398.7220	1.0414e-17	1.9113e-18
23399.3219	1.0387e-17	1.9028e-18
23399.9219	1.0370e-17	1.9535e-18
23400.5219	1.0347e-17	1.9975e-18
23401.1219	1.0297e-17	2.0013e-18
23401.7218	1.0265e-17	2.0098e-18
23402.3218	1.0256e-17	2.0231e-18
23402.9218	1.0231e-17	2.0208e-18
23403.5218	1.0208e-17	2.0314e-18
23404.1218	1.0188e-17	2.0452e-18
23404.7217	1.0165e-17	2.0501e-18
23405.3217	1.0142e-17	2.0725e-18
23405.9217	1.0106e-17	2.0887e-18
23406.5217	1.0064e-17	2.0896e-18
23407.1216	1.0047e-17	2.0870e-18
23407.7216	1.0051e-17	2.0698e-18
23408.3216	1.0060e-17	2.0360e-18
23408.9216	1.0053e-17	2.0356e-18
23409.5215	1.0028e-17	2.0168e-18
23410.1215	1.0018e-17	2.0159e-18
23410.7215	1.0037e-17	1.9737e-18
23411.3215	1.0068e-17	1.9696e-18
23411.9215	1.0102e-17	1.9471e-18
23412.5214	1.0121e-17	1.9335e-18
23413.1214	1.0141e-17	1.9343e-18
23413.7214	1.0157e-17	1.9423e-18
23414.3214	1.0134e-17	1.9819e-18
23414.9213	1.0104e-17	2.0121e-18
23415.5213	1.0110e-17	2.0196e-18
23416.1213	1.0112e-17	2.0509e-18
23416.7213	1.0087e-17	2.1085e-18
23417.3212	1.0076e-17	2.1079e-18
23417.9212	1.0085e-17	2.0961e-18
23418.5212	1.0077e-17	2.0920e-18
23419.1212	1.0067e-17	2.0841e-18
23419.7212	1.0077e-17	2.0693e-18
23420.3211	1.0081e-17	2.0662e-18
23420.9211	1.0094e-17	2.0631e-18
23421.5211	1.0114e-17	2.0579e-18
23422.1211	1.0120e-17	2.0276e-18
23422.7210	1.0141e-17	2.0197e-18
23423.3210	1.0143e-17	1.9931e-18
23423.9210	1.0118e-17	1.9920e-18
23424.5210	1.0091e-17	2.0099e-18
23425.1210	1.0055e-17	2.1142e-18
23425.7209	1.0026e-17	2.1421e-18
23426.3209	1.0033e-17	2.1430e-18
23426.9209	1.0066e-17	2.2066e-18
23427.5209	1.0082e-17	2.2545e-18
23428.1208	1.0074e-17	2.2495e-18
23428.7208	1.0091e-17	2.2783e-18
23429.3208	1.0117e-17	2.3338e-18
23429.9208	1.0122e-17	2.3877e-18
23430.5207	1.0112e-17	2.4400e-18
23431.1207	1.0096e-17	2.4627e-18
23431.7207	1.0065e-17	2.4544e-18
23432.3207	1.0027e-17	2.4388e-18
23432.9207	9.9985e-18	2.4418e-18
23433.5206	9.9938e-18	2.4907e-18
23434.1206	1.0011e-17	2.4882e-18
23434.7206	1.0008e-17	2.4914e-18
23435.3206	9.9880e-18	2.4772e-18
23435.9205	9.9713e-18	2.4588e-18
23436.5205	9.9432e-18	2.4490e-18
23437.1205	9.9107e-18	2.4530e-18
23437.7205	9.8716e-18	2.4110e-18
23438.3204	9.8281e-18	2.3650e-18
23438.9304	9.8057e-18	2.3744e-18
23439.5304	9.8016e-18	2.3833e-18
23440.1304	9.7784e-18	2.3840e-18
23440.7304	9.7433e-18	2.3703e-18
23441.3303	9.7190e-18	2.3525e-18
23441.9303	9.6835e-18	2.3835e-18
23442.5303	9.6443e-18	2.3854e-18
23443.1303	9.6273e-18	2.4108e-18
23443.7302	9.6339e-18	2.4044e-18
23444.3302	9.6561e-18	2.4077e-18
23444.9302	9.6644e-18	2.4540e-18
23445.5302	9.6744e-18	2.4740e-18
23446.1301	9.6623e-18	2.4715e-18
23446.7301	9.6274e-18	2.4561e-18
23447.3301	9.6020e-18	2.4658e-18
23447.9301	9.5923e-18	2.4705e-18
23448.5301	9.5838e-18	2.4379e-18
23449.1300	9.5762e-18	2.5389e-18
23449.7300	9.5542e-18	2.6343e-18
23450.3300	9.5307e-18	2.6486e-18
23450.9300	9.5127e-18	2.6556e-18
23451.5299	9.5032e-18	2.6540e-18
23452.1299	9.5098e-18	2.6664e-18
23452.7299	9.5104e-18	2.6831e-18
23453.3299	9.4949e-18	2.6798e-18
23453.9298	9.4645e-18	2.6715e-18
23454.5298	9.4436e-18	2.6726e-18
23455.1298	9.4217e-18	2.6759e-18
23455.7298	9.4050e-18	2.6800e-18
23456.3298	9.3931e-18	2.6842e-18
23456.9297	9.3740e-18	2.6524e-18
23457.5297	9.3493e-18	2.6411e-18
23458.1297	9.3249e-18	2.6405e-18
23458.7297	9.3154e-18	2.6407e-18
23459.3296	9.3219e-18	2.6393e-18
23459.9296	9.3333e-18	2.6427e-18
23460.5296	9.3512e-18	2.6374e-18
23461.1296	9.3799e-18	2.6362e-18
23461.7296	9.3831e-18	2.6395e-18
23462.3295	9.3721e-18	2.6257e-18
23462.9295	9.3616e-18	2.6297e-18
23463.5295	9.3509e-18	2.6491e-18
23464.1295	9.3420e-18	2.6307e-18
23464.7294	9.3277e-18	2.5774e-18
23465.3294	9.3120e-18	2.5739e-18
23465.9294	9.3087e-18	2.5744e-18
23466.5294	9.2995e-18	2.5627e-18
23467.1293	9.2868e-18	2.5705e-18
23467.7293	9.2786e-18	2.5837e-18
23468.3293	9.2721e-18	2.5630e-18
23468.9293	9.2621e-18	2.5822e-18
23469.5293	9.2342e-18	2.5824e-18
23470.1292	9.1879e-18	2.5577e-18
23470.7292	9.1510e-18	2.5492e-18
23471.3292	9.1139e-18	2.5458e-18
23471.9292	9.0690e-18	2.5453e-18
23472.5291	9.0372e-18	2.5407e-18
23473.1291	9.0144e-18	2.4796e-18
23473.7291	9.0036e-18	2.4764e-18
23474.3291	8.9984e-18	2.4794e-18
23474.9290	8.9858e-18	2.4758e-18
23475.5290	8.9692e-18	2.4922e-18
23476.1290	8.9609e-18	2.5017e-18
23476.7290	8.9557e-18	2.4871e-18
23477.3290	8.9401e-18	2.4479e-18
23477.9289	8.9113e-18	2.4119e-18
23478.5289	8.8897e-18	2.3809e-18
23479.1289	8.8735e-18	2.3746e-18
23479.7289	8.8484e-18	2.3967e-18
23480.3288	8.8374e-18	2.4103e-18
23480.9288	8.8468e-18	2.3934e-18
23481.5288	8.8626e-18	2.3480e-18
23482.1288	8.8784e-18	2.3530e-18
23482.7288	8.8878e-18	2.3473e-18
23483.3287	8.8906e-18	2.3615e-18
23483.9287	8.8883e-18	2.3562e-18
23484.5387	8.8717e-18	2.3658e-18
23485.1387	8.8512e-18	2.3982e-18
23485.7386	8.8429e-18	2.4327e-18
23486.3386	8.8255e-18	2.4391e-18
23486.9386	8.8021e-18	2.4463e-18
23487.5386	8.7703e-18	2.4386e-18
23488.1385	8.7345e-18	2.4264e-18
23488.7385	8.7062e-18	2.4300e-18
23489.3385	8.6978e-18	2.4204e-18
23489.9385	8.6993e-18	2.3777e-18
23490.5385	8.7064e-18	2.4044e-18
23491.1384	8.7297e-18	2.3872e-18
23491.7384	8.7490e-18	2.3833e-18
23492.3384	8.7620e-18	2.4093e-18
23492.9384	8.8035e-18	2.3664e-18
23493.5383	8.8425e-18	2.3702e-18
23494.1383	8.8528e-18	2.3751e-18
23494.7383	8.8704e-18	2.3896e-18
23495.3383	8.9083e-18	2.3952e-18
23495.9382	8.9392e-18	2.3505e-18
23496.5382	8.9825e-18	2.4027e-18
23497.1382	9.0139e-18	2.3040e-18
23497.7382	9.0459e-18	2.2120e-18
23498.3382	9.0620e-18	2.1855e-18
23498.9381	9.0729e-18	2.2438e-18
23499.5381	9.1042e-18	2.3516e-18
23500.1381	9.1334e-18	2.3506e-18
23500.7381	9.1504e-18	2.3467e-18
23501.3380	9.1821e-18	2.3609e-18
23501.9380	9.2049e-18	2.3594e-18
23502.5380	9.2102e-18	2.3585e-18
23503.1380	9.2160e-18	2.3568e-18
23503.7380	9.2269e-18	2.3578e-18
23504.3379	9.2686e-18	2.3485e-18
23504.9379	9.3184e-18	2.3481e-18
23505.5379	9.3132e-18	2.3534e-18
23506.1379	9.2910e-18	2.3727e-18
23506.7378	9.2979e-18	2.3923e-18
23507.3378	9.3201e-18	2.3918e-18
23507.9378	9.3401e-18	2.4106e-18
23508.5378	9.3440e-18	2.4473e-18
23509.1377	9.3453e-18	2.4644e-18
23509.7377	9.3570e-18	2.4579e-18
23510.3377	9.3692e-18	2.4847e-18
23510.9377	9.3894e-18	2.4621e-18
23511.5377	9.4073e-18	2.4327e-18
23512.1376	9.4052e-18	2.4223e-18
23512.7376	9.3801e-18	2.4196e-18
23513.3376	9.3608e-18	2.4302e-18
23513.9376	9.3669e-18	2.4269e-18
23514.5375	9.3654e-18	2.4238e-18
23515.1375	9.3398e-18	2.4177e-18
23515.7375	9.3217e-18	2.3990e-18
23516.3375	9.3338e-18	2.4025e-18
23516.9375	9.3771e-18	2.3892e-18
23517.5374	9.4205e-18	2.3981e-18
23518.1374	9.4787e-18	2.4007e-18
23518.7374	9.5113e-18	2.3772e-18
23519.3374	9.5432e-18	2.4449e-18
23519.9373	9.5950e-18	2.4640e-18
23520.5373	9.6460e-18	2.4737e-18
23521.1373	9.6750e-18	2.4808e-18
23521.7373	9.6925e-18	2.4837e-18
23522.3372	9.7105e-18	2.5006e-18
23522.9372	9.7409e-18	2.4769e-18
23523.5372	9.7764e-18	2.4294e-18
23524.1372	9.8187e-18	2.4289e-18
23524.7372	9.8480e-18	2.4389e-18
23525.3371	9.8482e-18	2.4406e-18
23525.9371	9.8416e-18	2.4372e-18
23526.5371	9.8448e-18	2.4175e-18
23527.1371	9.8711e-18	2.4050e-18
23527.7370	9.8985e-18	2.3973e-18
23528.3370	9.9032e-18	2.3947e-18
23528.9370	9.9061e-18	2.4009e-18
23529.5370	9.9091e-18	2.4094e-18
23530.1470	9.8903e-18	2.4139e-18
23530.7469	9.8820e-18	2.4188e-18
23531.3469	9.8879e-18	2.4016e-18
23531.9469	9.9000e-18	2.4018e-18
23532.5469	9.9182e-18	2.3809e-18
23533.1468	9.9269e-18	2.3478e-18
23533.7468	9.9275e-18	2.3018e-18
23534.3468	9.9219e-18	2.2772e-18
23534.9468	9.9126e-18	2.2930e-18
23535.5467	9.9209e-18	2.2645e-18
23536.1467	9.9487e-18	2.2635e-18
23536.7467	9.9705e-18	2.2600e-18
23537.3467	9.9739e-18	2.2493e-18
23537.9467	9.9636e-18	2.2491e-18
23538.5466	9.9519e-18	2.2301e-18
23539.1466	9.9204e-18	2.2281e-18
23539.7466	9.8839e-18	2.2350e-18
23540.3466	9.8872e-18	2.2017e-18
23540.9465	9.9071e-18	2.2089e-18
23541.5465	9.9148e-18	2.2210e-18
23542.1465	9.9407e-18	2.2553e-18
23542.7465	9.9256e-18	2.2657e-18
23543.3465	9.8589e-18	2.2517e-18
23543.9464	9.7890e-18	2.2669e-18
23544.5464	9.7318e-18	2.2222e-18
23545.1464	9.6762e-18	2.2283e-18
23545.7464	9.6367e-18	2.2093e-18
23546.3463	9.6277e-18	2.1845e-18
23546.9463	9.6067e-18	2.0973e-18
23547.5463	9.5713e-18	1.9731e-18
23548.1463	9.5698e-18	1.9610e-18
23548.7462	9.5864e-18	1.9546e-18
23549.3462	9.5753e-18	1.9449e-18
23549.9462	9.5653e-18	1.9449e-18
23550.5462	9.5835e-18	1.9487e-18
23551.1462	9.6163e-18	1.9495e-18
23551.7461	9.6641e-18	1.9680e-18
23552.3461	9.6870e-18	1.9681e-18
23552.9461	9.6628e-18	1.9675e-18
23553.5461	9.6341e-18	1.9687e-18
23554.1460	9.6369e-18	1.9410e-18
23554.7460	9.6532e-18	1.9132e-18
23555.3460	9.6432e-18	1.9140e-18
23555.9460	9.6171e-18	1.8878e-18
23556.5460	9.5983e-18	1.8427e-18
23557.1459	9.5736e-18	1.8260e-18
23557.7459	9.5376e-18	1.8898e-18
23558.3459	9.5132e-18	1.8086e-18
23558.9459	9.5164e-18	1.8809e-18
23559.5458	9.5108e-18	1.9216e-18
23560.1458	9.4946e-18	1.9531e-18
23560.7458	9.5185e-18	2.0251e-18
23561.3458	9.5521e-18	2.1805e-18
23561.9457	9.5688e-18	2.3445e-18
23562.5457	9.5922e-18	2.4427e-18
23563.1457	9.6245e-18	2.4674e-18
23563.7457	9.6207e-18	2.4728e-18
23564.3457	9.5995e-18	2.4737e-18
23564.9456	9.6045e-18	2.4679e-18
23565.5456	9.6204e-18	2.4617e-18
23566.1456	9.6139e-18	2.4646e-18
23566.7456	9.6176e-18	2.4791e-18
23567.3455	9.6345e-18	2.4215e-18
23567.9455	9.6464e-18	2.4075e-18
23568.5455	9.6577e-18	2.4005e-18
23569.1455	9.6801e-18	2.3940e-18
23569.7455	9.7108e-18	2.3815e-18
23570.3454	9.7228e-18	2.3675e-18
23570.9454	9.7126e-18	2.3797e-18
23571.5454	9.6869e-18	2.3960e-18
23572.1454	9.6514e-18	2.3775e-18
23572.7453	9.6251e-18	2.3579e-18
23573.3453	9.5969e-18	2.3713e-18
23573.9453	9.5931e-18	2.4019e-18
23574.5453	9.6318e-18	2.4018e-18
23575.1453	9.6526e-18	2.4072e-18
23575.7552	9.6384e-18	2.4017e-18
23576.3552	9.6259e-18	2.3941e-18
23576.9552	9.6234e-18	2.3916e-18
23577.5552	9.6327e-18	2.3872e-18
23578.1551	9.6576e-18	2.4193e-18
23578.7551	9.6984e-18	2.4638e-18
23579.3551	9.7561e-18	2.4630e-18
23579.9551	9.8129e-18	2.4885e-18
23580.5550	9.8593e-18	2.4954e-18
23581.1550	9.8983e-18	2.4954e-18
23581.7550	9.9286e-18	2.4994e-18
23582.3550	9.9356e-18	2.4993e-18
23582.9550	9.9194e-18	2.4703e-18
23583.5549	9.8934e-18	2.4933e-18
23584.1549	9.8681e-18	2.4957e-18
23584.7549	9.8521e-18	2.5192e-18
23585.3549	9.8463e-18	2.5655e-18
23585.9548	9.8526e-18	2.5849e-18
23586.5548	9.8541e-18	2.6258e-18
23587.1548	9.8478e-18	2.6651e-18
23587.7548	9.8694e-18	2.6531e-18
23588.3548	9.8939e-18	2.6515e-18
23588.9547	9.9050e-18	2.7296e-18
23589.5547	9.9174e-18	2.8268e-18
23590.1547	9.9250e-18	2.8271e-18
23590.7547	9.9426e-18	2.7919e-18
23591.3546	9.9728e-18	2.7962e-18
23591.9546	1.0007e-17	2.8627e-18
23592.5546	1.0012e-17	2.8649e-18
23593.1546	1.0020e-17	2.8623e-18
23593.7546	1.0013e-17	2.8665e-18
23594.3545	1.0011e-17	2.9082e-18
23594.9545	9.9982e-18	2.9675e-18
23595.5545	9.9856e-18	2.9768e-18
23596.1545	1.0000e-17	2.9629e-18
23596.7544	1.0021e-17	2.9627e-18
23597.3544	1.0041e-17	2.9605e-18
23597.9544	1.0050e-17	2.9804e-18
23598.5544	1.0041e-17	3.0042e-18
23599.1543	1.0039e-17	3.0053e-18
23599.7543	1.0051e-17	3.0132e-18
23600.3543	1.0064e-17	3.0138e-18
23600.9543	1.0087e-17	3.0561e-18
23601.5543	1.0108e-17	3.0762e-18
23602.1542	1.0129e-17	3.0766e-18
23602.7542	1.0153e-17	3.0706e-18
23603.3542	1.0152e-17	3.0665e-18
23603.9542	1.0164e-17	3.0648e-18
23604.5541	1.0205e-17	3.0648e-18
23605.1541	1.0219e-17	3.0607e-18
23605.7541	1.0227e-17	3.0053e-18
23606.3541	1.0246e-17	3.0090e-18
23606.9541	1.0241e-17	2.9681e-18
23607.5540	1.0239e-17	2.9682e-18
23608.1540	1.0246e-17	2.9749e-18
23608.7540	1.0234e-17	2.9424e-18
23609.3540	1.0224e-17	2.8760e-18
23609.9539	1.0237e-17	2.8784e-18
23610.5539	1.0239e-17	2.8632e-18
23611.1539	1.0228e-17	2.8840e-18
23611.7539	1.0245e-17	2.9093e-18
23612.3539	1.0267e-17	2.9034e-18
23612.9538	1.0301e-17	2.9191e-18
23613.5538	1.0365e-17	2.9261e-18
23614.1538	1.0409e-17	2.9359e-18
23614.7538	1.0436e-17	3.0515e-18
23615.3537	1.0485e-17	3.1604e-18
23615.9537	1.0516e-17	3.2658e-18
23616.5537	1.0522e-17	3.2672e-18
23617.1537	1.0535e-17	3.2960e-18
23617.7537	1.0551e-17	3.3264e-18
23618.3536	1.0570e-17	3.3528e-18
23618.9536	1.0580e-17	3.3785e-18
23619.5536	1.0611e-17	3.4023e-18
23620.1536	1.0692e-17	3.4185e-18
23620.7535	1.0785e-17	3.4303e-18
23621.3635	1.0853e-17	3.4420e-18
23621.9635	1.0883e-17	3.4296e-18
23622.5635	1.0884e-17	3.4353e-18
23623.1634	1.0896e-17	3.4316e-18
23623.7634	1.0941e-17	3.4342e-18
23624.3634	1.0992e-17	3.4321e-18
23624.9634	1.1014e-17	3.4491e-18
23625.5634	1.1009e-17	3.5098e-18
23626.1633	1.0993e-17	3.5062e-18
23626.7633	1.0984e-17	3.4878e-18
23627.3633	1.1002e-17	3.5015e-18
23627.9633	1.1032e-17	3.4829e-18
23628.5632	1.1032e-17	3.4768e-18
23629.1632	1.1000e-17	3.4803e-18
23629.7632	1.0975e-17	3.4921e-18
23630.3632	1.0988e-17	3.5010e-18
23630.9632	1.1042e-17	3.5149e-18
23631.5631	1.1096e-17	3.5225e-18
23632.1631	1.1120e-17	3.5340e-18
23632.7631	1.1136e-17	3.5250e-18
23633.3631	1.1164e-17	3.5229e-18
23633.9630	1.1173e-17	3.5650e-18
23634.5630	1.1161e-17	3.5306e-18
23635.1630	1.1156e-17	3.4894e-18
23635.7630	1.1135e-17	3.4894e-18
23636.3630	1.1113e-17	3.4899e-18
23636.9629	1.1125e-17	3.4067e-18
23637.5629	1.1144e-17	3.2835e-18
23638.1629	1.1147e-17	3.2386e-18
23638.7629	1.1126e-17	3.2383e-18
23639.3628	1.1085e-17	3.2402e-18
23639.9628	1.1044e-17	3.1980e-18
23640.5628	1.1004e-17	3.2020e-18
23641.1628	1.0990e-17	3.2139e-18
23641.7628	1.0975e-17	3.2156e-18
23642.3627	1.0957e-17	3.1924e-18
23642.9627	1.0957e-17	3.1548e-18
23643.5627	1.0966e-17	3.1660e-18
23644.1627	1.0949e-17	3.2712e-18
23644.7626	1.0909e-17	3.3191e-18
23645.3626	1.0858e-17	3.3184e-18
23645.9626	1.0810e-17	3.3238e-18
23646.5626	1.0762e-17	3.3465e-18
23647.1626	1.0723e-17	3.4482e-18
23647.7625	1.0681e-17	3.4581e-18
23648.3625	1.0633e-17	3.4835e-18
23648.9625	1.0616e-17	3.4561e-18
23649.5625	1.0615e-17	3.4721e-18
23650.1624	1.0597e-17	3.5144e-18
23650.7624	1.0570e-17	3.5417e-18
23651.3624	1.0544e-17	3.5565e-18
23651.9624	1.0523e-17	3.5560e-18
23652.5624	1.0504e-17	3.5966e-18
23653.1623	1.0476e-17	3.6928e-18
23653.7623	1.0468e-17	3.8111e-18
23654.3623	1.0469e-17	3.8753e-18
23654.9623	1.0439e-17	3.8982e-18
23655.5622	1.0390e-17	3.8943e-18
23656.1622	1.0328e-17	3.8693e-18
23656.7622	1.0290e-17	3.8673e-18
23657.3622	1.0269e-17	3.8583e-18
23657.9621	1.0263e-17	3.7814e-18
23658.5621	1.0243e-17	3.7327e-18
23659.1621	1.0198e-17	3.6954e-18
23659.7621	1.0136e-17	3.6635e-18
23660.3621	1.0059e-17	3.6610e-18
23660.9620	9.9938e-18	3.6532e-18
23661.5620	9.9488e-18	3.6707e-18
23662.1620	9.8834e-18	3.7043e-18
23662.7620	9.8200e-18	3.6350e-18
23663.3619	9.7588e-18	3.5366e-18
23663.9619	9.6715e-18	3.4110e-18
23664.5619	9.5907e-18	3.4145e-18
23665.1619	9.5405e-18	3.4589e-18
23665.7619	9.4849e-18	3.4551e-18
23666.3618	9.4342e-18	3.4423e-18
23666.9718	9.3895e-18	3.4090e-18
23667.5718	9.3124e-18	3.3787e-18
23668.1718	9.2208e-18	3.3629e-18
23668.7717	9.1451e-18	3.3480e-18
23669.3717	9.0819e-18	3.3299e-18
23669.9717	9.0313e-18	3.3292e-18
23670.5717	8.9982e-18	3.3293e-18
23671.1717	8.9463e-18	3.3293e-18
23671.7716	8.8693e-18	3.3216e-18
23672.3716	8.7969e-18	3.3386e-18
23672.9716	8.7544e-18	3.3426e-18
23673.5716	8.7379e-18	3.2933e-18
23674.1715	8.7214e-18	3.2898e-18
23674.7715	8.6809e-18	3.2901e-18
23675.3715	8.6070e-18	3.2891e-18
23675.9715	8.5278e-18	3.2950e-18
23676.5715	8.4747e-18	3.2961e-18
23677.1714	8.4501e-18	3.3153e-18
23677.7714	8.4260e-18	3.3177e-18
23678.3714	8.3722e-18	3.3106e-18
23678.9714	8.2708e-18	3.3200e-18
23679.5713	8.1953e-18	3.2975e-18
23680.1713	8.1779e-18	3.2880e-18
23680.7713	8.1813e-18	3.2862e-18
23681.3713	8.1892e-18	3.2581e-18
23681.9713	8.2024e-18	3.1902e-18
23682.5712	8.2339e-18	3.2108e-18
23683.1712	8.2617e-18	3.2741e-18
23683.7712	8.2640e-18	3.3041e-18
23684.3712	8.2380e-18	3.3210e-18
23684.9711	8.2052e-18	3.3866e-18
23685.5711	8.1686e-18	3.4462e-18
23686.1711	8.1248e-18	3.4824e-18
23686.7711	8.1057e-18	3.4880e-18
23687.3711	8.0820e-18	3.4825e-18
23687.9710	8.0207e-18	3.4803e-18
23688.5710	7.9888e-18	3.4742e-18
23689.1710	7.9931e-18	3.4847e-18
23689.7710	7.9556e-18	3.4849e-18
23690.3709	7.8954e-18	3.4887e-18
23690.9709	7.8661e-18	3.4929e-18
23691.5709	7.8531e-18	3.4719e-18
23692.1709	7.8198e-18	3.3568e-18
23692.7709	7.7681e-18	3.3545e-18
23693.3708	7.7417e-18	3.3579e-18
23693.9708	7.7185e-18	3.3852e-18
23694.5708	7.6756e-18	3.4060e-18
23695.1708	7.6345e-18	3.3584e-18
23695.7707	7.6020e-18	3.3509e-18
23696.3707	7.5709e-18	3.3207e-18
23696.9707	7.5407e-18	3.3138e-18
23697.5707	7.5088e-18	3.3274e-18
23698.1707	7.4606e-18	3.3783e-18
23698.7706	7.3909e-18	3.3696e-18
23699.3706	7.3031e-18	3.3562e-18
23699.9706	7.2213e-18	3.4027e-18
23700.5706	7.1929e-18	3.4092e-18
23701.1705	7.1939e-18	3.3064e-18
23701.7705	7.1871e-18	3.1569e-18
23702.3705	7.1664e-18	3.0743e-18
23702.9705	7.1284e-18	3.0721e-18
23703.5705	7.0964e-18	3.0512e-18
23704.1704	7.0747e-18	3.0740e-18
23704.7704	7.0511e-18	3.1835e-18
23705.3704	7.0341e-18	3.2143e-18
23705.9704	7.0407e-18	3.2166e-18
23706.5703	7.0699e-18	3.2346e-18
23707.1703	7.0887e-18	3.2682e-18
23707.7703	7.1106e-18	3.2739e-18
23708.3703	7.1358e-18	3.2756e-18
23708.9703	7.1448e-18	3.2751e-18
23709.5702	7.1678e-18	3.2508e-18
23710.1702	7.2248e-18	3.1876e-18
23710.7702	7.2921e-18	3.1405e-18
23711.3702	7.3349e-18	3.1496e-18
23711.9701	7.3294e-18	3.1793e-18
23712.5801	7.3261e-18	3.1605e-18
23713.1801	7.3206e-18	3.1052e-18
23713.7801	7.3305e-18	3.0988e-18
23714.3801	7.3472e-18	3.0849e-18
23714.9800	7.3659e-18	3.1141e-18
23715.5800	7.3847e-18	3.1148e-18
23716.1800	7.3960e-18	3.1173e-18
23716.7800	7.4114e-18	3.1846e-18
23717.3799	7.4298e-18	3.3430e-18
23717.9799	7.4352e-18	3.3907e-18
23718.5799	7.4622e-18	3.3891e-18
23719.1799	7.4981e-18	3.3880e-18
23719.7799	7.5176e-18	3.3884e-18
23720.3798	7.5441e-18	3.3774e-18
23720.9798	7.5963e-18	3.3613e-18
23721.5798	7.6419e-18	3.3580e-18
23722.1798	7.6443e-18	3.3699e-18
23722.7797	7.6679e-18	3.3624e-18
23723.3797	7.7466e-18	3.3729e-18
23723.9797	7.8222e-18	3.3679e-18
23724.5797	7.8588e-18	3.3676e-18
23725.1797	7.9059e-18	3.3485e-18
23725.7796	7.9568e-18	3.3358e-18
23726.3796	7.9845e-18	3.3387e-18
23726.9796	8.0013e-18	3.3159e-18
23727.5796	8.0204e-18	3.3411e-18
23728.1795	8.0638e-18	3.4065e-18
23728.7795	8.1112e-18	3.4040e-18
23729.3795	8.1369e-18	3.4007e-18
23729.9795	8.1415e-18	3.4002e-18
23730.5795	8.1005e-18	3.3779e-18
23731.1794	8.0447e-18	3.3204e-18
23731.7794	8.0189e-18	3.3449e-18
23732.3794	8.0024e-18	3.3565e-18
23732.9794	7.9837e-18	3.2753e-18
23733.5793	8.0055e-18	3.1866e-18
23734.1793	8.0815e-18	3.1436e-18
23734.7793	8.1544e-18	3.1355e-18
23735.3793	8.1957e-18	3.1356e-18
23735.9793	8.1838e-18	3.1354e-18
23736.5792	8.1509e-18	3.1364e-18
23737.1792	8.1210e-18	3.1267e-18
23737.7792	8.1414e-18	3.1405e-18
23738.3792	8.1739e-18	3.1651e-18
23738.9791	8.1721e-18	3.1568e-18
23739.5791	8.2043e-18	3.1679e-18
23740.1791	8.2538e-18	3.1776e-18
23740.7791	8.2661e-18	3.0951e-18
23741.3791	8.2815e-18	3.1755e-18
23741.9790	8.3287e-18	3.2856e-18
23742.5790	8.3838e-18	3.2710e-18
23743.1790	8.4367e-18	3.2381e-18
23743.7790	8.4930e-18	3.2287e-18
23744.3789	8.5520e-18	3.2274e-18
23744.9789	8.5833e-18	3.2285e-18
23745.5789	8.5845e-18	3.2349e-18
23746.1789	8.5896e-18	3.2040e-18
23746.7789	8.5880e-18	3.1944e-18
23747.3788	8.5743e-18	3.2191e-18
23747.9788	8.5895e-18	3.2261e-18
23748.5788	8.6255e-18	3.1761e-18
23749.1788	8.6618e-18	3.2493e-18
23749.7787	8.6793e-18	3.3099e-18
23750.3787	8.6915e-18	3.2978e-18
23750.9787	8.7412e-18	3.2749e-18
23751.5787	8.7839e-18	3.2779e-18
23752.1787	8.8177e-18	3.2619e-18
23752.7786	8.8871e-18	3.2114e-18
23753.3786	8.9640e-18	3.2151e-18
23753.9786	9.0183e-18	3.2108e-18
23754.5786	9.0708e-18	3.2549e-18
23755.1785	9.1356e-18	3.3099e-18
23755.7785	9.1829e-18	3.3774e-18
23756.3785	9.2167e-18	3.4613e-18
23756.9785	9.2668e-18	3.5157e-18
23757.5785	9.2973e-18	3.5132e-18
23758.1884	9.2895e-18	3.5064e-18
23758.7884	9.3129e-18	3.5040e-18
23759.3884	9.3874e-18	3.4895e-18
23759.9884	9.4307e-18	3.4697e-18
23760.5883	9.4155e-18	3.4777e-18
23761.1883	9.4248e-18	3.4474e-18
23761.7883	9.4437e-18	3.4234e-18
23762.3883	9.4767e-18	3.4347e-18
23762.9883	9.5200e-18	3.4561e-18
23763.5882	9.5392e-18	3.4554e-18
23764.1882	9.5613e-18	3.4909e-18
23764.7882	9.5755e-18	3.4442e-18
23765.3882	9.5610e-18	3.3533e-18
23765.9881	9.5519e-18	3.3333e-18
23766.5881	9.5652e-18	3.3333e-18
23767.1881	9.5912e-18	3.3346e-18
23767.7881	9.6420e-18	3.3361e-18
23768.3881	9.7211e-18	3.3340e-18
23768.9880	9.7733e-18	3.3339e-18
23769.5880	9.7613e-18	3.3211e-18
23770.1880	9.7446e-18	3.2948e-18
23770.7880	9.7887e-18	3.3063e-18
23771.3879	9.8705e-18	3.2945e-18
23771.9879	9.9404e-18	3.3396e-18
23772.5879	9.9707e-18	3.4166e-18
23773.1879	9.9616e-18	3.5139e-18
23773.7879	9.9309e-18	3.5771e-18
23774.3878	9.8852e-18	3.5814e-18
23774.9878	9.8376e-18	3.5815e-18
23775.5878	9.8152e-18	3.5540e-18
23776.1878	9.8174e-18	3.4833e-18
23776.7877	9.8223e-18	3.4907e-18
23777.3877	9.8197e-18	3.5010e-18
23777.9877	9.8310e-18	3.5016e-18
23778.5877	9.8630e-18	3.5016e-18
23779.1877	9.8745e-18	3.4843e-18
23779.7876	9.8748e-18	3.4109e-18
23780.3876	9.9057e-18	3.3708e-18
23780.9876	9.9400e-18	3.3659e-18
23781.5876	9.9448e-18	3.3653e-18
23782.1876	9.9523e-18	3.3528e-18
23782.7875	9.9408e-18	3.3523e-18
23783.3875	9.9226e-18	3.3633e-18
23783.9875	9.9142e-18	3.3700e-18
23784.5875	9.9110e-18	3.3677e-18
23785.1874	9.9219e-18	3.3509e-18
23785.7874	9.9229e-18	3.3853e-18
23786.3874	9.9214e-18	3.3858e-18
23786.9874	9.9100e-18	3.3836e-18
23787.5874	9.8831e-18	3.3805e-18
23788.1873	9.8629e-18	3.3870e-18
23788.7873	9.8388e-18	3.3844e-18
23789.3873	9.8345e-18	3.3256e-18
23789.9873	9.8213e-18	3.2285e-18
23790.5872	9.7841e-18	3.2164e-18
23791.1872	9.7452e-18	3.2151e-18
23791.7872	9.7520e-18	3.2454e-18
23792.3872	9.7482e-18	3.2460e-18
23792.9872	9.7375e-18	3.2784e-18
23793.5871	9.7236e-18	3.2476e-18
23794.1871	9.7119e-18	3.1838e-18
23794.7871	9.7060e-18	3.1661e-18
23795.3871	9.7235e-18	3.1581e-18
23795.9870	9.7266e-18	3.1034e-18
23796.5870	9.6916e-18	3.1138e-18
23797.1870	9.6619e-18	3.1802e-18
23797.7870	9.6276e-18	3.2499e-18
23798.3870	9.6143e-18	3.2578e-18
23798.9869	9.6200e-18	3.2577e-18
23799.5869	9.6036e-18	3.2785e-18
23800.1869	9.5698e-18	3.2811e-18
23800.7869	9.5226e-18	3.2317e-18
23801.3868	9.4816e-18	3.1854e-18
23801.9868	9.4717e-18	3.1977e-18
23802.5868	9.4441e-18	3.1548e-18
23803.1868	9.4169e-18	3.1115e-18
23803.7968	9.4339e-18	3.1214e-18
23804.3967	9.4968e-18	3.2028e-18
23804.9967	9.5506e-18	3.2792e-18
23805.5967	9.5882e-18	3.3149e-18
23806.1967	9.6414e-18	3.3458e-18
23806.7966	9.6702e-18	3.3862e-18
23807.3966	9.6985e-18	3.3859e-18
23807.9966	9.7060e-18	3.4288e-18
23808.5966	9.6802e-18	3.4654e-18
23809.1966	9.6531e-18	3.5105e-18
23809.7965	9.6076e-18	3.5059e-18
23810.3965	9.5496e-18	3.4975e-18
23810.9965	9.5070e-18	3.4516e-18
23811.5965	9.5150e-18	3.4698e-18
23812.1965	9.5457e-18	3.4308e-18
23812.7964	9.4959e-18	3.5182e-18
23813.3964	9.4635e-18	3.4776e-18
23813.9964	9.5261e-18	3.4552e-18
23814.5964	9.5931e-18	3.5250e-18
23815.1963	9.5850e-18	3.5662e-18
23815.7963	9.5237e-18	3.5634e-18
23816.3963	9.5066e-18	3.5634e-18
23816.9963	9.5286e-18	3.5609e-18
23817.5963	9.5573e-18	3.6327e-18
23818.1962	9.5631e-18	3.6825e-18
23818.7962	9.5310e-18	3.6675e-18
23819.3962	9.4891e-18	3.6825e-18
23819.9962	9.4756e-18	3.6504e-18
23820.5961	9.4840e-18	3.5906e-18
23821.1961	9.5107e-18	3.5151e-18
23821.7961	9.5622e-18	3.4772e-18
23822.3961	9.5950e-18	3.4713e-18
23822.9961	9.5971e-18	3.4728e-18
23823.5960	9.6137e-18	3.4779e-18
23824.1960	9.6419e-18	3.4996e-18
23824.7960	9.6598e-18	3.4885e-18
23825.3960	9.6602e-18	3.4736e-18
23825.9959	9.6337e-18	3.4769e-18
23826.5959	9.6099e-18	3.4959e-18
23827.1959	9.6075e-18	3.5549e-18
23827.7959	9.6052e-18	3.5675e-18
23828.3959	9.5955e-18	3.5617e-18
23828.9958	9.5879e-18	3.5610e-18
23829.5958	9.5692e-18	3.5655e-18
23830.1958	9.5454e-18	3.5741e-18
23830.7958	9.5464e-18	3.6118e-18
23831.3957	9.5547e-18	3.6035e-18
23831.9957	9.5512e-18	3.6814e-18
23832.5957	9.5418e-18	3.7020e-18
23833.1957	9.5223e-18	3.7415e-18
23833.7957	9.5055e-18	3.7038e-18
23834.3956	9.4910e-18	3.7451e-18
23834.9956	9.4792e-18	3.7589e-18
23835.5956	9.4508e-18	3.7524e-18
23836.1956	9.4149e-18	3.7573e-18
23836.7956	9.4392e-18	3.7940e-18
23837.3955	9.4872e-18	3.7974e-18
23837.9955	9.4813e-18	3.8028e-18
23838.5955	9.4358e-18	3.8057e-18
23839.1955	9.4005e-18	3.8063e-18
23839.7954	9.3941e-18	3.7727e-18
23840.3954	9.4096e-18	3.7705e-18
23840.9954	9.4205e-18	3.7490e-18
23841.5954	9.4159e-18	3.7440e-18
23842.1954	9.4418e-18	3.7538e-18
23842.7953	9.4227e-18	3.7559e-18
23843.3953	9.4337e-18	3.7498e-18
23843.9953	9.4678e-18	3.7925e-18
23844.5953	9.4777e-18	3.7830e-18
23845.1952	9.4759e-18	3.6959e-18
23845.7952	9.4850e-18	3.5898e-18
23846.3952	9.4874e-18	3.5796e-18
23846.9952	9.4880e-18	3.6098e-18
23847.5952	9.4900e-18	3.6183e-18
23848.1951	9.4938e-18	3.6590e-18
23848.7951	9.4984e-18	3.6873e-18
23849.3951	9.5094e-18	3.6855e-18
23850.0051	9.5113e-18	3.6633e-18
23850.6050	9.5323e-18	3.6587e-18
23851.2050	9.5576e-18	3.6557e-18
23851.8050	9.5439e-18	3.6172e-18
23852.4050	9.5183e-18	3.4927e-18
23853.0050	9.4837e-18	3.3945e-18
23853.6049	9.4748e-18	3.3791e-18
23854.2049	9.4852e-18	3.3615e-18
23854.8049	9.4946e-18	3.3560e-18
23855.4049	9.5200e-18	3.3611e-18
23856.0049	9.5100e-18	3.3248e-18
23856.6048	9.4793e-18	3.2732e-18
23857.2048	9.4751e-18	3.2189e-18
23857.8048	9.4766e-18	3.2261e-18
23858.4048	9.4852e-18	3.2298e-18
23859.0047	9.5068e-18	3.2307e-18
23859.6047	9.5278e-18	3.2304e-18
23860.2047	9.5554e-18	3.3293e-18
23860.8047	9.5909e-18	3.2707e-18
23861.4047	9.6274e-18	3.2681e-18
23862.0046	9.6554e-18	3.2699e-18
23862.6046	9.6839e-18	3.1933e-18
23863.2046	9.6782e-18	3.1493e-18
23863.8046	9.6319e-18	3.1560e-18
23864.4045	9.5949e-18	3.1734e-18
23865.0045	9.5853e-18	3.1963e-18
23865.6045	9.5665e-18	3.1525e-18
23866.2045	9.5362e-18	3.1309e-18
23866.8045	9.5829e-18	3.1474e-18
23867.4044	9.6497e-18	3.1244e-18
23868.0044	9.6840e-18	3.1244e-18
23868.6044	9.6704e-18	3.1240e-18
23869.2044	9.6548e-18	3.1615e-18
23869.8043	9.6897e-18	3.1576e-18
23870.4043	9.7510e-18	3.1780e-18
23871.0043	9.7917e-18	3.1872e-18
23871.6043	9.8057e-18	3.1889e-18
23872.2043	9.8053e-18	3.1624e-18
23872.8042	9.8187e-18	3.1709e-18
23873.4042	9.8758e-18	3.1715e-18
23874.0042	9.9355e-18	3.2245e-18
23874.6042	9.9622e-18	3.2820e-18
23875.2042	9.9369e-18	3.2297e-18
23875.8041	9.9022e-18	3.2151e-18
23876.4041	9.8757e-18	3.2474e-18
23877.0041	9.8566e-18	3.2691e-18
23877.6041	9.8732e-18	3.2677e-18
23878.2040	9.8896e-18	3.3543e-18
23878.8040	9.8985e-18	3.4231e-18
23879.4040	9.9203e-18	3.4905e-18
23880.0040	9.9268e-18	3.4673e-18
23880.6040	9.9339e-18	3.4433e-18
23881.2039	9.9482e-18	3.4041e-18
23881.8039	9.9540e-18	3.3965e-18
23882.4039	9.9581e-18	3.3339e-18
23883.0039	9.9605e-18	3.3558e-18
23883.6038	9.9682e-18	3.4402e-18
23884.2038	1.0005e-17	3.4919e-18
23884.8038	1.0040e-17	3.5019e-18
23885.4038	1.0060e-17	3.4973e-18
23886.0038	1.0085e-17	3.4969e-18
23886.6037	1.0069e-17	3.5811e-18
23887.2037	1.0021e-17	3.6602e-18
23887.8037	9.9988e-18	3.6728e-18
23888.4037	9.9863e-18	3.7611e-18
23889.0037	9.9960e-18	3.7609e-18
23889.6036	1.0001e-17	3.8498e-18
23890.2036	9.9745e-18	3.8320e-18
23890.8036	9.9637e-18	3.8805e-18
23891.4036	9.9673e-18	3.8996e-18
23892.0035	9.9789e-18	3.8637e-18
23892.6035	9.9878e-18	3.8672e-18
23893.2035	9.9859e-18	3.8223e-18
23893.8035	1.0001e-17	3.7979e-18
23894.4035	1.0033e-17	3.7920e-18
23895.0034	1.0064e-17	3.7403e-18
23895.6134	1.0089e-17	3.7098e-18
23896.2134	1.0112e-17	3.6791e-18
23896.8134	1.0139e-17	3.6405e-18
23897.4133	1.0160e-17	3.6341e-18
23898.0133	1.0193e-17	3.6348e-18
23898.6133	1.0221e-17	3.6358e-18
23899.2133	1.0215e-17	3.6267e-18
23899.8133	1.0243e-17	3.6156e-18
23900.4132	1.0276e-17	3.6158e-18
23901.0132	1.0278e-17	3.5955e-18
23901.6132	1.0262e-17	3.5730e-18
23902.2132	1.0292e-17	3.5803e-18
23902.8132	1.0340e-17	3.5584e-18
23903.4131	1.0371e-17	3.5546e-18
23904.0131	1.0378e-17	3.5597e-18
23904.6131	1.0363e-17	3.5660e-18
23905.2131	1.0346e-17	3.5670e-18
23905.8130	1.0350e-17	3.5615e-18
23906.4130	1.0372e-17	3.5633e-18
23907.0130	1.0417e-17	3.5638e-18
23907.6130	1.0461e-17	3.5558e-18
23908.2130	1.0490e-17	3.5523e-18
23908.8129	1.0537e-17	3.6169e-18
23909.4129	1.0595e-17	3.6726e-18
23910.0129	1.0640e-17	3.7060e-18
23910.6129	1.0679e-17	3.7048e-18
23911.2128	1.0691e-17	3.7259e-18
23911.8128	1.0691e-17	3.7294e-18
23912.4128	1.0709e-17	3.7164e-18
23913.0128	1.0763e-17	3.7006e-18
23913.6128	1.0823e-17	3.6753e-18
23914.2127	1.0846e-17	3.6376e-18
23914.8127	1.0841e-17	3.6220e-18
23915.4127	1.0856e-17	3.6324e-18
23916.0127	1.0882e-17	3.6392e-18
23916.6127	1.0892e-17	3.7183e-18
23917.2126	1.0909e-17	3.6861e-18
23917.8126	1.0907e-17	3.6780e-18
23918.4126	1.0869e-17	3.6831e-18
23919.0126	1.0854e-17	3.6813e-18
23919.6125	1.0865e-17	3.6782e-18
23920.2125	1.0843e-17	3.6848e-18
23920.8125	1.0834e-17	3.6731e-18
23921.4125	1.0859e-17	3.6704e-18
23922.0125	1.0867e-17	3.6330e-18
23922.6124	1.0844e-17	3.5863e-18
23923.2124	1.0805e-17	3.6571e-18
23923.8124	1.0786e-17	3.6589e-18
23924.4124	1.0812e-17	3.6346e-18
23925.0123	1.0849e-17	3.6283e-18
23925.6123	1.0890e-17	3.6302e-18
23926.2123	1.0924e-17	3.5429e-18
23926.8123	1.0949e-17	3.4277e-18
23927.4123	1.0965e-17	3.3818e-18
23928.0122	1.0978e-17	3.3536e-18
23928.6122	1.0998e-17	3.3616e-18
23929.2122	1.0988e-17	3.3750e-18
23929.8122	1.0955e-17	3.3731e-18
23930.4122	1.0917e-17	3.3790e-18
23931.0121	1.0880e-17	3.3491e-18
23931.6121	1.0853e-17	3.2937e-18
23932.2121	1.0848e-17	3.2960e-18
23932.8121	1.0837e-17	3.2628e-18
23933.4120	1.0862e-17	3.2692e-18
23934.0120	1.0924e-17	3.3219e-18
23934.6120	1.0959e-17	3.2899e-18
23935.2120	1.0969e-17	3.2869e-18
23935.8120	1.0991e-17	3.3559e-18
23936.4119	1.1030e-17	3.2811e-18
23937.0119	1.1060e-17	3.3639e-18
23937.6119	1.1084e-17	3.4385e-18
23938.2119	1.1087e-17	3.5423e-18
23938.8119	1.1033e-17	3.5191e-18
23939.4118	1.0971e-17	3.5270e-18
23940.0118	1.0973e-17	3.6339e-18
23940.6118	1.0978e-17	3.6325e-18
23941.2218	1.0955e-17	3.6525e-18
23941.8217	1.0913e-17	3.6498e-18
23942.4217	1.0917e-17	3.6534e-18
23943.0217	1.0937e-17	3.6533e-18
23943.6217	1.0922e-17	3.6426e-18
23944.2217	1.0876e-17	3.6247e-18
23944.8216	1.0869e-17	3.6281e-18
23945.4216	1.0890e-17	3.6382e-18
23946.0216	1.0890e-17	3.6375e-18
23946.6216	1.0924e-17	3.6455e-18
23947.2215	1.0972e-17	3.7148e-18
23947.8215	1.0950e-17	3.7240e-18
23948.4215	1.0886e-17	3.7400e-18
23949.0215	1.0831e-17	3.8578e-18
23949.6215	1.0784e-17	3.8895e-18
23950.2214	1.0754e-17	3.8828e-18
23950.8214	1.0714e-17	3.8793e-18
23951.4214	1.0654e-17	3.9412e-18
23952.0214	1.0593e-17	3.9868e-18
23952.6214	1.0568e-17	3.9888e-18
23953.2213	1.0581e-17	3.9949e-18
23953.8213	1.0573e-17	3.9958e-18
23954.4213	1.0545e-17	3.9944e-18
23955.0213	1.0531e-17	3.9935e-18
23955.6212	1.0536e-17	3.9914e-18
23956.2212	1.0553e-17	3.9266e-18
23956.8212	1.0564e-17	3.8673e-18
23957.4212	1.0541e-17	3.8143e-18
23958.0212	1.0507e-17	3.9315e-18
23958.6211	1.0488e-17	3.9560e-18
23959.2211	1.0468e-17	3.9388e-18
23959.8211	1.0462e-17	3.9462e-18
23960.4211	1.0458e-17	3.9462e-18
23961.0211	1.0454e-17	3.9849e-18
23961.6210	1.0449e-17	4.0174e-18
23962.2210	1.0450e-17	4.0245e-18
23962.8210	1.0435e-17	4.0261e-18
23965.8209	1.0407e-17	4.0121e-18
23966.4209	1.0384e-17	4.0285e-18
23967.0208	1.0380e-17	3.9421e-18
23967.6208	1.0392e-17	3.9143e-18
23968.2208	1.0379e-17	3.9326e-18
23968.8208	1.0330e-17	3.9244e-18
23969.4208	1.0285e-17	3.9620e-18
23970.0207	1.0275e-17	3.9937e-18
23970.6207	1.0293e-17	4.0015e-18
23971.2207	1.0308e-17	4.0129e-18
23971.8207	1.0315e-17	4.0124e-18
23972.4206	1.0318e-17	4.0051e-18
23973.0206	1.0305e-17	4.0019e-18
23973.6206	1.0279e-17	3.9428e-18
23974.2206	1.0251e-17	3.9435e-18
23974.8206	1.0244e-17	3.9476e-18
23975.4205	1.0238e-17	4.0029e-18
23976.0205	1.0218e-17	3.9981e-18
23976.6205	1.0217e-17	3.9920e-18
23977.2205	1.0223e-17	4.0224e-18
23977.8204	1.0196e-17	4.0501e-18
23978.4204	1.0155e-17	4.0204e-18
23979.0204	1.0159e-17	4.0331e-18
23979.6204	1.0166e-17	4.0193e-18
23980.2204	1.0148e-17	4.0283e-18
23980.8203	1.0133e-17	4.0434e-18
23981.4203	1.0115e-17	4.0895e-18
23982.0203	1.0085e-17	4.0843e-18
23982.6203	1.0082e-17	4.0238e-18
23983.2203	1.0083e-17	4.0003e-18
23983.8202	1.0060e-17	3.9907e-18
23984.4202	1.0048e-17	3.9297e-18
23985.0202	1.0048e-17	3.8484e-18
23985.6202	1.0033e-17	3.7351e-18
23986.2201	1.0033e-17	3.6476e-18
23986.8301	1.0005e-17	3.6633e-18
23987.4301	9.9795e-18	3.6120e-18
23988.0301	1.0007e-17	3.4758e-18
23988.6301	1.0027e-17	3.4015e-18
23989.2300	9.9955e-18	3.3849e-18
23989.8300	9.9733e-18	3.4018e-18
23990.4300	9.9761e-18	3.3175e-18
23991.0300	9.9794e-18	3.3286e-18
23991.6300	9.9758e-18	3.3174e-18
23992.2299	9.9872e-18	3.3180e-18
23992.8299	9.9823e-18	3.3168e-18
23993.4299	9.9698e-18	3.3185e-18
23994.0299	9.9713e-18	3.3049e-18
23994.6298	9.9887e-18	3.2952e-18
23995.2298	1.0037e-17	3.3186e-18
23995.8298	1.0082e-17	3.3335e-18
23996.4298	1.0087e-17	3.3356e-18
23997.0298	1.0108e-17	3.3374e-18
23997.6297	1.0153e-17	3.3238e-18
23998.2297	1.0155e-17	3.3205e-18
23998.8297	1.0147e-17	3.3105e-18
23999.4297	1.0129e-17	3.1890e-18
24000.0297	1.0139e-17	3.1384e-18
24000.6296	1.0162e-17	3.1490e-18
24001.2296	1.0167e-17	3.1624e-18
24001.8296	1.0146e-17	3.0819e-18
24002.4296	1.0116e-17	3.0044e-18
24003.0295	1.0087e-17	2.9920e-18
24003.6295	1.0036e-17	2.9829e-18
24004.2295	9.9981e-18	2.9988e-18
24004.8295	9.9633e-18	3.0030e-18
24005.4295	9.9043e-18	3.0205e-18
24006.0294	9.8799e-18	3.0155e-18
24006.6294	9.8870e-18	3.0168e-18
24007.2294	9.9117e-18	3.0260e-18
24007.8294	9.9455e-18	3.0820e-18
24008.4294	9.9986e-18	2.8397e-18
24009.0293	1.0017e-17	2.7949e-18
24009.6293	1.0010e-17	2.8575e-18
24010.2293	1.0079e-17	2.8870e-18
24010.8293	1.0131e-17	2.9577e-18
24011.4292	1.0129e-17	2.9442e-18
24012.0292	1.0105e-17	2.9040e-18
24012.6292	1.0092e-17	2.9116e-18
24013.2292	1.0139e-17	2.9950e-18
24013.8292	1.0162e-17	3.0814e-18
24014.4291	1.0163e-17	3.1034e-18
24015.0291	1.0165e-17	3.1002e-18
24015.6291	1.0137e-17	3.0941e-18
24016.2291	1.0140e-17	3.0562e-18
24016.8291	1.0177e-17	3.0552e-18
24017.4290	1.0188e-17	3.0105e-18
24018.0290	1.0179e-17	2.9903e-18
24018.6290	1.0148e-17	2.9685e-18
24019.2290	1.0092e-17	2.9577e-18
24019.8289	1.0034e-17	2.9599e-18
24020.4289	1.0032e-17	3.0154e-18
24021.0289	1.0022e-17	3.0137e-18
24021.6289	9.9919e-18	3.0177e-18
24022.2289	9.9637e-18	3.0311e-18
24022.8288	9.9376e-18	3.1635e-18
24023.4288	9.9267e-18	3.2396e-18
24024.0288	9.8979e-18	3.2469e-18
24024.6288	9.8568e-18	3.2529e-18
24025.2288	9.8182e-18	3.2382e-18
24025.8287	9.7675e-18	3.2220e-18
24026.4287	9.7271e-18	3.2295e-18
24027.0287	9.7362e-18	3.2199e-18
24027.6287	9.7493e-18	3.2731e-18
24028.2286	9.7339e-18	3.2782e-18
24028.8286	9.7057e-18	3.2417e-18
24029.4286	9.6872e-18	3.1868e-18
24030.0286	9.6657e-18	3.1916e-18
24030.6286	9.6349e-18	3.1900e-18
24031.2285	9.6221e-18	3.1865e-18
24031.8285	9.6117e-18	3.2036e-18
24032.4385	9.6076e-18	3.2030e-18
24033.0385	9.6249e-18	3.2203e-18
24033.6385	9.6533e-18	3.2213e-18
24034.2384	9.6714e-18	3.2212e-18
24034.8384	9.6411e-18	3.2194e-18
24035.4384	9.5867e-18	3.2417e-18
24036.0384	9.5676e-18	3.2312e-18
24036.6383	9.5841e-18	3.2304e-18
24037.2383	9.5858e-18	3.2427e-18
24037.8383	9.5586e-18	3.2268e-18
24038.4383	9.5099e-18	3.2237e-18
24040.2382	9.4536e-18	3.2033e-18
24040.8382	9.4005e-18	3.1787e-18
24041.4382	9.4428e-18	3.1825e-18
24042.0382	9.4735e-18	3.1851e-18
24042.6381	9.4609e-18	3.1781e-18
24043.2381	9.4511e-18	3.1624e-18
24043.8381	9.4456e-18	3.1503e-18
24044.4381	9.4363e-18	3.1387e-18
24045.0380	9.4554e-18	3.1282e-18
24045.6380	9.4812e-18	3.1239e-18
24046.2380	9.4767e-18	3.1181e-18
24046.8380	9.4606e-18	3.0579e-18
24047.4380	9.4285e-18	3.0522e-18
24048.0379	9.3823e-18	3.0464e-18
24048.6379	9.3799e-18	3.0357e-18
24049.2379	9.3859e-18	3.0413e-18
24049.8379	9.3610e-18	3.0372e-18
24050.4379	9.3263e-18	3.0389e-18
24051.0378	9.2939e-18	3.0514e-18
24051.6378	9.2777e-18	3.0602e-18
24052.2378	9.2559e-18	3.0785e-18
24052.8378	9.2413e-18	3.0925e-18
24053.4378	9.2374e-18	3.0896e-18
24054.0377	9.1979e-18	3.0950e-18
24054.6377	9.1864e-18	3.0957e-18
24055.2377	9.1891e-18	3.1527e-18
24055.8377	9.1804e-18	3.1830e-18
24056.4376	9.1545e-18	3.1606e-18
24057.0376	9.1188e-18	3.1540e-18
24057.6376	9.0955e-18	3.1677e-18
24058.2376	9.0812e-18	3.1652e-18
24058.8376	9.0463e-18	3.1226e-18
24059.4375	9.0045e-18	3.0786e-18
24060.0375	8.9529e-18	3.0184e-18
24060.6375	8.9038e-18	3.0093e-18
24061.2375	8.8702e-18	3.0219e-18
24061.8375	8.9006e-18	3.0412e-18
24062.4374	8.9333e-18	2.9868e-18
24063.0374	8.9255e-18	2.8909e-18
24063.6374	8.9009e-18	2.8507e-18
24064.2374	8.8864e-18	2.8780e-18
24064.8373	8.9015e-18	2.8759e-18
24065.4373	8.8601e-18	2.8658e-18
24066.0373	8.8114e-18	2.8624e-18
24066.6373	8.8009e-18	2.8731e-18
24067.2373	8.7887e-18	2.8671e-18
24067.8372	8.7538e-18	2.8963e-18
24068.4372	8.7016e-18	2.8863e-18
24069.0372	8.6614e-18	2.9049e-18
24069.6372	8.6567e-18	2.8559e-18
24070.2372	8.6563e-18	2.9352e-18
24070.8371	8.6194e-18	3.0281e-18
24071.4371	8.5609e-18	3.0488e-18
24072.0371	8.4749e-18	2.9659e-18
24072.6371	8.4171e-18	2.8059e-18
24073.2370	8.4358e-18	2.8306e-18
24073.8370	8.4899e-18	2.8475e-18
24074.4370	8.4951e-18	2.8565e-18
24075.0370	8.4895e-18	2.8327e-18
24075.6370	8.4967e-18	2.8281e-18
24076.2369	8.4678e-18	2.8264e-18
24076.8369	8.4199e-18	2.7976e-18
24077.4369	8.3795e-18	2.7998e-18
24078.0469	8.3846e-18	2.8111e-18
24078.6469	8.3711e-18	2.8060e-18
24079.2468	8.3452e-18	2.8088e-18
24079.8468	8.3356e-18	2.8111e-18
24080.4468	8.3351e-18	2.9149e-18
24081.0468	8.3603e-18	2.9563e-18
24081.6467	8.3992e-18	2.9570e-18
24082.2467	8.4254e-18	2.9333e-18
24082.8467	8.4062e-18	2.9237e-18
24083.4467	8.3781e-18	2.9344e-18
24084.0467	8.3890e-18	2.9310e-18
24084.6466	8.3782e-18	2.9145e-18
24085.2466	8.3181e-18	2.9257e-18
24085.8466	8.3096e-18	2.9013e-18
24086.4466	8.3306e-18	2.8824e-18
24087.0466	8.3245e-18	2.8795e-18
24087.6465	8.3060e-18	2.8599e-18
24088.2465	8.2819e-18	2.8432e-18
24088.8465	8.3112e-18	2.8659e-18
24089.4465	8.3631e-18	2.9532e-18
24090.0465	8.3841e-18	3.0193e-18
24090.6464	8.3807e-18	3.0319e-18
24091.2464	8.3730e-18	3.0264e-18
24091.8464	8.3981e-18	3.1618e-18
24092.4464	8.4416e-18	3.2398e-18
24093.0463	8.4559e-18	3.2431e-18
24093.6463	8.4473e-18	3.2392e-18
24094.2463	8.4133e-18	3.2480e-18
24094.8463	8.4176e-18	3.2628e-18
24095.4463	8.4084e-18	3.2835e-18
24096.0462	8.3771e-18	3.2907e-18
24096.6462	8.3819e-18	3.2994e-18
24097.2462	8.4234e-18	3.3080e-18
24097.8462	8.4803e-18	3.3076e-18
24098.4462	8.4619e-18	3.3285e-18
24099.0461	8.4593e-18	3.3265e-18
24099.6461	8.4929e-18	3.3286e-18
24100.2461	8.5253e-18	3.3191e-18
24100.8461	8.5340e-18	3.3133e-18
24101.4461	8.5248e-18	3.3021e-18
24102.0460	8.5209e-18	3.3347e-18
24102.6460	8.5477e-18	3.3557e-18
24103.2460	8.5901e-18	3.3095e-18
24103.8460	8.6427e-18	3.2849e-18
24105.0459	8.6977e-18	3.2773e-18
24105.6459	8.7209e-18	3.2236e-18
24106.2459	8.7540e-18	3.2093e-18
24106.8459	8.7919e-18	3.2087e-18
24107.4458	8.8196e-18	3.2398e-18
24108.0458	8.8372e-18	3.2800e-18
24108.6458	8.8556e-18	3.2796e-18
24109.2458	8.8609e-18	3.2732e-18
24109.8458	8.8483e-18	3.3319e-18
24110.4457	8.8796e-18	3.3073e-18
24111.0457	8.9367e-18	3.2985e-18
24111.6457	8.9821e-18	3.2997e-18
24112.2457	9.0368e-18	3.3080e-18
24112.8456	9.0305e-18	3.2754e-18
24113.4456	9.0128e-18	3.2685e-18
24114.0456	9.0396e-18	3.3009e-18
24114.6456	9.0675e-18	3.4889e-18
24115.8455	9.0783e-18	3.5326e-18
24116.4455	9.0800e-18	3.5338e-18
24117.0455	9.0971e-18	3.5247e-18
24117.6455	9.1547e-18	3.5331e-18
24118.2455	9.2299e-18	3.5209e-18
24118.8454	9.2279e-18	3.5223e-18
24119.4454	9.2092e-18	3.4703e-18
24120.0454	9.2521e-18	3.4069e-18
24120.6454	9.2595e-18	3.4134e-18
24121.2454	9.2306e-18	3.3583e-18
24121.8453	9.2219e-18	3.3518e-18
24122.4453	9.2487e-18	3.3167e-18
24123.0453	9.2653e-18	3.2923e-18
24123.6553	9.2530e-18	3.2702e-18
24124.2552	9.2383e-18	3.2852e-18
24124.8552	9.2496e-18	3.2846e-18
24125.4552	9.2706e-18	3.3513e-18
24126.0552	9.2905e-18	3.4177e-18
24126.6552	9.3162e-18	3.4120e-18
24127.2551	9.3663e-18	3.4044e-18
24127.8551	9.4442e-18	3.4222e-18
24128.4551	9.5086e-18	3.4191e-18
24129.0551	9.5652e-18	3.4128e-18
24129.6551	9.6321e-18	3.3047e-18
24130.2550	9.6809e-18	3.2426e-18
24130.8550	9.7226e-18	3.2277e-18
24131.4550	9.7420e-18	3.2145e-18
24132.0550	9.7534e-18	3.2164e-18
24132.6550	9.7517e-18	3.2143e-18
24133.2549	9.7510e-18	3.2266e-18
24133.8549	9.7794e-18	3.2454e-18
24134.4549	9.7623e-18	3.2444e-18
24135.0549	9.7715e-18	3.2754e-18
24135.6548	9.8178e-18	3.3126e-18
24136.2548	9.8478e-18	3.3227e-18
24136.8548	9.8788e-18	3.3897e-18
24137.4548	9.8842e-18	3.4011e-18
24138.0548	9.8791e-18	3.3973e-18
24138.6547	9.9055e-18	3.3465e-18
24140.4547	9.9305e-18	3.3013e-18
24141.0547	9.8955e-18	3.2715e-18
24141.6546	9.8998e-18	3.2809e-18
24142.2546	9.9303e-18	3.1745e-18
24142.8546	9.9512e-18	3.1173e-18
24143.4546	9.9108e-18	3.1132e-18
24144.0546	9.8497e-18	3.1068e-18
24144.6545	9.8407e-18	3.1014e-18
24145.2545	9.8875e-18	3.0824e-18
24145.8545	9.9509e-18	3.0706e-18
24146.4545	9.9838e-18	3.0676e-18
24147.0544	9.9741e-18	3.0807e-18
24147.6544	9.9308e-18	3.1269e-18
24148.2544	9.8762e-18	3.2011e-18
24148.8544	9.8354e-18	3.2312e-18
24149.4544	9.8368e-18	3.2337e-18
24150.0543	9.8562e-18	3.2306e-18
24150.6543	9.8939e-18	3.2564e-18
24151.2543	9.8883e-18	3.2720e-18
24151.8543	9.8641e-18	3.2674e-18
24152.4543	9.8938e-18	3.2377e-18
24153.0542	9.9198e-18	3.2229e-18
24153.6542	9.9179e-18	3.2671e-18
24154.2542	9.8915e-18	3.2836e-18
24154.8542	9.8710e-18	3.2966e-18
24155.4542	9.8191e-18	3.3607e-18
24156.0541	9.7638e-18	3.3760e-18
24158.4540	9.7375e-18	3.3747e-18
24159.0540	9.6830e-18	3.3669e-18
24159.6540	9.6170e-18	3.3392e-18
24160.2540	9.5587e-18	3.4029e-18
24160.8540	9.4980e-18	3.4860e-18
24161.4539	9.4628e-18	3.4136e-18
24162.0539	9.4336e-18	3.4085e-18
24162.6539	9.3652e-18	3.4019e-18
24163.2539	9.3039e-18	3.4999e-18
24163.8539	9.3199e-18	3.5264e-18
24164.4538	9.3236e-18	3.5207e-18
24165.0538	9.3026e-18	3.5377e-18
24165.6538	9.2845e-18	3.5195e-18
24166.2538	9.3054e-18	3.3737e-18
24166.8538	9.3156e-18	3.3188e-18
24167.4537	9.2564e-18	3.4044e-18
24168.0537	9.1808e-18	3.4612e-18
24168.6537	9.1274e-18	3.4930e-18
24169.2637	9.0947e-18	3.4797e-18
24169.8636	9.0804e-18	3.4793e-18
24170.4636	9.0596e-18	3.5052e-18
24171.0636	9.0190e-18	3.4944e-18
24171.6636	8.9623e-18	3.4974e-18
24172.2636	8.9199e-18	3.5876e-18
24172.8635	8.9024e-18	3.5714e-18
24173.4635	8.8993e-18	3.5633e-18
24174.0635	8.8878e-18	3.6332e-18
24174.6635	8.8659e-18	3.6233e-18
24175.2635	8.8329e-18	3.6255e-18
24175.8634	8.8234e-18	3.6365e-18
24176.4634	8.8421e-18	3.5948e-18
24177.0634	8.8525e-18	3.5232e-18
24177.6634	8.8536e-18	3.5148e-18
24178.2634	8.8533e-18	3.5185e-18
24180.0633	8.8413e-18	3.4990e-18
24180.6633	8.8014e-18	3.4785e-18
24181.2632	8.7626e-18	3.4817e-18
24181.8632	8.7461e-18	3.4786e-18
24182.4632	8.7452e-18	3.4782e-18
24183.0632	8.7449e-18	3.4792e-18
24183.6632	8.7496e-18	3.5026e-18
24184.2631	8.7567e-18	3.4973e-18
24184.8631	8.7430e-18	3.4860e-18
24185.4631	8.7222e-18	3.4733e-18
24186.0631	8.6709e-18	3.4496e-18
24186.6631	8.6394e-18	3.4178e-18
24187.2630	8.6267e-18	3.3786e-18
24187.8630	8.5872e-18	3.3276e-18
24191.4629	8.5852e-18	3.3056e-18
24192.0629	8.6353e-18	3.2077e-18
24192.6628	8.6537e-18	3.2026e-18
24193.2628	8.6575e-18	3.2047e-18
24193.8628	8.6693e-18	3.2677e-18
24194.4628	8.6700e-18	3.2661e-18
24195.0628	8.6457e-18	3.2823e-18
24195.6627	8.6417e-18	3.2832e-18
24196.2627	8.6685e-18	3.2891e-18
24196.8627	8.6452e-18	3.2770e-18
24197.4627	8.6062e-18	3.2978e-18
24198.0627	8.6039e-18	3.3065e-18
24198.6626	8.6361e-18	3.3174e-18
24199.2626	8.6489e-18	3.4066e-18
24199.8626	8.6023e-18	3.4060e-18
24200.4626	8.5434e-18	3.4383e-18
24201.0626	8.5137e-18	3.4238e-18
24201.6625	8.4607e-18	3.3760e-18
24202.2625	8.4197e-18	3.3299e-18
24202.8625	8.4611e-18	3.3017e-18
24203.4625	8.4989e-18	3.2935e-18
24204.0625	8.5149e-18	3.3063e-18
24204.6624	8.5395e-18	3.3894e-18
24205.2624	8.5451e-18	3.4152e-18
24205.8624	8.5120e-18	3.4164e-18
24206.4624	8.4560e-18	3.4211e-18
24207.0623	8.4139e-18	3.4405e-18
24207.6623	8.3884e-18	3.4104e-18
24208.2623	8.3750e-18	3.3898e-18
24208.8623	8.3833e-18	3.4100e-18
24209.4623	8.4260e-18	3.4321e-18
24210.0622	8.4769e-18	3.5176e-18
24210.6622	8.4830e-18	3.5968e-18
24211.2622	8.4910e-18	3.6022e-18
24211.8622	8.4992e-18	3.5970e-18
24212.4622	8.5007e-18	3.6343e-18
24213.0621	8.5112e-18	3.5702e-18
24213.6621	8.5124e-18	3.6028e-18
24214.2621	8.4861e-18	3.5970e-18
24214.8721	8.4463e-18	3.6154e-18
24215.4721	8.4381e-18	3.5354e-18
24216.0720	8.4405e-18	3.4874e-18
24216.6720	8.4737e-18	3.5054e-18
24217.2720	8.5122e-18	3.5174e-18
24217.8720	8.4987e-18	3.6576e-18
24218.4719	8.4949e-18	3.6912e-18
24219.0719	8.4522e-18	3.7066e-18
24219.6719	8.3885e-18	3.6575e-18
24220.2719	8.4161e-18	3.6076e-18
24220.8719	8.4138e-18	3.5847e-18
24221.4718	8.3838e-18	3.5907e-18
24222.0718	8.3785e-18	3.6313e-18
24222.6718	8.3830e-18	3.6072e-18
24223.2718	8.3799e-18	3.6657e-18
24223.8718	8.3635e-18	3.7395e-18
24224.4717	8.3750e-18	3.6661e-18
24225.0717	8.3602e-18	3.6779e-18
24225.6717	8.3427e-18	3.8444e-18
24226.2717	8.3218e-18	3.8809e-18
24226.8717	8.3314e-18	3.8890e-18
24227.4716	8.3480e-18	3.8736e-18
24228.0716	8.3549e-18	3.8799e-18
24228.6716	8.4239e-18	3.8620e-18
24229.2716	8.4958e-18	3.8726e-18
24229.8716	8.5000e-18	3.9033e-18
24230.4715	8.5024e-18	3.9574e-18
24231.0715	8.4969e-18	3.9605e-18
24231.6715	8.4630e-18	3.9696e-18
24232.2715	8.4787e-18	3.9803e-18
24232.8714	8.5151e-18	4.0197e-18
24233.4714	8.5721e-18	4.0292e-18
24234.0714	8.5721e-18	4.0431e-18
24234.6714	8.5276e-18	4.0494e-18
24235.2714	8.5307e-18	4.0725e-18
24235.8713	8.5388e-18	4.1073e-18
24237.0713	8.5392e-18	4.1495e-18
24237.6713	8.5495e-18	4.2014e-18
24238.2713	8.5361e-18	4.2624e-18
24238.8712	8.5340e-18	4.3326e-18
24239.4712	8.5167e-18	4.4104e-18
24240.0712	8.5103e-18	4.4910e-18
24240.6712	8.5430e-18	4.5869e-18
24241.2712	8.6072e-18	4.6816e-18
24241.8711	8.6414e-18	4.7619e-18
24242.4711	8.6196e-18	4.7584e-18
24243.0711	8.5899e-18	4.7816e-18
24243.6711	8.6112e-18	4.7701e-18
24244.2711	8.6750e-18	4.7672e-18
24244.8710	8.7254e-18	4.8489e-18
24245.4710	8.7564e-18	4.9081e-18
24246.0710	8.7736e-18	4.9201e-18
24246.6710	8.7894e-18	4.9926e-18
24247.2710	8.7745e-18	5.0081e-18
24247.8709	8.7481e-18	4.9501e-18
24248.4709	8.7248e-18	4.9545e-18
24249.0709	8.6897e-18	4.9324e-18
24249.6709	8.6504e-18	4.9298e-18
24250.2708	8.6423e-18	4.9492e-18
24250.8708	8.6613e-18	4.9523e-18
24251.4708	8.6819e-18	4.9428e-18
24252.0708	8.6973e-18	4.9542e-18
24252.6708	8.7037e-18	4.9374e-18
24253.2707	8.7010e-18	4.8595e-18
24253.8707	8.7218e-18	4.8305e-18
24254.4707	8.7867e-18	4.8302e-18
24255.0707	8.8616e-18	4.8699e-18
24255.6707	8.9175e-18	4.8731e-18
24256.2706	8.9594e-18	4.8762e-18
24256.8706	8.9880e-18	4.8849e-18
24257.4706	9.0455e-18	4.8690e-18
24258.0706	9.0691e-18	4.8272e-18
24258.6706	9.0961e-18	4.7779e-18
24259.2705	9.1348e-18	4.7354e-18
24259.8705	9.1679e-18	4.7199e-18
24260.4805	9.1903e-18	4.7197e-18
24261.0805	9.1939e-18	4.6422e-18
24261.6805	9.1741e-18	4.6167e-18
24262.2804	9.1670e-18	4.5865e-18
24262.8804	9.1165e-18	4.5850e-18
24263.4804	9.0799e-18	4.5947e-18
24264.0804	8.9933e-18	4.5961e-18
24264.6803	8.9714e-18	4.6008e-18
24265.2803	8.9816e-18	4.6548e-18
24265.8803	8.9482e-18	4.6419e-18
24266.4803	8.8733e-18	4.5823e-18
24267.0803	8.8389e-18	4.5680e-18
24267.6802	8.8437e-18	4.5527e-18
24268.2802	8.8223e-18	4.5251e-18
24268.8802	8.7949e-18	4.5134e-18
24269.4802	8.7880e-18	4.5020e-18
24270.0802	8.7570e-18	4.4951e-18
24270.6801	8.6957e-18	4.4726e-18
24271.2801	8.6367e-18	4.4705e-18
24271.8801	8.5860e-18	4.4330e-18
24272.4801	8.5660e-18	4.3507e-18
24273.0801	8.5774e-18	4.3575e-18
24273.6800	8.6112e-18	4.3662e-18
24274.2800	8.6225e-18	4.2172e-18
24274.8800	8.6220e-18	4.1122e-18
24275.4800	8.6539e-18	4.1008e-18
24276.0800	8.6912e-18	4.0804e-18
24276.6799	8.6975e-18	4.0589e-18
24277.2799	8.6661e-18	4.1065e-18
24277.8799	8.6368e-18	4.1500e-18
24278.4799	8.6648e-18	4.1173e-18
24279.0799	8.7100e-18	4.0688e-18
24279.6798	8.7560e-18	4.0782e-18
24280.2798	8.7727e-18	4.0781e-18
24280.8798	8.7690e-18	4.0688e-18
24281.4798	8.7669e-18	4.0129e-18
24282.0797	8.7387e-18	3.9910e-18
24282.6797	8.7642e-18	3.9883e-18
24283.2797	8.8272e-18	3.9798e-18
24283.8797	8.8709e-18	4.0372e-18
24284.4797	8.8682e-18	4.0282e-18
24285.0796	8.8362e-18	4.0165e-18
24285.6796	8.8330e-18	3.9763e-18
24286.2796	8.8046e-18	3.9250e-18
24286.8796	8.7421e-18	3.8610e-18
24288.0795	8.7238e-18	3.7989e-18
24288.6795	8.7231e-18	3.6960e-18
24289.2795	8.6966e-18	3.6206e-18
24289.8795	8.7284e-18	3.5093e-18
24290.4795	8.8124e-18	3.3876e-18
24291.0794	8.8834e-18	3.3381e-18
24291.6794	8.9435e-18	3.4012e-18
24292.2794	8.9900e-18	3.4342e-18
24292.8794	9.0325e-18	3.4502e-18
24293.4794	8.9990e-18	3.3428e-18
24294.0793	8.9185e-18	3.2595e-18
24294.6793	8.8682e-18	3.2862e-18
24295.2793	8.8083e-18	3.1522e-18
24295.8793	8.7956e-18	3.1070e-18
24296.4793	8.7835e-18	3.1075e-18
24297.0792	8.7624e-18	3.1465e-18
24297.6792	8.7348e-18	3.1588e-18
24298.2792	8.7522e-18	3.1744e-18
24298.8792	8.7994e-18	3.2161e-18
24299.4791	8.7567e-18	3.1987e-18
24300.0791	8.7269e-18	3.2000e-18
24300.6791	8.7769e-18	3.1957e-18
24301.2791	8.8378e-18	3.3101e-18
24301.8791	8.8404e-18	3.3314e-18
24302.4790	8.7847e-18	3.3214e-18
24303.0790	8.7899e-18	3.3261e-18
24303.6790	8.7936e-18	3.3799e-18
24304.2790	8.8103e-18	3.4597e-18
24304.8790	8.8545e-18	3.4422e-18
24305.4789	8.8885e-18	3.4478e-18
24306.0789	8.9146e-18	3.4894e-18
24306.6889	8.9389e-18	3.5119e-18
24307.2889	8.9760e-18	3.5208e-18
24307.8889	9.0272e-18	3.5336e-18
24308.4888	9.0509e-18	3.6228e-18
24309.0888	9.0576e-18	3.6221e-18
24309.6888	9.1068e-18	3.6858e-18
24310.2888	9.1239e-18	3.6785e-18
24310.8888	9.0976e-18	3.6719e-18
24311.4887	9.0663e-18	3.7176e-18
24312.0887	9.0389e-18	3.7247e-18
24312.6887	9.0270e-18	3.7681e-18
24313.2887	9.0597e-18	3.7651e-18
24313.8887	9.0842e-18	3.6887e-18
24314.4886	9.0455e-18	3.6836e-18
24315.0886	9.0337e-18	3.6165e-18
24315.6886	9.0761e-18	3.6876e-18
24316.2886	9.0716e-18	3.8074e-18
24316.8885	9.0807e-18	3.8213e-18
24317.4885	9.1194e-18	3.8900e-18
24318.0885	9.1776e-18	3.8919e-18
24318.6885	9.2112e-18	3.8931e-18
24319.2885	9.2271e-18	3.8787e-18
24319.8884	9.2678e-18	3.9027e-18
24320.4884	9.3071e-18	3.9065e-18
24321.0884	9.2844e-18	3.9192e-18
24321.6884	9.2089e-18	3.9034e-18
24322.2884	9.1929e-18	3.9564e-18
24322.8883	9.1976e-18	4.0412e-18
24323.4883	9.1832e-18	4.0994e-18
24324.0883	9.1677e-18	4.1387e-18
24324.6883	9.2088e-18	4.1639e-18
24325.8882	9.3065e-18	4.1779e-18
24326.4882	9.3467e-18	4.1355e-18
24327.0882	9.3523e-18	4.0714e-18
24327.6882	9.4757e-18	4.0624e-18
24328.2882	9.5794e-18	4.0313e-18
24328.8881	9.6031e-18	4.0159e-18
24329.4881	9.6315e-18	4.0277e-18
24330.0881	9.6675e-18	4.0263e-18
24330.6881	9.6776e-18	4.0570e-18
24331.2881	9.6722e-18	4.1059e-18
24331.8880	9.6528e-18	4.1687e-18
24332.4880	9.6273e-18	4.4008e-18
24333.0880	9.6133e-18	4.3475e-18
24333.6880	9.5969e-18	4.3521e-18
24334.2880	9.5886e-18	4.3835e-18
24334.8879	9.6065e-18	4.4286e-18
24335.4879	9.6900e-18	4.4561e-18
24336.0879	9.7601e-18	4.4689e-18
24336.6879	9.8119e-18	4.4528e-18
24337.2879	9.8889e-18	4.4677e-18
24337.8878	9.9273e-18	4.4457e-18
24338.4878	9.9653e-18	4.4177e-18
24339.0878	9.9756e-18	4.5203e-18
24339.6878	9.9562e-18	4.5338e-18
24340.2877	9.9367e-18	4.5574e-18
24340.8877	9.9149e-18	4.5609e-18
24341.4877	9.9452e-18	4.5974e-18
24342.0877	9.9616e-18	4.6176e-18
24342.6877	9.9437e-18	4.6208e-18
24343.2876	9.9436e-18	4.5688e-18
24343.8876	9.9822e-18	4.5750e-18
24344.4876	9.9263e-18	4.5730e-18
24345.0876	9.8996e-18	4.5862e-18
24345.6876	9.8498e-18	4.5925e-18
24346.2875	9.8512e-18	4.6519e-18
24346.8875	9.9243e-18	4.7564e-18
24347.4875	9.9603e-18	4.7466e-18
24348.0875	9.9288e-18	4.7444e-18
24348.6875	9.8529e-18	4.8328e-18
24349.2874	9.7886e-18	4.8509e-18
24349.8874	9.8375e-18	4.7768e-18
24350.4874	9.8892e-18	4.7633e-18
24351.0874	9.8965e-18	4.7652e-18
24351.6874	9.9317e-18	4.7757e-18
24352.2973	9.9541e-18	4.6969e-18
24352.8973	9.9628e-18	4.6075e-18
24353.4973	9.9556e-18	4.6092e-18
24354.0973	9.9713e-18	4.6214e-18
24354.6973	1.0007e-17	4.6752e-18
24355.2972	1.0002e-17	4.6744e-18
24355.8972	9.9861e-18	4.6610e-18
24356.4972	9.9793e-18	4.6692e-18
24357.0972	1.0001e-17	4.6017e-18
24357.6972	1.0025e-17	4.6021e-18
24358.2971	1.0051e-17	4.5736e-18
24358.8971	1.0079e-17	4.5944e-18
24359.4971	1.0111e-17	4.5948e-18
24360.0971	1.0132e-17	4.5697e-18
24360.6971	1.0111e-17	4.5323e-18
24361.2970	1.0070e-17	4.4845e-18
24363.6969	1.0022e-17	4.5043e-18
24364.2969	9.9898e-18	4.5147e-18
24364.8969	1.0009e-17	4.5127e-18
24365.4969	1.0045e-17	4.5151e-18
24366.0969	1.0114e-17	4.4323e-18
24366.6968	1.0106e-17	4.4257e-18
24367.2968	1.0056e-17	4.5858e-18
24367.8968	1.0015e-17	4.5943e-18
24368.4968	9.9417e-18	4.6401e-18
24369.0968	9.9131e-18	4.6542e-18
24369.6967	9.9441e-18	4.6882e-18
24370.2967	9.9337e-18	4.7454e-18
24370.8967	9.9293e-18	4.7485e-18
24371.4967	9.9559e-18	4.7754e-18
24372.0967	9.9727e-18	4.7753e-18
24372.6966	9.9497e-18	4.7101e-18
24373.2966	9.9139e-18	4.6265e-18
24373.8966	9.8520e-18	4.5958e-18
24374.4966	9.8378e-18	4.5528e-18
24375.0966	9.8928e-18	4.5182e-18
24375.6965	9.9061e-18	4.5926e-18
24376.2965	9.8333e-18	4.6784e-18
24376.8965	9.7763e-18	4.6748e-18
24377.4965	9.7031e-18	4.7262e-18
24378.0965	9.7178e-18	4.7318e-18
24378.6964	9.6946e-18	4.8611e-18
24379.2964	9.6162e-18	4.8959e-18
24379.8964	9.5603e-18	4.8984e-18
24380.4964	9.5365e-18	4.8779e-18
24381.0964	9.4636e-18	4.8521e-18
24381.6963	9.4032e-18	4.8171e-18
24382.2963	9.3979e-18	4.6187e-18
24382.8963	9.3901e-18	4.6155e-18
24383.4963	9.3765e-18	4.6145e-18
24384.0963	9.3994e-18	4.6288e-18
24384.6962	9.4167e-18	4.5919e-18
24385.2962	9.4241e-18	4.5720e-18
24385.8962	9.4413e-18	4.6065e-18
24386.4962	9.4348e-18	4.6128e-18
24387.0962	9.4224e-18	4.6178e-18
24387.6961	9.4575e-18	4.6662e-18
24388.2961	9.4447e-18	4.7256e-18
24388.8961	9.4340e-18	4.6469e-18
24389.4961	9.4851e-18	4.6396e-18
24390.0960	9.5072e-18	4.5402e-18
24390.6960	9.4617e-18	4.5985e-18
24391.2960	9.4157e-18	4.5662e-18
24391.8960	9.4544e-18	4.6076e-18
24392.4960	9.5188e-18	4.6116e-18
24393.0959	9.5627e-18	4.6108e-18
24393.6959	9.6182e-18	4.6160e-18
24394.2959	9.6284e-18	4.6887e-18
24394.8959	9.5787e-18	4.6864e-18
24395.4959	9.5881e-18	4.6489e-18
24396.0958	9.5981e-18	4.5809e-18
24396.6958	9.6082e-18	4.4630e-18
24397.2958	9.5933e-18	4.4251e-18
24398.5058	9.6220e-18	4.5082e-18
24399.1057	9.6433e-18	4.4663e-18
24399.7057	9.6737e-18	4.4891e-18
24400.3057	9.7406e-18	4.5040e-18
24400.9057	9.7546e-18	4.5573e-18
24401.5057	9.7982e-18	4.5533e-18
24402.1056	9.8033e-18	4.6946e-18
24402.7056	9.8023e-18	4.6913e-18
24403.9056	9.8249e-18	4.7396e-18
24404.5056	9.8345e-18	4.8666e-18
24405.1055	9.8501e-18	4.9516e-18
24405.7055	9.8958e-18	4.8696e-18
24406.3055	9.9608e-18	4.8401e-18
24406.9055	1.0014e-17	4.8422e-18
24407.5055	1.0054e-17	4.8517e-18
24408.1054	1.0103e-17	4.8908e-18
24408.7054	1.0144e-17	4.9233e-18
24409.3054	1.0145e-17	4.9119e-18
24409.9054	1.0164e-17	4.8873e-18
24410.5054	1.0220e-17	4.8872e-18
24411.1053	1.0211e-17	4.8823e-18
24411.7053	1.0169e-17	4.8878e-18
24412.3053	1.0170e-17	4.8930e-18
24412.9053	1.0181e-17	4.8857e-18
24413.5053	1.0198e-17	4.8823e-18
24414.1052	1.0220e-17	4.9315e-18
24414.7052	1.0277e-17	4.9733e-18
24415.3052	1.0334e-17	4.9685e-18
24415.9052	1.0347e-17	4.8848e-18
24416.5052	1.0278e-17	4.7454e-18
24417.1051	1.0237e-17	4.6821e-18
24417.7051	1.0239e-17	4.6076e-18
24418.3051	1.0180e-17	4.6574e-18
24418.9051	1.0164e-17	4.6534e-18
24419.5051	1.0208e-17	4.5999e-18
24420.1050	1.0207e-17	4.5949e-18
24420.7050	1.0211e-17	4.5672e-18
24421.3050	1.0213e-17	4.7004e-18
24421.9050	1.0176e-17	4.7053e-18
24422.5050	1.0114e-17	4.8224e-18
24423.1049	1.0124e-17	4.9014e-18
24423.7049	1.0182e-17	4.9007e-18
24424.3049	1.0177e-17	4.9010e-18
24424.9049	1.0219e-17	4.9119e-18
24425.5048	1.0318e-17	4.9333e-18
24426.1048	1.0392e-17	5.0105e-18
24426.7048	1.0425e-17	4.9979e-18
24427.9048	1.0398e-17	5.0895e-18
24428.5047	1.0376e-17	5.0019e-18
24429.1047	1.0356e-17	4.9971e-18
24429.7047	1.0338e-17	5.0295e-18
24430.3047	1.0372e-17	5.0743e-18
24430.9047	1.0430e-17	5.1138e-18
24431.5046	1.0496e-17	5.1525e-18
24432.1046	1.0565e-17	5.2077e-18
24432.7046	1.0601e-17	5.2705e-18
24433.3046	1.0617e-17	5.3286e-18
24433.9046	1.0522e-17	5.3506e-18
24434.5045	1.0486e-17	5.4254e-18
24435.1045	1.0592e-17	5.5041e-18
24435.7045	1.0671e-17	5.5567e-18
24436.3045	1.0707e-17	5.6545e-18
24436.9045	1.0808e-17	5.7400e-18
24437.5044	1.0875e-17	5.7396e-18
24438.1044	1.0928e-17	5.6783e-18
24438.7044	1.0957e-17	5.6940e-18
24439.3044	1.0950e-17	5.7714e-18
24439.9044	1.0922e-17	5.8359e-18
24440.5043	1.0910e-17	5.7443e-18
24441.1043	1.0846e-17	5.7356e-18
24441.7043	1.0813e-17	5.7521e-18
24442.3043	1.0864e-17	5.8083e-18
24442.9043	1.0908e-17	5.8089e-18
24443.5142	1.0932e-17	5.8183e-18
24444.1142	1.0925e-17	5.8519e-18
24444.7142	1.0878e-17	5.8937e-18
24445.9142	1.0833e-17	6.2078e-18
24446.5141	1.0834e-17	6.2064e-18
24447.1141	1.0796e-17	6.2208e-18
24447.7141	1.0762e-17	6.2288e-18
24448.3141	1.0792e-17	6.1901e-18
24448.9141	1.0868e-17	6.1485e-18
24450.1140	1.0948e-17	6.0994e-18
24450.7140	1.1016e-17	6.1424e-18
24451.3140	1.1093e-17	6.1024e-18
24451.9140	1.1117e-17	6.1671e-18
24452.5139	1.1110e-17	6.1024e-18
24453.1139	1.1126e-17	6.1547e-18
24453.7139	1.1156e-17	6.1404e-18
24454.3139	1.1156e-17	6.1997e-18
24454.9139	1.1156e-17	6.1230e-18
24455.5138	1.1171e-17	6.1274e-18
24456.1138	1.1217e-17	6.1753e-18
24456.7138	1.1278e-17	6.1887e-18
24457.3138	1.1310e-17	6.1538e-18
24457.9138	1.1310e-17	6.2012e-18
24458.5137	1.1297e-17	6.2681e-18
24459.1137	1.1333e-17	6.2759e-18
24459.7137	1.1351e-17	6.3167e-18
24460.3137	1.1333e-17	6.3792e-18
24460.9137	1.1300e-17	6.3732e-18
24461.5136	1.1300e-17	6.3659e-18
24462.1136	1.1293e-17	6.3708e-18
24462.7136	1.1287e-17	6.3742e-18
24463.3136	1.1278e-17	6.3713e-18
24463.9136	1.1324e-17	6.3474e-18
24464.5135	1.1345e-17	6.3195e-18
24465.1135	1.1376e-17	6.3796e-18
24465.7135	1.1342e-17	6.4320e-18
24466.3135	1.1318e-17	6.4046e-18
24466.9135	1.1348e-17	6.3937e-18
24467.5134	1.1437e-17	6.4464e-18
24468.1134	1.1491e-17	6.4638e-18
24468.7134	1.1493e-17	6.4575e-18
24469.3134	1.1499e-17	6.4907e-18
24469.9134	1.1531e-17	6.4998e-18
24470.5133	1.1568e-17	6.5145e-18
24471.1133	1.1580e-17	6.4182e-18
24471.7133	1.1586e-17	6.5172e-18
24472.3133	1.1642e-17	6.4450e-18
24472.9133	1.1739e-17	6.4011e-18
24473.5132	1.1803e-17	6.4087e-18
24474.1132	1.1810e-17	6.4376e-18
24474.7132	1.1813e-17	6.3740e-18
24475.3132	1.1849e-17	6.3000e-18
24475.9132	1.1881e-17	6.2300e-18
24476.5131	1.1896e-17	6.2367e-18
24477.1131	1.1925e-17	6.1909e-18
24478.3131	1.1956e-17	6.1896e-18
24478.9130	1.1951e-17	6.1781e-18
24479.5130	1.1950e-17	6.1522e-18
24480.1130	1.1982e-17	6.1218e-18
24480.7130	1.2019e-17	6.0869e-18
24481.3130	1.1978e-17	6.0493e-18
24481.9129	1.1926e-17	6.0103e-18
24483.1129	1.1920e-17	5.9705e-18
24483.7129	1.1950e-17	5.9272e-18
24484.3129	1.1980e-17	5.8802e-18
24484.9128	1.1992e-17	5.8293e-18
24485.5128	1.1966e-17	5.7741e-18
24486.1128	1.2007e-17	5.7143e-18
24486.7128	1.2061e-17	5.6495e-18
24487.3128	1.2079e-17	5.5799e-18
24487.9127	1.2073e-17	5.5009e-18
24488.5127	1.2099e-17	5.5694e-18
24489.1227	1.2148e-17	5.5508e-18
24489.7227	1.2205e-17	5.5308e-18
24490.3227	1.2257e-17	5.4991e-18
24490.9226	1.2281e-17	5.5001e-18
24491.5226	1.2317e-17	5.5348e-18
nan	1.2287e-17	5.5418e-18
nan	1.2177e-17	5.4672e-18
nan	1.2127e-17	5.4868e-18
nan	1.2099e-17	5.4847e-18
nan	1.2054e-17	5.4195e-18
nan	1.2023e-17	5.4240e-18
nan	1.2013e-17	5.0280e-18
nan	1.2007e-17	5.0293e-18
nan	1.2005e-17	5.0209e-18
nan	1.2042e-17	4.9862e-18
nan	1.2104e-17	4.9229e-18
nan	1.2120e-17	4.9099e-18
nan	1.2121e-17	4.9989e-18
nan	1.2084e-17	4.9601e-18
nan	1.2048e-17	4.9603e-18
nan	1.2095e-17	4.8571e-18
nan	1.2178e-17	4.8081e-18
nan	1.2213e-17	4.9955e-18
nan	1.2165e-17	4.9841e-18
nan	1.2093e-17	4.8543e-18
nan	1.2117e-17	4.9000e-18
nan	1.2160e-17	4.9271e-18
nan	1.2200e-17	4.8952e-18
nan	1.2223e-17	4.9010e-18
nan	1.2224e-17	4.9168e-18
nan	1.2153e-17	4.8777e-18
nan	1.2085e-17	4.8146e-18
nan	1.2097e-17	4.8470e-18
nan	1.2105e-17	4.9218e-18
nan	1.2058e-17	4.9064e-18
nan	1.2010e-17	5.0082e-18
nan	1.1972e-17	5.0408e-18
nan	1.1909e-17	5.2140e-18
nan	1.1871e-17	5.4187e-18
nan	1.1832e-17	5.4949e-18
nan	1.1833e-17	5.6924e-18
nan	1.1908e-17	5.7634e-18
nan	1.1962e-17	5.7164e-18
nan	1.1977e-17	5.6694e-18
nan	1.2003e-17	5.6553e-18
nan	1.2073e-17	5.6613e-18
nan	1.2106e-17	5.5933e-18
nan	1.2083e-17	5.5018e-18
nan	1.2073e-17	5.5134e-18
nan	1.2074e-17	5.5454e-18
nan	1.2058e-17	5.5459e-18
nan	1.2008e-17	5.5457e-18
nan	1.1976e-17	5.5304e-18
nan	1.1954e-17	5.4585e-18
nan	1.1915e-17	5.4364e-18
nan	1.1820e-17	5.3665e-18
nan	1.1765e-17	5.3687e-18
nan	1.1746e-17	5.4016e-18
nan	1.1703e-17	5.4240e-18
nan	1.1671e-17	5.4083e-18
nan	1.1583e-17	5.4012e-18
nan	1.1515e-17	5.3722e-18
nan	1.1427e-17	5.3476e-18
nan	1.1287e-17	5.3797e-18
nan	1.1170e-17	5.5065e-18
nan	1.1083e-17	5.5548e-18
nan	1.0923e-17	5.5708e-18
nan	1.0756e-17	5.6504e-18
nan	1.0626e-17	5.7230e-18
nan	1.0490e-17	5.7445e-18
nan	1.0372e-17	5.7380e-18
nan	1.0284e-17	5.7600e-18
nan	1.0240e-17	5.7506e-18
nan	1.0254e-17	5.7338e-18
nan	1.0232e-17	5.7201e-18
nan	1.0135e-17	5.6960e-18
nan	1.0100e-17	5.6620e-18
nan	1.0121e-17	5.6287e-18
nan	1.0118e-17	5.6498e-18
nan	1.0030e-17	5.5573e-18
nan	9.9220e-18	5.5538e-18
nan	9.8860e-18	5.5542e-18
nan	9.7586e-18	5.5475e-18
nan	9.6521e-18	5.5435e-18
nan	9.5901e-18	5.5156e-18
nan	9.5480e-18	5.5260e-18
nan	9.5287e-18	5.5934e-18
nan	9.4798e-18	5.5700e-18
nan	9.4440e-18	5.5986e-18
nan	9.3665e-18	5.6319e-18
nan	9.3121e-18	5.5460e-18
nan	9.2883e-18	5.5070e-18
nan	9.2778e-18	5.5281e-18
nan	9.2342e-18	5.5230e-18
nan	9.2098e-18	5.5227e-18
nan	9.1863e-18	5.5558e-18
nan	9.2118e-18	5.6355e-18
nan	9.2178e-18	5.5345e-18
nan	9.1774e-18	5.5210e-18
nan	9.1595e-18	5.5220e-18
nan	9.1694e-18	5.4962e-18
nan	9.2271e-18	5.4938e-18
nan	9.3380e-18	5.3746e-18
nan	9.3699e-18	5.3741e-18
nan	9.3486e-18	5.3733e-18
nan	9.3369e-18	5.3050e-18
nan	9.3416e-18	5.2671e-18
nan	9.3158e-18	5.3708e-18
nan	9.2747e-18	5.4516e-18
nan	9.2732e-18	5.4450e-18
nan	9.2868e-18	5.4514e-18
nan	9.2384e-18	5.4436e-18
nan	9.1892e-18	5.4895e-18
nan	9.1860e-18	5.4560e-18
nan	9.2085e-18	5.4260e-18
nan	9.2161e-18	5.3369e-18
nan	9.2092e-18	5.3079e-18
nan	9.1880e-18	5.1711e-18
nan	9.1528e-18	4.9787e-18
nan	9.1038e-18	4.9063e-18
nan	9.0575e-18	4.6449e-18
nan	9.0491e-18	4.5437e-18
nan	9.0656e-18	4.4863e-18
nan	9.0982e-18	4.4171e-18
nan	9.1265e-18	4.4379e-18
nan	9.1050e-18	4.5110e-18
nan	9.1928e-18	4.5112e-18
nan	9.2296e-18	4.5171e-18
nan	9.1933e-18	4.4839e-18
nan	9.2502e-18	4.4629e-18
nan	9.3105e-18	4.4381e-18
nan	9.4065e-18	4.4128e-18
nan	9.4652e-18	4.4156e-18
nan	9.3853e-18	4.4538e-18
nan	9.3459e-18	4.5230e-18
nan	9.3392e-18	4.5063e-18
nan	9.3344e-18	4.5438e-18
nan	9.2838e-18	4.5332e-18
nan	9.2252e-18	4.6672e-18
nan	9.2038e-18	4.6672e-18
nan	9.2470e-18	4.6343e-18
nan	9.2794e-18	4.6741e-18
nan	9.2413e-18	4.6497e-18
nan	9.1878e-18	4.6443e-18
nan	9.2098e-18	4.6269e-18
nan	9.2162e-18	4.6531e-18
nan	9.2530e-18	4.6511e-18
nan	9.2056e-18	4.7006e-18
nan	9.1947e-18	4.6833e-18
nan	9.2552e-18	4.6797e-18
nan	9.3132e-18	4.6821e-18
nan	9.2988e-18	4.6224e-18
nan	9.3397e-18	4.6114e-18
nan	9.3813e-18	4.6948e-18
nan	9.3812e-18	4.7656e-18
nan	9.4383e-18	4.7453e-18
nan	9.5456e-18	4.7876e-18
nan	9.5794e-18	4.7894e-18
nan	9.5573e-18	4.7836e-18
nan	9.5721e-18	4.7778e-18
nan	9.5654e-18	4.7778e-18
nan	9.5693e-18	4.7681e-18
nan	9.5617e-18	4.8124e-18
nan	9.5651e-18	4.8122e-18
nan	9.6127e-18	4.9636e-18
nan	9.6737e-18	5.0663e-18
nan	9.7261e-18	5.1649e-18
nan	9.7676e-18	5.3229e-18
nan	9.8171e-18	5.4346e-18
nan	9.8864e-18	5.5454e-18
nan	9.8812e-18	5.7082e-18
nan	9.8425e-18	5.8758e-18
nan	9.8254e-18	6.0298e-18
nan	9.8000e-18	6.1955e-18
nan	9.8407e-18	6.3518e-18
nan	9.9459e-18	6.4954e-18
nan	1.0013e-17	6.5846e-18
nan	1.0111e-17	6.7398e-18
nan	1.0205e-17	6.7579e-18
nan	1.0291e-17	6.8025e-18
nan	1.0288e-17	6.8329e-18
nan	1.0360e-17	6.8537e-18
nan	1.0461e-17	6.8720e-18
nan	1.0468e-17	6.8705e-18
nan	1.0575e-17	6.8719e-18
nan	1.0664e-17	6.8715e-18
nan	1.0766e-17	6.8673e-18
nan	1.0906e-17	6.7750e-18
nan	1.1036e-17	6.7214e-18
nan	1.1155e-17	6.7292e-18
nan	1.1262e-17	6.7277e-18
nan	1.1356e-17	6.7618e-18
nan	1.1438e-17	6.7804e-18
nan	1.1509e-17	6.7920e-18
nan	1.1569e-17	6.8282e-18
nan	1.1618e-17	6.8236e-18
nan	1.1657e-17	6.8651e-18
nan	1.1684e-17	6.8214e-18
nan	1.1701e-17	6.8565e-18
nan	1.1707e-17	6.8533e-18
nan	1.1754e-17	6.9252e-18
nan	1.1836e-17	6.9269e-18
nan	1.1878e-17	6.9395e-18
nan	1.1783e-17	6.9879e-18
nan	1.1664e-17	6.9850e-18
nan	1.1619e-17	7.0052e-18
nan	1.1531e-17	7.0188e-18
nan	1.1400e-17	7.0266e-18
nan	1.1356e-17	7.0299e-18
nan	1.1393e-17	6.9308e-18
nan	1.1395e-17	6.9754e-18
nan	1.1389e-17	6.9760e-18
nan	1.1377e-17	6.9630e-18
nan	1.1327e-17	6.8637e-18
nan	1.1260e-17	6.7698e-18
nan	1.1208e-17	6.7456e-18
nan	1.1169e-17	6.6823e-18
nan	1.1122e-17	6.7996e-18
nan	1.1090e-17	6.7709e-18
nan	1.1122e-17	6.7895e-18
nan	1.1184e-17	6.8442e-18
nan	1.1243e-17	6.8446e-18
nan	1.1274e-17	6.8509e-18
nan	1.1260e-17	6.9686e-18
nan	1.1224e-17	6.9783e-18
nan	1.1242e-17	6.9766e-18
nan	1.1309e-17	6.9860e-18
nan	1.1405e-17	6.8832e-18
nan	1.1458e-17	6.8954e-18
nan	1.1445e-17	6.9088e-18
nan	1.1411e-17	6.9600e-18
nan	1.1421e-17	7.0545e-18
nan	1.1409e-17	7.0622e-18
nan	1.1386e-17	6.9724e-18
nan	1.1373e-17	6.9577e-18
nan	1.1344e-17	7.0588e-18
nan	1.1340e-17	7.0481e-18
nan	1.1400e-17	7.0587e-18
nan	1.1408e-17	7.0450e-18
nan	1.1305e-17	7.0413e-18
nan	1.1199e-17	7.0351e-18
nan	1.1136e-17	7.0340e-18
nan	1.1080e-17	6.9781e-18
nan	1.1074e-17	6.9700e-18
nan	1.1064e-17	6.9277e-18
nan	1.0972e-17	6.8855e-18
nan	1.0950e-17	6.8452e-18
nan	1.1007e-17	6.8069e-18
nan	1.1006e-17	6.7931e-18
nan	1.0973e-17	6.7817e-18
nan	1.0891e-17	6.7328e-18
nan	1.0823e-17	6.5990e-18
nan	1.0794e-17	6.4948e-18
nan	1.0726e-17	6.3621e-18
nan	1.0718e-17	6.2253e-18
nan	1.0724e-17	6.2973e-18
nan	1.0701e-17	6.1204e-18
nan	1.0693e-17	5.9289e-18
nan	1.0716e-17	5.9011e-18
nan	1.0785e-17	5.8463e-18
nan	1.0798e-17	5.7428e-18
nan	1.0709e-17	5.7100e-18
nan	1.0637e-17	5.6262e-18
nan	1.0590e-17	5.6369e-18
nan	1.0524e-17	5.6639e-18
nan	1.0582e-17	5.6877e-18
nan	1.0694e-17	5.6627e-18
nan	1.0702e-17	5.6654e-18
nan	1.0690e-17	5.6540e-18
nan	1.0692e-17	5.6558e-18
nan	1.0737e-17	5.6736e-18
nan	1.0806e-17	5.6444e-18
nan	1.0879e-17	5.6098e-18
nan	1.0888e-17	5.6248e-18
nan	1.0853e-17	5.5741e-18
nan	1.0838e-17	5.5738e-18
nan	1.0819e-17	5.4681e-18
nan	1.0794e-17	5.4575e-18
nan	1.0727e-17	5.4363e-18
nan	1.0654e-17	5.5279e-18
nan	1.0632e-17	5.3933e-18
nan	1.0610e-17	5.3010e-18
nan	1.0589e-17	5.2995e-18
nan	1.0558e-17	5.2737e-18
nan	1.0509e-17	5.2605e-18
nan	1.0463e-17	5.2642e-18
nan	1.0438e-17	5.2650e-18
nan	1.0508e-17	5.2672e-18
nan	1.0557e-17	5.2671e-18
nan	1.0529e-17	5.2790e-18
nan	1.0489e-17	5.2439e-18
nan	1.0496e-17	5.2519e-18
nan	1.0517e-17	5.2540e-18
nan	1.0520e-17	5.2927e-18
nan	1.0470e-17	5.3514e-18
nan	1.0409e-17	5.3631e-18
nan	1.0376e-17	5.4268e-18
nan	1.0371e-17	5.3597e-18
nan	1.0337e-17	5.3556e-18
nan	1.0278e-17	5.3594e-18
nan	1.0197e-17	5.3044e-18
nan	1.0133e-17	5.2557e-18
nan	1.0095e-17	5.2147e-18
nan	1.0023e-17	5.2242e-18
nan	9.9350e-18	5.2201e-18
nan	9.8880e-18	5.1901e-18
nan	9.8409e-18	5.1604e-18
nan	9.7809e-18	5.1657e-18
nan	9.7500e-18	5.1533e-18
nan	9.7634e-18	5.2054e-18
nan	9.7810e-18	5.4131e-18
nan	9.7506e-18	5.5491e-18
nan	9.6949e-18	5.7511e-18
nan	9.6946e-18	5.9416e-18
nan	9.7276e-18	6.0230e-18
nan	9.7629e-18	6.0854e-18
nan	9.7882e-18	6.2351e-18
nan	9.8026e-18	6.3625e-18
nan	9.8230e-18	6.4900e-18
nan	9.8688e-18	6.6145e-18
nan	9.8478e-18	6.7323e-18
nan	9.8368e-18	6.8402e-18
nan	9.8773e-18	6.9353e-18
nan	9.9255e-18	7.0068e-18
nan	9.9446e-18	7.0594e-18
nan	9.9671e-18	7.0903e-18
nan	9.9738e-18	7.0804e-18
nan	9.9599e-18	7.1659e-18
nan	9.9865e-18	7.0791e-18
nan	1.0006e-17	7.0585e-18
nan	1.0029e-17	7.1476e-18
nan	1.0116e-17	7.1437e-18
nan	1.0163e-17	7.1390e-18
nan	1.0190e-17	7.1277e-18
nan	1.0246e-17	7.1100e-18
nan	1.0343e-17	6.9842e-18
nan	1.0444e-17	7.1276e-18
nan	1.0524e-17	7.1997e-18
nan	1.0624e-17	7.2955e-18
nan	1.0662e-17	7.3808e-18
nan	1.0671e-17	7.4682e-18
nan	1.0709e-17	7.5550e-18
nan	1.0792e-17	7.6099e-18
nan	1.0904e-17	7.6134e-18
nan	1.1011e-17	7.6409e-18
nan	1.1086e-17	7.6513e-18
nan	1.1126e-17	7.6700e-18
nan	1.1169e-17	7.6708e-18
nan	1.1248e-17	7.6697e-18
nan	1.1377e-17	7.7073e-18
nan	1.1488e-17	7.7059e-18
nan	1.1561e-17	7.6981e-18
nan	1.1622e-17	7.7059e-18
nan	1.1684e-17	7.7179e-18
nan	1.1746e-17	7.7165e-18
nan	1.1877e-17	7.7183e-18
nan	1.2019e-17	7.7238e-18
nan	1.2104e-17	7.6965e-18
nan	1.2161e-17	7.6938e-18
nan	1.2247e-17	7.6379e-18
nan	1.2354e-17	7.6113e-18
nan	1.2450e-17	7.6587e-18
nan	1.2549e-17	7.7411e-18
nan	1.2644e-17	7.7998e-18
nan	1.2778e-17	7.8224e-18
nan	1.2895e-17	7.7965e-18
nan	1.2937e-17	7.8283e-18
nan	1.2972e-17	7.8382e-18
nan	1.3002e-17	7.9025e-18
nan	1.3024e-17	7.9004e-18
nan	1.3040e-17	7.9354e-18
nan	1.3049e-17	7.9229e-18
nan	1.3050e-17	7.9507e-18
nan	1.3043e-17	7.9809e-18
nan	1.3027e-17	7.9281e-18
nan	1.3003e-17	7.8753e-18
nan	1.2970e-17	7.8402e-18
nan	1.2927e-17	7.8183e-18
nan	1.2875e-17	7.8318e-18
nan	1.2812e-17	7.8512e-18
nan	1.2792e-17	7.8555e-18
nan	1.2752e-17	7.8583e-18
nan	1.2701e-17	7.8798e-18
nan	1.2659e-17	7.7787e-18
nan	1.2602e-17	7.8594e-18
nan	1.2588e-17	7.8955e-18
nan	1.2572e-17	7.8792e-18
nan	1.2535e-17	7.8966e-18
nan	1.2486e-17	7.9486e-18
nan	1.2454e-17	8.0639e-18
nan	1.2444e-17	7.9311e-18
nan	1.2416e-17	7.7972e-18
nan	1.2394e-17	7.6720e-18
nan	1.2392e-17	7.5355e-18
nan	1.2408e-17	7.4807e-18
nan	1.2419e-17	7.6388e-18
nan	1.2427e-17	7.6599e-18
nan	1.2398e-17	7.5392e-18
nan	1.2306e-17	7.4156e-18
nan	1.2234e-17	7.3387e-18
nan	1.2220e-17	7.2477e-18
nan	1.2149e-17	7.1105e-18
nan	1.2022e-17	6.9959e-18
nan	1.1911e-17	6.8603e-18
nan	1.1854e-17	6.7517e-18
nan	1.1817e-17	6.6308e-18
nan	1.1731e-17	6.6130e-18
nan	1.1690e-17	6.5093e-18
nan	1.1632e-17	6.4964e-18
nan	1.1564e-17	6.4829e-18
nan	1.1489e-17	6.5218e-18
nan	1.1413e-17	6.5814e-18
nan	1.1367e-17	6.5417e-18
nan	1.1282e-17	6.5767e-18
nan	1.1195e-17	6.8233e-18
nan	1.1107e-17	6.9984e-18
nan	1.1013e-17	6.9695e-18
nan	1.0891e-17	6.8636e-18
nan	1.0796e-17	6.7463e-18
nan	1.0753e-17	6.7029e-18
nan	1.0675e-17	6.6171e-18
nan	1.0596e-17	6.4917e-18
nan	1.0545e-17	6.4917e-18
nan	1.0496e-17	6.4917e-18
nan	1.0442e-17	6.4917e-18
nan	1.0408e-17	6.4917e-18
nan	1.0343e-17	6.4917e-18
nan	1.0226e-17	6.4917e-18
nan	1.0099e-17	6.4917e-18
nan	1.0007e-17	6.4917e-18
nan	9.9472e-18	6.4917e-18
nan	9.8635e-18	6.4917e-18
nan	9.8033e-18	6.4917e-18
nan	9.7616e-18	6.4917e-18
nan	9.6809e-18	6.4917e-18
nan	9.5804e-18	6.4917e-18
nan	9.5404e-18	6.4917e-18
nan	9.5049e-18	6.4917e-18
nan	9.4224e-18	6.4917e-18
nan	9.3060e-18	6.4917e-18
nan	9.1939e-18	6.4917e-18
nan	9.0867e-18	6.4917e-18
nan	8.9848e-18	6.4917e-18
nan	8.8890e-18	6.4917e-18
nan	8.7999e-18	6.4917e-18
nan	8.7184e-18	6.4917e-18
nan	8.6449e-18	6.4917e-18
nan	8.5801e-18	6.4917e-18
nan	8.5249e-18	6.4917e-18
nan	8.4800e-18	6.4917e-18
nan	8.4534e-18	6.4917e-18
nan	8.3069e-18	6.4917e-18
nan	8.1655e-18	6.4917e-18
nan	8.0851e-18	6.4917e-18
nan	7.9551e-18	6.4917e-18
nan	7.8305e-18	6.4917e-18
nan	7.6985e-18	6.4917e-18
nan	7.5052e-18	6.4917e-18
nan	7.3715e-18	6.4917e-18
nan	7.2994e-18	6.4917e-18
nan	7.2187e-18	6.4917e-18
