#wls	flux	fluxerr
5.636673E+03	3.480321E-18	2.463459E-18
5.638074E+03	3.490286E-18	2.455770E-18
5.639074E+03	3.482675E-18	2.458908E-18
5.639274E+03	3.485657E-18	2.458673E-18
5.639674E+03	3.517198E-18	2.452396E-18
5.639874E+03	3.531713E-18	2.454750E-18
5.640074E+03	3.530850E-18	2.427680E-18
5.640274E+03	3.554075E-18	2.425954E-18
5.640474E+03	3.533361E-18	2.424306E-18
5.640874E+03	3.517433E-18	2.409477E-18
5.641074E+03	3.527084E-18	2.411988E-18
5.641274E+03	3.510607E-18	2.405162E-18
5.641474E+03	3.504330E-18	2.403593E-18
5.641674E+03	3.523632E-18	2.391823E-18
5.642074E+03	3.505272E-18	2.397473E-18
5.642274E+03	3.453566E-18	2.407045E-18
5.642474E+03	3.461726E-18	2.406025E-18
5.642674E+03	3.444778E-18	2.367265E-18
5.643075E+03	3.454193E-18	2.337371E-18
5.643275E+03	3.407038E-18	2.344982E-18
5.643475E+03	3.411353E-18	2.340980E-18
5.643675E+03	3.399584E-18	2.346237E-18
5.643874E+03	3.401703E-18	2.332742E-18
5.644074E+03	3.402644E-18	2.332428E-18
5.644275E+03	3.346936E-18	2.323876E-18
5.644475E+03	3.347172E-18	2.324268E-18
5.644675E+03	3.363021E-18	2.328505E-18
5.644874E+03	3.360589E-18	2.331565E-18
5.645074E+03	3.380361E-18	2.330780E-18
5.645274E+03	3.392758E-18	2.331643E-18
5.645474E+03	3.406175E-18	2.336900E-18
5.645674E+03	3.408921E-18	2.336037E-18
5.645874E+03	3.427046E-18	2.329211E-18
5.646074E+03	3.427124E-18	2.337449E-18
5.646274E+03	3.420926E-18	2.341216E-18
5.646474E+03	3.386952E-18	2.342236E-18
5.646674E+03	3.397309E-18	2.328034E-18
5.646874E+03	3.383892E-18	2.331643E-18
5.647074E+03	3.372201E-18	2.314382E-18
5.647274E+03	3.377380E-18	2.310223E-18
5.647474E+03	3.398250E-18	2.323013E-18
5.647874E+03	3.411353E-18	2.321522E-18
5.648074E+03	3.408136E-18	2.322856E-18
5.648275E+03	3.425084E-18	2.320502E-18
5.648675E+03	3.420141E-18	2.312969E-18
5.648875E+03	3.428536E-18	2.312969E-18
5.649075E+03	3.435755E-18	2.323326E-18
5.649275E+03	3.417866E-18	2.312891E-18
5.649475E+03	3.433872E-18	2.312656E-18
5.649875E+03	3.456390E-18	2.311165E-18
5.650075E+03	3.478046E-18	2.309125E-18
5.650275E+03	3.487147E-18	2.298689E-18
5.650475E+03	3.501820E-18	2.288411E-18
5.650675E+03	3.523004E-18	2.285194E-18
5.650875E+03	3.549917E-18	2.282291E-18
5.651075E+03	3.570238E-18	2.282605E-18
5.651275E+03	3.552427E-18	2.273425E-18
5.651475E+03	3.569218E-18	2.268639E-18
5.651675E+03	3.564275E-18	2.214657E-18
5.651875E+03	3.542620E-18	2.207596E-18
5.652075E+03	3.569454E-18	2.208851E-18
5.652275E+03	3.578477E-18	2.209165E-18
5.652475E+03	3.599347E-18	2.204614E-18
5.652675E+03	3.592835E-18	2.191589E-18
5.652875E+03	3.580438E-18	2.192845E-18
5.653075E+03	3.566158E-18	2.182566E-18
5.653476E+03	3.543326E-18	2.098299E-18
5.653676E+03	3.540658E-18	2.088334E-18
5.653876E+03	3.563098E-18	2.084254E-18
5.654076E+03	3.587343E-18	2.075623E-18
5.654276E+03	3.595895E-18	2.063383E-18
5.654476E+03	3.590324E-18	2.063069E-18
5.654676E+03	3.586558E-18	2.053262E-18
5.654876E+03	3.607900E-18	2.054282E-18
5.655076E+03	3.626966E-18	2.060794E-18
5.655876E+03	3.633792E-18	2.061029E-18
5.656475E+03	3.653251E-18	2.053889E-18
5.656676E+03	3.689421E-18	2.056871E-18
5.656876E+03	3.680477E-18	2.053497E-18
5.657275E+03	3.679614E-18	2.054909E-18
5.657475E+03	3.708723E-18	2.047455E-18
5.657675E+03	3.705114E-18	2.046435E-18
5.658075E+03	3.698758E-18	2.045651E-18
5.658275E+03	3.723395E-18	2.064717E-18
5.658475E+03	3.725592E-18	2.062442E-18
5.658676E+03	3.726612E-18	2.067699E-18
5.659276E+03	3.717903E-18	2.072249E-18
5.659476E+03	3.740735E-18	2.068875E-18
5.659676E+03	3.767883E-18	2.069346E-18
5.659876E+03	3.765372E-18	2.065345E-18
5.660076E+03	3.738303E-18	2.064403E-18
5.660276E+03	3.746071E-18	2.061735E-18
5.660476E+03	3.751720E-18	2.058440E-18
5.660676E+03	3.764823E-18	2.054439E-18
5.661076E+03	3.760272E-18	2.052634E-18
5.661276E+03	3.784909E-18	2.059852E-18
5.661676E+03	3.783968E-18	2.073034E-18
5.661876E+03	3.763489E-18	2.085823E-18
5.662076E+03	3.753760E-18	2.087706E-18
5.662276E+03	3.743874E-18	2.088726E-18
5.662476E+03	3.720806E-18	2.098534E-18
5.662676E+03	3.708644E-18	2.099240E-18
5.662876E+03	3.672238E-18	2.099083E-18
5.663076E+03	3.664157E-18	2.108499E-18
5.663276E+03	3.668551E-18	2.119405E-18
5.663476E+03	3.670198E-18	2.118699E-18
5.663676E+03	3.681340E-18	2.122465E-18
5.663877E+03	3.696326E-18	2.125132E-18
5.664077E+03	3.693815E-18	2.124191E-18
5.664277E+03	3.722454E-18	2.120425E-18
5.664877E+03	3.696718E-18	2.119719E-18
5.665077E+03	3.694757E-18	2.127800E-18
5.665277E+03	3.698366E-18	2.122700E-18
5.666077E+03	3.697895E-18	2.123249E-18
5.666277E+03	3.688480E-18	2.120739E-18
5.666477E+03	3.705427E-18	2.115325E-18
5.666677E+03	3.669021E-18	2.112735E-18
5.666877E+03	3.656467E-18	2.131959E-18
5.667477E+03	3.613078E-18	2.132429E-18
5.667677E+03	3.559567E-18	2.128035E-18
5.667877E+03	3.561294E-18	2.118620E-18
5.668077E+03	3.555487E-18	2.107792E-18
5.668277E+03	3.555958E-18	2.097514E-18
5.668476E+03	3.543247E-18	2.092100E-18
5.668676E+03	3.529203E-18	2.078291E-18
5.668877E+03	3.525515E-18	2.089746E-18
5.669078E+03	3.492953E-18	2.094140E-18
5.669278E+03	3.487461E-18	2.093434E-18
5.669477E+03	3.490600E-18	2.097122E-18
5.669677E+03	3.473966E-18	2.102535E-18
5.670077E+03	3.488010E-18	2.096729E-18
5.670677E+03	3.489030E-18	2.100417E-18
5.670877E+03	3.497504E-18	2.102457E-18
5.671077E+03	3.498995E-18	2.102535E-18
5.671277E+03	3.506449E-18	2.103869E-18
5.671477E+03	3.511235E-18	2.103006E-18
5.671877E+03	3.521906E-18	2.094140E-18
5.672077E+03	3.529360E-18	2.093983E-18
5.672277E+03	3.479301E-18	2.089825E-18
5.673077E+03	3.501113E-18	2.102457E-18
5.673277E+03	3.483852E-18	2.102065E-18
5.673877E+03	3.463373E-18	2.112657E-18
5.674077E+03	3.461726E-18	2.122465E-18
5.674278E+03	3.418415E-18	2.118934E-18
5.674478E+03	3.404527E-18	2.126937E-18
5.674678E+03	3.399584E-18	2.103085E-18
5.674878E+03	3.378321E-18	2.098926E-18
5.675478E+03	3.369298E-18	2.107714E-18
5.675678E+03	3.372986E-18	2.123328E-18
5.676278E+03	3.382715E-18	2.122700E-18
5.676478E+03	3.379498E-18	2.127251E-18
5.676678E+03	3.361373E-18	2.128585E-18
5.676878E+03	3.352821E-18	2.130389E-18
5.677278E+03	3.340895E-18	2.112892E-18
5.677478E+03	3.327556E-18	2.099397E-18
5.677678E+03	3.323398E-18	2.094532E-18
5.677878E+03	3.320730E-18	2.089589E-18
5.678078E+03	3.322143E-18	2.082292E-18
5.678278E+03	3.315787E-18	2.082292E-18
5.678478E+03	3.310216E-18	2.078840E-18
5.678678E+03	3.305195E-18	2.072877E-18
5.678878E+03	3.307706E-18	2.076486E-18
5.679078E+03	3.312256E-18	2.080095E-18
5.679278E+03	3.320259E-18	2.088962E-18
5.679479E+03	3.325830E-18	2.098769E-18
5.679679E+03	3.321672E-18	2.108185E-18
5.680279E+03	3.322221E-18	2.111794E-18
5.680479E+03	3.319553E-18	2.088883E-18
5.680678E+03	3.320573E-18	2.089119E-18
5.680878E+03	3.320495E-18	2.094062E-18
5.681078E+03	3.324339E-18	2.091786E-18
5.681479E+03	3.329047E-18	2.097122E-18
5.681678E+03	3.333755E-18	2.094062E-18
5.681878E+03	3.336187E-18	2.094297E-18
5.682078E+03	3.349996E-18	2.095788E-18
5.682478E+03	3.355646E-18	2.099083E-18
5.682678E+03	3.363021E-18	2.110382E-18
5.682878E+03	3.379969E-18	2.108577E-18
5.683278E+03	3.391738E-18	2.105203E-18
5.683478E+03	3.396760E-18	2.099319E-18
5.683678E+03	3.404841E-18	2.118306E-18
5.683878E+03	3.410176E-18	2.122622E-18
5.684078E+03	3.427752E-18	2.123799E-18
5.684278E+03	3.439992E-18	2.127643E-18
5.684478E+03	3.449015E-18	2.122622E-18
5.684679E+03	3.455684E-18	2.130939E-18
5.685079E+03	3.465806E-18	2.139883E-18
5.685279E+03	3.470984E-18	2.119797E-18
5.685479E+03	3.478438E-18	2.128585E-18
5.685679E+03	3.487226E-18	2.128114E-18
5.685879E+03	3.505821E-18	2.121445E-18
5.686879E+03	3.511157E-18	2.125211E-18
5.687079E+03	3.521906E-18	2.126466E-18
5.687279E+03	3.538461E-18	2.111245E-18
5.687479E+03	3.545130E-18	2.119405E-18
5.687679E+03	3.561529E-18	2.115246E-18
5.687879E+03	3.573063E-18	2.110774E-18
5.688079E+03	3.590089E-18	2.099319E-18
5.688279E+03	3.598563E-18	2.121915E-18
5.688479E+03	3.607194E-18	2.133842E-18
5.688679E+03	3.614647E-18	2.135803E-18
5.688879E+03	3.624612E-18	2.144591E-18
5.689279E+03	3.642737E-18	2.144591E-18
5.689479E+03	3.650975E-18	2.152986E-18
5.689679E+03	3.642187E-18	2.163971E-18
5.689880E+03	3.651838E-18	2.164128E-18
5.690080E+03	3.630418E-18	2.145768E-18
5.690280E+03	3.642187E-18	2.129055E-18
5.690680E+03	3.641010E-18	2.115482E-18
5.690880E+03	3.645483E-18	2.099162E-18
5.691280E+03	3.632537E-18	2.084411E-18
5.691480E+03	3.639990E-18	2.070288E-18
5.691680E+03	3.652701E-18	2.062912E-18
5.692680E+03	3.653407E-18	2.050515E-18
5.692880E+03	3.654663E-18	2.039060E-18
5.693480E+03	3.657566E-18	2.036942E-18
5.693680E+03	3.651367E-18	2.039845E-18
5.693880E+03	3.628143E-18	2.032862E-18
5.694479E+03	3.597072E-18	2.039609E-18
5.694679E+03	3.604290E-18	2.049339E-18
5.694879E+03	3.616766E-18	2.057028E-18
5.695080E+03	3.630026E-18	2.055537E-18
5.695280E+03	3.630104E-18	2.051692E-18
5.695680E+03	3.625632E-18	2.056400E-18
5.695880E+03	3.618178E-18	2.056400E-18
5.696080E+03	3.637009E-18	2.047377E-18
5.696480E+03	3.645326E-18	2.038589E-18
5.696680E+03	3.629006E-18	2.049495E-18
5.697080E+03	3.613784E-18	2.056479E-18
5.697480E+03	3.612764E-18	2.048318E-18
5.697680E+03	3.618963E-18	2.038746E-18
5.697880E+03	3.608527E-18	2.054125E-18
5.698080E+03	3.603898E-18	2.048083E-18
5.698680E+03	3.587107E-18	2.047063E-18
5.698880E+03	3.594875E-18	2.038982E-18
5.699080E+03	3.571180E-18	2.044709E-18
5.699280E+03	3.569218E-18	2.038589E-18
5.699480E+03	3.572043E-18	2.029802E-18
5.699680E+03	3.549132E-18	2.033018E-18
5.700080E+03	3.527241E-18	2.031685E-18
5.700281E+03	3.523710E-18	2.022348E-18
5.700481E+03	3.493817E-18	2.021171E-18
5.700681E+03	3.501820E-18	2.019680E-18
5.700881E+03	3.501035E-18	2.013325E-18
5.701081E+03	3.491541E-18	2.008774E-18
5.701281E+03	3.482753E-18	2.006185E-18
5.701481E+03	3.489972E-18	2.008303E-18
5.701681E+03	3.499937E-18	2.012618E-18
5.701881E+03	3.501820E-18	2.020151E-18
5.702081E+03	3.499780E-18	2.019523E-18
5.702281E+03	3.499073E-18	2.016306E-18
5.702481E+03	3.506135E-18	2.001869E-18
5.702681E+03	3.513510E-18	2.003752E-18
5.702881E+03	3.527241E-18	2.004380E-18
5.703081E+03	3.540344E-18	2.015600E-18
5.703281E+03	3.553055E-18	2.009951E-18
5.703481E+03	3.566080E-18	2.014345E-18
5.703681E+03	3.571180E-18	2.002968E-18
5.704481E+03	3.578241E-18	2.005086E-18
5.704681E+03	3.583969E-18	2.003517E-18
5.704881E+03	3.560823E-18	2.003360E-18
5.705481E+03	3.553997E-18	2.000614E-18
5.705681E+03	3.560195E-18	2.008460E-18
5.705882E+03	3.576437E-18	2.010971E-18
5.706082E+03	3.582714E-18	2.016385E-18
5.706282E+03	3.585460E-18	2.018111E-18
5.706681E+03	3.580517E-18	2.018974E-18
5.706881E+03	3.597543E-18	2.030822E-18
5.707281E+03	3.590795E-18	2.030351E-18
5.707481E+03	3.595895E-18	2.013560E-18
5.707681E+03	3.581066E-18	2.008617E-18
5.707881E+03	3.576044E-18	2.012854E-18
5.708081E+03	3.585224E-18	2.019366E-18
5.708281E+03	3.565609E-18	2.021563E-18
5.708481E+03	3.551643E-18	2.022269E-18
5.709081E+03	3.557214E-18	2.021798E-18
5.709281E+03	3.528497E-18	2.018974E-18
5.709481E+03	3.526849E-18	2.016228E-18
5.709681E+03	3.538932E-18	2.014031E-18
5.709881E+03	3.537206E-18	2.012775E-18
5.710081E+03	3.529595E-18	2.012697E-18
5.710281E+03	3.523161E-18	2.016698E-18
5.710481E+03	3.512177E-18	2.022505E-18
5.710682E+03	3.503232E-18	2.034666E-18
5.710882E+03	3.493973E-18	2.034274E-18
5.711482E+03	3.495778E-18	2.033254E-18
5.711682E+03	3.508097E-18	2.045572E-18
5.711882E+03	3.479301E-18	2.045651E-18
5.712082E+03	3.467767E-18	2.048397E-18
5.712482E+03	3.471377E-18	2.058911E-18
5.712882E+03	3.462981E-18	2.057342E-18
5.713082E+03	3.465178E-18	2.075859E-18
5.713482E+03	3.470906E-18	2.079075E-18
5.713682E+03	3.465021E-18	2.096102E-18
5.713882E+03	3.468787E-18	2.092179E-18
5.714282E+03	3.461020E-18	2.107243E-18
5.714682E+03	3.445249E-18	2.110931E-18
5.714882E+03	3.437560E-18	2.112422E-18
5.715482E+03	3.436461E-18	2.120425E-18
5.715682E+03	3.440070E-18	2.122935E-18
5.715883E+03	3.439600E-18	2.128663E-18
5.716083E+03	3.435441E-18	2.130389E-18
5.716283E+03	3.420220E-18	2.132037E-18
5.716483E+03	3.419906E-18	2.131723E-18
5.716683E+03	3.412060E-18	2.131017E-18
5.716883E+03	3.406175E-18	2.127957E-18
5.717083E+03	3.410412E-18	2.124897E-18
5.717283E+03	3.392915E-18	2.127015E-18
5.718483E+03	3.394798E-18	2.119326E-18
5.718682E+03	3.386716E-18	2.121209E-18
5.719082E+03	3.385932E-18	2.123877E-18
5.719282E+03	3.382244E-18	2.114775E-18
5.719882E+03	3.377301E-18	2.121602E-18
5.720082E+03	3.359569E-18	2.121602E-18
5.720282E+03	3.364276E-18	2.123485E-18
5.720682E+03	3.360353E-18	2.136902E-18
5.720882E+03	3.347250E-18	2.145219E-18
5.721083E+03	3.341836E-18	2.142472E-18
5.721283E+03	3.342464E-18	2.137843E-18
5.721483E+03	3.330459E-18	2.135254E-18
5.722083E+03	3.329361E-18	2.140746E-18
5.722283E+03	3.336501E-18	2.149926E-18
5.722483E+03	3.337443E-18	2.155497E-18
5.722683E+03	3.337207E-18	2.164128E-18
5.722883E+03	3.321279E-18	2.159420E-18
5.723283E+03	3.310216E-18	2.156046E-18
5.723483E+03	3.303626E-18	2.160440E-18
5.724083E+03	3.302370E-18	2.155262E-18
5.724283E+03	3.302370E-18	2.133371E-18
5.724483E+03	3.313512E-18	2.125839E-18
5.724683E+03	3.313826E-18	2.120660E-18
5.724883E+03	3.313119E-18	2.119405E-18
5.725083E+03	3.309510E-18	2.126309E-18
5.725283E+03	3.307392E-18	2.127172E-18
5.725483E+03	3.296329E-18	2.121523E-18
5.725883E+03	3.273889E-18	2.128977E-18
5.726083E+03	3.256313E-18	2.124034E-18
5.726284E+03	3.251606E-18	2.122072E-18
5.726484E+03	3.250978E-18	2.120895E-18
5.726684E+03	3.250193E-18	2.124034E-18
5.727084E+03	3.234658E-18	2.116580E-18
5.727284E+03	3.233246E-18	2.122229E-18
5.727484E+03	3.241955E-18	2.123485E-18
5.727684E+03	3.242269E-18	2.124269E-18
5.727884E+03	3.238502E-18	2.129134E-18
5.728084E+03	3.230735E-18	2.132900E-18
5.728884E+03	3.238816E-18	2.137215E-18
5.729084E+03	3.245329E-18	2.140432E-18
5.729284E+03	3.238267E-18	2.143179E-18
5.729684E+03	3.238895E-18	2.143885E-18
5.729884E+03	3.242347E-18	2.134469E-18
5.730083E+03	3.238738E-18	2.137843E-18
5.730283E+03	3.236384E-18	2.129448E-18
5.730484E+03	3.236227E-18	2.107949E-18
5.730684E+03	3.225164E-18	2.111402E-18
5.730883E+03	3.227204E-18	2.108499E-18
5.731083E+03	3.210884E-18	2.112265E-18
5.731484E+03	3.196290E-18	2.116737E-18
5.731884E+03	3.190013E-18	2.110460E-18
5.732284E+03	3.187032E-18	2.094062E-18
5.732484E+03	3.179970E-18	2.097122E-18
5.732684E+03	3.173772E-18	2.098063E-18
5.732884E+03	3.162238E-18	2.102379E-18
5.733084E+03	3.156824E-18	2.106380E-18
5.733484E+03	3.146781E-18	2.109597E-18
5.734084E+03	3.132265E-18	2.113520E-18
5.734484E+03	3.121124E-18	2.117992E-18
5.735084E+03	3.115945E-18	2.123328E-18
5.735284E+03	3.106922E-18	2.128742E-18
5.735484E+03	3.109512E-18	2.134234E-18
5.735684E+03	3.109982E-18	2.139491E-18
5.735884E+03	3.100645E-18	2.153692E-18
5.736084E+03	3.099704E-18	2.154556E-18
5.736284E+03	3.095781E-18	2.152045E-18
5.736484E+03	3.085110E-18	2.149456E-18
5.736885E+03	3.075381E-18	2.146474E-18
5.737085E+03	3.053098E-18	2.140119E-18
5.737685E+03	3.064161E-18	2.153457E-18
5.737885E+03	3.063533E-18	2.167188E-18
5.738085E+03	3.053725E-18	2.169306E-18
5.738285E+03	3.049253E-18	2.162402E-18
5.738885E+03	3.037719E-18	2.163579E-18
5.739685E+03	3.025008E-18	2.153928E-18
5.739885E+03	3.008532E-18	2.151966E-18
5.740085E+03	2.979893E-18	2.148357E-18
5.740285E+03	2.961925E-18	2.143963E-18
5.740885E+03	2.963338E-18	2.137686E-18
5.741085E+03	2.957296E-18	2.131252E-18
5.741685E+03	2.946076E-18	2.130860E-18
5.741886E+03	2.942938E-18	2.173622E-18
5.742086E+03	2.935248E-18	2.174563E-18
5.742286E+03	2.933915E-18	2.139805E-18
5.742485E+03	2.928658E-18	2.135882E-18
5.742685E+03	2.924656E-18	2.175034E-18
5.743086E+03	2.918458E-18	2.172209E-18
5.743285E+03	2.910611E-18	2.220934E-18
5.744285E+03	2.905276E-18	2.228545E-18
5.744885E+03	2.907316E-18	2.224936E-18
5.745085E+03	2.907081E-18	2.231997E-18
5.745285E+03	2.914221E-18	2.225642E-18
5.745485E+03	2.909827E-18	2.223680E-18
5.746085E+03	2.908336E-18	2.227446E-18
5.746485E+03	2.907238E-18	2.222660E-18
5.746685E+03	2.910611E-18	2.229094E-18
5.746885E+03	2.916888E-18	2.234900E-18
5.747086E+03	2.916967E-18	2.225092E-18
5.747286E+03	2.915790E-18	2.220934E-18
5.747486E+03	2.912808E-18	2.223052E-18
5.748286E+03	2.917751E-18	2.222582E-18
5.748486E+03	2.911475E-18	2.202417E-18
5.748686E+03	2.920655E-18	2.195669E-18
5.748886E+03	2.918693E-18	2.200926E-18
5.749086E+03	2.919321E-18	2.191511E-18
5.749286E+03	2.914691E-18	2.194179E-18
5.749486E+03	2.902451E-18	2.193629E-18
5.749686E+03	2.902216E-18	2.172209E-18
5.750486E+03	2.892958E-18	2.172288E-18
5.750686E+03	2.887858E-18	2.171817E-18
5.750886E+03	2.885582E-18	2.171268E-18
5.751686E+03	2.884405E-18	2.168600E-18
5.751886E+03	2.887073E-18	2.168600E-18
5.752086E+03	2.888564E-18	2.167972E-18
5.752287E+03	2.885661E-18	2.168129E-18
5.752487E+03	2.881581E-18	2.163108E-18
5.752687E+03	2.874833E-18	2.163343E-18
5.752887E+03	2.867222E-18	2.163579E-18
5.753687E+03	2.859298E-18	2.156282E-18
5.753887E+03	2.858042E-18	2.166796E-18
5.754287E+03	2.858984E-18	2.176603E-18
5.754686E+03	2.860788E-18	2.178643E-18
5.754886E+03	2.871459E-18	2.168443E-18
5.755087E+03	2.865261E-18	2.161460E-18
5.755287E+03	2.871302E-18	2.164756E-18
5.755486E+03	2.868242E-18	2.166011E-18
5.755686E+03	2.864790E-18	2.159185E-18
5.756286E+03	2.864555E-18	2.173543E-18
5.756486E+03	2.866751E-18	2.173308E-18
5.756686E+03	2.864241E-18	2.176525E-18
5.757086E+03	2.863691E-18	2.178957E-18
5.757286E+03	2.876245E-18	2.186411E-18
5.757887E+03	2.881031E-18	2.201162E-18
5.759087E+03	2.878678E-18	2.203516E-18
5.759687E+03	2.882208E-18	2.188216E-18
5.759887E+03	2.878678E-18	2.193080E-18
5.760487E+03	2.880639E-18	2.195905E-18
5.760687E+03	2.880168E-18	2.196925E-18
5.760887E+03	2.886759E-18	2.191982E-18
5.761087E+03	2.876716E-18	2.194963E-18
5.761287E+03	2.874362E-18	2.221876E-18
5.761487E+03	2.877501E-18	2.221012E-18
5.761887E+03	2.880796E-18	2.221405E-18
5.762287E+03	2.878521E-18	2.219914E-18
5.762487E+03	2.871695E-18	2.215128E-18
5.762688E+03	2.872950E-18	2.217560E-18
5.762888E+03	2.862828E-18	2.221876E-18
5.763088E+03	2.863142E-18	2.217089E-18
5.763888E+03	2.875225E-18	2.217639E-18
5.764088E+03	2.870910E-18	2.233802E-18
5.764288E+03	2.874205E-18	2.245414E-18
5.764488E+03	2.875618E-18	2.235371E-18
5.765088E+03	2.887387E-18	2.236626E-18
5.765288E+03	2.882836E-18	2.238666E-18
5.766488E+03	2.889427E-18	2.235999E-18
5.766888E+03	2.882522E-18	2.235449E-18
5.767087E+03	2.879148E-18	2.234900E-18
5.767288E+03	2.875225E-18	2.224543E-18
5.767488E+03	2.878364E-18	2.224622E-18
5.767889E+03	2.884170E-18	2.225406E-18
5.768088E+03	2.884798E-18	2.235999E-18
5.768288E+03	2.882993E-18	2.236234E-18
5.768488E+03	2.888799E-18	2.242668E-18
5.768688E+03	2.882601E-18	2.244786E-18
5.768888E+03	2.886367E-18	2.243060E-18
5.769088E+03	2.886916E-18	2.234429E-18
5.769688E+03	2.889270E-18	2.231605E-18
5.769888E+03	2.894762E-18	2.226505E-18
5.770288E+03	2.895625E-18	2.228388E-18
5.770488E+03	2.898685E-18	2.235292E-18
5.771288E+03	2.898685E-18	2.232703E-18
5.771688E+03	2.888799E-18	2.227132E-18
5.772288E+03	2.887544E-18	2.229565E-18
5.772488E+03	2.879619E-18	2.240314E-18
5.773089E+03	2.874441E-18	2.239686E-18
5.773289E+03	2.869419E-18	2.237097E-18
5.773489E+03	2.868007E-18	2.230506E-18
5.774089E+03	2.856002E-18	2.228623E-18
5.774289E+03	2.854119E-18	2.224857E-18
5.774889E+03	2.853805E-18	2.225485E-18
5.775089E+03	2.848548E-18	2.225485E-18
5.775489E+03	2.850039E-18	2.225406E-18
5.775889E+03	2.852550E-18	2.224779E-18
5.776089E+03	2.855845E-18	2.226191E-18
5.776289E+03	2.858984E-18	2.232782E-18
5.776489E+03	2.854982E-18	2.227917E-18
5.776889E+03	2.851216E-18	2.217089E-18
5.777089E+03	2.846430E-18	2.231291E-18
5.777289E+03	2.849490E-18	2.228937E-18
5.777889E+03	2.853727E-18	2.221954E-18
5.778290E+03	2.844154E-18	2.222032E-18
5.778690E+03	2.847528E-18	2.218816E-18
5.778890E+03	2.850039E-18	2.223052E-18
5.779090E+03	2.848078E-18	2.224229E-18
5.779290E+03	2.853256E-18	2.208537E-18
5.779890E+03	2.849333E-18	2.208223E-18
5.780090E+03	2.849961E-18	2.191982E-18
5.780489E+03	2.840153E-18	2.182880E-18
5.780689E+03	2.842350E-18	2.170954E-18
5.780889E+03	2.845802E-18	2.160676E-18
5.781089E+03	2.840231E-18	2.165148E-18
5.781489E+03	2.841722E-18	2.164206E-18
5.781689E+03	2.843056E-18	2.156831E-18
5.782089E+03	2.835131E-18	2.156360E-18
5.782289E+03	2.833091E-18	2.155968E-18
5.782489E+03	2.844233E-18	2.155654E-18
5.782689E+03	2.853099E-18	2.152986E-18
5.782889E+03	2.857179E-18	2.156752E-18
5.783289E+03	2.862671E-18	2.153928E-18
5.783490E+03	2.869341E-18	2.152123E-18
5.783690E+03	2.872165E-18	2.141766E-18
5.783890E+03	2.867771E-18	2.139177E-18
5.784090E+03	2.875461E-18	2.142159E-18
5.784290E+03	2.868635E-18	2.143571E-18
5.784490E+03	2.883385E-18	2.143022E-18
5.784690E+03	2.886288E-18	2.144355E-18
5.784890E+03	2.882915E-18	2.150554E-18
5.785090E+03	2.879933E-18	2.139648E-18
5.785290E+03	2.868478E-18	2.114854E-18
5.785890E+03	2.854590E-18	2.105909E-18
5.786090E+03	2.848313E-18	2.104889E-18
5.786290E+03	2.835838E-18	2.115874E-18
5.786490E+03	2.834425E-18	2.119169E-18
5.786690E+03	2.838741E-18	2.115011E-18
5.786890E+03	2.827678E-18	2.099397E-18
5.787090E+03	2.814967E-18	2.076015E-18
5.787290E+03	2.808376E-18	2.069425E-18
5.787490E+03	2.796450E-18	2.068091E-18
5.787690E+03	2.792291E-18	2.072249E-18
5.787890E+03	2.787662E-18	2.069974E-18
5.788691E+03	2.781621E-18	2.070915E-18
5.788891E+03	2.786250E-18	2.064168E-18
5.789691E+03	2.785387E-18	2.064089E-18
5.789891E+03	2.791821E-18	2.071779E-18
5.790091E+03	2.787898E-18	2.074917E-18
5.790691E+03	2.788133E-18	2.073662E-18
5.790891E+03	2.784288E-18	2.075152E-18
5.791291E+03	2.787113E-18	2.074839E-18
5.791491E+03	2.791507E-18	2.071386E-18
5.791891E+03	2.793468E-18	2.068326E-18
5.792091E+03	2.796293E-18	2.081429E-18
5.792690E+03	2.796842E-18	2.087785E-18
5.793490E+03	2.796214E-18	2.082057E-18
5.793690E+03	2.802256E-18	2.078840E-18
5.793891E+03	2.806101E-18	2.076957E-18
5.794291E+03	2.809004E-18	2.075859E-18
5.794491E+03	2.825559E-18	2.077820E-18
5.794691E+03	2.831208E-18	2.075466E-18
5.794891E+03	2.822734E-18	2.073505E-18
5.795091E+03	2.822656E-18	2.070131E-18
5.795691E+03	2.814339E-18	2.071308E-18
5.795891E+03	2.809867E-18	2.070131E-18
5.796091E+03	2.822734E-18	2.066835E-18
5.796291E+03	2.823911E-18	2.065345E-18
5.796491E+03	2.839761E-18	2.063383E-18
5.796691E+03	2.846116E-18	2.062049E-18
5.797091E+03	2.840938E-18	2.059068E-18
5.797491E+03	2.841408E-18	2.061971E-18
5.797691E+03	2.846273E-18	2.058832E-18
5.798691E+03	2.855453E-18	2.063619E-18
5.798891E+03	2.846038E-18	2.065266E-18
5.799092E+03	2.835367E-18	2.061500E-18
5.799292E+03	2.828541E-18	2.056714E-18
5.799492E+03	2.838505E-18	2.063305E-18
5.799692E+03	2.844704E-18	2.066129E-18
5.799892E+03	2.850431E-18	2.067228E-18
5.800292E+03	2.852315E-18	2.068248E-18
5.800492E+03	2.843762E-18	2.063775E-18
5.800692E+03	2.846430E-18	2.057577E-18
5.801092E+03	2.845253E-18	2.053340E-18
5.801292E+03	2.857807E-18	2.049260E-18
5.801492E+03	2.863770E-18	2.051300E-18
5.801692E+03	2.858591E-18	2.059382E-18
5.801892E+03	2.866908E-18	2.079939E-18
5.802092E+03	2.866516E-18	2.091551E-18
5.802292E+03	2.869733E-18	2.086843E-18
5.802492E+03	2.874048E-18	2.094062E-18
5.802692E+03	2.884719E-18	2.104732E-18
5.802892E+03	2.878835E-18	2.099868E-18
5.803092E+03	2.874519E-18	2.095788E-18
5.803292E+03	2.872871E-18	2.088255E-18
5.803892E+03	2.871302E-18	2.078526E-18
5.804092E+03	2.870675E-18	2.077428E-18
5.804493E+03	2.869027E-18	2.078134E-18
5.804693E+03	2.869027E-18	2.076172E-18
5.804892E+03	2.874048E-18	2.080645E-18
5.805092E+03	2.871695E-18	2.081351E-18
5.805292E+03	2.866595E-18	2.089746E-18
5.805692E+03	2.864005E-18	2.092100E-18
5.805892E+03	2.867458E-18	2.096494E-18
5.806092E+03	2.870596E-18	2.100025E-18
5.806492E+03	2.869655E-18	2.111166E-18
5.806692E+03	2.871224E-18	2.073740E-18
5.806892E+03	2.877501E-18	2.074289E-18
5.807092E+03	2.872871E-18	2.070602E-18
5.807692E+03	2.876245E-18	2.069895E-18
5.807892E+03	2.875147E-18	2.045337E-18
5.808092E+03	2.879855E-18	2.048632E-18
5.808292E+03	2.886445E-18	2.009009E-18
5.808892E+03	2.891781E-18	1.992768E-18
5.809092E+03	2.889348E-18	1.991983E-18
5.809292E+03	2.893585E-18	1.986177E-18
5.809893E+03	2.895547E-18	1.983431E-18
5.810093E+03	2.907473E-18	1.982882E-18
5.810493E+03	2.897901E-18	1.982411E-18
5.810893E+03	2.901118E-18	1.982411E-18
5.811093E+03	2.893507E-18	1.975820E-18
5.811493E+03	2.897351E-18	1.974722E-18
5.811693E+03	2.894684E-18	1.977938E-18
5.812093E+03	2.901039E-18	1.978331E-18
5.812293E+03	2.903550E-18	1.976683E-18
5.812493E+03	2.906375E-18	1.981862E-18
5.812693E+03	2.909591E-18	1.988217E-18
5.812893E+03	2.911945E-18	1.980292E-18
5.813293E+03	2.915476E-18	1.972132E-18
5.813693E+03	2.906061E-18	1.980528E-18
5.813893E+03	2.900411E-18	1.984294E-18
5.814293E+03	2.906924E-18	1.980449E-18
5.814894E+03	2.919556E-18	1.981312E-18
5.815094E+03	2.917045E-18	1.985471E-18
5.815294E+03	2.920733E-18	1.985942E-18
5.815494E+03	2.932345E-18	1.986020E-18
5.815694E+03	2.931482E-18	1.988374E-18
5.816493E+03	2.927324E-18	1.992532E-18
5.816694E+03	2.931875E-18	1.993788E-18
5.816894E+03	2.930698E-18	2.002732E-18
5.817093E+03	2.933444E-18	2.002418E-18
5.817293E+03	2.924813E-18	2.010735E-18
5.817493E+03	2.921361E-18	2.010343E-18
5.817693E+03	2.925833E-18	2.011206E-18
5.817893E+03	2.925911E-18	1.992062E-18
5.818093E+03	2.925990E-18	1.985863E-18
5.818293E+03	2.935641E-18	1.979272E-18
5.818493E+03	2.941996E-18	1.977389E-18
5.818693E+03	2.946547E-18	1.977232E-18
5.818893E+03	2.939642E-18	1.974800E-18
5.819093E+03	2.948665E-18	1.982097E-18
5.819293E+03	2.955178E-18	1.989786E-18
5.819493E+03	2.951255E-18	1.978252E-18
5.820094E+03	2.958552E-18	1.991434E-18
5.820294E+03	2.959650E-18	1.983588E-18
5.820694E+03	2.962239E-18	1.975663E-18
5.820894E+03	2.964985E-18	1.958794E-18
5.821094E+03	2.968516E-18	1.941532E-18
5.821294E+03	2.972047E-18	1.944906E-18
5.821494E+03	2.975028E-18	1.948908E-18
5.821694E+03	2.989152E-18	1.943494E-18
5.821894E+03	2.980835E-18	1.941140E-18
5.822294E+03	2.985935E-18	1.940277E-18
5.822494E+03	2.995428E-18	1.941061E-18
5.822694E+03	2.985464E-18	1.939571E-18
5.822894E+03	2.982953E-18	1.910540E-18
5.823094E+03	2.994408E-18	1.911638E-18
5.823294E+03	2.998018E-18	1.911246E-18
5.823494E+03	3.006805E-18	1.915405E-18
5.823694E+03	3.016927E-18	1.918700E-18
5.823894E+03	3.024302E-18	1.932195E-18
5.824094E+03	3.032541E-18	1.928743E-18
5.824294E+03	3.029010E-18	1.928900E-18
5.824894E+03	3.022419E-18	1.926311E-18
5.825095E+03	3.035836E-18	1.903478E-18
5.825295E+03	3.036228E-18	1.885589E-18
5.825495E+03	3.034738E-18	1.884020E-18
5.825695E+03	3.032933E-18	1.881509E-18
5.825895E+03	3.040073E-18	1.876095E-18
5.826095E+03	3.046193E-18	1.874683E-18
5.826495E+03	3.044310E-18	1.874683E-18
5.826695E+03	3.040701E-18	1.877743E-18
5.827295E+03	3.032776E-18	1.878371E-18
5.827495E+03	3.022890E-18	1.883235E-18
5.827895E+03	3.017241E-18	1.886452E-18
5.828095E+03	3.027990E-18	1.884098E-18
5.828295E+03	3.036856E-18	1.881431E-18
5.828495E+03	3.040387E-18	1.873898E-18
5.829095E+03	3.040622E-18	1.883706E-18
5.829294E+03	3.047135E-18	1.882372E-18
5.829494E+03	3.052235E-18	1.888728E-18
5.829694E+03	3.051529E-18	1.895005E-18
5.829895E+03	3.049802E-18	1.893121E-18
5.830094E+03	3.049645E-18	1.886295E-18
5.830295E+03	3.052235E-18	1.881352E-18
5.830495E+03	3.056472E-18	1.874683E-18
5.830695E+03	3.058433E-18	1.878135E-18
5.830895E+03	3.068241E-18	1.879077E-18
5.831095E+03	3.072164E-18	1.865268E-18
5.831295E+03	3.075381E-18	1.858128E-18
5.831495E+03	3.090053E-18	1.853263E-18
5.831695E+03	3.088249E-18	1.865268E-18
5.831895E+03	3.090210E-18	1.862365E-18
5.832095E+03	3.093192E-18	1.868641E-18
5.832295E+03	3.086758E-18	1.872878E-18
5.832495E+03	3.086993E-18	1.872800E-18
5.832695E+03	3.084247E-18	1.883157E-18
5.832895E+03	3.083698E-18	1.890768E-18
5.833095E+03	3.090524E-18	1.896260E-18
5.833295E+03	3.092642E-18	1.893592E-18
5.833495E+03	3.092485E-18	1.893278E-18
5.833695E+03	3.101979E-18	1.898614E-18
5.833895E+03	3.103705E-18	1.878057E-18
5.834095E+03	3.105118E-18	1.875703E-18
5.834295E+03	3.109355E-18	1.875781E-18
5.834495E+03	3.099469E-18	1.880332E-18
5.834695E+03	3.107472E-18	1.876488E-18
5.834895E+03	3.113278E-18	1.861266E-18
5.835095E+03	3.119476E-18	1.864875E-18
5.835295E+03	3.124419E-18	1.864875E-18
5.835696E+03	3.132736E-18	1.866601E-18
5.835896E+03	3.140190E-18	1.885981E-18
5.836096E+03	3.139013E-18	1.879705E-18
5.836496E+03	3.146624E-18	1.905832E-18
5.836696E+03	3.141210E-18	1.905675E-18
5.836896E+03	3.140033E-18	1.889905E-18
5.837096E+03	3.136581E-18	1.882372E-18
5.837496E+03	3.136895E-18	1.890768E-18
5.837696E+03	3.136738E-18	1.902851E-18
5.837896E+03	3.127793E-18	1.897908E-18
5.838296E+03	3.134855E-18	1.892729E-18
5.838696E+03	3.137679E-18	1.893043E-18
5.838896E+03	3.141367E-18	1.896574E-18
5.839096E+03	3.131167E-18	1.899791E-18
5.839496E+03	3.130775E-18	1.922074E-18
5.839696E+03	3.135404E-18	1.915483E-18
5.839896E+03	3.150704E-18	1.913521E-18
5.840096E+03	3.157216E-18	1.906774E-18
5.840296E+03	3.162473E-18	1.910226E-18
5.840496E+03	3.148664E-18	1.917680E-18
5.840697E+03	3.151489E-18	1.910932E-18
5.840897E+03	3.151489E-18	1.903165E-18
5.841297E+03	3.152430E-18	1.902223E-18
5.841697E+03	3.166082E-18	1.902301E-18
5.841896E+03	3.167495E-18	1.915091E-18
5.842096E+03	3.162395E-18	1.923486E-18
5.842297E+03	3.162787E-18	1.913521E-18
5.843096E+03	3.169378E-18	1.910697E-18
5.843296E+03	3.171026E-18	1.912031E-18
5.843496E+03	3.167259E-18	1.917758E-18
5.843696E+03	3.181147E-18	1.927723E-18
5.843896E+03	3.195270E-18	1.927017E-18
5.844096E+03	3.194093E-18	1.927723E-18
5.844496E+03	3.192446E-18	1.923565E-18
5.844696E+03	3.189778E-18	1.951105E-18
5.844896E+03	3.201782E-18	1.959422E-18
5.845096E+03	3.215278E-18	1.967189E-18
5.845496E+03	3.217710E-18	1.968837E-18
5.845696E+03	3.208922E-18	1.964129E-18
5.845897E+03	3.220064E-18	1.960285E-18
5.846097E+03	3.222339E-18	1.957538E-18
5.846697E+03	3.229087E-18	1.959735E-18
5.846897E+03	3.237169E-18	1.963266E-18
5.847097E+03	3.229166E-18	1.980998E-18
5.847297E+03	3.232069E-18	1.980292E-18
5.847497E+03	3.230264E-18	1.975742E-18
5.847697E+03	3.225556E-18	1.970328E-18
5.847897E+03	3.222889E-18	1.971269E-18
5.848097E+03	3.221476E-18	1.974094E-18
5.848297E+03	3.223830E-18	1.972132E-18
5.848497E+03	3.233795E-18	1.978645E-18
5.848697E+03	3.234187E-18	1.972054E-18
5.848897E+03	3.242661E-18	1.977389E-18
5.849097E+03	3.242426E-18	1.987589E-18
5.849297E+03	3.246662E-18	1.987354E-18
5.849497E+03	3.253959E-18	1.981548E-18
5.849697E+03	3.252233E-18	1.986334E-18
5.849897E+03	3.250115E-18	1.986020E-18
5.850097E+03	3.246898E-18	1.985471E-18
5.850297E+03	3.255136E-18	1.989629E-18
5.850497E+03	3.262041E-18	2.005086E-18
5.850697E+03	3.265729E-18	2.004929E-18
5.850897E+03	3.263218E-18	2.002654E-18
5.851098E+03	3.258903E-18	2.006812E-18
5.851498E+03	3.258118E-18	2.005714E-18
5.852098E+03	3.251763E-18	1.998652E-18
5.852298E+03	3.254352E-18	2.016228E-18
5.852498E+03	3.257569E-18	2.023368E-18
5.852698E+03	3.260943E-18	2.018895E-18
5.853098E+03	3.268867E-18	2.013874E-18
5.853298E+03	3.270201E-18	2.025408E-18
5.853498E+03	3.267690E-18	2.025957E-18
5.853698E+03	3.271143E-18	2.024309E-18
5.853898E+03	3.277184E-18	2.023838E-18
5.854297E+03	3.280636E-18	2.035843E-18
5.854498E+03	3.284873E-18	2.039609E-18
5.854698E+03	3.288639E-18	2.030351E-18
5.854897E+03	3.297741E-18	2.015522E-18
5.855097E+03	3.298761E-18	1.985863E-18
5.855297E+03	3.300879E-18	1.960363E-18
5.855497E+03	3.301899E-18	1.959971E-18
5.855897E+03	3.296878E-18	1.951968E-18
5.856097E+03	3.290523E-18	1.941689E-18
5.856298E+03	3.296486E-18	1.949692E-18
5.856498E+03	3.298447E-18	1.951732E-18
5.856698E+03	3.299232E-18	1.954322E-18
5.856898E+03	3.295152E-18	1.952988E-18
5.857098E+03	3.302370E-18	1.950477E-18
5.857498E+03	3.309196E-18	1.949614E-18
5.857698E+03	3.315552E-18	1.949457E-18
5.857898E+03	3.321515E-18	1.944121E-18
5.858098E+03	3.325752E-18	1.943808E-18
5.858298E+03	3.327478E-18	1.933765E-18
5.858498E+03	3.328655E-18	1.923800E-18
5.858698E+03	3.338070E-18	1.920505E-18
5.858898E+03	3.339718E-18	1.913365E-18
5.859098E+03	3.338698E-18	1.898692E-18
5.859298E+03	3.341836E-18	1.897045E-18
5.859498E+03	3.332892E-18	1.895632E-18
5.859898E+03	3.338933E-18	1.896103E-18
5.860098E+03	3.339326E-18	1.894141E-18
5.860298E+03	3.328498E-18	1.876723E-18
5.860498E+03	3.328106E-18	1.874212E-18
5.860698E+03	3.336344E-18	1.864640E-18
5.860898E+03	3.331166E-18	1.863777E-18
5.861098E+03	3.332421E-18	1.860325E-18
5.861298E+03	3.327007E-18	1.856794E-18
5.861499E+03	3.325987E-18	1.857029E-18
5.861699E+03	3.311707E-18	1.857029E-18
5.861899E+03	3.296799E-18	1.852478E-18
5.862099E+03	3.282284E-18	1.852478E-18
5.862299E+03	3.270750E-18	1.852086E-18
5.862499E+03	3.259530E-18	1.847221E-18
5.862699E+03	3.260236E-18	1.843220E-18
5.862899E+03	3.254901E-18	1.842121E-18
5.863099E+03	3.243995E-18	1.841964E-18
5.863899E+03	3.235913E-18	1.837021E-18
5.864099E+03	3.227439E-18	1.829489E-18
5.864299E+03	3.221241E-18	1.832628E-18
5.864499E+03	3.212061E-18	1.837335E-18
5.864699E+03	3.220613E-18	1.839611E-18
5.864899E+03	3.214415E-18	1.838277E-18
5.865299E+03	3.207196E-18	1.834824E-18
5.865499E+03	3.208138E-18	1.834354E-18
5.865899E+03	3.205313E-18	1.838904E-18
5.866298E+03	3.206098E-18	1.846908E-18
5.866900E+03	3.195741E-18	1.861109E-18
5.867099E+03	3.194878E-18	1.858912E-18
5.867299E+03	3.192446E-18	1.860089E-18
5.867499E+03	3.187581E-18	1.865660E-18
5.867699E+03	3.178479E-18	1.858128E-18
5.867899E+03	3.171418E-18	1.867072E-18
5.868099E+03	3.171653E-18	1.858834E-18
5.868299E+03	3.168515E-18	1.864954E-18
5.868499E+03	3.175106E-18	1.873271E-18
5.868699E+03	3.179186E-18	1.908657E-18
5.869099E+03	3.162630E-18	1.906617E-18
5.869299E+03	3.144976E-18	1.910383E-18
5.869699E+03	3.158315E-18	1.910226E-18
5.869899E+03	3.156510E-18	1.917601E-18
5.870099E+03	3.148036E-18	1.919798E-18
5.870299E+03	3.143172E-18	1.908500E-18
5.870499E+03	3.135718E-18	1.905048E-18
5.870899E+03	3.125675E-18	1.902223E-18
5.871099E+03	3.121281E-18	1.895868E-18
5.871299E+03	3.113278E-18	1.897986E-18
5.871499E+03	3.114062E-18	1.896260E-18
5.871900E+03	3.122458E-18	1.904498E-18
5.872100E+03	3.125675E-18	1.907794E-18
5.872300E+03	3.126302E-18	1.903478E-18
5.872500E+03	3.130932E-18	1.898692E-18
5.872700E+03	3.135953E-18	1.902615E-18
5.873300E+03	3.128185E-18	1.905832E-18
5.873500E+03	3.119712E-18	1.907166E-18
5.873700E+03	3.120418E-18	1.906303E-18
5.874100E+03	3.122615E-18	1.919955E-18
5.874300E+03	3.127558E-18	1.918621E-18
5.874700E+03	3.135404E-18	1.911795E-18
5.875500E+03	3.135561E-18	1.941611E-18
5.875700E+03	3.131402E-18	1.936668E-18
5.875900E+03	3.129441E-18	1.939963E-18
5.876100E+03	3.126224E-18	1.925997E-18
5.876300E+03	3.127244E-18	1.925055E-18
5.876500E+03	3.123478E-18	1.924506E-18
5.876700E+03	3.116887E-18	1.943651E-18
5.876900E+03	3.121516E-18	1.949300E-18
5.877101E+03	3.122850E-18	1.964443E-18
5.877301E+03	3.126381E-18	1.964678E-18
5.877501E+03	3.127322E-18	1.968131E-18
5.877701E+03	3.140739E-18	1.969072E-18
5.877901E+03	3.149919E-18	1.968209E-18
5.878101E+03	3.149213E-18	1.969151E-18
5.878301E+03	3.145682E-18	1.972682E-18
5.878501E+03	3.140975E-18	1.974722E-18
5.878900E+03	3.145290E-18	1.978252E-18
5.879100E+03	3.146938E-18	1.974722E-18
5.879301E+03	3.143172E-18	1.966326E-18
5.879500E+03	3.144584E-18	1.966483E-18
5.879700E+03	3.147879E-18	1.965698E-18
5.879900E+03	3.148036E-18	1.957303E-18
5.880100E+03	3.147565E-18	1.952282E-18
5.880300E+03	3.152979E-18	1.954949E-18
5.880500E+03	3.158079E-18	1.967346E-18
5.881100E+03	3.155255E-18	1.970485E-18
5.881300E+03	3.158393E-18	1.977311E-18
5.881500E+03	3.157138E-18	1.981234E-18
5.881700E+03	3.146232E-18	1.979822E-18
5.882301E+03	3.144035E-18	1.979665E-18
5.882701E+03	3.137209E-18	1.975428E-18
5.882901E+03	3.128892E-18	1.991277E-18
5.883301E+03	3.130382E-18	1.995671E-18
5.883501E+03	3.131167E-18	1.994651E-18
5.883701E+03	3.120182E-18	1.985314E-18
5.883901E+03	3.110689E-18	1.985706E-18
5.884101E+03	3.112336E-18	1.988766E-18
5.884301E+03	3.110296E-18	1.984922E-18
5.884901E+03	3.111944E-18	1.984922E-18
5.885101E+03	3.110610E-18	1.979978E-18
5.885301E+03	3.110845E-18	1.971897E-18
5.885501E+03	3.109982E-18	1.968915E-18
5.885701E+03	3.111238E-18	1.956518E-18
5.885901E+03	3.113042E-18	1.959029E-18
5.886101E+03	3.117985E-18	1.957617E-18
5.886901E+03	3.112022E-18	1.958009E-18
5.887101E+03	3.098998E-18	1.956911E-18
5.887502E+03	3.102921E-18	1.963972E-18
5.887702E+03	3.096644E-18	1.967268E-18
5.887902E+03	3.093113E-18	1.972054E-18
5.888102E+03	3.084875E-18	1.971897E-18
5.888502E+03	3.088249E-18	1.967895E-18
5.888702E+03	3.072164E-18	1.983980E-18
5.889102E+03	3.062199E-18	1.979978E-18
5.889302E+03	3.064318E-18	1.965542E-18
5.889702E+03	3.053804E-18	1.966483E-18
5.889902E+03	3.051921E-18	1.941925E-18
5.890502E+03	3.052235E-18	1.954478E-18
5.890702E+03	3.052549E-18	1.955498E-18
5.890901E+03	3.044232E-18	1.956675E-18
5.891101E+03	3.035679E-18	1.952909E-18
5.891702E+03	3.035993E-18	1.939728E-18
5.891901E+03	3.033718E-18	1.946711E-18
5.892301E+03	3.029245E-18	1.946632E-18
5.892501E+03	3.019595E-18	1.946240E-18
5.892702E+03	3.015279E-18	1.943729E-18
5.893302E+03	3.015358E-18	1.937217E-18
5.893502E+03	3.016927E-18	1.917366E-18
5.893702E+03	3.023361E-18	1.923800E-18
5.893902E+03	3.021792E-18	1.927880E-18
5.894102E+03	3.015436E-18	1.927723E-18
5.894302E+03	3.013318E-18	1.919092E-18
5.894902E+03	3.013396E-18	1.914855E-18
5.895102E+03	3.011513E-18	1.911795E-18
5.895302E+03	3.009708E-18	1.911717E-18
5.895702E+03	3.007825E-18	1.913365E-18
5.895902E+03	3.005942E-18	1.915718E-18
5.896502E+03	3.004138E-18	1.909834E-18
5.896902E+03	3.002176E-18	1.904812E-18
5.897502E+03	3.000293E-18	1.908108E-18
5.897702E+03	2.998332E-18	1.908186E-18
5.897903E+03	2.996762E-18	1.915012E-18
5.898103E+03	2.995585E-18	1.908814E-18
5.898703E+03	2.994722E-18	1.898378E-18
5.898903E+03	2.983267E-18	1.899948E-18
5.899303E+03	2.974558E-18	1.908657E-18
5.899503E+03	2.979030E-18	1.907245E-18
5.899703E+03	2.980442E-18	1.882843E-18
5.899903E+03	2.977853E-18	1.876174E-18
5.900103E+03	2.981619E-18	1.874369E-18
5.900303E+03	2.985150E-18	1.874840E-18
5.900503E+03	2.986876E-18	1.869505E-18
5.900703E+03	2.981227E-18	1.874761E-18
5.901503E+03	2.984208E-18	1.875075E-18
5.902103E+03	2.988053E-18	1.877429E-18
5.902303E+03	2.986955E-18	1.874840E-18
5.902503E+03	2.977068E-18	1.854283E-18
5.902703E+03	2.963965E-18	1.857814E-18
5.902903E+03	2.955413E-18	1.850360E-18
5.903104E+03	2.961141E-18	1.849811E-18
5.903503E+03	2.967653E-18	1.854048E-18
5.903703E+03	2.964201E-18	1.859383E-18
5.903904E+03	2.961925E-18	1.858834E-18
5.904303E+03	2.968045E-18	1.849026E-18
5.904703E+03	2.962788E-18	1.854361E-18
5.904903E+03	2.952902E-18	1.856009E-18
5.905103E+03	2.952196E-18	1.847771E-18
5.905303E+03	2.952275E-18	1.851145E-18
5.905503E+03	2.955178E-18	1.855617E-18
5.905703E+03	2.958002E-18	1.853028E-18
5.905903E+03	2.954472E-18	1.855381E-18
5.906103E+03	2.952275E-18	1.856323E-18
5.906503E+03	2.950548E-18	1.855381E-18
5.906703E+03	2.944899E-18	1.846437E-18
5.907103E+03	2.926618E-18	1.847928E-18
5.907303E+03	2.916025E-18	1.846201E-18
5.907503E+03	2.917438E-18	1.841494E-18
5.907703E+03	2.912965E-18	1.839532E-18
5.907903E+03	2.922381E-18	1.844868E-18
5.908103E+03	2.929913E-18	1.824311E-18
5.908504E+03	2.926304E-18	1.819446E-18
5.909304E+03	2.921596E-18	1.822349E-18
5.909504E+03	2.925676E-18	1.823840E-18
5.909704E+03	2.919870E-18	1.804224E-18
5.910104E+03	2.909591E-18	1.802891E-18
5.910304E+03	2.902216E-18	1.806108E-18
5.910704E+03	2.903393E-18	1.811364E-18
5.910904E+03	2.902530E-18	1.792848E-18
5.911104E+03	2.904570E-18	1.783118E-18
5.911304E+03	2.913436E-18	1.794574E-18
5.911504E+03	2.915868E-18	1.800223E-18
5.911904E+03	2.908493E-18	1.802184E-18
5.912104E+03	2.896096E-18	1.806186E-18
5.912304E+03	2.893585E-18	1.809168E-18
5.912704E+03	2.900961E-18	1.809481E-18
5.912904E+03	2.902608E-18	1.806029E-18
5.913104E+03	2.898215E-18	1.801557E-18
5.913705E+03	2.895468E-18	1.802028E-18
5.913905E+03	2.879462E-18	1.795358E-18
5.914705E+03	2.869105E-18	1.803832E-18
5.914905E+03	2.872793E-18	1.809874E-18
5.915704E+03	2.868870E-18	1.809795E-18
5.915904E+03	2.870675E-18	1.809638E-18
5.916105E+03	2.870047E-18	1.809560E-18
5.916305E+03	2.876795E-18	1.813797E-18
5.916704E+03	2.876402E-18	1.815131E-18
5.916904E+03	2.869733E-18	1.814974E-18
5.917304E+03	2.862044E-18	1.814738E-18
5.918104E+03	2.863142E-18	1.814424E-18
5.918304E+03	2.850510E-18	1.821329E-18
5.918504E+03	2.847450E-18	1.822820E-18
5.918705E+03	2.847293E-18	1.822349E-18
5.918905E+03	2.833876E-18	1.822741E-18
5.919105E+03	2.828070E-18	1.822977E-18
5.919505E+03	2.831444E-18	1.823134E-18
5.919705E+03	2.829953E-18	1.823212E-18
5.920305E+03	2.832934E-18	1.822977E-18
5.920505E+03	2.821008E-18	1.822820E-18
5.920705E+03	2.814731E-18	1.822584E-18
5.920905E+03	2.808141E-18	1.822349E-18
5.921105E+03	2.814731E-18	1.822114E-18
5.921305E+03	2.815751E-18	1.822035E-18
5.921505E+03	2.813476E-18	1.821957E-18
5.921705E+03	2.813084E-18	1.822035E-18
5.921905E+03	2.815202E-18	1.827135E-18
5.922105E+03	2.809945E-18	1.833961E-18
5.922305E+03	2.808454E-18	1.834275E-18
5.922505E+03	2.809788E-18	1.839297E-18
5.922905E+03	2.810887E-18	1.839532E-18
5.923105E+03	2.815202E-18	1.845260E-18
5.923305E+03	2.811514E-18	1.841023E-18
5.923505E+03	2.808141E-18	1.837335E-18
5.923906E+03	2.805473E-18	1.832628E-18
5.924106E+03	2.807748E-18	1.821329E-18
5.924506E+03	2.812613E-18	1.822428E-18
5.924706E+03	2.819831E-18	1.822271E-18
5.924906E+03	2.820773E-18	1.833883E-18
5.925106E+03	2.817478E-18	1.829018E-18
5.925706E+03	2.827521E-18	1.822428E-18
5.925906E+03	2.836622E-18	1.815523E-18
5.926106E+03	2.837093E-18	1.815052E-18
5.926306E+03	2.839761E-18	1.808304E-18
5.926506E+03	2.836936E-18	1.801243E-18
5.926706E+03	2.836308E-18	1.818034E-18
5.927106E+03	2.831287E-18	1.809638E-18
5.927506E+03	2.830031E-18	1.814817E-18
5.927706E+03	2.827991E-18	1.810188E-18
5.927905E+03	2.819282E-18	1.798811E-18
5.928105E+03	2.825716E-18	1.756128E-18
5.928306E+03	2.828384E-18	1.762248E-18
5.928506E+03	2.823284E-18	1.766877E-18
5.928706E+03	2.821087E-18	1.775351E-18
5.928905E+03	2.817242E-18	1.772526E-18
5.929106E+03	2.818576E-18	1.768995E-18
5.929306E+03	2.822499E-18	1.771584E-18
5.929506E+03	2.819753E-18	1.772840E-18
5.929706E+03	2.814967E-18	1.798418E-18
5.929906E+03	2.815202E-18	1.791749E-18
5.930106E+03	2.824068E-18	1.794103E-18
5.930506E+03	2.826108E-18	1.816621E-18
5.930706E+03	2.829874E-18	1.805088E-18
5.930906E+03	2.835759E-18	1.802106E-18
5.931106E+03	2.836622E-18	1.798889E-18
5.931306E+03	2.833405E-18	1.800144E-18
5.931706E+03	2.834111E-18	1.796614E-18
5.931906E+03	2.827207E-18	1.793397E-18
5.932106E+03	2.817556E-18	1.794024E-18
5.932506E+03	2.817242E-18	1.792063E-18
5.932706E+03	2.818419E-18	1.775037E-18
5.933306E+03	2.817556E-18	1.776135E-18
5.933506E+03	2.823911E-18	1.778881E-18
5.933706E+03	2.833327E-18	1.744358E-18
5.933906E+03	2.841408E-18	1.755343E-18
5.934507E+03	2.843684E-18	1.758011E-18
5.934707E+03	2.848784E-18	1.759972E-18
5.935507E+03	2.856473E-18	1.787826E-18
5.935707E+03	2.865731E-18	1.790808E-18
5.935907E+03	2.864398E-18	1.774331E-18
5.936107E+03	2.862044E-18	1.774801E-18
5.936307E+03	2.862044E-18	1.757932E-18
5.936707E+03	2.863064E-18	1.761698E-18
5.936907E+03	2.866516E-18	1.758168E-18
5.937107E+03	2.867301E-18	1.758089E-18
5.937507E+03	2.871224E-18	1.760443E-18
5.937707E+03	2.876481E-18	1.757226E-18
5.938307E+03	2.889976E-18	1.749301E-18
5.938907E+03	2.887779E-18	1.747967E-18
5.939107E+03	2.882836E-18	1.739729E-18
5.939307E+03	2.881502E-18	1.733531E-18
5.939508E+03	2.875304E-18	1.729843E-18
5.939908E+03	2.873735E-18	1.729764E-18
5.940108E+03	2.866359E-18	1.730157E-18
5.940307E+03	2.869890E-18	1.727254E-18
5.940507E+03	2.869968E-18	1.728744E-18
5.940708E+03	2.871302E-18	1.720271E-18
5.940908E+03	2.884248E-18	1.700106E-18
5.941108E+03	2.893664E-18	1.698537E-18
5.941307E+03	2.888015E-18	1.690769E-18
5.941507E+03	2.880090E-18	1.682452E-18
5.941907E+03	2.865888E-18	1.686846E-18
5.942107E+03	2.863221E-18	1.690377E-18
5.942307E+03	2.875539E-18	1.692495E-18
5.942507E+03	2.869341E-18	1.670212E-18
5.942707E+03	2.870518E-18	1.665897E-18
5.943107E+03	2.869105E-18	1.665661E-18
5.943307E+03	2.862279E-18	1.665740E-18
5.943507E+03	2.851687E-18	1.665426E-18
5.943907E+03	2.843998E-18	1.654598E-18
5.944107E+03	2.848784E-18	1.654363E-18
5.944708E+03	2.845096E-18	1.654206E-18
5.944908E+03	2.835131E-18	1.644477E-18
5.945108E+03	2.834190E-18	1.643849E-18
5.945308E+03	2.834504E-18	1.637650E-18
5.945508E+03	2.827285E-18	1.636081E-18
5.946108E+03	2.827285E-18	1.657109E-18
5.946308E+03	2.819674E-18	1.655461E-18
5.946508E+03	2.816536E-18	1.656246E-18
5.946708E+03	2.820224E-18	1.669898E-18
5.946908E+03	2.816850E-18	1.660012E-18
5.947108E+03	2.817556E-18	1.655932E-18
5.947308E+03	2.821008E-18	1.654677E-18
5.947908E+03	2.806336E-18	1.659620E-18
5.948108E+03	2.807121E-18	1.659541E-18
5.948308E+03	2.814418E-18	1.639220E-18
5.948508E+03	2.809318E-18	1.637650E-18
5.949508E+03	2.809082E-18	1.637023E-18
5.949909E+03	2.813398E-18	1.637415E-18
5.950109E+03	2.817713E-18	1.638984E-18
5.950309E+03	2.819204E-18	1.630040E-18
5.950509E+03	2.809788E-18	1.641181E-18
5.950709E+03	2.809474E-18	1.650361E-18
5.950909E+03	2.812378E-18	1.652637E-18
5.951109E+03	2.810573E-18	1.655226E-18
5.951509E+03	2.801001E-18	1.663621E-18
5.951909E+03	2.793861E-18	1.664249E-18
5.953908E+03	2.791271E-18	1.669584E-18
5.954108E+03	2.795038E-18	1.662131E-18
5.954708E+03	2.801550E-18	1.662758E-18
5.955109E+03	2.806571E-18	1.657737E-18
5.955709E+03	2.807513E-18	1.653892E-18
5.955909E+03	2.807121E-18	1.657501E-18
5.956109E+03	2.796764E-18	1.657344E-18
5.956709E+03	2.795901E-18	1.659384E-18
5.956909E+03	2.796607E-18	1.654441E-18
5.957309E+03	2.802334E-18	1.658364E-18
5.957509E+03	2.801236E-18	1.658364E-18
5.957709E+03	2.804061E-18	1.662915E-18
5.957909E+03	2.810887E-18	1.663229E-18
5.958109E+03	2.824774E-18	1.655540E-18
5.958309E+03	2.821244E-18	1.658521E-18
5.958509E+03	2.812299E-18	1.658678E-18
5.958709E+03	2.810573E-18	1.660561E-18
5.959109E+03	2.817399E-18	1.664014E-18
5.959309E+03	2.813241E-18	1.664563E-18
5.959509E+03	2.809788E-18	1.692103E-18
5.959909E+03	2.813711E-18	1.693907E-18
5.960109E+03	2.807984E-18	1.689200E-18
5.961110E+03	2.806650E-18	1.693201E-18
5.961310E+03	2.802962E-18	1.726626E-18
5.961510E+03	2.805473E-18	1.723958E-18
5.961710E+03	2.807905E-18	1.720584E-18
5.961910E+03	2.810730E-18	1.724429E-18
5.962110E+03	2.819204E-18	1.728038E-18
5.962310E+03	2.815751E-18	1.721134E-18
5.963110E+03	2.815751E-18	1.722624E-18
5.963310E+03	2.826893E-18	1.716583E-18
5.963510E+03	2.834268E-18	1.723880E-18
5.963710E+03	2.827442E-18	1.741141E-18
5.963910E+03	2.827599E-18	1.744044E-18
5.964110E+03	2.830110E-18	1.743024E-18
5.964510E+03	2.830581E-18	1.747340E-18
5.965109E+03	2.827207E-18	1.748674E-18
5.965310E+03	2.823205E-18	1.737767E-18
5.965511E+03	2.823519E-18	1.739572E-18
5.965711E+03	2.815908E-18	1.738003E-18
5.965910E+03	2.816928E-18	1.732275E-18
5.966110E+03	2.826187E-18	1.728274E-18
5.966310E+03	2.825794E-18	1.742240E-18
5.966510E+03	2.831130E-18	1.737611E-18
5.966710E+03	2.840153E-18	1.737375E-18
5.967310E+03	2.848627E-18	1.732432E-18
5.967510E+03	2.844311E-18	1.732667E-18
5.967710E+03	2.844782E-18	1.730941E-18
5.967910E+03	2.849411E-18	1.730157E-18
5.968510E+03	2.852628E-18	1.732511E-18
5.968710E+03	2.856708E-18	1.736277E-18
5.968910E+03	2.861651E-18	1.733766E-18
5.969110E+03	2.863378E-18	1.735649E-18
5.969310E+03	2.864398E-18	1.727489E-18
5.970110E+03	2.866830E-18	1.770564E-18
5.970310E+03	2.861573E-18	1.791435E-18
5.970510E+03	2.871538E-18	1.786257E-18
5.971111E+03	2.874441E-18	1.780764E-18
5.971311E+03	2.871616E-18	1.785001E-18
5.971911E+03	2.868635E-18	1.783511E-18
5.972111E+03	2.874990E-18	1.772997E-18
5.972311E+03	2.880561E-18	1.778646E-18
5.972711E+03	2.880404E-18	1.774723E-18
5.972911E+03	2.883778E-18	1.774017E-18
5.973311E+03	2.892958E-18	1.775978E-18
5.973511E+03	2.894135E-18	1.769466E-18
5.973711E+03	2.899313E-18	1.765621E-18
5.973911E+03	2.905668E-18	1.763503E-18
5.974111E+03	2.904962E-18	1.768838E-18
5.974311E+03	2.910925E-18	1.764523E-18
5.974511E+03	2.922538E-18	1.773154E-18
5.974711E+03	2.925519E-18	1.774331E-18
5.974911E+03	2.931561E-18	1.777940E-18
5.975311E+03	2.938230E-18	1.781706E-18
5.975511E+03	2.942859E-18	1.780294E-18
5.975711E+03	2.946233E-18	1.772134E-18
5.975912E+03	2.951176E-18	1.769701E-18
5.976112E+03	2.947881E-18	1.771114E-18
5.976312E+03	2.951804E-18	1.771977E-18
5.976512E+03	2.960748E-18	1.772526E-18
5.976712E+03	2.960278E-18	1.767504E-18
5.976912E+03	2.964201E-18	1.765778E-18
5.977311E+03	2.975264E-18	1.766014E-18
5.977511E+03	2.985621E-18	1.765857E-18
5.977712E+03	2.991113E-18	1.765778E-18
5.977912E+03	3.000372E-18	1.763032E-18
5.978111E+03	3.005942E-18	1.762954E-18
5.978311E+03	3.000764E-18	1.780608E-18
5.979311E+03	3.003588E-18	1.784923E-18
5.979711E+03	3.012062E-18	1.784609E-18
5.979911E+03	3.012690E-18	1.785001E-18
5.980511E+03	3.011984E-18	1.785394E-18
5.980711E+03	3.013867E-18	1.798654E-18
5.981112E+03	3.017162E-18	1.806029E-18
5.981312E+03	3.016221E-18	1.808697E-18
5.982112E+03	3.025558E-18	1.808697E-18
5.982312E+03	3.037405E-18	1.808618E-18
5.982512E+03	3.033247E-18	1.808697E-18
5.982712E+03	3.041172E-18	1.810894E-18
5.982912E+03	3.040230E-18	1.814268E-18
5.983112E+03	3.050509E-18	1.808618E-18
5.983312E+03	3.048861E-18	1.810031E-18
5.983712E+03	3.054981E-18	1.822114E-18
5.983912E+03	3.058904E-18	1.816857E-18
5.984112E+03	3.049489E-18	1.829960E-18
5.984512E+03	3.051450E-18	1.823212E-18
5.984712E+03	3.058512E-18	1.823840E-18
5.984912E+03	3.065102E-18	1.830038E-18
5.985112E+03	3.060709E-18	1.830274E-18
5.985712E+03	3.070045E-18	1.830901E-18
5.985912E+03	3.069104E-18	1.826351E-18
5.986112E+03	3.074361E-18	1.827449E-18
5.986513E+03	3.079461E-18	1.818191E-18
5.986713E+03	3.077499E-18	1.815052E-18
5.986913E+03	3.093584E-18	1.819603E-18
5.987113E+03	3.085424E-18	1.809717E-18
5.987313E+03	3.088719E-18	1.809952E-18
5.987713E+03	3.096958E-18	1.810188E-18
5.988113E+03	3.102058E-18	1.808383E-18
5.988313E+03	3.104882E-18	1.791514E-18
5.988513E+03	3.100410E-18	1.791984E-18
5.988713E+03	3.091622E-18	1.785472E-18
5.988913E+03	3.093035E-18	1.784844E-18
5.989513E+03	3.098056E-18	1.785786E-18
5.989712E+03	3.098292E-18	1.786492E-18
5.989913E+03	3.100724E-18	1.777155E-18
5.990113E+03	3.107785E-18	1.768289E-18
5.990512E+03	3.108256E-18	1.761149E-18
5.990712E+03	3.110296E-18	1.755814E-18
5.990912E+03	3.105510E-18	1.755108E-18
5.991112E+03	3.102999E-18	1.752989E-18
5.991312E+03	3.119319E-18	1.747418E-18
5.991513E+03	3.116181E-18	1.720820E-18
5.991713E+03	3.118299E-18	1.719800E-18
5.991913E+03	3.121752E-18	1.714386E-18
5.992113E+03	3.125832E-18	1.690377E-18
5.992313E+03	3.132972E-18	1.695555E-18
5.992513E+03	3.142152E-18	1.694849E-18
5.992713E+03	3.145055E-18	1.712738E-18
5.992913E+03	3.138699E-18	1.711091E-18
5.993113E+03	3.140190E-18	1.713131E-18
5.993513E+03	3.151332E-18	1.714621E-18
5.993713E+03	3.154156E-18	1.724429E-18
5.993913E+03	3.157844E-18	1.726312E-18
5.994113E+03	3.152822E-18	1.731726E-18
5.994313E+03	3.154627E-18	1.731098E-18
5.994713E+03	3.149292E-18	1.733844E-18
5.994913E+03	3.152822E-18	1.747261E-18
5.995113E+03	3.167024E-18	1.740043E-18
5.995313E+03	3.167495E-18	1.741926E-18
5.995513E+03	3.172124E-18	1.738238E-18
5.995913E+03	3.176282E-18	1.713523E-18
5.996113E+03	3.186090E-18	1.714857E-18
5.996313E+03	3.188679E-18	1.715955E-18
5.996914E+03	3.192838E-18	1.715955E-18
5.997114E+03	3.189542E-18	1.713444E-18
5.997314E+03	3.181226E-18	1.720584E-18
5.997514E+03	3.179735E-18	1.731255E-18
5.997714E+03	3.173929E-18	1.730863E-18
5.998114E+03	3.166318E-18	1.728901E-18
5.998314E+03	3.164042E-18	1.733609E-18
5.998514E+03	3.169692E-18	1.746947E-18
5.998714E+03	3.160512E-18	1.758089E-18
5.998914E+03	3.164356E-18	1.763974E-18
5.999114E+03	3.172202E-18	1.773075E-18
5.999314E+03	3.173615E-18	1.780294E-18
6.000114E+03	3.164278E-18	1.784766E-18
6.000314E+03	3.160041E-18	1.787826E-18
6.000514E+03	3.166946E-18	1.788140E-18
6.000714E+03	3.165769E-18	1.786728E-18
6.000914E+03	3.159492E-18	1.798418E-18
6.001114E+03	3.164906E-18	1.796064E-18
6.001314E+03	3.166553E-18	1.805323E-18
6.001514E+03	3.163729E-18	1.817798E-18
6.001714E+03	3.160433E-18	1.819681E-18
6.001915E+03	3.157687E-18	1.827528E-18
6.002114E+03	3.161061E-18	1.828861E-18
6.002315E+03	3.159335E-18	1.828548E-18
6.002515E+03	3.167966E-18	1.829646E-18
6.002715E+03	3.172516E-18	1.829803E-18
6.003314E+03	3.177224E-18	1.831764E-18
6.003514E+03	3.193152E-18	1.843769E-18
6.004114E+03	3.195898E-18	1.846672E-18
6.004514E+03	3.197153E-18	1.846829E-18
6.004714E+03	3.198173E-18	1.848241E-18
6.004914E+03	3.196682E-18	1.848241E-18
6.005114E+03	3.208687E-18	1.848320E-18
6.005314E+03	3.213159E-18	1.857421E-18
6.005514E+03	3.217161E-18	1.858363E-18
6.005714E+03	3.222732E-18	1.862286E-18
6.005914E+03	3.224772E-18	1.851145E-18
6.006114E+03	3.224929E-18	1.849811E-18
6.006314E+03	3.229872E-18	1.853106E-18
6.006514E+03	3.240150E-18	1.842671E-18
6.006914E+03	3.238110E-18	1.840709E-18
6.007115E+03	3.245564E-18	1.841572E-18
6.007315E+03	3.253253E-18	1.837806E-18
6.007515E+03	3.255372E-18	1.833098E-18
6.007715E+03	3.252939E-18	1.833491E-18
6.007915E+03	3.258353E-18	1.832706E-18
6.008115E+03	3.262433E-18	1.834511E-18
6.008315E+03	3.258746E-18	1.835531E-18
6.008915E+03	3.263610E-18	1.842121E-18
6.009115E+03	3.266199E-18	1.846515E-18
6.009315E+03	3.266513E-18	1.840317E-18
6.009915E+03	3.268710E-18	1.840238E-18
6.010115E+03	3.265650E-18	1.831921E-18
6.010315E+03	3.267219E-18	1.827449E-18
6.010515E+03	3.267690E-18	1.825017E-18
6.010715E+03	3.265101E-18	1.821643E-18
6.010915E+03	3.263924E-18	1.821486E-18
6.011115E+03	3.260158E-18	1.829097E-18
6.011515E+03	3.257098E-18	1.828312E-18
6.011715E+03	3.251606E-18	1.827528E-18
6.011915E+03	3.252861E-18	1.829411E-18
6.012115E+03	3.262983E-18	1.826272E-18
6.012316E+03	3.258903E-18	1.819995E-18
6.012516E+03	3.248389E-18	1.821094E-18
6.012716E+03	3.242661E-18	1.820544E-18
6.012916E+03	3.245721E-18	1.820466E-18
6.013116E+03	3.238032E-18	1.819211E-18
6.013316E+03	3.243289E-18	1.829332E-18
6.013516E+03	3.234972E-18	1.835531E-18
6.013716E+03	3.232226E-18	1.836472E-18
6.013916E+03	3.225635E-18	1.837728E-18
6.014116E+03	3.217867E-18	1.832000E-18
6.014716E+03	3.218338E-18	1.831921E-18
6.014916E+03	3.221241E-18	1.831921E-18
6.015315E+03	3.216455E-18	1.820937E-18
6.015516E+03	3.217789E-18	1.827135E-18
6.015715E+03	3.207824E-18	1.807441E-18
6.015915E+03	3.191269E-18	1.813248E-18
6.016115E+03	3.189699E-18	1.813718E-18
6.016315E+03	3.190092E-18	1.815994E-18
6.016515E+03	3.185462E-18	1.778646E-18
6.016715E+03	3.186482E-18	1.783432E-18
6.016915E+03	3.186639E-18	1.782020E-18
6.017115E+03	3.182795E-18	1.774644E-18
6.017315E+03	3.183266E-18	1.771506E-18
6.017516E+03	3.177302E-18	1.783275E-18
6.017716E+03	3.178950E-18	1.783432E-18
6.017916E+03	3.173693E-18	1.781471E-18
6.018716E+03	3.177067E-18	1.775351E-18
6.018916E+03	3.173066E-18	1.769623E-18
6.019116E+03	3.171182E-18	1.762875E-18
6.019316E+03	3.166239E-18	1.758324E-18
6.019716E+03	3.164435E-18	1.753538E-18
6.019916E+03	3.172438E-18	1.746712E-18
6.020116E+03	3.172909E-18	1.746398E-18
6.020316E+03	3.175341E-18	1.751577E-18
6.020716E+03	3.172281E-18	1.752048E-18
6.020916E+03	3.164827E-18	1.751577E-18
6.021116E+03	3.164827E-18	1.744044E-18
6.021516E+03	3.166004E-18	1.723958E-18
6.021716E+03	3.156824E-18	1.726626E-18
6.021916E+03	3.156510E-18	1.728587E-18
6.022116E+03	3.158079E-18	1.733295E-18
6.022316E+03	3.164435E-18	1.733609E-18
6.022517E+03	3.164435E-18	1.734551E-18
6.022717E+03	3.164042E-18	1.738474E-18
6.022917E+03	3.157687E-18	1.729294E-18
6.023117E+03	3.162081E-18	1.723409E-18
6.023717E+03	3.153136E-18	1.723095E-18
6.023917E+03	3.151724E-18	1.721683E-18
6.024117E+03	3.153450E-18	1.725527E-18
6.024517E+03	3.152587E-18	1.681275E-18
6.024717E+03	3.151489E-18	1.656167E-18
6.024917E+03	3.147330E-18	1.656560E-18
6.025117E+03	3.161061E-18	1.669741E-18
6.025317E+03	3.169692E-18	1.661111E-18
6.025517E+03	3.174635E-18	1.663857E-18
6.025917E+03	3.165455E-18	1.671860E-18
6.026117E+03	3.159492E-18	1.664014E-18
6.026317E+03	3.161218E-18	1.668172E-18
6.026517E+03	3.163964E-18	1.668643E-18
6.026717E+03	3.164749E-18	1.667387E-18
6.026917E+03	3.167338E-18	1.664798E-18
6.027117E+03	3.181618E-18	1.664249E-18
6.027316E+03	3.176753E-18	1.688651E-18
6.027516E+03	3.178401E-18	1.679549E-18
6.027717E+03	3.188758E-18	1.681197E-18
6.027917E+03	3.183579E-18	1.675469E-18
6.028317E+03	3.184207E-18	1.677038E-18
6.028517E+03	3.190876E-18	1.671311E-18
6.028717E+03	3.192132E-18	1.681040E-18
6.028917E+03	3.178166E-18	1.677509E-18
6.029117E+03	3.183579E-18	1.674449E-18
6.029317E+03	3.187502E-18	1.671546E-18
6.029517E+03	3.181775E-18	1.669820E-18
6.029717E+03	3.179107E-18	1.680647E-18
6.029917E+03	3.180049E-18	1.684021E-18
6.030117E+03	3.182481E-18	1.700106E-18
6.030317E+03	3.182795E-18	1.700341E-18
6.030517E+03	3.176204E-18	1.705834E-18
6.030717E+03	3.175733E-18	1.706697E-18
6.030917E+03	3.179892E-18	1.722703E-18
6.031117E+03	3.184129E-18	1.718858E-18
6.031317E+03	3.186482E-18	1.719721E-18
6.031517E+03	3.180049E-18	1.701832E-18
6.031717E+03	3.181932E-18	1.706304E-18
6.031917E+03	3.183893E-18	1.707481E-18
6.032117E+03	3.178322E-18	1.713287E-18
6.032317E+03	3.183109E-18	1.713680E-18
6.032517E+03	3.184678E-18	1.699949E-18
6.032717E+03	3.186326E-18	1.700184E-18
6.032918E+03	3.184756E-18	1.697987E-18
6.033118E+03	3.174949E-18	1.699086E-18
6.033318E+03	3.177459E-18	1.700420E-18
6.033518E+03	3.175733E-18	1.703244E-18
6.033718E+03	3.173379E-18	1.722938E-18
6.034118E+03	3.181226E-18	1.727018E-18
6.034318E+03	3.173458E-18	1.727646E-18
6.034518E+03	3.176439E-18	1.722781E-18
6.034718E+03	3.172595E-18	1.709678E-18
6.034918E+03	3.178793E-18	1.710620E-18
6.035118E+03	3.188993E-18	1.704500E-18
6.035318E+03	3.197310E-18	1.711483E-18
6.035718E+03	3.194250E-18	1.716661E-18
6.035918E+03	3.195584E-18	1.713052E-18
6.036118E+03	3.182246E-18	1.712581E-18
6.036318E+03	3.180755E-18	1.710306E-18
6.036518E+03	3.170712E-18	1.712346E-18
6.036718E+03	3.157687E-18	1.712581E-18
6.036918E+03	3.157844E-18	1.722781E-18
6.037118E+03	3.161375E-18	1.729529E-18
6.037318E+03	3.168279E-18	1.729294E-18
6.037518E+03	3.166239E-18	1.729686E-18
6.037718E+03	3.157922E-18	1.729764E-18
6.037918E+03	3.149684E-18	1.729451E-18
6.038119E+03	3.136424E-18	1.732589E-18
6.038319E+03	3.133285E-18	1.734864E-18
6.038519E+03	3.139641E-18	1.758403E-18
6.038719E+03	3.138935E-18	1.758089E-18
6.039118E+03	3.133364E-18	1.759501E-18
6.039319E+03	3.133442E-18	1.758874E-18
6.039519E+03	3.129990E-18	1.758168E-18
6.039918E+03	3.124027E-18	1.765072E-18
6.040118E+03	3.121987E-18	1.765386E-18
6.040318E+03	3.116416E-18	1.765072E-18
6.040518E+03	3.113278E-18	1.766014E-18
6.040718E+03	3.104647E-18	1.774095E-18
6.040918E+03	3.090838E-18	1.781941E-18
6.041518E+03	3.085738E-18	1.784138E-18
6.041718E+03	3.083227E-18	1.785158E-18
6.041918E+03	3.071929E-18	1.792141E-18
6.042118E+03	3.065338E-18	1.792377E-18
6.042318E+03	3.053490E-18	1.789944E-18
6.042518E+03	3.047684E-18	1.795515E-18
6.042718E+03	3.047213E-18	1.821878E-18
6.042918E+03	3.043290E-18	1.806343E-18
6.043118E+03	3.037405E-18	1.812071E-18
6.043319E+03	3.030187E-18	1.810109E-18
6.043519E+03	3.038818E-18	1.811443E-18
6.043719E+03	3.036778E-18	1.807363E-18
6.043919E+03	3.034110E-18	1.809246E-18
6.044119E+03	3.046428E-18	1.806735E-18
6.044319E+03	3.043290E-18	1.807912E-18
6.044919E+03	3.032619E-18	1.809481E-18
6.045119E+03	3.034110E-18	1.800615E-18
6.045519E+03	3.045565E-18	1.801557E-18
6.045719E+03	3.044781E-18	1.791514E-18
6.045919E+03	3.051293E-18	1.793397E-18
6.046119E+03	3.049018E-18	1.791749E-18
6.046319E+03	3.045487E-18	1.789552E-18
6.046519E+03	3.042662E-18	1.784844E-18
6.046719E+03	3.039445E-18	1.778568E-18
6.046919E+03	3.042427E-18	1.779744E-18
6.047119E+03	3.047056E-18	1.770251E-18
6.047319E+03	3.042584E-18	1.760443E-18
6.047519E+03	3.043133E-18	1.760757E-18
6.047719E+03	3.037719E-18	1.760443E-18
6.047919E+03	3.028382E-18	1.753224E-18
6.048119E+03	3.017476E-18	1.738474E-18
6.048319E+03	3.011670E-18	1.729294E-18
6.048520E+03	3.013082E-18	1.730314E-18
6.048720E+03	3.019673E-18	1.723566E-18
6.048920E+03	3.020615E-18	1.717603E-18
6.049120E+03	3.017633E-18	1.712817E-18
6.049520E+03	3.020144E-18	1.709443E-18
6.049720E+03	3.010415E-18	1.710149E-18
6.049920E+03	2.999665E-18	1.712581E-18
6.050120E+03	2.995664E-18	1.697595E-18
6.050320E+03	2.991192E-18	1.696654E-18
6.050520E+03	2.980442E-18	1.693437E-18
6.050720E+03	2.971184E-18	1.680491E-18
6.051320E+03	2.968987E-18	1.676332E-18
6.051520E+03	2.968595E-18	1.664877E-18
6.051720E+03	2.967339E-18	1.655304E-18
6.052319E+03	2.963965E-18	1.657109E-18
6.052520E+03	2.959650E-18	1.658443E-18
6.052719E+03	2.958787E-18	1.658914E-18
6.052919E+03	2.950784E-18	1.656795E-18
6.053119E+03	2.949999E-18	1.644477E-18
6.053319E+03	2.950705E-18	1.641809E-18
6.053519E+03	2.940584E-18	1.641730E-18
6.053720E+03	2.936111E-18	1.640397E-18
6.053920E+03	2.932502E-18	1.640397E-18
6.054120E+03	2.932973E-18	1.640240E-18
6.054320E+03	2.931796E-18	1.629255E-18
6.054720E+03	2.928971E-18	1.627921E-18
6.054920E+03	2.925284E-18	1.623998E-18
6.055120E+03	2.920419E-18	1.612464E-18
6.055320E+03	2.915790E-18	1.618898E-18
6.055520E+03	2.906610E-18	1.616623E-18
6.055720E+03	2.898764E-18	1.613798E-18
6.055920E+03	2.893350E-18	1.623841E-18
6.056120E+03	2.885818E-18	1.621566E-18
6.056520E+03	2.882993E-18	1.621723E-18
6.056720E+03	2.877422E-18	1.621801E-18
6.056920E+03	2.871930E-18	1.622194E-18
6.057120E+03	2.865339E-18	1.628549E-18
6.057520E+03	2.865104E-18	1.626509E-18
6.057720E+03	2.867379E-18	1.625567E-18
6.057920E+03	2.867536E-18	1.620310E-18
6.058120E+03	2.867222E-18	1.616230E-18
6.058320E+03	2.873970E-18	1.614583E-18
6.058520E+03	2.868713E-18	1.604226E-18
6.058921E+03	2.871302E-18	1.608934E-18
6.059121E+03	2.879541E-18	1.614269E-18
6.059321E+03	2.884327E-18	1.618270E-18
6.059521E+03	2.884798E-18	1.607757E-18
6.059921E+03	2.894213E-18	1.615838E-18
6.060121E+03	2.898842E-18	1.608934E-18
6.060321E+03	2.903158E-18	1.609012E-18
6.060521E+03	2.899156E-18	1.613327E-18
6.060721E+03	2.896567E-18	1.611130E-18
6.060921E+03	2.895625E-18	1.609247E-18
6.061121E+03	2.891231E-18	1.609169E-18
6.061721E+03	2.882915E-18	1.616937E-18
6.061921E+03	2.880325E-18	1.614975E-18
6.062121E+03	2.868870E-18	1.614818E-18
6.062321E+03	2.861651E-18	1.616074E-18
6.062521E+03	2.860396E-18	1.618270E-18
6.062721E+03	2.873264E-18	1.609875E-18
6.062921E+03	2.879776E-18	1.606187E-18
6.063121E+03	2.886210E-18	1.613484E-18
6.063321E+03	2.882679E-18	1.619526E-18
6.063521E+03	2.869576E-18	1.618663E-18
6.063721E+03	2.865731E-18	1.616701E-18
6.063921E+03	2.867458E-18	1.624704E-18
6.064122E+03	2.870439E-18	1.617407E-18
6.064322E+03	2.875068E-18	1.613170E-18
6.064521E+03	2.876559E-18	1.610738E-18
6.064922E+03	2.881816E-18	1.612621E-18
6.065121E+03	2.877971E-18	1.607286E-18
6.065921E+03	2.870282E-18	1.606423E-18
6.066121E+03	2.875382E-18	1.600852E-18
6.066321E+03	2.874441E-18	1.607521E-18
6.066521E+03	2.876638E-18	1.617329E-18
6.066921E+03	2.872322E-18	1.634041E-18
6.067121E+03	2.862985E-18	1.620467E-18
6.067321E+03	2.861416E-18	1.623370E-18
6.067521E+03	2.860161E-18	1.627294E-18
6.067721E+03	2.844076E-18	1.624547E-18
6.067921E+03	2.839211E-18	1.617878E-18
6.068121E+03	2.834896E-18	1.617800E-18
6.068721E+03	2.837642E-18	1.622900E-18
6.068921E+03	2.837642E-18	1.622507E-18
6.069121E+03	2.833641E-18	1.621566E-18
6.069522E+03	2.835759E-18	1.621801E-18
6.069722E+03	2.831287E-18	1.615367E-18
6.069922E+03	2.827207E-18	1.615446E-18
6.070122E+03	2.825638E-18	1.618506E-18
6.070322E+03	2.821636E-18	1.620781E-18
6.070722E+03	2.823048E-18	1.621644E-18
6.070922E+03	2.817948E-18	1.620310E-18
6.071122E+03	2.813398E-18	1.623292E-18
6.071322E+03	2.817164E-18	1.623449E-18
6.071522E+03	2.808847E-18	1.624234E-18
6.071722E+03	2.796136E-18	1.624234E-18
6.072122E+03	2.789545E-18	1.617407E-18
6.072322E+03	2.789310E-18	1.613955E-18
6.072522E+03	2.794018E-18	1.613955E-18
6.072722E+03	2.792527E-18	1.614583E-18
6.072922E+03	2.782405E-18	1.614426E-18
6.073122E+03	2.778718E-18	1.614269E-18
6.073322E+03	2.776207E-18	1.611915E-18
6.073522E+03	2.772284E-18	1.620154E-18
6.073922E+03	2.775344E-18	1.620154E-18
6.074122E+03	2.777698E-18	1.609797E-18
6.074322E+03	2.781150E-18	1.611052E-18
6.074523E+03	2.779581E-18	1.624234E-18
6.074723E+03	2.774088E-18	1.616780E-18
6.074923E+03	2.772127E-18	1.620546E-18
6.075723E+03	2.781778E-18	1.617250E-18
6.075923E+03	2.774638E-18	1.616387E-18
6.076123E+03	2.770558E-18	1.633021E-18
6.076323E+03	2.779659E-18	1.633963E-18
6.076523E+03	2.778247E-18	1.633178E-18
6.076922E+03	2.768439E-18	1.641730E-18
6.077123E+03	2.764751E-18	1.638984E-18
6.077323E+03	2.762947E-18	1.642358E-18
6.077522E+03	2.774245E-18	1.641260E-18
6.077722E+03	2.785230E-18	1.638827E-18
6.077922E+03	2.790330E-18	1.641574E-18
6.078122E+03	2.787034E-18	1.625567E-18
6.078322E+03	2.780365E-18	1.630667E-18
6.078522E+03	2.782170E-18	1.631217E-18
6.078722E+03	2.785073E-18	1.632080E-18
6.078922E+03	2.780130E-18	1.655775E-18
6.079122E+03	2.777227E-18	1.644555E-18
6.079522E+03	2.774010E-18	1.640789E-18
6.079723E+03	2.774088E-18	1.622507E-18
6.079923E+03	2.768047E-18	1.624390E-18
6.080123E+03	2.767341E-18	1.653343E-18
6.080323E+03	2.766870E-18	1.655618E-18
6.080523E+03	2.762005E-18	1.640475E-18
6.080923E+03	2.761456E-18	1.646438E-18
6.081123E+03	2.749373E-18	1.644712E-18
6.081323E+03	2.744273E-18	1.644634E-18
6.081523E+03	2.739957E-18	1.638592E-18
6.081723E+03	2.731248E-18	1.662287E-18
6.081923E+03	2.732582E-18	1.658600E-18
6.082123E+03	2.728581E-18	1.669741E-18
6.082323E+03	2.723481E-18	1.682609E-18
6.082723E+03	2.727011E-18	1.675626E-18
6.082923E+03	2.726384E-18	1.677901E-18
6.083123E+03	2.724579E-18	1.683001E-18
6.083323E+03	2.724108E-18	1.685434E-18
6.083523E+03	2.723245E-18	1.687709E-18
6.083723E+03	2.720656E-18	1.670134E-18
6.083923E+03	2.711241E-18	1.662680E-18
6.084123E+03	2.710613E-18	1.661817E-18
6.084323E+03	2.711241E-18	1.658286E-18
6.084523E+03	2.719244E-18	1.661111E-18
6.084723E+03	2.728188E-18	1.659463E-18
6.084924E+03	2.730385E-18	1.651303E-18
6.085124E+03	2.718930E-18	1.646909E-18
6.085324E+03	2.709514E-18	1.641730E-18
6.085524E+03	2.712731E-18	1.644163E-18
6.085724E+03	2.722539E-18	1.648086E-18
6.085924E+03	2.731091E-18	1.649027E-18
6.086124E+03	2.730777E-18	1.651538E-18
6.086324E+03	2.729444E-18	1.660404E-18
6.086524E+03	2.722068E-18	1.650675E-18
6.086724E+03	2.719244E-18	1.650754E-18
6.087324E+03	2.710456E-18	1.650440E-18
6.087524E+03	2.712810E-18	1.650911E-18
6.087724E+03	2.702845E-18	1.651224E-18
6.087924E+03	2.698059E-18	1.651224E-18
6.088124E+03	2.710848E-18	1.647694E-18
6.088324E+03	2.719636E-18	1.644947E-18
6.088524E+03	2.717753E-18	1.619055E-18
6.088724E+03	2.706141E-18	1.619290E-18
6.088923E+03	2.700805E-18	1.618114E-18
6.089123E+03	2.696882E-18	1.619290E-18
6.089324E+03	2.687937E-18	1.621174E-18
6.089524E+03	2.684564E-18	1.616309E-18
6.089724E+03	2.669264E-18	1.619212E-18
6.089923E+03	2.667616E-18	1.623527E-18
6.090124E+03	2.677659E-18	1.627843E-18
6.090324E+03	2.677424E-18	1.625018E-18
6.090724E+03	2.663771E-18	1.622664E-18
6.090924E+03	2.660868E-18	1.626038E-18
6.091124E+03	2.663379E-18	1.631295E-18
6.091324E+03	2.660319E-18	1.630432E-18
6.091524E+03	2.657102E-18	1.636552E-18
6.091724E+03	2.654434E-18	1.643064E-18
6.091924E+03	2.654748E-18	1.637964E-18
6.092124E+03	2.652316E-18	1.610189E-18
6.092324E+03	2.649962E-18	1.609797E-18
6.092524E+03	2.649570E-18	1.604697E-18
6.093124E+03	2.643607E-18	1.604932E-18
6.093324E+03	2.636937E-18	1.603049E-18
6.093524E+03	2.627836E-18	1.596694E-18
6.093724E+03	2.623285E-18	1.593320E-18
6.093924E+03	2.628071E-18	1.594810E-18
6.094124E+03	2.628699E-18	1.592692E-18
6.094324E+03	2.619519E-18	1.584924E-18
6.094524E+03	2.613948E-18	1.580844E-18
6.094724E+03	2.611124E-18	1.578569E-18
6.094924E+03	2.606416E-18	1.575352E-18
6.095124E+03	2.603513E-18	1.572763E-18
6.095325E+03	2.605317E-18	1.570958E-18
6.095525E+03	2.600060E-18	1.573704E-18
6.095725E+03	2.598256E-18	1.573469E-18
6.095925E+03	2.597785E-18	1.573783E-18
6.096125E+03	2.597471E-18	1.572370E-18
6.096325E+03	2.596059E-18	1.572527E-18
6.096525E+03	2.589154E-18	1.571586E-18
6.096725E+03	2.594254E-18	1.570880E-18
6.096925E+03	2.586800E-18	1.570174E-18
6.097125E+03	2.580210E-18	1.570801E-18
6.097525E+03	2.559025E-18	1.572214E-18
6.097725E+03	2.540116E-18	1.570880E-18
6.097925E+03	2.539723E-18	1.561700E-18
6.098125E+03	2.542705E-18	1.577941E-18
6.098325E+03	2.552591E-18	1.586258E-18
6.098725E+03	2.547334E-18	1.586337E-18
6.098925E+03	2.541057E-18	1.592143E-18
6.099125E+03	2.544745E-18	1.592221E-18
6.099325E+03	2.543882E-18	1.590260E-18
6.099525E+03	2.537762E-18	1.591750E-18
6.099925E+03	2.536036E-18	1.594261E-18
6.100125E+03	2.538782E-18	1.586572E-18
6.100726E+03	2.532662E-18	1.603990E-18
6.100926E+03	2.524345E-18	1.609954E-18
6.101325E+03	2.532191E-18	1.608384E-18
6.101525E+03	2.540900E-18	1.616701E-18
6.101725E+03	2.549688E-18	1.611837E-18
6.102126E+03	2.544745E-18	1.609247E-18
6.102325E+03	2.550394E-18	1.611994E-18
6.102525E+03	2.545059E-18	1.611444E-18
6.102925E+03	2.540037E-18	1.617015E-18
6.103125E+03	2.542470E-18	1.618349E-18
6.103325E+03	2.537919E-18	1.627764E-18
6.103525E+03	2.537134E-18	1.635061E-18
6.103725E+03	2.537919E-18	1.637572E-18
6.103925E+03	2.537762E-18	1.643614E-18
6.104125E+03	2.534623E-18	1.644869E-18
6.104325E+03	2.533525E-18	1.645732E-18
6.104525E+03	2.530308E-18	1.645654E-18
6.104725E+03	2.522540E-18	1.645889E-18
6.104925E+03	2.514380E-18	1.639534E-18
6.105325E+03	2.516107E-18	1.639298E-18
6.105525E+03	2.514145E-18	1.653657E-18
6.105726E+03	2.505671E-18	1.644320E-18
6.105926E+03	2.505907E-18	1.644634E-18
6.106526E+03	2.502140E-18	1.651303E-18
6.106726E+03	2.499316E-18	1.652401E-18
6.106926E+03	2.495785E-18	1.652244E-18
6.107126E+03	2.500963E-18	1.646046E-18
6.107326E+03	2.493431E-18	1.646595E-18
6.107526E+03	2.482447E-18	1.645732E-18
6.107726E+03	2.483702E-18	1.641024E-18
6.107926E+03	2.480720E-18	1.652401E-18
6.108126E+03	2.487468E-18	1.653029E-18
6.108326E+03	2.485350E-18	1.652637E-18
6.108526E+03	2.486370E-18	1.679392E-18
6.108726E+03	2.479622E-18	1.676411E-18
6.108926E+03	2.469030E-18	1.673900E-18
6.109326E+03	2.482290E-18	1.672566E-18
6.109526E+03	2.488645E-18	1.675940E-18
6.109726E+03	2.479073E-18	1.697595E-18
6.109926E+03	2.481662E-18	1.708815E-18
6.110126E+03	2.480328E-18	1.704578E-18
6.110326E+03	2.478445E-18	1.708894E-18
6.110927E+03	2.477190E-18	1.713601E-18
6.111127E+03	2.476405E-18	1.713601E-18
6.111327E+03	2.482839E-18	1.707167E-18
6.111527E+03	2.482839E-18	1.711326E-18
6.111727E+03	2.484643E-18	1.711012E-18
6.111927E+03	2.489194E-18	1.718701E-18
6.112127E+03	2.482447E-18	1.728587E-18
6.112327E+03	2.481740E-18	1.730157E-18
6.112527E+03	2.480171E-18	1.733217E-18
6.112727E+03	2.486291E-18	1.729607E-18
6.112927E+03	2.490450E-18	1.732118E-18
6.113127E+03	2.492960E-18	1.732197E-18
6.113327E+03	2.495157E-18	1.739258E-18
6.113526E+03	2.495393E-18	1.731177E-18
6.113726E+03	2.498767E-18	1.732667E-18
6.113926E+03	2.506220E-18	1.736434E-18
6.114127E+03	2.511085E-18	1.736747E-18
6.114327E+03	2.505828E-18	1.730392E-18
6.114526E+03	2.507554E-18	1.728980E-18
6.114726E+03	2.511399E-18	1.731569E-18
6.114926E+03	2.520343E-18	1.740749E-18
6.115126E+03	2.521285E-18	1.739651E-18
6.115326E+03	2.515714E-18	1.739337E-18
6.115526E+03	2.511870E-18	1.731177E-18
6.115726E+03	2.512733E-18	1.738160E-18
6.115926E+03	2.512811E-18	1.739651E-18
6.116127E+03	2.513674E-18	1.740906E-18
6.116327E+03	2.519716E-18	1.746320E-18
6.116527E+03	2.525365E-18	1.746555E-18
6.116727E+03	2.528190E-18	1.750949E-18
6.116927E+03	2.518068E-18	1.750478E-18
6.117127E+03	2.508496E-18	1.754323E-18
6.117527E+03	2.514380E-18	1.754715E-18
6.117727E+03	2.523560E-18	1.765464E-18
6.118127E+03	2.511007E-18	1.764680E-18
6.118327E+03	2.504023E-18	1.768524E-18
6.118527E+03	2.511870E-18	1.783432E-18
6.118727E+03	2.508103E-18	1.780686E-18
6.118927E+03	2.502690E-18	1.788218E-18
6.119127E+03	2.505593E-18	1.787198E-18
6.119327E+03	2.494059E-18	1.795672E-18
6.119527E+03	2.482525E-18	1.800615E-18
6.119727E+03	2.479700E-18	1.805951E-18
6.119927E+03	2.468951E-18	1.811129E-18
6.120127E+03	2.469265E-18	1.815837E-18
6.120327E+03	2.481348E-18	1.819681E-18
6.120527E+03	2.479308E-18	1.822349E-18
6.120727E+03	2.473267E-18	1.823212E-18
6.120927E+03	2.476405E-18	1.822114E-18
6.121128E+03	2.486134E-18	1.818426E-18
6.121328E+03	2.483310E-18	1.811992E-18
6.121528E+03	2.477739E-18	1.802263E-18
6.121728E+03	2.479308E-18	1.802106E-18
6.121928E+03	2.468088E-18	1.798026E-18
6.122128E+03	2.455848E-18	1.800223E-18
6.122328E+03	2.453102E-18	1.785237E-18
6.122528E+03	2.451062E-18	1.790415E-18
6.122728E+03	2.446276E-18	1.786021E-18
6.123128E+03	2.443373E-18	1.786335E-18
6.123328E+03	2.451533E-18	1.786335E-18
6.123528E+03	2.451847E-18	1.774801E-18
6.123728E+03	2.456633E-18	1.775664E-18
6.123928E+03	2.457810E-18	1.776684E-18
6.124128E+03	2.459614E-18	1.746947E-18
6.124328E+03	2.452945E-18	1.747183E-18
6.124528E+03	2.441490E-18	1.741455E-18
6.124728E+03	2.445413E-18	1.738552E-18
6.124928E+03	2.450356E-18	1.738944E-18
6.125128E+03	2.457653E-18	1.735100E-18
6.125328E+03	2.453965E-18	1.735806E-18
6.125528E+03	2.448943E-18	1.731804E-18
6.125728E+03	2.445099E-18	1.732511E-18
6.125927E+03	2.446276E-18	1.733923E-18
6.126127E+03	2.451297E-18	1.714857E-18
6.126328E+03	2.448002E-18	1.717603E-18
6.126729E+03	2.441568E-18	1.720584E-18
6.126928E+03	2.440313E-18	1.723095E-18
6.127328E+03	2.437488E-18	1.721761E-18
6.127528E+03	2.431290E-18	1.690691E-18
6.127728E+03	2.429093E-18	1.691161E-18
6.127928E+03	2.430113E-18	1.692574E-18
6.128128E+03	2.432545E-18	1.687474E-18
6.128328E+03	2.438273E-18	1.691711E-18
6.128528E+03	2.435291E-18	1.695320E-18
6.128728E+03	2.441960E-18	1.693044E-18
6.128928E+03	2.440470E-18	1.671624E-18
6.129128E+03	2.445805E-18	1.673429E-18
6.129328E+03	2.452945E-18	1.665975E-18
6.129528E+03	2.456397E-18	1.650832E-18
6.129728E+03	2.465577E-18	1.652244E-18
6.129928E+03	2.465891E-18	1.652401E-18
6.130128E+03	2.462988E-18	1.650989E-18
6.130328E+03	2.469108E-18	1.646987E-18
6.130528E+03	2.476562E-18	1.647615E-18
6.130728E+03	2.478759E-18	1.641887E-18
6.131128E+03	2.477503E-18	1.640083E-18
6.131328E+03	2.478210E-18	1.657580E-18
6.131529E+03	2.487782E-18	1.661817E-18
6.131729E+03	2.493823E-18	1.662209E-18
6.132329E+03	2.496334E-18	1.669820E-18
6.132529E+03	2.495942E-18	1.670134E-18
6.132729E+03	2.505514E-18	1.668251E-18
6.132929E+03	2.507397E-18	1.679549E-18
6.133129E+03	2.503317E-18	1.681903E-18
6.133329E+03	2.505985E-18	1.678843E-18
6.133529E+03	2.506927E-18	1.680569E-18
6.133729E+03	2.512497E-18	1.673115E-18
6.133929E+03	2.511399E-18	1.661660E-18
6.134129E+03	2.515165E-18	1.667309E-18
6.134329E+03	2.513125E-18	1.661817E-18
6.134529E+03	2.508417E-18	1.657109E-18
6.134729E+03	2.505828E-18	1.660012E-18
6.134929E+03	2.499002E-18	1.661111E-18
6.135329E+03	2.492019E-18	1.663621E-18
6.135529E+03	2.485036E-18	1.681040E-18
6.135729E+03	2.492097E-18	1.699243E-18
6.136129E+03	2.500650E-18	1.714151E-18
6.136329E+03	2.508496E-18	1.721134E-18
6.136529E+03	2.519637E-18	1.724429E-18
6.136730E+03	2.525130E-18	1.724900E-18
6.136930E+03	2.528739E-18	1.724821E-18
6.137130E+03	2.522854E-18	1.723409E-18
6.137530E+03	2.524423E-18	1.728352E-18
6.137730E+03	2.513753E-18	1.725841E-18
6.137930E+03	2.508496E-18	1.721291E-18
6.138130E+03	2.510771E-18	1.718623E-18
6.138329E+03	2.510771E-18	1.713994E-18
6.138529E+03	2.510300E-18	1.709207E-18
6.138730E+03	2.516028E-18	1.704029E-18
6.138930E+03	2.516342E-18	1.708109E-18
6.139130E+03	2.516734E-18	1.702146E-18
6.139329E+03	2.528739E-18	1.696183E-18
6.139529E+03	2.534702E-18	1.690141E-18
6.139729E+03	2.533054E-18	1.691789E-18
6.139929E+03	2.535487E-18	1.697987E-18
6.140129E+03	2.533211E-18	1.701204E-18
6.140329E+03	2.530543E-18	1.701597E-18
6.140529E+03	2.540822E-18	1.704657E-18
6.140729E+03	2.550394E-18	1.703794E-18
6.140929E+03	2.551964E-18	1.702774E-18
6.141129E+03	2.558240E-18	1.697831E-18
6.141329E+03	2.561457E-18	1.697281E-18
6.141729E+03	2.560280E-18	1.708266E-18
6.142330E+03	2.558868E-18	1.710384E-18
6.142530E+03	2.557377E-18	1.707638E-18
6.142730E+03	2.557220E-18	1.716112E-18
6.142930E+03	2.556514E-18	1.721134E-18
6.143130E+03	2.552356E-18	1.722232E-18
6.143330E+03	2.546079E-18	1.717132E-18
6.143530E+03	2.541450E-18	1.718858E-18
6.143730E+03	2.536193E-18	1.716897E-18
6.143930E+03	2.531563E-18	1.717838E-18
6.144130E+03	2.537527E-18	1.720349E-18
6.144330E+03	2.544353E-18	1.720271E-18
6.144530E+03	2.540116E-18	1.722154E-18
6.144730E+03	2.534623E-18	1.729294E-18
6.144930E+03	2.534467E-18	1.730392E-18
6.145130E+03	2.531956E-18	1.727646E-18
6.145330E+03	2.531407E-18	1.724978E-18
6.145530E+03	2.533054E-18	1.725371E-18
6.145930E+03	2.523090E-18	1.710149E-18
6.146130E+03	2.521756E-18	1.703794E-18
6.146330E+03	2.531799E-18	1.704343E-18
6.146530E+03	2.526934E-18	1.705991E-18
6.146730E+03	2.530779E-18	1.704107E-18
6.146930E+03	2.530700E-18	1.741063E-18
6.147131E+03	2.533447E-18	1.746398E-18
6.147331E+03	2.536742E-18	1.743652E-18
6.147531E+03	2.543803E-18	1.787904E-18
6.147731E+03	2.549060E-18	1.774801E-18
6.147931E+03	2.545373E-18	1.774801E-18
6.148331E+03	2.555102E-18	1.779509E-18
6.148531E+03	2.558162E-18	1.773389E-18
6.148731E+03	2.562320E-18	1.799360E-18
6.148931E+03	2.571344E-18	1.820231E-18
6.149131E+03	2.580759E-18	1.818426E-18
6.149331E+03	2.580759E-18	1.824546E-18
6.149531E+03	2.580210E-18	1.827841E-18
6.149731E+03	2.579739E-18	1.828548E-18
6.150131E+03	2.576208E-18	1.824703E-18
6.150331E+03	2.572677E-18	1.821486E-18
6.150531E+03	2.576365E-18	1.819838E-18
6.150730E+03	2.582720E-18	1.815052E-18
6.150931E+03	2.572599E-18	1.814503E-18
6.151131E+03	2.571657E-18	1.820544E-18
6.151530E+03	2.574404E-18	1.820544E-18
6.151730E+03	2.583976E-18	1.820231E-18
6.152130E+03	2.586957E-18	1.823761E-18
6.152331E+03	2.584917E-18	1.822271E-18
6.152531E+03	2.590331E-18	1.810188E-18
6.152731E+03	2.596451E-18	1.809560E-18
6.152931E+03	2.590802E-18	1.808618E-18
6.153531E+03	2.589939E-18	1.802028E-18
6.153731E+03	2.602650E-18	1.800458E-18
6.153931E+03	2.605631E-18	1.799674E-18
6.154131E+03	2.607122E-18	1.799438E-18
6.154331E+03	2.621010E-18	1.799046E-18
6.154531E+03	2.630739E-18	1.799595E-18
6.154731E+03	2.637800E-18	1.800380E-18
6.154931E+03	2.645804E-18	1.788689E-18
6.155131E+03	2.652551E-18	1.789474E-18
6.155331E+03	2.642822E-18	1.789788E-18
6.155531E+03	2.638507E-18	1.763424E-18
6.155731E+03	2.644391E-18	1.765621E-18
6.155931E+03	2.651217E-18	1.764601E-18
6.156131E+03	2.654670E-18	1.766484E-18
6.156331E+03	2.653571E-18	1.766249E-18
6.156531E+03	2.655141E-18	1.736512E-18
6.156731E+03	2.658985E-18	1.725292E-18
6.156931E+03	2.665105E-18	1.736277E-18
6.157532E+03	2.671382E-18	1.730235E-18
6.157932E+03	2.673501E-18	1.751655E-18
6.158132E+03	2.672951E-18	1.769074E-18
6.158332E+03	2.672324E-18	1.768132E-18
6.158532E+03	2.681190E-18	1.770172E-18
6.158732E+03	2.684877E-18	1.770408E-18
6.158932E+03	2.693665E-18	1.758324E-18
6.159132E+03	2.698530E-18	1.738787E-18
6.159732E+03	2.705984E-18	1.727411E-18
6.159932E+03	2.710927E-18	1.728509E-18
6.160132E+03	2.712731E-18	1.730863E-18
6.160332E+03	2.716497E-18	1.744358E-18
6.160732E+03	2.715870E-18	1.750714E-18
6.161132E+03	2.707082E-18	1.742867E-18
6.161332E+03	2.709828E-18	1.751420E-18
6.161532E+03	2.720342E-18	1.749223E-18
6.161732E+03	2.725756E-18	1.742004E-18
6.161932E+03	2.725756E-18	1.736041E-18
6.162132E+03	2.742468E-18	1.734864E-18
6.162332E+03	2.751413E-18	1.738160E-18
6.162532E+03	2.754551E-18	1.738081E-18
6.162733E+03	2.763418E-18	1.746712E-18
6.162933E+03	2.780365E-18	1.740749E-18
6.163132E+03	2.791742E-18	1.733923E-18
6.163333E+03	2.792998E-18	1.727411E-18
6.163533E+03	2.799824E-18	1.721369E-18
6.163733E+03	2.804453E-18	1.727724E-18
6.163932E+03	2.808298E-18	1.730549E-18
6.164132E+03	2.813476E-18	1.726469E-18
6.164332E+03	2.808690E-18	1.722075E-18
6.164532E+03	2.795744E-18	1.724586E-18
6.164732E+03	2.796842E-18	1.725214E-18
6.164932E+03	2.800451E-18	1.743338E-18
6.165132E+03	2.804531E-18	1.742867E-18
6.165332E+03	2.813947E-18	1.731647E-18
6.165532E+03	2.821714E-18	1.733766E-18
6.165732E+03	2.825873E-18	1.730549E-18
6.166332E+03	2.827050E-18	1.729529E-18
6.166532E+03	2.829325E-18	1.729686E-18
6.166732E+03	2.840310E-18	1.731726E-18
6.166932E+03	2.846587E-18	1.731726E-18
6.167132E+03	2.846194E-18	1.722154E-18
6.167332E+03	2.840938E-18	1.723958E-18
6.167532E+03	2.837956E-18	1.715327E-18
6.167732E+03	2.840624E-18	1.708501E-18
6.167933E+03	2.845253E-18	1.706147E-18
6.168133E+03	2.853256E-18	1.701911E-18
6.168333E+03	2.857493E-18	1.702224E-18
6.168933E+03	2.852628E-18	1.699478E-18
6.169133E+03	2.850039E-18	1.705206E-18
6.169533E+03	2.847921E-18	1.703872E-18
6.169733E+03	2.848705E-18	1.728352E-18
6.169933E+03	2.848470E-18	1.728038E-18
6.170133E+03	2.847528E-18	1.729686E-18
6.170333E+03	2.852550E-18	1.734629E-18
6.170533E+03	2.856081E-18	1.742161E-18
6.170733E+03	2.854825E-18	1.743024E-18
6.170933E+03	2.865182E-18	1.737611E-18
6.171133E+03	2.870282E-18	1.754558E-18
6.171333E+03	2.870361E-18	1.754009E-18
6.171533E+03	2.876245E-18	1.755264E-18
6.171733E+03	2.889113E-18	1.755186E-18
6.172133E+03	2.894527E-18	1.754401E-18
6.172333E+03	2.898607E-18	1.754323E-18
6.172533E+03	2.901431E-18	1.754323E-18
6.172733E+03	2.908179E-18	1.756520E-18
6.172933E+03	2.914456E-18	1.756363E-18
6.173134E+03	2.925284E-18	1.758481E-18
6.173334E+03	2.938387E-18	1.764523E-18
6.173534E+03	2.937681E-18	1.798104E-18
6.173734E+03	2.934307E-18	1.809168E-18
6.173934E+03	2.937759E-18	1.811364E-18
6.174134E+03	2.943173E-18	1.812855E-18
6.174534E+03	2.954001E-18	1.822349E-18
6.174734E+03	2.957061E-18	1.831372E-18
6.175134E+03	2.961925E-18	1.829960E-18
6.175734E+03	2.964436E-18	1.834432E-18
6.176133E+03	2.967261E-18	1.832549E-18
6.176333E+03	2.970321E-18	1.831843E-18
6.176533E+03	2.975970E-18	1.830823E-18
6.177333E+03	2.982090E-18	1.829332E-18
6.177533E+03	2.985150E-18	1.826037E-18
6.178133E+03	2.991662E-18	1.826586E-18
6.178334E+03	2.994565E-18	1.834197E-18
6.178934E+03	3.003039E-18	1.843534E-18
6.179134E+03	3.008296E-18	1.841572E-18
6.179334E+03	3.009081E-18	1.838355E-18
6.179934E+03	3.020458E-18	1.834432E-18
6.180134E+03	3.027362E-18	1.830117E-18
6.180334E+03	3.035208E-18	1.830823E-18
6.180534E+03	3.047213E-18	1.828312E-18
6.180734E+03	3.055059E-18	1.829254E-18
6.181134E+03	3.062984E-18	1.822898E-18
6.181334E+03	3.069261E-18	1.822820E-18
6.181534E+03	3.078598E-18	1.830588E-18
6.181734E+03	3.078912E-18	1.830980E-18
6.181934E+03	3.080324E-18	1.831921E-18
6.182534E+03	3.085189E-18	1.830980E-18
6.182734E+03	3.086758E-18	1.829254E-18
6.183334E+03	3.085816E-18	1.827684E-18
6.183535E+03	3.085345E-18	1.831137E-18
6.183735E+03	3.094055E-18	1.834668E-18
6.183935E+03	3.094839E-18	1.848948E-18
6.184135E+03	3.093113E-18	1.847535E-18
6.184335E+03	3.101430E-18	1.841964E-18
6.184535E+03	3.104647E-18	1.845731E-18
6.184735E+03	3.104019E-18	1.844083E-18
6.184935E+03	3.104176E-18	1.851851E-18
6.185135E+03	3.105902E-18	1.852478E-18
6.185335E+03	3.110139E-18	1.846201E-18
6.185735E+03	3.106530E-18	1.849889E-18
6.185935E+03	3.107393E-18	1.850988E-18
6.186135E+03	3.112572E-18	1.846280E-18
6.186335E+03	3.119241E-18	1.847692E-18
6.186535E+03	3.118142E-18	1.845181E-18
6.186935E+03	3.126067E-18	1.830823E-18
6.187135E+03	3.132815E-18	1.815523E-18
6.187335E+03	3.135247E-18	1.811521E-18
6.187535E+03	3.129441E-18	1.808383E-18
6.188135E+03	3.130225E-18	1.805480E-18
6.188334E+03	3.133207E-18	1.804617E-18
6.188535E+03	3.144427E-18	1.802891E-18
6.188735E+03	3.150155E-18	1.804146E-18
6.189135E+03	3.145055E-18	1.808304E-18
6.189335E+03	3.148742E-18	1.812149E-18
6.189735E+03	3.165062E-18	1.820937E-18
6.189935E+03	3.175576E-18	1.819368E-18
6.190135E+03	3.179735E-18	1.822271E-18
6.190735E+03	3.176675E-18	1.843377E-18
6.191335E+03	3.183736E-18	1.843377E-18
6.191535E+03	3.175890E-18	1.840395E-18
6.191735E+03	3.174242E-18	1.842435E-18
6.191935E+03	3.176282E-18	1.842121E-18
6.192135E+03	3.176989E-18	1.841415E-18
6.192335E+03	3.180284E-18	1.837884E-18
6.193135E+03	3.182795E-18	1.858206E-18
6.193335E+03	3.184286E-18	1.885981E-18
6.193535E+03	3.186012E-18	1.888885E-18
6.193736E+03	3.192602E-18	1.884805E-18
6.193936E+03	3.193936E-18	1.898614E-18
6.194136E+03	3.194250E-18	1.902145E-18
6.194736E+03	3.191739E-18	1.916503E-18
6.194936E+03	3.195427E-18	1.921838E-18
6.195136E+03	3.202567E-18	1.912109E-18
6.195536E+03	3.208766E-18	1.914934E-18
6.196136E+03	3.211669E-18	1.914777E-18
6.196336E+03	3.214022E-18	1.907480E-18
6.196936E+03	3.217239E-18	1.904106E-18
6.197136E+03	3.213395E-18	1.914228E-18
6.197336E+03	3.210727E-18	1.916895E-18
6.197536E+03	3.209079E-18	1.913992E-18
6.197736E+03	3.209786E-18	1.922152E-18
6.197936E+03	3.212061E-18	1.928508E-18
6.198136E+03	3.215592E-18	1.943808E-18
6.198336E+03	3.220378E-18	1.949222E-18
6.198736E+03	3.226341E-18	1.952595E-18
6.198937E+03	3.233481E-18	1.946397E-18
6.199137E+03	3.242269E-18	1.949300E-18
6.199337E+03	3.250036E-18	1.949457E-18
6.199537E+03	3.258353E-18	1.951575E-18
6.199737E+03	3.259059E-18	1.953066E-18
6.199937E+03	3.254273E-18	1.955185E-18
6.200137E+03	3.254901E-18	1.959029E-18
6.200337E+03	3.247055E-18	1.969151E-18
6.200537E+03	3.247133E-18	1.975585E-18
6.200736E+03	3.250664E-18	1.975585E-18
6.200936E+03	3.253881E-18	1.954949E-18
6.201136E+03	3.256313E-18	1.954714E-18
6.201337E+03	3.251292E-18	1.955969E-18
6.201536E+03	3.256078E-18	1.922074E-18
6.201736E+03	3.258118E-18	1.939649E-18
6.201936E+03	3.250429E-18	1.939571E-18
6.202136E+03	3.253175E-18	1.934706E-18
6.202336E+03	3.262119E-18	1.936275E-18
6.202536E+03	3.270358E-18	1.912423E-18
6.202736E+03	3.276478E-18	1.892808E-18
6.202936E+03	3.278675E-18	1.893592E-18
6.203136E+03	3.286678E-18	1.887708E-18
6.203336E+03	3.288875E-18	1.889041E-18
6.203536E+03	3.297506E-18	1.891631E-18
6.203736E+03	3.297113E-18	1.893435E-18
6.204337E+03	3.290130E-18	1.889905E-18
6.204537E+03	3.298604E-18	1.899006E-18
6.204737E+03	3.297506E-18	1.905283E-18
6.204937E+03	3.295309E-18	1.908343E-18
6.205137E+03	3.299546E-18	1.904420E-18
6.205337E+03	3.290758E-18	1.913051E-18
6.205537E+03	3.288953E-18	1.916111E-18
6.205737E+03	3.286286E-18	1.914934E-18
6.205937E+03	3.284403E-18	1.915326E-18
6.206137E+03	3.289032E-18	1.914934E-18
6.206337E+03	3.297192E-18	1.919249E-18
6.206537E+03	3.296799E-18	1.920034E-18
6.206737E+03	3.289032E-18	1.927801E-18
6.206937E+03	3.297192E-18	1.934785E-18
6.207137E+03	3.295466E-18	1.936903E-18
6.207337E+03	3.293190E-18	1.937295E-18
6.207537E+03	3.292955E-18	1.958872E-18
6.207737E+03	3.295466E-18	1.959186E-18
6.207937E+03	3.290523E-18	1.962011E-18
6.208737E+03	3.288404E-18	1.962482E-18
6.208937E+03	3.293190E-18	1.965542E-18
6.209137E+03	3.292955E-18	1.969935E-18
6.209338E+03	3.286678E-18	1.965385E-18
6.209738E+03	3.288953E-18	1.962089E-18
6.209938E+03	3.292092E-18	1.958794E-18
6.210138E+03	3.295152E-18	1.957460E-18
6.210738E+03	3.290209E-18	1.949065E-18
6.210938E+03	3.288796E-18	1.949692E-18
6.211738E+03	3.285109E-18	1.948751E-18
6.211938E+03	3.284716E-18	1.938158E-18
6.212138E+03	3.282598E-18	1.939021E-18
6.212338E+03	3.281499E-18	1.918700E-18
6.212538E+03	3.284795E-18	1.905048E-18
6.212738E+03	3.278675E-18	1.905832E-18
6.212938E+03	3.274987E-18	1.900497E-18
6.213137E+03	3.271064E-18	1.901595E-18
6.213337E+03	3.277341E-18	1.900889E-18
6.213538E+03	3.282755E-18	1.897358E-18
6.213937E+03	3.274830E-18	1.902066E-18
6.214137E+03	3.274516E-18	1.901203E-18
6.214337E+03	3.273889E-18	1.896260E-18
6.214538E+03	3.276007E-18	1.880254E-18
6.214738E+03	3.279381E-18	1.873663E-18
6.214938E+03	3.279930E-18	1.880803E-18
6.215138E+03	3.275379E-18	1.888335E-18
6.215338E+03	3.278910E-18	1.899477E-18
6.215538E+03	3.277655E-18	1.900889E-18
6.215738E+03	3.278439E-18	1.904734E-18
6.215938E+03	3.275144E-18	1.904969E-18
6.216538E+03	3.275379E-18	1.903165E-18
6.216738E+03	3.277263E-18	1.909206E-18
6.216938E+03	3.277263E-18	1.896809E-18
6.217138E+03	3.278439E-18	1.897986E-18
6.217338E+03	3.280244E-18	1.902851E-18
6.217538E+03	3.289973E-18	1.912345E-18
6.217738E+03	3.298055E-18	1.912501E-18
6.218138E+03	3.304567E-18	1.900575E-18
6.218338E+03	3.309667E-18	1.894063E-18
6.218538E+03	3.312178E-18	1.895161E-18
6.218738E+03	3.315081E-18	1.894848E-18
6.218938E+03	3.316336E-18	1.888414E-18
6.219138E+03	3.319004E-18	1.887629E-18
6.219338E+03	3.327007E-18	1.869505E-18
6.219538E+03	3.333912E-18	1.873820E-18
6.219739E+03	3.333519E-18	1.887001E-18
6.219939E+03	3.331793E-18	1.892415E-18
6.220139E+03	3.329518E-18	1.891317E-18
6.220339E+03	3.335638E-18	1.880097E-18
6.220539E+03	3.331872E-18	1.884726E-18
6.220739E+03	3.329204E-18	1.881901E-18
6.220939E+03	3.329439E-18	1.893514E-18
6.221139E+03	3.329283E-18	1.890218E-18
6.221339E+03	3.331087E-18	1.880960E-18
6.221939E+03	3.328263E-18	1.881038E-18
6.222139E+03	3.332813E-18	1.883235E-18
6.222339E+03	3.336501E-18	1.886374E-18
6.222539E+03	3.334304E-18	1.891866E-18
6.222739E+03	3.338070E-18	1.898849E-18
6.222939E+03	3.340816E-18	1.900811E-18
6.223139E+03	3.340110E-18	1.893043E-18
6.223339E+03	3.345524E-18	1.894848E-18
6.223539E+03	3.349996E-18	1.884883E-18
6.223739E+03	3.349918E-18	1.894612E-18
6.223939E+03	3.355175E-18	1.892651E-18
6.224139E+03	3.358392E-18	1.886923E-18
6.224339E+03	3.362943E-18	1.877586E-18
6.224739E+03	3.365296E-18	1.879312E-18
6.224940E+03	3.361216E-18	1.887237E-18
6.225140E+03	3.362864E-18	1.880332E-18
6.225340E+03	3.364276E-18	1.880725E-18
6.225539E+03	3.366787E-18	1.882372E-18
6.225739E+03	3.369376E-18	1.881509E-18
6.225940E+03	3.368749E-18	1.880568E-18
6.226140E+03	3.366709E-18	1.881980E-18
6.226339E+03	3.368670E-18	1.881901E-18
6.226539E+03	3.368592E-18	1.881038E-18
6.226739E+03	3.366473E-18	1.881117E-18
6.227339E+03	3.363884E-18	1.879548E-18
6.227539E+03	3.363570E-18	1.896574E-18
6.227739E+03	3.354547E-18	1.866131E-18
6.227939E+03	3.349369E-18	1.861109E-18
6.228139E+03	3.349133E-18	1.860403E-18
6.228339E+03	3.346858E-18	1.860325E-18
6.228539E+03	3.347878E-18	1.855225E-18
6.228739E+03	3.358313E-18	1.844475E-18
6.228939E+03	3.360824E-18	1.847457E-18
6.229139E+03	3.352743E-18	1.849183E-18
6.229339E+03	3.354312E-18	1.858755E-18
6.229939E+03	3.353449E-18	1.866915E-18
6.230140E+03	3.356666E-18	1.867072E-18
6.230340E+03	3.358392E-18	1.874369E-18
6.230540E+03	3.355018E-18	1.883000E-18
6.230740E+03	3.358470E-18	1.889120E-18
6.230940E+03	3.360589E-18	1.881666E-18
6.231140E+03	3.364826E-18	1.881509E-18
6.231340E+03	3.363806E-18	1.888100E-18
6.231540E+03	3.356666E-18	1.887551E-18
6.231740E+03	3.353841E-18	1.887708E-18
6.232140E+03	3.348270E-18	1.889198E-18
6.232340E+03	3.346466E-18	1.889826E-18
6.232540E+03	3.338776E-18	1.894691E-18
6.232740E+03	3.337286E-18	1.891788E-18
6.232940E+03	3.339639E-18	1.891709E-18
6.233140E+03	3.337678E-18	1.898614E-18
6.233340E+03	3.337756E-18	1.893435E-18
6.233540E+03	3.334069E-18	1.901281E-18
6.233740E+03	3.325438E-18	1.902223E-18
6.233940E+03	3.325046E-18	1.889512E-18
6.234140E+03	3.321358E-18	1.889277E-18
6.234940E+03	3.306764E-18	1.889120E-18
6.235341E+03	3.298526E-18	1.884412E-18
6.235541E+03	3.289424E-18	1.880175E-18
6.236341E+03	3.283775E-18	1.868328E-18
6.236541E+03	3.271143E-18	1.860481E-18
6.236741E+03	3.257883E-18	1.870603E-18
6.236941E+03	3.250664E-18	1.870995E-18
6.237541E+03	3.252076E-18	1.870760E-18
6.237740E+03	3.248546E-18	1.862286E-18
6.237940E+03	3.248859E-18	1.861972E-18
6.238141E+03	3.247996E-18	1.863698E-18
6.238341E+03	3.249016E-18	1.859069E-18
6.238541E+03	3.248467E-18	1.873820E-18
6.238740E+03	3.244152E-18	1.882765E-18
6.238940E+03	3.231206E-18	1.879861E-18
6.239140E+03	3.222732E-18	1.883157E-18
6.239340E+03	3.217710E-18	1.883863E-18
6.239540E+03	3.216533E-18	1.884334E-18
6.239740E+03	3.216219E-18	1.876252E-18
6.239940E+03	3.214022E-18	1.875860E-18
6.240140E+03	3.211669E-18	1.874761E-18
6.240741E+03	3.206098E-18	1.875546E-18
6.240941E+03	3.199978E-18	1.876095E-18
6.241141E+03	3.194956E-18	1.879783E-18
6.241341E+03	3.194721E-18	1.869348E-18
6.241741E+03	3.194564E-18	1.865895E-18
6.241941E+03	3.193230E-18	1.877115E-18
6.242141E+03	3.191739E-18	1.881901E-18
6.242341E+03	3.200841E-18	1.878606E-18
6.242741E+03	3.199507E-18	1.861658E-18
6.243141E+03	3.197624E-18	1.881666E-18
6.243341E+03	3.201626E-18	1.878606E-18
6.243541E+03	3.201626E-18	1.876566E-18
6.243941E+03	3.200762E-18	1.877429E-18
6.244141E+03	3.204764E-18	1.879548E-18
6.244341E+03	3.208844E-18	1.879705E-18
6.244541E+03	3.213316E-18	1.853106E-18
6.244741E+03	3.217867E-18	1.820780E-18
6.244941E+03	3.222418E-18	1.824389E-18
6.245141E+03	3.227282E-18	1.824389E-18
6.245341E+03	3.232226E-18	1.813718E-18
6.245541E+03	3.235050E-18	1.807755E-18
6.245942E+03	3.230029E-18	1.793632E-18
6.246142E+03	3.230029E-18	1.788611E-18
6.246342E+03	3.226969E-18	1.791828E-18
6.246542E+03	3.219436E-18	1.794574E-18
6.246742E+03	3.211590E-18	1.799124E-18
6.247142E+03	3.209472E-18	1.800223E-18
6.247342E+03	3.203822E-18	1.799281E-18
6.247542E+03	3.191112E-18	1.787826E-18
6.247742E+03	3.183736E-18	1.793946E-18
6.247942E+03	3.180127E-18	1.797712E-18
6.248142E+03	3.175655E-18	1.790415E-18
6.248342E+03	3.162002E-18	1.785158E-18
6.248742E+03	3.152587E-18	1.777391E-18
6.248942E+03	3.140504E-18	1.773075E-18
6.249142E+03	3.136424E-18	1.778254E-18
6.249342E+03	3.133521E-18	1.782020E-18
6.249542E+03	3.126852E-18	1.778254E-18
6.249742E+03	3.122850E-18	1.778489E-18
6.249941E+03	3.125989E-18	1.778175E-18
6.250141E+03	3.127087E-18	1.779588E-18
6.250542E+03	3.120889E-18	1.780764E-18
6.250743E+03	3.117279E-18	1.779509E-18
6.250943E+03	3.105589E-18	1.768995E-18
6.251142E+03	3.094525E-18	1.759580E-18
6.251342E+03	3.097585E-18	1.759344E-18
6.251742E+03	3.093741E-18	1.750008E-18
6.251942E+03	3.089033E-18	1.744044E-18
6.252142E+03	3.090053E-18	1.755735E-18
6.252342E+03	3.084639E-18	1.747575E-18
6.252542E+03	3.077499E-18	1.723331E-18
6.252742E+03	3.075145E-18	1.716661E-18
6.252942E+03	3.067613E-18	1.717446E-18
6.253142E+03	3.060787E-18	1.715484E-18
6.253342E+03	3.054275E-18	1.724429E-18
6.253542E+03	3.049645E-18	1.738238E-18
6.253742E+03	3.053176E-18	1.739258E-18
6.253942E+03	3.049881E-18	1.740435E-18
6.254142E+03	3.055059E-18	1.732746E-18
6.254342E+03	3.055530E-18	1.728744E-18
6.254542E+03	3.056315E-18	1.731491E-18
6.254742E+03	3.054118E-18	1.732040E-18
6.254942E+03	3.050587E-18	1.722075E-18
6.255342E+03	3.057962E-18	1.715484E-18
6.255542E+03	3.054353E-18	1.712817E-18
6.255742E+03	3.052235E-18	1.710855E-18
6.256343E+03	3.045487E-18	1.702381E-18
6.258943E+03	3.049410E-18	1.700341E-18
6.259543E+03	3.048076E-18	1.697752E-18
6.259743E+03	3.038818E-18	1.700263E-18
6.259943E+03	3.032933E-18	1.700106E-18
6.260343E+03	3.029952E-18	1.695084E-18
6.260543E+03	3.023518E-18	1.694221E-18
6.260743E+03	3.026735E-18	1.688337E-18
6.260943E+03	3.022419E-18	1.680491E-18
6.261144E+03	3.020458E-18	1.677901E-18
6.261344E+03	3.015985E-18	1.684806E-18
6.261544E+03	3.012768E-18	1.672566E-18
6.261744E+03	3.007198E-18	1.673272E-18
6.261944E+03	3.005393E-18	1.669584E-18
6.262144E+03	3.003588E-18	1.670369E-18
6.262343E+03	2.995272E-18	1.669349E-18
6.262543E+03	2.987190E-18	1.662915E-18
6.262743E+03	2.984758E-18	1.661503E-18
6.262944E+03	2.969379E-18	1.660091E-18
6.263144E+03	2.970948E-18	1.658757E-18
6.263343E+03	2.963495E-18	1.657423E-18
6.263543E+03	2.956668E-18	1.656011E-18
6.263743E+03	2.947488E-18	1.654755E-18
6.263943E+03	2.943173E-18	1.653500E-18
6.264343E+03	2.939799E-18	1.652166E-18
6.264543E+03	2.926304E-18	1.650832E-18
6.264743E+03	2.918928E-18	1.649577E-18
6.265143E+03	2.922695E-18	1.648321E-18
6.265343E+03	2.917751E-18	1.647380E-18
6.265543E+03	2.922930E-18	1.649027E-18
6.265743E+03	2.922145E-18	1.647615E-18
6.266143E+03	2.916967E-18	1.647772E-18
6.266344E+03	2.920968E-18	1.646517E-18
6.266544E+03	2.924342E-18	1.644790E-18
6.266744E+03	2.927324E-18	1.638435E-18
6.266944E+03	2.935876E-18	1.640710E-18
6.267544E+03	2.927481E-18	1.640710E-18
6.267744E+03	2.914299E-18	1.640083E-18
6.267944E+03	2.903550E-18	1.638670E-18
6.268144E+03	2.904962E-18	1.620938E-18
6.268344E+03	2.900490E-18	1.607443E-18
6.268544E+03	2.900098E-18	1.605403E-18
6.268744E+03	2.906688E-18	1.603990E-18
6.268944E+03	2.900411E-18	1.609247E-18
6.269144E+03	2.886288E-18	1.611209E-18
6.269344E+03	2.875539E-18	1.605874E-18
6.269544E+03	2.874441E-18	1.629490E-18
6.269744E+03	2.863770E-18	1.638514E-18
6.269944E+03	2.865418E-18	1.633727E-18
6.270144E+03	2.856238E-18	1.629334E-18
6.270344E+03	2.850745E-18	1.629334E-18
6.270544E+03	2.848235E-18	1.635297E-18
6.270744E+03	2.846351E-18	1.637258E-18
6.271144E+03	2.839682E-18	1.633806E-18
6.271344E+03	2.839604E-18	1.642750E-18
6.271545E+03	2.842664E-18	1.644869E-18
6.271945E+03	2.844076E-18	1.642672E-18
6.272145E+03	2.842899E-18	1.644712E-18
6.272345E+03	2.843056E-18	1.640475E-18
6.272545E+03	2.834896E-18	1.623606E-18
6.272745E+03	2.834111E-18	1.613406E-18
6.272945E+03	2.828305E-18	1.615132E-18
6.273145E+03	2.817085E-18	1.612307E-18
6.273345E+03	2.810651E-18	1.608384E-18
6.273745E+03	2.808847E-18	1.601950E-18
6.273945E+03	2.803590E-18	1.589397E-18
6.274145E+03	2.796607E-18	1.590417E-18
6.274345E+03	2.787976E-18	1.592535E-18
6.274545E+03	2.787976E-18	1.594104E-18
6.274744E+03	2.777776E-18	1.592849E-18
6.274944E+03	2.773382E-18	1.586180E-18
6.275145E+03	2.771970E-18	1.579981E-18
6.275345E+03	2.768753E-18	1.568290E-18
6.275544E+03	2.766478E-18	1.565780E-18
6.275744E+03	2.765850E-18	1.565780E-18
6.275944E+03	2.761221E-18	1.563661E-18
6.276144E+03	2.754630E-18	1.550244E-18
6.276344E+03	2.756042E-18	1.538632E-18
6.276544E+03	2.755650E-18	1.539652E-18
6.276745E+03	2.752433E-18	1.539573E-18
6.276945E+03	2.748824E-18	1.538004E-18
6.277145E+03	2.744587E-18	1.535337E-18
6.277345E+03	2.740821E-18	1.527961E-18
6.277545E+03	2.736191E-18	1.526863E-18
6.277745E+03	2.733445E-18	1.530472E-18
6.277945E+03	2.737917E-18	1.527883E-18
6.278145E+03	2.741605E-18	1.532904E-18
6.278345E+03	2.727482E-18	1.535650E-18
6.278545E+03	2.729051E-18	1.533610E-18
6.278945E+03	2.727325E-18	1.534552E-18
6.279145E+03	2.715085E-18	1.534081E-18
6.279345E+03	2.711711E-18	1.534238E-18
6.279745E+03	2.711397E-18	1.533375E-18
6.279945E+03	2.710534E-18	1.505443E-18
6.280145E+03	2.706533E-18	1.503717E-18
6.280345E+03	2.692488E-18	1.496263E-18
6.280745E+03	2.679307E-18	1.493987E-18
6.280945E+03	2.673657E-18	1.494066E-18
6.281145E+03	2.681347E-18	1.490849E-18
6.281345E+03	2.686133E-18	1.495557E-18
6.281545E+03	2.677424E-18	1.496655E-18
6.281745E+03	2.669813E-18	1.486455E-18
6.281946E+03	2.674364E-18	1.474293E-18
6.282546E+03	2.672794E-18	1.475157E-18
6.282746E+03	2.673971E-18	1.478923E-18
6.282946E+03	2.678365E-18	1.475392E-18
6.283146E+03	2.688094E-18	1.464172E-18
6.283346E+03	2.685348E-18	1.454050E-18
6.283546E+03	2.689664E-18	1.449892E-18
6.283746E+03	2.695234E-18	1.435769E-18
6.283946E+03	2.691076E-18	1.426667E-18
6.284146E+03	2.690527E-18	1.430826E-18
6.284346E+03	2.690527E-18	1.440476E-18
6.284546E+03	2.685270E-18	1.437338E-18
6.284746E+03	2.690762E-18	1.435376E-18
6.284946E+03	2.690684E-18	1.434827E-18
6.285146E+03	2.690056E-18	1.439456E-18
6.285346E+03	2.688173E-18	1.444949E-18
6.285546E+03	2.681190E-18	1.436475E-18
6.285746E+03	2.680248E-18	1.428943E-18
6.285946E+03	2.678757E-18	1.417566E-18
6.286146E+03	2.683308E-18	1.415840E-18
6.286746E+03	2.681504E-18	1.415918E-18
6.286946E+03	2.672637E-18	1.417095E-18
6.287146E+03	2.673422E-18	1.420626E-18
6.287346E+03	2.677816E-18	1.415290E-18
6.287747E+03	2.686839E-18	1.426353E-18
6.287947E+03	2.685113E-18	1.424941E-18
6.288146E+03	2.674285E-18	1.427609E-18
6.288546E+03	2.671304E-18	1.413407E-18
6.289146E+03	2.672088E-18	1.419998E-18
6.289346E+03	2.676482E-18	1.419920E-18
6.289546E+03	2.681347E-18	1.432160E-18
6.289746E+03	2.671539E-18	1.438280E-18
6.290146E+03	2.664556E-18	1.433807E-18
6.290346E+03	2.663457E-18	1.434278E-18
6.290546E+03	2.668008E-18	1.415526E-18
6.290946E+03	2.673893E-18	1.403286E-18
6.291146E+03	2.681033E-18	1.404384E-18
6.291346E+03	2.678836E-18	1.399912E-18
6.291546E+03	2.669970E-18	1.407601E-18
6.291746E+03	2.671696E-18	1.406503E-18
6.291946E+03	2.674207E-18	1.405247E-18
6.292146E+03	2.670519E-18	1.403050E-18
6.292347E+03	2.667145E-18	1.406973E-18
6.292547E+03	2.666674E-18	1.404384E-18
6.292747E+03	2.667773E-18	1.412544E-18
6.292947E+03	2.661574E-18	1.407915E-18
6.293147E+03	2.663065E-18	1.410033E-18
6.293347E+03	2.666282E-18	1.408150E-18
6.293547E+03	2.663144E-18	1.394341E-18
6.293747E+03	2.660790E-18	1.389790E-18
6.293947E+03	2.650904E-18	1.390496E-18
6.294147E+03	2.641253E-18	1.389555E-18
6.294547E+03	2.649727E-18	1.364683E-18
6.294747E+03	2.648157E-18	1.362407E-18
6.294947E+03	2.658357E-18	1.371116E-18
6.295147E+03	2.656945E-18	1.373156E-18
6.295347E+03	2.663457E-18	1.371195E-18
6.295547E+03	2.663379E-18	1.369233E-18
6.295747E+03	2.665654E-18	1.371038E-18
6.295947E+03	2.672167E-18	1.372921E-18
6.296347E+03	2.676561E-18	1.365703E-18
6.296547E+03	2.673187E-18	1.365624E-18
6.296747E+03	2.672716E-18	1.387280E-18
6.296947E+03	2.672794E-18	1.405561E-18
6.297147E+03	2.668165E-18	1.405483E-18
6.297347E+03	2.675854E-18	1.411289E-18
6.297548E+03	2.672716E-18	1.406816E-18
6.297748E+03	2.660790E-18	1.395440E-18
6.298348E+03	2.656553E-18	1.400461E-18
6.298748E+03	2.663850E-18	1.403521E-18
6.298948E+03	2.662594E-18	1.403207E-18
6.299748E+03	2.653571E-18	1.409013E-18
6.299948E+03	2.650511E-18	1.397087E-18
6.300148E+03	2.651767E-18	1.394263E-18
6.300347E+03	2.642744E-18	1.394263E-18
6.301747E+03	2.643214E-18	1.390732E-18
6.302548E+03	2.643136E-18	1.373235E-18
6.302748E+03	2.633564E-18	1.369626E-18
6.303148E+03	2.627444E-18	1.356836E-18
6.303348E+03	2.628150E-18	1.350952E-18
6.303548E+03	2.624933E-18	1.349775E-18
6.303748E+03	2.614105E-18	1.351580E-18
6.303948E+03	2.610810E-18	1.350403E-18
6.304148E+03	2.609476E-18	1.347656E-18
6.304348E+03	2.610417E-18	1.344753E-18
6.304548E+03	2.618577E-18	1.339967E-18
6.304748E+03	2.610653E-18	1.340281E-18
6.304948E+03	2.606259E-18	1.336593E-18
6.305148E+03	2.599119E-18	1.350010E-18
6.305348E+03	2.602571E-18	1.346323E-18
6.305548E+03	2.613948E-18	1.348676E-18
6.305748E+03	2.612065E-18	1.331807E-18
6.305948E+03	2.615988E-18	1.332043E-18
6.306148E+03	2.615125E-18	1.332356E-18
6.306348E+03	2.610888E-18	1.334083E-18
6.306548E+03	2.611045E-18	1.332199E-18
6.306748E+03	2.614890E-18	1.341066E-18
6.307548E+03	2.619833E-18	1.330552E-18
6.307749E+03	2.620696E-18	1.314781E-18
6.307949E+03	2.606259E-18	1.316743E-18
6.308949E+03	2.593470E-18	1.319959E-18
6.309149E+03	2.595667E-18	1.316899E-18
6.309349E+03	2.591037E-18	1.317056E-18
6.309549E+03	2.592371E-18	1.304659E-18
6.309749E+03	2.595353E-18	1.315409E-18
6.309949E+03	2.592293E-18	1.323569E-18
6.310149E+03	2.595039E-18	1.324196E-18
6.310349E+03	2.597314E-18	1.327492E-18
6.310549E+03	2.592685E-18	1.332984E-18
6.310749E+03	2.590959E-18	1.333298E-18
6.310949E+03	2.592999E-18	1.335103E-18
6.311149E+03	2.595824E-18	1.336672E-18
6.311349E+03	2.599511E-18	1.335966E-18
6.311549E+03	2.605239E-18	1.336044E-18
6.311749E+03	2.615596E-18	1.342399E-18
6.311949E+03	2.619519E-18	1.342478E-18
6.312149E+03	2.615596E-18	1.339183E-18
6.312349E+03	2.609319E-18	1.346087E-18
6.312548E+03	2.612614E-18	1.349932E-18
6.312748E+03	2.618499E-18	1.344596E-18
6.312949E+03	2.621402E-18	1.335887E-18
6.313150E+03	2.625639E-18	1.334083E-18
6.313349E+03	2.630111E-18	1.334946E-18
6.313549E+03	2.634113E-18	1.331572E-18
6.313749E+03	2.638664E-18	1.326472E-18
6.314149E+03	2.636231E-18	1.329061E-18
6.314349E+03	2.638820E-18	1.329218E-18
6.314549E+03	2.634976E-18	1.329453E-18
6.314749E+03	2.638036E-18	1.329375E-18
6.314949E+03	2.636545E-18	1.331807E-18
6.315149E+03	2.643293E-18	1.338163E-18
6.315349E+03	2.658907E-18	1.342792E-18
6.315549E+03	2.655297E-18	1.344518E-18
6.315749E+03	2.655376E-18	1.352756E-18
6.315949E+03	2.660162E-18	1.353227E-18
6.316149E+03	2.653257E-18	1.353620E-18
6.316549E+03	2.652394E-18	1.360210E-18
6.316749E+03	2.667381E-18	1.363898E-18
6.316949E+03	2.675854E-18	1.361858E-18
6.317149E+03	2.685191E-18	1.362093E-18
6.317349E+03	2.686054E-18	1.362800E-18
6.317549E+03	2.678208E-18	1.363192E-18
6.317749E+03	2.673657E-18	1.359112E-18
6.317949E+03	2.668401E-18	1.364055E-18
6.318150E+03	2.674834E-18	1.364447E-18
6.318350E+03	2.680091E-18	1.372764E-18
6.318550E+03	2.686211E-18	1.374647E-18
6.318750E+03	2.681661E-18	1.363976E-18
6.318950E+03	2.678914E-18	1.366173E-18
6.319150E+03	2.682759E-18	1.366644E-18
6.319350E+03	2.680484E-18	1.368449E-18
6.319550E+03	2.679228E-18	1.366487E-18
6.319750E+03	2.674834E-18	1.359583E-18
6.319950E+03	2.661888E-18	1.377550E-18
6.320150E+03	2.652002E-18	1.375118E-18
6.320350E+03	2.659299E-18	1.345303E-18
6.320550E+03	2.657808E-18	1.334475E-18
6.320750E+03	2.656317E-18	1.362721E-18
6.320950E+03	2.645960E-18	1.359426E-18
6.321150E+03	2.638899E-18	1.364212E-18
6.321350E+03	2.638114E-18	1.359190E-18
6.321550E+03	2.647216E-18	1.354796E-18
6.321750E+03	2.646824E-18	1.357386E-18
6.321950E+03	2.644862E-18	1.348598E-18
6.322350E+03	2.639919E-18	1.347186E-18
6.322550E+03	2.624697E-18	1.349618E-18
6.322950E+03	2.610025E-18	1.348441E-18
6.323150E+03	2.604140E-18	1.351736E-18
6.323351E+03	2.604847E-18	1.356209E-18
6.323751E+03	2.606651E-18	1.360210E-18
6.323951E+03	2.600924E-18	1.362956E-18
6.324751E+03	2.590096E-18	1.363270E-18
6.324950E+03	2.595353E-18	1.369469E-18
6.325150E+03	2.598177E-18	1.374726E-18
6.325350E+03	2.590253E-18	1.382493E-18
6.325551E+03	2.583976E-18	1.385632E-18
6.325750E+03	2.579111E-18	1.388143E-18
6.325950E+03	2.584996E-18	1.390183E-18
6.326150E+03	2.590567E-18	1.389555E-18
6.326350E+03	2.589625E-18	1.389869E-18
6.326550E+03	2.590331E-18	1.400618E-18
6.326750E+03	2.600453E-18	1.408307E-18
6.326950E+03	2.590645E-18	1.416153E-18
6.327150E+03	2.587977E-18	1.416389E-18
6.327350E+03	2.586722E-18	1.421881E-18
6.327550E+03	2.592842E-18	1.425569E-18
6.327750E+03	2.598099E-18	1.431610E-18
6.327950E+03	2.596059E-18	1.430433E-18
6.328150E+03	2.605082E-18	1.432473E-18
6.328751E+03	2.602571E-18	1.462210E-18
6.328951E+03	2.604533E-18	1.477746E-18
6.329151E+03	2.612144E-18	1.475313E-18
6.329351E+03	2.612693E-18	1.466369E-18
6.329551E+03	2.619440E-18	1.469586E-18
6.329751E+03	2.633407E-18	1.468330E-18
6.330351E+03	2.630504E-18	1.492340E-18
6.330751E+03	2.634191E-18	1.489358E-18
6.331551E+03	2.628228E-18	1.488966E-18
6.331751E+03	2.625168E-18	1.493752E-18
6.331951E+03	2.620696E-18	1.495400E-18
6.332351E+03	2.611830E-18	1.498930E-18
6.332551E+03	2.615988E-18	1.500500E-18
6.332751E+03	2.610888E-18	1.503089E-18
6.332951E+03	2.609947E-18	1.504893E-18
6.333151E+03	2.602179E-18	1.506777E-18
6.333351E+03	2.596765E-18	1.506463E-18
6.333551E+03	2.596137E-18	1.519487E-18
6.333752E+03	2.598491E-18	1.516035E-18
6.333952E+03	2.607671E-18	1.535101E-18
6.334152E+03	2.613007E-18	1.534866E-18
6.334352E+03	2.602807E-18	1.538553E-18
6.334552E+03	2.602807E-18	1.538475E-18
6.335152E+03	2.604847E-18	1.527804E-18
6.335352E+03	2.606730E-18	1.553147E-18
6.335552E+03	2.614340E-18	1.544909E-18
6.335752E+03	2.619048E-18	1.544673E-18
6.335952E+03	2.630582E-18	1.544517E-18
6.336152E+03	2.632308E-18	1.554874E-18
6.336352E+03	2.626031E-18	1.553147E-18
6.336552E+03	2.627993E-18	1.563347E-18
6.336752E+03	2.628856E-18	1.567506E-18
6.336952E+03	2.629876E-18	1.559974E-18
6.337151E+03	2.626424E-18	1.566250E-18
6.337351E+03	2.629405E-18	1.570409E-18
6.337551E+03	2.626267E-18	1.571037E-18
6.337752E+03	2.625796E-18	1.568290E-18
6.337952E+03	2.622657E-18	1.563269E-18
6.338151E+03	2.613948E-18	1.564995E-18
6.338351E+03	2.623207E-18	1.573390E-18
6.338551E+03	2.626110E-18	1.576921E-18
6.338751E+03	2.623520E-18	1.578255E-18
6.338952E+03	2.623834E-18	1.578569E-18
6.339152E+03	2.630817E-18	1.575587E-18
6.339352E+03	2.628542E-18	1.572292E-18
6.339552E+03	2.625011E-18	1.576294E-18
6.339752E+03	2.623050E-18	1.565780E-18
6.339952E+03	2.617322E-18	1.566172E-18
6.340152E+03	2.616145E-18	1.564524E-18
6.340352E+03	2.614497E-18	1.571586E-18
6.340552E+03	2.612144E-18	1.561386E-18
6.340752E+03	2.609240E-18	1.572841E-18
6.340952E+03	2.605788E-18	1.570252E-18
6.341152E+03	2.601237E-18	1.566957E-18
6.341352E+03	2.596137E-18	1.571821E-18
6.341552E+03	2.590488E-18	1.573312E-18
6.341752E+03	2.584839E-18	1.590024E-18
6.341952E+03	2.577542E-18	1.592692E-18
6.342352E+03	2.572991E-18	1.597164E-18
6.342552E+03	2.570088E-18	1.604932E-18
6.342752E+03	2.571971E-18	1.598890E-18
6.342952E+03	2.571971E-18	1.602500E-18
6.343152E+03	2.572364E-18	1.624390E-18
6.343352E+03	2.573697E-18	1.624390E-18
6.343552E+03	2.574482E-18	1.621644E-18
6.343952E+03	2.573933E-18	1.621644E-18
6.344153E+03	2.571422E-18	1.613641E-18
6.344353E+03	2.566950E-18	1.618820E-18
6.344753E+03	2.565694E-18	1.616701E-18
6.344953E+03	2.556122E-18	1.633100E-18
6.345153E+03	2.549688E-18	1.623527E-18
6.345953E+03	2.545922E-18	1.630510E-18
6.346153E+03	2.553925E-18	1.638200E-18
6.346353E+03	2.559653E-18	1.634983E-18
6.346553E+03	2.565694E-18	1.637886E-18
6.346753E+03	2.569696E-18	1.638984E-18
6.346953E+03	2.575110E-18	1.636866E-18
6.347153E+03	2.576208E-18	1.633806E-18
6.347353E+03	2.581700E-18	1.648478E-18
6.347553E+03	2.587899E-18	1.652166E-18
6.347753E+03	2.587036E-18	1.649655E-18
6.348153E+03	2.581857E-18	1.648400E-18
6.348353E+03	2.588762E-18	1.647537E-18
6.348553E+03	2.590567E-18	1.647458E-18
6.348953E+03	2.582485E-18	1.627529E-18
6.349153E+03	2.583819E-18	1.614426E-18
6.349354E+03	2.571422E-18	1.610974E-18
6.349553E+03	2.558397E-18	1.606187E-18
6.349753E+03	2.550865E-18	1.612857E-18
6.349953E+03	2.541685E-18	1.623527E-18
6.350154E+03	2.546550E-18	1.616387E-18
6.350354E+03	2.551100E-18	1.619134E-18
6.350553E+03	2.553454E-18	1.627058E-18
6.350753E+03	2.555024E-18	1.628784E-18
6.350953E+03	2.557299E-18	1.628863E-18
6.351153E+03	2.554474E-18	1.627372E-18
6.351353E+03	2.555730E-18	1.634277E-18
6.351553E+03	2.556357E-18	1.636552E-18
6.351953E+03	2.562556E-18	1.638043E-18
6.352153E+03	2.569460E-18	1.640004E-18
6.352353E+03	2.576051E-18	1.641730E-18
6.352553E+03	2.574247E-18	1.643535E-18
6.352753E+03	2.572834E-18	1.641966E-18
6.352953E+03	2.578797E-18	1.641887E-18
6.353153E+03	2.585937E-18	1.642594E-18
6.353353E+03	2.589076E-18	1.642907E-18
6.353553E+03	2.593077E-18	1.644084E-18
6.353753E+03	2.593627E-18	1.645497E-18
6.353953E+03	2.601237E-18	1.646517E-18
6.354153E+03	2.610810E-18	1.646281E-18
6.354354E+03	2.622736E-18	1.635532E-18
6.354554E+03	2.623913E-18	1.639298E-18
6.354754E+03	2.628620E-18	1.636944E-18
6.354954E+03	2.624462E-18	1.640475E-18
6.355154E+03	2.631053E-18	1.641260E-18
6.355354E+03	2.640390E-18	1.642672E-18
6.355554E+03	2.641724E-18	1.642594E-18
6.355754E+03	2.636937E-18	1.643064E-18
6.356154E+03	2.635682E-18	1.635924E-18
6.356554E+03	2.628620E-18	1.639298E-18
6.356754E+03	2.615360E-18	1.643927E-18
6.357354E+03	2.610104E-18	1.639534E-18
6.357554E+03	2.602885E-18	1.638592E-18
6.357754E+03	2.603277E-18	1.641574E-18
6.357954E+03	2.603042E-18	1.643692E-18
6.358154E+03	2.600060E-18	1.648164E-18
6.358354E+03	2.601002E-18	1.638435E-18
6.358554E+03	2.605474E-18	1.639063E-18
6.358754E+03	2.613085E-18	1.639612E-18
6.358954E+03	2.621402E-18	1.637180E-18
6.359154E+03	2.626188E-18	1.634669E-18
6.359354E+03	2.625639E-18	1.633806E-18
6.359755E+03	2.635760E-18	1.642280E-18
6.359955E+03	2.644940E-18	1.650518E-18
6.360155E+03	2.645647E-18	1.648557E-18
6.360355E+03	2.645176E-18	1.659149E-18
6.360755E+03	2.644627E-18	1.656481E-18
6.360955E+03	2.654121E-18	1.657501E-18
6.361355E+03	2.653022E-18	1.657894E-18
6.361555E+03	2.647451E-18	1.652166E-18
6.361755E+03	2.648550E-18	1.657737E-18
6.361954E+03	2.648550E-18	1.665034E-18
6.362154E+03	2.645882E-18	1.658286E-18
6.362355E+03	2.649256E-18	1.658207E-18
6.362555E+03	2.660241E-18	1.657501E-18
6.362755E+03	2.659377E-18	1.665347E-18
6.362954E+03	2.655533E-18	1.665504E-18
6.363154E+03	2.657808E-18	1.663621E-18
6.363354E+03	2.653414E-18	1.680726E-18
6.365355E+03	2.656396E-18	1.681275E-18
6.365555E+03	2.660633E-18	1.688258E-18
6.365755E+03	2.660476E-18	1.688101E-18
6.365955E+03	2.650197E-18	1.683080E-18
6.366155E+03	2.652316E-18	1.688886E-18
6.366355E+03	2.652630E-18	1.688886E-18
6.366555E+03	2.657024E-18	1.684492E-18
6.366755E+03	2.657651E-18	1.685826E-18
6.367155E+03	2.664713E-18	1.685747E-18
6.367555E+03	2.666831E-18	1.681511E-18
6.367755E+03	2.673344E-18	1.688258E-18
6.368555E+03	2.672167E-18	1.687474E-18
6.368755E+03	2.672559E-18	1.687944E-18
6.368955E+03	2.676090E-18	1.687395E-18
6.369155E+03	2.675070E-18	1.687003E-18
6.369355E+03	2.677659E-18	1.697124E-18
6.369555E+03	2.684171E-18	1.706618E-18
6.369755E+03	2.686447E-18	1.711483E-18
6.369956E+03	2.682367E-18	1.713758E-18
6.370156E+03	2.675933E-18	1.712974E-18
6.370356E+03	2.676796E-18	1.713131E-18
6.370756E+03	2.678757E-18	1.716112E-18
6.370956E+03	2.681190E-18	1.716740E-18
6.371156E+03	2.684564E-18	1.715406E-18
6.371356E+03	2.692096E-18	1.714229E-18
6.371556E+03	2.684485E-18	1.722389E-18
6.371756E+03	2.685741E-18	1.707089E-18
6.372356E+03	2.686290E-18	1.708658E-18
6.372556E+03	2.676874E-18	1.710934E-18
6.372756E+03	2.674364E-18	1.716897E-18
6.372956E+03	2.673814E-18	1.705912E-18
6.373356E+03	2.670676E-18	1.703244E-18
6.373756E+03	2.670597E-18	1.712895E-18
6.373956E+03	2.672010E-18	1.712032E-18
6.374155E+03	2.667067E-18	1.741612E-18
6.374355E+03	2.661653E-18	1.738866E-18
6.374556E+03	2.664634E-18	1.738317E-18
6.374756E+03	2.667224E-18	1.743652E-18
6.374956E+03	2.671617E-18	1.742318E-18
6.375157E+03	2.671931E-18	1.750478E-18
6.375356E+03	2.674364E-18	1.748281E-18
6.375556E+03	2.677659E-18	1.745849E-18
6.375756E+03	2.684407E-18	1.766484E-18
6.375956E+03	2.686996E-18	1.763974E-18
6.376156E+03	2.680484E-18	1.764680E-18
6.376356E+03	2.675227E-18	1.768917E-18
6.376556E+03	2.685976E-18	1.763660E-18
6.377156E+03	2.697824E-18	1.758952E-18
6.377356E+03	2.702845E-18	1.754401E-18
6.377556E+03	2.696647E-18	1.750949E-18
6.377756E+03	2.695156E-18	1.747889E-18
6.377956E+03	2.694842E-18	1.749458E-18
6.378156E+03	2.699785E-18	1.754637E-18
6.378356E+03	2.701433E-18	1.749301E-18
6.378556E+03	2.704257E-18	1.753538E-18
6.378756E+03	2.708337E-18	1.748124E-18
6.378956E+03	2.702531E-18	1.747967E-18
6.379156E+03	2.697431E-18	1.749537E-18
6.379356E+03	2.705277E-18	1.756755E-18
6.379756E+03	2.705356E-18	1.755657E-18
6.379956E+03	2.705827E-18	1.757383E-18
6.380156E+03	2.703944E-18	1.755814E-18
6.380357E+03	2.712025E-18	1.733531E-18
6.380557E+03	2.717831E-18	1.721683E-18
6.380957E+03	2.718459E-18	1.723487E-18
6.381157E+03	2.728816E-18	1.724037E-18
6.381357E+03	2.732425E-18	1.726783E-18
6.381957E+03	2.730071E-18	1.727881E-18
6.382157E+03	2.733994E-18	1.700498E-18
6.382357E+03	2.738859E-18	1.708031E-18
6.382557E+03	2.739330E-18	1.732275E-18
6.382757E+03	2.736976E-18	1.726155E-18
6.382957E+03	2.738702E-18	1.736434E-18
6.383157E+03	2.739644E-18	1.734472E-18
6.383357E+03	2.743645E-18	1.737532E-18
6.383557E+03	2.751648E-18	1.738944E-18
6.383957E+03	2.758239E-18	1.742397E-18
6.384157E+03	2.755101E-18	1.742632E-18
6.384357E+03	2.750471E-18	1.753774E-18
6.384557E+03	2.758082E-18	1.740200E-18
6.384757E+03	2.760750E-18	1.746869E-18
6.384957E+03	2.762162E-18	1.724743E-18
6.385157E+03	2.762554E-18	1.719721E-18
6.385357E+03	2.755258E-18	1.718466E-18
6.385758E+03	2.758082E-18	1.719721E-18
6.385958E+03	2.763653E-18	1.719643E-18
6.386158E+03	2.767968E-18	1.690847E-18
6.386358E+03	2.774245E-18	1.691867E-18
6.386557E+03	2.775971E-18	1.693280E-18
6.386757E+03	2.777305E-18	1.693044E-18
6.386958E+03	2.777227E-18	1.680883E-18
6.387158E+03	2.775736E-18	1.683394E-18
6.387358E+03	2.776521E-18	1.677117E-18
6.387557E+03	2.782013E-18	1.671624E-18
6.387957E+03	2.782641E-18	1.674371E-18
6.388157E+03	2.780051E-18	1.672409E-18
6.388357E+03	2.785936E-18	1.668721E-18
6.388557E+03	2.782719E-18	1.672958E-18
6.388757E+03	2.778011E-18	1.671781E-18
6.388957E+03	2.772284E-18	1.676489E-18
6.389157E+03	2.768282E-18	1.677980E-18
6.389357E+03	2.767341E-18	1.670997E-18
6.389557E+03	2.766164E-18	1.672095E-18
6.389757E+03	2.764281E-18	1.671624E-18
6.389957E+03	2.763496E-18	1.672958E-18
6.390157E+03	2.763888E-18	1.670604E-18
6.390357E+03	2.761064E-18	1.669898E-18
6.390557E+03	2.762790E-18	1.666681E-18
6.390758E+03	2.763339E-18	1.667152E-18
6.390958E+03	2.760907E-18	1.671075E-18
6.391158E+03	2.759102E-18	1.670212E-18
6.391358E+03	2.756042E-18	1.696811E-18
6.391558E+03	2.758239E-18	1.699007E-18
6.391758E+03	2.765379E-18	1.695555E-18
6.391958E+03	2.764908E-18	1.691240E-18
6.392158E+03	2.760044E-18	1.692260E-18
6.392358E+03	2.765222E-18	1.689121E-18
6.392558E+03	2.772754E-18	1.709443E-18
6.392758E+03	2.782013E-18	1.702146E-18
6.392958E+03	2.779816E-18	1.710306E-18
6.393158E+03	2.785622E-18	1.711875E-18
6.393358E+03	2.787034E-18	1.712424E-18
6.393558E+03	2.785151E-18	1.717289E-18
6.393758E+03	2.790487E-18	1.714700E-18
6.393958E+03	2.784759E-18	1.699714E-18
6.394158E+03	2.782876E-18	1.708344E-18
6.394358E+03	2.781542E-18	1.712660E-18
6.394558E+03	2.777619E-18	1.713131E-18
6.394758E+03	2.782170E-18	1.713523E-18
6.394958E+03	2.778168E-18	1.718466E-18
6.395158E+03	2.775658E-18	1.718387E-18
6.395358E+03	2.771499E-18	1.702303E-18
6.395558E+03	2.767890E-18	1.702617E-18
6.395758E+03	2.766948E-18	1.705834E-18
6.395959E+03	2.765928E-18	1.706854E-18
6.396159E+03	2.757611E-18	1.705598E-18
6.396359E+03	2.749922E-18	1.700498E-18
6.396559E+03	2.746941E-18	1.697909E-18
6.396759E+03	2.747647E-18	1.693907E-18
6.396959E+03	2.751962E-18	1.702224E-18
6.397159E+03	2.759416E-18	1.695398E-18
6.397559E+03	2.754787E-18	1.701126E-18
6.397759E+03	2.750785E-18	1.701597E-18
6.397959E+03	2.755650E-18	1.700263E-18
6.398159E+03	2.762554E-18	1.699400E-18
6.398359E+03	2.767890E-18	1.706147E-18
6.398559E+03	2.766556E-18	1.709129E-18
6.398759E+03	2.768282E-18	1.707403E-18
6.398958E+03	2.765458E-18	1.707560E-18
6.399359E+03	2.768439E-18	1.713287E-18
6.399559E+03	2.779659E-18	1.708423E-18
6.399758E+03	2.785779E-18	1.701361E-18
6.399958E+03	2.783425E-18	1.699164E-18
6.400158E+03	2.776913E-18	1.694457E-18
6.400358E+03	2.779894E-18	1.690141E-18
6.400558E+03	2.788682E-18	1.694300E-18
6.400758E+03	2.798411E-18	1.699086E-18
6.400959E+03	2.803276E-18	1.701832E-18
6.401159E+03	2.808533E-18	1.695869E-18
6.401359E+03	2.812613E-18	1.699557E-18
6.401559E+03	2.817085E-18	1.697987E-18
6.401759E+03	2.817478E-18	1.700812E-18
6.401959E+03	2.814182E-18	1.705991E-18
6.402159E+03	2.809239E-18	1.714072E-18
6.402359E+03	2.808376E-18	1.716504E-18
6.402759E+03	2.806101E-18	1.716112E-18
6.402959E+03	2.800765E-18	1.719094E-18
6.403559E+03	2.798490E-18	1.720506E-18
6.403959E+03	2.797941E-18	1.741220E-18
6.404159E+03	2.799981E-18	1.745771E-18
6.404359E+03	2.803198E-18	1.744437E-18
6.404559E+03	2.807984E-18	1.750557E-18
6.404759E+03	2.810024E-18	1.753068E-18
6.404959E+03	2.810651E-18	1.749223E-18
6.405159E+03	2.812142E-18	1.760835E-18
6.405359E+03	2.823362E-18	1.758952E-18
6.405759E+03	2.830188E-18	1.760835E-18
6.405959E+03	2.834425E-18	1.759737E-18
6.406160E+03	2.836779E-18	1.758481E-18
6.406360E+03	2.841251E-18	1.758168E-18
6.406560E+03	2.846116E-18	1.757854E-18
6.406760E+03	2.845724E-18	1.776841E-18
6.406960E+03	2.848627E-18	1.774252E-18
6.407160E+03	2.851373E-18	1.776528E-18
6.407360E+03	2.852550E-18	1.783746E-18
6.407560E+03	2.852864E-18	1.790337E-18
6.407760E+03	2.847999E-18	1.788924E-18
6.407960E+03	2.848235E-18	1.788375E-18
6.408160E+03	2.844311E-18	1.791121E-18
6.408360E+03	2.849255E-18	1.783589E-18
6.408560E+03	2.857258E-18	1.788768E-18
6.408760E+03	2.859141E-18	1.788532E-18
6.408960E+03	2.853178E-18	1.791043E-18
6.409160E+03	2.853884E-18	1.794966E-18
6.409960E+03	2.859298E-18	1.788532E-18
6.410360E+03	2.861259E-18	1.781000E-18
6.410560E+03	2.861573E-18	1.787355E-18
6.410760E+03	2.866516E-18	1.784766E-18
6.410960E+03	2.870753E-18	1.786492E-18
6.411560E+03	2.869968E-18	1.784452E-18
6.411761E+03	2.864555E-18	1.783981E-18
6.411961E+03	2.856395E-18	1.787669E-18
6.412360E+03	2.854119E-18	1.779823E-18
6.412560E+03	2.856630E-18	1.773703E-18
6.412760E+03	2.851608E-18	1.774174E-18
6.412960E+03	2.848470E-18	1.775037E-18
6.413160E+03	2.846665E-18	1.776371E-18
6.413360E+03	2.848862E-18	1.768368E-18
6.413560E+03	2.852864E-18	1.783197E-18
6.413760E+03	2.852550E-18	1.783275E-18
6.413960E+03	2.853648E-18	1.767818E-18
6.414160E+03	2.852864E-18	1.772840E-18
6.414360E+03	2.852628E-18	1.766877E-18
6.414560E+03	2.864711E-18	1.764444E-18
6.414960E+03	2.865496E-18	1.764444E-18
6.415360E+03	2.858356E-18	1.755421E-18
6.415560E+03	2.858827E-18	1.757069E-18
6.415760E+03	2.863142E-18	1.754166E-18
6.416360E+03	2.863378E-18	1.752048E-18
6.416561E+03	2.866516E-18	1.751812E-18
6.416761E+03	2.868321E-18	1.751263E-18
6.416961E+03	2.882287E-18	1.742867E-18
6.417161E+03	2.892565E-18	1.743966E-18
6.417361E+03	2.888721E-18	1.744594E-18
6.417561E+03	2.888956E-18	1.747340E-18
6.417761E+03	2.890525E-18	1.750557E-18
6.417961E+03	2.887936E-18	1.744515E-18
6.418161E+03	2.883228E-18	1.736120E-18
6.418361E+03	2.882836E-18	1.736512E-18
6.418561E+03	2.888485E-18	1.730706E-18
6.418761E+03	2.890055E-18	1.736669E-18
6.418961E+03	2.886131E-18	1.737140E-18
6.419161E+03	2.884091E-18	1.728509E-18
6.419361E+03	2.884170E-18	1.726077E-18
6.419561E+03	2.881110E-18	1.732981E-18
6.419761E+03	2.882522E-18	1.740043E-18
6.419961E+03	2.882993E-18	1.734786E-18
6.420161E+03	2.884719E-18	1.734943E-18
6.420361E+03	2.884641E-18	1.737061E-18
6.420761E+03	2.897430E-18	1.746712E-18
6.420961E+03	2.903628E-18	1.749615E-18
6.421161E+03	2.909513E-18	1.742711E-18
6.421361E+03	2.915947E-18	1.749537E-18
6.421561E+03	2.919085E-18	1.739258E-18
6.421762E+03	2.923793E-18	1.739337E-18
6.421962E+03	2.921988E-18	1.708187E-18
6.422162E+03	2.915084E-18	1.709992E-18
6.422362E+03	2.917359E-18	1.717054E-18
6.422562E+03	2.919948E-18	1.715720E-18
6.422762E+03	2.924107E-18	1.718780E-18
6.422962E+03	2.929599E-18	1.711247E-18
6.423162E+03	2.930305E-18	1.722075E-18
6.423362E+03	2.927559E-18	1.721683E-18
6.423562E+03	2.918065E-18	1.704735E-18
6.423762E+03	2.911553E-18	1.704107E-18
6.423962E+03	2.919321E-18	1.703401E-18
6.424162E+03	2.929128E-18	1.703401E-18
6.424361E+03	2.933836E-18	1.710071E-18
6.424561E+03	2.937210E-18	1.711561E-18
6.424761E+03	2.947253E-18	1.711718E-18
6.424962E+03	2.954628E-18	1.710071E-18
6.425361E+03	2.958081E-18	1.713052E-18
6.425561E+03	2.964593E-18	1.710855E-18
6.425761E+03	2.966712E-18	1.704264E-18
6.425961E+03	2.971184E-18	1.702538E-18
6.426361E+03	2.970948E-18	1.692887E-18
6.426561E+03	2.973459E-18	1.697203E-18
6.426761E+03	2.974715E-18	1.697674E-18
6.426962E+03	2.979579E-18	1.691475E-18
6.427162E+03	2.979658E-18	1.684178E-18
6.427362E+03	2.987975E-18	1.681824E-18
6.427562E+03	2.990564E-18	1.680255E-18
6.427962E+03	2.989152E-18	1.680334E-18
6.428162E+03	2.987739E-18	1.676724E-18
6.428362E+03	2.985385E-18	1.674841E-18
6.428762E+03	2.986484E-18	1.673351E-18
6.428962E+03	2.987268E-18	1.674135E-18
6.429162E+03	2.992918E-18	1.667701E-18
6.429362E+03	2.995507E-18	1.668251E-18
6.429562E+03	2.989230E-18	1.676332E-18
6.429762E+03	2.987112E-18	1.670840E-18
6.430162E+03	2.989073E-18	1.646752E-18
6.430362E+03	2.989465E-18	1.656481E-18
6.430562E+03	2.989308E-18	1.653814E-18
6.430762E+03	2.990485E-18	1.661660E-18
6.430962E+03	2.991113E-18	1.655540E-18
6.431162E+03	2.988995E-18	1.656717E-18
6.431362E+03	2.984836E-18	1.654991E-18
6.431762E+03	2.987582E-18	1.665034E-18
6.431962E+03	2.990564E-18	1.660797E-18
6.432963E+03	2.992918E-18	1.663543E-18
6.433163E+03	2.992525E-18	1.659463E-18
6.433363E+03	2.991584E-18	1.661424E-18
6.433563E+03	2.991584E-18	1.662758E-18
6.433763E+03	2.993388E-18	1.658521E-18
6.433963E+03	2.991898E-18	1.656324E-18
6.434163E+03	2.991741E-18	1.656167E-18
6.434363E+03	2.989622E-18	1.655383E-18
6.434563E+03	2.989152E-18	1.655226E-18
6.434763E+03	2.993232E-18	1.653186E-18
6.434963E+03	2.993388E-18	1.654441E-18
6.435163E+03	2.989858E-18	1.657109E-18
6.435363E+03	2.994801E-18	1.656089E-18
6.435763E+03	2.993467E-18	1.666838E-18
6.435963E+03	2.997390E-18	1.667387E-18
6.436163E+03	2.993232E-18	1.671781E-18
6.436363E+03	2.989936E-18	1.671860E-18
6.436562E+03	2.986327E-18	1.673351E-18
6.436762E+03	2.990721E-18	1.673821E-18
6.436962E+03	2.992761E-18	1.678294E-18
6.437163E+03	2.990799E-18	1.679157E-18
6.437364E+03	2.992918E-18	1.676567E-18
6.437563E+03	2.992682E-18	1.679471E-18
6.437763E+03	2.993388E-18	1.699321E-18
6.437963E+03	2.993938E-18	1.700341E-18
6.438363E+03	2.991427E-18	1.698458E-18
6.438563E+03	2.991113E-18	1.713131E-18
6.438763E+03	2.988367E-18	1.714464E-18
6.438963E+03	2.987033E-18	1.714700E-18
6.439163E+03	2.989073E-18	1.714072E-18
6.439363E+03	2.993702E-18	1.711326E-18
6.439563E+03	2.998018E-18	1.721997E-18
6.439763E+03	3.009552E-18	1.691240E-18
6.439963E+03	3.017633E-18	1.689984E-18
6.440163E+03	3.024616E-18	1.684414E-18
6.440363E+03	3.029795E-18	1.693829E-18
6.440563E+03	3.027127E-18	1.691711E-18
6.440963E+03	3.024773E-18	1.689121E-18
6.441163E+03	3.027755E-18	1.675626E-18
6.441363E+03	3.033247E-18	1.668643E-18
6.441563E+03	3.034267E-18	1.664249E-18
6.441763E+03	3.030736E-18	1.658286E-18
6.441963E+03	3.032070E-18	1.659934E-18
6.442163E+03	3.033325E-18	1.659071E-18
6.442364E+03	3.041721E-18	1.666367E-18
6.442564E+03	3.041485E-18	1.661346E-18
6.442964E+03	3.037641E-18	1.653107E-18
6.443164E+03	3.040701E-18	1.656324E-18
6.443364E+03	3.042270E-18	1.657266E-18
6.443564E+03	3.045565E-18	1.662052E-18
6.443764E+03	3.051372E-18	1.649891E-18
6.443964E+03	3.051058E-18	1.649969E-18
6.444164E+03	3.057884E-18	1.655775E-18
6.444364E+03	3.061258E-18	1.660875E-18
6.444564E+03	3.056236E-18	1.650283E-18
6.444764E+03	3.059296E-18	1.644947E-18
6.444964E+03	3.062042E-18	1.645340E-18
6.445164E+03	3.058904E-18	1.645418E-18
6.445364E+03	3.053098E-18	1.644163E-18
6.445564E+03	3.061179E-18	1.643927E-18
6.445764E+03	3.066829E-18	1.654755E-18
6.445964E+03	3.064945E-18	1.651381E-18
6.446164E+03	3.066750E-18	1.645183E-18
6.446364E+03	3.069104E-18	1.647772E-18
6.446564E+03	3.071458E-18	1.647694E-18
6.446764E+03	3.070752E-18	1.651617E-18
6.447364E+03	3.065730E-18	1.653343E-18
6.447565E+03	3.062435E-18	1.650283E-18
6.447965E+03	3.064239E-18	1.652715E-18
6.448165E+03	3.060002E-18	1.656011E-18
6.448365E+03	3.053098E-18	1.650204E-18
6.448565E+03	3.050665E-18	1.653029E-18
6.448765E+03	3.053725E-18	1.654598E-18
6.448965E+03	3.056942E-18	1.664014E-18
6.449164E+03	3.054196E-18	1.675391E-18
6.449364E+03	3.049959E-18	1.681197E-18
6.449565E+03	3.055452E-18	1.670134E-18
6.449765E+03	3.057727E-18	1.671860E-18
6.449964E+03	3.057727E-18	1.672644E-18
6.450364E+03	3.057884E-18	1.672958E-18
6.450564E+03	3.056707E-18	1.667309E-18
6.450764E+03	3.057099E-18	1.671232E-18
6.450964E+03	3.058276E-18	1.669506E-18
6.451364E+03	3.067064E-18	1.674214E-18
6.451564E+03	3.070752E-18	1.664955E-18
6.451764E+03	3.074125E-18	1.663543E-18
6.451964E+03	3.069653E-18	1.662758E-18
6.452164E+03	3.065181E-18	1.666367E-18
6.452364E+03	3.061964E-18	1.670526E-18
6.452564E+03	3.056864E-18	1.653264E-18
6.452765E+03	3.052470E-18	1.652009E-18
6.453565E+03	3.046428E-18	1.652087E-18
6.453765E+03	3.051372E-18	1.644477E-18
6.453965E+03	3.060159E-18	1.648714E-18
6.454165E+03	3.069261E-18	1.650204E-18
6.454365E+03	3.070045E-18	1.636866E-18
6.454565E+03	3.062435E-18	1.636787E-18
6.454965E+03	3.062513E-18	1.633884E-18
6.455165E+03	3.061650E-18	1.633335E-18
6.455365E+03	3.058433E-18	1.635846E-18
6.455565E+03	3.057805E-18	1.635689E-18
6.455765E+03	3.058355E-18	1.635610E-18
6.455965E+03	3.055844E-18	1.610503E-18
6.456165E+03	3.059689E-18	1.612857E-18
6.456365E+03	3.062905E-18	1.617094E-18
6.456565E+03	3.063141E-18	1.606187E-18
6.456965E+03	3.061572E-18	1.595987E-18
6.457165E+03	3.055609E-18	1.597635E-18
6.457365E+03	3.053569E-18	1.594183E-18
6.457565E+03	3.039916E-18	1.593163E-18
6.457765E+03	3.034502E-18	1.592457E-18
6.457966E+03	3.034659E-18	1.587043E-18
6.458166E+03	3.031442E-18	1.586886E-18
6.458366E+03	3.027833E-18	1.587827E-18
6.458566E+03	3.011513E-18	1.583983E-18
6.458766E+03	3.013710E-18	1.583277E-18
6.458966E+03	3.010807E-18	1.582963E-18
6.459166E+03	3.008453E-18	1.575352E-18
6.459366E+03	3.003353E-18	1.567977E-18
6.459566E+03	3.000450E-18	1.567192E-18
6.459766E+03	3.003353E-18	1.569703E-18
6.459966E+03	3.003196E-18	1.575274E-18
6.460166E+03	2.998724E-18	1.571194E-18
6.460766E+03	3.002333E-18	1.578334E-18
6.460966E+03	2.999587E-18	1.575823E-18
6.461166E+03	3.004844E-18	1.578255E-18
6.461365E+03	3.002568E-18	1.586258E-18
6.461565E+03	3.000921E-18	1.586258E-18
6.461766E+03	3.006727E-18	1.586964E-18
6.461966E+03	3.015044E-18	1.569075E-18
6.462166E+03	3.020065E-18	1.571664E-18
6.462365E+03	3.014495E-18	1.571664E-18
6.462565E+03	3.016848E-18	1.565858E-18
6.462965E+03	3.018810E-18	1.563897E-18
6.463166E+03	3.011592E-18	1.566957E-18
6.463366E+03	3.014259E-18	1.567270E-18
6.463566E+03	3.019202E-18	1.567192E-18
6.463766E+03	3.019987E-18	1.566329E-18
6.463966E+03	3.013710E-18	1.567192E-18
6.464166E+03	3.017555E-18	1.570880E-18
6.464566E+03	3.015750E-18	1.571664E-18
6.464766E+03	3.008061E-18	1.585630E-18
6.465166E+03	3.011748E-18	1.585630E-18
6.465366E+03	3.015122E-18	1.593163E-18
6.465766E+03	3.013004E-18	1.598027E-18
6.465966E+03	3.015358E-18	1.604854E-18
6.466366E+03	3.011356E-18	1.610032E-18
6.466566E+03	3.012455E-18	1.605246E-18
6.466766E+03	3.011042E-18	1.603520E-18
6.466966E+03	3.003981E-18	1.595046E-18
6.467166E+03	2.996292E-18	1.593084E-18
6.467366E+03	2.989073E-18	1.593320E-18
6.467566E+03	2.980207E-18	1.595203E-18
6.467766E+03	2.976598E-18	1.597086E-18
6.467966E+03	2.971890E-18	1.596537E-18
6.468166E+03	2.967261E-18	1.589789E-18
6.468367E+03	2.967496E-18	1.579275E-18
6.468567E+03	2.970399E-18	1.578020E-18
6.468767E+03	2.966712E-18	1.577235E-18
6.468967E+03	2.958238E-18	1.571900E-18
6.469167E+03	2.959885E-18	1.558404E-18
6.469767E+03	2.960984E-18	1.554010E-18
6.469967E+03	2.961847E-18	1.558640E-18
6.470167E+03	2.957139E-18	1.550323E-18
6.470367E+03	2.955805E-18	1.547184E-18
6.470567E+03	2.945135E-18	1.552127E-18
6.470767E+03	2.948352E-18	1.557934E-18
6.470967E+03	2.947018E-18	1.558247E-18
6.471567E+03	2.935562E-18	1.551892E-18
6.471767E+03	2.930070E-18	1.546635E-18
6.471967E+03	2.932973E-18	1.548204E-18
6.472167E+03	2.930698E-18	1.546243E-18
6.472967E+03	2.926931E-18	1.536435E-18
6.473167E+03	2.925205E-18	1.541064E-18
6.473367E+03	2.924264E-18	1.533453E-18
6.473568E+03	2.919478E-18	1.533767E-18
6.473767E+03	2.916967E-18	1.532433E-18
6.473967E+03	2.911161E-18	1.521763E-18
6.474167E+03	2.911004E-18	1.533610E-18
6.474368E+03	2.912181E-18	1.530943E-18
6.474568E+03	2.910455E-18	1.535180E-18
6.474767E+03	2.909984E-18	1.542477E-18
6.474967E+03	2.909748E-18	1.539417E-18
6.475167E+03	2.906767E-18	1.546478E-18
6.475367E+03	2.900490E-18	1.557227E-18
6.475567E+03	2.900647E-18	1.555030E-18
6.475767E+03	2.899235E-18	1.556129E-18
6.475967E+03	2.896331E-18	1.550166E-18
6.476167E+03	2.896567E-18	1.551029E-18
6.476367E+03	2.898058E-18	1.551186E-18
6.476567E+03	2.897038E-18	1.552441E-18
6.476767E+03	2.897430E-18	1.558561E-18
6.476967E+03	2.899548E-18	1.558640E-18
6.477167E+03	2.897116E-18	1.559738E-18
6.477567E+03	2.894684E-18	1.568134E-18
6.477767E+03	2.894919E-18	1.566957E-18
6.477967E+03	2.895704E-18	1.565780E-18
6.478167E+03	2.899548E-18	1.563975E-18
6.478367E+03	2.900961E-18	1.560287E-18
6.478567E+03	2.903079E-18	1.557698E-18
6.478768E+03	2.905825E-18	1.556286E-18
6.478968E+03	2.903864E-18	1.562406E-18
6.479168E+03	2.903785E-18	1.564760E-18
6.479368E+03	2.900411E-18	1.562955E-18
6.479568E+03	2.899391E-18	1.554560E-18
6.479768E+03	2.897508E-18	1.544673E-18
6.480168E+03	2.896567E-18	1.545223E-18
6.480368E+03	2.891859E-18	1.541457E-18
6.480568E+03	2.886524E-18	1.539495E-18
6.480768E+03	2.888171E-18	1.530943E-18
6.480968E+03	2.891310E-18	1.522861E-18
6.481168E+03	2.894056E-18	1.518467E-18
6.481368E+03	2.891859E-18	1.514701E-18
6.481568E+03	2.889741E-18	1.512818E-18
6.481768E+03	2.892565E-18	1.516663E-18
6.481968E+03	2.889270E-18	1.516741E-18
6.482168E+03	2.884719E-18	1.518467E-18
6.482368E+03	2.885818E-18	1.534160E-18
6.482568E+03	2.889584E-18	1.540280E-18
6.482768E+03	2.886838E-18	1.539809E-18
6.482968E+03	2.890682E-18	1.539573E-18
6.483168E+03	2.889113E-18	1.544281E-18
6.483368E+03	2.882208E-18	1.542084E-18
6.483568E+03	2.876559E-18	1.541535E-18
6.483769E+03	2.873421E-18	1.531178E-18
6.483969E+03	2.869341E-18	1.531335E-18
6.484169E+03	2.869576E-18	1.523410E-18
6.484369E+03	2.876245E-18	1.522155E-18
6.484769E+03	2.881188E-18	1.523881E-18
6.484969E+03	2.883778E-18	1.521135E-18
6.485169E+03	2.890133E-18	1.518232E-18
6.485369E+03	2.880482E-18	1.512740E-18
6.485569E+03	2.877265E-18	1.515957E-18
6.485769E+03	2.874833E-18	1.513289E-18
6.485969E+03	2.874598E-18	1.486926E-18
6.486168E+03	2.882522E-18	1.484415E-18
6.486368E+03	2.883856E-18	1.485278E-18
6.486569E+03	2.881816E-18	1.468958E-18
6.486769E+03	2.869968E-18	1.468095E-18
6.486968E+03	2.867065E-18	1.465977E-18
6.487168E+03	2.872793E-18	1.468644E-18
6.487368E+03	2.869105E-18	1.484493E-18
6.487568E+03	2.866438E-18	1.474372E-18
6.487768E+03	2.856865E-18	1.475313E-18
6.488168E+03	2.853178E-18	1.474137E-18
6.488368E+03	2.856630E-18	1.471626E-18
6.488568E+03	2.855375E-18	1.457738E-18
6.488768E+03	2.852315E-18	1.460406E-18
6.488969E+03	2.855139E-18	1.460484E-18
6.489169E+03	2.852942E-18	1.466997E-18
6.489369E+03	2.852707E-18	1.469429E-18
6.489569E+03	2.845645E-18	1.464721E-18
6.489769E+03	2.839604E-18	1.464564E-18
6.489969E+03	2.838113E-18	1.457346E-18
6.490169E+03	2.836073E-18	1.455227E-18
6.490369E+03	2.828776E-18	1.450127E-18
6.490569E+03	2.834896E-18	1.447852E-18
6.490769E+03	2.836779E-18	1.444164E-18
6.490969E+03	2.833562E-18	1.433729E-18
6.491169E+03	2.829874E-18	1.439927E-18
6.491369E+03	2.821950E-18	1.434278E-18
6.491569E+03	2.813005E-18	1.436710E-18
6.491769E+03	2.816850E-18	1.440712E-18
6.491969E+03	2.819831E-18	1.441418E-18
6.492169E+03	2.820930E-18	1.435612E-18
6.492369E+03	2.814496E-18	1.436553E-18
6.492569E+03	2.809239E-18	1.434435E-18
6.492769E+03	2.811514E-18	1.444243E-18
6.492969E+03	2.817007E-18	1.445969E-18
6.493169E+03	2.823127E-18	1.448480E-18
6.493369E+03	2.820302E-18	1.448872E-18
6.493569E+03	2.809788E-18	1.428393E-18
6.493769E+03	2.808062E-18	1.421881E-18
6.493969E+03	2.793782E-18	1.418036E-18
6.494170E+03	2.786878E-18	1.422038E-18
6.494570E+03	2.786799E-18	1.424235E-18
6.494770E+03	2.790565E-18	1.418272E-18
6.494970E+03	2.784131E-18	1.407915E-18
6.495170E+03	2.775736E-18	1.408464E-18
6.495370E+03	2.775893E-18	1.409798E-18
6.495570E+03	2.772911E-18	1.412701E-18
6.495770E+03	2.760514E-18	1.412152E-18
6.496170E+03	2.754630E-18	1.408307E-18
6.496370E+03	2.757298E-18	1.407915E-18
6.496570E+03	2.750628E-18	1.403286E-18
6.496970E+03	2.751570E-18	1.393870E-18
6.497170E+03	2.751962E-18	1.387986E-18
6.497370E+03	2.748118E-18	1.391909E-18
6.497970E+03	2.746391E-18	1.386181E-18
6.498170E+03	2.754787E-18	1.382650E-18
6.498370E+03	2.757376E-18	1.382180E-18
6.498569E+03	2.747804E-18	1.380846E-18
6.499370E+03	2.739408E-18	1.376216E-18
6.499570E+03	2.746862E-18	1.373313E-18
6.499770E+03	2.742782E-18	1.358720E-18
6.499970E+03	2.744194E-18	1.359190E-18
6.500170E+03	2.752354E-18	1.360289E-18
6.500370E+03	2.764438E-18	1.360132E-18
6.500570E+03	2.769851E-18	1.368684E-18
6.501170E+03	2.768204E-18	1.368841E-18
6.501370E+03	2.767498E-18	1.359975E-18
6.501570E+03	2.767184E-18	1.360053E-18
6.501970E+03	2.771970E-18	1.360367E-18
6.502170E+03	2.776678E-18	1.359583E-18
6.502370E+03	2.776599E-18	1.351423E-18
6.502570E+03	2.777854E-18	1.363349E-18
6.502770E+03	2.780444E-18	1.370567E-18
6.502970E+03	2.780993E-18	1.369704E-18
6.503170E+03	2.778404E-18	1.371195E-18
6.503370E+03	2.766870E-18	1.371587E-18
6.503570E+03	2.766478E-18	1.368920E-18
6.503770E+03	2.757925E-18	1.369626E-18
6.503970E+03	2.759024E-18	1.369626E-18
6.504170E+03	2.762476E-18	1.369312E-18
6.504370E+03	2.753767E-18	1.364526E-18
6.504571E+03	2.746862E-18	1.356209E-18
6.504771E+03	2.746077E-18	1.361701E-18
6.505371E+03	2.734465E-18	1.361387E-18
6.505571E+03	2.736034E-18	1.359269E-18
6.505971E+03	2.744587E-18	1.367115E-18
6.506171E+03	2.744901E-18	1.366566E-18
6.506571E+03	2.741291E-18	1.366409E-18
6.506771E+03	2.741841E-18	1.364761E-18
6.506971E+03	2.740114E-18	1.369547E-18
6.507171E+03	2.742311E-18	1.369312E-18
6.507371E+03	2.746705E-18	1.376295E-18
6.507571E+03	2.748667E-18	1.378649E-18
6.507771E+03	2.753531E-18	1.378570E-18
6.507971E+03	2.753453E-18	1.379433E-18
6.508171E+03	2.751491E-18	1.379198E-18
6.508371E+03	2.747333E-18	1.377315E-18
6.508571E+03	2.741291E-18	1.374726E-18
6.508771E+03	2.745999E-18	1.374020E-18
6.508971E+03	2.741841E-18	1.374020E-18
6.509171E+03	2.732268E-18	1.366487E-18
6.509371E+03	2.739879E-18	1.370803E-18
6.509571E+03	2.750393E-18	1.367664E-18
6.509772E+03	2.748667E-18	1.358720E-18
6.509972E+03	2.743488E-18	1.357229E-18
6.510172E+03	2.735956E-18	1.360681E-18
6.510372E+03	2.734308E-18	1.360681E-18
6.510572E+03	2.731641E-18	1.358406E-18
6.511172E+03	2.730542E-18	1.358406E-18
6.511372E+03	2.730385E-18	1.358563E-18
6.511572E+03	2.725050E-18	1.364369E-18
6.511771E+03	2.723481E-18	1.369076E-18
6.511971E+03	2.716890E-18	1.373235E-18
6.512171E+03	2.712888E-18	1.373235E-18
6.512371E+03	2.718067E-18	1.370724E-18
6.512571E+03	2.724108E-18	1.369783E-18
6.512771E+03	2.708494E-18	1.378963E-18
6.512971E+03	2.702767E-18	1.383670E-18
6.513171E+03	2.696097E-18	1.367900E-18
6.513571E+03	2.690291E-18	1.369076E-18
6.513771E+03	2.693822E-18	1.362956E-18
6.513971E+03	2.698294E-18	1.355110E-18
6.514171E+03	2.691704E-18	1.351344E-18
6.514371E+03	2.685584E-18	1.342399E-18
6.514571E+03	2.676011E-18	1.342713E-18
6.514771E+03	2.666204E-18	1.340281E-18
6.514972E+03	2.665341E-18	1.341458E-18
6.515172E+03	2.669577E-18	1.342556E-18
6.515372E+03	2.666674E-18	1.333612E-18
6.515572E+03	2.660790E-18	1.331650E-18
6.515772E+03	2.658436E-18	1.330003E-18
6.515972E+03	2.653414E-18	1.330238E-18
6.516172E+03	2.653650E-18	1.329846E-18
6.516372E+03	2.652708E-18	1.332278E-18
6.516572E+03	2.642351E-18	1.331101E-18
6.516772E+03	2.633877E-18	1.330316E-18
6.516972E+03	2.631680E-18	1.330709E-18
6.517172E+03	2.626424E-18	1.331729E-18
6.517372E+03	2.631680E-18	1.322470E-18
6.517572E+03	2.636780E-18	1.314546E-18
6.517772E+03	2.635054E-18	1.314546E-18
6.517972E+03	2.636074E-18	1.314703E-18
6.518172E+03	2.634897E-18	1.309446E-18
6.518372E+03	2.637251E-18	1.306307E-18
6.518572E+03	2.644391E-18	1.303404E-18
6.519372E+03	2.652316E-18	1.302227E-18
6.519572E+03	2.649413E-18	1.303169E-18
6.519772E+03	2.651217E-18	1.299010E-18
6.519973E+03	2.655454E-18	1.300109E-18
6.520173E+03	2.661810E-18	1.296892E-18
6.520373E+03	2.669421E-18	1.298696E-18
6.520573E+03	2.667459E-18	1.300109E-18
6.520773E+03	2.665341E-18	1.302070E-18
6.520973E+03	2.663301E-18	1.300736E-18
6.521173E+03	2.665968E-18	1.309838E-18
6.521373E+03	2.670911E-18	1.285358E-18
6.521573E+03	2.674207E-18	1.295872E-18
6.521773E+03	2.664007E-18	1.304816E-18
6.521973E+03	2.657887E-18	1.296813E-18
6.522373E+03	2.656161E-18	1.295793E-18
6.522973E+03	2.653336E-18	1.286456E-18
6.523173E+03	2.652394E-18	1.275079E-18
6.523373E+03	2.646196E-18	1.281356E-18
6.523573E+03	2.645097E-18	1.281827E-18
6.523773E+03	2.648785E-18	1.280650E-18
6.524172E+03	2.648079E-18	1.288261E-18
6.524573E+03	2.635839E-18	1.297755E-18
6.524772E+03	2.634584E-18	1.297206E-18
6.524972E+03	2.625404E-18	1.288732E-18
6.525173E+03	2.614811E-18	1.289438E-18
6.525373E+03	2.614733E-18	1.289281E-18
6.525573E+03	2.609711E-18	1.280258E-18
6.525773E+03	2.604925E-18	1.284966E-18
6.525973E+03	2.587507E-18	1.288575E-18
6.526173E+03	2.585859E-18	1.295950E-18
6.526373E+03	2.585624E-18	1.296107E-18
6.526573E+03	2.579190E-18	1.298461E-18
6.526773E+03	2.582877E-18	1.308269E-18
6.527173E+03	2.580367E-18	1.306464E-18
6.527373E+03	2.565773E-18	1.303404E-18
6.527973E+03	2.565930E-18	1.295793E-18
6.528173E+03	2.572834E-18	1.294616E-18
6.528373E+03	2.571657E-18	1.294773E-18
6.528573E+03	2.568754E-18	1.295244E-18
6.528773E+03	2.564988E-18	1.297206E-18
6.528973E+03	2.563184E-18	1.298226E-18
6.529173E+03	2.552905E-18	1.293753E-18
6.529373E+03	2.553454E-18	1.294852E-18
6.529573E+03	2.551100E-18	1.295166E-18
6.529773E+03	2.556907E-18	1.296343E-18
6.529973E+03	2.557064E-18	1.297833E-18
6.530374E+03	2.550002E-18	1.292733E-18
6.530574E+03	2.540430E-18	1.292655E-18
6.530774E+03	2.539723E-18	1.297519E-18
6.530974E+03	2.539096E-18	1.278924E-18
6.531174E+03	2.535722E-18	1.281513E-18
6.531374E+03	2.529131E-18	1.281749E-18
6.531574E+03	2.528347E-18	1.285123E-18
6.531774E+03	2.531014E-18	1.287712E-18
6.531974E+03	2.520030E-18	1.289673E-18
6.532174E+03	2.516970E-18	1.288967E-18
6.532374E+03	2.511320E-18	1.286613E-18
6.532574E+03	2.499394E-18	1.288183E-18
6.532774E+03	2.504259E-18	1.288183E-18
6.532974E+03	2.498610E-18	1.285907E-18
6.533574E+03	2.492333E-18	1.283710E-18
6.533774E+03	2.492097E-18	1.283083E-18
6.533974E+03	2.489430E-18	1.280572E-18
6.534774E+03	2.487390E-18	1.282690E-18
6.534974E+03	2.482054E-18	1.281513E-18
6.535174E+03	2.474287E-18	1.285358E-18
6.535374E+03	2.475150E-18	1.285907E-18
6.535575E+03	2.469736E-18	1.293126E-18
6.535775E+03	2.456633E-18	1.299638E-18
6.535975E+03	2.457025E-18	1.300815E-18
6.536175E+03	2.459536E-18	1.301286E-18
6.536374E+03	2.453651E-18	1.302619E-18
6.536574E+03	2.446276E-18	1.300109E-18
6.536775E+03	2.440626E-18	1.288104E-18
6.536975E+03	2.438508E-18	1.285907E-18
6.537174E+03	2.438194E-18	1.299481E-18
6.537374E+03	2.442823E-18	1.299716E-18
6.537574E+03	2.439057E-18	1.303483E-18
6.537774E+03	2.434193E-18	1.303169E-18
6.537974E+03	2.428936E-18	1.298539E-18
6.538174E+03	2.426582E-18	1.298383E-18
6.538374E+03	2.425640E-18	1.280572E-18
6.538574E+03	2.428936E-18	1.273589E-18
6.538774E+03	2.433879E-18	1.275079E-18
6.538974E+03	2.432623E-18	1.274530E-18
6.539174E+03	2.434585E-18	1.282533E-18
6.539374E+03	2.434506E-18	1.277041E-18
6.539574E+03	2.441803E-18	1.276492E-18
6.539774E+03	2.450905E-18	1.276492E-18
6.539974E+03	2.450827E-18	1.280964E-18
6.540174E+03	2.457496E-18	1.281670E-18
6.540374E+03	2.461027E-18	1.273196E-18
6.540574E+03	2.460556E-18	1.273824E-18
6.540775E+03	2.457810E-18	1.277433E-18
6.540975E+03	2.452317E-18	1.273667E-18
6.541175E+03	2.450670E-18	1.267390E-18
6.541375E+03	2.448159E-18	1.266527E-18
6.541975E+03	2.446746E-18	1.264879E-18
6.542175E+03	2.449414E-18	1.263467E-18
6.542575E+03	2.456319E-18	1.255621E-18
6.542775E+03	2.462125E-18	1.254915E-18
6.542975E+03	2.460791E-18	1.253346E-18
6.543175E+03	2.458830E-18	1.253032E-18
6.543375E+03	2.449885E-18	1.256484E-18
6.543575E+03	2.449336E-18	1.264958E-18
6.543775E+03	2.448002E-18	1.264801E-18
6.543975E+03	2.444785E-18	1.255386E-18
6.544175E+03	2.436939E-18	1.254287E-18
6.544375E+03	2.430740E-18	1.253895E-18
6.544575E+03	2.428230E-18	1.264409E-18
6.544775E+03	2.428073E-18	1.266527E-18
6.544975E+03	2.423993E-18	1.262290E-18
6.545175E+03	2.422737E-18	1.255150E-18
6.545375E+03	2.425797E-18	1.252953E-18
6.545575E+03	2.429093E-18	1.253267E-18
6.545775E+03	2.434585E-18	1.250207E-18
6.545976E+03	2.443294E-18	1.243695E-18
6.546176E+03	2.453023E-18	1.238595E-18
6.546376E+03	2.454828E-18	1.234672E-18
6.546576E+03	2.451376E-18	1.231769E-18
6.546776E+03	2.449885E-18	1.230827E-18
6.546976E+03	2.452082E-18	1.231847E-18
6.547176E+03	2.451611E-18	1.241027E-18
6.547376E+03	2.449414E-18	1.247147E-18
6.547576E+03	2.451454E-18	1.247461E-18
6.547776E+03	2.451925E-18	1.253032E-18
6.547976E+03	2.455534E-18	1.258838E-18
6.548176E+03	2.453573E-18	1.258289E-18
6.548376E+03	2.452474E-18	1.254444E-18
6.548575E+03	2.448316E-18	1.255072E-18
6.548775E+03	2.449414E-18	1.234279E-18
6.548975E+03	2.446276E-18	1.224472E-18
6.549176E+03	2.450827E-18	1.227453E-18
6.549376E+03	2.449807E-18	1.225884E-18
6.549575E+03	2.449336E-18	1.225570E-18
6.549775E+03	2.446668E-18	1.225570E-18
6.549975E+03	2.445256E-18	1.229572E-18
6.550175E+03	2.444079E-18	1.214193E-18
6.550375E+03	2.442980E-18	1.206347E-18
6.550975E+03	2.435448E-18	1.209564E-18
6.551176E+03	2.432780E-18	1.214742E-18
6.551376E+03	2.434193E-18	1.214899E-18
6.551576E+03	2.444079E-18	1.215841E-18
6.551776E+03	2.437802E-18	1.215841E-18
6.551976E+03	2.432545E-18	1.219136E-18
6.552176E+03	2.435291E-18	1.219215E-18
6.552376E+03	2.439293E-18	1.219607E-18
6.552576E+03	2.443216E-18	1.222824E-18
6.552776E+03	2.449022E-18	1.216155E-18
6.552976E+03	2.452082E-18	1.215841E-18
6.553176E+03	2.456397E-18	1.216312E-18
6.553376E+03	2.457496E-18	1.217175E-18
6.553576E+03	2.452003E-18	1.224315E-18
6.554376E+03	2.450591E-18	1.224393E-18
6.554576E+03	2.453887E-18	1.223295E-18
6.554776E+03	2.452474E-18	1.224864E-18
6.555176E+03	2.453730E-18	1.222902E-18
6.555376E+03	2.456240E-18	1.215527E-18
6.555576E+03	2.456240E-18	1.209407E-18
6.555776E+03	2.456554E-18	1.209878E-18
6.555976E+03	2.459614E-18	1.209250E-18
6.556177E+03	2.461027E-18	1.209172E-18
6.556377E+03	2.457810E-18	1.207210E-18
6.556577E+03	2.462203E-18	1.214429E-18
6.556777E+03	2.461183E-18	1.209172E-18
6.556977E+03	2.460163E-18	1.214899E-18
6.557177E+03	2.459379E-18	1.223059E-18
6.557377E+03	2.462125E-18	1.225570E-18
6.557577E+03	2.473110E-18	1.228787E-18
6.557777E+03	2.483310E-18	1.228630E-18
6.557977E+03	2.490763E-18	1.231612E-18
6.558177E+03	2.496727E-18	1.227846E-18
6.558377E+03	2.496334E-18	1.228159E-18
6.558577E+03	2.491391E-18	1.227296E-18
6.558777E+03	2.488488E-18	1.232082E-18
6.558977E+03	2.486370E-18	1.234829E-18
6.559177E+03	2.480877E-18	1.228316E-18
6.559377E+03	2.479779E-18	1.222981E-18
6.559577E+03	2.474600E-18	1.217175E-18
6.559777E+03	2.475856E-18	1.218509E-18
6.559977E+03	2.482368E-18	1.230906E-18
6.560177E+03	2.490528E-18	1.230121E-18
6.560377E+03	2.488017E-18	1.218273E-18
6.560577E+03	2.484330E-18	1.211761E-18
6.560776E+03	2.484957E-18	1.212075E-18
6.560976E+03	2.493353E-18	1.214272E-18
6.561176E+03	2.489822E-18	1.213958E-18
6.561377E+03	2.493431E-18	1.216076E-18
6.561578E+03	2.488017E-18	1.215292E-18
6.561778E+03	2.493196E-18	1.213566E-18
6.561977E+03	2.497276E-18	1.218195E-18
6.562177E+03	2.499080E-18	1.222432E-18
6.562377E+03	2.499473E-18	1.221490E-18
6.562577E+03	2.507240E-18	1.231690E-18
6.562777E+03	2.501513E-18	1.229886E-18
6.563377E+03	2.507633E-18	1.232239E-18
6.563577E+03	2.510536E-18	1.233102E-18
6.563777E+03	2.517048E-18	1.238595E-18
6.564377E+03	2.522383E-18	1.243146E-18
6.564577E+03	2.520736E-18	1.240399E-18
6.564777E+03	2.521991E-18	1.246519E-18
6.564977E+03	2.522540E-18	1.255778E-18
6.565177E+03	2.523247E-18	1.255856E-18
6.565377E+03	2.530700E-18	1.257975E-18
6.565577E+03	2.529837E-18	1.261113E-18
6.565777E+03	2.533917E-18	1.261270E-18
6.565977E+03	2.542470E-18	1.261349E-18
6.566177E+03	2.547962E-18	1.260721E-18
6.566377E+03	2.555651E-18	1.260799E-18
6.566578E+03	2.560359E-18	1.261427E-18
6.566778E+03	2.550787E-18	1.264330E-18
6.566978E+03	2.545451E-18	1.263859E-18
6.567178E+03	2.551885E-18	1.265429E-18
6.567378E+03	2.556593E-18	1.274844E-18
6.567578E+03	2.559339E-18	1.273981E-18
6.567778E+03	2.557220E-18	1.273903E-18
6.567978E+03	2.555887E-18	1.275550E-18
6.568178E+03	2.561065E-18	1.274295E-18
6.568378E+03	2.566793E-18	1.271156E-18
6.568578E+03	2.567185E-18	1.269038E-18
6.568778E+03	2.568754E-18	1.261113E-18
6.569378E+03	2.570480E-18	1.263624E-18
6.569978E+03	2.576444E-18	1.251541E-18
6.570178E+03	2.583191E-18	1.235613E-18
6.570378E+03	2.575580E-18	1.239458E-18
6.570578E+03	2.566400E-18	1.239458E-18
6.570778E+03	2.566165E-18	1.247461E-18
6.570978E+03	2.572050E-18	1.246127E-18
6.571178E+03	2.572756E-18	1.269273E-18
6.571378E+03	2.575659E-18	1.266449E-18
6.571578E+03	2.576757E-18	1.269979E-18
6.571779E+03	2.577464E-18	1.263546E-18
6.571979E+03	2.572520E-18	1.257583E-18
6.572179E+03	2.564674E-18	1.260643E-18
6.572579E+03	2.565145E-18	1.261270E-18
6.572779E+03	2.565930E-18	1.270058E-18
6.572979E+03	2.565224E-18	1.290223E-18
6.573178E+03	2.570324E-18	1.293204E-18
6.573378E+03	2.575502E-18	1.291007E-18
6.573578E+03	2.584917E-18	1.286456E-18
6.573779E+03	2.591430E-18	1.281670E-18
6.573979E+03	2.594804E-18	1.283239E-18
6.574178E+03	2.594804E-18	1.282455E-18
6.574378E+03	2.592371E-18	1.265507E-18
6.574578E+03	2.598570E-18	1.262369E-18
6.574778E+03	2.599590E-18	1.262761E-18
6.574978E+03	2.597628E-18	1.261349E-18
6.575178E+03	2.601237E-18	1.265193E-18
6.575378E+03	2.603120E-18	1.265115E-18
6.575778E+03	2.601394E-18	1.263938E-18
6.575978E+03	2.600374E-18	1.262290E-18
6.576178E+03	2.601316E-18	1.261035E-18
6.576378E+03	2.600374E-18	1.260799E-18
6.576578E+03	2.604768E-18	1.265664E-18
6.576778E+03	2.606573E-18	1.265507E-18
6.576979E+03	2.609711E-18	1.268332E-18
6.577379E+03	2.612065E-18	1.272019E-18
6.577579E+03	2.613791E-18	1.270999E-18
6.577979E+03	2.614340E-18	1.280886E-18
6.578379E+03	2.619519E-18	1.275786E-18
6.578579E+03	2.628934E-18	1.277669E-18
6.578779E+03	2.630504E-18	1.267626E-18
6.578979E+03	2.629013E-18	1.271235E-18
6.579179E+03	2.627522E-18	1.270293E-18
6.579379E+03	2.623128E-18	1.265586E-18
6.579579E+03	2.615204E-18	1.271784E-18
6.579779E+03	2.613007E-18	1.275472E-18
6.579979E+03	2.613007E-18	1.275472E-18
6.580179E+03	2.613242E-18	1.272490E-18
6.580379E+03	2.610182E-18	1.272490E-18
6.580979E+03	2.604376E-18	1.275943E-18
6.581179E+03	2.601237E-18	1.282533E-18
6.581379E+03	2.600531E-18	1.274452E-18
6.581579E+03	2.607750E-18	1.283553E-18
6.581779E+03	2.604533E-18	1.298147E-18
6.581979E+03	2.603591E-18	1.310387E-18
6.582380E+03	2.607436E-18	1.306464E-18
6.582580E+03	2.609790E-18	1.305993E-18
6.582780E+03	2.616930E-18	1.300893E-18
6.582980E+03	2.620539E-18	1.292890E-18
6.583180E+03	2.618107E-18	1.291321E-18
6.583380E+03	2.616851E-18	1.294695E-18
6.583580E+03	2.613242E-18	1.291949E-18
6.583780E+03	2.612614E-18	1.300266E-18
6.583980E+03	2.613870E-18	1.293753E-18
6.584180E+03	2.608848E-18	1.295636E-18
6.584580E+03	2.617400E-18	1.284495E-18
6.584780E+03	2.626737E-18	1.286770E-18
6.584980E+03	2.633720E-18	1.301286E-18
6.585180E+03	2.638193E-18	1.305601E-18
6.585380E+03	2.633014E-18	1.305758E-18
6.585580E+03	2.620460E-18	1.305836E-18
6.585779E+03	2.615204E-18	1.305993E-18
6.585980E+03	2.625168E-18	1.306072E-18
6.586180E+03	2.625717E-18	1.304738E-18
6.586380E+03	2.615596E-18	1.310544E-18
6.586579E+03	2.607671E-18	1.300109E-18
6.586779E+03	2.613634E-18	1.300266E-18
6.586979E+03	2.610810E-18	1.297127E-18
6.587179E+03	2.609162E-18	1.301756E-18
6.587380E+03	2.603434E-18	1.299403E-18
6.587580E+03	2.590645E-18	1.301835E-18
6.587780E+03	2.589311E-18	1.300736E-18
6.587980E+03	2.585074E-18	1.314859E-18
6.588380E+03	2.583113E-18	1.311407E-18
6.588580E+03	2.580445E-18	1.318233E-18
6.588780E+03	2.574168E-18	1.319646E-18
6.588980E+03	2.573384E-18	1.319567E-18
6.589180E+03	2.575580E-18	1.329061E-18
6.589380E+03	2.580210E-18	1.327884E-18
6.589580E+03	2.583270E-18	1.327335E-18
6.589780E+03	2.582564E-18	1.328198E-18
6.589980E+03	2.581857E-18	1.329453E-18
6.590180E+03	2.578640E-18	1.332435E-18
6.590380E+03	2.575737E-18	1.334239E-18
6.590580E+03	2.574717E-18	1.333219E-18
6.590780E+03	2.580837E-18	1.340124E-18
6.590980E+03	2.578954E-18	1.349304E-18
6.591180E+03	2.580131E-18	1.359347E-18
6.591380E+03	2.576600E-18	1.373627E-18
6.591580E+03	2.574168E-18	1.380296E-18
6.591780E+03	2.578405E-18	1.396067E-18
6.591980E+03	2.580053E-18	1.414427E-18
6.592180E+03	2.579190E-18	1.428315E-18
6.592381E+03	2.576993E-18	1.427766E-18
6.592581E+03	2.570245E-18	1.427060E-18
6.592781E+03	2.573854E-18	1.428707E-18
6.593181E+03	2.567734E-18	1.429178E-18
6.593581E+03	2.552984E-18	1.449264E-18
6.593781E+03	2.551257E-18	1.455306E-18
6.593981E+03	2.554239E-18	1.463937E-18
6.594181E+03	2.557927E-18	1.462760E-18
6.594581E+03	2.558868E-18	1.461426E-18
6.594781E+03	2.556593E-18	1.463152E-18
6.594981E+03	2.552277E-18	1.458758E-18
6.595181E+03	2.546236E-18	1.458444E-18
6.595381E+03	2.538703E-18	1.453423E-18
6.595581E+03	2.535722E-18	1.448715E-18
6.595781E+03	2.533054E-18	1.450441E-18
6.595981E+03	2.532976E-18	1.460641E-18
6.596181E+03	2.535957E-18	1.463937E-18
6.596381E+03	2.540430E-18	1.464250E-18
6.596581E+03	2.540587E-18	1.469272E-18
6.596781E+03	2.541842E-18	1.472803E-18
6.596981E+03	2.546079E-18	1.470370E-18
6.597181E+03	2.546785E-18	1.470920E-18
6.597381E+03	2.547648E-18	1.480492E-18
6.597582E+03	2.546628E-18	1.480884E-18
6.597782E+03	2.545216E-18	1.483003E-18
6.597982E+03	2.544117E-18	1.483552E-18
6.598181E+03	2.548668E-18	1.485357E-18
6.598382E+03	2.553611E-18	1.479550E-18
6.598582E+03	2.558162E-18	1.487004E-18
6.598782E+03	2.558711E-18	1.487004E-18
6.598981E+03	2.554631E-18	1.501206E-18
6.599181E+03	2.547334E-18	1.497989E-18
6.599381E+03	2.546236E-18	1.496498E-18
6.599581E+03	2.545530E-18	1.494537E-18
6.599781E+03	2.545294E-18	1.491947E-18
6.599981E+03	2.545137E-18	1.492889E-18
6.600181E+03	2.539802E-18	1.492810E-18
6.600581E+03	2.534937E-18	1.493595E-18
6.600781E+03	2.536428E-18	1.486455E-18
6.600981E+03	2.532583E-18	1.480100E-18
6.601181E+03	2.531093E-18	1.481826E-18
6.601381E+03	2.526463E-18	1.485827E-18
6.601581E+03	2.530387E-18	1.487240E-18
6.601781E+03	2.525443E-18	1.485435E-18
6.601981E+03	2.519794E-18	1.496420E-18
6.602181E+03	2.523168E-18	1.503089E-18
6.602381E+03	2.522383E-18	1.505286E-18
6.602581E+03	2.522227E-18	1.503638E-18
6.602782E+03	2.519951E-18	1.512975E-18
6.602982E+03	2.518068E-18	1.512975E-18
6.603182E+03	2.518068E-18	1.505992E-18
6.603382E+03	2.517676E-18	1.512740E-18
6.603782E+03	2.513753E-18	1.512975E-18
6.603982E+03	2.512340E-18	1.510229E-18
6.604782E+03	2.519402E-18	1.511484E-18
6.604982E+03	2.528896E-18	1.510778E-18
6.605182E+03	2.528033E-18	1.513132E-18
6.605382E+03	2.527640E-18	1.514858E-18
6.605782E+03	2.534702E-18	1.515957E-18
6.605982E+03	2.537762E-18	1.522390E-18
6.606182E+03	2.535408E-18	1.522469E-18
6.606382E+03	2.531328E-18	1.524352E-18
6.606582E+03	2.530387E-18	1.527804E-18
6.606782E+03	2.535251E-18	1.527883E-18
6.607182E+03	2.536114E-18	1.527726E-18
6.607382E+03	2.531720E-18	1.527726E-18
6.607582E+03	2.525679E-18	1.531492E-18
6.607782E+03	2.515087E-18	1.526941E-18
6.607983E+03	2.512340E-18	1.528197E-18
6.608183E+03	2.520108E-18	1.525686E-18
6.608383E+03	2.521756E-18	1.527333E-18
6.608783E+03	2.514930E-18	1.527804E-18
6.608983E+03	2.512811E-18	1.527412E-18
6.609183E+03	2.521677E-18	1.529060E-18
6.609383E+03	2.520343E-18	1.528903E-18
6.609583E+03	2.509751E-18	1.523724E-18
6.609783E+03	2.507162E-18	1.524509E-18
6.609983E+03	2.511477E-18	1.522704E-18
6.610183E+03	2.519167E-18	1.519173E-18
6.610383E+03	2.522070E-18	1.519644E-18
6.610583E+03	2.523560E-18	1.515721E-18
6.610783E+03	2.530857E-18	1.517290E-18
6.610983E+03	2.533996E-18	1.519801E-18
6.611182E+03	2.529759E-18	1.521292E-18
6.611382E+03	2.532819E-18	1.516192E-18
6.611583E+03	2.541920E-18	1.512269E-18
6.611783E+03	2.539410E-18	1.511798E-18
6.611982E+03	2.538860E-18	1.506227E-18
6.612182E+03	2.545137E-18	1.499715E-18
6.612382E+03	2.546471E-18	1.505207E-18
6.612582E+03	2.538860E-18	1.501990E-18
6.612782E+03	2.537605E-18	1.498852E-18
6.612982E+03	2.539959E-18	1.498930E-18
6.613183E+03	2.531720E-18	1.498930E-18
6.613383E+03	2.529367E-18	1.499166E-18
6.613783E+03	2.531093E-18	1.499480E-18
6.613983E+03	2.533996E-18	1.497518E-18
6.614183E+03	2.532427E-18	1.504266E-18
6.614383E+03	2.525522E-18	1.503638E-18
6.614583E+03	2.520187E-18	1.500970E-18
6.614983E+03	2.524345E-18	1.489672E-18
6.615183E+03	2.522697E-18	1.492026E-18
6.615383E+03	2.517597E-18	1.493281E-18
6.615583E+03	2.517754E-18	1.484729E-18
6.615783E+03	2.520657E-18	1.486690E-18
6.616383E+03	2.526307E-18	1.488103E-18
6.616583E+03	2.533996E-18	1.488024E-18
6.616783E+03	2.536585E-18	1.487710E-18
6.616983E+03	2.533368E-18	1.485592E-18
6.617183E+03	2.525836E-18	1.485827E-18
6.617383E+03	2.517440E-18	1.487946E-18
6.617583E+03	2.512183E-18	1.491320E-18
6.618384E+03	2.509594E-18	1.492418E-18
6.618584E+03	2.508967E-18	1.485200E-18
6.618784E+03	2.506142E-18	1.485906E-18
6.618984E+03	2.502925E-18	1.463544E-18
6.619184E+03	2.502062E-18	1.464643E-18
6.619384E+03	2.500728E-18	1.462053E-18
6.619584E+03	2.494687E-18	1.459778E-18
6.619784E+03	2.490371E-18	1.458915E-18
6.620184E+03	2.488645E-18	1.452638E-18
6.620384E+03	2.486840E-18	1.453187E-18
6.620584E+03	2.478131E-18	1.447852E-18
6.620784E+03	2.480799E-18	1.432160E-18
6.621384E+03	2.477660E-18	1.433415E-18
6.621584E+03	2.473973E-18	1.435063E-18
6.621784E+03	2.473267E-18	1.435926E-18
6.621984E+03	2.472325E-18	1.434827E-18
6.622184E+03	2.471854E-18	1.433650E-18
6.622384E+03	2.477190E-18	1.433180E-18
6.622584E+03	2.478288E-18	1.441340E-18
6.622784E+03	2.472011E-18	1.436475E-18
6.622984E+03	2.467382E-18	1.436396E-18
6.623184E+03	2.468245E-18	1.440084E-18
6.623385E+03	2.464322E-18	1.438750E-18
6.623584E+03	2.465891E-18	1.438123E-18
6.623784E+03	2.462988E-18	1.440398E-18
6.623984E+03	2.457810E-18	1.441575E-18
6.624185E+03	2.459379E-18	1.441810E-18
6.624384E+03	2.457103E-18	1.443615E-18
6.624584E+03	2.459457E-18	1.437338E-18
6.624784E+03	2.458202E-18	1.436083E-18
6.624984E+03	2.452553E-18	1.434670E-18
6.625184E+03	2.455220E-18	1.433729E-18
6.625384E+03	2.455142E-18	1.434200E-18
6.625584E+03	2.457103E-18	1.432316E-18
6.626384E+03	2.462439E-18	1.440163E-18
6.626584E+03	2.460242E-18	1.438907E-18
6.626784E+03	2.452945E-18	1.439300E-18
6.626984E+03	2.451062E-18	1.440398E-18
6.627184E+03	2.452710E-18	1.438358E-18
6.627384E+03	2.457417E-18	1.435376E-18
6.627584E+03	2.458045E-18	1.427530E-18
6.627984E+03	2.457967E-18	1.428786E-18
6.628585E+03	2.460713E-18	1.429570E-18
6.629385E+03	2.462988E-18	1.431061E-18
6.629985E+03	2.464793E-18	1.434827E-18
6.630185E+03	2.466519E-18	1.437181E-18
6.630385E+03	2.462047E-18	1.429413E-18
6.630585E+03	2.457496E-18	1.430355E-18
6.630785E+03	2.454357E-18	1.421960E-18
6.630985E+03	2.463302E-18	1.409092E-18
6.631185E+03	2.463537E-18	1.398029E-18
6.631385E+03	2.460713E-18	1.403207E-18
6.631585E+03	2.456790E-18	1.403600E-18
6.631785E+03	2.459614E-18	1.404070E-18
6.631985E+03	2.459928E-18	1.404149E-18
6.632385E+03	2.456790E-18	1.403443E-18
6.633786E+03	2.454514E-18	1.400775E-18
6.633986E+03	2.452945E-18	1.405561E-18
6.634186E+03	2.455063E-18	1.397715E-18
6.634386E+03	2.460870E-18	1.405953E-18
6.634586E+03	2.460085E-18	1.409798E-18
6.635186E+03	2.455377E-18	1.404541E-18
6.635785E+03	2.454279E-18	1.403756E-18
6.635985E+03	2.458594E-18	1.387436E-18
6.636185E+03	2.451847E-18	1.386024E-18
6.636386E+03	2.445020E-18	1.390732E-18
6.636586E+03	2.442353E-18	1.391516E-18
6.636785E+03	2.441803E-18	1.391360E-18
6.636985E+03	2.446040E-18	1.394184E-18
6.637185E+03	2.446276E-18	1.390340E-18
6.637385E+03	2.439685E-18	1.384926E-18
6.637585E+03	2.436390E-18	1.382493E-18
6.637785E+03	2.435997E-18	1.385240E-18
6.637985E+03	2.435526E-18	1.385004E-18
6.638185E+03	2.433643E-18	1.387044E-18
6.638385E+03	2.439842E-18	1.386573E-18
6.638585E+03	2.437645E-18	1.385240E-18
6.638785E+03	2.434977E-18	1.385632E-18
6.638986E+03	2.439606E-18	1.372764E-18
6.639186E+03	2.445256E-18	1.371430E-18
6.639386E+03	2.444628E-18	1.363584E-18
6.639586E+03	2.445020E-18	1.358563E-18
6.639786E+03	2.445491E-18	1.358563E-18
6.639986E+03	2.446119E-18	1.351501E-18
6.640186E+03	2.443373E-18	1.355110E-18
6.640386E+03	2.443765E-18	1.351344E-18
6.640986E+03	2.441568E-18	1.351109E-18
6.641186E+03	2.441803E-18	1.349304E-18
6.641386E+03	2.442274E-18	1.352286E-18
6.641586E+03	2.443137E-18	1.352600E-18
6.641786E+03	2.446668E-18	1.353620E-18
6.641986E+03	2.447923E-18	1.347892E-18
6.642186E+03	2.445256E-18	1.341379E-18
6.642386E+03	2.450356E-18	1.331023E-18
6.642586E+03	2.454357E-18	1.314624E-18
6.642786E+03	2.456319E-18	1.294852E-18
6.642986E+03	2.452553E-18	1.272098E-18
6.643186E+03	2.453808E-18	1.245970E-18
6.643386E+03	2.464479E-18	1.228552E-18
6.643586E+03	2.473580E-18	1.232475E-18
6.643986E+03	2.475542E-18	1.233024E-18
6.644187E+03	2.480171E-18	1.232710E-18
6.644387E+03	2.489116E-18	1.236633E-18
6.644587E+03	2.491548E-18	1.216939E-18
6.644787E+03	2.490057E-18	1.207995E-18
6.644987E+03	2.491940E-18	1.199207E-18
6.645187E+03	2.496962E-18	1.200227E-18
6.645387E+03	2.499237E-18	1.206975E-18
6.645587E+03	2.504023E-18	1.197481E-18
6.645787E+03	2.507947E-18	1.196775E-18
6.646187E+03	2.516185E-18	1.201718E-18
6.646387E+03	2.525287E-18	1.201090E-18
6.646587E+03	2.533368E-18	1.200227E-18
6.646787E+03	2.530857E-18	1.203287E-18
6.646987E+03	2.525679E-18	1.198344E-18
6.647187E+03	2.525208E-18	1.197952E-18
6.647387E+03	2.523717E-18	1.198030E-18
6.647587E+03	2.525443E-18	1.197638E-18
6.647787E+03	2.529445E-18	1.187202E-18
6.647986E+03	2.531956E-18	1.185633E-18
6.648186E+03	2.536742E-18	1.184456E-18
6.648386E+03	2.540508E-18	1.179199E-18
6.648587E+03	2.536977E-18	1.207289E-18
6.648787E+03	2.540037E-18	1.205249E-18
6.648986E+03	2.540037E-18	1.202581E-18
6.649186E+03	2.533368E-18	1.195990E-18
6.649387E+03	2.531642E-18	1.217253E-18
6.649587E+03	2.533760E-18	1.210506E-18
6.649787E+03	2.537919E-18	1.209172E-18
6.649987E+03	2.543490E-18	1.189399E-18
6.650187E+03	2.544745E-18	1.189870E-18
6.650387E+03	2.545530E-18	1.189949E-18
6.650587E+03	2.546785E-18	1.191361E-18
6.650787E+03	2.548825E-18	1.188772E-18
6.650987E+03	2.548747E-18	1.185006E-18
6.651187E+03	2.546942E-18	1.212310E-18
6.651987E+03	2.546628E-18	1.229886E-18
6.652187E+03	2.547256E-18	1.234044E-18
6.652387E+03	2.551650E-18	1.239301E-18
6.652587E+03	2.552748E-18	1.250913E-18
6.652787E+03	2.551885E-18	1.248089E-18
6.652987E+03	2.553376E-18	1.237967E-18
6.653187E+03	2.554160E-18	1.266684E-18
6.653587E+03	2.548747E-18	1.256955E-18
6.653787E+03	2.548825E-18	1.250599E-18
6.653987E+03	2.550237E-18	1.255543E-18
6.654187E+03	2.556593E-18	1.256013E-18
6.654388E+03	2.556122E-18	1.251541E-18
6.654588E+03	2.556593E-18	1.252483E-18
6.654788E+03	2.561065E-18	1.253738E-18
6.654988E+03	2.564360E-18	1.249893E-18
6.655188E+03	2.566636E-18	1.253346E-18
6.655388E+03	2.563968E-18	1.251933E-18
6.655588E+03	2.565773E-18	1.247932E-18
6.655788E+03	2.568205E-18	1.247069E-18
6.655988E+03	2.570324E-18	1.249423E-18
6.656188E+03	2.571422E-18	1.244950E-18
6.656388E+03	2.572599E-18	1.246362E-18
6.656588E+03	2.581230E-18	1.239536E-18
6.656788E+03	2.584839E-18	1.240007E-18
6.656988E+03	2.578719E-18	1.272255E-18
6.657388E+03	2.572364E-18	1.275001E-18
6.657588E+03	2.572520E-18	1.281435E-18
6.657788E+03	2.580131E-18	1.276335E-18
6.657988E+03	2.581700E-18	1.276413E-18
6.658188E+03	2.582171E-18	1.272019E-18
6.658388E+03	2.583976E-18	1.266135E-18
6.658588E+03	2.587350E-18	1.267547E-18
6.658788E+03	2.582328E-18	1.303953E-18
6.658988E+03	2.579504E-18	1.324353E-18
6.659589E+03	2.583897E-18	1.337378E-18
6.659789E+03	2.580210E-18	1.336123E-18
6.659989E+03	2.586173E-18	1.332278E-18
6.660189E+03	2.588448E-18	1.338476E-18
6.660389E+03	2.586016E-18	1.346479E-18
6.660588E+03	2.585388E-18	1.357386E-18
6.660788E+03	2.584839E-18	1.368998E-18
6.660989E+03	2.587350E-18	1.367507E-18
6.661189E+03	2.582328E-18	1.367193E-18
6.661389E+03	2.580053E-18	1.377472E-18
6.661588E+03	2.581544E-18	1.378963E-18
6.661788E+03	2.581387E-18	1.373549E-18
6.661988E+03	2.586800E-18	1.372921E-18
6.662188E+03	2.592685E-18	1.381473E-18
6.662388E+03	2.594804E-18	1.382023E-18
6.662588E+03	2.596294E-18	1.389555E-18
6.662788E+03	2.603042E-18	1.389790E-18
6.662988E+03	2.606416E-18	1.389555E-18
6.663188E+03	2.599982E-18	1.387201E-18
6.663388E+03	2.599119E-18	1.387515E-18
6.663588E+03	2.601865E-18	1.388613E-18
6.663788E+03	2.604376E-18	1.400618E-18
6.663988E+03	2.605474E-18	1.410975E-18
6.664188E+03	2.606730E-18	1.416781E-18
6.664388E+03	2.609554E-18	1.420940E-18
6.664588E+03	2.607671E-18	1.418193E-18
6.664789E+03	2.617400E-18	1.412387E-18
6.664989E+03	2.626502E-18	1.417409E-18
6.665389E+03	2.623756E-18	1.419527E-18
6.665589E+03	2.625325E-18	1.420626E-18
6.665789E+03	2.625796E-18	1.425726E-18
6.665989E+03	2.625717E-18	1.429649E-18
6.666189E+03	2.623207E-18	1.440633E-18
6.666389E+03	2.619205E-18	1.442281E-18
6.666589E+03	2.613242E-18	1.450363E-18
6.666789E+03	2.610653E-18	1.455306E-18
6.666989E+03	2.610260E-18	1.454207E-18
6.667189E+03	2.607044E-18	1.457660E-18
6.667389E+03	2.606965E-18	1.457503E-18
6.667589E+03	2.611202E-18	1.461190E-18
6.667789E+03	2.613791E-18	1.464721E-18
6.667989E+03	2.613713E-18	1.464250E-18
6.668189E+03	2.614733E-18	1.463466E-18
6.668389E+03	2.620460E-18	1.462681E-18
6.668589E+03	2.629876E-18	1.465741E-18
6.668789E+03	2.640468E-18	1.469664E-18
6.669189E+03	2.649491E-18	1.471861E-18
6.669389E+03	2.654121E-18	1.472803E-18
6.669589E+03	2.656396E-18	1.475549E-18
6.669789E+03	2.661182E-18	1.474450E-18
6.669990E+03	2.663614E-18	1.473744E-18
6.670190E+03	2.662359E-18	1.472881E-18
6.670390E+03	2.665419E-18	1.471861E-18
6.670590E+03	2.663301E-18	1.468880E-18
6.670790E+03	2.660633E-18	1.464564E-18
6.670990E+03	2.660554E-18	1.463623E-18
6.671190E+03	2.660319E-18	1.461975E-18
6.671390E+03	2.660711E-18	1.461975E-18
6.671590E+03	2.662124E-18	1.461426E-18
6.671790E+03	2.662437E-18	1.451461E-18
6.671990E+03	2.664556E-18	1.451383E-18
6.672190E+03	2.660476E-18	1.451304E-18
6.672390E+03	2.657024E-18	1.447224E-18
6.672790E+03	2.664948E-18	1.446126E-18
6.672989E+03	2.668714E-18	1.448558E-18
6.673190E+03	2.666047E-18	1.461897E-18
6.673390E+03	2.665262E-18	1.460563E-18
6.673590E+03	2.667930E-18	1.469664E-18
6.673789E+03	2.671617E-18	1.468644E-18
6.674189E+03	2.672559E-18	1.469037E-18
6.674389E+03	2.675148E-18	1.470998E-18
6.674589E+03	2.675541E-18	1.471940E-18
6.674789E+03	2.675619E-18	1.473509E-18
6.674989E+03	2.670990E-18	1.475235E-18
6.675190E+03	2.676247E-18	1.470763E-18
6.675390E+03	2.684328E-18	1.465898E-18
6.675990E+03	2.683230E-18	1.472724E-18
6.676190E+03	2.686054E-18	1.473509E-18
6.676390E+03	2.693351E-18	1.469743E-18
6.676590E+03	2.699628E-18	1.472018E-18
6.676790E+03	2.698294E-18	1.471312E-18
6.676990E+03	2.697824E-18	1.475706E-18
6.677390E+03	2.694921E-18	1.471626E-18
6.677590E+03	2.700413E-18	1.475313E-18
6.677790E+03	2.703002E-18	1.477353E-18
6.677990E+03	2.701904E-18	1.475627E-18
6.678190E+03	2.708573E-18	1.470841E-18
6.678390E+03	2.711005E-18	1.470606E-18
6.678590E+03	2.709279E-18	1.474450E-18
6.678790E+03	2.703944E-18	1.478923E-18
6.678990E+03	2.699785E-18	1.479472E-18
6.679190E+03	2.696961E-18	1.484023E-18
6.679390E+03	2.693194E-18	1.483630E-18
6.679590E+03	2.694921E-18	1.483395E-18
6.679790E+03	2.697431E-18	1.485357E-18
6.679990E+03	2.703081E-18	1.486533E-18
6.680190E+03	2.702374E-18	1.486690E-18
6.680391E+03	2.695548E-18	1.487710E-18
6.680591E+03	2.691547E-18	1.482375E-18
6.680791E+03	2.690841E-18	1.484572E-18
6.680991E+03	2.693351E-18	1.477040E-18
6.681191E+03	2.696019E-18	1.482767E-18
6.682191E+03	2.695234E-18	1.486612E-18
6.682391E+03	2.702531E-18	1.489201E-18
6.682591E+03	2.708416E-18	1.489201E-18
6.682791E+03	2.716262E-18	1.495713E-18
6.682991E+03	2.716968E-18	1.491320E-18
6.683391E+03	2.714379E-18	1.502618E-18
6.683591E+03	2.715007E-18	1.505521E-18
6.683991E+03	2.720499E-18	1.509444E-18
6.684191E+03	2.720107E-18	1.510700E-18
6.684391E+03	2.717910E-18	1.513132E-18
6.684591E+03	2.718381E-18	1.514230E-18
6.684991E+03	2.722147E-18	1.511249E-18
6.685191E+03	2.731405E-18	1.522626E-18
6.685391E+03	2.732896E-18	1.532198E-18
6.685592E+03	2.725128E-18	1.532669E-18
6.685792E+03	2.722382E-18	1.535258E-18
6.685992E+03	2.722853E-18	1.539103E-18
6.686191E+03	2.724814E-18	1.542006E-18
6.686391E+03	2.729993E-18	1.543732E-18
6.686791E+03	2.732817E-18	1.549930E-18
6.686991E+03	2.730385E-18	1.552206E-18
6.687191E+03	2.733288E-18	1.553618E-18
6.687391E+03	2.729130E-18	1.554246E-18
6.687591E+03	2.729444E-18	1.555344E-18
6.687791E+03	2.730934E-18	1.565623E-18
6.687991E+03	2.735485E-18	1.567270E-18
6.688191E+03	2.741605E-18	1.566094E-18
6.688391E+03	2.744194E-18	1.564132E-18
6.688591E+03	2.741527E-18	1.560366E-18
6.688791E+03	2.738545E-18	1.561778E-18
6.689191E+03	2.743331E-18	1.566329E-18
6.689391E+03	2.744116E-18	1.563818E-18
6.689591E+03	2.745999E-18	1.573234E-18
6.689791E+03	2.754708E-18	1.576921E-18
6.689991E+03	2.762633E-18	1.576843E-18
6.690191E+03	2.761378E-18	1.577078E-18
6.690391E+03	2.762633E-18	1.581080E-18
6.690592E+03	2.769538E-18	1.579589E-18
6.690792E+03	2.773931E-18	1.584610E-18
6.690992E+03	2.777227E-18	1.585787E-18
6.691192E+03	2.782876E-18	1.587749E-18
6.692592E+03	2.787898E-18	1.585160E-18
6.692792E+03	2.793468E-18	1.585317E-18
6.693192E+03	2.800687E-18	1.590574E-18
6.693392E+03	2.803511E-18	1.595517E-18
6.693592E+03	2.798568E-18	1.594340E-18
6.693792E+03	2.801628E-18	1.587749E-18
6.693992E+03	2.811828E-18	1.590103E-18
6.694192E+03	2.808298E-18	1.590103E-18
6.694392E+03	2.800059E-18	1.584767E-18
6.694592E+03	2.800373E-18	1.585003E-18
6.694992E+03	2.801942E-18	1.582727E-18
6.695192E+03	2.804610E-18	1.582884E-18
6.695392E+03	2.804296E-18	1.581786E-18
6.695592E+03	2.810181E-18	1.579275E-18
6.695793E+03	2.812848E-18	1.581080E-18
6.695993E+03	2.811436E-18	1.584218E-18
6.696193E+03	2.807513E-18	1.584454E-18
6.696393E+03	2.803982E-18	1.588455E-18
6.696593E+03	2.806336E-18	1.587906E-18
6.696793E+03	2.810494E-18	1.586886E-18
6.697193E+03	2.816379E-18	1.572841E-18
6.697393E+03	2.817164E-18	1.572370E-18
6.697593E+03	2.818027E-18	1.581315E-18
6.697793E+03	2.817085E-18	1.582649E-18
6.697993E+03	2.826736E-18	1.569232E-18
6.698193E+03	2.828854E-18	1.569389E-18
6.698392E+03	2.825716E-18	1.569389E-18
6.698592E+03	2.821871E-18	1.575352E-18
6.698792E+03	2.829247E-18	1.575901E-18
6.698993E+03	2.831758E-18	1.578098E-18
6.699192E+03	2.835288E-18	1.586023E-18
6.699392E+03	2.836151E-18	1.587435E-18
6.699592E+03	2.841487E-18	1.591123E-18
6.699792E+03	2.854904E-18	1.573940E-18
6.699992E+03	2.863848E-18	1.562484E-18
6.700192E+03	2.866516E-18	1.557541E-18
6.700392E+03	2.873970E-18	1.559346E-18
6.700592E+03	2.879462E-18	1.551814E-18
6.701793E+03	2.880639E-18	1.553226E-18
6.701993E+03	2.884798E-18	1.554874E-18
6.702193E+03	2.888878E-18	1.528746E-18
6.702393E+03	2.888407E-18	1.536513E-18
6.702593E+03	2.889191E-18	1.538004E-18
6.702793E+03	2.885190E-18	1.548753E-18
6.702993E+03	2.887151E-18	1.547184E-18
6.703193E+03	2.889035E-18	1.545066E-18
6.703393E+03	2.886445E-18	1.543497E-18
6.703593E+03	2.883385E-18	1.541770E-18
6.703793E+03	2.883071E-18	1.541378E-18
6.703993E+03	2.888407E-18	1.538318E-18
6.704193E+03	2.894605E-18	1.540515E-18
6.704393E+03	2.890368E-18	1.539652E-18
6.704593E+03	2.891938E-18	1.544438E-18
6.704793E+03	2.901981E-18	1.547812E-18
6.704993E+03	2.898685E-18	1.557777E-18
6.705393E+03	2.892095E-18	1.554481E-18
6.705593E+03	2.893742E-18	1.559817E-18
6.705793E+03	2.890604E-18	1.562170E-18
6.705993E+03	2.893664E-18	1.534160E-18
6.706194E+03	2.897979E-18	1.527020E-18
6.706394E+03	2.895233E-18	1.521292E-18
6.706594E+03	2.890682E-18	1.522940E-18
6.706794E+03	2.891310E-18	1.527098E-18
6.706994E+03	2.893350E-18	1.528589E-18
6.707194E+03	2.892487E-18	1.528275E-18
6.707394E+03	2.897665E-18	1.534473E-18
6.707594E+03	2.899078E-18	1.514073E-18
6.707794E+03	2.896567E-18	1.495321E-18
6.707994E+03	2.891231E-18	1.484337E-18
6.708194E+03	2.893899E-18	1.483473E-18
6.708394E+03	2.894291E-18	1.486377E-18
6.708594E+03	2.892801E-18	1.483395E-18
6.708794E+03	2.897744E-18	1.476020E-18
6.708994E+03	2.898764E-18	1.464329E-18
6.709194E+03	2.893507E-18	1.449578E-18
6.709394E+03	2.885739E-18	1.450127E-18
6.709594E+03	2.880639E-18	1.451069E-18
6.709794E+03	2.881581E-18	1.435612E-18
6.709994E+03	2.882679E-18	1.439378E-18
6.710194E+03	2.885582E-18	1.447852E-18
6.710394E+03	2.883385E-18	1.448480E-18
6.710593E+03	2.884641E-18	1.440790E-18
6.710793E+03	2.886838E-18	1.441889E-18
6.710993E+03	2.885111E-18	1.437103E-18
6.711194E+03	2.885582E-18	1.439849E-18
6.711794E+03	2.880796E-18	1.442203E-18
6.711994E+03	2.875225E-18	1.443301E-18
6.712194E+03	2.872322E-18	1.442909E-18
6.712394E+03	2.875539E-18	1.441261E-18
6.712594E+03	2.873970E-18	1.432709E-18
6.712794E+03	2.875461E-18	1.421803E-18
6.712994E+03	2.871459E-18	1.419370E-18
6.713194E+03	2.866751E-18	1.416153E-18
6.713394E+03	2.861495E-18	1.415604E-18
6.713594E+03	2.855061E-18	1.414898E-18
6.713794E+03	2.847921E-18	1.412623E-18
6.713994E+03	2.840467E-18	1.412073E-18
6.714194E+03	2.832699E-18	1.417409E-18
6.714394E+03	2.824618E-18	1.410190E-18
6.714594E+03	2.815673E-18	1.405796E-18
6.714794E+03	2.806336E-18	1.396773E-18
6.715194E+03	2.796450E-18	1.396773E-18
6.715394E+03	2.786171E-18	1.386103E-18
6.715594E+03	2.776834E-18	1.385946E-18
6.715794E+03	2.775579E-18	1.392536E-18
6.715994E+03	2.773304E-18	1.390889E-18
6.716194E+03	2.768674E-18	1.389869E-18
6.716795E+03	2.762947E-18	1.384690E-18
6.716995E+03	2.752511E-18	1.373627E-18
6.717195E+03	2.747254E-18	1.374412E-18
6.717395E+03	2.751178E-18	1.388064E-18
6.717595E+03	2.749216E-18	1.394341E-18
6.717795E+03	2.749451E-18	1.390026E-18
6.717995E+03	2.751021E-18	1.388849E-18
6.718195E+03	2.749530E-18	1.385161E-18
6.718395E+03	2.750314E-18	1.384612E-18
6.718595E+03	2.745371E-18	1.387280E-18
6.718995E+03	2.738467E-18	1.399363E-18
6.719195E+03	2.731484E-18	1.399127E-18
6.719395E+03	2.736191E-18	1.399520E-18
6.719795E+03	2.743959E-18	1.399833E-18
6.719995E+03	2.742861E-18	1.399755E-18
6.720195E+03	2.744979E-18	1.399755E-18
6.720395E+03	2.738074E-18	1.399755E-18
6.720595E+03	2.735171E-18	1.399520E-18
6.720795E+03	2.729757E-18	1.399441E-18
6.721195E+03	2.733837E-18	1.399990E-18
6.721395E+03	2.736976E-18	1.400069E-18
6.721596E+03	2.734073E-18	1.401952E-18
6.721796E+03	2.728110E-18	1.402266E-18
6.721996E+03	2.721519E-18	1.402187E-18
6.722196E+03	2.716890E-18	1.402344E-18
6.722396E+03	2.717361E-18	1.399598E-18
6.722796E+03	2.716654E-18	1.392772E-18
6.722995E+03	2.710691E-18	1.401089E-18
6.723195E+03	2.712888E-18	1.393164E-18
6.723395E+03	2.714850E-18	1.394263E-18
6.723596E+03	2.712182E-18	1.394420E-18
6.723796E+03	2.706847E-18	1.392066E-18
6.723995E+03	2.700884E-18	1.390340E-18
6.724195E+03	2.697824E-18	1.384926E-18
6.724395E+03	2.697902E-18	1.382807E-18
6.724595E+03	2.694528E-18	1.381630E-18
6.724795E+03	2.697902E-18	1.378649E-18
6.724995E+03	2.695470E-18	1.372529E-18
6.725195E+03	2.695391E-18	1.373235E-18
6.725395E+03	2.688879E-18	1.376530E-18
6.725595E+03	2.680091E-18	1.373784E-18
6.725795E+03	2.676953E-18	1.374333E-18
6.725995E+03	2.673814E-18	1.370175E-18
6.726195E+03	2.672245E-18	1.373392E-18
6.726395E+03	2.669342E-18	1.369233E-18
6.726595E+03	2.670519E-18	1.366409E-18
6.726796E+03	2.665811E-18	1.364604E-18
6.726996E+03	2.656161E-18	1.366330E-18
6.727196E+03	2.656788E-18	1.372529E-18
6.727396E+03	2.652316E-18	1.368449E-18
6.727596E+03	2.651688E-18	1.371980E-18
6.727796E+03	2.652237E-18	1.370960E-18
6.727996E+03	2.652473E-18	1.368370E-18
6.728196E+03	2.652944E-18	1.364996E-18
6.728596E+03	2.654356E-18	1.365938E-18
6.728796E+03	2.653493E-18	1.361780E-18
6.728996E+03	2.654513E-18	1.364918E-18
6.729196E+03	2.658201E-18	1.364212E-18
6.729396E+03	2.660476E-18	1.365546E-18
6.729596E+03	2.656553E-18	1.369390E-18
6.729796E+03	2.648314E-18	1.367664E-18
6.730196E+03	2.640311E-18	1.373941E-18
6.730396E+03	2.640233E-18	1.365546E-18
6.730596E+03	2.643999E-18	1.361780E-18
6.730796E+03	2.642744E-18	1.363663E-18
6.730996E+03	2.642587E-18	1.364369E-18
6.731196E+03	2.637408E-18	1.352600E-18
6.731396E+03	2.633328E-18	1.354247E-18
6.731596E+03	2.632700E-18	1.342556E-18
6.731997E+03	2.635760E-18	1.348206E-18
6.732197E+03	2.638820E-18	1.341066E-18
6.732397E+03	2.634897E-18	1.340124E-18
6.732597E+03	2.628934E-18	1.341615E-18
6.732797E+03	2.622344E-18	1.339575E-18
6.732997E+03	2.610967E-18	1.339575E-18
6.733197E+03	2.610182E-18	1.327256E-18
6.733397E+03	2.611516E-18	1.308818E-18
6.733597E+03	2.613948E-18	1.311564E-18
6.733797E+03	2.609319E-18	1.308896E-18
6.733997E+03	2.599197E-18	1.302776E-18
6.734197E+03	2.593784E-18	1.298147E-18
6.734397E+03	2.585780E-18	1.297363E-18
6.734597E+03	2.576444E-18	1.291321E-18
6.734797E+03	2.571814E-18	1.291007E-18
6.734997E+03	2.571187E-18	1.289046E-18
6.735197E+03	2.573070E-18	1.283946E-18
6.735396E+03	2.568597E-18	1.289909E-18
6.735596E+03	2.564204E-18	1.280336E-18
6.735797E+03	2.556593E-18	1.277669E-18
6.735997E+03	2.552199E-18	1.281278E-18
6.736197E+03	2.548433E-18	1.284573E-18
6.736396E+03	2.545294E-18	1.284966E-18
6.736596E+03	2.542627E-18	1.274844E-18
6.736796E+03	2.535016E-18	1.267547E-18
6.736996E+03	2.539567E-18	1.278296E-18
6.737397E+03	2.537840E-18	1.270293E-18
6.737597E+03	2.533525E-18	1.268253E-18
6.737797E+03	2.529053E-18	1.268803E-18
6.737997E+03	2.526934E-18	1.269979E-18
6.738197E+03	2.524188E-18	1.265978E-18
6.738397E+03	2.519088E-18	1.267312E-18
6.738597E+03	2.518303E-18	1.258367E-18
6.738797E+03	2.512419E-18	1.262526E-18
6.738997E+03	2.509987E-18	1.257347E-18
6.739197E+03	2.509045E-18	1.257504E-18
6.739397E+03	2.504416E-18	1.254758E-18
6.739597E+03	2.500257E-18	1.248952E-18
6.739797E+03	2.494922E-18	1.250207E-18
6.739997E+03	2.488959E-18	1.250756E-18
6.740197E+03	2.485977E-18	1.250756E-18
6.740397E+03	2.485507E-18	1.246519E-18
6.740597E+03	2.486291E-18	1.251463E-18
6.740797E+03	2.482447E-18	1.270372E-18
6.740997E+03	2.477268E-18	1.281513E-18
6.741197E+03	2.478053E-18	1.290223E-18
6.741397E+03	2.478916E-18	1.294459E-18
6.741597E+03	2.476327E-18	1.291164E-18
6.741797E+03	2.474443E-18	1.290379E-18
6.741997E+03	2.469736E-18	1.289595E-18
6.742197E+03	2.464479E-18	1.280258E-18
6.742398E+03	2.461890E-18	1.278610E-18
6.742598E+03	2.463851E-18	1.272647E-18
6.742798E+03	2.461340E-18	1.270921E-18
6.742998E+03	2.453259E-18	1.274923E-18
6.743198E+03	2.451925E-18	1.275786E-18
6.743398E+03	2.448865E-18	1.275786E-18
6.743598E+03	2.448394E-18	1.263467E-18
6.743798E+03	2.449571E-18	1.264566E-18
6.743998E+03	2.445334E-18	1.266606E-18
6.744198E+03	2.443451E-18	1.268803E-18
6.744398E+03	2.447217E-18	1.267233E-18
6.744598E+03	2.448316E-18	1.264252E-18
6.744798E+03	2.445805E-18	1.270921E-18
6.744998E+03	2.441960E-18	1.269273E-18
6.745198E+03	2.441333E-18	1.259701E-18
6.745398E+03	2.440470E-18	1.257426E-18
6.745598E+03	2.435919E-18	1.254287E-18
6.745798E+03	2.429014E-18	1.254679E-18
6.746198E+03	2.428465E-18	1.255072E-18
6.746398E+03	2.426346E-18	1.255543E-18
6.746598E+03	2.424463E-18	1.247775E-18
6.746798E+03	2.421796E-18	1.251227E-18
6.746998E+03	2.418736E-18	1.249893E-18
6.747198E+03	2.418186E-18	1.246676E-18
6.747798E+03	2.414970E-18	1.247069E-18
6.747998E+03	2.409320E-18	1.240949E-18
6.748199E+03	2.409948E-18	1.240007E-18
6.748399E+03	2.410026E-18	1.221333E-18
6.748599E+03	2.407516E-18	1.221412E-18
6.749198E+03	2.410262E-18	1.221882E-18
6.749398E+03	2.410811E-18	1.225335E-18
6.749598E+03	2.411674E-18	1.226904E-18
6.749798E+03	2.404848E-18	1.225335E-18
6.749998E+03	2.410340E-18	1.218038E-18
6.750598E+03	2.414185E-18	1.212389E-18
6.750998E+03	2.409556E-18	1.216233E-18
6.751198E+03	2.404691E-18	1.211290E-18
6.751398E+03	2.397943E-18	1.205170E-18
6.751598E+03	2.397708E-18	1.190969E-18
6.751798E+03	2.395276E-18	1.191047E-18
6.751998E+03	2.389862E-18	1.187987E-18
6.752198E+03	2.386802E-18	1.187124E-18
6.752398E+03	2.384291E-18	1.187124E-18
6.752599E+03	2.382330E-18	1.192302E-18
6.752799E+03	2.378485E-18	1.192459E-18
6.752999E+03	2.378014E-18	1.198344E-18
6.753199E+03	2.380682E-18	1.194264E-18
6.753399E+03	2.377936E-18	1.193636E-18
6.753599E+03	2.380603E-18	1.194578E-18
6.753799E+03	2.383977E-18	1.184849E-18
6.753999E+03	2.381545E-18	1.172373E-18
6.754199E+03	2.382094E-18	1.171432E-18
6.754399E+03	2.384056E-18	1.177316E-18
6.754599E+03	2.383193E-18	1.182966E-18
6.754799E+03	2.383428E-18	1.177159E-18
6.755399E+03	2.378877E-18	1.175355E-18
6.755599E+03	2.375503E-18	1.180612E-18
6.755799E+03	2.378014E-18	1.181004E-18
6.755999E+03	2.377386E-18	1.180847E-18
6.756199E+03	2.378014E-18	1.177002E-18
6.756399E+03	2.373699E-18	1.175747E-18
6.756599E+03	2.372130E-18	1.176296E-18
6.756799E+03	2.367657E-18	1.169862E-18
6.756999E+03	2.367265E-18	1.158564E-18
6.757199E+03	2.366402E-18	1.161153E-18
6.757399E+03	2.370090E-18	1.162566E-18
6.757599E+03	2.368363E-18	1.161232E-18
6.757800E+03	2.371266E-18	1.159506E-18
6.758000E+03	2.369933E-18	1.156132E-18
6.758200E+03	2.365146E-18	1.153935E-18
6.758400E+03	2.365696E-18	1.156367E-18
6.758600E+03	2.370560E-18	1.159192E-18
6.758800E+03	2.370560E-18	1.159035E-18
6.759000E+03	2.365068E-18	1.153307E-18
6.759200E+03	2.360910E-18	1.157073E-18
6.759400E+03	2.361616E-18	1.152522E-18
6.759600E+03	2.364597E-18	1.155190E-18
6.759800E+03	2.360910E-18	1.155661E-18
6.760000E+03	2.357457E-18	1.156602E-18
6.760400E+03	2.348983E-18	1.159270E-18
6.760600E+03	2.347806E-18	1.157152E-18
6.760800E+03	2.352436E-18	1.154719E-18
6.760999E+03	2.355025E-18	1.154719E-18
6.761199E+03	2.348670E-18	1.160290E-18
6.761400E+03	2.351730E-18	1.156681E-18
6.761599E+03	2.355810E-18	1.151267E-18
6.761799E+03	2.357928E-18	1.150482E-18
6.761999E+03	2.349846E-18	1.144676E-18
6.762199E+03	2.347728E-18	1.137772E-18
6.762399E+03	2.350003E-18	1.136516E-18
6.762599E+03	2.344668E-18	1.138792E-18
6.763000E+03	2.334939E-18	1.138007E-18
6.763200E+03	2.327014E-18	1.138007E-18
6.763400E+03	2.323169E-18	1.144676E-18
6.763600E+03	2.323876E-18	1.129612E-18
6.763800E+03	2.325053E-18	1.130632E-18
6.764000E+03	2.324503E-18	1.130710E-18
6.764200E+03	2.322699E-18	1.130161E-18
6.764400E+03	2.321993E-18	1.137929E-18
6.764600E+03	2.325994E-18	1.137929E-18
6.764800E+03	2.327249E-18	1.130475E-18
6.765000E+03	2.327171E-18	1.122785E-18
6.765400E+03	2.335174E-18	1.126159E-18
6.765600E+03	2.342549E-18	1.125061E-18
6.765800E+03	2.345531E-18	1.124982E-18
6.766000E+03	2.344511E-18	1.126395E-18
6.766200E+03	2.348591E-18	1.126316E-18
6.766400E+03	2.350866E-18	1.126630E-18
6.766600E+03	2.349690E-18	1.130004E-18
6.766800E+03	2.354476E-18	1.133142E-18
6.767000E+03	2.351416E-18	1.132985E-18
6.767200E+03	2.341529E-18	1.132985E-18
6.767400E+03	2.337606E-18	1.130867E-18
6.767600E+03	2.333056E-18	1.130710E-18
6.767800E+03	2.327406E-18	1.130396E-18
6.768401E+03	2.318226E-18	1.136202E-18
6.768601E+03	2.317834E-18	1.136202E-18
6.768801E+03	2.321129E-18	1.128199E-18
6.769001E+03	2.319325E-18	1.121216E-18
6.769401E+03	2.322542E-18	1.127807E-18
6.769601E+03	2.328034E-18	1.127258E-18
6.769801E+03	2.333056E-18	1.126316E-18
6.770001E+03	2.335802E-18	1.126081E-18
6.770201E+03	2.330388E-18	1.132358E-18
6.770401E+03	2.320580E-18	1.156132E-18
6.770601E+03	2.312028E-18	1.169706E-18
6.770801E+03	2.304496E-18	1.175433E-18
6.771001E+03	2.299396E-18	1.176689E-18
6.771201E+03	2.290216E-18	1.185319E-18
6.771401E+03	2.286763E-18	1.192302E-18
6.771601E+03	2.281977E-18	1.196382E-18
6.771801E+03	2.279545E-18	1.196069E-18
6.772001E+03	2.278917E-18	1.200462E-18
6.772201E+03	2.275700E-18	1.203758E-18
6.772401E+03	2.269659E-18	1.201953E-18
6.772601E+03	2.274053E-18	1.209093E-18
6.772801E+03	2.279780E-18	1.222589E-18
6.773001E+03	2.282448E-18	1.222039E-18
6.773200E+03	2.279623E-18	1.224236E-18
6.773401E+03	2.276877E-18	1.217881E-18
6.773601E+03	2.280173E-18	1.225727E-18
6.773801E+03	2.283389E-18	1.218509E-18
6.774002E+03	2.285116E-18	1.214272E-18
6.774201E+03	2.282683E-18	1.207132E-18
6.774401E+03	2.277505E-18	1.214821E-18
6.774601E+03	2.284174E-18	1.217646E-18
6.774801E+03	2.294609E-18	1.216155E-18
6.775001E+03	2.293433E-18	1.213095E-18
6.775201E+03	2.294531E-18	1.216782E-18
6.775401E+03	2.289666E-18	1.212389E-18
6.775601E+03	2.282919E-18	1.213566E-18
6.775801E+03	2.282605E-18	1.212781E-18
6.776001E+03	2.277897E-18	1.205484E-18
6.776201E+03	2.279309E-18	1.202346E-18
6.776401E+03	2.280329E-18	1.205562E-18
6.776601E+03	2.287313E-18	1.199442E-18
6.776801E+03	2.291314E-18	1.201326E-18
6.777001E+03	2.281193E-18	1.205484E-18
6.777201E+03	2.268325E-18	1.200619E-18
6.777401E+03	2.255693E-18	1.201012E-18
6.777601E+03	2.253339E-18	1.191126E-18
6.778001E+03	2.262833E-18	1.188379E-18
6.778201E+03	2.272562E-18	1.189399E-18
6.778402E+03	2.270600E-18	1.187359E-18
6.778602E+03	2.271228E-18	1.189399E-18
6.778802E+03	2.266285E-18	1.190733E-18
6.779002E+03	2.261656E-18	1.194578E-18
6.779202E+03	2.255300E-18	1.197952E-18
6.779402E+03	2.241726E-18	1.193479E-18
6.779602E+03	2.231605E-18	1.188615E-18
6.779802E+03	2.224936E-18	1.188144E-18
6.780002E+03	2.221248E-18	1.188536E-18
6.780202E+03	2.220620E-18	1.187987E-18
6.780402E+03	2.217403E-18	1.188301E-18
6.780602E+03	2.217168E-18	1.194342E-18
6.780802E+03	2.213951E-18	1.195676E-18
6.781002E+03	2.209479E-18	1.195676E-18
6.781202E+03	2.209243E-18	1.186496E-18
6.781402E+03	2.207046E-18	1.190655E-18
6.781602E+03	2.201554E-18	1.192224E-18
6.781802E+03	2.192452E-18	1.191204E-18
6.782002E+03	2.183822E-18	1.189007E-18
6.782202E+03	2.188529E-18	1.191047E-18
6.782402E+03	2.190491E-18	1.194186E-18
6.782802E+03	2.191589E-18	1.194970E-18
6.783002E+03	2.195748E-18	1.186889E-18
6.783202E+03	2.201632E-18	1.186418E-18
6.783402E+03	2.203829E-18	1.188144E-18
6.783603E+03	2.204379E-18	1.190812E-18
6.783803E+03	2.199592E-18	1.191361E-18
6.784003E+03	2.198886E-18	1.193636E-18
6.784203E+03	2.199749E-18	1.194107E-18
6.784403E+03	2.197082E-18	1.194186E-18
6.784603E+03	2.188294E-18	1.188066E-18
6.784803E+03	2.190726E-18	1.188379E-18
6.785003E+03	2.194414E-18	1.188929E-18
6.785203E+03	2.194728E-18	1.187202E-18
6.785403E+03	2.190805E-18	1.187359E-18
6.785602E+03	2.193943E-18	1.184849E-18
6.785802E+03	2.200769E-18	1.184613E-18
6.786002E+03	2.198808E-18	1.183986E-18
6.786403E+03	2.201632E-18	1.183672E-18
6.786602E+03	2.204536E-18	1.178729E-18
6.786802E+03	2.203359E-18	1.158721E-18
6.787002E+03	2.200142E-18	1.147501E-18
6.787202E+03	2.194257E-18	1.138792E-18
6.787402E+03	2.199436E-18	1.127101E-18
6.787602E+03	2.208772E-18	1.128749E-18
6.787802E+03	2.204222E-18	1.133064E-18
6.788002E+03	2.201319E-18	1.134162E-18
6.788202E+03	2.201005E-18	1.134555E-18
6.788402E+03	2.200691E-18	1.149070E-18
6.788602E+03	2.197160E-18	1.146952E-18
6.788803E+03	2.194022E-18	1.146481E-18
6.789003E+03	2.193002E-18	1.142244E-18
6.789203E+03	2.190883E-18	1.136752E-18
6.789403E+03	2.190805E-18	1.138085E-18
6.789603E+03	2.189706E-18	1.137929E-18
6.789803E+03	2.189236E-18	1.135339E-18
6.790003E+03	2.187039E-18	1.133770E-18
6.790203E+03	2.183508E-18	1.132122E-18
6.790403E+03	2.179899E-18	1.132122E-18
6.790603E+03	2.177074E-18	1.126865E-18
6.790803E+03	2.177309E-18	1.118705E-18
6.791003E+03	2.175819E-18	1.122236E-18
6.791203E+03	2.177545E-18	1.125767E-18
6.791403E+03	2.178251E-18	1.139733E-18
6.791603E+03	2.174171E-18	1.148050E-18
6.791803E+03	2.172759E-18	1.147265E-18
6.792003E+03	2.166796E-18	1.146952E-18
6.792203E+03	2.167031E-18	1.146402E-18
6.792403E+03	2.174171E-18	1.146638E-18
6.792603E+03	2.183116E-18	1.143421E-18
6.792803E+03	2.181703E-18	1.147422E-18
6.793003E+03	2.179742E-18	1.153542E-18
6.793203E+03	2.182802E-18	1.152366E-18
6.793403E+03	2.185862E-18	1.148992E-18
6.793603E+03	2.182017E-18	1.150875E-18
6.793803E+03	2.183586E-18	1.150169E-18
6.794204E+03	2.185705E-18	1.158172E-18
6.794404E+03	2.181546E-18	1.160682E-18
6.794604E+03	2.182723E-18	1.156995E-18
6.794804E+03	2.190726E-18	1.156838E-18
6.795004E+03	2.194414E-18	1.156681E-18
6.795404E+03	2.194022E-18	1.154719E-18
6.795604E+03	2.190962E-18	1.160918E-18
6.795804E+03	2.195120E-18	1.156681E-18
6.796004E+03	2.193551E-18	1.160133E-18
6.796204E+03	2.193629E-18	1.159113E-18
6.796404E+03	2.187274E-18	1.159035E-18
6.796604E+03	2.179742E-18	1.160604E-18
6.796804E+03	2.184292E-18	1.158015E-18
6.797004E+03	2.188372E-18	1.156759E-18
6.797204E+03	2.183822E-18	1.156838E-18
6.797404E+03	2.182566E-18	1.151659E-18
6.797604E+03	2.184528E-18	1.172452E-18
6.797803E+03	2.184214E-18	1.166018E-18
6.798003E+03	2.190805E-18	1.174178E-18
6.798203E+03	2.190491E-18	1.180141E-18
6.798404E+03	2.188216E-18	1.179435E-18
6.798604E+03	2.196376E-18	1.183515E-18
6.798803E+03	2.204143E-18	1.189086E-18
6.799003E+03	2.210577E-18	1.190655E-18
6.799204E+03	2.210499E-18	1.184299E-18
6.799404E+03	2.205712E-18	1.177787E-18
6.799604E+03	2.198808E-18	1.179199E-18
6.799804E+03	2.201632E-18	1.177473E-18
6.800004E+03	2.204614E-18	1.177630E-18
6.800204E+03	2.206026E-18	1.179984E-18
6.800404E+03	2.211754E-18	1.181867E-18
6.800604E+03	2.214579E-18	1.186889E-18
6.800804E+03	2.212068E-18	1.187124E-18
6.801204E+03	2.211283E-18	1.196226E-18
6.801404E+03	2.201476E-18	1.191989E-18
6.801604E+03	2.195826E-18	1.195833E-18
6.801804E+03	2.202574E-18	1.192773E-18
6.802004E+03	2.201397E-18	1.191596E-18
6.802204E+03	2.200142E-18	1.192852E-18
6.802404E+03	2.201946E-18	1.202502E-18
6.802604E+03	2.197788E-18	1.207524E-18
6.802804E+03	2.194257E-18	1.215449E-18
6.803004E+03	2.200769E-18	1.207602E-18
6.803204E+03	2.195826E-18	1.205562E-18
6.803404E+03	2.192766E-18	1.211839E-18
6.803604E+03	2.203594E-18	1.215684E-18
6.803804E+03	2.212617E-18	1.212232E-18
6.804004E+03	2.212146E-18	1.215684E-18
6.804205E+03	2.210263E-18	1.212546E-18
6.804405E+03	2.214186E-18	1.211447E-18
6.804605E+03	2.209636E-18	1.207289E-18
6.804805E+03	2.203123E-18	1.204778E-18
6.805005E+03	2.199592E-18	1.205013E-18
6.805205E+03	2.199592E-18	1.201561E-18
6.805405E+03	2.201240E-18	1.201953E-18
6.805605E+03	2.201632E-18	1.198422E-18
6.805805E+03	2.203594E-18	1.199678E-18
6.806005E+03	2.197709E-18	1.199364E-18
6.806205E+03	2.198651E-18	1.199678E-18
6.806405E+03	2.200769E-18	1.199835E-18
6.806605E+03	2.197945E-18	1.199835E-18
6.806805E+03	2.198808E-18	1.198579E-18
6.807005E+03	2.194336E-18	1.196147E-18
6.807205E+03	2.192766E-18	1.196069E-18
6.807805E+03	2.192923E-18	1.196069E-18
6.808005E+03	2.192139E-18	1.188615E-18
6.808205E+03	2.193472E-18	1.188772E-18
6.808405E+03	2.193551E-18	1.183593E-18
6.808605E+03	2.189000E-18	1.183750E-18
6.808805E+03	2.179899E-18	1.181004E-18
6.809005E+03	2.177545E-18	1.177002E-18
6.809205E+03	2.182331E-18	1.176846E-18
6.809406E+03	2.178094E-18	1.180769E-18
6.809606E+03	2.175034E-18	1.176846E-18
6.809806E+03	2.181311E-18	1.176061E-18
6.810006E+03	2.179585E-18	1.176218E-18
6.810605E+03	2.188216E-18	1.175355E-18
6.810806E+03	2.189628E-18	1.177630E-18
6.811006E+03	2.191668E-18	1.183279E-18
6.811206E+03	2.191197E-18	1.183436E-18
6.811405E+03	2.192452E-18	1.181710E-18
6.811605E+03	2.190099E-18	1.182024E-18
6.811805E+03	2.191825E-18	1.185633E-18
6.812205E+03	2.198259E-18	1.185555E-18
6.812405E+03	2.201946E-18	1.185555E-18
6.812605E+03	2.197239E-18	1.186026E-18
6.812805E+03	2.190962E-18	1.186653E-18
6.813005E+03	2.187274E-18	1.180612E-18
6.813205E+03	2.183979E-18	1.181161E-18
6.813605E+03	2.178722E-18	1.179749E-18
6.813805E+03	2.187588E-18	1.177709E-18
6.814005E+03	2.187196E-18	1.171196E-18
6.814205E+03	2.189000E-18	1.171746E-18
6.814405E+03	2.193472E-18	1.171589E-18
6.814606E+03	2.190177E-18	1.172373E-18
6.814806E+03	2.190883E-18	1.167195E-18
6.815006E+03	2.186176E-18	1.152130E-18
6.815206E+03	2.187352E-18	1.140989E-18
6.815406E+03	2.191903E-18	1.133535E-18
6.815606E+03	2.185156E-18	1.133535E-18
6.815806E+03	2.183743E-18	1.122864E-18
6.816006E+03	2.191276E-18	1.119098E-18
6.816206E+03	2.189392E-18	1.110938E-18
6.816406E+03	2.185548E-18	1.112429E-18
6.816606E+03	2.185940E-18	1.108035E-18
6.816806E+03	2.183586E-18	1.103170E-18
6.817006E+03	2.171974E-18	1.101915E-18
6.817206E+03	2.176917E-18	1.093676E-18
6.817406E+03	2.174014E-18	1.086379E-18
6.817606E+03	2.171974E-18	1.086615E-18
6.817806E+03	2.168208E-18	1.083084E-18
6.818006E+03	2.169463E-18	1.083790E-18
6.818206E+03	2.167266E-18	1.082456E-18
6.818406E+03	2.164912E-18	1.081201E-18
6.818606E+03	2.160911E-18	1.089518E-18
6.818806E+03	2.159969E-18	1.088812E-18
6.819006E+03	2.162245E-18	1.087478E-18
6.819206E+03	2.153692E-18	1.082849E-18
6.819406E+03	2.150711E-18	1.085438E-18
6.819606E+03	2.157302E-18	1.082927E-18
6.820007E+03	2.158871E-18	1.079867E-18
6.820207E+03	2.153849E-18	1.083712E-18
6.820407E+03	2.152045E-18	1.074610E-18
6.820607E+03	2.153614E-18	1.074767E-18
6.821007E+03	2.152437E-18	1.074375E-18
6.821207E+03	2.158557E-18	1.074924E-18
6.821407E+03	2.159577E-18	1.072178E-18
6.821607E+03	2.155732E-18	1.071864E-18
6.821807E+03	2.157616E-18	1.068647E-18
6.822007E+03	2.163265E-18	1.065822E-18
6.822207E+03	2.171425E-18	1.075316E-18
6.822407E+03	2.172837E-18	1.082221E-18
6.822607E+03	2.180605E-18	1.083241E-18
6.822806E+03	2.185783E-18	1.084418E-18
6.823007E+03	2.191197E-18	1.084575E-18
6.823207E+03	2.193394E-18	1.079082E-18
6.823407E+03	2.195591E-18	1.075630E-18
6.823606E+03	2.198572E-18	1.075709E-18
6.823806E+03	2.205556E-18	1.069981E-18
6.824006E+03	2.208145E-18	1.073198E-18
6.824206E+03	2.208145E-18	1.078612E-18
6.824406E+03	2.212774E-18	1.079710E-18
6.824606E+03	2.215128E-18	1.089832E-18
6.824806E+03	2.215912E-18	1.091244E-18
6.825007E+03	2.220777E-18	1.092892E-18
6.825207E+03	2.226976E-18	1.089282E-18
6.825407E+03	2.225642E-18	1.081515E-18
6.825607E+03	2.226269E-18	1.078847E-18
6.825807E+03	2.230585E-18	1.082927E-18
6.826007E+03	2.231840E-18	1.083476E-18
6.826207E+03	2.232154E-18	1.091479E-18
6.826407E+03	2.233174E-18	1.090773E-18
6.826607E+03	2.236862E-18	1.089989E-18
6.826807E+03	2.236862E-18	1.090224E-18
6.827007E+03	2.240549E-18	1.087949E-18
6.827207E+03	2.243609E-18	1.087713E-18
6.827407E+03	2.245492E-18	1.085124E-18
6.828007E+03	2.249416E-18	1.082378E-18
6.828207E+03	2.248082E-18	1.081436E-18
6.828407E+03	2.246905E-18	1.080887E-18
6.828607E+03	2.252789E-18	1.080181E-18
6.829007E+03	2.252789E-18	1.077905E-18
6.829207E+03	2.252240E-18	1.083947E-18
6.829407E+03	2.255457E-18	1.087713E-18
6.830007E+03	2.264794E-18	1.099012E-18
6.830208E+03	2.272640E-18	1.103955E-18
6.830408E+03	2.270757E-18	1.111016E-18
6.830608E+03	2.270914E-18	1.111722E-18
6.831008E+03	2.269423E-18	1.120039E-18
6.831208E+03	2.269188E-18	1.120510E-18
6.831408E+03	2.267383E-18	1.127729E-18
6.831608E+03	2.271071E-18	1.129769E-18
6.831808E+03	2.273346E-18	1.129925E-18
6.832008E+03	2.266442E-18	1.131652E-18
6.832208E+03	2.264402E-18	1.131495E-18
6.832408E+03	2.267619E-18	1.137850E-18
6.832608E+03	2.269816E-18	1.137065E-18
6.833008E+03	2.275151E-18	1.135261E-18
6.833208E+03	2.277897E-18	1.132985E-18
6.833408E+03	2.271777E-18	1.131652E-18
6.833608E+03	2.263931E-18	1.127258E-18
6.833808E+03	2.265343E-18	1.130475E-18
6.834008E+03	2.270993E-18	1.137615E-18
6.835209E+03	2.274837E-18	1.123492E-18
6.835408E+03	2.282840E-18	1.124433E-18
6.835609E+03	2.286685E-18	1.124512E-18
6.835809E+03	2.288411E-18	1.124433E-18
6.836008E+03	2.287626E-18	1.128670E-18
6.836208E+03	2.292256E-18	1.129612E-18
6.836408E+03	2.295002E-18	1.129769E-18
6.836608E+03	2.298297E-18	1.129769E-18
6.836808E+03	2.304731E-18	1.130239E-18
6.837008E+03	2.304103E-18	1.137379E-18
6.837208E+03	2.305045E-18	1.147501E-18
6.837408E+03	2.305673E-18	1.149149E-18
6.837608E+03	2.311636E-18	1.147501E-18
6.837808E+03	2.314303E-18	1.145304E-18
6.838008E+03	2.315951E-18	1.140518E-18
6.838208E+03	2.315716E-18	1.135261E-18
6.838408E+03	2.311400E-18	1.140675E-18
6.838608E+03	2.313283E-18	1.143656E-18
6.838808E+03	2.319639E-18	1.146481E-18
6.839008E+03	2.320737E-18	1.157387E-18
6.839208E+03	2.323483E-18	1.158486E-18
6.839408E+03	2.322071E-18	1.159349E-18
6.839608E+03	2.324268E-18	1.159113E-18
6.839808E+03	2.321679E-18	1.151189E-18
6.840008E+03	2.316657E-18	1.156053E-18
6.840208E+03	2.320816E-18	1.159506E-18
6.840409E+03	2.328269E-18	1.156759E-18
6.840609E+03	2.331251E-18	1.181161E-18
6.840809E+03	2.332428E-18	1.172609E-18
6.841009E+03	2.335409E-18	1.171510E-18
6.841209E+03	2.344119E-18	1.172373E-18
6.841409E+03	2.346473E-18	1.173864E-18
6.841609E+03	2.345923E-18	1.177002E-18
6.842809E+03	2.351573E-18	1.177630E-18
6.843009E+03	2.352043E-18	1.171196E-18
6.843209E+03	2.352985E-18	1.171275E-18
6.843409E+03	2.354005E-18	1.168450E-18
6.843609E+03	2.358634E-18	1.169706E-18
6.843809E+03	2.361694E-18	1.178022E-18
6.844009E+03	2.365617E-18	1.177395E-18
6.844209E+03	2.367343E-18	1.177159E-18
6.844409E+03	2.367343E-18	1.196932E-18
6.844609E+03	2.365225E-18	1.224864E-18
6.844809E+03	2.361851E-18	1.225256E-18
6.845009E+03	2.358713E-18	1.208466E-18
6.845209E+03	2.361145E-18	1.221647E-18
6.845409E+03	2.363970E-18	1.212624E-18
6.845610E+03	2.368363E-18	1.209250E-18
6.845810E+03	2.363106E-18	1.214507E-18
6.846010E+03	2.358163E-18	1.211290E-18
6.846210E+03	2.360831E-18	1.209093E-18
6.846410E+03	2.362793E-18	1.229101E-18
6.846610E+03	2.359576E-18	1.231219E-18
6.846810E+03	2.359262E-18	1.231769E-18
6.847010E+03	2.364048E-18	1.234672E-18
6.847210E+03	2.367343E-18	1.242126E-18
6.847410E+03	2.375817E-18	1.238281E-18
6.847610E+03	2.373463E-18	1.270686E-18
6.847810E+03	2.370874E-18	1.290379E-18
6.848010E+03	2.374326E-18	1.293361E-18
6.848209E+03	2.375582E-18	1.320587E-18
6.848409E+03	2.382016E-18	1.317527E-18
6.848609E+03	2.385311E-18	1.325923E-18
6.848810E+03	2.387900E-18	1.330552E-18
6.849009E+03	2.391353E-18	1.337299E-18
6.849209E+03	2.399199E-18	1.343890E-18
6.849409E+03	2.397237E-18	1.347264E-18
6.849609E+03	2.396217E-18	1.344361E-18
6.849809E+03	2.394491E-18	1.345303E-18
6.850009E+03	2.393157E-18	1.342007E-18
6.850209E+03	2.392216E-18	1.345930E-18
6.850409E+03	2.394726E-18	1.350089E-18
6.850609E+03	2.394726E-18	1.348598E-18
6.850810E+03	2.399277E-18	1.349069E-18
6.851010E+03	2.404613E-18	1.352443E-18
6.851210E+03	2.405868E-18	1.352600E-18
6.851410E+03	2.405005E-18	1.353698E-18
6.851610E+03	2.405633E-18	1.356287E-18
6.851810E+03	2.411910E-18	1.356523E-18
6.852010E+03	2.413557E-18	1.355738E-18
6.852210E+03	2.414342E-18	1.355503E-18
6.852410E+03	2.409085E-18	1.353070E-18
6.852610E+03	2.406888E-18	1.353306E-18
6.852810E+03	2.413008E-18	1.360210E-18
6.853410E+03	2.411753E-18	1.361387E-18
6.853610E+03	2.412930E-18	1.360603E-18
6.853810E+03	2.421168E-18	1.366330E-18
6.854010E+03	2.423208E-18	1.375510E-18
6.854210E+03	2.429720E-18	1.375510E-18
6.854610E+03	2.439371E-18	1.379590E-18
6.854810E+03	2.439685E-18	1.394027E-18
6.855010E+03	2.442902E-18	1.400696E-18
6.855210E+03	2.447845E-18	1.403992E-18
6.855410E+03	2.448630E-18	1.405561E-18
6.855610E+03	2.451140E-18	1.405718E-18
6.855810E+03	2.456554E-18	1.404306E-18
6.856011E+03	2.456476E-18	1.404620E-18
6.856211E+03	2.456711E-18	1.406110E-18
6.856411E+03	2.458280E-18	1.405404E-18
6.856611E+03	2.458673E-18	1.406267E-18
6.856811E+03	2.455770E-18	1.402972E-18
6.857011E+03	2.449100E-18	1.402658E-18
6.857411E+03	2.443843E-18	1.402815E-18
6.857611E+03	2.448002E-18	1.415683E-18
6.857811E+03	2.448473E-18	1.421881E-18
6.858011E+03	2.447217E-18	1.419763E-18
6.858211E+03	2.450199E-18	1.415212E-18
6.858811E+03	2.453259E-18	1.414976E-18
6.859011E+03	2.458673E-18	1.415526E-18
6.859411E+03	2.462674E-18	1.414192E-18
6.859611E+03	2.467774E-18	1.410661E-18
6.859811E+03	2.466754E-18	1.411210E-18
6.860011E+03	2.468167E-18	1.411289E-18
6.860211E+03	2.469422E-18	1.410896E-18
6.860410E+03	2.471227E-18	1.410269E-18
6.860610E+03	2.465263E-18	1.411367E-18
6.860810E+03	2.466990E-18	1.414584E-18
6.861011E+03	2.472011E-18	1.413564E-18
6.861212E+03	2.472560E-18	1.412936E-18
6.861412E+03	2.471854E-18	1.415918E-18
6.861611E+03	2.476876E-18	1.425883E-18
6.861811E+03	2.483231E-18	1.426589E-18
6.862011E+03	2.487703E-18	1.431375E-18
6.862211E+03	2.490293E-18	1.440320E-18
6.862411E+03	2.495863E-18	1.434043E-18
6.862611E+03	2.500885E-18	1.435455E-18
6.862811E+03	2.506299E-18	1.436710E-18
6.863011E+03	2.511477E-18	1.438044E-18
6.863211E+03	2.518931E-18	1.452010E-18
6.863411E+03	2.519010E-18	1.445655E-18
6.863611E+03	2.511556E-18	1.451383E-18
6.863811E+03	2.512183E-18	1.450520E-18
6.864611E+03	2.510614E-18	1.450127E-18
6.864811E+03	2.510693E-18	1.450990E-18
6.865811E+03	2.512183E-18	1.456090E-18
6.866011E+03	2.508731E-18	1.456953E-18
6.866212E+03	2.504808E-18	1.450363E-18
6.866412E+03	2.501748E-18	1.450127E-18
6.866612E+03	2.495157E-18	1.456247E-18
6.866812E+03	2.489273E-18	1.454443E-18
6.867012E+03	2.490842E-18	1.451697E-18
6.867212E+03	2.489822E-18	1.459778E-18
6.867412E+03	2.486056E-18	1.465035E-18
6.867612E+03	2.481348E-18	1.473901E-18
6.867812E+03	2.479387E-18	1.472018E-18
6.868012E+03	2.476797E-18	1.475549E-18
6.868212E+03	2.474836E-18	1.477667E-18
6.868412E+03	2.475934E-18	1.477824E-18
6.868612E+03	2.477268E-18	1.482218E-18
6.868812E+03	2.476797E-18	1.480100E-18
6.869012E+03	2.472953E-18	1.480100E-18
6.869212E+03	2.474365E-18	1.480021E-18
6.869412E+03	2.479073E-18	1.483317E-18
6.869612E+03	2.481348E-18	1.498538E-18
6.870012E+03	2.484016E-18	1.499872E-18
6.870212E+03	2.483545E-18	1.499872E-18
6.870412E+03	2.479073E-18	1.500970E-18
6.870612E+03	2.479151E-18	1.505835E-18
6.870812E+03	2.475071E-18	1.502618E-18
6.871012E+03	2.469736E-18	1.497597E-18
6.871212E+03	2.469422E-18	1.496577E-18
6.871413E+03	2.468402E-18	1.502304E-18
6.871613E+03	2.468794E-18	1.504972E-18
6.871813E+03	2.474522E-18	1.503560E-18
6.872013E+03	2.472011E-18	1.516741E-18
6.872213E+03	2.468637E-18	1.520193E-18
6.872413E+03	2.466833E-18	1.520350E-18
6.872613E+03	2.463694E-18	1.515407E-18
6.872812E+03	2.463067E-18	1.511013E-18
6.873012E+03	2.460634E-18	1.513760E-18
6.873212E+03	2.461968E-18	1.507561E-18
6.873413E+03	2.468088E-18	1.516898E-18
6.873613E+03	2.474836E-18	1.518389E-18
6.873812E+03	2.473423E-18	1.521920E-18
6.874012E+03	2.473502E-18	1.521684E-18
6.874212E+03	2.474208E-18	1.520978E-18
6.874412E+03	2.477111E-18	1.518703E-18
6.874612E+03	2.483074E-18	1.526392E-18
6.874812E+03	2.487154E-18	1.518781E-18
6.875012E+03	2.489743E-18	1.518860E-18
6.875212E+03	2.491470E-18	1.545850E-18
6.875412E+03	2.496256E-18	1.551343E-18
6.875612E+03	2.498296E-18	1.552677E-18
6.875812E+03	2.496805E-18	1.551500E-18
6.876012E+03	2.497119E-18	1.553618E-18
6.876212E+03	2.502376E-18	1.556600E-18
6.876412E+03	2.507947E-18	1.553854E-18
6.876813E+03	2.510614E-18	1.554010E-18
6.877013E+03	2.514223E-18	1.552755E-18
6.877213E+03	2.512419E-18	1.555894E-18
6.877413E+03	2.507633E-18	1.550715E-18
6.877613E+03	2.505907E-18	1.548753E-18
6.877813E+03	2.506848E-18	1.544987E-18
6.878013E+03	2.512105E-18	1.541613E-18
6.878213E+03	2.516185E-18	1.538710E-18
6.878413E+03	2.519716E-18	1.540358E-18
6.878613E+03	2.522776E-18	1.539103E-18
6.878813E+03	2.517754E-18	1.538397E-18
6.879013E+03	2.511713E-18	1.529687E-18
6.879213E+03	2.511948E-18	1.529766E-18
6.879413E+03	2.504494E-18	1.534944E-18
6.879613E+03	2.497747E-18	1.535023E-18
6.879813E+03	2.498610E-18	1.535101E-18
6.880013E+03	2.499237E-18	1.532904E-18
6.880213E+03	2.498217E-18	1.541770E-18
6.880413E+03	2.508967E-18	1.542712E-18
6.880613E+03	2.514223E-18	1.547812E-18
6.880813E+03	2.514223E-18	1.549224E-18
6.881013E+03	2.521050E-18	1.550323E-18
6.881213E+03	2.528503E-18	1.545850E-18
6.881613E+03	2.525443E-18	1.548675E-18
6.881814E+03	2.521207E-18	1.563034E-18
6.882014E+03	2.517440E-18	1.562877E-18
6.882214E+03	2.514930E-18	1.565858E-18
6.882414E+03	2.512419E-18	1.566643E-18
6.882614E+03	2.514145E-18	1.573940E-18
6.882814E+03	2.516263E-18	1.571821E-18
6.883014E+03	2.514694E-18	1.573940E-18
6.883214E+03	2.513831E-18	1.575901E-18
6.883414E+03	2.513282E-18	1.577941E-18
6.883614E+03	2.513203E-18	1.571821E-18
6.883814E+03	2.514380E-18	1.567506E-18
6.884014E+03	2.511320E-18	1.567270E-18
6.884214E+03	2.511477E-18	1.567741E-18
6.884414E+03	2.513831E-18	1.569546E-18
6.884614E+03	2.516420E-18	1.575901E-18
6.884814E+03	2.509987E-18	1.571586E-18
6.885014E+03	2.505828E-18	1.561621E-18
6.885214E+03	2.507397E-18	1.559738E-18
6.885413E+03	2.511713E-18	1.557777E-18
6.885614E+03	2.508653E-18	1.551264E-18
6.885814E+03	2.497354E-18	1.553854E-18
6.886014E+03	2.491862E-18	1.552912E-18
6.886213E+03	2.489037E-18	1.554638E-18
6.886413E+03	2.488331E-18	1.555580E-18
6.886613E+03	2.490999E-18	1.553304E-18
6.886814E+03	2.487468E-18	1.560601E-18
6.887014E+03	2.480171E-18	1.560601E-18
6.887214E+03	2.482839E-18	1.551814E-18
6.887614E+03	2.489508E-18	1.558169E-18
6.887814E+03	2.494687E-18	1.554167E-18
6.888014E+03	2.495471E-18	1.560209E-18
6.888214E+03	2.489194E-18	1.569860E-18
6.888414E+03	2.482996E-18	1.577235E-18
6.888614E+03	2.482996E-18	1.577784E-18
6.888814E+03	2.489430E-18	1.580295E-18
6.889614E+03	2.487625E-18	1.583590E-18
6.889814E+03	2.483702E-18	1.585238E-18
6.890014E+03	2.483310E-18	1.585317E-18
6.890214E+03	2.484565E-18	1.581707E-18
6.890414E+03	2.484330E-18	1.586572E-18
6.891014E+03	2.481662E-18	1.587200E-18
6.891214E+03	2.475934E-18	1.574175E-18
6.891414E+03	2.469422E-18	1.554010E-18
6.891614E+03	2.462125E-18	1.556129E-18
6.891814E+03	2.459379E-18	1.553461E-18
6.892015E+03	2.458359E-18	1.550323E-18
6.892415E+03	2.455220E-18	1.551343E-18
6.892615E+03	2.452317E-18	1.548597E-18
6.892815E+03	2.453102E-18	1.548518E-18
6.893015E+03	2.457888E-18	1.548597E-18
6.893215E+03	2.463616E-18	1.546635E-18
6.893415E+03	2.466283E-18	1.532826E-18
6.893615E+03	2.459928E-18	1.535258E-18
6.893815E+03	2.457731E-18	1.534630E-18
6.894415E+03	2.455534E-18	1.541692E-18
6.894815E+03	2.452160E-18	1.537220E-18
6.895015E+03	2.455299E-18	1.545301E-18
6.895215E+03	2.457653E-18	1.515564E-18
6.895415E+03	2.453651E-18	1.496341E-18
6.895615E+03	2.444236E-18	1.491398E-18
6.895815E+03	2.441490E-18	1.465506E-18
6.896015E+03	2.440391E-18	1.459464E-18
6.896215E+03	2.437880E-18	1.455855E-18
6.896415E+03	2.439293E-18	1.449343E-18
6.896615E+03	2.441568E-18	1.443380E-18
6.896815E+03	2.438979E-18	1.438201E-18
6.897015E+03	2.434193E-18	1.438280E-18
6.897216E+03	2.434271E-18	1.434121E-18
6.897416E+03	2.436468E-18	1.431296E-18
6.897616E+03	2.432074E-18	1.428001E-18
6.897815E+03	2.426033E-18	1.423686E-18
6.898216E+03	2.424385E-18	1.421253E-18
6.898416E+03	2.422031E-18	1.417330E-18
6.898615E+03	2.421874E-18	1.420076E-18
6.898815E+03	2.428465E-18	1.418036E-18
6.899016E+03	2.434506E-18	1.416153E-18
6.899215E+03	2.434114E-18	1.414506E-18
6.899615E+03	2.436154E-18	1.413093E-18
6.899815E+03	2.438665E-18	1.413800E-18
6.900215E+03	2.442902E-18	1.413800E-18
6.900415E+03	2.448551E-18	1.414584E-18
6.900615E+03	2.448080E-18	1.415212E-18
6.900815E+03	2.451611E-18	1.414741E-18
6.901215E+03	2.454357E-18	1.407209E-18
6.901415E+03	2.459536E-18	1.405561E-18
6.901615E+03	2.464636E-18	1.406110E-18
6.901815E+03	2.469579E-18	1.404541E-18
6.902616E+03	2.477033E-18	1.398029E-18
6.902816E+03	2.481270E-18	1.399598E-18
6.903016E+03	2.486448E-18	1.398813E-18
6.903216E+03	2.491156E-18	1.384769E-18
6.903416E+03	2.494137E-18	1.378335E-18
6.903616E+03	2.496727E-18	1.376295E-18
6.903816E+03	2.496805E-18	1.378884E-18
6.904016E+03	2.500257E-18	1.382258E-18
6.904216E+03	2.498217E-18	1.381866E-18
6.904416E+03	2.496962E-18	1.381630E-18
6.904616E+03	2.499787E-18	1.384063E-18
6.904816E+03	2.501591E-18	1.381709E-18
6.905016E+03	2.498217E-18	1.379826E-18
6.905216E+03	2.499551E-18	1.382415E-18
6.905416E+03	2.504887E-18	1.382180E-18
6.905616E+03	2.504651E-18	1.380453E-18
6.905816E+03	2.503945E-18	1.372686E-18
6.906216E+03	2.508496E-18	1.373627E-18
6.906416E+03	2.513125E-18	1.372921E-18
6.906616E+03	2.508182E-18	1.373627E-18
6.906816E+03	2.501120E-18	1.376295E-18
6.907016E+03	2.504651E-18	1.383043E-18
6.907216E+03	2.508260E-18	1.381630E-18
6.907416E+03	2.510222E-18	1.381630E-18
6.907617E+03	2.508496E-18	1.383827E-18
6.907817E+03	2.507397E-18	1.385004E-18
6.908017E+03	2.504180E-18	1.385240E-18
6.908217E+03	2.501356E-18	1.385240E-18
6.908417E+03	2.499159E-18	1.399441E-18
6.908817E+03	2.502140E-18	1.396773E-18
6.909017E+03	2.504887E-18	1.395832E-18
6.909217E+03	2.509908E-18	1.394969E-18
6.909417E+03	2.515557E-18	1.399755E-18
6.909617E+03	2.513439E-18	1.403050E-18
6.909817E+03	2.512497E-18	1.411681E-18
6.910017E+03	2.511320E-18	1.405953E-18
6.910217E+03	2.508025E-18	1.399833E-18
6.910417E+03	2.508103E-18	1.400226E-18
6.910617E+03	2.507790E-18	1.402815E-18
6.910816E+03	2.506691E-18	1.401246E-18
6.911016E+03	2.503160E-18	1.398343E-18
6.911217E+03	2.501513E-18	1.385396E-18
6.911417E+03	2.496648E-18	1.385161E-18
6.911616E+03	2.491470E-18	1.377315E-18
6.911816E+03	2.495157E-18	1.382886E-18
6.912016E+03	2.496883E-18	1.382886E-18
6.912416E+03	2.494765E-18	1.383356E-18
6.912617E+03	2.496256E-18	1.377158E-18
6.912817E+03	2.503396E-18	1.376609E-18
6.913217E+03	2.505122E-18	1.376844E-18
6.913417E+03	2.501591E-18	1.381866E-18
6.913817E+03	2.498374E-18	1.374726E-18
6.914217E+03	2.501827E-18	1.375275E-18
6.914417E+03	2.505200E-18	1.374883E-18
6.914617E+03	2.511713E-18	1.366016E-18
6.914817E+03	2.514223E-18	1.359975E-18
6.915017E+03	2.513125E-18	1.349618E-18
6.915217E+03	2.514380E-18	1.344126E-18
6.915417E+03	2.515479E-18	1.340046E-18
6.915617E+03	2.514145E-18	1.337143E-18
6.915817E+03	2.513047E-18	1.337064E-18
6.916017E+03	2.511634E-18	1.332435E-18
6.916217E+03	2.510928E-18	1.332827E-18
6.916417E+03	2.510143E-18	1.333455E-18
6.916617E+03	2.503160E-18	1.339575E-18
6.916817E+03	2.504102E-18	1.337770E-18
6.917017E+03	2.514145E-18	1.323333E-18
6.917217E+03	2.523403E-18	1.328119E-18
6.917417E+03	2.523560E-18	1.329924E-18
6.917617E+03	2.516185E-18	1.333219E-18
6.918018E+03	2.508731E-18	1.326864E-18
6.918218E+03	2.513047E-18	1.328355E-18
6.918418E+03	2.520343E-18	1.333690E-18
6.918618E+03	2.523090E-18	1.335103E-18
6.918818E+03	2.520187E-18	1.327492E-18
6.919018E+03	2.514223E-18	1.324118E-18
6.919218E+03	2.509202E-18	1.324824E-18
6.919418E+03	2.505514E-18	1.309916E-18
6.919618E+03	2.509123E-18	1.310701E-18
6.919818E+03	2.521991E-18	1.313526E-18
6.920018E+03	2.530622E-18	1.314781E-18
6.920418E+03	2.538547E-18	1.327021E-18
6.920618E+03	2.541685E-18	1.328119E-18
6.920818E+03	2.537291E-18	1.327335E-18
6.921018E+03	2.534702E-18	1.316115E-18
6.921218E+03	2.533368E-18	1.312976E-18
6.921418E+03	2.535408E-18	1.320116E-18
6.921618E+03	2.541371E-18	1.323019E-18
6.921818E+03	2.543960E-18	1.323726E-18
6.922018E+03	2.546157E-18	1.322078E-18
6.922218E+03	2.548904E-18	1.311721E-18
6.922418E+03	2.551179E-18	1.312819E-18
6.922618E+03	2.553533E-18	1.312976E-18
6.922818E+03	2.554004E-18	1.279866E-18
6.923019E+03	2.555651E-18	1.269352E-18
6.923218E+03	2.560280E-18	1.268332E-18
6.923819E+03	2.566400E-18	1.268332E-18
6.924019E+03	2.569931E-18	1.265586E-18
6.924218E+03	2.570010E-18	1.265743E-18
6.924418E+03	2.568205E-18	1.265899E-18
6.925018E+03	2.567734E-18	1.268096E-18
6.925218E+03	2.564125E-18	1.269587E-18
6.925418E+03	2.563419E-18	1.266841E-18
6.925618E+03	2.565302E-18	1.267390E-18
6.925818E+03	2.569931E-18	1.265899E-18
6.926018E+03	2.574953E-18	1.265350E-18
6.926218E+03	2.576051E-18	1.277433E-18
6.926418E+03	2.578405E-18	1.273981E-18
6.926618E+03	2.581073E-18	1.272647E-18
6.926818E+03	2.581465E-18	1.269901E-18
6.927018E+03	2.586644E-18	1.272961E-18
6.927218E+03	2.589390E-18	1.274373E-18
6.927418E+03	2.587742E-18	1.272883E-18
6.927618E+03	2.582799E-18	1.267626E-18
6.927818E+03	2.581387E-18	1.274530E-18
6.928018E+03	2.581073E-18	1.284338E-18
6.928219E+03	2.580053E-18	1.285672E-18
6.928419E+03	2.579190E-18	1.277669E-18
6.928619E+03	2.581151E-18	1.281121E-18
6.928819E+03	2.587585E-18	1.287084E-18
6.929019E+03	2.594411E-18	1.285358E-18
6.929219E+03	2.589704E-18	1.286692E-18
6.929419E+03	2.586251E-18	1.285279E-18
6.929619E+03	2.591037E-18	1.277276E-18
6.929819E+03	2.595510E-18	1.258446E-18
6.930019E+03	2.602493E-18	1.258053E-18
6.930219E+03	2.610888E-18	1.256563E-18
6.930419E+03	2.615517E-18	1.261976E-18
6.930819E+03	2.614184E-18	1.251070E-18
6.931019E+03	2.619833E-18	1.253659E-18
6.931219E+03	2.626737E-18	1.251306E-18
6.931419E+03	2.628620E-18	1.257033E-18
6.931619E+03	2.628464E-18	1.252326E-18
6.931819E+03	2.624933E-18	1.252326E-18
6.932019E+03	2.623677E-18	1.256798E-18
6.932219E+03	2.622579E-18	1.260407E-18
6.932419E+03	2.620147E-18	1.260486E-18
6.932619E+03	2.619597E-18	1.263546E-18
6.932819E+03	2.617008E-18	1.260093E-18
6.933019E+03	2.619205E-18	1.264723E-18
6.933219E+03	2.621245E-18	1.271627E-18
6.933420E+03	2.622187E-18	1.278846E-18
6.933620E+03	2.620068E-18	1.286692E-18
6.933820E+03	2.621637E-18	1.293361E-18
6.934020E+03	2.629091E-18	1.297990E-18
6.934220E+03	2.624148E-18	1.306621E-18
6.934420E+03	2.624070E-18	1.310466E-18
6.934620E+03	2.625953E-18	1.319489E-18
6.934820E+03	2.627993E-18	1.328355E-18
6.935020E+03	2.632230E-18	1.315879E-18
6.935220E+03	2.633250E-18	1.320116E-18
6.935419E+03	2.636545E-18	1.310779E-18
6.935619E+03	2.637565E-18	1.305444E-18
6.935819E+03	2.635054E-18	1.309681E-18
6.936020E+03	2.631367E-18	1.308190E-18
6.936220E+03	2.632936E-18	1.297912E-18
6.936419E+03	2.631916E-18	1.298696E-18
6.936619E+03	2.634740E-18	1.307406E-18
6.936819E+03	2.632622E-18	1.309210E-18
6.937019E+03	2.635290E-18	1.312741E-18
6.937219E+03	2.634348E-18	1.309759E-18
6.937419E+03	2.634897E-18	1.308583E-18
6.937619E+03	2.639448E-18	1.305993E-18
6.937819E+03	2.640860E-18	1.303326E-18
6.938019E+03	2.644234E-18	1.305366E-18
6.938219E+03	2.647059E-18	1.305444E-18
6.938420E+03	2.649648E-18	1.305523E-18
6.938620E+03	2.651767E-18	1.303718E-18
6.938820E+03	2.652630E-18	1.303483E-18
6.939020E+03	2.648393E-18	1.292498E-18
6.939220E+03	2.645333E-18	1.291243E-18
6.939420E+03	2.647844E-18	1.291243E-18
6.940020E+03	2.649884E-18	1.286143E-18
6.940220E+03	2.648942E-18	1.284730E-18
6.940420E+03	2.649413E-18	1.283946E-18
6.940620E+03	2.648707E-18	1.280023E-18
6.941220E+03	2.646667E-18	1.277041E-18
6.941420E+03	2.650354E-18	1.276649E-18
6.941820E+03	2.648000E-18	1.270764E-18
6.942020E+03	2.647922E-18	1.269744E-18
6.942220E+03	2.653807E-18	1.264016E-18
6.942420E+03	2.656788E-18	1.264487E-18
6.942620E+03	2.661888E-18	1.265664E-18
6.942820E+03	2.669342E-18	1.266213E-18
6.943020E+03	2.673579E-18	1.266449E-18
6.943220E+03	2.674364E-18	1.268959E-18
6.943420E+03	2.672167E-18	1.265664E-18
6.943621E+03	2.676717E-18	1.267704E-18
6.943821E+03	2.688251E-18	1.268567E-18
6.944021E+03	2.697902E-18	1.267939E-18
6.944221E+03	2.700334E-18	1.264252E-18
6.944421E+03	2.705121E-18	1.266135E-18
6.944821E+03	2.708494E-18	1.271941E-18
6.945021E+03	2.712967E-18	1.270843E-18
6.945221E+03	2.716497E-18	1.270843E-18
6.945421E+03	2.722696E-18	1.269352E-18
6.945621E+03	2.730385E-18	1.269901E-18
6.945821E+03	2.732739E-18	1.263546E-18
6.946021E+03	2.731248E-18	1.262918E-18
6.946221E+03	2.735799E-18	1.262526E-18
6.946421E+03	2.742782E-18	1.262369E-18
6.946621E+03	2.748039E-18	1.262212E-18
6.946821E+03	2.751648E-18	1.262290E-18
6.947021E+03	2.752041E-18	1.262683E-18
6.947221E+03	2.751805E-18	1.263153E-18
6.947421E+03	2.751570E-18	1.263859E-18
6.947621E+03	2.754159E-18	1.264723E-18
6.947821E+03	2.751413E-18	1.265821E-18
6.948020E+03	2.746234E-18	1.264879E-18
6.948221E+03	2.744351E-18	1.267939E-18
6.948421E+03	2.750628E-18	1.263075E-18
6.948620E+03	2.743959E-18	1.261035E-18
6.948822E+03	2.738467E-18	1.259936E-18
6.949821E+03	2.735328E-18	1.262761E-18
6.950021E+03	2.739016E-18	1.266841E-18
6.950821E+03	2.743567E-18	1.272019E-18
6.951021E+03	2.743174E-18	1.279473E-18
6.951221E+03	2.743253E-18	1.276335E-18
6.951421E+03	2.744587E-18	1.282533E-18
6.951621E+03	2.742547E-18	1.282769E-18
6.951821E+03	2.740507E-18	1.286299E-18
6.952021E+03	2.741841E-18	1.293675E-18
6.952221E+03	2.741684E-18	1.298226E-18
6.952421E+03	2.742704E-18	1.298304E-18
6.952621E+03	2.744822E-18	1.297127E-18
6.952821E+03	2.745450E-18	1.310701E-18
6.953021E+03	2.741919E-18	1.313761E-18
6.953221E+03	2.737682E-18	1.306307E-18
6.953421E+03	2.740271E-18	1.300266E-18
6.953621E+03	2.737290E-18	1.306856E-18
6.953821E+03	2.737447E-18	1.310466E-18
6.954022E+03	2.737447E-18	1.321293E-18
6.954222E+03	2.738231E-18	1.315644E-18
6.954422E+03	2.741997E-18	1.317370E-18
6.954622E+03	2.744116E-18	1.318939E-18
6.954822E+03	2.745685E-18	1.316821E-18
6.955022E+03	2.745528E-18	1.316664E-18
6.955222E+03	2.751334E-18	1.316664E-18
6.955422E+03	2.755336E-18	1.317135E-18
6.955622E+03	2.758396E-18	1.302149E-18
6.955822E+03	2.765301E-18	1.300815E-18
6.956022E+03	2.773225E-18	1.298932E-18
6.956222E+03	2.772833E-18	1.299010E-18
6.956422E+03	2.773539E-18	1.290693E-18
6.956622E+03	2.771813E-18	1.276884E-18
6.956822E+03	2.770714E-18	1.267783E-18
6.957022E+03	2.766007E-18	1.272569E-18
6.957222E+03	2.757690E-18	1.273510E-18
6.957422E+03	2.755571E-18	1.273432E-18
6.957622E+03	2.754944E-18	1.269038E-18
6.957822E+03	2.759808E-18	1.269038E-18
6.958022E+03	2.760671E-18	1.278296E-18
6.958222E+03	2.761848E-18	1.276884E-18
6.958422E+03	2.766948E-18	1.276649E-18
6.958622E+03	2.772519E-18	1.275001E-18
6.958822E+03	2.779738E-18	1.287633E-18
6.959022E+03	2.786093E-18	1.288496E-18
6.959223E+03	2.790487E-18	1.288575E-18
6.959423E+03	2.784288E-18	1.294067E-18
6.959623E+03	2.783111E-18	1.297441E-18
6.959823E+03	2.786014E-18	1.298304E-18
6.960023E+03	2.789859E-18	1.294381E-18
6.960223E+03	2.791664E-18	1.295636E-18
6.960422E+03	2.792684E-18	1.294616E-18
6.960623E+03	2.788368E-18	1.291713E-18
6.960823E+03	2.788839E-18	1.295009E-18
6.961023E+03	2.792213E-18	1.292969E-18
6.961222E+03	2.796136E-18	1.293283E-18
6.961422E+03	2.797784E-18	1.295087E-18
6.961622E+03	2.793939E-18	1.295872E-18
6.961822E+03	2.790801E-18	1.295872E-18
6.962022E+03	2.788290E-18	1.298618E-18
6.962622E+03	2.780993E-18	1.299559E-18
6.963222E+03	2.775265E-18	1.311486E-18
6.963422E+03	2.775893E-18	1.317763E-18
6.963622E+03	2.770087E-18	1.320352E-18
6.963822E+03	2.763418E-18	1.318233E-18
6.964022E+03	2.765536E-18	1.316664E-18
6.964223E+03	2.766713E-18	1.312663E-18
6.964423E+03	2.766242E-18	1.310701E-18
6.964623E+03	2.761534E-18	1.316507E-18
6.965023E+03	2.759573E-18	1.321921E-18
6.965223E+03	2.750550E-18	1.318547E-18
6.965423E+03	2.747019E-18	1.315330E-18
6.965623E+03	2.744744E-18	1.320038E-18
6.965823E+03	2.747019E-18	1.321058E-18
6.966023E+03	2.753688E-18	1.321686E-18
6.966623E+03	2.753531E-18	1.323883E-18
6.966823E+03	2.744744E-18	1.324196E-18
6.967023E+03	2.737996E-18	1.325766E-18
6.967223E+03	2.745450E-18	1.331493E-18
6.967423E+03	2.735407E-18	1.329846E-18
6.967623E+03	2.726541E-18	1.321136E-18
6.967823E+03	2.729444E-18	1.328826E-18
6.968023E+03	2.732425E-18	1.329218E-18
6.968223E+03	2.733759E-18	1.329846E-18
6.968423E+03	2.735799E-18	1.333533E-18
6.968623E+03	2.738859E-18	1.332356E-18
6.968823E+03	2.742154E-18	1.328590E-18
6.969023E+03	2.747882E-18	1.327570E-18
6.969223E+03	2.753767E-18	1.327727E-18
6.969424E+03	2.757454E-18	1.327492E-18
6.969624E+03	2.758788E-18	1.327021E-18
6.969824E+03	2.763104E-18	1.326629E-18
6.970424E+03	2.763731E-18	1.324196E-18
6.970624E+03	2.763261E-18	1.327806E-18
6.970824E+03	2.764830E-18	1.334318E-18
6.971024E+03	2.764124E-18	1.336044E-18
6.971424E+03	2.761927E-18	1.335259E-18
6.971624E+03	2.757533E-18	1.333141E-18
6.971824E+03	2.757219E-18	1.333769E-18
6.972024E+03	2.756905E-18	1.329767E-18
6.972224E+03	2.756042E-18	1.332121E-18
6.972424E+03	2.751962E-18	1.331493E-18
6.972624E+03	2.744116E-18	1.330944E-18
6.972824E+03	2.740664E-18	1.329767E-18
6.973024E+03	2.741134E-18	1.325844E-18
6.973423E+03	2.747019E-18	1.317292E-18
6.973623E+03	2.753531E-18	1.325452E-18
6.973824E+03	2.753924E-18	1.324824E-18
6.974024E+03	2.758004E-18	1.324903E-18
6.974223E+03	2.751727E-18	1.323490E-18
6.974423E+03	2.746941E-18	1.323412E-18
6.974624E+03	2.749216E-18	1.323804E-18
6.974824E+03	2.750471E-18	1.323883E-18
6.975024E+03	2.750393E-18	1.318076E-18
6.975224E+03	2.747725E-18	1.315958E-18
6.975424E+03	2.746941E-18	1.311250E-18
6.975624E+03	2.741997E-18	1.310230E-18
6.975824E+03	2.738310E-18	1.307327E-18
6.976024E+03	2.738702E-18	1.299795E-18
6.976224E+03	2.740036E-18	1.300344E-18
6.976424E+03	2.737211E-18	1.298618E-18
6.976624E+03	2.733210E-18	1.299167E-18
6.976824E+03	2.723245E-18	1.304738E-18
6.977024E+03	2.723873E-18	1.304738E-18
6.977424E+03	2.721597E-18	1.304816E-18
6.977624E+03	2.716576E-18	1.314310E-18
6.977824E+03	2.711947E-18	1.310858E-18
6.978024E+03	2.715321E-18	1.310152E-18
6.978224E+03	2.719636E-18	1.309681E-18
6.978624E+03	2.718459E-18	1.309053E-18
6.979024E+03	2.720107E-18	1.299873E-18
6.979224E+03	2.717517E-18	1.306856E-18
6.979424E+03	2.714065E-18	1.311878E-18
6.980025E+03	2.714222E-18	1.307327E-18
6.980225E+03	2.719401E-18	1.303090E-18
6.980425E+03	2.727404E-18	1.302227E-18
6.980625E+03	2.731876E-18	1.297755E-18
6.980825E+03	2.734073E-18	1.294538E-18
6.981025E+03	2.733131E-18	1.290379E-18
6.981225E+03	2.731013E-18	1.284416E-18
6.981425E+03	2.729365E-18	1.278139E-18
6.981625E+03	2.731484E-18	1.274609E-18
6.981825E+03	2.737604E-18	1.266449E-18
6.982025E+03	2.737996E-18	1.257426E-18
6.982225E+03	2.741684E-18	1.248402E-18
6.982425E+03	2.743096E-18	1.239536E-18
6.982625E+03	2.739565E-18	1.232239E-18
6.982825E+03	2.734230E-18	1.220156E-18
6.983025E+03	2.729051E-18	1.222667E-18
6.983225E+03	2.734779E-18	1.217959E-18
6.983625E+03	2.738310E-18	1.219921E-18
6.983825E+03	2.736819E-18	1.218116E-18
6.984025E+03	2.738859E-18	1.212859E-18
6.984225E+03	2.735799E-18	1.204778E-18
6.984425E+03	2.733210E-18	1.202189E-18
6.984625E+03	2.736427E-18	1.193872E-18
6.984825E+03	2.736584E-18	1.194107E-18
6.985226E+03	2.729444E-18	1.191518E-18
6.985426E+03	2.727404E-18	1.185398E-18
6.985626E+03	2.731484E-18	1.186496E-18
6.985825E+03	2.734544E-18	1.187124E-18
6.986025E+03	2.724657E-18	1.187438E-18
6.986225E+03	2.730621E-18	1.183515E-18
6.986426E+03	2.735485E-18	1.180141E-18
6.986626E+03	2.738702E-18	1.177316E-18
6.986825E+03	2.738937E-18	1.175198E-18
6.987625E+03	2.735956E-18	1.174649E-18
6.987825E+03	2.734544E-18	1.175198E-18
6.988025E+03	2.737368E-18	1.176296E-18
6.988225E+03	2.740507E-18	1.177866E-18
6.988425E+03	2.745685E-18	1.178336E-18
6.988625E+03	2.752511E-18	1.179827E-18
6.988825E+03	2.746862E-18	1.187046E-18
6.989025E+03	2.743488E-18	1.192930E-18
6.989225E+03	2.738937E-18	1.192852E-18
6.989425E+03	2.739565E-18	1.199678E-18
6.989625E+03	2.738781E-18	1.209721E-18
6.989825E+03	2.730228E-18	1.205092E-18
6.990026E+03	2.725442E-18	1.225649E-18
6.990226E+03	2.721362E-18	1.220706E-18
6.990426E+03	2.724579E-18	1.221804E-18
6.990626E+03	2.728894E-18	1.231612E-18
6.990826E+03	2.729757E-18	1.231926E-18
6.991026E+03	2.725913E-18	1.232789E-18
6.991226E+03	2.724579E-18	1.229572E-18
6.991426E+03	2.722304E-18	1.256013E-18
6.991626E+03	2.722147E-18	1.270921E-18
6.991826E+03	2.723010E-18	1.271549E-18
6.992026E+03	2.727796E-18	1.271941E-18
6.992226E+03	2.727325E-18	1.270450E-18
6.992426E+03	2.721441E-18	1.268489E-18
6.992626E+03	2.715164E-18	1.260564E-18
6.992826E+03	2.710221E-18	1.261113E-18
6.993026E+03	2.709044E-18	1.261113E-18
6.993226E+03	2.705827E-18	1.262212E-18
6.993426E+03	2.698451E-18	1.267312E-18
6.993626E+03	2.690291E-18	1.266684E-18
6.993826E+03	2.690997E-18	1.267547E-18
6.994026E+03	2.689742E-18	1.276335E-18
6.994226E+03	2.682210E-18	1.277669E-18
6.994426E+03	2.676011E-18	1.276413E-18
6.994626E+03	2.671931E-18	1.275158E-18
6.994826E+03	2.671774E-18	1.276492E-18
6.995026E+03	2.668087E-18	1.276806E-18
6.995227E+03	2.664713E-18	1.275550E-18
6.995827E+03	2.662359E-18	1.273275E-18
6.996027E+03	2.659456E-18	1.272883E-18
6.996227E+03	2.662124E-18	1.274216E-18
6.996427E+03	2.665184E-18	1.270999E-18
6.996627E+03	2.663222E-18	1.271235E-18
6.996827E+03	2.656553E-18	1.271863E-18
6.997027E+03	2.659064E-18	1.273903E-18
6.997227E+03	2.662908E-18	1.267783E-18
6.997427E+03	2.659534E-18	1.262133E-18
6.997627E+03	2.653179E-18	1.255856E-18
6.997827E+03	2.649570E-18	1.245186E-18
6.998026E+03	2.650668E-18	1.249893E-18
6.998226E+03	2.649962E-18	1.241812E-18
6.998426E+03	2.647530E-18	1.242989E-18
6.998627E+03	2.648628E-18	1.251149E-18
6.999026E+03	2.650119E-18	1.239772E-18
6.999226E+03	2.652865E-18	1.235613E-18
6.999426E+03	2.658357E-18	1.238752E-18
6.999626E+03	2.661888E-18	1.236947E-18
6.999826E+03	2.658671E-18	1.224942E-18
7.000026E+03	2.651767E-18	1.225099E-18
7.000226E+03	2.656082E-18	1.227924E-18
7.000427E+03	2.654670E-18	1.227846E-18
7.000627E+03	2.647765E-18	1.219999E-18
7.000827E+03	2.654905E-18	1.220706E-18
7.001027E+03	2.647765E-18	1.213330E-18
7.001227E+03	2.646117E-18	1.215841E-18
7.001427E+03	2.651374E-18	1.220235E-18
7.001627E+03	2.651061E-18	1.221647E-18
7.001827E+03	2.641017E-18	1.220549E-18
7.002027E+03	2.639919E-18	1.221255E-18
7.002227E+03	2.636624E-18	1.224158E-18
7.002627E+03	2.629327E-18	1.223922E-18
7.002827E+03	2.624148E-18	1.223766E-18
7.003027E+03	2.622893E-18	1.227924E-18
7.003227E+03	2.627757E-18	1.232946E-18
7.003427E+03	2.622971E-18	1.236241E-18
7.003627E+03	2.619284E-18	1.238124E-18
7.003827E+03	2.621873E-18	1.237104E-18
7.004027E+03	2.616773E-18	1.237339E-18
7.004227E+03	2.613870E-18	1.234515E-18
7.004427E+03	2.610574E-18	1.233495E-18
7.004627E+03	2.603905E-18	1.233259E-18
7.004827E+03	2.598648E-18	1.231219E-18
7.005027E+03	2.595745E-18	1.232632E-18
7.005227E+03	2.595196E-18	1.225021E-18
7.005427E+03	2.592450E-18	1.229258E-18
7.005628E+03	2.582014E-18	1.230121E-18
7.005828E+03	2.583191E-18	1.230592E-18
7.006028E+03	2.586330E-18	1.209093E-18
7.006228E+03	2.578954E-18	1.208701E-18
7.006428E+03	2.575188E-18	1.212153E-18
7.006628E+03	2.578719E-18	1.205955E-18
7.006828E+03	2.582799E-18	1.201561E-18
7.007028E+03	2.582407E-18	1.210898E-18
7.007228E+03	2.580680E-18	1.216233E-18
7.007428E+03	2.567970E-18	1.215684E-18
7.007628E+03	2.569931E-18	1.216782E-18
7.007828E+03	2.571736E-18	1.216782E-18
7.008028E+03	2.571030E-18	1.213566E-18
7.008228E+03	2.561536E-18	1.210113E-18
7.008428E+03	2.554474E-18	1.210584E-18
7.008628E+03	2.552513E-18	1.207759E-18
7.008828E+03	2.553454E-18	1.206504E-18
7.009028E+03	2.558240E-18	1.205406E-18
7.009228E+03	2.562320E-18	1.205641E-18
7.009428E+03	2.564910E-18	1.205170E-18
7.009628E+03	2.569853E-18	1.195990E-18
7.009828E+03	2.567813E-18	1.189321E-18
7.010028E+03	2.565459E-18	1.181004E-18
7.010228E+03	2.570324E-18	1.186339E-18
7.010428E+03	2.571344E-18	1.193166E-18
7.010627E+03	2.567577E-18	1.191439E-18
7.010828E+03	2.568284E-18	1.191282E-18
7.011029E+03	2.562948E-18	1.179356E-18
7.011428E+03	2.560908E-18	1.174335E-18
7.011628E+03	2.561614E-18	1.175276E-18
7.012228E+03	2.566087E-18	1.177787E-18
7.012428E+03	2.567813E-18	1.171667E-18
7.012628E+03	2.558397E-18	1.170882E-18
7.012828E+03	2.553219E-18	1.171589E-18
7.013228E+03	2.542234E-18	1.168764E-18
7.013428E+03	2.537056E-18	1.167195E-18
7.013628E+03	2.538468E-18	1.159976E-18
7.013828E+03	2.539488E-18	1.154641E-18
7.014028E+03	2.537762E-18	1.156759E-18
7.014228E+03	2.536428E-18	1.154798E-18
7.014428E+03	2.532505E-18	1.150953E-18
7.014628E+03	2.532505E-18	1.151973E-18
7.014828E+03	2.531328E-18	1.161389E-18
7.015028E+03	2.527954E-18	1.167822E-18
7.015228E+03	2.528817E-18	1.164919E-18
7.015428E+03	2.527876E-18	1.173393E-18
7.015628E+03	2.526150E-18	1.180926E-18
7.015829E+03	2.519402E-18	1.186575E-18
7.016029E+03	2.517519E-18	1.191204E-18
7.016229E+03	2.513439E-18	1.195362E-18
7.016429E+03	2.508182E-18	1.197481E-18
7.016629E+03	2.512497E-18	1.199521E-18
7.016829E+03	2.513125E-18	1.197559E-18
7.017029E+03	2.514851E-18	1.191596E-18
7.017229E+03	2.519088E-18	1.198187E-18
7.017429E+03	2.514067E-18	1.199678E-18
7.017629E+03	2.509908E-18	1.201561E-18
7.017829E+03	2.510143E-18	1.201718E-18
7.018029E+03	2.513282E-18	1.198266E-18
7.018229E+03	2.515950E-18	1.193322E-18
7.018429E+03	2.514459E-18	1.193636E-18
7.018629E+03	2.514145E-18	1.193950E-18
7.018829E+03	2.512262E-18	1.197246E-18
7.019029E+03	2.510771E-18	1.196147E-18
7.019229E+03	2.512027E-18	1.194656E-18
7.019429E+03	2.512811E-18	1.190576E-18
7.019629E+03	2.509123E-18	1.189086E-18
7.019829E+03	2.504965E-18	1.184692E-18
7.020029E+03	2.505436E-18	1.181239E-18
7.020229E+03	2.503710E-18	1.194342E-18
7.020429E+03	2.505593E-18	1.199835E-18
7.020629E+03	2.509437E-18	1.200306E-18
7.020829E+03	2.513596E-18	1.207446E-18
7.021030E+03	2.514537E-18	1.212467E-18
7.021230E+03	2.516028E-18	1.217881E-18
7.021430E+03	2.517127E-18	1.217489E-18
7.021630E+03	2.513910E-18	1.217332E-18
7.021830E+03	2.511870E-18	1.219607E-18
7.022030E+03	2.507790E-18	1.218901E-18
7.022230E+03	2.503945E-18	1.215919E-18
7.022430E+03	2.498531E-18	1.220313E-18
7.022830E+03	2.498060E-18	1.218901E-18
7.023029E+03	2.503710E-18	1.218822E-18
7.023230E+03	2.504965E-18	1.218587E-18
7.023430E+03	2.501434E-18	1.213016E-18
7.023630E+03	2.496177E-18	1.211055E-18
7.023829E+03	2.490842E-18	1.209799E-18
7.024029E+03	2.488880E-18	1.213330E-18
7.024230E+03	2.485350E-18	1.215292E-18
7.024429E+03	2.487311E-18	1.215527E-18
7.024629E+03	2.487311E-18	1.209878E-18
7.024829E+03	2.491862E-18	1.212310E-18
7.025029E+03	2.489665E-18	1.211447E-18
7.025229E+03	2.478523E-18	1.210270E-18
7.025429E+03	2.476327E-18	1.211447E-18
7.025629E+03	2.475463E-18	1.213487E-18
7.025829E+03	2.473816E-18	1.216469E-18
7.026029E+03	2.463537E-18	1.215370E-18
7.026430E+03	2.454514E-18	1.215527E-18
7.026630E+03	2.447766E-18	1.215919E-18
7.026830E+03	2.443137E-18	1.212153E-18
7.027030E+03	2.445726E-18	1.216469E-18
7.027230E+03	2.444314E-18	1.216390E-18
7.027430E+03	2.440313E-18	1.216626E-18
7.027630E+03	2.442588E-18	1.214821E-18
7.027830E+03	2.442666E-18	1.211055E-18
7.028030E+03	2.442510E-18	1.211212E-18
7.028230E+03	2.437096E-18	1.208622E-18
7.028430E+03	2.434428E-18	1.213566E-18
7.028630E+03	2.440862E-18	1.215841E-18
7.028830E+03	2.445726E-18	1.218195E-18
7.029030E+03	2.445648E-18	1.219764E-18
7.029230E+03	2.444000E-18	1.220078E-18
7.029430E+03	2.442274E-18	1.220392E-18
7.029630E+03	2.442353E-18	1.216704E-18
7.029830E+03	2.438273E-18	1.206975E-18
7.030030E+03	2.440313E-18	1.211133E-18
7.030230E+03	2.440940E-18	1.214429E-18
7.030430E+03	2.436311E-18	1.218116E-18
7.030630E+03	2.433016E-18	1.217959E-18
7.030830E+03	2.424150E-18	1.223059E-18
7.031030E+03	2.422031E-18	1.225335E-18
7.031230E+03	2.425562E-18	1.229650E-18
7.031431E+03	2.430034E-18	1.229729E-18
7.031631E+03	2.432074E-18	1.237967E-18
7.031831E+03	2.429485E-18	1.243538E-18
7.032031E+03	2.428465E-18	1.242675E-18
7.032231E+03	2.429563E-18	1.244401E-18
7.032431E+03	2.430113E-18	1.242439E-18
7.032631E+03	2.431760E-18	1.244166E-18
7.032831E+03	2.429642E-18	1.242989E-18
7.033031E+03	2.427445E-18	1.238987E-18
7.033231E+03	2.417559E-18	1.234122E-18
7.033431E+03	2.417873E-18	1.237418E-18
7.033631E+03	2.421246E-18	1.228709E-18
7.033831E+03	2.420697E-18	1.218587E-18
7.034031E+03	2.421246E-18	1.218744E-18
7.034231E+03	2.422580E-18	1.198658E-18
7.034431E+03	2.423286E-18	1.198187E-18
7.034631E+03	2.424699E-18	1.196226E-18
7.034831E+03	2.425719E-18	1.186418E-18
7.035031E+03	2.426425E-18	1.186261E-18
7.035231E+03	2.427602E-18	1.185398E-18
7.035431E+03	2.426346E-18	1.187438E-18
7.035631E+03	2.426346E-18	1.169313E-18
7.035831E+03	2.429799E-18	1.152052E-18
7.036030E+03	2.422031E-18	1.153072E-18
7.036230E+03	2.416696E-18	1.152522E-18
7.036431E+03	2.419128E-18	1.150953E-18
7.036632E+03	2.418814E-18	1.150561E-18
7.036831E+03	2.414342E-18	1.150482E-18
7.037031E+03	2.416696E-18	1.148992E-18
7.037231E+03	2.415126E-18	1.149070E-18
7.037431E+03	2.416853E-18	1.150718E-18
7.037631E+03	2.416931E-18	1.147815E-18
7.037831E+03	2.418265E-18	1.148050E-18
7.038031E+03	2.412459E-18	1.147344E-18
7.038231E+03	2.412459E-18	1.139105E-18
7.038431E+03	2.416068E-18	1.138085E-18
7.038631E+03	2.414656E-18	1.141538E-18
7.038831E+03	2.412773E-18	1.141773E-18
7.039031E+03	2.412459E-18	1.142950E-18
7.039231E+03	2.416696E-18	1.150090E-18
7.039431E+03	2.420697E-18	1.153464E-18
7.039631E+03	2.419206E-18	1.155033E-18
7.039831E+03	2.422659E-18	1.152444E-18
7.040031E+03	2.424385E-18	1.150561E-18
7.040231E+03	2.421168E-18	1.152679E-18
7.040631E+03	2.418108E-18	1.155190E-18
7.040831E+03	2.425719E-18	1.154406E-18
7.041031E+03	2.429485E-18	1.152601E-18
7.041231E+03	2.420462E-18	1.152993E-18
7.041431E+03	2.417716E-18	1.153778E-18
7.041632E+03	2.421011E-18	1.154013E-18
7.041832E+03	2.424699E-18	1.153542E-18
7.042032E+03	2.429328E-18	1.147658E-18
7.042232E+03	2.427445E-18	1.146089E-18
7.042432E+03	2.426033E-18	1.143813E-18
7.042632E+03	2.426739E-18	1.130789E-18
7.042832E+03	2.424856E-18	1.129847E-18
7.043032E+03	2.420226E-18	1.130789E-18
7.043232E+03	2.423443E-18	1.127964E-18
7.043432E+03	2.433251E-18	1.130004E-18
7.043632E+03	2.435291E-18	1.125218E-18
7.043832E+03	2.430426E-18	1.123492E-18
7.044032E+03	2.430113E-18	1.123256E-18
7.044232E+03	2.436939E-18	1.129219E-18
7.044432E+03	2.437410E-18	1.128121E-18
7.044632E+03	2.433643E-18	1.129298E-18
7.044832E+03	2.433094E-18	1.128905E-18
7.045032E+03	2.434350E-18	1.130553E-18
7.045632E+03	2.431603E-18	1.131259E-18
7.045832E+03	2.425091E-18	1.134241E-18
7.046032E+03	2.421403E-18	1.134633E-18
7.046232E+03	2.415440E-18	1.134947E-18
7.046432E+03	2.413871E-18	1.131887E-18
7.046632E+03	2.418186E-18	1.131809E-18
7.046833E+03	2.414342E-18	1.133535E-18
7.047033E+03	2.413243E-18	1.136595E-18
7.047233E+03	2.412145E-18	1.131259E-18
7.047433E+03	2.417637E-18	1.131887E-18
7.047633E+03	2.420148E-18	1.138242E-18
7.048233E+03	2.417088E-18	1.138556E-18
7.048432E+03	2.412459E-18	1.137536E-18
7.048833E+03	2.407751E-18	1.137222E-18
7.049033E+03	2.401710E-18	1.138870E-18
7.049233E+03	2.397080E-18	1.138713E-18
7.049432E+03	2.392530E-18	1.139184E-18
7.049632E+03	2.384134E-18	1.137850E-18
7.049832E+03	2.373463E-18	1.135575E-18
7.050032E+03	2.366402E-18	1.130945E-18
7.050232E+03	2.359183E-18	1.130161E-18
7.050432E+03	2.351416E-18	1.129455E-18
7.050632E+03	2.347649E-18	1.130004E-18
7.050832E+03	2.347728E-18	1.135496E-18
7.051032E+03	2.354397E-18	1.130004E-18
7.051232E+03	2.352906E-18	1.131024E-18
7.051432E+03	2.345766E-18	1.130789E-18
7.051632E+03	2.339489E-18	1.118235E-18
7.051832E+03	2.334546E-18	1.111252E-18
7.052033E+03	2.338391E-18	1.111095E-18
7.052233E+03	2.344354E-18	1.114469E-18
7.052433E+03	2.351180E-18	1.114547E-18
7.052633E+03	2.352828E-18	1.114312E-18
7.052833E+03	2.356359E-18	1.113449E-18
7.053033E+03	2.358477E-18	1.113213E-18
7.053233E+03	2.356280E-18	1.114861E-18
7.053433E+03	2.353770E-18	1.120118E-18
7.053633E+03	2.353691E-18	1.118862E-18
7.053833E+03	2.359890E-18	1.113919E-18
7.054233E+03	2.364519E-18	1.113684E-18
7.054433E+03	2.364440E-18	1.115959E-18
7.054633E+03	2.364048E-18	1.119255E-18
7.054833E+03	2.364126E-18	1.119569E-18
7.055033E+03	2.362714E-18	1.113998E-18
7.055233E+03	2.360125E-18	1.107956E-18
7.055433E+03	2.357222E-18	1.117842E-18
7.055633E+03	2.357300E-18	1.122707E-18
7.055833E+03	2.355810E-18	1.120353E-18
7.056033E+03	2.353534E-18	1.117529E-18
7.056233E+03	2.353770E-18	1.121609E-18
7.056433E+03	2.356986E-18	1.118156E-18
7.056633E+03	2.359497E-18	1.123413E-18
7.056833E+03	2.364911E-18	1.134712E-18
7.057033E+03	2.367265E-18	1.144990E-18
7.057234E+03	2.363185E-18	1.148678E-18
7.057434E+03	2.367030E-18	1.148364E-18
7.057634E+03	2.371816E-18	1.148285E-18
7.057834E+03	2.369383E-18	1.145382E-18
7.058034E+03	2.370874E-18	1.146245E-18
7.058234E+03	2.374013E-18	1.149070E-18
7.058434E+03	2.377936E-18	1.141930E-18
7.058634E+03	2.382251E-18	1.140125E-18
7.058834E+03	2.381231E-18	1.130239E-18
7.059034E+03	2.378877E-18	1.121059E-18
7.059234E+03	2.378014E-18	1.112429E-18
7.059434E+03	2.374091E-18	1.104190E-18
7.059634E+03	2.365774E-18	1.099325E-18
7.059834E+03	2.365068E-18	1.092970E-18
7.060034E+03	2.370639E-18	1.088498E-18
7.060234E+03	2.372914E-18	1.086850E-18
7.060434E+03	2.372679E-18	1.092578E-18
7.060633E+03	2.373150E-18	1.091244E-18
7.060833E+03	2.374326E-18	1.088184E-18
7.061234E+03	2.377465E-18	1.086222E-18
7.061434E+03	2.377779E-18	1.080102E-18
7.061633E+03	2.374170E-18	1.078141E-18
7.061833E+03	2.374013E-18	1.085909E-18
7.062033E+03	2.373934E-18	1.084261E-18
7.062234E+03	2.377230E-18	1.084339E-18
7.062434E+03	2.377308E-18	1.095952E-18
7.062634E+03	2.373856E-18	1.096736E-18
7.062834E+03	2.369933E-18	1.096972E-18
7.063034E+03	2.368363E-18	1.096658E-18
7.063234E+03	2.366245E-18	1.096579E-18
7.063434E+03	2.366010E-18	1.098776E-18
7.063634E+03	2.369383E-18	1.095952E-18
7.063834E+03	2.368677E-18	1.095716E-18
7.064034E+03	2.363420E-18	1.100581E-18
7.064234E+03	2.359105E-18	1.100581E-18
7.064434E+03	2.353613E-18	1.086379E-18
7.064634E+03	2.347257E-18	1.081279E-18
7.064834E+03	2.349297E-18	1.085045E-18
7.065034E+03	2.355417E-18	1.077984E-18
7.065234E+03	2.351808E-18	1.070687E-18
7.065434E+03	2.353534E-18	1.065038E-18
7.065634E+03	2.359419E-18	1.062527E-18
7.065834E+03	2.361223E-18	1.069510E-18
7.066034E+03	2.361302E-18	1.071707E-18
7.066234E+03	2.359968E-18	1.071629E-18
7.066434E+03	2.353770E-18	1.076807E-18
7.066834E+03	2.350082E-18	1.071001E-18
7.067034E+03	2.350396E-18	1.069745E-18
7.067234E+03	2.346943E-18	1.072099E-18
7.067435E+03	2.341529E-18	1.078769E-18
7.067635E+03	2.343413E-18	1.078612E-18
7.067835E+03	2.348042E-18	1.079161E-18
7.068235E+03	2.348983E-18	1.078769E-18
7.068435E+03	2.349690E-18	1.078769E-18
7.068635E+03	2.350160E-18	1.081044E-18
7.068835E+03	2.355260E-18	1.081515E-18
7.069435E+03	2.355496E-18	1.080416E-18
7.069635E+03	2.354397E-18	1.072021E-18
7.069835E+03	2.356280E-18	1.072099E-18
7.070035E+03	2.360282E-18	1.071785E-18
7.070235E+03	2.362871E-18	1.073041E-18
7.070435E+03	2.360753E-18	1.077592E-18
7.070635E+03	2.359811E-18	1.082064E-18
7.070835E+03	2.362714E-18	1.085673E-18
7.071035E+03	2.366323E-18	1.087164E-18
7.071235E+03	2.368442E-18	1.087713E-18
7.071435E+03	2.374797E-18	1.088105E-18
7.071635E+03	2.382173E-18	1.083555E-18
7.071835E+03	2.384683E-18	1.095167E-18
7.072035E+03	2.381310E-18	1.099639E-18
7.072235E+03	2.383114E-18	1.103405E-18
7.072435E+03	2.388371E-18	1.104112E-18
7.072636E+03	2.391588E-18	1.103405E-18
7.072836E+03	2.388999E-18	1.111487E-18
7.073036E+03	2.384213E-18	1.104739E-18
7.073235E+03	2.374640E-18	1.103562E-18
7.073435E+03	2.373150E-18	1.100110E-18
7.073636E+03	2.375739E-18	1.098227E-18
7.073836E+03	2.374876E-18	1.098070E-18
7.074035E+03	2.375503E-18	1.098462E-18
7.074235E+03	2.378171E-18	1.099796E-18
7.074435E+03	2.378877E-18	1.106073E-18
7.074635E+03	2.378406E-18	1.105995E-18
7.074835E+03	2.376523E-18	1.101052E-18
7.075035E+03	2.376366E-18	1.098776E-18
7.075235E+03	2.373228E-18	1.099639E-18
7.075435E+03	2.376916E-18	1.101052E-18
7.075635E+03	2.373934E-18	1.100189E-18
7.075835E+03	2.366716E-18	1.095638E-18
7.076035E+03	2.360046E-18	1.095167E-18
7.076235E+03	2.356280E-18	1.089675E-18
7.076435E+03	2.349140E-18	1.091558E-18
7.076635E+03	2.351494E-18	1.093049E-18
7.076835E+03	2.356437E-18	1.097521E-18
7.077035E+03	2.358399E-18	1.100659E-18
7.077235E+03	2.362086E-18	1.099482E-18
7.077435E+03	2.366716E-18	1.100424E-18
7.077635E+03	2.370639E-18	1.097442E-18
7.077836E+03	2.375033E-18	1.098698E-18
7.078036E+03	2.375268E-18	1.094147E-18
7.078436E+03	2.367579E-18	1.093127E-18
7.078636E+03	2.360988E-18	1.093833E-18
7.078836E+03	2.358242E-18	1.094932E-18
7.079036E+03	2.359183E-18	1.096187E-18
7.079236E+03	2.367186E-18	1.098149E-18
7.079436E+03	2.375033E-18	1.100973E-18
7.079636E+03	2.376759E-18	1.097913E-18
7.079836E+03	2.374562E-18	1.101365E-18
7.080036E+03	2.374091E-18	1.103092E-18
7.080236E+03	2.380682E-18	1.107721E-18
7.080436E+03	2.381702E-18	1.106309E-18
7.080636E+03	2.377936E-18	1.106936E-18
7.080836E+03	2.383585E-18	1.106544E-18
7.081036E+03	2.390803E-18	1.107172E-18
7.081236E+03	2.391274E-18	1.109212E-18
7.081436E+03	2.388371E-18	1.108584E-18
7.081636E+03	2.395119E-18	1.111644E-18
7.081836E+03	2.403593E-18	1.112115E-18
7.082036E+03	2.405476E-18	1.115332E-18
7.082236E+03	2.402259E-18	1.114076E-18
7.082436E+03	2.403357E-18	1.110702E-18
7.082636E+03	2.407986E-18	1.109604E-18
7.082837E+03	2.410576E-18	1.109525E-18
7.083037E+03	2.413008E-18	1.110232E-18
7.083237E+03	2.414891E-18	1.112193E-18
7.083437E+03	2.413793E-18	1.110075E-18
7.083637E+03	2.411203E-18	1.112193E-18
7.083837E+03	2.416617E-18	1.118862E-18
7.084037E+03	2.415754E-18	1.119255E-18
7.084237E+03	2.413008E-18	1.121373E-18
7.084437E+03	2.415126E-18	1.120196E-18
7.084637E+03	2.411282E-18	1.125532E-18
7.084837E+03	2.413008E-18	1.129769E-18
7.085037E+03	2.414106E-18	1.128513E-18
7.085237E+03	2.415597E-18	1.125532E-18
7.085437E+03	2.413243E-18	1.126316E-18
7.085637E+03	2.413400E-18	1.126316E-18
7.085837E+03	2.413165E-18	1.124747E-18
7.086037E+03	2.407594E-18	1.123570E-18
7.086236E+03	2.408457E-18	1.122785E-18
7.086436E+03	2.406574E-18	1.122472E-18
7.086636E+03	2.399513E-18	1.122629E-18
7.086837E+03	2.397473E-18	1.123256E-18
7.087036E+03	2.399356E-18	1.124433E-18
7.087236E+03	2.399983E-18	1.126081E-18
7.087436E+03	2.398100E-18	1.128121E-18
7.087636E+03	2.402808E-18	1.130632E-18
7.087836E+03	2.405790E-18	1.135889E-18
7.088037E+03	2.406417E-18	1.134476E-18
7.088237E+03	2.410105E-18	1.137222E-18
7.088437E+03	2.419285E-18	1.133221E-18
7.088637E+03	2.420933E-18	1.130475E-18
7.088837E+03	2.418736E-18	1.120745E-18
7.089037E+03	2.418657E-18	1.122001E-18
7.089237E+03	2.421560E-18	1.122550E-18
7.089437E+03	2.422188E-18	1.120589E-18
7.089637E+03	2.423051E-18	1.117293E-18
7.089837E+03	2.425483E-18	1.110702E-18
7.090037E+03	2.428543E-18	1.105210E-18
7.090237E+03	2.426425E-18	1.105132E-18
7.090437E+03	2.425091E-18	1.103249E-18
7.090637E+03	2.428073E-18	1.104033E-18
7.090837E+03	2.430191E-18	1.104190E-18
7.091037E+03	2.431446E-18	1.107015E-18
7.091237E+03	2.437566E-18	1.110232E-18
7.091437E+03	2.446668E-18	1.110310E-18
7.091637E+03	2.456633E-18	1.110310E-18
7.091837E+03	2.458359E-18	1.104112E-18
7.092037E+03	2.456162E-18	1.103955E-18
7.092237E+03	2.452474E-18	1.103955E-18
7.092437E+03	2.450434E-18	1.109290E-18
7.092637E+03	2.448787E-18	1.103249E-18
7.092837E+03	2.447060E-18	1.103249E-18
7.093037E+03	2.445962E-18	1.104896E-18
7.093438E+03	2.448630E-18	1.104896E-18
7.093638E+03	2.453730E-18	1.105053E-18
7.093838E+03	2.454593E-18	1.106858E-18
7.094038E+03	2.458280E-18	1.113449E-18
7.094238E+03	2.460870E-18	1.116979E-18
7.094438E+03	2.467068E-18	1.116352E-18
7.094638E+03	2.476954E-18	1.119098E-18
7.094838E+03	2.480328E-18	1.123570E-18
7.095038E+03	2.475856E-18	1.127807E-18
7.095238E+03	2.471776E-18	1.143970E-18
7.095438E+03	2.471697E-18	1.150404E-18
7.095638E+03	2.478523E-18	1.149933E-18
7.095838E+03	2.479936E-18	1.150875E-18
7.096038E+03	2.481113E-18	1.146716E-18
7.096238E+03	2.483937E-18	1.147579E-18
7.096438E+03	2.491705E-18	1.152915E-18
7.096638E+03	2.495157E-18	1.153072E-18
7.096838E+03	2.492333E-18	1.152366E-18
7.097038E+03	2.492019E-18	1.150796E-18
7.097238E+03	2.495393E-18	1.146952E-18
7.097438E+03	2.496256E-18	1.146873E-18
7.097638E+03	2.496334E-18	1.155269E-18
7.097838E+03	2.493902E-18	1.166959E-18
7.098038E+03	2.490293E-18	1.164606E-18
7.098238E+03	2.491470E-18	1.161389E-18
7.098439E+03	2.492882E-18	1.160761E-18
7.098639E+03	2.492725E-18	1.161624E-18
7.098838E+03	2.495707E-18	1.158642E-18
7.099038E+03	2.500100E-18	1.148835E-18
7.099239E+03	2.498767E-18	1.146167E-18
7.099439E+03	2.494059E-18	1.149070E-18
7.099638E+03	2.490214E-18	1.154641E-18
7.099838E+03	2.490842E-18	1.145461E-18
7.100038E+03	2.493117E-18	1.142793E-18
7.100238E+03	2.497276E-18	1.137693E-18
7.100438E+03	2.498296E-18	1.128042E-18
7.100638E+03	2.490763E-18	1.118392E-18
7.100838E+03	2.489116E-18	1.114155E-18
7.101038E+03	2.489900E-18	1.114782E-18
7.101238E+03	2.496334E-18	1.118470E-18
7.101438E+03	2.499630E-18	1.123335E-18
7.101638E+03	2.504730E-18	1.120981E-18
7.101838E+03	2.503788E-18	1.125924E-18
7.102038E+03	2.497747E-18	1.124590E-18
7.102238E+03	2.489351E-18	1.126709E-18
7.102438E+03	2.485585E-18	1.125924E-18
7.102638E+03	2.488723E-18	1.125061E-18
7.102838E+03	2.494373E-18	1.129690E-18
7.103038E+03	2.497354E-18	1.130239E-18
7.103238E+03	2.497354E-18	1.128984E-18
7.103438E+03	2.500100E-18	1.131887E-18
7.103639E+03	2.497982E-18	1.138085E-18
7.103839E+03	2.499080E-18	1.134869E-18
7.104039E+03	2.503553E-18	1.124982E-18
7.104239E+03	2.504965E-18	1.122393E-18
7.104439E+03	2.501591E-18	1.129455E-18
7.104639E+03	2.493039E-18	1.131024E-18
7.104839E+03	2.490999E-18	1.127807E-18
7.105039E+03	2.491156E-18	1.127885E-18
7.105239E+03	2.490057E-18	1.120745E-18
7.105439E+03	2.488096E-18	1.121373E-18
7.105639E+03	2.486762E-18	1.134947E-18
7.105839E+03	2.490136E-18	1.140675E-18
7.106039E+03	2.493902E-18	1.141538E-18
7.106239E+03	2.496177E-18	1.141616E-18
7.106439E+03	2.494922E-18	1.138164E-18
7.106639E+03	2.493353E-18	1.147972E-18
7.106839E+03	2.492176E-18	1.146638E-18
7.107039E+03	2.493588E-18	1.151424E-18
7.107239E+03	2.493117E-18	1.151581E-18
7.107439E+03	2.496648E-18	1.155504E-18
7.107639E+03	2.497511E-18	1.156681E-18
7.107839E+03	2.497903E-18	1.165469E-18
7.108039E+03	2.502925E-18	1.181318E-18
7.108239E+03	2.501983E-18	1.178179E-18
7.108439E+03	2.498610E-18	1.177866E-18
7.108640E+03	2.497276E-18	1.174570E-18
7.108840E+03	2.503553E-18	1.173942E-18
7.109040E+03	2.508653E-18	1.174884E-18
7.109240E+03	2.510614E-18	1.169078E-18
7.109440E+03	2.515871E-18	1.161781E-18
7.109640E+03	2.517990E-18	1.179670E-18
7.109840E+03	2.515871E-18	1.183986E-18
7.110040E+03	2.513047E-18	1.183358E-18
7.110240E+03	2.509045E-18	1.180376E-18
7.110440E+03	2.509437E-18	1.183750E-18
7.110640E+03	2.512105E-18	1.177002E-18
7.110840E+03	2.509751E-18	1.174962E-18
7.111039E+03	2.503160E-18	1.174649E-18
7.111239E+03	2.502062E-18	1.174335E-18
7.111440E+03	2.504651E-18	1.169627E-18
7.111640E+03	2.502768E-18	1.168529E-18
7.111840E+03	2.501199E-18	1.166332E-18
7.112039E+03	2.497433E-18	1.171353E-18
7.112239E+03	2.489194E-18	1.170647E-18
7.112439E+03	2.483937E-18	1.169392E-18
7.112639E+03	2.482211E-18	1.176296E-18
7.113039E+03	2.489665E-18	1.173942E-18
7.113239E+03	2.493274E-18	1.171589E-18
7.113439E+03	2.494687E-18	1.162958E-18
7.113639E+03	2.499787E-18	1.159035E-18
7.113840E+03	2.493980E-18	1.157622E-18
7.114040E+03	2.493431E-18	1.156838E-18
7.114240E+03	2.488880E-18	1.156367E-18
7.114440E+03	2.485742E-18	1.157466E-18
7.114640E+03	2.487625E-18	1.146089E-18
7.114840E+03	2.488096E-18	1.140204E-18
7.115040E+03	2.483623E-18	1.140989E-18
7.115240E+03	2.481740E-18	1.152366E-18
7.115440E+03	2.487233E-18	1.153699E-18
7.115640E+03	2.485271E-18	1.145382E-18
7.115840E+03	2.481583E-18	1.146559E-18
7.116040E+03	2.480720E-18	1.146324E-18
7.116240E+03	2.481583E-18	1.147658E-18
7.116440E+03	2.485193E-18	1.153464E-18
7.116640E+03	2.485585E-18	1.153464E-18
7.116840E+03	2.489351E-18	1.158329E-18
7.117040E+03	2.496962E-18	1.158407E-18
7.117240E+03	2.498688E-18	1.150326E-18
7.117440E+03	2.492960E-18	1.142401E-18
7.117640E+03	2.492176E-18	1.141930E-18
7.117840E+03	2.495863E-18	1.143892E-18
7.118040E+03	2.499316E-18	1.142558E-18
7.118240E+03	2.498139E-18	1.133142E-18
7.118440E+03	2.494451E-18	1.132672E-18
7.118640E+03	2.493274E-18	1.132593E-18
7.118840E+03	2.491940E-18	1.134005E-18
7.119041E+03	2.490214E-18	1.135889E-18
7.119241E+03	2.491391E-18	1.135339E-18
7.119441E+03	2.488802E-18	1.136673E-18
7.119641E+03	2.488959E-18	1.131338E-18
7.119841E+03	2.490371E-18	1.130082E-18
7.120041E+03	2.487625E-18	1.129141E-18
7.120241E+03	2.491077E-18	1.129925E-18
7.120441E+03	2.497590E-18	1.133064E-18
7.120641E+03	2.496413E-18	1.134790E-18
7.120841E+03	2.499237E-18	1.133927E-18
7.121041E+03	2.503867E-18	1.132985E-18
7.121241E+03	2.509751E-18	1.131730E-18
7.121441E+03	2.518147E-18	1.132515E-18
7.121641E+03	2.524267E-18	1.131730E-18
7.121841E+03	2.528503E-18	1.131809E-18
7.122041E+03	2.525993E-18	1.129141E-18
7.122241E+03	2.522776E-18	1.127650E-18
7.122441E+03	2.525051E-18	1.119882E-18
7.122641E+03	2.524031E-18	1.116744E-18
7.122841E+03	2.522540E-18	1.112036E-18
7.123041E+03	2.524423E-18	1.104818E-18
7.123241E+03	2.522383E-18	1.104425E-18
7.123440E+03	2.520265E-18	1.103249E-18
7.123641E+03	2.527876E-18	1.105132E-18
7.123841E+03	2.530151E-18	1.104112E-18
7.124041E+03	2.525522E-18	1.110545E-18
7.124242E+03	2.524973E-18	1.109682E-18
7.124441E+03	2.517283E-18	1.108976E-18
7.124641E+03	2.518539E-18	1.107956E-18
7.124841E+03	2.521285E-18	1.114390E-18
7.125041E+03	2.519088E-18	1.111409E-18
7.125241E+03	2.513047E-18	1.119412E-18
7.125441E+03	2.509751E-18	1.122393E-18
7.125641E+03	2.508417E-18	1.118549E-18
7.125841E+03	2.509202E-18	1.117215E-18
7.126041E+03	2.506927E-18	1.118705E-18
7.126241E+03	2.507240E-18	1.125453E-18
7.126441E+03	2.505985E-18	1.118235E-18
7.126641E+03	2.506534E-18	1.110153E-18
7.126841E+03	2.505043E-18	1.103955E-18
7.127041E+03	2.502140E-18	1.105445E-18
7.127241E+03	2.499316E-18	1.114155E-18
7.127641E+03	2.496805E-18	1.113605E-18
7.127841E+03	2.501827E-18	1.113135E-18
7.128041E+03	2.506142E-18	1.113684E-18
7.128241E+03	2.506063E-18	1.113135E-18
7.128441E+03	2.505357E-18	1.122864E-18
7.128641E+03	2.506848E-18	1.123335E-18
7.129041E+03	2.514380E-18	1.124669E-18
7.129642E+03	2.515714E-18	1.125845E-18
7.129842E+03	2.512654E-18	1.126473E-18
7.130042E+03	2.511007E-18	1.126395E-18
7.130242E+03	2.506848E-18	1.126709E-18
7.130442E+03	2.504259E-18	1.126238E-18
7.130642E+03	2.506299E-18	1.124904E-18
7.130842E+03	2.513125E-18	1.123649E-18
7.131042E+03	2.522776E-18	1.123335E-18
7.131242E+03	2.530779E-18	1.117685E-18
7.131442E+03	2.531720E-18	1.116979E-18
7.131642E+03	2.529680E-18	1.114939E-18
7.131842E+03	2.532897E-18	1.115175E-18
7.132042E+03	2.535251E-18	1.115253E-18
7.132242E+03	2.535251E-18	1.115175E-18
7.132442E+03	2.536820E-18	1.113370E-18
7.132642E+03	2.538154E-18	1.107799E-18
7.132842E+03	2.538625E-18	1.105916E-18
7.133042E+03	2.537213E-18	1.104033E-18
7.133242E+03	2.530857E-18	1.104112E-18
7.133442E+03	2.529210E-18	1.103955E-18
7.133642E+03	2.526934E-18	1.104504E-18
7.133842E+03	2.519794E-18	1.105602E-18
7.134042E+03	2.512497E-18	1.105289E-18
7.134443E+03	2.513203E-18	1.109133E-18
7.134643E+03	2.507083E-18	1.105602E-18
7.134843E+03	2.499865E-18	1.097678E-18
7.135043E+03	2.497747E-18	1.097678E-18
7.135243E+03	2.497747E-18	1.096736E-18
7.135443E+03	2.495785E-18	1.095402E-18
7.135643E+03	2.488017E-18	1.097992E-18
7.135843E+03	2.488017E-18	1.099012E-18
7.136042E+03	2.490293E-18	1.093833E-18
7.136243E+03	2.491234E-18	1.093598E-18
7.136443E+03	2.491862E-18	1.093598E-18
7.136642E+03	2.486370E-18	1.092107E-18
7.136842E+03	2.484643E-18	1.095795E-18
7.137042E+03	2.480877E-18	1.098698E-18
7.137242E+03	2.479779E-18	1.097913E-18
7.137442E+03	2.478445E-18	1.091950E-18
7.137642E+03	2.476719E-18	1.088576E-18
7.137842E+03	2.474914E-18	1.089910E-18
7.138042E+03	2.471776E-18	1.083555E-18
7.138242E+03	2.464636E-18	1.087870E-18
7.138442E+03	2.459536E-18	1.086929E-18
7.138642E+03	2.460399E-18	1.069824E-18
7.138842E+03	2.459143E-18	1.063233E-18
7.139042E+03	2.457417E-18	1.065665E-18
7.139242E+03	2.456476E-18	1.070687E-18
7.139442E+03	2.459222E-18	1.079082E-18
7.139643E+03	2.456633E-18	1.078769E-18
7.139843E+03	2.451768E-18	1.073669E-18
7.140043E+03	2.446433E-18	1.075238E-18
7.140243E+03	2.443843E-18	1.075238E-18
7.140443E+03	2.441646E-18	1.075159E-18
7.140643E+03	2.437331E-18	1.072570E-18
7.140843E+03	2.431917E-18	1.074924E-18
7.141043E+03	2.423757E-18	1.076885E-18
7.141243E+03	2.420226E-18	1.074689E-18
7.141443E+03	2.423836E-18	1.073590E-18
7.141643E+03	2.427916E-18	1.083555E-18
7.141843E+03	2.426739E-18	1.082692E-18
7.142043E+03	2.423365E-18	1.081436E-18
7.142243E+03	2.424934E-18	1.084182E-18
7.142443E+03	2.429799E-18	1.086301E-18
7.142643E+03	2.428936E-18	1.089125E-18
7.142843E+03	2.427994E-18	1.096501E-18
7.143043E+03	2.432780E-18	1.091165E-18
7.143243E+03	2.432937E-18	1.091165E-18
7.143443E+03	2.429093E-18	1.093833E-18
7.143643E+03	2.423679E-18	1.097442E-18
7.143843E+03	2.421874E-18	1.096736E-18
7.144043E+03	2.419363E-18	1.098619E-18
7.144243E+03	2.420854E-18	1.102778E-18
7.144443E+03	2.422188E-18	1.113762E-18
7.144643E+03	2.417166E-18	1.109212E-18
7.144844E+03	2.415754E-18	1.103484E-18
7.145044E+03	2.413086E-18	1.103405E-18
7.145244E+03	2.409163E-18	1.096972E-18
7.145444E+03	2.404377E-18	1.104661E-18
7.145644E+03	2.402730E-18	1.108741E-18
7.145844E+03	2.400297E-18	1.110781E-18
7.146044E+03	2.396610E-18	1.110781E-18
7.146244E+03	2.391510E-18	1.105838E-18
7.146444E+03	2.390490E-18	1.106387E-18
7.146644E+03	2.389548E-18	1.107564E-18
7.146844E+03	2.387979E-18	1.105916E-18
7.147244E+03	2.389156E-18	1.098855E-18
7.147444E+03	2.384526E-18	1.107799E-18
7.147644E+03	2.377857E-18	1.109055E-18
7.147844E+03	2.372443E-18	1.110075E-18
7.148044E+03	2.369226E-18	1.105838E-18
7.148244E+03	2.362479E-18	1.104739E-18
7.148444E+03	2.361380E-18	1.105524E-18
7.148644E+03	2.365225E-18	1.105681E-18
7.148843E+03	2.368756E-18	1.102621E-18
7.149043E+03	2.374719E-18	1.103562E-18
7.149243E+03	2.382251E-18	1.091087E-18
7.149444E+03	2.386174E-18	1.078062E-18
7.149644E+03	2.387900E-18	1.078925E-18
7.149843E+03	2.385703E-18	1.081122E-18
7.150044E+03	2.383428E-18	1.085595E-18
7.150244E+03	2.381702E-18	1.075865E-18
7.150444E+03	2.381231E-18	1.074453E-18
7.150644E+03	2.378799E-18	1.065352E-18
7.150844E+03	2.379113E-18	1.065665E-18
7.151044E+03	2.379270E-18	1.058055E-18
7.151244E+03	2.380682E-18	1.058212E-18
7.151444E+03	2.381310E-18	1.046913E-18
7.151644E+03	2.375660E-18	1.025572E-18
7.151844E+03	2.370717E-18	1.036321E-18
7.152044E+03	2.366402E-18	1.037027E-18
7.152244E+03	2.362793E-18	1.039067E-18
7.152444E+03	2.359811E-18	1.039538E-18
7.152644E+03	2.357614E-18	1.040401E-18
7.152844E+03	2.356202E-18	1.040401E-18
7.153044E+03	2.355339E-18	1.041028E-18
7.153244E+03	2.355260E-18	1.021884E-18
7.153444E+03	2.354240E-18	1.015999E-18
7.153644E+03	2.349768E-18	1.031456E-18
7.153844E+03	2.346002E-18	1.030672E-18
7.154044E+03	2.349925E-18	1.022512E-18
7.154244E+03	2.350082E-18	1.023139E-18
7.154444E+03	2.353377E-18	1.022433E-18
7.154644E+03	2.357065E-18	1.022433E-18
7.154844E+03	2.361459E-18	1.022041E-18
7.155045E+03	2.366794E-18	1.026748E-18
7.155245E+03	2.372130E-18	1.024630E-18
7.155445E+03	2.372993E-18	1.024552E-18
7.155645E+03	2.367343E-18	1.019687E-18
7.155845E+03	2.368756E-18	1.023688E-18
7.156045E+03	2.373071E-18	1.023453E-18
7.156245E+03	2.374483E-18	1.022590E-18
7.156445E+03	2.378406E-18	1.023688E-18
7.156645E+03	2.378956E-18	1.035693E-18
7.156845E+03	2.381466E-18	1.061115E-18
7.157045E+03	2.375033E-18	1.060958E-18
7.157245E+03	2.376131E-18	1.063312E-18
7.157445E+03	2.378250E-18	1.064567E-18
7.157645E+03	2.380133E-18	1.064567E-18
7.157845E+03	2.375111E-18	1.067235E-18
7.158045E+03	2.374483E-18	1.067705E-18
7.158245E+03	2.373934E-18	1.069039E-18
7.158445E+03	2.373620E-18	1.068019E-18
7.158645E+03	2.376837E-18	1.065195E-18
7.158845E+03	2.377543E-18	1.064410E-18
7.159045E+03	2.376445E-18	1.064096E-18
7.159245E+03	2.375503E-18	1.063469E-18
7.159645E+03	2.378485E-18	1.069275E-18
7.159845E+03	2.382879E-18	1.087635E-18
7.160045E+03	2.380682E-18	1.081593E-18
7.160246E+03	2.375346E-18	1.084810E-18
7.160446E+03	2.376680E-18	1.083476E-18
7.160646E+03	2.377386E-18	1.082378E-18
7.160846E+03	2.379505E-18	1.102778E-18
7.161046E+03	2.383820E-18	1.105210E-18
7.161245E+03	2.384213E-18	1.105759E-18
7.161445E+03	2.385468E-18	1.104818E-18
7.161645E+03	2.388214E-18	1.115018E-18
7.161846E+03	2.388685E-18	1.126473E-18
7.162046E+03	2.391431E-18	1.123805E-18
7.162245E+03	2.398257E-18	1.123649E-18
7.162445E+03	2.402965E-18	1.130004E-18
7.162645E+03	2.403279E-18	1.127729E-18
7.162845E+03	2.403671E-18	1.121530E-18
7.163045E+03	2.405397E-18	1.121609E-18
7.163245E+03	2.410105E-18	1.127885E-18
7.163445E+03	2.414656E-18	1.126787E-18
7.163645E+03	2.414656E-18	1.126709E-18
7.163845E+03	2.415126E-18	1.127415E-18
7.164045E+03	2.413793E-18	1.124590E-18
7.164245E+03	2.410890E-18	1.124825E-18
7.164445E+03	2.409242E-18	1.124747E-18
7.164645E+03	2.409870E-18	1.124669E-18
7.164845E+03	2.408300E-18	1.123805E-18
7.165045E+03	2.410968E-18	1.122707E-18
7.165245E+03	2.410262E-18	1.127022E-18
7.165446E+03	2.404534E-18	1.126081E-18
7.165646E+03	2.405633E-18	1.126159E-18
7.165846E+03	2.415597E-18	1.126238E-18
7.166046E+03	2.418893E-18	1.126159E-18
7.166246E+03	2.414970E-18	1.125296E-18
7.166446E+03	2.409006E-18	1.123256E-18
7.166646E+03	2.405790E-18	1.123021E-18
7.166846E+03	2.403906E-18	1.125139E-18
7.167446E+03	2.404220E-18	1.125689E-18
7.167646E+03	2.408457E-18	1.124198E-18
7.167846E+03	2.406339E-18	1.125453E-18
7.168046E+03	2.402965E-18	1.120902E-18
7.168246E+03	2.402337E-18	1.125610E-18
7.168446E+03	2.405476E-18	1.131181E-18
7.168646E+03	2.410183E-18	1.130161E-18
7.168846E+03	2.413793E-18	1.121295E-18
7.169246E+03	2.409242E-18	1.121452E-18
7.169446E+03	2.410026E-18	1.115489E-18
7.169646E+03	2.415126E-18	1.112899E-18
7.169846E+03	2.420776E-18	1.112899E-18
7.170046E+03	2.427445E-18	1.112193E-18
7.170246E+03	2.432310E-18	1.111801E-18
7.170446E+03	2.429328E-18	1.109369E-18
7.170647E+03	2.427523E-18	1.107642E-18
7.170847E+03	2.428700E-18	1.106309E-18
7.171047E+03	2.434114E-18	1.105132E-18
7.171247E+03	2.434350E-18	1.103249E-18
7.171447E+03	2.428622E-18	1.088655E-18
7.171647E+03	2.429406E-18	1.086379E-18
7.171847E+03	2.427366E-18	1.090852E-18
7.172047E+03	2.427288E-18	1.090538E-18
7.172247E+03	2.422816E-18	1.094932E-18
7.172447E+03	2.417010E-18	1.087007E-18
7.172647E+03	2.416931E-18	1.090145E-18
7.172847E+03	2.417873E-18	1.091479E-18
7.173047E+03	2.415126E-18	1.091872E-18
7.173247E+03	2.408536E-18	1.093205E-18
7.173447E+03	2.403593E-18	1.093833E-18
7.173646E+03	2.401788E-18	1.093990E-18
7.173846E+03	2.396923E-18	1.100816E-18
7.174047E+03	2.388214E-18	1.104896E-18
7.174247E+03	2.386880E-18	1.104425E-18
7.174447E+03	2.390254E-18	1.106936E-18
7.174646E+03	2.391510E-18	1.107015E-18
7.174846E+03	2.388920E-18	1.112036E-18
7.175046E+03	2.383350E-18	1.113919E-18
7.175246E+03	2.377700E-18	1.115959E-18
7.175446E+03	2.377779E-18	1.116979E-18
7.175647E+03	2.382957E-18	1.118235E-18
7.175847E+03	2.387273E-18	1.118862E-18
7.176047E+03	2.390019E-18	1.119255E-18
7.176247E+03	2.395982E-18	1.121609E-18
7.176447E+03	2.404063E-18	1.122079E-18
7.176647E+03	2.402102E-18	1.122236E-18
7.176847E+03	2.399983E-18	1.125139E-18
7.177047E+03	2.400690E-18	1.127179E-18
7.177247E+03	2.398963E-18	1.147658E-18
7.177447E+03	2.394256E-18	1.147422E-18
7.177647E+03	2.392608E-18	1.143735E-18
7.177847E+03	2.390097E-18	1.143029E-18
7.178047E+03	2.388450E-18	1.147815E-18
7.178247E+03	2.392530E-18	1.154249E-18
7.178447E+03	2.396688E-18	1.151973E-18
7.178647E+03	2.393942E-18	1.161781E-18
7.178847E+03	2.383036E-18	1.158721E-18
7.179047E+03	2.383585E-18	1.157936E-18
7.179247E+03	2.387037E-18	1.160839E-18
7.179447E+03	2.385546E-18	1.166332E-18
7.179647E+03	2.381702E-18	1.167430E-18
7.179847E+03	2.375582E-18	1.166881E-18
7.180047E+03	2.372836E-18	1.162958E-18
7.180247E+03	2.377230E-18	1.163586E-18
7.180447E+03	2.376916E-18	1.163115E-18
7.180647E+03	2.375111E-18	1.164135E-18
7.180848E+03	2.381231E-18	1.164606E-18
7.181048E+03	2.387037E-18	1.166959E-18
7.181248E+03	2.392922E-18	1.167195E-18
7.181448E+03	2.388999E-18	1.167430E-18
7.181648E+03	2.384056E-18	1.163664E-18
7.181848E+03	2.386645E-18	1.163586E-18
7.182048E+03	2.387508E-18	1.163586E-18
7.182648E+03	2.383350E-18	1.161232E-18
7.182848E+03	2.375974E-18	1.157858E-18
7.183048E+03	2.369776E-18	1.152287E-18
7.183248E+03	2.375425E-18	1.153856E-18
7.183448E+03	2.381545E-18	1.161624E-18
7.183648E+03	2.379348E-18	1.160055E-18
7.183848E+03	2.374483E-18	1.166881E-18
7.184048E+03	2.377308E-18	1.167430E-18
7.184248E+03	2.378877E-18	1.170804E-18
7.184448E+03	2.376366E-18	1.170726E-18
7.184648E+03	2.372365E-18	1.160290E-18
7.184848E+03	2.376445E-18	1.154092E-18
7.185048E+03	2.377543E-18	1.158172E-18
7.185248E+03	2.372286E-18	1.151424E-18
7.185448E+03	2.365225E-18	1.159035E-18
7.185648E+03	2.364126E-18	1.159819E-18
7.185848E+03	2.360360E-18	1.155582E-18
7.186049E+03	2.363028E-18	1.163586E-18
7.186248E+03	2.367030E-18	1.160212E-18
7.186449E+03	2.365617E-18	1.150953E-18
7.186649E+03	2.367108E-18	1.151895E-18
7.186849E+03	2.371423E-18	1.152758E-18
7.187048E+03	2.374405E-18	1.149462E-18
7.187248E+03	2.371345E-18	1.146089E-18
7.187448E+03	2.371110E-18	1.151346E-18
7.187648E+03	2.372208E-18	1.149070E-18
7.187848E+03	2.370796E-18	1.148050E-18
7.188048E+03	2.373150E-18	1.145225E-18
7.188248E+03	2.374248E-18	1.149776E-18
7.188448E+03	2.377622E-18	1.152130E-18
7.188648E+03	2.377543E-18	1.158956E-18
7.188848E+03	2.372365E-18	1.159976E-18
7.189048E+03	2.372286E-18	1.154876E-18
7.189248E+03	2.377465E-18	1.148442E-18
7.189448E+03	2.380917E-18	1.151502E-18
7.189648E+03	2.388293E-18	1.152130E-18
7.189848E+03	2.395040E-18	1.151659E-18
7.190048E+03	2.394570E-18	1.151032E-18
7.190248E+03	2.397002E-18	1.153072E-18
7.190448E+03	2.401866E-18	1.159976E-18
7.190648E+03	2.398493E-18	1.168607E-18
7.190848E+03	2.391117E-18	1.174178E-18
7.191048E+03	2.388528E-18	1.173001E-18
7.191249E+03	2.386645E-18	1.176061E-18
7.191449E+03	2.390646E-18	1.174335E-18
7.191649E+03	2.390568E-18	1.174335E-18
7.191849E+03	2.385076E-18	1.177944E-18
7.192049E+03	2.385076E-18	1.177866E-18
7.192249E+03	2.384056E-18	1.180769E-18
7.192449E+03	2.384134E-18	1.185162E-18
7.192649E+03	2.390568E-18	1.186182E-18
7.192849E+03	2.394883E-18	1.178886E-18
7.193049E+03	2.396766E-18	1.177159E-18
7.193249E+03	2.395040E-18	1.175747E-18
7.193449E+03	2.390490E-18	1.171118E-18
7.193649E+03	2.389626E-18	1.181082E-18
7.193849E+03	2.390254E-18	1.188379E-18
7.194049E+03	2.394334E-18	1.189556E-18
7.194249E+03	2.397394E-18	1.190419E-18
7.194449E+03	2.394099E-18	1.194735E-18
7.194649E+03	2.391274E-18	1.200541E-18
7.194849E+03	2.392843E-18	1.200462E-18
7.195049E+03	2.394726E-18	1.202346E-18
7.195249E+03	2.394805E-18	1.192459E-18
7.195449E+03	2.394962E-18	1.193872E-18
7.195649E+03	2.390646E-18	1.194421E-18
7.195849E+03	2.387743E-18	1.194656E-18
7.196049E+03	2.387508E-18	1.196226E-18
7.196250E+03	2.388606E-18	1.208544E-18
7.196450E+03	2.385390E-18	1.219607E-18
7.196650E+03	2.387194E-18	1.226826E-18
7.196850E+03	2.392922E-18	1.223373E-18
7.197050E+03	2.388999E-18	1.212624E-18
7.197250E+03	2.388606E-18	1.215998E-18
7.197450E+03	2.389705E-18	1.216547E-18
7.197650E+03	2.394491E-18	1.216861E-18
7.197850E+03	2.398885E-18	1.215762E-18
7.198050E+03	2.397080E-18	1.216390E-18
7.198250E+03	2.397630E-18	1.216312E-18
7.198450E+03	2.399826E-18	1.211996E-18
7.198650E+03	2.402651E-18	1.212310E-18
7.198850E+03	2.400140E-18	1.215213E-18
7.199249E+03	2.399356E-18	1.217959E-18
7.199449E+03	2.407123E-18	1.222746E-18
7.199650E+03	2.411910E-18	1.222667E-18
7.199850E+03	2.406888E-18	1.221176E-18
7.200249E+03	2.399120E-18	1.222275E-18
7.200449E+03	2.402886E-18	1.210192E-18
7.200649E+03	2.412930E-18	1.190969E-18
7.200849E+03	2.418893E-18	1.191204E-18
7.201049E+03	2.418814E-18	1.195441E-18
7.201249E+03	2.424542E-18	1.195598E-18
7.201450E+03	2.433800E-18	1.197167E-18
7.201650E+03	2.439685E-18	1.192773E-18
7.201850E+03	2.444236E-18	1.191832E-18
7.202050E+03	2.451219E-18	1.205406E-18
7.202250E+03	2.454357E-18	1.211212E-18
7.202450E+03	2.459065E-18	1.208073E-18
7.202650E+03	2.460556E-18	1.207916E-18
7.202850E+03	2.459771E-18	1.208622E-18
7.203050E+03	2.459614E-18	1.211526E-18
7.203250E+03	2.462125E-18	1.208309E-18
7.203450E+03	2.468794E-18	1.192616E-18
7.203650E+03	2.473423E-18	1.196069E-18
7.203850E+03	2.472011E-18	1.193950E-18
7.204050E+03	2.468167E-18	1.195441E-18
7.204250E+03	2.467068E-18	1.195755E-18
7.204450E+03	2.463145E-18	1.178022E-18
7.204650E+03	2.467460E-18	1.176846E-18
7.204850E+03	2.467931E-18	1.176689E-18
7.205050E+03	2.466283E-18	1.173629E-18
7.205250E+03	2.464479E-18	1.164370E-18
7.205450E+03	2.468167E-18	1.154484E-18
7.205650E+03	2.471540E-18	1.164684E-18
7.205850E+03	2.474757E-18	1.164841E-18
7.206050E+03	2.478131E-18	1.157858E-18
7.206250E+03	2.476327E-18	1.159192E-18
7.206450E+03	2.469343E-18	1.166175E-18
7.206651E+03	2.463223E-18	1.165076E-18
7.206851E+03	2.463223E-18	1.157230E-18
7.207051E+03	2.464243E-18	1.157466E-18
7.207251E+03	2.462439E-18	1.157936E-18
7.207451E+03	2.459850E-18	1.155975E-18
7.207651E+03	2.463380E-18	1.158093E-18
7.207851E+03	2.473110E-18	1.158642E-18
7.208051E+03	2.479230E-18	1.158642E-18
7.208251E+03	2.483153E-18	1.160682E-18
7.208451E+03	2.488331E-18	1.168921E-18
7.208651E+03	2.488253E-18	1.170647E-18
7.208851E+03	2.482839E-18	1.179513E-18
7.209051E+03	2.478053E-18	1.183829E-18
7.209251E+03	2.481348E-18	1.185241E-18
7.209451E+03	2.486056E-18	1.187124E-18
7.209651E+03	2.488488E-18	1.188222E-18
7.209851E+03	2.491470E-18	1.188144E-18
7.210051E+03	2.494608E-18	1.189321E-18
7.210251E+03	2.492647E-18	1.190576E-18
7.210451E+03	2.490057E-18	1.188693E-18
7.210651E+03	2.493274E-18	1.188222E-18
7.210851E+03	2.494373E-18	1.187595E-18
7.211051E+03	2.493823E-18	1.185555E-18
7.211251E+03	2.494294E-18	1.190655E-18
7.211450E+03	2.491391E-18	1.186810E-18
7.211650E+03	2.486527E-18	1.187830E-18
7.211851E+03	2.485428E-18	1.188301E-18
7.212051E+03	2.490293E-18	1.188379E-18
7.212252E+03	2.499787E-18	1.188144E-18
7.212451E+03	2.506456E-18	1.188536E-18
7.212651E+03	2.507083E-18	1.187987E-18
7.212851E+03	2.510771E-18	1.190419E-18
7.213051E+03	2.509908E-18	1.194264E-18
7.213251E+03	2.511634E-18	1.197481E-18
7.213451E+03	2.512497E-18	1.197324E-18
7.213651E+03	2.512262E-18	1.198893E-18
7.213851E+03	2.516813E-18	1.200306E-18
7.214051E+03	2.522697E-18	1.205170E-18
7.214251E+03	2.524188E-18	1.210898E-18
7.214451E+03	2.518539E-18	1.216547E-18
7.214651E+03	2.508339E-18	1.216233E-18
7.214851E+03	2.509987E-18	1.212467E-18
7.215051E+03	2.514851E-18	1.214429E-18
7.215251E+03	2.518931E-18	1.210741E-18
7.215451E+03	2.523090E-18	1.213566E-18
7.215851E+03	2.525679E-18	1.213330E-18
7.216051E+03	2.523874E-18	1.213879E-18
7.216251E+03	2.525600E-18	1.213722E-18
7.216451E+03	2.533211E-18	1.214586E-18
7.216651E+03	2.538154E-18	1.218822E-18
7.216852E+03	2.531799E-18	1.220627E-18
7.217052E+03	2.527797E-18	1.221176E-18
7.217252E+03	2.529916E-18	1.223452E-18
7.217452E+03	2.532740E-18	1.228630E-18
7.217652E+03	2.536820E-18	1.229572E-18
7.217852E+03	2.540116E-18	1.233652E-18
7.218052E+03	2.540116E-18	1.232318E-18
7.218252E+03	2.543490E-18	1.232004E-18
7.218452E+03	2.552199E-18	1.232161E-18
7.218652E+03	2.552984E-18	1.233024E-18
7.218852E+03	2.554788E-18	1.233259E-18
7.219052E+03	2.559888E-18	1.233416E-18
7.219252E+03	2.564282E-18	1.234122E-18
7.219452E+03	2.565224E-18	1.232867E-18
7.219652E+03	2.567813E-18	1.232318E-18
7.219852E+03	2.572050E-18	1.231612E-18
7.220052E+03	2.573305E-18	1.229258E-18
7.220252E+03	2.572756E-18	1.226041E-18
7.220452E+03	2.573854E-18	1.203915E-18
7.220652E+03	2.576287E-18	1.202581E-18
7.220852E+03	2.571344E-18	1.203052E-18
7.221052E+03	2.568519E-18	1.210584E-18
7.221252E+03	2.568676E-18	1.204621E-18
7.221452E+03	2.569853E-18	1.205249E-18
7.221652E+03	2.572913E-18	1.205876E-18
7.221852E+03	2.572677E-18	1.194186E-18
7.222053E+03	2.564674E-18	1.193636E-18
7.222253E+03	2.558005E-18	1.202895E-18
7.222453E+03	2.554710E-18	1.199442E-18
7.222653E+03	2.554867E-18	1.196853E-18
7.222853E+03	2.558084E-18	1.197873E-18
7.223053E+03	2.558947E-18	1.202189E-18
7.223253E+03	2.557848E-18	1.202659E-18
7.223453E+03	2.553847E-18	1.197952E-18
7.223653E+03	2.549060E-18	1.200462E-18
7.223852E+03	2.552277E-18	1.199756E-18
7.224052E+03	2.559182E-18	1.204229E-18
7.224252E+03	2.558162E-18	1.200070E-18
7.224453E+03	2.558005E-18	1.199050E-18
7.224653E+03	2.561693E-18	1.192852E-18
7.224852E+03	2.560830E-18	1.199756E-18
7.225052E+03	2.558084E-18	1.199835E-18
7.225252E+03	2.552591E-18	1.200933E-18
7.225452E+03	2.551257E-18	1.206504E-18
7.225652E+03	2.555102E-18	1.203287E-18
7.225852E+03	2.561379E-18	1.199992E-18
7.226052E+03	2.560673E-18	1.202816E-18
7.226252E+03	2.557299E-18	1.200070E-18
7.226452E+03	2.558005E-18	1.205562E-18
7.226652E+03	2.556044E-18	1.199599E-18
7.226852E+03	2.558319E-18	1.199050E-18
7.227052E+03	2.559417E-18	1.196382E-18
7.227253E+03	2.558633E-18	1.202659E-18
7.227453E+03	2.563968E-18	1.213879E-18
7.227653E+03	2.572364E-18	1.211055E-18
7.227853E+03	2.582407E-18	1.206504E-18
7.228053E+03	2.582956E-18	1.204935E-18
7.228253E+03	2.580288E-18	1.199286E-18
7.228453E+03	2.581857E-18	1.198579E-18
7.228653E+03	2.586565E-18	1.200070E-18
7.228853E+03	2.590802E-18	1.192852E-18
7.229053E+03	2.591116E-18	1.194735E-18
7.229253E+03	2.589782E-18	1.197167E-18
7.229453E+03	2.588762E-18	1.199521E-18
7.229653E+03	2.588213E-18	1.202502E-18
7.229853E+03	2.592136E-18	1.206347E-18
7.230053E+03	2.597314E-18	1.205249E-18
7.230253E+03	2.598805E-18	1.199835E-18
7.230453E+03	2.595588E-18	1.204150E-18
7.230653E+03	2.590802E-18	1.201718E-18
7.230853E+03	2.586644E-18	1.196226E-18
7.231053E+03	2.592371E-18	1.208230E-18
7.231253E+03	2.593470E-18	1.206739E-18
7.231453E+03	2.588605E-18	1.206896E-18
7.231653E+03	2.589860E-18	1.211761E-18
7.231853E+03	2.592371E-18	1.209093E-18
7.232053E+03	2.594176E-18	1.209721E-18
7.232253E+03	2.598020E-18	1.211996E-18
7.232454E+03	2.601944E-18	1.214429E-18
7.232654E+03	2.601316E-18	1.214272E-18
7.232854E+03	2.600845E-18	1.213879E-18
7.233054E+03	2.601159E-18	1.212389E-18
7.233254E+03	2.597628E-18	1.217802E-18
7.233454E+03	2.596844E-18	1.227532E-18
7.233654E+03	2.604062E-18	1.216939E-18
7.233854E+03	2.610574E-18	1.221490E-18
7.234054E+03	2.609319E-18	1.218038E-18
7.234254E+03	2.606887E-18	1.223766E-18
7.234454E+03	2.605867E-18	1.225256E-18
7.234654E+03	2.603827E-18	1.233966E-18
7.234854E+03	2.602414E-18	1.251776E-18
7.235054E+03	2.597000E-18	1.249109E-18
7.235254E+03	2.594176E-18	1.246990E-18
7.235454E+03	2.598884E-18	1.247382E-18
7.235654E+03	2.601630E-18	1.248952E-18
7.235854E+03	2.602885E-18	1.251619E-18
7.236054E+03	2.599982E-18	1.255150E-18
7.236254E+03	2.597785E-18	1.257975E-18
7.236453E+03	2.594176E-18	1.250207E-18
7.236654E+03	2.590880E-18	1.244244E-18
7.236854E+03	2.590567E-18	1.241576E-18
7.237053E+03	2.598177E-18	1.244950E-18
7.237253E+03	2.602414E-18	1.241106E-18
7.237453E+03	2.599982E-18	1.233181E-18
7.237654E+03	2.603905E-18	1.233495E-18
7.237854E+03	2.609711E-18	1.234279E-18
7.238054E+03	2.611124E-18	1.236084E-18
7.238254E+03	2.612536E-18	1.236319E-18
7.238454E+03	2.616537E-18	1.235378E-18
7.238654E+03	2.619754E-18	1.242989E-18
7.238854E+03	2.619205E-18	1.236476E-18
7.239254E+03	2.619597E-18	1.222510E-18
7.239454E+03	2.617322E-18	1.209172E-18
7.239654E+03	2.616459E-18	1.198187E-18
7.239854E+03	2.620304E-18	1.198501E-18
7.240054E+03	2.620539E-18	1.198030E-18
7.240654E+03	2.617087E-18	1.192930E-18
7.240854E+03	2.615517E-18	1.194342E-18
7.241254E+03	2.617793E-18	1.200541E-18
7.241454E+03	2.620539E-18	1.218979E-18
7.242054E+03	2.622971E-18	1.227139E-18
7.242454E+03	2.624854E-18	1.238909E-18
7.242655E+03	2.632387E-18	1.240792E-18
7.243255E+03	2.639605E-18	1.240713E-18
7.243455E+03	2.640547E-18	1.238595E-18
7.243655E+03	2.643293E-18	1.241106E-18
7.243855E+03	2.646196E-18	1.235456E-18
7.244055E+03	2.643450E-18	1.238046E-18
7.244255E+03	2.643842E-18	1.233966E-18
7.244455E+03	2.645176E-18	1.233416E-18
7.244655E+03	2.644234E-18	1.237810E-18
7.244855E+03	2.639997E-18	1.249423E-18
7.245655E+03	2.637251E-18	1.249579E-18
7.245855E+03	2.638114E-18	1.254209E-18
7.246055E+03	2.638428E-18	1.255229E-18
7.247055E+03	2.636937E-18	1.254052E-18
7.247255E+03	2.633485E-18	1.254836E-18
7.247455E+03	2.629484E-18	1.254993E-18
7.247655E+03	2.629170E-18	1.246990E-18
7.247856E+03	2.628777E-18	1.242439E-18
7.248256E+03	2.624227E-18	1.238595E-18
7.248456E+03	2.627130E-18	1.241969E-18
7.248656E+03	2.629327E-18	1.248402E-18
7.248856E+03	2.632308E-18	1.253346E-18
7.249256E+03	2.630425E-18	1.267469E-18
7.249456E+03	2.633799E-18	1.267783E-18
7.249655E+03	2.640704E-18	1.266135E-18
7.249855E+03	2.646431E-18	1.266056E-18
7.250056E+03	2.648628E-18	1.265507E-18
7.250255E+03	2.648785E-18	1.266370E-18
7.250455E+03	2.645019E-18	1.269430E-18
7.250655E+03	2.641017E-18	1.277669E-18
7.250855E+03	2.640782E-18	1.281670E-18
7.251055E+03	2.641331E-18	1.282769E-18
7.251255E+03	2.641174E-18	1.283946E-18
7.251455E+03	2.643450E-18	1.288653E-18
7.251655E+03	2.645411E-18	1.282219E-18
7.251855E+03	2.645176E-18	1.282219E-18
7.252055E+03	2.644391E-18	1.286221E-18
7.252255E+03	2.645097E-18	1.296421E-18
7.252455E+03	2.648471E-18	1.293518E-18
7.252655E+03	2.651453E-18	1.295950E-18
7.252855E+03	2.652002E-18	1.298539E-18
7.253056E+03	2.657416E-18	1.299559E-18
7.253656E+03	2.656239E-18	1.312506E-18
7.253856E+03	2.653257E-18	1.315095E-18
7.254056E+03	2.656867E-18	1.314232E-18
7.254256E+03	2.659456E-18	1.310858E-18
7.254856E+03	2.652394E-18	1.320038E-18
7.255056E+03	2.644862E-18	1.318312E-18
7.255256E+03	2.641331E-18	1.311250E-18
7.255456E+03	2.640233E-18	1.311093E-18
7.255656E+03	2.640390E-18	1.299559E-18
7.255856E+03	2.644548E-18	1.307327E-18
7.256056E+03	2.648628E-18	1.308661E-18
7.256256E+03	2.651767E-18	1.307719E-18
7.256456E+03	2.651531E-18	1.306543E-18
7.256656E+03	2.647608E-18	1.305993E-18
7.256856E+03	2.646353E-18	1.305915E-18
7.257056E+03	2.642430E-18	1.306386E-18
7.257256E+03	2.640860E-18	1.314389E-18
7.257456E+03	2.640860E-18	1.316899E-18
7.257656E+03	2.645254E-18	1.319803E-18
7.257856E+03	2.651296E-18	1.329689E-18
7.258056E+03	2.652630E-18	1.330395E-18
7.258257E+03	2.656082E-18	1.349069E-18
7.258457E+03	2.661104E-18	1.366487E-18
7.258657E+03	2.663693E-18	1.365546E-18
7.258857E+03	2.660162E-18	1.365467E-18
7.259057E+03	2.658201E-18	1.368213E-18
7.259257E+03	2.662202E-18	1.367193E-18
7.259457E+03	2.672716E-18	1.376687E-18
7.259657E+03	2.676953E-18	1.386966E-18
7.259857E+03	2.672402E-18	1.386573E-18
7.260057E+03	2.671304E-18	1.385867E-18
7.260257E+03	2.676953E-18	1.385867E-18
7.260457E+03	2.681111E-18	1.391438E-18
7.260657E+03	2.681504E-18	1.390575E-18
7.260857E+03	2.681739E-18	1.386809E-18
7.261057E+03	2.681739E-18	1.386495E-18
7.261257E+03	2.688094E-18	1.381944E-18
7.261457E+03	2.699707E-18	1.381709E-18
7.261657E+03	2.700413E-18	1.382023E-18
7.261856E+03	2.699550E-18	1.380061E-18
7.262056E+03	2.701276E-18	1.381709E-18
7.262257E+03	2.700884E-18	1.381160E-18
7.262457E+03	2.703473E-18	1.378021E-18
7.262657E+03	2.707474E-18	1.374883E-18
7.262856E+03	2.708887E-18	1.374412E-18
7.263056E+03	2.708102E-18	1.384063E-18
7.263257E+03	2.713594E-18	1.389320E-18
7.263457E+03	2.715085E-18	1.387436E-18
7.263657E+03	2.715870E-18	1.381003E-18
7.263857E+03	2.721990E-18	1.375353E-18
7.264257E+03	2.722696E-18	1.369861E-18
7.264457E+03	2.718145E-18	1.372764E-18
7.264657E+03	2.717831E-18	1.371273E-18
7.264857E+03	2.724893E-18	1.367429E-18
7.265057E+03	2.730150E-18	1.365075E-18
7.265257E+03	2.729130E-18	1.362486E-18
7.265457E+03	2.724657E-18	1.360132E-18
7.265657E+03	2.718224E-18	1.358092E-18
7.265857E+03	2.712025E-18	1.369626E-18
7.266057E+03	2.717047E-18	1.370567E-18
7.266257E+03	2.718537E-18	1.370410E-18
7.266457E+03	2.715713E-18	1.369861E-18
7.266657E+03	2.721441E-18	1.370332E-18
7.266857E+03	2.726305E-18	1.371587E-18
7.267057E+03	2.725756E-18	1.371666E-18
7.267257E+03	2.726697E-18	1.371901E-18
7.267457E+03	2.727325E-18	1.372058E-18
7.267657E+03	2.730464E-18	1.378178E-18
7.267857E+03	2.732582E-18	1.373706E-18
7.268057E+03	2.733053E-18	1.376766E-18
7.268257E+03	2.735956E-18	1.375667E-18
7.268458E+03	2.741684E-18	1.380532E-18
7.268658E+03	2.746470E-18	1.389241E-18
7.268858E+03	2.746470E-18	1.389006E-18
7.269058E+03	2.742625E-18	1.389869E-18
7.269858E+03	2.745921E-18	1.386730E-18
7.270058E+03	2.752119E-18	1.391987E-18
7.270258E+03	2.755650E-18	1.393949E-18
7.270458E+03	2.758396E-18	1.392772E-18
7.270658E+03	2.765536E-18	1.393321E-18
7.270858E+03	2.768674E-18	1.394263E-18
7.271058E+03	2.766713E-18	1.392066E-18
7.271258E+03	2.771421E-18	1.392850E-18
7.271458E+03	2.763418E-18	1.390104E-18
7.271658E+03	2.760985E-18	1.390340E-18
7.271858E+03	2.758788E-18	1.388456E-18
7.272058E+03	2.760828E-18	1.386730E-18
7.272258E+03	2.756121E-18	1.382180E-18
7.272458E+03	2.750158E-18	1.382180E-18
7.272658E+03	2.751648E-18	1.380846E-18
7.272858E+03	2.758631E-18	1.374412E-18
7.273058E+03	2.765771E-18	1.374098E-18
7.273258E+03	2.769694E-18	1.374255E-18
7.273458E+03	2.763025E-18	1.382415E-18
7.273659E+03	2.758788E-18	1.378649E-18
7.273859E+03	2.761299E-18	1.374883E-18
7.274059E+03	2.765536E-18	1.375981E-18
7.274258E+03	2.760985E-18	1.375981E-18
7.274458E+03	2.755258E-18	1.378413E-18
7.274658E+03	2.757062E-18	1.373941E-18
7.274859E+03	2.758710E-18	1.366801E-18
7.275059E+03	2.753531E-18	1.366644E-18
7.275658E+03	2.753061E-18	1.369704E-18
7.275858E+03	2.754630E-18	1.375824E-18
7.276058E+03	2.757925E-18	1.377472E-18
7.276258E+03	2.764908E-18	1.376844E-18
7.277258E+03	2.768596E-18	1.375432E-18
7.277458E+03	2.771499E-18	1.375353E-18
7.278258E+03	2.775658E-18	1.375118E-18
7.278458E+03	2.775030E-18	1.378021E-18
7.278658E+03	2.770008E-18	1.399441E-18
7.278859E+03	2.767654E-18	1.398656E-18
7.279059E+03	2.769930E-18	1.395204E-18
7.279259E+03	2.774794E-18	1.394655E-18
7.279459E+03	2.776678E-18	1.395283E-18
7.279659E+03	2.781856E-18	1.401403E-18
7.279859E+03	2.787976E-18	1.409327E-18
7.280059E+03	2.785936E-18	1.407052E-18
7.280259E+03	2.786485E-18	1.394420E-18
7.280459E+03	2.787898E-18	1.393870E-18
7.280659E+03	2.790879E-18	1.391909E-18
7.280859E+03	2.793939E-18	1.395047E-18
7.281059E+03	2.793704E-18	1.393792E-18
7.281259E+03	2.790565E-18	1.394969E-18
7.281459E+03	2.790094E-18	1.390496E-18
7.281659E+03	2.786250E-18	1.389320E-18
7.281859E+03	2.784759E-18	1.388927E-18
7.282059E+03	2.784524E-18	1.390104E-18
7.282259E+03	2.782091E-18	1.396303E-18
7.282659E+03	2.778247E-18	1.387201E-18
7.282859E+03	2.778561E-18	1.375040E-18
7.283059E+03	2.784288E-18	1.372843E-18
7.283259E+03	2.786171E-18	1.379433E-18
7.283459E+03	2.786014E-18	1.379747E-18
7.284060E+03	2.786799E-18	1.374176E-18
7.285060E+03	2.788604E-18	1.373000E-18
7.285260E+03	2.790094E-18	1.362015E-18
7.285460E+03	2.795194E-18	1.349226E-18
7.285660E+03	2.801001E-18	1.352129E-18
7.286260E+03	2.802570E-18	1.349304E-18
7.286460E+03	2.806650E-18	1.347029E-18
7.286659E+03	2.810651E-18	1.345067E-18
7.286859E+03	2.809631E-18	1.342635E-18
7.287060E+03	2.808062E-18	1.340046E-18
7.287260E+03	2.806885E-18	1.347107E-18
7.287459E+03	2.802334E-18	1.347264E-18
7.287659E+03	2.799510E-18	1.347186E-18
7.287859E+03	2.800608E-18	1.348206E-18
7.288059E+03	2.801314E-18	1.347264E-18
7.288259E+03	2.804296E-18	1.347421E-18
7.288459E+03	2.801785E-18	1.347656E-18
7.288659E+03	2.801785E-18	1.346793E-18
7.288859E+03	2.802884E-18	1.346166E-18
7.289060E+03	2.802021E-18	1.344047E-18
7.289260E+03	2.797941E-18	1.344675E-18
7.289460E+03	2.793390E-18	1.343576E-18
7.289660E+03	2.792527E-18	1.336436E-18
7.290060E+03	2.794174E-18	1.336593E-18
7.290260E+03	2.798411E-18	1.336829E-18
7.290460E+03	2.799824E-18	1.337221E-18
7.290660E+03	2.796136E-18	1.337064E-18
7.290860E+03	2.793076E-18	1.338319E-18
7.291060E+03	2.792370E-18	1.356287E-18
7.291260E+03	2.791114E-18	1.372293E-18
7.291860E+03	2.790408E-18	1.384298E-18
7.292060E+03	2.790330E-18	1.391987E-18
7.292260E+03	2.793076E-18	1.387750E-18
7.292460E+03	2.797313E-18	1.389712E-18
7.292660E+03	2.796842E-18	1.383356E-18
7.292860E+03	2.797548E-18	1.384141E-18
7.293060E+03	2.800687E-18	1.385475E-18
7.293260E+03	2.797784E-18	1.386181E-18
7.293460E+03	2.791350E-18	1.382807E-18
7.293660E+03	2.791350E-18	1.383121E-18
7.293860E+03	2.793311E-18	1.389869E-18
7.294060E+03	2.794567E-18	1.401167E-18
7.294261E+03	2.800608E-18	1.400853E-18
7.294461E+03	2.806728E-18	1.396616E-18
7.294661E+03	2.807827E-18	1.384141E-18
7.294861E+03	2.803433E-18	1.383356E-18
7.295061E+03	2.802727E-18	1.381709E-18
7.295461E+03	2.802413E-18	1.387672E-18
7.295661E+03	2.800373E-18	1.388300E-18
7.295861E+03	2.807905E-18	1.386966E-18
7.296061E+03	2.808141E-18	1.389163E-18
7.296261E+03	2.808768E-18	1.385710E-18
7.296461E+03	2.807121E-18	1.386652E-18
7.296661E+03	2.803041E-18	1.392693E-18
7.296861E+03	2.802334E-18	1.397715E-18
7.297061E+03	2.803511E-18	1.391830E-18
7.297261E+03	2.801864E-18	1.384063E-18
7.297461E+03	2.798333E-18	1.370646E-18
7.297861E+03	2.800844E-18	1.370960E-18
7.298061E+03	2.805630E-18	1.369940E-18
7.298261E+03	2.806493E-18	1.369547E-18
7.298461E+03	2.807121E-18	1.364683E-18
7.298661E+03	2.806728E-18	1.364683E-18
7.298861E+03	2.805238E-18	1.364918E-18
7.299061E+03	2.804845E-18	1.356915E-18
7.299462E+03	2.807827E-18	1.356993E-18
7.299662E+03	2.810494E-18	1.355973E-18
7.299861E+03	2.815045E-18	1.356523E-18
7.300061E+03	2.817791E-18	1.353070E-18
7.300261E+03	2.815908E-18	1.350167E-18
7.300461E+03	2.812613E-18	1.349775E-18
7.300661E+03	2.813633E-18	1.346636E-18
7.300861E+03	2.818498E-18	1.336593E-18
7.301061E+03	2.823990E-18	1.338398E-18
7.301261E+03	2.831679E-18	1.347656E-18
7.301461E+03	2.837721E-18	1.361623E-18
7.301661E+03	2.838505E-18	1.366487E-18
7.301861E+03	2.840545E-18	1.354326E-18
7.302061E+03	2.837878E-18	1.351658E-18
7.302261E+03	2.837485E-18	1.353855E-18
7.302461E+03	2.843056E-18	1.358484E-18
7.302661E+03	2.846273E-18	1.349932E-18
7.302861E+03	2.842664E-18	1.356444E-18
7.303061E+03	2.841251E-18	1.362878E-18
7.303261E+03	2.841801E-18	1.360367E-18
7.303461E+03	2.842664E-18	1.362172E-18
7.303661E+03	2.840781E-18	1.354640E-18
7.304261E+03	2.837799E-18	1.352443E-18
7.304462E+03	2.838034E-18	1.357386E-18
7.304862E+03	2.839996E-18	1.361936E-18
7.305062E+03	2.848391E-18	1.366252E-18
7.305662E+03	2.848627E-18	1.376060E-18
7.305862E+03	2.843684E-18	1.374883E-18
7.306062E+03	2.845567E-18	1.371980E-18
7.306262E+03	2.845645E-18	1.372058E-18
7.306462E+03	2.840938E-18	1.369233E-18
7.306662E+03	2.840702E-18	1.359269E-18
7.306862E+03	2.843134E-18	1.355110E-18
7.307062E+03	2.841958E-18	1.345067E-18
7.307462E+03	2.843684E-18	1.319018E-18
7.307662E+03	2.846194E-18	1.326393E-18
7.307862E+03	2.844861E-18	1.329218E-18
7.308062E+03	2.850981E-18	1.329296E-18
7.308262E+03	2.848313E-18	1.333690E-18
7.308462E+03	2.844861E-18	1.326079E-18
7.308662E+03	2.844311E-18	1.323647E-18
7.308862E+03	2.847136E-18	1.322392E-18
7.309062E+03	2.846822E-18	1.317606E-18
7.309663E+03	2.846744E-18	1.312898E-18
7.310263E+03	2.844704E-18	1.307092E-18
7.310463E+03	2.843056E-18	1.307013E-18
7.310663E+03	2.838662E-18	1.308033E-18
7.310863E+03	2.836465E-18	1.303639E-18
7.311063E+03	2.832699E-18	1.305052E-18
7.311263E+03	2.827521E-18	1.310779E-18
7.311463E+03	2.825951E-18	1.313526E-18
7.311663E+03	2.828305E-18	1.316036E-18
7.311863E+03	2.830973E-18	1.313683E-18
7.312062E+03	2.829874E-18	1.316193E-18
7.312262E+03	2.828384E-18	1.322941E-18
7.312462E+03	2.830110E-18	1.323490E-18
7.312663E+03	2.828776E-18	1.325766E-18
7.312863E+03	2.823048E-18	1.317527E-18
7.313062E+03	2.815673E-18	1.308896E-18
7.313262E+03	2.811279E-18	1.310779E-18
7.313462E+03	2.812142E-18	1.318076E-18
7.313662E+03	2.815594E-18	1.318076E-18
7.313862E+03	2.811514E-18	1.317998E-18
7.314062E+03	2.806571E-18	1.313604E-18
7.314262E+03	2.804296E-18	1.314546E-18
7.314462E+03	2.800216E-18	1.314703E-18
7.314662E+03	2.793782E-18	1.314859E-18
7.314863E+03	2.785544E-18	1.318783E-18
7.315063E+03	2.775579E-18	1.318704E-18
7.315263E+03	2.771891E-18	1.319175E-18
7.315463E+03	2.768439E-18	1.306386E-18
7.315663E+03	2.761927E-18	1.308347E-18
7.315863E+03	2.756042E-18	1.308661E-18
7.316063E+03	2.754316E-18	1.309916E-18
7.317263E+03	2.756984E-18	1.311093E-18
7.317463E+03	2.754316E-18	1.311015E-18
7.318063E+03	2.752904E-18	1.311329E-18
7.318263E+03	2.753688E-18	1.326864E-18
7.318463E+03	2.751413E-18	1.340281E-18
7.318663E+03	2.749216E-18	1.333926E-18
7.318863E+03	2.746156E-18	1.330395E-18
7.319263E+03	2.743881E-18	1.327178E-18
7.319463E+03	2.737133E-18	1.324510E-18
7.319663E+03	2.733759E-18	1.318312E-18
7.319863E+03	2.729993E-18	1.308896E-18
7.320064E+03	2.726070E-18	1.308896E-18
7.320264E+03	2.721205E-18	1.302463E-18
7.320464E+03	2.715085E-18	1.302384E-18
7.320664E+03	2.715242E-18	1.297598E-18
7.320864E+03	2.715948E-18	1.295558E-18
7.321064E+03	2.711397E-18	1.293204E-18
7.321264E+03	2.711162E-18	1.294146E-18
7.321464E+03	2.711397E-18	1.299324E-18
7.321664E+03	2.716105E-18	1.298853E-18
7.321864E+03	2.721205E-18	1.300187E-18
7.322064E+03	2.725128E-18	1.300579E-18
7.322264E+03	2.721754E-18	1.301286E-18
7.322464E+03	2.719479E-18	1.304424E-18
7.322664E+03	2.720421E-18	1.307249E-18
7.322864E+03	2.721362E-18	1.307249E-18
7.323064E+03	2.719322E-18	1.307563E-18
7.323264E+03	2.719322E-18	1.309446E-18
7.323464E+03	2.721127E-18	1.312349E-18
7.323664E+03	2.718694E-18	1.313447E-18
7.323864E+03	2.719950E-18	1.313212E-18
7.324064E+03	2.720813E-18	1.303012E-18
7.324264E+03	2.720421E-18	1.302933E-18
7.324463E+03	2.719479E-18	1.310387E-18
7.324663E+03	2.718459E-18	1.308269E-18
7.324864E+03	2.711868E-18	1.309916E-18
7.325065E+03	2.709828E-18	1.307327E-18
7.325265E+03	2.715164E-18	1.307798E-18
7.325465E+03	2.711162E-18	1.306464E-18
7.325664E+03	2.708102E-18	1.306307E-18
7.325864E+03	2.709122E-18	1.303169E-18
7.326064E+03	2.709671E-18	1.296578E-18
7.326264E+03	2.708965E-18	1.295323E-18
7.326464E+03	2.708651E-18	1.296578E-18
7.326664E+03	2.702061E-18	1.296499E-18
7.326864E+03	2.698922E-18	1.295244E-18
7.327064E+03	2.697745E-18	1.302933E-18
7.327264E+03	2.693979E-18	1.298069E-18
7.327464E+03	2.688565E-18	1.272412E-18
7.327664E+03	2.685270E-18	1.278296E-18
7.327864E+03	2.681582E-18	1.283083E-18
7.328064E+03	2.672481E-18	1.287163E-18
7.328264E+03	2.668322E-18	1.288026E-18
7.328464E+03	2.670362E-18	1.282455E-18
7.328664E+03	2.671774E-18	1.273353E-18
7.328864E+03	2.668793E-18	1.274844E-18
7.330064E+03	2.664713E-18	1.273667E-18
7.330265E+03	2.657965E-18	1.274373E-18
7.330465E+03	2.654356E-18	1.270136E-18
7.331065E+03	2.657102E-18	1.263153E-18
7.331265E+03	2.654591E-18	1.272569E-18
7.331465E+03	2.650276E-18	1.271549E-18
7.331665E+03	2.645882E-18	1.269979E-18
7.331865E+03	2.640311E-18	1.269195E-18
7.332065E+03	2.638742E-18	1.269273E-18
7.332265E+03	2.641017E-18	1.269744E-18
7.332465E+03	2.640390E-18	1.263075E-18
7.332665E+03	2.641488E-18	1.261663E-18
7.332865E+03	2.640154E-18	1.256170E-18
7.333065E+03	2.635447E-18	1.258053E-18
7.333265E+03	2.633250E-18	1.248324E-18
7.333465E+03	2.630347E-18	1.250599E-18
7.333665E+03	2.627914E-18	1.258995E-18
7.333865E+03	2.625325E-18	1.258524E-18
7.334065E+03	2.629484E-18	1.263310E-18
7.334265E+03	2.634897E-18	1.257269E-18
7.334465E+03	2.636467E-18	1.257190E-18
7.334665E+03	2.634584E-18	1.256798E-18
7.334865E+03	2.630033E-18	1.254993E-18
7.335065E+03	2.627208E-18	1.254679E-18
7.335265E+03	2.621794E-18	1.253581E-18
7.335466E+03	2.615753E-18	1.255307E-18
7.335666E+03	2.612144E-18	1.258838E-18
7.335866E+03	2.607514E-18	1.257896E-18
7.336066E+03	2.605867E-18	1.263624E-18
7.336266E+03	2.604925E-18	1.266135E-18
7.336466E+03	2.609162E-18	1.264644E-18
7.336666E+03	2.611437E-18	1.263624E-18
7.336866E+03	2.612222E-18	1.263624E-18
7.337065E+03	2.607044E-18	1.263467E-18
7.337266E+03	2.597707E-18	1.264095E-18
7.337466E+03	2.595902E-18	1.265350E-18
7.337666E+03	2.595667E-18	1.261819E-18
7.337865E+03	2.599276E-18	1.261819E-18
7.338065E+03	2.603277E-18	1.261349E-18
7.338265E+03	2.601551E-18	1.263703E-18
7.338465E+03	2.598648E-18	1.270136E-18
7.338665E+03	2.599825E-18	1.274766E-18
7.338865E+03	2.602728E-18	1.276649E-18
7.339065E+03	2.600139E-18	1.279081E-18
7.339265E+03	2.596451E-18	1.262996E-18
7.339465E+03	2.593234E-18	1.252953E-18
7.339665E+03	2.591351E-18	1.247226E-18
7.339865E+03	2.590253E-18	1.235927E-18
7.340065E+03	2.591822E-18	1.226512E-18
7.340265E+03	2.590880E-18	1.215213E-18
7.340465E+03	2.587664E-18	1.216076E-18
7.340666E+03	2.585780E-18	1.214664E-18
7.341666E+03	2.584760E-18	1.217410E-18
7.341866E+03	2.583897E-18	1.216939E-18
7.342866E+03	2.584996E-18	1.223373E-18
7.343066E+03	2.587114E-18	1.223609E-18
7.343266E+03	2.588370E-18	1.213722E-18
7.343866E+03	2.598099E-18	1.200698E-18
7.344066E+03	2.601237E-18	1.201247E-18
7.344266E+03	2.593548E-18	1.201169E-18
7.344466E+03	2.591194E-18	1.201090E-18
7.344666E+03	2.591351E-18	1.207995E-18
7.344866E+03	2.588997E-18	1.205719E-18
7.345066E+03	2.584525E-18	1.197402E-18
7.345266E+03	2.590174E-18	1.197873E-18
7.345466E+03	2.584525E-18	1.200070E-18
7.345667E+03	2.581936E-18	1.197873E-18
7.345867E+03	2.580524E-18	1.198109E-18
7.346067E+03	2.580680E-18	1.197089E-18
7.346267E+03	2.581936E-18	1.189164E-18
7.346467E+03	2.584839E-18	1.180141E-18
7.346667E+03	2.584682E-18	1.194107E-18
7.346867E+03	2.581308E-18	1.202895E-18
7.347067E+03	2.580288E-18	1.206818E-18
7.347267E+03	2.582250E-18	1.206347E-18
7.347467E+03	2.584054E-18	1.206347E-18
7.347667E+03	2.579896E-18	1.207446E-18
7.347867E+03	2.579347E-18	1.206112E-18
7.348067E+03	2.580837E-18	1.204072E-18
7.348267E+03	2.584447E-18	1.204150E-18
7.348467E+03	2.584682E-18	1.206739E-18
7.348667E+03	2.583976E-18	1.204464E-18
7.348867E+03	2.580524E-18	1.203993E-18
7.349067E+03	2.576287E-18	1.202973E-18
7.349267E+03	2.571030E-18	1.202816E-18
7.349467E+03	2.571657E-18	1.202895E-18
7.349667E+03	2.573384E-18	1.203130E-18
7.349867E+03	2.573697E-18	1.204072E-18
7.350066E+03	2.569774E-18	1.203915E-18
7.350266E+03	2.564517E-18	1.200227E-18
7.350467E+03	2.563497E-18	1.187516E-18
7.350667E+03	2.563654E-18	1.169313E-18
7.350867E+03	2.560437E-18	1.163664E-18
7.351067E+03	2.558711E-18	1.163507E-18
7.351267E+03	2.556985E-18	1.164762E-18
7.351467E+03	2.552827E-18	1.165233E-18
7.351667E+03	2.550002E-18	1.161781E-18
7.351867E+03	2.544039E-18	1.161389E-18
7.352067E+03	2.535957E-18	1.153229E-18
7.352267E+03	2.530779E-18	1.148050E-18
7.352467E+03	2.527483E-18	1.151110E-18
7.352667E+03	2.522933E-18	1.149149E-18
7.352867E+03	2.521285E-18	1.152444E-18
7.353067E+03	2.519559E-18	1.151502E-18
7.353267E+03	2.512576E-18	1.144049E-18
7.353467E+03	2.510457E-18	1.144205E-18
7.353667E+03	2.511242E-18	1.138635E-18
7.353867E+03	2.502690E-18	1.127415E-18
7.354067E+03	2.498610E-18	1.127179E-18
7.354267E+03	2.499708E-18	1.121216E-18
7.354667E+03	2.503474E-18	1.121530E-18
7.354867E+03	2.507005E-18	1.121765E-18
7.355067E+03	2.503474E-18	1.123099E-18
7.355267E+03	2.499787E-18	1.123413E-18
7.355467E+03	2.498296E-18	1.113998E-18
7.355667E+03	2.499630E-18	1.123570E-18
7.355867E+03	2.497119E-18	1.118235E-18
7.356068E+03	2.488253E-18	1.114233E-18
7.356268E+03	2.479700E-18	1.109212E-18
7.356468E+03	2.472403E-18	1.102542E-18
7.356668E+03	2.465734E-18	1.108349E-18
7.356868E+03	2.465107E-18	1.099875E-18
7.357068E+03	2.457260E-18	1.103092E-18
7.357268E+03	2.448002E-18	1.104112E-18
7.357468E+03	2.443530E-18	1.103170E-18
7.357668E+03	2.436860E-18	1.102150E-18
7.357868E+03	2.430505E-18	1.103955E-18
7.358068E+03	2.428465E-18	1.102542E-18
7.358268E+03	2.423443E-18	1.101209E-18
7.358468E+03	2.415048E-18	1.104033E-18
7.359268E+03	2.406888E-18	1.100110E-18
7.359468E+03	2.401317E-18	1.097992E-18
7.359668E+03	2.404220E-18	1.096658E-18
7.360468E+03	2.406025E-18	1.096658E-18
7.360668E+03	2.402808E-18	1.091793E-18
7.360868E+03	2.394962E-18	1.090381E-18
7.361068E+03	2.388999E-18	1.094539E-18
7.361269E+03	2.389548E-18	1.095324E-18
7.361469E+03	2.392686E-18	1.093441E-18
7.361669E+03	2.394099E-18	1.094069E-18
7.361869E+03	2.395119E-18	1.092029E-18
7.362069E+03	2.395197E-18	1.084339E-18
7.362269E+03	2.394883E-18	1.084575E-18
7.362468E+03	2.394020E-18	1.092892E-18
7.362668E+03	2.393785E-18	1.090381E-18
7.362868E+03	2.398571E-18	1.085516E-18
7.363069E+03	2.394020E-18	1.085438E-18
7.363269E+03	2.386723E-18	1.083869E-18
7.363468E+03	2.384997E-18	1.079161E-18
7.363668E+03	2.387273E-18	1.080181E-18
7.363868E+03	2.386645E-18	1.079945E-18
7.364068E+03	2.382957E-18	1.079710E-18
7.364268E+03	2.378171E-18	1.075316E-18
7.364468E+03	2.374248E-18	1.074218E-18
7.364668E+03	2.372993E-18	1.072335E-18
7.364868E+03	2.367343E-18	1.070059E-18
7.365068E+03	2.361694E-18	1.068804E-18
7.365268E+03	2.354005E-18	1.068176E-18
7.365468E+03	2.348277E-18	1.047619E-18
7.365868E+03	2.344825E-18	1.028788E-18
7.366068E+03	2.343726E-18	1.029495E-18
7.366269E+03	2.342000E-18	1.028396E-18
7.366469E+03	2.335723E-18	1.028004E-18
7.366669E+03	2.336900E-18	1.028318E-18
7.366869E+03	2.340980E-18	1.028004E-18
7.367069E+03	2.340509E-18	1.028161E-18
7.367269E+03	2.333919E-18	1.029338E-18
7.367469E+03	2.322306E-18	1.028632E-18
7.367669E+03	2.316814E-18	1.028239E-18
7.367869E+03	2.319717E-18	1.026592E-18
7.368069E+03	2.318776E-18	1.026905E-18
7.368269E+03	2.316893E-18	1.027141E-18
7.368469E+03	2.315873E-18	1.029887E-18
7.368669E+03	2.316343E-18	1.023375E-18
7.368869E+03	2.317520E-18	1.023453E-18
7.369069E+03	2.314225E-18	1.021178E-18
7.370269E+03	2.312028E-18	1.021099E-18
7.370469E+03	2.312342E-18	1.020158E-18
7.371269E+03	2.310223E-18	1.015685E-18
7.371670E+03	2.301514E-18	1.011684E-18
7.371870E+03	2.291628E-18	1.011998E-18
7.372070E+03	2.287626E-18	1.011605E-18
7.372270E+03	2.286842E-18	1.007996E-18
7.372470E+03	2.287391E-18	1.003210E-18
7.372670E+03	2.284723E-18	1.001170E-18
7.372870E+03	2.280565E-18	1.001248E-18
7.373070E+03	2.280329E-18	1.002896E-18
7.373270E+03	2.283860E-18	1.003995E-18
7.373470E+03	2.283860E-18	1.005878E-18
7.373670E+03	2.278682E-18	1.005878E-18
7.373870E+03	2.274759E-18	1.004622E-18
7.374070E+03	2.274837E-18	1.009173E-18
7.374270E+03	2.278211E-18	1.008153E-18
7.374470E+03	2.280800E-18	1.010193E-18
7.374670E+03	2.285743E-18	1.011684E-18
7.374869E+03	2.286449E-18	1.014195E-18
7.375069E+03	2.284488E-18	1.025415E-18
7.375270E+03	2.280329E-18	1.033732E-18
7.375470E+03	2.275308E-18	1.034595E-18
7.375669E+03	2.273896E-18	1.036478E-18
7.375869E+03	2.277034E-18	1.038910E-18
7.376069E+03	2.272562E-18	1.028632E-18
7.376269E+03	2.270836E-18	1.028632E-18
7.376469E+03	2.263068E-18	1.028632E-18
7.376670E+03	2.256242E-18	1.020079E-18
7.376870E+03	2.257340E-18	1.019922E-18
7.377070E+03	2.253260E-18	1.022433E-18
7.377270E+03	2.250749E-18	1.021256E-18
7.377470E+03	2.250906E-18	1.015685E-18
7.377670E+03	2.251063E-18	1.015764E-18
7.377870E+03	2.249886E-18	1.013645E-18
7.378070E+03	2.244472E-18	1.014195E-18
7.378270E+03	2.245179E-18	1.021570E-18
7.378470E+03	2.247846E-18	1.028553E-18
7.378670E+03	2.247140E-18	1.030122E-18
7.378870E+03	2.251142E-18	1.022276E-18
7.379070E+03	2.257576E-18	1.024081E-18
7.379270E+03	2.257889E-18	1.026748E-18
7.379470E+03	2.251691E-18	1.027925E-18
7.379670E+03	2.244786E-18	1.029495E-18
7.379870E+03	2.239294E-18	1.028396E-18
7.380070E+03	2.228859E-18	1.025101E-18
7.380270E+03	2.222346E-18	1.022747E-18
7.380470E+03	2.225799E-18	1.023061E-18
7.380670E+03	2.224543E-18	1.020315E-18
7.380870E+03	2.224151E-18	1.019687E-18
7.381070E+03	2.229879E-18	1.016941E-18
7.381270E+03	2.236469E-18	1.008232E-18
7.381470E+03	2.240549E-18	1.007682E-18
7.381670E+03	2.243609E-18	9.992085E-19
7.381871E+03	2.240785E-18	9.996008E-19
7.382071E+03	2.244629E-18	9.950500E-19
7.382271E+03	2.253417E-18	9.945008E-19
7.382471E+03	2.252083E-18	9.952854E-19
7.382671E+03	2.247454E-18	9.963838E-19
7.382871E+03	2.240471E-18	9.975608E-19
7.383071E+03	2.235449E-18	9.926177E-19
7.383271E+03	2.231369E-18	9.761408E-19
7.383471E+03	2.225956E-18	9.741007E-19
7.383671E+03	2.221326E-18	9.668823E-19
7.383871E+03	2.221091E-18	9.658623E-19
7.384071E+03	2.217403E-18	9.748069E-19
7.384271E+03	2.218345E-18	9.822608E-19
7.384471E+03	2.213872E-18	9.819469E-19
7.384671E+03	2.212382E-18	9.829669E-19
7.384871E+03	2.216776E-18	9.826531E-19
7.385071E+03	2.220385E-18	9.815546E-19
7.385271E+03	2.222896E-18	9.807700E-19
7.385471E+03	2.221012E-18	9.807700E-19
7.385671E+03	2.222582E-18	9.841438E-19
7.385871E+03	2.224072E-18	9.817115E-19
7.386071E+03	2.229957E-18	9.747284E-19
7.386271E+03	2.233802E-18	9.697854E-19
7.386471E+03	2.234116E-18	9.677454E-19
7.386671E+03	2.232154E-18	9.629592E-19
7.386872E+03	2.232703E-18	9.613900E-19
7.387072E+03	2.232782E-18	9.573884E-19
7.387271E+03	2.230192E-18	9.482084E-19
7.387471E+03	2.234429E-18	9.449915E-19
7.387672E+03	2.234900E-18	9.410684E-19
7.387872E+03	2.233959E-18	9.425592E-19
7.388072E+03	2.230663E-18	9.357330E-19
7.388271E+03	2.229016E-18	9.441284E-19
7.388471E+03	2.232625E-18	9.402838E-19
7.388671E+03	2.233566E-18	9.405192E-19
7.388871E+03	2.233802E-18	9.332223E-19
7.389071E+03	2.234116E-18	9.322023E-19
7.389271E+03	2.238117E-18	9.336146E-19
7.389471E+03	2.241569E-18	9.365961E-19
7.389671E+03	2.238666E-18	9.418530E-19
7.389871E+03	2.236234E-18	9.522884E-19
7.390071E+03	2.240942E-18	9.613115E-19
7.390271E+03	2.247062E-18	9.573100E-19
7.390471E+03	2.247376E-18	9.486007E-19
7.390671E+03	2.244002E-18	9.459330E-19
7.390871E+03	2.243923E-18	9.448346E-19
7.391071E+03	2.249416E-18	9.424023E-19
7.391271E+03	2.252005E-18	9.427161E-19
7.391471E+03	2.254516E-18	9.422453E-19
7.391671E+03	2.256791E-18	9.441284E-19
7.391871E+03	2.258988E-18	9.494638E-19
7.392072E+03	2.261028E-18	9.496207E-19
7.392272E+03	2.262833E-18	9.363607E-19
7.392672E+03	2.264480E-18	9.324376E-19
7.392872E+03	2.266128E-18	9.216099E-19
7.393072E+03	2.267697E-18	9.193346E-19
7.393272E+03	2.268403E-18	9.194130E-19
7.394072E+03	2.269423E-18	9.182361E-19
7.394272E+03	2.270443E-18	9.187853E-19
7.394472E+03	2.271856E-18	9.173730E-19
7.394672E+03	2.272169E-18	9.148622E-19
7.394872E+03	2.272013E-18	9.190992E-19
7.395072E+03	2.267697E-18	9.309469E-19
7.395272E+03	2.271620E-18	9.373023E-19
7.395472E+03	2.270600E-18	9.349484E-19
7.395672E+03	2.269973E-18	9.441284E-19
7.395872E+03	2.269109E-18	9.456977E-19
7.396072E+03	2.264402E-18	9.516607E-19
7.396272E+03	2.258674E-18	9.507192E-19
7.396472E+03	2.260165E-18	9.561330E-19
7.396672E+03	2.262205E-18	9.566823E-19
7.396872E+03	2.266442E-18	9.550346E-19
7.397072E+03	2.272013E-18	9.567607E-19
7.397273E+03	2.274994E-18	9.562115E-19
7.397473E+03	2.277505E-18	9.562115E-19
7.397673E+03	2.280251E-18	9.568392E-19
7.397873E+03	2.284723E-18	9.562900E-19
7.398073E+03	2.284959E-18	9.545638E-19
7.398273E+03	2.284959E-18	9.550346E-19
7.398473E+03	2.282056E-18	9.562115E-19
7.398673E+03	2.278682E-18	9.528377E-19
7.398873E+03	2.280565E-18	9.491500E-19
7.399073E+03	2.280957E-18	9.505623E-19
7.399273E+03	2.277897E-18	9.418530E-19
7.399473E+03	2.281899E-18	9.475023E-19
7.399673E+03	2.290137E-18	9.465607E-19
7.399873E+03	2.296493E-18	9.383223E-19
7.400073E+03	2.299553E-18	9.401269E-19
7.400273E+03	2.296493E-18	9.464038E-19
7.400472E+03	2.291393E-18	9.487577E-19
7.400672E+03	2.288254E-18	9.489930E-19
7.400873E+03	2.287862E-18	9.526807E-19
7.401073E+03	2.291079E-18	9.551130E-19
7.401272E+03	2.295080E-18	9.547207E-19
7.401472E+03	2.295865E-18	9.540146E-19
7.401672E+03	2.295551E-18	9.509546E-19
7.402673E+03	2.292648E-18	9.413823E-19
7.402873E+03	2.290608E-18	9.373023E-19
7.403873E+03	2.299082E-18	9.372238E-19
7.404073E+03	2.301357E-18	9.365961E-19
7.404273E+03	2.303319E-18	9.365176E-19
7.404473E+03	2.303319E-18	9.329869E-19
7.404673E+03	2.296336E-18	9.307899E-19
7.404873E+03	2.295629E-18	9.278084E-19
7.405073E+03	2.299631E-18	9.267099E-19
7.405273E+03	2.298062E-18	9.296130E-19
7.405473E+03	2.301514E-18	9.353407E-19
7.405673E+03	2.307791E-18	9.431084E-19
7.405873E+03	2.310616E-18	9.427946E-19
7.406073E+03	2.313283E-18	9.440500E-19
7.406273E+03	2.315951E-18	9.380869E-19
7.406473E+03	2.316343E-18	9.398130E-19
7.406673E+03	2.316657E-18	9.391069E-19
7.406873E+03	2.322306E-18	9.379300E-19
7.407073E+03	2.331016E-18	9.381653E-19
7.407273E+03	2.333213E-18	9.361253E-19
7.407474E+03	2.332742E-18	9.285930E-19
7.407674E+03	2.332349E-18	9.220022E-19
7.407874E+03	2.336743E-18	9.249053E-19
7.408074E+03	2.340431E-18	9.259253E-19
7.408274E+03	2.345766E-18	9.249053E-19
7.408474E+03	2.352828E-18	9.256899E-19
7.408674E+03	2.356751E-18	9.344776E-19
7.408874E+03	2.362871E-18	9.428730E-19
7.409074E+03	2.370168E-18	9.459330E-19
7.409274E+03	2.372914E-18	9.463253E-19
7.409474E+03	2.377308E-18	9.500130E-19
7.409674E+03	2.382094E-18	9.537792E-19
7.409874E+03	2.383899E-18	9.622530E-19
7.410074E+03	2.382094E-18	9.619392E-19
7.410274E+03	2.379976E-18	9.620177E-19
7.410474E+03	2.378642E-18	9.670392E-19
7.410674E+03	2.374719E-18	9.778669E-19
7.410874E+03	2.376366E-18	9.863408E-19
7.411074E+03	2.372757E-18	9.905777E-19
7.411274E+03	2.364911E-18	9.920685E-19
7.411474E+03	2.359576E-18	9.923038E-19
7.411674E+03	2.357928E-18	9.926177E-19
7.411874E+03	2.360517E-18	9.985023E-19
7.412074E+03	2.359968E-18	9.996008E-19
7.412274E+03	2.356359E-18	9.996008E-19
7.412474E+03	2.352357E-18	9.987377E-19
7.412675E+03	2.351494E-18	1.001405E-18
7.412874E+03	2.353534E-18	1.006976E-18
7.413074E+03	2.359890E-18	1.011135E-18
7.413275E+03	2.367186E-18	1.028632E-18
7.413475E+03	2.367500E-18	1.033182E-18
7.413675E+03	2.365460E-18	1.036713E-18
7.413874E+03	2.364362E-18	1.040950E-18
7.414074E+03	2.360753E-18	1.041028E-18
7.414274E+03	2.363656E-18	1.043775E-18
7.414474E+03	2.368677E-18	1.042833E-18
7.414674E+03	2.370953E-18	1.047933E-18
7.414874E+03	2.371580E-18	1.046835E-18
7.415074E+03	2.367736E-18	1.045187E-18
7.415274E+03	2.368285E-18	1.047305E-18
7.415474E+03	2.373777E-18	1.046207E-18
7.415674E+03	2.380133E-18	1.045736E-18
7.415874E+03	2.384213E-18	1.044952E-18
7.416074E+03	2.383742E-18	1.044402E-18
7.416274E+03	2.385468E-18	1.044010E-18
7.416474E+03	2.398022E-18	1.043618E-18
7.416674E+03	2.406653E-18	1.043304E-18
7.416874E+03	2.409163E-18	1.043225E-18
7.417074E+03	2.411125E-18	1.043225E-18
7.417274E+03	2.418265E-18	1.043225E-18
7.417474E+03	2.424463E-18	1.042912E-18
7.417674E+03	2.429956E-18	1.040322E-18
7.417875E+03	2.434506E-18	1.039616E-18
7.418075E+03	2.435526E-18	1.027925E-18
7.418275E+03	2.436625E-18	1.027925E-18
7.418475E+03	2.441646E-18	1.027455E-18
7.418675E+03	2.447610E-18	1.023845E-18
7.418875E+03	2.451847E-18	1.027141E-18
7.419075E+03	2.450120E-18	1.029338E-18
7.419275E+03	2.451297E-18	1.027612E-18
7.419675E+03	2.455377E-18	1.026199E-18
7.419875E+03	2.457653E-18	1.016235E-18
7.420075E+03	2.453808E-18	1.008624E-18
7.420275E+03	2.447531E-18	1.010664E-18
7.420475E+03	2.450120E-18	1.008232E-18
7.420675E+03	2.456319E-18	1.005485E-18
7.420875E+03	2.456397E-18	1.005956E-18
7.421075E+03	2.454593E-18	1.006035E-18
7.421275E+03	2.457888E-18	1.006584E-18
7.421475E+03	2.466127E-18	1.007447E-18
7.421675E+03	2.474600E-18	1.008702E-18
7.421875E+03	2.484094E-18	1.000699E-18
7.422075E+03	2.487703E-18	1.001170E-18
7.422275E+03	2.487703E-18	1.000542E-18
7.422475E+03	2.490136E-18	1.000856E-18
7.422675E+03	2.500493E-18	1.001170E-18
7.422876E+03	2.514694E-18	1.002425E-18
7.423076E+03	2.520030E-18	9.947362E-19
7.423276E+03	2.524973E-18	9.878315E-19
7.423476E+03	2.522697E-18	9.826531E-19
7.423676E+03	2.527483E-18	9.788084E-19
7.423876E+03	2.537370E-18	9.760623E-19
7.424076E+03	2.539017E-18	9.736300E-19
7.424276E+03	2.541528E-18	9.754346E-19
7.424476E+03	2.544274E-18	9.732377E-19
7.424676E+03	2.543254E-18	9.734731E-19
7.424876E+03	2.537997E-18	9.773177E-19
7.425075E+03	2.540743E-18	9.790438E-19
7.425275E+03	2.545608E-18	9.796715E-19
7.425475E+03	2.552827E-18	9.913623E-19
7.425676E+03	2.560359E-18	9.915977E-19
7.425876E+03	2.565616E-18	9.918331E-19
7.426075E+03	2.566871E-18	9.911269E-19
7.426275E+03	2.562634E-18	9.934023E-19
7.426475E+03	2.564047E-18	1.007133E-18
7.426675E+03	2.568676E-18	1.013018E-18
7.426875E+03	2.572442E-18	1.012547E-18
7.427075E+03	2.572050E-18	1.012390E-18
7.427275E+03	2.571971E-18	1.014979E-18
7.427475E+03	2.579347E-18	1.013410E-18
7.427675E+03	2.586644E-18	1.012233E-18
7.427875E+03	2.590174E-18	1.015607E-18
7.428076E+03	2.584996E-18	1.014744E-18
7.428276E+03	2.578876E-18	1.013645E-18
7.428476E+03	2.574639E-18	1.015372E-18
7.428676E+03	2.574717E-18	1.014744E-18
7.428876E+03	2.579347E-18	1.009801E-18
7.429076E+03	2.582014E-18	1.008232E-18
7.429276E+03	2.583584E-18	1.014430E-18
7.429476E+03	2.582328E-18	1.012939E-18
7.429676E+03	2.582407E-18	1.019452E-18
7.430076E+03	2.586094E-18	1.021178E-18
7.430276E+03	2.587193E-18	1.020315E-18
7.430476E+03	2.585310E-18	1.020315E-18
7.430676E+03	2.590410E-18	1.018353E-18
7.430876E+03	2.597314E-18	1.020158E-18
7.431076E+03	2.595902E-18	1.019530E-18
7.431476E+03	2.598648E-18	1.019922E-18
7.431676E+03	2.606024E-18	1.022512E-18
7.431876E+03	2.612065E-18	1.034045E-18
7.432076E+03	2.615910E-18	1.033888E-18
7.432276E+03	2.618185E-18	1.033575E-18
7.432476E+03	2.614105E-18	1.030985E-18
7.432676E+03	2.611751E-18	1.035772E-18
7.432876E+03	2.616851E-18	1.040636E-18
7.433076E+03	2.621324E-18	1.039145E-18
7.433277E+03	2.622344E-18	1.045265E-18
7.433477E+03	2.620382E-18	1.038361E-18
7.433677E+03	2.627287E-18	1.037341E-18
7.433877E+03	2.634191E-18	1.036635E-18
7.434077E+03	2.634034E-18	1.035301E-18
7.434277E+03	2.627600E-18	1.036007E-18
7.434477E+03	2.629327E-18	1.035772E-18
7.434677E+03	2.634505E-18	1.039224E-18
7.434877E+03	2.632622E-18	1.041970E-18
7.435077E+03	2.631916E-18	1.031927E-18
7.435277E+03	2.637879E-18	1.039145E-18
7.435477E+03	2.644156E-18	1.037498E-18
7.435677E+03	2.645568E-18	1.037419E-18
7.435877E+03	2.645725E-18	1.042519E-18
7.436077E+03	2.650825E-18	1.040008E-18
7.436277E+03	2.658436E-18	1.038596E-18
7.436477E+03	2.659142E-18	1.039381E-18
7.436677E+03	2.659221E-18	1.041421E-18
7.436877E+03	2.664634E-18	1.041578E-18
7.437077E+03	2.670990E-18	1.039852E-18
7.437277E+03	2.671304E-18	1.038988E-18
7.437477E+03	2.673108E-18	1.039459E-18
7.437676E+03	2.674364E-18	1.034908E-18
7.437877E+03	2.668557E-18	1.034987E-18
7.438077E+03	2.664634E-18	1.043461E-18
7.438276E+03	2.666988E-18	1.045344E-18
7.438477E+03	2.667773E-18	1.045815E-18
7.438677E+03	2.667537E-18	1.045030E-18
7.438877E+03	2.671382E-18	1.045030E-18
7.439277E+03	2.674756E-18	1.043147E-18
7.439477E+03	2.672245E-18	1.041028E-18
7.439877E+03	2.667537E-18	1.028710E-18
7.440077E+03	2.669342E-18	1.023218E-18
7.440477E+03	2.672951E-18	1.023532E-18
7.440677E+03	2.672167E-18	1.016548E-18
7.440877E+03	2.674677E-18	1.015685E-18
7.441077E+03	2.678051E-18	1.009801E-18
7.441277E+03	2.676953E-18	1.010899E-18
7.441477E+03	2.672167E-18	1.008232E-18
7.441677E+03	2.671304E-18	1.021256E-18
7.441877E+03	2.672716E-18	1.028239E-18
7.442077E+03	2.673501E-18	1.030985E-18
7.442277E+03	2.681425E-18	1.035928E-18
7.442477E+03	2.686368E-18	1.036242E-18
7.442677E+03	2.689507E-18	1.034124E-18
7.442877E+03	2.688016E-18	1.030828E-18
7.443077E+03	2.683308E-18	1.030672E-18
7.443277E+03	2.683230E-18	1.029416E-18
7.443478E+03	2.682288E-18	1.029808E-18
7.443678E+03	2.684407E-18	1.044402E-18
7.443878E+03	2.688487E-18	1.044402E-18
7.444078E+03	2.686761E-18	1.044245E-18
7.444278E+03	2.690841E-18	1.049424E-18
7.444478E+03	2.698451E-18	1.045187E-18
7.444678E+03	2.706611E-18	1.048090E-18
7.444878E+03	2.705356E-18	1.056093E-18
7.445078E+03	2.700648E-18	1.057505E-18
7.445278E+03	2.703237E-18	1.054602E-18
7.445478E+03	2.701747E-18	1.053504E-18
7.445678E+03	2.699707E-18	1.056172E-18
7.445878E+03	2.701982E-18	1.050130E-18
7.446078E+03	2.704336E-18	1.051935E-18
7.446278E+03	2.705827E-18	1.054681E-18
7.446478E+03	2.705984E-18	1.053425E-18
7.446678E+03	2.704728E-18	1.054759E-18
7.446878E+03	2.707239E-18	1.054210E-18
7.447078E+03	2.704414E-18	1.053582E-18
7.447278E+03	2.699707E-18	1.054602E-18
7.447478E+03	2.695941E-18	1.058996E-18
7.447678E+03	2.694371E-18	1.067235E-18
7.447878E+03	2.699707E-18	1.062684E-18
7.448078E+03	2.701747E-18	1.071315E-18
7.448278E+03	2.695705E-18	1.088184E-18
7.448478E+03	2.692174E-18	1.093519E-18
7.448679E+03	2.691704E-18	1.090224E-18
7.448879E+03	2.696647E-18	1.086772E-18
7.449079E+03	2.702061E-18	1.080965E-18
7.449279E+03	2.700570E-18	1.082064E-18
7.449479E+03	2.695705E-18	1.097442E-18
7.449679E+03	2.700805E-18	1.097285E-18
7.449879E+03	2.707474E-18	1.098227E-18
7.450079E+03	2.705434E-18	1.099247E-18
7.450279E+03	2.704414E-18	1.102229E-18
7.450479E+03	2.704414E-18	1.106779E-18
7.450678E+03	2.702139E-18	1.109290E-18
7.450878E+03	2.702374E-18	1.112036E-18
7.451078E+03	2.703630E-18	1.113213E-18
7.451279E+03	2.705827E-18	1.121922E-18
7.451479E+03	2.707082E-18	1.120824E-18
7.451678E+03	2.714536E-18	1.122942E-18
7.451878E+03	2.717361E-18	1.122393E-18
7.452078E+03	2.719714E-18	1.114233E-18
7.452278E+03	2.717125E-18	1.106701E-18
7.452478E+03	2.716105E-18	1.099090E-18
7.452678E+03	2.718616E-18	1.096815E-18
7.452878E+03	2.715791E-18	1.093598E-18
7.453078E+03	2.716811E-18	1.091401E-18
7.453278E+03	2.721754E-18	1.085595E-18
7.453478E+03	2.728816E-18	1.086301E-18
7.453678E+03	2.726384E-18	1.084810E-18
7.453879E+03	2.719557E-18	1.079396E-18
7.454079E+03	2.721519E-18	1.069824E-18
7.454279E+03	2.729757E-18	1.061978E-18
7.454479E+03	2.736427E-18	1.058447E-18
7.454679E+03	2.739330E-18	1.058290E-18
7.454879E+03	2.736270E-18	1.059781E-18
7.455079E+03	2.734465E-18	1.062056E-18
7.455279E+03	2.738702E-18	1.060487E-18
7.455479E+03	2.737996E-18	1.064567E-18
7.455679E+03	2.738388E-18	1.065038E-18
7.455879E+03	2.739957E-18	1.065273E-18
7.456079E+03	2.741841E-18	1.063469E-18
7.456279E+03	2.741762E-18	1.058290E-18
7.456479E+03	2.736897E-18	1.054445E-18
7.456879E+03	2.739879E-18	1.037105E-18
7.457079E+03	2.745214E-18	1.031848E-18
7.457279E+03	2.743724E-18	1.027690E-18
7.457479E+03	2.743017E-18	1.023296E-18
7.457679E+03	2.736584E-18	1.023218E-18
7.457879E+03	2.730307E-18	1.020550E-18
7.458079E+03	2.729365E-18	1.020158E-18
7.458279E+03	2.728894E-18	1.014195E-18
7.458479E+03	2.725991E-18	1.009958E-18
7.458679E+03	2.726854E-18	1.019138E-18
7.458879E+03	2.727011E-18	1.023688E-18
7.459080E+03	2.719871E-18	1.030828E-18
7.459280E+03	2.720264E-18	1.036556E-18
7.459480E+03	2.720577E-18	1.041970E-18
7.459680E+03	2.713359E-18	1.046128E-18
7.459880E+03	2.717910E-18	1.049659E-18
7.460080E+03	2.719871E-18	1.052798E-18
7.460280E+03	2.722382E-18	1.055387E-18
7.460480E+03	2.725285E-18	1.056172E-18
7.460680E+03	2.728031E-18	1.056721E-18
7.460880E+03	2.731248E-18	1.057035E-18
7.461080E+03	2.732974E-18	1.057192E-18
7.461280E+03	2.732504E-18	1.057113E-18
7.461480E+03	2.727717E-18	1.057113E-18
7.461680E+03	2.724657E-18	1.063233E-18
7.461880E+03	2.726462E-18	1.064332E-18
7.462080E+03	2.731091E-18	1.064567E-18
7.462280E+03	2.733445E-18	1.065430E-18
7.462480E+03	2.731405E-18	1.066842E-18
7.462680E+03	2.731405E-18	1.073041E-18
7.462880E+03	2.734936E-18	1.078612E-18
7.463079E+03	2.738781E-18	1.080730E-18
7.463279E+03	2.739094E-18	1.085595E-18
7.463480E+03	2.737996E-18	1.088498E-18
7.463680E+03	2.733367E-18	1.086301E-18
7.463880E+03	2.731484E-18	1.087949E-18
7.464081E+03	2.729679E-18	1.087242E-18
7.464280E+03	2.725834E-18	1.089361E-18
7.464480E+03	2.719950E-18	1.094461E-18
7.464680E+03	2.716341E-18	1.096736E-18
7.465080E+03	2.718616E-18	1.100110E-18
7.465280E+03	2.720813E-18	1.093990E-18
7.465480E+03	2.720891E-18	1.101601E-18
7.465680E+03	2.724108E-18	1.107878E-18
7.465880E+03	2.727953E-18	1.107721E-18
7.466080E+03	2.725285E-18	1.112272E-18
7.466280E+03	2.719950E-18	1.113605E-18
7.466480E+03	2.713751E-18	1.114390E-18
7.466680E+03	2.706768E-18	1.114233E-18
7.467080E+03	2.707553E-18	1.116587E-18
7.467280E+03	2.708730E-18	1.118156E-18
7.467480E+03	2.709750E-18	1.130632E-18
7.467680E+03	2.710299E-18	1.130161E-18
7.467880E+03	2.703865E-18	1.135967E-18
7.468480E+03	2.705356E-18	1.136124E-18
7.468680E+03	2.710691E-18	1.136438E-18
7.468880E+03	2.715556E-18	1.135967E-18
7.469080E+03	2.717753E-18	1.136438E-18
7.469281E+03	2.721048E-18	1.139184E-18
7.469481E+03	2.723873E-18	1.149619E-18
7.469681E+03	2.721127E-18	1.142558E-18
7.469881E+03	2.718616E-18	1.143735E-18
7.470081E+03	2.717753E-18	1.147344E-18
7.470281E+03	2.714771E-18	1.146481E-18
7.470481E+03	2.710534E-18	1.149541E-18
7.470681E+03	2.715321E-18	1.138870E-18
7.471281E+03	2.722539E-18	1.135339E-18
7.471481E+03	2.723245E-18	1.136516E-18
7.471881E+03	2.719871E-18	1.136045E-18
7.472081E+03	2.714928E-18	1.132672E-18
7.472281E+03	2.714065E-18	1.134790E-18
7.472481E+03	2.713124E-18	1.135182E-18
7.472681E+03	2.709828E-18	1.135889E-18
7.472881E+03	2.706062E-18	1.131965E-18
7.473081E+03	2.705121E-18	1.137458E-18
7.473281E+03	2.702767E-18	1.136124E-18
7.473481E+03	2.702610E-18	1.135418E-18
7.473681E+03	2.701982E-18	1.135261E-18
7.473881E+03	2.702139E-18	1.131181E-18
7.474281E+03	2.704885E-18	1.126865E-18
7.474482E+03	2.708259E-18	1.127179E-18
7.474682E+03	2.709044E-18	1.120353E-18
7.474882E+03	2.710064E-18	1.121687E-18
7.475481E+03	2.710770E-18	1.126473E-18
7.475681E+03	2.708573E-18	1.129455E-18
7.475882E+03	2.707161E-18	1.137850E-18
7.476082E+03	2.708259E-18	1.137379E-18
7.476282E+03	2.709201E-18	1.137615E-18
7.476481E+03	2.707161E-18	1.142087E-18
7.476681E+03	2.702374E-18	1.143264E-18
7.476881E+03	2.699079E-18	1.132201E-18
7.477081E+03	2.701982E-18	1.136516E-18
7.477281E+03	2.706690E-18	1.140832E-18
7.477481E+03	2.705827E-18	1.142401E-18
7.477681E+03	2.709907E-18	1.138242E-18
7.477881E+03	2.713359E-18	1.148521E-18
7.478081E+03	2.709593E-18	1.148678E-18
7.478281E+03	2.711005E-18	1.148835E-18
7.478481E+03	2.711241E-18	1.147265E-18
7.478681E+03	2.712574E-18	1.148913E-18
7.478881E+03	2.714222E-18	1.157858E-18
7.479081E+03	2.716184E-18	1.157858E-18
7.479281E+03	2.718459E-18	1.160290E-18
7.479481E+03	2.718616E-18	1.164292E-18
7.479682E+03	2.717517E-18	1.158878E-18
7.480082E+03	2.714222E-18	1.152758E-18
7.480282E+03	2.712496E-18	1.152679E-18
7.480682E+03	2.707788E-18	1.137772E-18
7.480882E+03	2.705670E-18	1.134319E-18
7.481482E+03	2.707396E-18	1.138085E-18
7.481682E+03	2.711476E-18	1.138242E-18
7.482082E+03	2.707161E-18	1.148678E-18
7.482282E+03	2.705121E-18	1.154798E-18
7.482482E+03	2.705199E-18	1.156132E-18
7.482682E+03	2.700884E-18	1.156681E-18
7.482882E+03	2.694764E-18	1.152522E-18
7.483082E+03	2.700962E-18	1.156367E-18
7.483282E+03	2.705434E-18	1.157701E-18
7.483482E+03	2.701354E-18	1.153464E-18
7.483882E+03	2.703865E-18	1.153621E-18
7.484082E+03	2.701433E-18	1.159506E-18
7.484282E+03	2.699236E-18	1.159898E-18
7.484482E+03	2.702767E-18	1.158642E-18
7.485483E+03	2.706297E-18	1.172059E-18
7.485683E+03	2.706847E-18	1.175198E-18
7.485883E+03	2.706925E-18	1.175041E-18
7.486083E+03	2.705670E-18	1.174570E-18
7.486283E+03	2.706219E-18	1.171353E-18
7.486483E+03	2.707239E-18	1.171353E-18
7.486683E+03	2.711005E-18	1.171432E-18
7.486883E+03	2.711947E-18	1.171039E-18
7.487083E+03	2.708416E-18	1.170569E-18
7.487283E+03	2.709985E-18	1.175119E-18
7.487483E+03	2.707082E-18	1.175669E-18
7.487683E+03	2.701982E-18	1.179984E-18
7.488083E+03	2.701354E-18	1.177944E-18
7.488283E+03	2.707396E-18	1.174099E-18
7.488483E+03	2.712731E-18	1.170019E-18
7.488682E+03	2.707631E-18	1.167901E-18
7.488882E+03	2.704179E-18	1.166018E-18
7.489083E+03	2.706297E-18	1.166096E-18
7.489283E+03	2.711241E-18	1.168764E-18
7.489482E+03	2.716497E-18	1.173550E-18
7.489682E+03	2.716576E-18	1.176689E-18
7.489883E+03	2.714222E-18	1.181553E-18
7.490083E+03	2.711476E-18	1.181632E-18
7.490283E+03	2.711633E-18	1.176218E-18
7.490483E+03	2.711476E-18	1.183044E-18
7.490683E+03	2.715399E-18	1.182495E-18
7.490883E+03	2.717831E-18	1.179670E-18
7.491083E+03	2.715164E-18	1.178886E-18
7.491283E+03	2.712888E-18	1.176218E-18
7.491483E+03	2.709828E-18	1.172373E-18
7.491683E+03	2.705513E-18	1.186104E-18
7.491883E+03	2.702061E-18	1.206190E-18
7.492083E+03	2.697981E-18	1.205484E-18
7.492283E+03	2.692724E-18	1.203915E-18
7.492483E+03	2.692174E-18	1.203209E-18
7.492683E+03	2.694450E-18	1.200933E-18
7.492883E+03	2.693822E-18	1.203758E-18
7.493083E+03	2.690919E-18	1.204072E-18
7.493283E+03	2.692802E-18	1.201561E-18
7.493483E+03	2.694057E-18	1.201561E-18
7.493683E+03	2.692410E-18	1.201718E-18
7.493883E+03	2.690291E-18	1.201718E-18
7.494283E+03	2.687153E-18	1.198422E-18
7.494483E+03	2.685505E-18	1.193166E-18
7.494683E+03	2.686525E-18	1.194421E-18
7.494883E+03	2.684564E-18	1.187909E-18
7.495084E+03	2.682524E-18	1.171510E-18
7.495284E+03	2.677973E-18	1.166332E-18
7.495484E+03	2.675541E-18	1.167744E-18
7.495684E+03	2.674128E-18	1.166881E-18
7.495884E+03	2.673657E-18	1.165626E-18
7.496084E+03	2.671853E-18	1.164449E-18
7.496284E+03	2.670362E-18	1.156132E-18
7.496484E+03	2.671696E-18	1.159506E-18
7.496684E+03	2.673736E-18	1.159506E-18
7.496884E+03	2.673108E-18	1.162330E-18
7.497084E+03	2.674677E-18	1.163429E-18
7.497284E+03	2.679621E-18	1.165312E-18
7.497484E+03	2.682837E-18	1.176139E-18
7.497684E+03	2.678522E-18	1.180926E-18
7.497884E+03	2.676796E-18	1.181553E-18
7.498084E+03	2.671774E-18	1.170412E-18
7.498284E+03	2.662751E-18	1.179199E-18
7.498484E+03	2.658122E-18	1.182652E-18
7.498684E+03	2.656553E-18	1.184456E-18
7.498884E+03	2.654277E-18	1.184535E-18
7.499084E+03	2.651610E-18	1.184378E-18
7.499284E+03	2.650433E-18	1.180926E-18
7.499484E+03	2.646431E-18	1.180769E-18
7.499684E+03	2.641645E-18	1.183829E-18
7.499884E+03	2.643450E-18	1.189792E-18
7.500085E+03	2.644077E-18	1.188929E-18
7.500285E+03	2.645333E-18	1.193087E-18
7.500485E+03	2.646353E-18	1.206582E-18
7.500885E+03	2.645176E-18	1.207759E-18
7.501084E+03	2.643057E-18	1.209250E-18
7.501284E+03	2.641959E-18	1.209721E-18
7.501484E+03	2.641331E-18	1.218979E-18
7.501685E+03	2.639448E-18	1.225806E-18
7.501885E+03	2.638350E-18	1.224629E-18
7.502084E+03	2.638507E-18	1.222196E-18
7.502284E+03	2.636859E-18	1.218822E-18
7.502484E+03	2.630896E-18	1.216861E-18
7.502684E+03	2.627993E-18	1.230592E-18
7.502884E+03	2.625639E-18	1.242282E-18
7.503084E+03	2.622579E-18	1.248559E-18
7.503284E+03	2.621637E-18	1.249972E-18
7.503484E+03	2.622736E-18	1.249579E-18
7.503684E+03	2.625011E-18	1.257975E-18
7.503884E+03	2.628542E-18	1.259858E-18
7.504084E+03	2.633485E-18	1.261192E-18
7.504284E+03	2.638350E-18	1.265586E-18
7.504484E+03	2.642430E-18	1.269823E-18
7.504684E+03	2.644391E-18	1.269979E-18
7.504884E+03	2.646117E-18	1.273589E-18
7.505084E+03	2.650354E-18	1.275864E-18
7.505285E+03	2.653650E-18	1.281906E-18
7.505485E+03	2.654434E-18	1.277041E-18
7.505685E+03	2.655768E-18	1.270999E-18
7.505885E+03	2.653885E-18	1.265743E-18
7.506085E+03	2.652081E-18	1.260643E-18
7.506285E+03	2.651688E-18	1.255856E-18
7.506485E+03	2.649334E-18	1.255543E-18
7.506685E+03	2.646824E-18	1.253581E-18
7.507085E+03	2.647294E-18	1.262290E-18
7.507285E+03	2.649177E-18	1.261663E-18
7.507485E+03	2.649334E-18	1.266527E-18
7.507685E+03	2.649648E-18	1.265821E-18
7.507885E+03	2.651374E-18	1.265429E-18
7.508085E+03	2.652630E-18	1.276570E-18
7.508285E+03	2.650825E-18	1.288496E-18
7.508485E+03	2.647216E-18	1.289046E-18
7.508685E+03	2.642194E-18	1.294067E-18
7.508885E+03	2.638742E-18	1.293204E-18
7.509085E+03	2.638428E-18	1.296656E-18
7.509285E+03	2.634113E-18	1.300344E-18
7.509485E+03	2.632073E-18	1.297598E-18
7.509685E+03	2.635290E-18	1.288496E-18
7.509885E+03	2.635054E-18	1.283318E-18
7.510085E+03	2.631445E-18	1.283710E-18
7.510285E+03	2.632936E-18	1.279473E-18
7.510486E+03	2.632622E-18	1.276492E-18
7.510686E+03	2.630425E-18	1.275236E-18
7.510886E+03	2.630660E-18	1.290772E-18
7.511086E+03	2.630190E-18	1.294224E-18
7.511286E+03	2.627600E-18	1.292419E-18
7.511486E+03	2.630190E-18	1.288653E-18
7.511686E+03	2.631210E-18	1.298461E-18
7.511886E+03	2.629248E-18	1.304346E-18
7.512086E+03	2.627365E-18	1.305287E-18
7.512286E+03	2.626267E-18	1.299716E-18
7.512486E+03	2.626110E-18	1.293753E-18
7.512686E+03	2.622893E-18	1.306386E-18
7.512886E+03	2.625560E-18	1.302227E-18
7.513086E+03	2.626424E-18	1.309053E-18
7.513286E+03	2.628856E-18	1.312113E-18
7.513485E+03	2.629640E-18	1.313918E-18
7.513685E+03	2.633485E-18	1.316507E-18
7.513886E+03	2.638036E-18	1.315801E-18
7.514086E+03	2.641017E-18	1.305209E-18
7.514285E+03	2.640704E-18	1.307013E-18
7.514485E+03	2.637251E-18	1.301835E-18
7.514685E+03	2.634976E-18	1.302933E-18
7.514885E+03	2.635682E-18	1.303247E-18
7.515085E+03	2.637094E-18	1.302384E-18
7.515285E+03	2.638193E-18	1.304973E-18
7.515485E+03	2.635839E-18	1.301992E-18
7.515686E+03	2.633328E-18	1.293753E-18
7.515886E+03	2.637644E-18	1.296029E-18
7.516086E+03	2.646353E-18	1.297833E-18
7.516286E+03	2.649021E-18	1.297284E-18
7.516486E+03	2.654591E-18	1.297912E-18
7.516686E+03	2.656710E-18	1.294224E-18
7.516886E+03	2.657181E-18	1.302619E-18
7.517086E+03	2.662516E-18	1.301050E-18
7.517286E+03	2.665419E-18	1.300266E-18
7.517486E+03	2.662594E-18	1.300344E-18
7.517686E+03	2.661025E-18	1.305679E-18
7.518086E+03	2.663693E-18	1.303875E-18
7.518286E+03	2.666361E-18	1.310936E-18
7.518486E+03	2.677659E-18	1.313212E-18
7.518686E+03	2.674991E-18	1.322078E-18
7.518886E+03	2.676325E-18	1.319253E-18
7.519086E+03	2.686604E-18	1.318939E-18
7.519286E+03	2.690684E-18	1.330552E-18
7.519486E+03	2.690919E-18	1.327727E-18
7.519686E+03	2.689193E-18	1.334710E-18
7.519886E+03	2.688487E-18	1.335573E-18
7.520086E+03	2.684721E-18	1.335338E-18
7.520286E+03	2.680797E-18	1.335495E-18
7.520486E+03	2.681974E-18	1.351972E-18
7.520687E+03	2.691390E-18	1.351109E-18
7.520887E+03	2.704728E-18	1.348676E-18
7.521087E+03	2.702061E-18	1.341301E-18
7.521287E+03	2.694214E-18	1.340516E-18
7.521487E+03	2.690448E-18	1.341693E-18
7.521687E+03	2.687388E-18	1.341536E-18
7.521887E+03	2.689350E-18	1.338633E-18
7.522087E+03	2.690605E-18	1.338633E-18
7.522287E+03	2.690684E-18	1.339104E-18
7.522487E+03	2.697588E-18	1.333219E-18
7.522687E+03	2.709436E-18	1.337692E-18
7.522887E+03	2.716654E-18	1.337613E-18
7.523087E+03	2.721833E-18	1.329610E-18
7.523287E+03	2.725756E-18	1.330003E-18
7.523487E+03	2.722931E-18	1.325452E-18
7.523687E+03	2.723951E-18	1.325138E-18
7.523887E+03	2.724657E-18	1.326236E-18
7.525087E+03	2.728737E-18	1.317763E-18
7.525888E+03	2.730699E-18	1.317213E-18
7.526087E+03	2.733210E-18	1.318469E-18
7.526288E+03	2.735407E-18	1.314467E-18
7.526488E+03	2.737133E-18	1.317841E-18
7.526688E+03	2.739251E-18	1.318155E-18
7.526887E+03	2.737290E-18	1.328433E-18
7.527087E+03	2.726148E-18	1.330159E-18
7.527287E+03	2.718067E-18	1.342321E-18
7.527487E+03	2.725991E-18	1.340359E-18
7.527687E+03	2.727561E-18	1.337378E-18
7.527887E+03	2.733367E-18	1.331258E-18
7.528087E+03	2.741997E-18	1.329061E-18
7.528287E+03	2.737525E-18	1.327492E-18
7.528487E+03	2.730150E-18	1.326315E-18
7.528687E+03	2.735721E-18	1.326001E-18
7.528887E+03	2.740742E-18	1.320352E-18
7.529087E+03	2.739722E-18	1.319096E-18
7.529287E+03	2.739487E-18	1.327256E-18
7.529487E+03	2.734701E-18	1.327178E-18
7.529687E+03	2.728816E-18	1.322706E-18
7.529887E+03	2.727796E-18	1.316036E-18
7.530087E+03	2.727090E-18	1.315723E-18
7.530287E+03	2.722931E-18	1.307484E-18
7.530487E+03	2.722853E-18	1.304738E-18
7.531488E+03	2.718773E-18	1.305915E-18
7.531688E+03	2.716027E-18	1.305915E-18
7.531888E+03	2.714771E-18	1.306150E-18
7.532088E+03	2.710456E-18	1.309524E-18
7.532288E+03	2.711084E-18	1.311721E-18
7.532488E+03	2.714144E-18	1.313055E-18
7.532688E+03	2.716105E-18	1.312898E-18
7.532888E+03	2.714301E-18	1.308347E-18
7.533088E+03	2.711476E-18	1.310073E-18
7.533288E+03	2.711868E-18	1.307406E-18
7.533488E+03	2.710691E-18	1.307719E-18
7.533688E+03	2.708651E-18	1.298853E-18
7.533888E+03	2.706847E-18	1.298147E-18
7.534088E+03	2.706219E-18	1.302306E-18
7.534288E+03	2.706768E-18	1.302384E-18
7.534488E+03	2.702924E-18	1.304032E-18
7.534688E+03	2.696490E-18	1.307484E-18
7.534888E+03	2.692567E-18	1.303247E-18
7.535088E+03	2.685741E-18	1.301129E-18
7.535288E+03	2.684171E-18	1.297363E-18
7.535488E+03	2.690997E-18	1.298226E-18
7.535688E+03	2.696097E-18	1.292341E-18
7.535888E+03	2.696568E-18	1.292812E-18
7.536088E+03	2.697745E-18	1.293675E-18
7.536289E+03	2.694371E-18	1.293204E-18
7.536489E+03	2.688644E-18	1.293596E-18
7.536689E+03	2.684799E-18	1.303875E-18
7.536889E+03	2.682524E-18	1.302619E-18
7.537089E+03	2.681582E-18	1.295558E-18
7.537289E+03	2.682053E-18	1.279787E-18
7.537489E+03	2.679542E-18	1.281435E-18
7.537689E+03	2.679071E-18	1.280886E-18
7.537889E+03	2.680327E-18	1.281199E-18
7.538089E+03	2.676090E-18	1.281121E-18
7.538289E+03	2.674599E-18	1.276884E-18
7.538489E+03	2.677267E-18	1.277983E-18
7.538689E+03	2.675697E-18	1.278610E-18
7.538889E+03	2.672716E-18	1.286849E-18
7.539088E+03	2.666204E-18	1.291478E-18
7.539288E+03	2.656004E-18	1.290615E-18
7.539489E+03	2.648393E-18	1.290223E-18
7.539689E+03	2.642273E-18	1.288967E-18
7.539888E+03	2.642900E-18	1.288183E-18
7.540088E+03	2.637487E-18	1.289909E-18
7.540288E+03	2.627914E-18	1.289673E-18
7.540488E+03	2.627444E-18	1.290929E-18
7.540688E+03	2.630111E-18	1.290379E-18
7.540888E+03	2.634819E-18	1.292263E-18
7.541088E+03	2.637879E-18	1.308504E-18
7.541289E+03	2.638585E-18	1.311407E-18
7.541489E+03	2.635604E-18	1.304738E-18
7.541689E+03	2.629876E-18	1.302384E-18
7.541889E+03	2.628385E-18	1.299716E-18
7.542089E+03	2.626816E-18	1.296656E-18
7.542289E+03	2.630111E-18	1.294146E-18
7.542489E+03	2.633642E-18	1.288732E-18
7.542689E+03	2.631053E-18	1.276256E-18
7.542889E+03	2.626031E-18	1.271392E-18
7.543089E+03	2.617087E-18	1.269979E-18
7.543289E+03	2.618264E-18	1.268959E-18
7.543489E+03	2.625796E-18	1.262526E-18
7.543689E+03	2.624384E-18	1.257112E-18
7.543889E+03	2.617950E-18	1.256327E-18
7.544089E+03	2.609162E-18	1.256092E-18
7.544289E+03	2.602650E-18	1.256092E-18
7.544489E+03	2.607044E-18	1.256955E-18
7.544689E+03	2.610417E-18	1.256719E-18
7.544889E+03	2.612379E-18	1.254601E-18
7.545089E+03	2.614890E-18	1.250913E-18
7.545289E+03	2.612144E-18	1.250521E-18
7.545489E+03	2.604140E-18	1.246284E-18
7.545689E+03	2.602414E-18	1.242832E-18
7.545889E+03	2.606651E-18	1.245970E-18
7.546089E+03	2.606494E-18	1.251306E-18
7.546289E+03	2.600296E-18	1.255386E-18
7.546490E+03	2.594490E-18	1.247382E-18
7.546690E+03	2.593705E-18	1.248638E-18
7.546890E+03	2.595667E-18	1.252326E-18
7.547090E+03	2.594333E-18	1.256563E-18
7.547290E+03	2.587977E-18	1.258053E-18
7.547490E+03	2.582485E-18	1.256249E-18
7.547690E+03	2.578876E-18	1.245735E-18
7.547890E+03	2.576993E-18	1.235927E-18
7.548090E+03	2.576208E-18	1.234279E-18
7.548290E+03	2.575816E-18	1.235064E-18
7.548490E+03	2.572913E-18	1.235064E-18
7.548690E+03	2.568127E-18	1.226355E-18
7.548890E+03	2.571579E-18	1.224942E-18
7.549090E+03	2.570559E-18	1.223373E-18
7.549290E+03	2.564674E-18	1.225335E-18
7.549490E+03	2.562007E-18	1.220784E-18
7.549690E+03	2.563262E-18	1.227767E-18
7.549890E+03	2.567185E-18	1.230827E-18
7.550090E+03	2.568990E-18	1.232710E-18
7.550290E+03	2.563105E-18	1.226982E-18
7.550490E+03	2.558868E-18	1.225178E-18
7.550690E+03	2.550708E-18	1.227375E-18
7.550890E+03	2.540430E-18	1.228159E-18
7.551090E+03	2.530622E-18	1.239379E-18
7.551289E+03	2.525836E-18	1.244950E-18
7.551489E+03	2.529367E-18	1.250599E-18
7.551690E+03	2.522305E-18	1.250678E-18
7.551891E+03	2.512968E-18	1.242439E-18
7.552091E+03	2.513831E-18	1.243224E-18
7.552291E+03	2.509359E-18	1.241341E-18
7.552490E+03	2.504573E-18	1.245264E-18
7.552690E+03	2.503867E-18	1.245186E-18
7.552890E+03	2.503631E-18	1.234044E-18
7.553090E+03	2.498610E-18	1.222275E-18
7.553290E+03	2.491940E-18	1.221961E-18
7.553490E+03	2.486291E-18	1.211682E-18
7.553690E+03	2.478445E-18	1.213409E-18
7.553890E+03	2.471619E-18	1.213566E-18
7.554090E+03	2.469579E-18	1.210898E-18
7.554290E+03	2.469893E-18	1.211526E-18
7.554490E+03	2.467460E-18	1.214193E-18
7.554690E+03	2.465420E-18	1.214586E-18
7.554890E+03	2.461340E-18	1.213801E-18
7.555090E+03	2.453259E-18	1.222275E-18
7.555290E+03	2.444706E-18	1.229807E-18
7.555490E+03	2.444079E-18	1.230906E-18
7.555690E+03	2.444157E-18	1.215919E-18
7.555890E+03	2.439763E-18	1.237575E-18
7.556090E+03	2.438665E-18	1.267390E-18
7.556290E+03	2.439293E-18	1.277119E-18
7.556490E+03	2.439685E-18	1.263859E-18
7.556691E+03	2.440077E-18	1.253816E-18
7.556891E+03	2.440313E-18	1.252875E-18
7.557091E+03	2.438037E-18	1.254052E-18
7.557291E+03	2.436939E-18	1.257347E-18
7.557491E+03	2.434899E-18	1.245107E-18
7.558091E+03	2.434820E-18	1.245107E-18
7.558291E+03	2.430976E-18	1.237732E-18
7.558491E+03	2.425248E-18	1.233652E-18
7.558691E+03	2.421796E-18	1.232082E-18
7.559291E+03	2.420462E-18	1.228552E-18
7.559491E+03	2.423051E-18	1.228395E-18
7.559691E+03	2.419442E-18	1.229258E-18
7.559891E+03	2.413557E-18	1.226669E-18
7.560091E+03	2.413086E-18	1.227218E-18
7.560291E+03	2.402102E-18	1.221019E-18
7.560491E+03	2.395354E-18	1.220862E-18
7.560691E+03	2.399905E-18	1.226512E-18
7.560891E+03	2.400062E-18	1.218666E-18
7.561091E+03	2.395511E-18	1.217959E-18
7.561291E+03	2.397002E-18	1.218273E-18
7.561491E+03	2.397080E-18	1.214036E-18
7.561691E+03	2.387900E-18	1.213016E-18
7.561892E+03	2.382879E-18	1.208230E-18
7.562092E+03	2.384526E-18	1.210584E-18
7.562292E+03	2.378956E-18	1.209721E-18
7.562492E+03	2.365225E-18	1.198266E-18
7.562692E+03	2.355810E-18	1.199129E-18
7.562892E+03	2.352906E-18	1.199364E-18
7.563092E+03	2.348826E-18	1.199286E-18
7.563292E+03	2.345217E-18	1.194970E-18
7.563492E+03	2.340117E-18	1.194970E-18
7.563692E+03	2.327563E-18	1.185084E-18
7.563891E+03	2.322542E-18	1.180690E-18
7.564092E+03	2.321443E-18	1.172609E-18
7.564292E+03	2.318697E-18	1.170726E-18
7.564492E+03	2.318226E-18	1.172138E-18
7.564691E+03	2.318226E-18	1.162330E-18
7.564891E+03	2.317913E-18	1.164370E-18
7.565091E+03	2.316579E-18	1.157622E-18
7.565291E+03	2.310694E-18	1.155112E-18
7.565491E+03	2.312028E-18	1.154641E-18
7.565691E+03	2.310694E-18	1.162879E-18
7.565891E+03	2.314068E-18	1.147501E-18
7.566091E+03	2.315559E-18	1.147265E-18
7.566291E+03	2.315480E-18	1.151581E-18
7.566491E+03	2.314931E-18	1.158407E-18
7.566691E+03	2.309046E-18	1.161702E-18
7.566891E+03	2.308968E-18	1.167038E-18
7.567092E+03	2.308968E-18	1.163193E-18
7.567292E+03	2.303476E-18	1.162566E-18
7.567492E+03	2.295708E-18	1.162644E-18
7.567692E+03	2.291471E-18	1.161389E-18
7.567892E+03	2.290059E-18	1.163899E-18
7.568092E+03	2.289353E-18	1.156210E-18
7.568292E+03	2.287626E-18	1.158878E-18
7.568492E+03	2.285586E-18	1.159819E-18
7.568692E+03	2.283546E-18	1.163664E-18
7.568892E+03	2.282919E-18	1.166253E-18
7.569092E+03	2.284331E-18	1.168215E-18
7.569292E+03	2.284096E-18	1.166489E-18
7.569492E+03	2.283546E-18	1.168607E-18
7.569692E+03	2.286685E-18	1.170569E-18
7.569892E+03	2.285508E-18	1.168529E-18
7.570092E+03	2.277269E-18	1.169627E-18
7.570292E+03	2.271542E-18	1.166253E-18
7.570492E+03	2.274445E-18	1.164684E-18
7.570692E+03	2.279780E-18	1.152601E-18
7.570892E+03	2.280722E-18	1.151581E-18
7.571092E+03	2.278211E-18	1.138949E-18
7.571292E+03	2.276406E-18	1.137536E-18
7.571492E+03	2.274366E-18	1.136752E-18
7.571692E+03	2.270914E-18	1.132358E-18
7.572493E+03	2.269188E-18	1.128435E-18
7.573493E+03	2.268639E-18	1.128513E-18
7.573693E+03	2.268325E-18	1.127415E-18
7.573893E+03	2.267305E-18	1.126944E-18
7.574093E+03	2.259616E-18	1.126944E-18
7.574293E+03	2.250593E-18	1.126944E-18
7.574493E+03	2.244629E-18	1.116822E-18
7.574893E+03	2.241256E-18	1.116901E-18
7.575093E+03	2.237489E-18	1.115645E-18
7.575293E+03	2.233174E-18	1.115018E-18
7.575493E+03	2.228466E-18	1.115332E-18
7.575693E+03	2.220542E-18	1.111409E-18
7.575893E+03	2.211362E-18	1.111722E-18
7.576093E+03	2.209086E-18	1.111173E-18
7.576293E+03	2.209165E-18	1.111644E-18
7.576493E+03	2.205006E-18	1.110702E-18
7.576693E+03	2.199671E-18	1.107878E-18
7.576892E+03	2.196219E-18	1.106152E-18
7.577092E+03	2.194571E-18	1.105289E-18
7.577293E+03	2.194728E-18	1.105995E-18
7.577493E+03	2.191119E-18	1.106622E-18
7.577693E+03	2.186960E-18	1.104975E-18
7.577893E+03	2.188059E-18	1.104269E-18
7.578293E+03	2.193237E-18	1.104896E-18
7.578493E+03	2.199122E-18	1.106073E-18
7.578693E+03	2.203829E-18	1.105132E-18
7.578893E+03	2.201397E-18	1.100659E-18
7.579093E+03	2.196297E-18	1.099953E-18
7.579293E+03	2.189157E-18	1.099169E-18
7.579493E+03	2.181860E-18	1.093676E-18
7.579693E+03	2.182488E-18	1.095559E-18
7.579893E+03	2.184449E-18	1.096501E-18
7.580093E+03	2.178957E-18	1.097442E-18
7.580293E+03	2.170248E-18	1.096972E-18
7.580493E+03	2.167109E-18	1.098698E-18
7.580693E+03	2.165776E-18	1.093049E-18
7.580893E+03	2.164206E-18	1.093362E-18
7.581093E+03	2.160754E-18	1.093833E-18
7.581293E+03	2.155811E-18	1.095795E-18
7.581493E+03	2.156596E-18	1.087713E-18
7.581693E+03	2.161382E-18	1.085124E-18
7.581893E+03	2.156988E-18	1.084732E-18
7.582093E+03	2.151574E-18	1.077435E-18
7.582293E+03	2.150476E-18	1.075473E-18
7.582494E+03	2.147337E-18	1.075630E-18
7.582694E+03	2.147415E-18	1.075787E-18
7.582894E+03	2.152829E-18	1.075552E-18
7.583094E+03	2.153300E-18	1.074845E-18
7.583294E+03	2.144905E-18	1.073747E-18
7.583494E+03	2.138157E-18	1.074375E-18
7.583694E+03	2.138863E-18	1.067235E-18
7.583894E+03	2.140119E-18	1.065352E-18
7.584094E+03	2.140275E-18	1.070216E-18
7.584294E+03	2.142002E-18	1.075865E-18
7.584494E+03	2.145454E-18	1.082378E-18
7.584694E+03	2.141531E-18	1.082613E-18
7.584894E+03	2.141766E-18	1.095795E-18
7.585094E+03	2.147259E-18	1.095559E-18
7.585294E+03	2.150240E-18	1.093755E-18
7.585494E+03	2.152908E-18	1.093441E-18
7.585694E+03	2.151103E-18	1.090145E-18
7.585894E+03	2.147965E-18	1.070922E-18
7.586094E+03	2.154242E-18	1.068255E-18
7.586694E+03	2.156360E-18	1.069118E-18
7.587094E+03	2.153536E-18	1.068882E-18
7.587294E+03	2.154399E-18	1.068019E-18
7.587494E+03	2.155026E-18	1.067705E-18
7.588095E+03	2.149769E-18	1.102307E-18
7.588295E+03	2.146474E-18	1.103013E-18
7.588495E+03	2.150554E-18	1.103092E-18
7.588695E+03	2.151182E-18	1.139105E-18
7.588895E+03	2.146945E-18	1.144049E-18
7.589095E+03	2.145454E-18	1.145461E-18
7.589294E+03	2.144512E-18	1.150404E-18
7.589494E+03	2.142315E-18	1.151973E-18
7.589694E+03	2.140903E-18	1.151346E-18
7.589895E+03	2.144355E-18	1.155504E-18
7.590095E+03	2.144512E-18	1.155269E-18
7.591094E+03	2.141452E-18	1.174335E-18
7.591294E+03	2.141139E-18	1.200619E-18
7.591494E+03	2.138157E-18	1.200149E-18
7.591694E+03	2.139412E-18	1.203209E-18
7.591894E+03	2.145297E-18	1.204778E-18
7.592494E+03	2.143492E-18	1.204935E-18
7.592695E+03	2.138235E-18	1.196696E-18
7.592895E+03	2.137529E-18	1.197873E-18
7.593095E+03	2.145689E-18	1.190184E-18
7.593295E+03	2.152908E-18	1.212153E-18
7.593495E+03	2.156517E-18	1.236006E-18
7.593695E+03	2.156909E-18	1.227924E-18
7.593895E+03	2.149063E-18	1.223059E-18
7.594095E+03	2.150397E-18	1.219529E-18
7.594295E+03	2.155262E-18	1.228081E-18
7.594495E+03	2.154006E-18	1.227453E-18
7.594695E+03	2.152280E-18	1.224001E-18
7.595495E+03	2.151025E-18	1.221569E-18
7.596095E+03	2.153300E-18	1.215370E-18
7.596295E+03	2.159263E-18	1.212389E-18
7.596495E+03	2.164912E-18	1.213016E-18
7.596695E+03	2.168679E-18	1.218195E-18
7.597695E+03	2.169306E-18	1.229022E-18
7.598096E+03	2.170091E-18	1.229336E-18
7.598296E+03	2.168679E-18	1.233652E-18
7.598496E+03	2.167972E-18	1.242047E-18
7.598896E+03	2.169542E-18	1.243459E-18
7.599096E+03	2.171189E-18	1.236398E-18
7.599496E+03	2.179271E-18	1.245107E-18
7.600296E+03	2.187823E-18	1.260956E-18
7.600496E+03	2.196140E-18	1.265193E-18
7.601695E+03	2.204849E-18	1.268253E-18
7.601895E+03	2.210185E-18	1.270450E-18
7.602096E+03	2.214814E-18	1.269195E-18
7.602296E+03	2.215677E-18	1.264958E-18
7.602495E+03	2.215991E-18	1.257033E-18
7.602695E+03	2.218502E-18	1.258289E-18
7.603496E+03	2.223052E-18	1.262447E-18
7.603696E+03	2.228309E-18	1.260172E-18
7.603896E+03	2.232232E-18	1.256092E-18
7.604096E+03	2.228309E-18	1.254209E-18
7.604296E+03	2.225406E-18	1.254758E-18
7.605496E+03	2.227289E-18	1.257347E-18
7.605696E+03	2.230899E-18	1.257975E-18
7.605896E+03	2.230899E-18	1.257347E-18
7.606096E+03	2.234822E-18	1.260329E-18
7.606296E+03	2.239686E-18	1.259387E-18
7.606496E+03	2.241883E-18	1.262133E-18
7.606696E+03	2.244159E-18	1.263546E-18
7.607096E+03	2.249416E-18	1.259858E-18
7.607296E+03	2.254594E-18	1.258367E-18
7.607896E+03	2.258439E-18	1.258289E-18
7.608096E+03	2.259537E-18	1.260407E-18
7.608697E+03	2.262833E-18	1.253816E-18
7.608897E+03	2.267540E-18	1.244793E-18
7.609097E+03	2.266206E-18	1.246833E-18
7.609297E+03	2.267462E-18	1.248638E-18
7.609497E+03	2.272640E-18	1.220313E-18
7.609697E+03	2.278289E-18	1.185319E-18
7.609897E+03	2.280722E-18	1.173158E-18
7.610097E+03	2.283233E-18	1.177238E-18
7.610297E+03	2.289196E-18	1.179592E-18
7.610497E+03	2.292648E-18	1.212859E-18
7.610697E+03	2.292177E-18	1.242439E-18
7.610897E+03	2.293354E-18	1.238124E-18
7.611097E+03	2.295865E-18	1.234515E-18
7.611497E+03	2.296022E-18	1.234515E-18
7.611697E+03	2.298376E-18	1.234672E-18
7.612097E+03	2.298768E-18	1.233730E-18
7.612297E+03	2.299082E-18	1.233338E-18
7.612497E+03	2.302220E-18	1.233024E-18
7.612697E+03	2.300416E-18	1.234044E-18
7.613298E+03	2.300023E-18	1.231690E-18
7.613498E+03	2.301985E-18	1.233495E-18
7.613698E+03	2.305594E-18	1.238752E-18
7.613898E+03	2.304966E-18	1.239301E-18
7.614098E+03	2.300416E-18	1.238909E-18
7.614698E+03	2.301436E-18	1.254130E-18
7.614898E+03	2.303789E-18	1.262055E-18
7.615097E+03	2.304653E-18	1.261741E-18
7.615297E+03	2.307006E-18	1.260878E-18
7.615498E+03	2.311714E-18	1.265350E-18
7.615897E+03	2.311086E-18	1.264958E-18
7.616097E+03	2.310616E-18	1.270450E-18
7.616297E+03	2.308733E-18	1.266606E-18
7.616497E+03	2.311008E-18	1.270607E-18
7.616697E+03	2.316814E-18	1.280101E-18
7.616897E+03	2.321208E-18	1.280179E-18
7.617097E+03	2.326465E-18	1.284887E-18
7.617297E+03	2.330388E-18	1.286849E-18
7.617497E+03	2.333997E-18	1.288810E-18
7.617697E+03	2.337999E-18	1.293204E-18
7.617897E+03	2.347885E-18	1.293204E-18
7.618498E+03	2.356986E-18	1.292576E-18
7.618698E+03	2.359340E-18	1.292733E-18
7.618898E+03	2.359497E-18	1.292341E-18
7.619098E+03	2.359733E-18	1.295558E-18
7.619298E+03	2.367186E-18	1.297519E-18
7.619498E+03	2.377622E-18	1.293989E-18
7.619698E+03	2.386174E-18	1.292498E-18
7.619898E+03	2.388371E-18	1.297598E-18
7.620098E+03	2.390646E-18	1.298069E-18
7.620298E+03	2.397159E-18	1.314310E-18
7.620498E+03	2.405868E-18	1.311878E-18
7.620698E+03	2.413793E-18	1.315879E-18
7.620898E+03	2.419206E-18	1.314467E-18
7.621098E+03	2.422737E-18	1.309916E-18
7.621298E+03	2.425170E-18	1.338084E-18
7.621498E+03	2.425954E-18	1.349775E-18
7.622098E+03	2.430348E-18	1.355660E-18
7.622298E+03	2.433251E-18	1.360995E-18
7.622498E+03	2.440626E-18	1.360995E-18
7.622698E+03	2.443294E-18	1.361544E-18
7.623098E+03	2.443216E-18	1.358563E-18
7.623298E+03	2.446668E-18	1.360916E-18
7.623498E+03	2.453651E-18	1.363192E-18
7.623699E+03	2.459771E-18	1.358876E-18
7.623899E+03	2.469343E-18	1.358563E-18
7.624099E+03	2.478445E-18	1.357072E-18
7.624299E+03	2.483937E-18	1.356680E-18
7.624499E+03	2.488017E-18	1.355895E-18
7.624699E+03	2.491705E-18	1.354561E-18
7.625499E+03	2.497747E-18	1.353306E-18
7.626099E+03	2.494922E-18	1.352443E-18
7.626299E+03	2.492333E-18	1.352050E-18
7.626499E+03	2.490685E-18	1.352050E-18
7.626699E+03	2.495236E-18	1.352521E-18
7.626899E+03	2.497825E-18	1.353463E-18
7.627099E+03	2.495157E-18	1.355346E-18
7.627298E+03	2.499473E-18	1.358013E-18
7.628099E+03	2.501983E-18	1.361466E-18
7.628298E+03	2.499394E-18	1.366880E-18
7.628498E+03	2.498531E-18	1.373392E-18
7.629499E+03	2.503867E-18	1.380924E-18
7.629699E+03	2.514459E-18	1.389712E-18
7.629899E+03	2.516028E-18	1.397009E-18
7.630299E+03	2.512419E-18	1.397793E-18
7.630499E+03	2.516107E-18	1.398343E-18
7.630699E+03	2.520343E-18	1.399363E-18
7.630899E+03	2.520265E-18	1.401873E-18
7.631099E+03	2.518068E-18	1.405404E-18
7.631299E+03	2.515636E-18	1.405247E-18
7.631499E+03	2.509516E-18	1.411681E-18
7.631699E+03	2.506299E-18	1.413486E-18
7.631899E+03	2.508574E-18	1.425098E-18
7.632099E+03	2.510379E-18	1.424784E-18
7.632299E+03	2.503474E-18	1.427295E-18
7.632499E+03	2.503553E-18	1.428707E-18
7.632699E+03	2.500963E-18	1.431218E-18
7.632899E+03	2.490685E-18	1.432552E-18
7.633299E+03	2.485428E-18	1.431924E-18
7.633499E+03	2.484722E-18	1.431218E-18
7.633699E+03	2.488253E-18	1.431610E-18
7.633900E+03	2.487154E-18	1.438829E-18
7.634100E+03	2.483231E-18	1.440398E-18
7.634300E+03	2.479073E-18	1.439535E-18
7.634500E+03	2.476640E-18	1.440163E-18
7.634700E+03	2.475777E-18	1.439143E-18
7.634900E+03	2.476954E-18	1.437966E-18
7.635100E+03	2.480407E-18	1.437103E-18
7.635300E+03	2.482290E-18	1.435769E-18
7.635500E+03	2.483310E-18	1.434670E-18
7.635700E+03	2.485977E-18	1.433023E-18
7.635900E+03	2.483074E-18	1.431218E-18
7.636100E+03	2.482682E-18	1.429413E-18
7.636300E+03	2.480171E-18	1.428236E-18
7.636500E+03	2.478288E-18	1.428315E-18
7.636700E+03	2.482839E-18	1.428080E-18
7.636900E+03	2.488331E-18	1.429727E-18
7.637100E+03	2.490450E-18	1.428236E-18
7.637300E+03	2.488567E-18	1.433886E-18
7.637500E+03	2.488567E-18	1.431924E-18
7.637700E+03	2.496099E-18	1.429492E-18
7.637900E+03	2.498374E-18	1.429256E-18
7.638100E+03	2.493353E-18	1.420312E-18
7.638300E+03	2.490920E-18	1.420155E-18
7.638500E+03	2.496413E-18	1.428393E-18
7.638700E+03	2.502062E-18	1.428943E-18
7.638900E+03	2.500493E-18	1.429492E-18
7.639101E+03	2.499630E-18	1.428001E-18
7.639301E+03	2.502925E-18	1.426353E-18
7.639501E+03	2.508731E-18	1.424078E-18
7.639700E+03	2.515793E-18	1.432630E-18
7.639900E+03	2.518225E-18	1.429256E-18
7.640100E+03	2.519716E-18	1.434200E-18
7.640301E+03	2.526307E-18	1.428629E-18
7.640900E+03	2.526228E-18	1.425804E-18
7.641100E+03	2.528268E-18	1.422195E-18
7.641300E+03	2.532976E-18	1.422273E-18
7.641500E+03	2.536193E-18	1.418350E-18
7.641700E+03	2.538311E-18	1.418821E-18
7.642100E+03	2.537605E-18	1.422823E-18
7.642300E+03	2.539174E-18	1.422666E-18
7.642500E+03	2.543725E-18	1.429884E-18
7.642700E+03	2.546000E-18	1.432395E-18
7.642900E+03	2.546000E-18	1.429806E-18
7.643100E+03	2.546079E-18	1.427687E-18
7.643300E+03	2.542156E-18	1.428550E-18
7.643500E+03	2.540116E-18	1.428707E-18
7.643700E+03	2.545137E-18	1.431532E-18
7.643900E+03	2.542234E-18	1.410033E-18
7.644100E+03	2.535879E-18	1.409013E-18
7.644301E+03	2.537762E-18	1.409955E-18
7.644501E+03	2.539645E-18	1.384063E-18
7.644701E+03	2.534780E-18	1.381316E-18
7.644901E+03	2.534545E-18	1.378335E-18
7.645301E+03	2.538547E-18	1.371352E-18
7.645501E+03	2.542470E-18	1.379120E-18
7.645701E+03	2.542705E-18	1.379590E-18
7.645901E+03	2.544117E-18	1.375040E-18
7.646101E+03	2.539567E-18	1.377786E-18
7.646301E+03	2.536193E-18	1.367272E-18
7.646501E+03	2.536507E-18	1.348755E-18
7.646701E+03	2.540508E-18	1.348833E-18
7.646901E+03	2.541293E-18	1.342949E-18
7.647101E+03	2.540508E-18	1.340516E-18
7.647301E+03	2.548197E-18	1.343184E-18
7.647501E+03	2.556750E-18	1.343106E-18
7.647701E+03	2.564831E-18	1.342713E-18
7.647901E+03	2.567342E-18	1.342556E-18
7.648101E+03	2.570480E-18	1.322313E-18
7.648301E+03	2.577856E-18	1.303639E-18
7.648501E+03	2.582171E-18	1.302541E-18
7.648701E+03	2.580994E-18	1.302698E-18
7.648901E+03	2.585702E-18	1.303247E-18
7.649101E+03	2.591665E-18	1.290536E-18
7.649302E+03	2.591430E-18	1.290850E-18
7.649502E+03	2.591351E-18	1.289987E-18
7.649702E+03	2.593705E-18	1.291164E-18
7.649902E+03	2.595510E-18	1.291086E-18
7.650102E+03	2.593470E-18	1.291713E-18
7.650302E+03	2.596137E-18	1.304973E-18
7.650502E+03	2.598884E-18	1.313761E-18
7.650702E+03	2.599119E-18	1.308975E-18
7.650902E+03	2.607436E-18	1.320352E-18
7.651102E+03	2.609397E-18	1.309132E-18
7.651502E+03	2.604140E-18	1.300030E-18
7.651702E+03	2.607907E-18	1.293989E-18
7.651902E+03	2.612300E-18	1.293047E-18
7.652102E+03	2.616380E-18	1.287163E-18
7.652301E+03	2.620853E-18	1.274452E-18
7.652502E+03	2.622814E-18	1.268489E-18
7.652702E+03	2.623520E-18	1.261898E-18
7.652901E+03	2.626110E-18	1.259936E-18
7.653101E+03	2.624776E-18	1.253816E-18
7.653301E+03	2.624540E-18	1.258916E-18
7.653701E+03	2.630896E-18	1.259309E-18
7.653901E+03	2.632622E-18	1.255464E-18
7.654101E+03	2.638350E-18	1.246284E-18
7.654301E+03	2.644391E-18	1.246284E-18
7.654502E+03	2.646588E-18	1.246362E-18
7.654702E+03	2.651845E-18	1.247853E-18
7.655302E+03	2.654121E-18	1.259073E-18
7.655502E+03	2.652159E-18	1.254915E-18
7.655702E+03	2.652630E-18	1.256092E-18
7.655902E+03	2.652473E-18	1.257033E-18
7.656102E+03	2.651767E-18	1.256013E-18
7.656302E+03	2.651531E-18	1.257112E-18
7.656502E+03	2.657024E-18	1.251855E-18
7.656702E+03	2.662437E-18	1.251070E-18
7.656902E+03	2.665968E-18	1.256719E-18
7.657102E+03	2.665497E-18	1.260956E-18
7.657302E+03	2.665497E-18	1.261035E-18
7.657502E+03	2.669656E-18	1.259936E-18
7.657702E+03	2.672559E-18	1.258916E-18
7.657902E+03	2.672088E-18	1.259936E-18
7.658102E+03	2.670754E-18	1.258524E-18
7.658302E+03	2.671774E-18	1.255307E-18
7.658502E+03	2.673657E-18	1.259466E-18
7.658702E+03	2.677502E-18	1.266292E-18
7.658902E+03	2.677894E-18	1.264016E-18
7.659102E+03	2.679621E-18	1.259387E-18
7.659302E+03	2.681661E-18	1.259858E-18
7.659502E+03	2.685191E-18	1.240635E-18
7.659703E+03	2.687467E-18	1.222432E-18
7.659903E+03	2.684877E-18	1.228787E-18
7.660303E+03	2.684407E-18	1.229729E-18
7.660503E+03	2.688251E-18	1.229336E-18
7.660703E+03	2.689114E-18	1.228081E-18
7.660903E+03	2.685662E-18	1.228316E-18
7.661103E+03	2.687781E-18	1.229572E-18
7.661303E+03	2.698059E-18	1.230827E-18
7.661703E+03	2.704728E-18	1.233338E-18
7.661903E+03	2.707945E-18	1.233024E-18
7.662103E+03	2.712261E-18	1.231612E-18
7.662303E+03	2.714928E-18	1.227767E-18
7.662503E+03	2.715948E-18	1.225178E-18
7.662703E+03	2.717753E-18	1.225178E-18
7.663103E+03	2.722539E-18	1.214821E-18
7.663303E+03	2.720421E-18	1.210898E-18
7.663503E+03	2.715556E-18	1.212781E-18
7.663703E+03	2.717596E-18	1.212075E-18
7.663903E+03	2.723324E-18	1.208779E-18
7.664103E+03	2.723402E-18	1.207446E-18
7.664303E+03	2.722068E-18	1.201561E-18
7.664503E+03	2.727717E-18	1.202267E-18
7.664703E+03	2.731013E-18	1.198109E-18
7.664904E+03	2.733994E-18	1.186810E-18
7.665104E+03	2.738545E-18	1.189399E-18
7.665503E+03	2.745764E-18	1.186104E-18
7.665703E+03	2.747647E-18	1.190576E-18
7.665904E+03	2.745685E-18	1.190498E-18
7.666104E+03	2.746313E-18	1.193087E-18
7.666303E+03	2.745842E-18	1.193244E-18
7.666503E+03	2.747882E-18	1.196853E-18
7.666703E+03	2.750079E-18	1.198030E-18
7.666903E+03	2.751884E-18	1.197716E-18
7.667103E+03	2.754551E-18	1.196932E-18
7.667303E+03	2.757376E-18	1.201718E-18
7.667503E+03	2.760828E-18	1.201796E-18
7.667703E+03	2.766164E-18	1.202110E-18
7.667903E+03	2.766713E-18	1.202659E-18
7.668103E+03	2.770244E-18	1.214664E-18
7.668303E+03	2.773539E-18	1.197638E-18
7.668503E+03	2.776521E-18	1.208073E-18
7.668703E+03	2.774481E-18	1.209093E-18
7.668903E+03	2.773696E-18	1.207916E-18
7.669103E+03	2.773618E-18	1.208387E-18
7.669303E+03	2.773068E-18	1.176610E-18
7.669503E+03	2.770165E-18	1.158250E-18
7.669703E+03	2.770322E-18	1.149855E-18
7.669904E+03	2.775579E-18	1.142558E-18
7.670104E+03	2.777070E-18	1.155269E-18
7.670304E+03	2.779188E-18	1.151738E-18
7.670504E+03	2.786328E-18	1.155896E-18
7.670704E+03	2.794645E-18	1.153464E-18
7.670904E+03	2.792762E-18	1.155347E-18
7.671104E+03	2.789153E-18	1.157073E-18
7.671304E+03	2.791350E-18	1.154249E-18
7.671504E+03	2.785858E-18	1.154170E-18
7.671704E+03	2.782954E-18	1.156367E-18
7.671904E+03	2.786407E-18	1.155818E-18
7.672104E+03	2.784681E-18	1.155582E-18
7.672304E+03	2.781699E-18	1.161702E-18
7.672504E+03	2.777227E-18	1.161781E-18
7.672704E+03	2.775658E-18	1.163193E-18
7.672904E+03	2.774245E-18	1.164919E-18
7.673104E+03	2.776756E-18	1.165390E-18
7.673304E+03	2.781150E-18	1.163664E-18
7.673504E+03	2.783190E-18	1.162173E-18
7.673704E+03	2.785151E-18	1.159192E-18
7.673904E+03	2.785622E-18	1.154013E-18
7.674104E+03	2.790879E-18	1.147815E-18
7.674304E+03	2.792213E-18	1.140596E-18
7.674504E+03	2.790094E-18	1.132201E-18
7.674704E+03	2.786956E-18	1.122550E-18
7.674904E+03	2.788761E-18	1.111958E-18
7.675105E+03	2.791664E-18	1.115959E-18
7.675305E+03	2.795430E-18	1.125218E-18
7.675505E+03	2.799667E-18	1.133613E-18
7.675705E+03	2.802884E-18	1.134162E-18
7.675905E+03	2.800608E-18	1.131259E-18
7.676105E+03	2.800844E-18	1.134790E-18
7.676305E+03	2.807591E-18	1.125845E-18
7.676505E+03	2.806571E-18	1.124198E-18
7.676705E+03	2.810887E-18	1.112350E-18
7.676905E+03	2.814496E-18	1.113135E-18
7.677105E+03	2.810965E-18	1.110702E-18
7.677305E+03	2.807513E-18	1.109369E-18
7.677505E+03	2.806650E-18	1.107015E-18
7.677704E+03	2.805551E-18	1.103327E-18
7.677904E+03	2.806336E-18	1.103562E-18
7.678105E+03	2.805159E-18	1.103249E-18
7.678305E+03	2.802805E-18	1.103955E-18
7.678505E+03	2.796764E-18	1.096972E-18
7.678704E+03	2.791114E-18	1.094775E-18
7.678904E+03	2.786642E-18	1.095010E-18
7.679104E+03	2.781934E-18	1.092107E-18
7.679304E+03	2.780130E-18	1.092107E-18
7.679504E+03	2.783974E-18	1.102150E-18
7.679704E+03	2.783739E-18	1.100738E-18
7.679904E+03	2.779659E-18	1.107878E-18
7.680104E+03	2.777619E-18	1.107956E-18
7.680305E+03	2.780208E-18	1.111252E-18
7.680505E+03	2.775344E-18	1.111173E-18
7.680705E+03	2.766321E-18	1.111565E-18
7.680905E+03	2.753061E-18	1.109525E-18
7.681105E+03	2.745057E-18	1.108976E-18
7.681305E+03	2.748667E-18	1.107721E-18
7.681505E+03	2.748274E-18	1.100189E-18
7.681705E+03	2.744430E-18	1.098462E-18
7.681905E+03	2.740114E-18	1.091165E-18
7.682105E+03	2.734387E-18	1.091715E-18
7.682305E+03	2.732033E-18	1.086850E-18
7.682505E+03	2.731248E-18	1.086850E-18
7.682705E+03	2.726697E-18	1.086144E-18
7.682905E+03	2.722617E-18	1.089439E-18
7.683105E+03	2.725207E-18	1.081829E-18
7.683305E+03	2.727090E-18	1.104190E-18
7.683505E+03	2.724344E-18	1.105681E-18
7.683705E+03	2.716890E-18	1.109369E-18
7.683905E+03	2.711476E-18	1.110310E-18
7.684105E+03	2.710142E-18	1.111173E-18
7.684305E+03	2.705670E-18	1.101130E-18
7.684505E+03	2.703944E-18	1.104425E-18
7.684705E+03	2.704650E-18	1.087242E-18
7.684905E+03	2.700570E-18	1.087949E-18
7.685105E+03	2.697117E-18	1.085595E-18
7.685306E+03	2.696490E-18	1.076885E-18
7.685506E+03	2.695470E-18	1.076258E-18
7.685706E+03	2.695784E-18	1.073590E-18
7.685906E+03	2.693744E-18	1.080887E-18
7.686106E+03	2.688722E-18	1.073825E-18
7.686306E+03	2.686368E-18	1.072962E-18
7.686506E+03	2.684093E-18	1.070295E-18
7.686706E+03	2.683465E-18	1.070216E-18
7.686906E+03	2.682916E-18	1.070844E-18
7.687106E+03	2.681896E-18	1.073982E-18
7.687306E+03	2.681268E-18	1.076336E-18
7.687506E+03	2.678208E-18	1.078376E-18
7.687706E+03	2.673736E-18	1.081436E-18
7.687906E+03	2.671382E-18	1.089204E-18
7.688106E+03	2.666517E-18	1.094539E-18
7.688306E+03	2.659534E-18	1.095481E-18
7.688506E+03	2.650747E-18	1.096815E-18
7.688706E+03	2.645568E-18	1.099012E-18
7.688906E+03	2.642665E-18	1.103484E-18
7.689106E+03	2.642037E-18	1.106230E-18
7.689306E+03	2.635682E-18	1.097521E-18
7.689506E+03	2.630896E-18	1.097599E-18
7.689706E+03	2.634976E-18	1.095245E-18
7.689906E+03	2.638036E-18	1.093284E-18
7.690106E+03	2.636937E-18	1.092499E-18
7.690306E+03	2.638114E-18	1.093833E-18
7.690507E+03	2.639919E-18	1.093519E-18
7.690707E+03	2.635211E-18	1.093519E-18
7.690907E+03	2.632387E-18	1.094304E-18
7.691106E+03	2.628620E-18	1.099875E-18
7.691306E+03	2.622971E-18	1.110702E-18
7.691506E+03	2.623756E-18	1.114939E-18
7.691706E+03	2.619205E-18	1.123727E-18
7.691906E+03	2.611045E-18	1.130475E-18
7.692106E+03	2.607357E-18	1.135732E-18
7.692306E+03	2.605396E-18	1.142401E-18
7.692506E+03	2.602807E-18	1.148992E-18
7.692706E+03	2.600139E-18	1.154719E-18
7.692906E+03	2.600060E-18	1.160212E-18
7.693106E+03	2.601708E-18	1.164292E-18
7.693306E+03	2.599511E-18	1.167901E-18
7.693506E+03	2.595510E-18	1.170490E-18
7.693706E+03	2.593077E-18	1.171981E-18
7.693906E+03	2.593705E-18	1.172922E-18
7.694106E+03	2.592920E-18	1.162487E-18
7.694306E+03	2.587899E-18	1.152993E-18
7.694506E+03	2.583427E-18	1.150090E-18
7.694706E+03	2.580759E-18	1.136752E-18
7.694906E+03	2.577620E-18	1.136909E-18
7.695106E+03	2.574247E-18	1.137301E-18
7.695306E+03	2.570716E-18	1.136987E-18
7.695506E+03	2.567028E-18	1.136673E-18
7.695707E+03	2.563105E-18	1.136830E-18
7.695907E+03	2.559104E-18	1.146245E-18
7.696107E+03	2.554945E-18	1.170882E-18
7.696307E+03	2.550394E-18	1.178336E-18
7.696507E+03	2.545843E-18	1.178729E-18
7.696707E+03	2.541450E-18	1.178101E-18
7.696907E+03	2.537056E-18	1.178336E-18
7.697107E+03	2.536114E-18	1.179042E-18
7.697307E+03	2.539331E-18	1.178729E-18
7.697507E+03	2.537997E-18	1.179592E-18
7.697707E+03	2.534623E-18	1.182573E-18
7.697907E+03	2.534545E-18	1.191989E-18
7.698107E+03	2.531485E-18	1.190969E-18
7.698307E+03	2.526385E-18	1.179984E-18
7.698507E+03	2.519716E-18	1.184535E-18
7.698707E+03	2.516420E-18	1.181004E-18
7.698907E+03	2.514302E-18	1.185398E-18
7.699107E+03	2.517048E-18	1.193087E-18
7.699307E+03	2.513596E-18	1.191832E-18
7.699507E+03	2.514223E-18	1.194186E-18
7.699707E+03	2.517048E-18	1.194421E-18
7.699907E+03	2.516028E-18	1.190106E-18
7.700107E+03	2.516891E-18	1.185476E-18
7.700307E+03	2.520657E-18	1.186104E-18
7.700507E+03	2.521913E-18	1.183515E-18
7.700708E+03	2.524345E-18	1.182259E-18
7.701108E+03	2.525600E-18	1.180769E-18
7.701308E+03	2.525600E-18	1.180455E-18
7.701508E+03	2.525679E-18	1.180455E-18
7.701708E+03	2.525287E-18	1.177081E-18
7.701908E+03	2.522933E-18	1.169941E-18
7.702108E+03	2.518147E-18	1.174649E-18
7.702308E+03	2.515322E-18	1.176139E-18
7.702508E+03	2.515087E-18	1.174962E-18
7.702708E+03	2.517519E-18	1.170412E-18
7.702908E+03	2.520343E-18	1.160526E-18
7.703108E+03	2.523090E-18	1.152993E-18
7.703307E+03	2.522227E-18	1.151973E-18
7.703507E+03	2.521677E-18	1.152052E-18
7.703708E+03	2.525051E-18	1.153150E-18
7.703908E+03	2.529837E-18	1.152993E-18
7.704107E+03	2.528660E-18	1.152209E-18
7.704307E+03	2.530230E-18	1.151110E-18
7.704507E+03	2.530700E-18	1.147893E-18
7.704707E+03	2.533290E-18	1.150247E-18
7.704907E+03	2.531328E-18	1.150953E-18
7.705107E+03	2.527719E-18	1.150718E-18
7.705307E+03	2.525679E-18	1.153229E-18
7.705507E+03	2.524502E-18	1.153229E-18
7.705707E+03	2.524423E-18	1.150875E-18
7.705908E+03	2.525208E-18	1.148442E-18
7.706108E+03	2.527483E-18	1.146873E-18
7.706308E+03	2.530622E-18	1.146873E-18
7.706508E+03	2.534780E-18	1.143578E-18
7.706708E+03	2.539880E-18	1.142401E-18
7.706908E+03	2.546000E-18	1.141302E-18
7.707108E+03	2.547491E-18	1.139419E-18
7.707308E+03	2.544667E-18	1.138007E-18
7.707508E+03	2.548433E-18	1.140125E-18
7.707708E+03	2.551728E-18	1.138399E-18
7.707908E+03	2.552513E-18	1.138713E-18
7.708108E+03	2.552277E-18	1.134555E-18
7.708308E+03	2.548040E-18	1.132829E-18
7.708508E+03	2.545373E-18	1.130867E-18
7.708708E+03	2.545373E-18	1.134555E-18
7.708908E+03	2.544431E-18	1.132985E-18
7.709108E+03	2.542313E-18	1.137772E-18
7.709308E+03	2.542705E-18	1.138556E-18
7.709508E+03	2.531720E-18	1.134633E-18
7.709708E+03	2.529602E-18	1.130867E-18
7.709908E+03	2.528817E-18	1.134555E-18
7.710108E+03	2.520187E-18	1.134476E-18
7.710308E+03	2.513517E-18	1.126159E-18
7.710508E+03	2.512027E-18	1.116195E-18
7.710708E+03	2.512811E-18	1.114704E-18
7.710908E+03	2.511948E-18	1.100502E-18
7.711109E+03	2.511556E-18	1.095795E-18
7.711309E+03	2.513125E-18	1.096109E-18
7.711509E+03	2.511556E-18	1.095716E-18
7.711709E+03	2.503474E-18	1.098462E-18
7.711909E+03	2.495000E-18	1.100816E-18
7.712109E+03	2.494059E-18	1.100738E-18
7.713309E+03	2.497511E-18	1.101679E-18
7.713509E+03	2.499865E-18	1.091479E-18
7.714509E+03	2.501120E-18	1.092107E-18
7.714709E+03	2.507005E-18	1.093284E-18
7.714909E+03	2.512890E-18	1.106701E-18
7.715508E+03	2.513988E-18	1.105524E-18
7.715708E+03	2.507711E-18	1.104582E-18
7.715908E+03	2.502925E-18	1.104896E-18
7.716310E+03	2.499787E-18	1.105445E-18
7.716510E+03	2.496334E-18	1.100032E-18
7.716709E+03	2.495471E-18	1.105995E-18
7.717909E+03	2.499473E-18	1.111409E-18
7.718109E+03	2.497511E-18	1.107721E-18
7.718909E+03	2.499865E-18	1.119255E-18
7.719109E+03	2.500336E-18	1.118156E-18
7.719309E+03	2.502062E-18	1.116430E-18
7.719509E+03	2.499787E-18	1.115881E-18
7.719709E+03	2.496883E-18	1.115724E-18
7.719909E+03	2.495942E-18	1.118156E-18
7.720109E+03	2.493431E-18	1.127179E-18
7.720309E+03	2.490920E-18	1.127022E-18
7.720509E+03	2.494608E-18	1.124825E-18
7.720709E+03	2.499473E-18	1.123178E-18
7.720909E+03	2.496805E-18	1.118784E-18
7.721109E+03	2.502376E-18	1.113213E-18
7.721310E+03	2.497668E-18	1.114233E-18
7.721510E+03	2.490528E-18	1.112272E-18
7.721710E+03	2.494530E-18	1.105289E-18
7.721910E+03	2.494373E-18	1.098462E-18
7.722110E+03	2.489665E-18	1.097207E-18
7.722310E+03	2.486997E-18	1.100973E-18
7.722510E+03	2.488723E-18	1.098070E-18
7.722710E+03	2.488410E-18	1.096501E-18
7.722910E+03	2.485663E-18	1.096265E-18
7.723110E+03	2.490685E-18	1.094853E-18
7.723310E+03	2.493980E-18	1.094069E-18
7.723510E+03	2.495000E-18	1.094618E-18
7.723710E+03	2.496570E-18	1.094225E-18
7.724310E+03	2.494216E-18	1.090538E-18
7.724510E+03	2.496883E-18	1.095324E-18
7.724710E+03	2.493980E-18	1.097521E-18
7.724910E+03	2.489430E-18	1.097835E-18
7.725110E+03	2.492882E-18	1.097599E-18
7.725310E+03	2.491548E-18	1.097285E-18
7.725510E+03	2.484408E-18	1.097207E-18
7.725710E+03	2.480250E-18	1.098227E-18
7.725910E+03	2.480014E-18	1.098305E-18
7.726511E+03	2.478288E-18	1.098541E-18
7.726711E+03	2.477268E-18	1.091009E-18
7.726911E+03	2.471776E-18	1.090381E-18
7.727111E+03	2.466362E-18	1.080102E-18
7.727311E+03	2.470128E-18	1.079632E-18
7.727911E+03	2.469893E-18	1.074532E-18
7.728110E+03	2.464008E-18	1.074689E-18
7.728310E+03	2.463459E-18	1.079475E-18
7.728511E+03	2.463851E-18	1.083555E-18
7.728711E+03	2.465734E-18	1.084967E-18
7.728910E+03	2.470050E-18	1.086850E-18
7.729110E+03	2.472560E-18	1.089753E-18
7.729310E+03	2.464950E-18	1.090302E-18
7.729510E+03	2.453180E-18	1.092421E-18
7.729710E+03	2.449493E-18	1.092342E-18
7.729910E+03	2.448865E-18	1.093362E-18
7.730110E+03	2.448316E-18	1.094225E-18
7.730310E+03	2.449022E-18	1.094932E-18
7.730510E+03	2.447688E-18	1.090695E-18
7.730710E+03	2.447374E-18	1.091479E-18
7.730910E+03	2.448943E-18	1.074610E-18
7.731110E+03	2.450827E-18	1.070373E-18
7.731310E+03	2.452082E-18	1.066842E-18
7.731510E+03	2.447845E-18	1.065665E-18
7.731711E+03	2.442666E-18	1.064802E-18
7.731911E+03	2.444000E-18	1.063782E-18
7.732111E+03	2.446433E-18	1.058761E-18
7.732311E+03	2.442745E-18	1.059075E-18
7.732511E+03	2.438665E-18	1.064567E-18
7.732711E+03	2.437959E-18	1.068961E-18
7.732911E+03	2.435370E-18	1.071864E-18
7.733111E+03	2.436076E-18	1.076493E-18
7.733311E+03	2.439214E-18	1.077984E-18
7.733511E+03	2.444628E-18	1.071236E-18
7.733711E+03	2.445020E-18	1.068412E-18
7.733911E+03	2.447688E-18	1.070609E-18
7.734111E+03	2.449963E-18	1.068804E-18
7.734311E+03	2.450983E-18	1.073276E-18
7.734511E+03	2.452082E-18	1.077984E-18
7.734711E+03	2.447453E-18	1.077121E-18
7.734911E+03	2.444471E-18	1.076415E-18
7.735111E+03	2.443608E-18	1.076101E-18
7.735311E+03	2.445334E-18	1.077905E-18
7.735511E+03	2.448002E-18	1.072335E-18
7.735711E+03	2.447060E-18	1.069039E-18
7.735911E+03	2.442745E-18	1.068647E-18
7.736111E+03	2.435448E-18	1.070609E-18
7.736311E+03	2.430113E-18	1.070059E-18
7.736511E+03	2.427837E-18	1.066921E-18
7.736712E+03	2.425876E-18	1.065195E-18
7.736912E+03	2.428700E-18	1.063547E-18
7.737112E+03	2.429171E-18	1.061272E-18
7.737312E+03	2.420619E-18	1.061429E-18
7.737712E+03	2.424306E-18	1.059702E-18
7.737912E+03	2.430270E-18	1.056485E-18
7.738112E+03	2.432780E-18	1.056015E-18
7.738312E+03	2.435997E-18	1.056329E-18
7.738512E+03	2.424463E-18	1.056485E-18
7.738712E+03	2.422345E-18	1.061193E-18
7.738912E+03	2.421011E-18	1.054132E-18
7.739112E+03	2.418579E-18	1.043853E-18
7.739312E+03	2.420462E-18	1.034830E-18
7.739512E+03	2.424777E-18	1.025885E-18
7.739712E+03	2.423130E-18	1.017333E-18
7.739912E+03	2.419285E-18	1.014430E-18
7.740112E+03	2.419756E-18	1.007055E-18
7.740312E+03	2.425562E-18	1.001013E-18
7.740512E+03	2.432153E-18	9.948931E-19
7.740712E+03	2.434820E-18	9.903423E-19
7.740912E+03	2.433722E-18	9.841438E-19
7.741111E+03	2.433016E-18	9.799854E-19
7.741311E+03	2.434036E-18	9.758269E-19
7.741511E+03	2.434193E-18	9.754346E-19
7.741712E+03	2.432623E-18	9.757484E-19
7.741913E+03	2.429642E-18	9.726100E-19
7.742112E+03	2.430740E-18	9.703346E-19
7.742312E+03	2.430740E-18	9.777100E-19
7.742512E+03	2.427131E-18	9.817115E-19
7.742712E+03	2.424228E-18	9.800638E-19
7.742912E+03	2.421482E-18	9.777884E-19
7.743112E+03	2.417794E-18	9.775531E-19
7.743312E+03	2.413950E-18	9.773961E-19
7.743512E+03	2.406966E-18	9.737084E-19
7.743712E+03	2.398179E-18	9.622530E-19
7.743912E+03	2.391117E-18	9.287499E-19
7.744112E+03	2.386723E-18	9.176084E-19
7.744312E+03	2.387979E-18	9.176869E-19
7.744512E+03	2.388057E-18	9.194915E-19
7.744712E+03	2.386488E-18	9.106253E-19
7.744912E+03	2.388371E-18	9.088992E-19
7.745112E+03	2.389313E-18	9.143130E-19
7.745312E+03	2.386645E-18	9.239638E-19
7.745512E+03	2.378563E-18	9.243561E-19
7.745712E+03	2.377857E-18	9.155684E-19
7.745912E+03	2.381153E-18	9.129007E-19
7.746112E+03	2.379740E-18	9.137638E-19
7.746312E+03	2.382016E-18	9.090561E-19
7.746512E+03	2.384291E-18	9.091345E-19
7.746712E+03	2.381623E-18	9.037992E-19
7.746912E+03	2.380682E-18	8.903822E-19
7.747113E+03	2.382957E-18	8.904607E-19
7.747313E+03	2.384762E-18	8.881853E-19
7.747513E+03	2.389156E-18	8.867730E-19
7.747713E+03	2.397002E-18	8.914807E-19
7.747913E+03	2.397159E-18	8.925007E-19
7.748113E+03	2.395197E-18	8.931284E-19
7.748313E+03	2.395668E-18	8.939130E-19
7.748513E+03	2.395354E-18	9.023084E-19
7.748713E+03	2.393236E-18	9.080361E-19
7.748913E+03	2.391431E-18	9.120376E-19
7.749113E+03	2.390490E-18	9.130576E-19
7.749313E+03	2.392608E-18	9.186284E-19
7.749513E+03	2.392765E-18	9.194130E-19
7.749913E+03	2.393863E-18	9.122730E-19
7.750113E+03	2.395433E-18	9.075653E-19
7.750313E+03	2.391353E-18	9.104684E-19
7.750513E+03	2.388842E-18	9.071730E-19
7.751513E+03	2.385860E-18	9.229438E-19
7.751713E+03	2.380290E-18	9.231007E-19
7.752514E+03	2.377779E-18	9.256115E-19
7.752714E+03	2.383350E-18	9.253761E-19
7.752914E+03	2.381937E-18	9.245915E-19
7.753114E+03	2.375190E-18	9.281223E-19
7.753314E+03	2.372051E-18	9.297699E-19
7.753514E+03	2.367579E-18	9.300053E-19
7.753713E+03	2.363185E-18	9.296130E-19
7.753913E+03	2.365696E-18	9.339284E-19
7.754114E+03	2.364283E-18	9.362823E-19
7.754314E+03	2.359262E-18	9.361253E-19
7.754514E+03	2.356359E-18	9.369100E-19
7.754713E+03	2.354946E-18	9.383223E-19
7.754913E+03	2.352357E-18	9.297699E-19
7.755113E+03	2.356437E-18	9.255330E-19
7.755313E+03	2.357300E-18	9.254546E-19
7.755513E+03	2.351337E-18	9.254546E-19
7.755713E+03	2.351180E-18	9.238853E-19
7.755913E+03	2.354476E-18	9.234146E-19
7.756113E+03	2.351494E-18	9.232576E-19
7.756313E+03	2.351337E-18	9.232576E-19
7.756513E+03	2.354868E-18	9.234146E-19
7.756713E+03	2.351808E-18	9.213746E-19
7.757314E+03	2.345923E-18	9.215315E-19
7.757514E+03	2.340353E-18	9.216099E-19
7.757714E+03	2.342000E-18	9.205899E-19
7.757914E+03	2.338548E-18	9.216884E-19
7.758114E+03	2.338469E-18	9.198053E-19
7.758314E+03	2.338469E-18	9.175299E-19
7.758514E+03	2.335331E-18	9.179222E-19
7.758714E+03	2.334782E-18	9.106253E-19
7.758914E+03	2.336586E-18	9.088992E-19
7.759114E+03	2.334939E-18	9.104684E-19
7.759314E+03	2.333840E-18	9.027007E-19
7.759514E+03	2.333056E-18	8.994053E-19
7.759714E+03	2.332036E-18	9.033284E-19
7.759914E+03	2.330309E-18	9.027792E-19
7.760914E+03	2.328740E-18	9.054469E-19
7.761114E+03	2.327877E-18	9.011315E-19
7.761914E+03	2.325837E-18	9.012099E-19
7.762114E+03	2.331879E-18	8.954822E-19
7.762314E+03	2.328348E-18	9.039561E-19
7.762515E+03	2.319717E-18	9.110961E-19
7.762715E+03	2.318540E-18	9.069376E-19
7.762915E+03	2.311086E-18	9.072515E-19
7.763115E+03	2.302848E-18	9.091345E-19
7.763315E+03	2.298062E-18	9.139992E-19
7.763515E+03	2.297826E-18	9.176084E-19
7.763715E+03	2.297120E-18	9.193346E-19
7.763915E+03	2.298689E-18	9.101545E-19
7.764115E+03	2.298611E-18	8.994838E-19
7.764315E+03	2.301436E-18	8.950899E-19
7.764515E+03	2.300180E-18	8.961099E-19
7.764715E+03	2.295159E-18	8.956392E-19
7.764915E+03	2.290373E-18	8.942268E-19
7.765115E+03	2.284488E-18	8.968945E-19
7.765315E+03	2.279937E-18	8.899899E-19
7.765515E+03	2.275857E-18	8.823791E-19
7.765715E+03	2.271856E-18	8.827714E-19
7.765915E+03	2.272719E-18	8.691976E-19
7.766114E+03	2.275857E-18	8.728853E-19
7.766315E+03	2.271071E-18	8.734345E-19
7.766515E+03	2.265736E-18	8.757884E-19
7.766715E+03	2.269973E-18	8.762591E-19
7.766914E+03	2.274131E-18	8.782991E-19
7.767114E+03	2.266206E-18	8.714730E-19
7.767315E+03	2.257105E-18	8.718653E-19
7.767514E+03	2.251613E-18	8.710807E-19
7.767715E+03	2.252476E-18	8.700607E-19
7.767915E+03	2.254751E-18	8.710022E-19
7.768115E+03	2.254594E-18	8.720222E-19
7.768315E+03	2.256242E-18	8.724145E-19
7.768515E+03	2.251220E-18	8.735914E-19
7.768715E+03	2.245963E-18	8.753961E-19
7.768915E+03	2.242668E-18	8.774361E-19
7.769115E+03	2.243452E-18	8.793191E-19
7.769315E+03	2.245885E-18	8.768084E-19
7.769515E+03	2.245257E-18	8.772791E-19
7.769715E+03	2.240863E-18	8.773576E-19
7.769915E+03	2.235842E-18	8.931284E-19
7.770115E+03	2.233174E-18	8.926576E-19
7.770315E+03	2.228545E-18	8.913238E-19
7.770515E+03	2.223916E-18	8.931284E-19
7.770715E+03	2.223602E-18	8.935991E-19
7.770915E+03	2.228309E-18	8.989345E-19
7.771115E+03	2.227839E-18	9.072515E-19
7.771315E+03	2.223680E-18	9.069376E-19
7.771515E+03	2.221012E-18	9.068592E-19
7.771715E+03	2.218659E-18	9.147053E-19
7.771915E+03	2.215834E-18	9.174515E-19
7.772115E+03	2.211440E-18	9.185499E-19
7.772315E+03	2.209086E-18	9.249053E-19
7.772515E+03	2.211832E-18	9.232576E-19
7.773116E+03	2.216305E-18	9.247484E-19
7.773916E+03	2.214736E-18	9.363607E-19
7.774116E+03	2.208851E-18	9.389500E-19
7.774316E+03	2.205556E-18	9.446777E-19
7.774516E+03	2.202574E-18	9.467177E-19
7.774716E+03	2.198572E-18	9.469530E-19
7.774916E+03	2.199200E-18	9.467961E-19
7.775116E+03	2.202966E-18	9.420100E-19
7.775316E+03	2.208223E-18	9.395776E-19
7.775516E+03	2.208223E-18	9.460900E-19
7.775916E+03	2.204614E-18	9.464823E-19
7.776116E+03	2.205791E-18	9.430300E-19
7.776316E+03	2.209400E-18	9.430300E-19
7.776516E+03	2.212146E-18	9.439715E-19
7.776716E+03	2.215991E-18	9.453838E-19
7.776916E+03	2.217403E-18	9.448346E-19
7.777116E+03	2.214579E-18	9.443638E-19
7.777316E+03	2.212382E-18	9.469530E-19
7.777516E+03	2.208929E-18	9.503269E-19
7.777716E+03	2.206419E-18	9.494638E-19
7.777917E+03	2.208772E-18	9.480515E-19
7.778117E+03	2.213559E-18	9.490715E-19
7.778317E+03	2.213245E-18	9.524453E-19
7.778517E+03	2.210891E-18	9.526023E-19
7.778717E+03	2.211205E-18	9.594284E-19
7.778917E+03	2.208223E-18	9.628807E-19
7.779117E+03	2.208066E-18	9.646069E-19
7.779316E+03	2.209792E-18	9.652346E-19
7.779516E+03	2.212774E-18	9.591930E-19
7.779717E+03	2.209714E-18	9.540930E-19
7.779917E+03	2.206576E-18	9.507192E-19
7.780116E+03	2.206105E-18	9.457761E-19
7.780316E+03	2.205477E-18	9.425592E-19
7.781116E+03	2.206968E-18	9.380869E-19
7.781316E+03	2.207203E-18	9.409900E-19
7.781516E+03	2.207752E-18	9.432653E-19
7.781716E+03	2.204692E-18	9.507977E-19
7.782316E+03	2.200926E-18	9.514253E-19
7.782516E+03	2.201005E-18	9.462469E-19
7.782716E+03	2.204065E-18	9.445992E-19
7.782916E+03	2.205399E-18	9.421669E-19
7.783117E+03	2.201005E-18	9.508761E-19
7.783317E+03	2.199906E-18	9.452269E-19
7.783517E+03	2.202731E-18	9.439715E-19
7.783717E+03	2.205085E-18	9.439715E-19
7.783917E+03	2.206889E-18	9.438930E-19
7.784117E+03	2.208380E-18	9.427946E-19
7.784317E+03	2.215206E-18	9.478161E-19
7.784517E+03	2.219208E-18	9.474238E-19
7.784717E+03	2.222346E-18	9.470315E-19
7.784917E+03	2.225014E-18	9.507192E-19
7.785117E+03	2.233174E-18	9.566038E-19
7.785317E+03	2.243609E-18	9.613900E-19
7.785517E+03	2.253888E-18	9.646069E-19
7.785717E+03	2.258517E-18	9.653915E-19
7.785917E+03	2.257419E-18	9.653915E-19
7.786117E+03	2.253966E-18	9.664900E-19
7.786317E+03	2.253103E-18	9.677454E-19
7.786517E+03	2.256556E-18	9.599777E-19
7.786717E+03	2.258517E-18	9.554269E-19
7.786917E+03	2.258360E-18	9.547992E-19
7.787117E+03	2.259616E-18	9.544854E-19
7.787317E+03	2.264716E-18	9.544854E-19
7.787517E+03	2.269580E-18	9.627238E-19
7.787717E+03	2.268639E-18	9.600561E-19
7.787917E+03	2.262440E-18	9.599777E-19
7.788118E+03	2.267776E-18	9.596638E-19
7.788318E+03	2.274994E-18	9.635084E-19
7.788518E+03	2.276799E-18	9.608407E-19
7.788718E+03	2.277426E-18	9.639007E-19
7.788918E+03	2.276642E-18	9.628807E-19
7.789118E+03	2.275229E-18	9.627238E-19
7.789318E+03	2.280094E-18	9.584869E-19
7.789518E+03	2.282448E-18	9.541715E-19
7.789718E+03	2.285194E-18	9.537007E-19
7.789918E+03	2.285116E-18	9.540146E-19
7.790118E+03	2.286293E-18	9.461684E-19
7.790318E+03	2.286293E-18	9.422453E-19
7.790518E+03	2.286449E-18	9.453053E-19
7.790718E+03	2.290373E-18	9.500130E-19
7.791118E+03	2.292726E-18	9.506407E-19
7.791318E+03	2.298219E-18	9.512684E-19
7.791517E+03	2.301749E-18	9.511900E-19
7.791717E+03	2.301828E-18	9.530730E-19
7.791917E+03	2.304653E-18	9.619392E-19
7.792118E+03	2.303633E-18	9.605269E-19
7.792318E+03	2.301514E-18	9.601346E-19
7.792517E+03	2.300729E-18	9.577023E-19
7.792717E+03	2.297120E-18	9.623315E-19
7.792917E+03	2.295080E-18	9.629592E-19
7.793117E+03	2.300573E-18	9.644500E-19
7.793318E+03	2.306379E-18	9.686084E-19
7.793518E+03	2.311636E-18	9.668038E-19
7.793718E+03	2.316500E-18	9.779454E-19
7.793918E+03	2.320188E-18	9.777884E-19
7.795118E+03	2.324817E-18	9.861838E-19
7.795318E+03	2.325602E-18	9.888515E-19
7.795918E+03	2.327877E-18	9.890085E-19
7.796118E+03	2.334625E-18	9.891654E-19
7.796318E+03	2.336351E-18	9.890869E-19
7.796518E+03	2.336743E-18	9.976392E-19
7.796718E+03	2.338705E-18	1.007368E-18
7.797118E+03	2.340980E-18	1.006741E-18
7.797318E+03	2.343020E-18	1.000385E-18
7.797518E+03	2.344040E-18	1.002739E-18
7.797718E+03	2.347179E-18	1.001876E-18
7.797918E+03	2.352122E-18	1.001170E-18
7.798118E+03	2.350317E-18	9.990515E-19
7.798318E+03	2.347571E-18	9.953638E-19
7.798519E+03	2.350003E-18	9.955208E-19
7.798719E+03	2.355966E-18	9.995223E-19
7.798919E+03	2.358713E-18	1.001562E-18
7.799119E+03	2.361773E-18	1.001562E-18
7.799319E+03	2.362479E-18	1.004387E-18
7.799519E+03	2.369305E-18	1.004858E-18
7.799919E+03	2.376680E-18	1.002268E-18
7.800119E+03	2.377622E-18	1.002112E-18
7.800319E+03	2.377700E-18	9.883808E-19
7.800519E+03	2.378799E-18	9.970115E-19
7.800719E+03	2.383271E-18	9.943438E-19
7.800919E+03	2.389862E-18	9.988162E-19
7.801119E+03	2.395119E-18	1.001013E-18
7.801319E+03	2.399042E-18	9.977177E-19
7.801519E+03	2.405868E-18	9.968546E-19
7.801719E+03	2.411831E-18	9.965408E-19
7.801919E+03	2.416931E-18	9.987377E-19
7.802119E+03	2.419206E-18	9.923038E-19
7.802319E+03	2.417951E-18	9.917546E-19
7.802519E+03	2.419285E-18	9.963838E-19
7.802719E+03	2.425797E-18	9.931669E-19
7.802919E+03	2.430191E-18	9.939515E-19
7.803119E+03	2.428622E-18	9.955992E-19
7.803319E+03	2.434977E-18	9.963838E-19
7.803519E+03	2.445491E-18	9.984238E-19
7.803720E+03	2.449807E-18	1.003053E-18
7.803920E+03	2.449257E-18	1.003210E-18
7.804119E+03	2.452710E-18	1.003367E-18
7.804319E+03	2.456162E-18	1.009879E-18
7.804520E+03	2.459614E-18	1.014979E-18
7.804720E+03	2.467539E-18	1.015058E-18
7.804919E+03	2.475463E-18	1.015293E-18
7.805119E+03	2.482603E-18	1.015685E-18
7.805319E+03	2.480642E-18	1.016235E-18
7.805519E+03	2.478210E-18	1.022747E-18
7.805719E+03	2.476483E-18	1.022119E-18
7.805919E+03	2.476091E-18	1.026435E-18
7.806119E+03	2.474443E-18	1.030515E-18
7.806319E+03	2.472560E-18	1.029573E-18
7.806519E+03	2.472403E-18	1.030593E-18
7.806719E+03	2.470991E-18	1.032319E-18
7.806919E+03	2.469108E-18	1.031692E-18
7.807119E+03	2.468245E-18	1.031692E-18
7.807319E+03	2.469579E-18	1.035458E-18
7.807519E+03	2.470991E-18	1.040558E-18
7.807719E+03	2.470599E-18	1.043147E-18
7.807919E+03	2.471776E-18	1.039224E-18
7.808119E+03	2.475934E-18	1.041421E-18
7.808319E+03	2.485428E-18	1.043539E-18
7.808519E+03	2.497747E-18	1.043696E-18
7.809120E+03	2.504023E-18	1.037576E-18
7.809320E+03	2.505828E-18	1.030750E-18
7.809520E+03	2.508339E-18	1.030828E-18
7.809720E+03	2.511948E-18	1.027768E-18
7.810520E+03	2.518617E-18	1.026121E-18
7.810720E+03	2.521677E-18	1.028239E-18
7.810920E+03	2.524267E-18	1.031221E-18
7.811120E+03	2.523090E-18	1.032162E-18
7.811320E+03	2.524894E-18	1.033025E-18
7.811520E+03	2.524580E-18	1.026121E-18
7.811720E+03	2.524502E-18	1.024787E-18
7.811920E+03	2.523090E-18	1.027768E-18
7.812120E+03	2.523168E-18	1.028710E-18
7.812320E+03	2.518539E-18	1.034124E-18
7.812520E+03	2.518382E-18	1.046835E-18
7.812720E+03	2.520343E-18	1.052092E-18
7.812920E+03	2.527405E-18	1.053112E-18
7.813120E+03	2.527562E-18	1.048718E-18
7.813320E+03	2.522070E-18	1.048953E-18
7.813520E+03	2.519323E-18	1.047619E-18
7.813720E+03	2.517911E-18	1.047462E-18
7.813921E+03	2.518225E-18	1.045030E-18
7.814121E+03	2.515871E-18	1.045893E-18
7.814321E+03	2.511242E-18	1.045030E-18
7.814521E+03	2.508025E-18	1.044010E-18
7.814721E+03	2.508888E-18	1.044245E-18
7.814921E+03	2.513753E-18	1.043853E-18
7.815121E+03	2.518147E-18	1.043382E-18
7.815321E+03	2.516028E-18	1.042676E-18
7.815521E+03	2.515008E-18	1.042048E-18
7.815721E+03	2.514773E-18	1.042205E-18
7.815921E+03	2.513831E-18	1.045187E-18
7.816121E+03	2.506927E-18	1.044010E-18
7.816321E+03	2.500571E-18	1.043539E-18
7.816521E+03	2.500257E-18	1.042284E-18
7.816721E+03	2.500963E-18	1.040244E-18
7.816921E+03	2.499630E-18	1.039695E-18
7.817120E+03	2.501120E-18	1.039145E-18
7.817320E+03	2.501983E-18	1.026121E-18
7.817520E+03	2.501277E-18	1.027298E-18
7.817721E+03	2.503003E-18	1.029887E-18
7.817921E+03	2.505593E-18	1.030122E-18
7.818120E+03	2.512027E-18	1.030828E-18
7.818320E+03	2.515243E-18	1.025964E-18
7.818520E+03	2.515871E-18	1.014038E-18
7.818720E+03	2.513674E-18	1.012704E-18
7.818920E+03	2.520971E-18	1.012704E-18
7.819121E+03	2.527719E-18	1.008075E-18
7.819321E+03	2.530543E-18	1.009095E-18
7.819521E+03	2.538233E-18	1.012704E-18
7.819721E+03	2.543725E-18	1.011919E-18
7.819921E+03	2.545451E-18	1.019844E-18
7.820121E+03	2.551414E-18	1.019373E-18
7.820321E+03	2.556357E-18	1.009487E-18
7.820521E+03	2.557377E-18	1.013645E-18
7.820721E+03	2.557534E-18	1.009252E-18
7.820921E+03	2.557848E-18	1.007761E-18
7.821121E+03	2.557456E-18	1.007761E-18
7.821321E+03	2.558162E-18	1.007996E-18
7.823521E+03	2.558397E-18	1.010585E-18
7.823721E+03	2.555494E-18	1.009879E-18
7.823921E+03	2.551728E-18	1.003759E-18
7.824122E+03	2.550708E-18	1.003916E-18
7.824322E+03	2.552905E-18	1.004308E-18
7.824522E+03	2.559104E-18	1.003367E-18
7.824722E+03	2.562713E-18	1.000856E-18
7.824922E+03	2.567264E-18	9.977962E-19
7.825122E+03	2.566871E-18	9.977962E-19
7.825322E+03	2.564125E-18	1.001170E-18
7.825522E+03	2.565616E-18	9.995223E-19
7.825722E+03	2.564204E-18	9.963838E-19
7.825922E+03	2.563576E-18	9.975608E-19
7.826122E+03	2.565224E-18	9.979531E-19
7.826322E+03	2.564753E-18	9.994438E-19
7.826522E+03	2.561065E-18	9.928531E-19
7.826722E+03	2.559025E-18	9.928531E-19
7.826922E+03	2.562320E-18	9.871254E-19
7.827122E+03	2.564047E-18	9.843008E-19
7.827322E+03	2.559810E-18	9.825746E-19
7.827522E+03	2.557142E-18	9.817900E-19
7.827722E+03	2.557142E-18	9.815546E-19
7.827922E+03	2.556436E-18	9.821823E-19
7.828122E+03	2.556514E-18	9.830454E-19
7.828322E+03	2.558240E-18	9.843008E-19
7.828522E+03	2.558319E-18	9.853992E-19
7.828722E+03	2.560830E-18	9.866546E-19
7.828922E+03	2.559496E-18	9.872823E-19
7.829122E+03	2.558162E-18	9.835161E-19
7.829323E+03	2.562007E-18	9.758269E-19
7.829523E+03	2.562085E-18	9.682161E-19
7.829722E+03	2.558005E-18	9.689223E-19
7.829922E+03	2.558476E-18	9.688438E-19
7.830123E+03	2.562477E-18	9.766900E-19
7.830323E+03	2.567107E-18	9.708054E-19
7.830523E+03	2.566479E-18	9.740223E-19
7.830722E+03	2.566322E-18	9.748069E-19
7.830922E+03	2.567970E-18	9.755131E-19
7.831122E+03	2.567970E-18	9.759838E-19
7.831322E+03	2.571265E-18	9.748069E-19
7.831522E+03	2.577385E-18	9.693931E-19
7.831722E+03	2.578248E-18	9.693931E-19
7.831922E+03	2.575502E-18	9.695500E-19
7.832122E+03	2.574482E-18	9.661761E-19
7.832322E+03	2.577385E-18	9.603700E-19
7.832522E+03	2.582877E-18	9.551915E-19
7.832722E+03	2.584447E-18	9.639007E-19
7.832922E+03	2.585467E-18	9.773177E-19
7.833122E+03	2.583034E-18	9.750423E-19
7.833322E+03	2.582720E-18	9.792008E-19
7.833522E+03	2.587977E-18	9.872823E-19
7.833722E+03	2.592293E-18	9.933238E-19
7.834122E+03	2.591508E-18	1.006427E-18
7.834322E+03	2.591116E-18	1.012704E-18
7.834523E+03	2.591430E-18	1.016627E-18
7.834723E+03	2.587350E-18	1.028161E-18
7.834923E+03	2.583662E-18	1.022747E-18
7.835123E+03	2.578719E-18	1.022276E-18
7.835323E+03	2.575659E-18	1.031064E-18
7.835523E+03	2.574639E-18	1.033575E-18
7.835723E+03	2.572599E-18	1.029259E-18
7.835923E+03	2.571108E-18	1.030593E-18
7.836123E+03	2.571344E-18	1.033967E-18
7.836323E+03	2.564831E-18	1.038832E-18
7.836523E+03	2.559810E-18	1.039852E-18
7.836723E+03	2.564125E-18	1.039773E-18
7.836923E+03	2.569931E-18	1.041970E-18
7.837123E+03	2.568833E-18	1.048718E-18
7.837323E+03	2.568440E-18	1.048561E-18
7.837523E+03	2.567342E-18	1.048796E-18
7.837723E+03	2.563654E-18	1.047776E-18
7.837923E+03	2.564674E-18	1.045030E-18
7.838123E+03	2.568519E-18	1.043618E-18
7.838323E+03	2.564517E-18	1.043539E-18
7.838523E+03	2.556671E-18	1.043932E-18
7.838723E+03	2.556828E-18	1.044952E-18
7.838923E+03	2.559339E-18	1.048404E-18
7.839123E+03	2.556593E-18	1.040558E-18
7.839323E+03	2.554945E-18	1.041028E-18
7.839524E+03	2.554710E-18	1.046364E-18
7.839724E+03	2.554553E-18	1.048168E-18
7.839924E+03	2.551571E-18	1.043461E-18
7.840124E+03	2.554160E-18	1.048090E-18
7.840324E+03	2.561928E-18	1.046442E-18
7.840524E+03	2.565145E-18	1.037184E-18
7.840724E+03	2.564596E-18	1.041342E-18
7.840924E+03	2.562007E-18	1.031378E-18
7.841124E+03	2.559025E-18	1.030907E-18
7.841324E+03	2.555887E-18	1.024159E-18
7.841924E+03	2.556985E-18	1.024316E-18
7.842123E+03	2.555102E-18	1.025493E-18
7.842324E+03	2.552748E-18	1.026592E-18
7.842524E+03	2.556044E-18	1.029102E-18
7.843123E+03	2.560437E-18	1.021648E-18
7.843324E+03	2.560987E-18	1.014038E-18
7.843523E+03	2.558790E-18	1.019844E-18
7.843723E+03	2.561928E-18	1.023296E-18
7.843923E+03	2.563497E-18	1.021962E-18
7.844123E+03	2.561536E-18	1.025179E-18
7.844323E+03	2.559182E-18	1.024865E-18
7.844523E+03	2.559810E-18	1.020628E-18
7.844724E+03	2.560516E-18	1.020236E-18
7.844924E+03	2.559496E-18	1.018981E-18
7.845124E+03	2.556593E-18	1.014273E-18
7.845324E+03	2.555494E-18	1.006741E-18
7.845524E+03	2.553925E-18	1.005878E-18
7.845724E+03	2.551022E-18	1.003524E-18
7.845924E+03	2.551964E-18	1.005172E-18
7.846124E+03	2.552748E-18	1.006819E-18
7.846324E+03	2.553140E-18	1.007055E-18
7.846524E+03	2.553376E-18	1.007055E-18
7.846724E+03	2.553533E-18	9.988946E-19
7.846924E+03	2.553297E-18	9.988162E-19
7.847124E+03	2.552827E-18	9.948146E-19
7.847324E+03	2.551807E-18	9.927746E-19
7.847524E+03	2.550630E-18	9.930100E-19
7.847724E+03	2.550708E-18	9.914408E-19
7.847924E+03	2.554160E-18	9.919115E-19
7.848124E+03	2.554867E-18	9.903423E-19
7.848324E+03	2.552670E-18	9.895577E-19
7.848524E+03	2.550787E-18	9.881454E-19
7.848724E+03	2.555024E-18	9.886161E-19
7.848924E+03	2.561144E-18	9.890085E-19
7.849124E+03	2.559731E-18	9.872823E-19
7.849324E+03	2.559967E-18	9.853992E-19
7.849524E+03	2.562085E-18	9.857131E-19
7.849724E+03	2.562477E-18	9.842223E-19
7.850325E+03	2.564282E-18	9.812408E-19
7.850525E+03	2.565930E-18	9.812408E-19
7.850925E+03	2.564753E-18	9.810838E-19
7.851125E+03	2.560594E-18	9.775531E-19
7.851525E+03	2.559260E-18	9.758269E-19
7.851725E+03	2.560751E-18	9.772392E-19
7.851925E+03	2.559653E-18	9.768469E-19
7.852525E+03	2.553376E-18	9.770038E-19
7.852725E+03	2.555730E-18	9.766900E-19
7.852925E+03	2.556436E-18	9.693146E-19
7.853125E+03	2.550708E-18	9.697069E-19
7.855525E+03	2.548040E-18	9.646069E-19
7.855725E+03	2.545765E-18	9.587223E-19
7.855926E+03	2.544039E-18	9.569961E-19
7.856125E+03	2.542862E-18	9.561330E-19
7.856325E+03	2.543333E-18	9.546423E-19
7.856525E+03	2.541214E-18	9.530730E-19
7.856725E+03	2.537997E-18	9.530730E-19
7.856925E+03	2.536350E-18	9.475807E-19
7.857125E+03	2.534388E-18	9.398915E-19
7.857325E+03	2.531407E-18	9.365961E-19
7.857525E+03	2.523639E-18	9.356546E-19
7.857725E+03	2.518303E-18	9.372238E-19
7.857925E+03	2.517519E-18	9.369100E-19
7.858325E+03	2.516577E-18	9.381653E-19
7.858525E+03	2.515165E-18	9.520530E-19
7.858725E+03	2.509908E-18	9.584869E-19
7.858925E+03	2.508182E-18	9.590361E-19
7.859125E+03	2.510300E-18	9.602915E-19
7.859325E+03	2.512968E-18	9.664900E-19
7.859925E+03	2.512811E-18	9.653131E-19
7.860126E+03	2.515479E-18	9.624884E-19
7.860326E+03	2.516734E-18	9.603700E-19
7.860526E+03	2.513282E-18	9.601346E-19
7.860726E+03	2.509751E-18	9.718254E-19
7.861326E+03	2.506691E-18	9.803777E-19
7.861526E+03	2.508810E-18	9.751992E-19
7.861726E+03	2.504965E-18	9.799854E-19
7.862726E+03	2.501356E-18	9.835946E-19
7.862926E+03	2.502768E-18	9.859485E-19
7.863126E+03	2.505671E-18	9.993654E-19
7.863326E+03	2.506456E-18	9.979531E-19
7.863526E+03	2.506613E-18	1.005015E-18
7.863726E+03	2.510693E-18	1.005799E-18
7.863926E+03	2.514537E-18	1.009173E-18
7.864126E+03	2.516107E-18	1.009487E-18
7.864326E+03	2.517283E-18	1.009095E-18
7.864526E+03	2.516656E-18	1.011056E-18
7.864726E+03	2.514302E-18	1.008467E-18
7.864926E+03	2.508260E-18	1.008153E-18
7.865126E+03	2.503082E-18	1.007525E-18
7.865327E+03	2.500493E-18	1.007604E-18
7.865527E+03	2.499159E-18	1.014116E-18
7.865727E+03	2.498217E-18	1.014352E-18
7.865927E+03	2.496962E-18	1.015607E-18
7.866127E+03	2.495863E-18	1.014038E-18
7.866327E+03	2.493902E-18	1.019452E-18
7.866527E+03	2.492960E-18	1.022041E-18
7.866927E+03	2.494687E-18	1.023296E-18
7.867127E+03	2.494373E-18	1.024002E-18
7.867327E+03	2.492568E-18	1.024865E-18
7.867526E+03	2.492803E-18	1.023532E-18
7.867726E+03	2.492725E-18	1.025179E-18
7.868327E+03	2.488017E-18	1.026356E-18
7.868526E+03	2.481583E-18	1.024473E-18
7.868926E+03	2.478837E-18	1.020942E-18
7.869126E+03	2.476327E-18	1.019922E-18
7.869726E+03	2.469814E-18	1.018118E-18
7.869926E+03	2.465577E-18	1.017961E-18
7.870126E+03	2.468559E-18	1.018902E-18
7.870326E+03	2.470050E-18	1.019765E-18
7.870527E+03	2.468010E-18	1.020158E-18
7.870727E+03	2.471383E-18	1.019922E-18
7.871927E+03	2.469971E-18	1.019138E-18
7.872727E+03	2.467068E-18	1.016313E-18
7.872927E+03	2.469893E-18	1.010821E-18
7.873127E+03	2.478680E-18	1.003524E-18
7.873327E+03	2.484722E-18	1.004544E-18
7.873527E+03	2.487547E-18	1.003445E-18
7.873727E+03	2.485977E-18	9.974823E-19
7.873927E+03	2.488017E-18	1.003681E-18
7.874127E+03	2.483937E-18	1.003602E-18
7.874327E+03	2.477660E-18	1.004465E-18
7.874527E+03	2.470207E-18	1.005642E-18
7.874727E+03	2.464087E-18	1.004701E-18
7.874927E+03	2.462360E-18	1.010036E-18
7.875127E+03	2.464636E-18	1.010428E-18
7.875327E+03	2.466597E-18	1.013645E-18
7.875528E+03	2.469971E-18	1.018510E-18
7.875728E+03	2.468167E-18	1.017176E-18
7.875928E+03	2.460477E-18	1.017098E-18
7.876128E+03	2.460713E-18	1.021884E-18
7.876328E+03	2.461497E-18	1.021648E-18
7.876528E+03	2.456162E-18	1.022747E-18
7.876728E+03	2.452317E-18	1.027219E-18
7.876928E+03	2.448002E-18	1.026592E-18
7.877128E+03	2.445099E-18	1.028945E-18
7.877328E+03	2.446982E-18	1.029102E-18
7.877528E+03	2.447139E-18	1.027376E-18
7.877728E+03	2.440470E-18	1.027925E-18
7.877928E+03	2.434820E-18	1.029102E-18
7.878128E+03	2.433722E-18	1.029338E-18
7.878328E+03	2.436233E-18	1.029181E-18
7.878528E+03	2.438273E-18	1.029652E-18
7.878728E+03	2.438116E-18	1.035693E-18
7.878928E+03	2.436860E-18	1.036242E-18
7.879528E+03	2.435919E-18	1.041735E-18
7.879928E+03	2.434820E-18	1.041342E-18
7.880127E+03	2.432466E-18	1.044402E-18
7.880729E+03	2.429014E-18	1.042441E-18
7.880928E+03	2.423600E-18	1.039224E-18
7.881128E+03	2.420070E-18	1.034830E-18
7.881328E+03	2.418814E-18	1.034438E-18
7.881528E+03	2.412930E-18	1.034595E-18
7.881728E+03	2.407751E-18	1.034595E-18
7.882128E+03	2.402808E-18	1.044559E-18
7.882328E+03	2.397943E-18	1.054132E-18
7.882728E+03	2.393314E-18	1.054838E-18
7.882928E+03	2.388606E-18	1.059702E-18
7.883128E+03	2.384448E-18	1.061899E-18
7.883528E+03	2.381310E-18	1.066372E-18
7.883728E+03	2.379976E-18	1.069432E-18
7.883928E+03	2.379740E-18	1.072335E-18
7.884128E+03	2.377308E-18	1.075159E-18
7.884328E+03	2.377308E-18	1.077435E-18
7.884528E+03	2.379270E-18	1.079239E-18
7.884728E+03	2.383193E-18	1.079710E-18
7.884928E+03	2.382251E-18	1.084104E-18
7.885128E+03	2.380525E-18	1.084182E-18
7.885728E+03	2.383193E-18	1.085909E-18
7.885929E+03	2.387194E-18	1.080102E-18
7.886129E+03	2.388842E-18	1.078376E-18
7.886329E+03	2.383428E-18	1.079004E-18
7.886529E+03	2.376523E-18	1.074532E-18
7.886729E+03	2.376916E-18	1.065509E-18
7.886929E+03	2.379583E-18	1.062292E-18
7.887129E+03	2.380760E-18	1.056093E-18
7.887329E+03	2.381466E-18	1.051072E-18
7.887529E+03	2.382094E-18	1.053818E-18
7.887729E+03	2.384919E-18	1.041185E-18
7.887929E+03	2.383350E-18	1.041813E-18
7.888129E+03	2.376053E-18	1.041107E-18
7.888329E+03	2.371502E-18	1.031299E-18
7.888529E+03	2.370796E-18	1.026905E-18
7.888729E+03	2.368520E-18	1.027141E-18
7.888929E+03	2.367893E-18	1.033653E-18
7.889129E+03	2.369619E-18	1.028082E-18
7.889329E+03	2.371737E-18	1.026984E-18
7.889529E+03	2.371031E-18	1.054289E-18
7.889729E+03	2.368991E-18	1.054759E-18
7.890729E+03	2.371110E-18	1.062841E-18
7.891930E+03	2.375582E-18	1.057662E-18
7.892130E+03	2.379034E-18	1.058369E-18
7.892330E+03	2.376366E-18	1.057976E-18
7.892530E+03	2.370246E-18	1.059781E-18
7.892730E+03	2.371816E-18	1.068961E-18
7.892930E+03	2.373542E-18	1.071942E-18
7.893130E+03	2.371973E-18	1.071864E-18
7.893329E+03	2.370246E-18	1.081358E-18
7.893529E+03	2.373228E-18	1.088733E-18
7.893730E+03	2.375346E-18	1.086850E-18
7.893930E+03	2.371659E-18	1.087792E-18
7.894129E+03	2.371345E-18	1.086222E-18
7.894329E+03	2.375346E-18	1.084732E-18
7.894529E+03	2.376759E-18	1.082770E-18
7.894729E+03	2.378720E-18	1.086536E-18
7.894929E+03	2.383506E-18	1.080181E-18
7.895129E+03	2.387430E-18	1.077905E-18
7.895329E+03	2.390333E-18	1.078455E-18
7.895529E+03	2.389626E-18	1.078925E-18
7.895729E+03	2.383271E-18	1.078612E-18
7.895929E+03	2.379348E-18	1.081515E-18
7.896130E+03	2.381153E-18	1.080887E-18
7.896330E+03	2.384056E-18	1.081829E-18
7.896530E+03	2.387743E-18	1.083947E-18
7.896730E+03	2.390725E-18	1.084339E-18
7.896930E+03	2.396217E-18	1.086222E-18
7.897130E+03	2.397865E-18	1.090381E-18
7.897330E+03	2.396610E-18	1.093205E-18
7.897530E+03	2.389156E-18	1.088655E-18
7.897730E+03	2.394491E-18	1.087478E-18
7.897930E+03	2.394334E-18	1.093912E-18
7.898130E+03	2.386253E-18	1.094069E-18
7.898330E+03	2.383742E-18	1.094304E-18
7.898530E+03	2.383193E-18	1.097835E-18
7.898730E+03	2.379740E-18	1.101758E-18
7.898930E+03	2.377936E-18	1.100267E-18
7.899130E+03	2.375346E-18	1.100424E-18
7.899330E+03	2.373777E-18	1.100345E-18
7.899530E+03	2.371423E-18	1.099718E-18
7.899730E+03	2.368991E-18	1.098776E-18
7.899930E+03	2.369697E-18	1.096972E-18
7.900130E+03	2.374405E-18	1.095324E-18
7.900330E+03	2.380054E-18	1.094775E-18
7.900530E+03	2.380133E-18	1.095716E-18
7.900730E+03	2.377308E-18	1.095952E-18
7.900930E+03	2.372443E-18	1.100345E-18
7.901130E+03	2.367971E-18	1.102072E-18
7.901331E+03	2.368285E-18	1.110467E-18
7.901531E+03	2.379348E-18	1.109839E-18
7.901731E+03	2.389313E-18	1.115489E-18
7.901931E+03	2.387351E-18	1.114782E-18
7.902131E+03	2.381780E-18	1.114312E-18
7.902331E+03	2.381466E-18	1.114390E-18
7.902531E+03	2.385311E-18	1.113449E-18
7.902731E+03	2.384526E-18	1.108584E-18
7.902931E+03	2.379191E-18	1.108270E-18
7.903131E+03	2.378014E-18	1.107564E-18
7.903331E+03	2.379819E-18	1.110938E-18
7.903531E+03	2.383428E-18	1.110153E-18
7.903731E+03	2.388293E-18	1.115489E-18
7.903931E+03	2.389940E-18	1.115645E-18
7.904131E+03	2.388450E-18	1.119804E-18
7.904331E+03	2.385154E-18	1.119882E-18
7.904531E+03	2.380054E-18	1.117372E-18
7.904731E+03	2.377151E-18	1.121295E-18
7.905331E+03	2.378485E-18	1.121687E-18
7.905530E+03	2.381388E-18	1.125061E-18
7.905931E+03	2.381153E-18	1.124276E-18
7.906131E+03	2.376445E-18	1.124119E-18
7.906332E+03	2.369619E-18	1.126552E-18
7.906532E+03	2.363420E-18	1.126238E-18
7.906731E+03	2.360046E-18	1.133535E-18
7.906931E+03	2.357222E-18	1.133613E-18
7.907131E+03	2.357457E-18	1.145304E-18
7.907331E+03	2.364754E-18	1.149149E-18
7.907531E+03	2.370953E-18	1.151346E-18
7.907731E+03	2.375896E-18	1.152209E-18
7.907931E+03	2.378956E-18	1.152993E-18
7.908131E+03	2.377622E-18	1.153386E-18
7.908331E+03	2.377386E-18	1.154013E-18
7.908531E+03	2.378406E-18	1.157073E-18
7.908731E+03	2.376288E-18	1.154406E-18
7.908931E+03	2.373463E-18	1.150561E-18
7.909131E+03	2.373934E-18	1.149933E-18
7.909331E+03	2.373228E-18	1.148678E-18
7.909531E+03	2.374091E-18	1.136595E-18
7.909731E+03	2.377073E-18	1.130710E-18
7.909931E+03	2.378250E-18	1.131965E-18
7.910131E+03	2.378093E-18	1.134162E-18
7.910331E+03	2.377230E-18	1.129455E-18
7.910531E+03	2.379034E-18	1.126787E-18
7.910731E+03	2.383977E-18	1.127258E-18
7.910931E+03	2.388293E-18	1.127258E-18
7.911331E+03	2.389705E-18	1.128199E-18
7.911532E+03	2.389548E-18	1.116352E-18
7.911732E+03	2.390960E-18	1.110310E-18
7.911932E+03	2.390254E-18	1.110467E-18
7.912132E+03	2.390490E-18	1.106230E-18
7.912332E+03	2.391353E-18	1.100502E-18
7.912932E+03	2.391823E-18	1.084967E-18
7.913132E+03	2.391510E-18	1.065509E-18
7.913332E+03	2.395903E-18	1.066058E-18
7.913532E+03	2.403357E-18	1.061821E-18
7.915532E+03	2.406417E-18	1.061899E-18
7.915732E+03	2.406574E-18	1.058369E-18
7.915932E+03	2.405554E-18	1.061664E-18
7.916132E+03	2.404377E-18	1.063625E-18
7.916332E+03	2.402494E-18	1.059310E-18
7.916532E+03	2.397551E-18	1.060016E-18
7.916733E+03	2.397159E-18	1.058604E-18
7.916933E+03	2.402259E-18	1.060252E-18
7.917133E+03	2.402886E-18	1.060095E-18
7.917333E+03	2.399591E-18	1.053112E-18
7.917533E+03	2.400454E-18	1.055073E-18
7.917733E+03	2.401317E-18	1.065509E-18
7.917933E+03	2.401945E-18	1.065665E-18
7.918133E+03	2.401553E-18	1.061507E-18
7.918333E+03	2.394334E-18	1.059702E-18
7.918533E+03	2.388606E-18	1.059938E-18
7.918733E+03	2.385939E-18	1.059075E-18
7.918932E+03	2.386723E-18	1.058290E-18
7.919132E+03	2.390097E-18	1.059545E-18
7.919333E+03	2.388528E-18	1.061742E-18
7.919532E+03	2.381702E-18	1.074532E-18
7.919732E+03	2.376131E-18	1.076493E-18
7.920132E+03	2.375739E-18	1.076022E-18
7.920332E+03	2.379191E-18	1.075473E-18
7.920532E+03	2.377622E-18	1.075709E-18
7.920732E+03	2.375346E-18	1.075552E-18
7.920932E+03	2.374170E-18	1.075787E-18
7.922133E+03	2.374013E-18	1.076336E-18
7.923133E+03	2.372522E-18	1.077905E-18
7.923333E+03	2.368834E-18	1.077278E-18
7.923533E+03	2.369697E-18	1.080730E-18
7.923733E+03	2.370639E-18	1.079710E-18
7.923933E+03	2.366637E-18	1.080887E-18
7.924133E+03	2.363499E-18	1.086144E-18
7.924333E+03	2.364597E-18	1.089675E-18
7.924533E+03	2.363891E-18	1.089910E-18
7.924733E+03	2.363577E-18	1.089832E-18
7.924933E+03	2.366951E-18	1.084261E-18
7.925133E+03	2.364440E-18	1.084653E-18
7.925333E+03	2.366794E-18	1.083947E-18
7.925533E+03	2.372993E-18	1.083947E-18
7.925733E+03	2.370717E-18	1.082692E-18
7.925933E+03	2.369383E-18	1.076964E-18
7.926133E+03	2.373777E-18	1.073512E-18
7.926333E+03	2.377779E-18	1.067078E-18
7.926533E+03	2.380996E-18	1.062370E-18
7.926733E+03	2.381310E-18	1.062919E-18
7.926934E+03	2.378563E-18	1.062998E-18
7.927134E+03	2.372757E-18	1.059153E-18
7.927334E+03	2.373306E-18	1.059702E-18
7.927534E+03	2.378956E-18	1.056093E-18
7.927734E+03	2.382565E-18	1.051464E-18
7.927934E+03	2.383193E-18	1.052719E-18
7.928134E+03	2.382879E-18	1.049188E-18
7.928334E+03	2.379426E-18	1.050601E-18
7.928534E+03	2.379662E-18	1.049502E-18
7.928734E+03	2.381466E-18	1.048953E-18
7.928934E+03	2.381623E-18	1.047855E-18
7.929134E+03	2.382251E-18	1.056956E-18
7.929334E+03	2.382016E-18	1.067627E-18
7.929534E+03	2.384291E-18	1.067627E-18
7.929734E+03	2.385939E-18	1.063469E-18
7.929934E+03	2.386880E-18	1.066450E-18
7.930134E+03	2.384213E-18	1.063155E-18
7.930334E+03	2.380290E-18	1.065273E-18
7.930534E+03	2.377386E-18	1.060801E-18
7.930734E+03	2.375425E-18	1.065195E-18
7.930934E+03	2.375582E-18	1.064881E-18
7.932134E+03	2.375425E-18	1.069432E-18
7.932734E+03	2.371188E-18	1.067784E-18
7.932934E+03	2.366480E-18	1.073041E-18
7.933334E+03	2.366323E-18	1.080024E-18
7.933534E+03	2.367500E-18	1.069432E-18
7.933734E+03	2.367971E-18	1.061585E-18
7.933934E+03	2.370011E-18	1.053269E-18
7.934134E+03	2.372836E-18	1.046678E-18
7.934334E+03	2.376288E-18	1.039852E-18
7.934534E+03	2.379348E-18	1.035536E-18
7.934734E+03	2.381388E-18	1.030985E-18
7.934934E+03	2.379348E-18	1.027612E-18
7.935134E+03	2.375974E-18	1.026199E-18
7.935334E+03	2.375033E-18	1.022904E-18
7.935534E+03	2.379426E-18	1.020079E-18
7.935734E+03	2.387037E-18	1.019138E-18
7.935934E+03	2.390646E-18	1.012782E-18
7.936134E+03	2.392922E-18	1.027141E-18
7.936334E+03	2.394491E-18	1.029965E-18
7.936534E+03	2.396766E-18	1.026435E-18
7.936734E+03	2.399434E-18	1.013410E-18
7.936934E+03	2.405633E-18	1.013488E-18
7.937134E+03	2.408300E-18	1.016235E-18
7.937335E+03	2.410654E-18	1.018667E-18
7.937535E+03	2.412302E-18	1.017961E-18
7.937735E+03	2.412459E-18	1.016941E-18
7.937935E+03	2.419991E-18	1.016392E-18
7.938135E+03	2.419285E-18	1.007839E-18
7.938335E+03	2.418736E-18	1.008075E-18
7.938535E+03	2.419991E-18	1.006584E-18
7.938735E+03	2.422580E-18	1.012704E-18
7.938935E+03	2.426739E-18	1.016078E-18
7.939135E+03	2.432545E-18	1.020393E-18
7.939335E+03	2.435919E-18	1.020315E-18
7.939535E+03	2.435134E-18	1.013881E-18
7.939735E+03	2.432153E-18	1.013959E-18
7.939935E+03	2.430034E-18	1.014038E-18
7.940135E+03	2.430348E-18	9.867331E-19
7.940335E+03	2.434193E-18	9.864192E-19
7.940535E+03	2.438430E-18	9.781023E-19
7.940735E+03	2.438351E-18	9.797500E-19
7.940935E+03	2.437959E-18	9.784946E-19
7.941135E+03	2.440862E-18	9.794361E-19
7.941335E+03	2.446590E-18	9.766115E-19
7.941535E+03	2.449100E-18	9.643715E-19
7.941735E+03	2.451219E-18	9.584084E-19
7.941935E+03	2.453337E-18	9.593500E-19
7.942135E+03	2.453102E-18	9.506407E-19
7.942336E+03	2.454514E-18	9.426376E-19
7.942536E+03	2.456005E-18	9.358115E-19
7.942736E+03	2.454671E-18	9.327515E-19
7.942936E+03	2.456397E-18	9.328299E-19
7.943136E+03	2.459693E-18	9.306330E-19
7.943336E+03	2.462753E-18	9.303192E-19
7.943535E+03	2.467853E-18	9.246699E-19
7.943735E+03	2.470834E-18	9.251407E-19
7.943935E+03	2.471305E-18	9.247484E-19
7.944136E+03	2.473502E-18	9.259253E-19
7.944336E+03	2.474365E-18	9.239638E-19
7.944535E+03	2.477974E-18	9.241207E-19
7.944735E+03	2.482682E-18	9.204330E-19
7.944935E+03	2.489430E-18	9.189422E-19
7.945135E+03	2.497433E-18	9.137638E-19
7.945335E+03	2.502062E-18	9.210607E-19
7.945535E+03	2.502768E-18	9.226299E-19
7.945735E+03	2.502690E-18	9.220022E-19
7.945935E+03	2.502062E-18	9.176084E-19
7.946135E+03	2.502925E-18	9.150192E-19
7.946335E+03	2.504494E-18	9.227869E-19
7.946535E+03	2.505593E-18	9.216099E-19
7.946735E+03	2.504102E-18	9.143915E-19
7.946935E+03	2.499943E-18	9.151761E-19
7.947135E+03	2.496727E-18	9.347130E-19
7.947335E+03	2.503003E-18	9.424023E-19
7.947536E+03	2.508417E-18	9.413823E-19
7.947736E+03	2.504180E-18	9.432653E-19
7.947936E+03	2.500414E-18	9.435792E-19
7.948136E+03	2.502219E-18	9.434223E-19
7.948336E+03	2.503788E-18	9.467961E-19
7.948536E+03	2.502768E-18	9.609977E-19
7.948736E+03	2.498845E-18	9.624100E-19
7.948936E+03	2.500885E-18	9.613115E-19
7.949136E+03	2.503003E-18	9.631161E-19
7.949736E+03	2.502376E-18	9.685300E-19
7.949936E+03	2.503788E-18	9.696284E-19
7.950136E+03	2.501591E-18	9.668038E-19
7.950336E+03	2.499865E-18	9.659407E-19
7.950536E+03	2.499630E-18	9.585654E-19
7.951136E+03	2.496570E-18	9.585654E-19
7.951336E+03	2.490057E-18	9.598992E-19
7.951536E+03	2.485507E-18	9.651561E-19
7.951736E+03	2.487154E-18	9.652346E-19
7.951936E+03	2.486762E-18	9.650777E-19
7.952136E+03	2.487076E-18	9.660977E-19
7.952336E+03	2.492490E-18	9.663331E-19
7.952536E+03	2.495314E-18	9.675100E-19
7.952737E+03	2.495785E-18	9.696284E-19
7.952937E+03	2.497825E-18	9.665684E-19
7.953137E+03	2.500728E-18	9.668823E-19
7.953337E+03	2.502062E-18	9.593500E-19
7.953537E+03	2.502454E-18	9.585654E-19
7.953737E+03	2.502533E-18	9.545638E-19
7.953937E+03	2.504651E-18	9.546423E-19
7.954137E+03	2.506063E-18	9.547207E-19
7.954337E+03	2.503553E-18	9.489146E-19
7.954537E+03	2.503082E-18	9.515038E-19
7.954737E+03	2.506063E-18	9.591146E-19
7.954937E+03	2.507790E-18	9.635869E-19
7.955337E+03	2.508103E-18	9.628807E-19
7.955537E+03	2.507083E-18	9.713546E-19
7.955737E+03	2.503788E-18	9.800638E-19
7.955937E+03	2.504023E-18	9.789654E-19
7.956137E+03	2.507397E-18	9.853992E-19
7.956337E+03	2.514067E-18	9.771608E-19
7.956537E+03	2.513439E-18	9.771608E-19
7.956736E+03	2.512105E-18	9.788869E-19
7.956936E+03	2.512340E-18	9.785731E-19
7.957136E+03	2.512105E-18	9.781808E-19
7.957337E+03	2.512340E-18	9.779454E-19
7.957536E+03	2.514773E-18	9.747284E-19
7.957737E+03	2.516107E-18	9.697069E-19
7.957937E+03	2.517519E-18	9.692361E-19
7.958137E+03	2.517833E-18	9.683731E-19
7.958337E+03	2.519323E-18	9.663331E-19
7.958537E+03	2.520657E-18	9.686084E-19
7.958737E+03	2.522383E-18	9.719823E-19
7.958937E+03	2.529131E-18	9.761408E-19
7.959137E+03	2.525130E-18	9.762192E-19
7.959337E+03	2.524345E-18	9.729238E-19
7.959537E+03	2.528111E-18	9.764546E-19
7.959737E+03	2.524737E-18	9.739438E-19
7.959937E+03	2.529053E-18	9.866546E-19
7.960137E+03	2.533760E-18	9.949715E-19
7.960337E+03	2.536271E-18	9.952069E-19
7.960537E+03	2.534702E-18	9.958346E-19
7.960737E+03	2.533760E-18	9.936377E-19
7.960937E+03	2.533368E-18	9.941869E-19
7.961137E+03	2.532034E-18	9.962269E-19
7.961337E+03	2.524659E-18	9.976392E-19
7.961537E+03	2.519323E-18	9.986592E-19
7.961737E+03	2.519167E-18	9.991300E-19
7.961937E+03	2.520500E-18	9.985808E-19
7.962137E+03	2.523090E-18	9.970115E-19
7.962337E+03	2.523953E-18	9.964623E-19
7.962537E+03	2.524188E-18	9.970115E-19
7.962737E+03	2.525993E-18	9.945008E-19
7.962938E+03	2.523482E-18	9.945792E-19
7.963138E+03	2.517990E-18	9.980315E-19
7.963338E+03	2.516970E-18	1.002033E-18
7.963538E+03	2.518147E-18	1.001955E-18
7.963738E+03	2.516813E-18	1.008702E-18
7.963938E+03	2.511948E-18	1.009016E-18
7.964138E+03	2.511870E-18	1.008859E-18
7.964338E+03	2.513674E-18	1.008075E-18
7.964538E+03	2.516107E-18	9.974823E-19
7.964938E+03	2.513596E-18	9.995223E-19
7.965138E+03	2.507868E-18	9.952069E-19
7.965338E+03	2.505122E-18	1.006035E-18
7.965538E+03	2.503631E-18	1.005485E-18
7.965738E+03	2.507083E-18	1.008075E-18
7.966738E+03	2.509673E-18	1.007918E-18
7.966938E+03	2.509987E-18	1.005799E-18
7.967138E+03	2.506613E-18	1.005564E-18
7.967338E+03	2.503867E-18	9.904992E-19
7.967538E+03	2.505828E-18	9.882238E-19
7.967738E+03	2.508810E-18	9.880669E-19
7.967938E+03	2.510065E-18	9.868900E-19
7.968139E+03	2.509359E-18	9.912838E-19
7.968339E+03	2.511399E-18	9.913623E-19
7.968539E+03	2.514067E-18	1.001876E-18
7.968739E+03	2.514067E-18	1.004073E-18
7.968939E+03	2.510143E-18	1.001327E-18
7.969338E+03	2.508810E-18	1.000778E-18
7.969538E+03	2.510222E-18	9.953638E-19
7.969739E+03	2.510693E-18	9.984238E-19
7.969939E+03	2.512340E-18	1.004701E-18
7.970139E+03	2.517048E-18	1.001955E-18
7.970338E+03	2.521834E-18	9.963838E-19
7.970538E+03	2.523403E-18	1.005564E-18
7.970738E+03	2.520108E-18	1.009173E-18
7.970938E+03	2.515636E-18	1.008624E-18
7.971138E+03	2.515165E-18	1.007682E-18
7.971338E+03	2.518068E-18	1.007212E-18
7.971538E+03	2.519559E-18	1.006348E-18
7.971738E+03	2.520343E-18	1.006584E-18
7.971938E+03	2.520030E-18	1.007525E-18
7.972138E+03	2.515008E-18	1.008545E-18
7.972338E+03	2.511242E-18	1.009016E-18
7.972538E+03	2.507711E-18	1.013018E-18
7.972738E+03	2.504259E-18	1.013332E-18
7.972938E+03	2.505436E-18	1.016548E-18
7.973139E+03	2.508103E-18	1.021021E-18
7.973339E+03	2.507790E-18	1.024316E-18
7.973539E+03	2.507554E-18	1.025415E-18
7.973739E+03	2.506691E-18	1.026827E-18
7.973939E+03	2.505279E-18	1.070059E-18
7.974139E+03	2.503396E-18	1.105681E-18
7.974339E+03	2.502611E-18	1.103327E-18
7.974539E+03	2.503160E-18	1.105210E-18
7.974739E+03	2.500885E-18	1.105210E-18
7.974939E+03	2.497119E-18	1.107721E-18
7.975139E+03	2.492725E-18	1.099247E-18
7.975339E+03	2.492647E-18	1.089125E-18
7.975539E+03	2.493039E-18	1.089910E-18
7.975739E+03	2.488017E-18	1.088655E-18
7.975939E+03	2.483467E-18	1.085909E-18
7.976139E+03	2.478523E-18	1.088105E-18
7.976339E+03	2.479700E-18	1.085673E-18
7.976539E+03	2.480877E-18	1.087007E-18
7.976739E+03	2.484251E-18	1.086929E-18
7.976939E+03	2.488723E-18	1.095324E-18
7.977139E+03	2.489508E-18	1.091479E-18
7.977339E+03	2.488410E-18	1.096187E-18
7.977539E+03	2.488096E-18	1.105053E-18
7.977739E+03	2.489743E-18	1.103562E-18
7.978139E+03	2.488723E-18	1.103249E-18
7.978340E+03	2.486527E-18	1.102542E-18
7.978540E+03	2.483467E-18	1.102856E-18
7.978740E+03	2.482054E-18	1.102307E-18
7.978940E+03	2.483074E-18	1.102699E-18
7.979140E+03	2.481583E-18	1.100189E-18
7.980540E+03	2.478210E-18	1.105916E-18
7.980740E+03	2.475699E-18	1.119019E-18
7.980940E+03	2.474051E-18	1.132750E-18
7.981140E+03	2.473345E-18	1.136673E-18
7.981340E+03	2.475150E-18	1.136752E-18
7.981940E+03	2.480093E-18	1.135496E-18
7.982140E+03	2.478916E-18	1.136359E-18
7.982340E+03	2.474208E-18	1.125218E-18
7.982539E+03	2.468245E-18	1.122707E-18
7.982739E+03	2.467539E-18	1.123649E-18
7.982939E+03	2.462517E-18	1.128827E-18
7.983139E+03	2.455848E-18	1.130239E-18
7.983339E+03	2.453887E-18	1.128199E-18
7.983540E+03	2.457260E-18	1.126238E-18
7.983740E+03	2.461183E-18	1.127650E-18
7.983940E+03	2.466205E-18	1.127807E-18
7.984140E+03	2.472325E-18	1.127650E-18
7.984340E+03	2.471619E-18	1.134476E-18
7.984540E+03	2.471540E-18	1.139890E-18
7.984740E+03	2.468559E-18	1.139498E-18
7.984940E+03	2.460007E-18	1.134633E-18
7.985140E+03	2.457025E-18	1.132750E-18
7.985340E+03	2.457967E-18	1.132907E-18
7.985540E+03	2.459300E-18	1.135104E-18
7.985740E+03	2.459065E-18	1.133535E-18
7.985940E+03	2.452082E-18	1.135967E-18
7.986140E+03	2.447060E-18	1.138164E-18
7.986340E+03	2.446903E-18	1.146638E-18
7.986540E+03	2.448943E-18	1.159192E-18
7.986740E+03	2.448865E-18	1.160369E-18
7.986940E+03	2.449807E-18	1.155739E-18
7.987140E+03	2.447139E-18	1.155896E-18
7.987340E+03	2.443294E-18	1.155504E-18
7.987540E+03	2.435526E-18	1.155190E-18
7.987940E+03	2.433016E-18	1.158799E-18
7.988140E+03	2.433643E-18	1.158250E-18
7.988340E+03	2.433565E-18	1.164370E-18
7.988541E+03	2.430426E-18	1.170019E-18
7.988741E+03	2.425170E-18	1.169784E-18
7.988941E+03	2.421874E-18	1.169627E-18
7.989141E+03	2.417323E-18	1.169706E-18
7.989341E+03	2.415205E-18	1.170961E-18
7.989541E+03	2.418814E-18	1.174492E-18
7.989741E+03	2.420697E-18	1.176139E-18
7.989941E+03	2.420776E-18	1.181318E-18
7.990141E+03	2.421953E-18	1.182024E-18
7.990341E+03	2.420070E-18	1.185084E-18
7.990541E+03	2.417480E-18	1.183358E-18
7.990741E+03	2.415833E-18	1.184142E-18
7.990941E+03	2.412616E-18	1.186889E-18
7.991141E+03	2.409477E-18	1.185947E-18
7.991341E+03	2.406025E-18	1.186339E-18
7.991541E+03	2.400768E-18	1.186339E-18
7.991741E+03	2.397002E-18	1.179121E-18
7.991941E+03	2.394962E-18	1.180062E-18
7.992141E+03	2.395825E-18	1.177081E-18
7.992341E+03	2.397002E-18	1.174570E-18
7.992541E+03	2.394334E-18	1.174413E-18
7.992741E+03	2.394020E-18	1.170098E-18
7.993141E+03	2.393157E-18	1.172295E-18
7.995542E+03	2.393236E-18	1.174335E-18
7.995741E+03	2.392216E-18	1.175433E-18
7.995941E+03	2.390725E-18	1.160761E-18
7.996141E+03	2.391745E-18	1.149933E-18
7.996341E+03	2.388371E-18	1.148207E-18
7.996541E+03	2.382879E-18	1.147344E-18
7.996741E+03	2.380996E-18	1.146873E-18
7.996941E+03	2.379426E-18	1.151581E-18
7.997141E+03	2.380760E-18	1.148913E-18
7.997341E+03	2.380917E-18	1.141538E-18
7.997541E+03	2.377779E-18	1.141459E-18
7.997741E+03	2.378171E-18	1.140910E-18
7.997941E+03	2.380446E-18	1.140204E-18
7.998141E+03	2.376366E-18	1.138242E-18
7.998341E+03	2.372443E-18	1.138478E-18
7.998541E+03	2.372130E-18	1.137615E-18
7.998741E+03	2.375268E-18	1.139341E-18
7.998942E+03	2.377543E-18	1.138792E-18
7.999142E+03	2.375190E-18	1.139655E-18
7.999342E+03	2.372993E-18	1.136045E-18
7.999542E+03	2.373934E-18	1.132907E-18
7.999742E+03	2.376916E-18	1.132750E-18
7.999942E+03	2.375190E-18	1.134790E-18
8.000142E+03	2.369933E-18	1.142872E-18
8.000342E+03	2.366402E-18	1.144676E-18
8.000542E+03	2.363656E-18	1.143264E-18
8.000742E+03	2.360125E-18	1.143499E-18
8.000942E+03	2.360596E-18	1.148442E-18
8.001142E+03	2.362479E-18	1.148050E-18
8.001342E+03	2.362243E-18	1.147579E-18
8.001542E+03	2.365539E-18	1.147579E-18
8.001742E+03	2.362871E-18	1.147658E-18
8.001942E+03	2.353848E-18	1.147972E-18
8.002142E+03	2.346237E-18	1.148521E-18
8.002342E+03	2.344433E-18	1.150247E-18
8.002542E+03	2.340117E-18	1.150639E-18
8.002742E+03	2.335331E-18	1.148599E-18
8.002942E+03	2.335488E-18	1.152993E-18
8.003142E+03	2.333919E-18	1.161781E-18
8.003342E+03	2.332428E-18	1.161781E-18
8.003542E+03	2.330466E-18	1.157544E-18
8.003742E+03	2.335880E-18	1.152130E-18
8.003943E+03	2.343020E-18	1.157152E-18
8.004143E+03	2.348513E-18	1.152366E-18
8.004343E+03	2.349925E-18	1.156995E-18
8.004543E+03	2.349297E-18	1.154092E-18
8.004743E+03	2.349219E-18	1.153464E-18
8.004943E+03	2.351494E-18	1.154406E-18
8.005143E+03	2.357928E-18	1.155504E-18
8.005343E+03	2.364126E-18	1.159741E-18
8.005543E+03	2.366716E-18	1.162801E-18
8.005743E+03	2.366480E-18	1.162958E-18
8.005943E+03	2.367579E-18	1.163429E-18
8.006143E+03	2.372600E-18	1.163978E-18
8.006343E+03	2.376523E-18	1.165547E-18
8.006543E+03	2.374248E-18	1.164606E-18
8.006743E+03	2.366559E-18	1.164056E-18
8.006943E+03	2.358948E-18	1.162722E-18
8.007142E+03	2.358791E-18	1.162958E-18
8.007342E+03	2.361380E-18	1.160133E-18
8.007542E+03	2.363420E-18	1.159349E-18
8.007743E+03	2.364362E-18	1.146716E-18
8.007943E+03	2.360831E-18	1.140361E-18
8.008142E+03	2.361459E-18	1.139576E-18
8.008342E+03	2.368677E-18	1.138713E-18
8.008542E+03	2.371659E-18	1.138321E-18
8.008742E+03	2.370246E-18	1.137615E-18
8.008942E+03	2.370011E-18	1.136202E-18
8.009143E+03	2.367971E-18	1.137301E-18
8.009343E+03	2.365225E-18	1.136359E-18
8.009543E+03	2.360831E-18	1.136438E-18
8.009743E+03	2.362165E-18	1.136281E-18
8.009943E+03	2.359654E-18	1.136281E-18
8.010143E+03	2.359262E-18	1.136359E-18
8.010343E+03	2.357536E-18	1.135889E-18
8.010543E+03	2.351573E-18	1.137065E-18
8.010743E+03	2.355260E-18	1.139027E-18
8.010943E+03	2.357300E-18	1.136124E-18
8.011143E+03	2.357614E-18	1.133064E-18
8.011343E+03	2.356673E-18	1.132985E-18
8.011543E+03	2.361773E-18	1.126944E-18
8.011743E+03	2.369148E-18	1.131024E-18
8.011943E+03	2.373385E-18	1.133613E-18
8.012143E+03	2.373306E-18	1.132122E-18
8.012343E+03	2.368285E-18	1.131102E-18
8.012543E+03	2.364676E-18	1.129376E-18
8.012743E+03	2.371031E-18	1.128905E-18
8.012943E+03	2.377857E-18	1.120432E-18
8.013143E+03	2.382800E-18	1.120275E-18
8.013343E+03	2.382173E-18	1.119490E-18
8.013543E+03	2.380368E-18	1.119412E-18
8.014744E+03	2.382879E-18	1.128905E-18
8.015344E+03	2.385154E-18	1.128670E-18
8.016144E+03	2.386174E-18	1.128121E-18
8.016344E+03	2.386802E-18	1.129062E-18
8.016544E+03	2.386253E-18	1.129219E-18
8.016744E+03	2.389783E-18	1.128749E-18
8.016944E+03	2.395276E-18	1.124747E-18
8.017144E+03	2.398336E-18	1.126787E-18
8.017344E+03	2.404220E-18	1.123413E-18
8.017544E+03	2.404926E-18	1.121059E-18
8.017744E+03	2.406888E-18	1.122315E-18
8.017944E+03	2.414028E-18	1.124041E-18
8.018144E+03	2.418657E-18	1.126002E-18
8.018344E+03	2.416382E-18	1.123021E-18
8.018544E+03	2.416853E-18	1.117058E-18
8.018744E+03	2.417245E-18	1.116038E-18
8.018944E+03	2.412459E-18	1.115645E-18
8.019144E+03	2.409163E-18	1.108427E-18
8.019344E+03	2.410733E-18	1.104425E-18
8.019545E+03	2.407908E-18	1.108976E-18
8.019744E+03	2.406653E-18	1.111252E-18
8.019944E+03	2.408928E-18	1.112899E-18
8.020544E+03	2.411674E-18	1.118549E-18
8.020744E+03	2.413714E-18	1.118941E-18
8.020944E+03	2.413714E-18	1.118078E-18
8.021144E+03	2.409634E-18	1.117764E-18
8.021344E+03	2.406810E-18	1.121530E-18
8.021544E+03	2.408928E-18	1.119804E-18
8.021744E+03	2.410105E-18	1.124590E-18
8.021944E+03	2.407908E-18	1.121216E-18
8.022144E+03	2.406966E-18	1.116038E-18
8.022344E+03	2.406653E-18	1.112742E-18
8.022544E+03	2.407516E-18	1.111330E-18
8.022744E+03	2.405083E-18	1.109996E-18
8.022944E+03	2.409556E-18	1.071942E-18
8.023144E+03	2.416696E-18	1.046050E-18
8.023344E+03	2.417873E-18	1.051229E-18
8.023544E+03	2.419756E-18	1.050052E-18
8.023744E+03	2.418971E-18	1.054995E-18
8.023944E+03	2.416303E-18	1.055387E-18
8.024144E+03	2.414263E-18	1.055230E-18
8.024344E+03	2.414106E-18	1.055230E-18
8.024545E+03	2.410811E-18	1.056093E-18
8.024745E+03	2.404456E-18	1.055622E-18
8.024945E+03	2.404770E-18	1.054759E-18
8.025145E+03	2.408379E-18	1.049581E-18
8.025345E+03	2.406810E-18	1.049895E-18
8.025545E+03	2.405476E-18	1.049110E-18
8.026745E+03	2.404142E-18	1.046207E-18
8.026945E+03	2.403122E-18	1.038047E-18
8.027945E+03	2.399670E-18	1.038439E-18
8.028145E+03	2.397943E-18	1.033810E-18
8.028345E+03	2.396374E-18	1.029259E-18
8.028545E+03	2.395746E-18	1.031064E-18
8.028745E+03	2.395746E-18	1.032398E-18
8.028945E+03	2.393157E-18	1.030985E-18
8.029145E+03	2.392686E-18	1.036478E-18
8.029545E+03	2.396453E-18	1.037262E-18
8.029746E+03	2.397943E-18	1.038753E-18
8.029946E+03	2.394020E-18	1.040244E-18
8.030146E+03	2.389391E-18	1.033182E-18
8.030346E+03	2.388371E-18	1.018353E-18
8.030546E+03	2.389470E-18	1.001013E-18
8.030746E+03	2.394805E-18	9.968546E-19
8.030946E+03	2.401239E-18	9.973254E-19
8.031146E+03	2.402337E-18	9.977177E-19
8.031346E+03	2.404456E-18	9.977962E-19
8.031546E+03	2.410811E-18	9.977962E-19
8.031746E+03	2.411753E-18	9.983454E-19
8.031946E+03	2.413322E-18	9.985023E-19
8.032146E+03	2.414970E-18	9.936377E-19
8.032346E+03	2.413243E-18	9.930100E-19
8.032546E+03	2.413871E-18	9.945008E-19
8.032745E+03	2.416853E-18	9.955992E-19
8.032945E+03	2.421011E-18	9.930885E-19
8.033145E+03	2.424385E-18	9.887731E-19
8.033346E+03	2.425640E-18	9.897146E-19
8.033546E+03	2.425954E-18	9.830454E-19
8.033745E+03	2.427602E-18	9.767684E-19
8.033945E+03	2.429328E-18	9.767684E-19
8.034145E+03	2.430348E-18	9.777100E-19
8.034345E+03	2.434271E-18	9.863408E-19
8.034545E+03	2.433173E-18	9.838300E-19
8.034745E+03	2.429014E-18	9.838300E-19
8.034946E+03	2.426974E-18	9.861054E-19
8.035146E+03	2.427131E-18	9.846931E-19
8.035346E+03	2.428465E-18	9.792008E-19
8.035546E+03	2.425954E-18	9.686084E-19
8.035746E+03	2.422110E-18	9.526807E-19
8.035946E+03	2.424620E-18	9.463253E-19
8.036146E+03	2.425797E-18	9.469530E-19
8.036346E+03	2.420776E-18	9.486007E-19
8.036546E+03	2.417323E-18	9.482084E-19
8.036746E+03	2.418736E-18	9.485223E-19
8.036946E+03	2.420462E-18	9.450700E-19
8.037146E+03	2.425170E-18	9.449915E-19
8.037346E+03	2.427523E-18	9.358115E-19
8.037546E+03	2.427053E-18	9.323592E-19
8.037746E+03	2.427994E-18	9.338499E-19
8.037946E+03	2.431682E-18	9.344776E-19
8.038146E+03	2.435683E-18	9.354976E-19
8.038346E+03	2.433408E-18	9.333792E-19
8.038546E+03	2.428779E-18	9.287499E-19
8.038746E+03	2.430897E-18	9.276515E-19
8.038946E+03	2.432780E-18	9.227084E-19
8.039146E+03	2.430034E-18	9.220022E-19
8.039346E+03	2.427523E-18	9.165884E-19
8.039546E+03	2.431290E-18	9.160392E-19
8.039746E+03	2.430113E-18	9.147838E-19
8.039947E+03	2.425248E-18	9.118807E-19
8.040147E+03	2.425170E-18	9.122730E-19
8.040347E+03	2.427680E-18	9.120376E-19
8.040547E+03	2.429799E-18	9.125869E-19
8.040747E+03	2.432074E-18	9.129007E-19
8.040947E+03	2.434350E-18	9.082715E-19
8.041147E+03	2.431917E-18	9.052899E-19
8.041347E+03	2.430583E-18	9.054469E-19
8.041547E+03	2.429877E-18	9.064669E-19
8.041747E+03	2.424699E-18	9.065453E-19
8.041947E+03	2.417637E-18	9.106253E-19
8.042147E+03	2.415833E-18	9.071730E-19
8.042347E+03	2.416774E-18	9.025438E-19
8.042547E+03	2.413793E-18	9.046622E-19
8.042747E+03	2.411203E-18	9.091345E-19
8.042947E+03	2.411282E-18	9.081930E-19
8.043147E+03	2.411360E-18	9.098407E-19
8.043347E+03	2.408379E-18	9.109392E-19
8.043547E+03	2.407359E-18	9.052899E-19
8.043747E+03	2.407908E-18	9.070945E-19
8.043947E+03	2.409163E-18	9.054469E-19
8.044147E+03	2.408536E-18	9.064669E-19
8.044347E+03	2.408536E-18	9.065453E-19
8.044547E+03	2.411910E-18	9.079576E-19
8.044747E+03	2.417166E-18	9.030930E-19
8.044947E+03	2.421403E-18	9.005822E-19
8.045148E+03	2.424385E-18	9.012884E-19
8.045347E+03	2.424306E-18	9.010530E-19
8.045547E+03	2.425876E-18	9.121945E-19
8.045748E+03	2.431211E-18	9.125084E-19
8.045948E+03	2.433016E-18	9.077222E-19
8.046148E+03	2.431760E-18	9.071730E-19
8.046347E+03	2.434663E-18	9.078007E-19
8.046547E+03	2.437802E-18	9.059961E-19
8.046747E+03	2.433722E-18	8.952468E-19
8.046947E+03	2.434585E-18	8.928145E-19
8.047147E+03	2.438586E-18	8.928930E-19
8.047347E+03	2.440626E-18	8.907745E-19
8.047547E+03	2.437488E-18	8.839484E-19
8.047747E+03	2.432937E-18	8.873222E-19
8.047947E+03	2.432153E-18	8.874791E-19
8.048147E+03	2.431290E-18	8.938345E-19
8.048347E+03	2.428779E-18	9.053684E-19
8.048547E+03	2.425248E-18	9.086638E-19
8.048747E+03	2.423600E-18	9.085069E-19
8.048947E+03	2.425483E-18	9.100761E-19
8.049147E+03	2.427053E-18	9.170592E-19
8.049347E+03	2.427759E-18	9.141561E-19
8.049547E+03	2.427288E-18	9.042699E-19
8.049747E+03	2.425091E-18	8.939130E-19
8.049947E+03	2.423600E-18	8.813591E-19
8.050147E+03	2.426503E-18	8.779853E-19
8.050348E+03	2.429642E-18	8.769653E-19
8.050548E+03	2.428230E-18	8.655884E-19
8.050748E+03	2.427837E-18	8.711591E-19
8.050948E+03	2.425876E-18	8.604099E-19
8.051148E+03	2.424542E-18	8.596253E-19
8.051348E+03	2.423993E-18	8.605668E-19
8.051548E+03	2.421482E-18	8.646468E-19
8.051748E+03	2.421639E-18	8.657453E-19
8.051948E+03	2.426425E-18	8.612730E-19
8.052748E+03	2.431368E-18	8.571145E-19
8.052948E+03	2.432623E-18	8.598607E-19
8.053148E+03	2.430191E-18	8.646468E-19
8.053348E+03	2.433173E-18	8.640976E-19
8.054148E+03	2.443451E-18	8.606453E-19
8.054348E+03	2.448080E-18	8.556237E-19
8.054548E+03	2.448316E-18	8.547607E-19
8.054748E+03	2.446982E-18	8.592330E-19
8.054948E+03	2.447688E-18	8.585268E-19
8.055148E+03	2.451533E-18	8.619007E-19
8.055349E+03	2.457339E-18	8.684914E-19
8.055549E+03	2.459065E-18	8.728068E-19
8.055749E+03	2.459065E-18	8.750822E-19
8.055949E+03	2.461968E-18	8.810453E-19
8.056149E+03	2.464322E-18	8.849684E-19
8.056349E+03	2.465107E-18	8.852822E-19
8.056549E+03	2.465891E-18	8.884207E-19
8.056749E+03	2.468794E-18	8.897545E-19
8.056949E+03	2.470756E-18	8.906176E-19
8.057149E+03	2.467303E-18	8.948545E-19
8.057349E+03	2.468951E-18	8.943838E-19
8.057549E+03	2.472482E-18	8.986207E-19
8.057749E+03	2.471305E-18	8.986207E-19
8.057949E+03	2.465420E-18	9.028576E-19
8.058149E+03	2.464479E-18	9.045053E-19
8.058349E+03	2.463459E-18	9.022299E-19
8.058548E+03	2.458751E-18	8.979930E-19
8.058748E+03	2.453965E-18	8.979930E-19
8.058949E+03	2.453102E-18	8.982284E-19
8.059149E+03	2.453023E-18	9.027007E-19
8.059348E+03	2.452710E-18	9.070161E-19
8.059548E+03	2.452396E-18	9.020730E-19
8.059748E+03	2.452553E-18	9.074084E-19
8.059948E+03	2.452631E-18	9.075653E-19
8.060148E+03	2.452553E-18	9.059961E-19
8.060348E+03	2.452317E-18	9.059961E-19
8.060549E+03	2.452003E-18	9.063884E-19
8.060749E+03	2.451533E-18	9.039561E-19
8.060949E+03	2.450356E-18	9.025438E-19
8.061149E+03	2.451297E-18	9.008961E-19
8.061349E+03	2.453023E-18	9.013668E-19
8.061549E+03	2.452945E-18	8.900684E-19
8.061749E+03	2.452082E-18	8.880284E-19
8.061949E+03	2.452396E-18	8.879499E-19
8.062149E+03	2.450983E-18	8.895191E-19
8.063149E+03	2.450827E-18	8.914022E-19
8.063349E+03	2.453808E-18	8.913238E-19
8.064349E+03	2.455377E-18	8.916376E-19
8.064549E+03	2.452631E-18	8.895191E-19
8.064749E+03	2.451533E-18	8.832422E-19
8.064949E+03	2.455770E-18	8.863022E-19
8.065149E+03	2.458673E-18	8.846545E-19
8.065349E+03	2.455377E-18	8.829284E-19
8.065549E+03	2.452553E-18	8.812807E-19
8.065750E+03	2.453416E-18	8.812022E-19
8.065950E+03	2.449100E-18	8.795545E-19
8.066150E+03	2.450670E-18	8.787699E-19
8.066350E+03	2.454279E-18	8.787699E-19
8.066550E+03	2.450983E-18	8.768084E-19
8.066750E+03	2.442117E-18	8.767299E-19
8.066950E+03	2.435683E-18	8.708453E-19
8.067150E+03	2.432310E-18	8.685699E-19
8.067350E+03	2.433722E-18	8.723361E-19
8.067550E+03	2.433486E-18	8.759453E-19
8.067750E+03	2.432623E-18	8.772007E-19
8.067950E+03	2.436860E-18	8.770438E-19
8.068150E+03	2.443373E-18	8.761022E-19
8.068350E+03	2.444000E-18	8.797114E-19
8.068550E+03	2.438822E-18	8.815945E-19
8.068750E+03	2.433330E-18	8.747684E-19
8.068950E+03	2.428543E-18	8.739837E-19
8.069150E+03	2.426111E-18	8.738268E-19
8.069350E+03	2.426503E-18	8.724930E-19
8.069550E+03	2.426660E-18	8.750822E-19
8.069750E+03	2.426033E-18	8.739053E-19
8.069950E+03	2.428073E-18	8.736699E-19
8.070150E+03	2.431211E-18	8.616653E-19
8.070350E+03	2.432231E-18	8.702961E-19
8.070550E+03	2.432153E-18	8.845761E-19
8.070751E+03	2.430662E-18	8.805745E-19
8.070950E+03	2.430819E-18	8.773576E-19
8.071150E+03	2.430897E-18	8.851253E-19
8.071350E+03	2.431446E-18	8.892838E-19
8.071551E+03	2.433251E-18	8.860668E-19
8.071751E+03	2.435448E-18	8.900684E-19
8.071950E+03	2.438430E-18	8.942268E-19
8.072150E+03	2.436546E-18	8.938345E-19
8.072350E+03	2.432545E-18	8.932068E-19
8.072550E+03	2.432153E-18	8.918730E-19
8.072750E+03	2.429642E-18	9.003468E-19
8.072950E+03	2.427602E-18	9.156469E-19
8.073150E+03	2.427366E-18	9.212961E-19
8.073350E+03	2.429720E-18	9.306330E-19
8.073550E+03	2.434271E-18	9.336146E-19
8.073750E+03	2.436468E-18	9.268669E-19
8.073950E+03	2.437959E-18	9.263176E-19
8.074150E+03	2.445099E-18	9.278084E-19
8.074350E+03	2.448630E-18	9.205899E-19
8.074550E+03	2.450905E-18	9.186284E-19
8.074750E+03	2.454279E-18	9.212176E-19
8.074950E+03	2.457025E-18	9.213746E-19
8.075150E+03	2.457731E-18	9.241207E-19
8.075350E+03	2.458594E-18	9.333792E-19
8.075550E+03	2.460163E-18	9.398915E-19
8.075750E+03	2.460791E-18	9.403623E-19
8.075951E+03	2.460163E-18	9.450700E-19
8.076151E+03	2.459536E-18	9.494638E-19
8.076351E+03	2.458437E-18	9.487577E-19
8.076551E+03	2.457025E-18	9.522100E-19
8.076751E+03	2.455456E-18	9.523669E-19
8.076951E+03	2.453887E-18	9.515823E-19
8.077151E+03	2.451847E-18	9.532300E-19
8.077351E+03	2.451925E-18	9.526023E-19
8.077551E+03	2.450983E-18	9.659407E-19
8.077751E+03	2.446903E-18	9.682946E-19
8.077951E+03	2.446903E-18	9.683731E-19
8.078151E+03	2.449650E-18	9.700207E-19
8.078351E+03	2.446825E-18	9.733161E-19
8.078551E+03	2.441254E-18	9.751992E-19
8.078751E+03	2.439999E-18	9.753561E-19
8.078951E+03	2.442588E-18	9.751208E-19
8.079151E+03	2.444079E-18	9.781808E-19
8.079351E+03	2.442745E-18	9.708054E-19
8.079551E+03	2.444393E-18	9.681377E-19
8.079751E+03	2.445805E-18	9.657054E-19
8.079951E+03	2.446982E-18	9.644500E-19
8.080151E+03	2.449257E-18	9.700992E-19
8.080351E+03	2.450120E-18	9.791223E-19
8.080551E+03	2.450042E-18	9.847715E-19
8.080751E+03	2.448159E-18	9.886946E-19
8.080951E+03	2.445099E-18	9.879100E-19
8.081152E+03	2.443843E-18	1.002268E-18
8.081352E+03	2.442353E-18	1.013959E-18
8.081552E+03	2.439214E-18	1.015450E-18
8.081752E+03	2.437096E-18	1.015450E-18
8.081952E+03	2.435134E-18	1.016392E-18
8.082152E+03	2.433800E-18	1.017176E-18
8.082352E+03	2.438430E-18	1.018667E-18
8.082552E+03	2.439685E-18	1.014822E-18
8.082752E+03	2.440470E-18	1.012939E-18
8.082952E+03	2.444706E-18	1.012312E-18
8.083152E+03	2.449571E-18	1.012312E-18
8.083351E+03	2.449336E-18	1.012155E-18
8.083551E+03	2.451219E-18	1.012861E-18
8.083752E+03	2.456005E-18	1.018902E-18
8.083952E+03	2.456633E-18	1.027847E-18
8.084151E+03	2.455220E-18	1.027847E-18
8.084351E+03	2.459222E-18	1.032084E-18
8.084551E+03	2.462831E-18	1.032790E-18
8.084751E+03	2.461183E-18	1.032790E-18
8.084951E+03	2.460477E-18	1.034045E-18
8.085151E+03	2.461497E-18	1.034908E-18
8.085351E+03	2.462910E-18	1.035536E-18
8.085551E+03	2.463773E-18	1.037341E-18
8.085751E+03	2.468873E-18	1.038753E-18
8.085951E+03	2.470677E-18	1.038675E-18
8.086152E+03	2.464322E-18	1.040401E-18
8.086352E+03	2.459693E-18	1.042676E-18
8.086552E+03	2.461262E-18	1.046128E-18
8.086752E+03	2.464008E-18	1.049032E-18
8.086952E+03	2.466754E-18	1.044010E-18
8.087152E+03	2.471619E-18	1.044010E-18
8.087352E+03	2.476954E-18	1.043618E-18
8.087552E+03	2.474914E-18	1.040715E-18
8.087752E+03	2.477347E-18	1.036635E-18
8.087952E+03	2.484094E-18	1.037262E-18
8.088152E+03	2.485585E-18	1.035379E-18
8.088352E+03	2.484565E-18	1.034359E-18
8.088552E+03	2.485428E-18	1.034830E-18
8.088752E+03	2.485271E-18	1.034830E-18
8.088952E+03	2.482211E-18	1.033575E-18
8.089152E+03	2.481348E-18	1.032162E-18
8.089352E+03	2.486840E-18	1.032241E-18
8.089552E+03	2.490999E-18	1.036164E-18
8.089752E+03	2.489900E-18	1.038518E-18
8.089952E+03	2.486919E-18	1.038518E-18
8.090152E+03	2.486213E-18	1.037812E-18
8.090352E+03	2.493117E-18	1.036792E-18
8.090552E+03	2.501827E-18	1.026356E-18
8.090752E+03	2.507554E-18	1.027455E-18
8.090952E+03	2.510614E-18	1.030279E-18
8.091152E+03	2.509987E-18	1.030828E-18
8.091353E+03	2.500571E-18	1.037890E-18
8.091553E+03	2.490763E-18	1.042676E-18
8.091753E+03	2.489037E-18	1.042676E-18
8.091953E+03	2.490999E-18	1.043304E-18
8.092153E+03	2.493823E-18	1.043225E-18
8.092353E+03	2.495942E-18	1.045108E-18
8.092553E+03	2.497354E-18	1.046992E-18
8.092753E+03	2.500571E-18	1.045108E-18
8.092953E+03	2.504808E-18	1.052327E-18
8.093153E+03	2.506456E-18	1.054838E-18
8.093353E+03	2.505200E-18	1.044795E-18
8.093553E+03	2.501983E-18	1.041735E-18
8.093753E+03	2.499551E-18	1.041735E-18
8.093953E+03	2.500257E-18	1.037890E-18
8.094953E+03	2.503788E-18	1.029338E-18
8.095153E+03	2.512027E-18	1.024316E-18
8.095553E+03	2.514930E-18	1.024238E-18
8.095753E+03	2.509908E-18	1.023453E-18
8.095953E+03	2.505279E-18	1.023061E-18
8.096153E+03	2.504102E-18	1.022590E-18
8.096352E+03	2.505043E-18	1.023532E-18
8.096553E+03	2.505907E-18	1.021256E-18
8.096753E+03	2.503867E-18	1.017255E-18
8.096953E+03	2.503396E-18	1.017098E-18
8.097154E+03	2.503710E-18	1.016392E-18
8.097353E+03	2.501748E-18	1.015921E-18
8.097553E+03	2.496962E-18	1.013802E-18
8.097753E+03	2.490920E-18	1.019608E-18
8.097953E+03	2.485977E-18	1.019530E-18
8.098153E+03	2.485663E-18	1.024002E-18
8.098353E+03	2.486134E-18	1.030593E-18
8.098553E+03	2.485977E-18	1.028867E-18
8.098753E+03	2.488253E-18	1.038439E-18
8.098953E+03	2.492960E-18	1.048168E-18
8.099153E+03	2.495079E-18	1.047384E-18
8.099353E+03	2.493667E-18	1.045030E-18
8.099553E+03	2.497119E-18	1.042205E-18
8.099753E+03	2.502611E-18	1.042362E-18
8.099953E+03	2.504573E-18	1.039773E-18
8.100153E+03	2.503867E-18	1.034124E-18
8.100353E+03	2.505357E-18	1.029102E-18
8.100553E+03	2.510222E-18	1.029338E-18
8.100753E+03	2.513596E-18	1.029573E-18
8.100953E+03	2.513596E-18	1.029259E-18
8.101153E+03	2.511948E-18	1.029181E-18
8.101353E+03	2.511556E-18	1.026905E-18
8.101554E+03	2.512027E-18	1.025022E-18
8.101754E+03	2.512262E-18	1.021805E-18
8.101954E+03	2.512968E-18	1.017568E-18
8.102154E+03	2.512890E-18	1.021256E-18
8.102354E+03	2.511163E-18	1.018981E-18
8.102554E+03	2.508339E-18	1.018902E-18
8.102754E+03	2.506613E-18	1.014587E-18
8.103354E+03	2.502690E-18	1.013802E-18
8.103554E+03	2.494608E-18	1.016627E-18
8.104354E+03	2.488802E-18	1.016784E-18
8.104554E+03	2.489116E-18	1.017255E-18
8.104754E+03	2.486213E-18	1.018824E-18
8.104954E+03	2.484800E-18	1.016784E-18
8.105154E+03	2.486605E-18	1.012939E-18
8.105354E+03	2.488174E-18	1.016941E-18
8.105554E+03	2.488645E-18	1.016470E-18
8.105754E+03	2.483702E-18	1.015921E-18
8.105954E+03	2.476562E-18	1.015764E-18
8.106154E+03	2.475150E-18	1.016862E-18
8.106354E+03	2.477111E-18	1.017412E-18
8.106554E+03	2.478916E-18	1.018196E-18
8.106755E+03	2.479151E-18	1.023375E-18
8.106955E+03	2.476797E-18	1.024630E-18
8.107155E+03	2.476876E-18	1.024081E-18
8.107355E+03	2.478602E-18	1.024316E-18
8.107555E+03	2.480563E-18	1.029416E-18
8.107755E+03	2.478602E-18	1.031378E-18
8.107955E+03	2.478680E-18	1.029652E-18
8.108155E+03	2.482054E-18	1.028475E-18
8.108355E+03	2.484800E-18	1.028318E-18
8.108555E+03	2.483702E-18	1.029416E-18
8.108755E+03	2.484251E-18	1.030436E-18
8.108954E+03	2.487076E-18	1.029416E-18
8.109154E+03	2.486683E-18	1.027219E-18
8.109355E+03	2.486056E-18	1.028788E-18
8.109555E+03	2.487939E-18	1.028945E-18
8.109755E+03	2.491548E-18	1.032555E-18
8.109954E+03	2.494294E-18	1.038910E-18
8.110154E+03	2.496020E-18	1.049502E-18
8.110354E+03	2.500179E-18	1.057898E-18
8.110554E+03	2.508025E-18	1.060173E-18
8.110754E+03	2.513125E-18	1.060644E-18
8.110954E+03	2.515479E-18	1.060330E-18
8.111154E+03	2.520108E-18	1.060252E-18
8.111354E+03	2.522383E-18	1.059781E-18
8.111554E+03	2.520971E-18	1.055544E-18
8.111754E+03	2.521520E-18	1.049738E-18
8.111955E+03	2.528111E-18	1.048482E-18
8.112155E+03	2.525679E-18	1.048325E-18
8.112355E+03	2.518539E-18	1.048796E-18
8.112555E+03	2.516734E-18	1.043068E-18
8.112755E+03	2.517283E-18	1.040872E-18
8.112955E+03	2.517519E-18	1.042912E-18
8.113155E+03	2.514067E-18	1.050209E-18
8.113355E+03	2.510850E-18	1.054053E-18
8.113555E+03	2.512576E-18	1.054681E-18
8.113755E+03	2.516970E-18	1.052955E-18
8.113955E+03	2.518931E-18	1.053112E-18
8.114155E+03	2.518460E-18	1.054053E-18
8.114355E+03	2.516656E-18	1.052876E-18
8.114555E+03	2.513360E-18	1.046207E-18
8.114755E+03	2.509987E-18	1.031692E-18
8.114955E+03	2.508260E-18	1.029259E-18
8.115155E+03	2.510614E-18	1.030828E-18
8.115355E+03	2.511948E-18	1.024708E-18
8.115555E+03	2.510457E-18	1.025179E-18
8.115755E+03	2.505436E-18	1.027925E-18
8.115955E+03	2.501120E-18	1.023688E-18
8.116155E+03	2.501670E-18	1.019138E-18
8.116355E+03	2.501591E-18	1.019138E-18
8.116555E+03	2.502925E-18	1.018510E-18
8.116755E+03	2.504887E-18	1.018510E-18
8.116956E+03	2.506691E-18	1.012233E-18
8.117156E+03	2.507711E-18	9.994438E-19
8.117356E+03	2.508496E-18	9.934023E-19
8.117556E+03	2.511320E-18	9.872038E-19
8.117756E+03	2.515636E-18	9.753561E-19
8.117956E+03	2.518853E-18	9.775531E-19
8.118156E+03	2.523796E-18	9.799069E-19
8.118356E+03	2.529288E-18	9.925392E-19
8.118556E+03	2.532897E-18	9.935592E-19
8.118756E+03	2.535487E-18	9.983454E-19
8.118956E+03	2.541607E-18	9.932454E-19
8.119156E+03	2.541842E-18	9.933238E-19
8.119356E+03	2.538076E-18	9.912054E-19
8.119556E+03	2.540587E-18	9.832023E-19
8.119756E+03	2.541920E-18	9.777884E-19
8.119956E+03	2.541057E-18	9.777100E-19
8.120156E+03	2.543725E-18	9.740223E-19
8.120356E+03	2.547883E-18	9.710407E-19
8.120556E+03	2.551728E-18	9.794361E-19
8.120756E+03	2.553847E-18	9.766115E-19
8.120956E+03	2.551728E-18	9.759054E-19
8.121156E+03	2.552591E-18	9.792792E-19
8.121356E+03	2.555416E-18	9.882238E-19
8.121556E+03	2.559339E-18	9.891654E-19
8.121756E+03	2.563027E-18	9.745715E-19
8.121956E+03	2.563576E-18	9.704915E-19
8.122157E+03	2.563733E-18	9.704915E-19
8.122356E+03	2.564596E-18	9.698638E-19
8.122556E+03	2.566008E-18	9.712761E-19
8.122757E+03	2.569617E-18	9.727669E-19
8.122956E+03	2.573462E-18	9.765331E-19
8.123156E+03	2.575188E-18	9.832023E-19
8.123356E+03	2.577934E-18	9.825746E-19
8.123556E+03	2.582093E-18	9.803777E-19
8.123756E+03	2.584290E-18	9.801423E-19
8.123956E+03	2.584290E-18	9.801423E-19
8.124156E+03	2.581700E-18	9.783377E-19
8.124356E+03	2.581230E-18	9.707269E-19
8.124556E+03	2.583348E-18	9.627238E-19
8.124756E+03	2.584996E-18	9.573884E-19
8.124956E+03	2.586173E-18	9.526807E-19
8.125156E+03	2.590410E-18	9.577807E-19
8.125356E+03	2.592450E-18	9.442069E-19
8.125556E+03	2.590724E-18	9.295346E-19
8.125756E+03	2.586487E-18	9.280438E-19
8.125956E+03	2.585624E-18	9.279653E-19
8.126156E+03	2.588605E-18	9.263176E-19
8.126356E+03	2.588134E-18	9.256115E-19
8.126556E+03	2.586094E-18	9.250623E-19
8.126756E+03	2.584211E-18	9.249053E-19
8.126956E+03	2.579582E-18	9.256115E-19
8.127156E+03	2.578170E-18	9.260823E-19
8.127357E+03	2.578954E-18	9.253761E-19
8.127557E+03	2.576836E-18	9.262392E-19
8.127757E+03	2.577150E-18	9.256115E-19
8.127957E+03	2.579347E-18	9.198053E-19
8.128157E+03	2.580759E-18	9.113315E-19
8.128357E+03	2.583427E-18	9.112530E-19
8.128557E+03	2.583348E-18	9.070945E-19
8.128757E+03	2.580445E-18	9.057607E-19
8.128957E+03	2.580367E-18	9.054469E-19
8.129157E+03	2.582093E-18	9.052899E-19
8.129357E+03	2.582956E-18	9.045053E-19
8.129557E+03	2.582720E-18	9.048192E-19
8.129757E+03	2.581308E-18	9.053684E-19
8.129957E+03	2.579660E-18	9.035638E-19
8.130157E+03	2.576600E-18	9.058392E-19
8.130357E+03	2.571893E-18	9.045053E-19
8.130557E+03	2.569931E-18	9.015238E-19
8.130757E+03	2.570716E-18	8.963453E-19
8.130957E+03	2.571893E-18	8.911668E-19
8.131157E+03	2.573384E-18	8.910884E-19
8.131357E+03	2.572991E-18	8.910884E-19
8.131557E+03	2.570480E-18	8.910099E-19
8.131757E+03	2.567891E-18	8.918730E-19
8.131957E+03	2.566871E-18	8.944622E-19
8.132157E+03	2.567970E-18	8.935991E-19
8.132358E+03	2.567813E-18	8.954038E-19
8.132558E+03	2.566165E-18	8.954822E-19
8.132758E+03	2.563654E-18	8.947761E-19
8.132958E+03	2.563027E-18	8.932068E-19
8.133158E+03	2.565380E-18	8.917945E-19
8.133358E+03	2.566793E-18	8.908530E-19
8.133558E+03	2.568362E-18	8.940699E-19
8.133758E+03	2.574168E-18	8.885776E-19
8.133958E+03	2.579190E-18	8.854391E-19
8.134158E+03	2.579033E-18	8.905391E-19
8.134358E+03	2.577699E-18	8.938345E-19
8.134557E+03	2.578484E-18	8.926576E-19
8.134757E+03	2.581622E-18	8.925007E-19
8.134958E+03	2.583270E-18	8.897545E-19
8.135158E+03	2.583113E-18	8.866945E-19
8.135358E+03	2.584917E-18	8.878715E-19
8.135557E+03	2.591194E-18	8.831638E-19
8.135757E+03	2.600531E-18	8.770438E-19
8.135957E+03	2.608142E-18	8.772007E-19
8.136157E+03	2.611280E-18	8.762591E-19
8.136357E+03	2.613556E-18	8.763376E-19
8.136557E+03	2.615047E-18	8.777499E-19
8.136757E+03	2.615674E-18	8.777499E-19
8.136957E+03	2.614497E-18	8.766514E-19
8.137157E+03	2.613713E-18	8.678637E-19
8.137357E+03	2.615674E-18	8.623714E-19
8.137558E+03	2.616380E-18	8.765730E-19
8.137758E+03	2.615674E-18	8.762591E-19
8.137958E+03	2.617165E-18	8.783776E-19
8.138158E+03	2.620147E-18	8.779853E-19
8.138358E+03	2.620382E-18	8.773576E-19
8.138558E+03	2.620225E-18	8.773576E-19
8.138758E+03	2.622814E-18	8.776714E-19
8.138958E+03	2.623285E-18	8.776714E-19
8.139158E+03	2.621010E-18	8.778284E-19
8.139358E+03	2.618891E-18	8.768084E-19
8.139558E+03	2.616067E-18	8.770438E-19
8.139758E+03	2.618734E-18	8.818299E-19
8.139958E+03	2.625090E-18	8.810453E-19
8.140158E+03	2.626894E-18	8.806530E-19
8.140358E+03	2.625247E-18	8.805745E-19
8.140558E+03	2.626973E-18	8.806530E-19
8.140758E+03	2.629954E-18	8.807314E-19
8.140958E+03	2.631367E-18	8.728853E-19
8.141158E+03	2.633014E-18	8.716299E-19
8.141358E+03	2.633564E-18	8.673930E-19
8.141558E+03	2.631837E-18	8.589191E-19
8.141758E+03	2.632622E-18	8.566437E-19
8.141958E+03	2.635368E-18	8.473068E-19
8.142158E+03	2.633799E-18	8.360868E-19
8.142358E+03	2.631680E-18	8.360083E-19
8.142558E+03	2.630739E-18	8.383622E-19
8.142759E+03	2.632230E-18	8.378130E-19
8.142959E+03	2.634034E-18	8.443253E-19
8.143159E+03	2.632151E-18	8.452668E-19
8.143359E+03	2.629719E-18	8.487191E-19
8.143559E+03	2.631445E-18	8.492683E-19
8.143759E+03	2.633564E-18	8.446391E-19
8.143959E+03	2.635290E-18	8.390683E-19
8.144159E+03	2.635682E-18	8.346745E-19
8.144359E+03	2.637722E-18	8.375776E-19
8.144559E+03	2.639213E-18	8.380483E-19
8.144759E+03	2.636545E-18	8.380483E-19
8.144959E+03	2.632700E-18	8.371853E-19
8.145159E+03	2.630817E-18	8.371068E-19
8.145359E+03	2.634348E-18	8.333406E-19
8.145559E+03	2.639291E-18	8.330268E-19
8.145759E+03	2.641253E-18	8.331053E-19
8.145959E+03	2.641410E-18	8.328699E-19
8.146159E+03	2.643842E-18	8.319283E-19
8.146359E+03	2.645725E-18	8.319283E-19
8.146559E+03	2.647216E-18	8.371853E-19
8.146759E+03	2.649413E-18	8.371068E-19
8.146958E+03	2.648000E-18	8.335760E-19
8.147158E+03	2.646039E-18	8.336545E-19
8.147359E+03	2.645411E-18	8.326345E-19
8.147559E+03	2.646117E-18	8.278483E-19
8.147760E+03	2.650197E-18	8.193745E-19
8.147959E+03	2.652944E-18	8.192176E-19
8.148359E+03	2.654827E-18	8.189822E-19
8.148559E+03	2.656553E-18	8.174914E-19
8.148759E+03	2.657887E-18	8.178837E-19
8.148959E+03	2.657494E-18	8.185899E-19
8.149159E+03	2.658985E-18	8.127052E-19
8.149359E+03	2.662908E-18	8.137252E-19
8.149559E+03	2.662124E-18	8.138822E-19
8.149759E+03	2.658750E-18	8.160791E-19
8.149959E+03	2.659142E-18	8.084683E-19
8.150159E+03	2.659848E-18	8.090175E-19
8.150359E+03	2.660162E-18	8.132545E-19
8.150559E+03	2.661731E-18	8.130191E-19
8.150759E+03	2.662673E-18	8.130191E-19
8.150959E+03	2.658122E-18	8.117637E-19
8.151159E+03	2.656082E-18	8.110575E-19
8.151359E+03	2.656161E-18	8.115283E-19
8.151559E+03	2.652316E-18	8.119206E-19
8.151759E+03	2.649648E-18	8.112145E-19
8.151959E+03	2.649805E-18	8.127837E-19
8.152159E+03	2.647922E-18	8.107437E-19
8.152359E+03	2.647844E-18	8.023483E-19
8.152559E+03	2.646353E-18	7.912068E-19
8.152759E+03	2.645725E-18	7.798534E-19
8.152960E+03	2.646353E-18	7.778604E-19
8.153160E+03	2.644470E-18	7.753340E-19
8.153360E+03	2.640076E-18	7.751143E-19
8.153560E+03	2.639056E-18	7.797514E-19
8.153760E+03	2.638977E-18	7.811401E-19
8.153960E+03	2.639291E-18	7.845925E-19
8.154160E+03	2.642587E-18	7.814148E-19
8.154360E+03	2.643999E-18	7.817286E-19
8.154560E+03	2.643293E-18	7.819954E-19
8.154760E+03	2.641802E-18	7.882252E-19
8.154960E+03	2.638899E-18	7.875191E-19
8.155160E+03	2.638585E-18	7.910498E-19
8.155360E+03	2.641174E-18	7.901868E-19
8.155560E+03	2.644313E-18	7.825132E-19
8.155760E+03	2.646274E-18	7.789197E-19
8.155960E+03	2.649962E-18	7.783234E-19
8.156160E+03	2.649021E-18	7.807008E-19
8.156360E+03	2.643136E-18	7.907360E-19
8.156560E+03	2.639762E-18	7.867345E-19
8.156760E+03	2.636937E-18	7.864991E-19
8.156960E+03	2.630739E-18	7.746906E-19
8.157160E+03	2.626031E-18	7.749103E-19
8.157360E+03	2.624854E-18	7.760951E-19
8.157560E+03	2.624462E-18	7.721014E-19
8.157760E+03	2.626188E-18	7.725094E-19
8.157960E+03	2.628699E-18	7.714501E-19
8.158161E+03	2.629954E-18	7.789040E-19
8.158361E+03	2.633093E-18	7.820895E-19
8.158561E+03	2.634584E-18	7.834704E-19
8.158761E+03	2.633564E-18	7.856360E-19
8.158961E+03	2.636545E-18	7.855575E-19
8.159161E+03	2.639919E-18	7.855575E-19
8.159361E+03	2.643764E-18	7.840511E-19
8.159561E+03	2.645568E-18	7.869698E-19
8.159761E+03	2.643214E-18	7.884606E-19
8.159961E+03	2.638664E-18	7.858714E-19
8.160160E+03	2.633564E-18	7.911283E-19
8.160360E+03	2.632779E-18	7.881468E-19
8.160560E+03	2.636467E-18	7.888529E-19
8.160761E+03	2.637408E-18	7.693238E-19
8.160961E+03	2.632857E-18	7.681469E-19
8.161160E+03	2.627600E-18	7.619798E-19
8.161360E+03	2.629170E-18	7.643729E-19
8.161560E+03	2.633877E-18	7.734823E-19
8.161760E+03	2.633171E-18	7.795788E-19
8.161960E+03	2.629562E-18	7.829683E-19
8.162160E+03	2.629719E-18	7.892452E-19
8.162360E+03	2.632387E-18	7.914421E-19
8.162560E+03	2.633328E-18	7.908929E-19
8.162760E+03	2.630582E-18	7.885391E-19
8.162960E+03	2.629484E-18	7.807949E-19
8.163161E+03	2.626894E-18	7.804654E-19
8.163361E+03	2.621716E-18	7.829840E-19
8.163561E+03	2.619911E-18	7.784881E-19
8.163761E+03	2.622108E-18	7.670877E-19
8.163961E+03	2.627600E-18	7.650320E-19
8.164161E+03	2.632308E-18	7.754360E-19
8.164361E+03	2.634662E-18	7.764638E-19
8.164561E+03	2.634113E-18	7.790688E-19
8.164761E+03	2.629405E-18	7.780331E-19
8.164961E+03	2.624148E-18	7.774681E-19
8.165161E+03	2.620931E-18	7.756086E-19
8.165361E+03	2.620460E-18	7.702889E-19
8.165561E+03	2.618734E-18	7.624506E-19
8.165761E+03	2.613320E-18	7.615169E-19
8.165961E+03	2.610731E-18	7.615561E-19
8.166161E+03	2.612300E-18	7.619170E-19
8.166361E+03	2.612536E-18	7.630155E-19
8.166561E+03	2.608770E-18	7.630390E-19
8.166761E+03	2.605317E-18	7.680057E-19
8.166961E+03	2.604611E-18	7.660284E-19
8.167161E+03	2.606494E-18	7.657852E-19
8.167361E+03	2.607122E-18	7.670720E-19
8.167561E+03	2.603356E-18	7.610618E-19
8.167761E+03	2.600139E-18	7.599634E-19
8.167961E+03	2.598727E-18	7.663109E-19
8.168161E+03	2.596059E-18	7.703046E-19
8.168362E+03	2.595667E-18	7.698731E-19
8.168562E+03	2.597000E-18	7.815481E-19
8.168762E+03	2.597157E-18	7.821523E-19
8.168962E+03	2.596059E-18	7.815638E-19
8.169162E+03	2.593548E-18	7.846945E-19
8.169362E+03	2.588605E-18	7.850868E-19
8.169562E+03	2.587114E-18	7.865775E-19
8.169762E+03	2.587899E-18	7.964637E-19
8.169962E+03	2.587036E-18	7.975622E-19
8.170162E+03	2.588605E-18	7.985037E-19
8.170362E+03	2.587507E-18	7.996806E-19
8.170562E+03	2.586251E-18	7.992883E-19
8.170762E+03	2.588448E-18	7.989745E-19
8.170962E+03	2.589076E-18	8.003868E-19
8.171162E+03	2.586565E-18	8.039175E-19
8.171362E+03	2.579582E-18	8.039960E-19
8.171562E+03	2.575424E-18	8.021914E-19
8.171762E+03	2.577934E-18	8.016422E-19
8.171962E+03	2.577699E-18	8.001514E-19
8.172162E+03	2.576757E-18	7.967775E-19
8.172362E+03	2.574874E-18	7.980329E-19
8.172561E+03	2.573854E-18	7.961498E-19
8.172761E+03	2.574874E-18	7.973268E-19
8.172962E+03	2.575580E-18	7.973268E-19
8.173162E+03	2.572991E-18	7.991314E-19
8.173361E+03	2.571108E-18	8.089391E-19
8.173562E+03	2.567813E-18	8.189822E-19
8.173762E+03	2.565851E-18	8.214145E-19
8.173962E+03	2.569147E-18	8.214929E-19
8.174162E+03	2.572050E-18	8.215714E-19
8.174362E+03	2.570951E-18	8.342822E-19
8.174562E+03	2.565616E-18	8.368714E-19
8.174762E+03	2.562713E-18	8.350668E-19
8.174962E+03	2.561693E-18	8.410299E-19
8.175162E+03	2.558711E-18	8.415006E-19
8.175362E+03	2.559496E-18	8.443253E-19
8.175562E+03	2.566400E-18	8.443253E-19
8.175762E+03	2.571108E-18	8.501314E-19
8.175962E+03	2.571736E-18	8.501314E-19
8.176162E+03	2.573070E-18	8.573499E-19
8.176362E+03	2.576757E-18	8.573499E-19
8.176562E+03	2.578091E-18	8.535053E-19
8.176762E+03	2.578640E-18	8.527991E-19
8.176962E+03	2.578876E-18	8.527991E-19
8.177162E+03	2.578876E-18	8.531130E-19
8.177362E+03	2.576914E-18	8.549960E-19
8.177562E+03	2.573933E-18	8.582914E-19
8.177762E+03	2.574796E-18	8.559376E-19
8.177962E+03	2.575345E-18	8.529560E-19
8.178162E+03	2.572364E-18	8.545253E-19
8.178362E+03	2.567577E-18	8.543683E-19
8.178563E+03	2.563262E-18	8.576637E-19
8.178763E+03	2.560830E-18	8.636268E-19
8.178963E+03	2.561457E-18	8.612730E-19
8.179163E+03	2.562791E-18	8.589191E-19
8.179363E+03	2.563027E-18	8.596253E-19
8.179563E+03	2.563105E-18	8.631560E-19
8.179763E+03	2.560516E-18	8.581345E-19
8.179963E+03	2.556828E-18	8.428345E-19
8.180163E+03	2.556750E-18	8.425991E-19
8.180363E+03	2.555416E-18	8.414222E-19
8.180563E+03	2.553454E-18	8.430699E-19
8.180763E+03	2.554945E-18	8.429130E-19
8.180963E+03	2.558554E-18	8.422853E-19
8.181163E+03	2.562713E-18	8.433053E-19
8.181363E+03	2.565459E-18	8.429130E-19
8.181563E+03	2.567264E-18	8.425206E-19
8.181763E+03	2.564282E-18	8.430699E-19
8.181963E+03	2.562713E-18	8.401668E-19
8.182163E+03	2.566714E-18	8.340468E-19
8.182363E+03	2.568754E-18	8.341253E-19
8.182563E+03	2.564204E-18	8.338114E-19
8.182763E+03	2.558162E-18	8.339683E-19
8.182963E+03	2.554239E-18	8.341253E-19
8.183163E+03	2.554867E-18	8.313006E-19
8.183363E+03	2.556828E-18	8.292606E-19
8.183563E+03	2.559731E-18	8.294176E-19
8.183764E+03	2.561771E-18	8.295745E-19
8.183964E+03	2.557142E-18	8.283976E-19
8.184164E+03	2.549531E-18	8.274560E-19
8.184364E+03	2.546628E-18	8.260437E-19
8.184564E+03	2.547570E-18	8.255729E-19
8.184764E+03	2.548747E-18	8.258083E-19
8.184964E+03	2.550316E-18	8.232976E-19
8.185164E+03	2.549845E-18	8.232191E-19
8.185364E+03	2.548040E-18	8.161576E-19
8.185564E+03	2.552434E-18	8.141175E-19
8.185764E+03	2.556750E-18	8.106652E-19
8.185963E+03	2.556750E-18	8.098022E-19
8.186163E+03	2.557691E-18	8.101160E-19
8.186364E+03	2.556985E-18	8.089391E-19
8.186563E+03	2.552905E-18	8.098806E-19
8.186763E+03	2.553219E-18	8.070560E-19
8.186963E+03	2.553376E-18	8.085468E-19
8.187163E+03	2.548040E-18	8.112145E-19
8.187363E+03	2.543647E-18	8.153729E-19
8.187563E+03	2.541057E-18	8.167852E-19
8.187763E+03	2.541136E-18	8.164714E-19
8.187963E+03	2.541842E-18	8.156868E-19
8.188163E+03	2.544196E-18	8.156868E-19
8.188363E+03	2.550865E-18	8.156083E-19
8.188563E+03	2.556750E-18	8.156083E-19
8.188763E+03	2.560908E-18	8.121560E-19
8.188964E+03	2.559731E-18	8.116068E-19
8.189364E+03	2.553533E-18	8.127837E-19
8.189564E+03	2.557142E-18	8.125483E-19
8.189764E+03	2.558084E-18	8.119206E-19
8.189964E+03	2.560437E-18	8.131760E-19
8.190164E+03	2.567028E-18	8.136468E-19
8.190364E+03	2.570559E-18	8.125483E-19
8.190564E+03	2.566793E-18	8.125483E-19
8.190764E+03	2.568205E-18	8.130975E-19
8.190964E+03	2.571814E-18	8.162360E-19
8.191164E+03	2.571500E-18	8.181191E-19
8.191364E+03	2.570873E-18	8.177268E-19
8.191564E+03	2.566400E-18	8.198452E-19
8.191764E+03	2.564988E-18	8.169422E-19
8.191964E+03	2.561222E-18	8.166283E-19
8.192164E+03	2.556593E-18	8.141960E-19
8.192364E+03	2.559653E-18	8.142745E-19
8.192564E+03	2.565380E-18	8.101160E-19
8.192764E+03	2.567734E-18	8.065852E-19
8.192964E+03	2.565380E-18	8.088606E-19
8.193164E+03	2.561850E-18	8.089391E-19
8.193364E+03	2.563497E-18	8.091745E-19
8.193564E+03	2.564047E-18	8.094883E-19
8.193764E+03	2.562164E-18	8.098806E-19
8.193965E+03	2.560280E-18	8.098022E-19
8.194165E+03	2.559104E-18	8.095668E-19
8.194365E+03	2.556514E-18	8.076052E-19
8.194565E+03	2.553454E-18	8.040745E-19
8.194765E+03	2.549060E-18	8.047806E-19
8.194965E+03	2.544588E-18	8.021914E-19
8.195165E+03	2.542548E-18	8.011714E-19
8.195365E+03	2.540587E-18	8.002298E-19
8.195565E+03	2.538076E-18	8.010145E-19
8.195765E+03	2.534310E-18	8.021129E-19
8.195965E+03	2.533290E-18	7.985037E-19
8.196165E+03	2.536977E-18	7.988175E-19
8.196365E+03	2.539253E-18	7.977191E-19
8.196565E+03	2.539959E-18	7.975622E-19
8.196765E+03	2.539174E-18	7.973268E-19
8.196965E+03	2.539567E-18	8.033683E-19
8.197165E+03	2.540351E-18	8.000729E-19
8.197365E+03	2.536428E-18	7.994452E-19
8.197565E+03	2.535251E-18	7.953652E-19
8.197765E+03	2.541842E-18	8.008575E-19
8.197965E+03	2.545922E-18	8.005437E-19
8.198165E+03	2.541450E-18	8.002298E-19
8.198364E+03	2.540665E-18	8.011714E-19
8.198565E+03	2.546079E-18	7.966991E-19
8.198764E+03	2.544902E-18	7.879114E-19
8.198965E+03	2.542783E-18	7.864206E-19
8.199165E+03	2.539802E-18	7.895591E-19
8.199365E+03	2.537213E-18	7.894021E-19
8.199565E+03	2.529367E-18	7.932468E-19
8.199765E+03	2.523874E-18	8.003083E-19
8.199965E+03	2.523011E-18	8.054868E-19
8.200165E+03	2.524659E-18	8.056437E-19
8.200365E+03	2.529523E-18	8.054083E-19
8.200565E+03	2.536114E-18	7.984252E-19
8.200765E+03	2.533996E-18	7.948945E-19
8.200965E+03	2.534702E-18	7.942668E-19
8.201165E+03	2.538860E-18	8.024268E-19
8.201365E+03	2.545216E-18	8.024268E-19
8.201565E+03	2.548433E-18	8.024268E-19
8.201765E+03	2.551022E-18	8.071345E-19
8.201965E+03	2.550473E-18	8.061145E-19
8.202165E+03	2.547570E-18	8.047806E-19
8.202365E+03	2.549217E-18	8.048591E-19
8.202565E+03	2.549296E-18	7.985822E-19
8.202765E+03	2.547256E-18	7.989745E-19
8.202965E+03	2.545922E-18	7.953652E-19
8.203165E+03	2.547491E-18	7.956006E-19
8.203365E+03	2.552434E-18	7.938745E-19
8.203565E+03	2.557220E-18	7.979545E-19
8.203765E+03	2.556907E-18	7.966206E-19
8.203965E+03	2.558240E-18	7.873621E-19
8.204165E+03	2.559967E-18	7.842708E-19
8.204366E+03	2.560594E-18	7.817600E-19
8.204566E+03	2.560516E-18	7.777820E-19
8.204766E+03	2.563262E-18	7.782135E-19
8.204966E+03	2.567970E-18	7.770444E-19
8.205166E+03	2.569853E-18	7.777820E-19
8.205366E+03	2.567185E-18	7.754595E-19
8.205566E+03	2.563105E-18	7.777192E-19
8.205766E+03	2.560594E-18	7.754595E-19
8.205966E+03	2.556044E-18	7.800024E-19
8.206166E+03	2.551179E-18	7.778055E-19
8.206366E+03	2.552199E-18	7.802692E-19
8.206566E+03	2.553062E-18	7.706498E-19
8.206766E+03	2.551650E-18	7.719601E-19
8.206966E+03	2.550865E-18	7.730272E-19
8.207166E+03	2.553219E-18	7.733881E-19
8.207366E+03	2.554945E-18	7.687118E-19
8.207566E+03	2.553925E-18	7.658715E-19
8.207766E+03	2.551336E-18	7.681155E-19
8.207966E+03	2.551257E-18	7.703909E-19
8.208166E+03	2.550551E-18	7.676291E-19
8.208366E+03	2.549453E-18	7.687040E-19
8.208566E+03	2.552356E-18	7.683352E-19
8.208766E+03	2.552984E-18	7.691434E-19
8.208966E+03	2.549060E-18	7.691198E-19
8.209166E+03	2.553611E-18	7.641767E-19
8.209367E+03	2.561457E-18	7.642944E-19
8.209567E+03	2.559339E-18	7.657381E-19
8.209767E+03	2.561457E-18	7.643337E-19
8.209967E+03	2.562634E-18	7.642081E-19
8.210167E+03	2.564674E-18	7.677311E-19
8.210367E+03	2.571579E-18	7.614541E-19
8.210567E+03	2.575502E-18	7.568955E-19
8.210766E+03	2.572207E-18	7.569426E-19
8.210967E+03	2.573619E-18	7.436826E-19
8.211166E+03	2.576679E-18	7.444750E-19
8.211367E+03	2.576287E-18	7.471192E-19
8.211567E+03	2.573227E-18	7.436826E-19
8.211766E+03	2.572599E-18	7.533098E-19
8.211966E+03	2.573227E-18	7.548634E-19
8.212166E+03	2.572991E-18	7.448595E-19
8.212366E+03	2.570010E-18	7.430000E-19
8.212566E+03	2.567656E-18	7.441533E-19
8.212766E+03	2.573070E-18	7.429293E-19
8.212966E+03	2.575659E-18	7.421761E-19
8.213166E+03	2.574247E-18	7.447104E-19
8.213366E+03	2.574404E-18	7.438709E-19
8.213566E+03	2.576130E-18	7.457304E-19
8.213766E+03	2.578876E-18	7.455500E-19
8.213966E+03	2.582328E-18	7.461777E-19
8.214166E+03	2.587271E-18	7.464052E-19
8.214366E+03	2.590410E-18	7.488061E-19
8.214567E+03	2.591194E-18	7.495907E-19
8.214767E+03	2.591665E-18	7.576880E-19
8.214967E+03	2.586251E-18	7.588021E-19
8.215167E+03	2.585388E-18	7.574604E-19
8.215367E+03	2.587742E-18	7.641767E-19
8.215567E+03	2.585780E-18	7.650712E-19
8.215767E+03	2.586173E-18	7.557107E-19
8.215967E+03	2.586879E-18	7.520309E-19
8.216167E+03	2.589547E-18	7.525017E-19
8.216367E+03	2.600688E-18	7.524153E-19
8.216567E+03	2.608299E-18	7.534903E-19
8.216767E+03	2.613085E-18	7.358050E-19
8.216967E+03	2.619127E-18	7.391004E-19
8.217167E+03	2.622108E-18	7.411953E-19
8.217367E+03	2.630347E-18	7.368800E-19
8.217567E+03	2.630660E-18	7.365426E-19
8.217767E+03	2.632700E-18	7.354363E-19
8.217967E+03	2.639762E-18	7.369506E-19
8.218167E+03	2.646824E-18	7.323135E-19
8.218367E+03	2.648393E-18	7.285316E-19
8.218567E+03	2.648864E-18	7.166369E-19
8.218767E+03	2.651688E-18	7.168879E-19
8.218967E+03	2.654356E-18	7.164172E-19
8.219167E+03	2.653022E-18	7.132316E-19
8.219367E+03	2.649021E-18	7.173273E-19
8.219567E+03	2.642744E-18	7.191555E-19
8.219768E+03	2.643136E-18	7.212896E-19
8.219968E+03	2.649962E-18	7.185042E-19
8.220168E+03	2.651610E-18	7.185199E-19
8.220368E+03	2.649177E-18	7.180649E-19
8.220568E+03	2.647844E-18	7.196890E-19
8.220768E+03	2.652551E-18	7.329490E-19
8.220968E+03	2.655062E-18	7.368172E-19
8.221168E+03	2.653807E-18	7.328470E-19
8.221368E+03	2.655533E-18	7.315916E-19
8.221568E+03	2.656474E-18	7.353421E-19
8.221768E+03	2.654748E-18	7.381981E-19
8.221968E+03	2.653257E-18	7.334983E-19
8.222168E+03	2.654042E-18	7.420976E-19
8.222368E+03	2.657259E-18	7.537884E-19
8.222568E+03	2.659299E-18	7.538041E-19
8.222768E+03	2.660868E-18	7.528077E-19
8.222968E+03	2.665262E-18	7.515523E-19
8.223168E+03	2.669499E-18	7.519367E-19
8.223368E+03	2.667851E-18	7.574526E-19
8.223567E+03	2.665811E-18	7.566680E-19
8.223767E+03	2.669107E-18	7.569269E-19
8.223968E+03	2.669656E-18	7.574683E-19
8.224167E+03	2.664477E-18	7.568798E-19
8.224368E+03	2.665262E-18	7.627723E-19
8.224567E+03	2.671382E-18	7.680449E-19
8.224768E+03	2.671696E-18	7.708774E-19
8.224968E+03	2.669028E-18	7.895591E-19
8.225168E+03	2.672873E-18	7.894021E-19
8.225368E+03	2.677031E-18	7.924621E-19
8.225568E+03	2.680484E-18	7.935606E-19
8.225768E+03	2.684171E-18	7.956006E-19
8.225968E+03	2.686290E-18	7.956006E-19
8.226168E+03	2.690841E-18	7.954437E-19
8.226368E+03	2.694685E-18	7.956791E-19
8.226568E+03	2.695784E-18	8.042314E-19
8.226768E+03	2.692881E-18	8.049375E-19
8.226968E+03	2.692959E-18	8.043098E-19
8.227168E+03	2.696882E-18	8.048591E-19
8.227368E+03	2.695234E-18	8.047806E-19
8.227568E+03	2.693273E-18	8.055652E-19
8.227768E+03	2.695784E-18	8.150591E-19
8.227968E+03	2.699785E-18	8.192176E-19
8.228168E+03	2.702374E-18	8.191391E-19
8.228368E+03	2.702845E-18	8.190606E-19
8.228568E+03	2.701825E-18	8.205514E-19
8.228768E+03	2.699314E-18	8.211006E-19
8.228968E+03	2.698373E-18	8.202376E-19
8.229168E+03	2.696411E-18	8.236899E-19
8.229368E+03	2.693587E-18	8.254945E-19
8.229568E+03	2.692881E-18	8.243960E-19
8.229768E+03	2.695627E-18	8.200022E-19
8.229969E+03	2.699157E-18	8.185899E-19
8.230169E+03	2.699550E-18	8.180406E-19
8.230369E+03	2.701511E-18	8.179622E-19
8.230569E+03	2.704101E-18	8.181191E-19
8.230769E+03	2.704336E-18	8.178837E-19
8.230969E+03	2.702061E-18	8.170991E-19
8.231169E+03	2.700177E-18	8.189822E-19
8.231369E+03	2.703551E-18	8.128622E-19
8.231569E+03	2.706141E-18	8.105083E-19
8.231769E+03	2.706533E-18	8.104299E-19
8.231969E+03	2.707474E-18	8.097237E-19
8.232169E+03	2.709279E-18	8.090960E-19
8.232369E+03	2.712104E-18	8.086252E-19
8.232569E+03	2.714850E-18	8.094883E-19
8.232769E+03	2.717439E-18	8.155299E-19
8.232969E+03	2.718537E-18	8.166283E-19
8.233169E+03	2.718851E-18	8.140391E-19
8.233369E+03	2.722068E-18	8.118422E-19
8.233569E+03	2.725913E-18	8.115283E-19
8.233769E+03	2.729679E-18	8.094099E-19
8.233969E+03	2.729993E-18	8.119991E-19
8.234169E+03	2.728973E-18	8.123129E-19
8.234369E+03	2.732425E-18	8.124699E-19
8.234569E+03	2.733759E-18	8.232191E-19
8.234769E+03	2.733053E-18	8.287899E-19
8.234969E+03	2.733759E-18	8.287114E-19
8.235170E+03	2.734151E-18	8.376560E-19
8.235370E+03	2.731719E-18	8.388330E-19
8.235570E+03	2.728188E-18	8.397745E-19
8.235770E+03	2.726384E-18	8.393822E-19
8.235970E+03	2.725442E-18	8.389899E-19
8.236169E+03	2.726070E-18	8.397745E-19
8.236370E+03	2.728188E-18	8.392253E-19
8.236569E+03	2.727561E-18	8.386760E-19
8.236770E+03	2.726697E-18	8.382053E-19
8.236969E+03	2.725834E-18	8.389114E-19
8.237169E+03	2.724657E-18	8.381268E-19
8.237370E+03	2.725521E-18	8.375776E-19
8.237569E+03	2.727325E-18	8.369499E-19
8.237769E+03	2.728345E-18	8.446391E-19
8.237969E+03	2.727561E-18	8.479345E-19
8.238169E+03	2.726933E-18	8.463653E-19
8.238369E+03	2.727874E-18	8.490330E-19
8.238569E+03	2.728581E-18	8.479345E-19
8.238769E+03	2.726384E-18	8.476991E-19
8.238969E+03	2.723324E-18	8.529560E-19
8.239169E+03	2.724344E-18	8.480914E-19
8.239369E+03	2.727796E-18	8.514653E-19
8.239569E+03	2.728188E-18	8.593114E-19
8.239769E+03	2.723324E-18	8.615868E-19
8.239969E+03	2.720028E-18	8.570360E-19
8.240170E+03	2.720734E-18	8.569576E-19
8.240370E+03	2.721597E-18	8.566437E-19
8.240570E+03	2.723637E-18	8.567222E-19
8.240770E+03	2.725364E-18	8.572714E-19
8.240970E+03	2.723716E-18	8.557022E-19
8.241170E+03	2.720813E-18	8.556237E-19
8.241370E+03	2.719793E-18	8.526422E-19
8.241570E+03	2.719244E-18	8.542899E-19
8.241770E+03	2.718616E-18	8.519360E-19
8.241970E+03	2.717361E-18	8.445607E-19
8.242170E+03	2.719165E-18	8.413437E-19
8.242370E+03	2.721754E-18	8.445607E-19
8.242570E+03	2.723167E-18	8.432268E-19
8.242770E+03	2.721911E-18	8.388330E-19
8.242970E+03	2.720970E-18	8.390683E-19
8.243170E+03	2.719244E-18	8.379699E-19
8.243370E+03	2.714693E-18	8.267499E-19
8.243570E+03	2.708494E-18	8.285545E-19
8.243770E+03	2.702296E-18	8.290253E-19
8.243970E+03	2.701041E-18	8.254160E-19
8.244170E+03	2.701825E-18	8.253376E-19
8.244370E+03	2.705277E-18	8.253376E-19
8.244570E+03	2.707788E-18	8.257299E-19
8.244770E+03	2.705356E-18	8.253376E-19
8.244970E+03	2.702767E-18	8.261222E-19
8.245170E+03	2.700805E-18	8.253376E-19
8.245371E+03	2.698530E-18	8.276914E-19
8.245571E+03	2.696254E-18	8.282406E-19
8.245771E+03	2.693116E-18	8.235329E-19
8.245971E+03	2.689507E-18	8.292606E-19
8.246171E+03	2.688879E-18	8.318499E-19
8.246371E+03	2.688722E-18	8.319283E-19
8.246571E+03	2.688957E-18	8.328699E-19
8.246771E+03	2.690605E-18	8.323206E-19
8.246971E+03	2.691704E-18	8.302806E-19
8.247171E+03	2.692017E-18	8.312222E-19
8.247371E+03	2.689271E-18	8.307514E-19
8.247571E+03	2.688565E-18	8.317714E-19
8.247771E+03	2.688957E-18	8.288683E-19
8.247971E+03	2.689271E-18	8.372637E-19
8.248171E+03	2.689977E-18	8.373422E-19
8.248371E+03	2.690291E-18	8.370283E-19
8.248571E+03	2.690527E-18	8.342822E-19
8.248771E+03	2.692174E-18	8.386760E-19
8.248970E+03	2.692253E-18	8.402453E-19
8.249171E+03	2.688173E-18	8.407160E-19
8.249371E+03	2.685819E-18	8.400883E-19
8.249570E+03	2.687624E-18	8.400099E-19
8.249771E+03	2.688408E-18	8.400099E-19
8.249970E+03	2.688173E-18	8.437760E-19
8.250171E+03	2.689507E-18	8.449530E-19
8.250370E+03	2.688330E-18	8.454237E-19
8.250571E+03	2.682288E-18	8.446391E-19
8.250771E+03	2.676796E-18	8.446391E-19
8.250971E+03	2.674364E-18	8.449530E-19
8.251171E+03	2.672873E-18	8.464437E-19
8.251371E+03	2.669342E-18	8.473853E-19
8.251571E+03	2.668636E-18	8.469145E-19
8.251771E+03	2.668165E-18	8.446391E-19
8.251971E+03	2.669028E-18	8.452668E-19
8.252171E+03	2.668714E-18	8.489545E-19
8.252371E+03	2.664399E-18	8.499745E-19
8.252571E+03	2.662045E-18	8.503668E-19
8.252771E+03	2.660868E-18	8.499745E-19
8.252971E+03	2.657965E-18	8.500530E-19
8.253171E+03	2.655219E-18	8.517007E-19
8.253371E+03	2.654042E-18	8.502883E-19
8.253571E+03	2.651688E-18	8.483268E-19
8.253771E+03	2.648942E-18	8.581345E-19
8.253971E+03	2.648628E-18	8.505237E-19
8.254171E+03	2.647608E-18	8.498176E-19
8.254371E+03	2.646902E-18	8.517007E-19
8.254571E+03	2.646667E-18	8.564868E-19
8.254771E+03	2.646745E-18	8.553099E-19
8.254971E+03	2.643685E-18	8.589191E-19
8.255171E+03	2.640468E-18	8.747684E-19
8.255371E+03	2.636231E-18	8.725714E-19
8.255572E+03	2.640860E-18	8.702176E-19
8.255772E+03	2.648471E-18	8.650391E-19
8.255972E+03	2.644705E-18	8.717868E-19
8.256172E+03	2.643999E-18	8.741407E-19
8.256372E+03	2.644234E-18	8.739053E-19
8.256572E+03	2.646039E-18	8.739837E-19
8.256772E+03	2.643920E-18	8.753961E-19
8.256972E+03	2.639213E-18	8.713161E-19
8.257172E+03	2.634270E-18	8.714730E-19
8.257372E+03	2.632073E-18	8.712376E-19
8.257572E+03	2.628620E-18	8.650391E-19
8.257772E+03	2.626188E-18	8.626853E-19
8.257972E+03	2.627600E-18	8.628422E-19
8.258172E+03	2.628307E-18	8.571930E-19
8.258372E+03	2.627522E-18	8.553099E-19
8.258572E+03	2.625090E-18	8.565653E-19
8.258772E+03	2.622422E-18	8.554668E-19
8.258972E+03	2.622657E-18	8.586053E-19
8.259172E+03	2.623050E-18	8.561730E-19
8.259372E+03	2.623285E-18	8.578207E-19
8.259572E+03	2.621167E-18	8.591545E-19
8.259772E+03	2.617871E-18	8.611945E-19
8.259972E+03	2.616380E-18	8.610376E-19
8.260172E+03	2.615674E-18	8.601745E-19
8.260372E+03	2.611594E-18	8.586837E-19
8.260572E+03	2.610260E-18	8.604884E-19
8.260773E+03	2.611987E-18	8.635484E-19
8.260973E+03	2.611516E-18	8.671576E-19
8.261173E+03	2.606808E-18	8.694330E-19
8.261373E+03	2.603277E-18	8.727284E-19
8.261573E+03	2.602493E-18	8.710022E-19
8.261772E+03	2.601708E-18	8.832422E-19
8.261972E+03	2.600296E-18	8.812807E-19
8.262173E+03	2.595274E-18	8.870868E-19
8.262372E+03	2.588919E-18	8.892838E-19
8.262573E+03	2.584996E-18	8.883422E-19
8.262772E+03	2.582877E-18	8.855961E-19
8.262972E+03	2.579974E-18	8.743761E-19
8.263172E+03	2.578170E-18	8.775145E-19
8.263372E+03	2.578248E-18	8.784561E-19
8.263572E+03	2.577777E-18	8.775930E-19
8.263772E+03	2.575737E-18	8.782991E-19
8.263972E+03	2.573148E-18	8.873222E-19
8.264172E+03	2.568205E-18	8.968945E-19
8.264372E+03	2.562870E-18	9.005038E-19
8.264572E+03	2.558868E-18	8.913238E-19
8.264772E+03	2.554239E-18	8.914022E-19
8.264972E+03	2.551493E-18	8.925791E-19
8.265172E+03	2.548904E-18	8.945407E-19
8.265372E+03	2.546393E-18	8.941484E-19
8.265572E+03	2.544980E-18	8.919515E-19
8.265772E+03	2.543176E-18	8.950899E-19
8.265973E+03	2.539959E-18	8.954822E-19
8.266173E+03	2.533133E-18	8.972084E-19
8.266373E+03	2.528896E-18	9.030930E-19
8.266573E+03	2.527719E-18	9.032499E-19
8.266773E+03	2.523560E-18	8.992484E-19
8.266973E+03	2.517362E-18	9.003468E-19
8.267173E+03	2.512890E-18	8.859099E-19
8.267373E+03	2.511242E-18	8.885776E-19
8.267573E+03	2.512027E-18	8.863022E-19
8.267773E+03	2.510693E-18	8.855961E-19
8.267973E+03	2.510536E-18	8.840268E-19
8.268173E+03	2.511085E-18	8.843407E-19
8.268373E+03	2.509280E-18	8.848899E-19
8.268573E+03	2.507947E-18	8.852038E-19
8.268773E+03	2.505122E-18	8.778284E-19
8.268973E+03	2.500807E-18	8.779853E-19
8.269173E+03	2.499237E-18	8.790838E-19
8.269373E+03	2.500493E-18	8.787699E-19
8.269573E+03	2.501670E-18	8.797899E-19
8.269773E+03	2.498217E-18	8.804176E-19
8.269973E+03	2.497197E-18	8.733561E-19
8.270173E+03	2.497982E-18	8.711591E-19
8.270373E+03	2.493196E-18	8.729637E-19
8.270573E+03	2.484565E-18	8.747684E-19
8.270773E+03	2.478680E-18	8.754745E-19
8.270974E+03	2.478759E-18	8.747684E-19
8.271174E+03	2.479151E-18	8.758668E-19
8.271374E+03	2.475777E-18	8.718653E-19
8.271574E+03	2.471854E-18	8.710807E-19
8.271774E+03	2.467460E-18	8.701391E-19
8.271974E+03	2.467460E-18	8.703745E-19
8.272174E+03	2.468323E-18	8.727284E-19
8.272374E+03	2.466440E-18	8.722576E-19
8.272574E+03	2.461733E-18	8.797114E-19
8.272774E+03	2.457967E-18	8.848115E-19
8.272974E+03	2.455220E-18	8.938345E-19
8.273174E+03	2.455063E-18	9.043484E-19
8.273374E+03	2.454750E-18	9.031715E-19
8.273574E+03	2.452239E-18	9.037992E-19
8.273774E+03	2.452317E-18	9.039561E-19
8.273974E+03	2.457103E-18	9.102330E-19
8.274174E+03	2.459771E-18	9.180007E-19
8.274374E+03	2.462047E-18	9.234930E-19
8.274574E+03	2.467382E-18	9.254546E-19
8.274773E+03	2.468167E-18	9.245130E-19
8.274974E+03	2.465891E-18	9.188638E-19
8.275174E+03	2.464243E-18	9.176084E-19
8.275373E+03	2.463616E-18	9.208253E-19
8.275574E+03	2.463380E-18	9.206684E-19
8.275773E+03	2.464636E-18	9.219238E-19
8.275973E+03	2.462753E-18	9.244346E-19
8.276374E+03	2.456790E-18	9.241207E-19
8.276574E+03	2.451062E-18	9.288284E-19
8.276774E+03	2.445962E-18	9.298484E-19
8.276974E+03	2.443451E-18	9.302407E-19
8.277174E+03	2.443922E-18	9.252192E-19
8.277374E+03	2.444471E-18	9.243561E-19
8.277574E+03	2.442823E-18	9.161176E-19
8.277774E+03	2.441882E-18	9.149407E-19
8.277974E+03	2.441960E-18	9.249838E-19
8.278174E+03	2.441019E-18	9.284361E-19
8.278374E+03	2.442588E-18	9.282007E-19
8.280574E+03	2.444314E-18	9.274161E-19
8.280774E+03	2.442274E-18	9.396561E-19
8.281375E+03	2.442039E-18	9.417746E-19
8.281575E+03	2.443530E-18	9.443638E-19
8.281775E+03	2.442353E-18	9.437361E-19
8.282375E+03	2.438586E-18	9.458546E-19
8.282575E+03	2.434036E-18	9.527592E-19
8.282975E+03	2.431133E-18	9.558192E-19
8.283775E+03	2.430191E-18	9.598992E-19
8.283975E+03	2.426582E-18	9.572315E-19
8.284175E+03	2.419363E-18	9.576238E-19
8.284375E+03	2.414891E-18	9.565254E-19
8.284575E+03	2.412066E-18	9.562900E-19
8.284775E+03	2.405162E-18	9.782592E-19
8.284975E+03	2.399042E-18	9.737084E-19
8.285175E+03	2.404220E-18	9.726884E-19
8.285375E+03	2.404848E-18	9.718254E-19
8.285575E+03	2.395276E-18	9.793577E-19
8.285775E+03	2.392922E-18	9.767684E-19
8.285975E+03	2.395903E-18	9.775531E-19
8.286175E+03	2.399042E-18	9.773177E-19
8.286376E+03	2.398650E-18	9.773177E-19
8.286576E+03	2.394570E-18	9.766900E-19
8.287775E+03	2.393393E-18	9.766115E-19
8.288376E+03	2.394334E-18	9.874392E-19
8.288575E+03	2.390568E-18	9.873608E-19
8.290375E+03	2.383271E-18	9.930885E-19
8.290575E+03	2.376602E-18	9.913623E-19
8.290775E+03	2.370090E-18	9.908915E-19
8.290975E+03	2.365146E-18	9.959131E-19
8.291175E+03	2.363970E-18	9.944223E-19
8.291375E+03	2.364283E-18	9.912838E-19
8.291576E+03	2.365146E-18	9.908915E-19
8.291776E+03	2.365774E-18	9.937946E-19
8.291976E+03	2.365696E-18	9.939515E-19
8.292176E+03	2.366637E-18	9.937946E-19
8.292576E+03	2.369148E-18	9.931669E-19
8.292776E+03	2.367814E-18	9.912838E-19
8.292976E+03	2.364205E-18	9.915192E-19
8.293176E+03	2.362400E-18	9.894792E-19
8.293376E+03	2.360360E-18	9.879885E-19
8.293576E+03	2.358006E-18	9.920685E-19
8.293776E+03	2.355574E-18	9.928531E-19
8.293976E+03	2.355182E-18	9.961485E-19
8.294176E+03	2.359733E-18	9.969331E-19
8.294376E+03	2.362086E-18	9.969331E-19
8.294576E+03	2.359262E-18	9.961485E-19
8.294776E+03	2.355653E-18	1.005250E-18
8.294976E+03	2.351023E-18	1.010664E-18
8.295176E+03	2.346943E-18	1.005485E-18
8.295376E+03	2.347179E-18	1.007604E-18
8.295576E+03	2.347571E-18	1.006976E-18
8.295776E+03	2.346316E-18	1.007839E-18
8.295976E+03	2.345688E-18	1.007604E-18
8.296176E+03	2.347493E-18	1.007682E-18
8.296376E+03	2.348199E-18	1.007447E-18
8.296977E+03	2.346159E-18	1.008232E-18
8.297577E+03	2.344040E-18	1.007761E-18
8.298377E+03	2.342314E-18	1.007682E-18
8.298577E+03	2.340823E-18	1.002504E-18
8.298777E+03	2.337920E-18	1.000385E-18
8.299177E+03	2.334076E-18	9.996792E-19
8.299777E+03	2.332506E-18	1.000542E-18
8.299977E+03	2.330231E-18	9.958346E-19
8.300176E+03	2.330545E-18	9.930885E-19
8.300776E+03	2.333369E-18	9.947362E-19
8.300977E+03	2.334625E-18	9.997577E-19
8.301176E+03	2.332193E-18	9.982669E-19
8.301376E+03	2.329996E-18	9.985023E-19
8.301576E+03	2.328662E-18	9.931669E-19
8.301777E+03	2.324346E-18	9.888515E-19
8.301977E+03	2.319639E-18	9.888515E-19
8.302177E+03	2.317520E-18	9.886946E-19
8.302377E+03	2.316893E-18	9.886161E-19
8.302577E+03	2.317834E-18	9.879100E-19
8.302777E+03	2.318540E-18	9.905777E-19
8.302977E+03	2.317363E-18	9.944223E-19
8.303177E+03	2.313676E-18	9.941869E-19
8.303377E+03	2.311165E-18	9.948931E-19
8.303577E+03	2.309360E-18	9.974038E-19
8.303977E+03	2.309909E-18	9.958346E-19
8.304177E+03	2.312969E-18	9.920685E-19
8.304377E+03	2.315088E-18	9.934808E-19
8.304577E+03	2.314539E-18	9.934023E-19
8.304777E+03	2.314774E-18	9.938731E-19
8.304977E+03	2.316108E-18	9.931669E-19
8.305177E+03	2.318854E-18	9.928531E-19
8.305377E+03	2.320973E-18	9.922254E-19
8.305577E+03	2.320266E-18	9.828100E-19
8.305777E+03	2.320973E-18	9.819469E-19
8.305977E+03	2.318854E-18	9.808484E-19
8.306177E+03	2.315088E-18	9.767684E-19
8.306377E+03	2.314539E-18	9.715115E-19
8.306577E+03	2.313676E-18	9.727669E-19
8.306777E+03	2.313833E-18	9.730807E-19
8.306978E+03	2.312891E-18	9.628807E-19
8.307178E+03	2.308576E-18	9.635084E-19
8.307378E+03	2.307948E-18	9.662546E-19
8.307578E+03	2.309596E-18	9.672746E-19
8.307778E+03	2.306614E-18	9.617038E-19
8.307978E+03	2.302769E-18	9.587223E-19
8.308178E+03	2.298454E-18	9.587223E-19
8.308378E+03	2.291236E-18	9.573100E-19
8.308578E+03	2.284802E-18	9.557407E-19
8.308778E+03	2.283546E-18	9.542500E-19
8.308978E+03	2.285116E-18	9.524453E-19
8.309178E+03	2.286057E-18	9.534653E-19
8.309378E+03	2.285508E-18	9.540930E-19
8.309578E+03	2.285822E-18	9.540146E-19
8.309778E+03	2.286528E-18	9.558192E-19
8.309978E+03	2.285508E-18	9.558977E-19
8.310178E+03	2.283703E-18	9.553484E-19
8.310378E+03	2.282056E-18	9.549561E-19
8.310578E+03	2.279937E-18	9.540930E-19
8.310778E+03	2.278682E-18	9.537007E-19
8.311378E+03	2.278525E-18	9.515823E-19
8.311578E+03	2.278603E-18	9.495423E-19
8.311778E+03	2.281820E-18	9.490715E-19
8.311978E+03	2.287469E-18	9.472669E-19
8.312779E+03	2.292020E-18	9.451484E-19
8.312978E+03	2.293276E-18	9.476592E-19
8.313178E+03	2.296022E-18	9.516607E-19
8.313379E+03	2.300259E-18	9.505623E-19
8.313578E+03	2.303476E-18	9.526023E-19
8.313978E+03	2.306771E-18	9.499346E-19
8.314178E+03	2.307634E-18	9.493853E-19
8.314378E+03	2.305045E-18	9.459330E-19
8.314578E+03	2.304182E-18	9.448346E-19
8.314778E+03	2.302377E-18	9.346346E-19
8.314978E+03	2.297277E-18	9.337715E-19
8.315178E+03	2.292569E-18	9.282792E-19
8.315378E+03	2.289509E-18	9.266315E-19
8.315578E+03	2.289196E-18	9.305546E-19
8.315778E+03	2.289745E-18	9.307899E-19
8.315978E+03	2.289196E-18	9.320453E-19
8.316178E+03	2.286685E-18	9.266315E-19
8.316378E+03	2.281585E-18	9.238069E-19
8.316578E+03	2.275229E-18	9.245130E-19
8.316778E+03	2.271542E-18	9.258469E-19
8.316978E+03	2.272013E-18	9.155684E-19
8.317179E+03	2.271542E-18	9.075653E-19
8.317379E+03	2.268403E-18	9.004253E-19
8.317579E+03	2.271071E-18	9.005038E-19
8.317779E+03	2.276956E-18	9.045053E-19
8.317979E+03	2.279388E-18	9.062315E-19
8.318179E+03	2.284409E-18	9.033284E-19
8.318379E+03	2.288176E-18	9.025438E-19
8.318579E+03	2.287156E-18	9.007392E-19
8.318779E+03	2.288254E-18	9.112530E-19
8.318979E+03	2.292099E-18	9.135284E-19
8.319179E+03	2.296806E-18	9.144699E-19
8.319379E+03	2.299553E-18	9.111745E-19
8.319579E+03	2.298689E-18	9.062315E-19
8.319779E+03	2.295237E-18	9.056038E-19
8.319979E+03	2.292334E-18	9.023868E-19
8.320179E+03	2.293197E-18	9.001899E-19
8.320379E+03	2.291706E-18	8.983068E-19
8.320579E+03	2.291000E-18	8.984638E-19
8.320779E+03	2.294374E-18	8.982284E-19
8.320979E+03	2.294609E-18	8.997192E-19
8.321179E+03	2.291236E-18	9.037992E-19
8.321379E+03	2.288176E-18	9.033284E-19
8.321579E+03	2.293982E-18	9.027007E-19
8.321779E+03	2.291942E-18	9.024653E-19
8.321979E+03	2.290373E-18	9.014453E-19
8.322179E+03	2.297356E-18	9.004253E-19
8.322380E+03	2.300416E-18	8.992484E-19
8.322580E+03	2.295943E-18	8.980715E-19
8.322780E+03	2.293511E-18	8.965807E-19
8.322980E+03	2.296963E-18	8.950115E-19
8.323180E+03	2.301436E-18	8.935991E-19
8.323380E+03	2.302299E-18	8.919515E-19
8.323580E+03	2.302377E-18	8.901468E-19
8.323780E+03	2.307477E-18	8.884991E-19
8.323980E+03	2.312028E-18	8.887345E-19
8.324180E+03	2.309909E-18	8.877145E-19
8.324380E+03	2.303633E-18	8.874007E-19
8.324580E+03	2.298925E-18	8.855961E-19
8.324780E+03	2.299160E-18	8.852822E-19
8.324980E+03	2.299709E-18	8.866945E-19
8.325180E+03	2.298689E-18	8.892838E-19
8.325380E+03	2.297905E-18	8.897545E-19
8.325579E+03	2.298846E-18	8.818299E-19
8.325780E+03	2.302377E-18	8.786914E-19
8.325979E+03	2.303868E-18	8.699822E-19
8.326180E+03	2.302142E-18	8.585268E-19
8.326379E+03	2.300965E-18	8.619007E-19
8.326579E+03	2.299553E-18	8.615084E-19
8.326779E+03	2.296179E-18	8.697468E-19
8.326979E+03	2.293589E-18	8.703745E-19
8.327179E+03	2.293040E-18	8.674714E-19
8.327379E+03	2.291236E-18	8.657453E-19
8.327580E+03	2.290451E-18	8.666084E-19
8.327780E+03	2.294766E-18	8.690407E-19
8.327980E+03	2.299709E-18	8.706884E-19
8.328180E+03	2.299945E-18	8.710022E-19
8.328380E+03	2.292413E-18	8.680991E-19
8.328580E+03	2.287156E-18	8.683345E-19
8.328780E+03	2.287705E-18	8.667653E-19
8.328980E+03	2.288019E-18	8.638622E-19
8.329180E+03	2.286685E-18	8.644899E-19
8.329380E+03	2.287705E-18	8.593899E-19
8.329580E+03	2.287548E-18	8.587622E-19
8.329780E+03	2.283389E-18	8.487976E-19
8.329980E+03	2.282840E-18	8.611160E-19
8.330180E+03	2.284880E-18	8.845761E-19
8.330380E+03	2.284645E-18	8.864591E-19
8.330580E+03	2.283233E-18	8.913238E-19
8.330780E+03	2.281428E-18	8.904607E-19
8.330980E+03	2.279702E-18	8.928930E-19
8.331180E+03	2.279545E-18	8.929715E-19
8.331380E+03	2.285351E-18	8.953253E-19
8.331580E+03	2.287469E-18	8.850468E-19
8.331780E+03	2.284880E-18	8.840268E-19
8.331980E+03	2.285429E-18	8.815945E-19
8.332180E+03	2.285979E-18	8.807314E-19
8.332380E+03	2.286528E-18	8.782991E-19
8.332581E+03	2.290608E-18	8.702176E-19
8.332781E+03	2.291314E-18	8.670007E-19
8.332981E+03	2.293276E-18	8.558591E-19
8.333181E+03	2.295394E-18	8.549960E-19
8.333381E+03	2.297434E-18	8.621360E-19
8.333581E+03	2.301279E-18	8.634699E-19
8.333781E+03	2.301985E-18	8.653530E-19
8.333981E+03	2.296728E-18	8.456591E-19
8.334181E+03	2.297905E-18	8.452668E-19
8.334381E+03	2.303711E-18	8.466791E-19
8.334581E+03	2.304182E-18	8.414222E-19
8.334781E+03	2.301279E-18	8.253376E-19
8.334981E+03	2.299239E-18	8.249453E-19
8.335181E+03	2.297277E-18	8.223560E-19
8.335381E+03	2.297748E-18	8.223560E-19
8.335581E+03	2.300886E-18	8.223560E-19
8.335781E+03	2.301043E-18	8.218852E-19
8.335981E+03	2.296571E-18	8.203160E-19
8.336181E+03	2.294374E-18	8.058791E-19
8.336381E+03	2.291863E-18	8.058791E-19
8.336581E+03	2.290373E-18	7.990529E-19
8.336781E+03	2.292569E-18	7.989745E-19
8.336981E+03	2.297748E-18	7.985822E-19
8.337181E+03	2.304103E-18	7.916775E-19
8.337381E+03	2.309125E-18	7.908929E-19
8.337581E+03	2.310380E-18	7.906575E-19
8.337782E+03	2.310302E-18	7.893237E-19
8.337982E+03	2.309988E-18	7.851652E-19
8.338182E+03	2.308262E-18	7.844591E-19
8.338381E+03	2.307634E-18	7.864206E-19
8.338582E+03	2.309831E-18	7.879114E-19
8.338781E+03	2.309909E-18	7.878329E-19
8.338981E+03	2.309360E-18	7.873621E-19
8.339182E+03	2.313597E-18	7.874406E-19
8.339381E+03	2.317442E-18	7.874406E-19
8.339581E+03	2.320502E-18	7.833606E-19
8.339781E+03	2.319403E-18	7.826388E-19
8.339981E+03	2.315166E-18	7.775623E-19
8.340181E+03	2.313205E-18	7.729880E-19
8.340381E+03	2.313833E-18	7.731057E-19
8.340581E+03	2.315480E-18	7.719601E-19
8.340781E+03	2.313048E-18	7.583235E-19
8.340981E+03	2.309674E-18	7.493161E-19
8.341181E+03	2.309125E-18	7.485550E-19
8.341381E+03	2.313048E-18	7.412189E-19
8.341581E+03	2.318305E-18	7.411326E-19
8.341781E+03	2.317049E-18	7.398536E-19
8.341981E+03	2.311793E-18	7.401989E-19
8.342181E+03	2.311479E-18	7.426547E-19
8.342381E+03	2.311949E-18	7.426469E-19
8.342581E+03	2.311479E-18	7.422232E-19
8.342781E+03	2.310773E-18	7.437140E-19
8.342982E+03	2.311243E-18	7.441847E-19
8.343182E+03	2.315009E-18	7.442161E-19
8.343382E+03	2.316657E-18	7.436120E-19
8.343582E+03	2.317285E-18	7.434707E-19
8.343782E+03	2.319796E-18	7.435570E-19
8.343982E+03	2.321757E-18	7.491278E-19
8.345782E+03	2.321993E-18	7.491827E-19
8.345982E+03	2.319639E-18	7.459266E-19
8.346182E+03	2.316814E-18	7.411875E-19
8.346982E+03	2.314460E-18	7.524781E-19
8.347182E+03	2.314931E-18	7.651967E-19
8.347382E+03	2.320266E-18	7.714658E-19
8.347582E+03	2.322856E-18	7.723132E-19
8.347782E+03	2.321129E-18	7.721484E-19
8.347983E+03	2.317913E-18	7.737334E-19
8.348183E+03	2.314539E-18	7.741963E-19
8.348383E+03	2.315323E-18	7.737883E-19
8.348583E+03	2.313911E-18	7.731371E-19
8.348783E+03	2.311086E-18	7.705478E-19
8.348983E+03	2.310929E-18	7.718503E-19
8.349183E+03	2.311165E-18	7.758754E-19
8.349383E+03	2.312734E-18	7.729880E-19
8.349583E+03	2.314460E-18	7.706734E-19
8.349783E+03	2.315637E-18	7.701869E-19
8.349983E+03	2.314931E-18	7.662246E-19
8.350183E+03	2.315716E-18	7.662717E-19
8.350383E+03	2.316971E-18	7.675427E-19
8.350583E+03	2.317991E-18	7.734352E-19
8.350783E+03	2.319953E-18	7.750437E-19
8.350983E+03	2.320423E-18	7.824426E-19
8.351183E+03	2.320737E-18	7.859498E-19
8.351382E+03	2.323091E-18	7.857929E-19
8.351583E+03	2.327485E-18	7.851652E-19
8.351782E+03	2.330545E-18	7.887745E-19
8.351983E+03	2.331251E-18	7.879114E-19
8.352183E+03	2.332036E-18	7.865775E-19
8.352382E+03	2.334625E-18	7.851652E-19
8.352582E+03	2.336743E-18	7.861068E-19
8.352782E+03	2.335488E-18	7.913637E-19
8.352982E+03	2.338077E-18	7.930898E-19
8.353783E+03	2.338862E-18	7.966206E-19
8.353983E+03	2.331565E-18	7.964637E-19
8.354983E+03	2.327642E-18	7.967775E-19
8.355183E+03	2.332036E-18	7.974837E-19
8.355383E+03	2.341686E-18	7.988960E-19
8.355583E+03	2.345688E-18	7.983468E-19
8.355783E+03	2.341373E-18	7.949729E-19
8.355983E+03	2.340745E-18	7.949729E-19
8.356183E+03	2.342942E-18	7.955222E-19
8.356383E+03	2.346394E-18	7.955222E-19
8.356583E+03	2.345923E-18	7.956006E-19
8.356783E+03	2.346316E-18	7.959145E-19
8.356983E+03	2.347257E-18	7.975622E-19
8.357183E+03	2.346002E-18	7.988960E-19
8.357383E+03	2.344589E-18	7.992883E-19
8.357583E+03	2.349925E-18	7.993668E-19
8.357783E+03	2.358242E-18	7.977975E-19
8.357983E+03	2.354476E-18	7.974052E-19
8.358184E+03	2.354711E-18	7.967775E-19
8.358384E+03	2.358791E-18	7.948160E-19
8.358584E+03	2.364597E-18	7.946591E-19
8.358784E+03	2.367736E-18	7.951298E-19
8.358984E+03	2.370717E-18	7.941883E-19
8.359184E+03	2.376837E-18	7.978760E-19
8.359384E+03	2.380211E-18	8.077622E-19
8.359584E+03	2.377779E-18	8.055652E-19
8.359784E+03	2.374091E-18	8.192960E-19
8.359984E+03	2.373306E-18	8.247883E-19
8.360184E+03	2.375346E-18	8.244745E-19
8.360384E+03	2.377465E-18	8.340468E-19
8.360584E+03	2.377230E-18	8.350668E-19
8.360784E+03	2.373071E-18	8.352237E-19
8.360984E+03	2.370325E-18	8.336545E-19
8.361184E+03	2.371031E-18	8.342037E-19
8.361384E+03	2.375346E-18	8.293391E-19
8.361584E+03	2.377622E-18	8.354591E-19
8.361784E+03	2.375660E-18	8.448745E-19
8.361984E+03	2.377543E-18	8.497391E-19
8.362184E+03	2.380839E-18	8.517791E-19
8.362384E+03	2.381859E-18	8.515437E-19
8.362584E+03	2.381153E-18	8.466791E-19
8.362784E+03	2.378799E-18	8.458945E-19
8.362984E+03	2.376916E-18	8.433053E-19
8.363184E+03	2.376680E-18	8.409514E-19
8.363385E+03	2.376288E-18	8.406376E-19
8.363585E+03	2.374483E-18	8.364006E-19
8.363785E+03	2.372522E-18	8.338114E-19
8.363985E+03	2.370246E-18	8.363222E-19
8.364184E+03	2.366794E-18	8.369499E-19
8.364385E+03	2.366402E-18	8.369499E-19
8.365584E+03	2.368128E-18	8.218852E-19
8.365784E+03	2.367971E-18	8.187468E-19
8.365984E+03	2.366794E-18	8.158437E-19
8.366384E+03	2.363891E-18	8.215714E-19
8.366584E+03	2.361380E-18	8.281622E-19
8.366984E+03	2.360910E-18	8.296529E-19
8.367184E+03	2.361223E-18	8.387545E-19
8.367384E+03	2.362322E-18	8.470714E-19
8.367584E+03	2.362165E-18	8.521714E-19
8.367784E+03	2.361066E-18	8.522499E-19
8.367984E+03	2.362557E-18	8.531914E-19
8.368184E+03	2.362479E-18	8.509945E-19
8.368384E+03	2.361537E-18	8.458160E-19
8.368585E+03	2.362165E-18	8.508376E-19
8.368785E+03	2.364754E-18	8.530345E-19
8.368985E+03	2.365146E-18	8.528776E-19
8.369185E+03	2.364362E-18	8.530345E-19
8.369385E+03	2.367343E-18	8.529560E-19
8.369585E+03	2.375817E-18	8.528776E-19
8.369785E+03	2.382251E-18	8.539760E-19
8.369985E+03	2.382643E-18	8.562514E-19
8.370185E+03	2.382722E-18	8.589976E-19
8.370385E+03	2.382486E-18	8.619791E-19
8.370585E+03	2.377857E-18	8.613514E-19
8.370785E+03	2.382800E-18	8.660591E-19
8.370985E+03	2.383663E-18	8.670791E-19
8.371185E+03	2.380603E-18	8.676284E-19
8.371385E+03	2.380133E-18	8.673930E-19
8.371585E+03	2.378642E-18	8.664514E-19
8.371785E+03	2.376053E-18	8.695899E-19
8.371985E+03	2.375268E-18	8.742191E-19
8.372185E+03	2.372914E-18	8.730422E-19
8.372385E+03	2.371894E-18	8.710807E-19
8.372585E+03	2.373385E-18	8.784561E-19
8.372785E+03	2.374170E-18	8.884207E-19
8.372985E+03	2.374954E-18	8.882638E-19
8.373185E+03	2.376602E-18	8.893622E-19
8.373385E+03	2.380133E-18	8.913238E-19
8.373586E+03	2.381466E-18	8.871653E-19
8.373786E+03	2.378485E-18	8.893622E-19
8.373986E+03	2.377386E-18	8.973653E-19
8.374186E+03	2.376210E-18	9.016022E-19
8.374386E+03	2.373463E-18	9.055253E-19
8.374586E+03	2.372130E-18	9.091345E-19
8.374786E+03	2.373777E-18	9.125084E-19
8.374986E+03	2.375111E-18	9.155684E-19
8.375186E+03	2.373306E-18	9.175299E-19
8.375386E+03	2.367343E-18	9.193346E-19
8.375586E+03	2.364676E-18	9.209038E-19
8.375786E+03	2.366480E-18	9.205899E-19
8.375986E+03	2.362557E-18	9.207469E-19
8.376186E+03	2.356751E-18	9.211392E-19
8.376386E+03	2.356045E-18	9.194130E-19
8.376585E+03	2.357771E-18	9.193346E-19
8.376785E+03	2.362165E-18	9.193346E-19
8.376986E+03	2.361302E-18	9.223946E-19
8.377185E+03	2.361930E-18	9.110176E-19
8.377386E+03	2.363342E-18	8.914022E-19
8.377585E+03	2.359576E-18	8.877930E-19
8.377785E+03	2.354476E-18	8.865376E-19
8.377985E+03	2.350553E-18	8.772791E-19
8.378185E+03	2.350788E-18	8.782207E-19
8.378385E+03	2.352200E-18	8.894407E-19
8.378585E+03	2.346551E-18	8.873222E-19
8.378786E+03	2.340902E-18	8.859099E-19
8.378986E+03	2.338469E-18	8.849684E-19
8.379186E+03	2.339019E-18	8.848899E-19
8.379386E+03	2.342000E-18	8.848115E-19
8.379586E+03	2.343334E-18	8.846545E-19
8.379786E+03	2.343334E-18	8.853607E-19
8.380186E+03	2.343726E-18	8.867730E-19
8.380386E+03	2.343883E-18	8.877930E-19
8.380586E+03	2.343805E-18	8.914022E-19
8.380786E+03	2.344903E-18	8.853607E-19
8.380986E+03	2.348670E-18	8.808099E-19
8.381186E+03	2.354162E-18	8.784561E-19
8.381386E+03	2.359262E-18	8.755530E-19
8.381986E+03	2.357928E-18	8.849684E-19
8.382186E+03	2.354319E-18	8.903038E-19
8.383186E+03	2.349611E-18	8.940699E-19
8.383386E+03	2.344903E-18	8.972084E-19
8.383987E+03	2.339411E-18	8.986207E-19
8.384787E+03	2.335488E-18	8.997192E-19
8.384987E+03	2.337842E-18	9.049761E-19
8.385187E+03	2.338469E-18	9.096838E-19
8.385387E+03	2.332585E-18	9.110176E-19
8.385587E+03	2.327956E-18	9.114099E-19
8.385787E+03	2.331722E-18	9.114099E-19
8.385987E+03	2.331800E-18	9.156469E-19
8.386187E+03	2.327014E-18	9.194130E-19
8.386387E+03	2.330780E-18	9.193346E-19
8.386587E+03	2.333213E-18	9.193346E-19
8.386787E+03	2.337057E-18	9.198838E-19
8.386987E+03	2.341922E-18	9.198838E-19
8.387187E+03	2.346943E-18	9.201192E-19
8.387387E+03	2.348356E-18	9.197269E-19
8.387587E+03	2.347414E-18	9.222376E-19
8.387787E+03	2.343020E-18	9.241207E-19
8.387987E+03	2.337920E-18	9.218453E-19
8.388187E+03	2.333605E-18	9.225515E-19
8.388387E+03	2.335096E-18	9.245130E-19
8.388587E+03	2.332193E-18	9.252976E-19
8.388787E+03	2.331329E-18	9.267884E-19
8.388988E+03	2.331565E-18	9.308684E-19
8.389188E+03	2.330702E-18	9.456192E-19
8.389388E+03	2.328426E-18	9.464823E-19
8.389587E+03	2.330309E-18	9.486792E-19
8.389788E+03	2.335253E-18	9.495423E-19
8.389987E+03	2.338862E-18	9.591930E-19
8.390188E+03	2.341059E-18	9.692361E-19
8.390388E+03	2.342549E-18	9.711977E-19
8.390587E+03	2.343099E-18	9.719038E-19
8.390787E+03	2.340039E-18	9.748069E-19
8.391187E+03	2.336665E-18	9.768469E-19
8.391387E+03	2.333369E-18	9.773961E-19
8.391587E+03	2.333291E-18	9.778669E-19
8.391787E+03	2.331565E-18	9.777884E-19
8.391987E+03	2.328740E-18	9.771608E-19
8.392187E+03	2.326622E-18	9.777100E-19
8.392387E+03	2.325053E-18	9.795146E-19
8.392587E+03	2.321365E-18	9.788869E-19
8.392787E+03	2.317756E-18	9.985023E-19
8.392987E+03	2.316029E-18	9.988162E-19
8.393187E+03	2.316186E-18	9.999931E-19
8.393387E+03	2.317442E-18	1.010978E-18
8.393587E+03	2.319953E-18	1.016548E-18
8.393787E+03	2.322777E-18	1.012861E-18
8.393987E+03	2.322463E-18	1.019373E-18
8.394188E+03	2.320816E-18	1.019059E-18
8.394388E+03	2.322463E-18	1.025728E-18
8.394588E+03	2.324111E-18	1.021884E-18
8.394788E+03	2.322463E-18	1.015607E-18
8.394988E+03	2.316814E-18	1.019216E-18
8.395188E+03	2.314617E-18	1.023610E-18
8.395388E+03	2.316422E-18	1.024159E-18
8.395588E+03	2.317756E-18	1.031456E-18
8.395788E+03	2.313911E-18	1.033339E-18
8.395988E+03	2.310616E-18	1.034202E-18
8.396188E+03	2.310066E-18	1.033888E-18
8.396388E+03	2.308183E-18	1.032476E-18
8.396588E+03	2.310851E-18	1.034202E-18
8.396788E+03	2.316893E-18	1.031456E-18
8.396988E+03	2.313126E-18	1.038596E-18
8.397188E+03	2.308889E-18	1.042362E-18
8.397388E+03	2.314539E-18	1.042676E-18
8.397588E+03	2.311322E-18	1.043068E-18
8.397788E+03	2.307477E-18	1.043853E-18
8.397988E+03	2.307477E-18	1.042912E-18
8.398188E+03	2.302769E-18	1.038439E-18
8.398388E+03	2.297277E-18	1.037419E-18
8.398588E+03	2.300886E-18	1.031927E-18
8.398988E+03	2.302142E-18	1.028161E-18
8.399188E+03	2.295943E-18	1.030985E-18
8.399389E+03	2.291628E-18	1.036164E-18
8.401189E+03	2.286999E-18	1.033653E-18
8.401389E+03	2.284174E-18	1.037968E-18
8.401589E+03	2.284096E-18	1.040322E-18
8.401789E+03	2.283939E-18	1.039773E-18
8.401989E+03	2.285351E-18	1.037105E-18
8.402189E+03	2.287313E-18	1.032790E-18
8.402388E+03	2.282526E-18	1.030358E-18
8.402588E+03	2.283154E-18	1.026827E-18
8.402789E+03	2.287862E-18	1.027219E-18
8.402988E+03	2.288960E-18	1.029652E-18
8.403189E+03	2.289823E-18	1.029338E-18
8.403388E+03	2.292099E-18	1.028082E-18
8.403588E+03	2.291942E-18	1.028082E-18
8.403788E+03	2.286449E-18	1.027768E-18
8.403988E+03	2.284880E-18	1.027768E-18
8.404188E+03	2.285429E-18	1.027768E-18
8.404389E+03	2.282291E-18	1.029416E-18
8.404589E+03	2.283389E-18	1.029652E-18
8.404789E+03	2.282840E-18	1.028867E-18
8.404989E+03	2.281114E-18	1.030750E-18
8.405189E+03	2.283389E-18	1.030828E-18
8.405389E+03	2.285508E-18	1.030593E-18
8.405589E+03	2.287862E-18	1.030515E-18
8.405789E+03	2.287705E-18	1.032084E-18
8.405989E+03	2.280565E-18	1.033025E-18
8.406189E+03	2.276642E-18	1.041185E-18
8.406389E+03	2.273503E-18	1.042755E-18
8.406589E+03	2.270600E-18	1.042441E-18
8.406789E+03	2.269188E-18	1.042755E-18
8.406989E+03	2.259616E-18	1.046756E-18
8.407189E+03	2.258439E-18	1.039773E-18
8.407389E+03	2.258439E-18	1.036242E-18
8.407589E+03	2.255614E-18	1.034359E-18
8.407789E+03	2.248396E-18	1.024238E-18
8.407989E+03	2.247376E-18	1.018667E-18
8.408189E+03	2.250200E-18	1.020001E-18
8.408389E+03	2.245728E-18	1.012312E-18
8.408589E+03	2.242040E-18	1.010899E-18
8.408789E+03	2.239137E-18	1.010821E-18
8.408989E+03	2.236156E-18	1.014038E-18
8.409189E+03	2.237725E-18	1.013410E-18
8.409389E+03	2.234351E-18	1.013410E-18
8.409590E+03	2.227839E-18	1.008075E-18
8.409790E+03	2.225014E-18	9.988946E-19
8.409990E+03	2.222817E-18	9.970900E-19
8.410190E+03	2.223366E-18	1.000778E-18
8.410390E+03	2.221876E-18	1.000150E-18
8.410590E+03	2.218894E-18	1.003759E-18
8.410790E+03	2.218345E-18	1.007290E-18
8.410990E+03	2.218972E-18	1.010428E-18
8.411190E+03	2.218188E-18	1.010507E-18
8.411390E+03	2.217246E-18	1.010664E-18
8.411590E+03	2.216462E-18	1.012076E-18
8.411790E+03	2.216697E-18	1.015058E-18
8.411990E+03	2.218109E-18	1.017490E-18
8.412190E+03	2.221405E-18	1.023845E-18
8.412390E+03	2.222425E-18	1.029338E-18
8.412590E+03	2.220856E-18	1.030985E-18
8.412790E+03	2.221326E-18	1.030672E-18
8.412990E+03	2.223759E-18	1.031770E-18
8.413190E+03	2.224465E-18	1.026592E-18
8.413390E+03	2.225328E-18	1.022590E-18
8.413590E+03	2.228702E-18	1.021178E-18
8.413790E+03	2.235057E-18	1.017647E-18
8.413990E+03	2.240314E-18	1.009801E-18
8.414190E+03	2.243452E-18	1.006270E-18
8.414390E+03	2.248396E-18	1.007290E-18
8.414590E+03	2.248788E-18	1.006898E-18
8.414791E+03	2.245728E-18	1.007918E-18
8.414990E+03	2.247140E-18	1.013645E-18
8.415191E+03	2.247846E-18	1.012704E-18
8.415990E+03	2.247297E-18	1.013332E-18
8.416191E+03	2.246120E-18	1.014273E-18
8.416390E+03	2.244865E-18	1.014901E-18
8.417590E+03	2.246277E-18	1.015372E-18
8.417790E+03	2.246042E-18	1.015764E-18
8.417990E+03	2.246826E-18	1.014508E-18
8.418190E+03	2.247140E-18	1.011762E-18
8.418590E+03	2.245806E-18	1.008545E-18
8.418790E+03	2.245022E-18	1.004622E-18
8.418990E+03	2.240471E-18	1.004622E-18
8.419190E+03	2.235292E-18	1.001248E-18
8.419390E+03	2.231291E-18	1.000856E-18
8.419590E+03	2.229094E-18	1.004701E-18
8.419791E+03	2.230585E-18	1.004073E-18
8.419991E+03	2.234272E-18	1.006976E-18
8.420191E+03	2.237332E-18	1.002190E-18
8.420391E+03	2.239372E-18	9.993654E-19
8.420591E+03	2.240549E-18	1.000385E-18
8.420791E+03	2.238666E-18	1.001327E-18
8.420991E+03	2.237254E-18	9.981885E-19
8.421191E+03	2.235449E-18	9.941869E-19
8.421391E+03	2.231683E-18	1.000699E-18
8.421591E+03	2.229251E-18	1.002582E-18
8.421791E+03	2.224700E-18	1.001092E-18
8.421991E+03	2.219914E-18	1.000228E-18
8.422191E+03	2.216932E-18	9.985023E-19
8.422391E+03	2.218502E-18	9.860269E-19
8.422591E+03	2.221954E-18	9.773961E-19
8.422791E+03	2.223445E-18	9.697069E-19
8.422991E+03	2.224700E-18	9.628807E-19
8.423191E+03	2.226112E-18	9.569177E-19
8.423391E+03	2.225799E-18	9.517392E-19
8.423591E+03	2.223759E-18	9.482084E-19
8.423791E+03	2.220856E-18	9.452269E-19
8.423991E+03	2.218345E-18	9.428730E-19
8.424191E+03	2.217717E-18	9.428730E-19
8.424391E+03	2.219600E-18	9.427946E-19
8.424591E+03	2.220463E-18	9.429515E-19
8.424791E+03	2.219208E-18	9.424023E-19
8.424992E+03	2.219286E-18	9.439715E-19
8.425192E+03	2.217717E-18	9.440500E-19
8.425392E+03	2.219600E-18	9.407546E-19
8.425592E+03	2.222660E-18	9.405976E-19
8.425792E+03	2.221797E-18	9.385576E-19
8.425992E+03	2.220699E-18	9.484438E-19
8.426192E+03	2.220385E-18	9.474238E-19
8.426392E+03	2.220071E-18	9.477377E-19
8.426592E+03	2.219836E-18	9.476592E-19
8.426792E+03	2.220934E-18	9.372238E-19
8.426992E+03	2.223759E-18	9.460900E-19
8.427192E+03	2.224229E-18	9.497777E-19
8.427392E+03	2.223052E-18	9.503269E-19
8.427592E+03	2.223837E-18	9.501700E-19
8.427791E+03	2.224386E-18	9.538577E-19
8.427992E+03	2.225799E-18	9.540146E-19
8.428192E+03	2.227054E-18	9.544854E-19
8.428391E+03	2.229486E-18	9.639007E-19
8.428592E+03	2.230899E-18	9.664900E-19
8.428791E+03	2.227917E-18	9.660192E-19
8.428992E+03	2.224779E-18	9.805346E-19
8.429191E+03	2.225642E-18	9.813192E-19
8.429391E+03	2.226269E-18	9.817115E-19
8.429591E+03	2.224857E-18	9.831238E-19
8.432192E+03	2.223759E-18	9.760623E-19
8.432792E+03	2.223288E-18	9.709623E-19
8.432992E+03	2.225720E-18	9.698638E-19
8.433192E+03	2.228388E-18	9.679807E-19
8.433392E+03	2.223366E-18	9.669607E-19
8.433592E+03	2.216619E-18	9.658623E-19
8.433792E+03	2.213166E-18	9.617823E-19
8.433992E+03	2.212696E-18	9.574669E-19
8.434192E+03	2.212852E-18	9.600561E-19
8.434392E+03	2.214971E-18	9.613115E-19
8.434592E+03	2.219051E-18	9.623315E-19
8.434792E+03	2.217011E-18	9.654700E-19
8.434992E+03	2.210891E-18	9.641361E-19
8.435193E+03	2.209243E-18	9.642930E-19
8.435393E+03	2.211048E-18	9.686084E-19
8.435593E+03	2.212068E-18	9.704915E-19
8.435793E+03	2.210812E-18	9.708838E-19
8.435993E+03	2.208380E-18	9.706484E-19
8.436193E+03	2.209792E-18	9.730807E-19
8.436393E+03	2.208145E-18	9.726884E-19
8.436593E+03	2.202260E-18	9.714331E-19
8.436793E+03	2.199357E-18	9.713546E-19
8.436993E+03	2.198808E-18	9.700207E-19
8.437193E+03	2.198729E-18	9.688438E-19
8.437393E+03	2.202103E-18	9.698638E-19
8.437593E+03	2.205869E-18	9.691577E-19
8.437793E+03	2.207125E-18	9.657838E-19
8.437993E+03	2.205163E-18	9.534653E-19
8.438193E+03	2.201397E-18	9.546423E-19
8.438393E+03	2.198729E-18	9.525238E-19
8.438593E+03	2.193551E-18	9.526023E-19
8.438793E+03	2.192217E-18	9.439715E-19
8.438993E+03	2.194649E-18	9.350269E-19
8.439193E+03	2.195042E-18	9.336146E-19
8.439393E+03	2.193551E-18	9.370669E-19
8.439993E+03	2.195356E-18	9.377730E-19
8.440193E+03	2.200926E-18	9.351053E-19
8.440394E+03	2.204457E-18	9.342423E-19
8.440594E+03	2.206340E-18	9.374592E-19
8.440793E+03	2.207674E-18	9.380084E-19
8.440994E+03	2.209400E-18	9.376946E-19
8.441193E+03	2.207282E-18	9.394207E-19
8.441394E+03	2.202731E-18	9.403623E-19
8.441594E+03	2.202731E-18	9.398915E-19
8.441793E+03	2.202888E-18	9.190992E-19
8.441993E+03	2.202966E-18	9.186284E-19
8.442193E+03	2.202731E-18	9.173730E-19
8.442393E+03	2.203437E-18	9.071730E-19
8.442593E+03	2.203359E-18	9.103115E-19
8.442793E+03	2.203359E-18	9.162746E-19
8.442993E+03	2.204300E-18	9.090561E-19
8.443193E+03	2.203751E-18	9.081930E-19
8.443393E+03	2.201005E-18	9.038776E-19
8.443593E+03	2.199592E-18	9.017592E-19
8.443793E+03	2.200456E-18	9.008961E-19
8.443993E+03	2.200456E-18	8.906176E-19
8.444193E+03	2.199906E-18	8.849684E-19
8.444393E+03	2.200534E-18	8.844976E-19
8.444593E+03	2.201162E-18	8.775930E-19
8.444793E+03	2.201711E-18	8.754745E-19
8.444993E+03	2.202103E-18	8.755530E-19
8.445193E+03	2.202652E-18	8.743761E-19
8.445393E+03	2.205006E-18	8.743761E-19
8.445594E+03	2.207517E-18	8.716299E-19
8.445794E+03	2.208459E-18	8.707668E-19
8.445994E+03	2.208851E-18	8.610376E-19
8.446194E+03	2.207360E-18	8.588407E-19
8.446394E+03	2.207439E-18	8.642545E-19
8.446594E+03	2.206340E-18	8.642545E-19
8.446794E+03	2.206419E-18	8.635484E-19
8.446994E+03	2.210656E-18	8.658237E-19
8.447194E+03	2.211754E-18	8.658237E-19
8.447394E+03	2.213559E-18	8.677853E-19
8.447594E+03	2.217403E-18	8.684130E-19
8.447794E+03	2.222189E-18	8.685699E-19
8.447994E+03	2.225799E-18	8.645684E-19
8.448194E+03	2.227603E-18	8.578207E-19
8.448394E+03	2.231605E-18	8.579776E-19
8.448594E+03	2.235528E-18	8.531914E-19
8.448794E+03	2.236705E-18	8.506807E-19
8.448994E+03	2.237411E-18	8.502883E-19
8.449194E+03	2.238039E-18	8.516222E-19
8.449394E+03	2.235292E-18	8.513868E-19
8.449594E+03	2.234822E-18	8.485622E-19
8.449794E+03	2.234586E-18	8.481699E-19
8.449994E+03	2.234116E-18	8.468360E-19
8.450194E+03	2.228388E-18	8.441683E-19
8.450394E+03	2.221405E-18	8.453453E-19
8.450595E+03	2.225406E-18	8.454237E-19
8.450795E+03	2.224465E-18	8.471499E-19
8.450995E+03	2.222346E-18	8.503668E-19
8.451195E+03	2.221326E-18	8.504453E-19
8.451395E+03	2.223366E-18	8.487191E-19
8.451595E+03	2.226505E-18	8.476207E-19
8.451795E+03	2.228702E-18	8.520145E-19
8.451995E+03	2.229172E-18	8.518576E-19
8.452195E+03	2.229800E-18	8.494253E-19
8.452395E+03	2.230977E-18	8.553099E-19
8.452995E+03	2.230585E-18	8.564084E-19
8.453195E+03	2.229722E-18	8.560945E-19
8.453395E+03	2.226583E-18	8.546037E-19
8.453594E+03	2.225642E-18	8.531914E-19
8.454395E+03	2.226819E-18	8.424422E-19
8.454594E+03	2.222817E-18	8.397745E-19
8.454794E+03	2.218345E-18	8.429914E-19
8.454994E+03	2.212696E-18	8.512299E-19
8.455194E+03	2.206576E-18	8.526422E-19
8.455394E+03	2.207439E-18	8.549176E-19
8.455594E+03	2.210185E-18	8.480914E-19
8.455795E+03	2.210734E-18	8.502883E-19
8.455995E+03	2.212617E-18	8.556237E-19
8.456195E+03	2.213166E-18	8.575068E-19
8.456395E+03	2.213009E-18	8.563299E-19
8.456595E+03	2.212539E-18	8.568007E-19
8.456795E+03	2.211911E-18	8.553099E-19
8.456995E+03	2.210812E-18	8.578991E-19
8.457195E+03	2.209557E-18	8.564868E-19
8.457395E+03	2.207988E-18	8.560945E-19
8.457595E+03	2.206340E-18	8.561730E-19
8.457795E+03	2.204536E-18	8.560160E-19
8.457995E+03	2.202809E-18	8.598607E-19
8.458195E+03	2.200769E-18	8.590760E-19
8.458395E+03	2.199514E-18	8.613514E-19
8.458595E+03	2.199357E-18	8.753176E-19
8.458795E+03	2.199122E-18	8.738268E-19
8.458995E+03	2.197945E-18	8.690407E-19
8.459195E+03	2.196925E-18	8.656668E-19
8.459395E+03	2.197003E-18	8.657453E-19
8.459595E+03	2.194649E-18	8.659807E-19
8.459795E+03	2.192296E-18	8.655884E-19
8.459995E+03	2.191903E-18	8.609591E-19
8.460195E+03	2.190805E-18	8.571145E-19
8.460395E+03	2.189863E-18	8.471499E-19
8.460595E+03	2.188922E-18	8.460514E-19
8.460796E+03	2.187980E-18	8.492683E-19
8.460996E+03	2.187431E-18	8.496607E-19
8.461196E+03	2.187039E-18	8.509945E-19
8.461396E+03	2.187196E-18	8.617437E-19
8.461596E+03	2.187745E-18	8.728853E-19
8.461796E+03	2.188765E-18	8.758668E-19
8.461996E+03	2.188922E-18	8.705314E-19
8.462196E+03	2.188451E-18	8.706099E-19
8.462396E+03	2.187902E-18	8.671576E-19
8.462596E+03	2.187588E-18	8.659807E-19
8.462796E+03	2.188451E-18	8.662945E-19
8.462996E+03	2.189628E-18	8.654314E-19
8.463196E+03	2.189628E-18	8.598607E-19
8.463396E+03	2.190412E-18	8.590760E-19
8.463596E+03	2.190805E-18	8.578991E-19
8.463796E+03	2.190020E-18	8.567222E-19
8.463996E+03	2.190569E-18	8.605668E-19
8.464196E+03	2.189628E-18	8.648822E-19
8.464396E+03	2.187902E-18	8.656668E-19
8.464596E+03	2.186882E-18	8.655099E-19
8.464796E+03	2.185548E-18	8.664514E-19
8.464996E+03	2.182723E-18	8.699822E-19
8.465196E+03	2.178172E-18	8.744545E-19
8.465396E+03	2.173151E-18	8.745330E-19
8.467596E+03	2.169149E-18	8.763376E-19
8.467796E+03	2.171346E-18	8.766514E-19
8.467996E+03	2.175976E-18	8.713945E-19
8.468196E+03	2.179820E-18	8.739837E-19
8.468396E+03	2.181154E-18	8.733561E-19
8.468596E+03	2.180762E-18	8.734345E-19
8.468796E+03	2.180448E-18	8.719437E-19
8.468996E+03	2.179192E-18	8.720222E-19
8.469196E+03	2.177859E-18	8.703745E-19
8.469396E+03	2.179271E-18	8.690407E-19
8.469596E+03	2.176760E-18	8.653530E-19
8.469796E+03	2.172916E-18	8.583699E-19
8.469996E+03	2.174092E-18	8.618222E-19
8.470196E+03	2.176917E-18	8.680207E-19
8.470396E+03	2.177074E-18	8.679422E-19
8.470596E+03	2.176368E-18	8.687268E-19
8.470796E+03	2.174092E-18	8.725714E-19
8.470996E+03	2.175976E-18	8.727284E-19
8.471197E+03	2.178565E-18	8.735914E-19
8.471397E+03	2.176446E-18	8.739053E-19
8.471597E+03	2.170954E-18	8.739053E-19
8.471797E+03	2.166011E-18	8.738268E-19
8.471997E+03	2.160126E-18	8.760238E-19
8.472197E+03	2.156282E-18	8.761807E-19
8.472397E+03	2.156125E-18	8.866161E-19
8.472597E+03	2.157929E-18	8.913238E-19
8.472797E+03	2.158714E-18	9.023868E-19
8.472997E+03	2.156909E-18	9.022299E-19
8.473197E+03	2.155968E-18	9.033284E-19
8.473397E+03	2.154006E-18	9.019161E-19
8.473597E+03	2.152986E-18	9.012099E-19
8.473797E+03	2.154712E-18	9.016022E-19
8.473997E+03	2.157929E-18	9.016807E-19
8.474197E+03	2.162088E-18	9.001899E-19
8.474397E+03	2.164520E-18	8.895976E-19
8.474597E+03	2.166952E-18	8.879499E-19
8.474797E+03	2.169934E-18	8.884207E-19
8.474997E+03	2.172994E-18	8.823007E-19
8.475197E+03	2.172052E-18	8.820653E-19
8.475397E+03	2.168836E-18	8.712376E-19
8.475597E+03	2.168365E-18	8.682561E-19
8.475797E+03	2.166089E-18	8.693545E-19
8.475997E+03	2.161068E-18	8.696684E-19
8.476198E+03	2.157145E-18	8.687268E-19
8.476398E+03	2.153771E-18	8.698253E-19
8.476598E+03	2.151574E-18	8.692761E-19
8.476798E+03	2.148592E-18	8.573499E-19
8.476998E+03	2.145297E-18	8.513083E-19
8.477198E+03	2.144277E-18	8.484837E-19
8.477398E+03	2.146474E-18	8.327129E-19
8.477598E+03	2.149377E-18	8.323206E-19
8.477798E+03	2.151182E-18	8.332622E-19
8.477998E+03	2.153457E-18	8.313791E-19
8.478198E+03	2.154320E-18	8.305160E-19
8.478398E+03	2.152672E-18	8.305160E-19
8.478598E+03	2.151103E-18	8.304376E-19
8.478798E+03	2.153771E-18	8.298099E-19
8.478997E+03	2.150789E-18	8.313006E-19
8.479198E+03	2.147415E-18	8.323991E-19
8.479397E+03	2.151574E-18	8.313791E-19
8.479597E+03	2.156517E-18	8.325560E-19
8.479798E+03	2.157145E-18	8.319283E-19
8.479997E+03	2.152202E-18	8.365576E-19
8.480197E+03	2.149612E-18	8.384406E-19
8.480397E+03	2.149612E-18	8.323991E-19
8.480597E+03	2.148435E-18	8.359299E-19
8.480797E+03	2.147494E-18	8.389899E-19
8.480997E+03	2.149142E-18	8.377345E-19
8.481197E+03	2.152123E-18	8.380483E-19
8.481398E+03	2.153614E-18	8.404806E-19
8.481598E+03	2.154869E-18	8.433053E-19
8.481798E+03	2.157302E-18	8.432268E-19
8.481998E+03	2.157302E-18	8.424422E-19
8.482198E+03	2.154320E-18	8.436976E-19
8.482398E+03	2.152359E-18	8.449530E-19
8.482598E+03	2.149612E-18	8.444822E-19
8.482798E+03	2.148043E-18	8.451099E-19
8.482998E+03	2.149299E-18	8.448745E-19
8.483198E+03	2.150162E-18	8.458160E-19
8.483398E+03	2.152516E-18	8.455807E-19
8.483598E+03	2.156439E-18	8.471499E-19
8.483798E+03	2.157694E-18	8.506807E-19
8.483998E+03	2.156360E-18	8.517791E-19
8.484198E+03	2.154006E-18	8.520930E-19
8.484398E+03	2.152672E-18	8.533483E-19
8.484598E+03	2.153065E-18	8.515437E-19
8.484798E+03	2.152672E-18	8.517791E-19
8.484998E+03	2.150397E-18	8.465222E-19
8.485198E+03	2.149142E-18	8.440899E-19
8.485398E+03	2.151809E-18	8.451883E-19
8.485598E+03	2.157772E-18	8.459730E-19
8.485798E+03	2.162245E-18	8.441683E-19
8.485998E+03	2.158086E-18	8.446391E-19
8.486198E+03	2.153771E-18	8.450314E-19
8.486398E+03	2.154712E-18	8.433837E-19
8.486599E+03	2.157223E-18	8.401668E-19
8.486799E+03	2.156517E-18	8.403237E-19
8.486999E+03	2.153692E-18	8.401668E-19
8.487199E+03	2.152280E-18	8.401668E-19
8.487399E+03	2.152594E-18	8.402453E-19
8.487599E+03	2.154634E-18	8.389899E-19
8.487799E+03	2.156909E-18	8.289468E-19
8.487999E+03	2.158243E-18	8.215714E-19
8.488199E+03	2.158322E-18	8.204729E-19
8.488399E+03	2.161382E-18	8.204729E-19
8.488599E+03	2.166560E-18	8.187468E-19
8.488799E+03	2.167423E-18	8.236114E-19
8.488999E+03	2.164049E-18	8.248668E-19
8.489199E+03	2.160911E-18	8.256514E-19
8.489399E+03	2.161225E-18	8.262006E-19
8.489599E+03	2.162951E-18	8.262006E-19
8.489799E+03	2.162088E-18	8.282406E-19
8.489999E+03	2.162402E-18	8.313006E-19
8.490199E+03	2.164442E-18	8.333406E-19
8.490399E+03	2.166246E-18	8.314576E-19
8.490599E+03	2.167894E-18	8.335760E-19
8.490799E+03	2.167816E-18	8.336545E-19
8.490999E+03	2.163971E-18	8.334976E-19
8.491199E+03	2.161931E-18	8.339683E-19
8.491399E+03	2.164363E-18	8.361653E-19
8.491600E+03	2.166246E-18	8.381268E-19
8.491799E+03	2.167502E-18	8.420499E-19
8.491999E+03	2.165540E-18	8.428345E-19
8.492200E+03	2.159969E-18	8.408730E-19
8.492399E+03	2.155968E-18	8.409514E-19
8.492600E+03	2.154242E-18	8.389114E-19
8.492799E+03	2.151339E-18	8.398530E-19
8.492999E+03	2.146082E-18	8.398530E-19
8.493199E+03	2.142865E-18	8.400883E-19
8.493399E+03	2.141139E-18	8.419714E-19
8.494599E+03	2.139648E-18	8.434622E-19
8.495399E+03	2.138235E-18	8.445607E-19
8.495599E+03	2.138628E-18	8.445607E-19
8.495799E+03	2.139255E-18	8.451883E-19
8.495999E+03	2.142315E-18	8.437760E-19
8.496199E+03	2.146317E-18	8.431483E-19
8.496399E+03	2.145375E-18	8.458945E-19
8.496599E+03	2.144669E-18	8.460514E-19
8.496800E+03	2.146945E-18	8.462083E-19
8.497000E+03	2.146474E-18	8.461299E-19
8.497200E+03	2.143257E-18	8.451883E-19
8.497400E+03	2.143257E-18	8.451099E-19
8.497600E+03	2.144355E-18	8.429914E-19
8.497800E+03	2.144277E-18	8.388330E-19
8.498000E+03	2.147651E-18	8.382837E-19
8.498200E+03	2.149142E-18	8.383622E-19
8.498400E+03	2.148435E-18	8.357730E-19
8.498600E+03	2.150632E-18	8.296529E-19
8.498800E+03	2.154242E-18	8.279268E-19
8.499000E+03	2.153457E-18	8.288683E-19
8.499200E+03	2.151417E-18	8.228268E-19
8.499400E+03	2.148671E-18	8.216499E-19
8.499600E+03	2.148122E-18	8.217283E-19
8.499800E+03	2.149926E-18	8.239252E-19
8.500000E+03	2.154242E-18	8.240037E-19
8.500200E+03	2.158792E-18	8.272991E-19
8.500400E+03	2.161617E-18	8.286329E-19
8.500600E+03	2.163186E-18	8.276129E-19
8.500800E+03	2.163657E-18	8.212576E-19
8.501000E+03	2.162088E-18	8.138037E-19
8.501200E+03	2.159106E-18	8.118422E-19
8.501400E+03	2.157302E-18	8.123914E-19
8.501600E+03	2.155968E-18	8.076052E-19
8.501800E+03	2.152594E-18	7.999160E-19
8.502001E+03	2.152516E-18	8.037606E-19
8.502201E+03	2.155105E-18	8.113714E-19
8.502401E+03	2.152751E-18	8.156868E-19
8.502601E+03	2.149534E-18	8.197668E-19
8.503001E+03	2.150711E-18	8.169422E-19
8.503201E+03	2.154556E-18	8.187468E-19
8.503401E+03	2.158086E-18	8.210222E-19
8.503601E+03	2.161146E-18	8.248668E-19
8.503801E+03	2.164285E-18	8.383622E-19
8.504001E+03	2.166639E-18	8.403237E-19
8.504201E+03	2.168836E-18	8.360868E-19
8.504401E+03	2.170326E-18	8.265145E-19
8.504601E+03	2.172837E-18	8.123914E-19
8.505800E+03	2.175583E-18	8.098022E-19
8.506000E+03	2.178722E-18	8.098022E-19
8.507201E+03	2.183037E-18	8.104299E-19
8.507401E+03	2.184763E-18	8.170206E-19
8.507601E+03	2.184371E-18	8.179622E-19
8.507801E+03	2.185548E-18	8.167852E-19
8.508001E+03	2.186332E-18	8.174129E-19
8.508201E+03	2.183665E-18	8.167068E-19
8.508401E+03	2.180605E-18	8.168637E-19
8.508601E+03	2.176446E-18	8.114499E-19
8.508801E+03	2.169620E-18	8.092529E-19
8.509001E+03	2.166717E-18	8.179622E-19
8.509201E+03	2.167266E-18	8.230622E-19
8.509401E+03	2.164363E-18	8.115283E-19
8.509601E+03	2.158322E-18	7.977975E-19
8.509801E+03	2.152045E-18	7.938745E-19
8.510001E+03	2.148279E-18	7.972483E-19
8.510201E+03	2.150476E-18	8.003083E-19
8.510401E+03	2.153771E-18	8.008575E-19
8.510601E+03	2.158871E-18	8.092529E-19
8.510801E+03	2.162480E-18	8.150591E-19
8.511001E+03	2.165148E-18	8.183545E-19
8.511201E+03	2.168129E-18	8.205514E-19
8.511401E+03	2.171189E-18	8.210222E-19
8.511601E+03	2.174563E-18	8.207083E-19
8.511801E+03	2.176917E-18	8.225914E-19
8.512001E+03	2.178408E-18	8.181191E-19
8.512202E+03	2.171582E-18	8.132545E-19
8.512402E+03	2.171189E-18	8.131760E-19
8.512602E+03	2.171268E-18	8.130975E-19
8.512802E+03	2.166482E-18	8.123914E-19
8.513002E+03	2.163892E-18	8.082329E-19
8.513202E+03	2.164285E-18	8.028191E-19
8.513402E+03	2.167502E-18	8.036822E-19
8.513602E+03	2.168679E-18	8.017206E-19
8.513802E+03	2.167423E-18	8.029760E-19
8.514002E+03	2.165932E-18	8.024268E-19
8.514202E+03	2.165383E-18	8.015637E-19
8.514402E+03	2.163657E-18	7.988175E-19
8.514602E+03	2.161303E-18	7.990529E-19
8.514802E+03	2.163343E-18	7.998375E-19
8.515002E+03	2.169542E-18	8.010145E-19
8.515202E+03	2.174406E-18	8.036037E-19
8.515402E+03	2.175897E-18	8.035252E-19
8.515602E+03	2.176368E-18	8.038391E-19
8.515802E+03	2.178565E-18	8.026622E-19
8.516002E+03	2.182331E-18	7.964637E-19
8.516202E+03	2.182331E-18	7.886175E-19
8.516402E+03	2.178251E-18	7.888529E-19
8.516602E+03	2.175819E-18	7.894021E-19
8.516802E+03	2.177623E-18	7.841923E-19
8.517002E+03	2.181546E-18	7.866560E-19
8.517202E+03	2.186019E-18	7.868914E-19
8.517403E+03	2.188137E-18	7.864991E-19
8.517603E+03	2.188529E-18	7.892452E-19
8.517802E+03	2.189549E-18	7.901868E-19
8.518003E+03	2.190412E-18	7.875975E-19
8.518202E+03	2.189236E-18	7.901083E-19
8.518403E+03	2.185156E-18	7.809440E-19
8.518602E+03	2.182645E-18	7.762912E-19
8.518802E+03	2.185940E-18	7.679507E-19
8.519002E+03	2.190883E-18	7.717954E-19
8.519202E+03	2.195434E-18	7.700849E-19
8.519402E+03	2.197160E-18	7.700064E-19
8.519602E+03	2.196768E-18	7.699123E-19
8.519802E+03	2.196532E-18	7.690414E-19
8.520002E+03	2.194571E-18	7.700143E-19
8.520202E+03	2.193159E-18	7.718738E-19
8.520402E+03	2.195434E-18	7.729252E-19
8.520602E+03	2.198337E-18	7.715364E-19
8.520802E+03	2.197631E-18	7.690727E-19
8.521002E+03	2.195277E-18	7.681155E-19
8.521202E+03	2.194728E-18	7.702261E-19
8.521402E+03	2.194806E-18	7.733881E-19
8.521602E+03	2.193865E-18	7.734352E-19
8.521802E+03	2.193080E-18	7.731135E-19
8.522002E+03	2.190648E-18	7.739374E-19
8.522202E+03	2.187431E-18	7.707597E-19
8.522403E+03	2.187117E-18	7.702732E-19
8.522603E+03	2.189942E-18	7.679429E-19
8.522803E+03	2.193237E-18	7.660127E-19
8.523003E+03	2.193394E-18	7.648751E-19
8.523203E+03	2.190726E-18	7.658951E-19
8.523403E+03	2.195905E-18	7.662560E-19
8.523603E+03	2.193865E-18	7.655969E-19
8.523803E+03	2.185469E-18	7.674878E-19
8.524003E+03	2.181311E-18	7.665149E-19
8.524203E+03	2.181389E-18	7.671740E-19
8.524403E+03	2.181468E-18	7.729487E-19
8.524603E+03	2.181546E-18	7.760637E-19
8.524803E+03	2.182409E-18	7.781194E-19
8.525003E+03	2.182488E-18	7.778369E-19
8.525203E+03	2.182959E-18	7.775152E-19
8.525403E+03	2.185548E-18	7.788804E-19
8.525603E+03	2.187352E-18	7.780644E-19
8.525803E+03	2.188765E-18	7.746984E-19
8.526003E+03	2.189706E-18	7.693474E-19
8.526203E+03	2.189000E-18	7.666483E-19
8.526403E+03	2.188059E-18	7.638786E-19
8.526603E+03	2.188137E-18	7.576252E-19
8.526803E+03	2.187745E-18	7.548947E-19
8.527003E+03	2.186332E-18	7.523212E-19
8.527203E+03	2.183429E-18	7.499281E-19
8.527403E+03	2.181860E-18	7.475507E-19
8.527604E+03	2.182723E-18	7.457383E-19
8.527804E+03	2.182566E-18	7.430706E-19
8.528004E+03	2.182880E-18	7.408736E-19
8.528204E+03	2.185469E-18	7.386846E-19
8.528404E+03	2.187196E-18	7.368250E-19
8.528604E+03	2.188216E-18	7.349890E-19
8.528804E+03	2.190177E-18	7.331844E-19
8.529004E+03	2.191119E-18	7.313955E-19
8.529204E+03	2.190334E-18	7.296301E-19
8.529404E+03	2.186803E-18	7.298341E-19
8.529604E+03	2.180840E-18	7.260523E-19
8.529804E+03	2.175426E-18	7.191555E-19
8.530004E+03	2.173072E-18	7.175941E-19
8.530203E+03	2.168208E-18	7.165270E-19
8.530404E+03	2.164599E-18	7.141104E-19
8.530603E+03	2.167502E-18	7.143615E-19
8.530803E+03	2.167737E-18	7.134670E-19
8.531004E+03	2.166952E-18	7.142987E-19
8.531203E+03	2.163343E-18	7.125098E-19
8.531404E+03	2.164834E-18	7.100618E-19
8.531603E+03	2.168443E-18	7.079355E-19
8.531803E+03	2.164834E-18	7.055738E-19
8.532003E+03	2.168679E-18	7.046087E-19
8.532203E+03	2.168836E-18	7.036436E-19
8.532403E+03	2.167266E-18	7.046950E-19
8.532604E+03	2.172209E-18	7.039339E-19
8.532804E+03	2.177466E-18	7.033219E-19
8.533004E+03	2.177545E-18	7.048284E-19
8.533204E+03	2.177466E-18	7.048676E-19
8.533404E+03	2.173700E-18	7.048755E-19
8.533604E+03	2.174956E-18	7.041536E-19
8.533804E+03	2.178408E-18	7.048598E-19
8.534004E+03	2.174014E-18	7.049147E-19
8.534204E+03	2.175976E-18	7.051658E-19
8.534404E+03	2.175034E-18	7.052756E-19
8.534604E+03	2.173072E-18	7.037142E-19
8.534804E+03	2.170405E-18	6.998932E-19
8.535004E+03	2.164363E-18	6.966213E-19
8.535204E+03	2.164991E-18	6.999716E-19
8.535404E+03	2.167266E-18	6.999481E-19
8.535604E+03	2.168443E-18	7.000579E-19
8.535804E+03	2.169071E-18	6.960250E-19
8.536004E+03	2.164756E-18	6.924550E-19
8.536204E+03	2.162716E-18	6.873158E-19
8.536404E+03	2.163029E-18	6.895048E-19
8.536604E+03	2.161931E-18	6.883828E-19
8.536804E+03	2.162559E-18	6.900619E-19
8.537004E+03	2.164599E-18	6.898501E-19
8.537204E+03	2.165069E-18	6.903993E-19
8.537404E+03	2.167423E-18	6.853856E-19
8.537604E+03	2.165148E-18	6.771942E-19
8.537805E+03	2.162245E-18	6.739694E-19
8.538005E+03	2.163265E-18	6.730201E-19
8.538205E+03	2.162559E-18	6.744873E-19
8.538405E+03	2.162088E-18	6.785202E-19
8.538605E+03	2.167737E-18	6.844754E-19
8.540805E+03	2.166482E-18	6.818548E-19
8.541005E+03	2.162480E-18	6.829847E-19
8.541205E+03	2.163422E-18	6.860211E-19
8.541405E+03	2.165697E-18	6.849619E-19
8.541605E+03	2.161774E-18	6.826551E-19
8.541805E+03	2.157851E-18	6.846873E-19
8.542005E+03	2.156203E-18	6.902738E-19
8.542205E+03	2.156596E-18	6.893479E-19
8.542405E+03	2.153300E-18	6.897010E-19
8.542605E+03	2.151025E-18	6.897638E-19
8.542805E+03	2.151103E-18	6.904228E-19
8.543005E+03	2.146709E-18	6.945499E-19
8.543206E+03	2.148749E-18	6.945970E-19
8.543406E+03	2.155105E-18	6.949344E-19
8.543605E+03	2.161460E-18	6.977276E-19
8.543806E+03	2.167031E-18	6.993439E-19
8.544005E+03	2.171189E-18	7.024824E-19
8.544206E+03	2.173857E-18	7.065938E-19
8.544405E+03	2.169071E-18	7.095832E-19
8.544605E+03	2.166011E-18	7.095596E-19
8.544805E+03	2.171974E-18	7.105169E-19
8.545005E+03	2.176132E-18	7.107758E-19
8.545205E+03	2.172523E-18	7.107758E-19
8.545405E+03	2.169149E-18	7.169193E-19
8.545605E+03	2.170954E-18	7.259503E-19
8.545805E+03	2.173308E-18	7.259738E-19
8.546005E+03	2.176368E-18	7.258718E-19
8.546205E+03	2.181311E-18	7.233375E-19
8.546405E+03	2.184057E-18	7.241142E-19
8.546605E+03	2.180212E-18	7.204344E-19
8.546805E+03	2.177152E-18	7.268447E-19
8.547005E+03	2.178408E-18	7.341652E-19
8.547205E+03	2.178486E-18	7.360875E-19
8.547405E+03	2.178408E-18	7.408501E-19
8.547605E+03	2.174956E-18	7.414621E-19
8.547805E+03	2.170169E-18	7.426861E-19
8.548006E+03	2.166168E-18	7.477233E-19
8.548206E+03	2.164206E-18	7.477704E-19
8.548406E+03	2.162559E-18	7.434550E-19
8.548606E+03	2.165383E-18	7.352793E-19
8.548806E+03	2.168600E-18	7.301793E-19
8.549606E+03	2.166168E-18	7.283119E-19
8.549806E+03	2.159812E-18	7.287906E-19
8.550406E+03	2.154320E-18	7.240201E-19
8.550606E+03	2.155497E-18	7.217212E-19
8.551006E+03	2.158792E-18	7.172489E-19
8.551206E+03	2.158792E-18	7.011564E-19
8.551406E+03	2.158792E-18	6.954522E-19
8.551606E+03	2.156203E-18	6.962604E-19
8.551806E+03	2.151731E-18	6.959544E-19
8.552006E+03	2.151731E-18	6.989830E-19
8.552206E+03	2.153143E-18	7.009210E-19
8.552406E+03	2.151496E-18	7.015801E-19
8.552606E+03	2.147808E-18	7.006699E-19
8.552806E+03	2.145611E-18	7.012505E-19
8.553006E+03	2.147965E-18	7.056522E-19
8.553207E+03	2.152594E-18	7.116781E-19
8.553407E+03	2.155340E-18	7.117722E-19
8.553607E+03	2.154320E-18	7.116389E-19
8.553807E+03	2.152437E-18	7.129492E-19
8.554007E+03	2.153379E-18	7.117016E-19
8.554207E+03	2.155811E-18	7.090653E-19
8.554407E+03	2.156674E-18	6.968724E-19
8.554607E+03	2.154634E-18	6.880219E-19
8.554807E+03	2.155262E-18	6.915605E-19
8.555007E+03	2.157066E-18	6.944950E-19
8.555207E+03	2.154634E-18	6.945264E-19
8.555407E+03	2.152516E-18	6.965899E-19
8.555607E+03	2.155262E-18	6.923530E-19
8.555807E+03	2.158165E-18	6.974216E-19
8.556006E+03	2.159342E-18	6.898422E-19
8.556207E+03	2.158008E-18	6.869470E-19
8.556406E+03	2.155183E-18	6.850482E-19
8.556606E+03	2.153771E-18	6.912938E-19
8.556807E+03	2.154242E-18	6.975785E-19
8.557006E+03	2.155968E-18	6.971862E-19
8.557206E+03	2.157929E-18	6.983867E-19
8.557406E+03	2.157772E-18	7.011015E-19
8.557606E+03	2.156360E-18	7.018782E-19
8.557806E+03	2.155654E-18	7.043498E-19
8.558006E+03	2.154634E-18	7.045459E-19
8.558206E+03	2.153065E-18	7.053619E-19
8.558407E+03	2.148592E-18	7.074725E-19
8.558607E+03	2.144120E-18	7.076922E-19
8.558807E+03	2.144826E-18	7.116232E-19
8.559007E+03	2.146709E-18	7.114741E-19
8.559207E+03	2.144748E-18	7.103364E-19
8.559407E+03	2.143728E-18	7.096459E-19
8.559607E+03	2.146160E-18	7.089947E-19
8.559807E+03	2.146395E-18	7.113721E-19
8.560007E+03	2.148514E-18	7.140947E-19
8.560207E+03	2.145219E-18	7.124941E-19
8.560407E+03	2.141060E-18	7.124941E-19
8.560607E+03	2.145689E-18	7.182532E-19
8.560807E+03	2.149063E-18	7.207875E-19
8.561007E+03	2.155026E-18	7.203089E-19
8.561207E+03	2.160832E-18	7.233296E-19
8.561407E+03	2.159028E-18	7.254481E-19
8.561607E+03	2.157851E-18	7.250244E-19
8.561807E+03	2.158165E-18	7.257541E-19
8.562007E+03	2.153614E-18	7.231256E-19
8.562207E+03	2.148043E-18	7.236670E-19
8.562407E+03	2.147102E-18	7.223567E-19
8.562607E+03	2.149142E-18	7.223489E-19
8.562807E+03	2.150397E-18	7.232433E-19
8.563007E+03	2.149220E-18	7.194144E-19
8.563207E+03	2.156909E-18	7.198146E-19
8.563408E+03	2.159812E-18	7.195007E-19
8.563608E+03	2.155026E-18	7.199166E-19
8.563808E+03	2.156125E-18	7.191869E-19
8.564008E+03	2.152594E-18	7.195635E-19
8.564208E+03	2.152045E-18	7.169272E-19
8.564408E+03	2.155262E-18	7.129962E-19
8.564608E+03	2.151574E-18	7.130198E-19
8.564808E+03	2.152516E-18	7.130198E-19
8.565008E+03	2.158322E-18	7.166761E-19
8.565208E+03	2.158792E-18	7.224744E-19
8.565408E+03	2.162009E-18	7.210072E-19
8.565608E+03	2.163343E-18	7.208424E-19
8.565808E+03	2.163579E-18	7.169742E-19
8.566008E+03	2.163657E-18	7.151304E-19
8.566208E+03	2.161931E-18	7.148636E-19
8.566408E+03	2.161146E-18	7.152167E-19
8.566608E+03	2.162009E-18	7.152795E-19
8.566808E+03	2.162951E-18	7.147067E-19
8.567008E+03	2.162951E-18	7.111053E-19
8.567208E+03	2.163265E-18	7.174764E-19
8.567408E+03	2.169934E-18	7.208189E-19
8.567608E+03	2.176211E-18	7.270879E-19
8.567808E+03	2.182409E-18	7.365426E-19
8.568008E+03	2.179899E-18	7.389984E-19
8.568208E+03	2.176211E-18	7.413993E-19
8.568408E+03	2.172445E-18	7.468289E-19
8.568609E+03	2.169777E-18	7.499124E-19
8.568808E+03	2.170169E-18	7.487433E-19
8.569008E+03	2.174092E-18	7.493946E-19
8.569209E+03	2.178329E-18	7.471270E-19
8.569408E+03	2.178565E-18	7.471977E-19
8.569609E+03	2.174563E-18	7.462797E-19
8.569808E+03	2.169777E-18	7.414543E-19
8.570008E+03	2.165462E-18	7.365347E-19
8.570208E+03	2.162166E-18	7.345653E-19
8.570408E+03	2.162245E-18	7.329098E-19
8.570608E+03	2.162794E-18	7.314896E-19
8.570808E+03	2.166168E-18	7.326273E-19
8.571008E+03	2.171268E-18	7.318192E-19
8.571208E+03	2.168365E-18	7.379392E-19
8.571408E+03	2.172837E-18	7.378372E-19
8.571608E+03	2.176917E-18	7.384335E-19
8.571808E+03	2.180369E-18	7.412346E-19
8.572008E+03	2.181782E-18	7.529724E-19
8.572208E+03	2.188843E-18	7.585040E-19
8.572408E+03	2.192139E-18	7.580724E-19
8.572608E+03	2.190491E-18	7.574447E-19
8.572808E+03	2.188294E-18	7.582529E-19
8.573008E+03	2.187509E-18	7.584255E-19
8.573208E+03	2.184371E-18	7.582843E-19
8.573408E+03	2.177309E-18	7.595318E-19
8.573608E+03	2.173308E-18	7.643180E-19
8.573809E+03	2.172680E-18	7.664600E-19
8.574009E+03	2.173386E-18	7.673544E-19
8.574209E+03	2.175034E-18	7.676997E-19
8.574409E+03	2.174092E-18	7.706341E-19
8.574609E+03	2.169777E-18	7.736784E-19
8.574809E+03	2.167109E-18	7.768404E-19
8.575009E+03	2.171817E-18	7.803084E-19
8.575209E+03	2.176289E-18	7.838784E-19
8.575409E+03	2.173936E-18	7.877545E-19
8.575609E+03	2.171346E-18	7.917560E-19
8.575809E+03	2.170797E-18	7.956006E-19
8.576009E+03	2.168679E-18	8.002298E-19
8.576209E+03	2.166325E-18	8.045452E-19
8.576409E+03	2.159028E-18	8.086252E-19
8.576609E+03	2.154242E-18	8.121560E-19
8.576809E+03	2.150632E-18	8.165499E-19
8.577009E+03	2.146552E-18	8.165499E-19
8.577209E+03	2.142472E-18	8.167068E-19
8.577409E+03	2.140197E-18	8.174914E-19
8.577609E+03	2.139334E-18	8.174914E-19
8.577809E+03	2.139648E-18	8.152160E-19
8.578009E+03	2.140119E-18	8.167852E-19
8.578209E+03	2.141688E-18	8.223560E-19
8.578409E+03	2.144748E-18	8.218068E-19
8.578609E+03	2.145454E-18	8.220422E-19
8.578810E+03	2.145062E-18	8.223560E-19
8.579010E+03	2.146788E-18	8.240037E-19
8.579210E+03	2.147651E-18	8.268283E-19
8.579410E+03	2.146160E-18	8.313006E-19
8.579610E+03	2.143806E-18	8.321637E-19
8.579810E+03	2.139334E-18	8.320853E-19
8.580010E+03	2.134862E-18	8.357730E-19
8.580210E+03	2.133214E-18	8.342822E-19
8.580410E+03	2.132351E-18	8.338899E-19
8.580610E+03	2.129055E-18	8.309868E-19
8.580810E+03	2.126780E-18	8.289468E-19
8.581010E+03	2.125603E-18	8.294960E-19
8.581210E+03	2.123877E-18	8.309083E-19
8.581409E+03	2.118777E-18	8.306729E-19
8.581610E+03	2.113363E-18	8.306729E-19
8.581809E+03	2.113128E-18	8.297314E-19
8.582010E+03	2.115874E-18	8.310653E-19
8.582210E+03	2.115011E-18	8.327914E-19
8.582409E+03	2.110303E-18	8.352237E-19
8.582610E+03	2.105674E-18	8.350668E-19
8.582809E+03	2.099632E-18	8.354591E-19
8.583009E+03	2.093826E-18	8.354591E-19
8.583209E+03	2.091943E-18	8.340468E-19
8.583409E+03	2.092335E-18	8.340468E-19
8.583609E+03	2.088412E-18	8.368714E-19
8.583809E+03	2.085117E-18	8.386760E-19
8.584010E+03	2.081900E-18	8.389899E-19
8.584210E+03	2.078448E-18	8.402453E-19
8.584410E+03	2.078840E-18	8.395391E-19
8.584610E+03	2.078605E-18	8.367145E-19
8.584810E+03	2.073662E-18	8.357730E-19
8.585010E+03	2.068483E-18	8.370283E-19
8.585210E+03	2.067385E-18	8.350668E-19
8.585410E+03	2.067934E-18	8.305160E-19
8.585610E+03	2.072799E-18	8.353022E-19
8.585810E+03	2.068640E-18	8.375776E-19
8.586010E+03	2.066600E-18	8.411868E-19
8.586210E+03	2.065423E-18	8.384406E-19
8.586410E+03	2.064011E-18	8.350668E-19
8.586610E+03	2.066208E-18	8.353806E-19
8.586810E+03	2.062991E-18	8.349883E-19
8.587010E+03	2.057969E-18	8.325560E-19
8.587210E+03	2.059617E-18	8.315360E-19
8.587410E+03	2.058362E-18	8.290253E-19
8.587610E+03	2.052477E-18	8.262791E-19
8.587810E+03	2.050908E-18	8.252591E-19
8.588010E+03	2.049417E-18	8.254945E-19
8.588210E+03	2.047455E-18	8.250237E-19
8.589010E+03	2.044552E-18	8.247883E-19
8.589211E+03	2.040708E-18	8.254160E-19
8.589411E+03	2.039531E-18	8.182760E-19
8.589611E+03	2.041806E-18	8.129406E-19
8.589811E+03	2.044866E-18	8.147452E-19
8.590411E+03	2.043611E-18	8.147452E-19
8.590611E+03	2.038511E-18	8.163145E-19
8.590811E+03	2.036549E-18	8.163929E-19
8.591011E+03	2.040237E-18	8.185114E-19
8.591211E+03	2.045808E-18	8.189037E-19
8.591411E+03	2.046278E-18	8.102729E-19
8.591611E+03	2.046278E-18	8.152945E-19
8.591811E+03	2.047926E-18	8.124699E-19
8.592011E+03	2.047220E-18	8.121560E-19
8.592211E+03	2.044866E-18	8.113714E-19
8.592411E+03	2.045808E-18	8.137252E-19
8.592611E+03	2.048162E-18	8.141960E-19
8.592811E+03	2.042591E-18	8.189822E-19
8.593011E+03	2.038746E-18	8.225914E-19
8.593211E+03	2.038746E-18	8.238468E-19
8.593411E+03	2.033960E-18	8.213360E-19
8.593611E+03	2.028468E-18	8.201591E-19
8.593811E+03	2.028938E-18	8.203160E-19
8.594011E+03	2.030508E-18	8.208652E-19
8.594212E+03	2.031371E-18	8.210222E-19
8.594412E+03	2.031842E-18	8.236114E-19
8.594612E+03	2.036549E-18	8.223560E-19
8.594811E+03	2.040708E-18	8.204729E-19
8.595012E+03	2.042120E-18	8.270637E-19
8.595211E+03	2.045102E-18	8.253376E-19
8.595412E+03	2.047926E-18	8.354591E-19
8.595611E+03	2.048554E-18	8.433053E-19
8.595811E+03	2.047142E-18	8.437760E-19
8.596011E+03	2.045965E-18	8.371068E-19
8.596211E+03	2.045494E-18	8.326345E-19
8.596411E+03	2.044082E-18	8.287114E-19
8.596611E+03	2.043454E-18	8.298883E-19
8.596811E+03	2.045180E-18	8.298883E-19
8.597211E+03	2.046671E-18	8.296529E-19
8.597411E+03	2.045808E-18	8.284760E-19
8.597811E+03	2.043611E-18	8.280053E-19
8.598011E+03	2.042434E-18	8.282406E-19
8.598211E+03	2.040786E-18	8.300453E-19
8.598811E+03	2.040472E-18	8.291037E-19
8.599011E+03	2.038118E-18	8.306729E-19
8.599412E+03	2.034117E-18	8.336545E-19
8.599612E+03	2.035451E-18	8.263576E-19
8.600012E+03	2.036706E-18	8.262791E-19
8.600212E+03	2.031763E-18	8.247883E-19
8.600412E+03	2.025015E-18	8.243176E-19
8.600612E+03	2.020229E-18	8.310653E-19
8.600812E+03	2.014345E-18	8.300453E-19
8.601012E+03	2.008068E-18	8.524068E-19
8.601212E+03	2.008225E-18	8.474637E-19
8.601412E+03	2.010578E-18	8.487191E-19
8.601612E+03	2.004537E-18	8.497391E-19
8.601812E+03	1.998731E-18	8.587622E-19
8.602012E+03	1.999123E-18	8.582914E-19
8.602212E+03	1.999672E-18	8.553884E-19
8.602412E+03	1.999202E-18	8.640976E-19
8.602612E+03	1.995906E-18	8.639407E-19
8.602812E+03	1.993003E-18	8.701391E-19
8.603012E+03	1.990649E-18	8.782991E-19
8.603212E+03	1.989080E-18	8.794761E-19
8.603412E+03	1.990178E-18	8.793976E-19
8.603612E+03	1.994337E-18	8.771222E-19
8.603812E+03	1.998966E-18	8.775930E-19
8.604012E+03	2.000143E-18	8.871653E-19
8.604212E+03	2.000300E-18	8.856745E-19
8.604413E+03	2.000222E-18	8.837914E-19
8.604613E+03	1.997554E-18	8.847330E-19
8.604813E+03	1.993160E-18	8.938345E-19
8.605013E+03	1.988217E-18	8.928145E-19
8.605213E+03	1.984215E-18	8.960315E-19
8.605413E+03	1.982411E-18	8.958745E-19
8.605613E+03	1.984215E-18	8.954822E-19
8.605813E+03	1.986098E-18	8.920299E-19
8.606013E+03	1.985157E-18	8.920299E-19
8.606213E+03	1.985785E-18	8.945407E-19
8.606413E+03	1.987903E-18	8.945407E-19
8.606613E+03	1.989237E-18	8.994053E-19
8.606813E+03	1.989394E-18	9.009745E-19
8.607013E+03	1.988217E-18	9.016022E-19
8.607212E+03	1.984686E-18	9.009745E-19
8.607413E+03	1.980606E-18	9.009745E-19
8.607612E+03	1.974643E-18	9.183146E-19
8.607812E+03	1.972132E-18	9.187069E-19
8.608013E+03	1.968602E-18	9.241207E-19
8.608212E+03	1.967660E-18	9.246699E-19
8.608412E+03	1.969857E-18	9.272592E-19
8.608612E+03	1.974486E-18	9.345561E-19
8.608812E+03	1.978723E-18	9.426376E-19
8.609012E+03	1.976762E-18	9.442853E-19
8.609212E+03	1.971662E-18	9.442853E-19
8.609412E+03	1.971897E-18	9.498561E-19
8.609613E+03	1.973152E-18	9.474238E-19
8.609813E+03	1.966405E-18	9.493853E-19
8.610013E+03	1.965228E-18	9.525238E-19
8.610213E+03	1.970092E-18	9.534653E-19
8.610413E+03	1.974800E-18	9.777100E-19
8.610613E+03	1.976605E-18	9.906561E-19
8.610813E+03	1.976762E-18	9.911269E-19
8.611013E+03	1.973545E-18	9.920685E-19
8.611213E+03	1.971505E-18	1.000778E-18
8.611413E+03	1.970092E-18	1.000699E-18
8.611613E+03	1.969308E-18	9.956777E-19
8.611813E+03	1.968758E-18	9.949715E-19
8.612013E+03	1.966562E-18	9.915192E-19
8.612213E+03	1.964992E-18	9.853992E-19
8.612413E+03	1.962952E-18	9.877531E-19
8.612613E+03	1.961854E-18	9.850854E-19
8.612813E+03	1.960834E-18	9.824177E-19
8.613013E+03	1.960598E-18	9.802208E-19
8.613413E+03	1.959971E-18	9.794361E-19
8.613613E+03	1.961540E-18	9.788869E-19
8.613813E+03	1.965463E-18	9.795931E-19
8.614013E+03	1.967895E-18	9.832808E-19
8.614213E+03	1.967503E-18	9.830454E-19
8.614413E+03	1.963580E-18	9.827315E-19
8.614613E+03	1.960363E-18	9.857915E-19
8.614814E+03	1.958794E-18	9.872038E-19
8.615014E+03	1.958088E-18	9.949715E-19
8.615214E+03	1.955891E-18	9.963054E-19
8.615414E+03	1.952360E-18	9.945008E-19
8.615614E+03	1.953537E-18	9.948146E-19
8.615814E+03	1.956440E-18	9.936377E-19
8.616014E+03	1.958402E-18	9.965408E-19
8.616214E+03	1.960834E-18	9.971685E-19
8.616414E+03	1.962089E-18	1.000542E-18
8.616614E+03	1.957225E-18	9.969331E-19
8.616814E+03	1.953615E-18	9.924608E-19
8.617014E+03	1.955734E-18	9.924608E-19
8.617214E+03	1.960755E-18	9.945008E-19
8.617414E+03	1.964914E-18	9.936377E-19
8.617614E+03	1.970406E-18	9.925392E-19
8.617814E+03	1.973074E-18	9.944223E-19
8.618014E+03	1.972760E-18	9.933238E-19
8.618214E+03	1.973466E-18	9.904208E-19
8.618414E+03	1.975192E-18	9.889300E-19
8.618614E+03	1.978331E-18	9.882238E-19
8.618814E+03	1.982254E-18	9.880669E-19
8.619014E+03	1.983823E-18	9.876746E-19
8.619214E+03	1.980920E-18	9.903423E-19
8.619414E+03	1.978174E-18	9.894792E-19
8.619614E+03	1.975271E-18	9.894792E-19
8.619815E+03	1.972603E-18	9.903423E-19
8.620415E+03	1.973858E-18	9.872823E-19
8.620614E+03	1.976134E-18	9.841438E-19
8.620815E+03	1.980685E-18	9.810838E-19
8.621014E+03	1.987354E-18	9.774746E-19
8.621214E+03	1.988452E-18	9.749638E-19
8.621414E+03	1.985706E-18	9.703346E-19
8.622014E+03	1.984215E-18	9.739438E-19
8.622214E+03	1.987040E-18	9.759054E-19
8.622614E+03	1.992454E-18	9.759054E-19
8.622814E+03	1.991826E-18	9.757484E-19
8.623414E+03	1.987982E-18	9.751992E-19
8.623614E+03	1.985235E-18	9.752777E-19
8.623814E+03	1.984137E-18	9.755131E-19
8.624014E+03	1.982175E-18	9.744931E-19
8.624214E+03	1.980998E-18	9.705700E-19
8.624414E+03	1.983745E-18	9.704131E-19
8.625215E+03	1.986412E-18	9.705700E-19
8.625415E+03	1.985785E-18	9.708054E-19
8.625615E+03	1.983588E-18	9.698638E-19
8.625815E+03	1.983902E-18	9.673531E-19
8.626015E+03	1.987275E-18	9.642146E-19
8.626615E+03	1.988766E-18	9.631946E-19
8.626815E+03	1.990178E-18	9.635084E-19
8.627015E+03	1.991434E-18	9.606838E-19
8.627215E+03	1.990022E-18	9.588792E-19
8.627415E+03	1.987903E-18	9.592715E-19
8.628015E+03	1.986412E-18	9.586438E-19
8.628615E+03	1.986726E-18	9.657054E-19
8.628815E+03	1.983117E-18	9.745715E-19
8.629015E+03	1.982646E-18	9.733161E-19
8.629215E+03	1.985157E-18	9.733161E-19
8.629415E+03	1.982803E-18	9.799069E-19
8.630015E+03	1.978174E-18	9.831238E-19
8.630216E+03	1.973545E-18	9.917546E-19
8.630416E+03	1.970798E-18	9.900285E-19
8.630616E+03	1.971818E-18	9.949715E-19
8.630816E+03	1.973152E-18	1.006427E-18
8.631416E+03	1.971348E-18	1.008859E-18
8.631616E+03	1.973152E-18	1.010664E-18
8.631816E+03	1.974251E-18	1.010585E-18
8.632016E+03	1.974878E-18	1.014116E-18
8.632216E+03	1.976212E-18	1.014508E-18
8.632416E+03	1.973780E-18	1.010193E-18
8.632616E+03	1.969935E-18	1.006348E-18
8.632816E+03	1.967268E-18	1.009644E-18
8.633015E+03	1.967425E-18	1.009565E-18
8.633816E+03	1.966797E-18	1.024473E-18
8.634215E+03	1.964835E-18	1.025572E-18
8.634415E+03	1.961697E-18	1.033418E-18
8.634615E+03	1.960128E-18	1.034202E-18
8.634815E+03	1.962795E-18	1.040715E-18
8.635015E+03	1.962246E-18	1.038047E-18
8.635216E+03	1.958480E-18	1.039930E-18
8.635416E+03	1.958715E-18	1.042519E-18
8.635816E+03	1.959108E-18	1.042048E-18
8.636016E+03	1.955655E-18	1.049110E-18
8.636216E+03	1.953223E-18	1.048796E-18
8.636416E+03	1.954714E-18	1.053112E-18
8.636616E+03	1.959422E-18	1.053582E-18
8.637416E+03	1.965306E-18	1.053190E-18
8.637616E+03	1.971348E-18	1.053190E-18
8.637816E+03	1.975820E-18	1.052484E-18
8.638016E+03	1.976291E-18	1.051072E-18
8.638216E+03	1.972289E-18	1.051385E-18
8.638816E+03	1.967503E-18	1.052719E-18
8.639016E+03	1.964522E-18	1.053269E-18
8.639216E+03	1.964129E-18	1.052798E-18
8.639416E+03	1.966091E-18	1.061821E-18
8.639616E+03	1.968680E-18	1.063547E-18
8.639816E+03	1.969543E-18	1.070452E-18
8.640016E+03	1.969622E-18	1.071315E-18
8.640216E+03	1.969465E-18	1.070138E-18
8.640417E+03	1.966954E-18	1.071629E-18
8.640617E+03	1.967895E-18	1.073355E-18
8.641217E+03	1.972368E-18	1.067862E-18
8.641417E+03	1.971112E-18	1.073355E-18
8.641617E+03	1.967738E-18	1.071001E-18
8.641817E+03	1.970328E-18	1.069118E-18
8.642017E+03	1.974565E-18	1.070452E-18
8.642217E+03	1.980920E-18	1.070295E-18
8.642417E+03	1.986805E-18	1.064959E-18
8.642617E+03	1.987118E-18	1.065509E-18
8.642817E+03	1.987354E-18	1.059624E-18
8.643017E+03	1.987354E-18	1.059232E-18
8.643217E+03	1.984451E-18	1.058290E-18
8.643417E+03	1.978566E-18	1.060879E-18
8.643617E+03	1.974643E-18	1.066215E-18
8.643817E+03	1.971348E-18	1.078533E-18
8.644017E+03	1.970014E-18	1.083084E-18
8.644217E+03	1.971975E-18	1.083241E-18
8.644417E+03	1.972211E-18	1.081279E-18
8.644617E+03	1.972211E-18	1.101601E-18
8.644817E+03	1.972132E-18	1.103641E-18
8.645017E+03	1.973937E-18	1.099482E-18
8.645217E+03	1.975114E-18	1.099247E-18
8.645418E+03	1.973466E-18	1.094225E-18
8.645618E+03	1.972682E-18	1.088890E-18
8.645817E+03	1.973545E-18	1.089989E-18
8.646017E+03	1.973466E-18	1.090852E-18
8.646218E+03	1.973702E-18	1.090381E-18
8.646417E+03	1.975428E-18	1.090224E-18
8.646618E+03	1.975506E-18	1.090224E-18
8.646817E+03	1.974408E-18	1.088890E-18
8.647017E+03	1.973937E-18	1.089832E-18
8.647217E+03	1.976762E-18	1.094539E-18
8.647417E+03	1.979351E-18	1.096030E-18
8.647617E+03	1.979351E-18	1.107956E-18
8.647817E+03	1.978958E-18	1.107485E-18
8.648017E+03	1.981548E-18	1.106465E-18
8.648217E+03	1.980449E-18	1.103955E-18
8.648417E+03	1.975742E-18	1.101758E-18
8.648617E+03	1.976212E-18	1.105681E-18
8.648817E+03	1.975271E-18	1.105995E-18
8.649017E+03	1.971975E-18	1.104739E-18
8.649217E+03	1.970328E-18	1.106387E-18
8.649417E+03	1.972603E-18	1.104582E-18
8.649617E+03	1.975977E-18	1.108427E-18
8.650217E+03	1.975428E-18	1.087399E-18
8.650417E+03	1.973780E-18	1.087399E-18
8.650818E+03	1.972368E-18	1.087164E-18
8.651018E+03	1.971269E-18	1.084025E-18
8.651218E+03	1.968288E-18	1.075630E-18
8.651818E+03	1.966248E-18	1.080495E-18
8.652018E+03	1.967974E-18	1.081436E-18
8.652618E+03	1.966954E-18	1.075865E-18
8.652818E+03	1.966248E-18	1.075159E-18
8.653418E+03	1.966954E-18	1.068725E-18
8.653618E+03	1.967738E-18	1.061821E-18
8.653818E+03	1.969700E-18	1.058447E-18
8.654018E+03	1.970642E-18	1.058604E-18
8.654218E+03	1.973858E-18	1.058447E-18
8.654418E+03	1.979508E-18	1.058212E-18
8.654818E+03	1.980292E-18	1.050758E-18
8.655018E+03	1.977860E-18	1.050836E-18
8.655218E+03	1.976840E-18	1.050836E-18
8.655618E+03	1.973858E-18	1.052484E-18
8.655819E+03	1.972682E-18	1.047855E-18
8.656419E+03	1.971426E-18	1.052955E-18
8.656619E+03	1.970249E-18	1.053269E-18
8.656819E+03	1.971191E-18	1.055073E-18
8.657019E+03	1.970171E-18	1.057662E-18
8.657219E+03	1.967189E-18	1.058055E-18
8.657419E+03	1.966718E-18	1.065430E-18
8.657819E+03	1.966797E-18	1.065195E-18
8.658019E+03	1.967503E-18	1.066450E-18
8.658219E+03	1.968523E-18	1.062762E-18
8.658418E+03	1.969622E-18	1.061036E-18
8.658619E+03	1.973309E-18	1.063469E-18
8.658818E+03	1.975742E-18	1.063390E-18
8.659019E+03	1.970798E-18	1.066372E-18
8.659219E+03	1.966012E-18	1.055073E-18
8.659818E+03	1.966405E-18	1.055701E-18
8.660018E+03	1.967660E-18	1.050365E-18
8.660218E+03	1.969778E-18	1.050209E-18
8.660418E+03	1.970955E-18	1.048953E-18
8.660618E+03	1.971662E-18	1.046913E-18
8.661219E+03	1.970955E-18	1.048718E-18
8.661419E+03	1.968052E-18	1.048404E-18
8.661619E+03	1.970014E-18	1.048796E-18
8.661819E+03	1.973780E-18	1.044245E-18
8.662019E+03	1.977468E-18	1.041264E-18
8.662619E+03	1.981626E-18	1.040322E-18
8.662819E+03	1.983666E-18	1.036007E-18
8.663019E+03	1.986020E-18	1.042990E-18
8.663219E+03	1.986020E-18	1.024787E-18
8.663419E+03	1.985078E-18	1.020942E-18
8.663619E+03	1.987668E-18	1.027298E-18
8.663819E+03	1.988138E-18	1.025964E-18
8.664019E+03	1.987668E-18	1.020079E-18
8.664819E+03	1.988295E-18	1.020236E-18
8.665019E+03	1.988688E-18	1.019295E-18
8.665219E+03	1.989394E-18	1.017098E-18
8.665419E+03	1.990022E-18	1.015921E-18
8.666220E+03	1.991905E-18	1.014822E-18
8.666420E+03	1.994965E-18	1.011370E-18
8.666620E+03	1.997946E-18	1.011605E-18
8.666820E+03	2.001791E-18	1.013410E-18
8.667020E+03	2.005871E-18	1.013253E-18
8.667420E+03	2.011128E-18	1.014273E-18
8.667620E+03	2.015365E-18	1.014430E-18
8.667820E+03	2.017875E-18	1.024865E-18
8.668020E+03	2.017718E-18	1.035222E-18
8.668220E+03	2.014031E-18	1.035379E-18
8.668420E+03	2.012226E-18	1.033888E-18
8.668620E+03	2.012854E-18	1.031613E-18
8.668820E+03	2.015443E-18	1.031378E-18
8.669020E+03	2.020229E-18	1.024473E-18
8.669220E+03	2.026820E-18	1.023688E-18
8.669420E+03	2.027369E-18	1.028239E-18
8.669820E+03	2.021955E-18	1.030122E-18
8.670020E+03	2.030037E-18	1.026513E-18
8.670420E+03	2.029409E-18	1.024395E-18
8.670620E+03	2.030743E-18	1.024316E-18
8.671421E+03	2.038511E-18	1.020158E-18
8.671621E+03	2.039531E-18	1.015764E-18
8.671820E+03	2.038511E-18	1.016235E-18
8.672021E+03	2.036157E-18	1.016235E-18
8.672220E+03	2.035765E-18	1.014901E-18
8.672820E+03	2.038668E-18	1.021805E-18
8.673020E+03	2.038040E-18	1.027533E-18
8.673220E+03	2.034666E-18	1.025964E-18
8.673420E+03	2.036549E-18	1.028161E-18
8.673620E+03	2.041100E-18	1.029338E-18
8.673820E+03	2.041571E-18	1.028945E-18
8.674020E+03	2.041728E-18	1.030515E-18
8.674220E+03	2.044788E-18	1.032005E-18
8.674420E+03	2.048946E-18	1.031221E-18
8.674620E+03	2.053575E-18	1.028632E-18
8.674820E+03	2.053026E-18	1.028004E-18
8.675020E+03	2.064717E-18	1.025728E-18
8.675220E+03	2.075545E-18	1.022276E-18
8.675420E+03	2.085274E-18	1.022119E-18
8.675620E+03	2.092963E-18	1.022276E-18
8.675820E+03	2.101359E-18	1.026042E-18
8.676020E+03	2.110146E-18	1.025964E-18
8.676621E+03	2.117286E-18	1.026278E-18
8.676821E+03	2.122935E-18	1.026435E-18
8.677021E+03	2.124819E-18	1.021884E-18
8.677221E+03	2.123171E-18	1.016078E-18
8.677421E+03	2.120189E-18	1.020785E-18
8.677621E+03	2.118620E-18	1.021727E-18
8.677821E+03	2.115089E-18	1.027533E-18
8.678021E+03	2.107400E-18	1.029259E-18
8.678221E+03	2.102692E-18	1.033025E-18
8.678421E+03	2.103320E-18	1.039695E-18
8.678621E+03	2.103242E-18	1.039381E-18
8.678821E+03	2.104497E-18	1.040715E-18
8.679021E+03	2.103948E-18	1.046992E-18
8.679221E+03	2.098377E-18	1.053504E-18
8.679421E+03	2.094768E-18	1.053347E-18
8.679621E+03	2.093826E-18	1.053190E-18
8.679821E+03	2.093669E-18	1.052170E-18
8.680021E+03	2.091786E-18	1.052798E-18
8.680221E+03	2.088491E-18	1.053190E-18
8.680421E+03	2.087079E-18	1.053582E-18
8.680621E+03	2.085352E-18	1.053425E-18
8.680821E+03	2.079232E-18	1.054132E-18
8.681021E+03	2.074760E-18	1.059624E-18
8.681221E+03	2.074917E-18	1.054838E-18
8.681422E+03	2.073740E-18	1.046521E-18
8.681622E+03	2.072720E-18	1.046521E-18
8.682222E+03	2.075309E-18	1.047148E-18
8.682422E+03	2.076251E-18	1.042990E-18
8.682622E+03	2.076408E-18	1.039695E-18
8.682822E+03	2.077585E-18	1.031613E-18
8.683022E+03	2.077663E-18	1.030985E-18
8.683222E+03	2.075388E-18	1.024395E-18
8.683422E+03	2.071386E-18	1.012704E-18
8.683622E+03	2.067149E-18	1.012312E-18
8.683822E+03	2.065894E-18	1.010428E-18
8.684022E+03	2.066835E-18	1.010507E-18
8.684221E+03	2.066757E-18	1.006898E-18
8.684422E+03	2.067934E-18	1.004152E-18
8.684621E+03	2.069268E-18	1.005642E-18
8.684822E+03	2.070523E-18	1.006113E-18
8.685022E+03	2.072328E-18	1.005015E-18
8.685221E+03	2.073426E-18	1.008938E-18
8.685421E+03	2.072563E-18	1.003132E-18
8.685621E+03	2.071151E-18	1.001955E-18
8.685821E+03	2.070131E-18	9.968546E-19
8.686021E+03	2.066600E-18	9.963838E-19
8.686221E+03	2.064011E-18	9.895577E-19
8.686421E+03	2.063462E-18	9.927746E-19
8.686622E+03	2.061735E-18	9.930885E-19
8.686822E+03	2.060559E-18	9.882238E-19
8.687222E+03	2.061422E-18	9.947362E-19
8.687422E+03	2.059146E-18	9.872823E-19
8.687822E+03	2.056086E-18	9.884592E-19
8.688022E+03	2.055066E-18	9.926177E-19
8.688222E+03	2.054125E-18	9.919900E-19
8.688422E+03	2.051614E-18	1.008232E-18
8.688622E+03	2.048554E-18	1.024081E-18
8.688822E+03	2.045965E-18	1.028318E-18
8.689222E+03	2.046435E-18	1.029102E-18
8.689422E+03	2.045965E-18	1.030515E-18
8.689622E+03	2.045572E-18	1.029416E-18
8.689822E+03	2.043689E-18	1.028945E-18
8.690022E+03	2.045415E-18	1.028945E-18
8.690222E+03	2.046671E-18	1.019687E-18
8.690422E+03	2.040943E-18	1.016392E-18
8.690622E+03	2.033489E-18	1.007290E-18
8.690822E+03	2.033411E-18	1.006662E-18
8.691022E+03	2.035058E-18	1.006584E-18
8.691222E+03	2.036942E-18	1.004544E-18
8.691422E+03	2.037334E-18	1.001562E-18
8.691623E+03	2.036628E-18	1.004152E-18
8.691823E+03	2.036471E-18	1.003288E-18
8.692023E+03	2.038118E-18	1.001170E-18
8.692223E+03	2.038589E-18	1.003524E-18
8.692423E+03	2.038668E-18	1.005093E-18
8.692623E+03	2.040002E-18	1.004936E-18
8.692823E+03	2.040708E-18	1.005407E-18
8.693023E+03	2.042042E-18	1.004622E-18
8.693223E+03	2.042512E-18	1.004701E-18
8.693423E+03	2.041414E-18	1.002582E-18
8.693623E+03	2.043611E-18	1.005328E-18
8.693823E+03	2.045102E-18	1.002975E-18
8.694023E+03	2.042042E-18	9.973254E-19
8.694223E+03	2.042042E-18	9.838300E-19
8.694423E+03	2.046749E-18	9.781808E-19
8.694623E+03	2.045572E-18	9.783377E-19
8.694823E+03	2.037098E-18	9.789654E-19
8.695023E+03	2.033018E-18	9.549561E-19
8.695223E+03	2.030508E-18	9.505623E-19
8.695423E+03	2.027369E-18	9.493853E-19
8.695623E+03	2.023917E-18	9.507977E-19
8.695823E+03	2.019288E-18	9.569177E-19
8.696023E+03	2.018582E-18	9.594284E-19
8.696223E+03	2.017012E-18	9.580946E-19
8.696423E+03	2.015835E-18	9.576238E-19
8.696623E+03	2.013952E-18	9.606838E-19
8.696824E+03	2.012854E-18	9.640577E-19
8.697023E+03	2.015443E-18	9.631946E-19
8.697224E+03	2.018425E-18	9.631946E-19
8.697424E+03	2.021955E-18	9.620177E-19
8.697623E+03	2.024074E-18	9.569961E-19
8.697824E+03	2.024309E-18	9.529161E-19
8.698023E+03	2.025800E-18	9.389500E-19
8.698223E+03	2.028075E-18	9.373023E-19
8.698423E+03	2.032705E-18	9.362823E-19
8.698623E+03	2.037883E-18	9.361253E-19
8.698823E+03	2.042512E-18	9.420884E-19
8.699023E+03	2.047142E-18	9.370669E-19
8.699223E+03	2.051300E-18	9.385576E-19
8.699423E+03	2.053419E-18	9.397346E-19
8.699623E+03	2.055145E-18	9.377730E-19
8.699823E+03	2.057028E-18	9.369884E-19
8.700023E+03	2.060559E-18	9.325946E-19
8.700223E+03	2.062128E-18	9.325946E-19
8.700423E+03	2.063069E-18	9.320453E-19
8.700623E+03	2.062677E-18	9.318099E-19
8.700823E+03	2.061343E-18	9.307899E-19
8.701023E+03	2.061186E-18	9.303976E-19
8.701223E+03	2.064325E-18	9.279653E-19
8.701423E+03	2.068169E-18	9.274161E-19
8.701623E+03	2.070131E-18	9.256115E-19
8.701824E+03	2.073112E-18	9.278084E-19
8.702024E+03	2.078919E-18	9.278084E-19
8.702224E+03	2.085666E-18	9.337715E-19
8.702424E+03	2.090060E-18	9.373807E-19
8.702624E+03	2.093512E-18	9.388715E-19
8.702824E+03	2.098063E-18	9.406761E-19
8.703024E+03	2.100182E-18	9.403623E-19
8.703224E+03	2.099868E-18	9.411469E-19
8.703424E+03	2.098848E-18	9.467177E-19
8.703624E+03	2.097985E-18	9.467961E-19
8.703824E+03	2.098142E-18	9.460115E-19
8.704024E+03	2.099083E-18	9.413823E-19
8.704224E+03	2.100103E-18	9.359684E-19
8.704424E+03	2.100339E-18	9.303976E-19
8.704624E+03	2.100103E-18	9.320453E-19
8.704824E+03	2.100417E-18	9.300053E-19
8.705024E+03	2.101437E-18	9.309469E-19
8.705224E+03	2.104262E-18	9.223946E-19
8.705424E+03	2.105282E-18	9.196484E-19
8.705624E+03	2.103948E-18	9.180792E-19
8.705824E+03	2.103085E-18	9.220022E-19
8.706024E+03	2.103477E-18	9.219238E-19
8.706224E+03	2.103399E-18	9.191776E-19
8.706424E+03	2.099789E-18	9.201192E-19
8.706624E+03	2.095160E-18	9.165884E-19
8.706824E+03	2.091865E-18	9.144699E-19
8.707025E+03	2.090923E-18	9.153330E-19
8.707625E+03	2.092571E-18	9.169807E-19
8.707825E+03	2.092963E-18	9.194130E-19
8.708025E+03	2.094375E-18	9.187069E-19
8.708225E+03	2.100182E-18	9.140776E-19
8.708425E+03	2.105203E-18	9.030145E-19
8.708625E+03	2.106929E-18	9.037207E-19
8.708825E+03	2.105595E-18	9.043484E-19
8.709025E+03	2.102535E-18	9.010530E-19
8.709225E+03	2.100025E-18	9.010530E-19
8.709425E+03	2.101359E-18	9.001115E-19
8.709625E+03	2.102692E-18	9.065453E-19
8.710024E+03	2.101751E-18	9.056822E-19
8.710225E+03	2.102065E-18	9.008961E-19
8.710424E+03	2.103948E-18	8.924222E-19
8.710624E+03	2.103791E-18	8.896761E-19
8.710825E+03	2.104654E-18	8.972868E-19
8.711024E+03	2.108342E-18	8.963453E-19
8.711224E+03	2.111794E-18	8.966592E-19
8.711424E+03	2.112108E-18	9.002684E-19
8.711624E+03	2.110852E-18	9.052899E-19
8.711824E+03	2.109440E-18	9.057607E-19
8.712024E+03	2.108342E-18	9.059961E-19
8.712225E+03	2.109205E-18	9.095269E-19
8.712425E+03	2.111951E-18	9.122730E-19
8.712625E+03	2.112892E-18	9.092130E-19
8.712825E+03	2.110068E-18	9.081930E-19
8.713025E+03	2.106459E-18	9.073299E-19
8.713225E+03	2.107871E-18	9.100761E-19
8.713425E+03	2.113912E-18	8.988561E-19
8.713625E+03	2.113442E-18	8.864591E-19
8.713825E+03	2.115168E-18	8.868515E-19
8.714025E+03	2.119012E-18	8.881853E-19
8.714225E+03	2.121052E-18	8.894407E-19
8.714425E+03	2.119875E-18	8.928145E-19
8.714625E+03	2.122229E-18	8.972868E-19
8.714825E+03	2.125132E-18	9.012884E-19
8.715025E+03	2.126231E-18	8.983853E-19
8.715225E+03	2.126152E-18	8.972868E-19
8.715425E+03	2.127408E-18	8.981499E-19
8.715625E+03	2.127486E-18	8.985422E-19
8.715825E+03	2.127408E-18	9.094484E-19
8.716025E+03	2.129526E-18	9.132930E-19
8.716225E+03	2.129919E-18	9.177653E-19
8.716425E+03	2.128585E-18	9.183930E-19
8.716625E+03	2.130389E-18	9.195699E-19
8.716825E+03	2.135489E-18	9.187069E-19
8.717025E+03	2.139412E-18	9.115669E-19
8.717226E+03	2.144591E-18	9.061530E-19
8.717426E+03	2.153379E-18	9.059176E-19
8.717626E+03	2.157380E-18	9.032499E-19
8.717826E+03	2.154163E-18	9.078007E-19
8.718026E+03	2.152829E-18	9.099192E-19
8.718226E+03	2.154477E-18	9.078792E-19
8.718426E+03	2.154869E-18	9.061530E-19
8.718626E+03	2.156046E-18	9.053684E-19
8.718826E+03	2.157851E-18	9.040345E-19
8.719026E+03	2.155026E-18	9.027792E-19
8.719226E+03	2.152986E-18	9.033284E-19
8.719426E+03	2.152280E-18	9.034068E-19
8.719626E+03	2.154085E-18	9.070945E-19
8.719826E+03	2.157851E-18	9.100761E-19
8.720026E+03	2.159577E-18	9.054469E-19
8.720226E+03	2.157537E-18	9.048976E-19
8.720426E+03	2.159969E-18	9.066238E-19
8.720626E+03	2.162480E-18	9.064669E-19
8.720826E+03	2.158557E-18	9.139992E-19
8.721026E+03	2.158322E-18	9.140776E-19
8.721226E+03	2.159499E-18	9.084284E-19
8.721426E+03	2.166011E-18	9.098407E-19
8.721626E+03	2.170719E-18	9.045053E-19
8.722226E+03	2.168443E-18	9.040345E-19
8.722427E+03	2.170012E-18	9.029361E-19
8.722627E+03	2.163186E-18	8.966592E-19
8.722826E+03	2.158557E-18	8.986207E-19
8.723026E+03	2.159185E-18	8.966592E-19
8.723227E+03	2.158008E-18	8.893622E-19
8.723426E+03	2.153849E-18	8.871653E-19
8.723627E+03	2.152751E-18	8.875576E-19
8.723826E+03	2.153379E-18	8.875576E-19
8.724026E+03	2.159499E-18	8.888130E-19
8.724226E+03	2.160597E-18	8.903038E-19
8.724426E+03	2.157223E-18	8.906176E-19
8.724626E+03	2.160440E-18	8.894407E-19
8.724826E+03	2.158165E-18	8.889699E-19
8.725026E+03	2.158322E-18	8.874791E-19
8.725226E+03	2.159185E-18	8.830853E-19
8.725626E+03	2.162245E-18	8.832422E-19
8.725826E+03	2.167031E-18	8.847330E-19
8.726026E+03	2.165226E-18	8.854391E-19
8.726226E+03	2.163029E-18	8.848115E-19
8.726426E+03	2.160440E-18	8.895976E-19
8.726626E+03	2.158008E-18	8.949330E-19
8.726826E+03	2.164049E-18	8.990915E-19
8.727026E+03	2.167816E-18	9.019945E-19
8.727226E+03	2.167188E-18	9.058392E-19
8.727426E+03	2.169228E-18	9.146269E-19
8.727627E+03	2.170483E-18	9.172161E-19
8.727827E+03	2.171346E-18	9.184715E-19
8.728027E+03	2.173308E-18	9.231792E-19
8.728227E+03	2.172759E-18	9.234146E-19
8.728427E+03	2.177466E-18	9.224730E-19
8.728627E+03	2.182802E-18	9.211392E-19
8.728827E+03	2.183822E-18	9.217669E-19
8.729027E+03	2.184763E-18	9.190207E-19
8.729227E+03	2.185705E-18	9.247484E-19
8.729427E+03	2.180291E-18	9.212961E-19
8.729627E+03	2.181782E-18	9.217669E-19
8.729827E+03	2.186332E-18	9.197269E-19
8.730027E+03	2.185940E-18	9.207469E-19
8.730227E+03	2.184292E-18	9.232576E-19
8.730427E+03	2.189000E-18	9.196484E-19
8.730627E+03	2.194179E-18	9.146269E-19
8.730827E+03	2.197396E-18	9.161176E-19
8.731027E+03	2.198886E-18	9.095269E-19
8.731227E+03	2.204614E-18	9.097622E-19
8.731427E+03	2.208851E-18	9.088992E-19
8.731627E+03	2.208694E-18	8.993268E-19
8.731827E+03	2.213559E-18	9.032499E-19
8.732027E+03	2.213637E-18	8.850468E-19
8.732227E+03	2.206105E-18	8.669222E-19
8.732427E+03	2.202731E-18	8.621360E-19
8.732628E+03	2.204379E-18	8.630776E-19
8.732828E+03	2.203359E-18	8.612730E-19
8.733028E+03	2.198416E-18	8.608022E-19
8.733228E+03	2.198651E-18	8.611945E-19
8.733428E+03	2.199279E-18	8.623714E-19
8.733628E+03	2.194022E-18	8.652745E-19
8.733828E+03	2.188137E-18	8.648822E-19
8.734028E+03	2.189000E-18	8.646468E-19
8.734228E+03	2.196062E-18	8.677068E-19
8.734428E+03	2.199671E-18	8.717084E-19
8.734628E+03	2.194179E-18	8.721791E-19
8.734828E+03	2.190334E-18	8.742976E-19
8.735028E+03	2.191276E-18	8.742976E-19
8.735228E+03	2.192060E-18	8.681776E-19
8.735428E+03	2.191354E-18	8.643330E-19
8.735628E+03	2.187274E-18	8.622930E-19
8.735827E+03	2.189785E-18	8.593114E-19
8.736028E+03	2.191276E-18	8.594684E-19
8.736228E+03	2.189628E-18	8.613514E-19
8.736427E+03	2.190177E-18	8.640976E-19
8.736628E+03	2.190569E-18	8.659022E-19
8.736827E+03	2.187117E-18	8.693545E-19
8.737027E+03	2.184842E-18	8.673145E-19
8.737227E+03	2.187588E-18	8.781422E-19
8.737427E+03	2.181546E-18	9.049761E-19
8.737627E+03	2.174720E-18	9.060745E-19
8.737828E+03	2.173857E-18	9.088992E-19
8.738028E+03	2.176996E-18	9.432653E-19
8.738228E+03	2.180919E-18	9.427161E-19
8.738428E+03	2.181232E-18	9.429515E-19
8.738628E+03	2.181782E-18	9.458546E-19
8.738828E+03	2.182880E-18	9.459330E-19
8.739028E+03	2.179977E-18	9.523669E-19
8.739228E+03	2.178565E-18	9.427946E-19
8.739428E+03	2.183351E-18	9.431084E-19
8.739628E+03	2.189392E-18	9.430300E-19
8.739828E+03	2.191903E-18	9.457761E-19
8.740028E+03	2.192374E-18	9.430300E-19
8.740228E+03	2.193551E-18	9.383223E-19
8.740428E+03	2.192688E-18	9.374592E-19
8.740628E+03	2.186411E-18	9.373807E-19
8.740828E+03	2.178094E-18	9.376946E-19
8.741028E+03	2.174092E-18	9.401269E-19
8.741228E+03	2.175897E-18	1.026670E-18
8.741428E+03	2.179192E-18	1.096893E-18
8.741628E+03	2.180997E-18	1.154484E-18
8.741828E+03	2.182880E-18	1.201561E-18
8.742028E+03	2.186332E-18	1.239379E-18
8.742228E+03	2.191119E-18	1.265978E-18
8.742428E+03	2.192452E-18	1.281592E-18
8.742628E+03	2.192374E-18	1.291086E-18
8.742829E+03	2.194963E-18	1.297755E-18
8.743029E+03	2.197552E-18	1.303169E-18
8.743229E+03	2.198337E-18	1.300423E-18
8.743429E+03	2.198023E-18	1.301992E-18
8.743629E+03	2.195512E-18	1.305052E-18
8.743829E+03	2.191746E-18	1.309995E-18
8.744029E+03	2.188765E-18	1.310544E-18
8.744229E+03	2.187509E-18	1.310858E-18
8.744429E+03	2.187431E-18	1.311799E-18
8.744629E+03	2.186489E-18	1.313526E-18
8.744829E+03	2.185469E-18	1.318547E-18
8.745029E+03	2.186332E-18	1.319567E-18
8.745229E+03	2.188137E-18	1.320901E-18
8.745429E+03	2.189236E-18	1.321529E-18
8.745629E+03	2.190334E-18	1.317919E-18
8.745829E+03	2.192688E-18	1.315879E-18
8.746029E+03	2.197003E-18	1.314859E-18
8.746229E+03	2.199279E-18	1.313683E-18
8.746429E+03	2.198102E-18	1.316036E-18
8.746629E+03	2.194806E-18	1.321686E-18
8.746829E+03	2.194571E-18	1.317684E-18
8.747029E+03	2.197788E-18	1.319096E-18
8.747229E+03	2.193394E-18	1.317841E-18
8.747429E+03	2.195434E-18	1.318626E-18
8.747629E+03	2.196062E-18	1.316429E-18
8.747829E+03	2.198965E-18	1.318076E-18
8.748030E+03	2.203437E-18	1.315566E-18
8.748230E+03	2.200142E-18	1.313604E-18
8.748430E+03	2.196611E-18	1.312741E-18
8.748629E+03	2.192531E-18	1.312976E-18
8.748829E+03	2.189628E-18	1.312741E-18
8.749030E+03	2.197082E-18	1.312898E-18
8.749229E+03	2.197317E-18	1.309681E-18
8.749430E+03	2.197474E-18	1.309681E-18
8.749629E+03	2.198494E-18	1.309603E-18
8.749829E+03	2.200926E-18	1.309524E-18
8.750029E+03	2.204614E-18	1.310152E-18
8.750229E+03	2.204536E-18	1.307955E-18
8.750629E+03	2.199200E-18	1.307092E-18
8.750829E+03	2.200612E-18	1.305915E-18
8.751029E+03	2.198180E-18	1.305052E-18
8.751229E+03	2.196062E-18	1.304110E-18
8.751429E+03	2.197396E-18	1.305052E-18
8.751629E+03	2.194728E-18	1.308033E-18
8.751829E+03	2.199200E-18	1.306856E-18
8.752029E+03	2.201083E-18	1.306699E-18
8.752229E+03	2.199514E-18	1.305915E-18
8.752429E+03	2.205712E-18	1.305915E-18
8.752629E+03	2.209792E-18	1.307170E-18
8.752829E+03	2.210499E-18	1.302776E-18
8.753029E+03	2.213637E-18	1.297519E-18
8.753230E+03	2.211597E-18	1.297363E-18
8.753430E+03	2.212617E-18	1.297127E-18
8.753830E+03	2.214265E-18	1.295323E-18
8.754030E+03	2.212539E-18	1.291321E-18
8.754230E+03	2.211989E-18	1.290223E-18
8.754430E+03	2.213323E-18	1.289830E-18
8.754630E+03	2.215912E-18	1.288261E-18
8.754830E+03	2.216697E-18	1.285358E-18
8.755030E+03	2.215285E-18	1.286927E-18
8.755230E+03	2.214422E-18	1.287319E-18
8.755430E+03	2.209636E-18	1.284887E-18
8.755630E+03	2.204928E-18	1.284966E-18
8.755830E+03	2.198102E-18	1.289046E-18
8.756030E+03	2.199043E-18	1.290458E-18
8.756230E+03	2.202025E-18	1.289987E-18
8.756430E+03	2.207752E-18	1.288732E-18
8.756630E+03	2.214579E-18	1.290929E-18
8.756830E+03	2.217952E-18	1.290850E-18
8.757030E+03	2.215206E-18	1.290693E-18
8.757230E+03	2.211832E-18	1.291243E-18
8.757430E+03	2.212931E-18	1.289203E-18
8.757630E+03	2.215363E-18	1.286378E-18
8.757830E+03	2.216069E-18	1.283161E-18
8.758030E+03	2.216462E-18	1.280101E-18
8.758231E+03	2.218345E-18	1.278689E-18
8.758431E+03	2.218188E-18	1.277276E-18
8.758831E+03	2.217089E-18	1.276963E-18
8.759431E+03	2.214343E-18	1.276335E-18
8.759631E+03	2.210734E-18	1.269038E-18
8.760031E+03	2.214657E-18	1.265899E-18
8.760231E+03	2.212225E-18	1.262604E-18
8.761031E+03	2.212382E-18	1.265978E-18
8.763831E+03	2.214500E-18	1.265115E-18
8.764031E+03	2.218109E-18	1.273039E-18
8.764231E+03	2.213323E-18	1.273510E-18
8.764431E+03	2.212068E-18	1.276335E-18
8.764631E+03	2.215756E-18	1.281435E-18
8.764831E+03	2.215128E-18	1.283553E-18
8.765031E+03	2.211205E-18	1.283710E-18
8.765231E+03	2.209086E-18	1.283083E-18
8.765431E+03	2.209008E-18	1.283004E-18
8.765631E+03	2.207203E-18	1.283553E-18
8.765831E+03	2.206105E-18	1.283553E-18
8.766031E+03	2.204928E-18	1.282690E-18
8.766231E+03	2.200926E-18	1.283632E-18
8.766631E+03	2.197396E-18	1.283239E-18
8.766831E+03	2.198337E-18	1.283632E-18
8.767031E+03	2.201632E-18	1.280886E-18
8.767231E+03	2.199906E-18	1.280572E-18
8.767431E+03	2.195905E-18	1.281435E-18
8.767631E+03	2.194963E-18	1.281749E-18
8.767831E+03	2.193237E-18	1.279238E-18
8.768431E+03	2.190334E-18	1.280179E-18
8.768632E+03	2.189863E-18	1.272726E-18
8.768832E+03	2.188765E-18	1.272647E-18
8.769032E+03	2.188843E-18	1.272647E-18
8.769832E+03	2.190412E-18	1.272647E-18
8.770432E+03	2.189471E-18	1.274373E-18
8.770632E+03	2.189392E-18	1.273118E-18
8.770832E+03	2.196297E-18	1.271313E-18
8.771032E+03	2.198651E-18	1.270921E-18
8.771232E+03	2.195512E-18	1.269666E-18
8.771432E+03	2.191276E-18	1.270607E-18
8.771632E+03	2.189549E-18	1.270686E-18
8.771832E+03	2.190099E-18	1.267390E-18
8.772032E+03	2.190177E-18	1.270058E-18
8.772232E+03	2.192845E-18	1.270607E-18
8.772432E+03	2.197709E-18	1.269744E-18
8.772632E+03	2.198259E-18	1.268253E-18
8.772832E+03	2.196689E-18	1.268803E-18
8.773032E+03	2.195748E-18	1.270999E-18
8.773232E+03	2.193865E-18	1.271863E-18
8.773432E+03	2.191511E-18	1.273275E-18
8.773633E+03	2.190805E-18	1.271706E-18
8.773833E+03	2.194179E-18	1.271078E-18
8.774033E+03	2.197866E-18	1.270293E-18
8.774233E+03	2.197552E-18	1.270607E-18
8.774433E+03	2.195669E-18	1.272961E-18
8.774632E+03	2.198023E-18	1.268096E-18
8.774833E+03	2.202103E-18	1.264095E-18
8.775032E+03	2.206026E-18	1.259779E-18
8.775233E+03	2.206889E-18	1.258132E-18
8.775432E+03	2.201868E-18	1.255307E-18
8.775632E+03	2.195983E-18	1.248481E-18
8.775832E+03	2.195512E-18	1.245264E-18
8.776032E+03	2.199436E-18	1.248089E-18
8.776232E+03	2.202182E-18	1.244087E-18
8.778632E+03	2.204928E-18	1.244950E-18
8.780233E+03	2.208929E-18	1.245813E-18
8.780833E+03	2.210656E-18	1.246755E-18
8.781033E+03	2.206419E-18	1.246049E-18
8.781233E+03	2.205242E-18	1.248246E-18
8.781433E+03	2.209322E-18	1.243852E-18
8.781633E+03	2.215520E-18	1.239379E-18
8.781833E+03	2.218031E-18	1.239144E-18
8.782033E+03	2.215206E-18	1.237339E-18
8.782233E+03	2.214343E-18	1.235378E-18
8.782433E+03	2.216697E-18	1.232946E-18
8.782633E+03	2.219443E-18	1.234593E-18
8.782833E+03	2.223523E-18	1.236084E-18
8.783033E+03	2.225799E-18	1.234201E-18
8.783233E+03	2.227054E-18	1.233887E-18
8.783433E+03	2.232860E-18	1.235849E-18
8.783633E+03	2.235606E-18	1.236241E-18
8.783834E+03	2.237803E-18	1.236476E-18
8.784034E+03	2.238509E-18	1.233024E-18
8.784234E+03	2.236234E-18	1.233259E-18
8.784434E+03	2.242432E-18	1.232161E-18
8.784634E+03	2.248788E-18	1.231219E-18
8.784834E+03	2.244865E-18	1.230356E-18
8.785034E+03	2.243060E-18	1.230435E-18
8.785234E+03	2.246042E-18	1.230984E-18
8.785434E+03	2.243296E-18	1.230984E-18
8.785634E+03	2.239686E-18	1.230592E-18
8.785834E+03	2.237411E-18	1.231847E-18
8.786034E+03	2.234900E-18	1.235456E-18
8.786234E+03	2.236077E-18	1.236476E-18
8.786434E+03	2.238352E-18	1.233495E-18
8.786634E+03	2.238274E-18	1.229964E-18
8.786834E+03	2.235920E-18	1.232396E-18
8.787033E+03	2.234665E-18	1.238752E-18
8.787234E+03	2.236548E-18	1.242439E-18
8.787433E+03	2.236783E-18	1.242675E-18
8.787633E+03	2.233096E-18	1.244715E-18
8.787834E+03	2.227132E-18	1.245107E-18
8.788033E+03	2.222896E-18	1.243538E-18
8.788233E+03	2.219992E-18	1.244166E-18
8.788433E+03	2.217560E-18	1.244322E-18
8.788633E+03	2.214736E-18	1.245029E-18
8.788833E+03	2.212303E-18	1.244322E-18
8.789034E+03	2.208302E-18	1.244872E-18
8.789234E+03	2.204065E-18	1.244166E-18
8.789434E+03	2.207909E-18	1.235849E-18
8.789634E+03	2.209949E-18	1.219215E-18
8.789834E+03	2.207909E-18	1.217959E-18
8.790034E+03	2.206732E-18	1.216469E-18
8.790234E+03	2.204457E-18	1.191047E-18
8.790434E+03	2.208616E-18	1.191204E-18
8.790634E+03	2.209479E-18	1.191989E-18
8.790834E+03	2.210263E-18	1.189242E-18
8.791034E+03	2.212146E-18	1.189086E-18
8.791834E+03	2.208459E-18	1.183907E-18
8.792034E+03	2.201476E-18	1.184770E-18
8.792834E+03	2.197317E-18	1.185869E-18
8.793034E+03	2.195669E-18	1.186889E-18
8.793434E+03	2.194806E-18	1.185084E-18
8.793634E+03	2.194728E-18	1.185241E-18
8.793834E+03	2.196689E-18	1.185712E-18
8.794034E+03	2.197317E-18	1.185319E-18
8.794235E+03	2.197552E-18	1.185712E-18
8.794435E+03	2.201397E-18	1.185476E-18
8.794635E+03	2.203594E-18	1.184849E-18
8.794835E+03	2.199985E-18	1.114625E-18
8.795035E+03	2.196140E-18	1.046599E-18
8.795235E+03	2.195905E-18	9.832808E-19
8.795435E+03	2.195512E-18	9.247484E-19
8.795635E+03	2.191746E-18	8.710807E-19
8.795835E+03	2.190256E-18	8.231406E-19
8.796035E+03	2.188294E-18	7.961498E-19
8.796235E+03	2.185548E-18	7.749495E-19
8.796435E+03	2.185705E-18	7.619014E-19
8.796635E+03	2.184057E-18	7.504930E-19
8.796835E+03	2.180605E-18	7.516857E-19
8.797035E+03	2.182566E-18	7.595789E-19
8.797235E+03	2.187196E-18	7.627723E-19
8.797435E+03	2.189000E-18	7.568327E-19
8.797635E+03	2.191432E-18	7.562443E-19
8.797835E+03	2.195120E-18	7.561266E-19
8.798035E+03	2.194571E-18	7.638394E-19
8.798235E+03	2.192609E-18	7.563227E-19
8.798435E+03	2.198808E-18	7.464209E-19
8.798635E+03	2.206732E-18	7.454323E-19
8.798835E+03	2.207752E-18	7.428116E-19
8.799035E+03	2.206732E-18	7.418858E-19
8.799236E+03	2.206105E-18	7.438081E-19
8.799436E+03	2.205477E-18	7.459030E-19
8.799636E+03	2.203516E-18	7.457775E-19
8.799835E+03	2.203359E-18	7.459737E-19
8.800035E+03	2.205948E-18	7.430470E-19
8.800236E+03	2.207752E-18	7.322115E-19
8.800435E+03	2.206340E-18	7.319996E-19
8.800636E+03	2.204300E-18	7.312856E-19
8.800835E+03	2.204536E-18	7.314661E-19
8.801035E+03	2.205242E-18	7.313563E-19
8.801235E+03	2.206968E-18	7.312464E-19
8.801435E+03	2.209086E-18	7.283433E-19
8.801635E+03	2.211048E-18	7.311052E-19
8.801835E+03	2.215049E-18	7.374841E-19
8.802035E+03	2.215442E-18	7.375940E-19
8.802235E+03	2.212460E-18	7.376724E-19
8.802435E+03	2.209479E-18	7.375547E-19
8.802635E+03	2.207596E-18	7.377273E-19
8.802835E+03	2.209479E-18	7.383315E-19
8.803035E+03	2.211362E-18	7.384021E-19
8.803235E+03	2.213480E-18	7.373350E-19
8.803435E+03	2.218109E-18	7.371781E-19
8.803635E+03	2.223916E-18	7.420427E-19
8.803835E+03	2.227839E-18	7.431020E-19
8.804035E+03	2.228702E-18	7.410227E-19
8.804235E+03	2.227917E-18	7.388101E-19
8.804436E+03	2.229251E-18	7.357030E-19
8.804636E+03	2.227682E-18	7.359227E-19
8.804836E+03	2.228937E-18	7.343221E-19
8.805036E+03	2.229722E-18	7.302186E-19
8.805236E+03	2.230036E-18	7.303990E-19
8.805436E+03	2.229957E-18	7.297321E-19
8.805636E+03	2.229800E-18	7.305010E-19
8.805836E+03	2.233409E-18	7.316701E-19
8.806036E+03	2.239451E-18	7.298655E-19
8.806236E+03	2.243060E-18	7.302186E-19
8.806436E+03	2.243531E-18	7.305481E-19
8.806636E+03	2.247140E-18	7.321723E-19
8.806836E+03	2.248631E-18	7.324783E-19
8.807036E+03	2.240392E-18	7.318270E-19
8.807236E+03	2.233959E-18	7.299675E-19
8.807436E+03	2.234665E-18	7.290495E-19
8.807636E+03	2.236783E-18	7.362680E-19
8.807836E+03	2.238588E-18	7.369898E-19
8.808036E+03	2.241099E-18	7.357893E-19
8.808236E+03	2.244237E-18	7.332472E-19
8.808436E+03	2.246826E-18	7.320075E-19
8.808636E+03	2.248709E-18	7.356795E-19
8.808836E+03	2.250828E-18	7.413052E-19
8.809036E+03	2.250749E-18	7.347929E-19
8.809236E+03	2.249651E-18	7.469309E-19
8.809436E+03	2.250985E-18	7.544318E-19
8.809637E+03	2.253731E-18	7.601046E-19
8.809837E+03	2.252633E-18	7.581274E-19
8.810037E+03	2.251613E-18	7.563777E-19
8.810237E+03	2.252554E-18	7.567150E-19
8.810437E+03	2.254437E-18	7.555538E-19
8.810637E+03	2.254594E-18	7.558363E-19
8.810837E+03	2.251220E-18	7.609127E-19
8.811037E+03	2.250749E-18	7.704223E-19
8.811237E+03	2.252868E-18	7.728311E-19
8.811437E+03	2.254751E-18	7.725957E-19
8.811637E+03	2.256477E-18	7.770366E-19
8.811837E+03	2.258753E-18	7.869698E-19
8.812037E+03	2.263853E-18	7.889314E-19
8.812237E+03	2.265657E-18	7.915991E-19
8.812437E+03	2.266285E-18	7.955222E-19
8.812637E+03	2.271306E-18	8.036037E-19
8.812836E+03	2.276014E-18	7.990529E-19
8.813037E+03	2.278054E-18	7.988960E-19
8.813237E+03	2.280722E-18	7.871268E-19
8.813436E+03	2.280957E-18	7.864206E-19
8.813637E+03	2.278054E-18	7.810617E-19
8.813836E+03	2.273660E-18	7.727212E-19
8.814036E+03	2.270993E-18	7.713717E-19
8.814236E+03	2.268639E-18	7.632274E-19
8.814436E+03	2.267697E-18	7.672524E-19
8.814637E+03	2.267540E-18	7.869698E-19
8.814837E+03	2.266520E-18	7.980329E-19
8.815037E+03	2.263303E-18	8.002298E-19
8.815237E+03	2.258753E-18	8.006222E-19
8.815437E+03	2.257340E-18	7.996806E-19
8.815637E+03	2.258439E-18	8.092529E-19
8.815837E+03	2.259851E-18	8.220422E-19
8.816037E+03	2.258282E-18	8.239252E-19
8.816237E+03	2.255928E-18	8.197668E-19
8.816437E+03	2.257654E-18	8.185899E-19
8.816637E+03	2.260479E-18	8.223560E-19
8.816837E+03	2.262205E-18	8.271422E-19
8.817037E+03	2.260086E-18	8.309083E-19
8.817237E+03	2.254516E-18	8.411868E-19
8.817437E+03	2.252554E-18	8.506807E-19
8.817637E+03	2.254280E-18	8.519360E-19
8.817837E+03	2.255771E-18	8.493468E-19
8.818037E+03	2.254673E-18	8.451099E-19
8.818237E+03	2.250671E-18	8.454237E-19
8.818437E+03	2.248474E-18	8.445607E-19
8.818637E+03	2.245492E-18	8.471499E-19
8.818837E+03	2.242511E-18	8.555453E-19
8.819037E+03	2.240549E-18	8.605668E-19
8.819237E+03	2.240079E-18	8.615868E-19
8.819437E+03	2.236234E-18	8.609591E-19
8.819637E+03	2.230977E-18	8.584484E-19
8.819838E+03	2.228859E-18	8.593899E-19
8.820038E+03	2.227132E-18	8.595468E-19
8.820238E+03	2.228702E-18	8.595468E-19
8.820438E+03	2.231056E-18	8.578991E-19
8.820638E+03	2.228309E-18	8.549176E-19
8.820838E+03	2.225799E-18	8.549960E-19
8.821038E+03	2.224700E-18	8.583699E-19
8.821238E+03	2.222660E-18	8.585268E-19
8.821438E+03	2.222189E-18	8.611160E-19
8.821638E+03	2.225642E-18	8.640191E-19
8.821838E+03	2.230899E-18	8.630776E-19
8.822038E+03	2.227917E-18	8.602530E-19
8.822238E+03	2.234665E-18	8.604099E-19
8.822438E+03	2.232703E-18	8.611160E-19
8.822638E+03	2.226426E-18	8.611160E-19
8.822838E+03	2.225406E-18	8.611945E-19
8.823038E+03	2.227525E-18	8.614299E-19
8.823238E+03	2.229643E-18	8.613514E-19
8.823438E+03	2.231291E-18	8.645684E-19
8.823638E+03	2.230899E-18	8.586053E-19
8.823838E+03	2.229094E-18	8.594684E-19
8.824038E+03	2.229722E-18	8.698253E-19
8.824238E+03	2.230036E-18	8.718653E-19
8.824438E+03	2.231919E-18	8.710807E-19
8.824638E+03	2.232625E-18	8.735914E-19
8.824839E+03	2.231448E-18	8.709237E-19
8.825039E+03	2.232546E-18	8.682561E-19
8.825239E+03	2.233488E-18	8.671576E-19
8.825439E+03	2.231997E-18	8.728068E-19
8.826039E+03	2.232311E-18	8.727284E-19
8.826238E+03	2.234665E-18	8.752391E-19
8.826439E+03	2.236156E-18	8.761807E-19
8.826638E+03	2.237254E-18	8.799468E-19
8.827438E+03	2.238274E-18	8.786130E-19
8.827838E+03	2.237882E-18	8.776714E-19
8.829038E+03	2.239451E-18	8.779068E-19
8.829638E+03	2.242197E-18	8.756314E-19
8.829838E+03	2.240471E-18	8.764161E-19
8.830039E+03	2.239529E-18	8.812807E-19
8.830239E+03	2.245100E-18	8.885776E-19
8.830439E+03	2.251691E-18	8.894407E-19
8.830639E+03	2.253888E-18	8.893622E-19
8.830839E+03	2.251769E-18	8.904607E-19
8.831039E+03	2.246434E-18	8.907745E-19
8.831239E+03	2.239059E-18	8.921868E-19
8.831439E+03	2.233409E-18	8.923438E-19
8.831639E+03	2.228702E-18	8.921868E-19
8.831839E+03	2.228780E-18	8.914807E-19
8.832039E+03	2.234822E-18	8.880284E-19
8.832239E+03	2.238902E-18	8.895976E-19
8.832439E+03	2.234979E-18	8.905391E-19
8.832639E+03	2.227446E-18	8.914022E-19
8.832839E+03	2.223759E-18	8.954038E-19
8.833039E+03	2.223837E-18	8.988561E-19
8.833239E+03	2.225877E-18	8.899899E-19
8.833839E+03	2.226897E-18	8.840268E-19
8.834039E+03	2.229016E-18	8.865376E-19
8.834239E+03	2.228859E-18	8.887345E-19
8.834439E+03	2.225406E-18	8.917945E-19
8.834639E+03	2.223523E-18	8.917945E-19
8.834839E+03	2.222268E-18	8.906176E-19
8.835039E+03	2.218972E-18	8.891268E-19
8.835240E+03	2.215677E-18	8.864591E-19
8.835440E+03	2.210656E-18	8.867730E-19
8.835640E+03	2.204300E-18	8.837914E-19
8.835840E+03	2.198729E-18	8.838699E-19
8.836040E+03	2.191903E-18	8.833991E-19
8.836240E+03	2.184842E-18	8.919515E-19
8.836440E+03	2.184136E-18	9.012884E-19
8.838840E+03	2.189628E-18	9.036422E-19
8.839040E+03	2.192923E-18	9.037992E-19
8.839239E+03	2.194571E-18	9.048192E-19
8.839440E+03	2.194649E-18	9.068592E-19
8.839639E+03	2.193237E-18	9.093699E-19
8.839839E+03	2.193002E-18	9.110961E-19
8.840039E+03	2.191903E-18	9.114884E-19
8.840240E+03	2.190491E-18	9.106253E-19
8.840440E+03	2.186411E-18	9.048976E-19
8.840640E+03	2.183429E-18	9.031715E-19
8.840840E+03	2.185626E-18	9.045053E-19
8.841040E+03	2.186176E-18	9.041130E-19
8.841240E+03	2.184842E-18	9.053684E-19
8.841440E+03	2.186176E-18	9.117238E-19
8.841640E+03	2.187980E-18	9.124299E-19
8.841840E+03	2.188059E-18	9.123515E-19
8.842040E+03	2.189236E-18	9.136853E-19
8.842240E+03	2.191511E-18	9.187853E-19
8.842440E+03	2.192296E-18	9.200407E-19
8.842640E+03	2.188372E-18	9.199622E-19
8.842840E+03	2.184999E-18	9.198838E-19
8.843040E+03	2.183979E-18	9.205115E-19
8.843240E+03	2.180291E-18	9.201976E-19
8.843440E+03	2.171503E-18	9.200407E-19
8.843640E+03	2.168051E-18	9.210607E-19
8.843840E+03	2.171032E-18	9.173730E-19
8.844040E+03	2.169620E-18	9.193346E-19
8.844240E+03	2.170405E-18	9.189422E-19
8.844440E+03	2.173151E-18	9.128222E-19
8.844640E+03	2.173857E-18	9.119592E-19
8.844840E+03	2.171896E-18	9.169807E-19
8.845040E+03	2.170640E-18	9.253761E-19
8.845240E+03	2.174014E-18	9.288284E-19
8.845441E+03	2.176289E-18	9.221592E-19
8.845641E+03	2.176289E-18	9.248269E-19
8.845841E+03	2.178251E-18	9.239638E-19
8.846041E+03	2.182017E-18	9.260038E-19
8.846241E+03	2.182017E-18	9.319669E-19
8.846441E+03	2.179036E-18	9.437361E-19
8.846641E+03	2.179036E-18	9.491500E-19
8.846841E+03	2.179428E-18	9.482084E-19
8.847041E+03	2.179036E-18	9.482084E-19
8.847241E+03	2.178408E-18	9.477377E-19
8.847441E+03	2.176996E-18	9.481300E-19
8.847641E+03	2.176368E-18	9.506407E-19
8.847841E+03	2.173229E-18	9.506407E-19
8.848041E+03	2.170091E-18	9.550346E-19
8.848241E+03	2.170719E-18	9.595069E-19
8.848441E+03	2.170797E-18	9.584869E-19
8.848641E+03	2.170248E-18	9.555054E-19
8.848841E+03	2.173151E-18	9.544854E-19
8.849041E+03	2.176054E-18	9.547207E-19
8.849241E+03	2.179192E-18	9.506407E-19
8.849441E+03	2.181389E-18	9.522884E-19
8.849641E+03	2.183822E-18	9.551130E-19
8.849841E+03	2.188765E-18	9.574669E-19
8.850041E+03	2.193943E-18	9.579377E-19
8.850842E+03	2.197003E-18	9.577023E-19
8.852242E+03	2.199592E-18	9.573100E-19
8.852442E+03	2.198494E-18	9.580161E-19
8.852641E+03	2.197239E-18	9.622530E-19
8.852841E+03	2.195905E-18	9.594284E-19
8.853041E+03	2.193943E-18	9.582515E-19
8.853241E+03	2.195199E-18	9.584084E-19
8.853441E+03	2.200848E-18	9.603700E-19
8.854041E+03	2.205948E-18	9.659407E-19
8.854241E+03	2.207125E-18	9.668038E-19
8.854441E+03	2.208223E-18	9.668823E-19
8.854641E+03	2.209008E-18	9.668823E-19
8.854841E+03	2.210891E-18	9.674315E-19
8.855041E+03	2.213559E-18	9.671177E-19
8.855241E+03	2.213402E-18	9.668038E-19
8.855441E+03	2.211989E-18	9.666469E-19
8.855642E+03	2.209086E-18	9.686084E-19
8.855842E+03	2.206419E-18	9.735515E-19
8.856042E+03	2.202966E-18	9.773177E-19
8.856242E+03	2.201476E-18	9.774746E-19
8.856442E+03	2.203986E-18	9.766900E-19
8.856642E+03	2.205163E-18	9.788084E-19
8.856842E+03	2.206732E-18	9.853992E-19
8.857042E+03	2.206889E-18	9.870469E-19
8.857242E+03	2.203123E-18	9.824177E-19
8.857442E+03	2.200142E-18	9.813977E-19
8.857642E+03	2.198337E-18	9.814761E-19
8.857842E+03	2.198416E-18	9.829669E-19
8.858042E+03	2.202966E-18	9.882238E-19
8.858242E+03	2.207203E-18	9.890085E-19
8.858442E+03	2.207909E-18	9.832808E-19
8.858642E+03	2.207674E-18	9.831238E-19
8.858842E+03	2.210263E-18	9.741792E-19
8.859042E+03	2.213480E-18	9.689223E-19
8.859242E+03	2.212774E-18	9.635869E-19
8.859442E+03	2.209792E-18	9.620961E-19
8.859642E+03	2.207596E-18	9.608407E-19
8.859842E+03	2.208302E-18	9.608407E-19
8.860042E+03	2.208537E-18	9.602915E-19
8.860242E+03	2.207203E-18	9.599777E-19
8.860442E+03	2.209086E-18	9.613115E-19
8.860642E+03	2.211754E-18	9.568392E-19
8.860843E+03	2.211205E-18	9.546423E-19
8.861043E+03	2.208616E-18	9.552700E-19
8.861243E+03	2.205948E-18	9.547207E-19
8.861443E+03	2.202417E-18	9.500915E-19
8.861643E+03	2.203359E-18	9.488361E-19
8.861843E+03	2.209479E-18	9.475807E-19
8.862043E+03	2.204849E-18	9.455407E-19
8.862243E+03	2.208616E-18	9.382438E-19
8.862443E+03	2.207203E-18	9.394992E-19
8.862643E+03	2.199592E-18	9.461684E-19
8.862843E+03	2.200377E-18	9.508761E-19
8.863043E+03	2.201711E-18	9.524453E-19
8.863243E+03	2.203516E-18	9.529161E-19
8.863443E+03	2.204379E-18	9.528377E-19
8.863643E+03	2.199436E-18	9.507977E-19
8.863843E+03	2.196140E-18	9.559761E-19
8.864043E+03	2.198729E-18	9.570746E-19
8.864243E+03	2.198337E-18	9.410684E-19
8.864442E+03	2.195199E-18	9.320453E-19
8.864642E+03	2.195748E-18	9.300053E-19
8.864843E+03	2.199828E-18	9.296130E-19
8.865042E+03	2.203751E-18	9.298484E-19
8.865243E+03	2.203594E-18	9.220807E-19
8.865442E+03	2.202339E-18	9.120376E-19
8.865642E+03	2.207439E-18	9.103899E-19
8.865843E+03	2.196140E-18	9.147053E-19
8.866043E+03	2.182959E-18	9.205899E-19
8.866243E+03	2.171346E-18	9.166669E-19
8.866443E+03	2.161382E-18	9.115669E-19
8.866643E+03	2.151417E-18	9.069376E-19
8.866843E+03	2.141766E-18	8.965022E-19
8.867043E+03	2.134155E-18	8.866161E-19
8.867243E+03	2.126309E-18	8.865376E-19
8.867443E+03	2.118777E-18	8.895976E-19
8.868443E+03	2.112186E-18	8.899115E-19
8.868643E+03	2.109126E-18	8.893622E-19
8.869843E+03	2.108420E-18	8.895976E-19
8.870043E+03	2.109519E-18	8.877930E-19
8.870243E+03	2.114226E-18	8.803391E-19
8.870443E+03	2.118149E-18	8.746114E-19
8.870643E+03	2.119954E-18	8.731207E-19
8.870843E+03	2.122072E-18	8.734345E-19
8.871044E+03	2.117443E-18	8.717868E-19
8.871244E+03	2.109519E-18	8.717868E-19
8.871444E+03	2.107557E-18	8.786914E-19
8.871644E+03	2.107322E-18	8.804176E-19
8.871844E+03	2.105831E-18	8.801822E-19
8.872044E+03	2.103712E-18	8.801038E-19
8.872244E+03	2.101986E-18	8.812807E-19
8.872444E+03	2.099554E-18	8.826145E-19
8.872644E+03	2.096259E-18	8.852038E-19
8.872844E+03	2.096180E-18	8.823007E-19
8.873044E+03	2.099475E-18	8.842622E-19
8.873244E+03	2.099319E-18	8.855176E-19
8.873444E+03	2.094532E-18	8.848899E-19
8.873644E+03	2.089746E-18	8.848899E-19
8.873844E+03	2.085980E-18	8.836345E-19
8.874044E+03	2.081822E-18	8.835561E-19
8.874244E+03	2.078369E-18	8.826145E-19
8.874444E+03	2.076722E-18	8.823007E-19
8.874644E+03	2.077035E-18	8.834776E-19
8.874844E+03	2.077820E-18	8.790053E-19
8.875044E+03	2.075623E-18	8.859099E-19
8.875244E+03	2.070209E-18	8.897545E-19
8.875444E+03	2.065659E-18	8.779853E-19
8.875644E+03	2.063148E-18	8.770438E-19
8.875844E+03	2.060009E-18	8.786914E-19
8.876044E+03	2.055459E-18	8.771222E-19
8.876245E+03	2.049260E-18	8.806530E-19
8.876445E+03	2.041963E-18	8.850468E-19
8.876645E+03	2.035843E-18	8.863022E-19
8.876845E+03	2.031998E-18	8.829284E-19
8.877044E+03	2.029095E-18	8.938345E-19
8.877245E+03	2.025878E-18	8.998761E-19
8.877444E+03	2.023211E-18	9.041915E-19
8.877645E+03	2.020778E-18	9.009745E-19
8.877844E+03	2.018660E-18	9.027007E-19
8.878044E+03	2.018032E-18	9.029361E-19
8.878245E+03	2.018817E-18	9.035638E-19
8.878444E+03	2.019209E-18	9.048192E-19
8.878644E+03	2.016463E-18	9.037992E-19
8.878844E+03	2.010814E-18	8.987776E-19
8.879044E+03	2.005557E-18	8.932853E-19
8.879244E+03	2.001320E-18	8.921084E-19
8.879444E+03	2.000771E-18	8.944622E-19
8.879644E+03	2.003438E-18	8.932068E-19
8.879844E+03	2.004772E-18	9.012884E-19
8.880044E+03	2.005871E-18	9.022299E-19
8.880244E+03	2.008382E-18	9.043484E-19
8.880444E+03	2.007597E-18	9.071730E-19
8.880644E+03	2.007597E-18	9.078007E-19
8.880844E+03	2.008382E-18	9.063099E-19
8.881044E+03	2.011598E-18	9.013668E-19
8.881245E+03	2.013560E-18	9.008176E-19
8.881445E+03	2.012854E-18	9.005038E-19
8.881645E+03	2.013325E-18	8.963453E-19
8.881845E+03	2.014423E-18	8.921868E-19
8.882045E+03	2.013717E-18	8.932068E-19
8.882245E+03	2.013246E-18	8.919515E-19
8.882445E+03	2.014894E-18	8.888130E-19
8.882645E+03	2.017562E-18	8.840268E-19
8.882845E+03	2.019131E-18	8.793976E-19
8.883045E+03	2.016071E-18	8.842622E-19
8.883245E+03	2.010578E-18	8.908530E-19
8.883645E+03	2.008225E-18	8.919515E-19
8.883845E+03	2.007832E-18	8.931284E-19
8.884045E+03	2.007754E-18	8.948545E-19
8.884245E+03	2.008303E-18	8.944622E-19
8.884445E+03	2.006812E-18	8.952468E-19
8.884645E+03	2.006185E-18	8.945407E-19
8.884845E+03	2.008225E-18	8.848899E-19
8.885045E+03	2.006655E-18	8.774361E-19
8.885245E+03	2.001398E-18	8.746114E-19
8.885445E+03	1.998495E-18	8.742191E-19
8.885645E+03	1.995828E-18	8.834776E-19
8.885845E+03	1.989472E-18	8.914022E-19
8.888046E+03	1.988217E-18	8.927361E-19
8.888246E+03	1.993238E-18	8.906961E-19
8.888446E+03	1.992375E-18	8.900684E-19
8.888646E+03	1.992062E-18	8.941484E-19
8.888846E+03	1.994729E-18	9.018376E-19
8.889246E+03	1.998338E-18	9.032499E-19
8.889446E+03	2.002654E-18	9.030930E-19
8.889646E+03	2.002026E-18	9.035638E-19
8.889846E+03	2.000849E-18	9.012884E-19
8.890046E+03	2.000143E-18	8.946192E-19
8.890246E+03	1.998966E-18	8.939915E-19
8.890445E+03	1.998025E-18	8.958745E-19
8.890646E+03	1.998260E-18	8.919515E-19
8.890845E+03	1.997868E-18	8.869299E-19
8.891046E+03	1.995122E-18	8.853607E-19
8.891245E+03	1.993395E-18	8.885776E-19
8.891446E+03	1.993552E-18	8.926576E-19
8.891646E+03	1.993317E-18	8.921868E-19
8.891846E+03	1.994729E-18	8.963453E-19
8.892046E+03	1.996063E-18	8.978361E-19
8.892246E+03	1.996298E-18	8.968945E-19
8.892446E+03	1.995043E-18	8.998761E-19
8.892646E+03	1.993003E-18	8.986207E-19
8.892846E+03	1.993160E-18	8.982284E-19
8.893046E+03	1.996298E-18	8.981499E-19
8.893246E+03	1.997946E-18	8.945407E-19
8.893446E+03	1.996377E-18	8.894407E-19
8.893646E+03	1.996534E-18	8.839484E-19
8.893846E+03	1.998025E-18	8.862238E-19
8.894046E+03	1.998495E-18	8.884991E-19
8.894246E+03	2.000143E-18	8.848115E-19
8.894446E+03	2.002340E-18	8.849684E-19
8.894646E+03	2.001948E-18	8.891268E-19
8.894846E+03	1.998966E-18	8.863807E-19
8.895046E+03	1.997162E-18	8.744545E-19
8.895246E+03	1.997318E-18	8.689622E-19
8.895446E+03	1.997711E-18	8.680991E-19
8.895646E+03	1.996142E-18	8.690407E-19
8.895846E+03	1.994572E-18	8.690407E-19
8.896046E+03	1.993866E-18	8.688053E-19
8.896246E+03	1.992846E-18	8.664514E-19
8.896446E+03	1.993709E-18	8.665299E-19
8.896647E+03	1.996612E-18	8.594684E-19
8.896847E+03	1.999123E-18	8.553884E-19
8.897047E+03	2.002262E-18	8.575853E-19
8.897247E+03	2.006577E-18	8.634699E-19
8.897447E+03	2.009245E-18	8.760238E-19
8.897647E+03	2.009637E-18	8.750038E-19
8.897847E+03	2.010578E-18	8.799468E-19
8.898047E+03	2.014345E-18	8.793191E-19
8.898247E+03	2.018817E-18	8.762591E-19
8.898447E+03	2.019837E-18	8.740622E-19
8.898647E+03	2.018032E-18	8.735914E-19
8.898847E+03	2.015208E-18	8.735130E-19
8.899047E+03	2.014345E-18	8.735130E-19
8.899247E+03	2.015051E-18	8.725714E-19
8.899447E+03	2.015051E-18	8.732776E-19
8.899647E+03	2.016620E-18	8.746899E-19
8.899847E+03	2.017954E-18	8.742191E-19
8.900047E+03	2.018032E-18	8.742976E-19
8.900247E+03	2.017405E-18	8.724145E-19
8.900447E+03	2.018425E-18	8.666084E-19
8.900647E+03	2.022662E-18	8.709237E-19
8.900847E+03	2.027212E-18	8.724145E-19
8.901047E+03	2.030037E-18	8.721791E-19
8.901247E+03	2.029174E-18	8.711591E-19
8.901447E+03	2.025643E-18	8.711591E-19
8.901647E+03	2.023446E-18	8.712376E-19
8.901848E+03	2.020857E-18	8.725714E-19
8.902048E+03	2.021092E-18	8.751607E-19
8.902248E+03	2.025643E-18	8.696684E-19
8.902448E+03	2.027683E-18	8.642545E-19
8.902648E+03	2.026898E-18	8.627637E-19
8.902847E+03	2.028311E-18	8.662161E-19
8.903048E+03	2.029566E-18	8.691191E-19
8.903247E+03	2.028703E-18	8.629991E-19
8.904447E+03	2.027526E-18	8.589976E-19
8.905047E+03	2.028782E-18	8.602530E-19
8.905247E+03	2.028154E-18	8.638622E-19
8.905447E+03	2.025643E-18	8.651961E-19
8.905647E+03	2.025486E-18	8.684914E-19
8.905847E+03	2.026192E-18	8.650391E-19
8.906047E+03	2.025015E-18	8.686484E-19
8.906247E+03	2.024858E-18	8.756314E-19
8.906447E+03	2.026820E-18	8.774361E-19
8.906647E+03	2.030272E-18	8.844191E-19
8.906848E+03	2.033254E-18	8.838699E-19
8.907048E+03	2.036942E-18	8.838699E-19
8.907248E+03	2.043532E-18	8.878715E-19
8.907448E+03	2.050829E-18	8.940699E-19
8.907648E+03	2.051771E-18	8.940699E-19
8.907848E+03	2.052634E-18	8.929715E-19
8.908048E+03	2.054282E-18	8.929715E-19
8.908248E+03	2.056949E-18	8.895191E-19
8.908448E+03	2.059303E-18	8.882638E-19
8.908648E+03	2.059617E-18	8.882638E-19
8.908848E+03	2.060480E-18	8.881068E-19
8.909048E+03	2.063854E-18	8.855176E-19
8.909248E+03	2.070366E-18	8.833207E-19
8.909448E+03	2.073348E-18	8.855961E-19
8.909648E+03	2.073426E-18	8.898330E-19
8.909848E+03	2.071779E-18	8.971299E-19
8.910448E+03	2.070837E-18	8.974438E-19
8.910648E+03	2.072014E-18	8.972084E-19
8.910848E+03	2.072955E-18	8.924222E-19
8.911048E+03	2.073583E-18	8.860668E-19
8.911248E+03	2.074368E-18	8.835561E-19
8.911448E+03	2.075466E-18	8.834776E-19
8.911648E+03	2.075545E-18	8.831638E-19
8.911848E+03	2.074839E-18	8.833991E-19
8.912049E+03	2.072955E-18	8.796330E-19
8.912249E+03	2.069268E-18	8.784561E-19
8.912449E+03	2.068091E-18	8.804176E-19
8.912649E+03	2.069503E-18	8.787699E-19
8.912849E+03	2.069817E-18	8.787699E-19
8.913049E+03	2.071151E-18	8.786914E-19
8.913249E+03	2.074289E-18	8.805745E-19
8.913449E+03	2.075937E-18	8.846545E-19
8.913649E+03	2.076879E-18	8.863022E-19
8.913849E+03	2.080409E-18	8.885776E-19
8.914049E+03	2.083312E-18	8.877930E-19
8.914249E+03	2.084568E-18	8.833991E-19
8.914449E+03	2.084489E-18	8.832422E-19
8.914649E+03	2.086843E-18	8.832422E-19
8.914849E+03	2.091708E-18	8.832422E-19
8.915049E+03	2.095552E-18	8.865376E-19
8.915249E+03	2.097828E-18	8.972084E-19
8.915449E+03	2.102300E-18	8.999545E-19
8.915649E+03	2.108891E-18	8.970515E-19
8.915849E+03	2.111323E-18	8.971299E-19
8.916049E+03	2.109675E-18	8.994053E-19
8.916248E+03	2.107871E-18	9.012884E-19
8.916449E+03	2.107714E-18	9.005822E-19
8.916648E+03	2.107871E-18	9.014453E-19
8.916849E+03	2.107557E-18	9.059961E-19
8.917048E+03	2.109989E-18	9.118022E-19
8.917249E+03	2.115874E-18	9.137638E-19
8.917449E+03	2.118777E-18	9.151761E-19
8.917649E+03	2.119483E-18	9.168238E-19
8.917849E+03	2.121052E-18	9.125084E-19
8.918049E+03	2.122857E-18	9.106253E-19
8.918249E+03	2.123642E-18	9.107038E-19
8.918449E+03	2.124819E-18	9.106253E-19
8.918649E+03	2.125446E-18	9.082715E-19
8.918849E+03	2.125760E-18	9.016807E-19
8.919049E+03	2.126859E-18	8.990915E-19
8.919249E+03	2.127015E-18	8.986992E-19
8.919449E+03	2.127172E-18	8.936776E-19
8.919649E+03	2.128035E-18	8.923438E-19
8.919849E+03	2.127643E-18	8.926576E-19
8.921849E+03	2.130311E-18	8.928930E-19
8.922049E+03	2.135175E-18	8.932853E-19
8.922250E+03	2.139491E-18	8.938345E-19
8.922450E+03	2.142159E-18	8.945407E-19
8.922650E+03	2.141060E-18	8.956392E-19
8.922850E+03	2.138314E-18	8.954038E-19
8.923050E+03	2.138079E-18	8.965022E-19
8.923250E+03	2.141060E-18	8.901468E-19
8.923450E+03	2.144748E-18	8.881068E-19
8.923650E+03	2.146474E-18	8.943838E-19
8.923850E+03	2.146082E-18	8.968161E-19
8.924050E+03	2.147494E-18	8.954038E-19
8.924250E+03	2.149612E-18	8.938345E-19
8.924450E+03	2.150946E-18	8.896761E-19
8.924650E+03	2.151103E-18	8.833207E-19
8.924850E+03	2.149769E-18	8.830068E-19
8.925050E+03	2.149063E-18	8.824576E-19
8.925250E+03	2.150005E-18	8.754745E-19
8.925450E+03	2.149142E-18	8.706884E-19
8.925650E+03	2.148906E-18	8.660591E-19
8.925850E+03	2.152280E-18	8.608807E-19
8.926050E+03	2.155654E-18	8.570360E-19
8.926250E+03	2.156909E-18	8.568007E-19
8.926450E+03	2.157694E-18	8.582130E-19
8.926650E+03	2.160126E-18	8.571145E-19
8.926850E+03	2.164285E-18	8.615868E-19
8.927050E+03	2.167109E-18	8.655099E-19
8.927250E+03	2.166796E-18	8.648037E-19
8.927451E+03	2.165383E-18	8.662945E-19
8.927651E+03	2.163579E-18	8.645684E-19
8.927851E+03	2.161382E-18	8.644114E-19
8.928051E+03	2.160676E-18	8.552314E-19
8.928251E+03	2.162088E-18	8.523283E-19
8.928451E+03	2.160832E-18	8.498960E-19
8.928650E+03	2.159969E-18	8.489545E-19
8.928851E+03	2.161460E-18	8.507591E-19
8.929251E+03	2.163422E-18	8.528776E-19
8.929451E+03	2.165697E-18	8.521714E-19
8.929650E+03	2.168051E-18	8.560160E-19
8.929851E+03	2.173308E-18	8.571145E-19
8.930250E+03	2.181076E-18	8.570360E-19
8.930450E+03	2.183508E-18	8.546037E-19
8.930650E+03	2.179663E-18	8.522499E-19
8.930850E+03	2.176132E-18	8.522499E-19
8.931050E+03	2.179428E-18	8.521714E-19
8.931250E+03	2.183586E-18	8.520145E-19
8.931450E+03	2.185783E-18	8.520145E-19
8.931650E+03	2.185940E-18	8.480914E-19
8.931850E+03	2.185312E-18	8.414222E-19
8.932050E+03	2.184136E-18	8.404022E-19
8.932250E+03	2.180919E-18	8.390683E-19
8.932451E+03	2.175505E-18	8.374206E-19
8.932651E+03	2.171660E-18	8.378130E-19
8.932851E+03	2.171660E-18	8.375776E-19
8.933051E+03	2.172916E-18	8.386760E-19
8.933251E+03	2.176054E-18	8.396960E-19
8.933451E+03	2.179428E-18	8.379699E-19
8.933651E+03	2.179820E-18	8.383622E-19
8.933851E+03	2.185705E-18	8.400099E-19
8.934051E+03	2.192139E-18	8.303591E-19
8.934251E+03	2.194336E-18	8.177268E-19
8.934451E+03	2.193708E-18	8.128622E-19
8.934651E+03	2.193237E-18	8.129406E-19
8.934851E+03	2.193316E-18	8.124699E-19
8.935051E+03	2.195042E-18	8.079191E-19
8.935251E+03	2.198808E-18	7.985037E-19
8.935451E+03	2.203280E-18	7.981114E-19
8.935651E+03	2.206026E-18	8.007006E-19
8.935851E+03	2.205320E-18	8.000729E-19
8.936051E+03	2.201554E-18	8.015637E-19
8.936251E+03	2.197709E-18	8.028191E-19
8.936451E+03	2.196846E-18	8.028191E-19
8.936651E+03	2.198180E-18	8.056437E-19
8.936851E+03	2.202103E-18	8.087037E-19
8.937051E+03	2.207517E-18	8.070560E-19
8.937251E+03	2.211597E-18	8.074483E-19
8.937451E+03	2.214108E-18	8.062714E-19
8.937652E+03	2.216462E-18	8.028191E-19
8.937852E+03	2.216776E-18	8.033683E-19
8.938052E+03	2.213951E-18	7.983468E-19
8.938252E+03	2.211205E-18	7.974052E-19
8.938452E+03	2.209008E-18	7.969345E-19
8.938652E+03	2.204692E-18	7.939529E-19
8.938852E+03	2.200299E-18	7.926191E-19
8.939052E+03	2.199279E-18	7.924621E-19
8.939252E+03	2.200377E-18	7.926191E-19
8.939452E+03	2.200848E-18	7.920698E-19
8.939652E+03	2.200220E-18	7.911283E-19
8.939852E+03	2.198494E-18	7.879898E-19
8.940052E+03	2.198023E-18	7.812657E-19
8.940252E+03	2.199985E-18	7.819797E-19
8.940452E+03	2.202574E-18	7.925406E-19
8.940652E+03	2.204928E-18	7.977975E-19
8.940852E+03	2.207752E-18	7.937960E-19
8.941052E+03	2.210420E-18	7.874406E-19
8.941252E+03	2.210969E-18	7.877545E-19
8.941452E+03	2.209008E-18	7.854006E-19
8.941651E+03	2.208302E-18	7.850083E-19
8.941852E+03	2.210812E-18	7.850868E-19
8.942051E+03	2.212852E-18	7.854791E-19
8.942252E+03	2.212068E-18	7.866560E-19
8.942451E+03	2.210734E-18	7.865775E-19
8.942651E+03	2.212146E-18	7.875191E-19
8.942852E+03	2.215991E-18	7.875191E-19
8.943052E+03	2.219208E-18	7.868129E-19
8.943252E+03	2.221876E-18	7.856360E-19
8.943452E+03	2.226191E-18	7.778212E-19
8.944252E+03	2.231526E-18	7.723446E-19
8.944652E+03	2.233252E-18	7.782684E-19
8.945652E+03	2.231683E-18	7.715678E-19
8.945852E+03	2.232703E-18	7.700692E-19
8.946052E+03	2.233959E-18	7.698024E-19
8.946252E+03	2.234037E-18	7.704537E-19
8.946452E+03	2.237176E-18	7.721563E-19
8.946652E+03	2.238588E-18	7.727291E-19
8.946852E+03	2.236940E-18	7.839961E-19
8.947052E+03	2.232782E-18	7.918345E-19
8.947252E+03	2.235057E-18	7.871268E-19
8.947452E+03	2.233566E-18	7.850083E-19
8.947652E+03	2.236940E-18	7.873621E-19
8.947853E+03	2.237568E-18	7.944237E-19
8.948053E+03	2.239294E-18	8.059575E-19
8.948253E+03	2.241412E-18	8.108222E-19
8.948453E+03	2.240863E-18	8.043098E-19
8.948653E+03	2.240628E-18	8.020345E-19
8.948853E+03	2.239294E-18	8.020345E-19
8.949053E+03	2.240392E-18	8.025052E-19
8.949253E+03	2.244629E-18	8.076837E-19
8.949453E+03	2.247532E-18	8.157652E-19
8.949653E+03	2.249965E-18	8.141960E-19
8.949853E+03	2.253809E-18	8.149022E-19
8.950053E+03	2.255928E-18	8.154514E-19
8.950253E+03	2.256399E-18	8.152160E-19
8.950453E+03	2.255222E-18	8.178052E-19
8.950653E+03	2.253339E-18	8.186683E-19
8.950853E+03	2.253025E-18	8.142745E-19
8.951053E+03	2.252476E-18	8.123914E-19
8.951253E+03	2.250828E-18	8.162360E-19
8.951453E+03	2.251220E-18	8.149806E-19
8.951653E+03	2.253339E-18	8.105083E-19
8.951853E+03	2.255693E-18	8.099591E-19
8.952053E+03	2.257183E-18	8.047806E-19
8.952253E+03	2.258282E-18	8.022698E-19
8.952453E+03	2.262911E-18	7.956791E-19
8.952653E+03	2.268168E-18	7.918345E-19
8.952853E+03	2.269973E-18	7.915206E-19
8.953054E+03	2.269188E-18	7.799711E-19
8.953254E+03	2.271071E-18	7.798298E-19
8.953454E+03	2.277191E-18	7.802300E-19
8.953654E+03	2.280800E-18	7.774603E-19
8.953854E+03	2.280643E-18	7.713011E-19
8.954054E+03	2.280408E-18	7.728546E-19
8.954254E+03	2.278211E-18	7.742120E-19
8.954453E+03	2.273268E-18	7.742434E-19
8.954654E+03	2.271071E-18	7.731684E-19
8.954853E+03	2.272326E-18	7.745101E-19
8.955053E+03	2.271934E-18	7.758126E-19
8.955254E+03	2.270208E-18	7.757341E-19
8.955453E+03	2.268089E-18	7.751692E-19
8.955654E+03	2.265893E-18	7.718817E-19
8.955853E+03	2.266677E-18	7.680292E-19
8.956053E+03	2.271228E-18	7.590610E-19
8.956253E+03	2.277662E-18	7.469780E-19
8.956453E+03	2.282919E-18	7.467269E-19
8.956653E+03	2.286449E-18	7.508932E-19
8.956853E+03	2.288411E-18	7.542357E-19
8.957053E+03	2.287940E-18	7.580960E-19
8.957253E+03	2.286214E-18	7.620740E-19
8.957453E+03	2.284645E-18	7.614934E-19
8.957653E+03	2.282997E-18	7.621603E-19
8.957853E+03	2.281585E-18	7.631803E-19
8.960454E+03	2.280173E-18	7.665071E-19
8.960654E+03	2.278446E-18	7.615797E-19
8.960854E+03	2.278368E-18	7.585275E-19
8.961054E+03	2.279388E-18	7.581823E-19
8.961254E+03	2.279702E-18	7.607715E-19
8.961454E+03	2.281114E-18	7.631646E-19
8.961654E+03	2.285037E-18	7.615169E-19
8.961854E+03	2.289902E-18	7.594926E-19
8.962054E+03	2.291863E-18	7.569661E-19
8.962254E+03	2.293668E-18	7.557892E-19
8.962454E+03	2.295943E-18	7.531058E-19
8.962654E+03	2.298376E-18	7.542592E-19
8.962854E+03	2.303005E-18	7.582215E-19
8.963054E+03	2.305986E-18	7.634549E-19
8.963255E+03	2.305594E-18	7.667895E-19
8.963455E+03	2.304888E-18	7.623015E-19
8.963655E+03	2.305986E-18	7.509638E-19
8.963855E+03	2.308183E-18	7.460678E-19
8.964055E+03	2.307320E-18	7.464052E-19
8.964255E+03	2.304339E-18	7.483275E-19
8.964455E+03	2.305437E-18	7.463267E-19
8.964655E+03	2.306065E-18	7.442789E-19
8.964855E+03	2.311165E-18	7.458952E-19
8.965055E+03	2.316186E-18	7.487747E-19
8.965255E+03	2.313597E-18	7.441063E-19
8.965455E+03	2.313283E-18	7.406696E-19
8.965655E+03	2.316814E-18	7.380176E-19
8.965855E+03	2.319639E-18	7.366838E-19
8.966055E+03	2.321208E-18	7.321095E-19
8.966255E+03	2.321757E-18	7.291201E-19
8.966455E+03	2.319011E-18	7.293084E-19
8.966655E+03	2.313754E-18	7.295046E-19
8.966855E+03	2.309439E-18	7.295752E-19
8.967055E+03	2.307869E-18	7.296223E-19
8.967255E+03	2.308733E-18	7.296458E-19
8.967454E+03	2.309753E-18	7.295438E-19
8.967655E+03	2.311636E-18	7.294575E-19
8.967854E+03	2.315245E-18	7.294183E-19
8.968055E+03	2.313989E-18	7.298812E-19
8.968254E+03	2.307948E-18	7.304853E-19
8.968456E+03	2.304339E-18	7.312386E-19
8.968655E+03	2.303633E-18	7.321487E-19
8.968855E+03	2.302063E-18	7.330432E-19
8.969055E+03	2.300102E-18	7.345889E-19
8.969255E+03	2.299239E-18	7.341652E-19
8.969455E+03	2.299317E-18	7.328549E-19
8.969655E+03	2.300494E-18	7.348792E-19
8.969855E+03	2.302220E-18	7.434629E-19
8.970055E+03	2.304339E-18	7.416190E-19
8.970255E+03	2.306222E-18	7.337729E-19
8.970455E+03	2.308026E-18	7.286336E-19
8.970655E+03	2.309674E-18	7.279981E-19
8.970855E+03	2.309831E-18	7.283119E-19
8.971055E+03	2.308262E-18	7.293006E-19
8.971255E+03	2.306849E-18	7.288533E-19
8.971455E+03	2.306379E-18	7.272919E-19
8.971655E+03	2.305673E-18	7.287984E-19
8.971855E+03	2.303319E-18	7.332236E-19
8.972055E+03	2.299709E-18	7.274253E-19
8.972255E+03	2.298062E-18	7.320153E-19
8.972455E+03	2.299082E-18	7.419329E-19
8.972655E+03	2.298925E-18	7.440592E-19
8.972855E+03	2.295786E-18	7.445535E-19
8.973055E+03	2.291785E-18	7.418073E-19
8.973255E+03	2.289509E-18	7.417289E-19
8.973456E+03	2.287862E-18	7.384963E-19
8.973656E+03	2.284959E-18	7.341573E-19
8.973856E+03	2.281428E-18	7.367936E-19
8.974056E+03	2.277976E-18	7.353970E-19
8.974256E+03	2.275543E-18	7.343927E-19
8.974456E+03	2.274994E-18	7.348321E-19
8.974656E+03	2.274994E-18	7.342123E-19
8.974856E+03	2.272954E-18	7.357187E-19
8.975056E+03	2.268089E-18	7.361424E-19
8.975256E+03	2.265029E-18	7.346438E-19
8.975456E+03	2.265029E-18	7.315446E-19
8.975656E+03	2.264873E-18	7.307443E-19
8.975856E+03	2.263696E-18	7.301636E-19
8.976056E+03	2.262833E-18	7.242712E-19
8.976256E+03	2.262283E-18	7.373586E-19
8.976456E+03	2.260557E-18	7.471427E-19
8.976656E+03	2.257419E-18	7.472055E-19
8.976856E+03	2.254908E-18	7.500693E-19
8.977056E+03	2.252554E-18	7.511050E-19
8.977256E+03	2.251142E-18	7.511757E-19
8.977456E+03	2.249494E-18	7.515130E-19
8.977656E+03	2.246277E-18	7.558441E-19
8.977856E+03	2.244159E-18	7.553498E-19
8.978056E+03	2.245179E-18	7.584098E-19
8.978256E+03	2.246905E-18	7.618072E-19
8.978456E+03	2.248788E-18	7.635334E-19
8.978657E+03	2.250200E-18	7.624192E-19
8.978857E+03	2.250671E-18	7.649457E-19
8.979057E+03	2.251142E-18	7.679978E-19
8.979257E+03	2.249808E-18	7.686098E-19
8.979457E+03	2.250122E-18	7.728389E-19
8.979657E+03	2.251848E-18	7.745337E-19
8.979857E+03	2.250279E-18	7.742277E-19
8.980057E+03	2.248396E-18	7.726584E-19
8.980256E+03	2.249102E-18	7.734744E-19
8.980457E+03	2.251220E-18	7.734744E-19
8.980656E+03	2.254280E-18	7.735215E-19
8.980856E+03	2.249886E-18	7.734038E-19
8.981057E+03	2.246356E-18	7.761657E-19
8.981256E+03	2.243923E-18	7.760951E-19
8.981457E+03	2.240549E-18	7.758440E-19
8.981656E+03	2.237254E-18	7.751143E-19
8.981856E+03	2.240785E-18	7.725486E-19
8.982056E+03	2.243688E-18	7.732469E-19
8.982256E+03	2.240392E-18	7.720700E-19
8.982456E+03	2.236940E-18	7.708695E-19
8.982656E+03	2.234665E-18	7.701869E-19
8.982856E+03	2.232546E-18	7.662481E-19
8.983056E+03	2.232625E-18	7.639884E-19
8.983256E+03	2.232389E-18	7.640826E-19
8.983456E+03	2.229957E-18	7.641532E-19
8.983656E+03	2.230192E-18	7.612737E-19
8.983857E+03	2.233017E-18	7.600026E-19
8.984057E+03	2.236391E-18	7.596966E-19
8.984257E+03	2.237568E-18	7.600497E-19
8.984457E+03	2.234116E-18	7.604263E-19
8.984657E+03	2.232154E-18	7.677311E-19
8.984857E+03	2.232939E-18	7.690649E-19
8.985057E+03	2.233252E-18	7.689158E-19
8.985257E+03	2.234429E-18	7.718346E-19
8.985457E+03	2.234351E-18	7.760794E-19
8.985657E+03	2.230663E-18	7.759774E-19
8.985857E+03	2.227211E-18	7.777035E-19
8.986057E+03	2.225642E-18	7.777114E-19
8.986257E+03	2.224229E-18	7.792178E-19
8.986457E+03	2.222189E-18	7.725329E-19
8.986657E+03	2.219992E-18	7.599084E-19
8.986857E+03	2.218188E-18	7.531450E-19
8.987057E+03	2.216462E-18	7.486492E-19
8.987257E+03	2.215285E-18	7.477626E-19
8.987457E+03	2.213480E-18	7.467426E-19
8.987657E+03	2.208772E-18	7.460600E-19
8.987857E+03	2.204849E-18	7.470486E-19
8.988057E+03	2.205006E-18	7.471506E-19
8.988257E+03	2.207752E-18	7.478724E-19
8.989258E+03	2.211754E-18	7.466641E-19
8.989458E+03	2.215991E-18	7.469701E-19
8.989658E+03	2.220228E-18	7.472683E-19
8.990458E+03	2.221719E-18	7.479509E-19
8.990658E+03	2.220699E-18	7.477626E-19
8.990858E+03	2.220777E-18	7.469623E-19
8.991058E+03	2.221954E-18	7.468524E-19
8.991258E+03	2.223209E-18	7.422389E-19
8.991458E+03	2.223759E-18	7.379941E-19
8.991658E+03	2.222817E-18	7.380647E-19
8.991858E+03	2.222974E-18	7.377509E-19
8.992058E+03	2.223209E-18	7.382138E-19
8.992258E+03	2.221405E-18	7.380333E-19
8.992458E+03	2.222032E-18	7.362601E-19
8.992658E+03	2.227132E-18	7.360247E-19
8.992858E+03	2.230820E-18	7.275744E-19
8.993058E+03	2.231291E-18	7.205678E-19
8.993257E+03	2.230820E-18	7.206149E-19
8.993458E+03	2.229329E-18	7.210856E-19
8.993657E+03	2.225720E-18	7.192026E-19
8.993858E+03	2.222425E-18	7.127844E-19
8.994058E+03	2.220463E-18	7.019724E-19
8.994258E+03	2.218580E-18	6.961741E-19
8.994458E+03	2.218659E-18	6.988496E-19
8.994658E+03	2.222425E-18	6.988575E-19
8.994858E+03	2.226819E-18	7.020587E-19
8.995058E+03	2.229800E-18	7.032513E-19
8.995258E+03	2.233331E-18	7.009602E-19
8.995458E+03	2.235528E-18	6.959230E-19
8.995658E+03	2.235449E-18	6.959387E-19
8.995858E+03	2.234665E-18	6.879042E-19
8.996058E+03	2.232782E-18	6.875904E-19
8.996258E+03	2.231134E-18	6.971548E-19
8.996458E+03	2.229251E-18	6.994930E-19
8.996658E+03	2.225956E-18	6.948873E-19
8.996858E+03	2.224622E-18	6.942518E-19
8.997058E+03	2.228388E-18	6.952561E-19
8.997258E+03	2.231919E-18	6.930513E-19
8.997458E+03	2.236077E-18	6.925335E-19
8.997658E+03	2.234900E-18	6.923765E-19
8.997858E+03	2.230977E-18	6.904699E-19
8.998058E+03	2.230114E-18	6.904150E-19
8.998258E+03	2.233488E-18	6.931533E-19
8.998458E+03	2.235606E-18	6.935535E-19
8.998658E+03	2.235449E-18	6.900148E-19
8.998858E+03	2.232625E-18	6.876061E-19
8.999059E+03	2.229643E-18	6.900541E-19
8.999259E+03	2.230271E-18	6.962996E-19
8.999459E+03	2.233566E-18	6.966213E-19
8.999659E+03	2.235292E-18	6.956798E-19
8.999859E+03	2.234900E-18	6.961584E-19
9.000059E+03	2.234508E-18	6.940399E-19
9.000259E+03	2.231683E-18	6.943616E-19
9.000459E+03	2.227211E-18	7.012662E-19
9.000659E+03	2.225328E-18	7.003639E-19
9.000859E+03	2.223994E-18	7.021764E-19
9.001059E+03	2.222189E-18	7.060838E-19
9.001259E+03	2.224072E-18	7.069076E-19
9.001459E+03	2.228309E-18	7.103442E-19
9.003859E+03	2.228859E-18	7.142438E-19
9.004059E+03	2.225956E-18	7.147302E-19
9.004260E+03	2.224543E-18	7.178138E-19
9.004460E+03	2.224386E-18	7.193281E-19
9.004660E+03	2.222974E-18	7.190927E-19
9.004860E+03	2.223602E-18	7.155462E-19
9.005060E+03	2.223602E-18	7.147067E-19
9.005260E+03	2.219129E-18	7.125961E-19
9.005460E+03	2.213872E-18	7.093085E-19
9.005660E+03	2.210185E-18	7.113956E-19
9.005860E+03	2.208223E-18	7.108856E-19
9.006059E+03	2.207988E-18	7.093713E-19
9.006260E+03	2.209714E-18	7.044596E-19
9.006460E+03	2.212460E-18	7.061936E-19
9.006659E+03	2.212852E-18	7.059033E-19
9.006860E+03	2.209949E-18	7.057699E-19
9.007059E+03	2.207125E-18	7.034475E-19
9.007260E+03	2.209165E-18	7.015487E-19
9.007459E+03	2.210891E-18	7.015644E-19
9.007659E+03	2.212382E-18	6.998225E-19
9.007859E+03	2.215128E-18	7.003325E-19
9.008059E+03	2.215677E-18	7.030238E-19
9.008259E+03	2.212774E-18	7.034788E-19
9.008459E+03	2.210577E-18	7.027492E-19
9.008659E+03	2.210577E-18	6.985122E-19
9.008859E+03	2.209400E-18	6.934985E-19
9.009059E+03	2.206419E-18	6.895205E-19
9.009259E+03	2.204692E-18	6.901482E-19
9.009460E+03	2.204849E-18	6.875119E-19
9.009660E+03	2.205712E-18	6.864448E-19
9.009860E+03	2.206340E-18	6.861075E-19
9.010060E+03	2.206654E-18	6.841851E-19
9.010260E+03	2.207282E-18	6.840988E-19
9.010460E+03	2.208772E-18	6.840125E-19
9.010660E+03	2.210185E-18	6.820745E-19
9.010860E+03	2.211911E-18	6.779631E-19
9.011060E+03	2.214814E-18	6.806387E-19
9.011260E+03	2.218109E-18	6.851895E-19
9.011460E+03	2.220149E-18	6.893715E-19
9.011660E+03	2.219522E-18	6.908465E-19
9.011860E+03	2.217325E-18	6.907759E-19
9.012060E+03	2.218659E-18	6.915448E-19
9.012260E+03	2.221483E-18	6.911525E-19
9.012460E+03	2.223759E-18	6.954679E-19
9.012660E+03	2.228309E-18	7.040359E-19
9.012860E+03	2.232154E-18	7.055345E-19
9.013060E+03	2.233252E-18	7.057935E-19
9.013260E+03	2.232154E-18	7.057229E-19
9.013460E+03	2.229251E-18	7.056601E-19
9.013660E+03	2.226976E-18	7.057778E-19
9.013860E+03	2.226112E-18	7.059190E-19
9.014060E+03	2.224386E-18	7.050716E-19
9.014260E+03	2.221169E-18	7.040045E-19
9.014461E+03	2.220071E-18	7.031885E-19
9.014661E+03	2.222817E-18	7.047970E-19
9.014861E+03	2.217482E-18	7.118507E-19
9.015061E+03	2.218580E-18	7.149264E-19
9.015261E+03	2.221483E-18	7.175706E-19
9.015461E+03	2.222974E-18	7.148558E-19
9.015661E+03	2.223837E-18	7.058013E-19
9.015861E+03	2.224779E-18	7.038005E-19
9.016061E+03	2.225799E-18	7.040124E-19
9.016261E+03	2.227368E-18	7.038319E-19
9.016461E+03	2.229800E-18	7.044125E-19
9.016661E+03	2.230820E-18	7.040124E-19
9.016861E+03	2.229251E-18	7.033455E-19
9.017061E+03	2.228074E-18	7.096852E-19
9.017261E+03	2.226740E-18	7.096773E-19
9.017461E+03	2.225249E-18	7.071195E-19
9.017661E+03	2.225956E-18	7.020822E-19
9.017861E+03	2.228466E-18	7.042399E-19
9.018061E+03	2.231212E-18	7.126196E-19
9.018261E+03	2.231919E-18	7.034788E-19
9.018461E+03	2.231448E-18	7.013447E-19
9.018661E+03	2.232389E-18	7.008975E-19
9.018861E+03	2.233488E-18	7.004267E-19
9.019060E+03	2.234665E-18	7.004267E-19
9.019261E+03	2.234351E-18	6.994616E-19
9.019460E+03	2.231056E-18	7.021215E-19
9.019662E+03	2.229643E-18	6.996892E-19
9.019862E+03	2.231448E-18	7.004738E-19
9.020061E+03	2.233017E-18	7.014388E-19
9.020262E+03	2.231369E-18	7.019096E-19
9.020461E+03	2.227760E-18	7.024432E-19
9.020661E+03	2.223994E-18	7.009524E-19
9.020861E+03	2.223602E-18	7.002148E-19
9.021061E+03	2.226505E-18	7.004502E-19
9.021261E+03	2.228859E-18	7.003561E-19
9.021461E+03	2.231369E-18	6.989438E-19
9.021661E+03	2.236312E-18	7.003796E-19
9.021861E+03	2.239372E-18	7.013368E-19
9.022061E+03	2.237882E-18	6.886261E-19
9.022261E+03	2.236391E-18	6.785281E-19
9.022461E+03	2.238823E-18	6.784496E-19
9.022661E+03	2.243766E-18	6.805524E-19
9.022861E+03	2.246826E-18	6.812742E-19
9.023061E+03	2.248317E-18	6.840361E-19
9.023261E+03	2.246748E-18	6.848050E-19
9.023461E+03	2.244080E-18	6.810388E-19
9.023661E+03	2.242668E-18	6.825924E-19
9.023861E+03	2.241412E-18	6.795716E-19
9.024061E+03	2.239372E-18	6.799325E-19
9.024261E+03	2.238509E-18	6.825453E-19
9.024461E+03	2.239294E-18	6.826081E-19
9.024662E+03	2.240549E-18	6.787870E-19
9.024862E+03	2.241334E-18	6.775630E-19
9.025062E+03	2.241569E-18	6.843342E-19
9.025262E+03	2.243531E-18	6.874021E-19
9.025462E+03	2.246512E-18	6.852208E-19
9.025662E+03	2.249416E-18	6.906347E-19
9.025862E+03	2.252789E-18	6.920548E-19
9.026062E+03	2.253417E-18	6.890262E-19
9.026262E+03	2.253182E-18	6.889164E-19
9.026462E+03	2.254829E-18	6.890341E-19
9.026662E+03	2.257340E-18	6.882651E-19
9.026862E+03	2.259694E-18	6.847815E-19
9.027062E+03	2.259145E-18	6.842322E-19
9.027262E+03	2.257576E-18	6.842558E-19
9.027462E+03	2.258203E-18	6.837379E-19
9.027662E+03	2.260322E-18	6.822471E-19
9.027862E+03	2.262126E-18	6.809682E-19
9.028062E+03	2.265500E-18	6.808741E-19
9.028262E+03	2.269109E-18	6.813291E-19
9.028462E+03	2.271071E-18	6.818941E-19
9.028662E+03	2.272405E-18	6.810310E-19
9.028862E+03	2.272719E-18	6.796265E-19
9.029062E+03	2.270129E-18	6.852915E-19
9.029262E+03	2.266991E-18	6.856838E-19
9.029462E+03	2.266677E-18	6.869548E-19
9.029662E+03	2.265657E-18	6.889399E-19
9.029863E+03	2.263853E-18	6.886967E-19
9.030063E+03	2.264088E-18	6.964095E-19
9.030263E+03	2.262283E-18	7.006542E-19
9.030463E+03	2.261342E-18	6.927531E-19
9.030663E+03	2.264323E-18	6.913958E-19
9.030863E+03	2.268560E-18	6.913722E-19
9.031063E+03	2.272719E-18	6.884535E-19
9.031263E+03	2.276093E-18	6.847265E-19
9.031463E+03	2.277426E-18	6.858721E-19
9.031663E+03	2.277740E-18	6.839184E-19
9.031863E+03	2.280173E-18	6.843734E-19
9.032062E+03	2.282134E-18	6.846402E-19
9.032263E+03	2.281271E-18	6.854641E-19
9.032462E+03	2.277897E-18	6.851895E-19
9.032663E+03	2.273189E-18	6.872765E-19
9.032862E+03	2.270443E-18	6.881553E-19
9.033062E+03	2.271385E-18	6.882338E-19
9.033262E+03	2.272169E-18	6.885319E-19
9.033462E+03	2.269894E-18	6.914115E-19
9.033662E+03	2.265736E-18	6.901639E-19
9.033862E+03	2.263382E-18	6.897716E-19
9.034062E+03	2.264873E-18	6.887673E-19
9.034262E+03	2.267383E-18	6.879984E-19
9.034462E+03	2.269580E-18	6.877473E-19
9.034662E+03	2.270757E-18	6.872687E-19
9.034862E+03	2.271542E-18	6.872059E-19
9.035063E+03	2.271385E-18	6.875041E-19
9.035263E+03	2.269266E-18	6.884064E-19
9.035463E+03	2.267383E-18	6.929571E-19
9.035663E+03	2.267305E-18	6.917567E-19
9.035863E+03	2.266913E-18	6.898344E-19
9.036063E+03	2.265971E-18	6.936711E-19
9.036263E+03	2.265579E-18	6.938359E-19
9.036463E+03	2.265422E-18	6.938830E-19
9.036663E+03	2.265265E-18	6.921647E-19
9.036863E+03	2.264245E-18	6.906661E-19
9.037063E+03	2.263460E-18	6.910035E-19
9.037263E+03	2.262833E-18	6.891753E-19
9.037463E+03	2.261656E-18	6.895598E-19
9.037663E+03	2.260636E-18	6.912467E-19
9.037863E+03	2.260871E-18	6.933181E-19
9.038063E+03	2.262048E-18	6.951933E-19
9.038863E+03	2.264088E-18	6.971784E-19
9.039063E+03	2.266049E-18	6.962682E-19
9.039263E+03	2.266520E-18	6.961584E-19
9.039463E+03	2.265343E-18	6.935456E-19
9.040064E+03	2.262519E-18	6.933259E-19
9.040264E+03	2.260871E-18	6.893950E-19
9.040464E+03	2.261028E-18	6.873864E-19
9.040664E+03	2.260008E-18	6.852522E-19
9.040864E+03	2.258831E-18	6.824590E-19
9.041064E+03	2.257889E-18	6.842087E-19
9.041264E+03	2.256556E-18	6.932631E-19
9.041464E+03	2.256085E-18	6.944636E-19
9.041664E+03	2.259380E-18	6.846245E-19
9.041864E+03	2.263931E-18	6.792970E-19
9.042064E+03	2.264873E-18	6.793205E-19
9.042264E+03	2.265657E-18	6.781750E-19
9.042464E+03	2.268796E-18	6.761114E-19
9.042664E+03	2.272091E-18	6.737105E-19
9.042864E+03	2.274523E-18	6.797834E-19
9.043064E+03	2.275622E-18	6.848756E-19
9.043264E+03	2.274209E-18	6.852758E-19
9.043464E+03	2.275386E-18	6.859505E-19
9.043664E+03	2.281036E-18	6.846481E-19
9.043864E+03	2.285900E-18	6.853935E-19
9.044064E+03	2.285351E-18	6.853542E-19
9.044264E+03	2.280565E-18	6.907288E-19
9.044464E+03	2.278133E-18	6.924707E-19
9.044664E+03	2.279309E-18	6.916311E-19
9.044863E+03	2.281428E-18	6.935299E-19
9.045064E+03	2.284409E-18	6.935142E-19
9.045264E+03	2.286214E-18	6.932239E-19
9.045465E+03	2.286136E-18	6.928473E-19
9.045665E+03	2.286763E-18	6.907916E-19
9.045864E+03	2.286763E-18	6.859898E-19
9.046065E+03	2.286371E-18	6.858564E-19
9.046264E+03	2.285586E-18	6.878493E-19
9.046464E+03	2.286136E-18	6.880376E-19
9.046664E+03	2.288568E-18	6.871275E-19
9.046864E+03	2.289274E-18	6.833770E-19
9.047064E+03	2.289274E-18	6.794774E-19
9.047264E+03	2.289823E-18	6.788654E-19
9.047464E+03	2.290529E-18	6.809368E-19
9.047664E+03	2.291628E-18	6.797128E-19
9.047864E+03	2.291942E-18	6.811016E-19
9.048064E+03	2.290608E-18	6.801130E-19
9.048264E+03	2.287234E-18	6.776493E-19
9.048464E+03	2.283939E-18	6.769745E-19
9.048664E+03	2.282526E-18	6.763233E-19
9.048864E+03	2.282605E-18	6.739616E-19
9.049064E+03	2.283625E-18	6.734673E-19
9.049264E+03	2.286371E-18	6.736948E-19
9.050465E+03	2.289274E-18	6.734437E-19
9.050665E+03	2.290059E-18	6.738439E-19
9.051265E+03	2.290686E-18	6.760879E-19
9.051465E+03	2.293589E-18	6.765587E-19
9.052065E+03	2.294923E-18	6.760016E-19
9.052265E+03	2.296649E-18	6.778141E-19
9.052465E+03	2.300729E-18	6.789910E-19
9.052665E+03	2.302299E-18	6.802307E-19
9.052865E+03	2.298219E-18	6.797050E-19
9.053065E+03	2.294845E-18	6.751621E-19
9.053265E+03	2.296571E-18	6.747933E-19
9.053465E+03	2.300102E-18	6.732947E-19
9.053665E+03	2.300023E-18	6.754053E-19
9.053865E+03	2.297591E-18	6.744794E-19
9.054065E+03	2.296257E-18	6.745971E-19
9.054265E+03	2.295551E-18	6.748561E-19
9.054465E+03	2.295865E-18	6.788184E-19
9.054665E+03	2.295394E-18	6.829141E-19
9.054865E+03	2.292883E-18	6.832044E-19
9.055065E+03	2.292334E-18	6.835182E-19
9.055265E+03	2.295629E-18	6.835104E-19
9.055466E+03	2.298846E-18	6.871039E-19
9.055666E+03	2.299553E-18	7.007248E-19
9.055866E+03	2.298533E-18	7.098107E-19
9.056066E+03	2.298297E-18	7.080845E-19
9.056266E+03	2.297669E-18	7.012819E-19
9.056466E+03	2.294766E-18	7.011407E-19
9.056666E+03	2.290294E-18	7.056209E-19
9.056866E+03	2.285743E-18	7.097009E-19
9.057066E+03	2.281428E-18	7.156718E-19
9.057266E+03	2.280251E-18	7.182924E-19
9.057466E+03	2.283703E-18	7.143301E-19
9.057666E+03	2.282369E-18	7.079355E-19
9.057865E+03	2.277897E-18	7.105953E-19
9.058066E+03	2.277505E-18	7.102109E-19
9.058265E+03	2.277113E-18	7.128629E-19
9.058466E+03	2.277034E-18	7.143850E-19
9.058665E+03	2.278760E-18	7.140398E-19
9.058865E+03	2.281585E-18	7.146204E-19
9.059065E+03	2.281820E-18	7.177275E-19
9.059265E+03	2.280094E-18	7.199636E-19
9.059465E+03	2.278525E-18	7.214544E-19
9.059665E+03	2.276406E-18	7.185435E-19
9.059865E+03	2.275465E-18	7.091202E-19
9.060065E+03	2.273660E-18	7.052835E-19
9.060265E+03	2.269423E-18	7.028825E-19
9.060465E+03	2.266834E-18	7.021607E-19
9.060666E+03	2.265500E-18	7.013761E-19
9.060866E+03	2.263931E-18	7.013761E-19
9.061066E+03	2.262833E-18	7.012270E-19
9.061266E+03	2.264480E-18	7.030159E-19
9.061466E+03	2.269109E-18	7.028512E-19
9.061666E+03	2.272248E-18	7.028119E-19
9.061866E+03	2.273033E-18	7.041458E-19
9.062066E+03	2.273503E-18	6.980572E-19
9.062266E+03	2.274209E-18	6.996813E-19
9.062466E+03	2.276406E-18	6.979708E-19
9.062666E+03	2.281820E-18	6.952639E-19
9.062866E+03	2.287862E-18	6.925099E-19
9.063066E+03	2.290373E-18	6.790773E-19
9.063266E+03	2.288882E-18	6.780259E-19
9.063466E+03	2.286999E-18	6.783005E-19
9.063666E+03	2.287234E-18	6.775394E-19
9.063866E+03	2.288725E-18	6.777121E-19
9.064066E+03	2.290373E-18	6.777513E-19
9.064266E+03	2.287862E-18	6.775865E-19
9.064466E+03	2.281036E-18	6.750993E-19
9.064666E+03	2.276877E-18	6.739302E-19
9.064866E+03	2.276642E-18	6.731613E-19
9.065066E+03	2.277819E-18	6.725885E-19
9.065266E+03	2.281271E-18	6.727141E-19
9.065466E+03	2.283389E-18	6.722276E-19
9.065667E+03	2.279780E-18	6.741970E-19
9.065867E+03	2.275700E-18	6.813213E-19
9.066067E+03	2.275465E-18	6.809682E-19
9.066267E+03	2.275151E-18	6.888222E-19
9.066467E+03	2.271620E-18	6.905170E-19
9.066667E+03	2.265657E-18	6.905170E-19
9.066867E+03	2.261891E-18	6.913958E-19
9.067067E+03	2.256869E-18	6.913016E-19
9.067267E+03	2.249651E-18	6.911604E-19
9.067467E+03	2.246434E-18	6.918273E-19
9.067667E+03	2.245414E-18	6.893715E-19
9.067867E+03	2.242119E-18	6.881396E-19
9.068067E+03	2.238980E-18	6.867195E-19
9.068267E+03	2.242432E-18	6.847658E-19
9.068467E+03	2.242276E-18	6.841773E-19
9.068667E+03	2.236940E-18	6.819568E-19
9.068867E+03	2.234429E-18	6.924315E-19
9.069067E+03	2.238902E-18	7.028747E-19
9.069267E+03	2.244394E-18	6.997519E-19
9.069467E+03	2.245492E-18	7.036985E-19
9.069667E+03	2.246434E-18	7.036907E-19
9.069867E+03	2.250593E-18	7.013055E-19
9.070067E+03	2.251613E-18	6.977119E-19
9.070267E+03	2.248945E-18	6.895441E-19
9.070467E+03	2.250279E-18	6.908779E-19
9.070667E+03	2.252240E-18	6.855818E-19
9.070868E+03	2.251769E-18	6.844754E-19
9.071067E+03	2.251456E-18	6.849070E-19
9.071267E+03	2.254202E-18	6.851738E-19
9.071468E+03	2.259537E-18	6.853542E-19
9.071667E+03	2.265343E-18	6.854641E-19
9.071868E+03	2.270914E-18	6.853935E-19
9.072067E+03	2.272719E-18	6.853307E-19
9.072267E+03	2.272326E-18	6.852836E-19
9.072467E+03	2.273033E-18	6.852679E-19
9.072667E+03	2.274837E-18	6.852679E-19
9.072867E+03	2.275543E-18	6.852051E-19
9.073067E+03	2.272640E-18	6.851581E-19
9.073267E+03	2.269580E-18	6.850090E-19
9.073467E+03	2.272876E-18	6.848913E-19
9.073667E+03	2.278368E-18	6.892616E-19
9.073867E+03	2.280408E-18	6.926276E-19
9.074067E+03	2.283468E-18	6.880298E-19
9.074267E+03	2.285194E-18	6.890890E-19
9.074467E+03	2.283782E-18	6.889635E-19
9.074667E+03	2.281036E-18	6.870333E-19
9.074867E+03	2.279231E-18	6.877708E-19
9.075067E+03	2.282683E-18	6.808113E-19
9.075267E+03	2.288725E-18	6.816587E-19
9.075467E+03	2.291863E-18	6.851424E-19
9.075667E+03	2.287391E-18	6.874099E-19
9.075868E+03	2.282291E-18	6.929179E-19
9.076068E+03	2.286293E-18	6.931533E-19
9.076268E+03	2.285116E-18	6.926119E-19
9.076468E+03	2.287391E-18	6.916704E-19
9.076668E+03	2.292648E-18	6.919921E-19
9.076868E+03	2.291471E-18	6.933965E-19
9.077068E+03	2.288725E-18	6.924158E-19
9.077268E+03	2.291393E-18	6.927610E-19
9.077468E+03	2.290686E-18	6.937418E-19
9.077668E+03	2.288333E-18	6.918038E-19
9.077868E+03	2.287862E-18	6.906268E-19
9.078068E+03	2.286528E-18	6.913408E-19
9.078268E+03	2.286293E-18	6.944401E-19
9.078468E+03	2.287548E-18	6.931611E-19
9.078668E+03	2.286528E-18	6.926747E-19
9.078868E+03	2.285508E-18	6.932553E-19
9.079068E+03	2.285273E-18	6.973902E-19
9.079268E+03	2.282997E-18	7.034239E-19
9.079468E+03	2.282369E-18	7.072293E-19
9.079668E+03	2.282840E-18	7.066801E-19
9.079868E+03	2.282526E-18	7.111838E-19
9.080068E+03	2.281271E-18	7.112465E-19
9.080268E+03	2.278446E-18	7.109013E-19
9.080468E+03	2.275386E-18	7.095675E-19
9.080668E+03	2.272483E-18	7.114662E-19
9.080868E+03	2.268796E-18	7.116545E-19
9.081069E+03	2.266128E-18	7.085553E-19
9.081269E+03	2.265108E-18	7.083984E-19
9.081469E+03	2.264402E-18	7.075432E-19
9.081669E+03	2.265736E-18	7.073313E-19
9.081869E+03	2.265893E-18	7.072607E-19
9.082069E+03	2.261342E-18	7.070175E-19
9.082269E+03	2.257340E-18	7.070645E-19
9.082469E+03	2.257262E-18	7.066095E-19
9.082669E+03	2.257733E-18	7.036201E-19
9.082869E+03	2.256006E-18	7.009681E-19
9.083069E+03	2.254123E-18	7.000344E-19
9.083269E+03	2.256163E-18	6.992419E-19
9.083469E+03	2.260714E-18	6.998382E-19
9.083668E+03	2.263696E-18	7.006856E-19
9.083869E+03	2.265579E-18	7.005522E-19
9.084068E+03	2.267854E-18	7.025765E-19
9.084269E+03	2.266206E-18	7.033141E-19
9.084469E+03	2.262205E-18	7.035259E-19
9.084668E+03	2.255693E-18	7.041301E-19
9.084869E+03	2.249651E-18	7.036907E-19
9.085068E+03	2.249023E-18	7.027256E-19
9.085268E+03	2.249494E-18	6.946912E-19
9.085468E+03	2.248003E-18	6.927061E-19
9.085668E+03	2.249180E-18	6.936241E-19
9.085868E+03	2.251691E-18	6.936711E-19
9.086068E+03	2.252633E-18	6.935456E-19
9.086269E+03	2.254751E-18	6.936633E-19
9.086469E+03	2.255143E-18	6.942675E-19
9.086669E+03	2.254359E-18	6.941262E-19
9.086869E+03	2.256320E-18	6.870804E-19
9.087069E+03	2.259459E-18	6.825218E-19
9.087269E+03	2.261185E-18	6.819019E-19
9.087469E+03	2.261342E-18	6.817528E-19
9.087669E+03	2.262911E-18	6.804033E-19
9.087869E+03	2.266285E-18	6.787870E-19
9.088069E+03	2.267933E-18	6.796344E-19
9.088269E+03	2.269109E-18	6.744716E-19
9.088469E+03	2.274837E-18	6.729730E-19
9.088669E+03	2.281742E-18	6.714037E-19
9.088869E+03	2.284017E-18	6.689165E-19
9.089069E+03	2.281742E-18	6.693637E-19
9.089269E+03	2.281036E-18	6.735379E-19
9.089469E+03	2.283625E-18	6.758054E-19
9.089669E+03	2.283389E-18	6.767627E-19
9.089869E+03	2.279859E-18	6.745658E-19
9.090069E+03	2.276485E-18	6.745736E-19
9.090269E+03	2.269816E-18	6.676062E-19
9.090469E+03	2.266363E-18	6.645070E-19
9.090669E+03	2.268325E-18	6.688773E-19
9.090869E+03	2.271463E-18	6.699287E-19
9.091069E+03	2.276328E-18	6.699444E-19
9.091270E+03	2.280879E-18	6.710350E-19
9.091470E+03	2.280879E-18	6.653151E-19
9.091670E+03	2.278446E-18	6.627573E-19
9.091870E+03	2.274131E-18	6.612979E-19
9.092070E+03	2.270443E-18	6.615568E-19
9.092270E+03	2.270208E-18	6.630554E-19
9.092470E+03	2.271306E-18	6.629927E-19
9.092670E+03	2.270286E-18	6.634164E-19
9.093270E+03	2.269031E-18	6.673865E-19
9.093470E+03	2.271071E-18	6.688851E-19
9.093670E+03	2.274602E-18	6.695991E-19
9.093870E+03	2.276093E-18	6.694108E-19
9.094070E+03	2.277662E-18	6.695677E-19
9.094270E+03	2.279623E-18	6.672374E-19
9.094470E+03	2.278446E-18	6.666490E-19
9.094670E+03	2.279074E-18	6.691441E-19
9.094870E+03	2.280879E-18	6.668687E-19
9.095070E+03	2.280800E-18	6.676219E-19
9.095270E+03	2.282448E-18	6.662410E-19
9.095470E+03	2.285194E-18	6.649934E-19
9.095670E+03	2.287313E-18	6.654407E-19
9.095870E+03	2.287862E-18	6.660997E-19
9.096070E+03	2.286999E-18	6.683908E-19
9.096270E+03	2.286057E-18	6.667667E-19
9.096471E+03	2.286371E-18	6.665313E-19
9.096671E+03	2.288568E-18	6.676454E-19
9.096871E+03	2.291393E-18	6.673630E-19
9.097070E+03	2.292334E-18	6.669001E-19
9.097271E+03	2.291706E-18	6.645384E-19
9.097470E+03	2.290529E-18	6.646717E-19
9.097671E+03	2.289745E-18	6.661782E-19
9.097870E+03	2.287156E-18	6.662567E-19
9.098070E+03	2.284409E-18	6.636517E-19
9.098270E+03	2.286842E-18	6.488696E-19
9.098470E+03	2.287783E-18	6.385362E-19
9.098670E+03	2.284488E-18	6.432125E-19
9.098870E+03	2.283076E-18	6.438166E-19
9.099070E+03	2.284802E-18	6.404742E-19
9.099270E+03	2.285665E-18	6.365040E-19
9.099470E+03	2.283311E-18	6.385519E-19
9.099670E+03	2.281820E-18	6.335617E-19
9.099870E+03	2.282840E-18	6.307371E-19
9.100070E+03	2.285900E-18	6.339619E-19
9.100270E+03	2.290294E-18	6.332636E-19
9.100470E+03	2.293668E-18	6.480850E-19
9.100670E+03	2.294296E-18	6.589127E-19
9.100870E+03	2.291157E-18	6.565196E-19
9.101070E+03	2.288960E-18	6.559704E-19
9.101270E+03	2.289666E-18	6.561116E-19
9.101470E+03	2.290216E-18	6.547385E-19
9.101671E+03	2.289117E-18	6.517020E-19
9.101871E+03	2.289353E-18	6.503603E-19
9.102071E+03	2.291706E-18	6.549111E-19
9.102271E+03	2.294296E-18	6.600504E-19
9.102471E+03	2.294374E-18	6.604348E-19
9.102671E+03	2.292648E-18	6.610625E-19
9.102871E+03	2.292413E-18	6.626553E-19
9.103071E+03	2.292962E-18	6.631574E-19
9.103271E+03	2.294139E-18	6.628985E-19
9.103671E+03	2.298611E-18	6.629456E-19
9.103871E+03	2.304496E-18	6.636596E-19
9.104071E+03	2.306536E-18	6.623728E-19
9.104671E+03	2.306457E-18	6.620276E-19
9.105271E+03	2.308497E-18	6.626553E-19
9.105471E+03	2.311949E-18	6.611567E-19
9.105671E+03	2.312734E-18	6.607879E-19
9.105871E+03	2.311479E-18	6.592108E-19
9.106071E+03	2.310066E-18	6.597208E-19
9.106271E+03	2.308419E-18	6.590147E-19
9.106471E+03	2.308576E-18	6.595482E-19
9.106672E+03	2.309203E-18	6.580260E-19
9.106872E+03	2.308811E-18	6.586224E-19
9.107072E+03	2.311714E-18	6.585360E-19
9.107272E+03	2.315166E-18	6.592814E-19
9.107472E+03	2.314539E-18	6.596973E-19
9.107672E+03	2.312420E-18	6.627573E-19
9.107872E+03	2.311008E-18	6.628593E-19
9.108072E+03	2.312342E-18	6.626631E-19
9.108272E+03	2.314146E-18	6.630790E-19
9.108472E+03	2.309831E-18	6.627965E-19
9.108672E+03	2.307242E-18	6.633850E-19
9.108872E+03	2.310223E-18	6.630554E-19
9.109072E+03	2.311322E-18	6.650405E-19
9.109272E+03	2.310380E-18	6.634007E-19
9.109472E+03	2.310145E-18	6.614548E-19
9.109672E+03	2.310851E-18	6.664136E-19
9.109871E+03	2.313440E-18	6.588499E-19
9.110072E+03	2.315637E-18	6.631025E-19
9.110272E+03	2.315716E-18	6.625847E-19
9.110471E+03	2.315480E-18	6.646247E-19
9.110672E+03	2.315088E-18	6.636753E-19
9.110871E+03	2.314539E-18	6.620747E-19
9.111071E+03	2.313205E-18	6.652524E-19
9.111271E+03	2.309439E-18	6.644285E-19
9.111471E+03	2.303789E-18	6.644520E-19
9.111671E+03	2.300494E-18	6.639577E-19
9.111872E+03	2.300337E-18	6.681241E-19
9.112072E+03	2.300729E-18	6.694814E-19
9.112272E+03	2.299709E-18	6.697639E-19
9.112472E+03	2.295708E-18	6.588420E-19
9.112672E+03	2.290059E-18	6.437931E-19
9.112872E+03	2.287862E-18	6.431419E-19
9.113072E+03	2.292256E-18	6.392580E-19
9.113272E+03	2.297434E-18	6.393365E-19
9.113472E+03	2.301593E-18	6.413294E-19
9.113672E+03	2.306849E-18	6.385754E-19
9.113872E+03	2.310694E-18	6.380340E-19
9.114072E+03	2.312891E-18	6.369434E-19
9.114272E+03	2.316657E-18	6.372965E-19
9.114472E+03	2.320109E-18	6.368885E-19
9.114672E+03	2.319482E-18	6.367551E-19
9.114872E+03	2.317834E-18	6.367786E-19
9.115072E+03	2.316736E-18	6.396190E-19
9.115272E+03	2.315009E-18	6.424357E-19
9.115472E+03	2.315637E-18	6.435970E-19
9.115672E+03	2.318697E-18	6.435813E-19
9.115872E+03	2.319325E-18	6.458880E-19
9.116072E+03	2.319874E-18	6.516236E-19
9.116272E+03	2.322777E-18	6.538440E-19
9.116472E+03	2.321757E-18	6.537656E-19
9.116672E+03	2.317520E-18	6.543462E-19
9.116873E+03	2.316893E-18	6.540637E-19
9.117073E+03	2.318854E-18	6.536557E-19
9.117273E+03	2.318619E-18	6.483517E-19
9.117473E+03	2.316343E-18	6.482105E-19
9.117673E+03	2.315873E-18	6.505408E-19
9.117873E+03	2.316893E-18	6.497797E-19
9.118073E+03	2.313754E-18	6.496228E-19
9.118273E+03	2.309909E-18	6.510508E-19
9.118473E+03	2.310537E-18	6.553662E-19
9.118673E+03	2.310616E-18	6.566844E-19
9.118873E+03	2.309125E-18	6.500465E-19
9.119073E+03	2.311636E-18	6.498660E-19
9.119273E+03	2.315873E-18	6.475279E-19
9.119473E+03	2.317363E-18	6.438402E-19
9.119673E+03	2.316265E-18	6.438637E-19
9.119873E+03	2.316657E-18	6.454487E-19
9.120073E+03	2.318697E-18	6.452917E-19
9.120273E+03	2.320345E-18	6.523768E-19
9.120473E+03	2.321836E-18	6.558448E-19
9.120673E+03	2.319796E-18	6.550445E-19
9.120873E+03	2.316343E-18	6.544090E-19
9.121073E+03	2.316108E-18	6.529731E-19
9.121273E+03	2.318854E-18	6.525102E-19
9.121473E+03	2.323483E-18	6.529731E-19
9.121673E+03	2.327249E-18	6.524317E-19
9.121873E+03	2.327642E-18	6.487833E-19
9.122074E+03	2.323405E-18	6.472454E-19
9.122274E+03	2.322149E-18	6.478025E-19
9.122474E+03	2.326779E-18	6.536243E-19
9.122674E+03	2.331016E-18	6.508311E-19
9.122873E+03	2.333213E-18	6.572650E-19
9.123074E+03	2.335959E-18	6.525730E-19
9.123273E+03	2.340274E-18	6.540167E-19
9.123474E+03	2.342236E-18	6.529653E-19
9.123674E+03	2.340980E-18	6.586773E-19
9.123873E+03	2.341686E-18	6.646011E-19
9.124073E+03	2.344119E-18	6.624905E-19
9.124273E+03	2.345609E-18	6.605290E-19
9.124473E+03	2.344746E-18	6.608899E-19
9.124673E+03	2.343726E-18	6.616196E-19
9.124873E+03	2.342236E-18	6.675121E-19
9.125073E+03	2.339725E-18	6.786458E-19
9.125273E+03	2.341765E-18	6.874021E-19
9.125473E+03	2.344354E-18	6.879670E-19
9.125673E+03	2.342942E-18	6.879905E-19
9.125873E+03	2.344746E-18	6.884691E-19
9.126073E+03	2.347728E-18	6.909956E-19
9.126273E+03	2.347100E-18	6.932631E-19
9.126473E+03	2.345923E-18	6.941811E-19
9.126673E+03	2.346080E-18	6.932788E-19
9.126873E+03	2.348356E-18	6.917645E-19
9.127073E+03	2.354162E-18	6.909956E-19
9.127274E+03	2.359576E-18	6.892695E-19
9.127474E+03	2.366166E-18	6.885633E-19
9.127674E+03	2.363499E-18	6.893322E-19
9.127874E+03	2.361851E-18	6.987241E-19
9.128074E+03	2.368285E-18	7.025922E-19
9.128274E+03	2.369383E-18	7.011407E-19
9.128474E+03	2.367422E-18	7.010308E-19
9.128674E+03	2.370168E-18	7.008504E-19
9.128874E+03	2.374326E-18	7.009681E-19
9.129074E+03	2.375425E-18	7.012741E-19
9.129274E+03	2.376523E-18	7.037064E-19
9.129474E+03	2.376837E-18	7.094655E-19
9.129674E+03	2.376288E-18	7.115918E-19
9.129874E+03	2.374954E-18	7.118821E-19
9.130074E+03	2.374483E-18	7.114976E-19
9.130274E+03	2.374405E-18	7.122430E-19
9.130474E+03	2.375503E-18	7.126667E-19
9.130674E+03	2.381466E-18	7.143379E-19
9.130874E+03	2.384213E-18	7.151147E-19
9.131074E+03	2.381388E-18	7.154286E-19
9.131274E+03	2.379740E-18	7.158836E-19
9.131474E+03	2.377936E-18	7.168252E-19
9.131674E+03	2.375268E-18	7.271115E-19
9.131874E+03	2.372679E-18	7.329490E-19
9.132074E+03	2.369305E-18	7.403558E-19
9.132275E+03	2.367030E-18	7.477312E-19
9.132475E+03	2.366951E-18	7.479430E-19
9.132675E+03	2.369226E-18	7.476213E-19
9.132875E+03	2.370796E-18	7.505323E-19
9.133075E+03	2.369148E-18	7.569347E-19
9.133275E+03	2.368050E-18	7.593514E-19
9.133475E+03	2.367736E-18	7.587080E-19
9.133675E+03	2.369854E-18	7.657931E-19
9.133875E+03	2.373071E-18	7.660755E-19
9.134075E+03	2.377465E-18	7.804497E-19
9.134275E+03	2.382643E-18	7.904221E-19
9.134475E+03	2.382565E-18	7.902652E-19
9.134675E+03	2.379897E-18	7.892452E-19
9.134875E+03	2.378485E-18	7.990529E-19
9.135075E+03	2.380525E-18	8.003868E-19
9.135275E+03	2.387116E-18	8.017991E-19
9.135475E+03	2.390176E-18	8.038391E-19
9.135674E+03	2.386723E-18	8.093314E-19
9.135874E+03	2.382643E-18	8.096452E-19
9.136075E+03	2.381859E-18	8.090960E-19
9.136274E+03	2.383036E-18	8.085468E-19
9.136475E+03	2.382565E-18	8.122345E-19
9.136674E+03	2.383271E-18	8.203945E-19
9.136874E+03	2.386331E-18	8.277699E-19
9.137074E+03	2.385468E-18	8.314576E-19
9.137274E+03	2.383742E-18	8.309868E-19
9.137475E+03	2.384840E-18	8.303591E-19
9.137675E+03	2.385625E-18	8.303591E-19
9.137875E+03	2.386566E-18	8.285545E-19
9.138075E+03	2.387508E-18	8.291037E-19
9.138275E+03	2.387743E-18	8.291037E-19
9.138475E+03	2.387665E-18	8.309083E-19
9.138675E+03	2.390960E-18	8.412653E-19
9.138875E+03	2.394256E-18	8.460514E-19
9.139075E+03	2.390333E-18	8.480130E-19
9.139275E+03	2.386723E-18	8.470714E-19
9.139475E+03	2.390097E-18	8.470714E-19
9.139675E+03	2.395668E-18	8.494253E-19
9.139875E+03	2.396374E-18	8.538191E-19
9.140075E+03	2.394726E-18	8.547607E-19
9.140275E+03	2.393550E-18	8.592330E-19
9.140475E+03	2.394413E-18	8.584484E-19
9.140675E+03	2.398179E-18	8.690407E-19
9.140875E+03	2.402651E-18	8.721007E-19
9.141075E+03	2.404613E-18	8.894407E-19
9.141275E+03	2.404220E-18	8.901468E-19
9.141475E+03	2.406339E-18	8.903822E-19
9.141675E+03	2.407516E-18	9.053684E-19
9.141875E+03	2.404299E-18	9.013668E-19
9.142075E+03	2.402808E-18	9.095269E-19
9.142275E+03	2.403828E-18	9.088992E-19
9.142476E+03	2.402416E-18	9.066238E-19
9.142676E+03	2.396688E-18	9.016807E-19
9.142876E+03	2.393314E-18	8.994053E-19
9.143076E+03	2.392843E-18	9.009745E-19
9.143276E+03	2.386645E-18	8.984638E-19
9.143476E+03	2.379819E-18	8.988561E-19
9.143676E+03	2.380133E-18	8.864591E-19
9.143876E+03	2.382094E-18	8.801038E-19
9.144076E+03	2.381859E-18	8.805745E-19
9.144276E+03	2.379426E-18	8.846545E-19
9.144476E+03	2.376131E-18	8.853607E-19
9.144676E+03	2.374326E-18	8.854391E-19
9.144876E+03	2.372365E-18	8.854391E-19
9.145076E+03	2.368599E-18	8.854391E-19
9.145276E+03	2.366480E-18	8.830068E-19
9.145476E+03	2.366480E-18	8.818299E-19
9.145676E+03	2.366794E-18	8.837914E-19
9.145876E+03	2.367030E-18	8.871653E-19
9.146076E+03	2.369540E-18	8.872438E-19
9.146276E+03	2.369933E-18	8.869299E-19
9.146476E+03	2.370874E-18	8.868515E-19
9.146676E+03	2.372365E-18	8.876361E-19
9.146876E+03	2.368285E-18	8.895976E-19
9.147076E+03	2.365225E-18	8.895191E-19
9.147276E+03	2.364597E-18	8.928930E-19
9.147476E+03	2.364597E-18	8.925007E-19
9.147677E+03	2.364362E-18	8.929715E-19
9.147877E+03	2.363891E-18	8.944622E-19
9.148077E+03	2.361694E-18	8.989345E-19
9.148277E+03	2.357850E-18	8.986992E-19
9.148477E+03	2.356123E-18	9.080361E-19
9.148676E+03	2.358163E-18	9.121945E-19
9.148877E+03	2.360753E-18	9.123515E-19
9.149076E+03	2.360282E-18	9.138422E-19
9.149276E+03	2.358634E-18	9.181576E-19
9.149477E+03	2.355810E-18	9.188638E-19
9.149676E+03	2.349533E-18	9.231007E-19
9.149876E+03	2.346316E-18	9.325946E-19
9.150076E+03	2.347493E-18	9.351838E-19
9.150276E+03	2.350160E-18	9.358900E-19
9.150476E+03	2.353926E-18	9.382438E-19
9.150676E+03	2.356123E-18	9.387930E-19
9.150876E+03	2.357065E-18	9.401269E-19
9.151076E+03	2.356280E-18	9.429515E-19
9.151276E+03	2.356594E-18	9.438930E-19
9.151476E+03	2.358399E-18	9.435007E-19
9.151676E+03	2.356280E-18	9.397346E-19
9.151876E+03	2.349140E-18	9.374592E-19
9.152076E+03	2.342471E-18	9.377730E-19
9.152276E+03	2.342549E-18	9.333007E-19
9.152476E+03	2.344040E-18	9.325161E-19
9.152676E+03	2.341137E-18	9.295346E-19
9.152877E+03	2.336586E-18	9.280438E-19
9.153077E+03	2.336900E-18	9.291423E-19
9.153277E+03	2.339097E-18	9.261607E-19
9.153477E+03	2.340431E-18	9.253761E-19
9.153677E+03	2.343962E-18	9.283576E-19
9.153877E+03	2.347179E-18	9.284361E-19
9.154277E+03	2.348670E-18	9.259253E-19
9.154477E+03	2.352750E-18	9.249838E-19
9.154677E+03	2.355260E-18	9.278869E-19
9.154877E+03	2.355966E-18	9.274946E-19
9.155077E+03	2.355731E-18	9.282007E-19
9.155277E+03	2.353848E-18	9.322023E-19
9.155477E+03	2.350082E-18	9.442853E-19
9.155677E+03	2.348983E-18	9.456192E-19
9.155877E+03	2.352279E-18	9.493069E-19
9.156077E+03	2.353220E-18	9.522884E-19
9.156277E+03	2.352122E-18	9.549561E-19
9.156477E+03	2.351965E-18	9.565254E-19
9.156677E+03	2.354790E-18	9.569961E-19
9.156877E+03	2.358791E-18	9.566823E-19
9.157077E+03	2.360831E-18	9.598207E-19
9.157277E+03	2.361930E-18	9.641361E-19
9.157477E+03	2.361380E-18	9.626454E-19
9.157677E+03	2.359026E-18	9.612330E-19
9.157878E+03	2.356751E-18	9.624100E-19
9.158078E+03	2.356594E-18	9.632730E-19
9.158278E+03	2.357300E-18	9.619392E-19
9.158478E+03	2.358006E-18	9.587223E-19
9.158678E+03	2.359026E-18	9.572315E-19
9.158878E+03	2.359340E-18	9.577807E-19
9.159078E+03	2.362086E-18	9.573100E-19
9.159278E+03	2.363106E-18	9.624884E-19
9.159478E+03	2.363813E-18	9.635869E-19
9.159678E+03	2.365617E-18	9.636654E-19
9.159878E+03	2.368128E-18	9.619392E-19
9.160078E+03	2.368834E-18	9.601346E-19
9.160278E+03	2.366480E-18	9.654700E-19
9.160478E+03	2.366166E-18	9.690792E-19
9.160678E+03	2.368599E-18	9.682946E-19
9.160878E+03	2.372051E-18	9.677454E-19
9.161078E+03	2.371188E-18	9.669607E-19
9.161278E+03	2.367657E-18	9.664115E-19
9.161478E+03	2.365225E-18	9.643715E-19
9.161677E+03	2.362557E-18	9.649992E-19
9.161878E+03	2.366323E-18	9.653131E-19
9.162077E+03	2.370482E-18	9.679023E-19
9.162278E+03	2.370403E-18	9.664115E-19
9.162478E+03	2.369462E-18	9.668038E-19
9.162877E+03	2.369619E-18	9.621746E-19
9.163078E+03	2.371894E-18	9.584869E-19
9.163278E+03	2.374483E-18	9.605269E-19
9.163678E+03	2.374248E-18	9.606054E-19
9.163878E+03	2.370090E-18	9.660192E-19
9.164078E+03	2.368206E-18	9.660192E-19
9.164278E+03	2.368834E-18	9.666469E-19
9.164478E+03	2.371580E-18	9.665684E-19
9.164678E+03	2.374483E-18	9.685300E-19
9.164878E+03	2.376602E-18	9.689223E-19
9.165078E+03	2.377230E-18	9.686869E-19
9.165278E+03	2.377779E-18	9.697069E-19
9.165478E+03	2.380917E-18	9.777884E-19
9.165678E+03	2.384605E-18	9.704915E-19
9.165878E+03	2.383193E-18	9.704915E-19
9.166078E+03	2.381466E-18	9.712761E-19
9.166278E+03	2.381545E-18	9.688438E-19
9.166478E+03	2.378720E-18	9.636654E-19
9.166678E+03	2.377386E-18	9.593500E-19
9.166878E+03	2.380211E-18	9.617038E-19
9.167078E+03	2.380054E-18	9.624100E-19
9.167278E+03	2.376131E-18	9.625669E-19
9.167478E+03	2.375268E-18	9.638223E-19
9.167678E+03	2.374248E-18	9.603700E-19
9.167878E+03	2.370325E-18	9.526023E-19
9.168079E+03	2.371816E-18	9.463253E-19
9.168279E+03	2.371973E-18	9.460115E-19
9.168479E+03	2.371188E-18	9.460115E-19
9.168679E+03	2.371737E-18	9.488361E-19
9.168879E+03	2.371580E-18	9.552700E-19
9.169079E+03	2.371580E-18	9.554269E-19
9.169279E+03	2.372679E-18	9.549561E-19
9.169479E+03	2.368128E-18	9.574669E-19
9.169679E+03	2.366480E-18	9.592715E-19
9.169879E+03	2.368834E-18	9.593500E-19
9.170079E+03	2.369933E-18	9.611546E-19
9.170279E+03	2.366402E-18	9.616254E-19
9.170479E+03	2.361773E-18	9.598992E-19
9.170679E+03	2.360360E-18	9.532300E-19
9.170879E+03	2.361459E-18	9.516607E-19
9.171079E+03	2.362557E-18	9.525238E-19
9.171279E+03	2.365225E-18	9.523669E-19
9.171479E+03	2.367971E-18	9.531515E-19
9.171679E+03	2.369070E-18	9.535438E-19
9.171879E+03	2.369619E-18	9.529161E-19
9.172079E+03	2.368442E-18	9.520530E-19
9.172279E+03	2.366323E-18	9.481300E-19
9.172479E+03	2.366559E-18	9.514253E-19
9.172679E+03	2.367265E-18	9.513469E-19
9.172879E+03	2.368206E-18	9.511115E-19
9.173079E+03	2.367736E-18	9.537007E-19
9.173280E+03	2.367030E-18	9.533869E-19
9.173480E+03	2.364440E-18	9.551915E-19
9.173680E+03	2.360282E-18	9.578592E-19
9.173880E+03	2.359890E-18	9.571530E-19
9.174080E+03	2.364597E-18	9.577807E-19
9.174280E+03	2.365774E-18	9.572315E-19
9.174479E+03	2.362400E-18	9.478946E-19
9.174680E+03	2.359576E-18	9.434223E-19
9.174879E+03	2.357143E-18	9.352623E-19
9.175079E+03	2.356908E-18	9.257684E-19
9.175280E+03	2.357928E-18	9.252976E-19
9.175479E+03	2.358399E-18	9.275730E-19
9.175679E+03	2.357614E-18	9.252192E-19
9.175879E+03	2.357300E-18	9.204330E-19
9.176079E+03	2.357850E-18	9.182361E-19
9.176279E+03	2.357771E-18	9.185499E-19
9.176479E+03	2.356516E-18	9.141561E-19
9.176679E+03	2.360282E-18	9.173730E-19
9.176879E+03	2.365146E-18	9.100761E-19
9.177079E+03	2.362636E-18	9.023084E-19
9.177279E+03	2.358399E-18	9.021515E-19
9.177479E+03	2.358791E-18	9.038776E-19
9.177679E+03	2.359654E-18	8.982284E-19
9.177879E+03	2.357143E-18	9.005822E-19
9.178079E+03	2.353377E-18	8.991699E-19
9.178279E+03	2.352200E-18	8.978361E-19
9.178480E+03	2.351494E-18	8.932853E-19
9.178680E+03	2.348748E-18	8.921084E-19
9.178880E+03	2.346394E-18	8.924222E-19
9.179080E+03	2.345531E-18	8.927361E-19
9.179280E+03	2.343648E-18	8.865376E-19
9.179480E+03	2.342549E-18	8.783776E-19
9.179680E+03	2.342942E-18	8.711591E-19
9.179880E+03	2.343177E-18	8.680207E-19
9.180080E+03	2.343413E-18	8.671576E-19
9.180280E+03	2.345766E-18	8.673930E-19
9.180480E+03	2.349533E-18	8.727284E-19
9.180680E+03	2.351259E-18	8.725714E-19
9.180880E+03	2.349690E-18	8.791622E-19
9.181080E+03	2.347649E-18	8.776714E-19
9.181280E+03	2.347336E-18	8.792407E-19
9.181480E+03	2.343648E-18	8.692761E-19
9.181680E+03	2.340353E-18	8.692761E-19
9.181880E+03	2.338077E-18	8.667653E-19
9.182080E+03	2.334939E-18	8.682561E-19
9.182280E+03	2.332428E-18	8.683345E-19
9.182480E+03	2.333134E-18	8.726499E-19
9.182680E+03	2.334311E-18	8.686484E-19
9.182880E+03	2.335253E-18	8.675499E-19
9.183080E+03	2.340353E-18	8.597037E-19
9.183280E+03	2.342785E-18	8.618222E-19
9.183481E+03	2.338469E-18	8.563299E-19
9.183681E+03	2.336273E-18	8.523283E-19
9.183881E+03	2.337920E-18	8.341253E-19
9.184081E+03	2.338940E-18	8.328699E-19
9.184281E+03	2.339176E-18	8.329483E-19
9.184481E+03	2.338077E-18	8.166283E-19
9.184681E+03	2.337057E-18	8.175699E-19
9.184881E+03	2.339176E-18	8.121560E-19
9.185081E+03	2.340588E-18	8.207868E-19
9.185281E+03	2.340274E-18	8.251806E-19
9.185481E+03	2.339803E-18	8.258868E-19
9.185681E+03	2.339254E-18	8.269853E-19
9.185881E+03	2.340431E-18	8.262006E-19
9.186081E+03	2.344040E-18	8.263576E-19
9.186281E+03	2.347806E-18	8.334191E-19
9.186481E+03	2.349297E-18	8.350668E-19
9.186681E+03	2.347649E-18	8.345960E-19
9.186881E+03	2.344119E-18	8.343606E-19
9.187081E+03	2.340823E-18	8.303591E-19
9.187281E+03	2.339725E-18	8.323206E-19
9.187480E+03	2.341216E-18	8.387545E-19
9.187681E+03	2.342706E-18	8.389114E-19
9.187880E+03	2.340196E-18	8.400099E-19
9.188081E+03	2.338391E-18	8.382053E-19
9.188281E+03	2.340666E-18	8.371853E-19
9.188480E+03	2.342549E-18	8.349099E-19
9.188681E+03	2.338940E-18	8.313006E-19
9.188881E+03	2.336586E-18	8.298883E-19
9.189081E+03	2.336037E-18	8.308299E-19
9.189281E+03	2.335331E-18	8.312222E-19
9.189481E+03	2.336508E-18	8.303591E-19
9.189681E+03	2.339568E-18	8.274560E-19
9.189881E+03	2.341765E-18	8.276914E-19
9.190081E+03	2.343177E-18	8.248668E-19
9.190281E+03	2.343726E-18	8.265145E-19
9.190481E+03	2.342863E-18	8.276129E-19
9.190681E+03	2.342157E-18	8.317714E-19
9.190881E+03	2.341843E-18	8.280053E-19
9.191081E+03	2.340117E-18	8.279268E-19
9.191281E+03	2.338862E-18	8.171776E-19
9.191481E+03	2.342471E-18	8.237683E-19
9.191681E+03	2.344825E-18	8.337329E-19
9.191881E+03	2.342785E-18	8.320068E-19
9.192081E+03	2.340823E-18	8.274560E-19
9.192281E+03	2.342236E-18	8.269853E-19
9.192481E+03	2.346629E-18	8.221991E-19
9.192681E+03	2.349062E-18	8.141960E-19
9.192881E+03	2.347571E-18	8.110575E-19
9.193081E+03	2.347179E-18	8.141175E-19
9.193281E+03	2.346473E-18	8.108222E-19
9.193481E+03	2.344433E-18	8.106652E-19
9.193682E+03	2.342706E-18	8.094883E-19
9.193882E+03	2.341529E-18	8.056437E-19
9.194082E+03	2.342236E-18	8.032898E-19
9.194282E+03	2.344119E-18	8.032898E-19
9.194482E+03	2.343883E-18	8.032898E-19
9.194682E+03	2.344040E-18	8.028191E-19
9.194882E+03	2.345766E-18	8.152160E-19
9.195082E+03	2.345609E-18	8.169422E-19
9.195282E+03	2.344746E-18	8.207083E-19
9.195482E+03	2.346159E-18	8.229052E-19
9.195682E+03	2.345296E-18	8.237683E-19
9.195882E+03	2.341294E-18	8.241606E-19
9.196082E+03	2.340902E-18	8.254945E-19
9.196282E+03	2.340980E-18	8.264360E-19
9.196482E+03	2.338626E-18	8.235329E-19
9.196682E+03	2.339333E-18	8.230622E-19
9.196882E+03	2.341216E-18	8.231406E-19
9.197082E+03	2.339097E-18	8.232191E-19
9.197282E+03	2.334939E-18	8.193745E-19
9.197482E+03	2.330545E-18	8.189822E-19
9.197682E+03	2.328034E-18	8.181191E-19
9.197882E+03	2.328034E-18	8.210222E-19
9.198082E+03	2.328269E-18	8.156083E-19
9.198282E+03	2.330309E-18	8.162360E-19
9.198482E+03	2.336508E-18	8.138037E-19
9.198682E+03	2.340117E-18	8.089391E-19
9.198883E+03	2.339333E-18	8.109006E-19
9.199083E+03	2.336979E-18	8.173345E-19
9.199283E+03	2.336743E-18	8.178052E-19
9.199483E+03	2.337920E-18	8.209437E-19
9.199683E+03	2.338313E-18	8.209437E-19
9.199883E+03	2.341137E-18	8.164714E-19
9.200083E+03	2.344589E-18	8.206299E-19
9.200282E+03	2.347885E-18	8.200806E-19
9.200483E+03	2.348591E-18	8.186683E-19
9.200683E+03	2.346316E-18	8.179622E-19
9.200882E+03	2.343726E-18	8.180406E-19
9.201083E+03	2.342942E-18	8.226699E-19
9.201282E+03	2.343805E-18	8.232191E-19
9.201482E+03	2.343334E-18	8.246314E-19
9.201682E+03	2.343256E-18	8.244745E-19
9.201882E+03	2.346394E-18	8.186683E-19
9.202082E+03	2.348591E-18	8.173345E-19
9.202282E+03	2.346629E-18	8.172560E-19
9.202482E+03	2.346237E-18	8.171776E-19
9.202682E+03	2.349062E-18	8.177268E-19
9.202882E+03	2.348826E-18	8.118422E-19
9.203082E+03	2.343177E-18	8.112145E-19
9.203282E+03	2.342157E-18	8.123129E-19
9.203482E+03	2.344668E-18	8.139606E-19
9.203682E+03	2.342314E-18	8.145099E-19
9.203882E+03	2.341216E-18	8.220422E-19
9.204083E+03	2.342314E-18	8.216499E-19
9.204283E+03	2.344982E-18	8.223560E-19
9.204483E+03	2.349376E-18	8.219637E-19
9.204683E+03	2.348905E-18	8.195314E-19
9.204883E+03	2.346943E-18	8.258868E-19
9.205083E+03	2.350631E-18	8.404022E-19
9.205283E+03	2.355417E-18	8.427560E-19
9.205483E+03	2.356359E-18	8.435406E-19
9.205683E+03	2.357065E-18	8.419714E-19
9.205883E+03	2.356986E-18	8.418145E-19
9.206083E+03	2.355731E-18	8.377345E-19
9.206283E+03	2.360203E-18	8.378130E-19
9.206483E+03	2.366166E-18	8.406376E-19
9.206683E+03	2.370168E-18	8.405591E-19
9.206883E+03	2.374013E-18	8.444822E-19
9.207083E+03	2.375896E-18	8.451099E-19
9.207283E+03	2.375033E-18	8.451099E-19
9.207483E+03	2.373228E-18	8.529560E-19
9.207683E+03	2.372914E-18	8.537407E-19
9.207883E+03	2.377230E-18	8.531130E-19
9.208083E+03	2.382643E-18	8.548391E-19
9.208283E+03	2.380760E-18	8.529560E-19
9.208483E+03	2.374562E-18	8.546037E-19
9.208683E+03	2.371973E-18	8.572714E-19
9.208883E+03	2.375111E-18	8.568007E-19
9.209084E+03	2.377622E-18	8.531914E-19
9.209284E+03	2.376288E-18	8.539760E-19
9.209484E+03	2.378171E-18	8.587622E-19
9.209684E+03	2.377543E-18	8.597037E-19
9.209884E+03	2.375268E-18	8.589191E-19
9.210084E+03	2.378250E-18	8.589191E-19
9.210284E+03	2.380368E-18	8.589191E-19
9.210484E+03	2.379583E-18	8.589976E-19
9.210684E+03	2.377073E-18	8.614299E-19
9.210884E+03	2.376288E-18	8.605668E-19
9.211084E+03	2.377700E-18	8.619007E-19
9.211284E+03	2.378485E-18	8.673145E-19
9.211484E+03	2.377936E-18	8.662945E-19
9.211684E+03	2.375190E-18	8.630776E-19
9.211884E+03	2.372522E-18	8.629207E-19
9.212084E+03	2.372051E-18	8.651176E-19
9.212284E+03	2.373306E-18	8.633914E-19
9.212484E+03	2.373620E-18	8.644899E-19
9.212684E+03	2.371737E-18	8.646468E-19
9.212884E+03	2.370560E-18	8.649607E-19
9.213084E+03	2.371423E-18	8.652745E-19
9.213283E+03	2.372679E-18	8.644114E-19
9.213484E+03	2.373150E-18	8.649607E-19
9.213683E+03	2.373620E-18	8.664514E-19
9.213883E+03	2.375896E-18	8.797899E-19
9.214084E+03	2.379348E-18	8.818299E-19
9.214284E+03	2.382643E-18	8.804176E-19
9.214484E+03	2.384762E-18	8.801038E-19
9.214684E+03	2.387037E-18	8.763376E-19
9.214884E+03	2.388999E-18	8.785345E-19
9.215084E+03	2.389234E-18	8.791622E-19
9.215284E+03	2.389783E-18	8.750822E-19
9.215484E+03	2.390490E-18	8.756314E-19
9.215684E+03	2.388450E-18	8.735130E-19
9.215884E+03	2.383820E-18	8.706884E-19
9.216084E+03	2.381074E-18	8.775930E-19
9.216284E+03	2.382957E-18	8.824576E-19
9.216484E+03	2.387900E-18	8.819868E-19
9.216684E+03	2.391274E-18	8.816730E-19
9.216884E+03	2.391588E-18	8.811238E-19
9.217084E+03	2.387743E-18	8.845761E-19
9.217284E+03	2.382957E-18	8.842622E-19
9.217484E+03	2.383428E-18	8.843407E-19
9.217684E+03	2.383585E-18	8.826145E-19
9.217884E+03	2.381153E-18	8.790053E-19
9.218284E+03	2.379034E-18	8.768084E-19
9.218484E+03	2.374719E-18	8.778284E-19
9.218684E+03	2.371031E-18	8.847330E-19
9.218884E+03	2.368834E-18	8.857530E-19
9.219084E+03	2.368128E-18	8.824576E-19
9.219285E+03	2.372286E-18	8.801822E-19
9.219485E+03	2.374954E-18	8.805745E-19
9.219685E+03	2.374326E-18	8.799468E-19
9.219885E+03	2.373620E-18	8.796330E-19
9.220085E+03	2.374248E-18	8.820653E-19
9.220285E+03	2.374876E-18	8.792407E-19
9.220485E+03	2.376366E-18	8.789268E-19
9.220685E+03	2.379191E-18	8.787699E-19
9.220885E+03	2.382173E-18	8.782207E-19
9.221085E+03	2.384997E-18	8.812022E-19
9.221285E+03	2.387900E-18	8.896761E-19
9.221485E+03	2.390882E-18	8.935207E-19
9.221685E+03	2.395040E-18	8.938345E-19
9.221885E+03	2.399199E-18	8.936776E-19
9.222085E+03	2.402494E-18	8.937561E-19
9.222285E+03	2.404770E-18	8.938345E-19
9.222485E+03	2.405005E-18	8.941484E-19
9.222685E+03	2.404063E-18	8.942268E-19
9.222885E+03	2.404063E-18	8.899899E-19
9.223085E+03	2.405790E-18	8.901468E-19
9.223285E+03	2.408379E-18	8.842622E-19
9.223485E+03	2.409870E-18	8.887345E-19
9.223685E+03	2.405240E-18	8.877930E-19
9.223885E+03	2.401474E-18	8.884991E-19
9.224085E+03	2.398179E-18	8.855176E-19
9.224285E+03	2.396688E-18	8.852822E-19
9.224486E+03	2.399042E-18	8.870084E-19
9.224686E+03	2.400611E-18	8.863807E-19
9.224886E+03	2.398336E-18	8.841053E-19
9.225086E+03	2.395119E-18	8.938345E-19
9.225286E+03	2.393314E-18	8.954038E-19
9.225486E+03	2.393393E-18	8.966592E-19
9.225686E+03	2.390882E-18	8.943838E-19
9.225886E+03	2.386959E-18	8.903822E-19
9.226085E+03	2.383271E-18	8.939915E-19
9.226285E+03	2.380133E-18	8.974438E-19
9.226486E+03	2.381388E-18	8.992484E-19
9.226685E+03	2.384134E-18	8.997976E-19
9.226886E+03	2.380446E-18	9.000330E-19
9.227085E+03	2.373463E-18	9.004253E-19
9.227285E+03	2.371659E-18	8.968161E-19
9.227485E+03	2.371894E-18	8.919515E-19
9.227685E+03	2.370482E-18	8.973653E-19
9.227885E+03	2.366794E-18	8.974438E-19
9.228085E+03	2.363028E-18	8.972084E-19
9.228285E+03	2.361066E-18	8.965807E-19
9.228485E+03	2.360046E-18	8.965807E-19
9.228685E+03	2.359340E-18	8.873222E-19
9.228885E+03	2.357143E-18	8.844976E-19
9.229085E+03	2.352906E-18	8.841838E-19
9.229285E+03	2.353142E-18	8.855961E-19
9.229485E+03	2.356359E-18	8.862238E-19
9.229686E+03	2.356123E-18	8.857530E-19
9.229886E+03	2.354083E-18	8.804176E-19
9.230086E+03	2.351023E-18	8.818299E-19
9.230286E+03	2.348670E-18	8.830068E-19
9.230486E+03	2.346473E-18	8.828499E-19
9.230686E+03	2.346002E-18	8.963453E-19
9.230886E+03	2.346080E-18	8.985422E-19
9.231086E+03	2.346002E-18	8.995622E-19
9.231286E+03	2.347336E-18	8.996407E-19
9.231486E+03	2.347414E-18	8.989345E-19
9.231686E+03	2.346551E-18	9.025438E-19
9.231886E+03	2.344825E-18	9.031715E-19
9.232086E+03	2.343413E-18	9.031715E-19
9.232286E+03	2.344354E-18	9.024653E-19
9.232486E+03	2.342942E-18	9.025438E-19
9.232686E+03	2.339333E-18	9.014453E-19
9.232886E+03	2.338234E-18	9.014453E-19
9.233086E+03	2.339568E-18	8.985422E-19
9.233286E+03	2.339803E-18	9.063884E-19
9.233486E+03	2.340431E-18	9.063884E-19
9.233686E+03	2.342000E-18	9.115669E-19
9.233886E+03	2.343099E-18	9.019161E-19
9.234086E+03	2.343334E-18	8.991699E-19
9.234286E+03	2.338391E-18	9.014453E-19
9.234486E+03	2.327642E-18	9.016022E-19
9.234687E+03	2.319560E-18	9.011315E-19
9.234887E+03	2.319560E-18	9.012099E-19
9.235087E+03	2.320423E-18	9.030145E-19
9.235487E+03	2.313519E-18	9.086638E-19
9.235687E+03	2.310459E-18	9.088992E-19
9.235887E+03	2.309517E-18	9.092915E-19
9.236087E+03	2.308026E-18	9.101545E-19
9.236287E+03	2.304574E-18	9.100761E-19
9.236487E+03	2.299866E-18	9.101545E-19
9.236687E+03	2.297513E-18	9.096053E-19
9.236887E+03	2.296649E-18	9.096838E-19
9.237087E+03	2.294766E-18	9.107038E-19
9.237287E+03	2.291863E-18	9.105469E-19
9.237487E+03	2.289588E-18	8.994053E-19
9.237687E+03	2.285822E-18	8.983068E-19
9.237887E+03	2.280016E-18	8.946192E-19
9.238087E+03	2.274053E-18	8.933638E-19
9.238287E+03	2.271699E-18	8.910884E-19
9.238487E+03	2.275622E-18	8.907745E-19
9.238687E+03	2.281349E-18	8.895191E-19
9.238887E+03	2.288176E-18	8.882638E-19
9.239086E+03	2.291314E-18	8.886561E-19
9.239287E+03	2.288489E-18	8.878715E-19
9.239487E+03	2.287469E-18	8.876361E-19
9.239686E+03	2.291549E-18	8.874791E-19
9.239888E+03	2.296728E-18	8.884991E-19
9.240087E+03	2.294688E-18	8.887345E-19
9.240288E+03	2.294609E-18	8.888130E-19
9.240487E+03	2.298925E-18	8.832422E-19
9.240687E+03	2.301043E-18	8.762591E-19
9.240887E+03	2.297826E-18	8.746899E-19
9.241087E+03	2.298689E-18	8.728853E-19
9.241287E+03	2.304653E-18	8.749253E-19
9.241487E+03	2.309517E-18	8.692761E-19
9.241687E+03	2.309596E-18	8.612730E-19
9.241887E+03	2.311871E-18	8.589191E-19
9.242087E+03	2.316971E-18	8.604099E-19
9.242287E+03	2.318305E-18	8.611160E-19
9.242487E+03	2.317991E-18	8.614299E-19
9.242687E+03	2.318069E-18	8.579776E-19
9.242887E+03	2.319953E-18	8.590760E-19
9.243087E+03	2.320659E-18	8.584484E-19
9.243287E+03	2.318069E-18	8.593899E-19
9.243487E+03	2.314539E-18	8.597037E-19
9.243687E+03	2.308811E-18	8.553099E-19
9.243887E+03	2.302142E-18	8.546037E-19
9.244087E+03	2.296493E-18	8.523283E-19
9.244287E+03	2.295237E-18	8.544468E-19
9.244487E+03	2.296649E-18	8.603314E-19
9.244687E+03	2.295080E-18	8.609591E-19
9.244888E+03	2.290216E-18	8.642545E-19
9.245088E+03	2.284096E-18	8.684914E-19
9.245288E+03	2.276328E-18	8.684914E-19
9.245488E+03	2.268482E-18	8.684130E-19
9.245688E+03	2.262126E-18	8.655099E-19
9.245888E+03	2.255614E-18	8.651961E-19
9.246088E+03	2.248082E-18	8.622145E-19
9.246288E+03	2.239608E-18	8.623714E-19
9.246488E+03	2.241412E-18	8.556237E-19
9.246688E+03	2.245806E-18	8.555453E-19
9.246888E+03	2.239294E-18	8.548391E-19
9.247088E+03	2.228231E-18	8.544468E-19
9.247288E+03	2.223759E-18	8.538976E-19
9.247488E+03	2.227446E-18	8.538976E-19
9.247688E+03	2.229016E-18	8.392253E-19
9.247888E+03	2.221562E-18	8.377345E-19
9.248088E+03	2.223209E-18	8.370283E-19
9.248288E+03	2.220777E-18	8.366360E-19
9.248488E+03	2.210734E-18	8.365576E-19
9.248688E+03	2.207988E-18	8.343606E-19
9.249088E+03	2.209479E-18	8.385976E-19
9.249288E+03	2.207517E-18	8.376560E-19
9.249488E+03	2.206105E-18	8.378914E-19
9.249688E+03	2.202652E-18	8.314576E-19
9.249888E+03	2.197239E-18	8.305160E-19
9.250089E+03	2.192609E-18	8.304376E-19
9.250289E+03	2.185626E-18	8.164714E-19
9.250489E+03	2.178172E-18	8.058006E-19
9.250689E+03	2.177074E-18	8.050945E-19
9.250889E+03	2.179663E-18	8.040745E-19
9.251089E+03	2.182409E-18	8.052514E-19
9.251289E+03	2.183116E-18	8.026622E-19
9.251489E+03	2.178800E-18	8.003083E-19
9.251689E+03	2.173072E-18	8.003083E-19
9.251889E+03	2.168522E-18	8.020345E-19
9.252088E+03	2.164128E-18	8.127052E-19
9.252289E+03	2.161696E-18	8.145883E-19
9.252488E+03	2.161774E-18	8.111360E-19
9.252689E+03	2.163500E-18	8.114499E-19
9.252888E+03	2.166874E-18	8.201591E-19
9.253288E+03	2.168443E-18	8.305945E-19
9.253488E+03	2.166874E-18	8.335760E-19
9.253688E+03	2.166403E-18	8.345176E-19
9.253888E+03	2.166482E-18	8.319283E-19
9.254088E+03	2.166168E-18	8.216499E-19
9.254288E+03	2.167502E-18	8.132545E-19
9.254488E+03	2.168051E-18	8.130191E-19
9.254688E+03	2.164442E-18	8.127837E-19
9.254888E+03	2.160754E-18	8.114499E-19
9.255289E+03	2.164285E-18	8.095668E-19
9.255489E+03	2.170797E-18	8.095668E-19
9.255689E+03	2.171189E-18	8.084683E-19
9.255889E+03	2.166717E-18	8.087822E-19
9.256089E+03	2.164049E-18	8.085468E-19
9.256289E+03	2.162872E-18	8.068206E-19
9.256489E+03	2.161460E-18	8.079975E-19
9.256689E+03	2.160911E-18	8.093314E-19
9.256889E+03	2.158400E-18	8.063499E-19
9.257089E+03	2.158165E-18	7.926975E-19
9.257289E+03	2.163029E-18	7.901868E-19
9.257489E+03	2.168208E-18	7.923837E-19
9.257689E+03	2.170248E-18	7.926191E-19
9.257889E+03	2.169934E-18	7.911283E-19
9.258089E+03	2.167816E-18	7.908929E-19
9.258289E+03	2.166011E-18	7.959929E-19
9.258489E+03	2.165697E-18	7.987391E-19
9.258689E+03	2.164520E-18	7.982683E-19
9.258889E+03	2.164991E-18	7.984252E-19
9.259089E+03	2.167266E-18	7.979545E-19
9.259289E+03	2.168208E-18	7.904221E-19
9.259489E+03	2.169934E-18	7.833292E-19
9.259689E+03	2.172052E-18	7.836195E-19
9.259889E+03	2.171503E-18	7.838314E-19
9.260089E+03	2.167109E-18	7.827564E-19
9.260290E+03	2.161852E-18	7.788961E-19
9.260490E+03	2.156439E-18	7.850868E-19
9.260690E+03	2.152672E-18	7.849298E-19
9.260890E+03	2.151339E-18	7.847729E-19
9.261090E+03	2.149848E-18	7.850083E-19
9.261290E+03	2.147808E-18	7.842786E-19
9.261490E+03	2.148357E-18	7.858714E-19
9.261690E+03	2.149534E-18	7.786294E-19
9.261890E+03	2.146709E-18	7.802614E-19
9.262090E+03	2.144277E-18	7.886960E-19
9.262290E+03	2.144905E-18	7.894021E-19
9.262490E+03	2.148357E-18	7.866560E-19
9.262690E+03	2.152594E-18	7.872837E-19
9.262890E+03	2.152280E-18	7.855575E-19
9.263090E+03	2.151496E-18	7.848514E-19
9.263290E+03	2.152751E-18	7.858714E-19
9.263490E+03	2.153771E-18	7.857929E-19
9.263690E+03	2.154006E-18	7.871268E-19
9.263890E+03	2.153928E-18	7.883037E-19
9.264090E+03	2.155183E-18	7.849298E-19
9.264290E+03	2.159420E-18	7.749181E-19
9.264490E+03	2.164285E-18	7.711127E-19
9.264690E+03	2.167972E-18	7.719680E-19
9.264890E+03	2.170954E-18	7.738354E-19
9.265090E+03	2.172680E-18	7.743297E-19
9.265290E+03	2.173072E-18	7.738432E-19
9.265490E+03	2.172602E-18	7.739687E-19
9.265691E+03	2.173229E-18	7.736157E-19
9.265890E+03	2.175583E-18	7.726663E-19
9.266091E+03	2.177231E-18	7.760244E-19
9.266290E+03	2.178408E-18	7.756086E-19
9.266490E+03	2.181860E-18	7.740629E-19
9.266690E+03	2.184136E-18	7.711677E-19
9.266890E+03	2.184449E-18	7.729566E-19
9.267090E+03	2.184136E-18	7.705478E-19
9.267290E+03	2.182017E-18	7.757028E-19
9.267490E+03	2.181389E-18	7.718267E-19
9.267690E+03	2.184606E-18	7.852437E-19
9.267890E+03	2.191197E-18	7.822857E-19
9.268090E+03	2.196297E-18	7.688531E-19
9.268290E+03	2.198729E-18	7.675741E-19
9.268490E+03	2.201789E-18	7.670327E-19
9.268690E+03	2.204771E-18	7.669700E-19
9.268890E+03	2.205399E-18	7.688138E-19
9.269090E+03	2.207046E-18	7.660363E-19
9.269290E+03	2.212225E-18	7.626389E-19
9.269490E+03	2.220071E-18	7.654792E-19
9.269690E+03	2.225406E-18	7.655184E-19
9.269890E+03	2.227996E-18	7.749731E-19
9.270090E+03	2.228623E-18	7.760009E-19
9.270290E+03	2.225014E-18	7.766757E-19
9.270491E+03	2.224622E-18	7.731606E-19
9.270691E+03	2.230271E-18	7.645377E-19
9.270891E+03	2.235136E-18	7.847729E-19
9.271091E+03	2.234508E-18	8.015637E-19
9.271291E+03	2.231448E-18	8.050945E-19
9.271491E+03	2.232468E-18	8.055652E-19
9.271691E+03	2.235685E-18	8.054868E-19
9.271891E+03	2.236940E-18	8.053299E-19
9.272091E+03	2.234665E-18	8.054868E-19
9.272291E+03	2.230585E-18	8.038391E-19
9.272491E+03	2.228545E-18	8.021914E-19
9.272691E+03	2.230192E-18	8.036037E-19
9.272891E+03	2.237176E-18	8.046237E-19
9.273091E+03	2.247297E-18	8.159222E-19
9.273291E+03	2.254280E-18	8.152160E-19
9.273491E+03	2.254594E-18	8.230622E-19
9.273691E+03	2.253809E-18	8.101160E-19
9.273891E+03	2.252554E-18	8.091745E-19
9.274091E+03	2.249102E-18	8.082329E-19
9.274291E+03	2.245179E-18	8.139606E-19
9.274491E+03	2.242825E-18	8.198452E-19
9.274691E+03	2.242197E-18	8.181976E-19
9.274891E+03	2.242040E-18	8.166283E-19
9.275091E+03	2.242354E-18	8.179622E-19
9.275291E+03	2.242825E-18	8.232976E-19
9.275491E+03	2.240942E-18	8.233760E-19
9.275692E+03	2.237646E-18	8.231406E-19
9.275892E+03	2.236626E-18	8.196883E-19
9.276092E+03	2.241020E-18	8.153729E-19
9.276292E+03	2.245100E-18	8.102729E-19
9.276492E+03	2.249729E-18	8.136468E-19
9.276692E+03	2.254673E-18	8.047022E-19
9.276892E+03	2.257026E-18	8.046237E-19
9.277092E+03	2.257733E-18	8.001514E-19
9.277292E+03	2.257654E-18	7.983468E-19
9.277492E+03	2.256791E-18	7.984252E-19
9.277692E+03	2.255771E-18	7.984252E-19
9.277892E+03	2.256006E-18	7.967775E-19
9.278092E+03	2.257576E-18	7.870483E-19
9.278291E+03	2.258988E-18	7.794061E-19
9.278492E+03	2.259773E-18	7.745808E-19
9.278692E+03	2.259537E-18	7.745023E-19
9.278891E+03	2.259616E-18	7.770994E-19
9.279092E+03	2.256634E-18	7.800417E-19
9.279291E+03	2.249808E-18	7.809048E-19
9.279491E+03	2.246434E-18	7.828898E-19
9.279691E+03	2.247454E-18	7.837764E-19
9.279891E+03	2.247846E-18	7.833371E-19
9.280091E+03	2.246512E-18	7.837372E-19
9.280291E+03	2.249494E-18	7.844591E-19
9.280491E+03	2.256556E-18	7.865775E-19
9.280691E+03	2.261656E-18	7.862637E-19
9.280892E+03	2.262911E-18	7.895591E-19
9.281092E+03	2.262989E-18	7.926191E-19
9.281292E+03	2.260400E-18	7.950514E-19
9.281492E+03	2.255300E-18	8.014852E-19
9.281692E+03	2.251220E-18	8.019560E-19
9.281892E+03	2.248003E-18	8.131760E-19
9.282092E+03	2.246983E-18	8.144314E-19
9.282292E+03	2.248082E-18	8.149022E-19
9.282492E+03	2.250122E-18	8.168637E-19
9.282692E+03	2.251848E-18	8.150591E-19
9.282892E+03	2.251691E-18	8.159222E-19
9.283092E+03	2.251769E-18	8.186683E-19
9.283292E+03	2.253260E-18	8.232976E-19
9.283492E+03	2.255457E-18	8.249453E-19
9.283692E+03	2.257889E-18	8.312222E-19
9.283892E+03	2.259773E-18	8.361653E-19
9.284092E+03	2.258360E-18	8.356945E-19
9.284292E+03	2.256242E-18	8.358514E-19
9.284492E+03	2.253417E-18	8.373422E-19
9.284692E+03	2.248003E-18	8.408730E-19
9.284892E+03	2.245885E-18	8.418145E-19
9.285092E+03	2.246905E-18	8.429130E-19
9.285292E+03	2.249416E-18	8.458945E-19
9.285492E+03	2.251299E-18	8.483268E-19
9.285692E+03	2.251848E-18	8.511514E-19
9.285893E+03	2.250122E-18	8.551530E-19
9.286093E+03	2.250043E-18	8.585268E-19
9.286293E+03	2.255928E-18	8.623714E-19
9.286493E+03	2.261969E-18	8.661376E-19
9.286693E+03	2.262597E-18	8.702176E-19
9.286893E+03	2.263225E-18	8.744545E-19
9.287093E+03	2.264637E-18	8.758668E-19
9.287293E+03	2.263539E-18	8.731207E-19
9.287493E+03	2.265422E-18	8.762591E-19
9.287693E+03	2.270522E-18	8.781422E-19
9.287893E+03	2.272326E-18	8.782991E-19
9.288093E+03	2.270051E-18	8.833207E-19
9.288293E+03	2.270208E-18	8.869299E-19
9.288493E+03	2.274680E-18	8.859884E-19
9.288693E+03	2.276014E-18	8.873222E-19
9.289093E+03	2.273189E-18	8.883422E-19
9.289293E+03	2.275465E-18	8.884207E-19
9.289493E+03	2.285273E-18	8.884991E-19
9.289693E+03	2.294845E-18	8.887345E-19
9.289893E+03	2.300494E-18	8.896761E-19
9.290093E+03	2.302063E-18	8.886561E-19
9.290293E+03	2.299474E-18	8.947761E-19
9.290493E+03	2.298533E-18	8.948545E-19
9.290693E+03	2.302926E-18	8.951684E-19
9.290893E+03	2.309125E-18	8.946192E-19
9.291094E+03	2.310537E-18	8.949330E-19
9.291293E+03	2.307320E-18	9.042699E-19
9.291494E+03	2.305123E-18	9.042699E-19
9.291693E+03	2.305359E-18	9.083499E-19
9.291894E+03	2.307791E-18	9.041130E-19
9.292094E+03	2.309439E-18	9.015238E-19
9.292293E+03	2.309439E-18	9.012099E-19
9.292493E+03	2.307869E-18	9.032499E-19
9.292693E+03	2.306300E-18	9.041130E-19
9.292893E+03	2.304417E-18	9.041130E-19
9.293093E+03	2.303476E-18	9.036422E-19
9.293293E+03	2.307320E-18	9.018376E-19
9.293493E+03	2.311165E-18	9.012099E-19
9.293693E+03	2.311793E-18	9.008961E-19
9.293893E+03	2.314539E-18	8.999545E-19
9.294093E+03	2.318540E-18	8.997976E-19
9.294293E+03	2.320345E-18	8.991699E-19
9.294493E+03	2.319796E-18	8.993268E-19
9.294693E+03	2.320188E-18	8.984638E-19
9.294893E+03	2.323013E-18	8.906961E-19
9.295093E+03	2.323876E-18	8.874007E-19
9.295293E+03	2.324346E-18	8.910099E-19
9.295493E+03	2.327093E-18	8.946976E-19
9.295693E+03	2.330231E-18	8.916376E-19
9.295893E+03	2.331565E-18	8.844191E-19
9.296094E+03	2.332506E-18	8.816730E-19
9.296294E+03	2.337371E-18	8.833991E-19
9.296494E+03	2.342393E-18	8.903822E-19
9.296694E+03	2.341451E-18	8.894407E-19
9.296894E+03	2.347022E-18	8.912453E-19
9.297094E+03	2.351730E-18	8.916376E-19
9.297294E+03	2.350317E-18	8.916376E-19
9.297494E+03	2.352357E-18	8.943053E-19
9.297694E+03	2.352985E-18	9.065453E-19
9.297894E+03	2.352200E-18	9.114884E-19
9.298094E+03	2.351965E-18	9.157253E-19
9.298294E+03	2.351808E-18	9.241992E-19
9.298494E+03	2.349690E-18	9.292992E-19
9.298694E+03	2.349376E-18	9.322807E-19
9.298894E+03	2.354946E-18	9.312607E-19
9.299094E+03	2.359968E-18	9.402053E-19
9.299294E+03	2.361773E-18	9.456192E-19
9.299494E+03	2.363734E-18	9.457761E-19
9.299694E+03	2.367814E-18	9.490715E-19
9.299894E+03	2.369776E-18	9.565254E-19
9.300094E+03	2.369226E-18	9.569177E-19
9.300294E+03	2.367422E-18	9.566038E-19
9.300494E+03	2.364048E-18	9.559761E-19
9.300694E+03	2.363185E-18	9.613900E-19
9.300894E+03	2.364440E-18	9.709623E-19
9.301094E+03	2.366716E-18	9.723746E-19
9.301295E+03	2.369148E-18	9.708054E-19
9.301495E+03	2.371894E-18	9.709623E-19
9.301695E+03	2.374013E-18	9.702561E-19
9.301895E+03	2.372130E-18	9.747284E-19
9.302095E+03	2.372836E-18	9.808484E-19
9.302295E+03	2.378956E-18	9.861054E-19
9.302495E+03	2.384370E-18	9.940300E-19
9.302695E+03	2.387273E-18	9.968546E-19
9.302895E+03	2.387586E-18	9.914408E-19
9.303095E+03	2.386410E-18	9.963054E-19
9.303295E+03	2.387116E-18	1.002190E-18
9.303495E+03	2.392137E-18	1.001876E-18
9.303695E+03	2.399277E-18	1.007212E-18
9.303895E+03	2.404691E-18	1.006427E-18
9.304094E+03	2.406496E-18	1.006741E-18
9.304294E+03	2.406653E-18	1.003602E-18
9.304495E+03	2.407908E-18	9.963838E-19
9.304694E+03	2.409399E-18	9.934023E-19
9.304895E+03	2.405397E-18	9.932454E-19
9.305094E+03	2.400140E-18	9.929315E-19
9.305294E+03	2.397159E-18	9.941085E-19
9.305494E+03	2.393942E-18	1.005642E-18
9.305694E+03	2.393785E-18	1.018824E-18
9.305894E+03	2.397943E-18	1.032005E-18
9.306094E+03	2.405005E-18	1.042519E-18
9.306895E+03	2.412066E-18	1.052013E-18
9.307095E+03	2.414656E-18	1.061978E-18
9.307295E+03	2.414734E-18	1.071001E-18
9.308295E+03	2.416696E-18	1.079004E-18
9.309895E+03	2.419913E-18	1.083633E-18
9.310095E+03	2.420148E-18	1.087399E-18
9.310295E+03	2.418186E-18	1.091165E-18
9.310495E+03	2.418500E-18	1.094461E-18
9.311496E+03	2.417480E-18	1.096109E-18
9.311696E+03	2.414263E-18	1.096109E-18
9.311896E+03	2.415833E-18	1.097599E-18
9.312096E+03	2.418186E-18	1.095324E-18
9.312296E+03	2.418657E-18	1.094147E-18
9.312896E+03	2.419050E-18	1.097364E-18
9.313096E+03	2.418343E-18	1.098305E-18
9.313296E+03	2.418736E-18	1.100345E-18
9.315696E+03	2.422345E-18	1.114155E-18
9.315896E+03	2.426346E-18	1.118313E-18
9.316096E+03	2.426817E-18	1.119176E-18
9.316296E+03	2.427602E-18	1.107956E-18
9.316496E+03	2.432153E-18	1.106936E-18
9.316697E+03	2.437959E-18	1.114233E-18
9.316897E+03	2.438822E-18	1.125610E-18
9.317096E+03	2.437410E-18	1.125610E-18
9.317297E+03	2.438586E-18	1.129925E-18
9.317496E+03	2.438351E-18	1.133535E-18
9.318296E+03	2.437723E-18	1.145618E-18
9.318496E+03	2.437331E-18	1.142950E-18
9.318696E+03	2.434350E-18	1.137615E-18
9.319096E+03	2.428230E-18	1.137222E-18
9.319296E+03	2.424542E-18	1.131573E-18
9.319496E+03	2.422816E-18	1.132279E-18
9.320096E+03	2.418422E-18	1.132201E-18
9.320296E+03	2.414185E-18	1.135339E-18
9.320496E+03	2.412616E-18	1.135339E-18
9.320696E+03	2.408379E-18	1.123413E-18
9.320896E+03	2.406025E-18	1.113292E-18
9.321096E+03	2.409477E-18	1.111644E-18
9.321296E+03	2.416146E-18	1.112350E-18
9.321496E+03	2.419599E-18	1.120118E-18
9.321697E+03	2.418030E-18	1.130867E-18
9.321897E+03	2.418579E-18	1.142322E-18
9.322097E+03	2.419442E-18	1.150012E-18
9.322297E+03	2.415676E-18	1.151032E-18
9.322497E+03	2.411596E-18	1.151895E-18
9.323097E+03	2.410576E-18	1.154719E-18
9.323297E+03	2.412066E-18	1.144127E-18
9.323497E+03	2.413165E-18	1.150875E-18
9.326297E+03	2.413479E-18	1.154249E-18
9.326497E+03	2.415911E-18	1.158015E-18
9.326697E+03	2.419520E-18	1.165155E-18
9.326898E+03	2.421953E-18	1.171510E-18
9.327098E+03	2.421403E-18	1.167979E-18
9.327298E+03	2.417794E-18	1.162879E-18
9.327498E+03	2.415990E-18	1.162252E-18
9.327698E+03	2.415205E-18	1.162252E-18
9.327898E+03	2.413322E-18	1.160996E-18
9.328098E+03	2.409556E-18	1.156210E-18
9.328298E+03	2.408457E-18	1.155818E-18
9.328498E+03	2.412459E-18	1.157466E-18
9.328698E+03	2.416146E-18	1.157309E-18
9.328898E+03	2.419128E-18	1.158250E-18
9.329098E+03	2.422188E-18	1.161781E-18
9.329298E+03	2.426739E-18	1.161153E-18
9.329498E+03	2.433251E-18	1.161859E-18
9.329698E+03	2.434820E-18	1.166724E-18
9.329897E+03	2.433016E-18	1.166959E-18
9.330097E+03	2.433094E-18	1.166646E-18
9.330298E+03	2.433800E-18	1.166253E-18
9.330497E+03	2.433486E-18	1.167509E-18
9.330698E+03	2.434742E-18	1.172059E-18
9.330897E+03	2.437410E-18	1.177473E-18
9.331097E+03	2.440626E-18	1.185398E-18
9.331297E+03	2.446903E-18	1.191282E-18
9.331898E+03	2.451611E-18	1.191204E-18
9.332098E+03	2.455770E-18	1.191282E-18
9.332298E+03	2.461733E-18	1.189870E-18
9.332498E+03	2.463930E-18	1.194892E-18
9.333098E+03	2.462517E-18	1.201404E-18
9.333298E+03	2.461027E-18	1.201326E-18
9.333498E+03	2.462831E-18	1.201561E-18
9.333698E+03	2.464793E-18	1.200855E-18
9.333898E+03	2.464165E-18	1.200070E-18
9.334098E+03	2.464950E-18	1.198344E-18
9.334298E+03	2.467931E-18	1.199129E-18
9.334498E+03	2.471148E-18	1.197716E-18
9.334698E+03	2.472796E-18	1.197246E-18
9.334898E+03	2.473267E-18	1.195912E-18
9.335098E+03	2.473267E-18	1.200384E-18
9.335298E+03	2.473737E-18	1.208152E-18
9.335498E+03	2.474522E-18	1.207838E-18
9.335698E+03	2.476797E-18	1.216704E-18
9.335898E+03	2.478602E-18	1.217959E-18
9.336098E+03	2.476405E-18	1.216076E-18
9.336298E+03	2.472560E-18	1.217175E-18
9.336498E+03	2.468951E-18	1.216076E-18
9.336698E+03	2.464165E-18	1.213252E-18
9.336898E+03	2.461576E-18	1.210192E-18
9.337099E+03	2.461811E-18	1.211918E-18
9.337299E+03	2.464322E-18	1.209956E-18
9.337499E+03	2.465263E-18	1.207132E-18
9.337699E+03	2.462910E-18	1.208230E-18
9.337899E+03	2.457339E-18	1.212938E-18
9.338099E+03	2.451297E-18	1.211212E-18
9.338299E+03	2.450670E-18	1.211761E-18
9.338499E+03	2.452945E-18	1.211447E-18
9.338699E+03	2.453573E-18	1.209642E-18
9.338899E+03	2.451454E-18	1.207602E-18
9.339099E+03	2.444471E-18	1.205562E-18
9.340099E+03	2.437253E-18	1.203444E-18
9.340299E+03	2.436154E-18	1.201090E-18
9.340499E+03	2.437566E-18	1.199050E-18
9.340699E+03	2.438586E-18	1.196539E-18
9.340899E+03	2.445883E-18	1.194813E-18
9.341099E+03	2.449022E-18	1.194107E-18
9.341299E+03	2.443922E-18	1.192146E-18
9.341499E+03	2.446982E-18	1.189086E-18
9.341699E+03	2.444079E-18	1.186339E-18
9.341899E+03	2.440470E-18	1.183907E-18
9.342099E+03	2.438037E-18	1.180769E-18
9.342300E+03	2.433486E-18	1.177787E-18
9.342500E+03	2.427210E-18	1.173629E-18
9.342700E+03	2.421011E-18	1.170647E-18
9.342899E+03	2.414106E-18	1.174099E-18
9.343100E+03	2.410733E-18	1.175433E-18
9.343299E+03	2.412616E-18	1.174021E-18
9.343499E+03	2.413165E-18	1.182652E-18
9.344299E+03	2.411596E-18	1.192695E-18
9.344499E+03	2.407280E-18	1.193558E-18
9.344699E+03	2.404220E-18	1.192302E-18
9.344899E+03	2.404691E-18	1.193479E-18
9.345299E+03	2.404926E-18	1.192381E-18
9.345499E+03	2.404456E-18	1.188772E-18
9.345699E+03	2.398650E-18	1.191282E-18
9.345899E+03	2.390646E-18	1.208936E-18
9.346099E+03	2.385311E-18	1.230278E-18
9.346299E+03	2.382800E-18	1.230042E-18
9.346499E+03	2.379662E-18	1.230513E-18
9.347099E+03	2.375033E-18	1.227453E-18
9.347300E+03	2.369540E-18	1.228866E-18
9.347500E+03	2.371423E-18	1.229807E-18
9.347700E+03	2.378877E-18	1.231219E-18
9.347900E+03	2.382408E-18	1.236633E-18
9.348100E+03	2.383114E-18	1.235692E-18
9.348300E+03	2.381859E-18	1.241419E-18
9.348500E+03	2.378799E-18	1.242439E-18
9.348700E+03	2.374876E-18	1.243224E-18
9.348900E+03	2.375739E-18	1.243773E-18
9.349100E+03	2.378877E-18	1.243852E-18
9.349300E+03	2.381466E-18	1.243852E-18
9.349500E+03	2.381623E-18	1.243930E-18
9.349700E+03	2.380603E-18	1.244087E-18
9.349900E+03	2.374326E-18	1.253110E-18
9.350100E+03	2.371737E-18	1.282298E-18
9.350300E+03	2.373777E-18	1.297284E-18
9.350500E+03	2.371345E-18	1.295166E-18
9.350700E+03	2.364911E-18	1.296813E-18
9.350900E+03	2.364597E-18	1.297363E-18
9.351100E+03	2.368050E-18	1.296578E-18
9.351300E+03	2.366637E-18	1.296578E-18
9.351500E+03	2.364440E-18	1.297363E-18
9.351700E+03	2.366873E-18	1.294852E-18
9.351900E+03	2.364754E-18	1.290615E-18
9.352100E+03	2.361302E-18	1.290536E-18
9.352300E+03	2.358556E-18	1.288653E-18
9.352501E+03	2.357143E-18	1.288261E-18
9.352701E+03	2.355731E-18	1.288339E-18
9.352901E+03	2.352279E-18	1.285907E-18
9.353101E+03	2.348826E-18	1.288810E-18
9.353301E+03	2.350866E-18	1.301521E-18
9.353501E+03	2.348120E-18	1.315566E-18
9.353701E+03	2.343020E-18	1.317606E-18
9.353901E+03	2.342000E-18	1.313683E-18
9.354101E+03	2.342785E-18	1.311250E-18
9.354301E+03	2.342863E-18	1.311172E-18
9.354501E+03	2.345923E-18	1.304895E-18
9.354701E+03	2.350788E-18	1.303718E-18
9.354901E+03	2.351494E-18	1.302227E-18
9.355101E+03	2.346002E-18	1.300579E-18
9.355301E+03	2.341137E-18	1.297676E-18
9.355501E+03	2.339411E-18	1.298696E-18
9.355701E+03	2.339254E-18	1.298696E-18
9.355900E+03	2.338940E-18	1.298618E-18
9.356101E+03	2.336116E-18	1.292969E-18
9.356300E+03	2.332663E-18	1.289203E-18
9.356501E+03	2.331251E-18	1.294538E-18
9.356701E+03	2.327249E-18	1.294852E-18
9.356900E+03	2.322542E-18	1.297833E-18
9.357101E+03	2.320423E-18	1.298618E-18
9.357300E+03	2.319482E-18	1.295244E-18
9.357501E+03	2.318619E-18	1.297990E-18
9.357701E+03	2.319874E-18	1.301050E-18
9.357901E+03	2.319953E-18	1.297519E-18
9.358101E+03	2.314382E-18	1.295087E-18
9.358901E+03	2.311322E-18	1.296107E-18
9.359101E+03	2.310459E-18	1.297363E-18
9.359301E+03	2.306379E-18	1.297441E-18
9.359501E+03	2.298925E-18	1.299481E-18
9.359701E+03	2.291785E-18	1.296264E-18
9.359901E+03	2.286528E-18	1.295950E-18
9.360101E+03	2.279859E-18	1.296264E-18
9.360301E+03	2.272091E-18	1.296029E-18
9.360501E+03	2.268089E-18	1.296578E-18
9.360701E+03	2.263068E-18	1.297127E-18
9.360901E+03	2.257811E-18	1.297441E-18
9.361101E+03	2.254202E-18	1.297519E-18
9.361301E+03	2.252083E-18	1.297049E-18
9.361701E+03	2.252476E-18	1.284887E-18
9.361901E+03	2.252946E-18	1.273196E-18
9.362101E+03	2.250279E-18	1.261976E-18
9.362301E+03	2.245963E-18	1.251306E-18
9.362501E+03	2.243609E-18	1.246127E-18
9.362702E+03	2.244159E-18	1.237967E-18
9.362902E+03	2.244080E-18	1.228316E-18
9.363102E+03	2.242511E-18	1.221255E-18
9.363302E+03	2.241177E-18	1.215919E-18
9.363502E+03	2.239843E-18	1.210662E-18
9.363702E+03	2.237097E-18	1.209642E-18
9.363902E+03	2.236705E-18	1.204778E-18
9.364102E+03	2.235842E-18	1.207210E-18
9.364302E+03	2.230663E-18	1.214036E-18
9.364502E+03	2.224936E-18	1.213722E-18
9.364702E+03	2.222189E-18	1.213801E-18
9.364902E+03	2.218502E-18	1.212702E-18
9.365102E+03	2.212774E-18	1.206426E-18
9.365302E+03	2.208772E-18	1.205092E-18
9.365502E+03	2.208066E-18	1.202424E-18
9.365702E+03	2.208537E-18	1.192616E-18
9.365902E+03	2.207752E-18	1.188693E-18
9.366102E+03	2.206497E-18	1.188536E-18
9.366302E+03	2.205869E-18	1.188458E-18
9.366502E+03	2.205163E-18	1.187595E-18
9.366702E+03	2.204300E-18	1.184142E-18
9.366902E+03	2.203751E-18	1.173942E-18
9.367102E+03	2.202103E-18	1.182730E-18
9.367302E+03	2.200534E-18	1.197795E-18
9.367502E+03	2.197945E-18	1.201404E-18
9.367702E+03	2.190334E-18	1.191282E-18
9.367903E+03	2.184057E-18	1.191753E-18
9.368103E+03	2.182723E-18	1.191047E-18
9.368303E+03	2.179820E-18	1.198187E-18
9.368503E+03	2.175662E-18	1.204778E-18
9.368703E+03	2.175191E-18	1.202424E-18
9.368903E+03	2.175897E-18	1.205955E-18
9.369103E+03	2.173386E-18	1.205013E-18
9.369302E+03	2.166952E-18	1.205013E-18
9.369503E+03	2.158871E-18	1.205327E-18
9.369702E+03	2.153222E-18	1.209407E-18
9.369903E+03	2.147886E-18	1.215684E-18
9.370103E+03	2.142159E-18	1.221882E-18
9.370902E+03	2.138942E-18	1.217410E-18
9.371102E+03	2.136509E-18	1.210741E-18
9.371302E+03	2.132272E-18	1.205955E-18
9.371502E+03	2.126623E-18	1.200698E-18
9.371702E+03	2.122465E-18	1.200227E-18
9.371902E+03	2.120582E-18	1.197559E-18
9.372102E+03	2.117600E-18	1.192695E-18
9.372302E+03	2.112186E-18	1.193322E-18
9.372502E+03	2.106851E-18	1.187830E-18
9.372702E+03	2.105203E-18	1.181475E-18
9.372903E+03	2.107400E-18	1.176375E-18
9.373103E+03	2.113755E-18	1.168372E-18
9.373303E+03	2.119326E-18	1.162330E-18
9.373503E+03	2.118620E-18	1.161232E-18
9.373703E+03	2.115011E-18	1.161624E-18
9.374103E+03	2.115717E-18	1.161232E-18
9.374303E+03	2.119405E-18	1.161310E-18
9.374503E+03	2.121366E-18	1.160996E-18
9.374703E+03	2.121602E-18	1.163115E-18
9.374903E+03	2.120582E-18	1.164841E-18
9.375103E+03	2.117051E-18	1.164292E-18
9.375303E+03	2.111245E-18	1.167352E-18
9.375503E+03	2.108812E-18	1.172687E-18
9.378504E+03	2.108812E-18	1.167822E-18
9.379104E+03	2.103163E-18	1.166175E-18
9.379304E+03	2.098063E-18	1.171824E-18
9.379504E+03	2.095395E-18	1.172844E-18
9.379704E+03	2.096965E-18	1.173707E-18
9.379904E+03	2.098142E-18	1.173786E-18
9.380104E+03	2.095788E-18	1.173550E-18
9.380304E+03	2.093042E-18	1.174335E-18
9.380504E+03	2.093042E-18	1.174962E-18
9.380704E+03	2.095003E-18	1.173864E-18
9.380904E+03	2.095945E-18	1.167038E-18
9.381104E+03	2.096023E-18	1.161624E-18
9.381304E+03	2.099868E-18	1.161624E-18
9.381504E+03	2.105909E-18	1.160290E-18
9.381704E+03	2.108734E-18	1.160290E-18
9.381904E+03	2.108028E-18	1.159192E-18
9.382103E+03	2.106459E-18	1.158564E-18
9.382303E+03	2.108185E-18	1.158721E-18
9.383304E+03	2.113285E-18	1.158250E-18
9.383504E+03	2.113755E-18	1.158250E-18
9.383704E+03	2.106302E-18	1.158486E-18
9.383904E+03	2.102143E-18	1.158956E-18
9.384104E+03	2.104889E-18	1.159349E-18
9.384304E+03	2.110617E-18	1.158486E-18
9.384504E+03	2.114069E-18	1.158015E-18
9.384704E+03	2.112265E-18	1.160212E-18
9.384904E+03	2.107165E-18	1.154092E-18
9.385104E+03	2.104811E-18	1.144990E-18
9.385304E+03	2.105517E-18	1.137458E-18
9.385504E+03	2.102457E-18	1.133613E-18
9.385704E+03	2.097749E-18	1.133456E-18
9.385904E+03	2.096337E-18	1.135496E-18
9.386104E+03	2.095239E-18	1.142636E-18
9.386304E+03	2.093826E-18	1.145696E-18
9.386504E+03	2.094532E-18	1.145696E-18
9.386704E+03	2.096572E-18	1.145618E-18
9.387504E+03	2.099789E-18	1.141538E-18
9.387704E+03	2.101437E-18	1.139576E-18
9.388905E+03	2.099319E-18	1.141145E-18
9.389305E+03	2.097906E-18	1.142479E-18
9.389505E+03	2.097985E-18	1.138792E-18
9.389705E+03	2.095552E-18	1.140518E-18
9.389905E+03	2.094768E-18	1.138949E-18
9.390105E+03	2.093748E-18	1.137458E-18
9.390305E+03	2.091159E-18	1.138635E-18
9.390505E+03	2.088491E-18	1.144912E-18
9.390705E+03	2.085902E-18	1.150482E-18
9.390905E+03	2.084568E-18	1.151346E-18
9.391105E+03	2.083234E-18	1.151346E-18
9.391305E+03	2.082371E-18	1.151267E-18
9.391505E+03	2.080409E-18	1.152444E-18
9.391705E+03	2.077663E-18	1.152444E-18
9.391905E+03	2.076172E-18	1.150326E-18
9.392105E+03	2.076879E-18	1.149933E-18
9.392305E+03	2.076408E-18	1.150561E-18
9.392505E+03	2.075702E-18	1.150482E-18
9.392705E+03	2.077114E-18	1.150169E-18
9.392905E+03	2.075074E-18	1.150247E-18
9.393105E+03	2.068875E-18	1.149619E-18
9.393305E+03	2.068483E-18	1.150639E-18
9.393506E+03	2.073191E-18	1.150482E-18
9.393706E+03	2.073191E-18	1.146952E-18
9.393906E+03	2.068405E-18	1.143892E-18
9.394106E+03	2.065031E-18	1.144127E-18
9.394306E+03	2.066286E-18	1.138713E-18
9.394506E+03	2.067149E-18	1.132201E-18
9.394706E+03	2.066286E-18	1.133613E-18
9.394906E+03	2.067463E-18	1.135025E-18
9.395105E+03	2.069032E-18	1.135339E-18
9.395306E+03	2.071700E-18	1.133535E-18
9.395505E+03	2.073740E-18	1.134005E-18
9.395706E+03	2.075780E-18	1.132201E-18
9.395906E+03	2.081900E-18	1.114233E-18
9.396105E+03	2.089354E-18	1.091715E-18
9.396305E+03	2.092257E-18	1.084967E-18
9.396505E+03	2.091159E-18	1.084653E-18
9.396705E+03	2.091629E-18	1.087556E-18
9.396905E+03	2.096023E-18	1.089282E-18
9.397105E+03	2.102379E-18	1.091950E-18
9.397305E+03	2.103791E-18	1.095402E-18
9.397505E+03	2.096180E-18	1.093205E-18
9.397905E+03	2.088883E-18	1.093205E-18
9.398105E+03	2.091629E-18	1.092421E-18
9.398305E+03	2.097357E-18	1.096815E-18
9.398506E+03	2.100495E-18	1.098149E-18
9.398706E+03	2.100888E-18	1.098698E-18
9.398906E+03	2.101045E-18	1.106465E-18
9.399106E+03	2.103085E-18	1.112429E-18
9.399306E+03	2.104183E-18	1.114939E-18
9.399506E+03	2.103869E-18	1.117529E-18
9.399706E+03	2.106772E-18	1.108349E-18
9.399906E+03	2.111402E-18	1.073747E-18
9.400106E+03	2.113912E-18	1.053033E-18
9.400306E+03	2.113442E-18	1.053033E-18
9.400506E+03	2.112422E-18	1.049973E-18
9.400706E+03	2.112971E-18	1.047148E-18
9.400906E+03	2.112500E-18	1.044559E-18
9.401106E+03	2.117757E-18	1.047541E-18
9.401306E+03	2.121288E-18	1.054759E-18
9.401506E+03	2.117992E-18	1.057427E-18
9.401706E+03	2.119483E-18	1.057898E-18
9.401906E+03	2.123799E-18	1.062527E-18
9.402106E+03	2.130468E-18	1.065430E-18
9.403106E+03	2.136823E-18	1.065430E-18
9.403306E+03	2.139962E-18	1.066136E-18
9.404907E+03	2.141217E-18	1.066293E-18
9.405107E+03	2.143885E-18	1.051778E-18
9.405307E+03	2.152045E-18	1.034359E-18
9.405507E+03	2.161303E-18	1.026513E-18
9.405707E+03	2.165383E-18	1.045108E-18
9.405907E+03	2.167737E-18	1.045265E-18
9.406107E+03	2.172366E-18	1.051464E-18
9.406307E+03	2.179349E-18	1.051856E-18
9.406507E+03	2.186332E-18	1.052405E-18
9.406707E+03	2.192296E-18	1.050679E-18
9.406907E+03	2.198337E-18	1.050993E-18
9.407107E+03	2.203672E-18	1.050130E-18
9.407307E+03	2.208302E-18	1.045972E-18
9.407507E+03	2.213088E-18	1.044324E-18
9.407707E+03	2.217482E-18	1.047070E-18
9.407906E+03	2.220777E-18	1.053582E-18
9.408307E+03	2.223837E-18	1.064724E-18
9.408506E+03	2.227603E-18	1.066607E-18
9.408708E+03	2.230585E-18	1.059545E-18
9.408907E+03	2.233802E-18	1.059153E-18
9.409108E+03	2.239059E-18	1.056485E-18
9.409307E+03	2.244629E-18	1.060095E-18
9.409507E+03	2.250279E-18	1.061350E-18
9.409707E+03	2.254437E-18	1.051621E-18
9.409907E+03	2.255928E-18	1.042127E-18
9.410107E+03	2.253966E-18	1.038282E-18
9.410307E+03	2.252319E-18	1.038047E-18
9.410507E+03	2.250749E-18	1.037733E-18
9.410707E+03	2.247611E-18	1.032790E-18
9.410907E+03	2.247376E-18	1.029416E-18
9.411107E+03	2.250828E-18	1.026984E-18
9.411307E+03	2.253339E-18	1.027298E-18
9.411507E+03	2.255379E-18	1.026984E-18
9.411707E+03	2.257105E-18	1.027533E-18
9.411907E+03	2.258909E-18	1.030672E-18
9.412107E+03	2.263774E-18	1.032790E-18
9.412307E+03	2.268482E-18	1.033182E-18
9.412507E+03	2.271777E-18	1.032476E-18
9.412707E+03	2.274445E-18	1.032084E-18
9.412907E+03	2.272562E-18	1.031221E-18
9.413107E+03	2.269109E-18	1.031142E-18
9.413307E+03	2.268246E-18	1.034752E-18
9.413507E+03	2.269423E-18	1.041656E-18
9.413707E+03	2.270051E-18	1.045030E-18
9.413908E+03	2.271777E-18	1.037733E-18
9.414108E+03	2.272954E-18	1.037419E-18
9.414308E+03	2.272169E-18	1.037890E-18
9.414508E+03	2.268560E-18	1.037262E-18
9.414708E+03	2.264088E-18	1.046678E-18
9.414908E+03	2.262205E-18	1.050915E-18
9.415108E+03	2.262989E-18	1.046207E-18
9.415308E+03	2.263617E-18	1.048718E-18
9.415508E+03	2.261734E-18	1.042127E-18
9.415708E+03	2.259537E-18	1.055779E-18
9.415908E+03	2.259851E-18	1.065509E-18
9.416108E+03	2.261813E-18	1.069745E-18
9.416308E+03	2.262676E-18	1.079161E-18
9.416508E+03	2.261813E-18	1.079082E-18
9.416708E+03	2.261891E-18	1.084104E-18
9.416908E+03	2.264637E-18	1.084025E-18
9.417108E+03	2.267462E-18	1.084261E-18
9.417308E+03	2.274209E-18	1.088969E-18
9.417508E+03	2.277740E-18	1.096815E-18
9.417708E+03	2.275936E-18	1.103955E-18
9.417908E+03	2.273111E-18	1.105995E-18
9.418108E+03	2.272640E-18	1.104190E-18
9.418308E+03	2.274445E-18	1.104975E-18
9.418508E+03	2.278917E-18	1.095638E-18
9.418708E+03	2.282997E-18	1.073590E-18
9.418909E+03	2.284566E-18	1.067078E-18
9.419109E+03	2.286528E-18	1.067078E-18
9.419309E+03	2.292413E-18	1.066293E-18
9.419509E+03	2.298062E-18	1.065901E-18
9.419709E+03	2.301122E-18	1.059781E-18
9.420709E+03	2.304809E-18	1.058996E-18
9.420908E+03	2.306536E-18	1.061272E-18
9.422109E+03	2.303711E-18	1.057035E-18
9.422308E+03	2.303711E-18	1.056015E-18
9.422508E+03	2.310066E-18	1.057741E-18
9.422708E+03	2.315009E-18	1.068333E-18
9.422908E+03	2.318069E-18	1.063469E-18
9.423508E+03	2.321286E-18	1.063312E-18
9.423708E+03	2.325916E-18	1.059859E-18
9.423908E+03	2.328819E-18	1.058682E-18
9.424109E+03	2.332742E-18	1.056407E-18
9.424309E+03	2.339882E-18	1.051464E-18
9.424509E+03	2.342471E-18	1.056015E-18
9.424709E+03	2.340196E-18	1.056015E-18
9.424909E+03	2.340745E-18	1.065509E-18
9.425109E+03	2.337214E-18	1.078769E-18
9.425309E+03	2.333919E-18	1.081672E-18
9.425509E+03	2.334076E-18	1.080887E-18
9.425709E+03	2.332349E-18	1.091009E-18
9.425909E+03	2.331486E-18	1.090695E-18
9.426109E+03	2.330466E-18	1.090773E-18
9.426309E+03	2.329211E-18	1.091165E-18
9.426509E+03	2.326386E-18	1.091087E-18
9.426709E+03	2.323797E-18	1.095245E-18
9.426909E+03	2.325602E-18	1.099796E-18
9.427109E+03	2.330231E-18	1.099875E-18
9.427309E+03	2.334076E-18	1.099875E-18
9.427509E+03	2.338783E-18	1.098384E-18
9.427909E+03	2.344433E-18	1.095873E-18
9.428109E+03	2.347571E-18	1.094775E-18
9.428309E+03	2.348199E-18	1.091479E-18
9.428509E+03	2.347179E-18	1.085281E-18
9.428709E+03	2.347022E-18	1.084889E-18
9.428909E+03	2.347414E-18	1.084025E-18
9.429109E+03	2.344276E-18	1.076493E-18
9.429310E+03	2.341843E-18	1.068961E-18
9.429510E+03	2.339097E-18	1.067392E-18
9.429710E+03	2.333291E-18	1.067313E-18
9.429910E+03	2.328819E-18	1.068019E-18
9.430110E+03	2.328269E-18	1.066450E-18
9.430310E+03	2.331800E-18	1.061742E-18
9.430510E+03	2.338077E-18	1.066450E-18
9.430710E+03	2.341686E-18	1.088655E-18
9.430910E+03	2.340274E-18	1.097364E-18
9.431110E+03	2.338391E-18	1.097442E-18
9.431310E+03	2.342942E-18	1.097678E-18
9.431510E+03	2.345923E-18	1.103876E-18
9.431710E+03	2.349454E-18	1.105838E-18
9.431910E+03	2.355574E-18	1.099169E-18
9.432110E+03	2.365303E-18	1.098698E-18
9.432310E+03	2.375268E-18	1.098541E-18
9.432510E+03	2.380839E-18	1.100659E-18
9.432710E+03	2.383271E-18	1.100502E-18
9.432910E+03	2.384291E-18	1.103405E-18
9.433110E+03	2.388842E-18	1.102150E-18
9.433310E+03	2.395433E-18	1.102542E-18
9.433510E+03	2.396766E-18	1.103405E-18
9.433710E+03	2.400454E-18	1.111252E-18
9.433909E+03	2.408771E-18	1.121687E-18
9.434110E+03	2.415440E-18	1.124041E-18
9.434310E+03	2.417794E-18	1.121295E-18
9.434511E+03	2.417166E-18	1.114782E-18
9.434710E+03	2.415283E-18	1.112507E-18
9.434910E+03	2.418265E-18	1.113135E-18
9.435111E+03	2.425562E-18	1.109212E-18
9.435310E+03	2.431446E-18	1.108349E-18
9.435510E+03	2.435134E-18	1.113998E-18
9.435710E+03	2.437331E-18	1.117058E-18
9.435910E+03	2.438743E-18	1.117058E-18
9.436110E+03	2.440313E-18	1.118078E-18
9.436310E+03	2.442274E-18	1.119569E-18
9.436510E+03	2.443765E-18	1.116195E-18
9.436710E+03	2.444550E-18	1.114547E-18
9.436910E+03	2.442510E-18	1.114390E-18
9.437110E+03	2.440470E-18	1.114861E-18
9.437310E+03	2.437017E-18	1.115018E-18
9.437510E+03	2.433251E-18	1.113684E-18
9.437710E+03	2.429956E-18	1.107485E-18
9.437910E+03	2.426817E-18	1.102072E-18
9.438110E+03	2.423443E-18	1.101130E-18
9.438310E+03	2.419128E-18	1.101130E-18
9.438510E+03	2.415990E-18	1.100895E-18
9.438710E+03	2.413950E-18	1.099718E-18
9.438910E+03	2.410419E-18	1.098384E-18
9.439110E+03	2.404613E-18	1.098305E-18
9.439310E+03	2.398885E-18	1.097835E-18
9.439511E+03	2.397237E-18	1.098776E-18
9.442111E+03	2.397394E-18	1.101993E-18
9.442311E+03	2.395511E-18	1.101915E-18
9.442711E+03	2.392216E-18	1.102385E-18
9.442911E+03	2.384291E-18	1.102464E-18
9.443111E+03	2.379034E-18	1.100973E-18
9.443311E+03	2.378406E-18	1.100659E-18
9.443511E+03	2.382800E-18	1.099796E-18
9.443711E+03	2.387900E-18	1.099012E-18
9.443911E+03	2.392608E-18	1.098305E-18
9.444111E+03	2.399199E-18	1.095167E-18
9.444311E+03	2.403436E-18	1.092735E-18
9.444512E+03	2.405868E-18	1.090459E-18
9.444712E+03	2.411831E-18	1.088812E-18
9.444912E+03	2.412694E-18	1.088105E-18
9.445112E+03	2.410419E-18	1.087478E-18
9.445312E+03	2.412380E-18	1.087085E-18
9.445512E+03	2.417402E-18	1.091715E-18
9.445712E+03	2.419128E-18	1.098776E-18
9.445912E+03	2.418108E-18	1.100424E-18
9.446112E+03	2.417323E-18	1.100345E-18
9.446312E+03	2.417088E-18	1.099875E-18
9.446512E+03	2.416303E-18	1.098305E-18
9.446712E+03	2.417010E-18	1.097285E-18
9.446912E+03	2.419677E-18	1.093362E-18
9.447311E+03	2.421482E-18	1.095873E-18
9.447512E+03	2.423993E-18	1.093833E-18
9.447711E+03	2.425170E-18	1.094304E-18
9.447912E+03	2.425954E-18	1.090852E-18
9.448112E+03	2.429171E-18	1.090067E-18
9.448311E+03	2.434428E-18	1.089518E-18
9.448911E+03	2.439842E-18	1.088576E-18
9.449111E+03	2.445570E-18	1.081279E-18
9.449311E+03	2.451768E-18	1.076493E-18
9.449511E+03	2.455770E-18	1.074218E-18
9.449712E+03	2.455927E-18	1.071315E-18
9.449912E+03	2.453730E-18	1.072570E-18
9.450512E+03	2.454436E-18	1.080024E-18
9.450712E+03	2.458908E-18	1.081436E-18
9.450912E+03	2.462517E-18	1.081593E-18
9.451112E+03	2.465970E-18	1.083241E-18
9.451312E+03	2.472482E-18	1.089047E-18
9.451512E+03	2.479622E-18	1.095324E-18
9.451712E+03	2.484487E-18	1.089989E-18
9.451912E+03	2.487547E-18	1.083633E-18
9.452112E+03	2.488880E-18	1.080730E-18
9.452312E+03	2.490214E-18	1.080259E-18
9.452512E+03	2.491313E-18	1.075316E-18
9.452712E+03	2.491077E-18	1.071942E-18
9.452912E+03	2.489430E-18	1.072021E-18
9.453112E+03	2.487311E-18	1.071079E-18
9.453312E+03	2.486370E-18	1.075473E-18
9.453512E+03	2.487939E-18	1.075316E-18
9.453712E+03	2.492960E-18	1.072805E-18
9.453912E+03	2.496256E-18	1.072727E-18
9.454112E+03	2.493667E-18	1.053739E-18
9.454312E+03	2.489665E-18	1.054210E-18
9.454512E+03	2.488174E-18	1.048090E-18
9.454712E+03	2.487625E-18	1.048247E-18
9.454913E+03	2.487468E-18	1.047070E-18
9.455113E+03	2.489900E-18	1.047148E-18
9.455313E+03	2.493274E-18	1.046756E-18
9.455513E+03	2.496256E-18	1.046599E-18
9.455713E+03	2.500100E-18	1.047619E-18
9.455913E+03	2.503396E-18	1.052249E-18
9.456113E+03	2.503317E-18	1.066372E-18
9.456313E+03	2.499316E-18	1.074767E-18
9.456513E+03	2.496177E-18	1.068569E-18
9.456713E+03	2.497511E-18	1.061664E-18
9.456913E+03	2.501513E-18	1.062919E-18
9.457113E+03	2.504259E-18	1.062841E-18
9.457313E+03	2.505122E-18	1.070059E-18
9.457513E+03	2.506927E-18	1.067784E-18
9.457713E+03	2.508967E-18	1.074453E-18
9.457913E+03	2.509594E-18	1.079161E-18
9.458113E+03	2.509280E-18	1.082927E-18
9.458313E+03	2.508260E-18	1.100502E-18
9.458513E+03	2.507554E-18	1.106936E-18
9.458713E+03	2.509123E-18	1.106858E-18
9.460914E+03	2.514145E-18	1.112115E-18
9.461113E+03	2.517911E-18	1.112036E-18
9.461313E+03	2.522070E-18	1.112899E-18
9.461513E+03	2.526463E-18	1.114782E-18
9.461713E+03	2.529367E-18	1.117999E-18
9.461913E+03	2.532740E-18	1.117999E-18
9.462113E+03	2.539096E-18	1.114469E-18
9.462313E+03	2.546000E-18	1.112585E-18
9.462513E+03	2.550159E-18	1.112193E-18
9.462713E+03	2.553376E-18	1.112115E-18
9.462913E+03	2.558397E-18	1.111879E-18
9.463113E+03	2.563184E-18	1.111879E-18
9.463313E+03	2.565851E-18	1.114155E-18
9.463513E+03	2.569460E-18	1.112429E-18
9.463713E+03	2.573854E-18	1.104739E-18
9.463913E+03	2.573305E-18	1.100581E-18
9.464113E+03	2.571108E-18	1.101052E-18
9.464313E+03	2.570402E-18	1.099169E-18
9.464513E+03	2.572756E-18	1.106779E-18
9.464713E+03	2.577620E-18	1.113841E-18
9.464913E+03	2.582328E-18	1.107721E-18
9.465114E+03	2.584839E-18	1.103798E-18
9.465314E+03	2.586565E-18	1.102935E-18
9.465514E+03	2.587507E-18	1.100189E-18
9.465714E+03	2.589311E-18	1.100267E-18
9.465914E+03	2.591194E-18	1.082221E-18
9.466114E+03	2.591979E-18	1.074767E-18
9.466314E+03	2.593548E-18	1.070530E-18
9.466514E+03	2.596137E-18	1.060879E-18
9.466714E+03	2.596922E-18	1.060958E-18
9.466914E+03	2.595667E-18	1.057192E-18
9.467114E+03	2.596765E-18	1.066136E-18
9.467314E+03	2.600296E-18	1.076885E-18
9.467514E+03	2.602414E-18	1.072962E-18
9.467714E+03	2.603120E-18	1.065587E-18
9.467914E+03	2.607671E-18	1.058369E-18
9.468114E+03	2.615988E-18	1.061036E-18
9.468314E+03	2.620304E-18	1.072962E-18
9.468514E+03	2.618891E-18	1.084104E-18
9.468714E+03	2.615125E-18	1.087321E-18
9.468914E+03	2.613320E-18	1.089361E-18
9.469114E+03	2.614027E-18	1.093127E-18
9.469314E+03	2.614419E-18	1.094932E-18
9.469514E+03	2.614105E-18	1.094696E-18
9.469714E+03	2.615753E-18	1.095402E-18
9.469914E+03	2.616694E-18	1.094618E-18
9.470115E+03	2.614890E-18	1.088812E-18
9.470315E+03	2.614184E-18	1.088027E-18
9.470515E+03	2.614497E-18	1.090067E-18
9.470715E+03	2.613556E-18	1.090145E-18
9.470915E+03	2.613399E-18	1.088262E-18
9.471115E+03	2.616380E-18	1.081985E-18
9.471315E+03	2.621010E-18	1.092421E-18
9.471515E+03	2.622971E-18	1.086065E-18
9.471715E+03	2.621873E-18	1.087792E-18
9.471915E+03	2.623128E-18	1.093912E-18
9.472115E+03	2.627208E-18	1.099482E-18
9.472315E+03	2.631053E-18	1.113292E-18
9.472515E+03	2.635760E-18	1.108819E-18
9.472715E+03	2.639213E-18	1.108662E-18
9.472915E+03	2.640782E-18	1.099561E-18
9.473114E+03	2.641645E-18	1.086379E-18
9.473315E+03	2.643136E-18	1.082770E-18
9.473514E+03	2.645804E-18	1.082299E-18
9.473715E+03	2.638114E-18	1.071942E-18
9.473915E+03	2.627208E-18	1.073198E-18
9.474114E+03	2.618577E-18	1.073198E-18
9.474314E+03	2.619833E-18	1.073904E-18
9.474514E+03	2.627679E-18	1.073904E-18
9.474714E+03	2.635054E-18	1.073433E-18
9.474914E+03	2.639370E-18	1.072178E-18
9.475114E+03	2.640233E-18	1.072021E-18
9.475315E+03	2.640704E-18	1.073198E-18
9.475515E+03	2.641959E-18	1.078219E-18
9.475715E+03	2.645176E-18	1.077749E-18
9.475915E+03	2.650747E-18	1.077278E-18
9.476115E+03	2.653336E-18	1.077984E-18
9.476315E+03	2.652394E-18	1.080730E-18
9.476515E+03	2.651767E-18	1.080730E-18
9.476715E+03	2.652394E-18	1.081593E-18
9.479315E+03	2.650041E-18	1.081122E-18
9.479515E+03	2.646353E-18	1.086850E-18
9.479715E+03	2.639840E-18	1.095167E-18
9.479915E+03	2.633642E-18	1.095402E-18
9.480115E+03	2.629876E-18	1.094539E-18
9.480315E+03	2.627051E-18	1.098384E-18
9.480516E+03	2.625404E-18	1.105759E-18
9.480716E+03	2.625247E-18	1.104504E-18
9.480916E+03	2.624933E-18	1.088576E-18
9.481116E+03	2.621951E-18	1.086536E-18
9.481316E+03	2.617479E-18	1.093598E-18
9.481516E+03	2.612536E-18	1.100110E-18
9.481716E+03	2.607514E-18	1.100581E-18
9.481916E+03	2.603827E-18	1.100502E-18
9.482116E+03	2.600610E-18	1.106387E-18
9.482316E+03	2.600531E-18	1.113135E-18
9.482516E+03	2.604847E-18	1.119882E-18
9.482716E+03	2.607828E-18	1.123649E-18
9.482916E+03	2.604611E-18	1.129847E-18
9.483116E+03	2.600610E-18	1.132750E-18
9.483316E+03	2.600610E-18	1.138635E-18
9.483516E+03	2.597550E-18	1.143185E-18
9.483716E+03	2.591037E-18	1.142715E-18
9.483916E+03	2.585937E-18	1.132358E-18
9.484116E+03	2.582250E-18	1.119569E-18
9.484316E+03	2.579582E-18	1.117450E-18
9.484516E+03	2.579974E-18	1.116979E-18
9.484716E+03	2.581936E-18	1.115489E-18
9.484916E+03	2.583270E-18	1.117607E-18
9.485116E+03	2.583191E-18	1.117764E-18
9.485316E+03	2.582799E-18	1.113135E-18
9.485517E+03	2.583348E-18	1.110075E-18
9.485717E+03	2.585702E-18	1.105838E-18
9.485917E+03	2.587899E-18	1.101993E-18
9.486117E+03	2.588134E-18	1.102778E-18
9.486317E+03	2.587428E-18	1.101915E-18
9.486516E+03	2.588527E-18	1.099718E-18
9.486717E+03	2.592371E-18	1.100424E-18
9.486916E+03	2.595667E-18	1.099796E-18
9.487117E+03	2.596059E-18	1.101209E-18
9.487316E+03	2.597236E-18	1.108505E-18
9.487516E+03	2.599904E-18	1.110781E-18
9.487716E+03	2.602022E-18	1.110781E-18
9.487916E+03	2.608142E-18	1.111409E-18
9.488116E+03	2.613242E-18	1.111252E-18
9.488316E+03	2.613242E-18	1.111252E-18
9.488516E+03	2.610417E-18	1.116744E-18
9.488716E+03	2.607514E-18	1.125375E-18
9.488916E+03	2.607514E-18	1.126787E-18
9.489116E+03	2.610810E-18	1.127258E-18
9.489316E+03	2.610810E-18	1.126787E-18
9.489516E+03	2.604611E-18	1.127022E-18
9.489716E+03	2.597393E-18	1.127336E-18
9.489916E+03	2.594333E-18	1.124747E-18
9.490116E+03	2.594254E-18	1.127572E-18
9.490316E+03	2.594019E-18	1.127729E-18
9.490516E+03	2.592450E-18	1.127493E-18
9.490717E+03	2.590645E-18	1.127807E-18
9.490917E+03	2.589860E-18	1.133692E-18
9.491117E+03	2.590880E-18	1.140596E-18
9.491317E+03	2.593862E-18	1.142009E-18
9.491517E+03	2.596294E-18	1.142322E-18
9.491717E+03	2.597079E-18	1.147265E-18
9.491917E+03	2.598177E-18	1.149855E-18
9.492117E+03	2.599433E-18	1.149776E-18
9.492317E+03	2.598099E-18	1.150639E-18
9.492517E+03	2.593313E-18	1.154249E-18
9.492717E+03	2.586330E-18	1.158329E-18
9.492917E+03	2.579896E-18	1.159506E-18
9.493117E+03	2.576914E-18	1.155504E-18
9.493317E+03	2.576600E-18	1.149384E-18
9.493517E+03	2.574953E-18	1.148050E-18
9.493717E+03	2.570010E-18	1.148129E-18
9.493917E+03	2.563105E-18	1.148285E-18
9.494117E+03	2.559182E-18	1.147344E-18
9.494317E+03	2.559967E-18	1.144990E-18
9.494517E+03	2.560202E-18	1.144912E-18
9.494717E+03	2.557142E-18	1.139576E-18
9.494917E+03	2.557377E-18	1.141381E-18
9.495117E+03	2.563027E-18	1.143029E-18
9.495317E+03	2.568127E-18	1.141773E-18
9.495517E+03	2.570873E-18	1.137222E-18
9.495718E+03	2.570559E-18	1.135418E-18
9.495918E+03	2.570167E-18	1.137065E-18
9.496118E+03	2.571657E-18	1.147658E-18
9.496318E+03	2.572834E-18	1.146402E-18
9.496518E+03	2.573384E-18	1.152993E-18
9.496718E+03	2.574247E-18	1.153307E-18
9.496918E+03	2.574090E-18	1.162722E-18
9.497118E+03	2.572128E-18	1.166410E-18
9.497318E+03	2.568519E-18	1.164919E-18
9.497518E+03	2.565930E-18	1.169549E-18
9.497718E+03	2.565930E-18	1.169627E-18
9.497918E+03	2.565459E-18	1.164135E-18
9.498118E+03	2.563340E-18	1.158329E-18
9.498318E+03	2.559496E-18	1.160918E-18
9.498518E+03	2.553376E-18	1.160996E-18
9.498718E+03	2.547570E-18	1.162722E-18
9.499118E+03	2.545608E-18	1.171118E-18
9.499317E+03	2.546471E-18	1.171039E-18
9.499517E+03	2.544353E-18	1.170882E-18
9.499718E+03	2.540587E-18	1.170882E-18
9.499917E+03	2.541842E-18	1.170804E-18
9.500118E+03	2.537134E-18	1.166175E-18
9.500317E+03	2.530543E-18	1.168607E-18
9.500517E+03	2.529288E-18	1.170882E-18
9.500717E+03	2.529445E-18	1.158407E-18
9.500918E+03	2.533133E-18	1.149855E-18
9.501118E+03	2.536507E-18	1.149698E-18
9.501318E+03	2.537683E-18	1.150090E-18
9.501518E+03	2.537370E-18	1.154955E-18
9.501718E+03	2.535957E-18	1.158956E-18
9.501918E+03	2.531720E-18	1.158250E-18
9.502118E+03	2.526463E-18	1.158642E-18
9.502318E+03	2.522070E-18	1.158172E-18
9.502518E+03	2.517519E-18	1.158329E-18
9.502718E+03	2.514694E-18	1.154641E-18
9.502918E+03	2.513203E-18	1.139969E-18
9.503118E+03	2.510850E-18	1.126944E-18
9.503318E+03	2.509202E-18	1.121373E-18
9.503518E+03	2.511085E-18	1.122236E-18
9.503718E+03	2.514145E-18	1.123805E-18
9.505118E+03	2.515087E-18	1.128356E-18
9.505318E+03	2.514851E-18	1.123962E-18
9.505518E+03	2.513596E-18	1.123492E-18
9.505718E+03	2.510928E-18	1.116116E-18
9.505919E+03	2.507633E-18	1.111565E-18
9.506119E+03	2.504180E-18	1.109682E-18
9.506319E+03	2.500728E-18	1.093127E-18
9.506519E+03	2.496570E-18	1.094853E-18
9.506719E+03	2.490214E-18	1.096265E-18
9.506919E+03	2.484487E-18	1.091950E-18
9.507119E+03	2.481113E-18	1.090538E-18
9.507319E+03	2.479779E-18	1.089596E-18
9.507519E+03	2.479857E-18	1.086693E-18
9.507719E+03	2.476954E-18	1.083398E-18
9.507919E+03	2.468716E-18	1.082221E-18
9.508119E+03	2.458516E-18	1.083241E-18
9.508319E+03	2.453259E-18	1.084025E-18
9.508519E+03	2.454436E-18	1.085202E-18
9.508719E+03	2.457182E-18	1.085909E-18
9.508919E+03	2.454985E-18	1.086065E-18
9.509119E+03	2.451219E-18	1.086458E-18
9.509319E+03	2.452317E-18	1.083162E-18
9.509519E+03	2.455299E-18	1.080416E-18
9.509719E+03	2.456162E-18	1.080416E-18
9.509919E+03	2.456162E-18	1.081279E-18
9.510119E+03	2.456476E-18	1.081829E-18
9.510319E+03	2.455770E-18	1.081201E-18
9.510519E+03	2.450905E-18	1.072649E-18
9.510719E+03	2.442902E-18	1.063312E-18
9.510919E+03	2.437802E-18	1.059075E-18
9.511120E+03	2.437331E-18	1.057662E-18
9.511320E+03	2.436390E-18	1.057505E-18
9.511520E+03	2.434585E-18	1.057584E-18
9.511720E+03	2.435370E-18	1.057427E-18
9.511920E+03	2.435370E-18	1.055152E-18
9.512120E+03	2.432937E-18	1.056799E-18
9.512319E+03	2.431290E-18	1.060409E-18
9.512520E+03	2.430191E-18	1.060722E-18
9.512719E+03	2.428308E-18	1.061585E-18
9.512919E+03	2.426033E-18	1.066293E-18
9.513120E+03	2.423443E-18	1.059389E-18
9.513319E+03	2.421090E-18	1.057192E-18
9.513519E+03	2.418422E-18	1.063233E-18
9.513719E+03	2.414577E-18	1.071315E-18
9.513919E+03	2.412066E-18	1.072649E-18
9.514119E+03	2.410968E-18	1.067078E-18
9.514319E+03	2.408614E-18	1.056721E-18
9.514519E+03	2.405005E-18	1.053739E-18
9.514719E+03	2.400219E-18	1.048168E-18
9.514919E+03	2.394883E-18	1.046992E-18
9.515119E+03	2.391745E-18	1.041970E-18
9.515319E+03	2.389313E-18	1.040636E-18
9.515519E+03	2.385703E-18	1.040558E-18
9.515719E+03	2.382486E-18	1.041735E-18
9.515919E+03	2.377465E-18	1.041892E-18
9.516119E+03	2.370011E-18	1.041499E-18
9.516320E+03	2.367030E-18	1.040715E-18
9.516520E+03	2.364362E-18	1.040008E-18
9.516720E+03	2.363891E-18	1.040401E-18
9.516920E+03	2.366088E-18	1.040558E-18
9.517120E+03	2.368913E-18	1.036399E-18
9.517320E+03	2.373620E-18	1.026670E-18
9.517520E+03	2.378250E-18	1.026199E-18
9.517720E+03	2.380839E-18	1.019687E-18
9.517920E+03	2.378642E-18	1.012155E-18
9.518120E+03	2.373777E-18	1.007761E-18
9.518320E+03	2.368285E-18	9.941869E-19
9.518520E+03	2.363577E-18	9.928531E-19
9.518720E+03	2.363813E-18	9.928531E-19
9.518920E+03	2.366951E-18	9.926961E-19
9.519120E+03	2.367030E-18	9.929315E-19
9.519320E+03	2.365460E-18	9.938731E-19
9.521721E+03	2.367500E-18	9.952854E-19
9.521921E+03	2.370090E-18	9.952854E-19
9.522121E+03	2.369933E-18	9.936377E-19
9.522321E+03	2.369854E-18	9.930100E-19
9.522521E+03	2.371188E-18	9.933238E-19
9.522721E+03	2.371031E-18	9.941869E-19
9.522921E+03	2.369383E-18	9.888515E-19
9.523121E+03	2.368520E-18	9.855561E-19
9.523321E+03	2.372051E-18	9.872823E-19
9.523521E+03	2.379034E-18	9.867331E-19
9.523721E+03	2.380525E-18	9.793577E-19
9.523921E+03	2.376131E-18	9.792008E-19
9.524121E+03	2.377230E-18	9.796715E-19
9.524321E+03	2.377151E-18	9.806131E-19
9.524521E+03	2.373699E-18	9.785731E-19
9.524721E+03	2.373856E-18	9.788869E-19
9.525121E+03	2.373542E-18	9.776315E-19
9.525320E+03	2.369540E-18	9.778669E-19
9.525521E+03	2.365146E-18	9.730023E-19
9.525720E+03	2.358713E-18	9.652346E-19
9.525921E+03	2.347806E-18	9.666469E-19
9.526121E+03	2.342314E-18	9.676669E-19
9.526320E+03	2.343413E-18	9.652346E-19
9.526521E+03	2.345139E-18	9.589577E-19
9.526721E+03	2.347728E-18	9.517392E-19
9.526921E+03	2.350003E-18	9.442069E-19
9.527121E+03	2.347806E-18	9.367530E-19
9.527321E+03	2.342628E-18	9.300053E-19
9.527521E+03	2.339489E-18	9.235715E-19
9.527721E+03	2.339725E-18	9.169022E-19
9.527921E+03	2.338940E-18	9.106253E-19
9.528121E+03	2.334703E-18	9.081930E-19
9.528321E+03	2.329289E-18	9.100761E-19
9.528521E+03	2.325288E-18	9.086638E-19
9.528721E+03	2.323483E-18	9.024653E-19
9.528921E+03	2.322149E-18	8.942268E-19
9.529121E+03	2.317913E-18	8.859884E-19
9.529321E+03	2.314146E-18	8.775930E-19
9.529521E+03	2.311871E-18	8.689622E-19
9.529721E+03	2.308419E-18	8.674714E-19
9.529921E+03	2.313283E-18	8.672361E-19
9.530321E+03	2.309517E-18	8.671576E-19
9.530521E+03	2.306457E-18	8.673145E-19
9.530721E+03	2.304966E-18	8.673930E-19
9.530921E+03	2.304888E-18	8.676284E-19
9.531121E+03	2.303711E-18	8.683345E-19
9.531321E+03	2.302848E-18	8.691976E-19
9.531522E+03	2.303005E-18	8.729637E-19
9.531722E+03	2.302534E-18	8.739837E-19
9.531922E+03	2.304182E-18	8.733561E-19
9.532122E+03	2.309674E-18	8.760238E-19
9.532322E+03	2.313597E-18	8.811238E-19
9.532522E+03	2.314382E-18	8.831638E-19
9.532722E+03	2.314931E-18	8.823007E-19
9.532922E+03	2.313440E-18	8.815161E-19
9.533122E+03	2.311479E-18	8.815161E-19
9.533322E+03	2.314774E-18	8.781422E-19
9.533522E+03	2.321679E-18	8.684130E-19
9.533722E+03	2.327485E-18	8.670791E-19
9.533922E+03	2.330702E-18	8.700607E-19
9.534122E+03	2.330153E-18	8.712376E-19
9.534322E+03	2.327406E-18	8.711591E-19
9.534522E+03	2.324739E-18	8.712376E-19
9.534722E+03	2.326700E-18	8.684914E-19
9.534922E+03	2.333134E-18	8.622930E-19
9.535122E+03	2.334468E-18	8.607237E-19
9.535322E+03	2.328505E-18	8.600960E-19
9.535522E+03	2.323483E-18	8.596253E-19
9.535722E+03	2.323013E-18	8.582914E-19
9.535922E+03	2.316422E-18	8.585268E-19
9.536122E+03	2.310851E-18	8.672361E-19
9.536322E+03	2.315637E-18	8.672361E-19
9.536923E+03	2.312185E-18	8.657453E-19
9.537123E+03	2.311793E-18	8.662945E-19
9.537523E+03	2.314931E-18	8.694330E-19
9.537723E+03	2.316657E-18	8.619791E-19
9.537923E+03	2.319403E-18	8.517007E-19
9.538123E+03	2.322699E-18	8.499745E-19
9.538323E+03	2.325837E-18	8.545253E-19
9.538522E+03	2.331173E-18	8.491114E-19
9.538722E+03	2.336116E-18	8.490330E-19
9.538923E+03	2.336979E-18	8.529560E-19
9.539122E+03	2.333919E-18	8.514653E-19
9.539323E+03	2.331094E-18	8.460514E-19
9.539522E+03	2.329446E-18	8.433053E-19
9.539722E+03	2.327328E-18	8.438545E-19
9.539922E+03	2.327014E-18	8.428345E-19
9.540122E+03	2.327877E-18	8.416576E-19
9.540322E+03	2.328583E-18	8.407945E-19
9.540522E+03	2.330623E-18	8.410299E-19
9.540722E+03	2.332506E-18	8.451883E-19
9.540922E+03	2.331800E-18	8.580560E-19
9.541122E+03	2.330623E-18	8.634699E-19
9.541322E+03	2.331094E-18	8.636268E-19
9.541522E+03	2.332506E-18	8.621360E-19
9.541722E+03	2.336116E-18	8.536622E-19
9.541923E+03	2.336586E-18	8.511514E-19
9.542123E+03	2.335174E-18	8.531130E-19
9.542323E+03	2.335723E-18	8.548391E-19
9.542523E+03	2.339960E-18	8.550745E-19
9.542723E+03	2.344040E-18	8.518576E-19
9.542923E+03	2.348277E-18	8.345176E-19
9.543123E+03	2.353926E-18	8.492683E-19
9.543323E+03	2.352750E-18	8.505237E-19
9.543523E+03	2.347336E-18	8.514653E-19
9.543723E+03	2.341373E-18	8.372637E-19
9.543923E+03	2.336979E-18	8.239252E-19
9.544123E+03	2.337214E-18	8.284760E-19
9.544323E+03	2.342863E-18	8.293391E-19
9.544523E+03	2.342942E-18	8.301237E-19
9.544723E+03	2.341294E-18	8.322422E-19
9.544923E+03	2.342471E-18	8.320068E-19
9.545123E+03	2.345060E-18	8.410299E-19
9.545323E+03	2.345453E-18	8.499745E-19
9.545523E+03	2.344119E-18	8.477776E-19
9.545723E+03	2.343962E-18	8.351453E-19
9.545923E+03	2.347257E-18	8.350668E-19
9.546123E+03	2.351259E-18	8.350668E-19
9.546323E+03	2.353613E-18	8.377345E-19
9.546523E+03	2.356280E-18	8.519360E-19
9.546723E+03	2.357928E-18	8.551530E-19
9.546924E+03	2.356673E-18	8.527207E-19
9.547124E+03	2.355260E-18	8.495037E-19
9.547324E+03	2.354633E-18	8.504453E-19
9.547524E+03	2.353299E-18	8.577422E-19
9.547724E+03	2.352436E-18	8.639407E-19
9.547924E+03	2.353456E-18	8.637053E-19
9.548124E+03	2.355731E-18	8.570360E-19
9.548324E+03	2.356830E-18	8.531130E-19
9.548524E+03	2.357379E-18	8.540545E-19
9.548724E+03	2.357928E-18	8.533483E-19
9.548924E+03	2.355182E-18	8.535053E-19
9.549124E+03	2.349690E-18	8.538976E-19
9.549324E+03	2.347414E-18	8.576637E-19
9.549524E+03	2.348670E-18	8.586053E-19
9.549724E+03	2.349533E-18	8.575068E-19
9.549924E+03	2.350160E-18	8.595468E-19
9.550124E+03	2.350082E-18	8.624499E-19
9.550324E+03	2.349690E-18	8.655099E-19
9.550524E+03	2.351180E-18	8.597037E-19
9.550724E+03	2.352671E-18	8.556237E-19
9.550924E+03	2.352043E-18	8.534268E-19
9.551124E+03	2.352906E-18	8.544468E-19
9.551324E+03	2.356280E-18	8.544468E-19
9.551523E+03	2.356908E-18	8.519360E-19
9.551724E+03	2.353613E-18	8.527207E-19
9.551924E+03	2.348199E-18	8.425206E-19
9.552124E+03	2.340274E-18	8.407160E-19
9.552325E+03	2.333448E-18	8.386760E-19
9.552524E+03	2.334703E-18	8.373422E-19
9.554724E+03	2.334860E-18	8.373422E-19
9.554924E+03	2.332820E-18	8.373422E-19
9.555124E+03	2.333134E-18	8.376560E-19
9.555324E+03	2.335409E-18	8.384406E-19
9.555524E+03	2.338391E-18	8.371068E-19
9.555724E+03	2.339960E-18	8.345960E-19
9.555924E+03	2.340117E-18	8.345176E-19
9.556124E+03	2.340431E-18	8.358514E-19
9.556324E+03	2.339097E-18	8.357730E-19
9.556524E+03	2.338626E-18	8.358514E-19
9.556724E+03	2.342314E-18	8.360083E-19
9.556924E+03	2.346394E-18	8.436976E-19
9.557125E+03	2.344825E-18	8.488760E-19
9.557325E+03	2.340509E-18	8.469930E-19
9.557525E+03	2.336900E-18	8.455807E-19
9.557725E+03	2.334389E-18	8.487191E-19
9.557925E+03	2.333134E-18	8.506807E-19
9.558125E+03	2.334389E-18	8.567222E-19
9.558325E+03	2.337763E-18	8.642545E-19
9.558525E+03	2.341294E-18	8.655884E-19
9.558725E+03	2.342863E-18	8.658237E-19
9.558925E+03	2.341373E-18	8.659022E-19
9.559125E+03	2.339960E-18	8.652745E-19
9.559325E+03	2.340509E-18	8.656668E-19
9.559525E+03	2.339411E-18	8.612730E-19
9.559725E+03	2.338705E-18	8.573499E-19
9.559925E+03	2.344511E-18	8.589976E-19
9.560125E+03	2.351808E-18	8.589976E-19
9.560325E+03	2.353299E-18	8.520145E-19
9.560525E+03	2.351808E-18	8.489545E-19
9.560725E+03	2.350866E-18	8.377345E-19
9.560925E+03	2.349925E-18	8.293391E-19
9.561125E+03	2.348670E-18	8.196099E-19
9.561325E+03	2.347100E-18	8.211006E-19
9.561525E+03	2.346708E-18	8.275345E-19
9.561725E+03	2.345923E-18	8.288683E-19
9.561925E+03	2.343099E-18	8.170991E-19
9.562125E+03	2.341137E-18	8.177268E-19
9.562326E+03	2.342157E-18	8.154514E-19
9.562526E+03	2.344982E-18	8.154514E-19
9.562726E+03	2.345923E-18	8.147452E-19
9.562926E+03	2.341451E-18	8.164714E-19
9.563126E+03	2.338626E-18	8.154514E-19
9.563326E+03	2.341451E-18	8.156868E-19
9.563526E+03	2.346394E-18	8.156868E-19
9.563726E+03	2.349062E-18	8.164714E-19
9.563926E+03	2.347649E-18	8.168637E-19
9.564126E+03	2.345139E-18	8.167068E-19
9.564326E+03	2.343177E-18	8.178052E-19
9.564525E+03	2.341608E-18	8.176483E-19
9.564726E+03	2.342314E-18	8.177268E-19
9.564925E+03	2.345923E-18	8.177268E-19
9.565126E+03	2.349454E-18	8.176483E-19
9.565326E+03	2.351730E-18	8.283976E-19
9.565525E+03	2.354476E-18	8.327914E-19
9.565725E+03	2.357300E-18	8.318499E-19
9.565925E+03	2.357771E-18	8.314576E-19
9.566125E+03	2.357379E-18	8.317714E-19
9.566325E+03	2.360046E-18	8.318499E-19
9.566525E+03	2.363891E-18	8.315360E-19
9.566725E+03	2.365617E-18	8.309868E-19
9.566925E+03	2.365539E-18	8.313791E-19
9.567125E+03	2.366088E-18	8.330268E-19
9.567326E+03	2.369776E-18	8.335760E-19
9.569926E+03	2.373228E-18	8.334976E-19
9.570126E+03	2.371737E-18	8.324776E-19
9.570326E+03	2.368285E-18	8.322422E-19
9.570526E+03	2.364911E-18	8.318499E-19
9.570726E+03	2.362400E-18	8.293391E-19
9.570926E+03	2.360360E-18	8.286329E-19
9.571126E+03	2.358477E-18	8.328699E-19
9.571326E+03	2.356359E-18	8.396176E-19
9.571526E+03	2.350553E-18	8.396960E-19
9.571726E+03	2.345845E-18	8.439330E-19
9.571926E+03	2.348277E-18	8.449530E-19
9.572126E+03	2.352043E-18	8.447176E-19
9.572326E+03	2.352514E-18	8.451883E-19
9.572527E+03	2.352279E-18	8.446391E-19
9.572727E+03	2.352200E-18	8.445607E-19
9.572927E+03	2.353534E-18	8.446391E-19
9.573127E+03	2.359890E-18	8.448745E-19
9.573327E+03	2.362557E-18	8.445607E-19
9.573527E+03	2.362008E-18	8.444822E-19
9.573727E+03	2.361616E-18	8.441683E-19
9.573927E+03	2.366088E-18	8.437760E-19
9.574127E+03	2.371973E-18	8.438545E-19
9.574327E+03	2.373542E-18	8.440114E-19
9.574527E+03	2.372522E-18	8.438545E-19
9.574727E+03	2.374091E-18	8.429130E-19
9.574927E+03	2.376759E-18	8.422068E-19
9.575127E+03	2.374876E-18	8.418930E-19
9.575327E+03	2.370482E-18	8.397745E-19
9.575527E+03	2.366559E-18	8.333406E-19
9.575727E+03	2.362086E-18	8.218068E-19
9.575927E+03	2.358791E-18	8.133329E-19
9.576127E+03	2.357222E-18	8.112145E-19
9.576327E+03	2.356359E-18	8.128622E-19
9.576527E+03	2.353142E-18	8.138037E-19
9.576727E+03	2.353142E-18	8.138037E-19
9.576927E+03	2.359262E-18	8.138037E-19
9.577127E+03	2.362243E-18	8.137252E-19
9.577326E+03	2.357928E-18	8.136468E-19
9.577526E+03	2.349533E-18	8.134114E-19
9.577728E+03	2.343099E-18	8.134114E-19
9.577927E+03	2.345060E-18	8.145883E-19
9.578128E+03	2.350710E-18	8.149022E-19
9.578327E+03	2.351651E-18	8.116068E-19
9.578528E+03	2.349690E-18	8.088606E-19
9.578727E+03	2.350003E-18	8.062714E-19
9.578927E+03	2.353691E-18	8.109006E-19
9.579127E+03	2.356359E-18	8.225129E-19
9.579327E+03	2.356673E-18	8.291037E-19
9.579527E+03	2.355103E-18	8.236899E-19
9.579727E+03	2.351886E-18	8.276914E-19
9.579927E+03	2.350239E-18	8.329483E-19
9.580127E+03	2.348905E-18	8.330268E-19
9.580327E+03	2.347649E-18	8.345960E-19
9.580527E+03	2.348277E-18	8.349099E-19
9.580727E+03	2.345688E-18	8.364006E-19
9.580927E+03	2.341843E-18	8.339683E-19
9.581127E+03	2.340117E-18	8.297314E-19
9.581327E+03	2.339803E-18	8.259653E-19
9.581527E+03	2.344433E-18	8.247099E-19
9.581727E+03	2.350396E-18	8.258083E-19
9.581927E+03	2.354005E-18	8.265145E-19
9.582127E+03	2.357379E-18	8.227483E-19
9.582327E+03	2.360203E-18	8.277699E-19
9.582527E+03	2.359890E-18	8.281622E-19
9.582728E+03	2.358870E-18	8.282406E-19
9.582928E+03	2.358477E-18	8.288683E-19
9.583128E+03	2.359497E-18	8.257299E-19
9.583328E+03	2.360674E-18	8.167068E-19
9.583528E+03	2.360674E-18	8.128622E-19
9.583728E+03	2.360125E-18	8.130975E-19
9.583928E+03	2.359654E-18	8.123914E-19
9.584128E+03	2.360125E-18	8.080760E-19
9.584328E+03	2.363342E-18	8.077622E-19
9.584528E+03	2.367186E-18	8.087822E-19
9.584728E+03	2.367579E-18	8.131760E-19
9.584928E+03	2.366480E-18	8.143529E-19
9.585128E+03	2.366794E-18	8.125483E-19
9.585328E+03	2.371816E-18	8.114499E-19
9.585528E+03	2.378877E-18	8.086252E-19
9.585728E+03	2.386017E-18	8.087037E-19
9.585928E+03	2.392059E-18	8.068206E-19
9.586128E+03	2.397865E-18	8.022698E-19
9.586328E+03	2.405162E-18	7.977191E-19
9.586528E+03	2.409006E-18	7.975622E-19
9.586728E+03	2.409085E-18	7.975622E-19
9.586928E+03	2.410654E-18	7.974052E-19
9.587128E+03	2.412616E-18	8.005437E-19
9.587328E+03	2.413086E-18	8.129406E-19
9.587528E+03	2.414028E-18	8.018775E-19
9.587728E+03	2.414813E-18	7.997591E-19
9.587929E+03	2.416931E-18	7.988960E-19
9.588129E+03	2.419599E-18	7.973268E-19
9.588329E+03	2.419285E-18	7.984252E-19
9.588529E+03	2.417637E-18	8.032114E-19
9.588729E+03	2.419599E-18	8.050160E-19
9.588929E+03	2.426582E-18	8.035252E-19
9.589129E+03	2.435056E-18	8.037606E-19
9.589329E+03	2.436233E-18	8.028975E-19
9.589529E+03	2.435840E-18	8.027406E-19
9.589729E+03	2.438979E-18	7.897160E-19
9.589929E+03	2.443137E-18	7.823563E-19
9.590129E+03	2.447060E-18	7.817443E-19
9.590328E+03	2.449885E-18	7.846945E-19
9.590529E+03	2.449807E-18	7.897160E-19
9.590728E+03	2.450513E-18	7.854791E-19
9.590928E+03	2.453730E-18	7.793826E-19
9.591129E+03	2.457496E-18	7.744944E-19
9.591328E+03	2.457574E-18	7.710264E-19
9.591529E+03	2.454671E-18	7.725172E-19
9.591728E+03	2.454436E-18	7.650634E-19
9.591928E+03	2.457731E-18	7.543298E-19
9.592128E+03	2.461419E-18	7.533412E-19
9.592328E+03	2.462125E-18	7.522584E-19
9.592528E+03	2.463851E-18	7.584334E-19
9.592728E+03	2.468873E-18	7.585589E-19
9.592929E+03	2.471148E-18	7.736784E-19
9.593129E+03	2.469971E-18	7.617915E-19
9.593329E+03	2.466676E-18	7.627566E-19
9.593529E+03	2.464087E-18	7.681312E-19
9.593729E+03	2.464636E-18	7.690884E-19
9.593929E+03	2.470677E-18	7.697318E-19
9.594129E+03	2.477033E-18	7.685078E-19
9.594329E+03	2.475934E-18	7.631724E-19
9.594529E+03	2.472717E-18	7.625997E-19
9.594729E+03	2.475463E-18	7.682332E-19
9.594929E+03	2.480485E-18	7.781821E-19
9.595129E+03	2.478916E-18	7.824269E-19
9.595329E+03	2.480328E-18	7.823484E-19
9.595529E+03	2.482525E-18	7.922268E-19
9.595729E+03	2.475307E-18	7.972483E-19
9.595929E+03	2.470128E-18	7.926975E-19
9.596129E+03	2.471305E-18	8.001514E-19
9.596329E+03	2.464087E-18	8.034468E-19
9.596529E+03	2.456554E-18	8.016422E-19
9.596729E+03	2.450277E-18	7.977975E-19
9.596929E+03	2.444785E-18	7.897945E-19
9.597129E+03	2.440626E-18	7.886960E-19
9.597329E+03	2.436233E-18	7.875191E-19
9.597529E+03	2.432466E-18	7.877545E-19
9.597729E+03	2.428308E-18	7.871268E-19
9.597929E+03	2.423993E-18	7.895591E-19
9.598130E+03	2.420697E-18	7.892452E-19
9.598330E+03	2.416774E-18	7.857929E-19
9.598530E+03	2.416539E-18	7.894021E-19
9.598730E+03	2.416853E-18	8.057222E-19
9.598930E+03	2.415440E-18	8.121560E-19
9.599130E+03	2.415519E-18	8.131760E-19
9.599330E+03	2.415911E-18	8.132545E-19
9.599530E+03	2.416853E-18	8.134114E-19
9.599730E+03	2.419285E-18	8.176483E-19
9.599930E+03	2.420226E-18	8.166283E-19
9.600130E+03	2.415833E-18	8.189037E-19
9.600330E+03	2.410733E-18	8.192176E-19
9.600530E+03	2.409870E-18	8.171776E-19
9.600730E+03	2.411360E-18	8.214929E-19
9.600930E+03	2.411910E-18	8.240037E-19
9.601130E+03	2.410890E-18	8.232976E-19
9.601330E+03	2.409242E-18	8.234545E-19
9.601530E+03	2.409399E-18	8.165499E-19
9.601730E+03	2.408457E-18	8.125483E-19
9.601930E+03	2.405946E-18	8.163929E-19
9.602130E+03	2.409320E-18	8.278483E-19
9.602330E+03	2.414813E-18	8.283191E-19
9.602530E+03	2.417166E-18	8.270637E-19
9.602730E+03	2.418108E-18	8.215714E-19
9.602930E+03	2.419285E-18	8.143529E-19
9.603131E+03	2.421953E-18	8.135683E-19
9.603331E+03	2.426111E-18	8.136468E-19
9.603531E+03	2.431211E-18	8.162360E-19
9.603730E+03	2.433643E-18	8.180406E-19
9.603931E+03	2.433016E-18	8.278483E-19
9.604130E+03	2.432310E-18	8.311437E-19
9.604331E+03	2.433957E-18	8.302022E-19
9.604531E+03	2.435762E-18	8.276129E-19
9.604730E+03	2.431603E-18	8.263576E-19
9.604930E+03	2.426896E-18	8.280837E-19
9.605130E+03	2.428073E-18	8.294176E-19
9.605330E+03	2.432231E-18	8.295745E-19
9.605530E+03	2.432702E-18	8.294960E-19
9.605730E+03	2.426896E-18	8.310653E-19
9.605930E+03	2.421246E-18	8.313006E-19
9.606130E+03	2.421246E-18	8.248668E-19
9.606330E+03	2.424699E-18	8.203160E-19
9.606530E+03	2.425797E-18	8.179622E-19
9.606730E+03	2.425248E-18	8.194529E-19
9.606930E+03	2.427759E-18	8.193745E-19
9.607130E+03	2.429014E-18	8.214929E-19
9.607330E+03	2.425876E-18	8.202376E-19
9.607530E+03	2.420619E-18	8.185899E-19
9.607730E+03	2.416617E-18	8.218068E-19
9.607930E+03	2.414185E-18	8.213360E-19
9.608130E+03	2.411910E-18	8.220422E-19
9.609931E+03	2.412302E-18	8.212576E-19
9.610131E+03	2.413243E-18	8.202376E-19
9.610331E+03	2.410340E-18	8.239252E-19
9.610531E+03	2.405162E-18	8.311437E-19
9.610731E+03	2.401396E-18	8.338114E-19
9.610931E+03	2.399748E-18	8.340468E-19
9.611131E+03	2.397316E-18	8.359299E-19
9.611331E+03	2.392530E-18	8.385191E-19
9.611531E+03	2.389783E-18	8.265145E-19
9.611731E+03	2.392373E-18	8.214929E-19
9.611931E+03	2.391274E-18	8.249453E-19
9.612131E+03	2.385703E-18	8.338114E-19
9.612331E+03	2.379348E-18	8.393037E-19
9.612531E+03	2.372443E-18	8.422068E-19
9.612731E+03	2.370246E-18	8.422853E-19
9.612931E+03	2.371737E-18	8.422853E-19
9.613131E+03	2.367343E-18	8.414222E-19
9.613331E+03	2.367265E-18	8.404022E-19
9.613532E+03	2.369776E-18	8.426776E-19
9.613732E+03	2.369070E-18	8.444037E-19
9.613932E+03	2.370796E-18	8.444037E-19
9.614132E+03	2.369226E-18	8.438545E-19
9.614332E+03	2.366637E-18	8.455807E-19
9.614532E+03	2.362479E-18	8.460514E-19
9.614732E+03	2.366088E-18	8.457376E-19
9.614932E+03	2.364990E-18	8.432268E-19
9.615132E+03	2.362871E-18	8.361653E-19
9.615332E+03	2.359340E-18	8.360868E-19
9.615732E+03	2.358163E-18	8.334191E-19
9.615932E+03	2.360203E-18	8.422068E-19
9.616132E+03	2.362871E-18	8.455022E-19
9.616332E+03	2.362086E-18	8.448745E-19
9.616531E+03	2.359733E-18	8.448745E-19
9.616731E+03	2.362086E-18	8.452668E-19
9.616932E+03	2.364911E-18	8.463653E-19
9.617131E+03	2.362793E-18	8.465222E-19
9.617332E+03	2.359968E-18	8.462083E-19
9.617531E+03	2.357300E-18	8.469145E-19
9.617731E+03	2.355260E-18	8.461299E-19
9.617931E+03	2.357693E-18	8.470714E-19
9.618131E+03	2.361145E-18	8.479345E-19
9.618331E+03	2.359183E-18	8.481699E-19
9.618532E+03	2.354083E-18	8.483268E-19
9.618732E+03	2.350788E-18	8.482483E-19
9.618932E+03	2.350317E-18	8.482483E-19
9.619132E+03	2.349768E-18	8.490330E-19
9.619332E+03	2.348277E-18	8.506022E-19
9.619532E+03	2.347257E-18	8.520145E-19
9.619732E+03	2.347493E-18	8.613514E-19
9.619932E+03	2.348905E-18	8.696684E-19
9.620132E+03	2.346629E-18	8.699037E-19
9.620332E+03	2.338940E-18	8.683345E-19
9.620532E+03	2.330074E-18	8.692761E-19
9.620732E+03	2.323405E-18	8.716299E-19
9.620932E+03	2.321208E-18	8.724145E-19
9.621132E+03	2.320894E-18	8.729637E-19
9.621932E+03	2.313911E-18	8.735130E-19
9.622132E+03	2.307869E-18	8.741407E-19
9.623532E+03	2.305359E-18	8.798684E-19
9.623733E+03	2.302456E-18	8.824576E-19
9.623933E+03	2.298689E-18	8.824576E-19
9.624133E+03	2.294923E-18	8.819084E-19
9.624333E+03	2.294060E-18	8.806530E-19
9.624533E+03	2.294060E-18	8.787699E-19
9.624733E+03	2.291393E-18	8.740622E-19
9.624933E+03	2.285351E-18	8.641760E-19
9.625133E+03	2.280879E-18	8.568007E-19
9.625333E+03	2.278289E-18	8.572714E-19
9.625533E+03	2.272954E-18	8.572714E-19
9.625733E+03	2.269894E-18	8.559376E-19
9.625933E+03	2.268874E-18	8.571930E-19
9.626133E+03	2.263696E-18	8.589191E-19
9.626333E+03	2.258674E-18	8.582130E-19
9.626533E+03	2.255379E-18	8.608807E-19
9.626733E+03	2.253025E-18	8.608022E-19
9.626933E+03	2.250828E-18	8.645684E-19
9.627133E+03	2.247062E-18	8.668437E-19
9.627333E+03	2.246277E-18	8.684130E-19
9.627533E+03	2.246748E-18	8.686484E-19
9.627733E+03	2.246591E-18	8.680207E-19
9.627933E+03	2.247062E-18	8.786130E-19
9.628133E+03	2.245728E-18	8.820653E-19
9.628333E+03	2.243217E-18	8.830068E-19
9.628533E+03	2.240942E-18	8.839484E-19
9.628734E+03	2.238823E-18	8.837914E-19
9.628934E+03	2.237254E-18	8.839484E-19
9.629134E+03	2.235057E-18	8.826145E-19
9.629334E+03	2.233880E-18	8.822222E-19
9.629533E+03	2.236862E-18	8.921084E-19
9.629734E+03	2.240942E-18	9.048976E-19
9.629933E+03	2.244080E-18	9.060745E-19
9.630133E+03	2.246356E-18	9.053684E-19
9.630334E+03	2.250671E-18	9.045838E-19
9.630533E+03	2.255849E-18	8.997976E-19
9.630734E+03	2.262519E-18	8.936776E-19
9.630933E+03	2.265736E-18	8.936776E-19
9.631133E+03	2.262833E-18	8.923438E-19
9.631333E+03	2.254829E-18	8.922653E-19
9.631533E+03	2.248317E-18	8.933638E-19
9.631733E+03	2.248082E-18	8.932853E-19
9.631933E+03	2.249337E-18	8.940699E-19
9.632133E+03	2.248709E-18	9.030930E-19
9.632333E+03	2.244786E-18	9.074084E-19
9.632533E+03	2.238117E-18	9.110176E-19
9.632733E+03	2.234743E-18	9.151761E-19
9.632933E+03	2.234508E-18	9.129007E-19
9.633133E+03	2.232625E-18	9.012884E-19
9.633333E+03	2.229486E-18	9.016022E-19
9.633533E+03	2.228309E-18	9.012884E-19
9.633733E+03	2.227289E-18	9.039561E-19
9.633934E+03	2.223994E-18	9.030930E-19
9.634134E+03	2.220934E-18	9.026222E-19
9.634334E+03	2.218894E-18	8.972084E-19
9.634534E+03	2.218502E-18	8.925791E-19
9.634734E+03	2.217246E-18	8.928930E-19
9.634934E+03	2.211283E-18	8.943053E-19
9.635134E+03	2.204379E-18	8.947761E-19
9.635334E+03	2.197709E-18	8.947761E-19
9.635534E+03	2.192452E-18	8.953253E-19
9.635734E+03	2.188294E-18	8.955607E-19
9.635934E+03	2.184920E-18	8.968161E-19
9.636134E+03	2.180840E-18	8.971299E-19
9.636334E+03	2.176368E-18	8.933638E-19
9.636534E+03	2.172131E-18	8.934422E-19
9.636734E+03	2.169542E-18	8.930499E-19
9.636934E+03	2.168286E-18	8.931284E-19
9.637134E+03	2.167345E-18	8.934422E-19
9.637334E+03	2.167659E-18	8.921868E-19
9.637534E+03	2.170169E-18	8.892053E-19
9.637734E+03	2.172288E-18	8.888130E-19
9.637934E+03	2.171111E-18	8.897545E-19
9.638134E+03	2.168051E-18	8.896761E-19
9.638334E+03	2.163108E-18	8.914022E-19
9.638534E+03	2.161382E-18	8.981499E-19
9.638734E+03	2.166796E-18	8.967376E-19
9.638934E+03	2.161617E-18	9.033284E-19
9.639135E+03	2.158714E-18	9.016807E-19
9.639335E+03	2.161225E-18	9.035638E-19
9.639535E+03	2.164363E-18	9.027792E-19
9.639735E+03	2.165148E-18	9.090561E-19
9.639935E+03	2.161539E-18	9.044269E-19
9.640135E+03	2.156360E-18	9.050545E-19
9.640335E+03	2.155026E-18	9.047407E-19
9.640535E+03	2.155654E-18	9.030145E-19
9.640735E+03	2.157223E-18	8.976792E-19
9.640935E+03	2.159106E-18	8.928930E-19
9.641135E+03	2.159891E-18	9.063884E-19
9.641335E+03	2.160754E-18	9.123515E-19
9.641535E+03	2.160440E-18	9.064669E-19
9.641735E+03	2.161068E-18	9.077222E-19
9.641935E+03	2.161774E-18	9.016022E-19
9.642135E+03	2.160440E-18	9.063884E-19
9.642335E+03	2.160597E-18	9.064669E-19
9.642535E+03	2.161617E-18	9.067807E-19
9.642735E+03	2.161460E-18	9.085853E-19
9.642934E+03	2.162637E-18	9.088207E-19
9.643135E+03	2.166403E-18	9.125084E-19
9.643335E+03	2.170954E-18	9.172946E-19
9.643534E+03	2.174563E-18	9.165099E-19
9.643735E+03	2.177780E-18	9.152546E-19
9.643934E+03	2.180840E-18	9.183146E-19
9.644135E+03	2.183665E-18	9.212176E-19
9.644335E+03	2.186332E-18	9.169807E-19
9.644535E+03	2.189000E-18	9.037207E-19
9.644735E+03	2.191354E-18	8.992484E-19
9.644935E+03	2.193551E-18	9.001115E-19
9.645135E+03	2.195826E-18	9.013668E-19
9.645335E+03	2.197709E-18	9.045838E-19
9.645535E+03	2.201162E-18	9.000330E-19
9.645735E+03	2.204614E-18	9.047407E-19
9.645935E+03	2.208145E-18	9.043484E-19
9.646135E+03	2.210420E-18	9.046622E-19
9.646335E+03	2.210185E-18	9.053684E-19
9.646535E+03	2.208380E-18	8.999545E-19
9.646735E+03	2.207517E-18	8.977576E-19
9.646935E+03	2.206654E-18	8.993268E-19
9.647135E+03	2.206026E-18	9.002684E-19
9.647335E+03	2.203202E-18	9.007392E-19
9.647535E+03	2.199279E-18	9.011315E-19
9.647735E+03	2.197160E-18	8.996407E-19
9.647935E+03	2.195826E-18	9.022299E-19
9.648135E+03	2.197082E-18	9.088207E-19
9.648335E+03	2.200612E-18	9.092130E-19
9.648535E+03	2.202182E-18	9.094484E-19
9.648735E+03	2.202260E-18	9.158038E-19
9.648935E+03	2.200769E-18	9.169807E-19
9.649135E+03	2.196689E-18	9.172161E-19
9.649336E+03	2.193786E-18	9.147053E-19
9.649536E+03	2.192217E-18	9.135284E-19
9.649736E+03	2.190648E-18	9.053684E-19
9.649936E+03	2.189706E-18	9.034853E-19
9.650136E+03	2.186803E-18	9.046622E-19
9.650336E+03	2.187039E-18	9.060745E-19
9.650536E+03	2.190020E-18	9.075653E-19
9.650736E+03	2.192217E-18	9.081145E-19
9.650936E+03	2.192374E-18	9.092130E-19
9.651136E+03	2.193002E-18	9.118022E-19
9.651336E+03	2.194257E-18	9.147838E-19
9.651536E+03	2.195826E-18	9.160392E-19
9.651736E+03	2.198886E-18	9.164315E-19
9.651936E+03	2.205320E-18	9.204330E-19
9.652136E+03	2.213951E-18	9.212176E-19
9.652336E+03	2.217011E-18	9.216099E-19
9.652536E+03	2.212539E-18	9.178438E-19
9.652736E+03	2.208145E-18	9.175299E-19
9.652936E+03	2.207360E-18	9.159607E-19
9.653136E+03	2.209871E-18	9.156469E-19
9.653336E+03	2.215756E-18	9.160392E-19
9.653536E+03	2.221562E-18	9.151761E-19
9.653936E+03	2.221797E-18	9.152546E-19
9.654136E+03	2.219522E-18	9.181576E-19
9.654337E+03	2.219443E-18	9.179222E-19
9.654537E+03	2.221012E-18	9.183930E-19
9.654737E+03	2.222582E-18	9.153330E-19
9.654937E+03	2.222425E-18	9.079576E-19
9.655137E+03	2.222268E-18	9.056822E-19
9.655337E+03	2.224386E-18	9.052115E-19
9.655537E+03	2.229251E-18	9.037207E-19
9.655737E+03	2.236077E-18	9.000330E-19
9.655936E+03	2.242825E-18	9.001899E-19
9.656137E+03	2.244080E-18	9.002684E-19
9.656336E+03	2.242589E-18	8.979930E-19
9.656537E+03	2.240549E-18	8.939915E-19
9.656737E+03	2.240000E-18	8.930499E-19
9.656936E+03	2.238431E-18	8.975222E-19
9.657136E+03	2.231997E-18	9.045838E-19
9.657336E+03	2.226505E-18	9.069376E-19
9.657536E+03	2.223366E-18	9.082715E-19
9.657736E+03	2.222974E-18	9.078007E-19
9.657936E+03	2.223288E-18	9.060745E-19
9.658136E+03	2.219443E-18	9.041130E-19
9.658336E+03	2.221797E-18	9.065453E-19
9.658536E+03	2.223052E-18	9.065453E-19
9.658736E+03	2.224151E-18	9.066238E-19
9.658936E+03	2.224386E-18	9.097622E-19
9.659136E+03	2.219914E-18	9.101545E-19
9.659336E+03	2.217717E-18	9.081930E-19
9.659537E+03	2.218345E-18	9.083499E-19
9.659737E+03	2.218423E-18	9.084284E-19
9.659937E+03	2.220620E-18	9.082715E-19
9.660337E+03	2.222346E-18	8.987776E-19
9.660537E+03	2.220856E-18	8.955607E-19
9.660737E+03	2.215285E-18	8.996407E-19
9.660937E+03	2.213794E-18	9.088207E-19
9.661137E+03	2.217796E-18	9.104684E-19
9.661337E+03	2.221719E-18	9.095269E-19
9.661537E+03	2.223994E-18	9.118022E-19
9.661737E+03	2.220699E-18	9.186284E-19
9.661937E+03	2.215520E-18	9.169022E-19
9.662137E+03	2.212225E-18	9.170592E-19
9.662337E+03	2.210891E-18	9.174515E-19
9.662537E+03	2.213637E-18	9.231007E-19
9.662737E+03	2.215442E-18	9.227869E-19
9.662937E+03	2.213323E-18	9.312607E-19
9.663137E+03	2.212146E-18	9.445992E-19
9.663337E+03	2.214343E-18	9.530730E-19
9.663537E+03	2.218659E-18	9.540146E-19
9.663737E+03	2.221405E-18	9.626454E-19
9.663937E+03	2.226191E-18	9.685300E-19
9.664137E+03	2.232468E-18	9.685300E-19
9.664337E+03	2.237568E-18	9.646069E-19
9.664538E+03	2.243609E-18	9.656269E-19
9.664738E+03	2.245571E-18	9.652346E-19
9.664938E+03	2.245022E-18	9.633515E-19
9.665138E+03	2.246591E-18	9.609977E-19
9.665338E+03	2.251377E-18	9.602130E-19
9.665538E+03	2.254045E-18	9.595854E-19
9.665738E+03	2.255457E-18	9.591930E-19
9.665938E+03	2.259066E-18	9.587223E-19
9.666138E+03	2.260793E-18	9.554269E-19
9.666338E+03	2.258596E-18	9.535438E-19
9.666538E+03	2.262754E-18	9.530730E-19
9.666738E+03	2.264873E-18	9.532300E-19
9.666938E+03	2.262754E-18	9.539361E-19
9.667138E+03	2.264637E-18	9.547207E-19
9.667338E+03	2.269737E-18	9.551915E-19
9.667538E+03	2.272326E-18	9.551915E-19
9.667738E+03	2.275622E-18	9.634300E-19
9.667938E+03	2.279153E-18	9.743361E-19
9.668138E+03	2.278446E-18	9.710407E-19
9.668338E+03	2.277191E-18	9.675884E-19
9.668538E+03	2.279309E-18	9.694715E-19
9.668737E+03	2.278996E-18	9.668823E-19
9.669738E+03	2.280408E-18	9.697854E-19
9.669939E+03	2.277034E-18	9.652346E-19
9.671138E+03	2.273346E-18	9.659407E-19
9.671938E+03	2.277113E-18	9.737869E-19
9.672138E+03	2.279231E-18	9.715115E-19
9.672338E+03	2.278682E-18	9.744931E-19
9.672538E+03	2.277897E-18	9.781023E-19
9.672738E+03	2.275543E-18	9.806131E-19
9.672938E+03	2.273425E-18	9.748069E-19
9.673138E+03	2.274837E-18	9.700207E-19
9.673338E+03	2.278760E-18	9.693146E-19
9.673538E+03	2.283311E-18	9.689223E-19
9.673738E+03	2.285665E-18	9.684515E-19
9.673938E+03	2.282762E-18	9.686084E-19
9.674138E+03	2.280722E-18	9.688438E-19
9.674338E+03	2.280643E-18	9.687654E-19
9.674939E+03	2.283625E-18	9.598207E-19
9.675139E+03	2.288097E-18	9.522100E-19
9.675339E+03	2.289196E-18	9.518961E-19
9.675539E+03	2.286606E-18	9.570746E-19
9.675739E+03	2.284253E-18	9.685300E-19
9.675939E+03	2.286371E-18	9.709623E-19
9.676339E+03	2.289823E-18	9.713546E-19
9.676539E+03	2.291471E-18	9.714331E-19
9.676739E+03	2.290765E-18	9.760623E-19
9.676939E+03	2.288254E-18	9.828884E-19
9.677139E+03	2.285900E-18	9.825746E-19
9.677339E+03	2.287156E-18	9.847715E-19
9.677539E+03	2.291471E-18	9.886161E-19
9.677739E+03	2.296885E-18	9.876746E-19
9.677939E+03	2.300416E-18	9.840654E-19
9.678139E+03	2.299396E-18	9.809269E-19
9.678339E+03	2.300494E-18	9.773961E-19
9.678539E+03	2.303868E-18	9.773961E-19
9.678739E+03	2.304260E-18	9.763761E-19
9.678939E+03	2.304496E-18	9.803777E-19
9.679139E+03	2.307948E-18	9.850069E-19
9.679339E+03	2.315873E-18	9.826531E-19
9.679539E+03	2.321600E-18	9.855561E-19
9.679739E+03	2.321993E-18	9.868115E-19
9.679940E+03	2.322385E-18	9.869685E-19
9.680540E+03	2.324503E-18	9.878315E-19
9.680740E+03	2.322228E-18	9.876746E-19
9.680940E+03	2.315088E-18	9.877531E-19
9.683139E+03	2.314853E-18	1.007447E-18
9.683339E+03	2.319089E-18	1.010428E-18
9.684739E+03	2.321443E-18	1.014822E-18
9.684939E+03	2.325209E-18	1.015842E-18
9.685140E+03	2.327485E-18	1.015058E-18
9.685340E+03	2.327171E-18	1.013881E-18
9.685540E+03	2.328426E-18	1.013567E-18
9.685740E+03	2.329289E-18	1.017098E-18
9.685940E+03	2.326386E-18	1.019295E-18
9.686140E+03	2.324033E-18	1.019216E-18
9.686340E+03	2.326073E-18	1.018745E-18
9.686540E+03	2.328191E-18	1.018745E-18
9.686740E+03	2.325680E-18	1.019687E-18
9.686940E+03	2.321600E-18	1.020707E-18
9.687140E+03	2.321129E-18	1.025258E-18
9.687340E+03	2.323405E-18	1.028788E-18
9.687540E+03	2.325759E-18	1.022119E-18
9.687740E+03	2.332428E-18	1.018275E-18
9.687940E+03	2.337920E-18	1.012155E-18
9.688140E+03	2.333997E-18	1.006662E-18
9.688340E+03	2.333683E-18	1.013253E-18
9.688740E+03	2.337606E-18	1.019138E-18
9.688940E+03	2.337528E-18	1.020628E-18
9.689140E+03	2.336194E-18	1.013645E-18
9.689340E+03	2.337449E-18	1.016078E-18
9.689540E+03	2.339882E-18	1.018039E-18
9.689740E+03	2.339333E-18	1.018432E-18
9.689940E+03	2.335802E-18	1.015685E-18
9.690141E+03	2.333919E-18	1.012625E-18
9.690341E+03	2.334703E-18	1.013488E-18
9.690541E+03	2.337293E-18	1.002504E-18
9.691141E+03	2.339725E-18	9.931669E-19
9.691341E+03	2.340666E-18	9.931669E-19
9.691541E+03	2.336586E-18	9.925392E-19
9.691741E+03	2.332271E-18	9.912838E-19
9.691941E+03	2.335017E-18	9.836731E-19
9.692141E+03	2.340039E-18	9.831238E-19
9.692741E+03	2.344589E-18	9.821823E-19
9.692941E+03	2.345453E-18	9.806131E-19
9.693141E+03	2.342942E-18	9.819469E-19
9.693341E+03	2.340431E-18	9.904208E-19
9.693541E+03	2.337920E-18	9.882238E-19
9.693741E+03	2.334860E-18	9.902638E-19
9.693941E+03	2.333056E-18	9.957562E-19
9.694141E+03	2.332428E-18	9.963838E-19
9.694341E+03	2.332349E-18	9.936377E-19
9.694541E+03	2.333840E-18	9.949715E-19
9.694741E+03	2.335253E-18	9.979531E-19
9.694941E+03	2.337057E-18	9.992085E-19
9.695140E+03	2.340039E-18	1.009330E-18
9.695342E+03	2.344040E-18	1.012861E-18
9.695541E+03	2.347885E-18	1.009487E-18
9.695742E+03	2.352200E-18	1.009487E-18
9.695942E+03	2.357222E-18	1.005799E-18
9.696141E+03	2.362636E-18	1.005721E-18
9.696341E+03	2.369462E-18	1.006348E-18
9.696741E+03	2.380446E-18	1.013802E-18
9.696941E+03	2.385939E-18	1.014352E-18
9.697141E+03	2.383820E-18	1.014901E-18
9.697341E+03	2.379819E-18	1.014665E-18
9.697541E+03	2.377857E-18	1.013724E-18
9.697741E+03	2.380446E-18	1.013332E-18
9.697941E+03	2.385311E-18	1.021413E-18
9.698141E+03	2.386174E-18	1.023924E-18
9.698341E+03	2.383663E-18	1.013018E-18
9.698541E+03	2.383506E-18	1.004465E-18
9.698741E+03	2.383506E-18	1.004152E-18
9.698941E+03	2.380760E-18	1.004073E-18
9.699141E+03	2.382879E-18	9.990515E-19
9.699341E+03	2.385625E-18	1.000072E-18
9.699541E+03	2.381702E-18	1.001719E-18
9.701542E+03	2.374719E-18	1.006035E-18
9.701742E+03	2.365774E-18	1.006270E-18
9.701942E+03	2.361302E-18	1.005878E-18
9.702142E+03	2.360125E-18	1.004936E-18
9.702342E+03	2.358477E-18	1.003916E-18
9.702542E+03	2.357614E-18	1.002504E-18
9.702742E+03	2.360282E-18	1.006270E-18
9.702942E+03	2.365460E-18	1.007212E-18
9.703142E+03	2.369540E-18	1.010115E-18
9.703342E+03	2.374405E-18	1.015528E-18
9.703542E+03	2.378171E-18	1.012939E-18
9.703742E+03	2.376916E-18	1.010272E-18
9.703942E+03	2.374719E-18	1.007055E-18
9.704142E+03	2.372051E-18	1.005642E-18
9.704342E+03	2.378014E-18	1.010350E-18
9.704542E+03	2.381780E-18	1.012312E-18
9.704742E+03	2.382565E-18	1.012939E-18
9.705342E+03	2.383742E-18	1.021335E-18
9.705543E+03	2.384683E-18	1.021256E-18
9.705743E+03	2.382643E-18	1.025022E-18
9.705943E+03	2.378642E-18	1.024944E-18
9.706143E+03	2.375817E-18	1.023924E-18
9.706343E+03	2.374483E-18	1.023453E-18
9.706543E+03	2.374483E-18	1.029102E-18
9.706743E+03	2.374954E-18	1.035615E-18
9.706943E+03	2.376053E-18	1.035458E-18
9.707143E+03	2.378485E-18	1.035458E-18
9.707343E+03	2.378485E-18	1.038518E-18
9.707543E+03	2.382016E-18	1.039302E-18
9.707743E+03	2.384683E-18	1.039616E-18
9.707942E+03	2.384056E-18	1.040950E-18
9.708142E+03	2.381231E-18	1.042205E-18
9.708343E+03	2.378250E-18	1.043225E-18
9.708542E+03	2.375817E-18	1.042990E-18
9.708743E+03	2.372522E-18	1.042990E-18
9.708942E+03	2.370717E-18	1.046835E-18
9.709142E+03	2.366794E-18	1.054524E-18
9.709342E+03	2.363577E-18	1.058133E-18
9.709542E+03	2.364126E-18	1.058682E-18
9.709742E+03	2.361145E-18	1.060879E-18
9.709942E+03	2.354554E-18	1.061585E-18
9.710142E+03	2.354240E-18	1.063547E-18
9.710342E+03	2.356751E-18	1.064332E-18
9.710542E+03	2.350239E-18	1.065822E-18
9.710743E+03	2.343020E-18	1.064567E-18
9.710943E+03	2.340117E-18	1.064802E-18
9.711143E+03	2.334389E-18	1.063233E-18
9.711743E+03	2.333213E-18	1.060330E-18
9.712943E+03	2.332193E-18	1.060879E-18
9.713143E+03	2.329133E-18	1.066215E-18
9.713343E+03	2.329133E-18	1.066921E-18
9.713943E+03	2.331094E-18	1.066685E-18
9.714143E+03	2.327799E-18	1.067549E-18
9.714343E+03	2.325759E-18	1.067470E-18
9.714543E+03	2.330074E-18	1.088969E-18
9.714743E+03	2.330309E-18	1.096265E-18
9.714943E+03	2.328897E-18	1.093598E-18
9.715143E+03	2.329133E-18	1.093990E-18
9.715343E+03	2.329839E-18	1.098305E-18
9.715543E+03	2.330545E-18	1.096501E-18
9.715744E+03	2.332428E-18	1.096030E-18
9.715944E+03	2.332820E-18	1.102778E-18
9.716144E+03	2.331957E-18	1.102856E-18
9.716344E+03	2.332114E-18	1.101444E-18
9.716544E+03	2.333369E-18	1.096344E-18
9.716744E+03	2.333134E-18	1.097050E-18
9.716944E+03	2.328583E-18	1.089675E-18
9.717144E+03	2.320031E-18	1.078376E-18
9.717344E+03	2.311793E-18	1.071001E-18
9.717544E+03	2.307477E-18	1.069432E-18
9.717744E+03	2.308262E-18	1.060565E-18
9.717944E+03	2.308262E-18	1.056329E-18
9.718144E+03	2.304888E-18	1.048718E-18
9.718344E+03	2.301749E-18	1.044952E-18
9.718544E+03	2.301122E-18	1.047619E-18
9.718744E+03	2.299709E-18	1.051778E-18
9.718944E+03	2.296649E-18	1.051542E-18
9.719144E+03	2.294766E-18	1.054367E-18
9.719344E+03	2.295394E-18	1.060095E-18
9.719544E+03	2.294139E-18	1.065665E-18
9.719744E+03	2.291236E-18	1.070609E-18
9.719944E+03	2.288489E-18	1.074924E-18
9.722544E+03	2.288489E-18	1.077356E-18
9.722744E+03	2.280643E-18	1.079867E-18
9.722944E+03	2.281428E-18	1.082299E-18
9.723144E+03	2.280408E-18	1.084339E-18
9.723344E+03	2.277976E-18	1.085673E-18
9.723544E+03	2.276563E-18	1.086379E-18
9.723744E+03	2.277662E-18	1.086850E-18
9.723944E+03	2.276720E-18	1.087399E-18
9.724144E+03	2.272876E-18	1.079945E-18
9.724344E+03	2.269737E-18	1.069039E-18
9.724544E+03	2.272954E-18	1.066999E-18
9.724744E+03	2.275622E-18	1.066842E-18
9.725344E+03	2.277583E-18	1.068333E-18
9.725544E+03	2.277191E-18	1.069510E-18
9.725744E+03	2.273739E-18	1.066215E-18
9.725945E+03	2.274523E-18	1.068725E-18
9.726145E+03	2.279937E-18	1.071864E-18
9.726345E+03	2.280722E-18	1.062449E-18
9.726545E+03	2.277662E-18	1.063782E-18
9.726745E+03	2.277583E-18	1.060095E-18
9.726945E+03	2.280251E-18	1.057192E-18
9.727145E+03	2.281271E-18	1.054367E-18
9.727345E+03	2.279545E-18	1.052327E-18
9.727545E+03	2.278133E-18	1.050365E-18
9.727745E+03	2.281349E-18	1.051229E-18
9.727945E+03	2.284331E-18	1.050836E-18
9.728145E+03	2.288489E-18	1.050993E-18
9.728345E+03	2.293197E-18	1.052170E-18
9.728545E+03	2.295786E-18	1.052955E-18
9.728745E+03	2.294139E-18	1.057505E-18
9.728945E+03	2.290765E-18	1.059624E-18
9.729145E+03	2.289745E-18	1.056485E-18
9.729345E+03	2.290451E-18	1.055622E-18
9.729545E+03	2.294217E-18	1.051542E-18
9.729745E+03	2.301122E-18	1.042284E-18
9.729945E+03	2.308497E-18	1.042755E-18
9.730145E+03	2.314225E-18	1.042441E-18
9.730345E+03	2.317363E-18	1.043461E-18
9.730545E+03	2.321914E-18	1.046128E-18
9.730745E+03	2.326857E-18	1.049424E-18
9.730945E+03	2.325288E-18	1.048796E-18
9.731146E+03	2.322149E-18	1.051150E-18
9.731346E+03	2.320423E-18	1.050209E-18
9.731546E+03	2.317991E-18	1.043932E-18
9.731746E+03	2.314853E-18	1.042990E-18
9.731946E+03	2.315480E-18	1.044324E-18
9.732146E+03	2.320423E-18	1.046128E-18
9.732346E+03	2.321051E-18	1.047541E-18
9.732546E+03	2.317442E-18	1.054445E-18
9.732746E+03	2.318383E-18	1.051621E-18
9.732946E+03	2.319874E-18	1.046521E-18
9.733146E+03	2.322071E-18	1.049816E-18
9.733346E+03	2.325131E-18	1.052327E-18
9.733546E+03	2.325366E-18	1.051464E-18
9.733746E+03	2.324739E-18	1.051307E-18
9.733946E+03	2.327093E-18	1.052484E-18
9.734146E+03	2.331486E-18	1.065901E-18
9.734345E+03	2.334233E-18	1.088419E-18
9.734546E+03	2.334389E-18	1.073825E-18
9.734746E+03	2.332036E-18	1.070922E-18
9.734945E+03	2.327485E-18	1.068098E-18
9.735345E+03	2.324346E-18	1.068804E-18
9.735545E+03	2.320031E-18	1.069118E-18
9.735945E+03	2.316893E-18	1.069902E-18
9.736146E+03	2.321365E-18	1.072413E-18
9.736346E+03	2.328740E-18	1.071707E-18
9.736546E+03	2.334468E-18	1.068882E-18
9.736746E+03	2.339568E-18	1.068882E-18
9.736946E+03	2.344276E-18	1.070138E-18
9.737146E+03	2.346394E-18	1.071315E-18
9.737346E+03	2.345688E-18	1.072178E-18
9.737546E+03	2.348983E-18	1.073276E-18
9.737746E+03	2.356123E-18	1.067941E-18
9.737946E+03	2.361616E-18	1.064489E-18
9.738146E+03	2.364676E-18	1.064175E-18
9.738346E+03	2.368991E-18	1.062998E-18
9.738946E+03	2.375660E-18	1.060095E-18
9.739746E+03	2.379113E-18	1.057898E-18
9.739946E+03	2.378093E-18	1.050052E-18
9.740546E+03	2.377230E-18	1.038047E-18
9.740746E+03	2.378485E-18	1.037262E-18
9.740946E+03	2.381780E-18	1.036870E-18
9.741146E+03	2.387116E-18	1.035772E-18
9.741347E+03	2.391980E-18	1.035693E-18
9.741547E+03	2.394099E-18	1.039302E-18
9.741747E+03	2.395825E-18	1.039224E-18
9.741947E+03	2.400690E-18	1.040322E-18
9.742147E+03	2.408850E-18	1.042284E-18
9.742347E+03	2.415519E-18	1.043147E-18
9.742547E+03	2.418343E-18	1.039381E-18
9.742747E+03	2.421090E-18	1.039224E-18
9.742947E+03	2.423130E-18	1.042755E-18
9.743147E+03	2.421639E-18	1.045265E-18
9.743347E+03	2.418422E-18	1.045265E-18
9.743547E+03	2.415126E-18	1.045265E-18
9.743747E+03	2.412930E-18	1.045187E-18
9.743947E+03	2.410733E-18	1.049032E-18
9.744147E+03	2.404377E-18	1.052405E-18
9.744347E+03	2.395668E-18	1.040793E-18
9.744547E+03	2.391353E-18	1.038439E-18
9.744747E+03	2.391431E-18	1.037027E-18
9.744947E+03	2.388842E-18	1.031848E-18
9.745147E+03	2.381780E-18	1.029181E-18
9.745347E+03	2.377308E-18	1.030515E-18
9.745747E+03	2.377151E-18	1.029416E-18
9.745947E+03	2.375896E-18	1.026827E-18
9.746147E+03	2.375190E-18	1.024787E-18
9.746748E+03	2.377073E-18	1.014665E-18
9.746948E+03	2.378093E-18	1.016078E-18
9.747148E+03	2.378563E-18	1.019452E-18
9.747747E+03	2.383114E-18	1.019452E-18
9.747948E+03	2.388999E-18	1.025572E-18
9.748147E+03	2.388842E-18	1.023610E-18
9.748347E+03	2.385939E-18	1.025101E-18
9.748547E+03	2.387351E-18	1.017725E-18
9.748747E+03	2.389548E-18	1.017098E-18
9.748947E+03	2.391274E-18	1.018118E-18
9.749147E+03	2.395982E-18	1.017412E-18
9.749347E+03	2.403671E-18	1.018196E-18
9.749547E+03	2.413557E-18	1.018118E-18
9.749747E+03	2.425797E-18	1.015372E-18
9.749947E+03	2.431603E-18	1.011605E-18
9.750147E+03	2.427680E-18	1.012861E-18
9.750347E+03	2.423365E-18	1.017019E-18
9.750547E+03	2.422973E-18	1.017647E-18
9.750747E+03	2.426974E-18	1.017804E-18
9.750947E+03	2.436233E-18	1.017098E-18
9.751147E+03	2.447296E-18	1.014901E-18
9.751347E+03	2.453808E-18	1.013096E-18
9.751548E+03	2.454750E-18	1.008310E-18
9.751748E+03	2.453651E-18	1.008075E-18
9.751948E+03	2.453337E-18	1.011448E-18
9.752548E+03	2.457025E-18	1.014508E-18
9.752748E+03	2.462125E-18	1.014116E-18
9.752948E+03	2.465107E-18	1.020942E-18
9.753148E+03	2.469657E-18	1.023061E-18
9.753348E+03	2.475777E-18	1.025728E-18
9.753548E+03	2.477739E-18	1.020158E-18
9.753748E+03	2.471305E-18	1.010821E-18
9.753948E+03	2.463851E-18	1.010821E-18
9.754148E+03	2.458045E-18	1.019295E-18
9.754348E+03	2.456240E-18	1.027062E-18
9.754548E+03	2.454593E-18	1.022512E-18
9.754748E+03	2.451847E-18	1.015842E-18
9.754948E+03	2.448943E-18	1.011527E-18
9.755148E+03	2.445177E-18	1.011448E-18
9.755348E+03	2.443373E-18	1.006348E-18
9.755548E+03	2.445570E-18	1.008702E-18
9.755748E+03	2.449179E-18	1.003759E-18
9.755948E+03	2.451219E-18	1.007682E-18
9.756148E+03	2.450983E-18	1.013488E-18
9.756348E+03	2.451768E-18	1.019687E-18
9.756548E+03	2.453651E-18	1.012155E-18
9.757149E+03	2.451925E-18	1.007839E-18
9.757349E+03	2.450434E-18	1.007918E-18
9.757549E+03	2.443451E-18	1.008232E-18
9.757749E+03	2.435683E-18	1.006192E-18
9.757949E+03	2.434271E-18	1.010821E-18
9.758149E+03	2.436154E-18	1.027768E-18
9.758349E+03	2.434899E-18	1.031142E-18
9.758549E+03	2.431211E-18	1.030907E-18
9.758749E+03	2.428073E-18	1.030044E-18
9.758949E+03	2.424385E-18	1.029652E-18
9.759149E+03	2.420383E-18	1.030515E-18
9.759349E+03	2.418657E-18	1.032319E-18
9.759549E+03	2.418657E-18	1.024002E-18
9.759749E+03	2.417010E-18	1.022198E-18
9.759949E+03	2.414106E-18	1.016705E-18
9.760149E+03	2.410654E-18	1.013645E-18
9.760349E+03	2.405162E-18	1.010821E-18
9.760549E+03	2.400768E-18	1.008075E-18
9.760748E+03	2.399983E-18	1.007761E-18
9.760949E+03	2.399748E-18	1.008545E-18
9.761148E+03	2.397316E-18	1.008702E-18
9.761349E+03	2.391117E-18	1.009565E-18
9.761549E+03	2.383428E-18	1.010115E-18
9.761749E+03	2.378563E-18	1.011448E-18
9.761949E+03	2.375346E-18	1.011919E-18
9.762149E+03	2.371816E-18	1.013410E-18
9.762349E+03	2.367814E-18	1.013410E-18
9.762549E+03	2.366166E-18	1.013410E-18
9.762749E+03	2.367030E-18	1.012547E-18
9.762949E+03	2.367343E-18	1.014508E-18
9.763149E+03	2.368050E-18	9.985808E-19
9.763349E+03	2.367343E-18	9.887731E-19
9.763549E+03	2.363499E-18	9.834377E-19
9.763749E+03	2.361145E-18	9.887731E-19
9.763949E+03	2.362950E-18	9.834377E-19
9.764149E+03	2.365696E-18	9.845361E-19
9.764349E+03	2.364911E-18	9.784161E-19
9.764549E+03	2.364440E-18	9.719038E-19
9.764749E+03	2.365146E-18	9.715900E-19
9.764949E+03	2.361380E-18	9.750423E-19
9.765149E+03	2.358006E-18	9.751208E-19
9.765349E+03	2.355966E-18	9.755131E-19
9.765549E+03	2.351337E-18	9.810054E-19
9.765749E+03	2.346865E-18	9.846146E-19
9.765949E+03	2.347257E-18	9.846146E-19
9.766149E+03	2.348042E-18	9.934023E-19
9.766349E+03	2.342314E-18	1.001013E-18
9.766549E+03	2.336116E-18	9.995223E-19
9.766749E+03	2.336900E-18	1.004936E-18
9.766950E+03	2.337763E-18	1.014508E-18
9.767150E+03	2.337293E-18	1.010664E-18
9.767350E+03	2.339725E-18	1.007368E-18
9.767550E+03	2.345688E-18	1.008859E-18
9.767750E+03	2.353299E-18	1.007055E-18
9.767950E+03	2.358870E-18	1.001641E-18
9.768150E+03	2.363577E-18	9.955992E-19
9.768350E+03	2.368442E-18	9.897931E-19
9.768550E+03	2.370874E-18	9.847715E-19
9.768750E+03	2.370011E-18	9.820254E-19
9.768950E+03	2.364597E-18	9.801423E-19
9.769150E+03	2.359890E-18	9.799854E-19
9.769350E+03	2.359968E-18	9.808484E-19
9.769550E+03	2.359890E-18	9.828100E-19
9.769750E+03	2.358477E-18	9.863408E-19
9.769950E+03	2.357693E-18	9.918331E-19
9.770150E+03	2.358242E-18	9.984238E-19
9.770350E+03	2.361537E-18	1.006113E-18
9.770550E+03	2.364833E-18	1.014901E-18
9.770750E+03	2.365460E-18	1.041185E-18
9.770950E+03	2.363577E-18	1.043853E-18
9.771550E+03	2.363106E-18	1.040950E-18
9.771750E+03	2.365696E-18	1.039381E-18
9.771951E+03	2.365146E-18	1.041421E-18
9.772151E+03	2.363656E-18	1.043461E-18
9.772351E+03	2.367579E-18	1.048404E-18
9.772751E+03	2.373385E-18	1.050758E-18
9.772951E+03	2.377779E-18	1.049188E-18
9.773151E+03	2.377543E-18	1.050365E-18
9.773351E+03	2.374719E-18	1.050209E-18
9.773550E+03	2.370325E-18	1.050052E-18
9.773751E+03	2.363420E-18	1.058369E-18
9.773951E+03	2.358556E-18	1.061742E-18
9.774150E+03	2.356673E-18	1.071079E-18
9.774351E+03	2.354397E-18	1.083319E-18
9.774550E+03	2.351730E-18	1.092578E-18
9.774750E+03	2.351573E-18	1.093755E-18
9.774950E+03	2.351808E-18	1.092970E-18
9.775150E+03	2.352436E-18	1.088498E-18
9.775350E+03	2.353534E-18	1.086301E-18
9.775550E+03	2.354946E-18	1.086693E-18
9.775750E+03	2.358870E-18	1.096658E-18
9.775950E+03	2.363185E-18	1.106465E-18
9.776150E+03	2.369776E-18	1.119255E-18
9.776350E+03	2.377857E-18	1.123492E-18
9.776550E+03	2.386017E-18	1.123413E-18
9.776750E+03	2.390725E-18	1.124433E-18
9.776950E+03	2.393393E-18	1.127258E-18
9.777151E+03	2.399042E-18	1.125061E-18
9.777351E+03	2.407516E-18	1.137065E-18
9.777551E+03	2.409791E-18	1.138792E-18
9.777751E+03	2.404377E-18	1.138321E-18
9.777951E+03	2.396374E-18	1.141145E-18
9.778151E+03	2.391823E-18	1.141302E-18
9.778351E+03	2.389862E-18	1.146952E-18
9.778551E+03	2.385390E-18	1.145932E-18
9.778751E+03	2.380211E-18	1.144676E-18
9.778951E+03	2.376288E-18	1.137536E-18
9.779151E+03	2.370796E-18	1.136909E-18
9.779351E+03	2.365853E-18	1.136987E-18
9.779551E+03	2.364519E-18	1.135339E-18
9.779751E+03	2.365774E-18	1.131809E-18
9.779951E+03	2.368677E-18	1.135810E-18
9.780151E+03	2.367971E-18	1.143342E-18
9.780351E+03	2.361459E-18	1.144049E-18
9.780551E+03	2.353220E-18	1.133064E-18
9.780751E+03	2.346394E-18	1.113998E-18
9.780951E+03	2.340666E-18	1.113527E-18
9.781151E+03	2.335488E-18	1.113762E-18
9.781351E+03	2.330780E-18	1.111173E-18
9.781551E+03	2.329054E-18	1.109918E-18
9.781751E+03	2.329211E-18	1.109839E-18
9.781951E+03	2.328819E-18	1.108270E-18
9.782151E+03	2.328034E-18	1.105053E-18
9.782352E+03	2.325994E-18	1.109525E-18
9.782552E+03	2.321836E-18	1.108819E-18
9.782752E+03	2.317913E-18	1.109369E-18
9.782952E+03	2.313362E-18	1.116116E-18
9.783152E+03	2.310302E-18	1.120589E-18
9.783352E+03	2.308968E-18	1.118549E-18
9.783552E+03	2.307399E-18	1.126787E-18
9.783752E+03	2.305359E-18	1.127885E-18
9.783952E+03	2.303789E-18	1.130396E-18
9.784152E+03	2.303083E-18	1.130475E-18
9.784352E+03	2.301593E-18	1.130161E-18
9.784552E+03	2.297905E-18	1.135732E-18
9.784752E+03	2.293276E-18	1.137144E-18
9.784952E+03	2.290059E-18	1.137458E-18
9.785552E+03	2.289509E-18	1.137301E-18
9.785752E+03	2.291785E-18	1.135339E-18
9.785952E+03	2.293276E-18	1.137772E-18
9.786152E+03	2.293354E-18	1.137536E-18
9.786352E+03	2.295316E-18	1.134947E-18
9.786551E+03	2.294374E-18	1.132201E-18
9.786752E+03	2.289117E-18	1.132044E-18
9.786951E+03	2.286136E-18	1.129298E-18
9.787151E+03	2.285900E-18	1.126002E-18
9.787353E+03	2.283703E-18	1.124982E-18
9.787552E+03	2.277191E-18	1.127493E-18
9.787753E+03	2.273739E-18	1.130789E-18
9.787952E+03	2.272326E-18	1.131730E-18
9.788152E+03	2.274994E-18	1.135653E-18
9.788352E+03	2.283625E-18	1.144833E-18
9.788552E+03	2.285665E-18	1.157387E-18
9.788752E+03	2.281977E-18	1.161859E-18
9.788952E+03	2.288097E-18	1.162958E-18
9.789152E+03	2.293903E-18	1.162801E-18
9.789352E+03	2.296414E-18	1.164292E-18
9.789552E+03	2.298297E-18	1.164841E-18
9.789752E+03	2.301514E-18	1.166175E-18
9.789952E+03	2.305359E-18	1.170961E-18
9.790552E+03	2.307477E-18	1.175590E-18
9.790752E+03	2.309439E-18	1.175747E-18
9.790952E+03	2.311871E-18	1.182887E-18
9.792352E+03	2.313283E-18	1.189792E-18
9.792553E+03	2.313283E-18	1.196932E-18
9.792753E+03	2.308968E-18	1.203366E-18
9.792953E+03	2.304496E-18	1.204935E-18
9.793153E+03	2.304417E-18	1.209642E-18
9.793353E+03	2.306693E-18	1.216626E-18
9.793753E+03	2.312185E-18	1.217175E-18
9.793953E+03	2.317599E-18	1.223922E-18
9.794153E+03	2.317206E-18	1.228944E-18
9.794353E+03	2.315323E-18	1.235142E-18
9.794553E+03	2.319796E-18	1.241576E-18
9.794753E+03	2.329211E-18	1.249972E-18
9.794953E+03	2.337842E-18	1.250443E-18
9.795153E+03	2.342942E-18	1.254523E-18
9.795353E+03	2.345531E-18	1.255778E-18
9.795553E+03	2.349219E-18	1.253738E-18
9.795753E+03	2.353770E-18	1.263546E-18
9.795953E+03	2.355496E-18	1.262839E-18
9.796153E+03	2.359026E-18	1.260799E-18
9.796353E+03	2.364519E-18	1.260329E-18
9.796553E+03	2.365068E-18	1.260486E-18
9.796753E+03	2.366402E-18	1.260329E-18
9.796953E+03	2.372757E-18	1.260407E-18
9.797153E+03	2.380211E-18	1.259779E-18
9.797353E+03	2.386174E-18	1.264252E-18
9.797554E+03	2.383663E-18	1.271313E-18
9.797754E+03	2.377386E-18	1.269979E-18
9.797954E+03	2.381623E-18	1.271627E-18
9.798154E+03	2.388685E-18	1.271706E-18
9.798354E+03	2.394413E-18	1.266449E-18
9.798554E+03	2.399748E-18	1.261976E-18
9.798754E+03	2.405554E-18	1.261976E-18
9.798954E+03	2.409948E-18	1.271706E-18
9.799154E+03	2.413008E-18	1.277590E-18
9.799354E+03	2.412066E-18	1.276570E-18
9.799554E+03	2.409556E-18	1.271784E-18
9.799754E+03	2.409242E-18	1.270058E-18
9.799953E+03	2.409791E-18	1.281356E-18
9.800353E+03	2.408065E-18	1.293439E-18
9.802353E+03	2.402808E-18	1.299089E-18
9.802553E+03	2.395590E-18	1.303326E-18
9.802754E+03	2.390254E-18	1.304503E-18
9.802954E+03	2.388685E-18	1.302698E-18
9.803154E+03	2.386802E-18	1.303639E-18
9.803354E+03	2.380996E-18	1.302933E-18
9.803554E+03	2.374876E-18	1.310387E-18
9.803754E+03	2.372914E-18	1.317370E-18
9.803954E+03	2.373306E-18	1.317841E-18
9.804154E+03	2.372130E-18	1.317292E-18
9.804354E+03	2.370796E-18	1.318312E-18
9.804554E+03	2.372836E-18	1.323961E-18
9.804754E+03	2.374091E-18	1.323883E-18
9.804954E+03	2.374248E-18	1.320901E-18
9.805154E+03	2.378014E-18	1.310152E-18
9.805354E+03	2.385546E-18	1.309603E-18
9.805554E+03	2.393157E-18	1.314859E-18
9.805754E+03	2.396531E-18	1.320195E-18
9.805954E+03	2.395276E-18	1.321293E-18
9.806154E+03	2.395354E-18	1.319803E-18
9.806354E+03	2.396688E-18	1.313839E-18
9.806554E+03	2.393393E-18	1.313369E-18
9.806754E+03	2.391510E-18	1.310544E-18
9.806954E+03	2.392843E-18	1.313526E-18
9.807154E+03	2.391117E-18	1.313918E-18
9.807354E+03	2.385782E-18	1.320509E-18
9.807554E+03	2.382643E-18	1.328119E-18
9.807755E+03	2.383899E-18	1.326472E-18
9.807955E+03	2.386566E-18	1.327806E-18
9.808155E+03	2.387979E-18	1.328119E-18
9.808355E+03	2.389077E-18	1.327099E-18
9.808555E+03	2.388842E-18	1.326158E-18
9.808755E+03	2.385154E-18	1.324981E-18
9.809355E+03	2.387743E-18	1.330081E-18
9.809555E+03	2.393863E-18	1.325452E-18
9.809755E+03	2.404534E-18	1.328669E-18
9.809955E+03	2.406810E-18	1.335103E-18
9.810155E+03	2.411203E-18	1.337299E-18
9.810355E+03	2.411596E-18	1.338555E-18
9.810555E+03	2.410026E-18	1.337849E-18
9.810755E+03	2.409006E-18	1.340673E-18
9.810955E+03	2.405868E-18	1.341066E-18
9.811155E+03	2.401082E-18	1.334946E-18
9.811355E+03	2.398493E-18	1.334789E-18
9.811555E+03	2.397865E-18	1.335103E-18
9.811755E+03	2.396531E-18	1.338006E-18
9.811955E+03	2.394020E-18	1.338476E-18
9.812155E+03	2.390803E-18	1.338476E-18
9.812355E+03	2.389391E-18	1.336593E-18
9.812956E+03	2.391745E-18	1.336907E-18
9.813156E+03	2.394570E-18	1.349853E-18
9.813355E+03	2.392843E-18	1.363584E-18
9.813956E+03	2.389705E-18	1.363820E-18
9.814155E+03	2.390882E-18	1.364133E-18
9.814355E+03	2.394256E-18	1.357621E-18
9.814755E+03	2.396217E-18	1.353227E-18
9.814955E+03	2.398571E-18	1.356915E-18
9.815155E+03	2.401003E-18	1.355267E-18
9.815355E+03	2.401553E-18	1.348990E-18
9.815555E+03	2.401553E-18	1.348755E-18
9.815755E+03	2.402416E-18	1.351815E-18
9.815955E+03	2.405476E-18	1.362878E-18
9.816155E+03	2.410654E-18	1.368135E-18
9.816355E+03	2.419913E-18	1.367664E-18
9.816555E+03	2.430426E-18	1.368606E-18
9.816755E+03	2.439763E-18	1.381552E-18
9.817555E+03	2.445726E-18	1.388221E-18
9.817755E+03	2.450120E-18	1.386730E-18
9.817955E+03	2.458594E-18	1.385318E-18
9.818156E+03	2.466362E-18	1.385867E-18
9.818356E+03	2.476327E-18	1.385083E-18
9.818556E+03	2.483153E-18	1.384376E-18
9.818756E+03	2.486919E-18	1.381316E-18
9.818956E+03	2.490763E-18	1.378256E-18
9.819356E+03	2.489273E-18	1.378178E-18
9.819556E+03	2.487311E-18	1.371352E-18
9.819756E+03	2.490136E-18	1.366801E-18
9.820156E+03	2.494373E-18	1.344283E-18
9.820356E+03	2.491862E-18	1.341536E-18
9.820556E+03	2.487939E-18	1.340987E-18
9.820756E+03	2.490763E-18	1.340987E-18
9.820956E+03	2.494216E-18	1.343498E-18
9.821156E+03	2.498923E-18	1.358406E-18
9.821356E+03	2.509908E-18	1.379590E-18
9.821556E+03	2.519951E-18	1.386416E-18
9.821756E+03	2.526934E-18	1.386495E-18
9.821956E+03	2.530857E-18	1.395047E-18
9.822156E+03	2.531563E-18	1.399284E-18
9.822356E+03	2.532505E-18	1.399520E-18
9.822556E+03	2.530700E-18	1.404933E-18
9.822756E+03	2.528660E-18	1.429021E-18
9.823557E+03	2.530151E-18	1.443458E-18
9.823757E+03	2.532740E-18	1.445106E-18
9.823957E+03	2.535722E-18	1.442046E-18
9.824157E+03	2.537997E-18	1.441496E-18
9.824357E+03	2.536428E-18	1.443615E-18
9.824557E+03	2.532270E-18	1.448793E-18
9.824757E+03	2.531171E-18	1.453893E-18
9.824957E+03	2.534859E-18	1.461347E-18
9.825157E+03	2.536036E-18	1.471469E-18
9.825357E+03	2.529837E-18	1.480100E-18
9.825557E+03	2.526620E-18	1.467938E-18
9.825757E+03	2.532191E-18	1.466604E-18
9.825957E+03	2.537370E-18	1.472175E-18
9.826156E+03	2.536193E-18	1.471547E-18
9.826356E+03	2.530465E-18	1.466447E-18
9.826557E+03	2.526934E-18	1.462132E-18
9.826756E+03	2.527170E-18	1.452010E-18
9.826957E+03	2.530622E-18	1.445812E-18
9.827556E+03	2.535879E-18	1.441026E-18
9.827756E+03	2.537840E-18	1.437573E-18
9.827956E+03	2.538076E-18	1.444556E-18
9.828156E+03	2.539645E-18	1.451304E-18
9.828357E+03	2.538076E-18	1.462681E-18
9.828557E+03	2.536036E-18	1.473587E-18
9.828757E+03	2.542391E-18	1.473273E-18
9.829557E+03	2.554631E-18	1.472567E-18
9.829757E+03	2.563890E-18	1.472175E-18
9.829957E+03	2.567970E-18	1.475627E-18
9.830157E+03	2.567970E-18	1.481826E-18
9.830357E+03	2.567185E-18	1.476883E-18
9.830557E+03	2.565380E-18	1.469743E-18
9.830757E+03	2.566871E-18	1.467310E-18
9.830957E+03	2.573540E-18	1.466840E-18
9.831157E+03	2.581544E-18	1.464564E-18
9.831357E+03	2.585545E-18	1.462053E-18
9.831557E+03	2.588684E-18	1.462289E-18
9.831757E+03	2.595824E-18	1.463780E-18
9.831957E+03	2.600217E-18	1.467153E-18
9.832157E+03	2.603905E-18	1.466918E-18
9.832357E+03	2.610182E-18	1.466447E-18
9.832757E+03	2.618499E-18	1.467703E-18
9.832957E+03	2.625560E-18	1.464643E-18
9.833157E+03	2.627914E-18	1.464643E-18
9.833358E+03	2.631053E-18	1.465035E-18
9.833558E+03	2.639448E-18	1.461112E-18
9.833758E+03	2.651453E-18	1.459307E-18
9.833958E+03	2.663850E-18	1.466290E-18
9.834158E+03	2.673579E-18	1.468173E-18
9.834958E+03	2.679621E-18	1.471233E-18
9.835158E+03	2.679934E-18	1.469115E-18
9.835358E+03	2.677110E-18	1.469978E-18
9.835558E+03	2.676639E-18	1.469507E-18
9.835758E+03	2.677894E-18	1.460406E-18
9.835958E+03	2.680719E-18	1.458758E-18
9.836158E+03	2.681739E-18	1.460013E-18
9.836358E+03	2.677973E-18	1.462053E-18
9.836558E+03	2.684877E-18	1.466212E-18
9.836758E+03	2.691547E-18	1.466447E-18
9.836958E+03	2.697824E-18	1.467467E-18
9.837158E+03	2.701354E-18	1.468880E-18
9.837358E+03	2.703630E-18	1.468409E-18
9.837558E+03	2.708337E-18	1.468330E-18
9.837758E+03	2.712810E-18	1.470449E-18
9.837958E+03	2.716419E-18	1.472018E-18
9.838158E+03	2.721990E-18	1.480492E-18
9.838358E+03	2.727090E-18	1.490378E-18
9.838559E+03	2.732739E-18	1.489907E-18
9.838759E+03	2.740821E-18	1.487397E-18
9.838959E+03	2.746313E-18	1.484415E-18
9.839158E+03	2.749059E-18	1.480100E-18
9.839359E+03	2.747411E-18	1.473195E-18
9.839558E+03	2.749451E-18	1.474137E-18
9.839758E+03	2.760279E-18	1.473430E-18
9.839959E+03	2.770244E-18	1.474450E-18
9.840158E+03	2.778404E-18	1.477824E-18
9.840358E+03	2.790173E-18	1.480021E-18
9.840558E+03	2.802099E-18	1.482689E-18
9.840758E+03	2.811436E-18	1.487710E-18
9.840958E+03	2.817164E-18	1.496655E-18
9.841158E+03	2.817556E-18	1.509915E-18
9.841358E+03	2.815830E-18	1.525450E-18
9.841558E+03	2.815359E-18	1.548675E-18
9.841758E+03	2.815751E-18	1.560130E-18
9.841958E+03	2.816458E-18	1.556286E-18
9.842158E+03	2.817948E-18	1.556521E-18
9.842358E+03	2.820459E-18	1.557070E-18
9.842558E+03	2.823441E-18	1.552206E-18
9.842758E+03	2.824696E-18	1.551107E-18
9.842958E+03	2.824225E-18	1.549774E-18
9.843158E+03	2.826971E-18	1.544909E-18
9.843959E+03	2.836936E-18	1.539809E-18
9.844159E+03	2.849490E-18	1.538632E-18
9.844359E+03	2.859219E-18	1.544438E-18
9.844559E+03	2.865731E-18	1.550087E-18
9.844759E+03	2.874833E-18	1.546949E-18
9.844959E+03	2.888328E-18	1.547733E-18
9.845159E+03	2.904491E-18	1.549460E-18
9.845359E+03	2.915084E-18	1.541143E-18
9.845559E+03	2.930541E-18	1.540044E-18
9.845759E+03	2.945919E-18	1.547577E-18
9.845959E+03	2.957453E-18	1.561464E-18
9.846159E+03	2.968359E-18	1.562406E-18
9.846359E+03	2.977147E-18	1.563583E-18
9.846559E+03	2.983738E-18	1.564054E-18
9.846759E+03	2.991741E-18	1.564524E-18
9.846959E+03	2.999744E-18	1.560758E-18
9.847159E+03	3.007041E-18	1.554324E-18
9.847359E+03	3.014338E-18	1.553697E-18
9.847559E+03	3.019752E-18	1.550950E-18
9.847759E+03	3.025479E-18	1.550950E-18
9.847959E+03	3.031442E-18	1.550401E-18
9.848159E+03	3.036542E-18	1.549303E-18
9.848359E+03	3.043133E-18	1.545380E-18
9.848559E+03	3.045565E-18	1.536435E-18
9.848760E+03	3.047135E-18	1.531413E-18
9.848960E+03	3.047135E-18	1.535886E-18
9.849360E+03	3.045487E-18	1.538397E-18
9.850960E+03	3.037876E-18	1.546243E-18
9.851160E+03	3.032305E-18	1.556286E-18
9.851360E+03	3.031756E-18	1.565858E-18
9.851560E+03	3.033090E-18	1.567192E-18
9.851760E+03	3.030815E-18	1.565544E-18
9.851960E+03	3.019281E-18	1.575587E-18
9.852159E+03	3.010258E-18	1.600538E-18
9.852360E+03	3.007904E-18	1.605560E-18
9.852559E+03	3.009238E-18	1.606501E-18
9.852760E+03	3.011121E-18	1.606815E-18
9.852960E+03	3.010650E-18	1.598106E-18
9.853159E+03	3.008296E-18	1.597164E-18
9.853359E+03	3.004922E-18	1.597243E-18
9.853960E+03	3.001235E-18	1.601009E-18
9.854160E+03	2.998881E-18	1.602500E-18
9.854360E+03	2.999430E-18	1.607443E-18
9.854560E+03	3.002568E-18	1.609326E-18
9.854760E+03	3.005785E-18	1.607600E-18
9.854960E+03	3.005628E-18	1.606815E-18
9.855160E+03	3.003981E-18	1.606580E-18
9.855360E+03	3.006727E-18	1.600930E-18
9.855560E+03	3.011592E-18	1.606109E-18
9.855760E+03	3.010101E-18	1.618977E-18
9.855960E+03	2.998410E-18	1.625960E-18
9.856160E+03	2.987190E-18	1.629726E-18
9.856360E+03	2.993075E-18	1.630510E-18
9.856560E+03	3.003118E-18	1.627137E-18
9.856760E+03	3.011905E-18	1.625018E-18
9.856960E+03	3.020928E-18	1.622900E-18
9.857160E+03	3.021792E-18	1.619447E-18
9.857360E+03	3.015750E-18	1.621880E-18
9.857560E+03	3.013396E-18	1.621174E-18
9.857760E+03	3.018967E-18	1.621880E-18
9.857960E+03	3.028225E-18	1.628235E-18
9.858160E+03	3.034816E-18	1.632864E-18
9.858360E+03	3.032541E-18	1.632158E-18
9.858560E+03	3.026185E-18	1.624940E-18
9.858760E+03	3.022262E-18	1.625960E-18
9.858961E+03	3.017712E-18	1.629490E-18
9.859161E+03	3.017241E-18	1.628078E-18
9.859361E+03	3.007590E-18	1.627372E-18
9.859561E+03	2.998959E-18	1.627529E-18
9.859761E+03	3.002647E-18	1.630510E-18
9.859961E+03	3.006570E-18	1.641338E-18
9.860161E+03	3.004373E-18	1.646595E-18
9.860361E+03	2.997390E-18	1.646752E-18
9.860561E+03	2.989936E-18	1.647301E-18
9.860761E+03	2.984836E-18	1.650518E-18
9.860961E+03	2.979030E-18	1.651617E-18
9.861161E+03	2.968124E-18	1.650989E-18
9.861361E+03	2.960356E-18	1.650832E-18
9.861561E+03	2.963573E-18	1.652166E-18
9.861761E+03	2.968438E-18	1.656167E-18
9.862161E+03	2.972047E-18	1.647929E-18
9.862361E+03	2.975970E-18	1.635454E-18
9.862561E+03	2.975028E-18	1.638827E-18
9.862761E+03	2.971262E-18	1.646517E-18
9.862961E+03	2.970635E-18	1.646830E-18
9.863161E+03	2.971655E-18	1.658051E-18
9.863361E+03	2.971341E-18	1.657266E-18
9.864162E+03	2.968987E-18	1.654991E-18
9.864362E+03	2.964672E-18	1.653814E-18
9.864562E+03	2.955805E-18	1.653107E-18
9.864762E+03	2.946468E-18	1.649184E-18
9.864962E+03	2.939721E-18	1.638984E-18
9.865162E+03	2.933758E-18	1.634041E-18
9.865362E+03	2.930619E-18	1.634041E-18
9.865561E+03	2.928187E-18	1.633178E-18
9.865762E+03	2.926382E-18	1.620310E-18
9.865961E+03	2.923558E-18	1.613014E-18
9.866162E+03	2.922224E-18	1.612778E-18
9.866362E+03	2.923401E-18	1.611837E-18
9.866561E+03	2.926461E-18	1.609012E-18
9.866961E+03	2.931090E-18	1.612464E-18
9.867161E+03	2.939015E-18	1.616858E-18
9.867361E+03	2.941447E-18	1.617329E-18
9.867561E+03	2.943801E-18	1.616309E-18
9.867761E+03	2.942075E-18	1.618506E-18
9.867961E+03	2.940270E-18	1.623449E-18
9.868161E+03	2.935955E-18	1.619055E-18
9.868361E+03	2.931875E-18	1.625332E-18
9.868561E+03	2.931325E-18	1.626352E-18
9.868761E+03	2.936111E-18	1.627294E-18
9.868961E+03	2.936425E-18	1.632315E-18
9.869162E+03	2.932659E-18	1.634434E-18
9.869362E+03	2.929991E-18	1.624155E-18
9.869562E+03	2.934621E-18	1.604304E-18
9.869762E+03	2.936818E-18	1.597007E-18
9.869962E+03	2.937053E-18	1.596066E-18
9.870162E+03	2.935405E-18	1.584297E-18
9.870362E+03	2.928030E-18	1.578412E-18
9.870562E+03	2.922302E-18	1.581158E-18
9.870762E+03	2.920733E-18	1.572606E-18
9.870962E+03	2.921518E-18	1.566250E-18
9.871162E+03	2.923479E-18	1.571664E-18
9.871362E+03	2.930619E-18	1.580217E-18
9.871962E+03	2.940191E-18	1.579354E-18
9.872162E+03	2.943722E-18	1.593398E-18
9.872362E+03	2.941211E-18	1.595987E-18
9.872562E+03	2.940427E-18	1.604540E-18
9.872762E+03	2.942388E-18	1.608855E-18
9.872962E+03	2.940427E-18	1.608855E-18
9.873162E+03	2.939485E-18	1.601794E-18
9.874763E+03	2.938701E-18	1.592300E-18
9.874963E+03	2.940191E-18	1.592457E-18
9.875163E+03	2.945762E-18	1.590338E-18
9.875363E+03	2.951961E-18	1.583434E-18
9.875563E+03	2.954550E-18	1.586415E-18
9.875763E+03	2.951255E-18	1.586886E-18
9.875963E+03	2.946547E-18	1.589318E-18
9.876163E+03	2.942231E-18	1.602657E-18
9.876363E+03	2.942310E-18	1.610581E-18
9.876563E+03	2.948352E-18	1.613170E-18
9.876763E+03	2.953687E-18	1.618427E-18
9.876963E+03	2.952510E-18	1.624234E-18
9.877163E+03	2.947802E-18	1.622743E-18
9.877363E+03	2.943801E-18	1.619212E-18
9.877563E+03	2.942310E-18	1.611758E-18
9.877763E+03	2.946076E-18	1.612543E-18
9.877963E+03	2.948822E-18	1.615210E-18
9.878163E+03	2.948038E-18	1.618349E-18
9.878362E+03	2.948822E-18	1.614269E-18
9.878562E+03	2.950548E-18	1.608149E-18
9.878763E+03	2.948587E-18	1.608384E-18
9.878962E+03	2.942231E-18	1.608698E-18
9.879163E+03	2.940348E-18	1.611758E-18
9.879363E+03	2.944115E-18	1.615681E-18
9.879763E+03	2.945291E-18	1.615289E-18
9.879963E+03	2.943487E-18	1.614897E-18
9.880163E+03	2.944428E-18	1.614504E-18
9.880363E+03	2.950862E-18	1.614190E-18
9.880563E+03	2.955727E-18	1.612700E-18
9.880763E+03	2.957375E-18	1.613014E-18
9.880963E+03	2.954864E-18	1.614897E-18
9.881163E+03	2.950392E-18	1.621017E-18
9.881363E+03	2.952039E-18	1.631766E-18
9.881563E+03	2.958708E-18	1.635610E-18
9.881763E+03	2.963730E-18	1.634826E-18
9.881963E+03	2.967182E-18	1.636474E-18
9.882163E+03	2.972282E-18	1.638827E-18
9.882363E+03	2.976284E-18	1.631766E-18
9.882563E+03	2.977382E-18	1.625254E-18
9.882763E+03	2.978716E-18	1.629647E-18
9.882963E+03	2.982953E-18	1.627921E-18
9.883163E+03	2.986562E-18	1.626901E-18
9.883363E+03	2.986562E-18	1.630746E-18
9.883563E+03	2.987347E-18	1.630903E-18
9.883763E+03	2.989701E-18	1.629020E-18
9.883963E+03	2.987661E-18	1.626901E-18
9.884564E+03	2.985856E-18	1.623057E-18
9.884764E+03	2.992604E-18	1.617957E-18
9.884964E+03	2.996998E-18	1.617329E-18
9.885164E+03	2.998959E-18	1.619290E-18
9.885364E+03	3.006256E-18	1.621958E-18
9.885564E+03	3.013710E-18	1.623841E-18
9.885764E+03	3.015201E-18	1.623684E-18
9.885964E+03	3.015044E-18	1.624312E-18
9.886164E+03	3.018967E-18	1.630510E-18
9.886364E+03	3.025322E-18	1.627215E-18
9.886564E+03	3.029873E-18	1.615838E-18
9.886764E+03	3.033875E-18	1.615054E-18
9.886964E+03	3.037955E-18	1.618898E-18
9.887164E+03	3.041250E-18	1.622507E-18
9.887364E+03	3.042976E-18	1.623135E-18
9.887564E+03	3.046664E-18	1.623370E-18
9.887764E+03	3.051058E-18	1.621095E-18
9.887964E+03	3.054039E-18	1.620075E-18
9.888164E+03	3.058276E-18	1.618898E-18
9.888364E+03	3.061415E-18	1.620154E-18
9.888564E+03	3.063533E-18	1.624155E-18
9.888764E+03	3.064396E-18	1.622350E-18
9.888964E+03	3.064553E-18	1.623606E-18
9.889164E+03	3.064632E-18	1.621017E-18
9.889364E+03	3.065495E-18	1.615838E-18
9.889565E+03	3.068319E-18	1.604069E-18
9.889765E+03	3.071693E-18	1.584061E-18
9.889965E+03	3.071615E-18	1.573861E-18
9.890165E+03	3.072164E-18	1.577470E-18
9.890365E+03	3.077813E-18	1.575980E-18
9.890565E+03	3.083070E-18	1.573077E-18
9.890765E+03	3.083384E-18	1.575509E-18
9.890965E+03	3.079932E-18	1.572606E-18
9.891165E+03	3.076009E-18	1.569546E-18
9.891365E+03	3.072870E-18	1.569624E-18
9.891565E+03	3.071379E-18	1.572370E-18
9.891764E+03	3.070124E-18	1.570566E-18
9.891965E+03	3.067927E-18	1.557384E-18
9.892165E+03	3.062827E-18	1.553069E-18
9.892364E+03	3.063769E-18	1.566564E-18
9.892565E+03	3.068162E-18	1.575430E-18
9.892764E+03	3.068241E-18	1.571821E-18
9.892964E+03	3.071615E-18	1.571664E-18
9.893164E+03	3.078205E-18	1.572684E-18
9.893364E+03	3.078205E-18	1.567349E-18
9.893564E+03	3.075616E-18	1.557306E-18
9.893764E+03	3.076558E-18	1.557777E-18
9.893964E+03	3.075852E-18	1.556992E-18
9.894164E+03	3.075695E-18	1.556914E-18
9.894364E+03	3.080089E-18	1.558640E-18
9.894564E+03	3.083619E-18	1.562641E-18
9.894765E+03	3.087935E-18	1.565309E-18
9.894965E+03	3.096016E-18	1.565387E-18
9.897365E+03	3.102921E-18	1.567506E-18
9.897565E+03	3.107942E-18	1.567820E-18
9.897765E+03	3.108884E-18	1.568212E-18
9.897965E+03	3.108178E-18	1.575195E-18
9.898165E+03	3.109041E-18	1.587043E-18
9.898365E+03	3.112885E-18	1.591829E-18
9.898565E+03	3.116024E-18	1.592849E-18
9.898765E+03	3.115239E-18	1.594261E-18
9.898965E+03	3.112493E-18	1.600146E-18
9.899165E+03	3.108649E-18	1.587121E-18
9.899365E+03	3.107393E-18	1.568604E-18
9.899565E+03	3.112179E-18	1.548597E-18
9.899765E+03	3.118378E-18	1.543026E-18
9.899966E+03	3.127793E-18	1.551814E-18
9.900166E+03	3.130069E-18	1.537847E-18
9.900366E+03	3.129519E-18	1.504501E-18
9.900566E+03	3.129362E-18	1.494144E-18
9.901166E+03	3.129833E-18	1.493830E-18
9.901366E+03	3.127793E-18	1.486533E-18
