#wls	flux	fluxerr	mangling_mask
3.296228E+03	-1.679380E+01	3.508275E-01	1.649936E-01
3.296628E+03	-1.679258E+01	3.500355E-01	1.649930E-01
3.296828E+03	-1.679249E+01	3.503035E-01	1.649928E-01
3.297028E+03	-1.679240E+01	3.500691E-01	1.649925E-01
3.297428E+03	-1.679477E+01	3.519654E-01	1.649919E-01
3.297628E+03	-1.679874E+01	3.570139E-01	1.649916E-01
3.297828E+03	-1.680109E+01	3.591048E-01	1.649913E-01
3.298028E+03	-1.680463E+01	3.620366E-01	1.649910E-01
3.298428E+03	-1.680233E+01	3.603574E-01	1.649904E-01
3.299028E+03	-1.680107E+01	3.596484E-01	1.649895E-01
3.299228E+03	-1.680262E+01	3.599358E-01	1.649892E-01
3.300029E+03	-1.680046E+01	3.579890E-01	1.649880E-01
3.300428E+03	-1.680148E+01	3.566455E-01	1.649874E-01
3.301028E+03	-1.680058E+01	3.556245E-01	1.649866E-01
3.301628E+03	-1.680148E+01	3.545978E-01	1.649857E-01
3.301828E+03	-1.679967E+01	3.530852E-01	1.649854E-01
3.302428E+03	-1.680397E+01	3.563378E-01	1.649845E-01
3.302628E+03	-1.680128E+01	3.550329E-01	1.649842E-01
3.302828E+03	-1.679927E+01	3.529577E-01	1.649839E-01
3.303228E+03	-1.679988E+01	3.533849E-01	1.649833E-01
3.303628E+03	-1.680292E+01	3.558114E-01	1.649827E-01
3.303828E+03	-1.680253E+01	3.564007E-01	1.649824E-01
3.304028E+03	-1.680000E+01	3.536977E-01	1.649821E-01
3.304228E+03	-1.679877E+01	3.505060E-01	1.649818E-01
3.304428E+03	-1.680266E+01	3.550613E-01	1.649815E-01
3.304628E+03	-1.680070E+01	3.539791E-01	1.649813E-01
3.305028E+03	-1.680084E+01	3.538426E-01	1.649807E-01
3.305428E+03	-1.680104E+01	3.534257E-01	1.649801E-01
3.305629E+03	-1.680013E+01	3.529826E-01	1.649798E-01
3.305829E+03	-1.680272E+01	3.551306E-01	1.649795E-01
3.306629E+03	-1.680310E+01	3.552999E-01	1.649783E-01
3.307029E+03	-1.680143E+01	3.549460E-01	1.649777E-01
3.307229E+03	-1.679949E+01	3.537581E-01	1.649774E-01
3.307829E+03	-1.679939E+01	3.547400E-01	1.649765E-01
3.308029E+03	-1.679716E+01	3.531254E-01	1.649762E-01
3.308429E+03	-1.679508E+01	3.506986E-01	1.649757E-01
3.308629E+03	-1.679746E+01	3.535684E-01	1.649754E-01
3.309029E+03	-1.679552E+01	3.518998E-01	1.649748E-01
3.309229E+03	-1.679595E+01	3.522809E-01	1.649745E-01
3.309429E+03	-1.679599E+01	3.521739E-01	1.649742E-01
3.309629E+03	-1.679569E+01	3.519076E-01	1.649739E-01
3.309829E+03	-1.679619E+01	3.532754E-01	1.649736E-01
3.310029E+03	-1.679684E+01	3.559250E-01	1.649733E-01
3.310829E+03	-1.679605E+01	3.552729E-01	1.649721E-01
3.311230E+03	-1.679520E+01	3.574236E-01	1.649715E-01
3.311430E+03	-1.679469E+01	3.594470E-01	1.649712E-01
3.311630E+03	-1.679542E+01	3.595518E-01	1.649710E-01
3.311830E+03	-1.679552E+01	3.596698E-01	1.649707E-01
3.312030E+03	-1.679640E+01	3.573371E-01	1.649704E-01
3.312230E+03	-1.679706E+01	3.566735E-01	1.649701E-01
3.312430E+03	-1.679820E+01	3.580057E-01	1.649698E-01
3.312630E+03	-1.679860E+01	3.584274E-01	1.649695E-01
3.312829E+03	-1.679714E+01	3.579256E-01	1.649692E-01
3.313030E+03	-1.679565E+01	3.566888E-01	1.649689E-01
3.313229E+03	-1.679414E+01	3.554627E-01	1.649686E-01
3.313430E+03	-1.679422E+01	3.542611E-01	1.649683E-01
3.313629E+03	-1.679174E+01	3.509428E-01	1.649680E-01
3.314029E+03	-1.678928E+01	3.481666E-01	1.649674E-01
3.314229E+03	-1.678962E+01	3.487438E-01	1.649671E-01
3.315229E+03	-1.678993E+01	3.484045E-01	1.649657E-01
3.316029E+03	-1.678902E+01	3.482306E-01	1.649645E-01
3.316229E+03	-1.679062E+01	3.498422E-01	1.649642E-01
3.316429E+03	-1.678834E+01	3.483109E-01	1.649639E-01
3.316629E+03	-1.678740E+01	3.478125E-01	1.649636E-01
3.317230E+03	-1.678688E+01	3.478845E-01	1.649627E-01
3.317430E+03	-1.678855E+01	3.492987E-01	1.649624E-01
3.317630E+03	-1.678877E+01	3.495143E-01	1.649621E-01
3.318030E+03	-1.678851E+01	3.454011E-01	1.649616E-01
3.318430E+03	-1.678770E+01	3.450323E-01	1.649610E-01
3.318630E+03	-1.678851E+01	3.447358E-01	1.649607E-01
3.318830E+03	-1.678671E+01	3.419555E-01	1.649604E-01
3.319230E+03	-1.679045E+01	3.447020E-01	1.649598E-01
3.319630E+03	-1.679296E+01	3.460350E-01	1.649592E-01
3.320630E+03	-1.679313E+01	3.450019E-01	1.649577E-01
3.320830E+03	-1.679188E+01	3.432874E-01	1.649575E-01
3.321030E+03	-1.679157E+01	3.437915E-01	1.649572E-01
3.321230E+03	-1.679080E+01	3.428229E-01	1.649569E-01
3.322230E+03	-1.678955E+01	3.370235E-01	1.649554E-01
3.322431E+03	-1.678766E+01	3.361050E-01	1.649551E-01
3.323031E+03	-1.678775E+01	3.362184E-01	1.649542E-01
3.323231E+03	-1.678706E+01	3.359407E-01	1.649539E-01
3.324231E+03	-1.678835E+01	3.332123E-01	1.649525E-01
3.324430E+03	-1.678882E+01	3.342749E-01	1.649522E-01
3.325231E+03	-1.678715E+01	3.330716E-01	1.649510E-01
3.325430E+03	-1.678925E+01	3.345370E-01	1.649507E-01
3.325830E+03	-1.678986E+01	3.350573E-01	1.649501E-01
3.326030E+03	-1.678818E+01	3.332823E-01	1.649498E-01
3.326430E+03	-1.678895E+01	3.337339E-01	1.649493E-01
3.326830E+03	-1.679154E+01	3.352944E-01	1.649487E-01
3.327030E+03	-1.679420E+01	3.367689E-01	1.649484E-01
3.327230E+03	-1.679293E+01	3.352038E-01	1.649481E-01
3.327630E+03	-1.679497E+01	3.361828E-01	1.649475E-01
3.328231E+03	-1.679642E+01	3.367153E-01	1.649466E-01
3.328431E+03	-1.679694E+01	3.365598E-01	1.649463E-01
3.329831E+03	-1.679843E+01	3.370722E-01	1.649443E-01
3.330031E+03	-1.679976E+01	3.382411E-01	1.649440E-01
3.330231E+03	-1.679861E+01	3.368298E-01	1.649437E-01
3.330831E+03	-1.680155E+01	3.385243E-01	1.649428E-01
3.331031E+03	-1.679932E+01	3.361593E-01	1.649425E-01
3.331231E+03	-1.679878E+01	3.350114E-01	1.649422E-01
3.331631E+03	-1.680120E+01	3.365925E-01	1.649416E-01
3.331831E+03	-1.680240E+01	3.376905E-01	1.649414E-01
3.332631E+03	-1.680245E+01	3.369351E-01	1.649402E-01
3.332831E+03	-1.680199E+01	3.360565E-01	1.649399E-01
3.333031E+03	-1.680511E+01	3.384690E-01	1.649396E-01
3.333231E+03	-1.681004E+01	3.416906E-01	1.649393E-01
3.333832E+03	-1.680922E+01	3.406225E-01	1.649384E-01
3.334032E+03	-1.680875E+01	3.404106E-01	1.649381E-01
3.334432E+03	-1.681063E+01	3.417234E-01	1.649376E-01
3.334632E+03	-1.681183E+01	3.423778E-01	1.649373E-01
3.334832E+03	-1.681110E+01	3.413528E-01	1.649370E-01
3.335232E+03	-1.681209E+01	3.410996E-01	1.649364E-01
3.335432E+03	-1.681157E+01	3.421111E-01	1.649361E-01
3.336232E+03	-1.681120E+01	3.418958E-01	1.649349E-01
3.336432E+03	-1.681131E+01	3.410495E-01	1.649346E-01
3.336831E+03	-1.681026E+01	3.405398E-01	1.649341E-01
3.337231E+03	-1.680885E+01	3.394366E-01	1.649335E-01
3.337432E+03	-1.681245E+01	3.420421E-01	1.649332E-01
3.338031E+03	-1.681248E+01	3.426396E-01	1.649323E-01
3.338231E+03	-1.681278E+01	3.428360E-01	1.649320E-01
3.338831E+03	-1.681271E+01	3.380084E-01	1.649311E-01
3.339032E+03	-1.681143E+01	3.326582E-01	1.649308E-01
3.339232E+03	-1.681167E+01	3.290890E-01	1.649306E-01
3.339432E+03	-1.681202E+01	3.260742E-01	1.649303E-01
3.339632E+03	-1.681268E+01	3.244740E-01	1.649300E-01
3.339832E+03	-1.681268E+01	3.225751E-01	1.649297E-01
3.340032E+03	-1.681178E+01	3.200017E-01	1.649294E-01
3.340232E+03	-1.681190E+01	3.191191E-01	1.649291E-01
3.340432E+03	-1.681276E+01	3.187679E-01	1.649288E-01
3.340632E+03	-1.681270E+01	3.176140E-01	1.649285E-01
3.340832E+03	-1.681319E+01	3.173459E-01	1.649282E-01
3.341032E+03	-1.681717E+01	3.196850E-01	1.649279E-01
3.341232E+03	-1.681606E+01	3.183033E-01	1.649276E-01
3.341432E+03	-1.681715E+01	3.205483E-01	1.649274E-01
3.341632E+03	-1.681769E+01	3.218007E-01	1.649271E-01
3.342432E+03	-1.681736E+01	3.212557E-01	1.649259E-01
3.342632E+03	-1.681833E+01	3.218052E-01	1.649256E-01
3.342832E+03	-1.681904E+01	3.222768E-01	1.649253E-01
3.343432E+03	-1.681960E+01	3.228002E-01	1.649244E-01
3.344032E+03	-1.681785E+01	3.218624E-01	1.649236E-01
3.344432E+03	-1.681975E+01	3.233065E-01	1.649230E-01
3.345033E+03	-1.681997E+01	3.238279E-01	1.649221E-01
3.345233E+03	-1.681887E+01	3.229145E-01	1.649218E-01
3.345833E+03	-1.681823E+01	3.227471E-01	1.649209E-01
3.346033E+03	-1.681820E+01	3.223694E-01	1.649207E-01
3.346433E+03	-1.681683E+01	3.208959E-01	1.649201E-01
3.346633E+03	-1.681847E+01	3.221204E-01	1.649198E-01
3.347433E+03	-1.682207E+01	3.239241E-01	1.649186E-01
3.347633E+03	-1.682548E+01	3.252862E-01	1.649183E-01
3.347833E+03	-1.682945E+01	3.268846E-01	1.649180E-01
3.348033E+03	-1.682756E+01	3.254742E-01	1.649177E-01
3.348233E+03	-1.682832E+01	3.192191E-01	1.649175E-01
3.349032E+03	-1.682740E+01	3.183266E-01	1.649163E-01
3.349432E+03	-1.682943E+01	3.195654E-01	1.649157E-01
3.349633E+03	-1.683221E+01	3.204015E-01	1.649154E-01
3.350233E+03	-1.683220E+01	3.201667E-01	1.649146E-01
3.350433E+03	-1.683199E+01	3.199606E-01	1.649143E-01
3.350633E+03	-1.683291E+01	3.187578E-01	1.649140E-01
3.350833E+03	-1.683609E+01	3.186372E-01	1.649137E-01
3.351033E+03	-1.683582E+01	3.178423E-01	1.649134E-01
3.351233E+03	-1.683641E+01	3.174877E-01	1.649131E-01
3.351433E+03	-1.683503E+01	3.155027E-01	1.649128E-01
3.352033E+03	-1.683738E+01	3.165461E-01	1.649119E-01
3.352233E+03	-1.683761E+01	3.165447E-01	1.649116E-01
3.352633E+03	-1.683709E+01	3.148675E-01	1.649111E-01
3.352833E+03	-1.683809E+01	3.149435E-01	1.649108E-01
3.353033E+03	-1.684120E+01	3.171434E-01	1.649105E-01
3.353233E+03	-1.684283E+01	3.182832E-01	1.649102E-01
3.353433E+03	-1.684364E+01	3.188516E-01	1.649099E-01
3.353633E+03	-1.684759E+01	3.179479E-01	1.649096E-01
3.353833E+03	-1.684919E+01	3.098416E-01	1.649093E-01
3.354233E+03	-1.684926E+01	3.089911E-01	1.649087E-01
3.354833E+03	-1.684940E+01	3.093463E-01	1.649079E-01
3.355033E+03	-1.685065E+01	3.099974E-01	1.649076E-01
3.355233E+03	-1.685451E+01	3.125949E-01	1.649073E-01
3.355633E+03	-1.685949E+01	3.144006E-01	1.649067E-01
3.355834E+03	-1.685984E+01	3.136012E-01	1.649064E-01
3.356234E+03	-1.686062E+01	3.143558E-01	1.649058E-01
3.356634E+03	-1.685997E+01	3.136442E-01	1.649053E-01
3.357034E+03	-1.686120E+01	3.115411E-01	1.649047E-01
3.357234E+03	-1.686193E+01	3.100920E-01	1.649044E-01
3.357434E+03	-1.686162E+01	3.083219E-01	1.649041E-01
3.357634E+03	-1.686358E+01	3.092046E-01	1.649038E-01
3.358234E+03	-1.686376E+01	3.093281E-01	1.649029E-01
3.358434E+03	-1.686453E+01	3.099496E-01	1.649027E-01
3.358634E+03	-1.686642E+01	3.108757E-01	1.649024E-01
3.358834E+03	-1.686782E+01	3.054548E-01	1.649021E-01
3.359034E+03	-1.686939E+01	2.992687E-01	1.649018E-01
3.359434E+03	-1.686879E+01	2.992655E-01	1.649012E-01
3.359634E+03	-1.686883E+01	2.997638E-01	1.649009E-01
3.359834E+03	-1.686819E+01	2.990750E-01	1.649006E-01
3.360434E+03	-1.686839E+01	2.981355E-01	1.648998E-01
3.360634E+03	-1.686840E+01	2.981528E-01	1.648995E-01
3.360834E+03	-1.686800E+01	2.975641E-01	1.648992E-01
3.361034E+03	-1.686841E+01	2.987960E-01	1.648989E-01
3.361235E+03	-1.686913E+01	3.007922E-01	1.648986E-01
3.361434E+03	-1.686910E+01	2.930981E-01	1.648983E-01
3.361635E+03	-1.687093E+01	2.949500E-01	1.648980E-01
3.361834E+03	-1.687174E+01	2.955024E-01	1.648977E-01
3.362034E+03	-1.687450E+01	2.969826E-01	1.648974E-01
3.362434E+03	-1.687655E+01	2.989592E-01	1.648969E-01
3.362634E+03	-1.687671E+01	2.974342E-01	1.648966E-01
3.362834E+03	-1.687793E+01	2.981543E-01	1.648963E-01
3.363234E+03	-1.687834E+01	2.980128E-01	1.648957E-01
3.363434E+03	-1.688024E+01	2.994812E-01	1.648954E-01
3.363634E+03	-1.687983E+01	3.007465E-01	1.648951E-01
3.363834E+03	-1.688335E+01	3.038844E-01	1.648948E-01
3.364034E+03	-1.688632E+01	3.060865E-01	1.648945E-01
3.364434E+03	-1.689013E+01	3.060029E-01	1.648940E-01
3.365034E+03	-1.688891E+01	3.056647E-01	1.648931E-01
3.365234E+03	-1.688978E+01	3.062137E-01	1.648928E-01
3.365434E+03	-1.688968E+01	3.052852E-01	1.648925E-01
3.365634E+03	-1.689287E+01	3.078278E-01	1.648922E-01
3.365834E+03	-1.689718E+01	3.089088E-01	1.648919E-01
3.366034E+03	-1.689818E+01	3.061877E-01	1.648916E-01
3.366835E+03	-1.689988E+01	3.075934E-01	1.648904E-01
3.367035E+03	-1.690101E+01	3.088933E-01	1.648901E-01
3.367235E+03	-1.690263E+01	3.101211E-01	1.648898E-01
3.367435E+03	-1.690168E+01	3.092684E-01	1.648895E-01
3.367635E+03	-1.690297E+01	3.102096E-01	1.648892E-01
3.368035E+03	-1.690340E+01	3.105379E-01	1.648886E-01
3.368235E+03	-1.690510E+01	3.115984E-01	1.648883E-01
3.368435E+03	-1.690897E+01	3.134328E-01	1.648880E-01
3.369235E+03	-1.691015E+01	3.131666E-01	1.648868E-01
3.369435E+03	-1.691312E+01	3.154804E-01	1.648865E-01
3.369635E+03	-1.691337E+01	3.118433E-01	1.648862E-01
3.369835E+03	-1.691455E+01	3.122042E-01	1.648860E-01
3.370035E+03	-1.691501E+01	3.112407E-01	1.648857E-01
3.370235E+03	-1.691597E+01	3.110030E-01	1.648854E-01
3.370435E+03	-1.691724E+01	3.111215E-01	1.648851E-01
3.370635E+03	-1.691863E+01	3.121039E-01	1.648848E-01
3.370835E+03	-1.691950E+01	3.126150E-01	1.648845E-01
3.371035E+03	-1.692094E+01	3.133033E-01	1.648842E-01
3.371235E+03	-1.692087E+01	3.114327E-01	1.648839E-01
3.371835E+03	-1.692086E+01	3.086288E-01	1.648830E-01
3.372436E+03	-1.692098E+01	3.086783E-01	1.648821E-01
3.373035E+03	-1.692126E+01	3.068713E-01	1.648812E-01
3.373235E+03	-1.692160E+01	3.054078E-01	1.648809E-01
3.373635E+03	-1.692200E+01	3.056168E-01	1.648803E-01
3.374235E+03	-1.692244E+01	3.060168E-01	1.648794E-01
3.374635E+03	-1.692295E+01	3.065508E-01	1.648788E-01
3.374835E+03	-1.692356E+01	3.063775E-01	1.648785E-01
3.375035E+03	-1.692436E+01	3.076311E-01	1.648782E-01
3.375435E+03	-1.692532E+01	3.080295E-01	1.648776E-01
3.375635E+03	-1.692613E+01	3.055291E-01	1.648773E-01
3.376235E+03	-1.692721E+01	2.965402E-01	1.648764E-01
3.376435E+03	-1.692853E+01	2.956572E-01	1.648761E-01
3.377035E+03	-1.692963E+01	2.964052E-01	1.648752E-01
3.378236E+03	-1.693090E+01	2.962645E-01	1.648734E-01
3.378436E+03	-1.693032E+01	2.957400E-01	1.648731E-01
3.378836E+03	-1.693019E+01	2.948897E-01	1.648726E-01
3.379036E+03	-1.693064E+01	2.931927E-01	1.648723E-01
3.379236E+03	-1.693171E+01	2.922827E-01	1.648720E-01
3.379436E+03	-1.693343E+01	2.875565E-01	1.648717E-01
3.380036E+03	-1.693437E+01	2.876543E-01	1.648708E-01
3.380236E+03	-1.693499E+01	2.874091E-01	1.648705E-01
3.380836E+03	-1.693639E+01	2.864392E-01	1.648696E-01
3.381036E+03	-1.693620E+01	2.862757E-01	1.648693E-01
3.381436E+03	-1.693745E+01	2.879474E-01	1.648687E-01
3.381636E+03	-1.693894E+01	2.885649E-01	1.648684E-01
3.381836E+03	-1.694106E+01	2.900784E-01	1.648681E-01
3.382236E+03	-1.694220E+01	2.860185E-01	1.648675E-01
3.382436E+03	-1.694250E+01	2.795782E-01	1.648672E-01
3.382636E+03	-1.694488E+01	2.811476E-01	1.648669E-01
3.383036E+03	-1.694710E+01	2.718406E-01	1.648663E-01
3.383236E+03	-1.694922E+01	2.639404E-01	1.648660E-01
3.384037E+03	-1.694870E+01	2.630813E-01	1.648648E-01
3.384237E+03	-1.694884E+01	2.633316E-01	1.648645E-01
3.384437E+03	-1.694845E+01	2.631319E-01	1.648642E-01
3.384637E+03	-1.694985E+01	2.636504E-01	1.648639E-01
3.384837E+03	-1.695144E+01	2.642611E-01	1.648636E-01
3.385037E+03	-1.695365E+01	2.642448E-01	1.648633E-01
3.385236E+03	-1.695281E+01	2.618321E-01	1.648630E-01
3.385436E+03	-1.695277E+01	2.623857E-01	1.648628E-01
3.386037E+03	-1.695349E+01	2.626108E-01	1.648619E-01
3.386236E+03	-1.695339E+01	2.626881E-01	1.648616E-01
3.386636E+03	-1.695345E+01	2.626257E-01	1.648610E-01
3.386836E+03	-1.695652E+01	2.638900E-01	1.648607E-01
3.387036E+03	-1.695847E+01	2.645281E-01	1.648604E-01
3.387836E+03	-1.695912E+01	2.658128E-01	1.648592E-01
3.388036E+03	-1.696042E+01	2.627901E-01	1.648589E-01
3.388636E+03	-1.696027E+01	2.630520E-01	1.648580E-01
3.389237E+03	-1.696148E+01	2.678033E-01	1.648571E-01
3.389437E+03	-1.696228E+01	2.683288E-01	1.648568E-01
3.389837E+03	-1.696208E+01	2.697654E-01	1.648562E-01
3.390037E+03	-1.696287E+01	2.703193E-01	1.648559E-01
3.391037E+03	-1.696252E+01	2.699102E-01	1.648544E-01
3.391437E+03	-1.696516E+01	2.721664E-01	1.648539E-01
3.391637E+03	-1.696549E+01	2.711236E-01	1.648536E-01
3.392237E+03	-1.696517E+01	2.702433E-01	1.648527E-01
3.392437E+03	-1.696651E+01	2.693434E-01	1.648524E-01
3.392837E+03	-1.696619E+01	2.684002E-01	1.648518E-01
3.393037E+03	-1.696588E+01	2.685766E-01	1.648515E-01
3.393437E+03	-1.696511E+01	2.687983E-01	1.648509E-01
3.393637E+03	-1.696614E+01	2.689665E-01	1.648506E-01
3.394037E+03	-1.696638E+01	2.662578E-01	1.648500E-01
3.394237E+03	-1.696588E+01	2.645586E-01	1.648497E-01
3.394638E+03	-1.696483E+01	2.637349E-01	1.648491E-01
3.394838E+03	-1.696381E+01	2.612359E-01	1.648488E-01
3.395238E+03	-1.696257E+01	2.590853E-01	1.648482E-01
3.395638E+03	-1.696131E+01	2.576573E-01	1.648476E-01
3.395838E+03	-1.696021E+01	2.568924E-01	1.648473E-01
3.396038E+03	-1.695917E+01	2.550489E-01	1.648470E-01
3.396238E+03	-1.695886E+01	2.556030E-01	1.648468E-01
3.396438E+03	-1.695737E+01	2.546678E-01	1.648465E-01
3.396838E+03	-1.695781E+01	2.535491E-01	1.648459E-01
3.397038E+03	-1.695839E+01	2.577188E-01	1.648456E-01
3.397238E+03	-1.695737E+01	2.571203E-01	1.648453E-01
3.397438E+03	-1.695850E+01	2.587666E-01	1.648450E-01
3.397838E+03	-1.695669E+01	2.586477E-01	1.648444E-01
3.398037E+03	-1.695656E+01	2.609255E-01	1.648441E-01
3.398238E+03	-1.695588E+01	2.610145E-01	1.648438E-01
3.398437E+03	-1.695484E+01	2.611305E-01	1.648435E-01
3.398837E+03	-1.695517E+01	2.610189E-01	1.648429E-01
3.399037E+03	-1.695413E+01	2.603644E-01	1.648426E-01
3.400038E+03	-1.695265E+01	2.583099E-01	1.648411E-01
3.400238E+03	-1.695338E+01	2.586021E-01	1.648408E-01
3.400438E+03	-1.695456E+01	2.603465E-01	1.648405E-01
3.400638E+03	-1.695522E+01	2.611839E-01	1.648402E-01
3.400838E+03	-1.695495E+01	2.611596E-01	1.648400E-01
3.401238E+03	-1.695456E+01	2.601327E-01	1.648394E-01
3.401438E+03	-1.695421E+01	2.589892E-01	1.648391E-01
3.401638E+03	-1.695571E+01	2.603787E-01	1.648388E-01
3.401838E+03	-1.695524E+01	2.589968E-01	1.648385E-01
3.402038E+03	-1.695279E+01	2.555042E-01	1.648382E-01
3.402638E+03	-1.695402E+01	2.555752E-01	1.648373E-01
3.402838E+03	-1.695383E+01	2.534928E-01	1.648370E-01
3.403038E+03	-1.695440E+01	2.520978E-01	1.648367E-01
3.403238E+03	-1.695612E+01	2.506111E-01	1.648364E-01
3.403838E+03	-1.695814E+01	2.516733E-01	1.648355E-01
3.404238E+03	-1.695800E+01	2.506453E-01	1.648349E-01
3.404438E+03	-1.695701E+01	2.504073E-01	1.648346E-01
3.404638E+03	-1.695740E+01	2.462401E-01	1.648343E-01
3.404838E+03	-1.695652E+01	2.458081E-01	1.648340E-01
3.405038E+03	-1.695654E+01	2.460878E-01	1.648338E-01
3.405238E+03	-1.695619E+01	2.454708E-01	1.648335E-01
3.406439E+03	-1.695651E+01	2.463127E-01	1.648317E-01
3.406639E+03	-1.695565E+01	2.496221E-01	1.648314E-01
3.407239E+03	-1.695488E+01	2.465435E-01	1.648305E-01
3.407439E+03	-1.695464E+01	2.505811E-01	1.648302E-01
3.407639E+03	-1.695341E+01	2.496119E-01	1.648299E-01
3.407839E+03	-1.695132E+01	2.482477E-01	1.648296E-01
3.408039E+03	-1.695262E+01	2.500628E-01	1.648293E-01
3.408239E+03	-1.695363E+01	2.510650E-01	1.648290E-01
3.408439E+03	-1.695548E+01	2.526630E-01	1.648287E-01
3.408839E+03	-1.695557E+01	2.526954E-01	1.648282E-01
3.409039E+03	-1.695427E+01	2.521558E-01	1.648279E-01
3.409238E+03	-1.695480E+01	2.517516E-01	1.648276E-01
3.409439E+03	-1.695568E+01	2.553305E-01	1.648273E-01
3.409639E+03	-1.695542E+01	2.552983E-01	1.648270E-01
3.409838E+03	-1.695592E+01	2.563926E-01	1.648267E-01
3.410039E+03	-1.695681E+01	2.576142E-01	1.648264E-01
3.410238E+03	-1.695583E+01	2.583211E-01	1.648261E-01
3.410638E+03	-1.695798E+01	2.563917E-01	1.648255E-01
3.410838E+03	-1.695810E+01	2.569168E-01	1.648252E-01
3.411239E+03	-1.696008E+01	2.585537E-01	1.648246E-01
3.411439E+03	-1.695886E+01	2.576752E-01	1.648243E-01
3.411639E+03	-1.695778E+01	2.570424E-01	1.648240E-01
3.411839E+03	-1.695638E+01	2.557742E-01	1.648237E-01
3.412039E+03	-1.695618E+01	2.557815E-01	1.648234E-01
3.412239E+03	-1.695669E+01	2.565407E-01	1.648231E-01
3.412439E+03	-1.695580E+01	2.552080E-01	1.648228E-01
3.412639E+03	-1.695527E+01	2.547622E-01	1.648226E-01
3.412839E+03	-1.695436E+01	2.534793E-01	1.648223E-01
3.413039E+03	-1.695412E+01	2.561385E-01	1.648220E-01
3.413439E+03	-1.695167E+01	2.545765E-01	1.648214E-01
3.413639E+03	-1.695126E+01	2.534139E-01	1.648211E-01
3.414239E+03	-1.695028E+01	2.532544E-01	1.648202E-01
3.414639E+03	-1.695025E+01	2.533421E-01	1.648196E-01
3.414839E+03	-1.694974E+01	2.555548E-01	1.648193E-01
3.415039E+03	-1.695001E+01	2.557123E-01	1.648190E-01
3.415239E+03	-1.694891E+01	2.553757E-01	1.648187E-01
3.415439E+03	-1.694971E+01	2.567928E-01	1.648184E-01
3.415639E+03	-1.694942E+01	2.581677E-01	1.648181E-01
3.415839E+03	-1.695062E+01	2.620762E-01	1.648178E-01
3.416039E+03	-1.694979E+01	2.654834E-01	1.648176E-01
3.416239E+03	-1.695008E+01	2.678121E-01	1.648173E-01
3.416640E+03	-1.694893E+01	2.677681E-01	1.648167E-01
3.416840E+03	-1.695050E+01	2.688959E-01	1.648164E-01
3.417440E+03	-1.695204E+01	2.706360E-01	1.648155E-01
3.417640E+03	-1.695214E+01	2.707961E-01	1.648152E-01
3.418240E+03	-1.695103E+01	2.715073E-01	1.648143E-01
3.418440E+03	-1.695084E+01	2.720038E-01	1.648140E-01
3.418840E+03	-1.695003E+01	2.722626E-01	1.648134E-01
3.419040E+03	-1.695032E+01	2.729030E-01	1.648131E-01
3.419440E+03	-1.694850E+01	2.717899E-01	1.648126E-01
3.419640E+03	-1.694687E+01	2.708285E-01	1.648123E-01
3.419840E+03	-1.694502E+01	2.700551E-01	1.648120E-01
3.420240E+03	-1.694469E+01	2.743588E-01	1.648114E-01
3.420640E+03	-1.694247E+01	2.729991E-01	1.648108E-01
3.421240E+03	-1.694133E+01	2.750211E-01	1.648099E-01
3.421439E+03	-1.694092E+01	2.761825E-01	1.648096E-01
3.421640E+03	-1.693962E+01	2.767874E-01	1.648093E-01
3.422039E+03	-1.693896E+01	2.758706E-01	1.648087E-01
3.422240E+03	-1.693841E+01	2.752212E-01	1.648084E-01
3.422840E+03	-1.693758E+01	2.746984E-01	1.648076E-01
3.423040E+03	-1.693657E+01	2.740407E-01	1.648073E-01
3.424040E+03	-1.693847E+01	2.755164E-01	1.648058E-01
3.424240E+03	-1.693838E+01	2.751051E-01	1.648055E-01
3.424440E+03	-1.693569E+01	2.736869E-01	1.648052E-01
3.425040E+03	-1.693723E+01	2.744805E-01	1.648043E-01
3.425240E+03	-1.693826E+01	2.750344E-01	1.648040E-01
3.425640E+03	-1.693875E+01	2.743146E-01	1.648035E-01
3.425840E+03	-1.693708E+01	2.733037E-01	1.648032E-01
3.426240E+03	-1.693547E+01	2.718373E-01	1.648026E-01
3.426440E+03	-1.693595E+01	2.721631E-01	1.648023E-01
3.426640E+03	-1.693657E+01	2.723172E-01	1.648020E-01
3.426840E+03	-1.693959E+01	2.730031E-01	1.648017E-01
3.427040E+03	-1.693801E+01	2.712978E-01	1.648014E-01
3.427240E+03	-1.693816E+01	2.705363E-01	1.648011E-01
3.427640E+03	-1.693845E+01	2.706955E-01	1.648005E-01
3.428041E+03	-1.694090E+01	2.720496E-01	1.647999E-01
3.428241E+03	-1.694106E+01	2.721732E-01	1.647996E-01
3.428441E+03	-1.694072E+01	2.720143E-01	1.647994E-01
3.428841E+03	-1.694163E+01	2.694745E-01	1.647988E-01
3.429241E+03	-1.693962E+01	2.655531E-01	1.647982E-01
3.429441E+03	-1.693873E+01	2.651451E-01	1.647979E-01
3.429641E+03	-1.693739E+01	2.635436E-01	1.647976E-01
3.430041E+03	-1.693701E+01	2.634214E-01	1.647970E-01
3.430241E+03	-1.693656E+01	2.631711E-01	1.647967E-01
3.430841E+03	-1.693507E+01	2.616217E-01	1.647958E-01
3.431041E+03	-1.693409E+01	2.677099E-01	1.647955E-01
3.431641E+03	-1.693358E+01	2.675698E-01	1.647947E-01
3.432041E+03	-1.693252E+01	2.674462E-01	1.647941E-01
3.432241E+03	-1.693101E+01	2.668160E-01	1.647938E-01
3.432441E+03	-1.692977E+01	2.644198E-01	1.647935E-01
3.432641E+03	-1.692876E+01	2.641916E-01	1.647932E-01
3.432841E+03	-1.692681E+01	2.630463E-01	1.647929E-01
3.433242E+03	-1.692591E+01	2.636370E-01	1.647923E-01
3.433441E+03	-1.692503E+01	2.637424E-01	1.647920E-01
3.433841E+03	-1.692210E+01	2.634819E-01	1.647914E-01
3.434041E+03	-1.691983E+01	2.618376E-01	1.647912E-01
3.434641E+03	-1.691835E+01	2.605107E-01	1.647903E-01
3.434841E+03	-1.691688E+01	2.643086E-01	1.647900E-01
3.435441E+03	-1.691471E+01	2.631356E-01	1.647891E-01
3.435641E+03	-1.691298E+01	2.623585E-01	1.647888E-01
3.435841E+03	-1.691135E+01	2.622881E-01	1.647885E-01
3.436041E+03	-1.690967E+01	2.617314E-01	1.647882E-01
3.436641E+03	-1.690936E+01	2.621136E-01	1.647874E-01
3.437041E+03	-1.690706E+01	2.604154E-01	1.647868E-01
3.437441E+03	-1.690450E+01	2.602539E-01	1.647862E-01
3.437641E+03	-1.690311E+01	2.596773E-01	1.647859E-01
3.437841E+03	-1.690163E+01	2.599109E-01	1.647856E-01
3.438441E+03	-1.690097E+01	2.588290E-01	1.647847E-01
3.439242E+03	-1.689925E+01	2.578338E-01	1.647836E-01
3.439842E+03	-1.689912E+01	2.571184E-01	1.647827E-01
3.440042E+03	-1.689738E+01	2.558973E-01	1.647824E-01
3.440642E+03	-1.689594E+01	2.550051E-01	1.647815E-01
3.440842E+03	-1.689409E+01	2.536161E-01	1.647812E-01
3.441042E+03	-1.689098E+01	2.519111E-01	1.647809E-01
3.441442E+03	-1.689213E+01	2.532041E-01	1.647803E-01
3.441642E+03	-1.689321E+01	2.538203E-01	1.647800E-01
3.442042E+03	-1.689335E+01	2.576502E-01	1.647795E-01
3.442242E+03	-1.689436E+01	2.583573E-01	1.647792E-01
3.442442E+03	-1.689563E+01	2.593325E-01	1.647789E-01
3.442642E+03	-1.689685E+01	2.609511E-01	1.647786E-01
3.443442E+03	-1.689706E+01	2.611099E-01	1.647774E-01
3.443642E+03	-1.689649E+01	2.641493E-01	1.647771E-01
3.444843E+03	-1.689574E+01	2.636676E-01	1.647753E-01
3.445243E+03	-1.689657E+01	2.648323E-01	1.647747E-01
3.445443E+03	-1.689709E+01	2.654863E-01	1.647744E-01
3.445642E+03	-1.689745E+01	2.664455E-01	1.647741E-01
3.445843E+03	-1.689811E+01	2.666112E-01	1.647738E-01
3.446043E+03	-1.689849E+01	2.669061E-01	1.647735E-01
3.446242E+03	-1.689888E+01	2.670611E-01	1.647732E-01
3.446642E+03	-1.689961E+01	2.677624E-01	1.647726E-01
3.447442E+03	-1.689878E+01	2.690573E-01	1.647714E-01
3.447642E+03	-1.689816E+01	2.695708E-01	1.647711E-01
3.447842E+03	-1.689756E+01	2.696885E-01	1.647708E-01
3.448042E+03	-1.689685E+01	2.698345E-01	1.647705E-01
3.448242E+03	-1.689709E+01	2.704224E-01	1.647702E-01
3.448442E+03	-1.689724E+01	2.723978E-01	1.647699E-01
3.448642E+03	-1.689596E+01	2.715364E-01	1.647696E-01
3.448842E+03	-1.689519E+01	2.715883E-01	1.647693E-01
3.449442E+03	-1.689436E+01	2.734384E-01	1.647684E-01
3.449642E+03	-1.689283E+01	2.725947E-01	1.647681E-01
3.449843E+03	-1.689206E+01	2.721801E-01	1.647678E-01
3.450043E+03	-1.689096E+01	2.733935E-01	1.647675E-01
3.450243E+03	-1.688938E+01	2.721281E-01	1.647672E-01
3.450443E+03	-1.688845E+01	2.715839E-01	1.647669E-01
3.450843E+03	-1.688855E+01	2.721039E-01	1.647663E-01
3.451243E+03	-1.689102E+01	2.793363E-01	1.647657E-01
3.451643E+03	-1.689156E+01	2.801851E-01	1.647651E-01
3.451843E+03	-1.689117E+01	2.798764E-01	1.647648E-01
3.452043E+03	-1.689023E+01	2.792195E-01	1.647645E-01
3.452243E+03	-1.689071E+01	2.815966E-01	1.647642E-01
3.453043E+03	-1.689100E+01	2.846189E-01	1.647630E-01
3.453243E+03	-1.689232E+01	2.851943E-01	1.647627E-01
3.453443E+03	-1.689384E+01	2.880679E-01	1.647624E-01
3.453843E+03	-1.689467E+01	2.884559E-01	1.647618E-01
3.454043E+03	-1.689391E+01	2.879273E-01	1.647615E-01
3.454243E+03	-1.689303E+01	2.873302E-01	1.647612E-01
3.455043E+03	-1.689370E+01	2.915412E-01	1.647600E-01
3.455243E+03	-1.689265E+01	2.903930E-01	1.647597E-01
3.455444E+03	-1.689259E+01	2.904838E-01	1.647594E-01
3.455844E+03	-1.689293E+01	2.905719E-01	1.647588E-01
3.456644E+03	-1.689259E+01	2.900858E-01	1.647576E-01
3.456844E+03	-1.689232E+01	2.898693E-01	1.647573E-01
3.457044E+03	-1.689223E+01	2.898075E-01	1.647570E-01
3.457644E+03	-1.689297E+01	2.893768E-01	1.647561E-01
3.457843E+03	-1.689508E+01	2.907506E-01	1.647558E-01
3.458244E+03	-1.689415E+01	2.892798E-01	1.647552E-01
3.458443E+03	-1.689415E+01	2.864874E-01	1.647549E-01
3.459243E+03	-1.689213E+01	2.849040E-01	1.647537E-01
3.459443E+03	-1.689141E+01	2.830067E-01	1.647534E-01
3.460844E+03	-1.688993E+01	2.820013E-01	1.647513E-01
3.461044E+03	-1.689018E+01	2.825083E-01	1.647510E-01
3.461244E+03	-1.688971E+01	2.819472E-01	1.647507E-01
3.461444E+03	-1.688912E+01	2.813933E-01	1.647504E-01
3.462644E+03	-1.689000E+01	2.825944E-01	1.647486E-01
3.462844E+03	-1.689083E+01	2.835368E-01	1.647483E-01
3.463044E+03	-1.689109E+01	2.837035E-01	1.647480E-01
3.463244E+03	-1.688965E+01	2.863239E-01	1.647477E-01
3.463444E+03	-1.688875E+01	2.853974E-01	1.647474E-01
3.463644E+03	-1.688746E+01	2.848601E-01	1.647471E-01
3.463844E+03	-1.688712E+01	2.852783E-01	1.647468E-01
3.464444E+03	-1.688910E+01	2.865948E-01	1.647459E-01
3.464644E+03	-1.689176E+01	2.879280E-01	1.647456E-01
3.465044E+03	-1.689072E+01	2.879789E-01	1.647450E-01
3.465244E+03	-1.689001E+01	2.875479E-01	1.647447E-01
3.465444E+03	-1.689042E+01	2.880812E-01	1.647444E-01
3.465844E+03	-1.688906E+01	2.875162E-01	1.647438E-01
3.466044E+03	-1.688848E+01	2.865504E-01	1.647435E-01
3.466445E+03	-1.688802E+01	2.855734E-01	1.647429E-01
3.466645E+03	-1.688677E+01	2.850881E-01	1.647426E-01
3.466845E+03	-1.688592E+01	2.844024E-01	1.647423E-01
3.467045E+03	-1.688773E+01	2.834645E-01	1.647420E-01
3.467445E+03	-1.688741E+01	2.837904E-01	1.647414E-01
3.467645E+03	-1.688681E+01	2.825502E-01	1.647411E-01
3.467845E+03	-1.688697E+01	2.831253E-01	1.647408E-01
3.468445E+03	-1.688639E+01	2.819246E-01	1.647399E-01
3.468645E+03	-1.688488E+01	2.808317E-01	1.647396E-01
3.469245E+03	-1.688465E+01	2.803563E-01	1.647387E-01
3.469845E+03	-1.688361E+01	2.809691E-01	1.647378E-01
3.470044E+03	-1.688292E+01	2.843151E-01	1.647375E-01
3.470244E+03	-1.688241E+01	2.842645E-01	1.647372E-01
3.470445E+03	-1.688211E+01	2.839896E-01	1.647369E-01
3.470845E+03	-1.688218E+01	2.831441E-01	1.647363E-01
3.471044E+03	-1.688349E+01	2.835698E-01	1.647360E-01
3.471444E+03	-1.688247E+01	2.829641E-01	1.647354E-01
3.471644E+03	-1.688263E+01	2.854500E-01	1.647351E-01
3.472045E+03	-1.688190E+01	2.843930E-01	1.647345E-01
3.472245E+03	-1.688151E+01	2.839602E-01	1.647342E-01
3.472445E+03	-1.688221E+01	2.847052E-01	1.647339E-01
3.472645E+03	-1.688379E+01	2.857632E-01	1.647336E-01
3.472845E+03	-1.688377E+01	2.864543E-01	1.647334E-01
3.473045E+03	-1.688393E+01	2.870945E-01	1.647331E-01
3.473445E+03	-1.688359E+01	2.867831E-01	1.647325E-01
3.473645E+03	-1.688298E+01	2.867870E-01	1.647322E-01
3.473845E+03	-1.688288E+01	2.881809E-01	1.647319E-01
3.474045E+03	-1.688228E+01	2.881490E-01	1.647316E-01
3.474845E+03	-1.688136E+01	2.873001E-01	1.647304E-01
3.475245E+03	-1.688158E+01	2.872211E-01	1.647298E-01
3.475445E+03	-1.688115E+01	2.876995E-01	1.647295E-01
3.475645E+03	-1.688166E+01	2.874900E-01	1.647292E-01
3.475845E+03	-1.688227E+01	2.870257E-01	1.647289E-01
3.476045E+03	-1.688296E+01	2.866681E-01	1.647286E-01
3.476245E+03	-1.688167E+01	2.831926E-01	1.647283E-01
3.476445E+03	-1.688111E+01	2.820344E-01	1.647280E-01
3.476645E+03	-1.688007E+01	2.780584E-01	1.647277E-01
3.476845E+03	-1.687937E+01	2.779942E-01	1.647274E-01
3.477446E+03	-1.687908E+01	2.779666E-01	1.647265E-01
3.477846E+03	-1.687864E+01	2.778551E-01	1.647259E-01
3.478046E+03	-1.687815E+01	2.774042E-01	1.647256E-01
3.478246E+03	-1.687962E+01	2.772644E-01	1.647253E-01
3.478446E+03	-1.688038E+01	2.778013E-01	1.647250E-01
3.478646E+03	-1.688161E+01	2.784041E-01	1.647247E-01
3.478846E+03	-1.688120E+01	2.778871E-01	1.647244E-01
3.479246E+03	-1.688198E+01	2.761477E-01	1.647238E-01
3.479446E+03	-1.688281E+01	2.766357E-01	1.647235E-01
3.480046E+03	-1.688295E+01	2.756630E-01	1.647226E-01
3.480246E+03	-1.688211E+01	2.744268E-01	1.647223E-01
3.480446E+03	-1.688142E+01	2.730180E-01	1.647220E-01
3.480646E+03	-1.688095E+01	2.722202E-01	1.647217E-01
3.480846E+03	-1.688265E+01	2.716658E-01	1.647214E-01
3.481046E+03	-1.688464E+01	2.726772E-01	1.647211E-01
3.481246E+03	-1.688374E+01	2.727034E-01	1.647208E-01
3.481646E+03	-1.688407E+01	2.740127E-01	1.647202E-01
3.481845E+03	-1.688290E+01	2.738518E-01	1.647199E-01
3.482445E+03	-1.688360E+01	2.746366E-01	1.647190E-01
3.482646E+03	-1.688297E+01	2.759964E-01	1.647187E-01
3.482847E+03	-1.688197E+01	2.762918E-01	1.647185E-01
3.483246E+03	-1.688312E+01	2.770908E-01	1.647179E-01
3.483446E+03	-1.688455E+01	2.780487E-01	1.647176E-01
3.484046E+03	-1.688595E+01	2.778954E-01	1.647167E-01
3.484246E+03	-1.688594E+01	2.778705E-01	1.647164E-01
3.484846E+03	-1.688424E+01	2.767698E-01	1.647155E-01
3.485046E+03	-1.688407E+01	2.765432E-01	1.647152E-01
3.485446E+03	-1.688415E+01	2.791893E-01	1.647146E-01
3.485646E+03	-1.688461E+01	2.779847E-01	1.647143E-01
3.485846E+03	-1.688551E+01	2.785990E-01	1.647140E-01
3.486046E+03	-1.688771E+01	2.807518E-01	1.647137E-01
3.486446E+03	-1.689004E+01	2.815411E-01	1.647131E-01
3.486846E+03	-1.689031E+01	2.821344E-01	1.647125E-01
3.487046E+03	-1.689213E+01	2.825917E-01	1.647122E-01
3.487246E+03	-1.689373E+01	2.819102E-01	1.647119E-01
3.487446E+03	-1.689379E+01	2.806501E-01	1.647116E-01
3.488046E+03	-1.689507E+01	2.818136E-01	1.647107E-01
3.488246E+03	-1.689507E+01	2.816785E-01	1.647104E-01
3.488447E+03	-1.689463E+01	2.807425E-01	1.647101E-01
3.488847E+03	-1.689473E+01	2.807405E-01	1.647095E-01
3.489047E+03	-1.689375E+01	2.799276E-01	1.647092E-01
3.489247E+03	-1.689294E+01	2.791780E-01	1.647089E-01
3.489647E+03	-1.689387E+01	2.791030E-01	1.647083E-01
3.490047E+03	-1.689522E+01	2.797378E-01	1.647078E-01
3.490247E+03	-1.689477E+01	2.797333E-01	1.647075E-01
3.490847E+03	-1.689516E+01	2.802638E-01	1.647066E-01
3.491247E+03	-1.689659E+01	2.812493E-01	1.647060E-01
3.491447E+03	-1.689704E+01	2.785182E-01	1.647057E-01
3.491647E+03	-1.689740E+01	2.789665E-01	1.647054E-01
3.491847E+03	-1.689907E+01	2.780977E-01	1.647051E-01
3.492247E+03	-1.689912E+01	2.771797E-01	1.647045E-01
3.492447E+03	-1.689968E+01	2.762715E-01	1.647042E-01
3.492647E+03	-1.689960E+01	2.764181E-01	1.647039E-01
3.492847E+03	-1.689970E+01	2.768896E-01	1.647036E-01
3.493047E+03	-1.689945E+01	2.771295E-01	1.647033E-01
3.493247E+03	-1.690060E+01	2.777463E-01	1.647030E-01
3.494048E+03	-1.690005E+01	2.771235E-01	1.647018E-01
3.494247E+03	-1.690028E+01	2.781196E-01	1.647015E-01
3.494448E+03	-1.690184E+01	2.794280E-01	1.647012E-01
3.494847E+03	-1.690173E+01	2.799501E-01	1.647006E-01
3.495048E+03	-1.690105E+01	2.799874E-01	1.647003E-01
3.495247E+03	-1.690155E+01	2.806943E-01	1.647000E-01
3.495447E+03	-1.690185E+01	2.811690E-01	1.646997E-01
3.495647E+03	-1.690234E+01	2.817021E-01	1.646994E-01
3.496447E+03	-1.690437E+01	2.831050E-01	1.646983E-01
3.496647E+03	-1.690647E+01	2.845186E-01	1.646980E-01
3.497447E+03	-1.690792E+01	2.855070E-01	1.646968E-01
3.497647E+03	-1.690985E+01	2.867862E-01	1.646965E-01
3.498047E+03	-1.690986E+01	2.867880E-01	1.646959E-01
3.498247E+03	-1.691128E+01	2.878129E-01	1.646956E-01
3.498447E+03	-1.691180E+01	2.882818E-01	1.646953E-01
3.498647E+03	-1.691159E+01	2.881856E-01	1.646950E-01
3.499047E+03	-1.691193E+01	2.885626E-01	1.646944E-01
3.499247E+03	-1.691260E+01	2.889835E-01	1.646941E-01
3.499648E+03	-1.691224E+01	2.903567E-01	1.646935E-01
3.499848E+03	-1.691246E+01	2.912378E-01	1.646932E-01
3.500048E+03	-1.691104E+01	2.905838E-01	1.646929E-01
3.500248E+03	-1.691179E+01	2.927469E-01	1.646926E-01
3.500648E+03	-1.691194E+01	2.931945E-01	1.646920E-01
3.500848E+03	-1.691194E+01	2.932914E-01	1.646917E-01
3.501048E+03	-1.691238E+01	2.888812E-01	1.646914E-01
3.501248E+03	-1.691295E+01	2.894154E-01	1.646912E-01
3.501448E+03	-1.691376E+01	2.896556E-01	1.646909E-01
3.501648E+03	-1.691413E+01	2.894055E-01	1.646906E-01
3.502048E+03	-1.691296E+01	2.883166E-01	1.646900E-01
3.502248E+03	-1.691383E+01	2.877093E-01	1.646897E-01
3.502848E+03	-1.691426E+01	2.879826E-01	1.646888E-01
3.503048E+03	-1.691409E+01	2.876490E-01	1.646885E-01
3.503248E+03	-1.691417E+01	2.861439E-01	1.646882E-01
3.504248E+03	-1.691297E+01	2.844107E-01	1.646867E-01
3.504448E+03	-1.691265E+01	2.844431E-01	1.646864E-01
3.504849E+03	-1.691302E+01	2.851948E-01	1.646858E-01
3.505049E+03	-1.691322E+01	2.812656E-01	1.646855E-01
3.505249E+03	-1.691265E+01	2.822261E-01	1.646852E-01
3.505449E+03	-1.691231E+01	2.839374E-01	1.646849E-01
3.505649E+03	-1.691341E+01	2.830177E-01	1.646846E-01
3.505849E+03	-1.691365E+01	2.835291E-01	1.646843E-01
3.506049E+03	-1.691521E+01	2.835783E-01	1.646841E-01
3.506249E+03	-1.691477E+01	2.835366E-01	1.646838E-01
3.506448E+03	-1.691423E+01	2.824974E-01	1.646835E-01
3.506648E+03	-1.691429E+01	2.820476E-01	1.646832E-01
3.507048E+03	-1.691582E+01	2.819694E-01	1.646826E-01
3.507448E+03	-1.691595E+01	2.826843E-01	1.646820E-01
3.508048E+03	-1.691583E+01	2.826690E-01	1.646811E-01
3.508248E+03	-1.691727E+01	2.836041E-01	1.646808E-01
3.508448E+03	-1.691695E+01	2.834373E-01	1.646805E-01
3.509048E+03	-1.691610E+01	2.829851E-01	1.646796E-01
3.509448E+03	-1.691740E+01	2.836561E-01	1.646790E-01
3.509648E+03	-1.691907E+01	2.849893E-01	1.646787E-01
3.509848E+03	-1.691968E+01	2.852362E-01	1.646784E-01
3.510449E+03	-1.692000E+01	2.855563E-01	1.646776E-01
3.510649E+03	-1.692127E+01	2.844848E-01	1.646773E-01
3.510849E+03	-1.692118E+01	2.844645E-01	1.646770E-01
3.511049E+03	-1.692100E+01	2.841795E-01	1.646767E-01
3.511449E+03	-1.692135E+01	2.835151E-01	1.646761E-01
3.512049E+03	-1.692193E+01	2.838200E-01	1.646752E-01
3.512249E+03	-1.692219E+01	2.803427E-01	1.646749E-01
3.512449E+03	-1.692408E+01	2.815002E-01	1.646746E-01
3.512649E+03	-1.692442E+01	2.809502E-01	1.646743E-01
3.512849E+03	-1.692501E+01	2.807936E-01	1.646740E-01
3.513249E+03	-1.692571E+01	2.790578E-01	1.646734E-01
3.513849E+03	-1.692681E+01	2.788485E-01	1.646725E-01
3.514049E+03	-1.692860E+01	2.801605E-01	1.646722E-01
3.514449E+03	-1.693106E+01	2.816699E-01	1.646717E-01
3.514649E+03	-1.693190E+01	2.816884E-01	1.646714E-01
3.514849E+03	-1.693294E+01	2.803118E-01	1.646711E-01
3.515049E+03	-1.693378E+01	2.798284E-01	1.646708E-01
3.515249E+03	-1.693525E+01	2.802185E-01	1.646705E-01
3.515449E+03	-1.693697E+01	2.812140E-01	1.646702E-01
3.515649E+03	-1.693783E+01	2.812600E-01	1.646699E-01
3.515850E+03	-1.693816E+01	2.792944E-01	1.646696E-01
3.516050E+03	-1.693933E+01	2.805577E-01	1.646693E-01
3.516250E+03	-1.693951E+01	2.799506E-01	1.646690E-01
3.516450E+03	-1.694013E+01	2.778448E-01	1.646687E-01
3.517050E+03	-1.694129E+01	2.781797E-01	1.646678E-01
3.517650E+03	-1.694118E+01	2.792920E-01	1.646669E-01
3.517850E+03	-1.694179E+01	2.775480E-01	1.646666E-01
3.518050E+03	-1.694239E+01	2.773418E-01	1.646663E-01
3.518249E+03	-1.694299E+01	2.783554E-01	1.646661E-01
3.518450E+03	-1.694358E+01	2.781012E-01	1.646658E-01
3.518649E+03	-1.694416E+01	2.707772E-01	1.646655E-01
3.518849E+03	-1.694504E+01	2.705837E-01	1.646652E-01
3.519050E+03	-1.694557E+01	2.710900E-01	1.646649E-01
3.519449E+03	-1.694526E+01	2.709471E-01	1.646643E-01
3.519649E+03	-1.694642E+01	2.681970E-01	1.646640E-01
3.519849E+03	-1.694595E+01	2.637558E-01	1.646637E-01
3.520049E+03	-1.694646E+01	2.649061E-01	1.646634E-01
3.520249E+03	-1.694770E+01	2.630805E-01	1.646631E-01
3.520449E+03	-1.694805E+01	2.626069E-01	1.646628E-01
3.520649E+03	-1.694826E+01	2.622757E-01	1.646625E-01
3.521049E+03	-1.694878E+01	2.625681E-01	1.646619E-01
3.521249E+03	-1.694944E+01	2.564673E-01	1.646616E-01
3.521450E+03	-1.695029E+01	2.574503E-01	1.646613E-01
3.521850E+03	-1.694985E+01	2.574062E-01	1.646608E-01
3.522050E+03	-1.695119E+01	2.582985E-01	1.646605E-01
3.522250E+03	-1.695224E+01	2.590171E-01	1.646602E-01
3.522450E+03	-1.695209E+01	2.589239E-01	1.646599E-01
3.522650E+03	-1.695331E+01	2.600413E-01	1.646596E-01
3.522850E+03	-1.695437E+01	2.606873E-01	1.646593E-01
3.523650E+03	-1.695584E+01	2.633624E-01	1.646581E-01
3.523850E+03	-1.695717E+01	2.641084E-01	1.646578E-01
3.524050E+03	-1.695800E+01	2.645309E-01	1.646574E-01
3.524650E+03	-1.695897E+01	2.654657E-01	1.646565E-01
3.524850E+03	-1.695912E+01	2.664635E-01	1.646562E-01
3.525050E+03	-1.696014E+01	2.668442E-01	1.646559E-01
3.525250E+03	-1.696083E+01	2.669039E-01	1.646556E-01
3.525450E+03	-1.696085E+01	2.664118E-01	1.646553E-01
3.525650E+03	-1.696122E+01	2.666325E-01	1.646550E-01
3.526250E+03	-1.696102E+01	2.658116E-01	1.646541E-01
3.526450E+03	-1.696195E+01	2.686379E-01	1.646538E-01
3.526650E+03	-1.696146E+01	2.683081E-01	1.646535E-01
3.526851E+03	-1.696346E+01	2.627303E-01	1.646532E-01
3.527051E+03	-1.696358E+01	2.627231E-01	1.646529E-01
3.527451E+03	-1.696347E+01	2.623812E-01	1.646523E-01
3.527651E+03	-1.696287E+01	2.614725E-01	1.646520E-01
3.527851E+03	-1.696277E+01	2.603960E-01	1.646517E-01
3.528051E+03	-1.696150E+01	2.601487E-01	1.646514E-01
3.528251E+03	-1.696182E+01	2.592879E-01	1.646511E-01
3.529051E+03	-1.696083E+01	2.600537E-01	1.646499E-01
3.529251E+03	-1.696051E+01	2.595658E-01	1.646496E-01
3.529851E+03	-1.696011E+01	2.586702E-01	1.646487E-01
3.530051E+03	-1.696022E+01	2.588812E-01	1.646484E-01
3.530251E+03	-1.696029E+01	2.588593E-01	1.646481E-01
3.530450E+03	-1.696182E+01	2.592879E-01	1.646478E-01
3.530651E+03	-1.696337E+01	2.605420E-01	1.646475E-01
3.530851E+03	-1.696516E+01	2.642061E-01	1.646472E-01
3.531050E+03	-1.696476E+01	2.619038E-01	1.646468E-01
3.531251E+03	-1.696635E+01	2.625430E-01	1.646465E-01
3.531450E+03	-1.696652E+01	2.623990E-01	1.646462E-01
3.531650E+03	-1.696646E+01	2.625668E-01	1.646459E-01
3.531850E+03	-1.696817E+01	2.636774E-01	1.646456E-01
3.532050E+03	-1.696959E+01	2.642394E-01	1.646453E-01
3.532250E+03	-1.697117E+01	2.644475E-01	1.646450E-01
3.532451E+03	-1.697278E+01	2.584145E-01	1.646447E-01
3.532651E+03	-1.697489E+01	2.589416E-01	1.646444E-01
3.532851E+03	-1.697532E+01	2.591905E-01	1.646441E-01
3.533051E+03	-1.697570E+01	2.593992E-01	1.646438E-01
3.533451E+03	-1.697553E+01	2.603128E-01	1.646432E-01
3.533851E+03	-1.697442E+01	2.597712E-01	1.646426E-01
3.534051E+03	-1.697597E+01	2.564595E-01	1.646423E-01
3.534251E+03	-1.697680E+01	2.624903E-01	1.646420E-01
3.534451E+03	-1.697941E+01	2.654229E-01	1.646417E-01
3.535051E+03	-1.698014E+01	2.654136E-01	1.646408E-01
3.535851E+03	-1.698079E+01	2.658162E-01	1.646396E-01
3.536051E+03	-1.698209E+01	2.665110E-01	1.646393E-01
3.536251E+03	-1.698179E+01	2.656409E-01	1.646390E-01
3.536451E+03	-1.698232E+01	2.659715E-01	1.646387E-01
3.536651E+03	-1.698502E+01	2.670652E-01	1.646384E-01
3.536851E+03	-1.698613E+01	2.654349E-01	1.646381E-01
3.537051E+03	-1.698612E+01	2.671546E-01	1.646378E-01
3.537451E+03	-1.698707E+01	2.696920E-01	1.646372E-01
3.537651E+03	-1.698867E+01	2.708492E-01	1.646369E-01
3.537852E+03	-1.698912E+01	2.701722E-01	1.646366E-01
3.538052E+03	-1.698789E+01	2.693781E-01	1.646363E-01
3.538452E+03	-1.698639E+01	2.684737E-01	1.646357E-01
3.538652E+03	-1.698647E+01	2.685874E-01	1.646354E-01
3.538852E+03	-1.698730E+01	2.695233E-01	1.646351E-01
3.539052E+03	-1.698762E+01	2.700129E-01	1.646348E-01
3.539252E+03	-1.698887E+01	2.709952E-01	1.646345E-01
3.539652E+03	-1.699037E+01	2.780672E-01	1.646339E-01
3.539852E+03	-1.699096E+01	2.776736E-01	1.646336E-01
3.540052E+03	-1.699105E+01	2.771331E-01	1.646332E-01
3.540652E+03	-1.699259E+01	2.807146E-01	1.646323E-01
3.541252E+03	-1.699389E+01	2.810781E-01	1.646314E-01
3.541452E+03	-1.699460E+01	2.813239E-01	1.646311E-01
3.541852E+03	-1.699526E+01	2.819352E-01	1.646305E-01
3.542052E+03	-1.699694E+01	2.840058E-01	1.646302E-01
3.542252E+03	-1.699768E+01	2.887821E-01	1.646299E-01
3.542452E+03	-1.699874E+01	2.950324E-01	1.646296E-01
3.542852E+03	-1.699882E+01	2.951749E-01	1.646290E-01
3.543052E+03	-1.700148E+01	2.969583E-01	1.646287E-01
3.543251E+03	-1.700407E+01	2.986043E-01	1.646284E-01
3.543452E+03	-1.700299E+01	2.976845E-01	1.646281E-01
3.543652E+03	-1.700329E+01	2.973713E-01	1.646278E-01
3.543852E+03	-1.700437E+01	2.978962E-01	1.646275E-01
3.544252E+03	-1.700470E+01	2.980553E-01	1.646269E-01
3.544452E+03	-1.700477E+01	2.988306E-01	1.646266E-01
3.544652E+03	-1.700603E+01	2.999593E-01	1.646263E-01
3.544852E+03	-1.700779E+01	3.004495E-01	1.646260E-01
3.545252E+03	-1.700922E+01	2.989549E-01	1.646254E-01
3.545452E+03	-1.700994E+01	2.983159E-01	1.646251E-01
3.545652E+03	-1.700994E+01	2.992728E-01	1.646248E-01
3.545852E+03	-1.700955E+01	2.999920E-01	1.646245E-01
3.546052E+03	-1.700950E+01	2.990322E-01	1.646242E-01
3.547052E+03	-1.700910E+01	2.987218E-01	1.646227E-01
3.547252E+03	-1.701064E+01	2.998940E-01	1.646224E-01
3.548052E+03	-1.701106E+01	3.005079E-01	1.646212E-01
3.548452E+03	-1.701300E+01	2.971170E-01	1.646206E-01
3.548652E+03	-1.701468E+01	2.983279E-01	1.646203E-01
3.548853E+03	-1.701510E+01	2.996276E-01	1.646200E-01
3.549253E+03	-1.701510E+01	2.990278E-01	1.646194E-01
3.549453E+03	-1.701609E+01	3.003991E-01	1.646191E-01
3.549853E+03	-1.701681E+01	2.986831E-01	1.646185E-01
3.550453E+03	-1.701662E+01	2.975286E-01	1.646176E-01
3.550653E+03	-1.701749E+01	2.977359E-01	1.646173E-01
3.551253E+03	-1.701841E+01	2.989839E-01	1.646164E-01
3.551453E+03	-1.702003E+01	2.993189E-01	1.646161E-01
3.551653E+03	-1.702097E+01	3.009883E-01	1.646158E-01
3.551853E+03	-1.702144E+01	3.021275E-01	1.646155E-01
3.552053E+03	-1.702324E+01	3.041114E-01	1.646152E-01
3.552253E+03	-1.702370E+01	3.039892E-01	1.646149E-01
3.552653E+03	-1.702413E+01	3.048694E-01	1.646143E-01
3.552853E+03	-1.702479E+01	3.057892E-01	1.646140E-01
3.553053E+03	-1.702515E+01	3.057486E-01	1.646137E-01
3.553253E+03	-1.702522E+01	3.062910E-01	1.646134E-01
3.553453E+03	-1.702476E+01	3.057019E-01	1.646131E-01
3.553653E+03	-1.702461E+01	3.052234E-01	1.646128E-01
3.553853E+03	-1.702585E+01	3.064462E-01	1.646125E-01
3.554053E+03	-1.702615E+01	3.074486E-01	1.646122E-01
3.554253E+03	-1.702696E+01	3.082593E-01	1.646119E-01
3.554454E+03	-1.702544E+01	3.067215E-01	1.646116E-01
3.554854E+03	-1.702645E+01	3.074191E-01	1.646110E-01
3.555053E+03	-1.702757E+01	3.088929E-01	1.646107E-01
3.555454E+03	-1.703022E+01	3.122712E-01	1.646101E-01
3.555653E+03	-1.703175E+01	3.129650E-01	1.646098E-01
3.555853E+03	-1.703117E+01	3.124236E-01	1.646095E-01
3.556053E+03	-1.702980E+01	3.102958E-01	1.646092E-01
3.556253E+03	-1.702972E+01	3.096167E-01	1.646089E-01
3.556453E+03	-1.702953E+01	3.092594E-01	1.646086E-01
3.556653E+03	-1.703011E+01	3.086277E-01	1.646083E-01
3.556853E+03	-1.703123E+01	3.085368E-01	1.646080E-01
3.557253E+03	-1.703055E+01	3.079457E-01	1.646074E-01
3.557453E+03	-1.703115E+01	3.078762E-01	1.646071E-01
3.557653E+03	-1.703253E+01	3.095065E-01	1.646068E-01
3.558053E+03	-1.703403E+01	3.112185E-01	1.646062E-01
3.558453E+03	-1.703525E+01	3.130230E-01	1.646056E-01
3.558653E+03	-1.703528E+01	3.131583E-01	1.646053E-01
3.559253E+03	-1.703557E+01	3.147446E-01	1.646044E-01
3.559453E+03	-1.703607E+01	3.159850E-01	1.646041E-01
3.559653E+03	-1.703551E+01	3.156150E-01	1.646038E-01
3.560454E+03	-1.703619E+01	3.160754E-01	1.646026E-01
3.560654E+03	-1.703571E+01	3.157886E-01	1.646023E-01
3.560854E+03	-1.703497E+01	3.151739E-01	1.646020E-01
3.561054E+03	-1.703502E+01	3.153354E-01	1.646017E-01
3.561254E+03	-1.703584E+01	3.132293E-01	1.646014E-01
3.561454E+03	-1.703877E+01	3.140815E-01	1.646011E-01
3.561654E+03	-1.704067E+01	3.148507E-01	1.646008E-01
3.562254E+03	-1.703999E+01	3.114413E-01	1.645999E-01
3.562454E+03	-1.704157E+01	3.118364E-01	1.645996E-01
3.562654E+03	-1.704372E+01	3.131125E-01	1.645993E-01
3.562854E+03	-1.704372E+01	3.119779E-01	1.645990E-01
3.563054E+03	-1.704412E+01	3.120038E-01	1.645987E-01
3.563854E+03	-1.704306E+01	3.115017E-01	1.645975E-01
3.564054E+03	-1.704313E+01	3.120294E-01	1.645972E-01
3.564254E+03	-1.704261E+01	3.119843E-01	1.645969E-01
3.564454E+03	-1.704251E+01	3.123897E-01	1.645966E-01
3.565054E+03	-1.704219E+01	3.117629E-01	1.645957E-01
3.565455E+03	-1.704255E+01	3.105546E-01	1.645951E-01
3.565655E+03	-1.704338E+01	3.109265E-01	1.645948E-01
3.566055E+03	-1.704328E+01	3.111401E-01	1.645942E-01
3.566255E+03	-1.704381E+01	3.116782E-01	1.645939E-01
3.566455E+03	-1.704466E+01	3.111672E-01	1.645936E-01
3.566655E+03	-1.704542E+01	3.108103E-01	1.645933E-01
3.566854E+03	-1.704573E+01	3.077910E-01	1.645930E-01
3.567055E+03	-1.704489E+01	3.032926E-01	1.645927E-01
3.567454E+03	-1.704427E+01	3.030386E-01	1.645921E-01
3.568054E+03	-1.704418E+01	3.012586E-01	1.645912E-01
3.568254E+03	-1.704497E+01	3.015586E-01	1.645909E-01
3.568454E+03	-1.704491E+01	3.013608E-01	1.645906E-01
3.568654E+03	-1.704484E+01	3.006369E-01	1.645903E-01
3.568854E+03	-1.704481E+01	2.998107E-01	1.645900E-01
3.569254E+03	-1.704450E+01	2.996281E-01	1.645894E-01
3.569454E+03	-1.704335E+01	2.981591E-01	1.645891E-01
3.569854E+03	-1.704111E+01	2.969179E-01	1.645885E-01
3.570254E+03	-1.703952E+01	2.962260E-01	1.645879E-01
3.570454E+03	-1.703784E+01	2.974462E-01	1.645876E-01
3.570654E+03	-1.703976E+01	2.985751E-01	1.645873E-01
3.571055E+03	-1.703920E+01	2.981535E-01	1.645867E-01
3.571255E+03	-1.704058E+01	2.986330E-01	1.645864E-01
3.571455E+03	-1.704007E+01	2.978900E-01	1.645861E-01
3.571855E+03	-1.703905E+01	2.976006E-01	1.645855E-01
3.572055E+03	-1.704073E+01	2.958127E-01	1.645852E-01
3.572255E+03	-1.704087E+01	2.957610E-01	1.645849E-01
3.572655E+03	-1.703847E+01	2.951573E-01	1.645843E-01
3.572855E+03	-1.703805E+01	2.952941E-01	1.645840E-01
3.573055E+03	-1.703701E+01	2.961948E-01	1.645837E-01
3.573255E+03	-1.703646E+01	2.959991E-01	1.645834E-01
3.573455E+03	-1.703724E+01	2.976888E-01	1.645831E-01
3.573655E+03	-1.703702E+01	2.983433E-01	1.645828E-01
3.573855E+03	-1.703634E+01	2.991489E-01	1.645825E-01
3.574255E+03	-1.703620E+01	2.987159E-01	1.645819E-01
3.574455E+03	-1.703417E+01	2.971330E-01	1.645816E-01
3.574855E+03	-1.703442E+01	2.968049E-01	1.645810E-01
3.575055E+03	-1.703594E+01	2.972119E-01	1.645807E-01
3.575255E+03	-1.703433E+01	2.967505E-01	1.645804E-01
3.575655E+03	-1.703247E+01	2.954460E-01	1.645798E-01
3.575855E+03	-1.703151E+01	2.945425E-01	1.645795E-01
3.576055E+03	-1.703017E+01	2.936717E-01	1.645792E-01
3.576256E+03	-1.703107E+01	2.943625E-01	1.645789E-01
3.576456E+03	-1.703179E+01	2.954969E-01	1.645786E-01
3.577056E+03	-1.703096E+01	2.948559E-01	1.645777E-01
3.577256E+03	-1.703064E+01	2.940606E-01	1.645774E-01
3.577456E+03	-1.703088E+01	2.942604E-01	1.645771E-01
3.578056E+03	-1.703209E+01	2.939731E-01	1.645762E-01
3.578256E+03	-1.703134E+01	2.954256E-01	1.645759E-01
3.579256E+03	-1.703046E+01	2.943581E-01	1.645744E-01
3.580055E+03	-1.703099E+01	2.965350E-01	1.645732E-01
3.580655E+03	-1.702978E+01	2.960049E-01	1.645723E-01
3.581455E+03	-1.703134E+01	2.967158E-01	1.645711E-01
3.581656E+03	-1.703061E+01	2.957950E-01	1.645708E-01
3.581856E+03	-1.703103E+01	2.974751E-01	1.645705E-01
3.582256E+03	-1.702985E+01	2.975309E-01	1.645699E-01
3.582456E+03	-1.702826E+01	2.965283E-01	1.645696E-01
3.582656E+03	-1.702949E+01	2.973749E-01	1.645694E-01
3.582856E+03	-1.703088E+01	2.988111E-01	1.645691E-01
3.583056E+03	-1.703278E+01	3.011071E-01	1.645688E-01
3.583256E+03	-1.703054E+01	2.990211E-01	1.645685E-01
3.583456E+03	-1.703035E+01	2.987351E-01	1.645682E-01
3.583656E+03	-1.702944E+01	2.978469E-01	1.645679E-01
3.583856E+03	-1.702953E+01	2.979009E-01	1.645676E-01
3.584056E+03	-1.702853E+01	2.976109E-01	1.645673E-01
3.584456E+03	-1.702662E+01	2.972859E-01	1.645667E-01
3.584656E+03	-1.702564E+01	2.957730E-01	1.645664E-01
3.584856E+03	-1.702480E+01	2.964457E-01	1.645661E-01
3.585056E+03	-1.702442E+01	2.974683E-01	1.645658E-01
3.585256E+03	-1.702343E+01	2.981254E-01	1.645655E-01
3.585456E+03	-1.702327E+01	2.983529E-01	1.645652E-01
3.585856E+03	-1.702473E+01	3.000301E-01	1.645646E-01
3.586256E+03	-1.702437E+01	3.005774E-01	1.645640E-01
3.586456E+03	-1.702550E+01	2.997181E-01	1.645637E-01
3.586656E+03	-1.702649E+01	3.003892E-01	1.645634E-01
3.586856E+03	-1.702483E+01	2.992836E-01	1.645631E-01
3.587056E+03	-1.702402E+01	3.001973E-01	1.645628E-01
3.587257E+03	-1.702397E+01	2.991218E-01	1.645625E-01
3.587457E+03	-1.702425E+01	2.998167E-01	1.645622E-01
3.587657E+03	-1.702319E+01	2.992690E-01	1.645619E-01
3.587857E+03	-1.702230E+01	2.986932E-01	1.645616E-01
3.588057E+03	-1.702097E+01	2.986919E-01	1.645613E-01
3.588257E+03	-1.702031E+01	2.989120E-01	1.645610E-01
3.588457E+03	-1.702015E+01	2.969445E-01	1.645607E-01
3.588657E+03	-1.701982E+01	2.971143E-01	1.645604E-01
3.588857E+03	-1.701944E+01	2.969787E-01	1.645601E-01
3.589057E+03	-1.701883E+01	2.970825E-01	1.645598E-01
3.589257E+03	-1.701878E+01	2.972954E-01	1.645595E-01
3.589457E+03	-1.701776E+01	2.980113E-01	1.645592E-01
3.589657E+03	-1.701636E+01	2.979719E-01	1.645589E-01
3.589857E+03	-1.701606E+01	2.983765E-01	1.645586E-01
3.590057E+03	-1.701588E+01	2.981798E-01	1.645583E-01
3.590257E+03	-1.701467E+01	2.964521E-01	1.645580E-01
3.590857E+03	-1.701400E+01	2.956846E-01	1.645571E-01
3.591057E+03	-1.701400E+01	2.960018E-01	1.645568E-01
3.591256E+03	-1.701327E+01	2.957079E-01	1.645565E-01
3.591657E+03	-1.701169E+01	2.949423E-01	1.645559E-01
3.592057E+03	-1.701149E+01	2.945911E-01	1.645554E-01
3.592256E+03	-1.701116E+01	2.938019E-01	1.645551E-01
3.592456E+03	-1.701062E+01	2.907311E-01	1.645548E-01
3.592657E+03	-1.700984E+01	2.902602E-01	1.645545E-01
3.592857E+03	-1.700883E+01	2.924948E-01	1.645542E-01
3.593257E+03	-1.700809E+01	2.927599E-01	1.645536E-01
3.593457E+03	-1.700813E+01	2.919638E-01	1.645533E-01
3.593857E+03	-1.701011E+01	2.930273E-01	1.645527E-01
3.594057E+03	-1.701069E+01	2.934683E-01	1.645524E-01
3.594257E+03	-1.700891E+01	2.915241E-01	1.645521E-01
3.594457E+03	-1.700795E+01	2.908635E-01	1.645518E-01
3.594857E+03	-1.700661E+01	2.898131E-01	1.645512E-01
3.595057E+03	-1.700751E+01	2.916006E-01	1.645509E-01
3.595257E+03	-1.700765E+01	2.914900E-01	1.645506E-01
3.595457E+03	-1.700855E+01	2.912781E-01	1.645503E-01
3.595657E+03	-1.700941E+01	2.917499E-01	1.645500E-01
3.595857E+03	-1.700796E+01	2.901314E-01	1.645497E-01
3.596457E+03	-1.700730E+01	2.868021E-01	1.645488E-01
3.597057E+03	-1.700522E+01	2.839099E-01	1.645479E-01
3.597257E+03	-1.700542E+01	2.842300E-01	1.645476E-01
3.597457E+03	-1.700287E+01	2.850315E-01	1.645473E-01
3.597657E+03	-1.700073E+01	2.829286E-01	1.645470E-01
3.597857E+03	-1.699822E+01	2.814654E-01	1.645467E-01
3.598658E+03	-1.699630E+01	2.804031E-01	1.645455E-01
3.598858E+03	-1.699409E+01	2.800272E-01	1.645453E-01
3.599258E+03	-1.699309E+01	2.783229E-01	1.645447E-01
3.599458E+03	-1.699108E+01	2.755557E-01	1.645444E-01
3.599658E+03	-1.698918E+01	2.726465E-01	1.645441E-01
3.600258E+03	-1.698740E+01	2.713916E-01	1.645432E-01
3.600458E+03	-1.698675E+01	2.706582E-01	1.645429E-01
3.600658E+03	-1.698547E+01	2.717420E-01	1.645426E-01
3.600858E+03	-1.698489E+01	2.715276E-01	1.645423E-01
3.601058E+03	-1.698432E+01	2.706583E-01	1.645420E-01
3.601258E+03	-1.698389E+01	2.705422E-01	1.645417E-01
3.601458E+03	-1.698289E+01	2.709149E-01	1.645414E-01
3.601658E+03	-1.698174E+01	2.706855E-01	1.645411E-01
3.601858E+03	-1.698041E+01	2.633944E-01	1.645408E-01
3.602058E+03	-1.697959E+01	2.628976E-01	1.645405E-01
3.602258E+03	-1.698119E+01	2.636748E-01	1.645402E-01
3.603258E+03	-1.698055E+01	2.610371E-01	1.645387E-01
3.603457E+03	-1.697864E+01	2.606484E-01	1.645384E-01
3.603858E+03	-1.697718E+01	2.596418E-01	1.645378E-01
3.604258E+03	-1.697703E+01	2.591934E-01	1.645372E-01
3.604458E+03	-1.697819E+01	2.588352E-01	1.645369E-01
3.605058E+03	-1.697733E+01	2.539572E-01	1.645360E-01
3.605258E+03	-1.697484E+01	2.473554E-01	1.645357E-01
3.605658E+03	-1.697536E+01	2.476484E-01	1.645351E-01
3.605858E+03	-1.697597E+01	2.484107E-01	1.645348E-01
3.606458E+03	-1.697352E+01	2.472632E-01	1.645339E-01
3.606658E+03	-1.697290E+01	2.473581E-01	1.645336E-01
3.607058E+03	-1.697100E+01	2.465112E-01	1.645329E-01
3.607258E+03	-1.696897E+01	2.461829E-01	1.645326E-01
3.607458E+03	-1.696895E+01	2.455185E-01	1.645323E-01
3.607658E+03	-1.696950E+01	2.429429E-01	1.645320E-01
3.607858E+03	-1.696854E+01	2.412697E-01	1.645317E-01
3.608058E+03	-1.696726E+01	2.398524E-01	1.645314E-01
3.608258E+03	-1.696685E+01	2.386641E-01	1.645311E-01
3.608458E+03	-1.696681E+01	2.384424E-01	1.645308E-01
3.608658E+03	-1.696596E+01	2.371525E-01	1.645305E-01
3.608858E+03	-1.696579E+01	2.356642E-01	1.645302E-01
3.609059E+03	-1.696611E+01	2.358716E-01	1.645299E-01
3.609259E+03	-1.696458E+01	2.351110E-01	1.645296E-01
3.609459E+03	-1.696413E+01	2.338524E-01	1.645293E-01
3.609659E+03	-1.696527E+01	2.341894E-01	1.645290E-01
3.609859E+03	-1.696384E+01	2.334044E-01	1.645287E-01
3.610059E+03	-1.696301E+01	2.328191E-01	1.645284E-01
3.610259E+03	-1.696303E+01	2.319706E-01	1.645281E-01
3.610859E+03	-1.696429E+01	2.320621E-01	1.645272E-01
3.611059E+03	-1.696257E+01	2.305243E-01	1.645268E-01
3.611259E+03	-1.696220E+01	2.298220E-01	1.645265E-01
3.611459E+03	-1.696132E+01	2.286311E-01	1.645262E-01
3.611659E+03	-1.696191E+01	2.301970E-01	1.645259E-01
3.611859E+03	-1.696297E+01	2.307159E-01	1.645256E-01
3.612059E+03	-1.696239E+01	2.321088E-01	1.645253E-01
3.612259E+03	-1.696286E+01	2.314554E-01	1.645250E-01
3.612459E+03	-1.696162E+01	2.312613E-01	1.645247E-01
3.612659E+03	-1.696132E+01	2.301347E-01	1.645244E-01
3.613459E+03	-1.696087E+01	2.289509E-01	1.645232E-01
3.613659E+03	-1.696177E+01	2.283618E-01	1.645229E-01
3.613859E+03	-1.696122E+01	2.276201E-01	1.645226E-01
3.614059E+03	-1.696085E+01	2.279747E-01	1.645223E-01
3.614259E+03	-1.696069E+01	2.287294E-01	1.645220E-01
3.614459E+03	-1.695940E+01	2.294290E-01	1.645217E-01
3.614660E+03	-1.695889E+01	2.296652E-01	1.645214E-01
3.614860E+03	-1.695821E+01	2.301875E-01	1.645211E-01
3.615060E+03	-1.695691E+01	2.289478E-01	1.645208E-01
3.615260E+03	-1.695703E+01	2.285182E-01	1.645204E-01
3.615459E+03	-1.695720E+01	2.291552E-01	1.645201E-01
3.615660E+03	-1.695613E+01	2.284064E-01	1.645198E-01
3.615860E+03	-1.695555E+01	2.272164E-01	1.645195E-01
3.616260E+03	-1.695456E+01	2.247866E-01	1.645189E-01
3.616859E+03	-1.695369E+01	2.261886E-01	1.645180E-01
3.617059E+03	-1.695322E+01	2.263294E-01	1.645177E-01
3.617259E+03	-1.695373E+01	2.268263E-01	1.645174E-01
3.617459E+03	-1.695347E+01	2.259711E-01	1.645171E-01
3.617659E+03	-1.695415E+01	2.270397E-01	1.645168E-01
3.617859E+03	-1.695424E+01	2.287059E-01	1.645165E-01
3.618059E+03	-1.695446E+01	2.297894E-01	1.645162E-01
3.618259E+03	-1.695568E+01	2.312205E-01	1.645159E-01
3.618459E+03	-1.695519E+01	2.313904E-01	1.645156E-01
3.618859E+03	-1.695375E+01	2.300165E-01	1.645150E-01
3.619059E+03	-1.695284E+01	2.326220E-01	1.645147E-01
3.619259E+03	-1.695179E+01	2.349327E-01	1.645144E-01
3.619459E+03	-1.695096E+01	2.377753E-01	1.645141E-01
3.619659E+03	-1.694918E+01	2.387738E-01	1.645138E-01
3.619859E+03	-1.694974E+01	2.411387E-01	1.645135E-01
3.620060E+03	-1.694994E+01	2.437461E-01	1.645131E-01
3.620260E+03	-1.694970E+01	2.459221E-01	1.645128E-01
3.620460E+03	-1.694884E+01	2.472388E-01	1.645125E-01
3.620660E+03	-1.694791E+01	2.482947E-01	1.645122E-01
3.621260E+03	-1.694811E+01	2.498693E-01	1.645113E-01
3.621460E+03	-1.694792E+01	2.511887E-01	1.645110E-01
3.621660E+03	-1.694687E+01	2.518694E-01	1.645107E-01
3.621860E+03	-1.694669E+01	2.523360E-01	1.645104E-01
3.622060E+03	-1.694643E+01	2.531786E-01	1.645101E-01
3.622460E+03	-1.694578E+01	2.536700E-01	1.645095E-01
3.622660E+03	-1.694552E+01	2.565192E-01	1.645092E-01
3.623060E+03	-1.694455E+01	2.561216E-01	1.645086E-01
3.623660E+03	-1.694390E+01	2.564741E-01	1.645077E-01
3.624260E+03	-1.694296E+01	2.558993E-01	1.645068E-01
3.624460E+03	-1.694404E+01	2.565231E-01	1.645065E-01
3.624660E+03	-1.694346E+01	2.572760E-01	1.645062E-01
3.624860E+03	-1.694315E+01	2.565253E-01	1.645059E-01
3.625461E+03	-1.694378E+01	2.569560E-01	1.645049E-01
3.625661E+03	-1.694390E+01	2.571967E-01	1.645046E-01
3.625861E+03	-1.694437E+01	2.601531E-01	1.645043E-01
3.626661E+03	-1.694567E+01	2.631517E-01	1.645031E-01
3.626861E+03	-1.694547E+01	2.631948E-01	1.645028E-01
3.627461E+03	-1.694562E+01	2.633188E-01	1.645019E-01
3.627660E+03	-1.694452E+01	2.640341E-01	1.645016E-01
3.628061E+03	-1.694411E+01	2.636799E-01	1.645010E-01
3.628260E+03	-1.694304E+01	2.633441E-01	1.645007E-01
3.628461E+03	-1.694211E+01	2.638232E-01	1.645004E-01
3.628860E+03	-1.694244E+01	2.643232E-01	1.644998E-01
3.629260E+03	-1.694138E+01	2.632141E-01	1.644992E-01
3.629460E+03	-1.694180E+01	2.647289E-01	1.644989E-01
3.629660E+03	-1.694115E+01	2.642072E-01	1.644986E-01
3.629860E+03	-1.694083E+01	2.653603E-01	1.644983E-01
3.630060E+03	-1.694023E+01	2.660505E-01	1.644980E-01
3.630260E+03	-1.693890E+01	2.657063E-01	1.644977E-01
3.630460E+03	-1.693913E+01	2.652263E-01	1.644974E-01
3.631061E+03	-1.693853E+01	2.681028E-01	1.644964E-01
3.631261E+03	-1.693838E+01	2.703503E-01	1.644961E-01
3.631461E+03	-1.693780E+01	2.702429E-01	1.644958E-01
3.631661E+03	-1.693733E+01	2.694084E-01	1.644955E-01
3.631861E+03	-1.693676E+01	2.688938E-01	1.644952E-01
3.632061E+03	-1.693596E+01	2.689255E-01	1.644949E-01
3.632261E+03	-1.693506E+01	2.691185E-01	1.644946E-01
3.632461E+03	-1.693422E+01	2.685945E-01	1.644943E-01
3.632661E+03	-1.693459E+01	2.692125E-01	1.644940E-01
3.632861E+03	-1.693499E+01	2.699930E-01	1.644937E-01
3.633461E+03	-1.693539E+01	2.705802E-01	1.644928E-01
3.633661E+03	-1.693579E+01	2.698948E-01	1.644925E-01
3.633861E+03	-1.693546E+01	2.696411E-01	1.644922E-01
3.634261E+03	-1.693509E+01	2.695517E-01	1.644916E-01
3.635061E+03	-1.693448E+01	2.686941E-01	1.644904E-01
3.635261E+03	-1.693438E+01	2.677408E-01	1.644901E-01
3.635461E+03	-1.693323E+01	2.684948E-01	1.644898E-01
3.635661E+03	-1.693231E+01	2.689056E-01	1.644895E-01
3.635861E+03	-1.693213E+01	2.697055E-01	1.644892E-01
3.636061E+03	-1.693137E+01	2.735989E-01	1.644889E-01
3.636261E+03	-1.693111E+01	2.745808E-01	1.644886E-01
3.636462E+03	-1.693051E+01	2.741557E-01	1.644883E-01
3.636662E+03	-1.692931E+01	2.743106E-01	1.644880E-01
3.636862E+03	-1.692880E+01	2.753096E-01	1.644877E-01
3.637062E+03	-1.692777E+01	2.741933E-01	1.644874E-01
3.637262E+03	-1.692907E+01	2.756031E-01	1.644871E-01
3.637862E+03	-1.692897E+01	2.760450E-01	1.644861E-01
3.638062E+03	-1.692919E+01	2.761844E-01	1.644858E-01
3.638262E+03	-1.692914E+01	2.764307E-01	1.644855E-01
3.638462E+03	-1.692811E+01	2.765170E-01	1.644852E-01
3.639062E+03	-1.692851E+01	2.757731E-01	1.644843E-01
3.639262E+03	-1.692905E+01	2.759517E-01	1.644840E-01
3.639461E+03	-1.692851E+01	2.745953E-01	1.644837E-01
3.639662E+03	-1.693010E+01	2.754199E-01	1.644834E-01
3.639861E+03	-1.693016E+01	2.749169E-01	1.644831E-01
3.640061E+03	-1.693035E+01	2.759861E-01	1.644828E-01
3.640262E+03	-1.692984E+01	2.745041E-01	1.644825E-01
3.641261E+03	-1.692962E+01	2.738038E-01	1.644810E-01
3.641661E+03	-1.693097E+01	2.744294E-01	1.644804E-01
3.641862E+03	-1.693001E+01	2.738846E-01	1.644801E-01
3.642462E+03	-1.692941E+01	2.733408E-01	1.644792E-01
3.642662E+03	-1.692998E+01	2.728088E-01	1.644789E-01
3.642862E+03	-1.693158E+01	2.737288E-01	1.644786E-01
3.643062E+03	-1.693179E+01	2.734548E-01	1.644783E-01
3.643262E+03	-1.693253E+01	2.746619E-01	1.644780E-01
3.643462E+03	-1.693288E+01	2.756779E-01	1.644777E-01
3.644062E+03	-1.693246E+01	2.756200E-01	1.644768E-01
3.644262E+03	-1.693181E+01	2.744777E-01	1.644765E-01
3.644462E+03	-1.693145E+01	2.742241E-01	1.644762E-01
3.644662E+03	-1.693126E+01	2.739906E-01	1.644759E-01
3.644862E+03	-1.693153E+01	2.732123E-01	1.644756E-01
3.645062E+03	-1.693151E+01	2.721499E-01	1.644753E-01
3.645262E+03	-1.693128E+01	2.719389E-01	1.644750E-01
3.645462E+03	-1.693068E+01	2.712199E-01	1.644747E-01
3.645862E+03	-1.693024E+01	2.710322E-01	1.644741E-01
3.646062E+03	-1.693006E+01	2.715566E-01	1.644738E-01
3.646462E+03	-1.692962E+01	2.712961E-01	1.644731E-01
3.646862E+03	-1.692971E+01	2.725980E-01	1.644725E-01
3.647062E+03	-1.692941E+01	2.728744E-01	1.644722E-01
3.647263E+03	-1.692855E+01	2.723293E-01	1.644719E-01
3.647463E+03	-1.692764E+01	2.721982E-01	1.644716E-01
3.647663E+03	-1.692779E+01	2.725744E-01	1.644713E-01
3.647863E+03	-1.692908E+01	2.754690E-01	1.644710E-01
3.648063E+03	-1.692871E+01	2.758541E-01	1.644707E-01
3.648663E+03	-1.692882E+01	2.751400E-01	1.644698E-01
3.649463E+03	-1.692785E+01	2.739942E-01	1.644686E-01
3.649663E+03	-1.692671E+01	2.729149E-01	1.644683E-01
3.649863E+03	-1.692633E+01	2.726861E-01	1.644680E-01
3.650063E+03	-1.692567E+01	2.719044E-01	1.644677E-01
3.650263E+03	-1.692577E+01	2.722081E-01	1.644674E-01
3.650463E+03	-1.692492E+01	2.708625E-01	1.644671E-01
3.650663E+03	-1.692496E+01	2.709175E-01	1.644668E-01
3.650863E+03	-1.692514E+01	2.702639E-01	1.644665E-01
3.651063E+03	-1.692565E+01	2.698260E-01	1.644662E-01
3.651263E+03	-1.692584E+01	2.698290E-01	1.644659E-01
3.651463E+03	-1.692597E+01	2.693446E-01	1.644656E-01
3.652062E+03	-1.692651E+01	2.693096E-01	1.644647E-01
3.652262E+03	-1.692717E+01	2.694716E-01	1.644644E-01
3.652463E+03	-1.692693E+01	2.689523E-01	1.644641E-01
3.652662E+03	-1.692731E+01	2.689221E-01	1.644638E-01
3.652863E+03	-1.692897E+01	2.698367E-01	1.644635E-01
3.653063E+03	-1.692811E+01	2.703091E-01	1.644632E-01
3.653263E+03	-1.692748E+01	2.711521E-01	1.644629E-01
3.653663E+03	-1.692801E+01	2.702643E-01	1.644623E-01
3.653863E+03	-1.692762E+01	2.685216E-01	1.644620E-01
3.654063E+03	-1.692784E+01	2.691022E-01	1.644617E-01
3.654263E+03	-1.692691E+01	2.690121E-01	1.644614E-01
3.654463E+03	-1.692653E+01	2.689553E-01	1.644611E-01
3.654663E+03	-1.692760E+01	2.706981E-01	1.644608E-01
3.654863E+03	-1.692818E+01	2.721828E-01	1.644605E-01
3.655063E+03	-1.692801E+01	2.720754E-01	1.644602E-01
3.655463E+03	-1.692899E+01	2.719984E-01	1.644596E-01
3.655663E+03	-1.692929E+01	2.725613E-01	1.644593E-01
3.655863E+03	-1.692929E+01	2.728184E-01	1.644590E-01
3.656063E+03	-1.692883E+01	2.734817E-01	1.644587E-01
3.656263E+03	-1.692860E+01	2.736420E-01	1.644584E-01
3.656463E+03	-1.692848E+01	2.720406E-01	1.644581E-01
3.656663E+03	-1.692773E+01	2.715825E-01	1.644578E-01
3.656863E+03	-1.692694E+01	2.710471E-01	1.644575E-01
3.657063E+03	-1.692846E+01	2.717380E-01	1.644572E-01
3.657263E+03	-1.692952E+01	2.725782E-01	1.644569E-01
3.657463E+03	-1.692901E+01	2.725961E-01	1.644566E-01
3.657663E+03	-1.692850E+01	2.723084E-01	1.644563E-01
3.657863E+03	-1.692772E+01	2.709275E-01	1.644560E-01
3.658063E+03	-1.692742E+01	2.722015E-01	1.644557E-01
3.658264E+03	-1.692676E+01	2.714635E-01	1.644554E-01
3.658464E+03	-1.692612E+01	2.712825E-01	1.644551E-01
3.658664E+03	-1.692633E+01	2.718683E-01	1.644548E-01
3.658864E+03	-1.692494E+01	2.710716E-01	1.644545E-01
3.659064E+03	-1.692423E+01	2.693867E-01	1.644542E-01
3.659264E+03	-1.692454E+01	2.710477E-01	1.644539E-01
3.659464E+03	-1.692423E+01	2.710041E-01	1.644536E-01
3.659864E+03	-1.692395E+01	2.706786E-01	1.644530E-01
3.660064E+03	-1.692388E+01	2.698363E-01	1.644527E-01
3.660664E+03	-1.692368E+01	2.695956E-01	1.644518E-01
3.660864E+03	-1.692443E+01	2.702549E-01	1.644515E-01
3.661464E+03	-1.692457E+01	2.701841E-01	1.644506E-01
3.661664E+03	-1.692577E+01	2.708011E-01	1.644503E-01
3.661864E+03	-1.692531E+01	2.709171E-01	1.644500E-01
3.662264E+03	-1.692538E+01	2.717425E-01	1.644494E-01
3.662464E+03	-1.692465E+01	2.721262E-01	1.644490E-01
3.662664E+03	-1.692508E+01	2.726612E-01	1.644487E-01
3.663064E+03	-1.692441E+01	2.722980E-01	1.644481E-01
3.663264E+03	-1.692437E+01	2.721983E-01	1.644478E-01
3.663464E+03	-1.692481E+01	2.719615E-01	1.644475E-01
3.663665E+03	-1.692488E+01	2.720290E-01	1.644472E-01
3.663865E+03	-1.692529E+01	2.724158E-01	1.644469E-01
3.664064E+03	-1.692554E+01	2.736484E-01	1.644466E-01
3.664265E+03	-1.692551E+01	2.733574E-01	1.644463E-01
3.664465E+03	-1.692550E+01	2.733676E-01	1.644460E-01
3.664865E+03	-1.692582E+01	2.729617E-01	1.644454E-01
3.665064E+03	-1.692631E+01	2.735103E-01	1.644451E-01
3.665264E+03	-1.692599E+01	2.750518E-01	1.644448E-01
3.665464E+03	-1.692609E+01	2.748209E-01	1.644445E-01
3.666064E+03	-1.692721E+01	2.758806E-01	1.644436E-01
3.666264E+03	-1.692771E+01	2.761324E-01	1.644433E-01
3.666464E+03	-1.692772E+01	2.762839E-01	1.644430E-01
3.666664E+03	-1.692810E+01	2.764633E-01	1.644427E-01
3.666864E+03	-1.692762E+01	2.760487E-01	1.644424E-01
3.667064E+03	-1.692638E+01	2.752118E-01	1.644421E-01
3.667264E+03	-1.692644E+01	2.751821E-01	1.644418E-01
3.667664E+03	-1.692773E+01	2.763268E-01	1.644412E-01
3.667864E+03	-1.692817E+01	2.780776E-01	1.644409E-01
3.668064E+03	-1.692789E+01	2.779610E-01	1.644406E-01
3.668264E+03	-1.692704E+01	2.776415E-01	1.644403E-01
3.668664E+03	-1.692700E+01	2.779513E-01	1.644397E-01
3.668864E+03	-1.692716E+01	2.780887E-01	1.644394E-01
3.669065E+03	-1.692625E+01	2.775884E-01	1.644391E-01
3.669265E+03	-1.692527E+01	2.766912E-01	1.644388E-01
3.669465E+03	-1.692579E+01	2.770268E-01	1.644385E-01
3.669665E+03	-1.692487E+01	2.753806E-01	1.644382E-01
3.670465E+03	-1.692343E+01	2.736962E-01	1.644370E-01
3.670665E+03	-1.692436E+01	2.738812E-01	1.644367E-01
3.671265E+03	-1.692438E+01	2.752853E-01	1.644358E-01
3.671465E+03	-1.692437E+01	2.740762E-01	1.644355E-01
3.671665E+03	-1.692347E+01	2.735976E-01	1.644352E-01
3.671865E+03	-1.692330E+01	2.744439E-01	1.644349E-01
3.672065E+03	-1.692378E+01	2.750378E-01	1.644346E-01
3.672265E+03	-1.692348E+01	2.750030E-01	1.644343E-01
3.672465E+03	-1.692402E+01	2.749790E-01	1.644340E-01
3.672665E+03	-1.692395E+01	2.741636E-01	1.644337E-01
3.672865E+03	-1.692432E+01	2.731169E-01	1.644334E-01
3.673065E+03	-1.692446E+01	2.730530E-01	1.644331E-01
3.673265E+03	-1.692499E+01	2.725339E-01	1.644328E-01
3.674065E+03	-1.692496E+01	2.719638E-01	1.644316E-01
3.674265E+03	-1.692597E+01	2.725879E-01	1.644313E-01
3.674465E+03	-1.692604E+01	2.720320E-01	1.644310E-01
3.674666E+03	-1.692627E+01	2.720051E-01	1.644307E-01
3.674866E+03	-1.692682E+01	2.722932E-01	1.644304E-01
3.675066E+03	-1.692762E+01	2.733069E-01	1.644301E-01
3.675266E+03	-1.692787E+01	2.726772E-01	1.644298E-01
3.675466E+03	-1.692841E+01	2.737429E-01	1.644295E-01
3.675666E+03	-1.692882E+01	2.736037E-01	1.644292E-01
3.676265E+03	-1.692936E+01	2.744417E-01	1.644283E-01
3.676465E+03	-1.693063E+01	2.753566E-01	1.644280E-01
3.676666E+03	-1.693194E+01	2.754550E-01	1.644277E-01
3.676865E+03	-1.693228E+01	2.755476E-01	1.644275E-01
3.677065E+03	-1.693194E+01	2.749979E-01	1.644272E-01
3.677265E+03	-1.693189E+01	2.748842E-01	1.644269E-01
3.677465E+03	-1.693214E+01	2.749354E-01	1.644266E-01
3.677865E+03	-1.693279E+01	2.736587E-01	1.644260E-01
3.678065E+03	-1.693327E+01	2.713339E-01	1.644257E-01
3.678265E+03	-1.693402E+01	2.695642E-01	1.644254E-01
3.678465E+03	-1.693392E+01	2.674817E-01	1.644251E-01
3.678865E+03	-1.693533E+01	2.665844E-01	1.644245E-01
3.679065E+03	-1.693618E+01	2.651301E-01	1.644242E-01
3.679265E+03	-1.693543E+01	2.625729E-01	1.644239E-01
3.679665E+03	-1.693531E+01	2.614603E-01	1.644233E-01
3.679865E+03	-1.693632E+01	2.604248E-01	1.644230E-01
3.680066E+03	-1.693694E+01	2.605320E-01	1.644227E-01
3.680266E+03	-1.693674E+01	2.591341E-01	1.644224E-01
3.680466E+03	-1.693817E+01	2.586792E-01	1.644221E-01
3.680666E+03	-1.693795E+01	2.580173E-01	1.644218E-01
3.680866E+03	-1.693792E+01	2.570378E-01	1.644215E-01
3.681066E+03	-1.693793E+01	2.567669E-01	1.644212E-01
3.681266E+03	-1.693768E+01	2.536588E-01	1.644209E-01
3.681866E+03	-1.693789E+01	2.534644E-01	1.644200E-01
3.682066E+03	-1.693760E+01	2.526304E-01	1.644197E-01
3.682266E+03	-1.693761E+01	2.533566E-01	1.644194E-01
3.682466E+03	-1.693825E+01	2.536909E-01	1.644191E-01
3.682666E+03	-1.693855E+01	2.526203E-01	1.644188E-01
3.682866E+03	-1.693842E+01	2.524979E-01	1.644185E-01
3.683066E+03	-1.693890E+01	2.531304E-01	1.644182E-01
3.683466E+03	-1.694020E+01	2.539469E-01	1.644176E-01
3.683666E+03	-1.693932E+01	2.512631E-01	1.644173E-01
3.683866E+03	-1.693884E+01	2.478445E-01	1.644170E-01
3.684066E+03	-1.693989E+01	2.479852E-01	1.644167E-01
3.684266E+03	-1.693980E+01	2.479184E-01	1.644164E-01
3.684466E+03	-1.694004E+01	2.484851E-01	1.644161E-01
3.684666E+03	-1.694059E+01	2.504265E-01	1.644158E-01
3.684866E+03	-1.694139E+01	2.520269E-01	1.644155E-01
3.685066E+03	-1.694143E+01	2.518103E-01	1.644152E-01
3.685266E+03	-1.694150E+01	2.522186E-01	1.644149E-01
3.685467E+03	-1.694259E+01	2.533700E-01	1.644146E-01
3.685667E+03	-1.694441E+01	2.533962E-01	1.644143E-01
3.685867E+03	-1.694509E+01	2.538620E-01	1.644140E-01
3.686667E+03	-1.694640E+01	2.527886E-01	1.644128E-01
3.686867E+03	-1.694573E+01	2.512564E-01	1.644125E-01
3.687067E+03	-1.694679E+01	2.507349E-01	1.644122E-01
3.687267E+03	-1.694724E+01	2.508285E-01	1.644119E-01
3.687467E+03	-1.694757E+01	2.472276E-01	1.644116E-01
3.687667E+03	-1.694749E+01	2.422734E-01	1.644113E-01
3.687867E+03	-1.694730E+01	2.419256E-01	1.644110E-01
3.688066E+03	-1.694639E+01	2.415529E-01	1.644107E-01
3.688267E+03	-1.694740E+01	2.423206E-01	1.644104E-01
3.688466E+03	-1.694928E+01	2.424389E-01	1.644100E-01
3.688666E+03	-1.694977E+01	2.411470E-01	1.644097E-01
3.688867E+03	-1.695066E+01	2.417320E-01	1.644094E-01
3.689066E+03	-1.695280E+01	2.435491E-01	1.644091E-01
3.689266E+03	-1.695340E+01	2.430593E-01	1.644088E-01
3.689466E+03	-1.695323E+01	2.430363E-01	1.644085E-01
3.689666E+03	-1.695380E+01	2.434811E-01	1.644082E-01
3.689866E+03	-1.695422E+01	2.441816E-01	1.644079E-01
3.690066E+03	-1.695668E+01	2.449508E-01	1.644076E-01
3.690266E+03	-1.695839E+01	2.459162E-01	1.644073E-01
3.690466E+03	-1.695876E+01	2.473807E-01	1.644070E-01
3.690666E+03	-1.695993E+01	2.473195E-01	1.644067E-01
3.690867E+03	-1.696123E+01	2.468676E-01	1.644064E-01
3.691067E+03	-1.696255E+01	2.473802E-01	1.644061E-01
3.691267E+03	-1.696372E+01	2.423635E-01	1.644057E-01
3.691467E+03	-1.696439E+01	2.411169E-01	1.644054E-01
3.691667E+03	-1.696534E+01	2.420004E-01	1.644051E-01
3.691867E+03	-1.696753E+01	2.421551E-01	1.644048E-01
3.692067E+03	-1.696967E+01	2.419694E-01	1.644045E-01
3.692267E+03	-1.697200E+01	2.437478E-01	1.644042E-01
3.692467E+03	-1.697351E+01	2.435354E-01	1.644039E-01
3.692667E+03	-1.697365E+01	2.429993E-01	1.644036E-01
3.692867E+03	-1.697434E+01	2.436779E-01	1.644033E-01
3.693067E+03	-1.697477E+01	2.432663E-01	1.644030E-01
3.693267E+03	-1.697467E+01	2.417866E-01	1.644027E-01
3.693467E+03	-1.697564E+01	2.421116E-01	1.644024E-01
3.693667E+03	-1.697691E+01	2.420097E-01	1.644021E-01
3.694067E+03	-1.697802E+01	2.420072E-01	1.644014E-01
3.694267E+03	-1.697801E+01	2.426165E-01	1.644011E-01
3.694467E+03	-1.697910E+01	2.432124E-01	1.644008E-01
3.694667E+03	-1.697935E+01	2.421461E-01	1.644005E-01
3.694867E+03	-1.697949E+01	2.422411E-01	1.644002E-01
3.695067E+03	-1.698007E+01	2.422913E-01	1.643999E-01
3.695267E+03	-1.698053E+01	2.424947E-01	1.643996E-01
3.695467E+03	-1.698148E+01	2.430744E-01	1.643993E-01
3.695667E+03	-1.698164E+01	2.422183E-01	1.643990E-01
3.695867E+03	-1.698069E+01	2.410389E-01	1.643987E-01
3.696067E+03	-1.698148E+01	2.413869E-01	1.643984E-01
3.696268E+03	-1.698180E+01	2.414851E-01	1.643981E-01
3.696468E+03	-1.698087E+01	2.402445E-01	1.643978E-01
3.696668E+03	-1.697941E+01	2.385403E-01	1.643975E-01
3.697068E+03	-1.697803E+01	2.372720E-01	1.643968E-01
3.697268E+03	-1.697784E+01	2.375086E-01	1.643965E-01
3.697468E+03	-1.697870E+01	2.381499E-01	1.643962E-01
3.697668E+03	-1.697985E+01	2.379159E-01	1.643959E-01
3.698268E+03	-1.698091E+01	2.388009E-01	1.643950E-01
3.698468E+03	-1.698198E+01	2.403236E-01	1.643947E-01
3.698668E+03	-1.698275E+01	2.409745E-01	1.643944E-01
3.698868E+03	-1.698361E+01	2.410015E-01	1.643941E-01
3.699068E+03	-1.698408E+01	2.404356E-01	1.643938E-01
3.699268E+03	-1.698532E+01	2.416621E-01	1.643935E-01
3.699468E+03	-1.698565E+01	2.426936E-01	1.643932E-01
3.699668E+03	-1.698526E+01	2.413789E-01	1.643929E-01
3.699868E+03	-1.698486E+01	2.394602E-01	1.643926E-01
3.700068E+03	-1.698730E+01	2.409849E-01	1.643922E-01
3.700468E+03	-1.698843E+01	2.418996E-01	1.643916E-01
3.700668E+03	-1.698957E+01	2.431567E-01	1.643913E-01
3.701068E+03	-1.698989E+01	2.400918E-01	1.643907E-01
3.701267E+03	-1.699118E+01	2.388374E-01	1.643904E-01
3.701467E+03	-1.699194E+01	2.390979E-01	1.643901E-01
3.701667E+03	-1.699196E+01	2.384411E-01	1.643898E-01
3.701868E+03	-1.699165E+01	2.382857E-01	1.643895E-01
3.702068E+03	-1.699140E+01	2.385505E-01	1.643892E-01
3.702268E+03	-1.699090E+01	2.378939E-01	1.643889E-01
3.702468E+03	-1.699236E+01	2.382382E-01	1.643886E-01
3.702868E+03	-1.699444E+01	2.399577E-01	1.643880E-01
3.703068E+03	-1.699445E+01	2.386430E-01	1.643877E-01
3.703268E+03	-1.699395E+01	2.380230E-01	1.643873E-01
3.703668E+03	-1.699344E+01	2.378337E-01	1.643867E-01
3.703868E+03	-1.699496E+01	2.383303E-01	1.643864E-01
3.704068E+03	-1.699622E+01	2.399339E-01	1.643861E-01
3.704268E+03	-1.699593E+01	2.393796E-01	1.643858E-01
3.704468E+03	-1.699718E+01	2.404037E-01	1.643855E-01
3.704668E+03	-1.699821E+01	2.413620E-01	1.643852E-01
3.704868E+03	-1.699922E+01	2.420484E-01	1.643849E-01
3.705268E+03	-1.699943E+01	2.421649E-01	1.643843E-01
3.705468E+03	-1.699974E+01	2.410811E-01	1.643840E-01
3.705668E+03	-1.700160E+01	2.413697E-01	1.643837E-01
3.706268E+03	-1.700328E+01	2.431959E-01	1.643828E-01
3.706468E+03	-1.700299E+01	2.437752E-01	1.643825E-01
3.706668E+03	-1.700420E+01	2.442299E-01	1.643821E-01
3.706868E+03	-1.700465E+01	2.446881E-01	1.643818E-01
3.707068E+03	-1.700599E+01	2.452402E-01	1.643815E-01
3.707269E+03	-1.700709E+01	2.439534E-01	1.643812E-01
3.707469E+03	-1.700855E+01	2.427774E-01	1.643809E-01
3.707869E+03	-1.701008E+01	2.439600E-01	1.643803E-01
3.708069E+03	-1.701189E+01	2.454162E-01	1.643800E-01
3.708269E+03	-1.701238E+01	2.448707E-01	1.643797E-01
3.708469E+03	-1.701373E+01	2.464043E-01	1.643794E-01
3.708669E+03	-1.701453E+01	2.459930E-01	1.643791E-01
3.708869E+03	-1.701555E+01	2.466355E-01	1.643788E-01
3.709269E+03	-1.701555E+01	2.463783E-01	1.643782E-01
3.709469E+03	-1.701677E+01	2.467109E-01	1.643779E-01
3.709669E+03	-1.701758E+01	2.471513E-01	1.643776E-01
3.709869E+03	-1.701857E+01	2.460507E-01	1.643773E-01
3.710269E+03	-1.701821E+01	2.456596E-01	1.643766E-01
3.710469E+03	-1.701704E+01	2.442444E-01	1.643763E-01
3.710669E+03	-1.701704E+01	2.439542E-01	1.643760E-01
3.710869E+03	-1.701936E+01	2.461875E-01	1.643757E-01
3.711069E+03	-1.702002E+01	2.445148E-01	1.643754E-01
3.711269E+03	-1.702030E+01	2.452414E-01	1.643751E-01
3.711469E+03	-1.702148E+01	2.454533E-01	1.643748E-01
3.711669E+03	-1.702131E+01	2.445343E-01	1.643745E-01
3.711869E+03	-1.702178E+01	2.443512E-01	1.643742E-01
3.712069E+03	-1.702225E+01	2.446408E-01	1.643739E-01
3.712269E+03	-1.702289E+01	2.432552E-01	1.643736E-01
3.712468E+03	-1.702484E+01	2.445025E-01	1.643733E-01
3.712669E+03	-1.702556E+01	2.448812E-01	1.643730E-01
3.712869E+03	-1.702642E+01	2.454656E-01	1.643727E-01
3.713070E+03	-1.702744E+01	2.455697E-01	1.643724E-01
3.713269E+03	-1.702899E+01	2.461708E-01	1.643721E-01
3.713469E+03	-1.702995E+01	2.467472E-01	1.643718E-01
3.713669E+03	-1.703004E+01	2.468163E-01	1.643714E-01
3.713869E+03	-1.703010E+01	2.444846E-01	1.643711E-01
3.714069E+03	-1.703099E+01	2.426415E-01	1.643708E-01
3.714269E+03	-1.703242E+01	2.418384E-01	1.643705E-01
3.714469E+03	-1.703282E+01	2.415038E-01	1.643702E-01
3.714669E+03	-1.703388E+01	2.421252E-01	1.643699E-01
3.714869E+03	-1.703439E+01	2.426683E-01	1.643696E-01
3.715069E+03	-1.703461E+01	2.425749E-01	1.643693E-01
3.715469E+03	-1.703477E+01	2.435897E-01	1.643687E-01
3.715669E+03	-1.703558E+01	2.431204E-01	1.643684E-01
3.715869E+03	-1.703573E+01	2.440265E-01	1.643681E-01
3.716069E+03	-1.703623E+01	2.451797E-01	1.643678E-01
3.716269E+03	-1.703808E+01	2.461981E-01	1.643675E-01
3.716469E+03	-1.703760E+01	2.458809E-01	1.643672E-01
3.716669E+03	-1.703763E+01	2.453309E-01	1.643669E-01
3.716869E+03	-1.703775E+01	2.418995E-01	1.643666E-01
3.717069E+03	-1.703948E+01	2.430182E-01	1.643663E-01
3.717469E+03	-1.704192E+01	2.430451E-01	1.643657E-01
3.717669E+03	-1.704285E+01	2.433355E-01	1.643653E-01
3.717869E+03	-1.704431E+01	2.435896E-01	1.643650E-01
3.718070E+03	-1.704564E+01	2.470104E-01	1.643647E-01
3.718270E+03	-1.704642E+01	2.473898E-01	1.643644E-01
3.718470E+03	-1.704786E+01	2.482106E-01	1.643641E-01
3.718670E+03	-1.704768E+01	2.486610E-01	1.643638E-01
3.718870E+03	-1.704762E+01	2.478903E-01	1.643635E-01
3.719070E+03	-1.704950E+01	2.456353E-01	1.643632E-01
3.719270E+03	-1.705069E+01	2.465400E-01	1.643629E-01
3.719470E+03	-1.705194E+01	2.466049E-01	1.643626E-01
3.719670E+03	-1.705278E+01	2.464770E-01	1.643623E-01
3.719870E+03	-1.705262E+01	2.464821E-01	1.643620E-01
3.720070E+03	-1.705329E+01	2.468152E-01	1.643617E-01
3.720270E+03	-1.705396E+01	2.482235E-01	1.643614E-01
3.720470E+03	-1.705373E+01	2.481040E-01	1.643611E-01
3.720670E+03	-1.705462E+01	2.487254E-01	1.643608E-01
3.720870E+03	-1.705596E+01	2.495013E-01	1.643605E-01
3.721070E+03	-1.705520E+01	2.472110E-01	1.643602E-01
3.721270E+03	-1.705449E+01	2.452525E-01	1.643599E-01
3.721670E+03	-1.705600E+01	2.459135E-01	1.643592E-01
3.721870E+03	-1.705760E+01	2.470908E-01	1.643589E-01
3.722470E+03	-1.705832E+01	2.458159E-01	1.643580E-01
3.722670E+03	-1.705973E+01	2.462176E-01	1.643577E-01
3.722870E+03	-1.706024E+01	2.456670E-01	1.643574E-01
3.723070E+03	-1.705991E+01	2.475585E-01	1.643571E-01
3.723270E+03	-1.705956E+01	2.470859E-01	1.643568E-01
3.723471E+03	-1.706124E+01	2.490334E-01	1.643565E-01
3.723671E+03	-1.706349E+01	2.495869E-01	1.643562E-01
3.723871E+03	-1.706309E+01	2.492906E-01	1.643559E-01
3.724071E+03	-1.706307E+01	2.496155E-01	1.643556E-01
3.724271E+03	-1.706319E+01	2.493543E-01	1.643553E-01
3.724671E+03	-1.706311E+01	2.493724E-01	1.643547E-01
3.724870E+03	-1.706281E+01	2.490239E-01	1.643544E-01
3.725070E+03	-1.706279E+01	2.498852E-01	1.643541E-01
3.725470E+03	-1.706305E+01	2.486141E-01	1.643535E-01
3.725670E+03	-1.706167E+01	2.477743E-01	1.643532E-01
3.725870E+03	-1.706255E+01	2.468782E-01	1.643529E-01
3.726070E+03	-1.706285E+01	2.471284E-01	1.643526E-01
3.726270E+03	-1.706330E+01	2.475873E-01	1.643522E-01
3.726470E+03	-1.706235E+01	2.454466E-01	1.643519E-01
3.726670E+03	-1.706040E+01	2.455687E-01	1.643516E-01
3.726870E+03	-1.706076E+01	2.447379E-01	1.643513E-01
3.727470E+03	-1.706113E+01	2.451950E-01	1.643504E-01
3.727670E+03	-1.706038E+01	2.440081E-01	1.643501E-01
3.727870E+03	-1.705946E+01	2.433313E-01	1.643498E-01
3.728070E+03	-1.705876E+01	2.419038E-01	1.643495E-01
3.728270E+03	-1.705757E+01	2.424091E-01	1.643492E-01
3.728470E+03	-1.705654E+01	2.415272E-01	1.643489E-01
3.728670E+03	-1.705527E+01	2.404975E-01	1.643486E-01
3.728871E+03	-1.705572E+01	2.410967E-01	1.643483E-01
3.729271E+03	-1.705633E+01	2.412253E-01	1.643477E-01
3.729471E+03	-1.705667E+01	2.414231E-01	1.643474E-01
3.729871E+03	-1.705662E+01	2.402125E-01	1.643468E-01
3.730071E+03	-1.705614E+01	2.407781E-01	1.643465E-01
3.730471E+03	-1.705530E+01	2.394807E-01	1.643459E-01
3.730671E+03	-1.705629E+01	2.406315E-01	1.643456E-01
3.730871E+03	-1.705655E+01	2.419607E-01	1.643453E-01
3.731071E+03	-1.705543E+01	2.414729E-01	1.643449E-01
3.731271E+03	-1.705673E+01	2.420660E-01	1.643446E-01
3.731471E+03	-1.705544E+01	2.417150E-01	1.643443E-01
3.731671E+03	-1.705562E+01	2.414395E-01	1.643440E-01
3.731871E+03	-1.705713E+01	2.423276E-01	1.643437E-01
3.732071E+03	-1.705625E+01	2.416417E-01	1.643434E-01
3.732271E+03	-1.705559E+01	2.392179E-01	1.643431E-01
3.732471E+03	-1.705624E+01	2.410613E-01	1.643428E-01
3.732671E+03	-1.705644E+01	2.419737E-01	1.643425E-01
3.732871E+03	-1.705731E+01	2.424695E-01	1.643422E-01
3.733071E+03	-1.705781E+01	2.433713E-01	1.643419E-01
3.733271E+03	-1.705707E+01	2.439387E-01	1.643416E-01
3.733471E+03	-1.705758E+01	2.447903E-01	1.643413E-01
3.733671E+03	-1.705792E+01	2.446249E-01	1.643410E-01
3.733871E+03	-1.705893E+01	2.451165E-01	1.643407E-01
3.734071E+03	-1.705864E+01	2.454528E-01	1.643404E-01
3.734271E+03	-1.705751E+01	2.420232E-01	1.643401E-01
3.734472E+03	-1.705896E+01	2.400372E-01	1.643398E-01
3.734672E+03	-1.706004E+01	2.388283E-01	1.643395E-01
3.734872E+03	-1.706034E+01	2.374249E-01	1.643392E-01
3.735072E+03	-1.706155E+01	2.375338E-01	1.643389E-01
3.735272E+03	-1.706181E+01	2.369026E-01	1.643386E-01
3.735472E+03	-1.706233E+01	2.368213E-01	1.643383E-01
3.735672E+03	-1.706292E+01	2.385173E-01	1.643380E-01
3.735872E+03	-1.706344E+01	2.385427E-01	1.643377E-01
3.736072E+03	-1.706424E+01	2.388369E-01	1.643374E-01
3.736472E+03	-1.706498E+01	2.392180E-01	1.643367E-01
3.736671E+03	-1.706599E+01	2.421074E-01	1.643364E-01
3.737072E+03	-1.706564E+01	2.420103E-01	1.643358E-01
3.737271E+03	-1.706589E+01	2.423698E-01	1.643355E-01
3.737472E+03	-1.706634E+01	2.424973E-01	1.643352E-01
3.737671E+03	-1.706700E+01	2.425561E-01	1.643349E-01
3.737871E+03	-1.706827E+01	2.432999E-01	1.643346E-01
3.738071E+03	-1.706830E+01	2.437871E-01	1.643343E-01
3.738271E+03	-1.706871E+01	2.440292E-01	1.643340E-01
3.738471E+03	-1.706797E+01	2.443544E-01	1.643337E-01
3.738671E+03	-1.706695E+01	2.419790E-01	1.643334E-01
3.738871E+03	-1.706881E+01	2.443458E-01	1.643331E-01
3.739071E+03	-1.706953E+01	2.435969E-01	1.643328E-01
3.739471E+03	-1.706925E+01	2.456696E-01	1.643322E-01
3.739671E+03	-1.706917E+01	2.453044E-01	1.643319E-01
3.739872E+03	-1.706804E+01	2.453619E-01	1.643316E-01
3.740072E+03	-1.706661E+01	2.444640E-01	1.643313E-01
3.740272E+03	-1.706679E+01	2.439266E-01	1.643310E-01
3.740472E+03	-1.706566E+01	2.416254E-01	1.643307E-01
3.740672E+03	-1.706583E+01	2.435302E-01	1.643304E-01
3.740872E+03	-1.706579E+01	2.435851E-01	1.643301E-01
3.741072E+03	-1.706601E+01	2.443449E-01	1.643298E-01
3.741472E+03	-1.706398E+01	2.433374E-01	1.643292E-01
3.741872E+03	-1.706209E+01	2.416708E-01	1.643286E-01
3.742072E+03	-1.706181E+01	2.414177E-01	1.643283E-01
3.742272E+03	-1.706056E+01	2.397600E-01	1.643280E-01
3.742472E+03	-1.705929E+01	2.383067E-01	1.643277E-01
3.742672E+03	-1.705947E+01	2.398554E-01	1.643273E-01
3.742872E+03	-1.705970E+01	2.410115E-01	1.643270E-01
3.743072E+03	-1.705857E+01	2.400278E-01	1.643267E-01
3.743472E+03	-1.705756E+01	2.394767E-01	1.643261E-01
3.743672E+03	-1.705757E+01	2.396165E-01	1.643258E-01
3.743872E+03	-1.705696E+01	2.401817E-01	1.643255E-01
3.744072E+03	-1.705557E+01	2.392595E-01	1.643252E-01
3.744272E+03	-1.705444E+01	2.396372E-01	1.643249E-01
3.744472E+03	-1.705394E+01	2.378700E-01	1.643246E-01
3.744672E+03	-1.705345E+01	2.390142E-01	1.643243E-01
3.744872E+03	-1.705298E+01	2.389904E-01	1.643240E-01
3.745072E+03	-1.705242E+01	2.389977E-01	1.643237E-01
3.745273E+03	-1.705190E+01	2.397454E-01	1.643234E-01
3.745473E+03	-1.705093E+01	2.403345E-01	1.643231E-01
3.745673E+03	-1.705079E+01	2.414402E-01	1.643228E-01
3.745873E+03	-1.705143E+01	2.423827E-01	1.643225E-01
3.746073E+03	-1.704970E+01	2.423687E-01	1.643222E-01
3.746273E+03	-1.704974E+01	2.457146E-01	1.643219E-01
3.746473E+03	-1.704957E+01	2.460082E-01	1.643216E-01
3.746673E+03	-1.704825E+01	2.465949E-01	1.643213E-01
3.746873E+03	-1.704701E+01	2.464450E-01	1.643210E-01
3.747073E+03	-1.704647E+01	2.494902E-01	1.643207E-01
3.747273E+03	-1.704590E+01	2.490830E-01	1.643204E-01
3.747473E+03	-1.704531E+01	2.488463E-01	1.643201E-01
3.747673E+03	-1.704434E+01	2.480999E-01	1.643198E-01
3.747873E+03	-1.704460E+01	2.475886E-01	1.643195E-01
3.748273E+03	-1.704240E+01	2.450472E-01	1.643189E-01
3.748473E+03	-1.704039E+01	2.432343E-01	1.643186E-01
3.748673E+03	-1.704136E+01	2.437373E-01	1.643183E-01
3.748872E+03	-1.704061E+01	2.433204E-01	1.643180E-01
3.749073E+03	-1.704004E+01	2.412705E-01	1.643177E-01
3.749273E+03	-1.703899E+01	2.394800E-01	1.643174E-01
3.749472E+03	-1.703799E+01	2.375598E-01	1.643171E-01
3.749872E+03	-1.703764E+01	2.360069E-01	1.643165E-01
3.750072E+03	-1.703728E+01	2.356380E-01	1.643162E-01
3.750272E+03	-1.703776E+01	2.343840E-01	1.643159E-01
3.750472E+03	-1.703568E+01	2.319316E-01	1.643155E-01
3.750673E+03	-1.703478E+01	2.307033E-01	1.643152E-01
3.751073E+03	-1.703367E+01	2.298510E-01	1.643146E-01
3.751273E+03	-1.703274E+01	2.295229E-01	1.643143E-01
3.751473E+03	-1.703234E+01	2.301314E-01	1.643140E-01
3.751673E+03	-1.703122E+01	2.295357E-01	1.643137E-01
3.751873E+03	-1.703189E+01	2.289695E-01	1.643134E-01
3.752073E+03	-1.702962E+01	2.277468E-01	1.643131E-01
3.752473E+03	-1.702925E+01	2.280585E-01	1.643125E-01
3.752673E+03	-1.703063E+01	2.277827E-01	1.643122E-01
3.752873E+03	-1.703151E+01	2.283779E-01	1.643119E-01
3.753073E+03	-1.703231E+01	2.300479E-01	1.643116E-01
3.753273E+03	-1.703273E+01	2.301807E-01	1.643113E-01
3.753473E+03	-1.703243E+01	2.300665E-01	1.643110E-01
3.754073E+03	-1.703307E+01	2.294155E-01	1.643101E-01
3.754273E+03	-1.703470E+01	2.302664E-01	1.643098E-01
3.754473E+03	-1.703538E+01	2.317397E-01	1.643095E-01
3.754673E+03	-1.703660E+01	2.319475E-01	1.643092E-01
3.754873E+03	-1.703806E+01	2.342356E-01	1.643089E-01
3.755073E+03	-1.703931E+01	2.349034E-01	1.643086E-01
3.755273E+03	-1.703894E+01	2.347130E-01	1.643083E-01
3.755473E+03	-1.703695E+01	2.326013E-01	1.643080E-01
3.755673E+03	-1.703772E+01	2.312251E-01	1.643077E-01
3.755873E+03	-1.703640E+01	2.310761E-01	1.643074E-01
3.756074E+03	-1.703721E+01	2.316303E-01	1.643071E-01
3.756274E+03	-1.703775E+01	2.309674E-01	1.643068E-01
3.756474E+03	-1.703630E+01	2.306253E-01	1.643065E-01
3.756674E+03	-1.703493E+01	2.304506E-01	1.643062E-01
3.756874E+03	-1.703437E+01	2.305391E-01	1.643059E-01
3.757074E+03	-1.703291E+01	2.304340E-01	1.643056E-01
3.757274E+03	-1.703192E+01	2.295219E-01	1.643053E-01
3.757474E+03	-1.703113E+01	2.294357E-01	1.643050E-01
3.758274E+03	-1.703109E+01	2.289400E-01	1.643038E-01
3.758474E+03	-1.703208E+01	2.292973E-01	1.643035E-01
3.758674E+03	-1.703326E+01	2.304937E-01	1.643032E-01
3.758874E+03	-1.703201E+01	2.297532E-01	1.643029E-01
3.759074E+03	-1.703075E+01	2.306450E-01	1.643026E-01
3.759274E+03	-1.702989E+01	2.348808E-01	1.643023E-01
3.759474E+03	-1.702931E+01	2.341930E-01	1.643020E-01
3.759674E+03	-1.702895E+01	2.343951E-01	1.643017E-01
3.759874E+03	-1.702710E+01	2.333272E-01	1.643014E-01
3.760074E+03	-1.702655E+01	2.333918E-01	1.643011E-01
3.760274E+03	-1.702456E+01	2.312956E-01	1.643008E-01
3.760474E+03	-1.702228E+01	2.311994E-01	1.643005E-01
3.760674E+03	-1.702189E+01	2.321661E-01	1.643001E-01
3.760874E+03	-1.702188E+01	2.335298E-01	1.642998E-01
3.761073E+03	-1.701888E+01	2.318728E-01	1.642995E-01
3.761273E+03	-1.701787E+01	2.326925E-01	1.642992E-01
3.761474E+03	-1.701705E+01	2.320971E-01	1.642989E-01
3.761675E+03	-1.701740E+01	2.310967E-01	1.642986E-01
3.761874E+03	-1.701929E+01	2.316023E-01	1.642983E-01
3.762074E+03	-1.701974E+01	2.314602E-01	1.642980E-01
3.762274E+03	-1.701863E+01	2.339791E-01	1.642977E-01
3.762674E+03	-1.701816E+01	2.365679E-01	1.642971E-01
3.762874E+03	-1.701612E+01	2.354455E-01	1.642968E-01
3.763274E+03	-1.701349E+01	2.343528E-01	1.642962E-01
3.763474E+03	-1.701285E+01	2.343924E-01	1.642959E-01
3.763674E+03	-1.701228E+01	2.340898E-01	1.642956E-01
3.763874E+03	-1.701061E+01	2.334210E-01	1.642953E-01
3.764674E+03	-1.700877E+01	2.325409E-01	1.642941E-01
3.764874E+03	-1.700773E+01	2.326849E-01	1.642938E-01
3.765074E+03	-1.700820E+01	2.331352E-01	1.642935E-01
3.765274E+03	-1.700705E+01	2.345390E-01	1.642932E-01
3.765674E+03	-1.700680E+01	2.343909E-01	1.642926E-01
3.765874E+03	-1.700645E+01	2.346317E-01	1.642923E-01
3.766074E+03	-1.700755E+01	2.353718E-01	1.642920E-01
3.766274E+03	-1.700650E+01	2.320886E-01	1.642917E-01
3.766474E+03	-1.700465E+01	2.302063E-01	1.642914E-01
3.766674E+03	-1.700598E+01	2.326189E-01	1.642911E-01
3.766875E+03	-1.700655E+01	2.332409E-01	1.642908E-01
3.767075E+03	-1.700578E+01	2.327988E-01	1.642905E-01
3.767275E+03	-1.700653E+01	2.348971E-01	1.642902E-01
3.767475E+03	-1.700789E+01	2.355882E-01	1.642899E-01
3.767675E+03	-1.700698E+01	2.358615E-01	1.642896E-01
3.768075E+03	-1.700540E+01	2.368950E-01	1.642890E-01
3.768275E+03	-1.700300E+01	2.355012E-01	1.642887E-01
3.768475E+03	-1.700240E+01	2.325373E-01	1.642884E-01
3.769275E+03	-1.700264E+01	2.335562E-01	1.642872E-01
3.769475E+03	-1.700290E+01	2.369888E-01	1.642869E-01
3.769675E+03	-1.700278E+01	2.389803E-01	1.642866E-01
3.770075E+03	-1.700316E+01	2.391399E-01	1.642860E-01
3.770675E+03	-1.700217E+01	2.387638E-01	1.642851E-01
3.770875E+03	-1.700195E+01	2.392921E-01	1.642848E-01
3.771075E+03	-1.700153E+01	2.402684E-01	1.642845E-01
3.771475E+03	-1.700054E+01	2.397058E-01	1.642839E-01
3.771675E+03	-1.700017E+01	2.392886E-01	1.642836E-01
3.771875E+03	-1.700011E+01	2.392369E-01	1.642833E-01
3.772075E+03	-1.699952E+01	2.382907E-01	1.642830E-01
3.772275E+03	-1.699880E+01	2.380228E-01	1.642827E-01
3.772476E+03	-1.699925E+01	2.395728E-01	1.642824E-01
3.772676E+03	-1.699927E+01	2.395874E-01	1.642821E-01
3.772876E+03	-1.699995E+01	2.423703E-01	1.642818E-01
3.773276E+03	-1.699997E+01	2.424657E-01	1.642811E-01
3.773476E+03	-1.699898E+01	2.421228E-01	1.642808E-01
3.773675E+03	-1.699746E+01	2.428255E-01	1.642805E-01
3.773876E+03	-1.699602E+01	2.464653E-01	1.642802E-01
3.774275E+03	-1.699567E+01	2.500879E-01	1.642796E-01
3.774475E+03	-1.699446E+01	2.492316E-01	1.642793E-01
3.774675E+03	-1.699256E+01	2.477344E-01	1.642790E-01
3.774875E+03	-1.699244E+01	2.481780E-01	1.642787E-01
3.775075E+03	-1.699209E+01	2.474238E-01	1.642784E-01
3.775275E+03	-1.699282E+01	2.485348E-01	1.642780E-01
3.775875E+03	-1.699357E+01	2.489772E-01	1.642771E-01
3.776075E+03	-1.699130E+01	2.489133E-01	1.642768E-01
3.776275E+03	-1.699034E+01	2.492489E-01	1.642765E-01
3.776475E+03	-1.699037E+01	2.492480E-01	1.642762E-01
3.776675E+03	-1.699135E+01	2.500728E-01	1.642759E-01
3.776875E+03	-1.699196E+01	2.503004E-01	1.642756E-01
3.777075E+03	-1.699137E+01	2.499781E-01	1.642753E-01
3.777275E+03	-1.699027E+01	2.503554E-01	1.642750E-01
3.777675E+03	-1.698900E+01	2.507512E-01	1.642743E-01
3.777876E+03	-1.699047E+01	2.528341E-01	1.642740E-01
3.778076E+03	-1.699101E+01	2.527794E-01	1.642737E-01
3.778276E+03	-1.699014E+01	2.521692E-01	1.642734E-01
3.778476E+03	-1.699001E+01	2.523695E-01	1.642731E-01
3.778676E+03	-1.698946E+01	2.524819E-01	1.642728E-01
3.778876E+03	-1.698886E+01	2.524401E-01	1.642725E-01
3.779076E+03	-1.698905E+01	2.561850E-01	1.642722E-01
3.779276E+03	-1.699003E+01	2.598310E-01	1.642719E-01
3.779476E+03	-1.698965E+01	2.590036E-01	1.642716E-01
3.779876E+03	-1.698809E+01	2.582737E-01	1.642709E-01
3.780076E+03	-1.698726E+01	2.576565E-01	1.642706E-01
3.780276E+03	-1.698686E+01	2.585400E-01	1.642703E-01
3.780476E+03	-1.698633E+01	2.574653E-01	1.642700E-01
3.780676E+03	-1.698601E+01	2.572394E-01	1.642697E-01
3.780876E+03	-1.698617E+01	2.575043E-01	1.642694E-01
3.781076E+03	-1.698550E+01	2.576480E-01	1.642691E-01
3.781276E+03	-1.698467E+01	2.568471E-01	1.642688E-01
3.781476E+03	-1.698417E+01	2.555642E-01	1.642685E-01
3.781676E+03	-1.698413E+01	2.558498E-01	1.642682E-01
3.781876E+03	-1.698310E+01	2.549997E-01	1.642679E-01
3.782276E+03	-1.698167E+01	2.545475E-01	1.642672E-01
3.782476E+03	-1.698013E+01	2.553882E-01	1.642669E-01
3.782676E+03	-1.697940E+01	2.551509E-01	1.642666E-01
3.783076E+03	-1.697826E+01	2.571207E-01	1.642660E-01
3.783277E+03	-1.697722E+01	2.563003E-01	1.642657E-01
3.783477E+03	-1.697692E+01	2.564951E-01	1.642654E-01
3.783677E+03	-1.697614E+01	2.560972E-01	1.642651E-01
3.783877E+03	-1.697660E+01	2.551805E-01	1.642648E-01
3.784077E+03	-1.697591E+01	2.540252E-01	1.642645E-01
3.784277E+03	-1.697518E+01	2.536831E-01	1.642641E-01
3.784677E+03	-1.697593E+01	2.535182E-01	1.642635E-01
3.784877E+03	-1.697536E+01	2.522386E-01	1.642632E-01
3.785077E+03	-1.697429E+01	2.513994E-01	1.642629E-01
3.785276E+03	-1.697343E+01	2.509582E-01	1.642626E-01
3.785477E+03	-1.697327E+01	2.510405E-01	1.642623E-01
3.785677E+03	-1.697302E+01	2.505951E-01	1.642620E-01
3.785876E+03	-1.697218E+01	2.508932E-01	1.642617E-01
3.786476E+03	-1.697042E+01	2.498444E-01	1.642608E-01
3.786676E+03	-1.696915E+01	2.486870E-01	1.642604E-01
3.786876E+03	-1.696865E+01	2.498867E-01	1.642601E-01
3.787076E+03	-1.696784E+01	2.531031E-01	1.642598E-01
3.787276E+03	-1.696647E+01	2.534418E-01	1.642595E-01
3.787476E+03	-1.696546E+01	2.540689E-01	1.642592E-01
3.787676E+03	-1.696518E+01	2.528798E-01	1.642589E-01
3.787876E+03	-1.696453E+01	2.524890E-01	1.642586E-01
3.788076E+03	-1.696353E+01	2.519881E-01	1.642583E-01
3.788276E+03	-1.696275E+01	2.537497E-01	1.642580E-01
3.788476E+03	-1.696220E+01	2.537571E-01	1.642577E-01
3.788677E+03	-1.696301E+01	2.543797E-01	1.642574E-01
3.788877E+03	-1.696253E+01	2.539771E-01	1.642571E-01
3.789077E+03	-1.696211E+01	2.537304E-01	1.642568E-01
3.789277E+03	-1.696219E+01	2.537790E-01	1.642564E-01
3.789477E+03	-1.696176E+01	2.539441E-01	1.642561E-01
3.789677E+03	-1.696150E+01	2.539442E-01	1.642558E-01
3.789877E+03	-1.696154E+01	2.538480E-01	1.642555E-01
3.790077E+03	-1.696146E+01	2.539309E-01	1.642552E-01
3.790277E+03	-1.695960E+01	2.539644E-01	1.642549E-01
3.790477E+03	-1.695818E+01	2.531601E-01	1.642546E-01
3.790677E+03	-1.695845E+01	2.538513E-01	1.642543E-01
3.790877E+03	-1.695765E+01	2.531919E-01	1.642540E-01
3.791077E+03	-1.695749E+01	2.529227E-01	1.642537E-01
3.791277E+03	-1.695760E+01	2.524856E-01	1.642534E-01
3.791477E+03	-1.695801E+01	2.530161E-01	1.642531E-01
3.791677E+03	-1.695767E+01	2.520363E-01	1.642527E-01
3.791877E+03	-1.695690E+01	2.514971E-01	1.642524E-01
3.792077E+03	-1.695586E+01	2.496919E-01	1.642521E-01
3.792277E+03	-1.695558E+01	2.487646E-01	1.642518E-01
3.792477E+03	-1.695597E+01	2.486859E-01	1.642515E-01
3.792677E+03	-1.695586E+01	2.496100E-01	1.642512E-01
3.792877E+03	-1.695564E+01	2.499089E-01	1.642509E-01
3.793277E+03	-1.695639E+01	2.516302E-01	1.642503E-01
3.793477E+03	-1.695512E+01	2.513658E-01	1.642500E-01
3.793677E+03	-1.695575E+01	2.532644E-01	1.642497E-01
3.793877E+03	-1.695502E+01	2.530781E-01	1.642494E-01
3.794078E+03	-1.695413E+01	2.526969E-01	1.642491E-01
3.794278E+03	-1.695369E+01	2.530559E-01	1.642487E-01
3.794478E+03	-1.695324E+01	2.532466E-01	1.642484E-01
3.794678E+03	-1.695273E+01	2.531988E-01	1.642481E-01
3.794878E+03	-1.695230E+01	2.525225E-01	1.642478E-01
3.795078E+03	-1.695280E+01	2.528974E-01	1.642475E-01
3.795278E+03	-1.695370E+01	2.527837E-01	1.642472E-01
3.795478E+03	-1.695277E+01	2.522448E-01	1.642469E-01
3.795678E+03	-1.695264E+01	2.513994E-01	1.642466E-01
3.795878E+03	-1.695225E+01	2.510654E-01	1.642463E-01
3.796078E+03	-1.695237E+01	2.508877E-01	1.642460E-01
3.796278E+03	-1.695160E+01	2.498045E-01	1.642457E-01
3.796478E+03	-1.695148E+01	2.500294E-01	1.642454E-01
3.796678E+03	-1.695143E+01	2.497477E-01	1.642451E-01
3.796878E+03	-1.695090E+01	2.496986E-01	1.642447E-01
3.797078E+03	-1.694962E+01	2.487804E-01	1.642444E-01
3.797278E+03	-1.694878E+01	2.464444E-01	1.642441E-01
3.797477E+03	-1.695029E+01	2.484686E-01	1.642438E-01
3.797677E+03	-1.695087E+01	2.484761E-01	1.642435E-01
3.797878E+03	-1.695094E+01	2.488268E-01	1.642432E-01
3.798077E+03	-1.695005E+01	2.471764E-01	1.642429E-01
3.798278E+03	-1.694940E+01	2.469145E-01	1.642426E-01
3.798677E+03	-1.694981E+01	2.468956E-01	1.642420E-01
3.798877E+03	-1.695018E+01	2.473599E-01	1.642417E-01
3.799077E+03	-1.695050E+01	2.474909E-01	1.642414E-01
3.799277E+03	-1.694994E+01	2.471376E-01	1.642411E-01
3.799478E+03	-1.695038E+01	2.473641E-01	1.642408E-01
3.799678E+03	-1.695066E+01	2.489713E-01	1.642404E-01
3.799878E+03	-1.695041E+01	2.488624E-01	1.642401E-01
3.800078E+03	-1.695024E+01	2.488034E-01	1.642398E-01
3.800278E+03	-1.695058E+01	2.490084E-01	1.642395E-01
3.800478E+03	-1.695032E+01	2.492568E-01	1.642392E-01
3.800678E+03	-1.695027E+01	2.497692E-01	1.642389E-01
3.800878E+03	-1.695082E+01	2.505015E-01	1.642386E-01
3.801078E+03	-1.694972E+01	2.498923E-01	1.642383E-01
3.801278E+03	-1.694929E+01	2.516750E-01	1.642380E-01
3.801478E+03	-1.694964E+01	2.516964E-01	1.642377E-01
3.801678E+03	-1.694919E+01	2.515182E-01	1.642374E-01
3.801878E+03	-1.694999E+01	2.527656E-01	1.642371E-01
3.802278E+03	-1.694908E+01	2.516955E-01	1.642365E-01
3.802478E+03	-1.694793E+01	2.534843E-01	1.642361E-01
3.802678E+03	-1.694777E+01	2.534523E-01	1.642358E-01
3.802878E+03	-1.694788E+01	2.541791E-01	1.642355E-01
3.803078E+03	-1.694753E+01	2.536887E-01	1.642352E-01
3.803278E+03	-1.694669E+01	2.542965E-01	1.642349E-01
3.803478E+03	-1.694630E+01	2.539521E-01	1.642346E-01
3.803678E+03	-1.694666E+01	2.537517E-01	1.642343E-01
3.803878E+03	-1.694597E+01	2.536591E-01	1.642340E-01
3.804278E+03	-1.694541E+01	2.538648E-01	1.642334E-01
3.804478E+03	-1.694567E+01	2.545107E-01	1.642331E-01
3.804678E+03	-1.694544E+01	2.555741E-01	1.642328E-01
3.804879E+03	-1.694516E+01	2.551864E-01	1.642325E-01
3.805079E+03	-1.694485E+01	2.551191E-01	1.642322E-01
3.805479E+03	-1.694457E+01	2.538239E-01	1.642315E-01
3.805679E+03	-1.694419E+01	2.539732E-01	1.642312E-01
3.805879E+03	-1.694383E+01	2.551711E-01	1.642309E-01
3.806079E+03	-1.694339E+01	2.549856E-01	1.642306E-01
3.806279E+03	-1.694347E+01	2.558710E-01	1.642303E-01
3.806479E+03	-1.694409E+01	2.556105E-01	1.642300E-01
3.806679E+03	-1.694402E+01	2.552766E-01	1.642297E-01
3.806879E+03	-1.694361E+01	2.549803E-01	1.642294E-01
3.807079E+03	-1.694220E+01	2.554465E-01	1.642291E-01
3.807479E+03	-1.694043E+01	2.546344E-01	1.642285E-01
3.807679E+03	-1.694126E+01	2.547364E-01	1.642282E-01
3.808079E+03	-1.694092E+01	2.544999E-01	1.642276E-01
3.808279E+03	-1.694070E+01	2.543255E-01	1.642273E-01
3.808479E+03	-1.694002E+01	2.537788E-01	1.642269E-01
3.808879E+03	-1.693981E+01	2.533207E-01	1.642263E-01
3.809079E+03	-1.693914E+01	2.525888E-01	1.642260E-01
3.809279E+03	-1.693888E+01	2.517987E-01	1.642257E-01
3.809479E+03	-1.693901E+01	2.518690E-01	1.642254E-01
3.809678E+03	-1.693906E+01	2.511855E-01	1.642251E-01
3.809878E+03	-1.693975E+01	2.488264E-01	1.642248E-01
3.810079E+03	-1.694069E+01	2.520224E-01	1.642245E-01
3.810280E+03	-1.694109E+01	2.519477E-01	1.642242E-01
3.810879E+03	-1.694129E+01	2.529597E-01	1.642233E-01
3.811079E+03	-1.694210E+01	2.532433E-01	1.642230E-01
3.811479E+03	-1.694261E+01	2.541989E-01	1.642224E-01
3.811679E+03	-1.694247E+01	2.548069E-01	1.642220E-01
3.811879E+03	-1.694260E+01	2.539876E-01	1.642217E-01
3.812079E+03	-1.694284E+01	2.532895E-01	1.642214E-01
3.812279E+03	-1.694270E+01	2.532223E-01	1.642211E-01
3.812479E+03	-1.694275E+01	2.526580E-01	1.642208E-01
3.812679E+03	-1.694281E+01	2.527521E-01	1.642205E-01
3.812879E+03	-1.694302E+01	2.528854E-01	1.642202E-01
3.813079E+03	-1.694368E+01	2.538305E-01	1.642199E-01
3.813279E+03	-1.694373E+01	2.540343E-01	1.642196E-01
3.813479E+03	-1.694325E+01	2.516587E-01	1.642193E-01
3.813879E+03	-1.694305E+01	2.497410E-01	1.642187E-01
3.814079E+03	-1.694217E+01	2.494126E-01	1.642184E-01
3.814279E+03	-1.694085E+01	2.484012E-01	1.642181E-01
3.814479E+03	-1.694061E+01	2.486913E-01	1.642178E-01
3.814679E+03	-1.693958E+01	2.482801E-01	1.642175E-01
3.814879E+03	-1.693929E+01	2.479561E-01	1.642171E-01
3.815079E+03	-1.693990E+01	2.496932E-01	1.642168E-01
3.815279E+03	-1.693984E+01	2.495247E-01	1.642165E-01
3.815479E+03	-1.693991E+01	2.493324E-01	1.642162E-01
3.815680E+03	-1.693929E+01	2.473159E-01	1.642159E-01
3.815880E+03	-1.693968E+01	2.478162E-01	1.642156E-01
3.816280E+03	-1.694082E+01	2.477388E-01	1.642150E-01
3.816480E+03	-1.693959E+01	2.469426E-01	1.642147E-01
3.816680E+03	-1.693887E+01	2.465267E-01	1.642144E-01
3.816880E+03	-1.693901E+01	2.470966E-01	1.642141E-01
3.817080E+03	-1.693853E+01	2.464579E-01	1.642138E-01
3.817280E+03	-1.693857E+01	2.460946E-01	1.642135E-01
3.817480E+03	-1.693864E+01	2.471191E-01	1.642132E-01
3.817680E+03	-1.693861E+01	2.482400E-01	1.642129E-01
3.817880E+03	-1.693777E+01	2.475969E-01	1.642126E-01
3.818080E+03	-1.693696E+01	2.467441E-01	1.642123E-01
3.818480E+03	-1.693638E+01	2.451628E-01	1.642116E-01
3.818680E+03	-1.693614E+01	2.461285E-01	1.642113E-01
3.818880E+03	-1.693620E+01	2.473787E-01	1.642110E-01
3.819080E+03	-1.693657E+01	2.469735E-01	1.642107E-01
3.819280E+03	-1.693657E+01	2.448318E-01	1.642104E-01
3.819480E+03	-1.693650E+01	2.436585E-01	1.642101E-01
3.819680E+03	-1.693704E+01	2.439269E-01	1.642098E-01
3.819880E+03	-1.693770E+01	2.447826E-01	1.642095E-01
3.820080E+03	-1.693749E+01	2.440812E-01	1.642092E-01
3.820280E+03	-1.693722E+01	2.431380E-01	1.642089E-01
3.820480E+03	-1.693738E+01	2.432561E-01	1.642086E-01
3.820680E+03	-1.693749E+01	2.433351E-01	1.642083E-01
3.820880E+03	-1.693785E+01	2.435295E-01	1.642080E-01
3.821081E+03	-1.693894E+01	2.439256E-01	1.642077E-01
3.821281E+03	-1.693867E+01	2.436212E-01	1.642074E-01
3.821481E+03	-1.693899E+01	2.428743E-01	1.642071E-01
3.821680E+03	-1.693970E+01	2.432714E-01	1.642068E-01
3.821881E+03	-1.693982E+01	2.417914E-01	1.642064E-01
3.822081E+03	-1.694010E+01	2.413881E-01	1.642061E-01
3.822280E+03	-1.694008E+01	2.414327E-01	1.642058E-01
3.822481E+03	-1.693938E+01	2.398866E-01	1.642055E-01
3.822680E+03	-1.693997E+01	2.373213E-01	1.642052E-01
3.822880E+03	-1.693929E+01	2.338033E-01	1.642049E-01
3.823080E+03	-1.693901E+01	2.337166E-01	1.642046E-01
3.823280E+03	-1.693915E+01	2.329948E-01	1.642043E-01
3.823480E+03	-1.693922E+01	2.327760E-01	1.642040E-01
3.823680E+03	-1.693787E+01	2.319690E-01	1.642037E-01
3.823880E+03	-1.693765E+01	2.313757E-01	1.642034E-01
3.824080E+03	-1.693769E+01	2.319205E-01	1.642031E-01
3.824280E+03	-1.693847E+01	2.317201E-01	1.642028E-01
3.824480E+03	-1.693948E+01	2.320148E-01	1.642025E-01
3.824680E+03	-1.693909E+01	2.323591E-01	1.642022E-01
3.824880E+03	-1.693848E+01	2.321442E-01	1.642019E-01
3.825280E+03	-1.693910E+01	2.322928E-01	1.642013E-01
3.825480E+03	-1.693894E+01	2.322295E-01	1.642010E-01
3.825680E+03	-1.693943E+01	2.312246E-01	1.642006E-01
3.825880E+03	-1.694034E+01	2.302027E-01	1.642003E-01
3.826080E+03	-1.693948E+01	2.289818E-01	1.642000E-01
3.826280E+03	-1.693907E+01	2.289524E-01	1.641997E-01
3.826681E+03	-1.693918E+01	2.289283E-01	1.641991E-01
3.826881E+03	-1.693835E+01	2.282312E-01	1.641988E-01
3.827081E+03	-1.693889E+01	2.282904E-01	1.641985E-01
3.827281E+03	-1.693879E+01	2.278123E-01	1.641982E-01
3.827481E+03	-1.693898E+01	2.254327E-01	1.641979E-01
3.827681E+03	-1.693966E+01	2.237466E-01	1.641976E-01
3.827881E+03	-1.694033E+01	2.240820E-01	1.641973E-01
3.828081E+03	-1.694010E+01	2.236317E-01	1.641970E-01
3.828281E+03	-1.694010E+01	2.236774E-01	1.641967E-01
3.828481E+03	-1.694069E+01	2.227859E-01	1.641964E-01
3.828681E+03	-1.694157E+01	2.231876E-01	1.641961E-01
3.828881E+03	-1.694095E+01	2.241435E-01	1.641958E-01
3.829081E+03	-1.694105E+01	2.239990E-01	1.641955E-01
3.829281E+03	-1.694149E+01	2.250389E-01	1.641952E-01
3.829481E+03	-1.694195E+01	2.251052E-01	1.641949E-01
3.830481E+03	-1.694234E+01	2.260160E-01	1.641933E-01
3.830681E+03	-1.694254E+01	2.266769E-01	1.641930E-01
3.830881E+03	-1.694278E+01	2.271864E-01	1.641927E-01
3.831081E+03	-1.694355E+01	2.279970E-01	1.641924E-01
3.831281E+03	-1.694461E+01	2.275662E-01	1.641921E-01
3.831481E+03	-1.694540E+01	2.271209E-01	1.641918E-01
3.831681E+03	-1.694534E+01	2.245712E-01	1.641915E-01
3.831882E+03	-1.694508E+01	2.244285E-01	1.641912E-01
3.832082E+03	-1.694562E+01	2.244467E-01	1.641909E-01
3.832282E+03	-1.694603E+01	2.245983E-01	1.641906E-01
3.832882E+03	-1.694607E+01	2.247160E-01	1.641897E-01
3.833082E+03	-1.694679E+01	2.255615E-01	1.641894E-01
3.833282E+03	-1.694639E+01	2.253965E-01	1.641891E-01
3.833482E+03	-1.694584E+01	2.251460E-01	1.641888E-01
3.833881E+03	-1.694518E+01	2.247866E-01	1.641882E-01
3.834081E+03	-1.694482E+01	2.237271E-01	1.641878E-01
3.834282E+03	-1.694389E+01	2.232044E-01	1.641875E-01
3.834481E+03	-1.694408E+01	2.230262E-01	1.641872E-01
3.834682E+03	-1.694467E+01	2.233197E-01	1.641869E-01
3.834881E+03	-1.694504E+01	2.229962E-01	1.641866E-01
3.835081E+03	-1.694508E+01	2.239829E-01	1.641863E-01
3.835281E+03	-1.694520E+01	2.240894E-01	1.641860E-01
3.835481E+03	-1.694572E+01	2.238699E-01	1.641857E-01
3.835881E+03	-1.694563E+01	2.195497E-01	1.641851E-01
3.836081E+03	-1.694526E+01	2.181215E-01	1.641848E-01
3.836281E+03	-1.694539E+01	2.198558E-01	1.641845E-01
3.836481E+03	-1.694604E+01	2.207343E-01	1.641842E-01
3.836681E+03	-1.694564E+01	2.205434E-01	1.641839E-01
3.836881E+03	-1.694529E+01	2.207957E-01	1.641836E-01
3.837081E+03	-1.694540E+01	2.219034E-01	1.641833E-01
3.837282E+03	-1.694528E+01	2.204145E-01	1.641830E-01
3.837482E+03	-1.694422E+01	2.197166E-01	1.641827E-01
3.837682E+03	-1.694483E+01	2.206721E-01	1.641824E-01
3.837882E+03	-1.694450E+01	2.210805E-01	1.641821E-01
3.838082E+03	-1.694432E+01	2.214040E-01	1.641818E-01
3.838282E+03	-1.694515E+01	2.212001E-01	1.641815E-01
3.838482E+03	-1.694570E+01	2.212176E-01	1.641812E-01
3.838682E+03	-1.694547E+01	2.218672E-01	1.641808E-01
3.838882E+03	-1.694535E+01	2.227052E-01	1.641805E-01
3.839082E+03	-1.694496E+01	2.211092E-01	1.641802E-01
3.839282E+03	-1.694492E+01	2.201815E-01	1.641799E-01
3.839482E+03	-1.694475E+01	2.196615E-01	1.641796E-01
3.839882E+03	-1.694482E+01	2.191828E-01	1.641790E-01
3.840082E+03	-1.694443E+01	2.192332E-01	1.641787E-01
3.840282E+03	-1.694480E+01	2.202144E-01	1.641784E-01
3.840482E+03	-1.694512E+01	2.201736E-01	1.641781E-01
3.840682E+03	-1.694585E+01	2.205541E-01	1.641778E-01
3.840882E+03	-1.694567E+01	2.205189E-01	1.641775E-01
3.841082E+03	-1.694677E+01	2.218260E-01	1.641772E-01
3.841282E+03	-1.694796E+01	2.226304E-01	1.641769E-01
3.841482E+03	-1.694792E+01	2.226918E-01	1.641766E-01
3.841682E+03	-1.694865E+01	2.214900E-01	1.641763E-01
3.841882E+03	-1.694835E+01	2.207100E-01	1.641760E-01
3.842082E+03	-1.694796E+01	2.190770E-01	1.641757E-01
3.842482E+03	-1.694780E+01	2.187177E-01	1.641751E-01
3.842683E+03	-1.694723E+01	2.180302E-01	1.641748E-01
3.842883E+03	-1.694684E+01	2.165087E-01	1.641745E-01
3.843083E+03	-1.694698E+01	2.157803E-01	1.641742E-01
3.843283E+03	-1.694824E+01	2.184129E-01	1.641739E-01
3.843483E+03	-1.694825E+01	2.179487E-01	1.641736E-01
3.843683E+03	-1.694867E+01	2.179310E-01	1.641733E-01
3.843883E+03	-1.694933E+01	2.180811E-01	1.641729E-01
3.844083E+03	-1.694873E+01	2.176956E-01	1.641726E-01
3.844283E+03	-1.694950E+01	2.181063E-01	1.641723E-01
3.844483E+03	-1.695020E+01	2.184840E-01	1.641720E-01
3.844883E+03	-1.695021E+01	2.185182E-01	1.641714E-01
3.845083E+03	-1.695114E+01	2.190289E-01	1.641711E-01
3.845283E+03	-1.695059E+01	2.189892E-01	1.641708E-01
3.845483E+03	-1.695069E+01	2.190020E-01	1.641705E-01
3.845683E+03	-1.695160E+01	2.183323E-01	1.641702E-01
3.845883E+03	-1.695148E+01	2.179298E-01	1.641699E-01
3.846082E+03	-1.695182E+01	2.173500E-01	1.641696E-01
3.846282E+03	-1.695204E+01	2.171535E-01	1.641693E-01
3.846483E+03	-1.695200E+01	2.168757E-01	1.641690E-01
3.846682E+03	-1.695129E+01	2.163370E-01	1.641687E-01
3.846883E+03	-1.695210E+01	2.170286E-01	1.641684E-01
3.847082E+03	-1.695207E+01	2.163262E-01	1.641681E-01
3.847282E+03	-1.695248E+01	2.155036E-01	1.641678E-01
3.847482E+03	-1.695255E+01	2.153002E-01	1.641675E-01
3.847682E+03	-1.695324E+01	2.157918E-01	1.641672E-01
3.847882E+03	-1.695480E+01	2.165252E-01	1.641669E-01
3.848283E+03	-1.695470E+01	2.172195E-01	1.641663E-01
3.848683E+03	-1.695446E+01	2.171221E-01	1.641657E-01
3.848883E+03	-1.695496E+01	2.173955E-01	1.641654E-01
3.849283E+03	-1.695541E+01	2.172322E-01	1.641648E-01
3.849483E+03	-1.695608E+01	2.188329E-01	1.641645E-01
3.849683E+03	-1.695586E+01	2.208508E-01	1.641641E-01
3.849883E+03	-1.695566E+01	2.208900E-01	1.641638E-01
3.850083E+03	-1.695610E+01	2.216312E-01	1.641635E-01
3.850683E+03	-1.695653E+01	2.218375E-01	1.641626E-01
3.850883E+03	-1.695728E+01	2.217633E-01	1.641623E-01
3.851083E+03	-1.695853E+01	2.223851E-01	1.641620E-01
3.851283E+03	-1.695980E+01	2.205635E-01	1.641617E-01
3.851483E+03	-1.696072E+01	2.211281E-01	1.641614E-01
3.851683E+03	-1.696082E+01	2.218266E-01	1.641611E-01
3.851883E+03	-1.696115E+01	2.208005E-01	1.641608E-01
3.852083E+03	-1.696099E+01	2.210700E-01	1.641605E-01
3.852283E+03	-1.696184E+01	2.186128E-01	1.641602E-01
3.852483E+03	-1.696292E+01	2.189461E-01	1.641599E-01
3.852683E+03	-1.696321E+01	2.182779E-01	1.641596E-01
3.852883E+03	-1.696383E+01	2.181384E-01	1.641593E-01
3.853283E+03	-1.696384E+01	2.176380E-01	1.641587E-01
3.853684E+03	-1.696522E+01	2.187272E-01	1.641581E-01
3.853884E+03	-1.696520E+01	2.180675E-01	1.641578E-01
3.854084E+03	-1.696585E+01	2.192870E-01	1.641575E-01
3.854284E+03	-1.696518E+01	2.176878E-01	1.641572E-01
3.854484E+03	-1.696497E+01	2.171473E-01	1.641569E-01
3.854684E+03	-1.696472E+01	2.158134E-01	1.641566E-01
3.854884E+03	-1.696448E+01	2.151010E-01	1.641563E-01
3.855084E+03	-1.696434E+01	2.149379E-01	1.641560E-01
3.855484E+03	-1.696460E+01	2.156017E-01	1.641554E-01
3.855684E+03	-1.696406E+01	2.149361E-01	1.641551E-01
3.855884E+03	-1.696347E+01	2.131828E-01	1.641548E-01
3.856084E+03	-1.696333E+01	2.130303E-01	1.641545E-01
3.856284E+03	-1.696365E+01	2.115588E-01	1.641542E-01
3.856484E+03	-1.696439E+01	2.121113E-01	1.641538E-01
3.856684E+03	-1.696392E+01	2.118184E-01	1.641535E-01
3.856884E+03	-1.696463E+01	2.122563E-01	1.641532E-01
3.857084E+03	-1.696552E+01	2.108715E-01	1.641529E-01
3.857284E+03	-1.696514E+01	2.104715E-01	1.641526E-01
3.857484E+03	-1.696452E+01	2.107220E-01	1.641523E-01
3.857684E+03	-1.696408E+01	2.097240E-01	1.641520E-01
3.857883E+03	-1.696392E+01	2.099705E-01	1.641517E-01
3.858084E+03	-1.696328E+01	2.097889E-01	1.641514E-01
3.858483E+03	-1.696300E+01	2.100082E-01	1.641508E-01
3.858684E+03	-1.696173E+01	2.092629E-01	1.641505E-01
3.858885E+03	-1.696252E+01	2.097218E-01	1.641502E-01
3.859084E+03	-1.696261E+01	2.097620E-01	1.641499E-01
3.859284E+03	-1.696242E+01	2.094167E-01	1.641496E-01
3.859684E+03	-1.696271E+01	2.096195E-01	1.641490E-01
3.859884E+03	-1.696246E+01	2.057710E-01	1.641487E-01
3.860084E+03	-1.696177E+01	2.058912E-01	1.641484E-01
3.860284E+03	-1.696172E+01	2.056052E-01	1.641481E-01
3.860484E+03	-1.696182E+01	2.066722E-01	1.641477E-01
3.860684E+03	-1.696092E+01	2.069359E-01	1.641474E-01
3.860884E+03	-1.696147E+01	2.072356E-01	1.641471E-01
3.861084E+03	-1.696280E+01	2.074484E-01	1.641468E-01
3.861284E+03	-1.696231E+01	2.076480E-01	1.641465E-01
3.861484E+03	-1.696228E+01	2.077188E-01	1.641462E-01
3.861684E+03	-1.696202E+01	2.073253E-01	1.641459E-01
3.861884E+03	-1.696333E+01	2.078883E-01	1.641456E-01
3.862084E+03	-1.696343E+01	2.082099E-01	1.641453E-01
3.862284E+03	-1.696287E+01	2.071492E-01	1.641449E-01
3.862484E+03	-1.696347E+01	2.077988E-01	1.641446E-01
3.862684E+03	-1.696381E+01	2.084362E-01	1.641443E-01
3.862884E+03	-1.696380E+01	2.092862E-01	1.641440E-01
3.863084E+03	-1.696344E+01	2.092640E-01	1.641437E-01
3.863284E+03	-1.696326E+01	2.093826E-01	1.641434E-01
3.863484E+03	-1.696293E+01	2.085627E-01	1.641431E-01
3.863684E+03	-1.696329E+01	2.085588E-01	1.641428E-01
3.863884E+03	-1.696506E+01	2.102703E-01	1.641425E-01
3.864084E+03	-1.696528E+01	2.085612E-01	1.641421E-01
3.864285E+03	-1.696606E+01	2.084618E-01	1.641418E-01
3.864485E+03	-1.696611E+01	2.106245E-01	1.641415E-01
3.864685E+03	-1.696779E+01	2.114504E-01	1.641412E-01
3.864885E+03	-1.696766E+01	2.117337E-01	1.641409E-01
3.865085E+03	-1.696663E+01	2.110945E-01	1.641406E-01
3.865285E+03	-1.696718E+01	2.114617E-01	1.641403E-01
3.865485E+03	-1.696708E+01	2.111754E-01	1.641400E-01
3.865685E+03	-1.696584E+01	2.096232E-01	1.641397E-01
3.865885E+03	-1.696460E+01	2.082148E-01	1.641393E-01
3.866085E+03	-1.696433E+01	2.085158E-01	1.641390E-01
3.866285E+03	-1.696385E+01	2.075822E-01	1.641387E-01
3.866485E+03	-1.696348E+01	2.044018E-01	1.641384E-01
3.866685E+03	-1.696383E+01	2.045614E-01	1.641381E-01
3.866885E+03	-1.696358E+01	2.078415E-01	1.641378E-01
3.867085E+03	-1.696272E+01	2.070537E-01	1.641375E-01
3.867285E+03	-1.696294E+01	2.058866E-01	1.641372E-01
3.867485E+03	-1.696249E+01	2.041877E-01	1.641369E-01
3.867685E+03	-1.696225E+01	2.046103E-01	1.641366E-01
3.867885E+03	-1.696289E+01	2.048031E-01	1.641362E-01
3.868085E+03	-1.696305E+01	2.040270E-01	1.641359E-01
3.868285E+03	-1.696332E+01	2.041278E-01	1.641356E-01
3.868485E+03	-1.696196E+01	2.027091E-01	1.641353E-01
3.868685E+03	-1.696190E+01	2.023212E-01	1.641350E-01
3.868885E+03	-1.696269E+01	2.033852E-01	1.641347E-01
3.869085E+03	-1.696190E+01	2.035444E-01	1.641344E-01
3.869285E+03	-1.696085E+01	2.030866E-01	1.641341E-01
3.869485E+03	-1.696029E+01	2.028154E-01	1.641338E-01
3.869686E+03	-1.696093E+01	2.036512E-01	1.641334E-01
3.869886E+03	-1.696226E+01	2.042746E-01	1.641331E-01
3.870485E+03	-1.696145E+01	2.036158E-01	1.641322E-01
3.870686E+03	-1.696227E+01	2.043288E-01	1.641319E-01
3.870885E+03	-1.696407E+01	2.086495E-01	1.641316E-01
3.871086E+03	-1.696403E+01	2.079731E-01	1.641313E-01
3.871285E+03	-1.696522E+01	2.091417E-01	1.641310E-01
3.871485E+03	-1.696667E+01	2.100414E-01	1.641307E-01
3.871685E+03	-1.696796E+01	2.102050E-01	1.641303E-01
3.871885E+03	-1.696862E+01	2.105285E-01	1.641300E-01
3.872085E+03	-1.696766E+01	2.100027E-01	1.641297E-01
3.872285E+03	-1.696735E+01	2.094355E-01	1.641294E-01
3.872485E+03	-1.696775E+01	2.107683E-01	1.641291E-01
3.872685E+03	-1.696790E+01	2.120708E-01	1.641288E-01
3.872885E+03	-1.696747E+01	2.120176E-01	1.641285E-01
3.873085E+03	-1.696659E+01	2.108659E-01	1.641282E-01
3.873285E+03	-1.696630E+01	2.099638E-01	1.641279E-01
3.873485E+03	-1.696643E+01	2.093002E-01	1.641276E-01
3.873885E+03	-1.696694E+01	2.090036E-01	1.641269E-01
3.874085E+03	-1.696740E+01	2.094897E-01	1.641266E-01
3.874285E+03	-1.696749E+01	2.093458E-01	1.641263E-01
3.874485E+03	-1.696846E+01	2.097594E-01	1.641260E-01
3.874685E+03	-1.696935E+01	2.101243E-01	1.641257E-01
3.874885E+03	-1.696943E+01	2.108801E-01	1.641254E-01
3.875086E+03	-1.696940E+01	2.107895E-01	1.641251E-01
3.875286E+03	-1.696990E+01	2.109415E-01	1.641248E-01
3.875486E+03	-1.696902E+01	2.106328E-01	1.641244E-01
3.875686E+03	-1.696873E+01	2.092489E-01	1.641241E-01
3.875886E+03	-1.696940E+01	2.095940E-01	1.641238E-01
3.876086E+03	-1.696927E+01	2.092779E-01	1.641235E-01
3.876286E+03	-1.696956E+01	2.092954E-01	1.641232E-01
3.876486E+03	-1.697014E+01	2.100952E-01	1.641229E-01
3.876686E+03	-1.697005E+01	2.100837E-01	1.641226E-01
3.876886E+03	-1.697000E+01	2.092127E-01	1.641223E-01
3.877086E+03	-1.696971E+01	2.091693E-01	1.641220E-01
3.877286E+03	-1.696970E+01	2.091760E-01	1.641217E-01
3.877486E+03	-1.696904E+01	2.087629E-01	1.641213E-01
3.877686E+03	-1.696866E+01	2.069798E-01	1.641210E-01
3.877886E+03	-1.696876E+01	2.070392E-01	1.641207E-01
3.878086E+03	-1.697000E+01	2.058945E-01	1.641204E-01
3.878286E+03	-1.697015E+01	2.067759E-01	1.641201E-01
3.878486E+03	-1.696964E+01	2.056894E-01	1.641198E-01
3.878686E+03	-1.697024E+01	2.063376E-01	1.641195E-01
3.878886E+03	-1.697041E+01	2.052197E-01	1.641192E-01
3.879086E+03	-1.697017E+01	2.040515E-01	1.641189E-01
3.879286E+03	-1.697066E+01	2.036065E-01	1.641186E-01
3.879486E+03	-1.697143E+01	2.036381E-01	1.641183E-01
3.879686E+03	-1.697145E+01	2.038005E-01	1.641179E-01
3.879886E+03	-1.697090E+01	2.036970E-01	1.641176E-01
3.880086E+03	-1.697072E+01	2.030900E-01	1.641173E-01
3.880286E+03	-1.697070E+01	2.052475E-01	1.641170E-01
3.880487E+03	-1.696976E+01	2.069153E-01	1.641167E-01
3.880687E+03	-1.696933E+01	2.068799E-01	1.641164E-01
3.880887E+03	-1.696983E+01	2.070274E-01	1.641161E-01
3.881087E+03	-1.696960E+01	2.065454E-01	1.641158E-01
3.881487E+03	-1.696894E+01	2.062011E-01	1.641152E-01
3.881687E+03	-1.696879E+01	2.063153E-01	1.641148E-01
3.881887E+03	-1.696959E+01	2.066367E-01	1.641145E-01
3.882087E+03	-1.696983E+01	2.068747E-01	1.641142E-01
3.882287E+03	-1.697018E+01	2.083080E-01	1.641139E-01
3.882486E+03	-1.697120E+01	2.086691E-01	1.641136E-01
3.882686E+03	-1.697185E+01	2.076990E-01	1.641133E-01
3.882887E+03	-1.697141E+01	2.076237E-01	1.641130E-01
3.883086E+03	-1.697094E+01	2.061834E-01	1.641127E-01
3.883287E+03	-1.697062E+01	2.062826E-01	1.641124E-01
3.883486E+03	-1.697098E+01	2.065998E-01	1.641121E-01
3.883686E+03	-1.697008E+01	2.027042E-01	1.641118E-01
3.884086E+03	-1.696923E+01	2.023525E-01	1.641111E-01
3.884286E+03	-1.697060E+01	2.030647E-01	1.641108E-01
3.884486E+03	-1.697059E+01	2.024592E-01	1.641105E-01
3.884686E+03	-1.697090E+01	1.986607E-01	1.641102E-01
3.884886E+03	-1.697106E+01	1.982301E-01	1.641099E-01
3.885086E+03	-1.697050E+01	1.979289E-01	1.641096E-01
3.885286E+03	-1.697065E+01	1.973521E-01	1.641093E-01
3.885486E+03	-1.697153E+01	1.987611E-01	1.641090E-01
3.885686E+03	-1.697225E+01	1.988091E-01	1.641087E-01
3.885887E+03	-1.697318E+01	1.989730E-01	1.641083E-01
3.886087E+03	-1.697304E+01	1.988087E-01	1.641080E-01
3.886287E+03	-1.697286E+01	1.993827E-01	1.641077E-01
3.886687E+03	-1.697324E+01	2.007930E-01	1.641071E-01
3.886887E+03	-1.697350E+01	2.009239E-01	1.641068E-01
3.887087E+03	-1.697359E+01	2.005895E-01	1.641065E-01
3.887287E+03	-1.697420E+01	2.009176E-01	1.641062E-01
3.887487E+03	-1.697515E+01	2.005166E-01	1.641059E-01
3.887687E+03	-1.697519E+01	2.000708E-01	1.641056E-01
3.887887E+03	-1.697659E+01	2.003359E-01	1.641053E-01
3.888287E+03	-1.697669E+01	2.003058E-01	1.641046E-01
3.888487E+03	-1.697788E+01	2.010348E-01	1.641043E-01
3.888687E+03	-1.697859E+01	2.017846E-01	1.641040E-01
3.888887E+03	-1.697873E+01	2.015374E-01	1.641037E-01
3.889087E+03	-1.697875E+01	2.016794E-01	1.641034E-01
3.889287E+03	-1.697832E+01	2.017679E-01	1.641031E-01
3.889487E+03	-1.697825E+01	2.022477E-01	1.641028E-01
3.889687E+03	-1.697861E+01	2.029455E-01	1.641025E-01
3.889887E+03	-1.697819E+01	2.028564E-01	1.641022E-01
3.890087E+03	-1.697824E+01	2.028980E-01	1.641019E-01
3.890287E+03	-1.697796E+01	2.015752E-01	1.641016E-01
3.890487E+03	-1.697728E+01	2.016986E-01	1.641012E-01
3.890687E+03	-1.697748E+01	2.021783E-01	1.641009E-01
3.890887E+03	-1.697781E+01	1.995998E-01	1.641006E-01
3.891087E+03	-1.697731E+01	1.997855E-01	1.641003E-01
3.891288E+03	-1.697860E+01	2.004773E-01	1.641000E-01
3.891488E+03	-1.697977E+01	2.010675E-01	1.640997E-01
3.891688E+03	-1.697970E+01	2.016058E-01	1.640994E-01
3.891888E+03	-1.698005E+01	2.018398E-01	1.640991E-01
3.892088E+03	-1.697942E+01	2.026632E-01	1.640988E-01
3.892288E+03	-1.698078E+01	2.036681E-01	1.640985E-01
3.892488E+03	-1.698102E+01	2.038875E-01	1.640982E-01
3.892888E+03	-1.698090E+01	2.036243E-01	1.640975E-01
3.893088E+03	-1.698097E+01	2.036756E-01	1.640972E-01
3.893288E+03	-1.698002E+01	2.033223E-01	1.640969E-01
3.893488E+03	-1.697966E+01	2.047773E-01	1.640966E-01
3.893888E+03	-1.697903E+01	2.045028E-01	1.640960E-01
3.894088E+03	-1.697846E+01	2.042310E-01	1.640957E-01
3.894288E+03	-1.697944E+01	2.056712E-01	1.640954E-01
3.894488E+03	-1.697858E+01	2.036834E-01	1.640951E-01
3.894688E+03	-1.697788E+01	2.022904E-01	1.640948E-01
3.895088E+03	-1.697937E+01	2.030373E-01	1.640941E-01
3.895287E+03	-1.698028E+01	2.041568E-01	1.640938E-01
3.895488E+03	-1.698147E+01	2.050898E-01	1.640935E-01
3.895687E+03	-1.698137E+01	2.050959E-01	1.640932E-01
3.895887E+03	-1.697955E+01	2.050698E-01	1.640929E-01
3.896087E+03	-1.697884E+01	2.043692E-01	1.640926E-01
3.896287E+03	-1.697933E+01	2.053584E-01	1.640923E-01
3.896487E+03	-1.697948E+01	2.068772E-01	1.640920E-01
3.896688E+03	-1.697953E+01	2.067429E-01	1.640917E-01
3.896888E+03	-1.697844E+01	2.046463E-01	1.640914E-01
3.897088E+03	-1.697739E+01	2.031247E-01	1.640911E-01
3.897288E+03	-1.697706E+01	2.029635E-01	1.640908E-01
3.897488E+03	-1.697714E+01	2.018696E-01	1.640904E-01
3.897688E+03	-1.697702E+01	2.009614E-01	1.640901E-01
3.898088E+03	-1.697683E+01	2.008757E-01	1.640895E-01
3.898288E+03	-1.697602E+01	2.009622E-01	1.640892E-01
3.898488E+03	-1.697405E+01	2.001031E-01	1.640889E-01
3.898688E+03	-1.697257E+01	1.994836E-01	1.640886E-01
3.898888E+03	-1.697246E+01	1.987390E-01	1.640883E-01
3.899088E+03	-1.697242E+01	1.987472E-01	1.640880E-01
3.899288E+03	-1.697144E+01	1.975063E-01	1.640877E-01
3.899488E+03	-1.697204E+01	1.980804E-01	1.640874E-01
3.899688E+03	-1.697259E+01	1.989922E-01	1.640871E-01
3.899888E+03	-1.697366E+01	1.998658E-01	1.640867E-01
3.900088E+03	-1.697502E+01	2.003910E-01	1.640864E-01
3.900288E+03	-1.697490E+01	1.990928E-01	1.640861E-01
3.900488E+03	-1.697396E+01	1.979993E-01	1.640858E-01
3.900688E+03	-1.697387E+01	1.978852E-01	1.640855E-01
3.900888E+03	-1.697489E+01	1.970142E-01	1.640852E-01
3.901088E+03	-1.697497E+01	1.973593E-01	1.640849E-01
3.901288E+03	-1.697450E+01	1.973641E-01	1.640846E-01
3.901488E+03	-1.697349E+01	1.968789E-01	1.640843E-01
3.901688E+03	-1.697402E+01	1.970084E-01	1.640840E-01
3.901888E+03	-1.697313E+01	1.966042E-01	1.640837E-01
3.902089E+03	-1.697219E+01	1.956447E-01	1.640834E-01
3.902289E+03	-1.697167E+01	1.952526E-01	1.640830E-01
3.902489E+03	-1.697193E+01	1.951675E-01	1.640827E-01
3.902689E+03	-1.697205E+01	1.952139E-01	1.640824E-01
3.902889E+03	-1.697087E+01	1.947451E-01	1.640821E-01
3.903089E+03	-1.697042E+01	1.942541E-01	1.640818E-01
3.903289E+03	-1.697116E+01	1.946099E-01	1.640815E-01
3.903489E+03	-1.697081E+01	1.944943E-01	1.640812E-01
3.903689E+03	-1.697132E+01	1.948854E-01	1.640809E-01
3.903889E+03	-1.697084E+01	1.940917E-01	1.640806E-01
3.904089E+03	-1.697061E+01	1.936611E-01	1.640803E-01
3.904289E+03	-1.697023E+01	1.937698E-01	1.640800E-01
3.904489E+03	-1.697021E+01	1.938551E-01	1.640797E-01
3.904689E+03	-1.696941E+01	1.933721E-01	1.640794E-01
3.904889E+03	-1.696882E+01	1.927876E-01	1.640790E-01
3.905089E+03	-1.696755E+01	1.918819E-01	1.640787E-01
3.905289E+03	-1.696739E+01	1.917559E-01	1.640784E-01
3.905489E+03	-1.696755E+01	1.923412E-01	1.640781E-01
3.905689E+03	-1.696704E+01	1.925739E-01	1.640778E-01
3.905889E+03	-1.696646E+01	1.935618E-01	1.640775E-01
3.906289E+03	-1.696602E+01	1.938471E-01	1.640769E-01
3.906488E+03	-1.696617E+01	1.936940E-01	1.640766E-01
3.906689E+03	-1.696752E+01	1.936465E-01	1.640763E-01
3.906889E+03	-1.696940E+01	1.938889E-01	1.640760E-01
3.907088E+03	-1.697064E+01	1.929495E-01	1.640757E-01
3.907289E+03	-1.696933E+01	1.905052E-01	1.640754E-01
3.907490E+03	-1.696881E+01	1.900930E-01	1.640750E-01
3.907689E+03	-1.696813E+01	1.893058E-01	1.640747E-01
3.907889E+03	-1.696773E+01	1.890828E-01	1.640744E-01
3.908089E+03	-1.696831E+01	1.894210E-01	1.640741E-01
3.908289E+03	-1.696886E+01	1.896615E-01	1.640738E-01
3.908489E+03	-1.696825E+01	1.893567E-01	1.640735E-01
3.908689E+03	-1.696788E+01	1.895361E-01	1.640732E-01
3.908889E+03	-1.696789E+01	1.891533E-01	1.640729E-01
3.909089E+03	-1.696785E+01	1.898355E-01	1.640726E-01
3.909289E+03	-1.696852E+01	1.895273E-01	1.640723E-01
3.909489E+03	-1.696814E+01	1.898176E-01	1.640720E-01
3.909689E+03	-1.696817E+01	1.899872E-01	1.640717E-01
3.909889E+03	-1.696902E+01	1.905763E-01	1.640714E-01
3.910089E+03	-1.696997E+01	1.909967E-01	1.640711E-01
3.910289E+03	-1.697101E+01	1.911621E-01	1.640707E-01
3.910489E+03	-1.697108E+01	1.911480E-01	1.640704E-01
3.910689E+03	-1.697153E+01	1.913695E-01	1.640701E-01
3.910889E+03	-1.697155E+01	1.890568E-01	1.640698E-01
3.911089E+03	-1.697203E+01	1.893690E-01	1.640695E-01
3.911289E+03	-1.697179E+01	1.881009E-01	1.640692E-01
3.911489E+03	-1.697154E+01	1.877780E-01	1.640689E-01
3.911689E+03	-1.697176E+01	1.877797E-01	1.640686E-01
3.911889E+03	-1.697208E+01	1.880620E-01	1.640683E-01
3.912089E+03	-1.697253E+01	1.881398E-01	1.640680E-01
3.912289E+03	-1.697318E+01	1.883750E-01	1.640677E-01
3.912489E+03	-1.697267E+01	1.876588E-01	1.640674E-01
3.912689E+03	-1.697358E+01	1.875515E-01	1.640671E-01
3.912890E+03	-1.697449E+01	1.879263E-01	1.640668E-01
3.913090E+03	-1.697492E+01	1.888483E-01	1.640664E-01
3.913290E+03	-1.697421E+01	1.854524E-01	1.640661E-01
3.913490E+03	-1.697441E+01	1.865055E-01	1.640658E-01
3.913690E+03	-1.697448E+01	1.884268E-01	1.640655E-01
3.913890E+03	-1.697374E+01	1.880620E-01	1.640652E-01
3.914090E+03	-1.697302E+01	1.869216E-01	1.640649E-01
3.914290E+03	-1.697199E+01	1.868330E-01	1.640646E-01
3.914490E+03	-1.697165E+01	1.871179E-01	1.640643E-01
3.914690E+03	-1.697188E+01	1.872164E-01	1.640640E-01
3.914890E+03	-1.697177E+01	1.882724E-01	1.640637E-01
3.915090E+03	-1.697171E+01	1.889523E-01	1.640634E-01
3.915290E+03	-1.697257E+01	1.885625E-01	1.640631E-01
3.915490E+03	-1.697314E+01	1.882502E-01	1.640628E-01
3.915690E+03	-1.697322E+01	1.891981E-01	1.640625E-01
3.915890E+03	-1.697290E+01	1.898508E-01	1.640621E-01
3.916290E+03	-1.697252E+01	1.890698E-01	1.640615E-01
3.916490E+03	-1.697250E+01	1.890715E-01	1.640612E-01
3.916690E+03	-1.697389E+01	1.898902E-01	1.640609E-01
3.916890E+03	-1.697483E+01	1.899763E-01	1.640606E-01
3.917090E+03	-1.697497E+01	1.857361E-01	1.640603E-01
3.917290E+03	-1.697524E+01	1.860623E-01	1.640600E-01
3.917490E+03	-1.697537E+01	1.853810E-01	1.640597E-01
3.917690E+03	-1.697502E+01	1.860256E-01	1.640594E-01
3.917890E+03	-1.697444E+01	1.854755E-01	1.640591E-01
3.918090E+03	-1.697400E+01	1.852483E-01	1.640588E-01
3.918291E+03	-1.697433E+01	1.853359E-01	1.640585E-01
3.918491E+03	-1.697405E+01	1.852285E-01	1.640582E-01
3.918691E+03	-1.697474E+01	1.844670E-01	1.640579E-01
3.919090E+03	-1.697540E+01	1.837060E-01	1.640572E-01
3.919291E+03	-1.697528E+01	1.830632E-01	1.640569E-01
3.919490E+03	-1.697442E+01	1.833904E-01	1.640566E-01
3.919691E+03	-1.697480E+01	1.835844E-01	1.640563E-01
3.919890E+03	-1.697567E+01	1.839164E-01	1.640560E-01
3.920090E+03	-1.697630E+01	1.852474E-01	1.640557E-01
3.920290E+03	-1.697737E+01	1.853010E-01	1.640554E-01
3.920490E+03	-1.697868E+01	1.858418E-01	1.640551E-01
3.920690E+03	-1.697829E+01	1.868944E-01	1.640548E-01
3.920890E+03	-1.697746E+01	1.876144E-01	1.640545E-01
3.921090E+03	-1.697941E+01	1.883618E-01	1.640542E-01
3.921290E+03	-1.698003E+01	1.887673E-01	1.640539E-01
3.921490E+03	-1.697957E+01	1.887569E-01	1.640536E-01
3.921690E+03	-1.698041E+01	1.895320E-01	1.640533E-01
3.921890E+03	-1.698060E+01	1.899430E-01	1.640530E-01
3.922090E+03	-1.698242E+01	1.904649E-01	1.640526E-01
3.922290E+03	-1.698223E+01	1.901418E-01	1.640523E-01
3.922490E+03	-1.698381E+01	1.903052E-01	1.640520E-01
3.922690E+03	-1.698443E+01	1.889892E-01	1.640517E-01
3.922890E+03	-1.698478E+01	1.891953E-01	1.640514E-01
3.923090E+03	-1.698487E+01	1.895835E-01	1.640511E-01
3.923290E+03	-1.698518E+01	1.904059E-01	1.640508E-01
3.923490E+03	-1.698550E+01	1.905112E-01	1.640505E-01
3.923691E+03	-1.698573E+01	1.926720E-01	1.640502E-01
3.923891E+03	-1.698457E+01	1.921221E-01	1.640499E-01
3.924091E+03	-1.698357E+01	1.916894E-01	1.640496E-01
3.924291E+03	-1.698276E+01	1.920082E-01	1.640493E-01
3.924491E+03	-1.698265E+01	1.910536E-01	1.640490E-01
3.924691E+03	-1.698282E+01	1.912242E-01	1.640487E-01
3.924891E+03	-1.698348E+01	1.897824E-01	1.640484E-01
3.925091E+03	-1.698284E+01	1.895348E-01	1.640480E-01
3.925291E+03	-1.698350E+01	1.898420E-01	1.640477E-01
3.925491E+03	-1.698455E+01	1.907005E-01	1.640474E-01
3.925691E+03	-1.698459E+01	1.907182E-01	1.640471E-01
3.925891E+03	-1.698541E+01	1.909011E-01	1.640468E-01
3.926091E+03	-1.698630E+01	1.918498E-01	1.640465E-01
3.926291E+03	-1.698533E+01	1.915154E-01	1.640462E-01
3.926491E+03	-1.698543E+01	1.892683E-01	1.640459E-01
3.926691E+03	-1.698656E+01	1.879625E-01	1.640456E-01
3.926891E+03	-1.698630E+01	1.868962E-01	1.640453E-01
3.927091E+03	-1.698642E+01	1.868674E-01	1.640450E-01
3.927291E+03	-1.698652E+01	1.871273E-01	1.640447E-01
3.927491E+03	-1.698656E+01	1.871920E-01	1.640444E-01
3.927891E+03	-1.698715E+01	1.872969E-01	1.640438E-01
3.928091E+03	-1.698710E+01	1.884268E-01	1.640435E-01
3.928291E+03	-1.698780E+01	1.892689E-01	1.640432E-01
3.928491E+03	-1.698736E+01	1.879059E-01	1.640428E-01
3.928691E+03	-1.698684E+01	1.875685E-01	1.640425E-01
3.928891E+03	-1.698805E+01	1.881606E-01	1.640422E-01
3.929092E+03	-1.698831E+01	1.889004E-01	1.640419E-01
3.929292E+03	-1.698795E+01	1.888119E-01	1.640416E-01
3.929492E+03	-1.698731E+01	1.883863E-01	1.640413E-01
3.929692E+03	-1.698654E+01	1.883495E-01	1.640410E-01
3.929892E+03	-1.698631E+01	1.899924E-01	1.640407E-01
3.930092E+03	-1.698528E+01	1.887531E-01	1.640404E-01
3.930292E+03	-1.698592E+01	1.895311E-01	1.640401E-01
3.930492E+03	-1.698648E+01	1.913906E-01	1.640398E-01
3.930692E+03	-1.698632E+01	1.910896E-01	1.640395E-01
3.930892E+03	-1.698542E+01	1.910659E-01	1.640392E-01
3.931091E+03	-1.698520E+01	1.911836E-01	1.640389E-01
3.931291E+03	-1.698641E+01	1.918038E-01	1.640386E-01
3.931492E+03	-1.698635E+01	1.904425E-01	1.640383E-01
3.931691E+03	-1.698708E+01	1.905735E-01	1.640380E-01
3.931892E+03	-1.698824E+01	1.910283E-01	1.640377E-01
3.932091E+03	-1.698866E+01	1.911455E-01	1.640373E-01
3.932291E+03	-1.698845E+01	1.893493E-01	1.640370E-01
3.932491E+03	-1.698733E+01	1.850817E-01	1.640367E-01
3.932691E+03	-1.698700E+01	1.849337E-01	1.640364E-01
3.932891E+03	-1.698712E+01	1.851141E-01	1.640361E-01
3.933091E+03	-1.698665E+01	1.865984E-01	1.640358E-01
3.933291E+03	-1.698644E+01	1.865152E-01	1.640355E-01
3.933491E+03	-1.698655E+01	1.866765E-01	1.640352E-01
3.933691E+03	-1.698691E+01	1.858431E-01	1.640349E-01
3.933891E+03	-1.698744E+01	1.879343E-01	1.640346E-01
3.934091E+03	-1.698820E+01	1.882970E-01	1.640343E-01
3.934291E+03	-1.698726E+01	1.882883E-01	1.640340E-01
3.934492E+03	-1.698724E+01	1.888346E-01	1.640337E-01
3.934692E+03	-1.698678E+01	1.887766E-01	1.640334E-01
3.934892E+03	-1.698611E+01	1.893030E-01	1.640331E-01
3.935092E+03	-1.698568E+01	1.910003E-01	1.640328E-01
3.935292E+03	-1.698647E+01	1.907698E-01	1.640325E-01
3.935492E+03	-1.698756E+01	1.911104E-01	1.640322E-01
3.935692E+03	-1.698713E+01	1.904289E-01	1.640318E-01
3.935892E+03	-1.698762E+01	1.902498E-01	1.640315E-01
3.936092E+03	-1.698861E+01	1.901574E-01	1.640312E-01
3.936292E+03	-1.698754E+01	1.892690E-01	1.640309E-01
3.936492E+03	-1.698612E+01	1.896540E-01	1.640306E-01
3.936692E+03	-1.698641E+01	1.905037E-01	1.640303E-01
3.936892E+03	-1.698671E+01	1.908535E-01	1.640300E-01
3.937092E+03	-1.698641E+01	1.910269E-01	1.640297E-01
3.937292E+03	-1.698594E+01	1.908566E-01	1.640294E-01
3.937492E+03	-1.698772E+01	1.916360E-01	1.640291E-01
3.937692E+03	-1.698873E+01	1.932545E-01	1.640288E-01
3.937892E+03	-1.698861E+01	1.928500E-01	1.640285E-01
3.938092E+03	-1.698857E+01	1.925400E-01	1.640282E-01
3.938292E+03	-1.698857E+01	1.967018E-01	1.640279E-01
3.938492E+03	-1.698878E+01	1.988416E-01	1.640276E-01
3.938692E+03	-1.698944E+01	1.990757E-01	1.640273E-01
3.938892E+03	-1.698918E+01	1.969857E-01	1.640270E-01
3.939092E+03	-1.698869E+01	1.975282E-01	1.640267E-01
3.939292E+03	-1.698808E+01	1.978609E-01	1.640264E-01
3.939492E+03	-1.698867E+01	1.970979E-01	1.640261E-01
3.939692E+03	-1.698929E+01	1.980619E-01	1.640257E-01
3.939893E+03	-1.698805E+01	1.973400E-01	1.640254E-01
3.940093E+03	-1.698725E+01	1.970515E-01	1.640251E-01
3.940293E+03	-1.698778E+01	1.982130E-01	1.640248E-01
3.940493E+03	-1.698833E+01	1.978396E-01	1.640245E-01
3.940693E+03	-1.698850E+01	1.976114E-01	1.640242E-01
3.940893E+03	-1.698828E+01	1.979099E-01	1.640239E-01
3.941093E+03	-1.698802E+01	1.976908E-01	1.640236E-01
3.941293E+03	-1.698893E+01	1.976191E-01	1.640233E-01
3.941493E+03	-1.699053E+01	1.966774E-01	1.640230E-01
3.941693E+03	-1.699206E+01	1.963557E-01	1.640227E-01
3.941893E+03	-1.699161E+01	1.988181E-01	1.640224E-01
3.942093E+03	-1.699135E+01	1.977289E-01	1.640221E-01
3.942293E+03	-1.699114E+01	1.974308E-01	1.640218E-01
3.942493E+03	-1.699104E+01	1.975822E-01	1.640215E-01
3.942693E+03	-1.699095E+01	1.977603E-01	1.640212E-01
3.942893E+03	-1.699136E+01	1.979743E-01	1.640209E-01
3.943093E+03	-1.699104E+01	1.990266E-01	1.640206E-01
3.943293E+03	-1.699087E+01	2.001732E-01	1.640203E-01
3.943492E+03	-1.699227E+01	2.007006E-01	1.640200E-01
3.943693E+03	-1.699218E+01	2.002246E-01	1.640196E-01
3.943892E+03	-1.699284E+01	2.005280E-01	1.640193E-01
3.944093E+03	-1.699413E+01	2.025177E-01	1.640190E-01
3.944292E+03	-1.699519E+01	2.025370E-01	1.640187E-01
3.944492E+03	-1.699424E+01	2.022557E-01	1.640184E-01
3.944692E+03	-1.699267E+01	2.009286E-01	1.640181E-01
3.944892E+03	-1.699282E+01	2.010089E-01	1.640178E-01
3.945092E+03	-1.699318E+01	2.010332E-01	1.640175E-01
3.945293E+03	-1.699282E+01	2.010669E-01	1.640172E-01
3.945493E+03	-1.699270E+01	2.009413E-01	1.640169E-01
3.945693E+03	-1.699321E+01	2.014027E-01	1.640166E-01
3.945893E+03	-1.699325E+01	2.010169E-01	1.640163E-01
3.946093E+03	-1.699361E+01	2.005984E-01	1.640160E-01
3.946293E+03	-1.699375E+01	2.006650E-01	1.640157E-01
3.946493E+03	-1.699334E+01	2.005022E-01	1.640154E-01
3.946693E+03	-1.699326E+01	2.011161E-01	1.640151E-01
3.946893E+03	-1.699285E+01	2.009256E-01	1.640148E-01
3.947093E+03	-1.699211E+01	2.007684E-01	1.640145E-01
3.947293E+03	-1.699129E+01	2.013596E-01	1.640142E-01
3.947493E+03	-1.699205E+01	2.019307E-01	1.640139E-01
3.947693E+03	-1.699238E+01	2.020151E-01	1.640136E-01
3.948093E+03	-1.699085E+01	2.012699E-01	1.640130E-01
3.948293E+03	-1.699048E+01	2.010174E-01	1.640126E-01
3.948493E+03	-1.699031E+01	2.014802E-01	1.640123E-01
3.948693E+03	-1.698988E+01	2.014310E-01	1.640120E-01
3.948893E+03	-1.699006E+01	2.022457E-01	1.640117E-01
3.949093E+03	-1.698984E+01	2.019840E-01	1.640114E-01
3.949293E+03	-1.698932E+01	2.019988E-01	1.640111E-01
3.949493E+03	-1.698937E+01	2.017626E-01	1.640108E-01
3.949693E+03	-1.698928E+01	2.020615E-01	1.640105E-01
3.949893E+03	-1.698823E+01	2.017079E-01	1.640101E-01
3.950093E+03	-1.698714E+01	2.011952E-01	1.640098E-01
3.950293E+03	-1.698603E+01	2.010536E-01	1.640095E-01
3.950493E+03	-1.698559E+01	2.004026E-01	1.640092E-01
3.950694E+03	-1.698519E+01	1.998990E-01	1.640089E-01
3.950894E+03	-1.698588E+01	1.991227E-01	1.640086E-01
3.951094E+03	-1.698534E+01	1.983365E-01	1.640083E-01
3.951294E+03	-1.698513E+01	1.990359E-01	1.640080E-01
3.951494E+03	-1.698476E+01	1.988430E-01	1.640076E-01
3.951694E+03	-1.698540E+01	1.994156E-01	1.640073E-01
3.951894E+03	-1.698453E+01	2.003122E-01	1.640070E-01
3.952094E+03	-1.698450E+01	2.000510E-01	1.640067E-01
3.952294E+03	-1.698524E+01	2.005473E-01	1.640064E-01
3.952494E+03	-1.698520E+01	2.004042E-01	1.640061E-01
3.952694E+03	-1.698517E+01	2.014763E-01	1.640058E-01
3.952894E+03	-1.698691E+01	2.022181E-01	1.640054E-01
3.953094E+03	-1.698741E+01	2.028883E-01	1.640051E-01
3.953294E+03	-1.698785E+01	2.029586E-01	1.640048E-01
3.953494E+03	-1.698794E+01	2.033251E-01	1.640045E-01
3.953694E+03	-1.698679E+01	2.026315E-01	1.640042E-01
3.953894E+03	-1.698583E+01	2.028759E-01	1.640039E-01
3.954094E+03	-1.698562E+01	2.026029E-01	1.640036E-01
3.954294E+03	-1.698415E+01	2.010091E-01	1.640033E-01
3.954494E+03	-1.698466E+01	2.008421E-01	1.640029E-01
3.954694E+03	-1.698464E+01	2.016334E-01	1.640026E-01
3.954894E+03	-1.698482E+01	2.016338E-01	1.640023E-01
3.955093E+03	-1.698560E+01	2.014171E-01	1.640020E-01
3.955294E+03	-1.698605E+01	2.017888E-01	1.640017E-01
3.955494E+03	-1.698654E+01	2.021432E-01	1.640014E-01
3.955693E+03	-1.698683E+01	2.024003E-01	1.640011E-01
3.955894E+03	-1.698723E+01	2.026947E-01	1.640008E-01
3.956095E+03	-1.698777E+01	2.031713E-01	1.640004E-01
3.956294E+03	-1.698763E+01	2.033351E-01	1.640001E-01
3.956494E+03	-1.698685E+01	2.032009E-01	1.639998E-01
3.956694E+03	-1.698474E+01	2.023298E-01	1.639995E-01
3.956894E+03	-1.698392E+01	2.022369E-01	1.639992E-01
3.957094E+03	-1.698393E+01	2.021460E-01	1.639989E-01
3.957294E+03	-1.698412E+01	2.025391E-01	1.639986E-01
3.957494E+03	-1.698393E+01	2.024953E-01	1.639983E-01
3.957694E+03	-1.698461E+01	2.028892E-01	1.639979E-01
3.957894E+03	-1.698426E+01	2.024368E-01	1.639976E-01
3.958094E+03	-1.698320E+01	2.011786E-01	1.639973E-01
3.958294E+03	-1.698328E+01	2.004715E-01	1.639970E-01
3.958494E+03	-1.698309E+01	1.986522E-01	1.639967E-01
3.958694E+03	-1.698424E+01	1.994065E-01	1.639964E-01
3.958894E+03	-1.698345E+01	1.992643E-01	1.639961E-01
3.959094E+03	-1.698257E+01	1.986276E-01	1.639958E-01
3.959294E+03	-1.698302E+01	1.986148E-01	1.639954E-01
3.959494E+03	-1.698313E+01	1.987681E-01	1.639951E-01
3.959694E+03	-1.698257E+01	1.973287E-01	1.639948E-01
3.959894E+03	-1.698208E+01	1.965651E-01	1.639945E-01
3.960094E+03	-1.698244E+01	1.967859E-01	1.639942E-01
3.960294E+03	-1.698289E+01	1.984098E-01	1.639939E-01
3.960494E+03	-1.698301E+01	1.979050E-01	1.639936E-01
3.960694E+03	-1.698361E+01	1.972980E-01	1.639933E-01
3.960894E+03	-1.698372E+01	1.973565E-01	1.639929E-01
3.961094E+03	-1.698323E+01	1.977376E-01	1.639926E-01
3.961295E+03	-1.698248E+01	1.971188E-01	1.639923E-01
3.961495E+03	-1.698154E+01	1.968449E-01	1.639920E-01
3.961895E+03	-1.698100E+01	1.968498E-01	1.639914E-01
3.962095E+03	-1.697959E+01	1.959848E-01	1.639911E-01
3.962295E+03	-1.697838E+01	1.950393E-01	1.639908E-01
3.962495E+03	-1.697771E+01	1.937988E-01	1.639904E-01
3.962695E+03	-1.697759E+01	1.952349E-01	1.639901E-01
3.962895E+03	-1.697762E+01	1.955941E-01	1.639898E-01
3.963095E+03	-1.697711E+01	1.953846E-01	1.639895E-01
3.963295E+03	-1.697732E+01	1.955394E-01	1.639892E-01
3.963495E+03	-1.697783E+01	1.977329E-01	1.639889E-01
3.963695E+03	-1.697789E+01	1.973590E-01	1.639886E-01
3.963895E+03	-1.697894E+01	1.980850E-01	1.639883E-01
3.964095E+03	-1.697847E+01	1.992130E-01	1.639879E-01
3.964295E+03	-1.697669E+01	1.984508E-01	1.639876E-01
3.964495E+03	-1.697700E+01	1.986162E-01	1.639873E-01
3.964695E+03	-1.697778E+01	1.978111E-01	1.639870E-01
3.964895E+03	-1.697798E+01	1.974843E-01	1.639867E-01
3.965095E+03	-1.697668E+01	1.969256E-01	1.639864E-01
3.965295E+03	-1.697544E+01	1.958175E-01	1.639861E-01
3.965495E+03	-1.697517E+01	1.949191E-01	1.639858E-01
3.965695E+03	-1.697518E+01	1.941848E-01	1.639854E-01
3.965895E+03	-1.697521E+01	1.956478E-01	1.639851E-01
3.966095E+03	-1.697349E+01	1.949591E-01	1.639848E-01
3.966295E+03	-1.697243E+01	1.942676E-01	1.639845E-01
3.966495E+03	-1.697295E+01	1.943615E-01	1.639842E-01
3.966696E+03	-1.697370E+01	1.943842E-01	1.639839E-01
3.966896E+03	-1.697462E+01	1.946910E-01	1.639836E-01
3.967096E+03	-1.697513E+01	1.947434E-01	1.639833E-01
3.967296E+03	-1.697502E+01	1.945748E-01	1.639830E-01
3.967495E+03	-1.697390E+01	1.941406E-01	1.639826E-01
3.967695E+03	-1.697304E+01	1.934004E-01	1.639823E-01
3.967896E+03	-1.697239E+01	1.922524E-01	1.639820E-01
3.968095E+03	-1.697314E+01	1.926216E-01	1.639817E-01
3.968296E+03	-1.697300E+01	1.908352E-01	1.639814E-01
3.968495E+03	-1.697288E+01	1.907572E-01	1.639811E-01
3.968695E+03	-1.697353E+01	1.910788E-01	1.639808E-01
3.968895E+03	-1.697306E+01	1.911886E-01	1.639805E-01
3.969095E+03	-1.697233E+01	1.908560E-01	1.639801E-01
3.969295E+03	-1.697217E+01	1.912548E-01	1.639798E-01
3.969495E+03	-1.697218E+01	1.922999E-01	1.639795E-01
3.969695E+03	-1.697222E+01	1.923798E-01	1.639792E-01
3.969895E+03	-1.697177E+01	1.922913E-01	1.639789E-01
3.970095E+03	-1.697140E+01	1.918133E-01	1.639786E-01
3.970295E+03	-1.697197E+01	1.921718E-01	1.639783E-01
3.970495E+03	-1.697259E+01	1.927581E-01	1.639780E-01
3.970695E+03	-1.697320E+01	1.925924E-01	1.639777E-01
3.970895E+03	-1.697332E+01	1.925857E-01	1.639773E-01
3.971095E+03	-1.697231E+01	1.918028E-01	1.639770E-01
3.971295E+03	-1.697075E+01	1.904599E-01	1.639767E-01
3.971495E+03	-1.697090E+01	1.908059E-01	1.639764E-01
3.971695E+03	-1.697169E+01	1.912416E-01	1.639761E-01
3.971895E+03	-1.697227E+01	1.914063E-01	1.639758E-01
3.972096E+03	-1.697213E+01	1.917314E-01	1.639755E-01
3.972296E+03	-1.697103E+01	1.924381E-01	1.639752E-01
3.972496E+03	-1.697056E+01	1.921420E-01	1.639748E-01
3.972696E+03	-1.697136E+01	1.917112E-01	1.639745E-01
3.972896E+03	-1.697182E+01	1.918245E-01	1.639742E-01
3.973096E+03	-1.697157E+01	1.927434E-01	1.639739E-01
3.973296E+03	-1.697185E+01	1.927832E-01	1.639736E-01
3.973496E+03	-1.697214E+01	1.924598E-01	1.639733E-01
3.973696E+03	-1.697222E+01	1.922658E-01	1.639730E-01
3.973896E+03	-1.697265E+01	1.928562E-01	1.639727E-01
3.974096E+03	-1.697277E+01	1.927674E-01	1.639724E-01
3.974296E+03	-1.697311E+01	1.916252E-01	1.639720E-01
3.974496E+03	-1.697266E+01	1.921654E-01	1.639717E-01
3.974696E+03	-1.697262E+01	1.922069E-01	1.639714E-01
3.974896E+03	-1.697262E+01	1.924061E-01	1.639711E-01
3.975096E+03	-1.697186E+01	1.933348E-01	1.639708E-01
3.975296E+03	-1.697189E+01	1.941172E-01	1.639705E-01
3.975496E+03	-1.697268E+01	1.951351E-01	1.639702E-01
3.975696E+03	-1.697324E+01	1.958440E-01	1.639699E-01
3.976096E+03	-1.697321E+01	1.957179E-01	1.639692E-01
3.976296E+03	-1.697352E+01	1.960892E-01	1.639689E-01
3.976496E+03	-1.697323E+01	1.961788E-01	1.639686E-01
3.976696E+03	-1.697184E+01	1.955635E-01	1.639683E-01
3.976896E+03	-1.697171E+01	1.955272E-01	1.639680E-01
3.977096E+03	-1.697145E+01	1.954162E-01	1.639677E-01
3.977296E+03	-1.697171E+01	1.955338E-01	1.639674E-01
3.977497E+03	-1.697236E+01	1.954525E-01	1.639671E-01
3.977697E+03	-1.697248E+01	1.937720E-01	1.639668E-01
3.977897E+03	-1.697257E+01	1.939896E-01	1.639664E-01
3.978097E+03	-1.697306E+01	1.962824E-01	1.639661E-01
3.978297E+03	-1.697283E+01	1.959627E-01	1.639658E-01
3.978497E+03	-1.697196E+01	1.948876E-01	1.639655E-01
3.978697E+03	-1.697183E+01	1.946461E-01	1.639652E-01
3.978897E+03	-1.697257E+01	1.944577E-01	1.639649E-01
3.979097E+03	-1.697282E+01	1.934591E-01	1.639646E-01
3.979297E+03	-1.697225E+01	1.923725E-01	1.639643E-01
3.979497E+03	-1.697234E+01	1.911641E-01	1.639640E-01
3.979697E+03	-1.697238E+01	1.890233E-01	1.639636E-01
3.979896E+03	-1.697139E+01	1.886271E-01	1.639633E-01
3.980097E+03	-1.697065E+01	1.879789E-01	1.639630E-01
3.980296E+03	-1.696976E+01	1.876520E-01	1.639627E-01
3.980497E+03	-1.697023E+01	1.879650E-01	1.639624E-01
3.980696E+03	-1.697012E+01	1.878911E-01	1.639621E-01
3.980896E+03	-1.696960E+01	1.893325E-01	1.639618E-01
3.981096E+03	-1.696864E+01	1.880815E-01	1.639615E-01
3.981296E+03	-1.696862E+01	1.872821E-01	1.639612E-01
3.981496E+03	-1.696884E+01	1.875097E-01	1.639609E-01
3.981696E+03	-1.696907E+01	1.888085E-01	1.639605E-01
3.981896E+03	-1.696907E+01	1.882763E-01	1.639602E-01
3.982096E+03	-1.696945E+01	1.885268E-01	1.639599E-01
3.982296E+03	-1.696974E+01	1.866750E-01	1.639596E-01
3.982496E+03	-1.696949E+01	1.866180E-01	1.639593E-01
3.982696E+03	-1.696937E+01	1.878018E-01	1.639590E-01
3.982897E+03	-1.696905E+01	1.839781E-01	1.639587E-01
3.983097E+03	-1.696853E+01	1.817295E-01	1.639584E-01
3.983297E+03	-1.696835E+01	1.817573E-01	1.639581E-01
3.983497E+03	-1.696857E+01	1.819765E-01	1.639577E-01
3.983697E+03	-1.696897E+01	1.819244E-01	1.639574E-01
3.983897E+03	-1.696913E+01	1.827194E-01	1.639571E-01
3.984097E+03	-1.697011E+01	1.836076E-01	1.639568E-01
3.984297E+03	-1.696965E+01	1.826847E-01	1.639565E-01
3.984497E+03	-1.696851E+01	1.834299E-01	1.639562E-01
3.984697E+03	-1.696834E+01	1.839094E-01	1.639559E-01
3.984897E+03	-1.696802E+01	1.819531E-01	1.639556E-01
3.985097E+03	-1.696786E+01	1.818982E-01	1.639553E-01
3.985297E+03	-1.696716E+01	1.815995E-01	1.639549E-01
3.985497E+03	-1.696663E+01	1.798423E-01	1.639546E-01
3.985697E+03	-1.696539E+01	1.805662E-01	1.639543E-01
3.985897E+03	-1.696428E+01	1.806795E-01	1.639540E-01
3.986097E+03	-1.696375E+01	1.815634E-01	1.639537E-01
3.986297E+03	-1.696310E+01	1.806466E-01	1.639534E-01
3.986497E+03	-1.696276E+01	1.778639E-01	1.639531E-01
3.986697E+03	-1.696306E+01	1.775236E-01	1.639528E-01
3.986897E+03	-1.696255E+01	1.799997E-01	1.639525E-01
3.987097E+03	-1.696220E+01	1.803805E-01	1.639522E-01
3.987297E+03	-1.696235E+01	1.812851E-01	1.639518E-01
3.987497E+03	-1.696141E+01	1.824433E-01	1.639515E-01
3.987697E+03	-1.696053E+01	1.805281E-01	1.639512E-01
3.987897E+03	-1.696093E+01	1.815776E-01	1.639509E-01
3.988097E+03	-1.696058E+01	1.834550E-01	1.639506E-01
3.988298E+03	-1.695974E+01	1.840092E-01	1.639503E-01
3.988498E+03	-1.695895E+01	1.836544E-01	1.639500E-01
3.988698E+03	-1.695717E+01	1.815049E-01	1.639497E-01
3.988898E+03	-1.695654E+01	1.812514E-01	1.639494E-01
3.989098E+03	-1.695678E+01	1.814649E-01	1.639491E-01
3.989298E+03	-1.695607E+01	1.812117E-01	1.639487E-01
3.989498E+03	-1.695520E+01	1.828549E-01	1.639484E-01
3.989698E+03	-1.695497E+01	1.827696E-01	1.639481E-01
3.989898E+03	-1.695480E+01	1.831441E-01	1.639478E-01
3.990098E+03	-1.695566E+01	1.835229E-01	1.639475E-01
3.990298E+03	-1.695419E+01	1.829440E-01	1.639472E-01
3.990498E+03	-1.695287E+01	1.825847E-01	1.639469E-01
3.990698E+03	-1.695246E+01	1.831235E-01	1.639466E-01
3.990898E+03	-1.695190E+01	1.838475E-01	1.639463E-01
3.991098E+03	-1.695168E+01	1.839982E-01	1.639460E-01
3.991298E+03	-1.695101E+01	1.834395E-01	1.639456E-01
3.991498E+03	-1.695070E+01	1.832957E-01	1.639453E-01
3.991698E+03	-1.695155E+01	1.835002E-01	1.639450E-01
3.991898E+03	-1.695125E+01	1.824494E-01	1.639447E-01
3.992097E+03	-1.695087E+01	1.820623E-01	1.639444E-01
3.992298E+03	-1.695036E+01	1.834399E-01	1.639441E-01
3.992497E+03	-1.694962E+01	1.831130E-01	1.639438E-01
3.992698E+03	-1.694888E+01	1.831031E-01	1.639435E-01
3.992897E+03	-1.694955E+01	1.831932E-01	1.639432E-01
3.993097E+03	-1.694930E+01	1.838230E-01	1.639429E-01
3.993297E+03	-1.694999E+01	1.832612E-01	1.639425E-01
3.993497E+03	-1.695083E+01	1.839456E-01	1.639422E-01
3.993698E+03	-1.694984E+01	1.843284E-01	1.639419E-01
3.993898E+03	-1.694952E+01	1.842747E-01	1.639416E-01
3.994098E+03	-1.694983E+01	1.841244E-01	1.639413E-01
3.994298E+03	-1.694944E+01	1.831896E-01	1.639410E-01
3.994498E+03	-1.694838E+01	1.831666E-01	1.639407E-01
3.994698E+03	-1.694794E+01	1.826354E-01	1.639404E-01
3.994898E+03	-1.694678E+01	1.820960E-01	1.639401E-01
3.995098E+03	-1.694587E+01	1.823664E-01	1.639398E-01
3.995298E+03	-1.694517E+01	1.833623E-01	1.639394E-01
3.995498E+03	-1.694468E+01	1.839368E-01	1.639391E-01
3.995698E+03	-1.694499E+01	1.833914E-01	1.639388E-01
3.995898E+03	-1.694568E+01	1.836972E-01	1.639385E-01
3.996098E+03	-1.694561E+01	1.829835E-01	1.639382E-01
3.996298E+03	-1.694443E+01	1.830393E-01	1.639379E-01
3.996498E+03	-1.694323E+01	1.827151E-01	1.639376E-01
3.996698E+03	-1.694351E+01	1.834331E-01	1.639373E-01
3.996898E+03	-1.694389E+01	1.844263E-01	1.639370E-01
3.997098E+03	-1.694334E+01	1.835809E-01	1.639367E-01
3.997298E+03	-1.694277E+01	1.839944E-01	1.639363E-01
3.997498E+03	-1.694206E+01	1.832496E-01	1.639360E-01
3.997698E+03	-1.694183E+01	1.844562E-01	1.639357E-01
3.997898E+03	-1.694130E+01	1.839998E-01	1.639354E-01
3.998098E+03	-1.694011E+01	1.839510E-01	1.639351E-01
3.998298E+03	-1.694013E+01	1.823767E-01	1.639348E-01
3.998498E+03	-1.694001E+01	1.822650E-01	1.639345E-01
3.998698E+03	-1.693939E+01	1.830299E-01	1.639342E-01
3.998898E+03	-1.694011E+01	1.844125E-01	1.639339E-01
3.999099E+03	-1.694041E+01	1.834722E-01	1.639336E-01
3.999299E+03	-1.693962E+01	1.837334E-01	1.639333E-01
3.999499E+03	-1.693909E+01	1.848041E-01	1.639329E-01
3.999699E+03	-1.693780E+01	1.841481E-01	1.639326E-01
4.000099E+03	-1.693701E+01	1.840121E-01	1.639320E-01
4.000299E+03	-1.693596E+01	1.835422E-01	1.639317E-01
4.000499E+03	-1.693411E+01	1.826131E-01	1.639314E-01
4.000699E+03	-1.693314E+01	1.822813E-01	1.639311E-01
4.000899E+03	-1.693288E+01	1.819919E-01	1.639308E-01
4.001099E+03	-1.693257E+01	1.819122E-01	1.639305E-01
4.001299E+03	-1.693221E+01	1.832826E-01	1.639302E-01
4.001499E+03	-1.693179E+01	1.832709E-01	1.639299E-01
4.001699E+03	-1.693240E+01	1.833248E-01	1.639295E-01
4.001899E+03	-1.693314E+01	1.833567E-01	1.639292E-01
4.002099E+03	-1.693342E+01	1.835291E-01	1.639289E-01
4.002299E+03	-1.693370E+01	1.833190E-01	1.639286E-01
4.002499E+03	-1.693406E+01	1.831687E-01	1.639283E-01
4.002699E+03	-1.693400E+01	1.832332E-01	1.639280E-01
4.002899E+03	-1.693394E+01	1.828753E-01	1.639277E-01
4.003099E+03	-1.693418E+01	1.830216E-01	1.639274E-01
4.003299E+03	-1.693464E+01	1.833120E-01	1.639271E-01
4.003499E+03	-1.693509E+01	1.843147E-01	1.639268E-01
4.003698E+03	-1.693418E+01	1.837607E-01	1.639265E-01
4.003898E+03	-1.693433E+01	1.836384E-01	1.639261E-01
4.004099E+03	-1.693424E+01	1.835105E-01	1.639258E-01
4.004300E+03	-1.693332E+01	1.834563E-01	1.639255E-01
4.004499E+03	-1.693311E+01	1.855604E-01	1.639252E-01
4.004700E+03	-1.693251E+01	1.857001E-01	1.639249E-01
4.004899E+03	-1.693196E+01	1.839966E-01	1.639246E-01
4.005099E+03	-1.693197E+01	1.836178E-01	1.639243E-01
4.005299E+03	-1.693188E+01	1.835324E-01	1.639240E-01
4.005499E+03	-1.693161E+01	1.834226E-01	1.639237E-01
4.005699E+03	-1.693017E+01	1.833052E-01	1.639234E-01
4.005899E+03	-1.693032E+01	1.835493E-01	1.639231E-01
4.006099E+03	-1.693051E+01	1.833981E-01	1.639227E-01
4.006299E+03	-1.692978E+01	1.837363E-01	1.639224E-01
4.006499E+03	-1.692905E+01	1.834165E-01	1.639221E-01
4.006699E+03	-1.692890E+01	1.833422E-01	1.639218E-01
4.006899E+03	-1.692978E+01	1.857222E-01	1.639215E-01
4.007099E+03	-1.693047E+01	1.854612E-01	1.639212E-01
4.007299E+03	-1.693051E+01	1.853933E-01	1.639209E-01
4.007499E+03	-1.693099E+01	1.857415E-01	1.639206E-01
4.007699E+03	-1.693184E+01	1.861892E-01	1.639203E-01
4.007899E+03	-1.693115E+01	1.841272E-01	1.639200E-01
4.008099E+03	-1.692963E+01	1.834697E-01	1.639197E-01
4.008299E+03	-1.693005E+01	1.844069E-01	1.639194E-01
4.008499E+03	-1.693058E+01	1.851743E-01	1.639190E-01
4.008699E+03	-1.693055E+01	1.863883E-01	1.639187E-01
4.008899E+03	-1.692991E+01	1.861398E-01	1.639184E-01
4.009099E+03	-1.692914E+01	1.859080E-01	1.639181E-01
4.009299E+03	-1.692865E+01	1.859311E-01	1.639178E-01
4.009499E+03	-1.692830E+01	1.859591E-01	1.639175E-01
4.009700E+03	-1.692783E+01	1.855504E-01	1.639172E-01
4.009900E+03	-1.692883E+01	1.867110E-01	1.639169E-01
4.010100E+03	-1.692934E+01	1.868648E-01	1.639166E-01
4.010300E+03	-1.692893E+01	1.850773E-01	1.639163E-01
4.010500E+03	-1.692880E+01	1.861456E-01	1.639160E-01
4.010700E+03	-1.692828E+01	1.861827E-01	1.639156E-01
4.010900E+03	-1.692809E+01	1.868871E-01	1.639153E-01
4.011100E+03	-1.692845E+01	1.877514E-01	1.639150E-01
4.011300E+03	-1.692746E+01	1.881276E-01	1.639147E-01
4.011500E+03	-1.692729E+01	1.882043E-01	1.639144E-01
4.011700E+03	-1.692716E+01	1.896212E-01	1.639141E-01
4.011900E+03	-1.692674E+01	1.896532E-01	1.639138E-01
4.012100E+03	-1.692633E+01	1.898263E-01	1.639135E-01
4.012300E+03	-1.692636E+01	1.901214E-01	1.639132E-01
4.012500E+03	-1.692560E+01	1.898225E-01	1.639129E-01
4.012700E+03	-1.692477E+01	1.904342E-01	1.639126E-01
4.012900E+03	-1.692425E+01	1.901915E-01	1.639123E-01
4.013100E+03	-1.692421E+01	1.904278E-01	1.639119E-01
4.013300E+03	-1.692428E+01	1.898180E-01	1.639116E-01
4.013500E+03	-1.692364E+01	1.903019E-01	1.639113E-01
4.013700E+03	-1.692332E+01	1.897290E-01	1.639110E-01
4.013900E+03	-1.692369E+01	1.887325E-01	1.639107E-01
4.014100E+03	-1.692353E+01	1.888541E-01	1.639104E-01
4.014300E+03	-1.692269E+01	1.884274E-01	1.639101E-01
4.014500E+03	-1.692184E+01	1.879863E-01	1.639098E-01
4.014700E+03	-1.692134E+01	1.876852E-01	1.639095E-01
4.014900E+03	-1.692123E+01	1.891371E-01	1.639092E-01
4.015101E+03	-1.692087E+01	1.887338E-01	1.639089E-01
4.015701E+03	-1.692017E+01	1.884314E-01	1.639079E-01
4.015901E+03	-1.691994E+01	1.884351E-01	1.639076E-01
4.016101E+03	-1.691984E+01	1.885000E-01	1.639073E-01
4.016300E+03	-1.691958E+01	1.882537E-01	1.639070E-01
4.016501E+03	-1.691900E+01	1.880320E-01	1.639067E-01
4.016700E+03	-1.691845E+01	1.883200E-01	1.639064E-01
4.016901E+03	-1.691838E+01	1.880705E-01	1.639061E-01
4.017100E+03	-1.691809E+01	1.877873E-01	1.639058E-01
4.017300E+03	-1.691779E+01	1.877120E-01	1.639055E-01
4.017500E+03	-1.691780E+01	1.887780E-01	1.639052E-01
4.017700E+03	-1.691661E+01	1.880856E-01	1.639049E-01
4.017900E+03	-1.691570E+01	1.867747E-01	1.639046E-01
4.018100E+03	-1.691525E+01	1.870729E-01	1.639042E-01
4.018300E+03	-1.691509E+01	1.870636E-01	1.639039E-01
4.018500E+03	-1.691446E+01	1.868530E-01	1.639036E-01
4.018700E+03	-1.691391E+01	1.869508E-01	1.639033E-01
4.018900E+03	-1.691346E+01	1.875707E-01	1.639030E-01
4.019100E+03	-1.691303E+01	1.888346E-01	1.639027E-01
4.019300E+03	-1.691275E+01	1.903205E-01	1.639024E-01
4.019500E+03	-1.691203E+01	1.896908E-01	1.639021E-01
4.019700E+03	-1.691181E+01	1.882233E-01	1.639018E-01
4.019900E+03	-1.691154E+01	1.872606E-01	1.639015E-01
4.020100E+03	-1.691065E+01	1.863345E-01	1.639012E-01
4.020300E+03	-1.691005E+01	1.873320E-01	1.639009E-01
4.020501E+03	-1.691014E+01	1.876373E-01	1.639005E-01
4.020701E+03	-1.690980E+01	1.872496E-01	1.639002E-01
4.020901E+03	-1.691007E+01	1.873449E-01	1.638999E-01
4.021101E+03	-1.690992E+01	1.872361E-01	1.638996E-01
4.021301E+03	-1.690860E+01	1.869150E-01	1.638993E-01
4.021501E+03	-1.690766E+01	1.885124E-01	1.638990E-01
4.021701E+03	-1.690781E+01	1.885196E-01	1.638987E-01
4.021901E+03	-1.690811E+01	1.902960E-01	1.638984E-01
4.022101E+03	-1.690815E+01	1.902343E-01	1.638981E-01
4.022301E+03	-1.690746E+01	1.899753E-01	1.638978E-01
4.022501E+03	-1.690733E+01	1.899694E-01	1.638975E-01
4.022701E+03	-1.690732E+01	1.885322E-01	1.638972E-01
4.022901E+03	-1.690753E+01	1.887265E-01	1.638969E-01
4.023101E+03	-1.690668E+01	1.901169E-01	1.638966E-01
4.023301E+03	-1.690632E+01	1.910747E-01	1.638962E-01
4.023501E+03	-1.690593E+01	1.905036E-01	1.638959E-01
4.023701E+03	-1.690559E+01	1.907204E-01	1.638956E-01
4.023901E+03	-1.690551E+01	1.944841E-01	1.638953E-01
4.024101E+03	-1.690533E+01	1.946167E-01	1.638950E-01
4.024301E+03	-1.690490E+01	1.946027E-01	1.638947E-01
4.024501E+03	-1.690441E+01	1.945717E-01	1.638944E-01
4.024701E+03	-1.690436E+01	1.945467E-01	1.638941E-01
4.024901E+03	-1.690412E+01	1.944136E-01	1.638938E-01
4.025101E+03	-1.690440E+01	1.942144E-01	1.638935E-01
4.025301E+03	-1.690507E+01	1.945741E-01	1.638932E-01
4.025501E+03	-1.690555E+01	1.936776E-01	1.638929E-01
4.025701E+03	-1.690520E+01	1.932594E-01	1.638926E-01
4.025902E+03	-1.690488E+01	1.928575E-01	1.638922E-01
4.026102E+03	-1.690456E+01	1.935462E-01	1.638919E-01
4.026302E+03	-1.690325E+01	1.925662E-01	1.638916E-01
4.026502E+03	-1.690272E+01	1.924152E-01	1.638913E-01
4.026702E+03	-1.690354E+01	1.926589E-01	1.638910E-01
4.026902E+03	-1.690259E+01	1.925286E-01	1.638907E-01
4.027102E+03	-1.690192E+01	1.925027E-01	1.638904E-01
4.027302E+03	-1.690222E+01	1.919207E-01	1.638901E-01
4.027502E+03	-1.690148E+01	1.921219E-01	1.638898E-01
4.027702E+03	-1.690177E+01	1.925943E-01	1.638895E-01
4.027902E+03	-1.690115E+01	1.931289E-01	1.638892E-01
4.028102E+03	-1.690070E+01	1.929212E-01	1.638889E-01
4.028302E+03	-1.690119E+01	1.941507E-01	1.638886E-01
4.028501E+03	-1.690150E+01	1.944595E-01	1.638883E-01
4.028702E+03	-1.690077E+01	1.947774E-01	1.638879E-01
4.028901E+03	-1.690043E+01	1.952827E-01	1.638876E-01
4.029102E+03	-1.690097E+01	1.952386E-01	1.638873E-01
4.029301E+03	-1.690028E+01	1.948277E-01	1.638870E-01
4.029501E+03	-1.689975E+01	1.949878E-01	1.638867E-01
4.029701E+03	-1.689970E+01	1.952832E-01	1.638864E-01
4.029901E+03	-1.689871E+01	1.950708E-01	1.638861E-01
4.030101E+03	-1.689807E+01	1.948664E-01	1.638858E-01
4.030301E+03	-1.689780E+01	1.937240E-01	1.638855E-01
4.030501E+03	-1.689723E+01	1.929299E-01	1.638852E-01
4.030701E+03	-1.689630E+01	1.917881E-01	1.638849E-01
4.030901E+03	-1.689559E+01	1.936267E-01	1.638846E-01
4.031101E+03	-1.689479E+01	1.934263E-01	1.638843E-01
4.031302E+03	-1.689401E+01	1.947957E-01	1.638840E-01
4.031502E+03	-1.689391E+01	1.939658E-01	1.638836E-01
4.031702E+03	-1.689414E+01	1.953296E-01	1.638833E-01
4.031902E+03	-1.689404E+01	1.959787E-01	1.638830E-01
4.032102E+03	-1.689354E+01	1.955070E-01	1.638827E-01
4.032302E+03	-1.689316E+01	1.979256E-01	1.638824E-01
4.032502E+03	-1.689233E+01	1.963689E-01	1.638821E-01
4.032702E+03	-1.689131E+01	1.945328E-01	1.638818E-01
4.032902E+03	-1.689032E+01	1.934233E-01	1.638815E-01
4.033102E+03	-1.688935E+01	1.949964E-01	1.638812E-01
4.033302E+03	-1.688866E+01	1.964683E-01	1.638809E-01
4.033502E+03	-1.688807E+01	1.961250E-01	1.638806E-01
4.033702E+03	-1.688728E+01	1.953627E-01	1.638803E-01
4.033902E+03	-1.688633E+01	1.960214E-01	1.638800E-01
4.034102E+03	-1.688576E+01	1.954384E-01	1.638797E-01
4.034302E+03	-1.688557E+01	1.953064E-01	1.638794E-01
4.034502E+03	-1.688444E+01	1.945968E-01	1.638790E-01
4.034702E+03	-1.688330E+01	1.942406E-01	1.638787E-01
4.034902E+03	-1.688276E+01	1.950748E-01	1.638784E-01
4.035102E+03	-1.688156E+01	1.944408E-01	1.638781E-01
4.035302E+03	-1.688117E+01	1.936611E-01	1.638778E-01
4.035502E+03	-1.688073E+01	1.931551E-01	1.638775E-01
4.035702E+03	-1.688064E+01	1.935256E-01	1.638772E-01
4.035902E+03	-1.688024E+01	1.932142E-01	1.638769E-01
4.036102E+03	-1.687956E+01	1.935419E-01	1.638766E-01
4.036302E+03	-1.687952E+01	1.941039E-01	1.638763E-01
4.036503E+03	-1.687917E+01	1.940461E-01	1.638760E-01
4.036703E+03	-1.687876E+01	1.940727E-01	1.638757E-01
4.036903E+03	-1.687870E+01	1.930116E-01	1.638754E-01
4.037103E+03	-1.687825E+01	1.931023E-01	1.638751E-01
4.037303E+03	-1.687793E+01	1.928415E-01	1.638748E-01
4.037503E+03	-1.687792E+01	1.928813E-01	1.638744E-01
4.037703E+03	-1.687735E+01	1.922516E-01	1.638741E-01
4.037903E+03	-1.687692E+01	1.920716E-01	1.638738E-01
4.038103E+03	-1.687709E+01	1.919091E-01	1.638735E-01
4.038303E+03	-1.687646E+01	1.919223E-01	1.638732E-01
4.038503E+03	-1.687595E+01	1.916245E-01	1.638729E-01
4.038703E+03	-1.687628E+01	1.922657E-01	1.638726E-01
4.038903E+03	-1.687601E+01	1.925141E-01	1.638723E-01
4.039103E+03	-1.687550E+01	1.925559E-01	1.638720E-01
4.039303E+03	-1.687571E+01	1.931826E-01	1.638717E-01
4.039503E+03	-1.687435E+01	1.925612E-01	1.638714E-01
4.039703E+03	-1.687336E+01	1.935044E-01	1.638711E-01
4.039903E+03	-1.687351E+01	1.933195E-01	1.638708E-01
4.040103E+03	-1.687361E+01	1.927958E-01	1.638704E-01
4.040302E+03	-1.687344E+01	1.927323E-01	1.638701E-01
4.040503E+03	-1.687313E+01	1.925937E-01	1.638698E-01
4.040903E+03	-1.687284E+01	1.924727E-01	1.638692E-01
4.041102E+03	-1.687286E+01	1.912728E-01	1.638689E-01
4.041302E+03	-1.687329E+01	1.917262E-01	1.638685E-01
4.041502E+03	-1.687300E+01	1.913376E-01	1.638682E-01
4.041702E+03	-1.687258E+01	1.906244E-01	1.638679E-01
4.041903E+03	-1.687324E+01	1.912089E-01	1.638676E-01
4.042103E+03	-1.687292E+01	1.908225E-01	1.638673E-01
4.042303E+03	-1.687268E+01	1.912735E-01	1.638670E-01
4.042503E+03	-1.687260E+01	1.904517E-01	1.638667E-01
4.042703E+03	-1.687291E+01	1.909086E-01	1.638663E-01
4.042903E+03	-1.687291E+01	1.920243E-01	1.638660E-01
4.043103E+03	-1.687266E+01	1.920306E-01	1.638657E-01
4.043303E+03	-1.687247E+01	1.916132E-01	1.638654E-01
4.043503E+03	-1.687221E+01	1.912858E-01	1.638651E-01
4.043703E+03	-1.687201E+01	1.911967E-01	1.638648E-01
4.043903E+03	-1.687227E+01	1.913081E-01	1.638644E-01
4.044103E+03	-1.687201E+01	1.908957E-01	1.638641E-01
4.044503E+03	-1.687114E+01	1.905806E-01	1.638635E-01
4.044703E+03	-1.687022E+01	1.903423E-01	1.638632E-01
4.044903E+03	-1.687053E+01	1.903203E-01	1.638629E-01
4.045103E+03	-1.687125E+01	1.906565E-01	1.638626E-01
4.045303E+03	-1.687099E+01	1.906005E-01	1.638622E-01
4.045503E+03	-1.687005E+01	1.900013E-01	1.638619E-01
4.045703E+03	-1.687015E+01	1.900471E-01	1.638616E-01
4.045903E+03	-1.687096E+01	1.905477E-01	1.638613E-01
4.046103E+03	-1.687031E+01	1.902154E-01	1.638610E-01
4.046303E+03	-1.686962E+01	1.903896E-01	1.638607E-01
4.046503E+03	-1.687011E+01	1.905686E-01	1.638604E-01
4.046703E+03	-1.687106E+01	1.909844E-01	1.638600E-01
4.046903E+03	-1.687072E+01	1.917499E-01	1.638597E-01
4.047103E+03	-1.687117E+01	1.919489E-01	1.638594E-01
4.047304E+03	-1.687127E+01	1.927302E-01	1.638591E-01
4.047504E+03	-1.687038E+01	1.925115E-01	1.638588E-01
4.047704E+03	-1.687049E+01	1.928802E-01	1.638585E-01
4.047904E+03	-1.687097E+01	1.931250E-01	1.638581E-01
4.048104E+03	-1.687040E+01	1.927923E-01	1.638578E-01
4.048304E+03	-1.687092E+01	1.934362E-01	1.638575E-01
4.048504E+03	-1.687086E+01	1.935120E-01	1.638572E-01
4.048704E+03	-1.687000E+01	1.933986E-01	1.638569E-01
4.048904E+03	-1.687065E+01	1.939474E-01	1.638566E-01
4.049104E+03	-1.687059E+01	1.936145E-01	1.638563E-01
4.049304E+03	-1.687094E+01	1.934247E-01	1.638559E-01
4.049504E+03	-1.687064E+01	1.937537E-01	1.638556E-01
4.049704E+03	-1.687014E+01	1.938401E-01	1.638553E-01
4.049904E+03	-1.687038E+01	1.940652E-01	1.638550E-01
4.050104E+03	-1.687038E+01	1.941094E-01	1.638547E-01
4.050304E+03	-1.687073E+01	1.943184E-01	1.638544E-01
4.050504E+03	-1.687159E+01	1.943509E-01	1.638541E-01
4.050704E+03	-1.687091E+01	1.943011E-01	1.638537E-01
4.050904E+03	-1.687112E+01	1.949553E-01	1.638534E-01
4.051104E+03	-1.687113E+01	1.943178E-01	1.638531E-01
4.051304E+03	-1.687097E+01	1.942178E-01	1.638528E-01
4.051504E+03	-1.687074E+01	1.941884E-01	1.638525E-01
4.051704E+03	-1.687041E+01	1.924792E-01	1.638522E-01
4.051904E+03	-1.687009E+01	1.919166E-01	1.638519E-01
4.052104E+03	-1.686988E+01	1.918689E-01	1.638515E-01
4.052304E+03	-1.686941E+01	1.916077E-01	1.638512E-01
4.052503E+03	-1.686954E+01	1.921105E-01	1.638509E-01
4.052704E+03	-1.686935E+01	1.922170E-01	1.638506E-01
4.052905E+03	-1.686888E+01	1.920484E-01	1.638503E-01
4.053104E+03	-1.686835E+01	1.911606E-01	1.638500E-01
4.053305E+03	-1.686868E+01	1.904303E-01	1.638497E-01
4.053505E+03	-1.687012E+01	1.903235E-01	1.638493E-01
4.053704E+03	-1.687096E+01	1.907451E-01	1.638490E-01
4.053904E+03	-1.687101E+01	1.910836E-01	1.638487E-01
4.054104E+03	-1.687094E+01	1.909223E-01	1.638484E-01
4.054304E+03	-1.687093E+01	1.912416E-01	1.638481E-01
4.054504E+03	-1.687093E+01	1.918132E-01	1.638478E-01
4.054704E+03	-1.687031E+01	1.913612E-01	1.638475E-01
4.054904E+03	-1.686970E+01	1.915677E-01	1.638471E-01
4.055104E+03	-1.686953E+01	1.915207E-01	1.638468E-01
4.055304E+03	-1.686911E+01	1.905766E-01	1.638465E-01
4.055504E+03	-1.686876E+01	1.901036E-01	1.638462E-01
4.055704E+03	-1.686960E+01	1.897700E-01	1.638459E-01
4.055904E+03	-1.686916E+01	1.916125E-01	1.638456E-01
4.056104E+03	-1.686900E+01	1.917996E-01	1.638453E-01
4.056304E+03	-1.686947E+01	1.919473E-01	1.638449E-01
4.056504E+03	-1.686928E+01	1.907956E-01	1.638446E-01
4.056704E+03	-1.686896E+01	1.904933E-01	1.638443E-01
4.056904E+03	-1.686876E+01	1.902375E-01	1.638440E-01
4.057104E+03	-1.686833E+01	1.900070E-01	1.638437E-01
4.057304E+03	-1.686799E+01	1.915809E-01	1.638434E-01
4.057504E+03	-1.686833E+01	1.923252E-01	1.638431E-01
4.057704E+03	-1.686902E+01	1.943521E-01	1.638427E-01
4.057904E+03	-1.686868E+01	1.940427E-01	1.638424E-01
4.058105E+03	-1.686855E+01	1.939183E-01	1.638421E-01
4.058305E+03	-1.686811E+01	1.931735E-01	1.638418E-01
4.058505E+03	-1.686789E+01	1.931471E-01	1.638415E-01
4.058705E+03	-1.686763E+01	1.927606E-01	1.638412E-01
4.058905E+03	-1.686706E+01	1.924794E-01	1.638409E-01
4.059105E+03	-1.686684E+01	1.923971E-01	1.638405E-01
4.059305E+03	-1.686688E+01	1.922386E-01	1.638402E-01
4.059505E+03	-1.686626E+01	1.922614E-01	1.638399E-01
4.059705E+03	-1.686652E+01	1.914320E-01	1.638396E-01
4.059905E+03	-1.686620E+01	1.913177E-01	1.638393E-01
4.060105E+03	-1.686610E+01	1.922708E-01	1.638390E-01
4.060305E+03	-1.686644E+01	1.923590E-01	1.638387E-01
4.060505E+03	-1.686671E+01	1.922486E-01	1.638383E-01
4.060705E+03	-1.686688E+01	1.923976E-01	1.638380E-01
4.060905E+03	-1.686684E+01	1.922643E-01	1.638377E-01
4.061105E+03	-1.686685E+01	1.918251E-01	1.638374E-01
4.061305E+03	-1.686727E+01	1.925271E-01	1.638371E-01
4.061505E+03	-1.686727E+01	1.918239E-01	1.638368E-01
4.061705E+03	-1.686682E+01	1.912731E-01	1.638365E-01
4.061905E+03	-1.686618E+01	1.902365E-01	1.638361E-01
4.062105E+03	-1.686634E+01	1.908050E-01	1.638358E-01
4.062305E+03	-1.686633E+01	1.908137E-01	1.638355E-01
4.062505E+03	-1.686598E+01	1.902258E-01	1.638352E-01
4.062705E+03	-1.686514E+01	1.895882E-01	1.638349E-01
4.062905E+03	-1.686507E+01	1.911809E-01	1.638346E-01
4.063105E+03	-1.686551E+01	1.920338E-01	1.638343E-01
4.063306E+03	-1.686648E+01	1.915039E-01	1.638340E-01
4.063506E+03	-1.686604E+01	1.904420E-01	1.638336E-01
4.063706E+03	-1.686581E+01	1.895461E-01	1.638333E-01
4.063906E+03	-1.686549E+01	1.892237E-01	1.638330E-01
4.064106E+03	-1.686538E+01	1.898413E-01	1.638327E-01
4.064306E+03	-1.686567E+01	1.897926E-01	1.638324E-01
4.064506E+03	-1.686600E+01	1.900249E-01	1.638321E-01
4.064706E+03	-1.686618E+01	1.885572E-01	1.638318E-01
4.064905E+03	-1.686710E+01	1.880706E-01	1.638314E-01
4.065106E+03	-1.686719E+01	1.879676E-01	1.638311E-01
4.065305E+03	-1.686603E+01	1.872492E-01	1.638308E-01
4.065506E+03	-1.686653E+01	1.883528E-01	1.638305E-01
4.065705E+03	-1.686706E+01	1.883430E-01	1.638302E-01
4.065905E+03	-1.686705E+01	1.867813E-01	1.638299E-01
4.066105E+03	-1.686792E+01	1.874325E-01	1.638296E-01
4.066305E+03	-1.686790E+01	1.864552E-01	1.638292E-01
4.066505E+03	-1.686745E+01	1.866433E-01	1.638289E-01
4.066705E+03	-1.686704E+01	1.868289E-01	1.638286E-01
4.066905E+03	-1.686693E+01	1.877695E-01	1.638283E-01
4.067105E+03	-1.686642E+01	1.879044E-01	1.638280E-01
4.067305E+03	-1.686619E+01	1.883854E-01	1.638277E-01
4.067505E+03	-1.686586E+01	1.877449E-01	1.638274E-01
4.067705E+03	-1.686529E+01	1.876377E-01	1.638271E-01
4.067905E+03	-1.686444E+01	1.873973E-01	1.638267E-01
4.068105E+03	-1.686475E+01	1.876796E-01	1.638264E-01
4.068305E+03	-1.686506E+01	1.854295E-01	1.638261E-01
4.068505E+03	-1.686468E+01	1.858908E-01	1.638258E-01
4.068706E+03	-1.686461E+01	1.860825E-01	1.638255E-01
4.068906E+03	-1.686420E+01	1.862369E-01	1.638252E-01
4.069106E+03	-1.686399E+01	1.861648E-01	1.638249E-01
4.069306E+03	-1.686398E+01	1.860076E-01	1.638245E-01
4.069506E+03	-1.686385E+01	1.859538E-01	1.638242E-01
4.069706E+03	-1.686382E+01	1.860426E-01	1.638239E-01
4.069906E+03	-1.686361E+01	1.860928E-01	1.638236E-01
4.070106E+03	-1.686296E+01	1.857074E-01	1.638233E-01
4.070306E+03	-1.686254E+01	1.856236E-01	1.638230E-01
4.070506E+03	-1.686221E+01	1.846841E-01	1.638227E-01
4.070706E+03	-1.686177E+01	1.843366E-01	1.638224E-01
4.070906E+03	-1.686135E+01	1.839578E-01	1.638220E-01
4.071106E+03	-1.686093E+01	1.841290E-01	1.638217E-01
4.071306E+03	-1.686049E+01	1.844559E-01	1.638214E-01
4.071506E+03	-1.686003E+01	1.845060E-01	1.638211E-01
4.071706E+03	-1.685905E+01	1.840557E-01	1.638208E-01
4.071906E+03	-1.685834E+01	1.840368E-01	1.638205E-01
4.072106E+03	-1.685780E+01	1.835832E-01	1.638202E-01
4.072306E+03	-1.685723E+01	1.824087E-01	1.638199E-01
4.072506E+03	-1.685706E+01	1.822068E-01	1.638195E-01
4.072706E+03	-1.685646E+01	1.815142E-01	1.638192E-01
4.072906E+03	-1.685562E+01	1.804210E-01	1.638189E-01
4.073106E+03	-1.685524E+01	1.801885E-01	1.638186E-01
4.073306E+03	-1.685452E+01	1.792836E-01	1.638183E-01
4.073506E+03	-1.685378E+01	1.786114E-01	1.638180E-01
4.073706E+03	-1.685366E+01	1.783535E-01	1.638177E-01
4.073906E+03	-1.685320E+01	1.791723E-01	1.638174E-01
4.074107E+03	-1.685330E+01	1.792332E-01	1.638170E-01
4.074307E+03	-1.685353E+01	1.801053E-01	1.638167E-01
4.074507E+03	-1.685384E+01	1.804373E-01	1.638164E-01
4.074707E+03	-1.685471E+01	1.811139E-01	1.638161E-01
4.074907E+03	-1.685497E+01	1.811901E-01	1.638158E-01
4.075107E+03	-1.685482E+01	1.823495E-01	1.638155E-01
4.075307E+03	-1.685448E+01	1.802439E-01	1.638152E-01
4.075507E+03	-1.685421E+01	1.799708E-01	1.638148E-01
4.075707E+03	-1.685408E+01	1.785401E-01	1.638145E-01
4.075907E+03	-1.685417E+01	1.777753E-01	1.638142E-01
4.076107E+03	-1.685401E+01	1.762196E-01	1.638139E-01
4.076307E+03	-1.685364E+01	1.747473E-01	1.638136E-01
4.076507E+03	-1.685392E+01	1.740881E-01	1.638133E-01
4.076706E+03	-1.685420E+01	1.718493E-01	1.638130E-01
4.076907E+03	-1.685345E+01	1.726977E-01	1.638127E-01
4.077106E+03	-1.685372E+01	1.733020E-01	1.638123E-01
4.077307E+03	-1.685350E+01	1.731579E-01	1.638120E-01
4.077506E+03	-1.685324E+01	1.712115E-01	1.638117E-01
4.077706E+03	-1.685343E+01	1.698363E-01	1.638114E-01
4.077906E+03	-1.685384E+01	1.700158E-01	1.638111E-01
4.078106E+03	-1.685370E+01	1.698001E-01	1.638108E-01
4.078306E+03	-1.685320E+01	1.687990E-01	1.638105E-01
4.078506E+03	-1.685316E+01	1.681943E-01	1.638102E-01
4.078706E+03	-1.685309E+01	1.681853E-01	1.638098E-01
4.078906E+03	-1.685314E+01	1.679978E-01	1.638095E-01
4.079106E+03	-1.685343E+01	1.679354E-01	1.638092E-01
4.079306E+03	-1.685309E+01	1.664517E-01	1.638089E-01
4.079507E+03	-1.685232E+01	1.664200E-01	1.638086E-01
4.079707E+03	-1.685176E+01	1.663244E-01	1.638083E-01
4.079907E+03	-1.685187E+01	1.662274E-01	1.638080E-01
4.080107E+03	-1.685253E+01	1.660781E-01	1.638077E-01
4.080307E+03	-1.685253E+01	1.662884E-01	1.638073E-01
4.080507E+03	-1.685305E+01	1.660074E-01	1.638070E-01
4.080707E+03	-1.685337E+01	1.654469E-01	1.638067E-01
4.080907E+03	-1.685255E+01	1.661670E-01	1.638064E-01
4.081107E+03	-1.685222E+01	1.659656E-01	1.638061E-01
4.081307E+03	-1.685214E+01	1.661830E-01	1.638058E-01
4.081507E+03	-1.685179E+01	1.660367E-01	1.638055E-01
4.081707E+03	-1.685118E+01	1.657547E-01	1.638052E-01
4.081907E+03	-1.685166E+01	1.659182E-01	1.638048E-01
4.082107E+03	-1.685128E+01	1.655056E-01	1.638045E-01
4.082307E+03	-1.685094E+01	1.654170E-01	1.638042E-01
4.082507E+03	-1.685141E+01	1.655367E-01	1.638039E-01
4.082707E+03	-1.685217E+01	1.653480E-01	1.638036E-01
4.082907E+03	-1.685276E+01	1.658825E-01	1.638033E-01
4.083107E+03	-1.685299E+01	1.656023E-01	1.638030E-01
4.083307E+03	-1.685362E+01	1.655895E-01	1.638027E-01
4.083507E+03	-1.685446E+01	1.654004E-01	1.638024E-01
4.083707E+03	-1.685515E+01	1.649690E-01	1.638020E-01
4.083907E+03	-1.685529E+01	1.651638E-01	1.638017E-01
4.084107E+03	-1.685563E+01	1.633644E-01	1.638014E-01
4.084307E+03	-1.685623E+01	1.633283E-01	1.638011E-01
4.084507E+03	-1.685628E+01	1.632970E-01	1.638008E-01
4.084707E+03	-1.685652E+01	1.637128E-01	1.638005E-01
4.084908E+03	-1.685643E+01	1.636807E-01	1.638002E-01
4.085108E+03	-1.685538E+01	1.631937E-01	1.637999E-01
4.085308E+03	-1.685499E+01	1.632171E-01	1.637995E-01
4.085508E+03	-1.685448E+01	1.625677E-01	1.637992E-01
4.085708E+03	-1.685420E+01	1.622541E-01	1.637989E-01
4.085908E+03	-1.685476E+01	1.624777E-01	1.637986E-01
4.086108E+03	-1.685553E+01	1.622879E-01	1.637983E-01
4.086308E+03	-1.685623E+01	1.623426E-01	1.637980E-01
4.086508E+03	-1.685678E+01	1.618072E-01	1.637977E-01
4.086708E+03	-1.685704E+01	1.621299E-01	1.637974E-01
4.086908E+03	-1.685733E+01	1.621532E-01	1.637970E-01
4.087108E+03	-1.685848E+01	1.610826E-01	1.637967E-01
4.087308E+03	-1.685905E+01	1.613610E-01	1.637964E-01
4.087508E+03	-1.685955E+01	1.615667E-01	1.637961E-01
4.087708E+03	-1.685954E+01	1.609863E-01	1.637958E-01
4.087908E+03	-1.685933E+01	1.602597E-01	1.637955E-01
4.088108E+03	-1.685942E+01	1.603014E-01	1.637952E-01
4.088308E+03	-1.685949E+01	1.603325E-01	1.637949E-01
4.088508E+03	-1.686011E+01	1.602336E-01	1.637946E-01
4.088708E+03	-1.686039E+01	1.601813E-01	1.637942E-01
4.088907E+03	-1.686034E+01	1.603597E-01	1.637939E-01
4.089108E+03	-1.685982E+01	1.601073E-01	1.637936E-01
4.089307E+03	-1.686003E+01	1.607640E-01	1.637933E-01
4.089508E+03	-1.685937E+01	1.610236E-01	1.637930E-01
4.089707E+03	-1.685900E+01	1.614041E-01	1.637927E-01
4.089907E+03	-1.685926E+01	1.611607E-01	1.637924E-01
4.090108E+03	-1.685910E+01	1.598569E-01	1.637921E-01
4.090308E+03	-1.685896E+01	1.590077E-01	1.637917E-01
4.090508E+03	-1.685907E+01	1.592497E-01	1.637914E-01
4.090708E+03	-1.685908E+01	1.600743E-01	1.637911E-01
4.090908E+03	-1.685886E+01	1.586739E-01	1.637908E-01
4.091108E+03	-1.685895E+01	1.588599E-01	1.637905E-01
4.091308E+03	-1.685924E+01	1.580279E-01	1.637902E-01
4.091508E+03	-1.685941E+01	1.576348E-01	1.637899E-01
4.091708E+03	-1.685933E+01	1.572445E-01	1.637896E-01
4.091908E+03	-1.685867E+01	1.574084E-01	1.637893E-01
4.092108E+03	-1.685835E+01	1.570606E-01	1.637889E-01
4.092308E+03	-1.685881E+01	1.557685E-01	1.637886E-01
4.092508E+03	-1.685908E+01	1.556728E-01	1.637883E-01
4.092708E+03	-1.685966E+01	1.557931E-01	1.637880E-01
4.092908E+03	-1.685942E+01	1.564155E-01	1.637877E-01
4.093108E+03	-1.685888E+01	1.562852E-01	1.637874E-01
4.093308E+03	-1.685896E+01	1.557989E-01	1.637871E-01
4.093908E+03	-1.685927E+01	1.551048E-01	1.637861E-01
4.094108E+03	-1.685908E+01	1.548451E-01	1.637858E-01
4.094308E+03	-1.685903E+01	1.553257E-01	1.637855E-01
4.094508E+03	-1.685892E+01	1.552778E-01	1.637852E-01
4.094708E+03	-1.685920E+01	1.553718E-01	1.637849E-01
4.094908E+03	-1.685927E+01	1.553718E-01	1.637846E-01
4.095108E+03	-1.685903E+01	1.547970E-01	1.637843E-01
4.095308E+03	-1.685815E+01	1.545940E-01	1.637840E-01
4.095509E+03	-1.685787E+01	1.551267E-01	1.637837E-01
4.095709E+03	-1.685797E+01	1.557101E-01	1.637833E-01
4.095909E+03	-1.685825E+01	1.558965E-01	1.637830E-01
4.096109E+03	-1.685842E+01	1.566449E-01	1.637827E-01
4.096309E+03	-1.685823E+01	1.561589E-01	1.637824E-01
4.096509E+03	-1.685830E+01	1.560686E-01	1.637821E-01
4.096709E+03	-1.685828E+01	1.562491E-01	1.637818E-01
4.096909E+03	-1.685832E+01	1.568015E-01	1.637815E-01
4.097109E+03	-1.685948E+01	1.571394E-01	1.637812E-01
4.097309E+03	-1.685884E+01	1.572806E-01	1.637809E-01
4.097509E+03	-1.685803E+01	1.579504E-01	1.637805E-01
4.097709E+03	-1.685801E+01	1.582445E-01	1.637802E-01
4.097909E+03	-1.685854E+01	1.581553E-01	1.637799E-01
4.098109E+03	-1.685889E+01	1.584868E-01	1.637796E-01
4.098309E+03	-1.685805E+01	1.582993E-01	1.637793E-01
4.098509E+03	-1.685773E+01	1.586359E-01	1.637790E-01
4.098709E+03	-1.685706E+01	1.579544E-01	1.637787E-01
4.098909E+03	-1.685599E+01	1.569420E-01	1.637784E-01
4.099109E+03	-1.685590E+01	1.567378E-01	1.637781E-01
4.099309E+03	-1.685638E+01	1.567760E-01	1.637777E-01
4.099509E+03	-1.685571E+01	1.565075E-01	1.637774E-01
4.099709E+03	-1.685562E+01	1.562671E-01	1.637771E-01
4.099909E+03	-1.685642E+01	1.567604E-01	1.637768E-01
4.100109E+03	-1.685641E+01	1.569020E-01	1.637765E-01
4.100309E+03	-1.685623E+01	1.537783E-01	1.637762E-01
4.100509E+03	-1.685555E+01	1.522890E-01	1.637759E-01
4.100709E+03	-1.685535E+01	1.523206E-01	1.637756E-01
4.100910E+03	-1.685493E+01	1.526108E-01	1.637753E-01
4.101109E+03	-1.685464E+01	1.524195E-01	1.637749E-01
4.101310E+03	-1.685491E+01	1.526437E-01	1.637746E-01
4.101510E+03	-1.685462E+01	1.530156E-01	1.637743E-01
4.101709E+03	-1.685427E+01	1.511397E-01	1.637740E-01
4.101909E+03	-1.685402E+01	1.491865E-01	1.637737E-01
4.102109E+03	-1.685440E+01	1.471694E-01	1.637734E-01
4.102309E+03	-1.685499E+01	1.473839E-01	1.637731E-01
4.102509E+03	-1.685523E+01	1.474884E-01	1.637728E-01
4.102709E+03	-1.685539E+01	1.475294E-01	1.637725E-01
4.102909E+03	-1.685558E+01	1.474990E-01	1.637722E-01
4.103109E+03	-1.685582E+01	1.476304E-01	1.637718E-01
4.103309E+03	-1.685582E+01	1.474588E-01	1.637715E-01
4.103509E+03	-1.685600E+01	1.475149E-01	1.637712E-01
4.103709E+03	-1.685568E+01	1.474662E-01	1.637709E-01
4.103909E+03	-1.685576E+01	1.471436E-01	1.637706E-01
4.104109E+03	-1.685635E+01	1.470251E-01	1.637703E-01
4.104309E+03	-1.685616E+01	1.469390E-01	1.637700E-01
4.104509E+03	-1.685559E+01	1.456224E-01	1.637697E-01
4.104709E+03	-1.685550E+01	1.456072E-01	1.637694E-01
4.104909E+03	-1.685568E+01	1.456842E-01	1.637690E-01
4.105109E+03	-1.685496E+01	1.452902E-01	1.637687E-01
4.105309E+03	-1.685479E+01	1.457072E-01	1.637684E-01
4.105509E+03	-1.685475E+01	1.457603E-01	1.637681E-01
4.105709E+03	-1.685499E+01	1.455098E-01	1.637678E-01
4.105909E+03	-1.685527E+01	1.456284E-01	1.637675E-01
4.106109E+03	-1.685572E+01	1.454844E-01	1.637672E-01
4.106310E+03	-1.685587E+01	1.455446E-01	1.637669E-01
4.106510E+03	-1.685545E+01	1.463129E-01	1.637666E-01
4.106710E+03	-1.685639E+01	1.474323E-01	1.637663E-01
4.106910E+03	-1.685688E+01	1.483255E-01	1.637659E-01
4.107110E+03	-1.685682E+01	1.489913E-01	1.637656E-01
4.107310E+03	-1.685686E+01	1.473450E-01	1.637653E-01
4.107510E+03	-1.685725E+01	1.461857E-01	1.637650E-01
4.107710E+03	-1.685827E+01	1.468139E-01	1.637647E-01
4.107910E+03	-1.685843E+01	1.465348E-01	1.637644E-01
4.108110E+03	-1.685813E+01	1.453242E-01	1.637641E-01
4.108310E+03	-1.685873E+01	1.454542E-01	1.637638E-01
4.108510E+03	-1.685827E+01	1.444901E-01	1.637635E-01
4.108710E+03	-1.685763E+01	1.444302E-01	1.637631E-01
4.108910E+03	-1.685762E+01	1.441107E-01	1.637628E-01
4.109110E+03	-1.685844E+01	1.444514E-01	1.637625E-01
4.109310E+03	-1.685876E+01	1.448152E-01	1.637622E-01
4.109510E+03	-1.685851E+01	1.448788E-01	1.637619E-01
4.109710E+03	-1.685842E+01	1.450632E-01	1.637616E-01
4.109910E+03	-1.685815E+01	1.437113E-01	1.637613E-01
4.110110E+03	-1.685755E+01	1.434752E-01	1.637610E-01
4.110310E+03	-1.685636E+01	1.430867E-01	1.637607E-01
4.110510E+03	-1.685613E+01	1.427542E-01	1.637604E-01
4.110710E+03	-1.685670E+01	1.429319E-01	1.637600E-01
4.110910E+03	-1.685742E+01	1.427115E-01	1.637597E-01
4.111110E+03	-1.685737E+01	1.426515E-01	1.637594E-01
4.111310E+03	-1.685738E+01	1.412954E-01	1.637591E-01
4.111511E+03	-1.685708E+01	1.413163E-01	1.637588E-01
4.111711E+03	-1.685650E+01	1.417647E-01	1.637585E-01
4.111911E+03	-1.685650E+01	1.393819E-01	1.637582E-01
4.112111E+03	-1.685689E+01	1.376770E-01	1.637579E-01
4.112311E+03	-1.685650E+01	1.374231E-01	1.637576E-01
4.112511E+03	-1.685694E+01	1.380787E-01	1.637573E-01
4.112711E+03	-1.685694E+01	1.373020E-01	1.637569E-01
4.112911E+03	-1.685652E+01	1.360778E-01	1.637566E-01
4.113111E+03	-1.685663E+01	1.358018E-01	1.637563E-01
4.113310E+03	-1.685742E+01	1.358892E-01	1.637560E-01
4.113511E+03	-1.685807E+01	1.360869E-01	1.637557E-01
4.113711E+03	-1.685845E+01	1.365637E-01	1.637554E-01
4.113910E+03	-1.685852E+01	1.366160E-01	1.637551E-01
4.114110E+03	-1.685849E+01	1.371631E-01	1.637548E-01
4.114310E+03	-1.685833E+01	1.369882E-01	1.637545E-01
4.114510E+03	-1.685867E+01	1.379564E-01	1.637542E-01
4.114710E+03	-1.685942E+01	1.382840E-01	1.637539E-01
4.114910E+03	-1.685915E+01	1.382679E-01	1.637535E-01
4.115110E+03	-1.685850E+01	1.373473E-01	1.637532E-01
4.115310E+03	-1.685835E+01	1.377269E-01	1.637529E-01
4.115510E+03	-1.685872E+01	1.379305E-01	1.637526E-01
4.115710E+03	-1.685785E+01	1.368512E-01	1.637523E-01
4.115910E+03	-1.685745E+01	1.363100E-01	1.637520E-01
4.116110E+03	-1.685742E+01	1.363707E-01	1.637517E-01
4.116310E+03	-1.685730E+01	1.351895E-01	1.637514E-01
4.116510E+03	-1.685769E+01	1.364376E-01	1.637511E-01
4.116710E+03	-1.685801E+01	1.378044E-01	1.637508E-01
4.116911E+03	-1.685838E+01	1.382559E-01	1.637504E-01
4.117111E+03	-1.685854E+01	1.397674E-01	1.637501E-01
4.117311E+03	-1.685870E+01	1.398661E-01	1.637498E-01
4.117511E+03	-1.686007E+01	1.396572E-01	1.637495E-01
4.117711E+03	-1.686047E+01	1.398647E-01	1.637492E-01
4.117911E+03	-1.686085E+01	1.402362E-01	1.637489E-01
4.118111E+03	-1.686143E+01	1.402252E-01	1.637486E-01
4.118311E+03	-1.686146E+01	1.386046E-01	1.637483E-01
4.118511E+03	-1.686206E+01	1.391606E-01	1.637480E-01
4.118711E+03	-1.686203E+01	1.379341E-01	1.637477E-01
4.118911E+03	-1.686184E+01	1.377935E-01	1.637473E-01
4.119111E+03	-1.686233E+01	1.379632E-01	1.637470E-01
4.119311E+03	-1.686243E+01	1.385401E-01	1.637467E-01
4.119511E+03	-1.686165E+01	1.366450E-01	1.637464E-01
4.119711E+03	-1.686098E+01	1.369628E-01	1.637461E-01
4.119911E+03	-1.686063E+01	1.368594E-01	1.637458E-01
4.120111E+03	-1.686062E+01	1.383773E-01	1.637455E-01
4.120311E+03	-1.686067E+01	1.391650E-01	1.637452E-01
4.120511E+03	-1.686056E+01	1.388617E-01	1.637449E-01
4.120711E+03	-1.686005E+01	1.388602E-01	1.637446E-01
4.120911E+03	-1.685939E+01	1.388356E-01	1.637443E-01
4.121111E+03	-1.685906E+01	1.385194E-01	1.637439E-01
4.121311E+03	-1.685943E+01	1.369334E-01	1.637436E-01
4.121511E+03	-1.685968E+01	1.363372E-01	1.637433E-01
4.121711E+03	-1.685957E+01	1.363090E-01	1.637430E-01
4.121911E+03	-1.685910E+01	1.361302E-01	1.637427E-01
4.122111E+03	-1.685863E+01	1.355243E-01	1.637424E-01
4.122312E+03	-1.685822E+01	1.356520E-01	1.637421E-01
4.122512E+03	-1.685762E+01	1.355307E-01	1.637418E-01
4.122712E+03	-1.685792E+01	1.357101E-01	1.637415E-01
4.122912E+03	-1.685790E+01	1.364807E-01	1.637412E-01
4.123112E+03	-1.685805E+01	1.364979E-01	1.637409E-01
4.123312E+03	-1.685761E+01	1.367003E-01	1.637405E-01
4.123512E+03	-1.685716E+01	1.369525E-01	1.637402E-01
4.123712E+03	-1.685651E+01	1.370010E-01	1.637399E-01
4.123912E+03	-1.685501E+01	1.362112E-01	1.637396E-01
4.124112E+03	-1.685478E+01	1.366098E-01	1.637393E-01
4.124312E+03	-1.685487E+01	1.373527E-01	1.637390E-01
4.124512E+03	-1.685403E+01	1.371464E-01	1.637387E-01
4.124712E+03	-1.685274E+01	1.363882E-01	1.637384E-01
4.124912E+03	-1.685232E+01	1.359915E-01	1.637381E-01
4.125112E+03	-1.685216E+01	1.359666E-01	1.637378E-01
4.125311E+03	-1.685216E+01	1.345112E-01	1.637375E-01
4.125511E+03	-1.685211E+01	1.343274E-01	1.637371E-01
4.125712E+03	-1.685127E+01	1.336816E-01	1.637368E-01
4.125912E+03	-1.685060E+01	1.330650E-01	1.637365E-01
4.126111E+03	-1.685100E+01	1.337907E-01	1.637362E-01
4.126311E+03	-1.685083E+01	1.340338E-01	1.637359E-01
4.126511E+03	-1.685036E+01	1.339499E-01	1.637356E-01
4.126711E+03	-1.685002E+01	1.340175E-01	1.637353E-01
4.126911E+03	-1.685018E+01	1.337357E-01	1.637350E-01
4.127111E+03	-1.685017E+01	1.324353E-01	1.637347E-01
4.127311E+03	-1.684948E+01	1.317719E-01	1.637344E-01
4.127511E+03	-1.684849E+01	1.315149E-01	1.637341E-01
4.127712E+03	-1.684887E+01	1.320541E-01	1.637337E-01
4.127912E+03	-1.684920E+01	1.321347E-01	1.637334E-01
4.128112E+03	-1.684946E+01	1.321731E-01	1.637331E-01
4.128312E+03	-1.685001E+01	1.321144E-01	1.637328E-01
4.128512E+03	-1.684949E+01	1.325023E-01	1.637325E-01
4.128712E+03	-1.684882E+01	1.324163E-01	1.637322E-01
4.128912E+03	-1.684832E+01	1.323470E-01	1.637319E-01
4.129112E+03	-1.684777E+01	1.325411E-01	1.637316E-01
4.129312E+03	-1.684769E+01	1.328752E-01	1.637313E-01
4.129512E+03	-1.684701E+01	1.326489E-01	1.637310E-01
4.129712E+03	-1.684587E+01	1.320717E-01	1.637307E-01
4.129912E+03	-1.684574E+01	1.326649E-01	1.637304E-01
4.130112E+03	-1.684569E+01	1.327086E-01	1.637300E-01
4.130312E+03	-1.684529E+01	1.331585E-01	1.637297E-01
4.130512E+03	-1.684513E+01	1.334359E-01	1.637294E-01
4.130712E+03	-1.684519E+01	1.339352E-01	1.637291E-01
4.130912E+03	-1.684449E+01	1.339882E-01	1.637288E-01
4.131112E+03	-1.684352E+01	1.333791E-01	1.637285E-01
4.131312E+03	-1.684315E+01	1.331250E-01	1.637282E-01
4.131512E+03	-1.684343E+01	1.340453E-01	1.637279E-01
4.131712E+03	-1.684354E+01	1.339131E-01	1.637276E-01
4.131912E+03	-1.684376E+01	1.346950E-01	1.637273E-01
4.132112E+03	-1.684339E+01	1.345903E-01	1.637270E-01
4.132312E+03	-1.684386E+01	1.348239E-01	1.637267E-01
4.132512E+03	-1.684314E+01	1.345136E-01	1.637263E-01
4.132712E+03	-1.684274E+01	1.346411E-01	1.637260E-01
4.132913E+03	-1.684209E+01	1.337717E-01	1.637257E-01
4.133113E+03	-1.684204E+01	1.343765E-01	1.637254E-01
4.133313E+03	-1.684226E+01	1.343616E-01	1.637251E-01
4.133513E+03	-1.684249E+01	1.343900E-01	1.637248E-01
4.133713E+03	-1.684227E+01	1.338899E-01	1.637244E-01
4.133913E+03	-1.684133E+01	1.329773E-01	1.637241E-01
4.134113E+03	-1.684063E+01	1.322853E-01	1.637238E-01
4.134313E+03	-1.684050E+01	1.326508E-01	1.637235E-01
4.134513E+03	-1.684030E+01	1.338958E-01	1.637232E-01
4.134713E+03	-1.684061E+01	1.349754E-01	1.637229E-01
4.134913E+03	-1.684059E+01	1.358766E-01	1.637225E-01
4.135113E+03	-1.684070E+01	1.349894E-01	1.637222E-01
4.135313E+03	-1.683974E+01	1.348634E-01	1.637219E-01
4.135513E+03	-1.683887E+01	1.344121E-01	1.637216E-01
4.135713E+03	-1.683825E+01	1.342781E-01	1.637213E-01
4.135913E+03	-1.683766E+01	1.344442E-01	1.637210E-01
4.136113E+03	-1.683750E+01	1.345884E-01	1.637206E-01
4.136313E+03	-1.683753E+01	1.342844E-01	1.637203E-01
4.136513E+03	-1.683717E+01	1.342644E-01	1.637200E-01
4.136713E+03	-1.683698E+01	1.343598E-01	1.637197E-01
4.136913E+03	-1.683760E+01	1.345127E-01	1.637194E-01
4.137113E+03	-1.683778E+01	1.343965E-01	1.637191E-01
4.137313E+03	-1.683674E+01	1.330886E-01	1.637187E-01
4.137512E+03	-1.683658E+01	1.329002E-01	1.637184E-01
4.137712E+03	-1.683662E+01	1.319604E-01	1.637181E-01
4.137913E+03	-1.683646E+01	1.318948E-01	1.637178E-01
4.138113E+03	-1.683588E+01	1.316019E-01	1.637175E-01
4.138314E+03	-1.683524E+01	1.307840E-01	1.637171E-01
4.138514E+03	-1.683512E+01	1.308783E-01	1.637168E-01
4.138713E+03	-1.683457E+01	1.308485E-01	1.637165E-01
4.139113E+03	-1.683402E+01	1.308169E-01	1.637159E-01
4.139313E+03	-1.683428E+01	1.313080E-01	1.637156E-01
4.139513E+03	-1.683466E+01	1.308853E-01	1.637152E-01
4.139713E+03	-1.683436E+01	1.306047E-01	1.637149E-01
4.139913E+03	-1.683436E+01	1.308282E-01	1.637146E-01
4.140113E+03	-1.683487E+01	1.316675E-01	1.637143E-01
4.140313E+03	-1.683497E+01	1.318469E-01	1.637140E-01
4.140513E+03	-1.683527E+01	1.318475E-01	1.637137E-01
4.140713E+03	-1.683613E+01	1.322837E-01	1.637133E-01
4.140913E+03	-1.683631E+01	1.320604E-01	1.637130E-01
4.141113E+03	-1.683643E+01	1.314755E-01	1.637127E-01
4.141313E+03	-1.683624E+01	1.317296E-01	1.637124E-01
4.141513E+03	-1.683583E+01	1.313522E-01	1.637121E-01
4.141713E+03	-1.683560E+01	1.306518E-01	1.637118E-01
4.141913E+03	-1.683490E+01	1.295154E-01	1.637114E-01
4.142113E+03	-1.683496E+01	1.304041E-01	1.637111E-01
4.142313E+03	-1.683588E+01	1.305122E-01	1.637108E-01
4.142513E+03	-1.683639E+01	1.301034E-01	1.637105E-01
4.142713E+03	-1.683525E+01	1.293652E-01	1.637102E-01
4.142913E+03	-1.683438E+01	1.290250E-01	1.637099E-01
4.143113E+03	-1.683464E+01	1.291966E-01	1.637095E-01
4.143313E+03	-1.683481E+01	1.290333E-01	1.637092E-01
4.143513E+03	-1.683503E+01	1.288793E-01	1.637089E-01
4.143714E+03	-1.683465E+01	1.294007E-01	1.637086E-01
4.143914E+03	-1.683453E+01	1.293496E-01	1.637083E-01
4.144114E+03	-1.683532E+01	1.301334E-01	1.637080E-01
4.144314E+03	-1.683634E+01	1.307280E-01	1.637076E-01
4.144514E+03	-1.683650E+01	1.318892E-01	1.637073E-01
4.144714E+03	-1.683560E+01	1.326996E-01	1.637070E-01
4.144914E+03	-1.683499E+01	1.325214E-01	1.637067E-01
4.145114E+03	-1.683467E+01	1.324336E-01	1.637064E-01
4.145314E+03	-1.683422E+01	1.323116E-01	1.637061E-01
4.145514E+03	-1.683429E+01	1.322986E-01	1.637057E-01
4.145714E+03	-1.683476E+01	1.320360E-01	1.637054E-01
4.145914E+03	-1.683553E+01	1.325094E-01	1.637051E-01
4.146114E+03	-1.683512E+01	1.323496E-01	1.637048E-01
4.146314E+03	-1.683483E+01	1.326006E-01	1.637045E-01
4.146514E+03	-1.683429E+01	1.331104E-01	1.637042E-01
4.146714E+03	-1.683341E+01	1.328839E-01	1.637038E-01
4.146914E+03	-1.683347E+01	1.333252E-01	1.637035E-01
4.147114E+03	-1.683403E+01	1.335926E-01	1.637032E-01
4.147314E+03	-1.683405E+01	1.338489E-01	1.637029E-01
4.147514E+03	-1.683409E+01	1.338796E-01	1.637026E-01
4.147714E+03	-1.683365E+01	1.346472E-01	1.637023E-01
4.147914E+03	-1.683364E+01	1.350588E-01	1.637019E-01
4.148114E+03	-1.683387E+01	1.352328E-01	1.637016E-01
4.148314E+03	-1.683370E+01	1.357115E-01	1.637013E-01
4.148514E+03	-1.683380E+01	1.359484E-01	1.637010E-01
4.148714E+03	-1.683375E+01	1.361805E-01	1.637007E-01
4.148914E+03	-1.683412E+01	1.367549E-01	1.637004E-01
4.149115E+03	-1.683514E+01	1.373204E-01	1.637000E-01
4.149315E+03	-1.683599E+01	1.379472E-01	1.636997E-01
4.149515E+03	-1.683549E+01	1.384462E-01	1.636994E-01
4.149715E+03	-1.683501E+01	1.390741E-01	1.636991E-01
4.149914E+03	-1.683497E+01	1.394778E-01	1.636988E-01
4.150114E+03	-1.683445E+01	1.398839E-01	1.636985E-01
4.150315E+03	-1.683451E+01	1.403891E-01	1.636981E-01
4.150515E+03	-1.683417E+01	1.406366E-01	1.636978E-01
4.150715E+03	-1.683310E+01	1.390041E-01	1.636975E-01
4.150914E+03	-1.683228E+01	1.380273E-01	1.636972E-01
4.151114E+03	-1.683293E+01	1.377122E-01	1.636969E-01
4.151314E+03	-1.683305E+01	1.372045E-01	1.636966E-01
4.151514E+03	-1.683242E+01	1.366173E-01	1.636962E-01
4.151714E+03	-1.683195E+01	1.360552E-01	1.636959E-01
4.151914E+03	-1.683186E+01	1.369398E-01	1.636956E-01
4.152114E+03	-1.683235E+01	1.369893E-01	1.636953E-01
4.152314E+03	-1.683304E+01	1.372774E-01	1.636950E-01
4.152514E+03	-1.683336E+01	1.386306E-01	1.636947E-01
4.152714E+03	-1.683307E+01	1.386963E-01	1.636943E-01
4.152914E+03	-1.683310E+01	1.387228E-01	1.636940E-01
4.153114E+03	-1.683363E+01	1.386222E-01	1.636937E-01
4.153314E+03	-1.683315E+01	1.379474E-01	1.636934E-01
4.153514E+03	-1.683274E+01	1.377232E-01	1.636931E-01
4.153714E+03	-1.683266E+01	1.376550E-01	1.636928E-01
4.153914E+03	-1.683337E+01	1.395400E-01	1.636924E-01
4.154114E+03	-1.683375E+01	1.398538E-01	1.636921E-01
4.154315E+03	-1.683321E+01	1.398408E-01	1.636918E-01
4.154515E+03	-1.683370E+01	1.402011E-01	1.636915E-01
4.154715E+03	-1.683402E+01	1.406618E-01	1.636912E-01
4.154915E+03	-1.683405E+01	1.404682E-01	1.636909E-01
4.155115E+03	-1.683342E+01	1.401865E-01	1.636905E-01
4.155315E+03	-1.683303E+01	1.399392E-01	1.636902E-01
4.155515E+03	-1.683312E+01	1.398924E-01	1.636899E-01
4.155715E+03	-1.683304E+01	1.394396E-01	1.636896E-01
4.155915E+03	-1.683299E+01	1.382803E-01	1.636893E-01
4.156115E+03	-1.683318E+01	1.384687E-01	1.636890E-01
4.156315E+03	-1.683308E+01	1.385256E-01	1.636887E-01
4.156515E+03	-1.683244E+01	1.390714E-01	1.636883E-01
4.156715E+03	-1.683108E+01	1.379123E-01	1.636880E-01
4.156915E+03	-1.683034E+01	1.376883E-01	1.636877E-01
4.157115E+03	-1.683000E+01	1.376311E-01	1.636874E-01
4.157315E+03	-1.682983E+01	1.375383E-01	1.636871E-01
4.157515E+03	-1.682861E+01	1.367229E-01	1.636868E-01
4.157715E+03	-1.682813E+01	1.366333E-01	1.636864E-01
4.157915E+03	-1.682824E+01	1.364468E-01	1.636861E-01
4.158115E+03	-1.682836E+01	1.364429E-01	1.636858E-01
4.158315E+03	-1.682850E+01	1.358850E-01	1.636855E-01
4.158515E+03	-1.682813E+01	1.358005E-01	1.636852E-01
4.158715E+03	-1.682839E+01	1.351883E-01	1.636849E-01
4.158915E+03	-1.682911E+01	1.352572E-01	1.636845E-01
4.159115E+03	-1.682954E+01	1.353293E-01	1.636842E-01
4.159315E+03	-1.682951E+01	1.352938E-01	1.636839E-01
4.159515E+03	-1.682955E+01	1.349527E-01	1.636836E-01
4.159716E+03	-1.682979E+01	1.352391E-01	1.636833E-01
4.159916E+03	-1.682949E+01	1.355028E-01	1.636830E-01
4.160116E+03	-1.682874E+01	1.352651E-01	1.636826E-01
4.160316E+03	-1.682890E+01	1.352007E-01	1.636823E-01
4.160516E+03	-1.682884E+01	1.350079E-01	1.636820E-01
4.160716E+03	-1.682905E+01	1.339587E-01	1.636817E-01
4.160916E+03	-1.682930E+01	1.330183E-01	1.636814E-01
4.161116E+03	-1.682990E+01	1.329048E-01	1.636811E-01
4.161316E+03	-1.682946E+01	1.307300E-01	1.636808E-01
4.161516E+03	-1.682879E+01	1.304339E-01	1.636804E-01
4.161716E+03	-1.682845E+01	1.308283E-01	1.636801E-01
4.161916E+03	-1.682787E+01	1.305798E-01	1.636798E-01
4.162115E+03	-1.682753E+01	1.301244E-01	1.636795E-01
4.162315E+03	-1.682784E+01	1.306716E-01	1.636792E-01
4.162516E+03	-1.682724E+01	1.310341E-01	1.636789E-01
4.162716E+03	-1.682669E+01	1.304019E-01	1.636785E-01
4.162916E+03	-1.682608E+01	1.302184E-01	1.636782E-01
4.163115E+03	-1.682611E+01	1.300602E-01	1.636779E-01
4.163315E+03	-1.682635E+01	1.296725E-01	1.636776E-01
4.163515E+03	-1.682642E+01	1.297681E-01	1.636773E-01
4.163715E+03	-1.682637E+01	1.300857E-01	1.636770E-01
4.163915E+03	-1.682677E+01	1.304585E-01	1.636767E-01
4.164115E+03	-1.682700E+01	1.307504E-01	1.636763E-01
4.164315E+03	-1.682683E+01	1.295932E-01	1.636760E-01
4.164515E+03	-1.682646E+01	1.290894E-01	1.636757E-01
4.164715E+03	-1.682640E+01	1.291849E-01	1.636754E-01
4.164915E+03	-1.682604E+01	1.288933E-01	1.636751E-01
4.165116E+03	-1.682559E+01	1.287852E-01	1.636748E-01
4.165316E+03	-1.682594E+01	1.298765E-01	1.636744E-01
4.165516E+03	-1.682637E+01	1.300063E-01	1.636741E-01
4.165716E+03	-1.682632E+01	1.302790E-01	1.636738E-01
4.165916E+03	-1.682603E+01	1.302123E-01	1.636735E-01
4.166116E+03	-1.682625E+01	1.304868E-01	1.636732E-01
4.166316E+03	-1.682602E+01	1.318831E-01	1.636729E-01
4.166516E+03	-1.682656E+01	1.317206E-01	1.636726E-01
4.166716E+03	-1.682684E+01	1.323605E-01	1.636722E-01
4.166916E+03	-1.682621E+01	1.320345E-01	1.636719E-01
4.167116E+03	-1.682577E+01	1.306423E-01	1.636716E-01
4.167316E+03	-1.682565E+01	1.308063E-01	1.636713E-01
4.167516E+03	-1.682625E+01	1.308042E-01	1.636710E-01
4.167716E+03	-1.682655E+01	1.306139E-01	1.636707E-01
4.167916E+03	-1.682595E+01	1.307175E-01	1.636704E-01
4.168116E+03	-1.682652E+01	1.323244E-01	1.636700E-01
4.168316E+03	-1.682753E+01	1.329088E-01	1.636697E-01
4.168516E+03	-1.682766E+01	1.321888E-01	1.636694E-01
4.168716E+03	-1.682785E+01	1.320912E-01	1.636691E-01
4.168916E+03	-1.682745E+01	1.320137E-01	1.636688E-01
4.169116E+03	-1.682763E+01	1.322350E-01	1.636685E-01
4.169316E+03	-1.682792E+01	1.323248E-01	1.636681E-01
4.169516E+03	-1.682798E+01	1.323326E-01	1.636678E-01
4.169716E+03	-1.682790E+01	1.323567E-01	1.636675E-01
4.169916E+03	-1.682767E+01	1.322806E-01	1.636672E-01
4.170116E+03	-1.682832E+01	1.325167E-01	1.636669E-01
4.170317E+03	-1.682899E+01	1.322586E-01	1.636666E-01
4.170517E+03	-1.682925E+01	1.317949E-01	1.636663E-01
4.170717E+03	-1.682899E+01	1.315633E-01	1.636659E-01
4.170917E+03	-1.682935E+01	1.315883E-01	1.636656E-01
4.171117E+03	-1.682890E+01	1.316395E-01	1.636653E-01
4.171317E+03	-1.682860E+01	1.319004E-01	1.636650E-01
4.171517E+03	-1.682935E+01	1.323091E-01	1.636647E-01
4.171717E+03	-1.682920E+01	1.321114E-01	1.636644E-01
4.171917E+03	-1.682848E+01	1.314144E-01	1.636641E-01
4.172117E+03	-1.682776E+01	1.312289E-01	1.636637E-01
4.172317E+03	-1.682818E+01	1.323677E-01	1.636634E-01
4.172517E+03	-1.682892E+01	1.335771E-01	1.636631E-01
4.172717E+03	-1.683007E+01	1.334926E-01	1.636628E-01
4.172917E+03	-1.683064E+01	1.330360E-01	1.636625E-01
4.173117E+03	-1.683066E+01	1.333404E-01	1.636622E-01
4.173317E+03	-1.683010E+01	1.324321E-01	1.636618E-01
4.173517E+03	-1.682960E+01	1.322143E-01	1.636615E-01
4.173717E+03	-1.682956E+01	1.322169E-01	1.636612E-01
4.173917E+03	-1.682972E+01	1.331879E-01	1.636609E-01
4.174117E+03	-1.682981E+01	1.329409E-01	1.636606E-01
4.174316E+03	-1.683075E+01	1.329735E-01	1.636603E-01
4.174516E+03	-1.683125E+01	1.326120E-01	1.636600E-01
4.174717E+03	-1.683094E+01	1.322588E-01	1.636596E-01
4.174917E+03	-1.683079E+01	1.318294E-01	1.636593E-01
4.175117E+03	-1.683090E+01	1.317741E-01	1.636590E-01
4.175316E+03	-1.683143E+01	1.319549E-01	1.636587E-01
4.175516E+03	-1.683117E+01	1.316259E-01	1.636584E-01
4.175717E+03	-1.683092E+01	1.306111E-01	1.636581E-01
4.175917E+03	-1.683107E+01	1.305027E-01	1.636578E-01
4.176117E+03	-1.683039E+01	1.296343E-01	1.636574E-01
4.176317E+03	-1.683021E+01	1.294880E-01	1.636571E-01
4.176517E+03	-1.682999E+01	1.289027E-01	1.636568E-01
4.176717E+03	-1.682950E+01	1.301087E-01	1.636565E-01
4.176917E+03	-1.682946E+01	1.301196E-01	1.636562E-01
4.177117E+03	-1.682939E+01	1.301737E-01	1.636559E-01
4.177317E+03	-1.682939E+01	1.297303E-01	1.636556E-01
4.177517E+03	-1.683033E+01	1.298516E-01	1.636552E-01
4.177717E+03	-1.683113E+01	1.304078E-01	1.636549E-01
4.177917E+03	-1.683217E+01	1.304539E-01	1.636546E-01
4.178117E+03	-1.683301E+01	1.316604E-01	1.636543E-01
4.178317E+03	-1.683342E+01	1.320166E-01	1.636540E-01
4.178517E+03	-1.683305E+01	1.320797E-01	1.636537E-01
4.178717E+03	-1.683274E+01	1.307304E-01	1.636534E-01
4.178917E+03	-1.683310E+01	1.299094E-01	1.636530E-01
4.179117E+03	-1.683339E+01	1.290991E-01	1.636527E-01
4.179317E+03	-1.683248E+01	1.291239E-01	1.636524E-01
4.179517E+03	-1.683231E+01	1.289203E-01	1.636521E-01
4.179717E+03	-1.683272E+01	1.299145E-01	1.636518E-01
4.179917E+03	-1.683324E+01	1.313893E-01	1.636515E-01
4.180117E+03	-1.683344E+01	1.311079E-01	1.636512E-01
4.180317E+03	-1.683364E+01	1.311049E-01	1.636508E-01
4.180517E+03	-1.683336E+01	1.305032E-01	1.636505E-01
4.180717E+03	-1.683337E+01	1.304254E-01	1.636502E-01
4.180917E+03	-1.683352E+01	1.303002E-01	1.636499E-01
4.181118E+03	-1.683356E+01	1.304981E-01	1.636496E-01
4.181318E+03	-1.683439E+01	1.312605E-01	1.636493E-01
4.181518E+03	-1.683450E+01	1.330714E-01	1.636490E-01
4.181718E+03	-1.683503E+01	1.332316E-01	1.636486E-01
4.181918E+03	-1.683542E+01	1.333405E-01	1.636483E-01
4.182118E+03	-1.683500E+01	1.332342E-01	1.636480E-01
4.182318E+03	-1.683512E+01	1.332135E-01	1.636477E-01
4.182518E+03	-1.683540E+01	1.332569E-01	1.636474E-01
4.182718E+03	-1.683479E+01	1.330033E-01	1.636471E-01
4.182918E+03	-1.683428E+01	1.330914E-01	1.636468E-01
4.183118E+03	-1.683450E+01	1.334535E-01	1.636464E-01
4.183318E+03	-1.683519E+01	1.357861E-01	1.636461E-01
4.183518E+03	-1.683539E+01	1.353515E-01	1.636458E-01
4.183718E+03	-1.683530E+01	1.347147E-01	1.636455E-01
4.183918E+03	-1.683564E+01	1.369694E-01	1.636452E-01
4.184118E+03	-1.683634E+01	1.373214E-01	1.636449E-01
4.184318E+03	-1.683611E+01	1.364977E-01	1.636446E-01
4.184518E+03	-1.683504E+01	1.361291E-01	1.636443E-01
4.184718E+03	-1.683443E+01	1.365233E-01	1.636439E-01
4.184918E+03	-1.683387E+01	1.369029E-01	1.636436E-01
4.185118E+03	-1.683376E+01	1.366548E-01	1.636433E-01
4.185318E+03	-1.683340E+01	1.362122E-01	1.636430E-01
4.185518E+03	-1.683323E+01	1.368465E-01	1.636427E-01
4.185718E+03	-1.683436E+01	1.369940E-01	1.636424E-01
4.185918E+03	-1.683419E+01	1.369082E-01	1.636421E-01
4.186118E+03	-1.683389E+01	1.361268E-01	1.636417E-01
4.186318E+03	-1.683374E+01	1.364478E-01	1.636414E-01
4.186519E+03	-1.683385E+01	1.365567E-01	1.636411E-01
4.186718E+03	-1.683427E+01	1.370401E-01	1.636408E-01
4.186918E+03	-1.683439E+01	1.372804E-01	1.636405E-01
4.187118E+03	-1.683475E+01	1.372631E-01	1.636402E-01
4.187319E+03	-1.683475E+01	1.376597E-01	1.636399E-01
4.187518E+03	-1.683393E+01	1.373327E-01	1.636395E-01
4.187718E+03	-1.683365E+01	1.371933E-01	1.636392E-01
4.187918E+03	-1.683362E+01	1.377795E-01	1.636389E-01
4.188118E+03	-1.683399E+01	1.388728E-01	1.636386E-01
4.188318E+03	-1.683485E+01	1.386246E-01	1.636383E-01
4.188518E+03	-1.683467E+01	1.378944E-01	1.636380E-01
4.188718E+03	-1.683438E+01	1.371189E-01	1.636377E-01
4.188918E+03	-1.683560E+01	1.375314E-01	1.636374E-01
4.189118E+03	-1.683604E+01	1.376753E-01	1.636370E-01
4.189318E+03	-1.683592E+01	1.381354E-01	1.636367E-01
4.189518E+03	-1.683535E+01	1.377771E-01	1.636364E-01
4.189718E+03	-1.683568E+01	1.377336E-01	1.636361E-01
4.189918E+03	-1.683598E+01	1.373883E-01	1.636358E-01
4.190118E+03	-1.683659E+01	1.377492E-01	1.636355E-01
4.190318E+03	-1.683695E+01	1.388452E-01	1.636352E-01
4.190518E+03	-1.683650E+01	1.379513E-01	1.636348E-01
4.190718E+03	-1.683624E+01	1.378153E-01	1.636345E-01
4.190918E+03	-1.683623E+01	1.379779E-01	1.636342E-01
4.191118E+03	-1.683659E+01	1.390909E-01	1.636339E-01
4.191318E+03	-1.683659E+01	1.387975E-01	1.636336E-01
4.191518E+03	-1.683601E+01	1.390920E-01	1.636333E-01
4.191719E+03	-1.683550E+01	1.390446E-01	1.636330E-01
4.191919E+03	-1.683604E+01	1.392015E-01	1.636327E-01
4.192119E+03	-1.683695E+01	1.396203E-01	1.636323E-01
4.192319E+03	-1.683754E+01	1.397714E-01	1.636320E-01
4.192519E+03	-1.683768E+01	1.395558E-01	1.636317E-01
4.192719E+03	-1.683750E+01	1.392354E-01	1.636314E-01
4.192919E+03	-1.683778E+01	1.390369E-01	1.636311E-01
4.193119E+03	-1.683784E+01	1.387597E-01	1.636308E-01
4.193319E+03	-1.683744E+01	1.401526E-01	1.636305E-01
4.193519E+03	-1.683743E+01	1.391310E-01	1.636301E-01
4.193719E+03	-1.683709E+01	1.382516E-01	1.636298E-01
4.193919E+03	-1.683732E+01	1.378205E-01	1.636295E-01
4.194119E+03	-1.683781E+01	1.382504E-01	1.636292E-01
4.194319E+03	-1.683731E+01	1.376514E-01	1.636289E-01
4.194519E+03	-1.683691E+01	1.371638E-01	1.636286E-01
4.194719E+03	-1.683683E+01	1.372176E-01	1.636283E-01
4.194919E+03	-1.683718E+01	1.373456E-01	1.636280E-01
4.195119E+03	-1.683714E+01	1.379940E-01	1.636276E-01
4.195319E+03	-1.683671E+01	1.378653E-01	1.636273E-01
4.195519E+03	-1.683646E+01	1.377545E-01	1.636270E-01
4.195719E+03	-1.683606E+01	1.376559E-01	1.636267E-01
4.195919E+03	-1.683568E+01	1.363410E-01	1.636264E-01
4.196119E+03	-1.683598E+01	1.366803E-01	1.636261E-01
4.196319E+03	-1.683581E+01	1.374103E-01	1.636258E-01
4.196519E+03	-1.683572E+01	1.372529E-01	1.636255E-01
4.196719E+03	-1.683539E+01	1.369948E-01	1.636251E-01
4.196919E+03	-1.683533E+01	1.368609E-01	1.636248E-01
4.197120E+03	-1.683498E+01	1.366308E-01	1.636245E-01
4.197320E+03	-1.683469E+01	1.365347E-01	1.636242E-01
4.197520E+03	-1.683532E+01	1.366610E-01	1.636239E-01
4.197720E+03	-1.683553E+01	1.374915E-01	1.636236E-01
4.197920E+03	-1.683487E+01	1.356775E-01	1.636233E-01
4.198120E+03	-1.683468E+01	1.354657E-01	1.636229E-01
4.198320E+03	-1.683465E+01	1.356314E-01	1.636226E-01
4.198520E+03	-1.683472E+01	1.359393E-01	1.636223E-01
4.198720E+03	-1.683476E+01	1.354672E-01	1.636220E-01
4.198919E+03	-1.683473E+01	1.361802E-01	1.636217E-01
4.199119E+03	-1.683457E+01	1.384100E-01	1.636214E-01
4.199319E+03	-1.683453E+01	1.381014E-01	1.636211E-01
4.199520E+03	-1.683433E+01	1.385434E-01	1.636208E-01
4.199719E+03	-1.683387E+01	1.400148E-01	1.636204E-01
4.199919E+03	-1.683290E+01	1.403049E-01	1.636201E-01
4.200119E+03	-1.683201E+01	1.398506E-01	1.636198E-01
4.200319E+03	-1.683223E+01	1.399695E-01	1.636195E-01
4.200519E+03	-1.683241E+01	1.395082E-01	1.636192E-01
4.200719E+03	-1.683216E+01	1.396201E-01	1.636189E-01
4.200919E+03	-1.683210E+01	1.396918E-01	1.636186E-01
4.201119E+03	-1.683183E+01	1.400953E-01	1.636183E-01
4.201319E+03	-1.683141E+01	1.399597E-01	1.636179E-01
4.201519E+03	-1.683143E+01	1.400523E-01	1.636176E-01
4.201719E+03	-1.683116E+01	1.405116E-01	1.636173E-01
4.201919E+03	-1.683109E+01	1.419283E-01	1.636170E-01
4.202119E+03	-1.683159E+01	1.421581E-01	1.636167E-01
4.202319E+03	-1.683128E+01	1.421599E-01	1.636164E-01
4.202520E+03	-1.683067E+01	1.418618E-01	1.636161E-01
4.202720E+03	-1.683048E+01	1.420784E-01	1.636158E-01
4.202920E+03	-1.683025E+01	1.423483E-01	1.636154E-01
4.203120E+03	-1.683026E+01	1.422854E-01	1.636151E-01
4.203320E+03	-1.683026E+01	1.425618E-01	1.636148E-01
4.203520E+03	-1.683083E+01	1.427287E-01	1.636145E-01
4.203720E+03	-1.683136E+01	1.432645E-01	1.636142E-01
4.203920E+03	-1.683093E+01	1.425363E-01	1.636139E-01
4.204120E+03	-1.683118E+01	1.425524E-01	1.636136E-01
4.204320E+03	-1.683139E+01	1.428095E-01	1.636133E-01
4.204520E+03	-1.683065E+01	1.426698E-01	1.636129E-01
4.204720E+03	-1.682993E+01	1.424160E-01	1.636126E-01
4.204920E+03	-1.682928E+01	1.427250E-01	1.636123E-01
4.205120E+03	-1.682943E+01	1.429422E-01	1.636120E-01
4.205320E+03	-1.682934E+01	1.428736E-01	1.636117E-01
4.205520E+03	-1.682867E+01	1.426793E-01	1.636114E-01
4.205720E+03	-1.682806E+01	1.420010E-01	1.636111E-01
4.205920E+03	-1.682824E+01	1.432690E-01	1.636108E-01
4.206120E+03	-1.682827E+01	1.434503E-01	1.636104E-01
4.206320E+03	-1.682759E+01	1.430403E-01	1.636101E-01
4.206520E+03	-1.682719E+01	1.424510E-01	1.636098E-01
4.206720E+03	-1.682711E+01	1.422862E-01	1.636095E-01
4.206920E+03	-1.682663E+01	1.438056E-01	1.636092E-01
4.207120E+03	-1.682691E+01	1.437879E-01	1.636089E-01
4.207320E+03	-1.682685E+01	1.437693E-01	1.636086E-01
4.207520E+03	-1.682625E+01	1.432293E-01	1.636083E-01
4.207721E+03	-1.682700E+01	1.437190E-01	1.636079E-01
4.207921E+03	-1.682806E+01	1.433915E-01	1.636076E-01
4.208121E+03	-1.682814E+01	1.433600E-01	1.636073E-01
4.208321E+03	-1.682872E+01	1.437649E-01	1.636070E-01
4.208521E+03	-1.682928E+01	1.439612E-01	1.636067E-01
4.208721E+03	-1.682958E+01	1.439810E-01	1.636064E-01
4.208921E+03	-1.682982E+01	1.443053E-01	1.636061E-01
4.209121E+03	-1.683009E+01	1.441511E-01	1.636058E-01
4.209321E+03	-1.682987E+01	1.431380E-01	1.636055E-01
4.209521E+03	-1.682899E+01	1.440416E-01	1.636051E-01
4.209721E+03	-1.682868E+01	1.436289E-01	1.636048E-01
4.209921E+03	-1.682922E+01	1.438767E-01	1.636045E-01
4.210121E+03	-1.682939E+01	1.437447E-01	1.636042E-01
4.210321E+03	-1.682918E+01	1.423308E-01	1.636039E-01
4.210520E+03	-1.682935E+01	1.427216E-01	1.636036E-01
4.210721E+03	-1.682982E+01	1.422535E-01	1.636033E-01
4.210921E+03	-1.683003E+01	1.433634E-01	1.636030E-01
4.211120E+03	-1.683035E+01	1.434110E-01	1.636026E-01
4.211320E+03	-1.683009E+01	1.435045E-01	1.636023E-01
4.211520E+03	-1.682946E+01	1.435471E-01	1.636020E-01
4.211720E+03	-1.682984E+01	1.436668E-01	1.636017E-01
4.211920E+03	-1.683012E+01	1.434730E-01	1.636014E-01
4.212120E+03	-1.683007E+01	1.420842E-01	1.636011E-01
4.212320E+03	-1.682994E+01	1.416346E-01	1.636008E-01
4.212520E+03	-1.683047E+01	1.418538E-01	1.636005E-01
4.212720E+03	-1.683094E+01	1.422234E-01	1.636002E-01
4.212920E+03	-1.683073E+01	1.428236E-01	1.635998E-01
4.213121E+03	-1.683071E+01	1.426256E-01	1.635995E-01
4.213321E+03	-1.683117E+01	1.428137E-01	1.635992E-01
4.213521E+03	-1.683173E+01	1.437344E-01	1.635989E-01
4.213721E+03	-1.683236E+01	1.440011E-01	1.635986E-01
4.213921E+03	-1.683292E+01	1.443319E-01	1.635983E-01
4.214121E+03	-1.683310E+01	1.445451E-01	1.635980E-01
4.214321E+03	-1.683316E+01	1.446794E-01	1.635977E-01
4.214521E+03	-1.683319E+01	1.446178E-01	1.635973E-01
4.214721E+03	-1.683342E+01	1.451428E-01	1.635970E-01
4.214921E+03	-1.683392E+01	1.453824E-01	1.635967E-01
4.215121E+03	-1.683396E+01	1.456802E-01	1.635964E-01
4.215321E+03	-1.683397E+01	1.469298E-01	1.635961E-01
4.215521E+03	-1.683466E+01	1.469824E-01	1.635958E-01
4.215721E+03	-1.683519E+01	1.476695E-01	1.635955E-01
4.215921E+03	-1.683460E+01	1.475086E-01	1.635952E-01
4.216121E+03	-1.683425E+01	1.475824E-01	1.635949E-01
4.216321E+03	-1.683441E+01	1.468971E-01	1.635945E-01
4.216521E+03	-1.683470E+01	1.468192E-01	1.635942E-01
4.216721E+03	-1.683555E+01	1.478213E-01	1.635939E-01
4.216921E+03	-1.683663E+01	1.486065E-01	1.635936E-01
4.217121E+03	-1.683659E+01	1.488404E-01	1.635933E-01
4.217321E+03	-1.683642E+01	1.495633E-01	1.635930E-01
4.217521E+03	-1.683731E+01	1.498077E-01	1.635927E-01
4.217721E+03	-1.683780E+01	1.511588E-01	1.635924E-01
4.217921E+03	-1.683820E+01	1.521273E-01	1.635921E-01
4.218121E+03	-1.683850E+01	1.520348E-01	1.635917E-01
4.218321E+03	-1.683827E+01	1.519302E-01	1.635914E-01
4.218522E+03	-1.683798E+01	1.520676E-01	1.635911E-01
4.218722E+03	-1.683804E+01	1.521740E-01	1.635908E-01
4.218922E+03	-1.683749E+01	1.518599E-01	1.635905E-01
4.219122E+03	-1.683737E+01	1.518115E-01	1.635902E-01
4.219322E+03	-1.683759E+01	1.518821E-01	1.635899E-01
4.219522E+03	-1.683731E+01	1.520866E-01	1.635896E-01
4.219722E+03	-1.683779E+01	1.522497E-01	1.635893E-01
4.219922E+03	-1.683852E+01	1.535874E-01	1.635889E-01
4.220122E+03	-1.683859E+01	1.543890E-01	1.635886E-01
4.220322E+03	-1.683871E+01	1.549618E-01	1.635883E-01
4.220522E+03	-1.683892E+01	1.550482E-01	1.635880E-01
4.220722E+03	-1.683932E+01	1.538729E-01	1.635877E-01
4.220922E+03	-1.683882E+01	1.532971E-01	1.635874E-01
4.221122E+03	-1.683931E+01	1.535729E-01	1.635871E-01
4.221322E+03	-1.684038E+01	1.539256E-01	1.635868E-01
4.221522E+03	-1.684100E+01	1.541867E-01	1.635865E-01
4.221722E+03	-1.684080E+01	1.541824E-01	1.635861E-01
4.221922E+03	-1.684049E+01	1.540776E-01	1.635858E-01
4.222122E+03	-1.684053E+01	1.531942E-01	1.635855E-01
4.222322E+03	-1.684059E+01	1.531712E-01	1.635852E-01
4.222522E+03	-1.684077E+01	1.528401E-01	1.635849E-01
4.222721E+03	-1.684071E+01	1.530159E-01	1.635846E-01
4.222922E+03	-1.684129E+01	1.548370E-01	1.635843E-01
4.223122E+03	-1.684171E+01	1.547694E-01	1.635840E-01
4.223322E+03	-1.684143E+01	1.546405E-01	1.635837E-01
4.223521E+03	-1.684087E+01	1.544477E-01	1.635833E-01
4.223722E+03	-1.684122E+01	1.549465E-01	1.635830E-01
4.223922E+03	-1.684148E+01	1.546190E-01	1.635827E-01
4.224122E+03	-1.684151E+01	1.549405E-01	1.635824E-01
4.224322E+03	-1.684119E+01	1.548588E-01	1.635821E-01
4.224522E+03	-1.684016E+01	1.545909E-01	1.635818E-01
4.224722E+03	-1.684009E+01	1.545346E-01	1.635815E-01
4.224922E+03	-1.683971E+01	1.543944E-01	1.635812E-01
4.225122E+03	-1.683897E+01	1.540273E-01	1.635809E-01
4.225322E+03	-1.683890E+01	1.535820E-01	1.635805E-01
4.225522E+03	-1.683911E+01	1.521569E-01	1.635802E-01
4.225722E+03	-1.683869E+01	1.523851E-01	1.635799E-01
4.225922E+03	-1.683776E+01	1.526644E-01	1.635796E-01
4.226122E+03	-1.683726E+01	1.528068E-01	1.635793E-01
4.226322E+03	-1.683749E+01	1.530026E-01	1.635790E-01
4.226522E+03	-1.683781E+01	1.530726E-01	1.635787E-01
4.226722E+03	-1.683844E+01	1.533536E-01	1.635784E-01
4.226922E+03	-1.683899E+01	1.536592E-01	1.635781E-01
4.227122E+03	-1.683883E+01	1.532219E-01	1.635777E-01
4.227322E+03	-1.683844E+01	1.514751E-01	1.635774E-01
4.227522E+03	-1.683864E+01	1.515214E-01	1.635771E-01
4.227722E+03	-1.683824E+01	1.514640E-01	1.635768E-01
4.227922E+03	-1.683773E+01	1.488748E-01	1.635765E-01
4.228122E+03	-1.683730E+01	1.487001E-01	1.635762E-01
4.228322E+03	-1.683724E+01	1.490073E-01	1.635759E-01
4.228522E+03	-1.683748E+01	1.491470E-01	1.635756E-01
4.228722E+03	-1.683689E+01	1.483854E-01	1.635752E-01
4.228922E+03	-1.683686E+01	1.480951E-01	1.635749E-01
4.229123E+03	-1.683696E+01	1.490748E-01	1.635746E-01
4.229323E+03	-1.683680E+01	1.494016E-01	1.635743E-01
4.229523E+03	-1.683702E+01	1.485587E-01	1.635740E-01
4.229723E+03	-1.683733E+01	1.486524E-01	1.635736E-01
4.229923E+03	-1.683782E+01	1.487335E-01	1.635733E-01
4.230123E+03	-1.683797E+01	1.487125E-01	1.635730E-01
4.230323E+03	-1.683737E+01	1.481149E-01	1.635727E-01
4.230523E+03	-1.683661E+01	1.477792E-01	1.635724E-01
4.230723E+03	-1.683655E+01	1.473519E-01	1.635720E-01
4.230923E+03	-1.683639E+01	1.470770E-01	1.635717E-01
4.231123E+03	-1.683589E+01	1.468453E-01	1.635714E-01
4.231323E+03	-1.683606E+01	1.465120E-01	1.635711E-01
4.231523E+03	-1.683609E+01	1.462686E-01	1.635708E-01
4.231723E+03	-1.683643E+01	1.457761E-01	1.635704E-01
4.231923E+03	-1.683689E+01	1.450693E-01	1.635701E-01
4.232123E+03	-1.683715E+01	1.433052E-01	1.635698E-01
4.232323E+03	-1.683753E+01	1.434939E-01	1.635695E-01
4.232523E+03	-1.683751E+01	1.436536E-01	1.635692E-01
4.232723E+03	-1.683739E+01	1.438008E-01	1.635688E-01
4.232923E+03	-1.683697E+01	1.439245E-01	1.635685E-01
4.233123E+03	-1.683655E+01	1.444478E-01	1.635682E-01
4.233323E+03	-1.683625E+01	1.447362E-01	1.635679E-01
4.233523E+03	-1.683595E+01	1.445739E-01	1.635676E-01
4.233723E+03	-1.683596E+01	1.463016E-01	1.635672E-01
4.233923E+03	-1.683596E+01	1.470795E-01	1.635669E-01
4.234123E+03	-1.683575E+01	1.469496E-01	1.635666E-01
4.234323E+03	-1.683471E+01	1.455517E-01	1.635663E-01
4.234524E+03	-1.683397E+01	1.454490E-01	1.635660E-01
4.234724E+03	-1.683423E+01	1.456126E-01	1.635656E-01
4.234923E+03	-1.683418E+01	1.451435E-01	1.635653E-01
4.235123E+03	-1.683435E+01	1.446016E-01	1.635650E-01
4.235324E+03	-1.683421E+01	1.449376E-01	1.635647E-01
4.235524E+03	-1.683384E+01	1.443612E-01	1.635644E-01
4.235724E+03	-1.683363E+01	1.433913E-01	1.635640E-01
4.235923E+03	-1.683319E+01	1.426656E-01	1.635637E-01
4.236123E+03	-1.683247E+01	1.424308E-01	1.635634E-01
4.236323E+03	-1.683211E+01	1.421805E-01	1.635631E-01
4.236523E+03	-1.683126E+01	1.422391E-01	1.635628E-01
4.236723E+03	-1.683116E+01	1.422208E-01	1.635625E-01
4.236923E+03	-1.683144E+01	1.423561E-01	1.635621E-01
4.237123E+03	-1.683127E+01	1.429991E-01	1.635618E-01
4.237323E+03	-1.683116E+01	1.414515E-01	1.635615E-01
4.237523E+03	-1.683114E+01	1.413934E-01	1.635612E-01
4.237723E+03	-1.683095E+01	1.429737E-01	1.635609E-01
4.237923E+03	-1.683060E+01	1.426735E-01	1.635605E-01
4.238123E+03	-1.683046E+01	1.418982E-01	1.635602E-01
4.238323E+03	-1.683055E+01	1.439306E-01	1.635599E-01
4.238523E+03	-1.683069E+01	1.439948E-01	1.635596E-01
4.238723E+03	-1.683080E+01	1.457568E-01	1.635593E-01
4.238923E+03	-1.683047E+01	1.476033E-01	1.635589E-01
4.239123E+03	-1.683085E+01	1.487944E-01	1.635586E-01
4.239323E+03	-1.683110E+01	1.487810E-01	1.635583E-01
4.239523E+03	-1.683082E+01	1.498867E-01	1.635580E-01
4.239724E+03	-1.683068E+01	1.500469E-01	1.635577E-01
4.239924E+03	-1.683078E+01	1.516610E-01	1.635573E-01
4.240124E+03	-1.683035E+01	1.515803E-01	1.635570E-01
4.240324E+03	-1.683071E+01	1.510988E-01	1.635567E-01
4.240524E+03	-1.683156E+01	1.512576E-01	1.635564E-01
4.240724E+03	-1.683175E+01	1.529587E-01	1.635561E-01
4.240924E+03	-1.683149E+01	1.530356E-01	1.635557E-01
4.241124E+03	-1.683159E+01	1.531525E-01	1.635554E-01
4.241324E+03	-1.683178E+01	1.533232E-01	1.635551E-01
4.241524E+03	-1.683179E+01	1.535943E-01	1.635548E-01
4.241724E+03	-1.683146E+01	1.527358E-01	1.635545E-01
4.241924E+03	-1.683091E+01	1.521378E-01	1.635541E-01
4.242124E+03	-1.683106E+01	1.522662E-01	1.635538E-01
4.242324E+03	-1.683061E+01	1.517398E-01	1.635535E-01
4.242524E+03	-1.683014E+01	1.512127E-01	1.635532E-01
4.242724E+03	-1.683041E+01	1.513173E-01	1.635529E-01
4.242924E+03	-1.683028E+01	1.506842E-01	1.635526E-01
4.243124E+03	-1.683059E+01	1.489710E-01	1.635522E-01
4.243324E+03	-1.683073E+01	1.491421E-01	1.635519E-01
4.243524E+03	-1.683027E+01	1.488172E-01	1.635516E-01
4.243724E+03	-1.682952E+01	1.475501E-01	1.635513E-01
4.243924E+03	-1.682942E+01	1.477532E-01	1.635510E-01
4.244124E+03	-1.682940E+01	1.491319E-01	1.635506E-01
4.244324E+03	-1.682943E+01	1.490335E-01	1.635503E-01
4.244524E+03	-1.682940E+01	1.490285E-01	1.635500E-01
4.244724E+03	-1.682976E+01	1.490116E-01	1.635497E-01
4.244924E+03	-1.682928E+01	1.487751E-01	1.635494E-01
4.245125E+03	-1.682833E+01	1.480097E-01	1.635490E-01
4.245325E+03	-1.682778E+01	1.479884E-01	1.635487E-01
4.245525E+03	-1.682760E+01	1.490857E-01	1.635484E-01
4.245725E+03	-1.682759E+01	1.487344E-01	1.635481E-01
4.245925E+03	-1.682710E+01	1.478992E-01	1.635478E-01
4.246125E+03	-1.682651E+01	1.487542E-01	1.635475E-01
4.246325E+03	-1.682619E+01	1.487963E-01	1.635471E-01
4.246525E+03	-1.682556E+01	1.485824E-01	1.635468E-01
4.246725E+03	-1.682503E+01	1.489578E-01	1.635465E-01
4.246925E+03	-1.682542E+01	1.487815E-01	1.635462E-01
4.247124E+03	-1.682569E+01	1.491475E-01	1.635459E-01
4.247324E+03	-1.682566E+01	1.489639E-01	1.635455E-01
4.247525E+03	-1.682556E+01	1.494335E-01	1.635452E-01
4.247725E+03	-1.682571E+01	1.485992E-01	1.635449E-01
4.247925E+03	-1.682624E+01	1.488699E-01	1.635446E-01
4.248124E+03	-1.682633E+01	1.489594E-01	1.635443E-01
4.248324E+03	-1.682620E+01	1.487559E-01	1.635439E-01
4.248524E+03	-1.682603E+01	1.484838E-01	1.635436E-01
4.248724E+03	-1.682607E+01	1.489164E-01	1.635433E-01
4.248924E+03	-1.682632E+01	1.490698E-01	1.635430E-01
4.249124E+03	-1.682641E+01	1.495998E-01	1.635427E-01
4.249324E+03	-1.682625E+01	1.495855E-01	1.635424E-01
4.249524E+03	-1.682612E+01	1.496121E-01	1.635420E-01
4.249724E+03	-1.682646E+01	1.499100E-01	1.635417E-01
4.249924E+03	-1.682691E+01	1.491815E-01	1.635414E-01
4.250124E+03	-1.682722E+01	1.492377E-01	1.635411E-01
4.250325E+03	-1.682752E+01	1.496760E-01	1.635408E-01
4.250525E+03	-1.682757E+01	1.496610E-01	1.635404E-01
4.250725E+03	-1.682718E+01	1.502350E-01	1.635401E-01
4.250925E+03	-1.682753E+01	1.491691E-01	1.635398E-01
4.251125E+03	-1.682721E+01	1.490521E-01	1.635395E-01
4.251325E+03	-1.682623E+01	1.488075E-01	1.635392E-01
4.251525E+03	-1.682564E+01	1.484650E-01	1.635389E-01
4.251725E+03	-1.682573E+01	1.481815E-01	1.635385E-01
4.251925E+03	-1.682564E+01	1.488067E-01	1.635382E-01
4.252125E+03	-1.682528E+01	1.487428E-01	1.635379E-01
4.252325E+03	-1.682470E+01	1.483361E-01	1.635376E-01
4.252525E+03	-1.682390E+01	1.476254E-01	1.635373E-01
4.252725E+03	-1.682353E+01	1.476431E-01	1.635369E-01
4.252925E+03	-1.682339E+01	1.474444E-01	1.635366E-01
4.253125E+03	-1.682363E+01	1.475154E-01	1.635363E-01
4.253325E+03	-1.682353E+01	1.475967E-01	1.635360E-01
4.253525E+03	-1.682322E+01	1.466803E-01	1.635357E-01
4.253725E+03	-1.682383E+01	1.470665E-01	1.635354E-01
4.253925E+03	-1.682420E+01	1.471320E-01	1.635350E-01
4.254125E+03	-1.682463E+01	1.472259E-01	1.635347E-01
4.254325E+03	-1.682488E+01	1.473172E-01	1.635344E-01
4.254525E+03	-1.682446E+01	1.474403E-01	1.635341E-01
4.254725E+03	-1.682383E+01	1.472259E-01	1.635338E-01
4.254925E+03	-1.682349E+01	1.461466E-01	1.635334E-01
4.255125E+03	-1.682374E+01	1.486868E-01	1.635331E-01
4.255325E+03	-1.682314E+01	1.500777E-01	1.635328E-01
4.255525E+03	-1.682262E+01	1.495839E-01	1.635325E-01
4.255726E+03	-1.682212E+01	1.503318E-01	1.635322E-01
4.255926E+03	-1.682156E+01	1.500261E-01	1.635319E-01
4.256126E+03	-1.682169E+01	1.503324E-01	1.635315E-01
4.256326E+03	-1.682182E+01	1.501524E-01	1.635312E-01
4.256526E+03	-1.682194E+01	1.500738E-01	1.635309E-01
4.256726E+03	-1.682149E+01	1.500467E-01	1.635306E-01
4.256926E+03	-1.682111E+01	1.493074E-01	1.635303E-01
4.257126E+03	-1.682089E+01	1.493726E-01	1.635299E-01
4.257326E+03	-1.682063E+01	1.492578E-01	1.635296E-01
4.257526E+03	-1.682095E+01	1.487063E-01	1.635293E-01
4.257726E+03	-1.682159E+01	1.488076E-01	1.635290E-01
4.257926E+03	-1.682187E+01	1.491227E-01	1.635287E-01
4.258126E+03	-1.682170E+01	1.489333E-01	1.635284E-01
4.258326E+03	-1.682194E+01	1.497703E-01	1.635280E-01
4.258526E+03	-1.682210E+01	1.506042E-01	1.635277E-01
4.258726E+03	-1.682227E+01	1.508191E-01	1.635274E-01
4.258926E+03	-1.682314E+01	1.509826E-01	1.635271E-01
4.259126E+03	-1.682339E+01	1.506679E-01	1.635268E-01
4.259325E+03	-1.682270E+01	1.492422E-01	1.635264E-01
4.259525E+03	-1.682161E+01	1.488693E-01	1.635261E-01
4.259725E+03	-1.682063E+01	1.484854E-01	1.635258E-01
4.259926E+03	-1.681998E+01	1.482820E-01	1.635255E-01
4.260126E+03	-1.681916E+01	1.478636E-01	1.635252E-01
4.260325E+03	-1.681883E+01	1.482986E-01	1.635249E-01
4.260525E+03	-1.681889E+01	1.481248E-01	1.635245E-01
4.260725E+03	-1.681851E+01	1.473640E-01	1.635242E-01
4.260925E+03	-1.681789E+01	1.467423E-01	1.635239E-01
4.261126E+03	-1.681735E+01	1.460206E-01	1.635236E-01
4.261326E+03	-1.681709E+01	1.452659E-01	1.635233E-01
4.261526E+03	-1.681671E+01	1.449688E-01	1.635230E-01
4.261726E+03	-1.681649E+01	1.437960E-01	1.635226E-01
4.261926E+03	-1.681696E+01	1.430702E-01	1.635223E-01
4.262126E+03	-1.681670E+01	1.429160E-01	1.635220E-01
4.262326E+03	-1.681663E+01	1.430655E-01	1.635217E-01
4.262526E+03	-1.681719E+01	1.430678E-01	1.635214E-01
4.262726E+03	-1.681742E+01	1.430608E-01	1.635210E-01
4.262926E+03	-1.681712E+01	1.434153E-01	1.635207E-01
4.263126E+03	-1.681631E+01	1.429922E-01	1.635204E-01
4.263326E+03	-1.681581E+01	1.430975E-01	1.635201E-01
4.263526E+03	-1.681593E+01	1.437426E-01	1.635198E-01
4.263726E+03	-1.681610E+01	1.439702E-01	1.635195E-01
4.263926E+03	-1.681523E+01	1.430876E-01	1.635191E-01
4.264126E+03	-1.681453E+01	1.425981E-01	1.635188E-01
4.264326E+03	-1.681392E+01	1.419345E-01	1.635185E-01
4.264526E+03	-1.681401E+01	1.420488E-01	1.635182E-01
4.264726E+03	-1.681447E+01	1.424198E-01	1.635179E-01
4.264926E+03	-1.681447E+01	1.423835E-01	1.635176E-01
4.265126E+03	-1.681428E+01	1.421924E-01	1.635172E-01
4.265326E+03	-1.681358E+01	1.421633E-01	1.635169E-01
4.265526E+03	-1.681314E+01	1.419607E-01	1.635166E-01
4.265726E+03	-1.681276E+01	1.423205E-01	1.635163E-01
4.265926E+03	-1.681237E+01	1.425593E-01	1.635160E-01
4.266126E+03	-1.681213E+01	1.434142E-01	1.635157E-01
4.266327E+03	-1.681217E+01	1.442303E-01	1.635153E-01
4.266527E+03	-1.681216E+01	1.443508E-01	1.635150E-01
4.266727E+03	-1.681202E+01	1.441447E-01	1.635147E-01
4.266927E+03	-1.681187E+01	1.426521E-01	1.635144E-01
4.267127E+03	-1.681149E+01	1.425923E-01	1.635141E-01
4.267327E+03	-1.681062E+01	1.420654E-01	1.635137E-01
4.267527E+03	-1.680998E+01	1.418252E-01	1.635134E-01
4.267727E+03	-1.680982E+01	1.408018E-01	1.635131E-01
4.267927E+03	-1.680943E+01	1.400139E-01	1.635128E-01
4.268127E+03	-1.680903E+01	1.394292E-01	1.635125E-01
4.268327E+03	-1.680877E+01	1.392771E-01	1.635122E-01
4.268527E+03	-1.680843E+01	1.392216E-01	1.635118E-01
4.268727E+03	-1.680811E+01	1.392018E-01	1.635115E-01
4.268927E+03	-1.680791E+01	1.391686E-01	1.635112E-01
4.269127E+03	-1.680738E+01	1.390429E-01	1.635109E-01
4.269327E+03	-1.680749E+01	1.390250E-01	1.635106E-01
4.269527E+03	-1.680774E+01	1.391082E-01	1.635103E-01
4.269727E+03	-1.680787E+01	1.387815E-01	1.635099E-01
4.269927E+03	-1.680796E+01	1.385177E-01	1.635096E-01
4.270127E+03	-1.680788E+01	1.381029E-01	1.635093E-01
4.270327E+03	-1.680711E+01	1.377487E-01	1.635090E-01
4.270527E+03	-1.680612E+01	1.373904E-01	1.635087E-01
4.270727E+03	-1.680544E+01	1.373647E-01	1.635084E-01
4.270927E+03	-1.680520E+01	1.381320E-01	1.635080E-01
4.271127E+03	-1.680499E+01	1.388610E-01	1.635077E-01
4.271327E+03	-1.680433E+01	1.382060E-01	1.635074E-01
4.271526E+03	-1.680379E+01	1.381447E-01	1.635071E-01
4.271727E+03	-1.680374E+01	1.381899E-01	1.635068E-01
4.271927E+03	-1.680343E+01	1.381045E-01	1.635065E-01
4.272127E+03	-1.680327E+01	1.373989E-01	1.635061E-01
4.272328E+03	-1.680306E+01	1.367743E-01	1.635058E-01
4.272528E+03	-1.680277E+01	1.367692E-01	1.635055E-01
4.272727E+03	-1.680266E+01	1.368258E-01	1.635052E-01
4.272927E+03	-1.680275E+01	1.368418E-01	1.635049E-01
4.273127E+03	-1.680285E+01	1.361385E-01	1.635046E-01
4.273327E+03	-1.680237E+01	1.358830E-01	1.635042E-01
4.273527E+03	-1.680190E+01	1.360207E-01	1.635039E-01
4.273727E+03	-1.680180E+01	1.362770E-01	1.635036E-01
4.273927E+03	-1.680186E+01	1.363758E-01	1.635033E-01
4.274127E+03	-1.680177E+01	1.369654E-01	1.635030E-01
4.274327E+03	-1.680085E+01	1.366476E-01	1.635027E-01
4.274527E+03	-1.680033E+01	1.367042E-01	1.635023E-01
4.274727E+03	-1.680032E+01	1.367264E-01	1.635020E-01
4.274927E+03	-1.680030E+01	1.367546E-01	1.635017E-01
4.275127E+03	-1.680084E+01	1.372243E-01	1.635014E-01
4.275327E+03	-1.680117E+01	1.377970E-01	1.635011E-01
4.275527E+03	-1.680085E+01	1.376950E-01	1.635008E-01
4.275727E+03	-1.680083E+01	1.386299E-01	1.635004E-01
4.275927E+03	-1.680090E+01	1.391263E-01	1.635001E-01
4.276127E+03	-1.680045E+01	1.392083E-01	1.634998E-01
4.276327E+03	-1.679965E+01	1.389114E-01	1.634995E-01
4.276527E+03	-1.679930E+01	1.390930E-01	1.634992E-01
4.276727E+03	-1.679975E+01	1.387272E-01	1.634989E-01
4.276927E+03	-1.679997E+01	1.389788E-01	1.634985E-01
4.277128E+03	-1.679965E+01	1.375785E-01	1.634982E-01
4.277328E+03	-1.679928E+01	1.366610E-01	1.634979E-01
4.277528E+03	-1.679945E+01	1.371154E-01	1.634976E-01
4.277728E+03	-1.679961E+01	1.363139E-01	1.634973E-01
4.277928E+03	-1.680006E+01	1.358351E-01	1.634970E-01
4.278128E+03	-1.680061E+01	1.360070E-01	1.634966E-01
4.278328E+03	-1.680122E+01	1.362824E-01	1.634963E-01
4.278528E+03	-1.680182E+01	1.367164E-01	1.634960E-01
4.278728E+03	-1.680228E+01	1.371215E-01	1.634957E-01
4.278928E+03	-1.680249E+01	1.374005E-01	1.634954E-01
4.279128E+03	-1.680260E+01	1.376401E-01	1.634951E-01
4.279328E+03	-1.680219E+01	1.374026E-01	1.634947E-01
4.279528E+03	-1.680191E+01	1.373574E-01	1.634944E-01
4.279728E+03	-1.680205E+01	1.375624E-01	1.634941E-01
4.279928E+03	-1.680174E+01	1.380099E-01	1.634938E-01
4.280128E+03	-1.680127E+01	1.379747E-01	1.634935E-01
4.280328E+03	-1.680078E+01	1.375951E-01	1.634932E-01
4.280528E+03	-1.680058E+01	1.373565E-01	1.634929E-01
4.280728E+03	-1.680077E+01	1.374471E-01	1.634925E-01
4.280928E+03	-1.680148E+01	1.374924E-01	1.634922E-01
4.281128E+03	-1.680197E+01	1.372520E-01	1.634919E-01
4.281328E+03	-1.680185E+01	1.367703E-01	1.634916E-01
4.281528E+03	-1.680215E+01	1.368148E-01	1.634913E-01
4.281728E+03	-1.680228E+01	1.355951E-01	1.634910E-01
4.281928E+03	-1.680232E+01	1.357814E-01	1.634906E-01
4.282128E+03	-1.680214E+01	1.358423E-01	1.634903E-01
4.282329E+03	-1.680127E+01	1.344548E-01	1.634900E-01
4.282529E+03	-1.680051E+01	1.341798E-01	1.634897E-01
4.282729E+03	-1.680070E+01	1.324300E-01	1.634894E-01
4.282929E+03	-1.680103E+01	1.306520E-01	1.634891E-01
4.283129E+03	-1.680105E+01	1.299176E-01	1.634887E-01
4.283329E+03	-1.680101E+01	1.302139E-01	1.634884E-01
4.283529E+03	-1.680112E+01	1.290522E-01	1.634881E-01
4.283729E+03	-1.680096E+01	1.296610E-01	1.634878E-01
4.283928E+03	-1.680065E+01	1.280677E-01	1.634875E-01
4.284128E+03	-1.680063E+01	1.278457E-01	1.634872E-01
4.284328E+03	-1.680066E+01	1.277857E-01	1.634868E-01
4.284529E+03	-1.680021E+01	1.272469E-01	1.634865E-01
4.284729E+03	-1.679982E+01	1.259570E-01	1.634862E-01
4.284928E+03	-1.679983E+01	1.257369E-01	1.634859E-01
4.285128E+03	-1.679998E+01	1.262501E-01	1.634856E-01
4.285328E+03	-1.679957E+01	1.269038E-01	1.634853E-01
4.285528E+03	-1.679929E+01	1.267109E-01	1.634850E-01
4.285728E+03	-1.679928E+01	1.267553E-01	1.634846E-01
4.285928E+03	-1.679946E+01	1.278299E-01	1.634843E-01
4.286128E+03	-1.679946E+01	1.281721E-01	1.634840E-01
4.286328E+03	-1.679938E+01	1.281545E-01	1.634837E-01
4.286528E+03	-1.679907E+01	1.280614E-01	1.634834E-01
4.286728E+03	-1.679930E+01	1.281900E-01	1.634831E-01
4.286928E+03	-1.679984E+01	1.283871E-01	1.634827E-01
4.287128E+03	-1.680033E+01	1.286632E-01	1.634824E-01
4.287328E+03	-1.680083E+01	1.286816E-01	1.634821E-01
4.287528E+03	-1.680103E+01	1.294681E-01	1.634818E-01
4.287729E+03	-1.680077E+01	1.293775E-01	1.634815E-01
4.287929E+03	-1.680053E+01	1.284800E-01	1.634812E-01
4.288129E+03	-1.680061E+01	1.273466E-01	1.634808E-01
4.288329E+03	-1.680019E+01	1.272317E-01	1.634805E-01
4.288529E+03	-1.679958E+01	1.268744E-01	1.634802E-01
4.288729E+03	-1.679959E+01	1.269340E-01	1.634799E-01
4.288929E+03	-1.679993E+01	1.276156E-01	1.634796E-01
4.289129E+03	-1.680057E+01	1.292644E-01	1.634793E-01
4.289329E+03	-1.680095E+01	1.297557E-01	1.634790E-01
4.289529E+03	-1.680082E+01	1.283710E-01	1.634786E-01
4.289729E+03	-1.680044E+01	1.281832E-01	1.634783E-01
4.289929E+03	-1.680010E+01	1.278505E-01	1.634780E-01
4.290129E+03	-1.680019E+01	1.281413E-01	1.634777E-01
4.290329E+03	-1.680041E+01	1.280993E-01	1.634774E-01
4.290529E+03	-1.680007E+01	1.294976E-01	1.634771E-01
4.290729E+03	-1.679993E+01	1.305711E-01	1.634767E-01
4.290929E+03	-1.679999E+01	1.312441E-01	1.634764E-01
4.291129E+03	-1.679972E+01	1.308971E-01	1.634761E-01
4.291329E+03	-1.680032E+01	1.315986E-01	1.634758E-01
4.291529E+03	-1.680135E+01	1.314440E-01	1.634755E-01
4.291729E+03	-1.680159E+01	1.313970E-01	1.634752E-01
4.291929E+03	-1.680155E+01	1.312779E-01	1.634749E-01
4.292129E+03	-1.680154E+01	1.322551E-01	1.634745E-01
4.292329E+03	-1.680169E+01	1.334340E-01	1.634742E-01
4.292529E+03	-1.680210E+01	1.335809E-01	1.634739E-01
4.292729E+03	-1.680275E+01	1.334020E-01	1.634736E-01
4.292930E+03	-1.680289E+01	1.327897E-01	1.634733E-01
4.293130E+03	-1.680252E+01	1.319870E-01	1.634730E-01
4.293330E+03	-1.680187E+01	1.317723E-01	1.634726E-01
4.293530E+03	-1.680204E+01	1.322394E-01	1.634723E-01
4.293730E+03	-1.680212E+01	1.320958E-01	1.634720E-01
4.293930E+03	-1.680153E+01	1.324084E-01	1.634717E-01
4.294130E+03	-1.680121E+01	1.324425E-01	1.634714E-01
4.294330E+03	-1.680047E+01	1.316382E-01	1.634711E-01
4.294730E+03	-1.680046E+01	1.316355E-01	1.634704E-01
4.294930E+03	-1.680092E+01	1.313694E-01	1.634701E-01
4.295130E+03	-1.680070E+01	1.308880E-01	1.634698E-01
4.295330E+03	-1.680097E+01	1.309570E-01	1.634695E-01
4.295530E+03	-1.680090E+01	1.308873E-01	1.634692E-01
4.295730E+03	-1.680017E+01	1.314466E-01	1.634689E-01
4.295930E+03	-1.680003E+01	1.312459E-01	1.634685E-01
4.296130E+03	-1.680030E+01	1.307600E-01	1.634682E-01
4.296329E+03	-1.680000E+01	1.304930E-01	1.634679E-01
4.296529E+03	-1.679968E+01	1.300355E-01	1.634676E-01
4.296730E+03	-1.679940E+01	1.299673E-01	1.634673E-01
4.296930E+03	-1.679903E+01	1.298602E-01	1.634670E-01
4.297129E+03	-1.679889E+01	1.297688E-01	1.634667E-01
4.297329E+03	-1.679910E+01	1.298680E-01	1.634663E-01
4.297529E+03	-1.679952E+01	1.299970E-01	1.634660E-01
4.297729E+03	-1.679938E+01	1.298291E-01	1.634657E-01
4.297929E+03	-1.679911E+01	1.296252E-01	1.634654E-01
4.298129E+03	-1.679876E+01	1.301381E-01	1.634651E-01
4.298330E+03	-1.679819E+01	1.307551E-01	1.634648E-01
4.298530E+03	-1.679817E+01	1.307922E-01	1.634645E-01
4.298730E+03	-1.679798E+01	1.304865E-01	1.634641E-01
4.298930E+03	-1.679779E+01	1.308788E-01	1.634638E-01
4.299130E+03	-1.679769E+01	1.307030E-01	1.634635E-01
4.299330E+03	-1.679740E+01	1.281232E-01	1.634632E-01
4.299530E+03	-1.679772E+01	1.264654E-01	1.634629E-01
4.299730E+03	-1.679748E+01	1.264697E-01	1.634626E-01
4.299930E+03	-1.679733E+01	1.261326E-01	1.634623E-01
4.300130E+03	-1.679720E+01	1.260466E-01	1.634619E-01
4.300330E+03	-1.679732E+01	1.257559E-01	1.634616E-01
4.300530E+03	-1.679788E+01	1.256689E-01	1.634613E-01
4.300730E+03	-1.679797E+01	1.266223E-01	1.634610E-01
4.300930E+03	-1.679811E+01	1.264900E-01	1.634607E-01
4.301130E+03	-1.679839E+01	1.266034E-01	1.634604E-01
4.301330E+03	-1.679906E+01	1.265973E-01	1.634600E-01
4.301530E+03	-1.679897E+01	1.268246E-01	1.634597E-01
4.301730E+03	-1.679858E+01	1.267472E-01	1.634594E-01
4.301930E+03	-1.679802E+01	1.267631E-01	1.634591E-01
4.302130E+03	-1.679764E+01	1.263351E-01	1.634588E-01
4.302330E+03	-1.679787E+01	1.264693E-01	1.634585E-01
4.302530E+03	-1.679823E+01	1.263913E-01	1.634582E-01
4.302730E+03	-1.679825E+01	1.268645E-01	1.634578E-01
4.302930E+03	-1.679823E+01	1.266294E-01	1.634575E-01
4.303130E+03	-1.679854E+01	1.268000E-01	1.634572E-01
4.303330E+03	-1.679852E+01	1.267336E-01	1.634569E-01
4.303530E+03	-1.679796E+01	1.261088E-01	1.634566E-01
4.303731E+03	-1.679794E+01	1.259495E-01	1.634563E-01
4.303931E+03	-1.679822E+01	1.254314E-01	1.634560E-01
4.304131E+03	-1.679859E+01	1.255170E-01	1.634556E-01
4.304331E+03	-1.679819E+01	1.252795E-01	1.634553E-01
4.304531E+03	-1.679811E+01	1.244303E-01	1.634550E-01
4.304731E+03	-1.679791E+01	1.243259E-01	1.634547E-01
4.304931E+03	-1.679745E+01	1.243275E-01	1.634544E-01
4.305131E+03	-1.679758E+01	1.244361E-01	1.634541E-01
4.305331E+03	-1.679789E+01	1.246124E-01	1.634538E-01
4.305531E+03	-1.679761E+01	1.248555E-01	1.634534E-01
4.305731E+03	-1.679740E+01	1.248257E-01	1.634531E-01
4.305931E+03	-1.679710E+01	1.255232E-01	1.634528E-01
4.306131E+03	-1.679678E+01	1.248894E-01	1.634525E-01
4.306331E+03	-1.679673E+01	1.250338E-01	1.634522E-01
4.306531E+03	-1.679688E+01	1.247917E-01	1.634519E-01
4.306731E+03	-1.679707E+01	1.248438E-01	1.634516E-01
4.306931E+03	-1.679663E+01	1.257240E-01	1.634512E-01
4.307131E+03	-1.679616E+01	1.252471E-01	1.634509E-01
4.307331E+03	-1.679575E+01	1.252118E-01	1.634506E-01
4.307531E+03	-1.679578E+01	1.258339E-01	1.634503E-01
4.307731E+03	-1.679558E+01	1.252021E-01	1.634500E-01
4.307931E+03	-1.679519E+01	1.255846E-01	1.634497E-01
4.308131E+03	-1.679494E+01	1.253394E-01	1.634494E-01
4.308331E+03	-1.679460E+01	1.249529E-01	1.634490E-01
4.308530E+03	-1.679408E+01	1.248164E-01	1.634487E-01
4.308730E+03	-1.679438E+01	1.248819E-01	1.634484E-01
4.308931E+03	-1.679421E+01	1.246761E-01	1.634481E-01
4.309132E+03	-1.679425E+01	1.253256E-01	1.634478E-01
4.309331E+03	-1.679460E+01	1.259029E-01	1.634475E-01
4.309531E+03	-1.679460E+01	1.261892E-01	1.634472E-01
4.309731E+03	-1.679399E+01	1.260130E-01	1.634468E-01
4.309931E+03	-1.679304E+01	1.258278E-01	1.634465E-01
4.310131E+03	-1.679226E+01	1.259911E-01	1.634462E-01
4.310331E+03	-1.679179E+01	1.250606E-01	1.634459E-01
4.310531E+03	-1.679162E+01	1.241364E-01	1.634456E-01
4.310731E+03	-1.679132E+01	1.239642E-01	1.634453E-01
4.310931E+03	-1.679080E+01	1.238728E-01	1.634450E-01
4.311131E+03	-1.679110E+01	1.238253E-01	1.634446E-01
4.311331E+03	-1.679115E+01	1.237645E-01	1.634443E-01
4.311531E+03	-1.679072E+01	1.238483E-01	1.634440E-01
4.311731E+03	-1.679042E+01	1.245359E-01	1.634437E-01
4.311931E+03	-1.679033E+01	1.246229E-01	1.634434E-01
4.312131E+03	-1.679085E+01	1.247667E-01	1.634431E-01
4.312331E+03	-1.679080E+01	1.248833E-01	1.634428E-01
4.312531E+03	-1.679098E+01	1.246962E-01	1.634425E-01
4.312731E+03	-1.679132E+01	1.246745E-01	1.634421E-01
4.312931E+03	-1.679119E+01	1.245858E-01	1.634418E-01
4.313131E+03	-1.679132E+01	1.247047E-01	1.634415E-01
4.313331E+03	-1.679093E+01	1.249591E-01	1.634412E-01
4.313531E+03	-1.679059E+01	1.253846E-01	1.634409E-01
4.313731E+03	-1.679072E+01	1.253917E-01	1.634406E-01
4.313931E+03	-1.679132E+01	1.255614E-01	1.634403E-01
4.314131E+03	-1.679132E+01	1.255097E-01	1.634399E-01
4.314332E+03	-1.679145E+01	1.270758E-01	1.634396E-01
4.314532E+03	-1.679175E+01	1.272545E-01	1.634393E-01
4.314732E+03	-1.679206E+01	1.273516E-01	1.634390E-01
4.314932E+03	-1.679214E+01	1.271138E-01	1.634387E-01
4.315132E+03	-1.679180E+01	1.257415E-01	1.634384E-01
4.315332E+03	-1.679163E+01	1.249291E-01	1.634381E-01
4.315532E+03	-1.679176E+01	1.249103E-01	1.634377E-01
4.315732E+03	-1.679189E+01	1.251803E-01	1.634374E-01
4.315932E+03	-1.679184E+01	1.254394E-01	1.634371E-01
4.316132E+03	-1.679240E+01	1.254719E-01	1.634368E-01
4.316332E+03	-1.679262E+01	1.254264E-01	1.634365E-01
4.316532E+03	-1.679215E+01	1.251211E-01	1.634362E-01
4.316732E+03	-1.679215E+01	1.250349E-01	1.634359E-01
4.316932E+03	-1.679232E+01	1.248601E-01	1.634355E-01
4.317132E+03	-1.679172E+01	1.244670E-01	1.634352E-01
4.317332E+03	-1.679128E+01	1.245502E-01	1.634349E-01
4.317532E+03	-1.679094E+01	1.241591E-01	1.634346E-01
4.317732E+03	-1.679116E+01	1.251932E-01	1.634343E-01
4.317932E+03	-1.679137E+01	1.251519E-01	1.634340E-01
4.318132E+03	-1.679094E+01	1.255527E-01	1.634337E-01
4.318332E+03	-1.679030E+01	1.248897E-01	1.634334E-01
4.318532E+03	-1.678995E+01	1.249283E-01	1.634330E-01
4.318732E+03	-1.678923E+01	1.248860E-01	1.634327E-01
4.318932E+03	-1.678841E+01	1.262558E-01	1.634324E-01
4.319132E+03	-1.678820E+01	1.262407E-01	1.634321E-01
4.319332E+03	-1.678846E+01	1.260074E-01	1.634318E-01
4.319533E+03	-1.678850E+01	1.255536E-01	1.634315E-01
4.319733E+03	-1.678897E+01	1.257498E-01	1.634312E-01
4.319933E+03	-1.678901E+01	1.248116E-01	1.634308E-01
4.320132E+03	-1.678889E+01	1.246077E-01	1.634305E-01
4.320333E+03	-1.678859E+01	1.245088E-01	1.634302E-01
4.320533E+03	-1.678812E+01	1.243612E-01	1.634299E-01
4.320733E+03	-1.678782E+01	1.233917E-01	1.634296E-01
4.320932E+03	-1.678769E+01	1.234535E-01	1.634293E-01
4.321132E+03	-1.678765E+01	1.227712E-01	1.634290E-01
4.321333E+03	-1.678769E+01	1.227918E-01	1.634287E-01
4.321532E+03	-1.678803E+01	1.228756E-01	1.634283E-01
4.321732E+03	-1.678825E+01	1.231241E-01	1.634280E-01
4.321932E+03	-1.678808E+01	1.225758E-01	1.634277E-01
4.322132E+03	-1.678778E+01	1.225256E-01	1.634274E-01
4.322332E+03	-1.678773E+01	1.225178E-01	1.634271E-01
4.322532E+03	-1.678808E+01	1.225202E-01	1.634268E-01
4.322732E+03	-1.678842E+01	1.222362E-01	1.634265E-01
4.322932E+03	-1.678863E+01	1.221210E-01	1.634262E-01
4.323132E+03	-1.678906E+01	1.221815E-01	1.634258E-01
4.323332E+03	-1.678910E+01	1.215682E-01	1.634255E-01
4.323532E+03	-1.678868E+01	1.212558E-01	1.634252E-01
4.323732E+03	-1.678876E+01	1.212027E-01	1.634249E-01
4.323932E+03	-1.678872E+01	1.211822E-01	1.634246E-01
4.324132E+03	-1.678868E+01	1.209093E-01	1.634243E-01
4.324332E+03	-1.678872E+01	1.205489E-01	1.634240E-01
4.324532E+03	-1.678911E+01	1.208829E-01	1.634236E-01
4.324732E+03	-1.678975E+01	1.209805E-01	1.634233E-01
4.324933E+03	-1.678966E+01	1.208837E-01	1.634230E-01
4.325133E+03	-1.678945E+01	1.219214E-01	1.634227E-01
4.325333E+03	-1.678898E+01	1.229324E-01	1.634224E-01
4.325533E+03	-1.678812E+01	1.227160E-01	1.634221E-01
4.325733E+03	-1.678808E+01	1.229433E-01	1.634218E-01
4.325933E+03	-1.678864E+01	1.235414E-01	1.634215E-01
4.326133E+03	-1.678902E+01	1.239294E-01	1.634211E-01
4.326333E+03	-1.678881E+01	1.234574E-01	1.634208E-01
4.326533E+03	-1.678860E+01	1.225881E-01	1.634205E-01
4.326733E+03	-1.678890E+01	1.228097E-01	1.634202E-01
4.326933E+03	-1.678911E+01	1.238939E-01	1.634198E-01
4.327133E+03	-1.678911E+01	1.239024E-01	1.634195E-01
4.327333E+03	-1.678928E+01	1.232658E-01	1.634192E-01
4.327533E+03	-1.678838E+01	1.228013E-01	1.634189E-01
4.327733E+03	-1.678804E+01	1.226449E-01	1.634185E-01
4.327933E+03	-1.678860E+01	1.219635E-01	1.634182E-01
4.328133E+03	-1.678898E+01	1.220461E-01	1.634179E-01
4.328333E+03	-1.678924E+01	1.222040E-01	1.634176E-01
4.328533E+03	-1.678946E+01	1.222472E-01	1.634173E-01
4.328733E+03	-1.678894E+01	1.217129E-01	1.634169E-01
4.328933E+03	-1.678868E+01	1.212344E-01	1.634166E-01
4.329133E+03	-1.678877E+01	1.229701E-01	1.634163E-01
4.329333E+03	-1.678847E+01	1.223636E-01	1.634160E-01
4.329533E+03	-1.678856E+01	1.219514E-01	1.634156E-01
4.329733E+03	-1.678929E+01	1.219933E-01	1.634153E-01
4.329933E+03	-1.678912E+01	1.220051E-01	1.634150E-01
4.330133E+03	-1.678822E+01	1.211716E-01	1.634147E-01
4.330334E+03	-1.678745E+01	1.205776E-01	1.634144E-01
4.330534E+03	-1.678706E+01	1.205862E-01	1.634140E-01
4.330734E+03	-1.678715E+01	1.206525E-01	1.634137E-01
4.330934E+03	-1.678702E+01	1.206681E-01	1.634134E-01
4.331134E+03	-1.678681E+01	1.211841E-01	1.634131E-01
4.331334E+03	-1.678690E+01	1.210417E-01	1.634127E-01
4.331534E+03	-1.678702E+01	1.208940E-01	1.634124E-01
4.331734E+03	-1.678694E+01	1.198475E-01	1.634121E-01
4.331934E+03	-1.678634E+01	1.192150E-01	1.634118E-01
4.332134E+03	-1.678600E+01	1.190919E-01	1.634115E-01
4.332333E+03	-1.678596E+01	1.188974E-01	1.634111E-01
4.332533E+03	-1.678562E+01	1.191272E-01	1.634108E-01
4.332734E+03	-1.678537E+01	1.192230E-01	1.634105E-01
4.332934E+03	-1.678499E+01	1.190079E-01	1.634102E-01
4.333133E+03	-1.678541E+01	1.186486E-01	1.634099E-01
4.333333E+03	-1.678528E+01	1.172510E-01	1.634095E-01
4.333533E+03	-1.678524E+01	1.167642E-01	1.634092E-01
4.333733E+03	-1.678533E+01	1.177762E-01	1.634089E-01
4.333933E+03	-1.678592E+01	1.181290E-01	1.634086E-01
4.334133E+03	-1.678686E+01	1.179536E-01	1.634082E-01
4.334333E+03	-1.678716E+01	1.166617E-01	1.634079E-01
4.334533E+03	-1.678733E+01	1.164772E-01	1.634076E-01
4.334733E+03	-1.678797E+01	1.151113E-01	1.634073E-01
4.334933E+03	-1.678793E+01	1.130455E-01	1.634070E-01
4.335133E+03	-1.678793E+01	1.123835E-01	1.634066E-01
4.335333E+03	-1.678818E+01	1.124926E-01	1.634063E-01
4.335534E+03	-1.678823E+01	1.117984E-01	1.634060E-01
4.335734E+03	-1.678810E+01	1.121158E-01	1.634057E-01
4.335934E+03	-1.678746E+01	1.127868E-01	1.634053E-01
4.336134E+03	-1.678686E+01	1.126277E-01	1.634050E-01
4.336334E+03	-1.678639E+01	1.112805E-01	1.634047E-01
4.336534E+03	-1.678686E+01	1.100201E-01	1.634044E-01
4.336734E+03	-1.678737E+01	1.109773E-01	1.634041E-01
4.336934E+03	-1.678767E+01	1.122361E-01	1.634037E-01
4.337134E+03	-1.678742E+01	1.126392E-01	1.634034E-01
4.337334E+03	-1.678772E+01	1.128533E-01	1.634031E-01
4.337534E+03	-1.678746E+01	1.127399E-01	1.634028E-01
4.337734E+03	-1.678746E+01	1.125181E-01	1.634024E-01
4.337934E+03	-1.678793E+01	1.129729E-01	1.634021E-01
4.338134E+03	-1.678814E+01	1.122935E-01	1.634018E-01
4.338334E+03	-1.678849E+01	1.120056E-01	1.634015E-01
4.338534E+03	-1.678896E+01	1.121614E-01	1.634012E-01
4.338734E+03	-1.678874E+01	1.125511E-01	1.634008E-01
4.338934E+03	-1.678896E+01	1.131632E-01	1.634005E-01
4.339134E+03	-1.678913E+01	1.132378E-01	1.634002E-01
4.339334E+03	-1.678964E+01	1.135993E-01	1.633999E-01
4.339534E+03	-1.679016E+01	1.136825E-01	1.633996E-01
4.339734E+03	-1.679046E+01	1.131641E-01	1.633992E-01
4.339934E+03	-1.679093E+01	1.132099E-01	1.633989E-01
4.340134E+03	-1.679132E+01	1.134271E-01	1.633986E-01
4.340334E+03	-1.679184E+01	1.137130E-01	1.633983E-01
4.340534E+03	-1.679197E+01	1.138632E-01	1.633979E-01
4.340734E+03	-1.679214E+01	1.148961E-01	1.633976E-01
4.340935E+03	-1.679266E+01	1.148259E-01	1.633973E-01
4.341135E+03	-1.679292E+01	1.149117E-01	1.633970E-01
4.341335E+03	-1.679305E+01	1.149590E-01	1.633967E-01
4.341535E+03	-1.679331E+01	1.155813E-01	1.633963E-01
4.341735E+03	-1.679352E+01	1.155047E-01	1.633960E-01
4.341935E+03	-1.679327E+01	1.157038E-01	1.633957E-01
4.342135E+03	-1.679301E+01	1.151291E-01	1.633954E-01
4.342335E+03	-1.679288E+01	1.142047E-01	1.633951E-01
4.342535E+03	-1.679245E+01	1.140395E-01	1.633947E-01
4.342735E+03	-1.679283E+01	1.137874E-01	1.633944E-01
4.342935E+03	-1.679296E+01	1.134281E-01	1.633941E-01
4.343135E+03	-1.679366E+01	1.136437E-01	1.633938E-01
4.343335E+03	-1.679483E+01	1.139676E-01	1.633934E-01
4.343535E+03	-1.679546E+01	1.142894E-01	1.633931E-01
4.343735E+03	-1.679595E+01	1.143709E-01	1.633928E-01
4.343935E+03	-1.679556E+01	1.135507E-01	1.633925E-01
4.344135E+03	-1.679509E+01	1.133716E-01	1.633922E-01
4.344335E+03	-1.679518E+01	1.134203E-01	1.633918E-01
4.344534E+03	-1.679552E+01	1.134503E-01	1.633915E-01
4.344734E+03	-1.679563E+01	1.124863E-01	1.633912E-01
4.344935E+03	-1.679561E+01	1.132600E-01	1.633909E-01
4.345135E+03	-1.679574E+01	1.143725E-01	1.633906E-01
4.345334E+03	-1.679626E+01	1.145948E-01	1.633902E-01
4.345534E+03	-1.679620E+01	1.143242E-01	1.633899E-01
4.345734E+03	-1.679618E+01	1.147494E-01	1.633896E-01
4.345934E+03	-1.679594E+01	1.147155E-01	1.633893E-01
4.346135E+03	-1.679590E+01	1.146617E-01	1.633890E-01
4.346335E+03	-1.679615E+01	1.146499E-01	1.633886E-01
4.346535E+03	-1.679547E+01	1.138539E-01	1.633883E-01
4.346735E+03	-1.679518E+01	1.128080E-01	1.633880E-01
4.346935E+03	-1.679483E+01	1.120669E-01	1.633877E-01
4.347135E+03	-1.679410E+01	1.120372E-01	1.633873E-01
4.347335E+03	-1.679366E+01	1.133710E-01	1.633870E-01
4.347535E+03	-1.679397E+01	1.136970E-01	1.633867E-01
4.347735E+03	-1.679375E+01	1.143199E-01	1.633864E-01
4.347935E+03	-1.679302E+01	1.141135E-01	1.633861E-01
4.348135E+03	-1.679297E+01	1.141324E-01	1.633857E-01
4.348335E+03	-1.679297E+01	1.141411E-01	1.633854E-01
4.348535E+03	-1.679388E+01	1.144061E-01	1.633851E-01
4.348735E+03	-1.679423E+01	1.150434E-01	1.633848E-01
4.348935E+03	-1.679406E+01	1.152704E-01	1.633845E-01
4.349135E+03	-1.679328E+01	1.150941E-01	1.633841E-01
4.349335E+03	-1.679276E+01	1.153540E-01	1.633838E-01
4.349535E+03	-1.679280E+01	1.154691E-01	1.633835E-01
4.349735E+03	-1.679302E+01	1.154661E-01	1.633832E-01
4.349935E+03	-1.679298E+01	1.144954E-01	1.633829E-01
4.350135E+03	-1.679246E+01	1.142984E-01	1.633825E-01
4.350335E+03	-1.679229E+01	1.142271E-01	1.633822E-01
4.350535E+03	-1.679250E+01	1.146465E-01	1.633819E-01
4.350735E+03	-1.679216E+01	1.144993E-01	1.633816E-01
4.350935E+03	-1.679151E+01	1.137907E-01	1.633813E-01
4.351135E+03	-1.679130E+01	1.139969E-01	1.633809E-01
4.351335E+03	-1.679147E+01	1.140335E-01	1.633806E-01
4.351536E+03	-1.679164E+01	1.133292E-01	1.633803E-01
4.351736E+03	-1.679138E+01	1.134427E-01	1.633800E-01
4.351936E+03	-1.679143E+01	1.127220E-01	1.633796E-01
4.352136E+03	-1.679151E+01	1.124084E-01	1.633793E-01
4.352336E+03	-1.679130E+01	1.125249E-01	1.633790E-01
4.352536E+03	-1.679130E+01	1.124775E-01	1.633787E-01
4.352736E+03	-1.679138E+01	1.124309E-01	1.633784E-01
4.352936E+03	-1.679156E+01	1.129880E-01	1.633780E-01
4.353136E+03	-1.679151E+01	1.128218E-01	1.633777E-01
4.353336E+03	-1.679113E+01	1.122652E-01	1.633774E-01
4.353536E+03	-1.679134E+01	1.133152E-01	1.633771E-01
4.353736E+03	-1.679173E+01	1.150148E-01	1.633768E-01
4.353936E+03	-1.679130E+01	1.140744E-01	1.633764E-01
4.354136E+03	-1.679053E+01	1.129604E-01	1.633761E-01
4.354336E+03	-1.678971E+01	1.130959E-01	1.633758E-01
4.354536E+03	-1.678958E+01	1.137955E-01	1.633755E-01
4.354736E+03	-1.678958E+01	1.140141E-01	1.633752E-01
4.354936E+03	-1.678941E+01	1.142648E-01	1.633748E-01
4.355136E+03	-1.678928E+01	1.142824E-01	1.633745E-01
4.355336E+03	-1.678967E+01	1.143368E-01	1.633742E-01
4.355536E+03	-1.678984E+01	1.145021E-01	1.633739E-01
4.355736E+03	-1.679019E+01	1.137211E-01	1.633736E-01
4.355936E+03	-1.678980E+01	1.135300E-01	1.633732E-01
4.356136E+03	-1.678920E+01	1.133647E-01	1.633729E-01
4.356336E+03	-1.678860E+01	1.131527E-01	1.633726E-01
4.356536E+03	-1.678813E+01	1.132609E-01	1.633723E-01
4.356736E+03	-1.678775E+01	1.131565E-01	1.633720E-01
4.356936E+03	-1.678809E+01	1.140915E-01	1.633716E-01
4.357136E+03	-1.678847E+01	1.141028E-01	1.633713E-01
4.357337E+03	-1.678839E+01	1.136699E-01	1.633710E-01
4.357537E+03	-1.678865E+01	1.132237E-01	1.633707E-01
4.357736E+03	-1.678847E+01	1.131748E-01	1.633704E-01
4.357936E+03	-1.678805E+01	1.134437E-01	1.633700E-01
4.358136E+03	-1.678792E+01	1.131497E-01	1.633697E-01
4.358336E+03	-1.678792E+01	1.115567E-01	1.633694E-01
4.358536E+03	-1.678822E+01	1.117019E-01	1.633691E-01
4.358736E+03	-1.678809E+01	1.116604E-01	1.633688E-01
4.358936E+03	-1.678792E+01	1.116592E-01	1.633684E-01
4.359136E+03	-1.678809E+01	1.123141E-01	1.633681E-01
4.359336E+03	-1.678848E+01	1.127686E-01	1.633678E-01
4.359536E+03	-1.678826E+01	1.127516E-01	1.633675E-01
4.359736E+03	-1.678797E+01	1.123109E-01	1.633672E-01
4.359936E+03	-1.678750E+01	1.117757E-01	1.633668E-01
4.360136E+03	-1.678728E+01	1.116995E-01	1.633665E-01
4.360336E+03	-1.678724E+01	1.117226E-01	1.633662E-01
4.360536E+03	-1.678647E+01	1.115851E-01	1.633659E-01
4.360736E+03	-1.678656E+01	1.122754E-01	1.633656E-01
4.360936E+03	-1.678694E+01	1.124725E-01	1.633652E-01
4.361136E+03	-1.678758E+01	1.126084E-01	1.633649E-01
4.361336E+03	-1.678767E+01	1.121013E-01	1.633646E-01
4.361536E+03	-1.678750E+01	1.126247E-01	1.633643E-01
4.361736E+03	-1.678780E+01	1.114171E-01	1.633640E-01
4.361936E+03	-1.678831E+01	1.116854E-01	1.633636E-01
4.362137E+03	-1.678805E+01	1.109147E-01	1.633633E-01
4.362337E+03	-1.678823E+01	1.107403E-01	1.633630E-01
4.362537E+03	-1.678844E+01	1.107778E-01	1.633627E-01
4.362737E+03	-1.678853E+01	1.104061E-01	1.633624E-01
4.362937E+03	-1.678806E+01	1.086078E-01	1.633620E-01
4.363137E+03	-1.678759E+01	1.084477E-01	1.633617E-01
4.363337E+03	-1.678750E+01	1.084349E-01	1.633614E-01
4.363537E+03	-1.678712E+01	1.083050E-01	1.633611E-01
4.363737E+03	-1.678742E+01	1.083155E-01	1.633608E-01
4.363937E+03	-1.678750E+01	1.083283E-01	1.633604E-01
4.364137E+03	-1.678746E+01	1.079166E-01	1.633601E-01
4.364337E+03	-1.678763E+01	1.077072E-01	1.633598E-01
4.364537E+03	-1.678784E+01	1.077516E-01	1.633595E-01
4.364737E+03	-1.678776E+01	1.077774E-01	1.633592E-01
4.364937E+03	-1.678763E+01	1.076261E-01	1.633588E-01
4.365137E+03	-1.678755E+01	1.076605E-01	1.633585E-01
4.365337E+03	-1.678695E+01	1.075723E-01	1.633582E-01
4.365537E+03	-1.678627E+01	1.074717E-01	1.633579E-01
4.365737E+03	-1.678610E+01	1.067832E-01	1.633576E-01
4.365937E+03	-1.678648E+01	1.068008E-01	1.633572E-01
4.366137E+03	-1.678661E+01	1.067683E-01	1.633569E-01
4.366337E+03	-1.678644E+01	1.067137E-01	1.633566E-01
4.366537E+03	-1.678589E+01	1.064079E-01	1.633563E-01
4.366737E+03	-1.678546E+01	1.063123E-01	1.633560E-01
4.366937E+03	-1.678563E+01	1.063369E-01	1.633556E-01
4.367137E+03	-1.678589E+01	1.065524E-01	1.633553E-01
4.367337E+03	-1.678559E+01	1.064583E-01	1.633550E-01
4.367538E+03	-1.678551E+01	1.066031E-01	1.633547E-01
4.367738E+03	-1.678564E+01	1.065494E-01	1.633544E-01
4.367938E+03	-1.678551E+01	1.061062E-01	1.633540E-01
4.368138E+03	-1.678572E+01	1.057841E-01	1.633537E-01
4.368338E+03	-1.678542E+01	1.056990E-01	1.633534E-01
4.368538E+03	-1.678475E+01	1.053177E-01	1.633531E-01
4.368738E+03	-1.678419E+01	1.052054E-01	1.633528E-01
4.368938E+03	-1.678373E+01	1.051349E-01	1.633525E-01
4.369137E+03	-1.678394E+01	1.039505E-01	1.633521E-01
4.369337E+03	-1.678373E+01	1.023223E-01	1.633518E-01
4.369538E+03	-1.678322E+01	1.022873E-01	1.633515E-01
4.369738E+03	-1.678322E+01	1.021986E-01	1.633512E-01
4.369938E+03	-1.678280E+01	1.016435E-01	1.633509E-01
4.370137E+03	-1.678238E+01	1.013087E-01	1.633505E-01
4.370337E+03	-1.678183E+01	1.014842E-01	1.633502E-01
4.370537E+03	-1.678116E+01	1.012261E-01	1.633499E-01
4.370737E+03	-1.678120E+01	1.012275E-01	1.633496E-01
4.370937E+03	-1.678112E+01	9.990038E-02	1.633493E-01
4.371137E+03	-1.678129E+01	9.988861E-02	1.633489E-01
4.371337E+03	-1.678095E+01	9.972301E-02	1.633486E-01
4.371537E+03	-1.678066E+01	9.959672E-02	1.633483E-01
4.371737E+03	-1.678057E+01	9.952708E-02	1.633480E-01
4.371937E+03	-1.678083E+01	9.957644E-02	1.633477E-01
4.372137E+03	-1.678108E+01	9.962586E-02	1.633473E-01
4.372337E+03	-1.678108E+01	9.954600E-02	1.633470E-01
4.372537E+03	-1.678091E+01	9.956630E-02	1.633467E-01
4.372738E+03	-1.678058E+01	9.959006E-02	1.633464E-01
4.372938E+03	-1.678032E+01	9.942733E-02	1.633461E-01
4.373138E+03	-1.678087E+01	9.761123E-02	1.633458E-01
4.373338E+03	-1.678079E+01	9.771841E-02	1.633454E-01
4.373538E+03	-1.678079E+01	9.749154E-02	1.633451E-01
4.373738E+03	-1.678146E+01	9.756271E-02	1.633448E-01
4.373938E+03	-1.678091E+01	9.721307E-02	1.633445E-01
4.374138E+03	-1.677986E+01	9.660536E-02	1.633442E-01
4.374338E+03	-1.677999E+01	9.678428E-02	1.633438E-01
4.374538E+03	-1.678028E+01	9.675323E-02	1.633435E-01
4.374738E+03	-1.678037E+01	9.679711E-02	1.633432E-01
4.374938E+03	-1.678041E+01	9.673092E-02	1.633429E-01
4.375138E+03	-1.678007E+01	9.582996E-02	1.633426E-01
4.375338E+03	-1.677991E+01	9.569651E-02	1.633422E-01
4.375538E+03	-1.677974E+01	9.590266E-02	1.633419E-01
4.375738E+03	-1.677987E+01	9.603102E-02	1.633416E-01
4.375938E+03	-1.678020E+01	9.628145E-02	1.633413E-01
4.376138E+03	-1.678033E+01	9.651077E-02	1.633410E-01
4.376338E+03	-1.678020E+01	9.682263E-02	1.633406E-01
4.376538E+03	-1.678037E+01	9.716644E-02	1.633403E-01
4.376738E+03	-1.678079E+01	9.705044E-02	1.633400E-01
4.376938E+03	-1.678079E+01	9.705044E-02	1.633397E-01
4.377138E+03	-1.678104E+01	9.712781E-02	1.633394E-01
4.377338E+03	-1.678092E+01	9.735176E-02	1.633391E-01
4.377538E+03	-1.678067E+01	9.734568E-02	1.633387E-01
4.377738E+03	-1.678050E+01	9.660694E-02	1.633384E-01
4.377938E+03	-1.678067E+01	9.640494E-02	1.633381E-01
4.378139E+03	-1.678021E+01	9.678907E-02	1.633378E-01
4.378339E+03	-1.677954E+01	9.660621E-02	1.633375E-01
4.378539E+03	-1.677920E+01	9.659451E-02	1.633371E-01
4.378739E+03	-1.677949E+01	9.664297E-02	1.633368E-01
4.378939E+03	-1.677979E+01	9.733691E-02	1.633365E-01
4.379139E+03	-1.677966E+01	9.754340E-02	1.633362E-01
4.379339E+03	-1.677958E+01	9.742824E-02	1.633359E-01
4.379539E+03	-1.677912E+01	9.753002E-02	1.633355E-01
4.379739E+03	-1.677908E+01	9.696830E-02	1.633352E-01
4.379939E+03	-1.677887E+01	9.592201E-02	1.633349E-01
4.380139E+03	-1.677812E+01	9.593141E-02	1.633346E-01
4.380339E+03	-1.677762E+01	9.599185E-02	1.633343E-01
4.380539E+03	-1.677745E+01	9.606758E-02	1.633340E-01
4.380739E+03	-1.677724E+01	9.538397E-02	1.633336E-01
4.380939E+03	-1.677712E+01	9.430681E-02	1.633333E-01
4.381139E+03	-1.677741E+01	9.402422E-02	1.633330E-01
4.381338E+03	-1.677787E+01	9.413193E-02	1.633327E-01
4.381538E+03	-1.677795E+01	9.426687E-02	1.633324E-01
4.381739E+03	-1.677791E+01	9.407421E-02	1.633320E-01
4.381939E+03	-1.677791E+01	9.380712E-02	1.633317E-01
4.382139E+03	-1.677824E+01	9.386258E-02	1.633314E-01
4.382338E+03	-1.677845E+01	9.394950E-02	1.633311E-01
4.382538E+03	-1.677845E+01	9.392444E-02	1.633308E-01
4.382738E+03	-1.677841E+01	9.348926E-02	1.633305E-01
4.382938E+03	-1.677875E+01	9.257030E-02	1.633301E-01
4.383138E+03	-1.677929E+01	9.323473E-02	1.633298E-01
4.383339E+03	-1.677979E+01	9.324212E-02	1.633295E-01
4.383539E+03	-1.677992E+01	9.352483E-02	1.633292E-01
4.383739E+03	-1.678005E+01	9.332968E-02	1.633289E-01
4.383939E+03	-1.678042E+01	9.351578E-02	1.633285E-01
4.384139E+03	-1.678013E+01	9.318829E-02	1.633282E-01
4.384339E+03	-1.677988E+01	9.360383E-02	1.633279E-01
4.384539E+03	-1.677959E+01	9.382132E-02	1.633276E-01
4.384739E+03	-1.677917E+01	9.265113E-02	1.633273E-01
4.384939E+03	-1.677929E+01	9.298354E-02	1.633270E-01
4.385139E+03	-1.677955E+01	9.483851E-02	1.633266E-01
4.385339E+03	-1.677946E+01	9.551544E-02	1.633263E-01
4.385539E+03	-1.677884E+01	9.505129E-02	1.633260E-01
4.385739E+03	-1.677879E+01	9.506305E-02	1.633257E-01
4.385939E+03	-1.677917E+01	9.476886E-02	1.633254E-01
4.386139E+03	-1.677959E+01	9.485189E-02	1.633250E-01
4.386339E+03	-1.677955E+01	9.500190E-02	1.633247E-01
4.386539E+03	-1.678001E+01	9.576530E-02	1.633244E-01
4.386739E+03	-1.678030E+01	9.625387E-02	1.633241E-01
4.386939E+03	-1.678051E+01	9.611157E-02	1.633238E-01
4.387139E+03	-1.678043E+01	9.599218E-02	1.633235E-01
4.387339E+03	-1.678043E+01	9.732692E-02	1.633231E-01
4.387539E+03	-1.678039E+01	9.677613E-02	1.633228E-01
4.387739E+03	-1.678064E+01	9.918815E-02	1.633225E-01
4.387939E+03	-1.678077E+01	9.918333E-02	1.633222E-01
4.388139E+03	-1.678098E+01	9.935742E-02	1.633219E-01
4.388339E+03	-1.678148E+01	9.935929E-02	1.633215E-01
4.388539E+03	-1.678174E+01	9.960233E-02	1.633212E-01
4.388740E+03	-1.678169E+01	9.946636E-02	1.633209E-01
4.388940E+03	-1.678148E+01	9.876184E-02	1.633206E-01
4.389140E+03	-1.678190E+01	9.765731E-02	1.633203E-01
4.389340E+03	-1.678292E+01	9.780069E-02	1.633200E-01
4.389540E+03	-1.678313E+01	9.786513E-02	1.633196E-01
4.389740E+03	-1.678292E+01	9.764025E-02	1.633193E-01
4.389940E+03	-1.678262E+01	9.770467E-02	1.633190E-01
4.390140E+03	-1.678224E+01	9.774577E-02	1.633187E-01
4.390340E+03	-1.678195E+01	9.778471E-02	1.633184E-01
4.390540E+03	-1.678199E+01	9.746562E-02	1.633181E-01
4.390740E+03	-1.678212E+01	9.687039E-02	1.633177E-01
4.390940E+03	-1.678229E+01	9.840442E-02	1.633174E-01
4.391140E+03	-1.678233E+01	9.856150E-02	1.633171E-01
4.391340E+03	-1.678212E+01	9.688724E-02	1.633168E-01
4.391540E+03	-1.678212E+01	9.652066E-02	1.633165E-01
4.391740E+03	-1.678225E+01	9.595027E-02	1.633161E-01
4.391940E+03	-1.678178E+01	9.605845E-02	1.633158E-01
4.392140E+03	-1.678149E+01	9.635516E-02	1.633155E-01
4.392340E+03	-1.678191E+01	9.694976E-02	1.633152E-01
4.392540E+03	-1.678254E+01	9.714158E-02	1.633149E-01
4.392740E+03	-1.678263E+01	9.663737E-02	1.633146E-01
4.392940E+03	-1.678275E+01	9.622247E-02	1.633142E-01
4.393140E+03	-1.678271E+01	9.609921E-02	1.633139E-01
4.393340E+03	-1.678204E+01	9.577733E-02	1.633136E-01
4.393539E+03	-1.678200E+01	9.538896E-02	1.633133E-01
4.393739E+03	-1.678174E+01	9.644488E-02	1.633130E-01
4.393940E+03	-1.678107E+01	9.625771E-02	1.633127E-01
4.394141E+03	-1.678078E+01	9.617574E-02	1.633123E-01
4.394341E+03	-1.678082E+01	9.633627E-02	1.633120E-01
4.394540E+03	-1.678090E+01	9.595994E-02	1.633117E-01
4.394740E+03	-1.678086E+01	9.627417E-02	1.633114E-01
4.394940E+03	-1.678053E+01	9.613256E-02	1.633111E-01
4.395140E+03	-1.678015E+01	9.577207E-02	1.633107E-01
4.395340E+03	-1.678011E+01	9.572089E-02	1.633104E-01
4.395540E+03	-1.678019E+01	9.574777E-02	1.633101E-01
4.395740E+03	-1.678032E+01	9.531815E-02	1.633098E-01
4.395940E+03	-1.678040E+01	9.617595E-02	1.633095E-01
4.396140E+03	-1.677994E+01	9.622478E-02	1.633092E-01
4.396340E+03	-1.677956E+01	9.653501E-02	1.633088E-01
4.396540E+03	-1.677931E+01	9.697317E-02	1.633085E-01
4.396740E+03	-1.677936E+01	9.698252E-02	1.633082E-01
4.396940E+03	-1.677944E+01	9.641912E-02	1.633079E-01
4.397140E+03	-1.677948E+01	9.585468E-02	1.633076E-01
4.397340E+03	-1.677977E+01	9.579371E-02	1.633073E-01
4.397540E+03	-1.677940E+01	9.458004E-02	1.633069E-01
4.397740E+03	-1.677877E+01	9.272085E-02	1.633066E-01
4.397940E+03	-1.677806E+01	9.261944E-02	1.633063E-01
4.398140E+03	-1.677752E+01	9.284991E-02	1.633060E-01
4.398340E+03	-1.677723E+01	9.225845E-02	1.633057E-01
4.398540E+03	-1.677727E+01	9.141726E-02	1.633054E-01
4.398740E+03	-1.677715E+01	9.117854E-02	1.633050E-01
4.398940E+03	-1.677652E+01	9.075222E-02	1.633047E-01
4.399140E+03	-1.677544E+01	9.212832E-02	1.633044E-01
4.399341E+03	-1.677445E+01	9.212045E-02	1.633041E-01
4.399541E+03	-1.677403E+01	9.208236E-02	1.633038E-01
4.399741E+03	-1.677391E+01	9.261835E-02	1.633034E-01
4.399941E+03	-1.677370E+01	9.254123E-02	1.633031E-01
4.400141E+03	-1.677333E+01	9.246205E-02	1.633028E-01
4.400341E+03	-1.677284E+01	9.349914E-02	1.633025E-01
4.400541E+03	-1.677247E+01	9.315556E-02	1.633022E-01
4.400741E+03	-1.677271E+01	9.333230E-02	1.633019E-01
4.400941E+03	-1.677317E+01	9.321525E-02	1.633015E-01
4.401141E+03	-1.677267E+01	9.324924E-02	1.633012E-01
4.401341E+03	-1.677247E+01	9.325445E-02	1.633009E-01
4.401541E+03	-1.677276E+01	9.351025E-02	1.633006E-01
4.401741E+03	-1.677267E+01	9.342654E-02	1.633003E-01
4.401941E+03	-1.677230E+01	9.293075E-02	1.633000E-01
4.402141E+03	-1.677218E+01	9.356319E-02	1.632996E-01
4.402341E+03	-1.677292E+01	9.402016E-02	1.632993E-01
4.402541E+03	-1.677367E+01	9.409853E-02	1.632990E-01
4.402741E+03	-1.677383E+01	9.443200E-02	1.632987E-01
4.402941E+03	-1.677396E+01	9.517016E-02	1.632984E-01
4.403141E+03	-1.677408E+01	9.454799E-02	1.632981E-01
4.403341E+03	-1.677420E+01	9.402059E-02	1.632977E-01
4.403541E+03	-1.677425E+01	9.508054E-02	1.632974E-01
4.403741E+03	-1.677400E+01	9.507584E-02	1.632971E-01
4.403941E+03	-1.677396E+01	9.505439E-02	1.632968E-01
4.404141E+03	-1.677441E+01	9.572524E-02	1.632965E-01
4.404341E+03	-1.677474E+01	9.569059E-02	1.632962E-01
4.404542E+03	-1.677483E+01	9.568813E-02	1.632958E-01
4.404742E+03	-1.677479E+01	9.482972E-02	1.632955E-01
4.404942E+03	-1.677429E+01	9.462613E-02	1.632952E-01
4.405142E+03	-1.677421E+01	9.460811E-02	1.632949E-01
4.405342E+03	-1.677404E+01	9.455967E-02	1.632946E-01
4.405542E+03	-1.677375E+01	9.386432E-02	1.632943E-01
4.405742E+03	-1.677380E+01	9.394764E-02	1.632939E-01
4.405941E+03	-1.677375E+01	9.384778E-02	1.632936E-01
4.406141E+03	-1.677342E+01	9.440828E-02	1.632933E-01
4.406342E+03	-1.677305E+01	9.462875E-02	1.632930E-01
4.406542E+03	-1.677309E+01	9.517424E-02	1.632927E-01
4.406741E+03	-1.677281E+01	9.509449E-02	1.632924E-01
4.406941E+03	-1.677256E+01	9.491255E-02	1.632920E-01
4.407141E+03	-1.677223E+01	9.561895E-02	1.632917E-01
4.407341E+03	-1.677178E+01	9.577022E-02	1.632914E-01
4.407541E+03	-1.677137E+01	9.570013E-02	1.632911E-01
4.407741E+03	-1.677075E+01	9.577379E-02	1.632908E-01
4.407941E+03	-1.677071E+01	9.599458E-02	1.632905E-01
4.408141E+03	-1.677014E+01	9.614648E-02	1.632901E-01
4.408341E+03	-1.676973E+01	9.640800E-02	1.632898E-01
4.408541E+03	-1.676936E+01	9.633035E-02	1.632895E-01
4.408741E+03	-1.676879E+01	9.666110E-02	1.632892E-01
4.408941E+03	-1.676854E+01	9.656574E-02	1.632889E-01
4.409141E+03	-1.676875E+01	9.695432E-02	1.632886E-01
4.409341E+03	-1.676875E+01	9.719946E-02	1.632882E-01
4.409541E+03	-1.676801E+01	9.836471E-02	1.632879E-01
4.409741E+03	-1.676773E+01	9.832455E-02	1.632876E-01
4.409942E+03	-1.676793E+01	9.887639E-02	1.632873E-01
4.410142E+03	-1.676789E+01	9.899350E-02	1.632870E-01
4.410342E+03	-1.676773E+01	9.898895E-02	1.632867E-01
4.410542E+03	-1.676765E+01	9.902334E-02	1.632863E-01
4.410742E+03	-1.676793E+01	9.915366E-02	1.632860E-01
4.410942E+03	-1.676785E+01	9.926147E-02	1.632857E-01
4.411142E+03	-1.676814E+01	9.907793E-02	1.632854E-01
4.411342E+03	-1.676838E+01	9.918687E-02	1.632851E-01
4.411542E+03	-1.676814E+01	9.906978E-02	1.632848E-01
4.411742E+03	-1.676818E+01	9.922596E-02	1.632844E-01
4.411942E+03	-1.676810E+01	9.928074E-02	1.632841E-01
4.412142E+03	-1.676822E+01	9.931280E-02	1.632838E-01
4.412342E+03	-1.676883E+01	9.945704E-02	1.632835E-01
4.412542E+03	-1.676977E+01	9.966863E-02	1.632832E-01
4.412742E+03	-1.677047E+01	1.007229E-01	1.632829E-01
4.412942E+03	-1.677105E+01	1.008357E-01	1.632826E-01
4.413142E+03	-1.677080E+01	1.010781E-01	1.632822E-01
4.413342E+03	-1.677105E+01	1.023594E-01	1.632819E-01
4.413542E+03	-1.677175E+01	1.024132E-01	1.632816E-01
4.413742E+03	-1.677224E+01	1.023939E-01	1.632813E-01
4.413942E+03	-1.677241E+01	1.028530E-01	1.632810E-01
4.414142E+03	-1.677232E+01	1.026687E-01	1.632807E-01
4.414342E+03	-1.677224E+01	1.023939E-01	1.632803E-01
4.414542E+03	-1.677220E+01	1.025942E-01	1.632800E-01
4.414742E+03	-1.677154E+01	1.022866E-01	1.632797E-01
4.414942E+03	-1.677134E+01	1.028834E-01	1.632794E-01
4.415143E+03	-1.677142E+01	1.038401E-01	1.632791E-01
4.415343E+03	-1.677130E+01	1.038148E-01	1.632788E-01
4.415543E+03	-1.677130E+01	1.038394E-01	1.632784E-01
4.415743E+03	-1.677142E+01	1.038812E-01	1.632781E-01
4.415943E+03	-1.677163E+01	1.045596E-01	1.632778E-01
4.416143E+03	-1.677146E+01	1.046722E-01	1.632775E-01
4.416343E+03	-1.677105E+01	1.045855E-01	1.632772E-01
4.416543E+03	-1.677085E+01	1.045197E-01	1.632769E-01
4.416743E+03	-1.677097E+01	1.044918E-01	1.632765E-01
4.416943E+03	-1.677089E+01	1.043653E-01	1.632762E-01
4.417143E+03	-1.677085E+01	1.041871E-01	1.632759E-01
4.417343E+03	-1.677068E+01	1.039138E-01	1.632756E-01
4.417543E+03	-1.677015E+01	1.034708E-01	1.632753E-01
4.417743E+03	-1.676970E+01	1.033553E-01	1.632750E-01
4.417943E+03	-1.676946E+01	1.033092E-01	1.632747E-01
4.418142E+03	-1.676962E+01	1.032703E-01	1.632743E-01
4.418342E+03	-1.676982E+01	1.031306E-01	1.632740E-01
4.418542E+03	-1.676966E+01	1.030835E-01	1.632737E-01
4.418743E+03	-1.676995E+01	1.030984E-01	1.632734E-01
4.418942E+03	-1.677023E+01	1.032771E-01	1.632731E-01
4.419142E+03	-1.676991E+01	1.033344E-01	1.632728E-01
4.419342E+03	-1.676962E+01	1.030738E-01	1.632724E-01
4.419542E+03	-1.676962E+01	1.039376E-01	1.632721E-01
4.419742E+03	-1.676962E+01	1.038434E-01	1.632718E-01
4.419942E+03	-1.676999E+01	1.037800E-01	1.632715E-01
4.420142E+03	-1.677077E+01	1.037488E-01	1.632712E-01
4.420342E+03	-1.677151E+01	1.038968E-01	1.632709E-01
4.420543E+03	-1.677110E+01	1.031988E-01	1.632705E-01
4.420743E+03	-1.677036E+01	1.029865E-01	1.632702E-01
4.420943E+03	-1.677028E+01	1.031106E-01	1.632699E-01
4.421143E+03	-1.677032E+01	1.033950E-01	1.632696E-01
4.421343E+03	-1.677044E+01	1.031660E-01	1.632693E-01
4.421543E+03	-1.677073E+01	1.035912E-01	1.632690E-01
4.421743E+03	-1.677077E+01	1.031824E-01	1.632687E-01
4.421943E+03	-1.677040E+01	1.033531E-01	1.632683E-01
4.422143E+03	-1.677040E+01	1.029881E-01	1.632680E-01
4.422343E+03	-1.677077E+01	1.032645E-01	1.632677E-01
4.422543E+03	-1.677053E+01	1.031321E-01	1.632674E-01
4.422743E+03	-1.677028E+01	1.032582E-01	1.632671E-01
4.422943E+03	-1.677004E+01	1.032899E-01	1.632668E-01
4.423143E+03	-1.676987E+01	1.031362E-01	1.632664E-01
4.423343E+03	-1.676950E+01	1.035972E-01	1.632661E-01
4.423543E+03	-1.676885E+01	1.033758E-01	1.632658E-01
4.423743E+03	-1.676807E+01	1.040928E-01	1.632655E-01
4.423943E+03	-1.676799E+01	1.042771E-01	1.632652E-01
4.424143E+03	-1.676759E+01	1.042649E-01	1.632649E-01
4.424343E+03	-1.676681E+01	1.039940E-01	1.632646E-01
4.424543E+03	-1.676689E+01	1.039362E-01	1.632642E-01
4.424743E+03	-1.676710E+01	1.042331E-01	1.632639E-01
4.424943E+03	-1.676718E+01	1.041794E-01	1.632636E-01
4.425143E+03	-1.676702E+01	1.049135E-01	1.632633E-01
4.425343E+03	-1.676661E+01	1.049738E-01	1.632630E-01
4.425543E+03	-1.676673E+01	1.049098E-01	1.632627E-01
4.425743E+03	-1.676714E+01	1.049470E-01	1.632623E-01
4.425944E+03	-1.676718E+01	1.049813E-01	1.632620E-01
4.426144E+03	-1.676665E+01	1.050772E-01	1.632617E-01
4.426344E+03	-1.676645E+01	1.049508E-01	1.632614E-01
4.426544E+03	-1.676674E+01	1.051131E-01	1.632610E-01
4.426744E+03	-1.676674E+01	1.055523E-01	1.632607E-01
4.426944E+03	-1.676653E+01	1.055069E-01	1.632604E-01
4.427144E+03	-1.676657E+01	1.049355E-01	1.632601E-01
4.427344E+03	-1.676653E+01	1.051086E-01	1.632597E-01
4.427544E+03	-1.676694E+01	1.049955E-01	1.632594E-01
4.427744E+03	-1.676735E+01	1.049962E-01	1.632591E-01
4.427944E+03	-1.676763E+01	1.053871E-01	1.632588E-01
4.428144E+03	-1.676755E+01	1.056565E-01	1.632584E-01
4.428344E+03	-1.676727E+01	1.051719E-01	1.632581E-01
4.428544E+03	-1.676690E+01	1.047090E-01	1.632578E-01
4.428744E+03	-1.676682E+01	1.046366E-01	1.632575E-01
4.428944E+03	-1.676698E+01	1.044479E-01	1.632571E-01
4.429144E+03	-1.676707E+01	1.032222E-01	1.632568E-01
4.429344E+03	-1.676662E+01	1.032054E-01	1.632565E-01
4.429544E+03	-1.676613E+01	1.026714E-01	1.632562E-01
4.429744E+03	-1.676589E+01	1.027721E-01	1.632558E-01
4.429944E+03	-1.676613E+01	1.028216E-01	1.632555E-01
4.430144E+03	-1.676609E+01	1.026942E-01	1.632552E-01
4.430343E+03	-1.676569E+01	1.024645E-01	1.632549E-01
4.430543E+03	-1.676597E+01	1.019591E-01	1.632546E-01
4.430743E+03	-1.676617E+01	1.018525E-01	1.632542E-01
4.430944E+03	-1.676593E+01	1.022134E-01	1.632539E-01
4.431144E+03	-1.676557E+01	1.023384E-01	1.632536E-01
4.431344E+03	-1.676528E+01	1.015299E-01	1.632533E-01
4.431544E+03	-1.676492E+01	1.015784E-01	1.632529E-01
4.431744E+03	-1.676492E+01	9.939577E-02	1.632526E-01
4.431944E+03	-1.676484E+01	9.951893E-02	1.632523E-01
4.432144E+03	-1.676516E+01	9.947976E-02	1.632520E-01
4.432344E+03	-1.676524E+01	9.998866E-02	1.632516E-01
4.432544E+03	-1.676504E+01	9.996229E-02	1.632513E-01
4.432744E+03	-1.676516E+01	1.003144E-01	1.632510E-01
4.432944E+03	-1.676557E+01	1.003797E-01	1.632507E-01
4.433144E+03	-1.676618E+01	1.004961E-01	1.632503E-01
4.433344E+03	-1.676602E+01	1.006209E-01	1.632500E-01
4.433544E+03	-1.676561E+01	1.005067E-01	1.632497E-01
4.433744E+03	-1.676529E+01	1.001236E-01	1.632494E-01
4.433944E+03	-1.676496E+01	9.982216E-02	1.632490E-01
4.434144E+03	-1.676460E+01	9.964133E-02	1.632487E-01
4.434344E+03	-1.676456E+01	9.940954E-02	1.632484E-01
4.434544E+03	-1.676472E+01	9.938993E-02	1.632481E-01
4.434744E+03	-1.676464E+01	9.927831E-02	1.632477E-01
4.434944E+03	-1.676448E+01	9.784978E-02	1.632474E-01
4.435144E+03	-1.676379E+01	9.732748E-02	1.632471E-01
4.435344E+03	-1.676315E+01	9.757811E-02	1.632468E-01
4.435544E+03	-1.676302E+01	9.753481E-02	1.632464E-01
4.435744E+03	-1.676315E+01	9.744504E-02	1.632461E-01
4.435944E+03	-1.676319E+01	9.759524E-02	1.632458E-01
4.436144E+03	-1.676347E+01	9.729549E-02	1.632455E-01
4.436344E+03	-1.676347E+01	9.748116E-02	1.632451E-01
4.436545E+03	-1.676387E+01	9.781417E-02	1.632448E-01
4.436745E+03	-1.676371E+01	9.766878E-02	1.632445E-01
4.436945E+03	-1.676295E+01	9.752074E-02	1.632442E-01
4.437145E+03	-1.676230E+01	9.735200E-02	1.632438E-01
4.437345E+03	-1.676214E+01	9.735213E-02	1.632435E-01
4.437545E+03	-1.676194E+01	9.729500E-02	1.632432E-01
4.437745E+03	-1.676174E+01	9.628926E-02	1.632429E-01
4.437945E+03	-1.676186E+01	9.629188E-02	1.632425E-01
4.438145E+03	-1.676162E+01	9.665637E-02	1.632422E-01
4.438345E+03	-1.676110E+01	9.629137E-02	1.632419E-01
4.438545E+03	-1.676106E+01	9.625037E-02	1.632416E-01
4.438745E+03	-1.676086E+01	9.614575E-02	1.632413E-01
4.438945E+03	-1.676078E+01	9.577504E-02	1.632409E-01
4.439145E+03	-1.676006E+01	9.560810E-02	1.632406E-01
4.439345E+03	-1.675986E+01	9.631241E-02	1.632403E-01
4.439545E+03	-1.675994E+01	9.640621E-02	1.632400E-01
4.439745E+03	-1.675978E+01	9.628266E-02	1.632396E-01
4.439945E+03	-1.675902E+01	9.592664E-02	1.632393E-01
4.440145E+03	-1.675826E+01	9.574336E-02	1.632390E-01
4.440345E+03	-1.675778E+01	9.635897E-02	1.632387E-01
4.440545E+03	-1.675758E+01	9.587685E-02	1.632383E-01
4.440745E+03	-1.675739E+01	9.640200E-02	1.632380E-01
4.440945E+03	-1.675711E+01	9.636804E-02	1.632377E-01
4.441145E+03	-1.675671E+01	9.622029E-02	1.632374E-01
4.441345E+03	-1.675623E+01	9.646405E-02	1.632370E-01
4.441545E+03	-1.675596E+01	9.591047E-02	1.632367E-01
4.441746E+03	-1.675596E+01	9.613257E-02	1.632364E-01
4.441946E+03	-1.675643E+01	9.653197E-02	1.632361E-01
4.442145E+03	-1.675631E+01	9.622761E-02	1.632357E-01
4.442346E+03	-1.675616E+01	9.610514E-02	1.632354E-01
4.442546E+03	-1.675560E+01	9.695727E-02	1.632351E-01
4.442745E+03	-1.675501E+01	9.691181E-02	1.632348E-01
4.442945E+03	-1.675517E+01	9.734308E-02	1.632344E-01
4.443145E+03	-1.675521E+01	9.608883E-02	1.632341E-01
4.443345E+03	-1.675489E+01	9.595945E-02	1.632338E-01
4.443545E+03	-1.675481E+01	9.565713E-02	1.632335E-01
4.443745E+03	-1.675521E+01	9.541964E-02	1.632332E-01
4.443945E+03	-1.675533E+01	9.543782E-02	1.632328E-01
4.444145E+03	-1.675521E+01	9.587499E-02	1.632325E-01
4.444345E+03	-1.675513E+01	9.565563E-02	1.632322E-01
4.444545E+03	-1.675517E+01	9.720847E-02	1.632319E-01
4.444745E+03	-1.675509E+01	9.704822E-02	1.632315E-01
4.444945E+03	-1.675493E+01	9.658944E-02	1.632312E-01
4.445145E+03	-1.675481E+01	9.662239E-02	1.632309E-01
4.445345E+03	-1.675505E+01	9.667522E-02	1.632306E-01
4.445545E+03	-1.675513E+01	9.649096E-02	1.632302E-01
4.445745E+03	-1.675462E+01	9.660608E-02	1.632299E-01
4.445945E+03	-1.675414E+01	9.663497E-02	1.632296E-01
4.446145E+03	-1.675402E+01	9.597679E-02	1.632293E-01
4.446345E+03	-1.675355E+01	9.610888E-02	1.632289E-01
4.446545E+03	-1.675320E+01	9.658216E-02	1.632286E-01
4.446745E+03	-1.675320E+01	9.634176E-02	1.632283E-01
4.446945E+03	-1.675343E+01	9.575144E-02	1.632280E-01
4.447146E+03	-1.675403E+01	9.644274E-02	1.632277E-01
4.447346E+03	-1.675387E+01	9.655376E-02	1.632273E-01
4.447546E+03	-1.675375E+01	9.556452E-02	1.632270E-01
4.447746E+03	-1.675407E+01	9.559849E-02	1.632267E-01
4.447946E+03	-1.675415E+01	9.578575E-02	1.632264E-01
4.448146E+03	-1.675379E+01	9.525746E-02	1.632260E-01
4.448346E+03	-1.675379E+01	9.536404E-02	1.632257E-01
4.448546E+03	-1.675399E+01	9.537975E-02	1.632254E-01
4.448746E+03	-1.675423E+01	9.557402E-02	1.632251E-01
4.448946E+03	-1.675423E+01	9.593748E-02	1.632247E-01
4.449146E+03	-1.675411E+01	9.599424E-02	1.632244E-01
4.449346E+03	-1.675375E+01	9.625513E-02	1.632241E-01
4.449546E+03	-1.675344E+01	9.655591E-02	1.632238E-01
4.449746E+03	-1.675379E+01	9.665460E-02	1.632234E-01
4.449946E+03	-1.675348E+01	9.636352E-02	1.632231E-01
4.450146E+03	-1.675352E+01	9.574122E-02	1.632228E-01
4.450346E+03	-1.675399E+01	9.565612E-02	1.632225E-01
4.450546E+03	-1.675411E+01	9.503056E-02	1.632222E-01
4.450746E+03	-1.675455E+01	9.546968E-02	1.632218E-01
4.450946E+03	-1.675435E+01	9.556059E-02	1.632215E-01
4.451146E+03	-1.675388E+01	9.479319E-02	1.632212E-01
4.451346E+03	-1.675348E+01	9.455727E-02	1.632209E-01
4.451546E+03	-1.675293E+01	9.457113E-02	1.632205E-01
4.451746E+03	-1.675293E+01	9.469322E-02	1.632202E-01
4.451946E+03	-1.675297E+01	9.441033E-02	1.632199E-01
4.452146E+03	-1.675269E+01	9.419295E-02	1.632196E-01
4.452347E+03	-1.675246E+01	9.388996E-02	1.632192E-01
4.452547E+03	-1.675250E+01	9.412274E-02	1.632189E-01
4.452747E+03	-1.675234E+01	9.431680E-02	1.632186E-01
4.452947E+03	-1.675226E+01	9.440196E-02	1.632183E-01
4.453147E+03	-1.675195E+01	9.437677E-02	1.632180E-01
4.453347E+03	-1.675159E+01	9.454345E-02	1.632176E-01
4.453547E+03	-1.675171E+01	9.316294E-02	1.632173E-01
4.453747E+03	-1.675187E+01	9.318094E-02	1.632170E-01
4.453947E+03	-1.675164E+01	9.252957E-02	1.632167E-01
4.454147E+03	-1.675132E+01	9.252154E-02	1.632163E-01
4.454346E+03	-1.675120E+01	9.253570E-02	1.632160E-01
4.454547E+03	-1.675109E+01	9.350683E-02	1.632157E-01
4.454747E+03	-1.675105E+01	9.339643E-02	1.632154E-01
4.454947E+03	-1.675101E+01	9.358800E-02	1.632150E-01
4.455146E+03	-1.675066E+01	9.346500E-02	1.632147E-01
4.455346E+03	-1.675038E+01	9.551267E-02	1.632144E-01
4.455546E+03	-1.675023E+01	9.730233E-02	1.632141E-01
4.455746E+03	-1.675019E+01	9.709393E-02	1.632138E-01
4.455946E+03	-1.675031E+01	9.702232E-02	1.632134E-01
4.456146E+03	-1.675042E+01	9.705639E-02	1.632131E-01
4.456346E+03	-1.675050E+01	9.708957E-02	1.632128E-01
4.456546E+03	-1.675074E+01	9.715780E-02	1.632125E-01
4.456746E+03	-1.675125E+01	9.651466E-02	1.632121E-01
4.456946E+03	-1.675140E+01	9.657309E-02	1.632118E-01
4.457146E+03	-1.675093E+01	9.620186E-02	1.632115E-01
4.457346E+03	-1.674984E+01	9.479390E-02	1.632112E-01
4.457546E+03	-1.674964E+01	9.479818E-02	1.632109E-01
4.457747E+03	-1.675031E+01	9.498651E-02	1.632105E-01
4.457947E+03	-1.675000E+01	9.438598E-02	1.632102E-01
4.458147E+03	-1.674972E+01	9.433042E-02	1.632099E-01
4.458347E+03	-1.675015E+01	9.436130E-02	1.632096E-01
4.458547E+03	-1.675047E+01	9.417482E-02	1.632092E-01
4.458747E+03	-1.675086E+01	9.447148E-02	1.632089E-01
4.458947E+03	-1.675113E+01	9.406444E-02	1.632086E-01
4.459147E+03	-1.675074E+01	9.366996E-02	1.632083E-01
4.459347E+03	-1.675070E+01	9.369677E-02	1.632080E-01
4.459547E+03	-1.675090E+01	9.376650E-02	1.632076E-01
4.459747E+03	-1.675129E+01	9.429068E-02	1.632073E-01
4.459947E+03	-1.675164E+01	9.370769E-02	1.632070E-01
4.460147E+03	-1.675192E+01	9.364912E-02	1.632067E-01
4.460347E+03	-1.675212E+01	9.368364E-02	1.632063E-01
4.460547E+03	-1.675180E+01	9.385943E-02	1.632060E-01
4.460747E+03	-1.675149E+01	9.428226E-02	1.632057E-01
4.460947E+03	-1.675137E+01	9.447257E-02	1.632054E-01
4.461147E+03	-1.675094E+01	9.570786E-02	1.632050E-01
4.461347E+03	-1.675059E+01	9.579865E-02	1.632047E-01
4.461547E+03	-1.675082E+01	9.630127E-02	1.632044E-01
4.461747E+03	-1.675129E+01	9.684906E-02	1.632041E-01
4.461947E+03	-1.675157E+01	9.690642E-02	1.632038E-01
4.462147E+03	-1.675149E+01	9.687320E-02	1.632034E-01
4.462347E+03	-1.675067E+01	9.671319E-02	1.632031E-01
4.462547E+03	-1.675039E+01	9.664041E-02	1.632028E-01
4.462747E+03	-1.675051E+01	9.679971E-02	1.632025E-01
4.462948E+03	-1.675110E+01	9.684847E-02	1.632021E-01
4.463148E+03	-1.675145E+01	9.713923E-02	1.632018E-01
4.463348E+03	-1.675122E+01	9.735334E-02	1.632015E-01
4.463548E+03	-1.675094E+01	9.624110E-02	1.632012E-01
4.463748E+03	-1.675047E+01	9.612913E-02	1.632009E-01
4.463948E+03	-1.675008E+01	9.601119E-02	1.632005E-01
4.464148E+03	-1.674977E+01	9.631351E-02	1.632002E-01
4.464348E+03	-1.674958E+01	9.641871E-02	1.631999E-01
4.464548E+03	-1.674997E+01	9.630212E-02	1.631996E-01
4.464748E+03	-1.675016E+01	9.665469E-02	1.631992E-01
4.464948E+03	-1.675048E+01	9.662651E-02	1.631989E-01
4.465148E+03	-1.675071E+01	9.682379E-02	1.631986E-01
4.465348E+03	-1.675075E+01	9.840793E-02	1.631983E-01
4.465548E+03	-1.675063E+01	9.844398E-02	1.631980E-01
4.465748E+03	-1.675079E+01	9.851086E-02	1.631976E-01
4.465948E+03	-1.675111E+01	9.840947E-02	1.631973E-01
4.466148E+03	-1.675142E+01	9.850024E-02	1.631970E-01
4.466348E+03	-1.675158E+01	9.839059E-02	1.631967E-01
4.466547E+03	-1.675169E+01	9.857437E-02	1.631963E-01
4.466748E+03	-1.675209E+01	9.850636E-02	1.631960E-01
4.466948E+03	-1.675291E+01	9.817412E-02	1.631957E-01
4.467148E+03	-1.675280E+01	9.813954E-02	1.631954E-01
4.467347E+03	-1.675209E+01	9.740568E-02	1.631951E-01
4.467547E+03	-1.675162E+01	9.722148E-02	1.631947E-01
4.467747E+03	-1.675087E+01	9.611002E-02	1.631944E-01
4.467947E+03	-1.675005E+01	9.569739E-02	1.631941E-01
4.468147E+03	-1.674939E+01	9.579716E-02	1.631938E-01
4.468348E+03	-1.674919E+01	9.571114E-02	1.631934E-01
4.468548E+03	-1.674915E+01	9.619450E-02	1.631931E-01
4.468748E+03	-1.674911E+01	9.626396E-02	1.631928E-01
4.468948E+03	-1.674923E+01	9.669216E-02	1.631925E-01
4.469148E+03	-1.674900E+01	9.617947E-02	1.631922E-01
4.469348E+03	-1.674888E+01	9.623548E-02	1.631918E-01
4.469548E+03	-1.674927E+01	9.661100E-02	1.631915E-01
4.469748E+03	-1.674935E+01	9.684714E-02	1.631912E-01
4.469948E+03	-1.674939E+01	9.695351E-02	1.631909E-01
4.470148E+03	-1.674966E+01	9.686606E-02	1.631906E-01
4.470348E+03	-1.674978E+01	9.704079E-02	1.631902E-01
4.470548E+03	-1.674943E+01	9.699739E-02	1.631899E-01
4.470748E+03	-1.674939E+01	9.656675E-02	1.631896E-01
4.470948E+03	-1.674959E+01	9.664147E-02	1.631893E-01
4.471148E+03	-1.674986E+01	9.676889E-02	1.631889E-01
4.471348E+03	-1.674959E+01	9.641089E-02	1.631886E-01
4.471548E+03	-1.674931E+01	9.636192E-02	1.631883E-01
4.471748E+03	-1.674959E+01	9.673920E-02	1.631880E-01
4.471948E+03	-1.674974E+01	9.678576E-02	1.631877E-01
4.472148E+03	-1.674963E+01	9.649383E-02	1.631873E-01
4.472348E+03	-1.674955E+01	9.634751E-02	1.631870E-01
4.472548E+03	-1.674986E+01	9.652641E-02	1.631867E-01
4.472748E+03	-1.674998E+01	9.679113E-02	1.631864E-01
4.472948E+03	-1.674994E+01	9.682543E-02	1.631860E-01
4.473148E+03	-1.674982E+01	9.722551E-02	1.631857E-01
4.473348E+03	-1.674963E+01	9.672055E-02	1.631854E-01
4.473549E+03	-1.674940E+01	9.708245E-02	1.631851E-01
4.473749E+03	-1.674916E+01	9.834197E-02	1.631848E-01
4.473949E+03	-1.674897E+01	9.897297E-02	1.631844E-01
4.474149E+03	-1.674873E+01	9.889624E-02	1.631841E-01
4.474349E+03	-1.674850E+01	9.891314E-02	1.631838E-01
4.474549E+03	-1.674827E+01	9.885211E-02	1.631835E-01
4.474749E+03	-1.674803E+01	9.869371E-02	1.631832E-01
4.474949E+03	-1.674780E+01	9.838375E-02	1.631828E-01
4.475149E+03	-1.674757E+01	9.826086E-02	1.631825E-01
4.475349E+03	-1.674733E+01	9.790092E-02	1.631822E-01
4.475549E+03	-1.674725E+01	9.773177E-02	1.631819E-01
4.475749E+03	-1.674710E+01	9.840793E-02	1.631815E-01
4.475949E+03	-1.674726E+01	9.892911E-02	1.631812E-01
4.476149E+03	-1.674761E+01	9.901664E-02	1.631809E-01
4.476349E+03	-1.674776E+01	9.870186E-02	1.631806E-01
4.476549E+03	-1.674753E+01	9.874995E-02	1.631803E-01
4.476749E+03	-1.674722E+01	9.850042E-02	1.631799E-01
4.476949E+03	-1.674691E+01	9.836393E-02	1.631796E-01
4.477149E+03	-1.674652E+01	9.852054E-02	1.631793E-01
4.477349E+03	-1.674621E+01	9.900083E-02	1.631790E-01
4.477549E+03	-1.674586E+01	9.926233E-02	1.631787E-01
4.477749E+03	-1.674594E+01	9.928779E-02	1.631783E-01
4.477949E+03	-1.674602E+01	9.915823E-02	1.631780E-01
4.478149E+03	-1.674633E+01	9.954716E-02	1.631777E-01
4.478349E+03	-1.674641E+01	9.957271E-02	1.631774E-01
4.478549E+03	-1.674664E+01	1.003947E-01	1.631771E-01
4.478749E+03	-1.674695E+01	1.014532E-01	1.631767E-01
4.478949E+03	-1.674660E+01	1.014298E-01	1.631764E-01
4.479150E+03	-1.674645E+01	1.016419E-01	1.631761E-01
4.479350E+03	-1.674672E+01	1.014454E-01	1.631758E-01
4.479550E+03	-1.674664E+01	1.019629E-01	1.631754E-01
4.479749E+03	-1.674625E+01	1.035047E-01	1.631751E-01
4.479949E+03	-1.674559E+01	1.039984E-01	1.631748E-01
4.480149E+03	-1.674498E+01	1.039121E-01	1.631745E-01
4.480349E+03	-1.674436E+01	1.031734E-01	1.631742E-01
4.480549E+03	-1.674355E+01	1.026805E-01	1.631738E-01
4.480749E+03	-1.674324E+01	1.024959E-01	1.631735E-01
4.480949E+03	-1.674343E+01	1.032388E-01	1.631732E-01
4.481149E+03	-1.674366E+01	1.032823E-01	1.631729E-01
4.481349E+03	-1.674386E+01	1.030697E-01	1.631726E-01
4.481549E+03	-1.674405E+01	1.030460E-01	1.631722E-01
4.481749E+03	-1.674405E+01	1.033316E-01	1.631719E-01
4.481949E+03	-1.674355E+01	1.032278E-01	1.631716E-01
4.482149E+03	-1.674289E+01	1.028799E-01	1.631713E-01
4.482349E+03	-1.674301E+01	1.033076E-01	1.631710E-01
4.482549E+03	-1.674351E+01	1.036618E-01	1.631706E-01
4.482749E+03	-1.674363E+01	1.035931E-01	1.631703E-01
4.482949E+03	-1.674344E+01	1.037320E-01	1.631700E-01
4.483149E+03	-1.674374E+01	1.044574E-01	1.631697E-01
4.483349E+03	-1.674436E+01	1.039148E-01	1.631693E-01
4.483549E+03	-1.674436E+01	1.038260E-01	1.631690E-01
4.483749E+03	-1.674363E+01	1.036779E-01	1.631687E-01
4.483949E+03	-1.674344E+01	1.031733E-01	1.631684E-01
4.484150E+03	-1.674324E+01	1.031969E-01	1.631681E-01
4.484350E+03	-1.674313E+01	1.031425E-01	1.631677E-01
4.484550E+03	-1.674313E+01	1.031887E-01	1.631674E-01
4.484750E+03	-1.674309E+01	1.028061E-01	1.631671E-01
4.484950E+03	-1.674290E+01	1.029492E-01	1.631668E-01
4.485150E+03	-1.674271E+01	1.036229E-01	1.631665E-01
4.485350E+03	-1.674259E+01	1.033839E-01	1.631661E-01
4.485550E+03	-1.674244E+01	1.034049E-01	1.631658E-01
4.485750E+03	-1.674209E+01	1.039603E-01	1.631655E-01
4.485950E+03	-1.674221E+01	1.036536E-01	1.631652E-01
4.486150E+03	-1.674202E+01	1.036116E-01	1.631649E-01
4.486350E+03	-1.674209E+01	1.045364E-01	1.631645E-01
4.486550E+03	-1.674279E+01	1.054688E-01	1.631642E-01
4.486750E+03	-1.674290E+01	1.054929E-01	1.631639E-01
4.486950E+03	-1.674313E+01	1.062575E-01	1.631636E-01
4.487150E+03	-1.674321E+01	1.061416E-01	1.631633E-01
4.487350E+03	-1.674252E+01	1.058110E-01	1.631629E-01
4.487550E+03	-1.674256E+01	1.062202E-01	1.631626E-01
4.487750E+03	-1.674294E+01	1.062720E-01	1.631623E-01
4.487950E+03	-1.674314E+01	1.067581E-01	1.631620E-01
4.488150E+03	-1.674348E+01	1.064927E-01	1.631617E-01
4.488350E+03	-1.674364E+01	1.059021E-01	1.631613E-01
4.488550E+03	-1.674391E+01	1.049921E-01	1.631610E-01
4.488750E+03	-1.674391E+01	1.052775E-01	1.631607E-01
4.488950E+03	-1.674352E+01	1.050492E-01	1.631604E-01
4.489150E+03	-1.674321E+01	1.051210E-01	1.631600E-01
4.489351E+03	-1.674325E+01	1.053268E-01	1.631597E-01
4.489551E+03	-1.674356E+01	1.053746E-01	1.631594E-01
4.489751E+03	-1.674360E+01	1.053724E-01	1.631591E-01
4.489951E+03	-1.674345E+01	1.065064E-01	1.631588E-01
4.490151E+03	-1.674306E+01	1.063927E-01	1.631584E-01
4.490351E+03	-1.674268E+01	1.058215E-01	1.631581E-01
4.490551E+03	-1.674225E+01	1.051806E-01	1.631578E-01
4.490751E+03	-1.674164E+01	1.055077E-01	1.631575E-01
4.490950E+03	-1.674114E+01	1.055246E-01	1.631572E-01
4.491150E+03	-1.674068E+01	1.049038E-01	1.631568E-01
4.491350E+03	-1.674049E+01	1.047312E-01	1.631565E-01
4.491551E+03	-1.674034E+01	1.048512E-01	1.631562E-01
4.491751E+03	-1.673980E+01	1.049207E-01	1.631559E-01
4.491950E+03	-1.673950E+01	1.048469E-01	1.631556E-01
4.492150E+03	-1.673908E+01	1.048448E-01	1.631552E-01
4.492350E+03	-1.673847E+01	1.053910E-01	1.631549E-01
4.492550E+03	-1.673801E+01	1.052688E-01	1.631546E-01
4.492750E+03	-1.673771E+01	1.053433E-01	1.631543E-01
4.492950E+03	-1.673748E+01	1.049574E-01	1.631540E-01
4.493150E+03	-1.673703E+01	1.049308E-01	1.631536E-01
4.493350E+03	-1.673650E+01	1.045370E-01	1.631533E-01
4.493550E+03	-1.673653E+01	1.047585E-01	1.631530E-01
4.493750E+03	-1.673657E+01	1.056627E-01	1.631527E-01
4.493950E+03	-1.673631E+01	1.055186E-01	1.631524E-01
4.494150E+03	-1.673616E+01	1.055462E-01	1.631520E-01
4.494350E+03	-1.673612E+01	1.059916E-01	1.631517E-01
4.494550E+03	-1.673619E+01	1.059722E-01	1.631514E-01
4.494751E+03	-1.673597E+01	1.056024E-01	1.631511E-01
4.494951E+03	-1.673597E+01	1.056933E-01	1.631508E-01
4.495151E+03	-1.673638E+01	1.063218E-01	1.631504E-01
4.495351E+03	-1.673673E+01	1.063256E-01	1.631501E-01
4.495551E+03	-1.673669E+01	1.068778E-01	1.631498E-01
4.495751E+03	-1.673684E+01	1.071771E-01	1.631495E-01
4.495951E+03	-1.673703E+01	1.072468E-01	1.631492E-01
4.496151E+03	-1.673703E+01	1.076530E-01	1.631488E-01
4.496351E+03	-1.673726E+01	1.080400E-01	1.631485E-01
4.496551E+03	-1.673775E+01	1.080793E-01	1.631482E-01
4.496751E+03	-1.673798E+01	1.084823E-01	1.631479E-01
4.496951E+03	-1.673772E+01	1.085870E-01	1.631476E-01
4.497151E+03	-1.673772E+01	1.083360E-01	1.631472E-01
4.497351E+03	-1.673795E+01	1.082902E-01	1.631469E-01
4.497551E+03	-1.673764E+01	1.084729E-01	1.631466E-01
4.497751E+03	-1.673722E+01	1.085547E-01	1.631463E-01
4.497951E+03	-1.673711E+01	1.089439E-01	1.631460E-01
4.498151E+03	-1.673673E+01	1.087197E-01	1.631456E-01
4.498351E+03	-1.673654E+01	1.088694E-01	1.631453E-01
4.498551E+03	-1.673654E+01	1.081109E-01	1.631450E-01
4.498751E+03	-1.673650E+01	1.081015E-01	1.631447E-01
4.498951E+03	-1.673597E+01	1.075832E-01	1.631444E-01
4.499151E+03	-1.673544E+01	1.078454E-01	1.631440E-01
4.499351E+03	-1.673495E+01	1.070056E-01	1.631437E-01
4.499551E+03	-1.673450E+01	1.053426E-01	1.631434E-01
4.499751E+03	-1.673450E+01	1.055880E-01	1.631431E-01
4.499952E+03	-1.673435E+01	1.055928E-01	1.631428E-01
4.500152E+03	-1.673427E+01	1.055745E-01	1.631424E-01
4.500352E+03	-1.673439E+01	1.055982E-01	1.631421E-01
4.500552E+03	-1.673424E+01	1.056143E-01	1.631418E-01
4.500752E+03	-1.673390E+01	1.055394E-01	1.631415E-01
4.500952E+03	-1.673333E+01	1.054022E-01	1.631412E-01
4.501152E+03	-1.673303E+01	1.053103E-01	1.631408E-01
4.501352E+03	-1.673303E+01	1.053141E-01	1.631405E-01
4.501552E+03	-1.673330E+01	1.053403E-01	1.631402E-01
4.501752E+03	-1.673360E+01	1.054247E-01	1.631399E-01
4.501952E+03	-1.673337E+01	1.053172E-01	1.631396E-01
4.502152E+03	-1.673292E+01	1.053055E-01	1.631392E-01
4.502352E+03	-1.673247E+01	1.052074E-01	1.631389E-01
4.502552E+03	-1.673213E+01	1.050130E-01	1.631386E-01
4.502752E+03	-1.673217E+01	1.051647E-01	1.631383E-01
4.502952E+03	-1.673213E+01	1.050956E-01	1.631380E-01
4.503151E+03	-1.673232E+01	1.047617E-01	1.631377E-01
4.503351E+03	-1.673236E+01	1.055445E-01	1.631373E-01
4.503551E+03	-1.673221E+01	1.055868E-01	1.631370E-01
4.503752E+03	-1.673236E+01	1.055031E-01	1.631367E-01
4.503952E+03	-1.673225E+01	1.054683E-01	1.631364E-01
4.504151E+03	-1.673217E+01	1.055589E-01	1.631361E-01
4.504351E+03	-1.673202E+01	1.055262E-01	1.631357E-01
4.504551E+03	-1.673176E+01	1.055674E-01	1.631354E-01
4.504751E+03	-1.673165E+01	1.050976E-01	1.631351E-01
4.504951E+03	-1.673195E+01	1.050239E-01	1.631348E-01
4.505151E+03	-1.673199E+01	1.042111E-01	1.631345E-01
4.505352E+03	-1.673195E+01	1.040483E-01	1.631341E-01
4.505552E+03	-1.673173E+01	1.036118E-01	1.631338E-01
4.505752E+03	-1.673161E+01	1.032326E-01	1.631335E-01
4.505952E+03	-1.673158E+01	1.033811E-01	1.631332E-01
4.506152E+03	-1.673173E+01	1.042607E-01	1.631329E-01
4.506352E+03	-1.673206E+01	1.049348E-01	1.631325E-01
4.506552E+03	-1.673225E+01	1.052467E-01	1.631322E-01
4.506752E+03	-1.673188E+01	1.053359E-01	1.631319E-01
4.506952E+03	-1.673180E+01	1.054115E-01	1.631316E-01
4.507152E+03	-1.673210E+01	1.051841E-01	1.631313E-01
4.507352E+03	-1.673210E+01	1.049514E-01	1.631309E-01
4.507552E+03	-1.673173E+01	1.048795E-01	1.631306E-01
4.507752E+03	-1.673150E+01	1.048739E-01	1.631303E-01
4.507952E+03	-1.673158E+01	1.049745E-01	1.631300E-01
4.508152E+03	-1.673177E+01	1.063101E-01	1.631297E-01
4.508352E+03	-1.673158E+01	1.058705E-01	1.631294E-01
4.508552E+03	-1.673132E+01	1.058141E-01	1.631290E-01
4.508752E+03	-1.673128E+01	1.056214E-01	1.631287E-01
4.508952E+03	-1.673151E+01	1.058447E-01	1.631284E-01
4.509152E+03	-1.673207E+01	1.057680E-01	1.631281E-01
4.509352E+03	-1.673226E+01	1.048938E-01	1.631278E-01
4.509552E+03	-1.673229E+01	1.043959E-01	1.631274E-01
4.509752E+03	-1.673237E+01	1.043989E-01	1.631271E-01
4.509952E+03	-1.673222E+01	1.043478E-01	1.631268E-01
4.510152E+03	-1.673203E+01	1.041639E-01	1.631265E-01
4.510352E+03	-1.673143E+01	1.040276E-01	1.631262E-01
4.510553E+03	-1.673143E+01	1.039676E-01	1.631258E-01
4.510753E+03	-1.673158E+01	1.041759E-01	1.631255E-01
4.510953E+03	-1.673151E+01	1.040380E-01	1.631252E-01
4.511153E+03	-1.673215E+01	1.042772E-01	1.631249E-01
4.511353E+03	-1.673252E+01	1.043862E-01	1.631246E-01
4.511553E+03	-1.673230E+01	1.054248E-01	1.631242E-01
4.511753E+03	-1.673207E+01	1.055053E-01	1.631239E-01
4.511953E+03	-1.673192E+01	1.054088E-01	1.631236E-01
4.512153E+03	-1.673234E+01	1.051598E-01	1.631233E-01
4.512353E+03	-1.673271E+01	1.053034E-01	1.631230E-01
4.512553E+03	-1.673294E+01	1.052679E-01	1.631227E-01
4.512753E+03	-1.673222E+01	1.047683E-01	1.631223E-01
4.512953E+03	-1.673159E+01	1.044609E-01	1.631220E-01
4.513153E+03	-1.673159E+01	1.041684E-01	1.631217E-01
4.513353E+03	-1.673140E+01	1.047156E-01	1.631214E-01
4.513553E+03	-1.673095E+01	1.044351E-01	1.631211E-01
4.513753E+03	-1.673091E+01	1.042277E-01	1.631207E-01
4.513953E+03	-1.673080E+01	1.043654E-01	1.631204E-01
4.514153E+03	-1.673032E+01	1.040879E-01	1.631201E-01
4.514353E+03	-1.673050E+01	1.045329E-01	1.631198E-01
4.514553E+03	-1.673069E+01	1.044656E-01	1.631195E-01
4.514753E+03	-1.673062E+01	1.046534E-01	1.631192E-01
4.514953E+03	-1.673062E+01	1.046496E-01	1.631188E-01
4.515153E+03	-1.673032E+01	1.048430E-01	1.631185E-01
4.515352E+03	-1.673024E+01	1.049147E-01	1.631182E-01
4.515552E+03	-1.673028E+01	1.049125E-01	1.631179E-01
4.515752E+03	-1.672991E+01	1.046206E-01	1.631176E-01
4.515953E+03	-1.672957E+01	1.043904E-01	1.631172E-01
4.516154E+03	-1.672924E+01	1.043731E-01	1.631169E-01
4.516354E+03	-1.672901E+01	1.043119E-01	1.631166E-01
4.516553E+03	-1.672857E+01	1.047668E-01	1.631163E-01
4.516753E+03	-1.672838E+01	1.045135E-01	1.631160E-01
4.516953E+03	-1.672827E+01	1.044606E-01	1.631156E-01
4.517153E+03	-1.672764E+01	1.038480E-01	1.631153E-01
4.517353E+03	-1.672749E+01	1.043547E-01	1.631150E-01
4.517553E+03	-1.672775E+01	1.042834E-01	1.631147E-01
4.517753E+03	-1.672753E+01	1.029894E-01	1.631144E-01
4.517953E+03	-1.672727E+01	1.023265E-01	1.631141E-01
4.518153E+03	-1.672734E+01	1.024182E-01	1.631137E-01
4.518353E+03	-1.672760E+01	1.030813E-01	1.631134E-01
4.518553E+03	-1.672775E+01	1.031538E-01	1.631131E-01
4.518753E+03	-1.672812E+01	1.030710E-01	1.631128E-01
4.518953E+03	-1.672838E+01	1.032110E-01	1.631125E-01
4.519153E+03	-1.672894E+01	1.034966E-01	1.631121E-01
4.519353E+03	-1.672850E+01	1.034013E-01	1.631118E-01
4.519553E+03	-1.672775E+01	1.035811E-01	1.631115E-01
4.519753E+03	-1.672787E+01	1.030724E-01	1.631112E-01
4.519953E+03	-1.672757E+01	1.024633E-01	1.631109E-01
4.520153E+03	-1.672735E+01	1.025073E-01	1.631106E-01
4.520353E+03	-1.672742E+01	1.025842E-01	1.631102E-01
4.520553E+03	-1.672694E+01	1.021699E-01	1.631099E-01
4.520753E+03	-1.672660E+01	1.020062E-01	1.631096E-01
4.520953E+03	-1.672638E+01	1.018910E-01	1.631093E-01
4.521154E+03	-1.672620E+01	1.022586E-01	1.631090E-01
4.521354E+03	-1.672594E+01	1.016574E-01	1.631086E-01
4.521554E+03	-1.672542E+01	1.012996E-01	1.631083E-01
4.521754E+03	-1.672490E+01	1.012529E-01	1.631080E-01
4.521954E+03	-1.672454E+01	1.015173E-01	1.631077E-01
4.522154E+03	-1.672432E+01	1.011633E-01	1.631074E-01
4.522354E+03	-1.672413E+01	1.012826E-01	1.631071E-01
4.522554E+03	-1.672384E+01	1.005657E-01	1.631067E-01
4.522754E+03	-1.672391E+01	9.962881E-02	1.631064E-01
4.522954E+03	-1.672362E+01	9.961279E-02	1.631061E-01
4.523154E+03	-1.672336E+01	9.945806E-02	1.631058E-01
4.523354E+03	-1.672343E+01	9.965521E-02	1.631055E-01
4.523554E+03	-1.672332E+01	1.004134E-01	1.631051E-01
4.523754E+03	-1.672347E+01	9.894615E-02	1.631048E-01
4.523954E+03	-1.672388E+01	9.860017E-02	1.631045E-01
4.524154E+03	-1.672388E+01	9.873275E-02	1.631042E-01
4.524354E+03	-1.672395E+01	9.891159E-02	1.631039E-01
4.524554E+03	-1.672428E+01	9.979446E-02	1.631036E-01
4.524754E+03	-1.672432E+01	1.002122E-01	1.631032E-01
4.524954E+03	-1.672421E+01	9.953057E-02	1.631029E-01
4.525154E+03	-1.672377E+01	9.943300E-02	1.631026E-01
4.525354E+03	-1.672358E+01	9.953443E-02	1.631023E-01
4.525554E+03	-1.672318E+01	9.982047E-02	1.631020E-01
4.525754E+03	-1.672267E+01	1.006645E-01	1.631016E-01
4.525954E+03	-1.672278E+01	1.014872E-01	1.631013E-01
4.526154E+03	-1.672263E+01	1.017577E-01	1.631010E-01
4.526354E+03	-1.672263E+01	1.016622E-01	1.631007E-01
4.526555E+03	-1.672234E+01	1.021660E-01	1.631004E-01
4.526755E+03	-1.672234E+01	1.020743E-01	1.631001E-01
4.526955E+03	-1.672234E+01	1.021807E-01	1.630997E-01
4.527155E+03	-1.672204E+01	1.019026E-01	1.630994E-01
4.527355E+03	-1.672149E+01	1.032571E-01	1.630991E-01
4.527555E+03	-1.672080E+01	1.038087E-01	1.630988E-01
4.527755E+03	-1.672021E+01	1.038479E-01	1.630985E-01
4.527954E+03	-1.671985E+01	1.038227E-01	1.630982E-01
4.528154E+03	-1.671967E+01	1.038995E-01	1.630978E-01
4.528355E+03	-1.671956E+01	1.029143E-01	1.630975E-01
4.528555E+03	-1.671923E+01	1.041119E-01	1.630972E-01
4.528754E+03	-1.671894E+01	1.042023E-01	1.630968E-01
4.528954E+03	-1.671843E+01	1.039492E-01	1.630965E-01
4.529154E+03	-1.671799E+01	1.036704E-01	1.630962E-01
4.529354E+03	-1.671763E+01	1.035002E-01	1.630959E-01
4.529554E+03	-1.671738E+01	1.033635E-01	1.630955E-01
4.529754E+03	-1.671676E+01	1.028148E-01	1.630952E-01
4.529954E+03	-1.671640E+01	1.027725E-01	1.630949E-01
4.530154E+03	-1.671626E+01	1.028432E-01	1.630945E-01
4.530354E+03	-1.671673E+01	1.023679E-01	1.630942E-01
4.530554E+03	-1.671691E+01	1.015987E-01	1.630939E-01
4.530754E+03	-1.671666E+01	1.014525E-01	1.630936E-01
4.530954E+03	-1.671640E+01	1.003471E-01	1.630932E-01
4.531154E+03	-1.671637E+01	1.002953E-01	1.630929E-01
4.531354E+03	-1.671604E+01	1.002563E-01	1.630926E-01
4.531554E+03	-1.671554E+01	9.967712E-02	1.630923E-01
4.531755E+03	-1.671539E+01	9.964036E-02	1.630919E-01
4.531955E+03	-1.671532E+01	9.949742E-02	1.630916E-01
4.532155E+03	-1.671543E+01	9.981478E-02	1.630913E-01
4.532355E+03	-1.671543E+01	1.002013E-01	1.630909E-01
4.532555E+03	-1.671496E+01	1.002698E-01	1.630906E-01
4.532755E+03	-1.671496E+01	1.007641E-01	1.630903E-01
4.532955E+03	-1.671539E+01	1.016918E-01	1.630900E-01
4.533155E+03	-1.671561E+01	1.024833E-01	1.630896E-01
4.533355E+03	-1.671518E+01	1.021753E-01	1.630893E-01
4.533555E+03	-1.671492E+01	1.037105E-01	1.630890E-01
4.533755E+03	-1.671446E+01	1.044923E-01	1.630887E-01
4.533955E+03	-1.671424E+01	1.044583E-01	1.630883E-01
4.534155E+03	-1.671431E+01	1.055996E-01	1.630880E-01
4.534355E+03	-1.671395E+01	1.066424E-01	1.630877E-01
4.534555E+03	-1.671410E+01	1.070919E-01	1.630873E-01
4.534755E+03	-1.671385E+01	1.068462E-01	1.630870E-01
4.534955E+03	-1.671374E+01	1.066254E-01	1.630867E-01
4.535155E+03	-1.671410E+01	1.069010E-01	1.630864E-01
4.535355E+03	-1.671424E+01	1.069905E-01	1.630860E-01
4.535555E+03	-1.671424E+01	1.070481E-01	1.630857E-01
4.535755E+03	-1.671399E+01	1.071480E-01	1.630854E-01
4.535955E+03	-1.671363E+01	1.069622E-01	1.630851E-01
4.536155E+03	-1.671363E+01	1.069082E-01	1.630847E-01
4.536355E+03	-1.671352E+01	1.066479E-01	1.630844E-01
4.536555E+03	-1.671345E+01	1.069790E-01	1.630841E-01
4.536755E+03	-1.671349E+01	1.068189E-01	1.630837E-01
4.536955E+03	-1.671324E+01	1.072314E-01	1.630834E-01
4.537156E+03	-1.671324E+01	1.071451E-01	1.630831E-01
4.537356E+03	-1.671274E+01	1.074052E-01	1.630828E-01
4.537556E+03	-1.671241E+01	1.069344E-01	1.630824E-01
4.537756E+03	-1.671241E+01	1.059839E-01	1.630821E-01
4.537956E+03	-1.671198E+01	1.061262E-01	1.630818E-01
4.538156E+03	-1.671138E+01	1.059168E-01	1.630815E-01
4.538356E+03	-1.671077E+01	1.052755E-01	1.630811E-01
4.538556E+03	-1.671052E+01	1.052149E-01	1.630808E-01
4.538756E+03	-1.671045E+01	1.053261E-01	1.630805E-01
4.538956E+03	-1.671045E+01	1.051369E-01	1.630802E-01
4.539156E+03	-1.671030E+01	1.046918E-01	1.630798E-01
4.539356E+03	-1.671052E+01	1.048435E-01	1.630795E-01
4.539556E+03	-1.671091E+01	1.044844E-01	1.630792E-01
4.539756E+03	-1.671123E+01	1.041327E-01	1.630788E-01
4.539956E+03	-1.671145E+01	1.042701E-01	1.630785E-01
4.540155E+03	-1.671174E+01	1.039556E-01	1.630782E-01
4.540355E+03	-1.671159E+01	1.036565E-01	1.630779E-01
4.540556E+03	-1.671138E+01	1.036553E-01	1.630775E-01
4.540756E+03	-1.671124E+01	1.029058E-01	1.630772E-01
4.540955E+03	-1.671088E+01	1.025851E-01	1.630769E-01
4.541155E+03	-1.671077E+01	1.026348E-01	1.630766E-01
4.541355E+03	-1.671070E+01	1.024715E-01	1.630762E-01
4.541555E+03	-1.671024E+01	1.021942E-01	1.630759E-01
4.541755E+03	-1.671031E+01	1.020362E-01	1.630756E-01
4.541955E+03	-1.671031E+01	1.017042E-01	1.630753E-01
4.542155E+03	-1.670999E+01	1.015862E-01	1.630749E-01
4.542356E+03	-1.670945E+01	1.019279E-01	1.630746E-01
4.542556E+03	-1.670910E+01	1.020117E-01	1.630743E-01
4.542756E+03	-1.670928E+01	1.021995E-01	1.630739E-01
4.542956E+03	-1.670949E+01	1.024315E-01	1.630736E-01
4.543156E+03	-1.670970E+01	1.021255E-01	1.630733E-01
4.543356E+03	-1.670960E+01	1.012095E-01	1.630730E-01
4.543556E+03	-1.670956E+01	1.015076E-01	1.630726E-01
4.543756E+03	-1.670942E+01	1.013710E-01	1.630723E-01
4.543956E+03	-1.670896E+01	1.012453E-01	1.630720E-01
4.544156E+03	-1.670892E+01	1.013401E-01	1.630717E-01
4.544356E+03	-1.670914E+01	1.019417E-01	1.630713E-01
4.544556E+03	-1.670942E+01	1.020086E-01	1.630710E-01
4.544756E+03	-1.670960E+01	1.025529E-01	1.630707E-01
4.544956E+03	-1.670960E+01	1.033690E-01	1.630704E-01
4.545156E+03	-1.670953E+01	1.034910E-01	1.630700E-01
4.545356E+03	-1.670974E+01	1.035348E-01	1.630697E-01
4.545556E+03	-1.671010E+01	1.046938E-01	1.630694E-01
4.545756E+03	-1.671003E+01	1.047336E-01	1.630691E-01
4.545956E+03	-1.670967E+01	1.046905E-01	1.630687E-01
4.546156E+03	-1.670953E+01	1.050124E-01	1.630684E-01
4.546356E+03	-1.670975E+01	1.053493E-01	1.630681E-01
4.546556E+03	-1.671010E+01	1.057212E-01	1.630677E-01
4.546756E+03	-1.671032E+01	1.065444E-01	1.630674E-01
4.546956E+03	-1.671028E+01	1.064535E-01	1.630671E-01
4.547156E+03	-1.671050E+01	1.069274E-01	1.630668E-01
4.547356E+03	-1.671025E+01	1.067410E-01	1.630664E-01
4.547557E+03	-1.671000E+01	1.072040E-01	1.630661E-01
4.547757E+03	-1.670978E+01	1.075897E-01	1.630658E-01
4.547957E+03	-1.670950E+01	1.076473E-01	1.630655E-01
4.548157E+03	-1.670925E+01	1.079131E-01	1.630651E-01
4.548357E+03	-1.670914E+01	1.090577E-01	1.630648E-01
4.548557E+03	-1.670925E+01	1.089350E-01	1.630645E-01
4.548757E+03	-1.670943E+01	1.103582E-01	1.630642E-01
4.548957E+03	-1.670964E+01	1.104625E-01	1.630638E-01
4.549157E+03	-1.670979E+01	1.103775E-01	1.630635E-01
4.549357E+03	-1.670936E+01	1.105325E-01	1.630632E-01
4.549557E+03	-1.670904E+01	1.116859E-01	1.630629E-01
4.549757E+03	-1.670897E+01	1.116534E-01	1.630625E-01
4.549957E+03	-1.670879E+01	1.124435E-01	1.630622E-01
4.550157E+03	-1.670907E+01	1.118303E-01	1.630619E-01
4.550357E+03	-1.670961E+01	1.114512E-01	1.630615E-01
4.550557E+03	-1.670972E+01	1.114359E-01	1.630612E-01
4.550757E+03	-1.670968E+01	1.112236E-01	1.630609E-01
4.550957E+03	-1.670986E+01	1.110874E-01	1.630606E-01
4.551157E+03	-1.670986E+01	1.111017E-01	1.630602E-01
4.551357E+03	-1.671004E+01	1.111437E-01	1.630599E-01
4.551557E+03	-1.670993E+01	1.111092E-01	1.630596E-01
4.551757E+03	-1.670972E+01	1.112363E-01	1.630593E-01
4.551957E+03	-1.670933E+01	1.115099E-01	1.630589E-01
4.552157E+03	-1.670904E+01	1.101271E-01	1.630586E-01
4.552356E+03	-1.670922E+01	1.104642E-01	1.630583E-01
4.552556E+03	-1.670972E+01	1.106089E-01	1.630580E-01
4.552757E+03	-1.670972E+01	1.111685E-01	1.630576E-01
4.552958E+03	-1.670936E+01	1.113160E-01	1.630573E-01
4.553157E+03	-1.670904E+01	1.115151E-01	1.630570E-01
4.553357E+03	-1.670865E+01	1.110555E-01	1.630567E-01
4.553557E+03	-1.670880E+01	1.115187E-01	1.630563E-01
4.553757E+03	-1.670890E+01	1.115426E-01	1.630560E-01
4.553957E+03	-1.670858E+01	1.116026E-01	1.630557E-01
4.554157E+03	-1.670770E+01	1.115840E-01	1.630554E-01
4.554357E+03	-1.670784E+01	1.116986E-01	1.630550E-01
4.554557E+03	-1.670844E+01	1.120707E-01	1.630547E-01
4.554757E+03	-1.670830E+01	1.121797E-01	1.630544E-01
4.554957E+03	-1.670802E+01	1.121596E-01	1.630541E-01
4.555157E+03	-1.670777E+01	1.119784E-01	1.630537E-01
4.555357E+03	-1.670788E+01	1.119881E-01	1.630534E-01
4.555557E+03	-1.670798E+01	1.110606E-01	1.630531E-01
4.555757E+03	-1.670802E+01	1.111442E-01	1.630528E-01
4.555957E+03	-1.670791E+01	1.112234E-01	1.630524E-01
4.556157E+03	-1.670791E+01	1.112163E-01	1.630521E-01
4.556357E+03	-1.670841E+01	1.113402E-01	1.630518E-01
4.556557E+03	-1.670873E+01	1.112124E-01	1.630515E-01
4.556757E+03	-1.670834E+01	1.111479E-01	1.630511E-01
4.556957E+03	-1.670834E+01	1.114570E-01	1.630508E-01
4.557157E+03	-1.670887E+01	1.117824E-01	1.630505E-01
4.557357E+03	-1.670923E+01	1.112795E-01	1.630501E-01
4.557557E+03	-1.670902E+01	1.111928E-01	1.630498E-01
4.557757E+03	-1.670859E+01	1.111511E-01	1.630495E-01
4.557957E+03	-1.670841E+01	1.110381E-01	1.630492E-01
4.558158E+03	-1.670855E+01	1.110816E-01	1.630488E-01
4.558358E+03	-1.670852E+01	1.106566E-01	1.630485E-01
4.558558E+03	-1.670848E+01	1.111309E-01	1.630482E-01
4.558758E+03	-1.670859E+01	1.111085E-01	1.630479E-01
4.558958E+03	-1.670898E+01	1.115288E-01	1.630475E-01
4.559158E+03	-1.670913E+01	1.113162E-01	1.630472E-01
4.559358E+03	-1.670895E+01	1.111924E-01	1.630469E-01
4.559558E+03	-1.670859E+01	1.113253E-01	1.630466E-01
4.559758E+03	-1.670845E+01	1.112533E-01	1.630462E-01
4.559958E+03	-1.670838E+01	1.110788E-01	1.630459E-01
4.560158E+03	-1.670820E+01	1.109765E-01	1.630456E-01
4.560358E+03	-1.670834E+01	1.110164E-01	1.630453E-01
4.560558E+03	-1.670813E+01	1.105891E-01	1.630449E-01
4.560758E+03	-1.670835E+01	1.106540E-01	1.630446E-01
4.560958E+03	-1.670838E+01	1.106133E-01	1.630443E-01
4.561158E+03	-1.670806E+01	1.104644E-01	1.630440E-01
4.561358E+03	-1.670788E+01	1.097982E-01	1.630436E-01
4.561558E+03	-1.670785E+01	1.096117E-01	1.630433E-01
4.561758E+03	-1.670831E+01	1.101298E-01	1.630430E-01
4.561958E+03	-1.670845E+01	1.105958E-01	1.630427E-01
4.562158E+03	-1.670874E+01	1.109492E-01	1.630423E-01
4.562358E+03	-1.670909E+01	1.108764E-01	1.630420E-01
4.562558E+03	-1.670920E+01	1.109749E-01	1.630417E-01
4.562758E+03	-1.670881E+01	1.111986E-01	1.630414E-01
4.562958E+03	-1.670860E+01	1.109342E-01	1.630410E-01
4.563158E+03	-1.670817E+01	1.106585E-01	1.630407E-01
4.563358E+03	-1.670785E+01	1.105345E-01	1.630404E-01
4.563559E+03	-1.670799E+01	1.103292E-01	1.630401E-01
4.563759E+03	-1.670817E+01	1.103708E-01	1.630397E-01
4.563959E+03	-1.670768E+01	1.105993E-01	1.630394E-01
4.564158E+03	-1.670732E+01	1.103778E-01	1.630391E-01
4.564359E+03	-1.670693E+01	1.109057E-01	1.630388E-01
4.564559E+03	-1.670651E+01	1.108185E-01	1.630384E-01
4.564758E+03	-1.670665E+01	1.110847E-01	1.630381E-01
4.564958E+03	-1.670669E+01	1.110760E-01	1.630378E-01
4.565158E+03	-1.670633E+01	1.106142E-01	1.630375E-01
4.565358E+03	-1.670591E+01	1.109797E-01	1.630371E-01
4.565558E+03	-1.670527E+01	1.112337E-01	1.630368E-01
4.565758E+03	-1.670499E+01	1.114012E-01	1.630365E-01
4.565958E+03	-1.670482E+01	1.112010E-01	1.630362E-01
4.566158E+03	-1.670464E+01	1.115504E-01	1.630358E-01
4.566358E+03	-1.670432E+01	1.114304E-01	1.630355E-01
4.566558E+03	-1.670397E+01	1.113400E-01	1.630352E-01
4.566758E+03	-1.670390E+01	1.115787E-01	1.630349E-01
4.566958E+03	-1.670383E+01	1.115220E-01	1.630345E-01
4.567158E+03	-1.670387E+01	1.114361E-01	1.630342E-01
4.567358E+03	-1.670380E+01	1.111895E-01	1.630339E-01
4.567558E+03	-1.670362E+01	1.101393E-01	1.630336E-01
4.567758E+03	-1.670334E+01	1.103139E-01	1.630332E-01
4.567958E+03	-1.670295E+01	1.100826E-01	1.630329E-01
4.568158E+03	-1.670306E+01	1.099232E-01	1.630326E-01
4.568358E+03	-1.670310E+01	1.098408E-01	1.630323E-01
4.568558E+03	-1.670267E+01	1.091242E-01	1.630319E-01
4.568759E+03	-1.670222E+01	1.087470E-01	1.630316E-01
4.568959E+03	-1.670204E+01	1.087032E-01	1.630313E-01
4.569159E+03	-1.670173E+01	1.086349E-01	1.630310E-01
4.569359E+03	-1.670156E+01	1.085841E-01	1.630306E-01
4.569559E+03	-1.670156E+01	1.082938E-01	1.630303E-01
4.569759E+03	-1.670121E+01	1.073294E-01	1.630300E-01
4.569959E+03	-1.670121E+01	1.067247E-01	1.630297E-01
4.570159E+03	-1.670121E+01	1.063613E-01	1.630293E-01
4.570359E+03	-1.670093E+01	1.060519E-01	1.630290E-01
4.570559E+03	-1.670023E+01	1.055014E-01	1.630287E-01
4.570759E+03	-1.669974E+01	1.054073E-01	1.630284E-01
4.570959E+03	-1.669953E+01	1.052905E-01	1.630280E-01
4.571159E+03	-1.669957E+01	1.050726E-01	1.630277E-01
4.571359E+03	-1.669974E+01	1.038503E-01	1.630274E-01
4.571559E+03	-1.670020E+01	1.033833E-01	1.630271E-01
4.571759E+03	-1.670055E+01	1.034106E-01	1.630267E-01
4.571959E+03	-1.670083E+01	1.033549E-01	1.630264E-01
4.572159E+03	-1.670083E+01	1.039171E-01	1.630261E-01
4.572359E+03	-1.670058E+01	1.038936E-01	1.630258E-01
4.572559E+03	-1.670037E+01	1.026888E-01	1.630255E-01
4.572759E+03	-1.670041E+01	1.024319E-01	1.630251E-01
4.572959E+03	-1.670048E+01	1.027938E-01	1.630248E-01
4.573159E+03	-1.670044E+01	1.023599E-01	1.630245E-01
4.573359E+03	-1.670027E+01	1.026536E-01	1.630242E-01
4.573559E+03	-1.670030E+01	1.026793E-01	1.630238E-01
4.573759E+03	-1.670027E+01	1.023014E-01	1.630235E-01
4.573959E+03	-1.670031E+01	1.022363E-01	1.630232E-01
4.574160E+03	-1.670048E+01	1.021448E-01	1.630229E-01
4.574360E+03	-1.670073E+01	1.019405E-01	1.630225E-01
4.574560E+03	-1.670093E+01	1.013750E-01	1.630222E-01
4.574760E+03	-1.670094E+01	1.017138E-01	1.630219E-01
4.574960E+03	-1.670122E+01	1.017967E-01	1.630216E-01
4.575160E+03	-1.670160E+01	1.019079E-01	1.630212E-01
4.575360E+03	-1.670209E+01	1.020650E-01	1.630209E-01
4.575560E+03	-1.670216E+01	1.020184E-01	1.630206E-01
4.575760E+03	-1.670195E+01	1.019725E-01	1.630203E-01
4.575960E+03	-1.670213E+01	1.020102E-01	1.630199E-01
4.576160E+03	-1.670223E+01	1.018107E-01	1.630196E-01
4.576359E+03	-1.670209E+01	1.014451E-01	1.630193E-01
4.576560E+03	-1.670202E+01	1.010051E-01	1.630190E-01
4.576760E+03	-1.670213E+01	1.003255E-01	1.630186E-01
4.576959E+03	-1.670213E+01	9.943593E-02	1.630183E-01
4.577159E+03	-1.670195E+01	9.867466E-02	1.630180E-01
4.577359E+03	-1.670188E+01	9.997141E-02	1.630177E-01
4.577559E+03	-1.670206E+01	9.898568E-02	1.630173E-01
4.577759E+03	-1.670227E+01	9.797202E-02	1.630170E-01
4.577959E+03	-1.670244E+01	9.688648E-02	1.630167E-01
4.578159E+03	-1.670252E+01	9.576982E-02	1.630164E-01
4.578359E+03	-1.670248E+01	9.453529E-02	1.630161E-01
4.578559E+03	-1.670220E+01	9.409248E-02	1.630157E-01
4.578759E+03	-1.670192E+01	9.374125E-02	1.630154E-01
4.578959E+03	-1.670161E+01	9.477171E-02	1.630151E-01
4.579159E+03	-1.670150E+01	9.492020E-02	1.630148E-01
4.579360E+03	-1.670140E+01	9.486578E-02	1.630144E-01
4.579560E+03	-1.670087E+01	9.464661E-02	1.630141E-01
4.579760E+03	-1.670038E+01	9.415990E-02	1.630138E-01
4.579960E+03	-1.669997E+01	9.400651E-02	1.630135E-01
4.580160E+03	-1.669965E+01	9.387948E-02	1.630131E-01
4.580360E+03	-1.669934E+01	9.350903E-02	1.630128E-01
4.580560E+03	-1.669913E+01	9.338758E-02	1.630125E-01
4.580760E+03	-1.669896E+01	9.337106E-02	1.630122E-01
4.580960E+03	-1.669861E+01	9.276830E-02	1.630118E-01
4.581160E+03	-1.669854E+01	9.273610E-02	1.630115E-01
4.581360E+03	-1.669858E+01	9.260110E-02	1.630112E-01
4.581560E+03	-1.669844E+01	9.253676E-02	1.630109E-01
4.581760E+03	-1.669865E+01	9.254988E-02	1.630105E-01
4.581960E+03	-1.669906E+01	9.247537E-02	1.630102E-01
4.582160E+03	-1.669896E+01	9.246011E-02	1.630099E-01
4.582360E+03	-1.669872E+01	9.231799E-02	1.630096E-01
4.582560E+03	-1.669868E+01	9.233493E-02	1.630092E-01
4.582760E+03	-1.669841E+01	9.211960E-02	1.630089E-01
4.582960E+03	-1.669834E+01	9.209445E-02	1.630086E-01
4.583160E+03	-1.669865E+01	9.205653E-02	1.630083E-01
4.583360E+03	-1.669907E+01	9.216585E-02	1.630080E-01
4.583560E+03	-1.669945E+01	9.227494E-02	1.630076E-01
4.583760E+03	-1.669990E+01	9.308896E-02	1.630073E-01
4.583960E+03	-1.670032E+01	9.312635E-02	1.630070E-01
4.584160E+03	-1.670032E+01	9.302870E-02	1.630067E-01
4.584360E+03	-1.670053E+01	9.296189E-02	1.630063E-01
4.584561E+03	-1.670074E+01	9.299629E-02	1.630060E-01
4.584761E+03	-1.670113E+01	9.317645E-02	1.630057E-01
4.584961E+03	-1.670155E+01	9.335392E-02	1.630054E-01
4.585161E+03	-1.670137E+01	9.396314E-02	1.630050E-01
4.585361E+03	-1.670095E+01	9.464087E-02	1.630047E-01
4.585561E+03	-1.670092E+01	9.460183E-02	1.630044E-01
4.585761E+03	-1.670130E+01	9.473452E-02	1.630041E-01
4.585961E+03	-1.670134E+01	9.520359E-02	1.630037E-01
4.586161E+03	-1.670130E+01	9.536024E-02	1.630034E-01
4.586361E+03	-1.670162E+01	9.481718E-02	1.630031E-01
4.586561E+03	-1.670204E+01	9.485989E-02	1.630028E-01
4.586761E+03	-1.670256E+01	9.491866E-02	1.630025E-01
4.586961E+03	-1.670292E+01	9.467605E-02	1.630021E-01
4.587161E+03	-1.670299E+01	9.471942E-02	1.630018E-01
4.587361E+03	-1.670250E+01	9.453179E-02	1.630015E-01
4.587561E+03	-1.670229E+01	9.411817E-02	1.630012E-01
4.587761E+03	-1.670208E+01	9.405863E-02	1.630008E-01
4.587961E+03	-1.670208E+01	9.415317E-02	1.630005E-01
4.588161E+03	-1.670229E+01	9.412517E-02	1.630002E-01
4.588361E+03	-1.670229E+01	9.363116E-02	1.629999E-01
4.588560E+03	-1.670197E+01	9.351423E-02	1.629995E-01
4.588761E+03	-1.670152E+01	9.296869E-02	1.629992E-01
4.588961E+03	-1.670148E+01	9.218138E-02	1.629989E-01
4.589160E+03	-1.670110E+01	9.202641E-02	1.629986E-01
4.589360E+03	-1.670092E+01	9.237362E-02	1.629983E-01
4.589560E+03	-1.670037E+01	9.133401E-02	1.629979E-01
4.589760E+03	-1.669970E+01	9.108342E-02	1.629976E-01
4.589961E+03	-1.669932E+01	9.121192E-02	1.629973E-01
4.590161E+03	-1.669929E+01	9.096803E-02	1.629970E-01
4.590361E+03	-1.669904E+01	9.054494E-02	1.629966E-01
4.590561E+03	-1.669852E+01	9.015849E-02	1.629963E-01
4.590761E+03	-1.669863E+01	8.909275E-02	1.629960E-01
4.590961E+03	-1.669915E+01	8.959628E-02	1.629957E-01
4.591161E+03	-1.669904E+01	8.990860E-02	1.629953E-01
4.591361E+03	-1.669898E+01	8.945262E-02	1.629950E-01
4.591561E+03	-1.669856E+01	8.875198E-02	1.629947E-01
4.591761E+03	-1.669807E+01	8.806288E-02	1.629944E-01
4.591961E+03	-1.669793E+01	8.827062E-02	1.629941E-01
4.592161E+03	-1.669797E+01	8.771224E-02	1.629937E-01
4.592361E+03	-1.669818E+01	8.649797E-02	1.629934E-01
4.592561E+03	-1.669828E+01	8.670617E-02	1.629931E-01
4.592761E+03	-1.669839E+01	8.516449E-02	1.629928E-01
4.592961E+03	-1.669828E+01	8.543567E-02	1.629924E-01
4.593161E+03	-1.669794E+01	8.567614E-02	1.629921E-01
4.593361E+03	-1.669780E+01	8.537138E-02	1.629918E-01
4.593561E+03	-1.669756E+01	8.425633E-02	1.629915E-01
4.593761E+03	-1.669756E+01	8.510193E-02	1.629911E-01
4.593961E+03	-1.669770E+01	8.433523E-02	1.629908E-01
4.594161E+03	-1.669714E+01	8.430040E-02	1.629905E-01
4.594361E+03	-1.669645E+01	8.420763E-02	1.629902E-01
4.594561E+03	-1.669638E+01	8.402486E-02	1.629899E-01
4.594761E+03	-1.669648E+01	8.397925E-02	1.629895E-01
4.594961E+03	-1.669624E+01	8.395667E-02	1.629892E-01
4.595162E+03	-1.669611E+01	8.399904E-02	1.629889E-01
4.595362E+03	-1.669611E+01	8.401631E-02	1.629886E-01
4.595562E+03	-1.669573E+01	8.416030E-02	1.629882E-01
4.595762E+03	-1.669493E+01	8.502294E-02	1.629879E-01
4.595962E+03	-1.669466E+01	8.564718E-02	1.629876E-01
4.596162E+03	-1.669469E+01	8.575724E-02	1.629873E-01
4.596362E+03	-1.669438E+01	8.533489E-02	1.629869E-01
4.596562E+03	-1.669383E+01	8.592093E-02	1.629866E-01
4.596762E+03	-1.669401E+01	8.538433E-02	1.629863E-01
4.596962E+03	-1.669438E+01	8.499087E-02	1.629860E-01
4.597162E+03	-1.669466E+01	8.475903E-02	1.629857E-01
4.597362E+03	-1.669487E+01	8.493714E-02	1.629853E-01
4.597562E+03	-1.669442E+01	8.465011E-02	1.629850E-01
4.597762E+03	-1.669384E+01	8.458437E-02	1.629847E-01
4.597962E+03	-1.669391E+01	8.438471E-02	1.629844E-01
4.598162E+03	-1.669415E+01	8.424235E-02	1.629840E-01
4.598362E+03	-1.669408E+01	8.412933E-02	1.629837E-01
4.598562E+03	-1.669370E+01	8.369893E-02	1.629834E-01
4.598762E+03	-1.669380E+01	8.417915E-02	1.629831E-01
4.598962E+03	-1.669401E+01	8.416757E-02	1.629828E-01
4.599162E+03	-1.669401E+01	8.441162E-02	1.629824E-01
4.599362E+03	-1.669401E+01	8.458347E-02	1.629821E-01
4.599562E+03	-1.669405E+01	8.452485E-02	1.629818E-01
4.599762E+03	-1.669418E+01	8.427653E-02	1.629815E-01
4.599962E+03	-1.669453E+01	8.419190E-02	1.629811E-01
4.600162E+03	-1.669470E+01	8.430788E-02	1.629808E-01
4.600362E+03	-1.669504E+01	8.432653E-02	1.629805E-01
4.600563E+03	-1.669508E+01	8.441935E-02	1.629802E-01
4.600762E+03	-1.669484E+01	8.456192E-02	1.629799E-01
4.600962E+03	-1.669484E+01	8.415208E-02	1.629795E-01
4.601163E+03	-1.669501E+01	8.396155E-02	1.629792E-01
4.601363E+03	-1.669494E+01	8.385523E-02	1.629789E-01
4.601562E+03	-1.669450E+01	8.376199E-02	1.629786E-01
4.601762E+03	-1.669381E+01	8.357448E-02	1.629782E-01
4.601962E+03	-1.669353E+01	8.343230E-02	1.629779E-01
4.602162E+03	-1.669388E+01	8.437116E-02	1.629776E-01
4.602362E+03	-1.669429E+01	8.447541E-02	1.629773E-01
4.602562E+03	-1.669426E+01	8.387374E-02	1.629769E-01
4.602762E+03	-1.669371E+01	8.364741E-02	1.629766E-01
4.602962E+03	-1.669323E+01	8.325977E-02	1.629763E-01
4.603162E+03	-1.669326E+01	8.334870E-02	1.629760E-01
4.603362E+03	-1.669316E+01	8.335296E-02	1.629757E-01
4.603562E+03	-1.669264E+01	8.320636E-02	1.629753E-01
4.603762E+03	-1.669203E+01	8.330736E-02	1.629750E-01
4.603962E+03	-1.669179E+01	8.325461E-02	1.629747E-01
4.604162E+03	-1.669141E+01	8.321332E-02	1.629744E-01
4.604362E+03	-1.669100E+01	8.359906E-02	1.629740E-01
4.604562E+03	-1.669060E+01	8.404207E-02	1.629737E-01
4.604762E+03	-1.669073E+01	8.430725E-02	1.629734E-01
4.604962E+03	-1.669121E+01	8.443761E-02	1.629731E-01
4.605162E+03	-1.669135E+01	8.456327E-02	1.629728E-01
4.605362E+03	-1.669111E+01	8.498448E-02	1.629724E-01
4.605562E+03	-1.669138E+01	8.506870E-02	1.629721E-01
4.605763E+03	-1.669179E+01	8.552181E-02	1.629718E-01
4.605963E+03	-1.669179E+01	8.517985E-02	1.629715E-01
4.606163E+03	-1.669125E+01	8.510342E-02	1.629711E-01
4.606363E+03	-1.669091E+01	8.479768E-02	1.629708E-01
4.606563E+03	-1.669108E+01	8.473881E-02	1.629705E-01
4.606763E+03	-1.669067E+01	8.428036E-02	1.629702E-01
4.606963E+03	-1.669019E+01	8.426270E-02	1.629699E-01
4.607163E+03	-1.668999E+01	8.418560E-02	1.629695E-01
4.607363E+03	-1.669019E+01	8.437515E-02	1.629692E-01
4.607563E+03	-1.669050E+01	8.484394E-02	1.629689E-01
4.607763E+03	-1.669081E+01	8.511547E-02	1.629686E-01
4.607963E+03	-1.669098E+01	8.474272E-02	1.629683E-01
4.608163E+03	-1.669091E+01	8.480110E-02	1.629679E-01
4.608363E+03	-1.669026E+01	8.451452E-02	1.629676E-01
4.608563E+03	-1.668968E+01	8.468775E-02	1.629673E-01
4.608763E+03	-1.668924E+01	8.434660E-02	1.629670E-01
4.608963E+03	-1.668856E+01	8.411295E-02	1.629666E-01
4.609163E+03	-1.668768E+01	8.378317E-02	1.629663E-01
4.609363E+03	-1.668700E+01	8.330433E-02	1.629660E-01
4.609563E+03	-1.668700E+01	8.286129E-02	1.629657E-01
4.609763E+03	-1.668711E+01	8.256942E-02	1.629654E-01
4.609963E+03	-1.668697E+01	8.246931E-02	1.629650E-01
4.610163E+03	-1.668670E+01	8.236384E-02	1.629647E-01
4.610363E+03	-1.668650E+01	8.228150E-02	1.629644E-01
4.610563E+03	-1.668643E+01	8.253888E-02	1.629641E-01
4.610763E+03	-1.668623E+01	8.249364E-02	1.629637E-01
4.610963E+03	-1.668592E+01	8.239886E-02	1.629634E-01
4.611164E+03	-1.668572E+01	8.235711E-02	1.629631E-01
4.611364E+03	-1.668576E+01	8.238036E-02	1.629628E-01
4.611564E+03	-1.668579E+01	8.357057E-02	1.629625E-01
4.611764E+03	-1.668582E+01	8.418419E-02	1.629621E-01
4.611964E+03	-1.668566E+01	8.387166E-02	1.629618E-01
4.612164E+03	-1.668562E+01	8.387190E-02	1.629615E-01
4.612364E+03	-1.668522E+01	8.375006E-02	1.629612E-01
4.612564E+03	-1.668512E+01	8.373395E-02	1.629609E-01
4.612764E+03	-1.668519E+01	8.380755E-02	1.629605E-01
4.612963E+03	-1.668502E+01	8.383567E-02	1.629602E-01
4.613163E+03	-1.668498E+01	8.383590E-02	1.629599E-01
4.613364E+03	-1.668502E+01	8.391983E-02	1.629596E-01
4.613564E+03	-1.668488E+01	8.388035E-02	1.629592E-01
4.613764E+03	-1.668522E+01	8.422833E-02	1.629589E-01
4.613963E+03	-1.668529E+01	8.454459E-02	1.629586E-01
4.614163E+03	-1.668482E+01	8.466826E-02	1.629583E-01
4.614363E+03	-1.668482E+01	8.463798E-02	1.629580E-01
4.614563E+03	-1.668509E+01	8.426618E-02	1.629576E-01
4.614763E+03	-1.668462E+01	8.424548E-02	1.629573E-01
4.614963E+03	-1.668425E+01	8.489967E-02	1.629570E-01
4.615163E+03	-1.668405E+01	8.502486E-02	1.629567E-01
4.615363E+03	-1.668398E+01	8.511584E-02	1.629564E-01
4.615563E+03	-1.668348E+01	8.495676E-02	1.629560E-01
4.615763E+03	-1.668334E+01	8.484334E-02	1.629557E-01
4.615963E+03	-1.668354E+01	8.486930E-02	1.629554E-01
4.616163E+03	-1.668365E+01	8.420772E-02	1.629551E-01
4.616364E+03	-1.668378E+01	8.444861E-02	1.629547E-01
4.616564E+03	-1.668385E+01	8.452210E-02	1.629544E-01
4.616764E+03	-1.668388E+01	8.465621E-02	1.629541E-01
4.616964E+03	-1.668378E+01	8.477760E-02	1.629538E-01
4.617164E+03	-1.668365E+01	8.539574E-02	1.629535E-01
4.617364E+03	-1.668351E+01	8.506405E-02	1.629531E-01
4.617564E+03	-1.668335E+01	8.501774E-02	1.629528E-01
4.617764E+03	-1.668298E+01	8.496235E-02	1.629525E-01
4.617964E+03	-1.668274E+01	8.496337E-02	1.629522E-01
4.618164E+03	-1.668241E+01	8.489791E-02	1.629519E-01
4.618364E+03	-1.668214E+01	8.486902E-02	1.629515E-01
4.618564E+03	-1.668191E+01	8.504392E-02	1.629512E-01
4.618764E+03	-1.668194E+01	8.493345E-02	1.629509E-01
4.618964E+03	-1.668177E+01	8.488073E-02	1.629506E-01
4.619164E+03	-1.668107E+01	8.474048E-02	1.629502E-01
4.619364E+03	-1.668051E+01	8.455668E-02	1.629499E-01
4.619564E+03	-1.668054E+01	8.458316E-02	1.629496E-01
4.619764E+03	-1.668077E+01	8.453526E-02	1.629493E-01
4.619964E+03	-1.668061E+01	8.425955E-02	1.629490E-01
4.620164E+03	-1.668051E+01	8.434010E-02	1.629486E-01
4.620364E+03	-1.668034E+01	8.555671E-02	1.629483E-01
4.620564E+03	-1.668031E+01	8.541029E-02	1.629480E-01
4.620764E+03	-1.668024E+01	8.561361E-02	1.629477E-01
4.620964E+03	-1.668018E+01	8.562378E-02	1.629474E-01
4.621164E+03	-1.668018E+01	8.530751E-02	1.629470E-01
4.621364E+03	-1.668004E+01	8.401994E-02	1.629467E-01
4.621565E+03	-1.667931E+01	8.351303E-02	1.629464E-01
4.621765E+03	-1.667878E+01	8.351383E-02	1.629461E-01
4.621965E+03	-1.667842E+01	8.344039E-02	1.629458E-01
4.622165E+03	-1.667809E+01	8.346950E-02	1.629454E-01
4.622365E+03	-1.667799E+01	8.342059E-02	1.629451E-01
4.622565E+03	-1.667812E+01	8.369125E-02	1.629448E-01
4.622765E+03	-1.667799E+01	8.366241E-02	1.629445E-01
4.622965E+03	-1.667795E+01	8.290745E-02	1.629441E-01
4.623165E+03	-1.667789E+01	8.252059E-02	1.629438E-01
4.623365E+03	-1.667749E+01	8.292162E-02	1.629435E-01
4.623565E+03	-1.667749E+01	8.319293E-02	1.629432E-01
4.623765E+03	-1.667733E+01	8.326709E-02	1.629429E-01
4.623965E+03	-1.667693E+01	8.378917E-02	1.629425E-01
4.624165E+03	-1.667690E+01	8.423545E-02	1.629422E-01
4.624365E+03	-1.667700E+01	8.414893E-02	1.629419E-01
4.624565E+03	-1.667687E+01	8.389535E-02	1.629416E-01
4.624765E+03	-1.667660E+01	8.374852E-02	1.629413E-01
4.624965E+03	-1.667634E+01	8.369762E-02	1.629409E-01
4.625164E+03	-1.667627E+01	8.383006E-02	1.629406E-01
4.625364E+03	-1.667627E+01	8.391914E-02	1.629403E-01
4.625565E+03	-1.667611E+01	8.388727E-02	1.629400E-01
4.625765E+03	-1.667601E+01	8.390117E-02	1.629397E-01
4.625965E+03	-1.667548E+01	8.390476E-02	1.629393E-01
4.626164E+03	-1.667525E+01	8.398203E-02	1.629390E-01
4.626364E+03	-1.667525E+01	8.401165E-02	1.629387E-01
4.626564E+03	-1.667489E+01	8.392852E-02	1.629384E-01
4.626764E+03	-1.667473E+01	8.390661E-02	1.629381E-01
4.626965E+03	-1.667450E+01	8.382932E-02	1.629377E-01
4.627165E+03	-1.667460E+01	8.393708E-02	1.629374E-01
4.627365E+03	-1.667489E+01	8.398113E-02	1.629371E-01
4.627565E+03	-1.667470E+01	8.383781E-02	1.629368E-01
4.627765E+03	-1.667466E+01	8.314117E-02	1.629365E-01
4.627965E+03	-1.667479E+01	8.343927E-02	1.629361E-01
4.628165E+03	-1.667509E+01	8.358499E-02	1.629358E-01
4.628365E+03	-1.667499E+01	8.379299E-02	1.629355E-01
4.628565E+03	-1.667466E+01	8.463025E-02	1.629352E-01
4.628765E+03	-1.667483E+01	8.514566E-02	1.629348E-01
4.628965E+03	-1.667516E+01	8.504894E-02	1.629345E-01
4.629165E+03	-1.667526E+01	8.472263E-02	1.629342E-01
4.629365E+03	-1.667536E+01	8.398137E-02	1.629339E-01
4.629565E+03	-1.667555E+01	8.399653E-02	1.629336E-01
4.629765E+03	-1.667552E+01	8.421743E-02	1.629332E-01
4.629965E+03	-1.667523E+01	8.379465E-02	1.629329E-01
4.630165E+03	-1.667519E+01	8.474931E-02	1.629326E-01
4.630365E+03	-1.667519E+01	8.601636E-02	1.629323E-01
4.630565E+03	-1.667506E+01	8.622061E-02	1.629320E-01
4.630765E+03	-1.667513E+01	8.612181E-02	1.629316E-01
4.630965E+03	-1.667506E+01	8.629957E-02	1.629313E-01
4.631165E+03	-1.667493E+01	8.634910E-02	1.629310E-01
4.631365E+03	-1.667480E+01	8.669451E-02	1.629307E-01
4.631565E+03	-1.667464E+01	8.677016E-02	1.629304E-01
4.631765E+03	-1.667444E+01	8.666179E-02	1.629300E-01
4.631965E+03	-1.667431E+01	8.680307E-02	1.629297E-01
4.632166E+03	-1.667411E+01	8.685564E-02	1.629294E-01
4.632366E+03	-1.667378E+01	8.681956E-02	1.629291E-01
4.632566E+03	-1.667365E+01	8.714096E-02	1.629288E-01
4.632766E+03	-1.667346E+01	8.742924E-02	1.629284E-01
4.632966E+03	-1.667300E+01	8.732386E-02	1.629281E-01
4.633166E+03	-1.667277E+01	8.720253E-02	1.629278E-01
4.633366E+03	-1.667297E+01	8.701932E-02	1.629274E-01
4.633566E+03	-1.667336E+01	8.696045E-02	1.629271E-01
4.633766E+03	-1.667306E+01	8.690471E-02	1.629268E-01
4.633966E+03	-1.667267E+01	8.665929E-02	1.629264E-01
4.634166E+03	-1.667307E+01	8.665911E-02	1.629261E-01
4.634366E+03	-1.667336E+01	8.672124E-02	1.629258E-01
4.634566E+03	-1.667297E+01	8.653799E-02	1.629254E-01
4.634766E+03	-1.667264E+01	8.641392E-02	1.629251E-01
4.634966E+03	-1.667244E+01	8.614925E-02	1.629248E-01
4.635166E+03	-1.667251E+01	8.531181E-02	1.629245E-01
4.635366E+03	-1.667264E+01	8.519027E-02	1.629241E-01
4.635566E+03	-1.667241E+01	8.514537E-02	1.629238E-01
4.635766E+03	-1.667192E+01	8.499053E-02	1.629235E-01
4.635966E+03	-1.667147E+01	8.462706E-02	1.629231E-01
4.636166E+03	-1.667134E+01	8.463102E-02	1.629228E-01
4.636366E+03	-1.667117E+01	8.430904E-02	1.629225E-01
4.636566E+03	-1.667085E+01	8.420670E-02	1.629221E-01
4.636766E+03	-1.667059E+01	8.506468E-02	1.629218E-01
4.636966E+03	-1.667039E+01	8.474326E-02	1.629215E-01
4.637166E+03	-1.667078E+01	8.483911E-02	1.629212E-01
4.637365E+03	-1.667134E+01	8.555412E-02	1.629208E-01
4.637566E+03	-1.667140E+01	8.531253E-02	1.629205E-01
4.637766E+03	-1.667079E+01	8.472832E-02	1.629202E-01
4.637967E+03	-1.667030E+01	8.435319E-02	1.629198E-01
4.638167E+03	-1.667004E+01	8.460511E-02	1.629195E-01
4.638367E+03	-1.667007E+01	8.453990E-02	1.629192E-01
4.638566E+03	-1.667049E+01	8.461583E-02	1.629188E-01
4.638766E+03	-1.667066E+01	8.478107E-02	1.629185E-01
4.638966E+03	-1.667075E+01	8.485229E-02	1.629182E-01
4.639166E+03	-1.667059E+01	8.503538E-02	1.629179E-01
4.639366E+03	-1.667043E+01	8.525416E-02	1.629175E-01
4.639566E+03	-1.667014E+01	8.500145E-02	1.629172E-01
4.639766E+03	-1.666978E+01	8.401820E-02	1.629169E-01
4.639966E+03	-1.666981E+01	8.300381E-02	1.629165E-01
4.640166E+03	-1.667007E+01	8.300150E-02	1.629162E-01
4.640366E+03	-1.667014E+01	8.300743E-02	1.629159E-01
4.640566E+03	-1.667053E+01	8.233658E-02	1.629155E-01
4.640766E+03	-1.667059E+01	8.255409E-02	1.629152E-01
4.640966E+03	-1.667089E+01	8.300736E-02	1.629149E-01
4.641166E+03	-1.667092E+01	8.322213E-02	1.629146E-01
4.641366E+03	-1.667073E+01	8.324659E-02	1.629142E-01
4.641566E+03	-1.667040E+01	8.293032E-02	1.629139E-01
4.641766E+03	-1.666998E+01	8.301212E-02	1.629136E-01
4.641966E+03	-1.666991E+01	8.304849E-02	1.629132E-01
4.642166E+03	-1.666982E+01	8.302659E-02	1.629129E-01
4.642366E+03	-1.666959E+01	8.296685E-02	1.629126E-01
4.642566E+03	-1.666913E+01	8.291903E-02	1.629122E-01
4.642767E+03	-1.666832E+01	8.209713E-02	1.629119E-01
4.642967E+03	-1.666742E+01	8.201655E-02	1.629116E-01
4.643167E+03	-1.666684E+01	8.171306E-02	1.629113E-01
4.643367E+03	-1.666674E+01	8.184333E-02	1.629109E-01
4.643567E+03	-1.666693E+01	8.190566E-02	1.629106E-01
4.643767E+03	-1.666703E+01	8.196914E-02	1.629103E-01
4.643967E+03	-1.666736E+01	8.227907E-02	1.629099E-01
4.644167E+03	-1.666768E+01	8.226270E-02	1.629096E-01
4.644367E+03	-1.666807E+01	8.242047E-02	1.629093E-01
4.644567E+03	-1.666820E+01	8.234464E-02	1.629089E-01
4.644767E+03	-1.666842E+01	8.217058E-02	1.629086E-01
4.644967E+03	-1.666843E+01	8.205392E-02	1.629083E-01
4.645167E+03	-1.666813E+01	8.199563E-02	1.629080E-01
4.645367E+03	-1.666781E+01	8.209957E-02	1.629076E-01
4.645567E+03	-1.666758E+01	8.219905E-02	1.629073E-01
4.645767E+03	-1.666746E+01	8.244291E-02	1.629070E-01
4.645967E+03	-1.666749E+01	8.248137E-02	1.629066E-01
4.646167E+03	-1.666739E+01	8.184881E-02	1.629063E-01
4.646367E+03	-1.666691E+01	8.169292E-02	1.629060E-01
4.646567E+03	-1.666626E+01	8.161033E-02	1.629057E-01
4.646767E+03	-1.666629E+01	8.149066E-02	1.629053E-01
4.646967E+03	-1.666684E+01	8.147739E-02	1.629050E-01
4.647167E+03	-1.666681E+01	8.153592E-02	1.629047E-01
4.647367E+03	-1.666642E+01	8.148262E-02	1.629043E-01
4.647567E+03	-1.666633E+01	8.132903E-02	1.629040E-01
4.647767E+03	-1.666620E+01	8.115984E-02	1.629037E-01
4.647968E+03	-1.666591E+01	8.112499E-02	1.629033E-01
4.648168E+03	-1.666607E+01	8.139356E-02	1.629030E-01
4.648368E+03	-1.666643E+01	8.105365E-02	1.629027E-01
4.648568E+03	-1.666643E+01	8.057958E-02	1.629024E-01
4.648768E+03	-1.666630E+01	8.033317E-02	1.629020E-01
4.648968E+03	-1.666627E+01	8.028853E-02	1.629017E-01
4.649168E+03	-1.666636E+01	8.027739E-02	1.629014E-01
4.649368E+03	-1.666646E+01	7.985664E-02	1.629010E-01
4.649568E+03	-1.666646E+01	8.025980E-02	1.629007E-01
4.649767E+03	-1.666643E+01	7.953787E-02	1.629004E-01
4.649967E+03	-1.666630E+01	7.934336E-02	1.629001E-01
4.650167E+03	-1.666617E+01	7.897170E-02	1.628997E-01
4.650368E+03	-1.666601E+01	7.873941E-02	1.628994E-01
4.650568E+03	-1.666588E+01	7.879660E-02	1.628991E-01
4.650767E+03	-1.666591E+01	7.921799E-02	1.628987E-01
4.650967E+03	-1.666611E+01	7.961420E-02	1.628984E-01
4.651167E+03	-1.666624E+01	8.005045E-02	1.628981E-01
4.651367E+03	-1.666614E+01	7.979416E-02	1.628977E-01
4.651567E+03	-1.666611E+01	7.952074E-02	1.628974E-01
4.651767E+03	-1.666601E+01	7.919696E-02	1.628971E-01
4.651967E+03	-1.666601E+01	7.918085E-02	1.628968E-01
4.652167E+03	-1.666588E+01	7.937640E-02	1.628964E-01
4.652367E+03	-1.666550E+01	7.856884E-02	1.628961E-01
4.652567E+03	-1.666527E+01	7.835121E-02	1.628958E-01
4.652767E+03	-1.666540E+01	7.848060E-02	1.628954E-01
4.652967E+03	-1.666563E+01	7.935830E-02	1.628951E-01
4.653167E+03	-1.666576E+01	7.960722E-02	1.628948E-01
4.653368E+03	-1.666592E+01	7.955300E-02	1.628945E-01
4.653568E+03	-1.666621E+01	7.964159E-02	1.628941E-01
4.653768E+03	-1.666640E+01	7.964160E-02	1.628938E-01
4.653968E+03	-1.666631E+01	7.963031E-02	1.628935E-01
4.654168E+03	-1.666615E+01	7.913667E-02	1.628931E-01
4.654368E+03	-1.666576E+01	7.898252E-02	1.628928E-01
4.654568E+03	-1.666541E+01	7.872513E-02	1.628925E-01
4.654768E+03	-1.666528E+01	7.847343E-02	1.628922E-01
4.654968E+03	-1.666499E+01	7.841795E-02	1.628918E-01
4.655168E+03	-1.666512E+01	7.849904E-02	1.628915E-01
4.655368E+03	-1.666509E+01	7.858649E-02	1.628912E-01
4.655568E+03	-1.666476E+01	7.782475E-02	1.628908E-01
4.655768E+03	-1.666467E+01	7.723256E-02	1.628905E-01
4.655968E+03	-1.666480E+01	7.727790E-02	1.628902E-01
4.656168E+03	-1.666505E+01	7.732688E-02	1.628898E-01
4.656368E+03	-1.666531E+01	7.750135E-02	1.628895E-01
4.656568E+03	-1.666547E+01	7.770384E-02	1.628892E-01
4.656768E+03	-1.666557E+01	7.893453E-02	1.628889E-01
4.656968E+03	-1.666576E+01	7.907593E-02	1.628885E-01
4.657168E+03	-1.666599E+01	7.935860E-02	1.628882E-01
4.657368E+03	-1.666596E+01	7.915622E-02	1.628879E-01
4.657568E+03	-1.666567E+01	7.913882E-02	1.628875E-01
4.657768E+03	-1.666519E+01	7.923743E-02	1.628872E-01
4.657968E+03	-1.666483E+01	7.905086E-02	1.628869E-01
4.658168E+03	-1.666506E+01	7.880248E-02	1.628866E-01
4.658368E+03	-1.666564E+01	7.896555E-02	1.628862E-01
4.658569E+03	-1.666538E+01	7.889302E-02	1.628859E-01
4.658769E+03	-1.666480E+01	7.867231E-02	1.628856E-01
4.658969E+03	-1.666496E+01	7.787216E-02	1.628852E-01
4.659169E+03	-1.666522E+01	7.772213E-02	1.628849E-01
4.659369E+03	-1.666484E+01	7.754386E-02	1.628846E-01
4.659569E+03	-1.666448E+01	7.760604E-02	1.628843E-01
4.659769E+03	-1.666468E+01	7.772398E-02	1.628839E-01
4.659969E+03	-1.666522E+01	7.783790E-02	1.628836E-01
4.660169E+03	-1.666554E+01	7.766706E-02	1.628833E-01
4.660369E+03	-1.666548E+01	7.815756E-02	1.628829E-01
4.660569E+03	-1.666532E+01	7.834737E-02	1.628826E-01
4.660769E+03	-1.666538E+01	7.823670E-02	1.628823E-01
4.660969E+03	-1.666571E+01	7.766687E-02	1.628820E-01
4.661169E+03	-1.666561E+01	7.694467E-02	1.628816E-01
4.661369E+03	-1.666522E+01	7.709822E-02	1.628813E-01
4.661569E+03	-1.666510E+01	7.727149E-02	1.628810E-01
4.661769E+03	-1.666532E+01	7.754960E-02	1.628806E-01
4.661968E+03	-1.666571E+01	7.813373E-02	1.628803E-01
4.662168E+03	-1.666548E+01	7.819296E-02	1.628800E-01
4.662368E+03	-1.666568E+01	7.835649E-02	1.628797E-01
4.662569E+03	-1.666574E+01	7.798817E-02	1.628793E-01
4.662769E+03	-1.666526E+01	7.763781E-02	1.628790E-01
4.662968E+03	-1.666523E+01	7.768997E-02	1.628787E-01
4.663168E+03	-1.666526E+01	7.767964E-02	1.628783E-01
4.663368E+03	-1.666539E+01	7.806299E-02	1.628780E-01
4.663568E+03	-1.666561E+01	7.867321E-02	1.628777E-01
4.663769E+03	-1.666513E+01	7.848940E-02	1.628774E-01
4.663969E+03	-1.666452E+01	7.888326E-02	1.628770E-01
4.664169E+03	-1.666423E+01	7.869603E-02	1.628767E-01
4.664369E+03	-1.666420E+01	7.771806E-02	1.628764E-01
4.664569E+03	-1.666411E+01	7.783879E-02	1.628760E-01
4.664769E+03	-1.666359E+01	7.747773E-02	1.628757E-01
4.664969E+03	-1.666340E+01	7.743385E-02	1.628754E-01
4.665169E+03	-1.666356E+01	7.776356E-02	1.628751E-01
4.665369E+03	-1.666343E+01	7.776944E-02	1.628747E-01
4.665569E+03	-1.666340E+01	7.771888E-02	1.628744E-01
4.665769E+03	-1.666327E+01	7.769596E-02	1.628741E-01
4.665969E+03	-1.666308E+01	7.766481E-02	1.628738E-01
4.666169E+03	-1.666283E+01	7.751670E-02	1.628734E-01
4.666369E+03	-1.666254E+01	7.780418E-02	1.628731E-01
4.666569E+03	-1.666251E+01	7.802535E-02	1.628728E-01
4.666769E+03	-1.666254E+01	7.803428E-02	1.628724E-01
4.666969E+03	-1.666276E+01	7.784748E-02	1.628721E-01
4.667169E+03	-1.666286E+01	7.840520E-02	1.628718E-01
4.667369E+03	-1.666289E+01	7.855814E-02	1.628715E-01
4.667569E+03	-1.666264E+01	7.813143E-02	1.628711E-01
4.667769E+03	-1.666241E+01	7.903698E-02	1.628708E-01
4.667969E+03	-1.666257E+01	7.934415E-02	1.628705E-01
4.668169E+03	-1.666245E+01	7.888304E-02	1.628701E-01
4.668369E+03	-1.666213E+01	7.934553E-02	1.628698E-01
4.668569E+03	-1.666238E+01	7.952960E-02	1.628695E-01
4.668769E+03	-1.666261E+01	7.958016E-02	1.628692E-01
4.668969E+03	-1.666264E+01	7.976186E-02	1.628688E-01
4.669170E+03	-1.666251E+01	8.051817E-02	1.628685E-01
4.669370E+03	-1.666235E+01	8.004450E-02	1.628682E-01
4.669570E+03	-1.666251E+01	8.001001E-02	1.628678E-01
4.669770E+03	-1.666254E+01	8.005428E-02	1.628675E-01
4.669970E+03	-1.666245E+01	7.983848E-02	1.628672E-01
4.670170E+03	-1.666261E+01	7.981672E-02	1.628669E-01
4.670370E+03	-1.666287E+01	7.992451E-02	1.628665E-01
4.670570E+03	-1.666303E+01	7.996354E-02	1.628662E-01
4.670770E+03	-1.666309E+01	8.029854E-02	1.628659E-01
4.670970E+03	-1.666293E+01	8.053449E-02	1.628656E-01
4.671170E+03	-1.666290E+01	8.140823E-02	1.628652E-01
4.671370E+03	-1.666280E+01	8.129108E-02	1.628649E-01
4.671570E+03	-1.666264E+01	8.129633E-02	1.628646E-01
4.671770E+03	-1.666232E+01	8.118543E-02	1.628642E-01
4.671970E+03	-1.666194E+01	8.106597E-02	1.628639E-01
4.672170E+03	-1.666159E+01	8.092077E-02	1.628636E-01
4.672370E+03	-1.666105E+01	8.061603E-02	1.628633E-01
4.672570E+03	-1.666070E+01	7.951667E-02	1.628629E-01
4.672770E+03	-1.666054E+01	7.902941E-02	1.628626E-01
4.672970E+03	-1.666057E+01	7.912748E-02	1.628623E-01
4.673170E+03	-1.666067E+01	7.882028E-02	1.628619E-01
4.673370E+03	-1.666045E+01	7.868125E-02	1.628616E-01
4.673570E+03	-1.666041E+01	7.884725E-02	1.628613E-01
4.673770E+03	-1.666054E+01	7.899759E-02	1.628610E-01
4.673970E+03	-1.666029E+01	7.928518E-02	1.628606E-01
4.674169E+03	-1.666019E+01	7.819651E-02	1.628603E-01
4.674370E+03	-1.666032E+01	7.687119E-02	1.628600E-01
4.674570E+03	-1.666019E+01	7.687411E-02	1.628597E-01
4.674770E+03	-1.665981E+01	7.747998E-02	1.628593E-01
4.674971E+03	-1.665956E+01	7.759658E-02	1.628590E-01
4.675171E+03	-1.665962E+01	7.829364E-02	1.628587E-01
4.675370E+03	-1.665985E+01	7.925168E-02	1.628583E-01
4.675570E+03	-1.666023E+01	7.923225E-02	1.628580E-01
4.675770E+03	-1.666058E+01	7.943928E-02	1.628577E-01
4.675970E+03	-1.666074E+01	7.924882E-02	1.628574E-01
4.676170E+03	-1.666122E+01	7.925638E-02	1.628570E-01
4.676370E+03	-1.666150E+01	7.933425E-02	1.628567E-01
4.676570E+03	-1.666160E+01	7.900730E-02	1.628564E-01
4.676770E+03	-1.666166E+01	7.879881E-02	1.628561E-01
4.676970E+03	-1.666144E+01	7.876789E-02	1.628557E-01
4.677170E+03	-1.666125E+01	7.899133E-02	1.628554E-01
4.677370E+03	-1.666096E+01	7.886279E-02	1.628551E-01
4.677570E+03	-1.666061E+01	7.885645E-02	1.628547E-01
4.677770E+03	-1.666045E+01	7.908840E-02	1.628544E-01
4.677970E+03	-1.666023E+01	7.943254E-02	1.628541E-01
4.678170E+03	-1.666007E+01	7.909205E-02	1.628538E-01
4.678370E+03	-1.666023E+01	7.912735E-02	1.628534E-01
4.678570E+03	-1.666023E+01	7.928629E-02	1.628531E-01
4.678770E+03	-1.666030E+01	7.906581E-02	1.628528E-01
4.678970E+03	-1.666039E+01	8.026621E-02	1.628525E-01
4.679170E+03	-1.666055E+01	8.039743E-02	1.628521E-01
4.679370E+03	-1.666055E+01	8.039425E-02	1.628518E-01
4.679570E+03	-1.666065E+01	8.052965E-02	1.628515E-01
4.679771E+03	-1.666078E+01	8.059787E-02	1.628511E-01
4.679971E+03	-1.666087E+01	8.110272E-02	1.628508E-01
4.680171E+03	-1.666087E+01	8.144974E-02	1.628505E-01
4.680371E+03	-1.666081E+01	8.156194E-02	1.628502E-01
4.680571E+03	-1.666129E+01	8.137445E-02	1.628498E-01
4.680771E+03	-1.666154E+01	8.061234E-02	1.628495E-01
4.680971E+03	-1.666148E+01	8.082688E-02	1.628492E-01
4.681171E+03	-1.666126E+01	8.052407E-02	1.628488E-01
4.681371E+03	-1.666097E+01	7.991683E-02	1.628485E-01
4.681571E+03	-1.666068E+01	7.997227E-02	1.628482E-01
4.681771E+03	-1.666084E+01	8.033908E-02	1.628479E-01
4.681971E+03	-1.666062E+01	8.027556E-02	1.628475E-01
4.682171E+03	-1.666005E+01	8.009676E-02	1.628472E-01
4.682371E+03	-1.665998E+01	8.013905E-02	1.628469E-01
4.682571E+03	-1.665998E+01	8.001515E-02	1.628466E-01
4.682771E+03	-1.665992E+01	7.980965E-02	1.628462E-01
4.682971E+03	-1.665986E+01	7.971540E-02	1.628459E-01
4.683171E+03	-1.665951E+01	7.958468E-02	1.628456E-01
4.683371E+03	-1.665919E+01	7.935530E-02	1.628453E-01
4.683571E+03	-1.665919E+01	7.936165E-02	1.628449E-01
4.683771E+03	-1.665938E+01	7.946943E-02	1.628446E-01
4.683971E+03	-1.665967E+01	8.024875E-02	1.628443E-01
4.684171E+03	-1.665942E+01	8.018916E-02	1.628439E-01
4.684371E+03	-1.665932E+01	8.065060E-02	1.628436E-01
4.684571E+03	-1.665964E+01	8.081116E-02	1.628433E-01
4.684771E+03	-1.666008E+01	8.058885E-02	1.628430E-01
4.684972E+03	-1.666002E+01	8.022755E-02	1.628426E-01
4.685172E+03	-1.665961E+01	8.017354E-02	1.628423E-01
4.685372E+03	-1.665926E+01	8.078791E-02	1.628420E-01
4.685572E+03	-1.665923E+01	8.099132E-02	1.628417E-01
4.685772E+03	-1.665961E+01	8.093539E-02	1.628413E-01
4.685972E+03	-1.665993E+01	8.150288E-02	1.628410E-01
4.686172E+03	-1.666015E+01	8.149696E-02	1.628407E-01
4.686372E+03	-1.666028E+01	8.152400E-02	1.628403E-01
4.686572E+03	-1.666031E+01	8.148225E-02	1.628400E-01
4.686771E+03	-1.666028E+01	8.161301E-02	1.628397E-01
4.686971E+03	-1.666047E+01	8.188425E-02	1.628394E-01
4.687172E+03	-1.666047E+01	8.188107E-02	1.628390E-01
4.687372E+03	-1.666015E+01	8.150967E-02	1.628387E-01
4.687571E+03	-1.666002E+01	8.145720E-02	1.628384E-01
4.687771E+03	-1.665999E+01	8.156564E-02	1.628381E-01
4.687971E+03	-1.665980E+01	8.153303E-02	1.628377E-01
4.688171E+03	-1.665980E+01	8.189824E-02	1.628374E-01
4.688371E+03	-1.665980E+01	8.185061E-02	1.628371E-01
4.688571E+03	-1.665990E+01	8.197656E-02	1.628368E-01
4.688771E+03	-1.665996E+01	8.200126E-02	1.628364E-01
4.688971E+03	-1.666066E+01	8.216843E-02	1.628361E-01
4.689171E+03	-1.666130E+01	8.230499E-02	1.628358E-01
4.689371E+03	-1.666152E+01	8.214325E-02	1.628355E-01
4.689571E+03	-1.666178E+01	8.213729E-02	1.628351E-01
4.689771E+03	-1.666191E+01	8.183592E-02	1.628348E-01
4.689971E+03	-1.666175E+01	8.160807E-02	1.628345E-01
4.690172E+03	-1.666168E+01	8.141427E-02	1.628341E-01
4.690372E+03	-1.666178E+01	8.146411E-02	1.628338E-01
4.690572E+03	-1.666168E+01	8.140470E-02	1.628335E-01
4.690772E+03	-1.666165E+01	8.141148E-02	1.628332E-01
4.690972E+03	-1.666175E+01	8.150600E-02	1.628328E-01
4.691172E+03	-1.666191E+01	8.138594E-02	1.628325E-01
4.691372E+03	-1.666245E+01	8.152287E-02	1.628322E-01
4.691572E+03	-1.666271E+01	8.151973E-02	1.628319E-01
4.691772E+03	-1.666268E+01	8.145299E-02	1.628315E-01
4.691972E+03	-1.666274E+01	8.147138E-02	1.628312E-01
4.692172E+03	-1.666281E+01	8.152814E-02	1.628309E-01
4.692372E+03	-1.666281E+01	8.169444E-02	1.628306E-01
4.692572E+03	-1.666284E+01	8.148937E-02	1.628302E-01
4.692772E+03	-1.666287E+01	8.152416E-02	1.628299E-01
4.692972E+03	-1.666309E+01	8.156940E-02	1.628296E-01
4.693172E+03	-1.666332E+01	8.148024E-02	1.628292E-01
4.693372E+03	-1.666351E+01	8.156433E-02	1.628289E-01
4.693572E+03	-1.666329E+01	8.112526E-02	1.628286E-01
4.693772E+03	-1.666300E+01	8.131782E-02	1.628283E-01
4.693972E+03	-1.666297E+01	8.130224E-02	1.628279E-01
4.694172E+03	-1.666268E+01	8.179825E-02	1.628276E-01
4.694372E+03	-1.666262E+01	8.224648E-02	1.628273E-01
4.694572E+03	-1.666287E+01	8.264034E-02	1.628270E-01
4.694772E+03	-1.666297E+01	8.274180E-02	1.628266E-01
4.694972E+03	-1.666287E+01	8.275550E-02	1.628263E-01
4.695172E+03	-1.666259E+01	8.265595E-02	1.628260E-01
4.695372E+03	-1.666252E+01	8.265657E-02	1.628257E-01
4.695573E+03	-1.666278E+01	8.251338E-02	1.628253E-01
4.695773E+03	-1.666268E+01	8.250156E-02	1.628250E-01
4.695973E+03	-1.666233E+01	8.239329E-02	1.628247E-01
4.696173E+03	-1.666214E+01	8.222286E-02	1.628244E-01
4.696373E+03	-1.666211E+01	8.223916E-02	1.628240E-01
4.696573E+03	-1.666185E+01	8.208233E-02	1.628237E-01
4.696773E+03	-1.666182E+01	8.180191E-02	1.628234E-01
4.696973E+03	-1.666176E+01	8.094773E-02	1.628231E-01
4.697173E+03	-1.666166E+01	8.078955E-02	1.628227E-01
4.697373E+03	-1.666166E+01	8.127435E-02	1.628224E-01
4.697573E+03	-1.666170E+01	8.127075E-02	1.628221E-01
4.697773E+03	-1.666195E+01	8.139192E-02	1.628217E-01
4.697973E+03	-1.666205E+01	8.160141E-02	1.628214E-01
4.698173E+03	-1.666202E+01	8.209015E-02	1.628211E-01
4.698373E+03	-1.666170E+01	8.222444E-02	1.628208E-01
4.698573E+03	-1.666147E+01	8.221088E-02	1.628204E-01
4.698773E+03	-1.666163E+01	8.230484E-02	1.628201E-01
4.698972E+03	-1.666176E+01	8.244707E-02	1.628198E-01
4.699172E+03	-1.666199E+01	8.282780E-02	1.628195E-01
4.699373E+03	-1.666205E+01	8.276015E-02	1.628191E-01
4.699573E+03	-1.666215E+01	8.243676E-02	1.628188E-01
4.699772E+03	-1.666208E+01	8.217566E-02	1.628185E-01
4.699972E+03	-1.666176E+01	8.227798E-02	1.628182E-01
4.700172E+03	-1.666170E+01	8.226909E-02	1.628178E-01
4.700372E+03	-1.666183E+01	8.241768E-02	1.628175E-01
4.700572E+03	-1.666141E+01	8.231993E-02	1.628172E-01
4.700773E+03	-1.666090E+01	8.103586E-02	1.628169E-01
4.700973E+03	-1.666040E+01	8.077869E-02	1.628165E-01
4.701173E+03	-1.665986E+01	8.043371E-02	1.628162E-01
4.701373E+03	-1.665973E+01	8.048006E-02	1.628159E-01
4.701573E+03	-1.665989E+01	8.048723E-02	1.628156E-01
4.701773E+03	-1.665986E+01	7.990967E-02	1.628152E-01
4.701973E+03	-1.665995E+01	7.965400E-02	1.628149E-01
4.702173E+03	-1.665983E+01	7.963071E-02	1.628146E-01
4.702373E+03	-1.665948E+01	7.986183E-02	1.628143E-01
4.702573E+03	-1.665894E+01	7.987051E-02	1.628139E-01
4.702773E+03	-1.665869E+01	7.993159E-02	1.628136E-01
4.702973E+03	-1.665843E+01	7.992616E-02	1.628133E-01
4.703173E+03	-1.665834E+01	8.030747E-02	1.628130E-01
4.703373E+03	-1.665843E+01	8.070490E-02	1.628126E-01
4.703573E+03	-1.665869E+01	8.078366E-02	1.628123E-01
4.703773E+03	-1.665866E+01	8.083477E-02	1.628120E-01
4.703973E+03	-1.665850E+01	8.157785E-02	1.628117E-01
4.704173E+03	-1.665859E+01	8.196621E-02	1.628113E-01
4.704373E+03	-1.665853E+01	8.122917E-02	1.628110E-01
4.704573E+03	-1.665840E+01	8.087629E-02	1.628107E-01
4.704773E+03	-1.665834E+01	8.086134E-02	1.628103E-01
4.704973E+03	-1.665793E+01	8.078481E-02	1.628100E-01
4.705173E+03	-1.665755E+01	8.111546E-02	1.628097E-01
4.705373E+03	-1.665736E+01	8.102955E-02	1.628094E-01
4.705573E+03	-1.665723E+01	8.084814E-02	1.628090E-01
4.705773E+03	-1.665755E+01	8.100490E-02	1.628087E-01
4.705974E+03	-1.665809E+01	8.053587E-02	1.628084E-01
4.706174E+03	-1.665815E+01	8.078802E-02	1.628081E-01
4.706374E+03	-1.665799E+01	8.079974E-02	1.628077E-01
4.706574E+03	-1.665777E+01	8.069850E-02	1.628074E-01
4.706774E+03	-1.665749E+01	8.062668E-02	1.628071E-01
4.706974E+03	-1.665746E+01	8.077244E-02	1.628068E-01
4.707174E+03	-1.665762E+01	8.163600E-02	1.628064E-01
4.707374E+03	-1.665762E+01	8.146224E-02	1.628061E-01
4.707574E+03	-1.665762E+01	8.097248E-02	1.628058E-01
4.707774E+03	-1.665784E+01	8.110227E-02	1.628055E-01
4.707974E+03	-1.665784E+01	8.078298E-02	1.628051E-01
4.708174E+03	-1.665784E+01	8.100425E-02	1.628048E-01
4.708374E+03	-1.665775E+01	8.106876E-02	1.628045E-01
4.708574E+03	-1.665768E+01	8.108224E-02	1.628042E-01
4.708774E+03	-1.665794E+01	8.114211E-02	1.628038E-01
4.708974E+03	-1.665790E+01	8.170216E-02	1.628035E-01
4.709174E+03	-1.665762E+01	8.236906E-02	1.628032E-01
4.709374E+03	-1.665734E+01	8.224565E-02	1.628029E-01
4.709574E+03	-1.665721E+01	8.216174E-02	1.628025E-01
4.709774E+03	-1.665705E+01	8.224551E-02	1.628022E-01
4.709974E+03	-1.665686E+01	8.245255E-02	1.628019E-01
4.710174E+03	-1.665655E+01	8.239902E-02	1.628016E-01
4.710374E+03	-1.665636E+01	8.205441E-02	1.628012E-01
4.710574E+03	-1.665633E+01	8.146566E-02	1.628009E-01
4.710774E+03	-1.665595E+01	8.141370E-02	1.628006E-01
4.710974E+03	-1.665573E+01	8.126544E-02	1.628003E-01
4.711173E+03	-1.665548E+01	8.070277E-02	1.627999E-01
4.711374E+03	-1.665523E+01	8.006845E-02	1.627996E-01
4.711574E+03	-1.665513E+01	8.018929E-02	1.627993E-01
4.711775E+03	-1.665485E+01	7.917014E-02	1.627990E-01
4.711974E+03	-1.665466E+01	7.848935E-02	1.627986E-01
4.712174E+03	-1.665488E+01	7.880224E-02	1.627983E-01
4.712374E+03	-1.665504E+01	7.834076E-02	1.627980E-01
4.712574E+03	-1.665482E+01	7.822576E-02	1.627977E-01
4.712774E+03	-1.665435E+01	7.870233E-02	1.627973E-01
4.712974E+03	-1.665423E+01	7.852600E-02	1.627970E-01
4.713174E+03	-1.665416E+01	7.824509E-02	1.627967E-01
4.713374E+03	-1.665395E+01	7.825257E-02	1.627964E-01
4.713574E+03	-1.665420E+01	7.828522E-02	1.627960E-01
4.713774E+03	-1.665423E+01	7.830027E-02	1.627957E-01
4.713974E+03	-1.665404E+01	7.826324E-02	1.627954E-01
4.714174E+03	-1.665417E+01	7.821061E-02	1.627951E-01
4.714374E+03	-1.665432E+01	7.834231E-02	1.627947E-01
4.714574E+03	-1.665464E+01	7.906421E-02	1.627944E-01
4.714774E+03	-1.665479E+01	7.878515E-02	1.627941E-01
4.714974E+03	-1.665467E+01	7.859607E-02	1.627938E-01
4.715174E+03	-1.665429E+01	7.770016E-02	1.627934E-01
4.715374E+03	-1.665470E+01	7.778575E-02	1.627931E-01
4.715574E+03	-1.665492E+01	7.781256E-02	1.627928E-01
4.715774E+03	-1.665439E+01	7.770131E-02	1.627925E-01
4.715974E+03	-1.665398E+01	7.737465E-02	1.627921E-01
4.716174E+03	-1.665382E+01	7.750650E-02	1.627918E-01
4.716374E+03	-1.665364E+01	7.762011E-02	1.627915E-01
4.716575E+03	-1.665354E+01	7.792259E-02	1.627912E-01
4.716775E+03	-1.665351E+01	7.790759E-02	1.627908E-01
4.716975E+03	-1.665326E+01	7.777200E-02	1.627905E-01
4.717175E+03	-1.665308E+01	7.778217E-02	1.627902E-01
4.717375E+03	-1.665298E+01	7.777788E-02	1.627899E-01
4.717575E+03	-1.665308E+01	7.780093E-02	1.627895E-01
4.717775E+03	-1.665305E+01	7.741704E-02	1.627892E-01
4.717975E+03	-1.665286E+01	7.690234E-02	1.627889E-01
4.718175E+03	-1.665305E+01	7.690742E-02	1.627886E-01
4.718375E+03	-1.665345E+01	7.698884E-02	1.627882E-01
4.718575E+03	-1.665377E+01	7.667482E-02	1.627879E-01
4.718775E+03	-1.665389E+01	7.607044E-02	1.627876E-01
4.718975E+03	-1.665370E+01	7.569311E-02	1.627873E-01
4.719175E+03	-1.665358E+01	7.477289E-02	1.627869E-01
4.719375E+03	-1.665367E+01	7.338325E-02	1.627866E-01
4.719575E+03	-1.665358E+01	7.329852E-02	1.627863E-01
4.719775E+03	-1.665361E+01	7.316921E-02	1.627860E-01
4.719975E+03	-1.665367E+01	7.319228E-02	1.627857E-01
4.720175E+03	-1.665361E+01	7.322555E-02	1.627853E-01
4.720375E+03	-1.665352E+01	7.315339E-02	1.627850E-01
4.720575E+03	-1.665342E+01	7.319703E-02	1.627847E-01
4.720775E+03	-1.665327E+01	7.337087E-02	1.627844E-01
4.720975E+03	-1.665311E+01	7.347578E-02	1.627840E-01
4.721175E+03	-1.665311E+01	7.322875E-02	1.627837E-01
4.721375E+03	-1.665324E+01	7.321544E-02	1.627834E-01
4.721575E+03	-1.665289E+01	7.308249E-02	1.627831E-01
4.721776E+03	-1.665265E+01	7.282179E-02	1.627827E-01
4.721976E+03	-1.665280E+01	7.234806E-02	1.627824E-01
4.722176E+03	-1.665286E+01	7.238034E-02	1.627821E-01
4.722376E+03	-1.665277E+01	7.234910E-02	1.627818E-01
4.722576E+03	-1.665252E+01	7.214197E-02	1.627814E-01
4.722776E+03	-1.665205E+01	7.204243E-02	1.627811E-01
4.722975E+03	-1.665180E+01	7.119051E-02	1.627808E-01
4.723176E+03	-1.665165E+01	7.116185E-02	1.627805E-01
4.723376E+03	-1.665140E+01	7.279045E-02	1.627801E-01
4.723575E+03	-1.665143E+01	7.316632E-02	1.627798E-01
4.723775E+03	-1.665177E+01	7.318980E-02	1.627795E-01
4.723975E+03	-1.665212E+01	7.276406E-02	1.627792E-01
4.724175E+03	-1.665243E+01	7.254163E-02	1.627788E-01
4.724375E+03	-1.665237E+01	7.242820E-02	1.627785E-01
4.724575E+03	-1.665231E+01	7.238034E-02	1.627782E-01
4.724775E+03	-1.665221E+01	7.212759E-02	1.627779E-01
4.724975E+03	-1.665175E+01	7.169772E-02	1.627775E-01
4.725175E+03	-1.665128E+01	7.176694E-02	1.627772E-01
4.725375E+03	-1.665140E+01	7.167854E-02	1.627769E-01
4.725575E+03	-1.665162E+01	7.167092E-02	1.627766E-01
4.725775E+03	-1.665181E+01	7.136510E-02	1.627763E-01
4.725975E+03	-1.665175E+01	7.157305E-02	1.627759E-01
4.726175E+03	-1.665134E+01	7.144713E-02	1.627756E-01
4.726375E+03	-1.665131E+01	7.202117E-02	1.627753E-01
4.726575E+03	-1.665156E+01	7.208124E-02	1.627750E-01
4.726775E+03	-1.665119E+01	7.204724E-02	1.627746E-01
4.726975E+03	-1.665044E+01	7.235237E-02	1.627743E-01
4.727176E+03	-1.665001E+01	7.317408E-02	1.627740E-01
4.727376E+03	-1.665001E+01	7.316476E-02	1.627737E-01
4.727576E+03	-1.664995E+01	7.377202E-02	1.627733E-01
4.727776E+03	-1.664967E+01	7.376492E-02	1.627730E-01
4.727976E+03	-1.664939E+01	7.302932E-02	1.627727E-01
4.728176E+03	-1.664933E+01	7.320176E-02	1.627724E-01
4.728376E+03	-1.664930E+01	7.276882E-02	1.627720E-01
4.728576E+03	-1.664908E+01	7.263027E-02	1.627717E-01
4.728776E+03	-1.664871E+01	7.252790E-02	1.627714E-01
4.728976E+03	-1.664855E+01	7.253922E-02	1.627711E-01
4.729176E+03	-1.664843E+01	7.265774E-02	1.627707E-01
4.729376E+03	-1.664821E+01	7.272041E-02	1.627704E-01
4.729576E+03	-1.664812E+01	7.284091E-02	1.627701E-01
4.729776E+03	-1.664794E+01	7.274803E-02	1.627698E-01
4.729976E+03	-1.664787E+01	7.333389E-02	1.627694E-01
4.730176E+03	-1.664772E+01	7.417870E-02	1.627691E-01
4.730376E+03	-1.664772E+01	7.417561E-02	1.627688E-01
4.730576E+03	-1.664738E+01	7.428737E-02	1.627685E-01
4.730776E+03	-1.664695E+01	7.423821E-02	1.627682E-01
4.730976E+03	-1.664695E+01	7.406249E-02	1.627678E-01
4.731176E+03	-1.664680E+01	7.399307E-02	1.627675E-01
4.731376E+03	-1.664664E+01	7.466919E-02	1.627672E-01
4.731576E+03	-1.664649E+01	7.463348E-02	1.627669E-01
4.731776E+03	-1.664612E+01	7.454850E-02	1.627665E-01
4.731976E+03	-1.664603E+01	7.449575E-02	1.627662E-01
4.732176E+03	-1.664624E+01	7.413569E-02	1.627659E-01
4.732377E+03	-1.664612E+01	7.407161E-02	1.627656E-01
4.732577E+03	-1.664557E+01	7.425077E-02	1.627652E-01
4.732777E+03	-1.664517E+01	7.417328E-02	1.627649E-01
4.732977E+03	-1.664505E+01	7.412163E-02	1.627646E-01
4.733177E+03	-1.664492E+01	7.409148E-02	1.627643E-01
4.733377E+03	-1.664471E+01	7.405179E-02	1.627639E-01
4.733577E+03	-1.664416E+01	7.387201E-02	1.627636E-01
4.733777E+03	-1.664364E+01	7.386006E-02	1.627633E-01
4.733977E+03	-1.664358E+01	7.384351E-02	1.627630E-01
4.734177E+03	-1.664352E+01	7.386066E-02	1.627627E-01
4.734377E+03	-1.664318E+01	7.381572E-02	1.627623E-01
4.734577E+03	-1.664288E+01	7.434100E-02	1.627620E-01
4.734777E+03	-1.664266E+01	7.428304E-02	1.627617E-01
4.734977E+03	-1.664254E+01	7.422555E-02	1.627614E-01
4.735176E+03	-1.664233E+01	7.433853E-02	1.627610E-01
4.735377E+03	-1.664205E+01	7.429153E-02	1.627607E-01
4.735577E+03	-1.664196E+01	7.437949E-02	1.627604E-01
4.735776E+03	-1.664208E+01	7.440342E-02	1.627601E-01
4.735976E+03	-1.664236E+01	7.442915E-02	1.627597E-01
4.736176E+03	-1.664263E+01	7.418321E-02	1.627594E-01
4.736376E+03	-1.664288E+01	7.416387E-02	1.627591E-01
4.736576E+03	-1.664303E+01	7.456876E-02	1.627588E-01
4.736776E+03	-1.664328E+01	7.454350E-02	1.627584E-01
4.736976E+03	-1.664346E+01	7.457193E-02	1.627581E-01
4.737176E+03	-1.664349E+01	7.464446E-02	1.627578E-01
4.737376E+03	-1.664355E+01	7.470696E-02	1.627575E-01
4.737577E+03	-1.664352E+01	7.476595E-02	1.627572E-01
4.737777E+03	-1.664297E+01	7.435055E-02	1.627568E-01
4.737977E+03	-1.664233E+01	7.424704E-02	1.627565E-01
4.738177E+03	-1.664206E+01	7.362705E-02	1.627562E-01
4.738377E+03	-1.664194E+01	7.310967E-02	1.627559E-01
4.738577E+03	-1.664139E+01	7.288661E-02	1.627555E-01
4.738777E+03	-1.664084E+01	7.244218E-02	1.627552E-01
4.738977E+03	-1.664078E+01	7.206735E-02	1.627549E-01
4.739177E+03	-1.664102E+01	7.187660E-02	1.627546E-01
4.739377E+03	-1.664121E+01	7.190376E-02	1.627542E-01
4.739577E+03	-1.664112E+01	7.185521E-02	1.627539E-01
4.739777E+03	-1.664072E+01	7.185369E-02	1.627536E-01
4.739977E+03	-1.664036E+01	7.180859E-02	1.627532E-01
4.740177E+03	-1.664060E+01	7.170294E-02	1.627529E-01
4.740377E+03	-1.664100E+01	7.172563E-02	1.627526E-01
4.740577E+03	-1.664124E+01	7.187534E-02	1.627522E-01
4.740777E+03	-1.664127E+01	7.203860E-02	1.627519E-01
4.740977E+03	-1.664094E+01	7.200137E-02	1.627516E-01
4.741177E+03	-1.664069E+01	7.190639E-02	1.627512E-01
4.741377E+03	-1.664048E+01	7.136096E-02	1.627509E-01
4.741577E+03	-1.663993E+01	7.123486E-02	1.627506E-01
4.741777E+03	-1.663966E+01	7.122649E-02	1.627502E-01
4.741977E+03	-1.663991E+01	7.108126E-02	1.627499E-01
4.742177E+03	-1.663991E+01	7.055657E-02	1.627496E-01
4.742377E+03	-1.663966E+01	7.062629E-02	1.627492E-01
4.742577E+03	-1.663994E+01	7.084965E-02	1.627489E-01
4.742777E+03	-1.664018E+01	7.080123E-02	1.627486E-01
4.742978E+03	-1.664000E+01	7.071089E-02	1.627482E-01
4.743178E+03	-1.663991E+01	7.085077E-02	1.627479E-01
4.743378E+03	-1.663960E+01	7.114382E-02	1.627476E-01
4.743578E+03	-1.663945E+01	7.161587E-02	1.627472E-01
4.743778E+03	-1.663951E+01	7.211981E-02	1.627469E-01
4.743978E+03	-1.663970E+01	7.192870E-02	1.627466E-01
4.744178E+03	-1.663976E+01	7.188721E-02	1.627462E-01
4.744378E+03	-1.663927E+01	7.167679E-02	1.627459E-01
4.744578E+03	-1.663885E+01	7.148580E-02	1.627456E-01
4.744778E+03	-1.663870E+01	7.148813E-02	1.627452E-01
4.744978E+03	-1.663876E+01	7.150414E-02	1.627449E-01
4.745178E+03	-1.663882E+01	7.147174E-02	1.627446E-01
4.745378E+03	-1.663870E+01	7.157586E-02	1.627442E-01
4.745578E+03	-1.663852E+01	7.166084E-02	1.627439E-01
4.745778E+03	-1.663840E+01	7.161672E-02	1.627436E-01
4.745978E+03	-1.663831E+01	7.165616E-02	1.627432E-01
4.746178E+03	-1.663831E+01	7.166824E-02	1.627429E-01
4.746378E+03	-1.663861E+01	7.149137E-02	1.627426E-01
4.746578E+03	-1.663900E+01	7.145018E-02	1.627422E-01
4.746778E+03	-1.663919E+01	7.154975E-02	1.627419E-01
4.746978E+03	-1.663928E+01	7.159197E-02	1.627416E-01
4.747178E+03	-1.663997E+01	7.127927E-02	1.627412E-01
4.747377E+03	-1.664073E+01	7.116084E-02	1.627409E-01
4.747578E+03	-1.664104E+01	7.157860E-02	1.627406E-01
4.747778E+03	-1.664095E+01	7.166391E-02	1.627402E-01
4.747977E+03	-1.664070E+01	7.079428E-02	1.627399E-01
4.748178E+03	-1.664022E+01	7.059070E-02	1.627396E-01
4.748378E+03	-1.663995E+01	7.095884E-02	1.627392E-01
4.748578E+03	-1.663986E+01	7.093185E-02	1.627389E-01
4.748778E+03	-1.663980E+01	7.094923E-02	1.627386E-01
4.748978E+03	-1.663970E+01	7.105865E-02	1.627382E-01
4.749178E+03	-1.663931E+01	7.134257E-02	1.627379E-01
4.749378E+03	-1.663898E+01	7.200812E-02	1.627376E-01
4.749578E+03	-1.663877E+01	7.208191E-02	1.627372E-01
4.749778E+03	-1.663846E+01	7.167505E-02	1.627369E-01
4.749978E+03	-1.663831E+01	7.179820E-02	1.627366E-01
4.750178E+03	-1.663810E+01	7.160920E-02	1.627362E-01
4.750378E+03	-1.663801E+01	7.193850E-02	1.627359E-01
4.750578E+03	-1.663792E+01	7.197482E-02	1.627356E-01
4.750778E+03	-1.663774E+01	7.197200E-02	1.627352E-01
4.750978E+03	-1.663774E+01	7.184222E-02	1.627349E-01
4.751178E+03	-1.663759E+01	7.108420E-02	1.627346E-01
4.751378E+03	-1.663738E+01	7.202661E-02	1.627342E-01
4.751578E+03	-1.663702E+01	7.251499E-02	1.627339E-01
4.751778E+03	-1.663720E+01	7.252409E-02	1.627336E-01
4.751978E+03	-1.663735E+01	7.253117E-02	1.627332E-01
4.752178E+03	-1.663714E+01	7.217951E-02	1.627329E-01
4.752378E+03	-1.663717E+01	7.177161E-02	1.627326E-01
4.752578E+03	-1.663726E+01	7.163283E-02	1.627322E-01
4.752778E+03	-1.663696E+01	7.185426E-02	1.627319E-01
4.752978E+03	-1.663669E+01	7.154752E-02	1.627316E-01
4.753178E+03	-1.663690E+01	7.071481E-02	1.627312E-01
4.753379E+03	-1.663714E+01	7.083542E-02	1.627309E-01
4.753579E+03	-1.663699E+01	7.081989E-02	1.627306E-01
4.753779E+03	-1.663681E+01	7.061880E-02	1.627302E-01
4.753979E+03	-1.663654E+01	7.039117E-02	1.627299E-01
4.754179E+03	-1.663654E+01	7.090881E-02	1.627296E-01
4.754379E+03	-1.663681E+01	7.108855E-02	1.627292E-01
4.754579E+03	-1.663678E+01	7.108362E-02	1.627289E-01
4.754779E+03	-1.663645E+01	7.119195E-02	1.627286E-01
4.754979E+03	-1.663624E+01	7.113940E-02	1.627282E-01
4.755179E+03	-1.663633E+01	7.147904E-02	1.627279E-01
4.755379E+03	-1.663630E+01	7.213880E-02	1.627276E-01
4.755579E+03	-1.663633E+01	7.231524E-02	1.627272E-01
4.755779E+03	-1.663670E+01	7.242659E-02	1.627269E-01
4.755979E+03	-1.663697E+01	7.232719E-02	1.627266E-01
4.756179E+03	-1.663709E+01	7.216347E-02	1.627262E-01
4.756379E+03	-1.663715E+01	7.229704E-02	1.627259E-01
4.756579E+03	-1.663736E+01	7.229297E-02	1.627256E-01
4.756779E+03	-1.663736E+01	7.172613E-02	1.627252E-01
4.756979E+03	-1.663739E+01	7.173714E-02	1.627249E-01
4.757179E+03	-1.663769E+01	7.113523E-02	1.627246E-01
4.757379E+03	-1.663772E+01	7.112508E-02	1.627242E-01
4.757579E+03	-1.663751E+01	7.160625E-02	1.627239E-01
4.757779E+03	-1.663766E+01	7.164623E-02	1.627236E-01
4.757979E+03	-1.663766E+01	7.165226E-02	1.627233E-01
4.758179E+03	-1.663757E+01	7.171576E-02	1.627229E-01
4.758379E+03	-1.663769E+01	7.154558E-02	1.627226E-01
4.758579E+03	-1.663781E+01	7.084412E-02	1.627223E-01
4.758780E+03	-1.663779E+01	7.078790E-02	1.627219E-01
4.758980E+03	-1.663776E+01	7.071053E-02	1.627216E-01
4.759180E+03	-1.663782E+01	7.067207E-02	1.627213E-01
4.759380E+03	-1.663757E+01	7.085905E-02	1.627209E-01
4.759579E+03	-1.663730E+01	7.077560E-02	1.627206E-01
4.759779E+03	-1.663764E+01	7.092320E-02	1.627203E-01
4.759980E+03	-1.663788E+01	7.094754E-02	1.627199E-01
4.760180E+03	-1.663749E+01	7.072668E-02	1.627196E-01
4.760380E+03	-1.663718E+01	7.098501E-02	1.627193E-01
4.760579E+03	-1.663712E+01	7.070998E-02	1.627189E-01
4.760779E+03	-1.663685E+01	7.113263E-02	1.627186E-01
4.760979E+03	-1.663649E+01	7.144964E-02	1.627183E-01
4.761179E+03	-1.663625E+01	7.139801E-02	1.627179E-01
4.761379E+03	-1.663616E+01	7.139523E-02	1.627176E-01
4.761579E+03	-1.663610E+01	7.192642E-02	1.627173E-01
4.761779E+03	-1.663574E+01	7.208301E-02	1.627169E-01
4.761979E+03	-1.663550E+01	7.212120E-02	1.627166E-01
4.762179E+03	-1.663568E+01	7.212710E-02	1.627163E-01
4.762379E+03	-1.663577E+01	7.214207E-02	1.627159E-01
4.762579E+03	-1.663550E+01	7.214822E-02	1.627156E-01
4.762779E+03	-1.663499E+01	7.207254E-02	1.627153E-01
4.762979E+03	-1.663442E+01	7.205301E-02	1.627149E-01
4.763179E+03	-1.663416E+01	7.200832E-02	1.627146E-01
4.763379E+03	-1.663428E+01	7.207906E-02	1.627143E-01
4.763579E+03	-1.663449E+01	7.227857E-02	1.627139E-01
4.763779E+03	-1.663434E+01	7.242134E-02	1.627136E-01
4.763980E+03	-1.663413E+01	7.262284E-02	1.627133E-01
4.764180E+03	-1.663389E+01	7.257087E-02	1.627129E-01
4.764380E+03	-1.663392E+01	7.257287E-02	1.627126E-01
4.764580E+03	-1.663398E+01	7.287007E-02	1.627123E-01
4.764780E+03	-1.663401E+01	7.258787E-02	1.627120E-01
4.764980E+03	-1.663398E+01	7.260979E-02	1.627116E-01
4.765180E+03	-1.663386E+01	7.267353E-02	1.627113E-01
4.765380E+03	-1.663404E+01	7.292498E-02	1.627110E-01
4.765580E+03	-1.663431E+01	7.302112E-02	1.627106E-01
4.765780E+03	-1.663461E+01	7.301756E-02	1.627103E-01
4.765980E+03	-1.663488E+01	7.303594E-02	1.627100E-01
4.766180E+03	-1.663479E+01	7.300884E-02	1.627096E-01
4.766380E+03	-1.663449E+01	7.329394E-02	1.627093E-01
4.766580E+03	-1.663467E+01	7.380368E-02	1.627090E-01
4.766780E+03	-1.663500E+01	7.404866E-02	1.627086E-01
4.766980E+03	-1.663470E+01	7.350312E-02	1.627083E-01
4.767180E+03	-1.663437E+01	7.347732E-02	1.627080E-01
4.767380E+03	-1.663422E+01	7.198233E-02	1.627076E-01
4.767580E+03	-1.663437E+01	7.169873E-02	1.627073E-01
4.767780E+03	-1.663503E+01	7.220348E-02	1.627070E-01
4.767980E+03	-1.663524E+01	7.216339E-02	1.627066E-01
4.768180E+03	-1.663503E+01	7.197556E-02	1.627063E-01
4.768380E+03	-1.663521E+01	7.199339E-02	1.627060E-01
4.768580E+03	-1.663536E+01	7.194624E-02	1.627056E-01
4.768780E+03	-1.663545E+01	7.208122E-02	1.627053E-01
4.768980E+03	-1.663563E+01	7.214415E-02	1.627050E-01
4.769181E+03	-1.663572E+01	7.181671E-02	1.627046E-01
4.769381E+03	-1.663561E+01	7.232234E-02	1.627043E-01
4.769581E+03	-1.663555E+01	7.273267E-02	1.627040E-01
4.769781E+03	-1.663561E+01	7.293191E-02	1.627037E-01
4.769981E+03	-1.663561E+01	7.304000E-02	1.627033E-01
4.770181E+03	-1.663534E+01	7.317765E-02	1.627030E-01
4.770381E+03	-1.663537E+01	7.272352E-02	1.627027E-01
4.770581E+03	-1.663534E+01	7.293457E-02	1.627023E-01
4.770781E+03	-1.663534E+01	7.304862E-02	1.627020E-01
4.770981E+03	-1.663561E+01	7.273072E-02	1.627017E-01
4.771181E+03	-1.663561E+01	7.226530E-02	1.627013E-01
4.771381E+03	-1.663534E+01	7.277554E-02	1.627010E-01
4.771581E+03	-1.663525E+01	7.224739E-02	1.627007E-01
4.771781E+03	-1.663555E+01	7.226431E-02	1.627003E-01
4.771980E+03	-1.663588E+01	7.226522E-02	1.627000E-01
4.772181E+03	-1.663597E+01	7.251161E-02	1.626997E-01
4.772381E+03	-1.663594E+01	7.244650E-02	1.626993E-01
4.772581E+03	-1.663600E+01	7.245652E-02	1.626990E-01
4.772780E+03	-1.663594E+01	7.276804E-02	1.626987E-01
4.772980E+03	-1.663588E+01	7.273394E-02	1.626983E-01
4.773180E+03	-1.663588E+01	7.217206E-02	1.626980E-01
4.773380E+03	-1.663558E+01	7.118837E-02	1.626977E-01
4.773580E+03	-1.663516E+01	7.067559E-02	1.626974E-01
4.773780E+03	-1.663528E+01	7.073113E-02	1.626970E-01
4.773980E+03	-1.663579E+01	7.029458E-02	1.626967E-01
4.774180E+03	-1.663585E+01	6.961930E-02	1.626964E-01
4.774380E+03	-1.663540E+01	6.955914E-02	1.626960E-01
4.774581E+03	-1.663522E+01	6.936830E-02	1.626957E-01
4.774781E+03	-1.663519E+01	6.911451E-02	1.626954E-01
4.774981E+03	-1.663492E+01	6.892468E-02	1.626950E-01
4.775181E+03	-1.663459E+01	6.888138E-02	1.626947E-01
4.775381E+03	-1.663463E+01	6.813113E-02	1.626944E-01
4.775581E+03	-1.663442E+01	6.810127E-02	1.626940E-01
4.775781E+03	-1.663415E+01	6.790042E-02	1.626937E-01
4.775981E+03	-1.663406E+01	6.762907E-02	1.626934E-01
4.776181E+03	-1.663388E+01	6.752935E-02	1.626930E-01
4.776381E+03	-1.663364E+01	6.749516E-02	1.626927E-01
4.776581E+03	-1.663346E+01	6.712071E-02	1.626924E-01
4.776781E+03	-1.663328E+01	6.709003E-02	1.626920E-01
4.776981E+03	-1.663289E+01	6.702111E-02	1.626917E-01
4.777181E+03	-1.663230E+01	6.691425E-02	1.626914E-01
4.777381E+03	-1.663173E+01	6.694617E-02	1.626911E-01
4.777581E+03	-1.663161E+01	6.692782E-02	1.626907E-01
4.777781E+03	-1.663206E+01	6.705027E-02	1.626904E-01
4.777981E+03	-1.663242E+01	6.711443E-02	1.626901E-01
4.778181E+03	-1.663233E+01	6.737479E-02	1.626897E-01
4.778381E+03	-1.663188E+01	6.726682E-02	1.626894E-01
4.778581E+03	-1.663144E+01	6.682004E-02	1.626891E-01
4.778781E+03	-1.663123E+01	6.679397E-02	1.626887E-01
4.778981E+03	-1.663138E+01	6.705175E-02	1.626884E-01
4.779181E+03	-1.663174E+01	6.708305E-02	1.626881E-01
4.779381E+03	-1.663171E+01	6.703085E-02	1.626877E-01
4.779581E+03	-1.663162E+01	6.694865E-02	1.626874E-01
4.779782E+03	-1.663156E+01	6.716854E-02	1.626871E-01
4.779982E+03	-1.663135E+01	6.713041E-02	1.626867E-01
4.780182E+03	-1.663120E+01	6.711338E-02	1.626864E-01
4.780382E+03	-1.663120E+01	6.707475E-02	1.626861E-01
4.780582E+03	-1.663108E+01	6.655122E-02	1.626858E-01
4.780782E+03	-1.663120E+01	6.659916E-02	1.626854E-01
4.780982E+03	-1.663108E+01	6.659281E-02	1.626851E-01
4.781182E+03	-1.663085E+01	6.657123E-02	1.626848E-01
4.781382E+03	-1.663100E+01	6.666827E-02	1.626844E-01
4.781582E+03	-1.663123E+01	6.693367E-02	1.626841E-01
4.781782E+03	-1.663114E+01	6.717552E-02	1.626838E-01
4.781982E+03	-1.663076E+01	6.719301E-02	1.626834E-01
4.782182E+03	-1.663082E+01	6.726756E-02	1.626831E-01
4.782382E+03	-1.663091E+01	6.748629E-02	1.626828E-01
4.782582E+03	-1.663082E+01	6.719033E-02	1.626824E-01
4.782782E+03	-1.663076E+01	6.704159E-02	1.626821E-01
4.782982E+03	-1.663064E+01	6.691641E-02	1.626818E-01
4.783182E+03	-1.663049E+01	6.675109E-02	1.626815E-01
4.783382E+03	-1.663026E+01	6.681249E-02	1.626811E-01
4.783582E+03	-1.663005E+01	6.699991E-02	1.626808E-01
4.783782E+03	-1.662990E+01	6.694742E-02	1.626805E-01
4.783982E+03	-1.662972E+01	6.714812E-02	1.626801E-01
4.784181E+03	-1.662952E+01	6.710128E-02	1.626798E-01
4.784382E+03	-1.662925E+01	6.723174E-02	1.626795E-01
4.784582E+03	-1.662931E+01	6.718468E-02	1.626791E-01
4.784782E+03	-1.662946E+01	6.720758E-02	1.626788E-01
4.784983E+03	-1.662934E+01	6.716854E-02	1.626785E-01
4.785182E+03	-1.662940E+01	6.737307E-02	1.626781E-01
4.785382E+03	-1.662979E+01	6.741800E-02	1.626778E-01
4.785582E+03	-1.662982E+01	6.803887E-02	1.626775E-01
4.785782E+03	-1.662949E+01	6.787533E-02	1.626772E-01
4.785982E+03	-1.662940E+01	6.775194E-02	1.626768E-01
4.786182E+03	-1.662949E+01	6.775692E-02	1.626765E-01
4.786382E+03	-1.662952E+01	6.786516E-02	1.626762E-01
4.786582E+03	-1.662961E+01	6.777244E-02	1.626758E-01
4.786782E+03	-1.662961E+01	6.787608E-02	1.626755E-01
4.786982E+03	-1.662964E+01	6.787182E-02	1.626752E-01
4.787182E+03	-1.662982E+01	6.736332E-02	1.626748E-01
4.787382E+03	-1.662964E+01	6.702183E-02	1.626745E-01
4.787582E+03	-1.662929E+01	6.655571E-02	1.626742E-01
4.787782E+03	-1.662920E+01	6.615454E-02	1.626738E-01
4.787982E+03	-1.662905E+01	6.636860E-02	1.626735E-01
4.788182E+03	-1.662902E+01	6.654745E-02	1.626732E-01
4.788382E+03	-1.662896E+01	6.641717E-02	1.626729E-01
4.788582E+03	-1.662893E+01	6.643630E-02	1.626725E-01
4.788782E+03	-1.662852E+01	6.674819E-02	1.626722E-01
4.788982E+03	-1.662790E+01	6.716331E-02	1.626719E-01
4.789182E+03	-1.662772E+01	6.717428E-02	1.626715E-01
4.789382E+03	-1.662749E+01	6.709951E-02	1.626712E-01
4.789582E+03	-1.662737E+01	6.695755E-02	1.626709E-01
4.789782E+03	-1.662728E+01	6.700286E-02	1.626705E-01
4.789982E+03	-1.662678E+01	6.695802E-02	1.626702E-01
4.790182E+03	-1.662631E+01	6.706479E-02	1.626699E-01
4.790383E+03	-1.662637E+01	6.712383E-02	1.626695E-01
4.790583E+03	-1.662617E+01	6.708911E-02	1.626692E-01
4.790783E+03	-1.662590E+01	6.688388E-02	1.626689E-01
4.790983E+03	-1.662605E+01	6.688593E-02	1.626686E-01
4.791183E+03	-1.662620E+01	6.690856E-02	1.626682E-01
4.791383E+03	-1.662596E+01	6.703974E-02	1.626679E-01
4.791583E+03	-1.662573E+01	6.708276E-02	1.626676E-01
4.791783E+03	-1.662590E+01	6.731549E-02	1.626672E-01
4.791983E+03	-1.662587E+01	6.738729E-02	1.626669E-01
4.792183E+03	-1.662561E+01	6.707637E-02	1.626666E-01
4.792383E+03	-1.662561E+01	6.684163E-02	1.626662E-01
4.792583E+03	-1.662552E+01	6.717131E-02	1.626659E-01
4.792783E+03	-1.662549E+01	6.854843E-02	1.626656E-01
4.792983E+03	-1.662546E+01	6.849101E-02	1.626653E-01
4.793183E+03	-1.662558E+01	6.858286E-02	1.626649E-01
4.793383E+03	-1.662561E+01	6.758691E-02	1.626646E-01
4.793583E+03	-1.662555E+01	6.768341E-02	1.626643E-01
4.793783E+03	-1.662573E+01	6.776074E-02	1.626639E-01
4.793983E+03	-1.662608E+01	6.777755E-02	1.626636E-01
4.794183E+03	-1.662614E+01	6.762513E-02	1.626633E-01
4.794383E+03	-1.662594E+01	6.700291E-02	1.626629E-01
4.794583E+03	-1.662611E+01	6.693904E-02	1.626626E-01
4.794783E+03	-1.662629E+01	6.708963E-02	1.626623E-01
4.794983E+03	-1.662611E+01	6.699779E-02	1.626620E-01
4.795183E+03	-1.662629E+01	6.676931E-02	1.626616E-01
4.795383E+03	-1.662661E+01	6.554267E-02	1.626613E-01
4.795584E+03	-1.662659E+01	6.488538E-02	1.626610E-01
4.795784E+03	-1.662656E+01	6.480157E-02	1.626606E-01
4.795984E+03	-1.662653E+01	6.470898E-02	1.626603E-01
4.796184E+03	-1.662670E+01	6.484413E-02	1.626600E-01
4.796383E+03	-1.662673E+01	6.507502E-02	1.626596E-01
4.796583E+03	-1.662659E+01	6.575585E-02	1.626593E-01
4.796783E+03	-1.662629E+01	6.594350E-02	1.626590E-01
4.796984E+03	-1.662618E+01	6.569946E-02	1.626587E-01
4.797184E+03	-1.662615E+01	6.566564E-02	1.626583E-01
4.797383E+03	-1.662603E+01	6.560380E-02	1.626580E-01
4.797583E+03	-1.662591E+01	6.558606E-02	1.626577E-01
4.797783E+03	-1.662594E+01	6.561107E-02	1.626573E-01
4.797983E+03	-1.662615E+01	6.569795E-02	1.626570E-01
4.798183E+03	-1.662630E+01	6.507952E-02	1.626567E-01
4.798383E+03	-1.662633E+01	6.513389E-02	1.626563E-01
4.798583E+03	-1.662633E+01	6.513389E-02	1.626560E-01
4.798783E+03	-1.662618E+01	6.530281E-02	1.626557E-01
4.798983E+03	-1.662600E+01	6.568161E-02	1.626554E-01
4.799183E+03	-1.662609E+01	6.590054E-02	1.626550E-01
4.799383E+03	-1.662630E+01	6.532342E-02	1.626547E-01
4.799583E+03	-1.662627E+01	6.520441E-02	1.626544E-01
4.799783E+03	-1.662621E+01	6.546296E-02	1.626540E-01
4.799983E+03	-1.662612E+01	6.734736E-02	1.626537E-01
4.800183E+03	-1.662600E+01	6.780198E-02	1.626534E-01
4.800383E+03	-1.662568E+01	6.793061E-02	1.626530E-01
4.800583E+03	-1.662562E+01	6.808867E-02	1.626527E-01
4.800784E+03	-1.662565E+01	6.823707E-02	1.626524E-01
4.800984E+03	-1.662539E+01	6.826304E-02	1.626521E-01
4.801184E+03	-1.662516E+01	6.822326E-02	1.626517E-01
4.801384E+03	-1.662504E+01	6.817555E-02	1.626514E-01
4.801584E+03	-1.662501E+01	6.770506E-02	1.626511E-01
4.801784E+03	-1.662510E+01	6.771290E-02	1.626507E-01
4.801984E+03	-1.662519E+01	6.784388E-02	1.626504E-01
4.802184E+03	-1.662545E+01	6.802002E-02	1.626501E-01
4.802384E+03	-1.662569E+01	6.839133E-02	1.626498E-01
4.802584E+03	-1.662566E+01	6.889144E-02	1.626494E-01
4.802784E+03	-1.662563E+01	6.932984E-02	1.626491E-01
4.802984E+03	-1.662557E+01	6.979576E-02	1.626488E-01
4.803184E+03	-1.662539E+01	7.039506E-02	1.626484E-01
4.803384E+03	-1.662531E+01	7.019022E-02	1.626481E-01
4.803584E+03	-1.662539E+01	7.021619E-02	1.626478E-01
4.803784E+03	-1.662551E+01	7.012367E-02	1.626474E-01
4.803984E+03	-1.662534E+01	7.077261E-02	1.626471E-01
4.804184E+03	-1.662507E+01	7.138022E-02	1.626468E-01
4.804384E+03	-1.662475E+01	7.080604E-02	1.626465E-01
4.804584E+03	-1.662481E+01	7.098543E-02	1.626461E-01
4.804784E+03	-1.662502E+01	7.043294E-02	1.626458E-01
4.804984E+03	-1.662484E+01	7.016430E-02	1.626455E-01
4.805184E+03	-1.662478E+01	7.014020E-02	1.626451E-01
4.805384E+03	-1.662487E+01	7.028325E-02	1.626448E-01
4.805584E+03	-1.662472E+01	6.990234E-02	1.626445E-01
4.805784E+03	-1.662461E+01	6.969321E-02	1.626442E-01
4.805984E+03	-1.662472E+01	6.959489E-02	1.626438E-01
4.806185E+03	-1.662499E+01	6.964593E-02	1.626435E-01
4.806385E+03	-1.662519E+01	6.967004E-02	1.626432E-01
4.806585E+03	-1.662534E+01	6.968770E-02	1.626428E-01
4.806785E+03	-1.662522E+01	6.981837E-02	1.626425E-01
4.806985E+03	-1.662493E+01	6.980643E-02	1.626422E-01
4.807185E+03	-1.662455E+01	6.975406E-02	1.626418E-01
4.807385E+03	-1.662405E+01	7.009813E-02	1.626415E-01
4.807585E+03	-1.662394E+01	7.080117E-02	1.626412E-01
4.807785E+03	-1.662402E+01	7.125106E-02	1.626409E-01
4.807985E+03	-1.662414E+01	7.127902E-02	1.626405E-01
4.808185E+03	-1.662423E+01	7.139578E-02	1.626402E-01
4.808385E+03	-1.662411E+01	7.137070E-02	1.626399E-01
4.808584E+03	-1.662411E+01	7.130638E-02	1.626395E-01
4.808784E+03	-1.662417E+01	7.133060E-02	1.626392E-01
4.808984E+03	-1.662409E+01	7.124604E-02	1.626389E-01
4.809185E+03	-1.662417E+01	7.121657E-02	1.626386E-01
4.809385E+03	-1.662423E+01	7.101557E-02	1.626382E-01
4.809584E+03	-1.662423E+01	7.102434E-02	1.626379E-01
4.809784E+03	-1.662423E+01	7.102727E-02	1.626376E-01
4.809984E+03	-1.662423E+01	7.110038E-02	1.626372E-01
4.810184E+03	-1.662415E+01	7.119715E-02	1.626369E-01
4.810384E+03	-1.662385E+01	7.086580E-02	1.626366E-01
4.810584E+03	-1.662350E+01	7.124659E-02	1.626363E-01
4.810784E+03	-1.662336E+01	7.159917E-02	1.626359E-01
4.810984E+03	-1.662333E+01	7.185996E-02	1.626356E-01
4.811184E+03	-1.662330E+01	7.178510E-02	1.626353E-01
4.811385E+03	-1.662313E+01	7.182034E-02	1.626349E-01
4.811585E+03	-1.662286E+01	7.166326E-02	1.626346E-01
4.811785E+03	-1.662237E+01	7.133403E-02	1.626343E-01
4.811985E+03	-1.662205E+01	7.138039E-02	1.626339E-01
4.812185E+03	-1.662208E+01	7.141136E-02	1.626336E-01
4.812385E+03	-1.662193E+01	7.144565E-02	1.626333E-01
4.812585E+03	-1.662173E+01	7.223802E-02	1.626330E-01
4.812785E+03	-1.662144E+01	7.235527E-02	1.626326E-01
4.812985E+03	-1.662150E+01	7.248414E-02	1.626323E-01
4.813185E+03	-1.662191E+01	7.242703E-02	1.626320E-01
4.813385E+03	-1.662179E+01	7.295440E-02	1.626316E-01
4.813585E+03	-1.662147E+01	7.388297E-02	1.626313E-01
4.813785E+03	-1.662147E+01	7.436249E-02	1.626310E-01
4.813985E+03	-1.662173E+01	7.421537E-02	1.626307E-01
4.814185E+03	-1.662185E+01	7.398219E-02	1.626303E-01
4.814385E+03	-1.662179E+01	7.415551E-02	1.626300E-01
4.814585E+03	-1.662167E+01	7.417927E-02	1.626297E-01
4.814785E+03	-1.662153E+01	7.425910E-02	1.626293E-01
4.814985E+03	-1.662147E+01	7.441480E-02	1.626290E-01
4.815185E+03	-1.662107E+01	7.407219E-02	1.626287E-01
4.815385E+03	-1.662066E+01	7.364615E-02	1.626284E-01
4.815585E+03	-1.662057E+01	7.374159E-02	1.626280E-01
4.815785E+03	-1.662072E+01	7.376622E-02	1.626277E-01
4.815985E+03	-1.662049E+01	7.386311E-02	1.626274E-01
4.816185E+03	-1.662011E+01	7.353254E-02	1.626270E-01
4.816385E+03	-1.661991E+01	7.358798E-02	1.626267E-01
4.816586E+03	-1.661994E+01	7.368557E-02	1.626264E-01
4.816786E+03	-1.661965E+01	7.336734E-02	1.626261E-01
4.816986E+03	-1.661913E+01	7.330257E-02	1.626257E-01
4.817186E+03	-1.661852E+01	7.350907E-02	1.626254E-01
4.817386E+03	-1.661820E+01	7.350152E-02	1.626251E-01
4.817586E+03	-1.661815E+01	7.349464E-02	1.626247E-01
4.817786E+03	-1.661800E+01	7.389404E-02	1.626244E-01
4.817986E+03	-1.661769E+01	7.336480E-02	1.626241E-01
4.818186E+03	-1.661708E+01	7.320234E-02	1.626238E-01
4.818386E+03	-1.661659E+01	7.313437E-02	1.626234E-01
4.818586E+03	-1.661625E+01	7.305625E-02	1.626231E-01
4.818786E+03	-1.661636E+01	7.306983E-02	1.626228E-01
4.818986E+03	-1.661671E+01	7.324570E-02	1.626224E-01
4.819186E+03	-1.661697E+01	7.337563E-02	1.626221E-01
4.819386E+03	-1.661685E+01	7.354311E-02	1.626218E-01
4.819586E+03	-1.661668E+01	7.353977E-02	1.626215E-01
4.819786E+03	-1.661668E+01	7.372948E-02	1.626211E-01
4.819986E+03	-1.661668E+01	7.379846E-02	1.626208E-01
4.820186E+03	-1.661660E+01	7.380392E-02	1.626205E-01
4.820386E+03	-1.661660E+01	7.387576E-02	1.626201E-01
4.820586E+03	-1.661640E+01	7.413741E-02	1.626198E-01
4.820785E+03	-1.661634E+01	7.413334E-02	1.626195E-01
4.820985E+03	-1.661617E+01	7.462644E-02	1.626192E-01
4.821185E+03	-1.661617E+01	7.478434E-02	1.626188E-01
4.821386E+03	-1.661634E+01	7.476229E-02	1.626185E-01
4.821586E+03	-1.661666E+01	7.499779E-02	1.626182E-01
4.821787E+03	-1.661680E+01	7.522386E-02	1.626178E-01
4.821986E+03	-1.661651E+01	7.538957E-02	1.626175E-01
4.822186E+03	-1.661605E+01	7.514915E-02	1.626172E-01
4.822386E+03	-1.661574E+01	7.509457E-02	1.626169E-01
4.822586E+03	-1.661562E+01	7.492559E-02	1.626165E-01
4.822786E+03	-1.661583E+01	7.513813E-02	1.626162E-01
4.822986E+03	-1.661585E+01	7.493654E-02	1.626159E-01
4.823186E+03	-1.661548E+01	7.482062E-02	1.626156E-01
4.823386E+03	-1.661514E+01	7.497622E-02	1.626152E-01
4.823586E+03	-1.661502E+01	7.493641E-02	1.626149E-01
4.823786E+03	-1.661517E+01	7.484080E-02	1.626146E-01
4.823986E+03	-1.661528E+01	7.490641E-02	1.626142E-01
4.824186E+03	-1.661525E+01	7.495590E-02	1.626139E-01
4.824386E+03	-1.661500E+01	7.491143E-02	1.626136E-01
4.824586E+03	-1.661477E+01	7.493203E-02	1.626133E-01
4.824786E+03	-1.661474E+01	7.490421E-02	1.626129E-01
4.824986E+03	-1.661443E+01	7.487284E-02	1.626126E-01
4.825186E+03	-1.661397E+01	7.473979E-02	1.626123E-01
4.825386E+03	-1.661380E+01	7.457896E-02	1.626119E-01
4.825586E+03	-1.661371E+01	7.454142E-02	1.626116E-01
4.825786E+03	-1.661377E+01	7.431140E-02	1.626113E-01
4.825986E+03	-1.661403E+01	7.572944E-02	1.626110E-01
4.826186E+03	-1.661414E+01	7.630084E-02	1.626106E-01
4.826386E+03	-1.661400E+01	7.637572E-02	1.626103E-01
4.826586E+03	-1.661386E+01	7.652481E-02	1.626100E-01
4.826786E+03	-1.661397E+01	7.662776E-02	1.626096E-01
4.826986E+03	-1.661411E+01	7.666154E-02	1.626093E-01
4.827187E+03	-1.661392E+01	7.662625E-02	1.626090E-01
4.827387E+03	-1.661366E+01	7.652386E-02	1.626087E-01
4.827587E+03	-1.661366E+01	7.634406E-02	1.626083E-01
4.827787E+03	-1.661349E+01	7.642238E-02	1.626080E-01
4.827987E+03	-1.661332E+01	7.650919E-02	1.626077E-01
4.828187E+03	-1.661318E+01	7.654682E-02	1.626074E-01
4.828387E+03	-1.661300E+01	7.640552E-02	1.626070E-01
4.828587E+03	-1.661298E+01	7.636347E-02	1.626067E-01
4.828787E+03	-1.661306E+01	7.626165E-02	1.626064E-01
4.828987E+03	-1.661309E+01	7.664861E-02	1.626060E-01
4.829187E+03	-1.661289E+01	7.659632E-02	1.626057E-01
4.829387E+03	-1.661261E+01	7.653752E-02	1.626054E-01
4.829587E+03	-1.661241E+01	7.606981E-02	1.626051E-01
4.829787E+03	-1.661227E+01	7.623268E-02	1.626047E-01
4.829987E+03	-1.661207E+01	7.620343E-02	1.626044E-01
4.830187E+03	-1.661215E+01	7.656540E-02	1.626041E-01
4.830387E+03	-1.661221E+01	7.635641E-02	1.626037E-01
4.830587E+03	-1.661244E+01	7.627688E-02	1.626034E-01
4.830787E+03	-1.661269E+01	7.651840E-02	1.626031E-01
4.830987E+03	-1.661218E+01	7.651637E-02	1.626028E-01
4.831187E+03	-1.661170E+01	7.640002E-02	1.626024E-01
4.831387E+03	-1.661144E+01	7.636643E-02	1.626021E-01
4.831587E+03	-1.661122E+01	7.642299E-02	1.626018E-01
4.831787E+03	-1.661105E+01	7.635333E-02	1.626015E-01
4.831987E+03	-1.661111E+01	7.638884E-02	1.626011E-01
4.832187E+03	-1.661099E+01	7.668091E-02	1.626008E-01
4.832388E+03	-1.661068E+01	7.661736E-02	1.626005E-01
4.832588E+03	-1.661045E+01	7.656888E-02	1.626001E-01
4.832788E+03	-1.661051E+01	7.634938E-02	1.625998E-01
4.832988E+03	-1.661077E+01	7.597461E-02	1.625995E-01
4.833188E+03	-1.661040E+01	7.591302E-02	1.625992E-01
4.833387E+03	-1.660969E+01	7.567063E-02	1.625988E-01
4.833587E+03	-1.660918E+01	7.563571E-02	1.625985E-01
4.833788E+03	-1.660896E+01	7.566131E-02	1.625982E-01
4.833988E+03	-1.660893E+01	7.678003E-02	1.625979E-01
4.834188E+03	-1.660887E+01	7.665997E-02	1.625975E-01
4.834387E+03	-1.660879E+01	7.668171E-02	1.625972E-01
4.834587E+03	-1.660873E+01	7.681565E-02	1.625969E-01
4.834787E+03	-1.660862E+01	7.704678E-02	1.625965E-01
4.834987E+03	-1.660825E+01	7.701560E-02	1.625962E-01
4.835187E+03	-1.660777E+01	7.727144E-02	1.625959E-01
4.835387E+03	-1.660747E+01	7.731485E-02	1.625956E-01
4.835587E+03	-1.660738E+01	7.682721E-02	1.625952E-01
4.835787E+03	-1.660710E+01	7.642321E-02	1.625949E-01
4.835987E+03	-1.660668E+01	7.626203E-02	1.625946E-01
4.836187E+03	-1.660634E+01	7.619448E-02	1.625943E-01
4.836387E+03	-1.660603E+01	7.617681E-02	1.625939E-01
4.836587E+03	-1.660589E+01	7.618026E-02	1.625936E-01
4.836787E+03	-1.660575E+01	7.519997E-02	1.625933E-01
4.836987E+03	-1.660545E+01	7.511303E-02	1.625929E-01
4.837187E+03	-1.660494E+01	7.479097E-02	1.625926E-01
4.837387E+03	-1.660475E+01	7.476285E-02	1.625923E-01
4.837588E+03	-1.660486E+01	7.455559E-02	1.625920E-01
4.837788E+03	-1.660486E+01	7.458915E-02	1.625916E-01
4.837988E+03	-1.660464E+01	7.464298E-02	1.625913E-01
4.838188E+03	-1.660430E+01	7.459930E-02	1.625910E-01
4.838388E+03	-1.660425E+01	7.457016E-02	1.625907E-01
4.838588E+03	-1.660408E+01	7.466983E-02	1.625903E-01
4.838788E+03	-1.660388E+01	7.473949E-02	1.625900E-01
4.838988E+03	-1.660377E+01	7.474819E-02	1.625897E-01
4.839188E+03	-1.660333E+01	7.469931E-02	1.625893E-01
4.839388E+03	-1.660280E+01	7.463618E-02	1.625890E-01
4.839588E+03	-1.660235E+01	7.453193E-02	1.625887E-01
4.839788E+03	-1.660210E+01	7.451679E-02	1.625884E-01
4.839988E+03	-1.660219E+01	7.469789E-02	1.625880E-01
4.840188E+03	-1.660222E+01	7.512519E-02	1.625877E-01
4.840388E+03	-1.660202E+01	7.494430E-02	1.625874E-01
4.840588E+03	-1.660194E+01	7.453264E-02	1.625871E-01
4.840788E+03	-1.660177E+01	7.405697E-02	1.625867E-01
4.840988E+03	-1.660180E+01	7.399228E-02	1.625864E-01
4.841188E+03	-1.660166E+01	7.420459E-02	1.625861E-01
4.841388E+03	-1.660130E+01	7.415126E-02	1.625857E-01
4.841588E+03	-1.660130E+01	7.415404E-02	1.625854E-01
4.841788E+03	-1.660114E+01	7.442233E-02	1.625851E-01
4.841988E+03	-1.660080E+01	7.431826E-02	1.625848E-01
4.842188E+03	-1.660055E+01	7.427285E-02	1.625844E-01
4.842388E+03	-1.660036E+01	7.415114E-02	1.625841E-01
4.842588E+03	-1.660022E+01	7.413029E-02	1.625838E-01
4.842788E+03	-1.660006E+01	7.401623E-02	1.625835E-01
4.842989E+03	-1.660000E+01	7.373300E-02	1.625831E-01
4.843189E+03	-1.659995E+01	7.358810E-02	1.625828E-01
4.843389E+03	-1.659984E+01	7.404212E-02	1.625825E-01
4.843589E+03	-1.659951E+01	7.405190E-02	1.625822E-01
4.843789E+03	-1.659934E+01	7.380825E-02	1.625818E-01
4.843989E+03	-1.659923E+01	7.235114E-02	1.625815E-01
4.844189E+03	-1.659915E+01	7.187086E-02	1.625812E-01
4.844389E+03	-1.659912E+01	7.150749E-02	1.625808E-01
4.844589E+03	-1.659929E+01	7.139120E-02	1.625805E-01
4.844789E+03	-1.659915E+01	7.150927E-02	1.625802E-01
4.844989E+03	-1.659898E+01	7.146270E-02	1.625799E-01
4.845189E+03	-1.659904E+01	7.145799E-02	1.625795E-01
4.845389E+03	-1.659920E+01	7.148800E-02	1.625792E-01
4.845588E+03	-1.659932E+01	7.150618E-02	1.625789E-01
4.845788E+03	-1.659923E+01	7.145390E-02	1.625786E-01
4.845989E+03	-1.659923E+01	7.142905E-02	1.625782E-01
4.846189E+03	-1.659923E+01	7.147874E-02	1.625779E-01
4.846389E+03	-1.659899E+01	7.146822E-02	1.625776E-01
4.846588E+03	-1.659865E+01	7.098641E-02	1.625773E-01
4.846788E+03	-1.659843E+01	7.057559E-02	1.625769E-01
4.846988E+03	-1.659802E+01	7.008728E-02	1.625766E-01
4.847188E+03	-1.659791E+01	6.948327E-02	1.625763E-01
4.847388E+03	-1.659797E+01	6.963796E-02	1.625759E-01
4.847588E+03	-1.659791E+01	6.970069E-02	1.625756E-01
4.847788E+03	-1.659780E+01	6.993618E-02	1.625753E-01
4.847988E+03	-1.659764E+01	6.934848E-02	1.625750E-01
4.848189E+03	-1.659758E+01	6.888317E-02	1.625746E-01
4.848389E+03	-1.659742E+01	6.900545E-02	1.625743E-01
4.848589E+03	-1.659742E+01	6.878826E-02	1.625740E-01
4.848789E+03	-1.659734E+01	6.876970E-02	1.625737E-01
4.848989E+03	-1.659682E+01	6.885184E-02	1.625733E-01
4.849189E+03	-1.659635E+01	6.877794E-02	1.625730E-01
4.849389E+03	-1.659588E+01	6.866580E-02	1.625726E-01
4.849589E+03	-1.659550E+01	6.847657E-02	1.625723E-01
4.849789E+03	-1.659547E+01	6.843394E-02	1.625720E-01
4.849989E+03	-1.659528E+01	6.858706E-02	1.625716E-01
4.850189E+03	-1.659509E+01	6.874550E-02	1.625713E-01
4.850389E+03	-1.659517E+01	6.878039E-02	1.625710E-01
4.850589E+03	-1.659539E+01	6.893271E-02	1.625706E-01
4.850789E+03	-1.659550E+01	6.885156E-02	1.625703E-01
4.850989E+03	-1.659534E+01	6.872976E-02	1.625700E-01
4.851189E+03	-1.659509E+01	6.912014E-02	1.625696E-01
4.851389E+03	-1.659487E+01	6.907442E-02	1.625693E-01
4.851589E+03	-1.659471E+01	6.830521E-02	1.625689E-01
4.851789E+03	-1.659447E+01	6.775594E-02	1.625686E-01
4.851989E+03	-1.659417E+01	6.769002E-02	1.625683E-01
4.852189E+03	-1.659384E+01	6.750816E-02	1.625679E-01
4.852389E+03	-1.659332E+01	6.745221E-02	1.625676E-01
4.852589E+03	-1.659291E+01	6.712763E-02	1.625673E-01
4.852789E+03	-1.659270E+01	6.703146E-02	1.625669E-01
4.852989E+03	-1.659270E+01	6.709129E-02	1.625666E-01
4.853189E+03	-1.659289E+01	6.714247E-02	1.625662E-01
4.853390E+03	-1.659319E+01	6.719148E-02	1.625659E-01
4.853590E+03	-1.659357E+01	6.755845E-02	1.625656E-01
4.853790E+03	-1.659365E+01	6.789004E-02	1.625652E-01
4.853990E+03	-1.659343E+01	6.786142E-02	1.625649E-01
4.854190E+03	-1.659335E+01	6.787585E-02	1.625646E-01
4.854390E+03	-1.659341E+01	6.785716E-02	1.625642E-01
4.854590E+03	-1.659330E+01	6.701498E-02	1.625639E-01
4.854790E+03	-1.659319E+01	6.657076E-02	1.625635E-01
4.854990E+03	-1.659303E+01	6.671445E-02	1.625632E-01
4.855190E+03	-1.659281E+01	6.675446E-02	1.625629E-01
4.855390E+03	-1.659251E+01	6.664327E-02	1.625625E-01
4.855590E+03	-1.659229E+01	6.687890E-02	1.625622E-01
4.855790E+03	-1.659202E+01	6.697557E-02	1.625619E-01
4.855990E+03	-1.659170E+01	6.698505E-02	1.625615E-01
4.856190E+03	-1.659151E+01	6.724867E-02	1.625612E-01
4.856390E+03	-1.659151E+01	6.750088E-02	1.625608E-01
4.856590E+03	-1.659134E+01	6.673279E-02	1.625605E-01
4.856790E+03	-1.659107E+01	6.639857E-02	1.625602E-01
4.856990E+03	-1.659102E+01	6.625485E-02	1.625598E-01
4.857190E+03	-1.659107E+01	6.628750E-02	1.625595E-01
4.857390E+03	-1.659124E+01	6.521195E-02	1.625592E-01
4.857590E+03	-1.659145E+01	6.376396E-02	1.625588E-01
4.857789E+03	-1.659148E+01	6.298694E-02	1.625585E-01
4.857989E+03	-1.659146E+01	6.289895E-02	1.625581E-01
4.858190E+03	-1.659154E+01	6.286463E-02	1.625578E-01
4.858390E+03	-1.659173E+01	6.266420E-02	1.625575E-01
4.858591E+03	-1.659184E+01	6.246816E-02	1.625571E-01
4.858790E+03	-1.659176E+01	6.226382E-02	1.625568E-01
4.858990E+03	-1.659176E+01	6.207658E-02	1.625565E-01
4.859190E+03	-1.659184E+01	6.190365E-02	1.625561E-01
4.859390E+03	-1.659203E+01	6.175699E-02	1.625558E-01
4.859590E+03	-1.659189E+01	6.157482E-02	1.625555E-01
4.859790E+03	-1.659168E+01	6.139211E-02	1.625551E-01
4.859990E+03	-1.659143E+01	6.122206E-02	1.625548E-01
4.860190E+03	-1.659132E+01	6.108477E-02	1.625544E-01
4.860390E+03	-1.659173E+01	6.104434E-02	1.625541E-01
4.860590E+03	-1.659168E+01	6.096076E-02	1.625538E-01
4.860790E+03	-1.659130E+01	6.090750E-02	1.625534E-01
4.860990E+03	-1.659114E+01	6.090908E-02	1.625531E-01
4.861190E+03	-1.659130E+01	6.067709E-02	1.625528E-01
4.861390E+03	-1.659162E+01	6.062221E-02	1.625524E-01
4.861590E+03	-1.659195E+01	6.066496E-02	1.625521E-01
4.861790E+03	-1.659195E+01	6.044778E-02	1.625517E-01
4.861990E+03	-1.659163E+01	6.041875E-02	1.625514E-01
4.862190E+03	-1.659154E+01	6.078170E-02	1.625511E-01
4.862390E+03	-1.659146E+01	6.108215E-02	1.625507E-01
4.862590E+03	-1.659144E+01	6.111630E-02	1.625504E-01
4.862790E+03	-1.659155E+01	6.123464E-02	1.625501E-01
4.862990E+03	-1.659168E+01	6.115882E-02	1.625497E-01
4.863190E+03	-1.659165E+01	6.118212E-02	1.625494E-01
4.863390E+03	-1.659160E+01	6.104698E-02	1.625491E-01
4.863590E+03	-1.659165E+01	6.108444E-02	1.625487E-01
4.863790E+03	-1.659190E+01	6.099938E-02	1.625484E-01
4.863991E+03	-1.659217E+01	6.099136E-02	1.625480E-01
4.864191E+03	-1.659263E+01	6.104811E-02	1.625477E-01
4.864391E+03	-1.659291E+01	6.105368E-02	1.625474E-01
4.864591E+03	-1.659288E+01	6.075605E-02	1.625470E-01
4.864791E+03	-1.659263E+01	6.089312E-02	1.625467E-01
4.864991E+03	-1.659250E+01	6.027609E-02	1.625464E-01
4.865191E+03	-1.659220E+01	6.038672E-02	1.625460E-01
4.865391E+03	-1.659185E+01	6.033767E-02	1.625457E-01
4.865591E+03	-1.659169E+01	6.058093E-02	1.625454E-01
4.865791E+03	-1.659147E+01	6.033918E-02	1.625450E-01
4.865991E+03	-1.659125E+01	6.008139E-02	1.625447E-01
4.866191E+03	-1.659131E+01	5.999401E-02	1.625443E-01
4.866391E+03	-1.659144E+01	6.003442E-02	1.625440E-01
4.866591E+03	-1.659150E+01	6.029412E-02	1.625437E-01
4.866791E+03	-1.659133E+01	6.009807E-02	1.625433E-01
4.866991E+03	-1.659115E+01	6.013955E-02	1.625430E-01
4.867191E+03	-1.659112E+01	6.012768E-02	1.625427E-01
4.867391E+03	-1.659117E+01	6.026253E-02	1.625423E-01
4.867591E+03	-1.659093E+01	6.047516E-02	1.625420E-01
4.867791E+03	-1.659088E+01	6.039722E-02	1.625417E-01
4.867991E+03	-1.659093E+01	6.045891E-02	1.625413E-01
4.868191E+03	-1.659099E+01	6.045291E-02	1.625410E-01
4.868391E+03	-1.659090E+01	6.037661E-02	1.625406E-01
4.868591E+03	-1.659093E+01	6.041288E-02	1.625403E-01
4.868791E+03	-1.659096E+01	6.050872E-02	1.625400E-01
4.868991E+03	-1.659101E+01	6.060026E-02	1.625396E-01
4.869192E+03	-1.659088E+01	6.058407E-02	1.625393E-01
4.869392E+03	-1.659072E+01	6.066156E-02	1.625390E-01
4.869592E+03	-1.659077E+01	6.044442E-02	1.625386E-01
4.869792E+03	-1.659085E+01	6.083753E-02	1.625383E-01
4.869992E+03	-1.659085E+01	5.922643E-02	1.625380E-01
4.870191E+03	-1.659091E+01	5.855949E-02	1.625376E-01
4.870391E+03	-1.659129E+01	5.839383E-02	1.625373E-01
4.870592E+03	-1.659148E+01	5.816446E-02	1.625369E-01
4.870792E+03	-1.659126E+01	5.807849E-02	1.625366E-01
4.870991E+03	-1.659107E+01	5.804500E-02	1.625363E-01
4.871191E+03	-1.659104E+01	5.820393E-02	1.625359E-01
4.871391E+03	-1.659115E+01	5.872786E-02	1.625356E-01
4.871591E+03	-1.659094E+01	5.908854E-02	1.625353E-01
4.871791E+03	-1.659064E+01	5.889376E-02	1.625349E-01
4.871991E+03	-1.659053E+01	5.849485E-02	1.625346E-01
4.872191E+03	-1.659059E+01	5.866181E-02	1.625343E-01
4.872391E+03	-1.659059E+01	5.907312E-02	1.625339E-01
4.872591E+03	-1.659061E+01	5.950980E-02	1.625336E-01
4.872791E+03	-1.659075E+01	5.978555E-02	1.625333E-01
4.872991E+03	-1.659091E+01	5.932317E-02	1.625329E-01
4.873191E+03	-1.659113E+01	5.921461E-02	1.625326E-01
4.873391E+03	-1.659129E+01	5.936145E-02	1.625322E-01
4.873591E+03	-1.659132E+01	5.932450E-02	1.625319E-01
4.873791E+03	-1.659116E+01	5.915596E-02	1.625316E-01
4.873991E+03	-1.659089E+01	5.923553E-02	1.625312E-01
4.874191E+03	-1.659083E+01	5.881117E-02	1.625309E-01
4.874392E+03	-1.659081E+01	5.862883E-02	1.625306E-01
4.874592E+03	-1.659091E+01	5.878697E-02	1.625302E-01
4.874792E+03	-1.659083E+01	5.845649E-02	1.625299E-01
4.874992E+03	-1.659056E+01	5.831452E-02	1.625296E-01
4.875192E+03	-1.659040E+01	5.839550E-02	1.625292E-01
4.875392E+03	-1.659029E+01	5.836203E-02	1.625289E-01
4.875592E+03	-1.659032E+01	5.829265E-02	1.625285E-01
4.875792E+03	-1.659029E+01	5.838907E-02	1.625282E-01
4.875992E+03	-1.659016E+01	5.813570E-02	1.625279E-01
4.876192E+03	-1.659016E+01	5.760314E-02	1.625275E-01
4.876392E+03	-1.658981E+01	5.757548E-02	1.625272E-01
4.876592E+03	-1.658943E+01	5.751190E-02	1.625269E-01
4.876792E+03	-1.658965E+01	5.749730E-02	1.625265E-01
4.876992E+03	-1.658981E+01	5.753766E-02	1.625262E-01
4.877192E+03	-1.658978E+01	5.750438E-02	1.625259E-01
4.877392E+03	-1.658970E+01	5.747475E-02	1.625255E-01
4.877592E+03	-1.658968E+01	5.741447E-02	1.625252E-01
4.877792E+03	-1.658968E+01	5.737127E-02	1.625249E-01
4.877992E+03	-1.658989E+01	5.668927E-02	1.625245E-01
4.878192E+03	-1.658987E+01	5.689917E-02	1.625242E-01
4.878392E+03	-1.658968E+01	5.675828E-02	1.625239E-01
4.878592E+03	-1.658970E+01	5.678341E-02	1.625235E-01
4.878792E+03	-1.658997E+01	5.645936E-02	1.625232E-01
4.878992E+03	-1.659019E+01	5.637934E-02	1.625228E-01
4.879192E+03	-1.659016E+01	5.598924E-02	1.625225E-01
4.879392E+03	-1.658968E+01	5.606701E-02	1.625222E-01
4.879592E+03	-1.658919E+01	5.654919E-02	1.625218E-01
4.879793E+03	-1.658895E+01	5.643402E-02	1.625215E-01
4.879993E+03	-1.658919E+01	5.647365E-02	1.625212E-01
4.880193E+03	-1.658941E+01	5.656111E-02	1.625208E-01
4.880393E+03	-1.658933E+01	5.634550E-02	1.625205E-01
4.880593E+03	-1.658919E+01	5.600433E-02	1.625202E-01
4.880793E+03	-1.658898E+01	5.570693E-02	1.625198E-01
4.880993E+03	-1.658882E+01	5.565385E-02	1.625195E-01
4.881193E+03	-1.658906E+01	5.511327E-02	1.625192E-01
4.881393E+03	-1.658949E+01	5.515998E-02	1.625188E-01
4.881593E+03	-1.658966E+01	5.523997E-02	1.625185E-01
4.881793E+03	-1.658966E+01	5.511305E-02	1.625181E-01
4.881993E+03	-1.658966E+01	5.494296E-02	1.625178E-01
4.882193E+03	-1.658947E+01	5.500002E-02	1.625175E-01
4.882392E+03	-1.658933E+01	5.498833E-02	1.625171E-01
4.882592E+03	-1.658936E+01	5.492160E-02	1.625168E-01
4.882792E+03	-1.658925E+01	5.469753E-02	1.625165E-01
4.882993E+03	-1.658917E+01	5.470352E-02	1.625161E-01
4.883192E+03	-1.658898E+01	5.492240E-02	1.625158E-01
4.883392E+03	-1.658882E+01	5.492890E-02	1.625155E-01
4.883592E+03	-1.658888E+01	5.493841E-02	1.625151E-01
4.883792E+03	-1.658882E+01	5.495315E-02	1.625148E-01
4.883992E+03	-1.658834E+01	5.462534E-02	1.625145E-01
4.884192E+03	-1.658812E+01	5.478124E-02	1.625141E-01
4.884392E+03	-1.658799E+01	5.531296E-02	1.625138E-01
4.884592E+03	-1.658791E+01	5.520854E-02	1.625135E-01
4.884792E+03	-1.658788E+01	5.518899E-02	1.625131E-01
4.884993E+03	-1.658772E+01	5.550722E-02	1.625128E-01
4.885193E+03	-1.658756E+01	5.569082E-02	1.625125E-01
4.885393E+03	-1.658748E+01	5.568586E-02	1.625121E-01
4.885593E+03	-1.658759E+01	5.570233E-02	1.625118E-01
4.885793E+03	-1.658761E+01	5.535641E-02	1.625114E-01
4.885993E+03	-1.658740E+01	5.529410E-02	1.625111E-01
4.886193E+03	-1.658721E+01	5.531045E-02	1.625108E-01
4.886393E+03	-1.658716E+01	5.516402E-02	1.625104E-01
4.886593E+03	-1.658716E+01	5.522576E-02	1.625101E-01
4.886793E+03	-1.658711E+01	5.504982E-02	1.625098E-01
4.886993E+03	-1.658705E+01	5.503496E-02	1.625094E-01
4.887193E+03	-1.658695E+01	5.480669E-02	1.625091E-01
4.887393E+03	-1.658700E+01	5.433311E-02	1.625088E-01
4.887593E+03	-1.658689E+01	5.446455E-02	1.625084E-01
4.887793E+03	-1.658681E+01	5.515460E-02	1.625081E-01
4.887993E+03	-1.658697E+01	5.559366E-02	1.625078E-01
4.888193E+03	-1.658708E+01	5.554030E-02	1.625074E-01
4.888393E+03	-1.658703E+01	5.563810E-02	1.625071E-01
4.888593E+03	-1.658679E+01	5.560985E-02	1.625068E-01
4.888793E+03	-1.658676E+01	5.538650E-02	1.625064E-01
4.888993E+03	-1.658698E+01	5.537361E-02	1.625061E-01
4.889193E+03	-1.658706E+01	5.548588E-02	1.625058E-01
4.889393E+03	-1.658695E+01	5.547753E-02	1.625054E-01
4.889593E+03	-1.658682E+01	5.561865E-02	1.625051E-01
4.889793E+03	-1.658639E+01	5.556375E-02	1.625047E-01
4.889993E+03	-1.658628E+01	5.568669E-02	1.625044E-01
4.890194E+03	-1.658633E+01	5.592668E-02	1.625041E-01
4.890394E+03	-1.658623E+01	5.566107E-02	1.625037E-01
4.890594E+03	-1.658607E+01	5.561638E-02	1.625034E-01
4.890794E+03	-1.658577E+01	5.596938E-02	1.625031E-01
4.890994E+03	-1.658553E+01	5.624593E-02	1.625027E-01
4.891194E+03	-1.658553E+01	5.623523E-02	1.625024E-01
4.891394E+03	-1.658564E+01	5.624106E-02	1.625021E-01
4.891594E+03	-1.658556E+01	5.615578E-02	1.625017E-01
4.891794E+03	-1.658551E+01	5.595363E-02	1.625014E-01
4.891994E+03	-1.658561E+01	5.625632E-02	1.625011E-01
4.892194E+03	-1.658561E+01	5.731564E-02	1.625007E-01
4.892394E+03	-1.658529E+01	5.731070E-02	1.625004E-01
4.892594E+03	-1.658511E+01	5.737955E-02	1.625001E-01
4.892794E+03	-1.658508E+01	5.760046E-02	1.624997E-01
4.892994E+03	-1.658495E+01	5.736105E-02	1.624994E-01
4.893194E+03	-1.658497E+01	5.804837E-02	1.624991E-01
4.893394E+03	-1.658506E+01	5.797360E-02	1.624987E-01
4.893594E+03	-1.658498E+01	5.783470E-02	1.624984E-01
4.893794E+03	-1.658482E+01	5.781070E-02	1.624981E-01
4.893994E+03	-1.658490E+01	5.766379E-02	1.624977E-01
4.894194E+03	-1.658476E+01	5.746718E-02	1.624974E-01
4.894394E+03	-1.658442E+01	5.742129E-02	1.624971E-01
4.894593E+03	-1.658423E+01	5.723931E-02	1.624967E-01
4.894793E+03	-1.658404E+01	5.717741E-02	1.624964E-01
4.894993E+03	-1.658394E+01	5.748314E-02	1.624960E-01
4.895194E+03	-1.658402E+01	5.718989E-02	1.624957E-01
4.895395E+03	-1.658404E+01	5.676160E-02	1.624954E-01
4.895594E+03	-1.658365E+01	5.681857E-02	1.624950E-01
4.895794E+03	-1.658354E+01	5.678600E-02	1.624947E-01
4.895994E+03	-1.658343E+01	5.653520E-02	1.624944E-01
4.896194E+03	-1.658343E+01	5.652988E-02	1.624940E-01
4.896394E+03	-1.658367E+01	5.667293E-02	1.624937E-01
4.896594E+03	-1.658375E+01	5.686982E-02	1.624934E-01
4.896794E+03	-1.658354E+01	5.740100E-02	1.624930E-01
4.896994E+03	-1.658354E+01	5.758202E-02	1.624927E-01
4.897194E+03	-1.658367E+01	5.794589E-02	1.624924E-01
4.897394E+03	-1.658362E+01	5.862842E-02	1.624920E-01
4.897594E+03	-1.658338E+01	5.830069E-02	1.624917E-01
4.897794E+03	-1.658301E+01	5.797153E-02	1.624914E-01
4.897994E+03	-1.658275E+01	5.788823E-02	1.624910E-01
4.898194E+03	-1.658261E+01	5.823975E-02	1.624907E-01
4.898394E+03	-1.658243E+01	5.824138E-02	1.624904E-01
4.898594E+03	-1.658221E+01	5.842259E-02	1.624900E-01
4.898794E+03	-1.658216E+01	5.830400E-02	1.624897E-01
4.898994E+03	-1.658227E+01	5.772366E-02	1.624894E-01
4.899194E+03	-1.658245E+01	5.761292E-02	1.624890E-01
4.899394E+03	-1.658261E+01	5.774031E-02	1.624887E-01
4.899594E+03	-1.658254E+01	5.762349E-02	1.624884E-01
4.899794E+03	-1.658240E+01	5.742265E-02	1.624880E-01
4.899994E+03	-1.658238E+01	5.724392E-02	1.624877E-01
4.900194E+03	-1.658232E+01	5.684135E-02	1.624874E-01
4.900394E+03	-1.658219E+01	5.652409E-02	1.624870E-01
4.900594E+03	-1.658217E+01	5.648349E-02	1.624867E-01
4.900795E+03	-1.658217E+01	5.664538E-02	1.624864E-01
4.900995E+03	-1.658206E+01	5.664745E-02	1.624860E-01
4.901195E+03	-1.658211E+01	5.748226E-02	1.624857E-01
4.901395E+03	-1.658214E+01	5.757599E-02	1.624854E-01
4.901595E+03	-1.658161E+01	5.752957E-02	1.624850E-01
4.901795E+03	-1.658113E+01	5.747439E-02	1.624847E-01
4.901995E+03	-1.658079E+01	5.743153E-02	1.624844E-01
4.902195E+03	-1.658066E+01	5.755422E-02	1.624840E-01
4.902395E+03	-1.658071E+01	5.758238E-02	1.624837E-01
4.902595E+03	-1.658034E+01	5.750691E-02	1.624834E-01
4.902795E+03	-1.657987E+01	5.739115E-02	1.624830E-01
4.902995E+03	-1.657995E+01	5.736466E-02	1.624827E-01
4.903195E+03	-1.658010E+01	5.736713E-02	1.624823E-01
4.903395E+03	-1.657987E+01	5.733044E-02	1.624820E-01
4.903595E+03	-1.657955E+01	5.729130E-02	1.624817E-01
4.903795E+03	-1.657939E+01	5.727834E-02	1.624813E-01
4.903995E+03	-1.657937E+01	5.728804E-02	1.624810E-01
4.904195E+03	-1.657924E+01	5.728384E-02	1.624807E-01
4.904395E+03	-1.657905E+01	5.727269E-02	1.624803E-01
4.904595E+03	-1.657900E+01	5.727627E-02	1.624800E-01
4.904795E+03	-1.657874E+01	5.724419E-02	1.624797E-01
4.904995E+03	-1.657868E+01	5.722672E-02	1.624793E-01
4.905195E+03	-1.657879E+01	5.718267E-02	1.624790E-01
4.905395E+03	-1.657858E+01	5.714179E-02	1.624787E-01
4.905595E+03	-1.657847E+01	5.717530E-02	1.624783E-01
4.905795E+03	-1.657832E+01	5.687308E-02	1.624780E-01
4.905996E+03	-1.657805E+01	5.689651E-02	1.624777E-01
4.906196E+03	-1.657784E+01	5.668242E-02	1.624773E-01
4.906396E+03	-1.657790E+01	5.666826E-02	1.624770E-01
4.906596E+03	-1.657808E+01	5.671856E-02	1.624767E-01
4.906796E+03	-1.657821E+01	5.678832E-02	1.624763E-01
4.906995E+03	-1.657821E+01	5.685405E-02	1.624760E-01
4.907195E+03	-1.657808E+01	5.670804E-02	1.624757E-01
4.907395E+03	-1.657787E+01	5.664381E-02	1.624753E-01
4.907596E+03	-1.657756E+01	5.655019E-02	1.624750E-01
4.907795E+03	-1.657735E+01	5.649395E-02	1.624747E-01
4.907995E+03	-1.657724E+01	5.648817E-02	1.624743E-01
4.908195E+03	-1.657709E+01	5.646771E-02	1.624740E-01
4.908395E+03	-1.657672E+01	5.638070E-02	1.624737E-01
4.908595E+03	-1.657646E+01	5.638860E-02	1.624733E-01
4.908795E+03	-1.657651E+01	5.657091E-02	1.624730E-01
4.908995E+03	-1.657664E+01	5.655392E-02	1.624727E-01
4.909195E+03	-1.657667E+01	5.622979E-02	1.624723E-01
4.909395E+03	-1.657654E+01	5.632546E-02	1.624720E-01
4.909595E+03	-1.657628E+01	5.590145E-02	1.624717E-01
4.909795E+03	-1.657638E+01	5.608774E-02	1.624713E-01
4.909995E+03	-1.657670E+01	5.623580E-02	1.624710E-01
4.910195E+03	-1.657670E+01	5.623580E-02	1.624707E-01
4.910395E+03	-1.657677E+01	5.632723E-02	1.624703E-01
4.910595E+03	-1.657688E+01	5.606556E-02	1.624700E-01
4.910795E+03	-1.657691E+01	5.603749E-02	1.624697E-01
4.910995E+03	-1.657688E+01	5.596333E-02	1.624693E-01
4.911196E+03	-1.657680E+01	5.589289E-02	1.624690E-01
4.911396E+03	-1.657683E+01	5.546115E-02	1.624687E-01
4.911596E+03	-1.657672E+01	5.551065E-02	1.624683E-01
4.911796E+03	-1.657646E+01	5.563695E-02	1.624680E-01
4.911996E+03	-1.657618E+01	5.554247E-02	1.624677E-01
4.912196E+03	-1.657604E+01	5.574553E-02	1.624673E-01
4.912396E+03	-1.657589E+01	5.581431E-02	1.624670E-01
4.912596E+03	-1.657563E+01	5.574674E-02	1.624667E-01
4.912796E+03	-1.657539E+01	5.568783E-02	1.624663E-01
4.912996E+03	-1.657474E+01	5.553636E-02	1.624660E-01
4.913196E+03	-1.657414E+01	5.586355E-02	1.624657E-01
4.913396E+03	-1.657406E+01	5.572325E-02	1.624653E-01
4.913596E+03	-1.657385E+01	5.580066E-02	1.624650E-01
4.913796E+03	-1.657344E+01	5.542209E-02	1.624647E-01
4.913996E+03	-1.657347E+01	5.542021E-02	1.624643E-01
4.914196E+03	-1.657349E+01	5.529088E-02	1.624640E-01
4.914396E+03	-1.657339E+01	5.522821E-02	1.624637E-01
4.914596E+03	-1.657302E+01	5.518974E-02	1.624633E-01
4.914796E+03	-1.657289E+01	5.507454E-02	1.624630E-01
4.914996E+03	-1.657292E+01	5.514018E-02	1.624627E-01
4.915196E+03	-1.657269E+01	5.557007E-02	1.624623E-01
4.915396E+03	-1.657230E+01	5.540097E-02	1.624620E-01
4.915596E+03	-1.657186E+01	5.570236E-02	1.624617E-01
4.915796E+03	-1.657175E+01	5.625385E-02	1.624613E-01
4.915996E+03	-1.657173E+01	5.624014E-02	1.624610E-01
4.916196E+03	-1.657152E+01	5.600875E-02	1.624607E-01
4.916397E+03	-1.657134E+01	5.558679E-02	1.624603E-01
4.916597E+03	-1.657134E+01	5.543925E-02	1.624600E-01
4.916797E+03	-1.657119E+01	5.561867E-02	1.624597E-01
4.916997E+03	-1.657106E+01	5.568229E-02	1.624593E-01
4.917197E+03	-1.657116E+01	5.568779E-02	1.624590E-01
4.917397E+03	-1.657134E+01	5.594397E-02	1.624587E-01
4.917597E+03	-1.657145E+01	5.610748E-02	1.624583E-01
4.917797E+03	-1.657155E+01	5.610015E-02	1.624580E-01
4.917997E+03	-1.657165E+01	5.598660E-02	1.624577E-01
4.918197E+03	-1.657147E+01	5.598136E-02	1.624573E-01
4.918397E+03	-1.657140E+01	5.619139E-02	1.624570E-01
4.918597E+03	-1.657150E+01	5.640934E-02	1.624567E-01
4.918797E+03	-1.657145E+01	5.649322E-02	1.624563E-01
4.918997E+03	-1.657135E+01	5.647199E-02	1.624560E-01
4.919197E+03	-1.657122E+01	5.634650E-02	1.624557E-01
4.919396E+03	-1.657101E+01	5.635328E-02	1.624554E-01
4.919596E+03	-1.657086E+01	5.661496E-02	1.624550E-01
4.919797E+03	-1.657075E+01	5.691165E-02	1.624547E-01
4.919996E+03	-1.657057E+01	5.686728E-02	1.624544E-01
4.920196E+03	-1.657037E+01	5.688155E-02	1.624540E-01
4.920396E+03	-1.657042E+01	5.685474E-02	1.624537E-01
4.920596E+03	-1.657078E+01	5.691504E-02	1.624534E-01
4.920796E+03	-1.657099E+01	5.689043E-02	1.624530E-01
4.920996E+03	-1.657127E+01	5.692513E-02	1.624527E-01
4.921196E+03	-1.657138E+01	5.703705E-02	1.624524E-01
4.921396E+03	-1.657117E+01	5.705387E-02	1.624520E-01
4.921596E+03	-1.657117E+01	5.705646E-02	1.624517E-01
4.921797E+03	-1.657117E+01	5.694261E-02	1.624514E-01
4.921997E+03	-1.657125E+01	5.629811E-02	1.624510E-01
4.922197E+03	-1.657145E+01	5.677282E-02	1.624507E-01
4.922397E+03	-1.657145E+01	5.689969E-02	1.624504E-01
4.922597E+03	-1.657114E+01	5.668051E-02	1.624500E-01
4.922797E+03	-1.657083E+01	5.670723E-02	1.624497E-01
4.922997E+03	-1.657091E+01	5.671995E-02	1.624494E-01
4.923197E+03	-1.657096E+01	5.674482E-02	1.624490E-01
4.923397E+03	-1.657055E+01	5.649963E-02	1.624487E-01
4.923597E+03	-1.657014E+01	5.615941E-02	1.624484E-01
4.923797E+03	-1.657009E+01	5.617596E-02	1.624480E-01
4.923997E+03	-1.657006E+01	5.619069E-02	1.624477E-01
4.924197E+03	-1.656998E+01	5.612907E-02	1.624474E-01
4.924397E+03	-1.657014E+01	5.614909E-02	1.624470E-01
4.924597E+03	-1.657050E+01	5.617001E-02	1.624467E-01
4.924797E+03	-1.657079E+01	5.639288E-02	1.624464E-01
4.924997E+03	-1.657094E+01	5.645698E-02	1.624460E-01
4.925197E+03	-1.657097E+01	5.646551E-02	1.624457E-01
4.925397E+03	-1.657094E+01	5.658111E-02	1.624454E-01
4.925597E+03	-1.657089E+01	5.654335E-02	1.624450E-01
4.925797E+03	-1.657099E+01	5.689819E-02	1.624447E-01
4.925997E+03	-1.657125E+01	5.721156E-02	1.624444E-01
4.926197E+03	-1.657149E+01	5.714128E-02	1.624440E-01
4.926397E+03	-1.657167E+01	5.724543E-02	1.624437E-01
4.926597E+03	-1.657175E+01	5.750696E-02	1.624434E-01
4.926797E+03	-1.657170E+01	5.746125E-02	1.624431E-01
4.926998E+03	-1.657162E+01	5.786795E-02	1.624427E-01
4.927198E+03	-1.657136E+01	5.756167E-02	1.624424E-01
4.927398E+03	-1.657120E+01	5.743761E-02	1.624421E-01
4.927598E+03	-1.657120E+01	5.743243E-02	1.624417E-01
4.927798E+03	-1.657141E+01	5.748829E-02	1.624414E-01
4.927998E+03	-1.657136E+01	5.745814E-02	1.624411E-01
4.928198E+03	-1.657136E+01	5.680072E-02	1.624407E-01
4.928398E+03	-1.657136E+01	5.624939E-02	1.624404E-01
4.928598E+03	-1.657118E+01	5.616644E-02	1.624401E-01
4.928798E+03	-1.657110E+01	5.624437E-02	1.624397E-01
4.928998E+03	-1.657113E+01	5.602265E-02	1.624394E-01
4.929198E+03	-1.657103E+01	5.565238E-02	1.624391E-01
4.929398E+03	-1.657077E+01	5.563218E-02	1.624387E-01
4.929598E+03	-1.657056E+01	5.561346E-02	1.624384E-01
4.929798E+03	-1.657067E+01	5.567581E-02	1.624381E-01
4.929998E+03	-1.657090E+01	5.634426E-02	1.624377E-01
4.930198E+03	-1.657105E+01	5.662563E-02	1.624374E-01
4.930398E+03	-1.657098E+01	5.696203E-02	1.624371E-01
4.930598E+03	-1.657093E+01	5.707420E-02	1.624367E-01
4.930798E+03	-1.657087E+01	5.702346E-02	1.624364E-01
4.930998E+03	-1.657090E+01	5.709924E-02	1.624361E-01
4.931198E+03	-1.657093E+01	5.720089E-02	1.624357E-01
4.931398E+03	-1.657080E+01	5.724076E-02	1.624354E-01
4.931597E+03	-1.657067E+01	5.693945E-02	1.624351E-01
4.931797E+03	-1.657051E+01	5.630433E-02	1.624347E-01
4.931998E+03	-1.657033E+01	5.590649E-02	1.624344E-01
4.932198E+03	-1.657020E+01	5.612737E-02	1.624341E-01
4.932398E+03	-1.657010E+01	5.603401E-02	1.624338E-01
4.932598E+03	-1.657002E+01	5.594920E-02	1.624334E-01
4.932798E+03	-1.656984E+01	5.590273E-02	1.624331E-01
4.932998E+03	-1.656964E+01	5.602309E-02	1.624328E-01
4.933198E+03	-1.656964E+01	5.614685E-02	1.624324E-01
4.933398E+03	-1.656956E+01	5.612654E-02	1.624321E-01
4.933598E+03	-1.656936E+01	5.602005E-02	1.624318E-01
4.933798E+03	-1.656948E+01	5.603667E-02	1.624314E-01
4.933998E+03	-1.656949E+01	5.585368E-02	1.624311E-01
4.934198E+03	-1.656933E+01	5.537009E-02	1.624308E-01
4.934398E+03	-1.656910E+01	5.522726E-02	1.624304E-01
4.934598E+03	-1.656897E+01	5.535246E-02	1.624301E-01
4.934798E+03	-1.656902E+01	5.494714E-02	1.624298E-01
4.934998E+03	-1.656907E+01	5.455457E-02	1.624294E-01
4.935198E+03	-1.656902E+01	5.452493E-02	1.624291E-01
4.935398E+03	-1.656897E+01	5.440520E-02	1.624288E-01
4.935598E+03	-1.656895E+01	5.436852E-02	1.624284E-01
4.935798E+03	-1.656874E+01	5.419870E-02	1.624281E-01
4.935998E+03	-1.656830E+01	5.385119E-02	1.624278E-01
4.936198E+03	-1.656807E+01	5.257155E-02	1.624274E-01
4.936398E+03	-1.656831E+01	5.235796E-02	1.624271E-01
4.936598E+03	-1.656843E+01	5.237603E-02	1.624268E-01
4.936798E+03	-1.656828E+01	5.224434E-02	1.624265E-01
4.936998E+03	-1.656810E+01	5.218418E-02	1.624261E-01
4.937198E+03	-1.656800E+01	5.137311E-02	1.624258E-01
4.937399E+03	-1.656784E+01	5.134205E-02	1.624255E-01
4.937599E+03	-1.656782E+01	5.151360E-02	1.624251E-01
4.937799E+03	-1.656813E+01	5.159383E-02	1.624248E-01
4.937999E+03	-1.656839E+01	5.171433E-02	1.624245E-01
4.938199E+03	-1.656846E+01	5.200889E-02	1.624241E-01
4.938399E+03	-1.656851E+01	5.202019E-02	1.624238E-01
4.938599E+03	-1.656844E+01	5.201866E-02	1.624235E-01
4.938799E+03	-1.656839E+01	5.203050E-02	1.624231E-01
4.938999E+03	-1.656844E+01	5.170245E-02	1.624228E-01
4.939199E+03	-1.656849E+01	5.151316E-02	1.624225E-01
4.939399E+03	-1.656839E+01	5.200223E-02	1.624221E-01
4.939599E+03	-1.656808E+01	5.241999E-02	1.624218E-01
4.939799E+03	-1.656782E+01	5.276126E-02	1.624215E-01
4.939999E+03	-1.656785E+01	5.274898E-02	1.624212E-01
4.940199E+03	-1.656800E+01	5.277540E-02	1.624208E-01
4.940399E+03	-1.656808E+01	5.263063E-02	1.624205E-01
4.940599E+03	-1.656800E+01	5.238244E-02	1.624202E-01
4.940799E+03	-1.656775E+01	5.170724E-02	1.624198E-01
4.940999E+03	-1.656757E+01	5.144725E-02	1.624195E-01
4.941199E+03	-1.656754E+01	5.117996E-02	1.624192E-01
4.941399E+03	-1.656757E+01	5.055181E-02	1.624188E-01
4.941599E+03	-1.656747E+01	5.051166E-02	1.624185E-01
4.941799E+03	-1.656742E+01	5.043901E-02	1.624182E-01
4.941999E+03	-1.656739E+01	5.038218E-02	1.624178E-01
4.942199E+03	-1.656726E+01	4.974171E-02	1.624175E-01
4.942399E+03	-1.656719E+01	4.966883E-02	1.624172E-01
4.942599E+03	-1.656696E+01	4.953994E-02	1.624168E-01
4.942800E+03	-1.656667E+01	4.958976E-02	1.624165E-01
4.943000E+03	-1.656644E+01	4.947644E-02	1.624162E-01
4.943199E+03	-1.656647E+01	4.943330E-02	1.624159E-01
4.943400E+03	-1.656665E+01	4.954076E-02	1.624155E-01
4.943600E+03	-1.656685E+01	4.944373E-02	1.624152E-01
4.943800E+03	-1.656678E+01	4.944010E-02	1.624149E-01
4.943999E+03	-1.656645E+01	4.991148E-02	1.624145E-01
4.944199E+03	-1.656637E+01	5.058581E-02	1.624142E-01
4.944399E+03	-1.656647E+01	5.054400E-02	1.624139E-01
4.944599E+03	-1.656627E+01	5.066086E-02	1.624135E-01
4.944799E+03	-1.656599E+01	5.039288E-02	1.624132E-01
4.944999E+03	-1.656591E+01	5.056290E-02	1.624129E-01
4.945199E+03	-1.656586E+01	5.001773E-02	1.624125E-01
4.945399E+03	-1.656578E+01	5.009832E-02	1.624122E-01
4.945599E+03	-1.656578E+01	5.026952E-02	1.624119E-01
4.945799E+03	-1.656599E+01	5.063317E-02	1.624115E-01
4.945999E+03	-1.656604E+01	5.061102E-02	1.624112E-01
4.946199E+03	-1.656596E+01	5.056118E-02	1.624109E-01
4.946399E+03	-1.656602E+01	5.056714E-02	1.624106E-01
4.946599E+03	-1.656614E+01	5.059736E-02	1.624102E-01
4.946799E+03	-1.656619E+01	5.062890E-02	1.624099E-01
4.946999E+03	-1.656594E+01	5.059143E-02	1.624096E-01
4.947199E+03	-1.656551E+01	5.052810E-02	1.624092E-01
4.947399E+03	-1.656528E+01	5.052435E-02	1.624089E-01
4.947599E+03	-1.656515E+01	5.093050E-02	1.624086E-01
4.947799E+03	-1.656484E+01	5.102719E-02	1.624082E-01
4.948000E+03	-1.656454E+01	5.104474E-02	1.624079E-01
4.948200E+03	-1.656431E+01	5.104074E-02	1.624076E-01
4.948400E+03	-1.656416E+01	5.106352E-02	1.624072E-01
4.948600E+03	-1.656388E+01	5.101790E-02	1.624069E-01
4.948800E+03	-1.656355E+01	5.102484E-02	1.624066E-01
4.949000E+03	-1.656334E+01	5.118644E-02	1.624063E-01
4.949200E+03	-1.656314E+01	5.113708E-02	1.624059E-01
4.949400E+03	-1.656279E+01	5.112319E-02	1.624056E-01
4.949600E+03	-1.656258E+01	5.106124E-02	1.624053E-01
4.949800E+03	-1.656246E+01	5.113510E-02	1.624049E-01
4.950000E+03	-1.656230E+01	5.109185E-02	1.624046E-01
4.950200E+03	-1.656208E+01	5.110556E-02	1.624043E-01
4.950400E+03	-1.656203E+01	5.083613E-02	1.624039E-01
4.950600E+03	-1.656228E+01	5.081514E-02	1.624036E-01
4.950800E+03	-1.656226E+01	5.061955E-02	1.624033E-01
4.951000E+03	-1.656220E+01	5.054523E-02	1.624029E-01
4.951200E+03	-1.656241E+01	5.058151E-02	1.624026E-01
4.951400E+03	-1.656238E+01	5.061151E-02	1.624023E-01
4.951600E+03	-1.656228E+01	5.058196E-02	1.624020E-01
4.951800E+03	-1.656218E+01	5.088436E-02	1.624016E-01
4.952000E+03	-1.656198E+01	5.087326E-02	1.624013E-01
4.952200E+03	-1.656185E+01	5.096729E-02	1.624010E-01
4.952400E+03	-1.656180E+01	5.110061E-02	1.624006E-01
4.952600E+03	-1.656155E+01	5.102530E-02	1.624003E-01
4.952800E+03	-1.656132E+01	5.070774E-02	1.624000E-01
4.953000E+03	-1.656145E+01	5.071997E-02	1.623996E-01
4.953201E+03	-1.656173E+01	5.065122E-02	1.623993E-01
4.953401E+03	-1.656203E+01	5.052963E-02	1.623990E-01
4.953601E+03	-1.656213E+01	5.051863E-02	1.623986E-01
4.953801E+03	-1.656191E+01	5.028193E-02	1.623983E-01
4.954001E+03	-1.656150E+01	5.028566E-02	1.623980E-01
4.954201E+03	-1.656130E+01	5.057075E-02	1.623977E-01
4.954401E+03	-1.656145E+01	5.045942E-02	1.623973E-01
4.954601E+03	-1.656160E+01	5.043908E-02	1.623970E-01
4.954801E+03	-1.656160E+01	5.043149E-02	1.623967E-01
4.955001E+03	-1.656170E+01	5.043059E-02	1.623963E-01
4.955201E+03	-1.656193E+01	5.060395E-02	1.623960E-01
4.955401E+03	-1.656198E+01	5.057186E-02	1.623957E-01
4.955600E+03	-1.656186E+01	5.017477E-02	1.623953E-01
4.955801E+03	-1.656193E+01	5.007973E-02	1.623950E-01
4.956001E+03	-1.656201E+01	5.036711E-02	1.623947E-01
4.956200E+03	-1.656231E+01	5.012612E-02	1.623944E-01
4.956400E+03	-1.656275E+01	5.008962E-02	1.623940E-01
4.956600E+03	-1.656277E+01	5.009255E-02	1.623937E-01
4.956800E+03	-1.656259E+01	5.004164E-02	1.623934E-01
4.957000E+03	-1.656252E+01	5.026111E-02	1.623930E-01
4.957200E+03	-1.656234E+01	5.002257E-02	1.623927E-01
4.957400E+03	-1.656229E+01	5.002687E-02	1.623924E-01
4.957600E+03	-1.656234E+01	4.989838E-02	1.623920E-01
4.957800E+03	-1.656211E+01	5.010020E-02	1.623917E-01
4.958000E+03	-1.656199E+01	5.054907E-02	1.623914E-01
4.958200E+03	-1.656209E+01	5.064955E-02	1.623911E-01
4.958401E+03	-1.656176E+01	5.059343E-02	1.623907E-01
4.958601E+03	-1.656151E+01	5.061708E-02	1.623904E-01
4.958801E+03	-1.656143E+01	5.060065E-02	1.623901E-01
4.959001E+03	-1.656121E+01	5.053369E-02	1.623897E-01
4.959201E+03	-1.656126E+01	5.002882E-02	1.623894E-01
4.959401E+03	-1.656141E+01	4.980854E-02	1.623891E-01
4.959601E+03	-1.656154E+01	4.915762E-02	1.623887E-01
4.959801E+03	-1.656146E+01	4.871900E-02	1.623884E-01
4.960001E+03	-1.656111E+01	4.891437E-02	1.623881E-01
4.960201E+03	-1.656080E+01	4.888024E-02	1.623878E-01
4.960401E+03	-1.656070E+01	4.896230E-02	1.623874E-01
4.960601E+03	-1.656078E+01	4.877636E-02	1.623871E-01
4.960801E+03	-1.656091E+01	4.825747E-02	1.623868E-01
4.961001E+03	-1.656083E+01	4.815054E-02	1.623864E-01
4.961201E+03	-1.656086E+01	4.808259E-02	1.623861E-01
4.961401E+03	-1.656098E+01	4.773019E-02	1.623857E-01
4.961601E+03	-1.656086E+01	4.753695E-02	1.623854E-01
4.961801E+03	-1.656086E+01	4.751169E-02	1.623851E-01
4.962001E+03	-1.656134E+01	4.756425E-02	1.623847E-01
4.962201E+03	-1.656149E+01	4.754546E-02	1.623844E-01
4.962401E+03	-1.656124E+01	4.730287E-02	1.623840E-01
4.962601E+03	-1.656111E+01	4.698327E-02	1.623837E-01
4.962801E+03	-1.656111E+01	4.686952E-02	1.623834E-01
4.963001E+03	-1.656124E+01	4.684271E-02	1.623830E-01
4.963201E+03	-1.656109E+01	4.701844E-02	1.623827E-01
4.963401E+03	-1.656071E+01	4.718199E-02	1.623823E-01
4.963601E+03	-1.656071E+01	4.678804E-02	1.623820E-01
4.963802E+03	-1.656114E+01	4.632878E-02	1.623817E-01
4.964002E+03	-1.656109E+01	4.653570E-02	1.623813E-01
4.964202E+03	-1.656099E+01	4.645412E-02	1.623810E-01
4.964402E+03	-1.656081E+01	4.653118E-02	1.623806E-01
4.964602E+03	-1.656068E+01	4.650756E-02	1.623803E-01
4.964802E+03	-1.656074E+01	4.669228E-02	1.623800E-01
4.965002E+03	-1.656094E+01	4.700203E-02	1.623796E-01
4.965202E+03	-1.656101E+01	4.689148E-02	1.623793E-01
4.965402E+03	-1.656109E+01	4.721812E-02	1.623789E-01
4.965602E+03	-1.656144E+01	4.738814E-02	1.623786E-01
4.965802E+03	-1.656162E+01	4.740747E-02	1.623783E-01
4.966002E+03	-1.656160E+01	4.732880E-02	1.623779E-01
4.966202E+03	-1.656177E+01	4.674817E-02	1.623776E-01
4.966402E+03	-1.656200E+01	4.685628E-02	1.623772E-01
4.966602E+03	-1.656215E+01	4.700446E-02	1.623769E-01
4.966802E+03	-1.656218E+01	4.694131E-02	1.623765E-01
4.967002E+03	-1.656216E+01	4.695884E-02	1.623762E-01
4.967202E+03	-1.656243E+01	4.695096E-02	1.623759E-01
4.967402E+03	-1.656271E+01	4.668939E-02	1.623755E-01
4.967602E+03	-1.656264E+01	4.648589E-02	1.623752E-01
4.967801E+03	-1.656259E+01	4.670112E-02	1.623749E-01
4.968002E+03	-1.656266E+01	4.676764E-02	1.623745E-01
4.968202E+03	-1.656287E+01	4.694431E-02	1.623742E-01
4.968401E+03	-1.656297E+01	4.696036E-02	1.623738E-01
4.968601E+03	-1.656302E+01	4.695316E-02	1.623735E-01
4.968801E+03	-1.656307E+01	4.674283E-02	1.623732E-01
4.969002E+03	-1.656315E+01	4.671802E-02	1.623728E-01
4.969202E+03	-1.656320E+01	4.690381E-02	1.623725E-01
4.969402E+03	-1.656328E+01	4.675708E-02	1.623721E-01
4.969602E+03	-1.656335E+01	4.687963E-02	1.623718E-01
4.969802E+03	-1.656358E+01	4.647472E-02	1.623715E-01
4.970002E+03	-1.656356E+01	4.610088E-02	1.623711E-01
4.970202E+03	-1.656338E+01	4.604390E-02	1.623708E-01
4.970402E+03	-1.656340E+01	4.597799E-02	1.623704E-01
4.970602E+03	-1.656358E+01	4.561300E-02	1.623701E-01
4.970802E+03	-1.656371E+01	4.558057E-02	1.623698E-01
4.971002E+03	-1.656386E+01	4.496578E-02	1.623694E-01
4.971202E+03	-1.656404E+01	4.508600E-02	1.623691E-01
4.971402E+03	-1.656414E+01	4.561071E-02	1.623687E-01
4.971602E+03	-1.656430E+01	4.561911E-02	1.623684E-01
4.971802E+03	-1.656463E+01	4.560040E-02	1.623681E-01
4.972002E+03	-1.656473E+01	4.558054E-02	1.623677E-01
4.972202E+03	-1.656476E+01	4.529011E-02	1.623674E-01
4.972402E+03	-1.656478E+01	4.526983E-02	1.623670E-01
4.972602E+03	-1.656491E+01	4.528057E-02	1.623667E-01
4.972802E+03	-1.656540E+01	4.520604E-02	1.623664E-01
4.973002E+03	-1.656570E+01	4.513322E-02	1.623660E-01
4.973202E+03	-1.656565E+01	4.509471E-02	1.623657E-01
4.973402E+03	-1.656575E+01	4.513853E-02	1.623653E-01
4.973602E+03	-1.656583E+01	4.520526E-02	1.623650E-01
4.973802E+03	-1.656578E+01	4.548608E-02	1.623647E-01
4.974002E+03	-1.656591E+01	4.478901E-02	1.623643E-01
4.974203E+03	-1.656604E+01	4.452611E-02	1.623640E-01
4.974403E+03	-1.656619E+01	4.416849E-02	1.623636E-01
4.974603E+03	-1.656632E+01	4.400755E-02	1.623633E-01
4.974803E+03	-1.656616E+01	4.404314E-02	1.623630E-01
4.975003E+03	-1.656619E+01	4.393578E-02	1.623626E-01
4.975203E+03	-1.656645E+01	4.385162E-02	1.623623E-01
4.975403E+03	-1.656655E+01	4.374168E-02	1.623619E-01
4.975603E+03	-1.656658E+01	4.376729E-02	1.623616E-01
4.975803E+03	-1.656655E+01	4.376471E-02	1.623613E-01
4.976003E+03	-1.656647E+01	4.361111E-02	1.623609E-01
4.976203E+03	-1.656642E+01	4.326057E-02	1.623606E-01
4.976403E+03	-1.656665E+01	4.350880E-02	1.623602E-01
4.976603E+03	-1.656714E+01	4.358833E-02	1.623599E-01
4.976803E+03	-1.656737E+01	4.354741E-02	1.623596E-01
4.977003E+03	-1.656732E+01	4.333972E-02	1.623592E-01
4.977203E+03	-1.656735E+01	4.301409E-02	1.623589E-01
4.977403E+03	-1.656745E+01	4.304989E-02	1.623585E-01
4.977603E+03	-1.656753E+01	4.304470E-02	1.623582E-01
4.977803E+03	-1.656755E+01	4.303698E-02	1.623579E-01
4.978003E+03	-1.656750E+01	4.319860E-02	1.623575E-01
4.978203E+03	-1.656743E+01	4.332688E-02	1.623572E-01
4.978403E+03	-1.656725E+01	4.331923E-02	1.623568E-01
4.978603E+03	-1.656720E+01	4.320645E-02	1.623565E-01
4.978803E+03	-1.656714E+01	4.321929E-02	1.623562E-01
4.979003E+03	-1.656712E+01	4.325774E-02	1.623558E-01
4.979203E+03	-1.656707E+01	4.421865E-02	1.623555E-01
4.979404E+03	-1.656715E+01	4.472367E-02	1.623552E-01
4.979604E+03	-1.656709E+01	4.471070E-02	1.623548E-01
4.979804E+03	-1.656679E+01	4.474820E-02	1.623545E-01
4.980003E+03	-1.656656E+01	4.536174E-02	1.623541E-01
4.980203E+03	-1.656635E+01	4.560129E-02	1.623538E-01
4.980404E+03	-1.656617E+01	4.580753E-02	1.623535E-01
4.980604E+03	-1.656623E+01	4.579758E-02	1.623531E-01
4.980803E+03	-1.656630E+01	4.596426E-02	1.623528E-01
4.981003E+03	-1.656638E+01	4.604145E-02	1.623524E-01
4.981203E+03	-1.656623E+01	4.602263E-02	1.623521E-01
4.981403E+03	-1.656589E+01	4.612032E-02	1.623518E-01
4.981603E+03	-1.656559E+01	4.639166E-02	1.623514E-01
4.981803E+03	-1.656549E+01	4.666924E-02	1.623511E-01
4.982003E+03	-1.656551E+01	4.649325E-02	1.623507E-01
4.982203E+03	-1.656536E+01	4.606086E-02	1.623504E-01
4.982403E+03	-1.656516E+01	4.634024E-02	1.623501E-01
4.982603E+03	-1.656495E+01	4.647400E-02	1.623497E-01
4.982803E+03	-1.656475E+01	4.658218E-02	1.623494E-01
4.983003E+03	-1.656467E+01	4.654850E-02	1.623491E-01
4.983203E+03	-1.656470E+01	4.656142E-02	1.623487E-01
4.983403E+03	-1.656462E+01	4.636720E-02	1.623484E-01
4.983603E+03	-1.656460E+01	4.584983E-02	1.623480E-01
4.983803E+03	-1.656444E+01	4.560193E-02	1.623477E-01
4.984003E+03	-1.656424E+01	4.563654E-02	1.623474E-01
4.984203E+03	-1.656417E+01	4.560053E-02	1.623470E-01
4.984403E+03	-1.656424E+01	4.559582E-02	1.623467E-01
4.984604E+03	-1.656434E+01	4.558869E-02	1.623463E-01
4.984804E+03	-1.656424E+01	4.552709E-02	1.623460E-01
4.985004E+03	-1.656417E+01	4.542238E-02	1.623457E-01
4.985204E+03	-1.656424E+01	4.534125E-02	1.623453E-01
4.985404E+03	-1.656414E+01	4.552405E-02	1.623450E-01
4.985604E+03	-1.656394E+01	4.563245E-02	1.623446E-01
4.985804E+03	-1.656361E+01	4.596124E-02	1.623443E-01
4.986004E+03	-1.656320E+01	4.594364E-02	1.623440E-01
4.986204E+03	-1.656313E+01	4.590258E-02	1.623436E-01
4.986404E+03	-1.656338E+01	4.593959E-02	1.623433E-01
4.986604E+03	-1.656343E+01	4.582807E-02	1.623430E-01
4.986804E+03	-1.656348E+01	4.578007E-02	1.623426E-01
4.987004E+03	-1.656346E+01	4.568338E-02	1.623423E-01
4.987204E+03	-1.656328E+01	4.575357E-02	1.623419E-01
4.987404E+03	-1.656315E+01	4.556754E-02	1.623416E-01
4.987604E+03	-1.656310E+01	4.552919E-02	1.623413E-01
4.987804E+03	-1.656308E+01	4.543514E-02	1.623409E-01
4.988004E+03	-1.656308E+01	4.505178E-02	1.623406E-01
4.988204E+03	-1.656318E+01	4.435889E-02	1.623402E-01
4.988404E+03	-1.656303E+01	4.470126E-02	1.623399E-01
4.988604E+03	-1.656278E+01	4.460919E-02	1.623396E-01
4.988804E+03	-1.656275E+01	4.460151E-02	1.623392E-01
4.989004E+03	-1.656288E+01	4.448003E-02	1.623389E-01
4.989204E+03	-1.656275E+01	4.421335E-02	1.623385E-01
4.989404E+03	-1.656232E+01	4.408587E-02	1.623382E-01
4.989604E+03	-1.656202E+01	4.378907E-02	1.623379E-01
4.989804E+03	-1.656209E+01	4.338637E-02	1.623375E-01
4.990005E+03	-1.656209E+01	4.442999E-02	1.623372E-01
4.990205E+03	-1.656199E+01	4.465768E-02	1.623369E-01
4.990405E+03	-1.656204E+01	4.466795E-02	1.623365E-01
4.990605E+03	-1.656207E+01	4.465030E-02	1.623362E-01
4.990805E+03	-1.656202E+01	4.539475E-02	1.623358E-01
4.991005E+03	-1.656194E+01	4.586286E-02	1.623355E-01
4.991205E+03	-1.656179E+01	4.591010E-02	1.623352E-01
4.991405E+03	-1.656169E+01	4.589434E-02	1.623348E-01
4.991605E+03	-1.656179E+01	4.554560E-02	1.623345E-01
4.991805E+03	-1.656184E+01	4.558635E-02	1.623341E-01
4.992005E+03	-1.656179E+01	4.552029E-02	1.623338E-01
4.992204E+03	-1.656187E+01	4.585737E-02	1.623335E-01
4.992404E+03	-1.656177E+01	4.612004E-02	1.623331E-01
4.992605E+03	-1.656157E+01	4.626301E-02	1.623328E-01
4.992805E+03	-1.656136E+01	4.620353E-02	1.623325E-01
4.993005E+03	-1.656131E+01	4.601862E-02	1.623321E-01
4.993204E+03	-1.656136E+01	4.603157E-02	1.623318E-01
4.993404E+03	-1.656134E+01	4.595051E-02	1.623314E-01
4.993604E+03	-1.656134E+01	4.595556E-02	1.623311E-01
4.993804E+03	-1.656131E+01	4.584415E-02	1.623308E-01
4.994004E+03	-1.656137E+01	4.582673E-02	1.623304E-01
4.994204E+03	-1.656159E+01	4.558510E-02	1.623301E-01
4.994404E+03	-1.656175E+01	4.581870E-02	1.623298E-01
4.994604E+03	-1.656175E+01	4.581111E-02	1.623294E-01
4.994804E+03	-1.656152E+01	4.588575E-02	1.623291E-01
4.995004E+03	-1.656124E+01	4.576031E-02	1.623287E-01
4.995205E+03	-1.656117E+01	4.576748E-02	1.623284E-01
4.995405E+03	-1.656122E+01	4.604330E-02	1.623281E-01
4.995605E+03	-1.656119E+01	4.606589E-02	1.623277E-01
4.995805E+03	-1.656119E+01	4.573476E-02	1.623274E-01
4.996005E+03	-1.656129E+01	4.564934E-02	1.623270E-01
4.996205E+03	-1.656127E+01	4.581606E-02	1.623267E-01
4.996405E+03	-1.656129E+01	4.584148E-02	1.623264E-01
4.996605E+03	-1.656124E+01	4.585384E-02	1.623260E-01
4.996805E+03	-1.656112E+01	4.616148E-02	1.623257E-01
4.997005E+03	-1.656097E+01	4.617569E-02	1.623254E-01
4.997205E+03	-1.656092E+01	4.660482E-02	1.623250E-01
4.997405E+03	-1.656084E+01	4.669518E-02	1.623247E-01
4.997605E+03	-1.656089E+01	4.673092E-02	1.623243E-01
4.997805E+03	-1.656077E+01	4.670219E-02	1.623240E-01
4.998005E+03	-1.656051E+01	4.657158E-02	1.623237E-01
4.998205E+03	-1.656074E+01	4.626262E-02	1.623233E-01
4.998405E+03	-1.656107E+01	4.629761E-02	1.623230E-01
4.998605E+03	-1.656135E+01	4.638036E-02	1.623227E-01
4.998805E+03	-1.656168E+01	4.641549E-02	1.623223E-01
4.999005E+03	-1.656178E+01	4.642631E-02	1.623220E-01
4.999205E+03	-1.656165E+01	4.640013E-02	1.623216E-01
4.999405E+03	-1.656163E+01	4.652142E-02	1.623213E-01
4.999605E+03	-1.656178E+01	4.666677E-02	1.623210E-01
4.999805E+03	-1.656168E+01	4.678749E-02	1.623206E-01
5.000005E+03	-1.656150E+01	4.644465E-02	1.623203E-01
5.000205E+03	-1.656122E+01	4.654382E-02	1.623199E-01
5.000406E+03	-1.656117E+01	4.645500E-02	1.623196E-01
5.000606E+03	-1.656110E+01	4.642415E-02	1.623193E-01
5.000806E+03	-1.656064E+01	4.633772E-02	1.623189E-01
5.001006E+03	-1.656027E+01	4.613087E-02	1.623186E-01
5.001206E+03	-1.656019E+01	4.596142E-02	1.623183E-01
5.001406E+03	-1.656024E+01	4.594911E-02	1.623179E-01
5.001606E+03	-1.656009E+01	4.590537E-02	1.623176E-01
5.001806E+03	-1.655989E+01	4.590926E-02	1.623172E-01
5.002006E+03	-1.655954E+01	4.561513E-02	1.623169E-01
5.002206E+03	-1.655903E+01	4.548182E-02	1.623166E-01
5.002406E+03	-1.655911E+01	4.559286E-02	1.623162E-01
5.002606E+03	-1.655936E+01	4.563941E-02	1.623159E-01
5.002806E+03	-1.655949E+01	4.565264E-02	1.623156E-01
5.003006E+03	-1.655941E+01	4.564974E-02	1.623152E-01
5.003206E+03	-1.655901E+01	4.569046E-02	1.623149E-01
5.003406E+03	-1.655878E+01	4.566666E-02	1.623145E-01
5.003606E+03	-1.655858E+01	4.563296E-02	1.623142E-01
5.003806E+03	-1.655836E+01	4.544095E-02	1.623139E-01
5.004006E+03	-1.655833E+01	4.565428E-02	1.623135E-01
5.004206E+03	-1.655836E+01	4.574732E-02	1.623132E-01
5.004406E+03	-1.655831E+01	4.562905E-02	1.623129E-01
5.004605E+03	-1.655818E+01	4.558825E-02	1.623125E-01
5.004806E+03	-1.655811E+01	4.559290E-02	1.623122E-01
5.005006E+03	-1.655793E+01	4.559453E-02	1.623118E-01
5.005206E+03	-1.655768E+01	4.576379E-02	1.623115E-01
5.005405E+03	-1.655751E+01	4.580795E-02	1.623112E-01
5.005606E+03	-1.655753E+01	4.588077E-02	1.623108E-01
5.005806E+03	-1.655751E+01	4.626661E-02	1.623105E-01
5.006006E+03	-1.655761E+01	4.634748E-02	1.623102E-01
5.006206E+03	-1.655763E+01	4.635266E-02	1.623098E-01
5.006406E+03	-1.655756E+01	4.634715E-02	1.623095E-01
5.006606E+03	-1.655749E+01	4.628900E-02	1.623091E-01
5.006806E+03	-1.655724E+01	4.626231E-02	1.623088E-01
5.007006E+03	-1.655698E+01	4.633324E-02	1.623085E-01
5.007206E+03	-1.655694E+01	4.617023E-02	1.623081E-01
5.007406E+03	-1.655691E+01	4.592729E-02	1.623078E-01
5.007606E+03	-1.655684E+01	4.594438E-02	1.623075E-01
5.007806E+03	-1.655679E+01	4.590656E-02	1.623071E-01
5.008006E+03	-1.655641E+01	4.567692E-02	1.623068E-01
5.008206E+03	-1.655581E+01	4.585357E-02	1.623064E-01
5.008406E+03	-1.655561E+01	4.597722E-02	1.623061E-01
5.008606E+03	-1.655576E+01	4.598558E-02	1.623058E-01
5.008806E+03	-1.655576E+01	4.635254E-02	1.623054E-01
5.009006E+03	-1.655549E+01	4.635568E-02	1.623051E-01
5.009206E+03	-1.655534E+01	4.681853E-02	1.623048E-01
5.009406E+03	-1.655546E+01	4.649021E-02	1.623044E-01
5.009606E+03	-1.655551E+01	4.660284E-02	1.623041E-01
5.009806E+03	-1.655547E+01	4.676961E-02	1.623038E-01
5.010006E+03	-1.655547E+01	4.679206E-02	1.623034E-01
5.010206E+03	-1.655547E+01	4.662243E-02	1.623031E-01
5.010406E+03	-1.655552E+01	4.634837E-02	1.623027E-01
5.010606E+03	-1.655542E+01	4.618307E-02	1.623024E-01
5.010806E+03	-1.655517E+01	4.613164E-02	1.623021E-01
5.011007E+03	-1.655507E+01	4.610610E-02	1.623017E-01
5.011207E+03	-1.655524E+01	4.608225E-02	1.623014E-01
5.011407E+03	-1.655544E+01	4.654493E-02	1.623011E-01
5.011607E+03	-1.655557E+01	4.688514E-02	1.623007E-01
5.011807E+03	-1.655557E+01	4.676287E-02	1.623004E-01
5.012007E+03	-1.655554E+01	4.696977E-02	1.623000E-01
5.012207E+03	-1.655557E+01	4.698244E-02	1.622997E-01
5.012407E+03	-1.655552E+01	4.697206E-02	1.622994E-01
5.012607E+03	-1.655549E+01	4.695938E-02	1.622990E-01
5.012807E+03	-1.655550E+01	4.693693E-02	1.622987E-01
5.013007E+03	-1.655540E+01	4.693613E-02	1.622984E-01
5.013207E+03	-1.655530E+01	4.695527E-02	1.622980E-01
5.013407E+03	-1.655525E+01	4.716679E-02	1.622977E-01
5.013607E+03	-1.655512E+01	4.720061E-02	1.622973E-01
5.013807E+03	-1.655502E+01	4.737668E-02	1.622970E-01
5.014007E+03	-1.655517E+01	4.753011E-02	1.622967E-01
5.014207E+03	-1.655510E+01	4.767644E-02	1.622963E-01
5.014407E+03	-1.655505E+01	4.780555E-02	1.622960E-01
5.014607E+03	-1.655512E+01	4.794338E-02	1.622957E-01
5.014807E+03	-1.655495E+01	4.796899E-02	1.622953E-01
5.015007E+03	-1.655480E+01	4.805210E-02	1.622950E-01
5.015207E+03	-1.655475E+01	4.802418E-02	1.622947E-01
5.015407E+03	-1.655470E+01	4.757295E-02	1.622943E-01
5.015607E+03	-1.655468E+01	4.799352E-02	1.622940E-01
5.015807E+03	-1.655475E+01	4.832302E-02	1.622936E-01
5.016007E+03	-1.655468E+01	4.846412E-02	1.622933E-01
5.016208E+03	-1.655463E+01	4.847845E-02	1.622930E-01
5.016408E+03	-1.655485E+01	4.852591E-02	1.622926E-01
5.016608E+03	-1.655513E+01	4.849424E-02	1.622923E-01
5.016807E+03	-1.655485E+01	4.867038E-02	1.622920E-01
5.017007E+03	-1.655466E+01	4.870783E-02	1.622916E-01
5.017208E+03	-1.655473E+01	4.871870E-02	1.622913E-01
5.017408E+03	-1.655471E+01	4.874329E-02	1.622909E-01
5.017608E+03	-1.655458E+01	4.871187E-02	1.622906E-01
5.017807E+03	-1.655441E+01	4.851317E-02	1.622903E-01
5.018007E+03	-1.655438E+01	4.906028E-02	1.622899E-01
5.018207E+03	-1.655456E+01	4.958030E-02	1.622896E-01
5.018407E+03	-1.655461E+01	4.964824E-02	1.622893E-01
5.018607E+03	-1.655456E+01	4.977197E-02	1.622889E-01
5.018807E+03	-1.655463E+01	5.003447E-02	1.622886E-01
5.019007E+03	-1.655476E+01	5.008371E-02	1.622883E-01
5.019207E+03	-1.655481E+01	5.021399E-02	1.622879E-01
5.019407E+03	-1.655441E+01	5.041678E-02	1.622876E-01
5.019607E+03	-1.655411E+01	5.044679E-02	1.622872E-01
5.019807E+03	-1.655419E+01	5.046043E-02	1.622869E-01
5.020007E+03	-1.655424E+01	5.088409E-02	1.622866E-01
5.020207E+03	-1.655411E+01	5.159563E-02	1.622862E-01
5.020407E+03	-1.655399E+01	5.155350E-02	1.622859E-01
5.020607E+03	-1.655384E+01	5.176443E-02	1.622856E-01
5.020807E+03	-1.655347E+01	5.177220E-02	1.622852E-01
5.021007E+03	-1.655320E+01	5.193320E-02	1.622849E-01
5.021207E+03	-1.655320E+01	5.194560E-02	1.622846E-01
5.021408E+03	-1.655310E+01	5.265814E-02	1.622842E-01
5.021608E+03	-1.655265E+01	5.259910E-02	1.622839E-01
5.021808E+03	-1.655230E+01	5.258435E-02	1.622835E-01
5.022008E+03	-1.655213E+01	5.263515E-02	1.622832E-01
5.022208E+03	-1.655171E+01	5.251247E-02	1.622829E-01
5.022408E+03	-1.655139E+01	5.267874E-02	1.622825E-01
5.022608E+03	-1.655129E+01	5.308922E-02	1.622822E-01
5.022808E+03	-1.655132E+01	5.302554E-02	1.622819E-01
5.023008E+03	-1.655132E+01	5.331460E-02	1.622815E-01
5.023208E+03	-1.655132E+01	5.286493E-02	1.622812E-01
5.023408E+03	-1.655117E+01	5.253324E-02	1.622809E-01
5.023608E+03	-1.655119E+01	5.262019E-02	1.622805E-01
5.023808E+03	-1.655132E+01	5.289705E-02	1.622802E-01
5.024008E+03	-1.655134E+01	5.240343E-02	1.622798E-01
5.024208E+03	-1.655117E+01	5.222698E-02	1.622795E-01
5.024408E+03	-1.655097E+01	5.203535E-02	1.622792E-01
5.024608E+03	-1.655097E+01	5.224026E-02	1.622788E-01
5.024808E+03	-1.655097E+01	5.236122E-02	1.622785E-01
5.025008E+03	-1.655095E+01	5.232122E-02	1.622782E-01
5.025208E+03	-1.655100E+01	5.233704E-02	1.622778E-01
5.025408E+03	-1.655098E+01	5.241799E-02	1.622775E-01
5.025608E+03	-1.655115E+01	5.214991E-02	1.622772E-01
5.025808E+03	-1.655135E+01	5.191668E-02	1.622768E-01
5.026008E+03	-1.655120E+01	5.190390E-02	1.622765E-01
5.026208E+03	-1.655125E+01	5.221858E-02	1.622761E-01
5.026408E+03	-1.655137E+01	5.208519E-02	1.622758E-01
5.026609E+03	-1.655110E+01	5.205262E-02	1.622755E-01
5.026809E+03	-1.655080E+01	5.186412E-02	1.622751E-01
5.027009E+03	-1.655071E+01	5.187207E-02	1.622748E-01
5.027209E+03	-1.655078E+01	5.195496E-02	1.622745E-01
5.027409E+03	-1.655105E+01	5.203435E-02	1.622741E-01
5.027609E+03	-1.655147E+01	5.208716E-02	1.622738E-01
5.027809E+03	-1.655167E+01	5.219000E-02	1.622735E-01
5.028009E+03	-1.655172E+01	5.216380E-02	1.622731E-01
5.028209E+03	-1.655172E+01	5.312577E-02	1.622728E-01
5.028409E+03	-1.655167E+01	5.332990E-02	1.622725E-01
5.028609E+03	-1.655177E+01	5.364624E-02	1.622721E-01
5.028809E+03	-1.655192E+01	5.388230E-02	1.622718E-01
5.029008E+03	-1.655197E+01	5.381916E-02	1.622714E-01
5.029208E+03	-1.655167E+01	5.439560E-02	1.622711E-01
5.029408E+03	-1.655133E+01	5.421887E-02	1.622708E-01
5.029609E+03	-1.655096E+01	5.504651E-02	1.622704E-01
5.029809E+03	-1.655054E+01	5.498844E-02	1.622701E-01
5.030008E+03	-1.655039E+01	5.539129E-02	1.622698E-01
5.030208E+03	-1.655037E+01	5.543006E-02	1.622694E-01
5.030408E+03	-1.655039E+01	5.543320E-02	1.622691E-01
5.030608E+03	-1.655042E+01	5.557194E-02	1.622688E-01
5.030808E+03	-1.655029E+01	5.570407E-02	1.622684E-01
5.031008E+03	-1.655002E+01	5.569641E-02	1.622681E-01
5.031208E+03	-1.655000E+01	5.566616E-02	1.622678E-01
5.031408E+03	-1.654995E+01	5.563522E-02	1.622674E-01
5.031608E+03	-1.654980E+01	5.560399E-02	1.622671E-01
5.031809E+03	-1.654965E+01	5.582379E-02	1.622667E-01
5.032009E+03	-1.654956E+01	5.572994E-02	1.622664E-01
5.032209E+03	-1.654956E+01	5.599569E-02	1.622661E-01
5.032409E+03	-1.654934E+01	5.571138E-02	1.622657E-01
5.032609E+03	-1.654911E+01	5.558467E-02	1.622654E-01
5.032809E+03	-1.654897E+01	5.558300E-02	1.622651E-01
5.033009E+03	-1.654889E+01	5.557357E-02	1.622647E-01
5.033209E+03	-1.654882E+01	5.569679E-02	1.622644E-01
5.033409E+03	-1.654858E+01	5.589363E-02	1.622641E-01
5.033609E+03	-1.654843E+01	5.617900E-02	1.622637E-01
5.033809E+03	-1.654831E+01	5.631525E-02	1.622634E-01
5.034009E+03	-1.654828E+01	5.570363E-02	1.622631E-01
5.034209E+03	-1.654853E+01	5.544791E-02	1.622627E-01
5.034409E+03	-1.654877E+01	5.552347E-02	1.622624E-01
5.034609E+03	-1.654870E+01	5.547476E-02	1.622620E-01
5.034809E+03	-1.654860E+01	5.485580E-02	1.622617E-01
5.035009E+03	-1.654855E+01	5.442981E-02	1.622614E-01
5.035209E+03	-1.654836E+01	5.432667E-02	1.622610E-01
5.035409E+03	-1.654831E+01	5.433773E-02	1.622607E-01
5.035609E+03	-1.654831E+01	5.430827E-02	1.622604E-01
5.035809E+03	-1.654846E+01	5.423343E-02	1.622600E-01
5.036009E+03	-1.654863E+01	5.446850E-02	1.622597E-01
5.036209E+03	-1.654865E+01	5.417939E-02	1.622594E-01
5.036409E+03	-1.654838E+01	5.416535E-02	1.622590E-01
5.036609E+03	-1.654807E+01	5.395149E-02	1.622587E-01
5.036809E+03	-1.654814E+01	5.419362E-02	1.622584E-01
5.037009E+03	-1.654831E+01	5.445549E-02	1.622580E-01
5.037210E+03	-1.654826E+01	5.479033E-02	1.622577E-01
5.037410E+03	-1.654807E+01	5.478520E-02	1.622573E-01
5.037610E+03	-1.654790E+01	5.475130E-02	1.622570E-01
5.037810E+03	-1.654753E+01	5.476379E-02	1.622567E-01
5.038010E+03	-1.654748E+01	5.485310E-02	1.622563E-01
5.038210E+03	-1.654763E+01	5.498191E-02	1.622560E-01
5.038410E+03	-1.654755E+01	5.523223E-02	1.622557E-01
5.038610E+03	-1.654743E+01	5.556924E-02	1.622553E-01
5.038810E+03	-1.654733E+01	5.579171E-02	1.622550E-01
5.039010E+03	-1.654741E+01	5.689801E-02	1.622547E-01
5.039210E+03	-1.654753E+01	5.734510E-02	1.622543E-01
5.039410E+03	-1.654765E+01	5.722410E-02	1.622540E-01
5.039610E+03	-1.654761E+01	5.747239E-02	1.622537E-01
5.039810E+03	-1.654729E+01	5.735194E-02	1.622533E-01
5.040010E+03	-1.654665E+01	5.741221E-02	1.622530E-01
5.040210E+03	-1.654621E+01	5.714169E-02	1.622527E-01
5.040410E+03	-1.654587E+01	5.725047E-02	1.622523E-01
5.040610E+03	-1.654573E+01	5.733360E-02	1.622520E-01
5.040810E+03	-1.654582E+01	5.717328E-02	1.622517E-01
5.041010E+03	-1.654587E+01	5.716506E-02	1.622513E-01
5.041209E+03	-1.654587E+01	5.685522E-02	1.622510E-01
5.041409E+03	-1.654580E+01	5.680174E-02	1.622506E-01
5.041609E+03	-1.654563E+01	5.704764E-02	1.622503E-01
5.041810E+03	-1.654575E+01	5.760511E-02	1.622500E-01
5.042010E+03	-1.654602E+01	5.773347E-02	1.622496E-01
5.042209E+03	-1.654604E+01	5.776844E-02	1.622493E-01
5.042410E+03	-1.654602E+01	5.776276E-02	1.622490E-01
5.042610E+03	-1.654607E+01	5.809387E-02	1.622486E-01
5.042810E+03	-1.654597E+01	5.900812E-02	1.622483E-01
5.043010E+03	-1.654597E+01	5.938879E-02	1.622480E-01
5.043210E+03	-1.654600E+01	5.934332E-02	1.622476E-01
5.043410E+03	-1.654585E+01	5.923063E-02	1.622473E-01
5.043610E+03	-1.654575E+01	5.911975E-02	1.622470E-01
5.043810E+03	-1.654575E+01	5.894416E-02	1.622466E-01
5.044010E+03	-1.654566E+01	5.891873E-02	1.622463E-01
5.044210E+03	-1.654563E+01	5.885201E-02	1.622460E-01
5.044410E+03	-1.654556E+01	5.884453E-02	1.622456E-01
5.044610E+03	-1.654559E+01	5.885027E-02	1.622453E-01
5.044810E+03	-1.654563E+01	5.889835E-02	1.622450E-01
5.045010E+03	-1.654578E+01	5.890844E-02	1.622446E-01
5.045210E+03	-1.654588E+01	5.904365E-02	1.622443E-01
5.045410E+03	-1.654598E+01	5.905692E-02	1.622439E-01
5.045610E+03	-1.654600E+01	5.905780E-02	1.622436E-01
5.045810E+03	-1.654608E+01	5.889201E-02	1.622433E-01
5.046010E+03	-1.654639E+01	5.880074E-02	1.622429E-01
5.046210E+03	-1.654634E+01	5.905057E-02	1.622426E-01
5.046410E+03	-1.654608E+01	5.961450E-02	1.622423E-01
5.046610E+03	-1.654581E+01	5.953132E-02	1.622419E-01
5.046810E+03	-1.654549E+01	5.953176E-02	1.622416E-01
5.047010E+03	-1.654535E+01	5.950929E-02	1.622413E-01
5.047210E+03	-1.654544E+01	5.954701E-02	1.622409E-01
5.047410E+03	-1.654544E+01	5.948365E-02	1.622406E-01
5.047611E+03	-1.654532E+01	5.947428E-02	1.622403E-01
5.047811E+03	-1.654527E+01	5.949684E-02	1.622399E-01
5.048011E+03	-1.654542E+01	5.917812E-02	1.622396E-01
5.048211E+03	-1.654554E+01	5.921179E-02	1.622393E-01
5.048411E+03	-1.654549E+01	5.921977E-02	1.622389E-01
5.048611E+03	-1.654537E+01	5.910081E-02	1.622386E-01
5.048811E+03	-1.654515E+01	5.913918E-02	1.622383E-01
5.049011E+03	-1.654501E+01	5.910955E-02	1.622379E-01
5.049211E+03	-1.654503E+01	5.897406E-02	1.622376E-01
5.049411E+03	-1.654489E+01	5.891042E-02	1.622373E-01
5.049611E+03	-1.654443E+01	5.889636E-02	1.622369E-01
5.049811E+03	-1.654394E+01	5.853418E-02	1.622366E-01
5.050011E+03	-1.654377E+01	5.845786E-02	1.622363E-01
5.050211E+03	-1.654377E+01	5.847000E-02	1.622359E-01
5.050411E+03	-1.654370E+01	5.845049E-02	1.622356E-01
5.050611E+03	-1.654370E+01	5.846748E-02	1.622352E-01
5.050811E+03	-1.654372E+01	5.848531E-02	1.622349E-01
5.051011E+03	-1.654360E+01	5.839375E-02	1.622346E-01
5.051211E+03	-1.654363E+01	5.839458E-02	1.622342E-01
5.051411E+03	-1.654380E+01	5.841986E-02	1.622339E-01
5.051611E+03	-1.654375E+01	5.841333E-02	1.622336E-01
5.051811E+03	-1.654358E+01	5.839776E-02	1.622332E-01
5.052011E+03	-1.654343E+01	5.851888E-02	1.622329E-01
5.052211E+03	-1.654341E+01	5.901291E-02	1.622326E-01
5.052411E+03	-1.654351E+01	5.890964E-02	1.622322E-01
5.052611E+03	-1.654387E+01	5.935731E-02	1.622319E-01
5.052812E+03	-1.654411E+01	5.909650E-02	1.622316E-01
5.053012E+03	-1.654399E+01	5.881763E-02	1.622312E-01
5.053212E+03	-1.654387E+01	5.842723E-02	1.622309E-01
5.053412E+03	-1.654392E+01	5.848476E-02	1.622306E-01
5.053611E+03	-1.654395E+01	5.835930E-02	1.622302E-01
5.053811E+03	-1.654370E+01	5.820289E-02	1.622299E-01
5.054011E+03	-1.654346E+01	5.819221E-02	1.622296E-01
5.054212E+03	-1.654329E+01	5.858660E-02	1.622292E-01
5.054412E+03	-1.654336E+01	5.861339E-02	1.622289E-01
5.054611E+03	-1.654339E+01	5.863849E-02	1.622286E-01
5.054811E+03	-1.654324E+01	5.867462E-02	1.622282E-01
5.055011E+03	-1.654295E+01	5.861595E-02	1.622279E-01
5.055211E+03	-1.654259E+01	5.862020E-02	1.622276E-01
5.055411E+03	-1.654245E+01	5.820125E-02	1.622272E-01
5.055611E+03	-1.654266E+01	5.822319E-02	1.622269E-01
5.055811E+03	-1.654266E+01	5.815052E-02	1.622266E-01
5.056011E+03	-1.654228E+01	5.791720E-02	1.622262E-01
5.056211E+03	-1.654187E+01	5.773189E-02	1.622259E-01
5.056411E+03	-1.654158E+01	5.769336E-02	1.622256E-01
5.056611E+03	-1.654148E+01	5.777229E-02	1.622252E-01
5.056811E+03	-1.654150E+01	5.792525E-02	1.622249E-01
5.057011E+03	-1.654131E+01	5.791398E-02	1.622246E-01
5.057211E+03	-1.654107E+01	5.771532E-02	1.622242E-01
5.057411E+03	-1.654090E+01	5.755301E-02	1.622239E-01
5.057611E+03	-1.654071E+01	5.741173E-02	1.622236E-01
5.057811E+03	-1.654061E+01	5.727367E-02	1.622232E-01
5.058012E+03	-1.654073E+01	5.720758E-02	1.622229E-01
5.058212E+03	-1.654090E+01	5.711165E-02	1.622226E-01
5.058412E+03	-1.654086E+01	5.698231E-02	1.622222E-01
5.058612E+03	-1.654062E+01	5.692418E-02	1.622219E-01
5.058812E+03	-1.654047E+01	5.684500E-02	1.622215E-01
5.059012E+03	-1.654035E+01	5.674976E-02	1.622212E-01
5.059212E+03	-1.654018E+01	5.673736E-02	1.622209E-01
5.059412E+03	-1.654011E+01	5.671830E-02	1.622205E-01
5.059612E+03	-1.654001E+01	5.647223E-02	1.622202E-01
5.059812E+03	-1.653985E+01	5.615680E-02	1.622199E-01
5.060012E+03	-1.653992E+01	5.603139E-02	1.622195E-01
5.060212E+03	-1.654002E+01	5.603418E-02	1.622192E-01
5.060412E+03	-1.653985E+01	5.605816E-02	1.622189E-01
5.060612E+03	-1.653961E+01	5.610647E-02	1.622185E-01
5.060812E+03	-1.653939E+01	5.601845E-02	1.622182E-01
5.061012E+03	-1.653918E+01	5.657431E-02	1.622179E-01
5.061212E+03	-1.653922E+01	5.670309E-02	1.622175E-01
5.061412E+03	-1.653925E+01	5.671824E-02	1.622172E-01
5.061612E+03	-1.653898E+01	5.670535E-02	1.622169E-01
5.061812E+03	-1.653862E+01	5.661519E-02	1.622165E-01
5.062012E+03	-1.653846E+01	5.611846E-02	1.622162E-01
5.062212E+03	-1.653855E+01	5.567269E-02	1.622159E-01
5.062412E+03	-1.653889E+01	5.574697E-02	1.622155E-01
5.062612E+03	-1.653906E+01	5.561967E-02	1.622152E-01
5.062812E+03	-1.653908E+01	5.534415E-02	1.622149E-01
5.063012E+03	-1.653908E+01	5.570439E-02	1.622145E-01
5.063212E+03	-1.653904E+01	5.590956E-02	1.622142E-01
5.063413E+03	-1.653892E+01	5.575006E-02	1.622139E-01
5.063613E+03	-1.653892E+01	5.568764E-02	1.622135E-01
5.063813E+03	-1.653889E+01	5.597263E-02	1.622132E-01
5.064013E+03	-1.653860E+01	5.560448E-02	1.622129E-01
5.064213E+03	-1.653856E+01	5.490030E-02	1.622125E-01
5.064413E+03	-1.653873E+01	5.515670E-02	1.622122E-01
5.064613E+03	-1.653870E+01	5.536481E-02	1.622119E-01
5.064813E+03	-1.653851E+01	5.555622E-02	1.622115E-01
5.065013E+03	-1.653832E+01	5.585533E-02	1.622112E-01
5.065213E+03	-1.653810E+01	5.595940E-02	1.622109E-01
5.065413E+03	-1.653801E+01	5.538884E-02	1.622105E-01
5.065613E+03	-1.653813E+01	5.537057E-02	1.622102E-01
5.065812E+03	-1.653834E+01	5.536931E-02	1.622099E-01
5.066012E+03	-1.653846E+01	5.535103E-02	1.622095E-01
5.066212E+03	-1.653820E+01	5.532462E-02	1.622092E-01
5.066413E+03	-1.653779E+01	5.507881E-02	1.622089E-01
5.066613E+03	-1.653765E+01	5.467280E-02	1.622085E-01
5.066812E+03	-1.653770E+01	5.468364E-02	1.622082E-01
5.067012E+03	-1.653775E+01	5.466331E-02	1.622079E-01
5.067212E+03	-1.653775E+01	5.463937E-02	1.622075E-01
5.067412E+03	-1.653789E+01	5.466463E-02	1.622072E-01
5.067612E+03	-1.653806E+01	5.461387E-02	1.622069E-01
5.067812E+03	-1.653801E+01	5.441139E-02	1.622065E-01
5.068012E+03	-1.653777E+01	5.439816E-02	1.622062E-01
5.068212E+03	-1.653772E+01	5.456694E-02	1.622059E-01
5.068412E+03	-1.653787E+01	5.474306E-02	1.622055E-01
5.068613E+03	-1.653780E+01	5.513148E-02	1.622052E-01
5.068813E+03	-1.653744E+01	5.514334E-02	1.622049E-01
5.069013E+03	-1.653715E+01	5.509257E-02	1.622045E-01
5.069213E+03	-1.653720E+01	5.507709E-02	1.622042E-01
5.069413E+03	-1.653725E+01	5.498033E-02	1.622039E-01
5.069613E+03	-1.653725E+01	5.504729E-02	1.622035E-01
5.069813E+03	-1.653734E+01	5.539670E-02	1.622032E-01
5.070013E+03	-1.653746E+01	5.567037E-02	1.622029E-01
5.070213E+03	-1.653735E+01	5.539909E-02	1.622025E-01
5.070413E+03	-1.653744E+01	5.531559E-02	1.622022E-01
5.070613E+03	-1.653775E+01	5.528104E-02	1.622019E-01
5.070813E+03	-1.653792E+01	5.539578E-02	1.622015E-01
5.071013E+03	-1.653794E+01	5.535094E-02	1.622012E-01
5.071213E+03	-1.653787E+01	5.522204E-02	1.622009E-01
5.071413E+03	-1.653773E+01	5.491886E-02	1.622005E-01
5.071613E+03	-1.653754E+01	5.509086E-02	1.622002E-01
5.071813E+03	-1.653756E+01	5.490964E-02	1.621999E-01
5.072013E+03	-1.653761E+01	5.490370E-02	1.621995E-01
5.072213E+03	-1.653771E+01	5.432213E-02	1.621992E-01
5.072413E+03	-1.653795E+01	5.426108E-02	1.621989E-01
5.072613E+03	-1.653824E+01	5.406691E-02	1.621985E-01
5.072813E+03	-1.653833E+01	5.398294E-02	1.621982E-01
5.073013E+03	-1.653840E+01	5.399907E-02	1.621979E-01
5.073213E+03	-1.653836E+01	5.343928E-02	1.621975E-01
5.073413E+03	-1.653800E+01	5.358432E-02	1.621972E-01
5.073613E+03	-1.653776E+01	5.291072E-02	1.621969E-01
5.073814E+03	-1.653781E+01	5.278966E-02	1.621965E-01
5.074014E+03	-1.653797E+01	5.248664E-02	1.621962E-01
5.074214E+03	-1.653812E+01	5.307673E-02	1.621959E-01
5.074414E+03	-1.653807E+01	5.390466E-02	1.621955E-01
5.074614E+03	-1.653790E+01	5.380961E-02	1.621952E-01
5.074814E+03	-1.653769E+01	5.354593E-02	1.621949E-01
5.075014E+03	-1.653759E+01	5.349581E-02	1.621945E-01
5.075214E+03	-1.653774E+01	5.353029E-02	1.621942E-01
5.075414E+03	-1.653781E+01	5.353914E-02	1.621939E-01
5.075614E+03	-1.653767E+01	5.356452E-02	1.621935E-01
5.075814E+03	-1.653759E+01	5.338810E-02	1.621932E-01
5.076014E+03	-1.653759E+01	5.350538E-02	1.621929E-01
5.076214E+03	-1.653740E+01	5.319232E-02	1.621925E-01
5.076414E+03	-1.653726E+01	5.314845E-02	1.621922E-01
5.076614E+03	-1.653745E+01	5.317426E-02	1.621918E-01
5.076814E+03	-1.653757E+01	5.318891E-02	1.621915E-01
5.077014E+03	-1.653743E+01	5.312827E-02	1.621912E-01
5.077214E+03	-1.653738E+01	5.310807E-02	1.621908E-01
5.077414E+03	-1.653738E+01	5.286407E-02	1.621905E-01
5.077614E+03	-1.653726E+01	5.270841E-02	1.621901E-01
5.077814E+03	-1.653738E+01	5.258419E-02	1.621898E-01
5.078014E+03	-1.653757E+01	5.237762E-02	1.621894E-01
5.078213E+03	-1.653757E+01	5.238719E-02	1.621891E-01
5.078413E+03	-1.653724E+01	5.236116E-02	1.621888E-01
5.078614E+03	-1.653693E+01	5.238106E-02	1.621884E-01
5.078814E+03	-1.653695E+01	5.234093E-02	1.621881E-01
5.079015E+03	-1.653705E+01	5.235962E-02	1.621877E-01
5.079214E+03	-1.653705E+01	5.235484E-02	1.621874E-01
5.079414E+03	-1.653726E+01	5.235209E-02	1.621871E-01
5.079614E+03	-1.653750E+01	5.237854E-02	1.621867E-01
5.079814E+03	-1.653748E+01	5.246417E-02	1.621864E-01
5.080014E+03	-1.653724E+01	5.231334E-02	1.621860E-01
5.080214E+03	-1.653712E+01	5.246869E-02	1.621857E-01
5.080414E+03	-1.653712E+01	5.211246E-02	1.621854E-01
5.080614E+03	-1.653705E+01	5.212776E-02	1.621850E-01
5.080814E+03	-1.653698E+01	5.197099E-02	1.621847E-01
5.081014E+03	-1.653703E+01	5.202212E-02	1.621843E-01
5.081214E+03	-1.653693E+01	5.200350E-02	1.621840E-01
5.081414E+03	-1.653672E+01	5.200643E-02	1.621837E-01
5.081614E+03	-1.653691E+01	5.206515E-02	1.621833E-01
5.081814E+03	-1.653710E+01	5.206179E-02	1.621830E-01
5.082014E+03	-1.653710E+01	5.197812E-02	1.621826E-01
5.082214E+03	-1.653693E+01	5.194853E-02	1.621823E-01
5.082414E+03	-1.653653E+01	5.171139E-02	1.621820E-01
5.082614E+03	-1.653624E+01	5.138860E-02	1.621816E-01
5.082814E+03	-1.653624E+01	5.154846E-02	1.621813E-01
5.083014E+03	-1.653624E+01	5.050586E-02	1.621809E-01
5.083214E+03	-1.653622E+01	5.004264E-02	1.621806E-01
5.083414E+03	-1.653627E+01	5.006722E-02	1.621803E-01
5.083614E+03	-1.653634E+01	4.977241E-02	1.621799E-01
5.083814E+03	-1.653634E+01	4.976287E-02	1.621796E-01
5.084014E+03	-1.653625E+01	4.961116E-02	1.621792E-01
5.084215E+03	-1.653620E+01	4.969159E-02	1.621789E-01
5.084415E+03	-1.653615E+01	4.969805E-02	1.621786E-01
5.084615E+03	-1.653615E+01	4.965751E-02	1.621782E-01
5.084815E+03	-1.653615E+01	4.956449E-02	1.621779E-01
5.085015E+03	-1.653584E+01	4.955296E-02	1.621775E-01
5.085215E+03	-1.653553E+01	4.989637E-02	1.621772E-01
5.085415E+03	-1.653549E+01	5.019812E-02	1.621769E-01
5.085615E+03	-1.653539E+01	5.020140E-02	1.621765E-01
5.085815E+03	-1.653508E+01	4.985154E-02	1.621762E-01
5.086015E+03	-1.653477E+01	4.965199E-02	1.621758E-01
5.086215E+03	-1.653484E+01	4.963875E-02	1.621755E-01
5.086415E+03	-1.653515E+01	4.969314E-02	1.621752E-01
5.086615E+03	-1.653520E+01	4.929397E-02	1.621748E-01
5.086815E+03	-1.653501E+01	4.813994E-02	1.621745E-01
5.087015E+03	-1.653482E+01	4.829245E-02	1.621741E-01
5.087215E+03	-1.653466E+01	4.841658E-02	1.621738E-01
5.087415E+03	-1.653463E+01	4.850425E-02	1.621735E-01
5.087615E+03	-1.653447E+01	4.849043E-02	1.621731E-01
5.087815E+03	-1.653428E+01	4.878509E-02	1.621728E-01
5.088015E+03	-1.653421E+01	4.890295E-02	1.621724E-01
5.088215E+03	-1.653413E+01	4.878098E-02	1.621721E-01
5.088415E+03	-1.653387E+01	4.901030E-02	1.621718E-01
5.088615E+03	-1.653368E+01	4.909323E-02	1.621714E-01
5.088815E+03	-1.653357E+01	4.904901E-02	1.621711E-01
5.089015E+03	-1.653354E+01	4.916250E-02	1.621707E-01
5.089215E+03	-1.653383E+01	4.906425E-02	1.621704E-01
5.089416E+03	-1.653385E+01	4.914285E-02	1.621701E-01
5.089616E+03	-1.653371E+01	4.916707E-02	1.621697E-01
5.089816E+03	-1.653385E+01	4.972654E-02	1.621694E-01
5.090016E+03	-1.653421E+01	5.026836E-02	1.621690E-01
5.090216E+03	-1.653438E+01	5.024248E-02	1.621687E-01
5.090416E+03	-1.653440E+01	4.963705E-02	1.621684E-01
5.090615E+03	-1.653435E+01	4.964349E-02	1.621680E-01
5.090815E+03	-1.653457E+01	4.966794E-02	1.621677E-01
5.091016E+03	-1.653488E+01	4.975086E-02	1.621673E-01
5.091216E+03	-1.653507E+01	4.961564E-02	1.621670E-01
5.091416E+03	-1.653516E+01	4.965269E-02	1.621667E-01
5.091615E+03	-1.653531E+01	4.977616E-02	1.621663E-01
5.091815E+03	-1.653552E+01	4.978167E-02	1.621660E-01
5.092015E+03	-1.653547E+01	4.980241E-02	1.621656E-01
5.092215E+03	-1.653543E+01	4.967790E-02	1.621653E-01
5.092415E+03	-1.653559E+01	4.983750E-02	1.621650E-01
5.092615E+03	-1.653566E+01	5.016260E-02	1.621646E-01
5.092815E+03	-1.653550E+01	5.001949E-02	1.621643E-01
5.093015E+03	-1.653552E+01	5.001033E-02	1.621639E-01
5.093215E+03	-1.653567E+01	5.013399E-02	1.621636E-01
5.093415E+03	-1.653574E+01	5.028761E-02	1.621633E-01
5.093615E+03	-1.653590E+01	5.065737E-02	1.621629E-01
5.093815E+03	-1.653598E+01	5.205811E-02	1.621626E-01
5.094015E+03	-1.653595E+01	5.273474E-02	1.621622E-01
5.094215E+03	-1.653595E+01	5.300653E-02	1.621619E-01
5.094415E+03	-1.653612E+01	5.306508E-02	1.621616E-01
5.094615E+03	-1.653626E+01	5.303006E-02	1.621612E-01
5.094816E+03	-1.653626E+01	5.300382E-02	1.621609E-01
5.095016E+03	-1.653617E+01	5.328557E-02	1.621605E-01
5.095216E+03	-1.653617E+01	5.335714E-02	1.621602E-01
5.095416E+03	-1.653629E+01	5.352926E-02	1.621599E-01
5.095616E+03	-1.653624E+01	5.369992E-02	1.621595E-01
5.095816E+03	-1.653638E+01	5.374388E-02	1.621592E-01
5.096016E+03	-1.653660E+01	5.366781E-02	1.621588E-01
5.096216E+03	-1.653679E+01	5.307273E-02	1.621585E-01
5.096416E+03	-1.653694E+01	5.305202E-02	1.621582E-01
5.096616E+03	-1.653684E+01	5.284445E-02	1.621578E-01
5.096816E+03	-1.653653E+01	5.300961E-02	1.621575E-01
5.097016E+03	-1.653622E+01	5.296222E-02	1.621572E-01
5.097216E+03	-1.653584E+01	5.318266E-02	1.621568E-01
5.097416E+03	-1.653560E+01	5.310824E-02	1.621565E-01
5.097616E+03	-1.653553E+01	5.307092E-02	1.621561E-01
5.097816E+03	-1.653541E+01	5.307780E-02	1.621558E-01
5.098016E+03	-1.653541E+01	5.304209E-02	1.621555E-01
5.098216E+03	-1.653522E+01	5.261181E-02	1.621551E-01
5.098416E+03	-1.653472E+01	5.276530E-02	1.621548E-01
5.098616E+03	-1.653448E+01	5.321164E-02	1.621544E-01
5.098816E+03	-1.653451E+01	5.338564E-02	1.621541E-01
5.099016E+03	-1.653472E+01	5.359738E-02	1.621538E-01
5.099216E+03	-1.653487E+01	5.350321E-02	1.621534E-01
5.099416E+03	-1.653487E+01	5.358643E-02	1.621531E-01
5.099616E+03	-1.653501E+01	5.339948E-02	1.621527E-01
5.099816E+03	-1.653513E+01	5.350928E-02	1.621524E-01
5.100017E+03	-1.653487E+01	5.342711E-02	1.621521E-01
5.100217E+03	-1.653451E+01	5.338564E-02	1.621517E-01
5.100417E+03	-1.653449E+01	5.442818E-02	1.621514E-01
5.100617E+03	-1.653456E+01	5.551603E-02	1.621510E-01
5.100817E+03	-1.653432E+01	5.545242E-02	1.621507E-01
5.101017E+03	-1.653401E+01	5.566461E-02	1.621504E-01
5.101217E+03	-1.653371E+01	5.584567E-02	1.621500E-01
5.101417E+03	-1.653347E+01	5.588630E-02	1.621497E-01
5.101617E+03	-1.653333E+01	5.584431E-02	1.621493E-01
5.101817E+03	-1.653323E+01	5.586292E-02	1.621490E-01
5.102017E+03	-1.653297E+01	5.585073E-02	1.621487E-01
5.102217E+03	-1.653278E+01	5.591392E-02	1.621483E-01
5.102417E+03	-1.653271E+01	5.600418E-02	1.621480E-01
5.102617E+03	-1.653259E+01	5.593925E-02	1.621477E-01
5.102816E+03	-1.653257E+01	5.590307E-02	1.621473E-01
5.103016E+03	-1.653274E+01	5.600249E-02	1.621470E-01
5.103217E+03	-1.653276E+01	5.597478E-02	1.621466E-01
5.103417E+03	-1.653274E+01	5.595754E-02	1.621463E-01
5.103617E+03	-1.653262E+01	5.583582E-02	1.621460E-01
5.103816E+03	-1.653238E+01	5.585035E-02	1.621456E-01
5.104016E+03	-1.653217E+01	5.600498E-02	1.621453E-01
5.104216E+03	-1.653198E+01	5.598061E-02	1.621449E-01
5.104416E+03	-1.653168E+01	5.595758E-02	1.621446E-01
5.104616E+03	-1.653153E+01	5.586619E-02	1.621443E-01
5.104816E+03	-1.653151E+01	5.581832E-02	1.621439E-01
5.105016E+03	-1.653121E+01	5.526012E-02	1.621436E-01
5.105217E+03	-1.653104E+01	5.514485E-02	1.621432E-01
5.105417E+03	-1.653116E+01	5.534138E-02	1.621429E-01
5.105617E+03	-1.653123E+01	5.587863E-02	1.621426E-01
5.105817E+03	-1.653125E+01	5.592411E-02	1.621422E-01
5.106017E+03	-1.653111E+01	5.603558E-02	1.621419E-01
5.106217E+03	-1.653078E+01	5.662201E-02	1.621416E-01
5.106417E+03	-1.653048E+01	5.675159E-02	1.621412E-01
5.106617E+03	-1.653017E+01	5.672810E-02	1.621409E-01
5.106817E+03	-1.652973E+01	5.674265E-02	1.621405E-01
5.107017E+03	-1.652966E+01	5.662769E-02	1.621402E-01
5.107217E+03	-1.652991E+01	5.640984E-02	1.621399E-01
5.107417E+03	-1.652996E+01	5.636423E-02	1.621395E-01
5.107617E+03	-1.652980E+01	5.638518E-02	1.621392E-01
5.107817E+03	-1.652952E+01	5.617946E-02	1.621388E-01
5.108017E+03	-1.652923E+01	5.643646E-02	1.621385E-01
5.108217E+03	-1.652907E+01	5.696889E-02	1.621382E-01
5.108417E+03	-1.652886E+01	5.657297E-02	1.621378E-01
5.108617E+03	-1.652874E+01	5.617787E-02	1.621375E-01
5.108817E+03	-1.652867E+01	5.599059E-02	1.621372E-01
5.109017E+03	-1.652863E+01	5.543369E-02	1.621368E-01
5.109217E+03	-1.652865E+01	5.529836E-02	1.621365E-01
5.109417E+03	-1.652844E+01	5.527854E-02	1.621361E-01
5.109617E+03	-1.652832E+01	5.528706E-02	1.621358E-01
5.109817E+03	-1.652846E+01	5.532838E-02	1.621355E-01
5.110017E+03	-1.652825E+01	5.527343E-02	1.621351E-01
5.110217E+03	-1.652800E+01	5.524064E-02	1.621348E-01
5.110418E+03	-1.652804E+01	5.526063E-02	1.621344E-01
5.110618E+03	-1.652816E+01	5.520529E-02	1.621341E-01
5.110818E+03	-1.652809E+01	5.520573E-02	1.621338E-01
5.111018E+03	-1.652779E+01	5.494715E-02	1.621334E-01
5.111218E+03	-1.652767E+01	5.515689E-02	1.621331E-01
5.111418E+03	-1.652783E+01	5.532277E-02	1.621328E-01
5.111618E+03	-1.652786E+01	5.541700E-02	1.621324E-01
5.111818E+03	-1.652776E+01	5.539336E-02	1.621321E-01
5.112018E+03	-1.652781E+01	5.567775E-02	1.621317E-01
5.112218E+03	-1.652769E+01	5.651652E-02	1.621314E-01
5.112418E+03	-1.652734E+01	5.632132E-02	1.621311E-01
5.112618E+03	-1.652704E+01	5.588023E-02	1.621307E-01
5.112818E+03	-1.652695E+01	5.562537E-02	1.621304E-01
5.113018E+03	-1.652676E+01	5.579518E-02	1.621300E-01
5.113218E+03	-1.652658E+01	5.579220E-02	1.621297E-01
5.113418E+03	-1.652651E+01	5.597216E-02	1.621294E-01
5.113618E+03	-1.652644E+01	5.594915E-02	1.621290E-01
5.113818E+03	-1.652641E+01	5.566629E-02	1.621287E-01
5.114018E+03	-1.652630E+01	5.548581E-02	1.621284E-01
5.114218E+03	-1.652616E+01	5.550989E-02	1.621280E-01
5.114418E+03	-1.652592E+01	5.548245E-02	1.621277E-01
5.114618E+03	-1.652562E+01	5.541118E-02	1.621273E-01
5.114818E+03	-1.652553E+01	5.529923E-02	1.621270E-01
5.115017E+03	-1.652532E+01	5.532840E-02	1.621267E-01
5.115217E+03	-1.652511E+01	5.529012E-02	1.621263E-01
5.115417E+03	-1.652493E+01	5.544774E-02	1.621260E-01
5.115618E+03	-1.652472E+01	5.536296E-02	1.621256E-01
5.115819E+03	-1.652460E+01	5.555485E-02	1.621253E-01
5.116018E+03	-1.652437E+01	5.595691E-02	1.621250E-01
5.116218E+03	-1.652418E+01	5.580771E-02	1.621246E-01
5.116418E+03	-1.652430E+01	5.575531E-02	1.621243E-01
5.116618E+03	-1.652449E+01	5.571414E-02	1.621240E-01
5.116818E+03	-1.652446E+01	5.572974E-02	1.621236E-01
5.117018E+03	-1.652446E+01	5.570885E-02	1.621233E-01
5.117218E+03	-1.652446E+01	5.595726E-02	1.621229E-01
5.117418E+03	-1.652435E+01	5.576126E-02	1.621226E-01
5.117618E+03	-1.652402E+01	5.577990E-02	1.621223E-01
5.117818E+03	-1.652377E+01	5.567064E-02	1.621219E-01
5.118018E+03	-1.652363E+01	5.568989E-02	1.621216E-01
5.118218E+03	-1.652338E+01	5.520329E-02	1.621213E-01
5.118418E+03	-1.652312E+01	5.439327E-02	1.621209E-01
5.118618E+03	-1.652296E+01	5.445396E-02	1.621206E-01
5.118818E+03	-1.652296E+01	5.523829E-02	1.621202E-01
5.119018E+03	-1.652284E+01	5.551502E-02	1.621199E-01
5.119218E+03	-1.652271E+01	5.541637E-02	1.621196E-01
5.119418E+03	-1.652257E+01	5.538711E-02	1.621192E-01
5.119618E+03	-1.652248E+01	5.533835E-02	1.621189E-01
5.119818E+03	-1.652227E+01	5.526565E-02	1.621186E-01
5.120018E+03	-1.652199E+01	5.517269E-02	1.621182E-01
5.120218E+03	-1.652172E+01	5.513753E-02	1.621179E-01
5.120418E+03	-1.652153E+01	5.526401E-02	1.621175E-01
5.120618E+03	-1.652137E+01	5.534720E-02	1.621172E-01
5.120819E+03	-1.652121E+01	5.528975E-02	1.621169E-01
5.121019E+03	-1.652100E+01	5.526106E-02	1.621165E-01
5.121219E+03	-1.652068E+01	5.517404E-02	1.621162E-01
5.121419E+03	-1.652033E+01	5.531650E-02	1.621158E-01
5.121619E+03	-1.652001E+01	5.519508E-02	1.621155E-01
5.121819E+03	-1.651978E+01	5.527385E-02	1.621152E-01
5.122019E+03	-1.651944E+01	5.537920E-02	1.621148E-01
5.122219E+03	-1.651907E+01	5.639180E-02	1.621145E-01
5.122419E+03	-1.651878E+01	5.690532E-02	1.621142E-01
5.122619E+03	-1.651850E+01	5.709832E-02	1.621138E-01
5.122819E+03	-1.651832E+01	5.706280E-02	1.621135E-01
5.123019E+03	-1.651823E+01	5.708740E-02	1.621131E-01
5.123219E+03	-1.651823E+01	5.730022E-02	1.621128E-01
5.123419E+03	-1.651807E+01	5.774120E-02	1.621125E-01
5.123619E+03	-1.651786E+01	5.780990E-02	1.621121E-01
5.123819E+03	-1.651777E+01	5.771086E-02	1.621118E-01
5.124019E+03	-1.651775E+01	5.765294E-02	1.621115E-01
5.124219E+03	-1.651759E+01	5.751289E-02	1.621111E-01
5.124419E+03	-1.651738E+01	5.789224E-02	1.621108E-01
5.124619E+03	-1.651729E+01	5.786863E-02	1.621104E-01
5.124819E+03	-1.651743E+01	5.826153E-02	1.621101E-01
5.125019E+03	-1.651754E+01	5.807349E-02	1.621098E-01
5.125219E+03	-1.651748E+01	5.781988E-02	1.621094E-01
5.125419E+03	-1.651741E+01	5.790671E-02	1.621091E-01
5.125619E+03	-1.651748E+01	5.801407E-02	1.621088E-01
5.125819E+03	-1.651759E+01	5.800877E-02	1.621084E-01
5.126019E+03	-1.651752E+01	5.800647E-02	1.621081E-01
5.126220E+03	-1.651734E+01	5.789529E-02	1.621077E-01
5.126420E+03	-1.651732E+01	5.764560E-02	1.621074E-01
5.126620E+03	-1.651725E+01	5.795161E-02	1.621071E-01
5.126820E+03	-1.651698E+01	5.803600E-02	1.621067E-01
5.127020E+03	-1.651675E+01	5.816518E-02	1.621064E-01
5.127220E+03	-1.651659E+01	5.821901E-02	1.621061E-01
5.127419E+03	-1.651638E+01	5.813456E-02	1.621057E-01
5.127619E+03	-1.651609E+01	5.809949E-02	1.621054E-01
5.127819E+03	-1.651593E+01	5.850159E-02	1.621051E-01
5.128020E+03	-1.651602E+01	5.871650E-02	1.621047E-01
5.128220E+03	-1.651625E+01	5.873363E-02	1.621044E-01
5.128419E+03	-1.651639E+01	5.851057E-02	1.621040E-01
5.128619E+03	-1.651643E+01	5.876740E-02	1.621037E-01
5.128819E+03	-1.651646E+01	5.895282E-02	1.621034E-01
5.129019E+03	-1.651632E+01	5.895705E-02	1.621030E-01
5.129219E+03	-1.651602E+01	5.866869E-02	1.621027E-01
5.129419E+03	-1.651573E+01	5.842850E-02	1.621024E-01
5.129619E+03	-1.651536E+01	5.810449E-02	1.621020E-01
5.129819E+03	-1.651514E+01	5.776959E-02	1.621017E-01
5.130019E+03	-1.651514E+01	5.780140E-02	1.621013E-01
5.130219E+03	-1.651518E+01	5.799607E-02	1.621010E-01
5.130419E+03	-1.651523E+01	5.806352E-02	1.621007E-01
5.130619E+03	-1.651505E+01	5.837089E-02	1.621003E-01
5.130819E+03	-1.651491E+01	5.832306E-02	1.621000E-01
5.131019E+03	-1.651503E+01	5.794077E-02	1.620997E-01
5.131219E+03	-1.651494E+01	5.787642E-02	1.620993E-01
5.131420E+03	-1.651462E+01	5.786585E-02	1.620990E-01
5.131620E+03	-1.651448E+01	5.785452E-02	1.620986E-01
5.131820E+03	-1.651455E+01	5.756406E-02	1.620983E-01
5.132020E+03	-1.651441E+01	5.747339E-02	1.620980E-01
5.132220E+03	-1.651423E+01	5.742445E-02	1.620976E-01
5.132420E+03	-1.651394E+01	5.792481E-02	1.620973E-01
5.132620E+03	-1.651360E+01	5.867650E-02	1.620970E-01
5.132820E+03	-1.651353E+01	5.871260E-02	1.620966E-01
5.133020E+03	-1.651367E+01	5.860190E-02	1.620963E-01
5.133220E+03	-1.651371E+01	5.871445E-02	1.620959E-01
5.133420E+03	-1.651358E+01	5.871419E-02	1.620956E-01
5.133620E+03	-1.651319E+01	5.861697E-02	1.620953E-01
5.133820E+03	-1.651290E+01	5.853436E-02	1.620949E-01
5.134020E+03	-1.651292E+01	5.826840E-02	1.620946E-01
5.134220E+03	-1.651299E+01	5.820741E-02	1.620943E-01
5.134420E+03	-1.651299E+01	5.816670E-02	1.620939E-01
5.134620E+03	-1.651313E+01	5.824595E-02	1.620936E-01
5.134820E+03	-1.651331E+01	5.839466E-02	1.620933E-01
5.135020E+03	-1.651333E+01	5.950873E-02	1.620929E-01
5.135220E+03	-1.651336E+01	6.019070E-02	1.620926E-01
5.135420E+03	-1.651322E+01	6.013570E-02	1.620922E-01
5.135620E+03	-1.651306E+01	6.010700E-02	1.620919E-01
5.135820E+03	-1.651288E+01	6.008649E-02	1.620916E-01
5.136020E+03	-1.651272E+01	6.006461E-02	1.620912E-01
5.136220E+03	-1.651270E+01	6.005697E-02	1.620909E-01
5.136420E+03	-1.651254E+01	6.010963E-02	1.620906E-01
5.136621E+03	-1.651241E+01	5.987863E-02	1.620902E-01
5.136821E+03	-1.651218E+01	6.000999E-02	1.620899E-01
5.137021E+03	-1.651193E+01	6.013360E-02	1.620895E-01
5.137221E+03	-1.651189E+01	6.007772E-02	1.620892E-01
5.137421E+03	-1.651194E+01	6.005239E-02	1.620889E-01
5.137621E+03	-1.651185E+01	5.999031E-02	1.620885E-01
5.137821E+03	-1.651187E+01	5.929208E-02	1.620882E-01
5.138021E+03	-1.651185E+01	5.880417E-02	1.620879E-01
5.138221E+03	-1.651149E+01	5.855934E-02	1.620875E-01
5.138421E+03	-1.651137E+01	5.852163E-02	1.620872E-01
5.138621E+03	-1.651155E+01	5.907999E-02	1.620869E-01
5.138821E+03	-1.651167E+01	6.009615E-02	1.620865E-01
5.139021E+03	-1.651151E+01	5.994813E-02	1.620862E-01
5.139221E+03	-1.651117E+01	5.984749E-02	1.620858E-01
5.139421E+03	-1.651122E+01	5.975010E-02	1.620855E-01
5.139620E+03	-1.651147E+01	5.987208E-02	1.620852E-01
5.139820E+03	-1.651144E+01	6.009877E-02	1.620848E-01
5.140020E+03	-1.651111E+01	6.002053E-02	1.620845E-01
5.140221E+03	-1.651090E+01	5.997905E-02	1.620842E-01
5.140421E+03	-1.651070E+01	6.008602E-02	1.620838E-01
5.140620E+03	-1.651066E+01	5.990214E-02	1.620835E-01
5.140820E+03	-1.651063E+01	5.990129E-02	1.620832E-01
5.141020E+03	-1.651046E+01	6.071492E-02	1.620828E-01
5.141220E+03	-1.651034E+01	6.105203E-02	1.620825E-01
5.141420E+03	-1.651030E+01	6.110413E-02	1.620821E-01
5.141620E+03	-1.651016E+01	6.146030E-02	1.620818E-01
5.141821E+03	-1.650983E+01	6.140814E-02	1.620815E-01
5.142021E+03	-1.650965E+01	6.142988E-02	1.620811E-01
5.142221E+03	-1.650974E+01	6.141340E-02	1.620808E-01
5.142421E+03	-1.650978E+01	6.123347E-02	1.620805E-01
5.142621E+03	-1.650983E+01	6.082680E-02	1.620801E-01
5.142821E+03	-1.650978E+01	6.124469E-02	1.620798E-01
5.143021E+03	-1.650985E+01	6.139112E-02	1.620795E-01
5.143221E+03	-1.650996E+01	6.145416E-02	1.620791E-01
5.143421E+03	-1.650974E+01	6.140891E-02	1.620788E-01
5.143621E+03	-1.650929E+01	6.144191E-02	1.620784E-01
5.143821E+03	-1.650909E+01	6.144923E-02	1.620781E-01
5.144021E+03	-1.650911E+01	6.144792E-02	1.620778E-01
5.144221E+03	-1.650900E+01	6.159338E-02	1.620774E-01
5.144421E+03	-1.650880E+01	6.086841E-02	1.620771E-01
5.144621E+03	-1.650876E+01	6.080840E-02	1.620768E-01
5.144821E+03	-1.650878E+01	6.118097E-02	1.620764E-01
5.145021E+03	-1.650882E+01	6.096559E-02	1.620761E-01
5.145221E+03	-1.650878E+01	6.090781E-02	1.620758E-01
5.145421E+03	-1.650860E+01	6.101476E-02	1.620754E-01
5.145621E+03	-1.650844E+01	6.133059E-02	1.620751E-01
5.145821E+03	-1.650838E+01	6.150679E-02	1.620747E-01
5.146021E+03	-1.650820E+01	6.141661E-02	1.620744E-01
5.146221E+03	-1.650824E+01	6.148331E-02	1.620741E-01
5.146421E+03	-1.650854E+01	6.147974E-02	1.620737E-01
5.146621E+03	-1.650860E+01	6.147134E-02	1.620734E-01
5.146821E+03	-1.650847E+01	6.145458E-02	1.620731E-01
5.147022E+03	-1.650836E+01	6.137611E-02	1.620727E-01
5.147222E+03	-1.650822E+01	6.139294E-02	1.620724E-01
5.147422E+03	-1.650829E+01	6.137783E-02	1.620721E-01
5.147622E+03	-1.650840E+01	6.140482E-02	1.620717E-01
5.147822E+03	-1.650825E+01	6.178968E-02	1.620714E-01
5.148022E+03	-1.650800E+01	6.199833E-02	1.620710E-01
5.148222E+03	-1.650782E+01	6.201751E-02	1.620707E-01
5.148422E+03	-1.650762E+01	6.206247E-02	1.620704E-01
5.148622E+03	-1.650751E+01	6.271405E-02	1.620700E-01
5.148822E+03	-1.650731E+01	6.275422E-02	1.620697E-01
5.149022E+03	-1.650689E+01	6.272423E-02	1.620694E-01
5.149222E+03	-1.650660E+01	6.270916E-02	1.620690E-01
5.149422E+03	-1.650638E+01	6.253894E-02	1.620687E-01
5.149622E+03	-1.650600E+01	6.230205E-02	1.620684E-01
5.149822E+03	-1.650580E+01	6.229113E-02	1.620680E-01
5.150022E+03	-1.650589E+01	6.223495E-02	1.620677E-01
5.150222E+03	-1.650580E+01	6.170408E-02	1.620674E-01
5.150422E+03	-1.650558E+01	6.145914E-02	1.620670E-01
5.150622E+03	-1.650542E+01	6.142821E-02	1.620667E-01
5.150822E+03	-1.650527E+01	6.135513E-02	1.620663E-01
5.151022E+03	-1.650520E+01	6.112809E-02	1.620660E-01
5.151222E+03	-1.650516E+01	6.144381E-02	1.620657E-01
5.151422E+03	-1.650504E+01	6.168783E-02	1.620653E-01
5.151622E+03	-1.650480E+01	6.162655E-02	1.620650E-01
5.151822E+03	-1.650449E+01	6.158473E-02	1.620647E-01
5.152021E+03	-1.650429E+01	6.167389E-02	1.620643E-01
5.152222E+03	-1.650427E+01	6.147797E-02	1.620640E-01
5.152422E+03	-1.650416E+01	6.152210E-02	1.620637E-01
5.152623E+03	-1.650394E+01	6.186716E-02	1.620633E-01
5.152822E+03	-1.650363E+01	6.176771E-02	1.620630E-01
5.153022E+03	-1.650339E+01	6.181274E-02	1.620627E-01
5.153222E+03	-1.650312E+01	6.198050E-02	1.620623E-01
5.153422E+03	-1.650303E+01	6.211592E-02	1.620620E-01
5.153622E+03	-1.650319E+01	6.211594E-02	1.620616E-01
5.153822E+03	-1.650312E+01	6.207552E-02	1.620613E-01
5.154022E+03	-1.650286E+01	6.217017E-02	1.620610E-01
5.154222E+03	-1.650253E+01	6.221768E-02	1.620606E-01
5.154422E+03	-1.650235E+01	6.232698E-02	1.620603E-01
5.154622E+03	-1.650244E+01	6.248968E-02	1.620600E-01
5.154822E+03	-1.650242E+01	6.249533E-02	1.620596E-01
5.155022E+03	-1.650224E+01	6.241039E-02	1.620593E-01
5.155222E+03	-1.650202E+01	6.208333E-02	1.620590E-01
5.155422E+03	-1.650193E+01	6.188559E-02	1.620586E-01
5.155622E+03	-1.650184E+01	6.190829E-02	1.620583E-01
5.155822E+03	-1.650167E+01	6.187877E-02	1.620580E-01
5.156022E+03	-1.650156E+01	6.165828E-02	1.620576E-01
5.156222E+03	-1.650149E+01	6.091133E-02	1.620573E-01
5.156422E+03	-1.650147E+01	6.094346E-02	1.620570E-01
5.156622E+03	-1.650125E+01	6.086638E-02	1.620566E-01
5.156822E+03	-1.650101E+01	6.081706E-02	1.620563E-01
5.157022E+03	-1.650097E+01	6.075811E-02	1.620559E-01
5.157222E+03	-1.650086E+01	6.120222E-02	1.620556E-01
5.157422E+03	-1.650079E+01	6.135779E-02	1.620553E-01
5.157623E+03	-1.650070E+01	6.125308E-02	1.620549E-01
5.157823E+03	-1.650064E+01	6.119764E-02	1.620546E-01
5.158023E+03	-1.650053E+01	6.111624E-02	1.620543E-01
5.158223E+03	-1.650035E+01	6.100150E-02	1.620539E-01
5.158423E+03	-1.650020E+01	6.097333E-02	1.620536E-01
5.158623E+03	-1.650007E+01	6.093290E-02	1.620533E-01
5.158823E+03	-1.649994E+01	6.091882E-02	1.620529E-01
5.159023E+03	-1.649974E+01	6.087799E-02	1.620526E-01
5.159223E+03	-1.649954E+01	6.095334E-02	1.620523E-01
5.159423E+03	-1.649948E+01	6.111068E-02	1.620519E-01
5.159623E+03	-1.649954E+01	6.148159E-02	1.620516E-01
5.159823E+03	-1.649950E+01	6.175153E-02	1.620513E-01
5.160023E+03	-1.649939E+01	6.144455E-02	1.620509E-01
5.160223E+03	-1.649919E+01	6.140131E-02	1.620506E-01
5.160423E+03	-1.649891E+01	6.137640E-02	1.620502E-01
5.160623E+03	-1.649869E+01	6.161237E-02	1.620499E-01
5.160823E+03	-1.649850E+01	6.169595E-02	1.620496E-01
5.161023E+03	-1.649841E+01	6.169665E-02	1.620492E-01
5.161223E+03	-1.649823E+01	6.151886E-02	1.620489E-01
5.161423E+03	-1.649804E+01	6.162206E-02	1.620486E-01
5.161623E+03	-1.649804E+01	6.126167E-02	1.620482E-01
5.161823E+03	-1.649802E+01	6.124767E-02	1.620479E-01
5.162023E+03	-1.649806E+01	6.120139E-02	1.620476E-01
5.162223E+03	-1.649821E+01	6.145675E-02	1.620472E-01
5.162423E+03	-1.649813E+01	6.181798E-02	1.620469E-01
5.162623E+03	-1.649771E+01	6.181351E-02	1.620466E-01
5.162824E+03	-1.649756E+01	6.108487E-02	1.620462E-01
5.163024E+03	-1.649756E+01	6.097579E-02	1.620459E-01
5.163224E+03	-1.649752E+01	6.135361E-02	1.620456E-01
5.163424E+03	-1.649760E+01	6.172380E-02	1.620452E-01
5.163624E+03	-1.649771E+01	6.187464E-02	1.620449E-01
5.163824E+03	-1.649758E+01	6.189090E-02	1.620445E-01
5.164024E+03	-1.649741E+01	6.190965E-02	1.620442E-01
5.164224E+03	-1.649750E+01	6.193954E-02	1.620439E-01
5.164423E+03	-1.649750E+01	6.190682E-02	1.620435E-01
5.164623E+03	-1.649754E+01	6.234721E-02	1.620432E-01
5.164824E+03	-1.649765E+01	6.244360E-02	1.620429E-01
5.165024E+03	-1.649743E+01	6.247333E-02	1.620425E-01
5.165223E+03	-1.649708E+01	6.259534E-02	1.620422E-01
5.165423E+03	-1.649689E+01	6.263245E-02	1.620419E-01
5.165623E+03	-1.649689E+01	6.272611E-02	1.620415E-01
5.165823E+03	-1.649689E+01	6.274354E-02	1.620412E-01
5.166023E+03	-1.649695E+01	6.303839E-02	1.620409E-01
5.166223E+03	-1.649702E+01	6.237236E-02	1.620405E-01
5.166423E+03	-1.649704E+01	6.206823E-02	1.620402E-01
5.166623E+03	-1.649698E+01	6.187150E-02	1.620399E-01
5.166823E+03	-1.649676E+01	6.210617E-02	1.620395E-01
5.167023E+03	-1.649652E+01	6.205667E-02	1.620392E-01
5.167223E+03	-1.649637E+01	6.189567E-02	1.620389E-01
5.167423E+03	-1.649628E+01	6.165703E-02	1.620385E-01
5.167623E+03	-1.649617E+01	6.179816E-02	1.620382E-01
5.167823E+03	-1.649598E+01	6.188555E-02	1.620379E-01
5.168024E+03	-1.649591E+01	6.198275E-02	1.620375E-01
5.168224E+03	-1.649587E+01	6.203524E-02	1.620372E-01
5.168424E+03	-1.649581E+01	6.159351E-02	1.620368E-01
5.168624E+03	-1.649585E+01	6.184090E-02	1.620365E-01
5.168824E+03	-1.649576E+01	6.160038E-02	1.620362E-01
5.169024E+03	-1.649563E+01	6.166660E-02	1.620358E-01
5.169224E+03	-1.649565E+01	6.199553E-02	1.620355E-01
5.169424E+03	-1.649583E+01	6.209205E-02	1.620352E-01
5.169624E+03	-1.649602E+01	6.208089E-02	1.620348E-01
5.169824E+03	-1.649594E+01	6.206412E-02	1.620345E-01
5.170024E+03	-1.649581E+01	6.207808E-02	1.620342E-01
5.170224E+03	-1.649581E+01	6.208243E-02	1.620338E-01
5.170424E+03	-1.649583E+01	6.208988E-02	1.620335E-01
5.170624E+03	-1.649581E+01	6.188468E-02	1.620332E-01
5.170824E+03	-1.649587E+01	6.157014E-02	1.620328E-01
5.171024E+03	-1.649603E+01	6.140910E-02	1.620325E-01
5.171224E+03	-1.649603E+01	6.152867E-02	1.620322E-01
5.171424E+03	-1.649588E+01	6.159189E-02	1.620318E-01
5.171624E+03	-1.649585E+01	6.163661E-02	1.620315E-01
5.171824E+03	-1.649594E+01	6.143593E-02	1.620312E-01
5.172024E+03	-1.649594E+01	6.126421E-02	1.620308E-01
5.172224E+03	-1.649585E+01	6.123674E-02	1.620305E-01
5.172424E+03	-1.649592E+01	6.127201E-02	1.620302E-01
5.172624E+03	-1.649594E+01	6.102729E-02	1.620298E-01
5.172824E+03	-1.649592E+01	6.094163E-02	1.620295E-01
5.173024E+03	-1.649601E+01	6.109732E-02	1.620292E-01
5.173225E+03	-1.649610E+01	6.110955E-02	1.620288E-01
5.173425E+03	-1.649618E+01	6.136972E-02	1.620285E-01
5.173625E+03	-1.649616E+01	6.137534E-02	1.620282E-01
5.173825E+03	-1.649599E+01	6.143556E-02	1.620278E-01
5.174025E+03	-1.649603E+01	6.154389E-02	1.620275E-01
5.174225E+03	-1.649621E+01	6.154897E-02	1.620271E-01
5.174425E+03	-1.649612E+01	6.146271E-02	1.620268E-01
5.174625E+03	-1.649588E+01	6.111374E-02	1.620265E-01
5.174825E+03	-1.649560E+01	6.111964E-02	1.620261E-01
5.175025E+03	-1.649527E+01	6.092624E-02	1.620258E-01
5.175225E+03	-1.649521E+01	6.078474E-02	1.620255E-01
5.175425E+03	-1.649523E+01	6.074438E-02	1.620251E-01
5.175625E+03	-1.649514E+01	6.072790E-02	1.620248E-01
5.175825E+03	-1.649506E+01	6.078084E-02	1.620245E-01
5.176025E+03	-1.649514E+01	6.075176E-02	1.620241E-01
5.176225E+03	-1.649525E+01	6.076911E-02	1.620238E-01
5.176425E+03	-1.649534E+01	6.012791E-02	1.620235E-01
5.176624E+03	-1.649528E+01	5.948951E-02	1.620231E-01
5.176824E+03	-1.649528E+01	5.972607E-02	1.620228E-01
5.177025E+03	-1.649541E+01	5.975701E-02	1.620225E-01
5.177225E+03	-1.649541E+01	5.972010E-02	1.620221E-01
5.177424E+03	-1.649541E+01	5.962893E-02	1.620218E-01
5.177624E+03	-1.649547E+01	6.020456E-02	1.620215E-01
5.177824E+03	-1.649558E+01	6.005457E-02	1.620211E-01
5.178024E+03	-1.649563E+01	6.006492E-02	1.620208E-01
5.178224E+03	-1.649576E+01	6.008295E-02	1.620205E-01
5.178425E+03	-1.649589E+01	6.008578E-02	1.620201E-01
5.178625E+03	-1.649560E+01	6.004237E-02	1.620198E-01
5.178825E+03	-1.649532E+01	5.992522E-02	1.620195E-01
5.179025E+03	-1.649521E+01	5.894246E-02	1.620191E-01
5.179225E+03	-1.649528E+01	5.833927E-02	1.620188E-01
5.179425E+03	-1.649539E+01	5.847975E-02	1.620185E-01
5.179625E+03	-1.649545E+01	5.838214E-02	1.620181E-01
5.179825E+03	-1.649554E+01	5.840250E-02	1.620178E-01
5.180025E+03	-1.649569E+01	5.858805E-02	1.620175E-01
5.180225E+03	-1.649591E+01	5.894337E-02	1.620171E-01
5.180425E+03	-1.649606E+01	5.886837E-02	1.620168E-01
5.180625E+03	-1.649613E+01	5.890113E-02	1.620165E-01
5.180825E+03	-1.649611E+01	5.874379E-02	1.620161E-01
5.181025E+03	-1.649598E+01	5.865877E-02	1.620158E-01
5.181225E+03	-1.649591E+01	5.869778E-02	1.620155E-01
5.181425E+03	-1.649611E+01	5.890470E-02	1.620151E-01
5.181625E+03	-1.649641E+01	5.882851E-02	1.620148E-01
5.181825E+03	-1.649655E+01	5.869385E-02	1.620145E-01
5.182025E+03	-1.649663E+01	5.884493E-02	1.620141E-01
5.182225E+03	-1.649659E+01	5.907848E-02	1.620138E-01
5.182425E+03	-1.649661E+01	5.908582E-02	1.620135E-01
5.182625E+03	-1.649657E+01	5.890575E-02	1.620131E-01
5.182825E+03	-1.649646E+01	5.844924E-02	1.620128E-01
5.183025E+03	-1.649644E+01	5.849418E-02	1.620125E-01
5.183225E+03	-1.649644E+01	5.850724E-02	1.620121E-01
5.183425E+03	-1.649657E+01	5.854006E-02	1.620118E-01
5.183626E+03	-1.649674E+01	5.831966E-02	1.620115E-01
5.183826E+03	-1.649685E+01	5.816441E-02	1.620111E-01
5.184026E+03	-1.649698E+01	5.822549E-02	1.620108E-01
5.184226E+03	-1.649736E+01	5.829917E-02	1.620105E-01
5.184426E+03	-1.649779E+01	5.823991E-02	1.620101E-01
5.184626E+03	-1.649797E+01	5.826333E-02	1.620098E-01
5.184826E+03	-1.649788E+01	5.799181E-02	1.620095E-01
5.185026E+03	-1.649773E+01	5.713115E-02	1.620091E-01
5.185226E+03	-1.649768E+01	5.660602E-02	1.620088E-01
5.185426E+03	-1.649773E+01	5.688453E-02	1.620085E-01
5.185626E+03	-1.649775E+01	5.652289E-02	1.620081E-01
5.185826E+03	-1.649795E+01	5.680176E-02	1.620078E-01
5.186026E+03	-1.649817E+01	5.680848E-02	1.620074E-01
5.186226E+03	-1.649828E+01	5.684899E-02	1.620071E-01
5.186426E+03	-1.649828E+01	5.684025E-02	1.620068E-01
5.186626E+03	-1.649832E+01	5.684597E-02	1.620064E-01
5.186826E+03	-1.649841E+01	5.622350E-02	1.620061E-01
5.187026E+03	-1.649836E+01	5.588782E-02	1.620058E-01
5.187226E+03	-1.649847E+01	5.594998E-02	1.620054E-01
5.187426E+03	-1.649858E+01	5.602966E-02	1.620051E-01
5.187626E+03	-1.649850E+01	5.591344E-02	1.620048E-01
5.187826E+03	-1.649839E+01	5.580537E-02	1.620044E-01
5.188026E+03	-1.649852E+01	5.582660E-02	1.620041E-01
5.188226E+03	-1.649861E+01	5.566072E-02	1.620038E-01
5.188426E+03	-1.649848E+01	5.563954E-02	1.620034E-01
5.188626E+03	-1.649841E+01	5.483547E-02	1.620031E-01
5.188827E+03	-1.649841E+01	5.443326E-02	1.620028E-01
5.189026E+03	-1.649843E+01	5.444037E-02	1.620024E-01
5.189226E+03	-1.649852E+01	5.434202E-02	1.620021E-01
5.189426E+03	-1.649859E+01	5.415560E-02	1.620018E-01
5.189627E+03	-1.649872E+01	5.391166E-02	1.620014E-01
5.189826E+03	-1.649883E+01	5.393399E-02	1.620011E-01
5.190026E+03	-1.649887E+01	5.395037E-02	1.620008E-01
5.190226E+03	-1.649870E+01	5.377551E-02	1.620004E-01
5.190426E+03	-1.649872E+01	5.384165E-02	1.620001E-01
5.190626E+03	-1.649883E+01	5.415279E-02	1.619998E-01
5.190826E+03	-1.649872E+01	5.416322E-02	1.619995E-01
5.191026E+03	-1.649887E+01	5.445584E-02	1.619991E-01
5.191226E+03	-1.649922E+01	5.465091E-02	1.619988E-01
5.191426E+03	-1.649949E+01	5.467085E-02	1.619985E-01
5.191626E+03	-1.649958E+01	5.466874E-02	1.619981E-01
5.191826E+03	-1.649955E+01	5.418380E-02	1.619978E-01
5.192026E+03	-1.649964E+01	5.377386E-02	1.619975E-01
5.192226E+03	-1.649986E+01	5.377251E-02	1.619971E-01
5.192426E+03	-1.650004E+01	5.366699E-02	1.619968E-01
5.192626E+03	-1.650002E+01	5.319697E-02	1.619964E-01
5.192826E+03	-1.649980E+01	5.312185E-02	1.619961E-01
5.193026E+03	-1.649991E+01	5.303438E-02	1.619958E-01
5.193226E+03	-1.650008E+01	5.299657E-02	1.619954E-01
5.193426E+03	-1.650010E+01	5.292463E-02	1.619951E-01
5.193626E+03	-1.650019E+01	5.263025E-02	1.619948E-01
5.193826E+03	-1.650033E+01	5.267475E-02	1.619944E-01
5.194026E+03	-1.650059E+01	5.273308E-02	1.619941E-01
5.194227E+03	-1.650063E+01	5.272743E-02	1.619937E-01
5.194427E+03	-1.650039E+01	5.286720E-02	1.619934E-01
5.194627E+03	-1.650024E+01	5.317116E-02	1.619931E-01
5.194827E+03	-1.650024E+01	5.319091E-02	1.619927E-01
5.195027E+03	-1.650028E+01	5.319848E-02	1.619924E-01
5.195227E+03	-1.650024E+01	5.285508E-02	1.619920E-01
5.195427E+03	-1.650024E+01	5.259167E-02	1.619917E-01
5.195627E+03	-1.650055E+01	5.263111E-02	1.619914E-01
5.195827E+03	-1.650077E+01	5.274784E-02	1.619910E-01
5.196027E+03	-1.650086E+01	5.242220E-02	1.619907E-01
5.196227E+03	-1.650092E+01	5.216853E-02	1.619904E-01
5.196427E+03	-1.650101E+01	5.218129E-02	1.619900E-01
5.196627E+03	-1.650097E+01	5.174725E-02	1.619897E-01
5.196827E+03	-1.650108E+01	5.176035E-02	1.619893E-01
5.197027E+03	-1.650139E+01	5.170687E-02	1.619890E-01
5.197227E+03	-1.650165E+01	5.150490E-02	1.619887E-01
5.197427E+03	-1.650165E+01	5.131991E-02	1.619883E-01
5.197627E+03	-1.650158E+01	5.132091E-02	1.619880E-01
5.197827E+03	-1.650181E+01	5.136016E-02	1.619877E-01
5.198027E+03	-1.650207E+01	5.133413E-02	1.619873E-01
5.198227E+03	-1.650225E+01	5.129104E-02	1.619870E-01
5.198427E+03	-1.650258E+01	5.113592E-02	1.619866E-01
5.198627E+03	-1.650289E+01	5.095368E-02	1.619863E-01
5.198827E+03	-1.650298E+01	5.093975E-02	1.619860E-01
5.199027E+03	-1.650287E+01	5.094447E-02	1.619856E-01
5.199227E+03	-1.650273E+01	5.094659E-02	1.619853E-01
5.199428E+03	-1.650284E+01	5.095733E-02	1.619849E-01
5.199628E+03	-1.650307E+01	5.082418E-02	1.619846E-01
5.199828E+03	-1.650300E+01	5.101744E-02	1.619843E-01
5.200028E+03	-1.650293E+01	5.095224E-02	1.619839E-01
5.200228E+03	-1.650293E+01	5.093899E-02	1.619836E-01
5.200428E+03	-1.650309E+01	5.111620E-02	1.619833E-01
5.200628E+03	-1.650322E+01	5.120917E-02	1.619829E-01
5.200828E+03	-1.650322E+01	5.133514E-02	1.619826E-01
5.201028E+03	-1.650322E+01	5.147217E-02	1.619822E-01
5.201227E+03	-1.650327E+01	5.113038E-02	1.619819E-01
5.201427E+03	-1.650338E+01	5.090242E-02	1.619816E-01
5.201627E+03	-1.650351E+01	5.109270E-02	1.619812E-01
5.201828E+03	-1.650353E+01	5.115280E-02	1.619809E-01
5.202027E+03	-1.650356E+01	5.113329E-02	1.619806E-01
5.202227E+03	-1.650376E+01	5.115452E-02	1.619802E-01
5.202427E+03	-1.650380E+01	5.116858E-02	1.619799E-01
5.202627E+03	-1.650373E+01	5.126256E-02	1.619795E-01
5.202827E+03	-1.650382E+01	5.138587E-02	1.619792E-01
5.203027E+03	-1.650396E+01	5.151672E-02	1.619789E-01
5.203227E+03	-1.650402E+01	5.146482E-02	1.619785E-01
5.203427E+03	-1.650402E+01	5.107954E-02	1.619782E-01
5.203627E+03	-1.650402E+01	5.050163E-02	1.619779E-01
5.203827E+03	-1.650380E+01	5.003106E-02	1.619775E-01
5.204027E+03	-1.650358E+01	5.000780E-02	1.619772E-01
5.204227E+03	-1.650345E+01	4.997925E-02	1.619768E-01
5.204427E+03	-1.650336E+01	4.996021E-02	1.619765E-01
5.204628E+03	-1.650347E+01	4.981152E-02	1.619762E-01
5.204828E+03	-1.650354E+01	4.973067E-02	1.619758E-01
5.205028E+03	-1.650347E+01	4.976951E-02	1.619755E-01
5.205228E+03	-1.650354E+01	4.976826E-02	1.619752E-01
5.205428E+03	-1.650383E+01	4.966843E-02	1.619748E-01
5.205628E+03	-1.650409E+01	4.985827E-02	1.619745E-01
5.205828E+03	-1.650423E+01	4.979600E-02	1.619741E-01
5.206028E+03	-1.650436E+01	4.985556E-02	1.619738E-01
5.206228E+03	-1.650449E+01	4.955387E-02	1.619735E-01
5.206428E+03	-1.650458E+01	4.911393E-02	1.619731E-01
5.206628E+03	-1.650447E+01	4.885759E-02	1.619728E-01
5.206828E+03	-1.650432E+01	4.887116E-02	1.619724E-01
5.207028E+03	-1.650427E+01	4.863355E-02	1.619721E-01
5.207228E+03	-1.650454E+01	4.823549E-02	1.619718E-01
5.207428E+03	-1.650476E+01	4.784980E-02	1.619714E-01
5.207628E+03	-1.650496E+01	4.765434E-02	1.619711E-01
5.207828E+03	-1.650509E+01	4.760015E-02	1.619708E-01
5.208028E+03	-1.650525E+01	4.759940E-02	1.619704E-01
5.208228E+03	-1.650547E+01	4.768819E-02	1.619701E-01
5.208428E+03	-1.650572E+01	4.746833E-02	1.619698E-01
5.208628E+03	-1.650599E+01	4.666787E-02	1.619694E-01
5.208828E+03	-1.650623E+01	4.666525E-02	1.619691E-01
5.209028E+03	-1.650650E+01	4.678970E-02	1.619687E-01
5.209228E+03	-1.650670E+01	4.663530E-02	1.619684E-01
5.209428E+03	-1.650681E+01	4.652025E-02	1.619681E-01
5.209628E+03	-1.650703E+01	4.641927E-02	1.619677E-01
5.209829E+03	-1.650710E+01	4.671186E-02	1.619674E-01
5.210029E+03	-1.650708E+01	4.693690E-02	1.619670E-01
5.210229E+03	-1.650706E+01	4.688988E-02	1.619667E-01
5.210429E+03	-1.650677E+01	4.671602E-02	1.619664E-01
5.210629E+03	-1.650641E+01	4.674449E-02	1.619660E-01
5.210829E+03	-1.650626E+01	4.638945E-02	1.619657E-01
5.211029E+03	-1.650614E+01	4.631303E-02	1.619654E-01
5.211229E+03	-1.650615E+01	4.631748E-02	1.619650E-01
5.211429E+03	-1.650646E+01	4.617927E-02	1.619647E-01
5.211629E+03	-1.650661E+01	4.623150E-02	1.619644E-01
5.211829E+03	-1.650657E+01	4.627798E-02	1.619640E-01
5.212029E+03	-1.650648E+01	4.608367E-02	1.619637E-01
5.212229E+03	-1.650630E+01	4.586223E-02	1.619633E-01
5.212429E+03	-1.650617E+01	4.585258E-02	1.619630E-01
5.212629E+03	-1.650637E+01	4.571567E-02	1.619627E-01
5.212829E+03	-1.650650E+01	4.576983E-02	1.619623E-01
5.213029E+03	-1.650646E+01	4.567161E-02	1.619620E-01
5.213229E+03	-1.650650E+01	4.522203E-02	1.619617E-01
5.213428E+03	-1.650659E+01	4.509545E-02	1.619613E-01
5.213628E+03	-1.650675E+01	4.525646E-02	1.619610E-01
5.213828E+03	-1.650691E+01	4.549114E-02	1.619606E-01
5.214029E+03	-1.650709E+01	4.545409E-02	1.619603E-01
5.214228E+03	-1.650715E+01	4.551684E-02	1.619600E-01
5.214428E+03	-1.650711E+01	4.552108E-02	1.619596E-01
5.214628E+03	-1.650718E+01	4.549687E-02	1.619593E-01
5.214828E+03	-1.650740E+01	4.567422E-02	1.619590E-01
5.215029E+03	-1.650769E+01	4.570698E-02	1.619586E-01
5.215229E+03	-1.650782E+01	4.546869E-02	1.619583E-01
5.215429E+03	-1.650771E+01	4.531855E-02	1.619579E-01
5.215629E+03	-1.650753E+01	4.527537E-02	1.619576E-01
5.215829E+03	-1.650765E+01	4.537630E-02	1.619573E-01
5.216029E+03	-1.650791E+01	4.555178E-02	1.619569E-01
5.216229E+03	-1.650821E+01	4.555320E-02	1.619566E-01
5.216429E+03	-1.650834E+01	4.553373E-02	1.619563E-01
5.216629E+03	-1.650841E+01	4.546919E-02	1.619559E-01
5.216829E+03	-1.650847E+01	4.526147E-02	1.619556E-01
5.217029E+03	-1.650848E+01	4.493042E-02	1.619553E-01
5.217229E+03	-1.650850E+01	4.493273E-02	1.619549E-01
5.217429E+03	-1.650845E+01	4.458363E-02	1.619546E-01
5.217629E+03	-1.650836E+01	4.454314E-02	1.619542E-01
5.217829E+03	-1.650836E+01	4.440003E-02	1.619539E-01
5.218029E+03	-1.650814E+01	4.417601E-02	1.619536E-01
5.218229E+03	-1.650785E+01	4.395214E-02	1.619532E-01
5.218429E+03	-1.650796E+01	4.390760E-02	1.619529E-01
5.218629E+03	-1.650805E+01	4.384511E-02	1.619526E-01
5.218829E+03	-1.650790E+01	4.374891E-02	1.619522E-01
5.219029E+03	-1.650785E+01	4.384268E-02	1.619519E-01
5.219229E+03	-1.650785E+01	4.384938E-02	1.619515E-01
5.219429E+03	-1.650794E+01	4.389864E-02	1.619512E-01
5.219629E+03	-1.650812E+01	4.393235E-02	1.619509E-01
5.219829E+03	-1.650810E+01	4.423180E-02	1.619505E-01
5.220029E+03	-1.650806E+01	4.413340E-02	1.619502E-01
5.220230E+03	-1.650808E+01	4.426528E-02	1.619499E-01
5.220430E+03	-1.650803E+01	4.441492E-02	1.619495E-01
5.220630E+03	-1.650817E+01	4.426098E-02	1.619492E-01
5.220830E+03	-1.650839E+01	4.414287E-02	1.619489E-01
5.221030E+03	-1.650835E+01	4.443575E-02	1.619485E-01
5.221230E+03	-1.650821E+01	4.432813E-02	1.619482E-01
5.221430E+03	-1.650819E+01	4.431020E-02	1.619478E-01
5.221630E+03	-1.650819E+01	4.351664E-02	1.619475E-01
5.221830E+03	-1.650815E+01	4.336240E-02	1.619472E-01
5.222030E+03	-1.650806E+01	4.327527E-02	1.619468E-01
5.222230E+03	-1.650788E+01	4.325523E-02	1.619465E-01
5.222430E+03	-1.650804E+01	4.335795E-02	1.619462E-01
5.222630E+03	-1.650826E+01	4.351442E-02	1.619458E-01
5.222830E+03	-1.650826E+01	4.374694E-02	1.619455E-01
5.223030E+03	-1.650833E+01	4.375369E-02	1.619452E-01
5.223230E+03	-1.650849E+01	4.378736E-02	1.619448E-01
5.223430E+03	-1.650849E+01	4.372026E-02	1.619445E-01
5.223630E+03	-1.650846E+01	4.371351E-02	1.619441E-01
5.223830E+03	-1.650851E+01	4.370907E-02	1.619438E-01
5.224030E+03	-1.650853E+01	4.347866E-02	1.619435E-01
5.224230E+03	-1.650840E+01	4.296427E-02	1.619431E-01
5.224430E+03	-1.650833E+01	4.286596E-02	1.619428E-01
5.224630E+03	-1.650824E+01	4.281243E-02	1.619425E-01
5.224830E+03	-1.650826E+01	4.282134E-02	1.619421E-01
5.225030E+03	-1.650831E+01	4.274748E-02	1.619418E-01
5.225230E+03	-1.650833E+01	4.274073E-02	1.619415E-01
5.225431E+03	-1.650827E+01	4.255750E-02	1.619411E-01
5.225631E+03	-1.650809E+01	4.241708E-02	1.619408E-01
5.225831E+03	-1.650811E+01	4.227398E-02	1.619404E-01
5.226030E+03	-1.650831E+01	4.206774E-02	1.619401E-01
5.226230E+03	-1.650842E+01	4.170731E-02	1.619398E-01
5.226431E+03	-1.650840E+01	4.191537E-02	1.619394E-01
5.226630E+03	-1.650840E+01	4.168726E-02	1.619391E-01
5.226830E+03	-1.650836E+01	4.097632E-02	1.619388E-01
5.227030E+03	-1.650831E+01	4.084019E-02	1.619384E-01
5.227230E+03	-1.650849E+01	4.080332E-02	1.619381E-01
5.227430E+03	-1.650852E+01	4.071595E-02	1.619378E-01
5.227630E+03	-1.650818E+01	4.070240E-02	1.619374E-01
5.227830E+03	-1.650798E+01	4.056292E-02	1.619371E-01
5.228030E+03	-1.650805E+01	4.052000E-02	1.619367E-01
5.228230E+03	-1.650820E+01	4.048766E-02	1.619364E-01
5.228430E+03	-1.650825E+01	4.046947E-02	1.619361E-01
5.228630E+03	-1.650798E+01	4.053162E-02	1.619357E-01
5.228830E+03	-1.650756E+01	4.075766E-02	1.619354E-01
5.229030E+03	-1.650724E+01	4.071943E-02	1.619351E-01
5.229230E+03	-1.650709E+01	4.074047E-02	1.619347E-01
5.229430E+03	-1.650689E+01	4.026702E-02	1.619344E-01
5.229630E+03	-1.650667E+01	4.034882E-02	1.619341E-01
5.229830E+03	-1.650662E+01	4.016872E-02	1.619337E-01
5.230030E+03	-1.650682E+01	4.015608E-02	1.619334E-01
5.230230E+03	-1.650687E+01	4.040311E-02	1.619330E-01
5.230430E+03	-1.650671E+01	4.041533E-02	1.619327E-01
5.230630E+03	-1.650656E+01	4.039860E-02	1.619324E-01
5.230831E+03	-1.650647E+01	4.044822E-02	1.619320E-01
5.231031E+03	-1.650649E+01	4.051040E-02	1.619317E-01
5.231231E+03	-1.650651E+01	4.056814E-02	1.619314E-01
5.231431E+03	-1.650651E+01	4.092665E-02	1.619310E-01
5.231631E+03	-1.650634E+01	4.109906E-02	1.619307E-01
5.231831E+03	-1.650614E+01	4.123584E-02	1.619304E-01
5.232031E+03	-1.650622E+01	4.124206E-02	1.619300E-01
5.232231E+03	-1.650654E+01	4.162574E-02	1.619297E-01
5.232431E+03	-1.650667E+01	4.174545E-02	1.619294E-01
5.232631E+03	-1.650672E+01	4.166955E-02	1.619290E-01
5.232831E+03	-1.650660E+01	4.156088E-02	1.619287E-01
5.233031E+03	-1.650647E+01	4.156368E-02	1.619283E-01
5.233231E+03	-1.650661E+01	4.179250E-02	1.619280E-01
5.233431E+03	-1.650676E+01	4.196122E-02	1.619277E-01
5.233631E+03	-1.650678E+01	4.188985E-02	1.619273E-01
5.233831E+03	-1.650683E+01	4.180057E-02	1.619270E-01
5.234031E+03	-1.650687E+01	4.191182E-02	1.619267E-01
5.234231E+03	-1.650672E+01	4.191682E-02	1.619263E-01
5.234431E+03	-1.650636E+01	4.176004E-02	1.619260E-01
5.234631E+03	-1.650627E+01	4.132864E-02	1.619257E-01
5.234831E+03	-1.650652E+01	4.131410E-02	1.619253E-01
5.235031E+03	-1.650647E+01	4.104712E-02	1.619250E-01
5.235231E+03	-1.650630E+01	4.100582E-02	1.619247E-01
5.235431E+03	-1.650639E+01	4.102758E-02	1.619243E-01
5.235631E+03	-1.650641E+01	4.125897E-02	1.619240E-01
5.235831E+03	-1.650623E+01	4.140006E-02	1.619236E-01
5.236032E+03	-1.650612E+01	4.139835E-02	1.619233E-01
5.236232E+03	-1.650601E+01	4.139665E-02	1.619230E-01
5.236432E+03	-1.650601E+01	4.141222E-02	1.619226E-01
5.236632E+03	-1.650601E+01	4.107639E-02	1.619223E-01
5.236832E+03	-1.650603E+01	4.104514E-02	1.619220E-01
5.237032E+03	-1.650619E+01	4.106653E-02	1.619216E-01
5.237232E+03	-1.650617E+01	4.111782E-02	1.619213E-01
5.237432E+03	-1.650592E+01	4.123698E-02	1.619210E-01
5.237632E+03	-1.650577E+01	4.127555E-02	1.619206E-01
5.237832E+03	-1.650599E+01	4.117658E-02	1.619203E-01
5.238032E+03	-1.650617E+01	4.114006E-02	1.619200E-01
5.238231E+03	-1.650626E+01	4.114849E-02	1.619196E-01
5.238431E+03	-1.650626E+01	4.094376E-02	1.619193E-01
5.238632E+03	-1.650604E+01	4.050020E-02	1.619189E-01
5.238831E+03	-1.650575E+01	4.043103E-02	1.619186E-01
5.239031E+03	-1.650559E+01	4.041431E-02	1.619183E-01
5.239231E+03	-1.650550E+01	4.045491E-02	1.619179E-01
5.239431E+03	-1.650537E+01	4.048691E-02	1.619176E-01
5.239631E+03	-1.650526E+01	4.046546E-02	1.619173E-01
5.239831E+03	-1.650506E+01	4.022050E-02	1.619169E-01
5.240031E+03	-1.650499E+01	3.998579E-02	1.619166E-01
5.240231E+03	-1.650513E+01	4.007131E-02	1.619163E-01
5.240431E+03	-1.650497E+01	4.026776E-02	1.619159E-01
5.240631E+03	-1.650464E+01	4.032560E-02	1.619156E-01
5.240831E+03	-1.650440E+01	4.029190E-02	1.619153E-01
5.241031E+03	-1.650429E+01	4.047213E-02	1.619149E-01
5.241232E+03	-1.650418E+01	4.049503E-02	1.619146E-01
5.241432E+03	-1.650402E+01	4.050272E-02	1.619143E-01
5.241632E+03	-1.650402E+01	4.051600E-02	1.619139E-01
5.241832E+03	-1.650387E+01	4.048385E-02	1.619136E-01
5.242032E+03	-1.650360E+01	4.024457E-02	1.619132E-01
5.242232E+03	-1.650354E+01	4.012786E-02	1.619129E-01
5.242432E+03	-1.650371E+01	4.022606E-02	1.619126E-01
5.242632E+03	-1.650385E+01	4.036891E-02	1.619122E-01
5.242832E+03	-1.650369E+01	4.034788E-02	1.619119E-01
5.243032E+03	-1.650354E+01	4.029813E-02	1.619116E-01
5.243232E+03	-1.650369E+01	4.021738E-02	1.619112E-01
5.243432E+03	-1.650389E+01	4.043501E-02	1.619109E-01
5.243632E+03	-1.650385E+01	4.047293E-02	1.619106E-01
5.243832E+03	-1.650367E+01	4.017994E-02	1.619102E-01
5.244032E+03	-1.650356E+01	4.018519E-02	1.619099E-01
5.244232E+03	-1.650345E+01	3.991407E-02	1.619096E-01
5.244432E+03	-1.650314E+01	3.962049E-02	1.619092E-01
5.244632E+03	-1.650277E+01	3.930150E-02	1.619089E-01
5.244832E+03	-1.650279E+01	3.903418E-02	1.619086E-01
5.245032E+03	-1.650305E+01	3.892546E-02	1.619082E-01
5.245232E+03	-1.650325E+01	3.879082E-02	1.619079E-01
5.245432E+03	-1.650330E+01	3.863342E-02	1.619075E-01
5.245632E+03	-1.650319E+01	3.838496E-02	1.619072E-01
5.245832E+03	-1.650308E+01	3.826253E-02	1.619069E-01
5.246032E+03	-1.650306E+01	3.834674E-02	1.619065E-01
5.246232E+03	-1.650308E+01	3.835090E-02	1.619062E-01
5.246433E+03	-1.650317E+01	3.865697E-02	1.619059E-01
5.246633E+03	-1.650314E+01	3.891571E-02	1.619055E-01
5.246833E+03	-1.650299E+01	3.877156E-02	1.619052E-01
5.247033E+03	-1.650288E+01	3.879262E-02	1.619049E-01
5.247233E+03	-1.650284E+01	3.895204E-02	1.619045E-01
5.247433E+03	-1.650288E+01	3.898251E-02	1.619042E-01
5.247633E+03	-1.650310E+01	3.926080E-02	1.619039E-01
5.247833E+03	-1.650337E+01	3.957435E-02	1.619035E-01
5.248033E+03	-1.650341E+01	3.970661E-02	1.619032E-01
5.248233E+03	-1.650339E+01	3.977974E-02	1.619029E-01
5.248433E+03	-1.650332E+01	3.984439E-02	1.619025E-01
5.248633E+03	-1.650308E+01	3.978013E-02	1.619022E-01
5.248833E+03	-1.650268E+01	3.952525E-02	1.619019E-01
5.249033E+03	-1.650251E+01	3.942757E-02	1.619015E-01
5.249233E+03	-1.650242E+01	3.944382E-02	1.619012E-01
5.249433E+03	-1.650222E+01	3.942139E-02	1.619008E-01
5.249633E+03	-1.650231E+01	3.919786E-02	1.619005E-01
5.249833E+03	-1.650240E+01	3.913082E-02	1.619002E-01
5.250033E+03	-1.650227E+01	3.907261E-02	1.618998E-01
5.250233E+03	-1.650216E+01	3.912222E-02	1.618995E-01
5.250432E+03	-1.650192E+01	3.939120E-02	1.618992E-01
5.250632E+03	-1.650174E+01	3.968352E-02	1.618988E-01
5.250833E+03	-1.650181E+01	3.976666E-02	1.618985E-01
5.251033E+03	-1.650207E+01	3.977104E-02	1.618982E-01
5.251232E+03	-1.650225E+01	3.995253E-02	1.618978E-01
5.251432E+03	-1.650194E+01	3.999027E-02	1.618975E-01
5.251633E+03	-1.650152E+01	3.995176E-02	1.618972E-01
5.251833E+03	-1.650148E+01	4.001373E-02	1.618968E-01
5.252033E+03	-1.650152E+01	4.014544E-02	1.618965E-01
5.252233E+03	-1.650157E+01	4.017814E-02	1.618962E-01
5.252433E+03	-1.650170E+01	4.030486E-02	1.618958E-01
5.252633E+03	-1.650183E+01	4.024664E-02	1.618955E-01
5.252833E+03	-1.650177E+01	4.008635E-02	1.618952E-01
5.253033E+03	-1.650163E+01	3.989803E-02	1.618948E-01
5.253233E+03	-1.650177E+01	3.989915E-02	1.618945E-01
5.253433E+03	-1.650179E+01	3.979988E-02	1.618942E-01
5.253633E+03	-1.650159E+01	3.979273E-02	1.618938E-01
5.253833E+03	-1.650159E+01	3.922255E-02	1.618935E-01
5.254033E+03	-1.650153E+01	3.845503E-02	1.618932E-01
5.254233E+03	-1.650137E+01	3.852279E-02	1.618928E-01
5.254433E+03	-1.650139E+01	3.847414E-02	1.618925E-01
5.254633E+03	-1.650157E+01	3.898503E-02	1.618921E-01
5.254833E+03	-1.650177E+01	3.934418E-02	1.618918E-01
5.255033E+03	-1.650181E+01	3.934157E-02	1.618915E-01
5.255233E+03	-1.650173E+01	3.935781E-02	1.618911E-01
5.255433E+03	-1.650159E+01	3.935024E-02	1.618908E-01
5.255633E+03	-1.650137E+01	3.892545E-02	1.618905E-01
5.255833E+03	-1.650100E+01	3.870727E-02	1.618901E-01
5.256033E+03	-1.650076E+01	3.867255E-02	1.618898E-01
5.256233E+03	-1.650078E+01	3.871186E-02	1.618895E-01
5.256433E+03	-1.650085E+01	3.880345E-02	1.618891E-01
5.256633E+03	-1.650076E+01	3.860884E-02	1.618888E-01
5.256834E+03	-1.650056E+01	3.847706E-02	1.618885E-01
5.257034E+03	-1.650041E+01	3.851393E-02	1.618881E-01
5.257234E+03	-1.650032E+01	3.848859E-02	1.618878E-01
5.257434E+03	-1.650032E+01	3.867516E-02	1.618875E-01
5.257634E+03	-1.650017E+01	3.881947E-02	1.618871E-01
5.257834E+03	-1.649964E+01	3.851167E-02	1.618868E-01
5.258034E+03	-1.649916E+01	3.870320E-02	1.618865E-01
5.258234E+03	-1.649883E+01	3.859521E-02	1.618861E-01
5.258434E+03	-1.649870E+01	3.867101E-02	1.618858E-01
5.258634E+03	-1.649888E+01	3.866909E-02	1.618855E-01
5.258834E+03	-1.649890E+01	3.849602E-02	1.618851E-01
5.259034E+03	-1.649864E+01	3.852086E-02	1.618848E-01
5.259234E+03	-1.649842E+01	3.849492E-02	1.618845E-01
5.259434E+03	-1.649827E+01	3.853379E-02	1.618841E-01
5.259634E+03	-1.649809E+01	3.853360E-02	1.618838E-01
5.259834E+03	-1.649798E+01	3.825319E-02	1.618835E-01
5.260034E+03	-1.649801E+01	3.814159E-02	1.618831E-01
5.260234E+03	-1.649812E+01	3.850713E-02	1.618828E-01
5.260434E+03	-1.649812E+01	3.856174E-02	1.618825E-01
5.260634E+03	-1.649790E+01	3.869295E-02	1.618821E-01
5.260834E+03	-1.649761E+01	3.884874E-02	1.618818E-01
5.261034E+03	-1.649751E+01	3.903744E-02	1.618815E-01
5.261234E+03	-1.649764E+01	3.909937E-02	1.618811E-01
5.261434E+03	-1.649759E+01	3.914999E-02	1.618808E-01
5.261634E+03	-1.649744E+01	3.934991E-02	1.618805E-01
5.261834E+03	-1.649733E+01	3.940979E-02	1.618801E-01
5.262035E+03	-1.649733E+01	3.941197E-02	1.618798E-01
5.262234E+03	-1.649744E+01	3.942404E-02	1.618794E-01
5.262435E+03	-1.649744E+01	3.943276E-02	1.618791E-01
5.262635E+03	-1.649729E+01	3.943634E-02	1.618788E-01
5.262834E+03	-1.649714E+01	3.943339E-02	1.618784E-01
5.263034E+03	-1.649707E+01	3.930982E-02	1.618781E-01
5.263234E+03	-1.649714E+01	3.928086E-02	1.618778E-01
5.263434E+03	-1.649729E+01	3.926851E-02	1.618774E-01
5.263634E+03	-1.649738E+01	3.925023E-02	1.618771E-01
5.263834E+03	-1.649742E+01	3.893368E-02	1.618768E-01
5.264034E+03	-1.649760E+01	3.895150E-02	1.618764E-01
5.264234E+03	-1.649784E+01	3.886172E-02	1.618761E-01
5.264434E+03	-1.649797E+01	3.872935E-02	1.618758E-01
5.264634E+03	-1.649819E+01	3.876632E-02	1.618754E-01
5.264834E+03	-1.649839E+01	3.863964E-02	1.618751E-01
5.265034E+03	-1.649845E+01	3.830454E-02	1.618748E-01
5.265234E+03	-1.649845E+01	3.835482E-02	1.618744E-01
5.265434E+03	-1.649847E+01	3.876543E-02	1.618741E-01
5.265634E+03	-1.649869E+01	3.885712E-02	1.618738E-01
5.265834E+03	-1.649885E+01	3.886426E-02	1.618734E-01
5.266034E+03	-1.649874E+01	3.886759E-02	1.618731E-01
5.266234E+03	-1.649865E+01	3.885977E-02	1.618728E-01
5.266434E+03	-1.649872E+01	3.877597E-02	1.618724E-01
5.266634E+03	-1.649907E+01	3.852491E-02	1.618721E-01
5.266834E+03	-1.649940E+01	3.824526E-02	1.618718E-01
5.267034E+03	-1.649946E+01	3.822476E-02	1.618714E-01
5.267235E+03	-1.649924E+01	3.818358E-02	1.618711E-01
5.267435E+03	-1.649883E+01	3.803986E-02	1.618708E-01
5.267635E+03	-1.649859E+01	3.806252E-02	1.618704E-01
5.267835E+03	-1.649857E+01	3.814368E-02	1.618701E-01
5.268035E+03	-1.649839E+01	3.823976E-02	1.618698E-01
5.268235E+03	-1.649830E+01	3.829979E-02	1.618694E-01
5.268435E+03	-1.649830E+01	3.830634E-02	1.618691E-01
5.268635E+03	-1.649820E+01	3.831418E-02	1.618688E-01
5.268835E+03	-1.649811E+01	3.831086E-02	1.618684E-01
5.269035E+03	-1.649800E+01	3.824664E-02	1.618681E-01
5.269235E+03	-1.649778E+01	3.820124E-02	1.618678E-01
5.269435E+03	-1.649756E+01	3.804903E-02	1.618674E-01
5.269635E+03	-1.649728E+01	3.800022E-02	1.618671E-01
5.269835E+03	-1.649695E+01	3.796075E-02	1.618668E-01
5.270035E+03	-1.649678E+01	3.794551E-02	1.618664E-01
5.270235E+03	-1.649672E+01	3.801383E-02	1.618661E-01
5.270435E+03	-1.649667E+01	3.785548E-02	1.618658E-01
5.270635E+03	-1.649656E+01	3.770891E-02	1.618654E-01
5.270835E+03	-1.649637E+01	3.768756E-02	1.618651E-01
5.271035E+03	-1.649624E+01	3.763494E-02	1.618648E-01
5.271235E+03	-1.649609E+01	3.761958E-02	1.618644E-01
5.271435E+03	-1.649587E+01	3.766593E-02	1.618641E-01
5.271635E+03	-1.649574E+01	3.771762E-02	1.618638E-01
5.271835E+03	-1.649589E+01	3.772866E-02	1.618634E-01
5.272035E+03	-1.649594E+01	3.771071E-02	1.618631E-01
5.272235E+03	-1.649581E+01	3.769288E-02	1.618628E-01
5.272436E+03	-1.649559E+01	3.767404E-02	1.618624E-01
5.272636E+03	-1.649533E+01	3.754079E-02	1.618621E-01
5.272836E+03	-1.649513E+01	3.727885E-02	1.618618E-01
5.273036E+03	-1.649511E+01	3.735288E-02	1.618614E-01
5.273236E+03	-1.649531E+01	3.738269E-02	1.618611E-01
5.273436E+03	-1.649572E+01	3.741386E-02	1.618608E-01
5.273636E+03	-1.649600E+01	3.762291E-02	1.618604E-01
5.273836E+03	-1.649607E+01	3.746990E-02	1.618601E-01
5.274036E+03	-1.649611E+01	3.744974E-02	1.618598E-01
5.274236E+03	-1.649616E+01	3.721002E-02	1.618594E-01
5.274435E+03	-1.649642E+01	3.726935E-02	1.618591E-01
5.274636E+03	-1.649661E+01	3.728834E-02	1.618588E-01
5.274836E+03	-1.649661E+01	3.723611E-02	1.618584E-01
5.275035E+03	-1.649661E+01	3.715778E-02	1.618581E-01
5.275235E+03	-1.649646E+01	3.694679E-02	1.618578E-01
5.275435E+03	-1.649622E+01	3.643943E-02	1.618574E-01
5.275635E+03	-1.649614E+01	3.634517E-02	1.618571E-01
5.275835E+03	-1.649609E+01	3.642632E-02	1.618568E-01
5.276035E+03	-1.649588E+01	3.642982E-02	1.618564E-01
5.276235E+03	-1.649568E+01	3.611375E-02	1.618561E-01
5.276435E+03	-1.649586E+01	3.612603E-02	1.618558E-01
5.276635E+03	-1.649596E+01	3.617202E-02	1.618554E-01
5.276835E+03	-1.649581E+01	3.631574E-02	1.618551E-01
5.277035E+03	-1.649573E+01	3.655822E-02	1.618548E-01
5.277235E+03	-1.649566E+01	3.634862E-02	1.618544E-01
5.277435E+03	-1.649568E+01	3.623536E-02	1.618541E-01
5.277635E+03	-1.649588E+01	3.638203E-02	1.618538E-01
5.277836E+03	-1.649592E+01	3.611842E-02	1.618534E-01
5.278036E+03	-1.649592E+01	3.601196E-02	1.618531E-01
5.278236E+03	-1.649603E+01	3.609486E-02	1.618528E-01
5.278436E+03	-1.649610E+01	3.648282E-02	1.618524E-01
5.278636E+03	-1.649603E+01	3.665990E-02	1.618521E-01
5.278836E+03	-1.649595E+01	3.669602E-02	1.618518E-01
5.279036E+03	-1.649573E+01	3.659298E-02	1.618514E-01
5.279236E+03	-1.649558E+01	3.631097E-02	1.618511E-01
5.279436E+03	-1.649540E+01	3.630730E-02	1.618508E-01
5.279636E+03	-1.649506E+01	3.605496E-02	1.618504E-01
5.279836E+03	-1.649493E+01	3.589461E-02	1.618501E-01
5.280036E+03	-1.649510E+01	3.584171E-02	1.618498E-01
5.280236E+03	-1.649515E+01	3.581493E-02	1.618494E-01
5.280436E+03	-1.649502E+01	3.577602E-02	1.618491E-01
5.280636E+03	-1.649489E+01	3.577181E-02	1.618488E-01
5.280836E+03	-1.649480E+01	3.569533E-02	1.618484E-01
5.281036E+03	-1.649487E+01	3.575702E-02	1.618481E-01
5.281236E+03	-1.649502E+01	3.591912E-02	1.618478E-01
5.281436E+03	-1.649491E+01	3.589065E-02	1.618474E-01
5.281636E+03	-1.649478E+01	3.581489E-02	1.618471E-01
5.281836E+03	-1.649485E+01	3.580725E-02	1.618468E-01
5.282036E+03	-1.649480E+01	3.602254E-02	1.618464E-01
5.282236E+03	-1.649476E+01	3.614461E-02	1.618461E-01
5.282436E+03	-1.649485E+01	3.615185E-02	1.618458E-01
5.282636E+03	-1.649493E+01	3.626527E-02	1.618454E-01
5.282836E+03	-1.649498E+01	3.629490E-02	1.618451E-01
5.283037E+03	-1.649502E+01	3.637225E-02	1.618448E-01
5.283237E+03	-1.649483E+01	3.633642E-02	1.618445E-01
5.283437E+03	-1.649452E+01	3.621357E-02	1.618441E-01
5.283637E+03	-1.649444E+01	3.631895E-02	1.618438E-01
5.283837E+03	-1.649452E+01	3.691525E-02	1.618435E-01
5.284037E+03	-1.649465E+01	3.734220E-02	1.618431E-01
5.284237E+03	-1.649491E+01	3.732124E-02	1.618428E-01
5.284437E+03	-1.649504E+01	3.720667E-02	1.618425E-01
5.284637E+03	-1.649507E+01	3.711094E-02	1.618421E-01
5.284837E+03	-1.649507E+01	3.714997E-02	1.618418E-01
5.285037E+03	-1.649507E+01	3.714346E-02	1.618415E-01
5.285237E+03	-1.649509E+01	3.740338E-02	1.618411E-01
5.285437E+03	-1.649515E+01	3.752391E-02	1.618408E-01
5.285637E+03	-1.649522E+01	3.749700E-02	1.618405E-01
5.285837E+03	-1.649522E+01	3.750568E-02	1.618401E-01
5.286037E+03	-1.649529E+01	3.752865E-02	1.618398E-01
5.286237E+03	-1.649542E+01	3.757679E-02	1.618395E-01
5.286437E+03	-1.649542E+01	3.749000E-02	1.618391E-01
5.286637E+03	-1.649527E+01	3.740748E-02	1.618388E-01
5.286837E+03	-1.649505E+01	3.740615E-02	1.618385E-01
5.287037E+03	-1.649494E+01	3.753553E-02	1.618381E-01
5.287236E+03	-1.649503E+01	3.754519E-02	1.618378E-01
5.287436E+03	-1.649492E+01	3.731257E-02	1.618375E-01
5.287636E+03	-1.649457E+01	3.726979E-02	1.618371E-01
5.287837E+03	-1.649453E+01	3.726174E-02	1.618368E-01
5.288036E+03	-1.649466E+01	3.726639E-02	1.618365E-01
5.288237E+03	-1.649462E+01	3.728000E-02	1.618361E-01
5.288437E+03	-1.649466E+01	3.750035E-02	1.618358E-01
5.288637E+03	-1.649490E+01	3.778538E-02	1.618355E-01
5.288837E+03	-1.649507E+01	3.782650E-02	1.618351E-01
5.289037E+03	-1.649505E+01	3.774004E-02	1.618348E-01
5.289237E+03	-1.649497E+01	3.776502E-02	1.618345E-01
5.289437E+03	-1.649486E+01	3.775993E-02	1.618341E-01
5.289637E+03	-1.649475E+01	3.793684E-02	1.618338E-01
5.289837E+03	-1.649464E+01	3.795987E-02	1.618335E-01
5.290037E+03	-1.649445E+01	3.799049E-02	1.618331E-01
5.290237E+03	-1.649417E+01	3.817142E-02	1.618328E-01
5.290437E+03	-1.649408E+01	3.790422E-02	1.618325E-01
5.290637E+03	-1.649414E+01	3.761779E-02	1.618322E-01
5.290837E+03	-1.649415E+01	3.761779E-02	1.618318E-01
5.291037E+03	-1.649410E+01	3.740203E-02	1.618315E-01
5.291237E+03	-1.649423E+01	3.719896E-02	1.618312E-01
5.291437E+03	-1.649438E+01	3.719679E-02	1.618308E-01
5.291637E+03	-1.649436E+01	3.713432E-02	1.618305E-01
5.291837E+03	-1.649436E+01	3.687237E-02	1.618302E-01
5.292037E+03	-1.649439E+01	3.685256E-02	1.618298E-01
5.292237E+03	-1.649449E+01	3.674699E-02	1.618295E-01
5.292437E+03	-1.649458E+01	3.671534E-02	1.618292E-01
5.292637E+03	-1.649441E+01	3.655131E-02	1.618288E-01
5.292837E+03	-1.649408E+01	3.649372E-02	1.618285E-01
5.293037E+03	-1.649380E+01	3.664955E-02	1.618282E-01
5.293237E+03	-1.649378E+01	3.663476E-02	1.618278E-01
5.293438E+03	-1.649380E+01	3.665604E-02	1.618275E-01
5.293638E+03	-1.649357E+01	3.666622E-02	1.618272E-01
5.293838E+03	-1.649350E+01	3.670396E-02	1.618268E-01
5.294038E+03	-1.649355E+01	3.674866E-02	1.618265E-01
5.294238E+03	-1.649348E+01	3.669349E-02	1.618262E-01
5.294438E+03	-1.649346E+01	3.655124E-02	1.618258E-01
5.294638E+03	-1.649340E+01	3.626285E-02	1.618255E-01
5.294838E+03	-1.649329E+01	3.617826E-02	1.618252E-01
5.295038E+03	-1.649307E+01	3.623150E-02	1.618248E-01
5.295238E+03	-1.649296E+01	3.588804E-02	1.618245E-01
5.295438E+03	-1.649309E+01	3.572176E-02	1.618242E-01
5.295638E+03	-1.649299E+01	3.602362E-02	1.618239E-01
5.295838E+03	-1.649268E+01	3.629615E-02	1.618235E-01
5.296038E+03	-1.649258E+01	3.603705E-02	1.618232E-01
5.296238E+03	-1.649266E+01	3.634827E-02	1.618229E-01
5.296438E+03	-1.649262E+01	3.647831E-02	1.618225E-01
5.296638E+03	-1.649247E+01	3.651305E-02	1.618222E-01
5.296838E+03	-1.649241E+01	3.650331E-02	1.618219E-01
5.297038E+03	-1.649243E+01	3.649865E-02	1.618215E-01
5.297238E+03	-1.649247E+01	3.650658E-02	1.618212E-01
5.297438E+03	-1.649254E+01	3.652497E-02	1.618209E-01
5.297638E+03	-1.649247E+01	3.651736E-02	1.618205E-01
5.297838E+03	-1.649239E+01	3.651660E-02	1.618202E-01
5.298038E+03	-1.649217E+01	3.651141E-02	1.618199E-01
5.298238E+03	-1.649198E+01	3.644344E-02	1.618195E-01
5.298438E+03	-1.649200E+01	3.649047E-02	1.618192E-01
5.298639E+03	-1.649211E+01	3.591807E-02	1.618189E-01
5.298839E+03	-1.649219E+01	3.558702E-02	1.618185E-01
5.299038E+03	-1.649224E+01	3.559917E-02	1.618182E-01
5.299239E+03	-1.649211E+01	3.556059E-02	1.618179E-01
5.299439E+03	-1.649194E+01	3.560891E-02	1.618175E-01
5.299639E+03	-1.649192E+01	3.561145E-02	1.618172E-01
5.299838E+03	-1.649196E+01	3.551381E-02	1.618169E-01
5.300038E+03	-1.649194E+01	3.574453E-02	1.618166E-01
5.300238E+03	-1.649189E+01	3.612843E-02	1.618162E-01
5.300438E+03	-1.649190E+01	3.603586E-02	1.618159E-01
5.300638E+03	-1.649196E+01	3.604553E-02	1.618156E-01
5.300838E+03	-1.649194E+01	3.610618E-02	1.618152E-01
5.301038E+03	-1.649166E+01	3.632602E-02	1.618149E-01
5.301238E+03	-1.649129E+01	3.628041E-02	1.618146E-01
5.301438E+03	-1.649114E+01	3.601001E-02	1.618142E-01
5.301638E+03	-1.649119E+01	3.575354E-02	1.618139E-01
5.301838E+03	-1.649110E+01	3.574432E-02	1.618136E-01
5.302038E+03	-1.649082E+01	3.559253E-02	1.618132E-01
5.302238E+03	-1.649074E+01	3.556403E-02	1.618129E-01
5.302438E+03	-1.649078E+01	3.550313E-02	1.618126E-01
5.302638E+03	-1.649074E+01	3.557047E-02	1.618122E-01
5.302838E+03	-1.649070E+01	3.559915E-02	1.618119E-01
5.303038E+03	-1.649057E+01	3.560791E-02	1.618116E-01
5.303238E+03	-1.649042E+01	3.564920E-02	1.618113E-01
5.303438E+03	-1.649025E+01	3.558581E-02	1.618109E-01
5.303638E+03	-1.649007E+01	3.579682E-02	1.618106E-01
5.303839E+03	-1.649012E+01	3.587108E-02	1.618103E-01
5.304039E+03	-1.649023E+01	3.591855E-02	1.618099E-01
5.304239E+03	-1.649029E+01	3.578447E-02	1.618096E-01
5.304439E+03	-1.649031E+01	3.580554E-02	1.618093E-01
5.304639E+03	-1.649023E+01	3.576631E-02	1.618089E-01
5.304839E+03	-1.649016E+01	3.560665E-02	1.618086E-01
5.305039E+03	-1.649016E+01	3.538369E-02	1.618083E-01
5.305239E+03	-1.649018E+01	3.532542E-02	1.618079E-01
5.305439E+03	-1.649016E+01	3.527437E-02	1.618076E-01
5.305639E+03	-1.649014E+01	3.510756E-02	1.618073E-01
5.305839E+03	-1.649029E+01	3.511540E-02	1.618069E-01
5.306039E+03	-1.649042E+01	3.527381E-02	1.618066E-01
5.306239E+03	-1.649047E+01	3.527515E-02	1.618063E-01
5.306439E+03	-1.649049E+01	3.535414E-02	1.618059E-01
5.306639E+03	-1.649032E+01	3.536805E-02	1.618056E-01
5.306839E+03	-1.649019E+01	3.532970E-02	1.618053E-01
5.307039E+03	-1.649017E+01	3.558093E-02	1.618050E-01
5.307239E+03	-1.649015E+01	3.584499E-02	1.618046E-01
5.307439E+03	-1.649015E+01	3.622872E-02	1.618043E-01
5.307639E+03	-1.649008E+01	3.647627E-02	1.618040E-01
5.307839E+03	-1.649004E+01	3.630978E-02	1.618036E-01
5.308039E+03	-1.649002E+01	3.628228E-02	1.618033E-01
5.308239E+03	-1.649004E+01	3.630335E-02	1.618030E-01
5.308439E+03	-1.649004E+01	3.629050E-02	1.618026E-01
5.308639E+03	-1.649002E+01	3.626942E-02	1.618023E-01
5.308839E+03	-1.649004E+01	3.628407E-02	1.618020E-01
5.309040E+03	-1.649004E+01	3.662270E-02	1.618016E-01
5.309240E+03	-1.648996E+01	3.664975E-02	1.618013E-01
5.309440E+03	-1.648991E+01	3.636333E-02	1.618010E-01
5.309640E+03	-1.649004E+01	3.649624E-02	1.618007E-01
5.309840E+03	-1.649017E+01	3.654137E-02	1.618003E-01
5.310040E+03	-1.649009E+01	3.660274E-02	1.618000E-01
5.310240E+03	-1.649002E+01	3.660803E-02	1.617997E-01
5.310440E+03	-1.648983E+01	3.665604E-02	1.617993E-01
5.310640E+03	-1.648953E+01	3.706744E-02	1.617990E-01
5.310840E+03	-1.648929E+01	3.756084E-02	1.617987E-01
5.311040E+03	-1.648906E+01	3.756188E-02	1.617983E-01
5.311240E+03	-1.648882E+01	3.752018E-02	1.617980E-01
5.311440E+03	-1.648853E+01	3.748368E-02	1.617977E-01
5.311640E+03	-1.648827E+01	3.744662E-02	1.617973E-01
5.311840E+03	-1.648812E+01	3.738891E-02	1.617970E-01
5.312039E+03	-1.648812E+01	3.728864E-02	1.617967E-01
5.312239E+03	-1.648821E+01	3.721699E-02	1.617964E-01
5.312440E+03	-1.648825E+01	3.721211E-02	1.617960E-01
5.312639E+03	-1.648821E+01	3.719565E-02	1.617957E-01
5.312839E+03	-1.648810E+01	3.716945E-02	1.617954E-01
5.313039E+03	-1.648808E+01	3.717616E-02	1.617950E-01
5.313239E+03	-1.648810E+01	3.719505E-02	1.617947E-01
5.313439E+03	-1.648812E+01	3.719475E-02	1.617944E-01
5.313639E+03	-1.648806E+01	3.718713E-02	1.617940E-01
5.313839E+03	-1.648812E+01	3.733131E-02	1.617937E-01
5.314039E+03	-1.648821E+01	3.751578E-02	1.617933E-01
5.314240E+03	-1.648806E+01	3.743462E-02	1.617930E-01
5.314440E+03	-1.648800E+01	3.736723E-02	1.617927E-01
5.314640E+03	-1.648791E+01	3.725114E-02	1.617923E-01
5.314840E+03	-1.648766E+01	3.721855E-02	1.617920E-01
5.315040E+03	-1.648753E+01	3.720546E-02	1.617917E-01
5.315240E+03	-1.648751E+01	3.721216E-02	1.617913E-01
5.315440E+03	-1.648751E+01	3.716314E-02	1.617910E-01
5.315640E+03	-1.648736E+01	3.706732E-02	1.617907E-01
5.315840E+03	-1.648723E+01	3.706706E-02	1.617903E-01
5.316040E+03	-1.648728E+01	3.707921E-02	1.617900E-01
5.316240E+03	-1.648728E+01	3.715163E-02	1.617897E-01
5.316440E+03	-1.648719E+01	3.714647E-02	1.617893E-01
5.316640E+03	-1.648719E+01	3.718692E-02	1.617890E-01
5.316840E+03	-1.648723E+01	3.723741E-02	1.617887E-01
5.317040E+03	-1.648730E+01	3.718752E-02	1.617883E-01
5.317240E+03	-1.648734E+01	3.699309E-02	1.617880E-01
5.317440E+03	-1.648741E+01	3.701771E-02	1.617877E-01
5.317640E+03	-1.648738E+01	3.723103E-02	1.617873E-01
5.317840E+03	-1.648736E+01	3.753590E-02	1.617870E-01
5.318040E+03	-1.648745E+01	3.759441E-02	1.617867E-01
5.318240E+03	-1.648745E+01	3.756457E-02	1.617863E-01
5.318440E+03	-1.648739E+01	3.759953E-02	1.617860E-01
5.318640E+03	-1.648734E+01	3.776195E-02	1.617857E-01
5.318840E+03	-1.648732E+01	3.814771E-02	1.617853E-01
5.319040E+03	-1.648717E+01	3.887978E-02	1.617850E-01
5.319240E+03	-1.648711E+01	3.905714E-02	1.617847E-01
5.319441E+03	-1.648720E+01	3.927132E-02	1.617843E-01
5.319641E+03	-1.648732E+01	3.944472E-02	1.617840E-01
5.319841E+03	-1.648745E+01	3.924329E-02	1.617837E-01
5.320041E+03	-1.648764E+01	3.925210E-02	1.617833E-01
5.320241E+03	-1.648777E+01	3.919331E-02	1.617830E-01
5.320441E+03	-1.648788E+01	3.904299E-02	1.617827E-01
5.320641E+03	-1.648811E+01	3.895529E-02	1.617823E-01
5.320841E+03	-1.648824E+01	3.880030E-02	1.617820E-01
5.321041E+03	-1.648818E+01	3.852784E-02	1.617817E-01
5.321241E+03	-1.648803E+01	3.859992E-02	1.617813E-01
5.321441E+03	-1.648799E+01	3.863665E-02	1.617810E-01
5.321641E+03	-1.648807E+01	3.858238E-02	1.617807E-01
5.321841E+03	-1.648818E+01	3.861533E-02	1.617803E-01
5.322041E+03	-1.648814E+01	3.875236E-02	1.617800E-01
5.322241E+03	-1.648801E+01	3.908436E-02	1.617797E-01
5.322441E+03	-1.648786E+01	3.867644E-02	1.617793E-01
5.322641E+03	-1.648771E+01	3.852461E-02	1.617790E-01
5.322841E+03	-1.648765E+01	3.851042E-02	1.617787E-01
5.323041E+03	-1.648773E+01	3.879083E-02	1.617783E-01
5.323241E+03	-1.648776E+01	3.882045E-02	1.617780E-01
5.323441E+03	-1.648771E+01	3.886139E-02	1.617777E-01
5.323641E+03	-1.648754E+01	3.894843E-02	1.617774E-01
5.323841E+03	-1.648722E+01	3.891127E-02	1.617770E-01
5.324041E+03	-1.648710E+01	3.948945E-02	1.617767E-01
5.324240E+03	-1.648712E+01	3.992351E-02	1.617764E-01
5.324440E+03	-1.648706E+01	4.033480E-02	1.617760E-01
5.324641E+03	-1.648680E+01	4.066419E-02	1.617757E-01
5.324841E+03	-1.648655E+01	4.067219E-02	1.617754E-01
5.325041E+03	-1.648650E+01	4.063845E-02	1.617750E-01
5.325241E+03	-1.648652E+01	4.062131E-02	1.617747E-01
5.325441E+03	-1.648648E+01	4.058333E-02	1.617744E-01
5.325641E+03	-1.648653E+01	4.059155E-02	1.617740E-01
5.325841E+03	-1.648663E+01	4.064826E-02	1.617737E-01
5.326041E+03	-1.648667E+01	4.043747E-02	1.617734E-01
5.326241E+03	-1.648663E+01	4.033146E-02	1.617730E-01
5.326441E+03	-1.648668E+01	4.053530E-02	1.617727E-01
5.326641E+03	-1.648670E+01	4.043732E-02	1.617724E-01
5.326841E+03	-1.648661E+01	4.076110E-02	1.617720E-01
5.327041E+03	-1.648653E+01	4.110598E-02	1.617717E-01
5.327241E+03	-1.648636E+01	4.099215E-02	1.617714E-01
5.327441E+03	-1.648612E+01	4.095947E-02	1.617710E-01
5.327641E+03	-1.648589E+01	4.118580E-02	1.617707E-01
5.327841E+03	-1.648566E+01	4.090061E-02	1.617704E-01
5.328041E+03	-1.648555E+01	4.092455E-02	1.617700E-01
5.328241E+03	-1.648553E+01	4.138490E-02	1.617697E-01
5.328441E+03	-1.648551E+01	4.130018E-02	1.617694E-01
5.328641E+03	-1.648549E+01	4.138722E-02	1.617690E-01
5.328841E+03	-1.648547E+01	4.140429E-02	1.617687E-01
5.329041E+03	-1.648536E+01	4.132423E-02	1.617684E-01
5.329241E+03	-1.648534E+01	4.129253E-02	1.617680E-01
5.329441E+03	-1.648543E+01	4.127303E-02	1.617677E-01
5.329641E+03	-1.648545E+01	4.127293E-02	1.617674E-01
5.329841E+03	-1.648530E+01	4.127790E-02	1.617670E-01
5.330042E+03	-1.648515E+01	4.124050E-02	1.617667E-01
5.330242E+03	-1.648524E+01	4.121676E-02	1.617664E-01
5.330442E+03	-1.648547E+01	4.132371E-02	1.617660E-01
5.330642E+03	-1.648558E+01	4.126593E-02	1.617657E-01
5.330842E+03	-1.648524E+01	4.124855E-02	1.617654E-01
5.331042E+03	-1.648486E+01	4.128011E-02	1.617650E-01
5.331242E+03	-1.648484E+01	4.129503E-02	1.617647E-01
5.331442E+03	-1.648484E+01	4.132256E-02	1.617644E-01
5.331642E+03	-1.648471E+01	4.125756E-02	1.617640E-01
5.331842E+03	-1.648461E+01	4.130041E-02	1.617637E-01
5.332042E+03	-1.648448E+01	4.130315E-02	1.617634E-01
5.332242E+03	-1.648450E+01	4.129881E-02	1.617630E-01
5.332442E+03	-1.648482E+01	4.116809E-02	1.617627E-01
5.332642E+03	-1.648512E+01	4.113688E-02	1.617624E-01
5.332842E+03	-1.648531E+01	4.174848E-02	1.617620E-01
5.333042E+03	-1.648539E+01	4.243297E-02	1.617617E-01
5.333242E+03	-1.648535E+01	4.261962E-02	1.617614E-01
5.333442E+03	-1.648520E+01	4.256268E-02	1.617611E-01
5.333642E+03	-1.648507E+01	4.279810E-02	1.617607E-01
5.333842E+03	-1.648495E+01	4.313929E-02	1.617604E-01
5.334042E+03	-1.648488E+01	4.301862E-02	1.617601E-01
5.334242E+03	-1.648480E+01	4.291073E-02	1.617597E-01
5.334442E+03	-1.648474E+01	4.299971E-02	1.617594E-01
5.334642E+03	-1.648472E+01	4.298703E-02	1.617591E-01
5.334842E+03	-1.648465E+01	4.303365E-02	1.617587E-01
5.335042E+03	-1.648455E+01	4.315225E-02	1.617584E-01
5.335243E+03	-1.648463E+01	4.342733E-02	1.617581E-01
5.335443E+03	-1.648489E+01	4.356287E-02	1.617577E-01
5.335643E+03	-1.648495E+01	4.342521E-02	1.617574E-01
5.335842E+03	-1.648491E+01	4.342098E-02	1.617571E-01
5.336042E+03	-1.648482E+01	4.345274E-02	1.617567E-01
5.336243E+03	-1.648474E+01	4.375335E-02	1.617564E-01
5.336443E+03	-1.648478E+01	4.384441E-02	1.617561E-01
5.336642E+03	-1.648493E+01	4.384032E-02	1.617557E-01
5.336842E+03	-1.648500E+01	4.388486E-02	1.617554E-01
5.337042E+03	-1.648508E+01	4.372605E-02	1.617551E-01
5.337242E+03	-1.648510E+01	4.375574E-02	1.617547E-01
5.337442E+03	-1.648497E+01	4.380012E-02	1.617544E-01
5.337642E+03	-1.648485E+01	4.381060E-02	1.617541E-01
5.337842E+03	-1.648474E+01	4.379780E-02	1.617537E-01
5.338042E+03	-1.648451E+01	4.378280E-02	1.617534E-01
5.338242E+03	-1.648434E+01	4.384399E-02	1.617531E-01
5.338442E+03	-1.648424E+01	4.379315E-02	1.617527E-01
5.338642E+03	-1.648428E+01	4.375935E-02	1.617524E-01
5.338842E+03	-1.648434E+01	4.378689E-02	1.617521E-01
5.339042E+03	-1.648413E+01	4.391143E-02	1.617517E-01
5.339242E+03	-1.648392E+01	4.408446E-02	1.617514E-01
5.339442E+03	-1.648388E+01	4.405271E-02	1.617511E-01
5.339642E+03	-1.648382E+01	4.438003E-02	1.617508E-01
5.339842E+03	-1.648369E+01	4.443043E-02	1.617504E-01
5.340042E+03	-1.648371E+01	4.442837E-02	1.617501E-01
5.340242E+03	-1.648384E+01	4.408222E-02	1.617498E-01
5.340443E+03	-1.648377E+01	4.385823E-02	1.617494E-01
5.340643E+03	-1.648363E+01	4.398476E-02	1.617491E-01
5.340843E+03	-1.648354E+01	4.398465E-02	1.617488E-01
5.341043E+03	-1.648344E+01	4.411327E-02	1.617484E-01
5.341243E+03	-1.648346E+01	4.415552E-02	1.617481E-01
5.341443E+03	-1.648350E+01	4.414503E-02	1.617478E-01
5.341643E+03	-1.648346E+01	4.419350E-02	1.617474E-01
5.341843E+03	-1.648344E+01	4.421881E-02	1.617471E-01
5.342043E+03	-1.648344E+01	4.436232E-02	1.617468E-01
5.342243E+03	-1.648338E+01	4.429044E-02	1.617464E-01
5.342443E+03	-1.648344E+01	4.428001E-02	1.617461E-01
5.342643E+03	-1.648333E+01	4.434310E-02	1.617458E-01
5.342843E+03	-1.648310E+01	4.456616E-02	1.617454E-01
5.343043E+03	-1.648302E+01	4.461023E-02	1.617451E-01
5.343243E+03	-1.648298E+01	4.461012E-02	1.617448E-01
5.343443E+03	-1.648302E+01	4.458493E-02	1.617444E-01
5.343643E+03	-1.648313E+01	4.460841E-02	1.617441E-01
5.343843E+03	-1.648327E+01	4.468054E-02	1.617438E-01
5.344043E+03	-1.648348E+01	4.451439E-02	1.617435E-01
5.344243E+03	-1.648344E+01	4.422936E-02	1.617431E-01
5.344443E+03	-1.648321E+01	4.419730E-02	1.617428E-01
5.344643E+03	-1.648294E+01	4.429799E-02	1.617425E-01
5.344843E+03	-1.648285E+01	4.447277E-02	1.617421E-01
5.345043E+03	-1.648285E+01	4.419666E-02	1.617418E-01
5.345243E+03	-1.648290E+01	4.422625E-02	1.617415E-01
5.345443E+03	-1.648290E+01	4.431688E-02	1.617411E-01
5.345644E+03	-1.648264E+01	4.416891E-02	1.617408E-01
5.345844E+03	-1.648237E+01	4.457057E-02	1.617405E-01
5.346044E+03	-1.648243E+01	4.453915E-02	1.617401E-01
5.346244E+03	-1.648264E+01	4.482198E-02	1.617398E-01
5.346444E+03	-1.648275E+01	4.482021E-02	1.617395E-01
5.346644E+03	-1.648286E+01	4.487956E-02	1.617391E-01
5.346844E+03	-1.648288E+01	4.508409E-02	1.617388E-01
5.347044E+03	-1.648288E+01	4.505880E-02	1.617385E-01
5.347244E+03	-1.648292E+01	4.512640E-02	1.617381E-01
5.347444E+03	-1.648305E+01	4.515853E-02	1.617378E-01
5.347644E+03	-1.648320E+01	4.531099E-02	1.617375E-01
5.347844E+03	-1.648309E+01	4.526414E-02	1.617372E-01
5.348044E+03	-1.648288E+01	4.561314E-02	1.617368E-01
5.348243E+03	-1.648269E+01	4.539730E-02	1.617365E-01
5.348444E+03	-1.648250E+01	4.532272E-02	1.617362E-01
5.348644E+03	-1.648235E+01	4.526103E-02	1.617358E-01
5.348843E+03	-1.648225E+01	4.522692E-02	1.617355E-01
5.349043E+03	-1.648235E+01	4.527156E-02	1.617352E-01
5.349243E+03	-1.648246E+01	4.533096E-02	1.617348E-01
5.349443E+03	-1.648240E+01	4.556649E-02	1.617345E-01
5.349643E+03	-1.648242E+01	4.563820E-02	1.617342E-01
5.349843E+03	-1.648248E+01	4.561536E-02	1.617338E-01
5.350043E+03	-1.648244E+01	4.552880E-02	1.617335E-01
5.350243E+03	-1.648227E+01	4.553851E-02	1.617332E-01
5.350443E+03	-1.648219E+01	4.567069E-02	1.617328E-01
5.350643E+03	-1.648217E+01	4.574423E-02	1.617325E-01
5.350844E+03	-1.648223E+01	4.576142E-02	1.617322E-01
5.351044E+03	-1.648244E+01	4.565304E-02	1.617319E-01
5.351244E+03	-1.648251E+01	4.550173E-02	1.617315E-01
5.351444E+03	-1.648244E+01	4.531824E-02	1.617312E-01
5.351644E+03	-1.648255E+01	4.527447E-02	1.617309E-01
5.351844E+03	-1.648265E+01	4.534864E-02	1.617305E-01
5.352044E+03	-1.648270E+01	4.551106E-02	1.617302E-01
5.352244E+03	-1.648284E+01	4.592697E-02	1.617299E-01
5.352444E+03	-1.648289E+01	4.613378E-02	1.617295E-01
5.352644E+03	-1.648284E+01	4.613141E-02	1.617292E-01
5.352844E+03	-1.648291E+01	4.604115E-02	1.617289E-01
5.353044E+03	-1.648318E+01	4.580024E-02	1.617285E-01
5.353244E+03	-1.648344E+01	4.574675E-02	1.617282E-01
5.353444E+03	-1.648356E+01	4.568197E-02	1.617279E-01
5.353644E+03	-1.648352E+01	4.545800E-02	1.617275E-01
5.353844E+03	-1.648325E+01	4.538711E-02	1.617272E-01
5.354044E+03	-1.648285E+01	4.550123E-02	1.617269E-01
5.354244E+03	-1.648266E+01	4.562885E-02	1.617266E-01
5.354444E+03	-1.648270E+01	4.563538E-02	1.617262E-01
5.354644E+03	-1.648268E+01	4.558680E-02	1.617259E-01
5.354844E+03	-1.648262E+01	4.559282E-02	1.617256E-01
5.355044E+03	-1.648258E+01	4.592961E-02	1.617252E-01
5.355244E+03	-1.648262E+01	4.605414E-02	1.617249E-01
5.355444E+03	-1.648249E+01	4.603022E-02	1.617246E-01
5.355644E+03	-1.648218E+01	4.618405E-02	1.617242E-01
5.355844E+03	-1.648216E+01	4.619444E-02	1.617239E-01
5.356045E+03	-1.648232E+01	4.619762E-02	1.617236E-01
5.356245E+03	-1.648230E+01	4.619538E-02	1.617232E-01
5.356445E+03	-1.648216E+01	4.617761E-02	1.617229E-01
5.356645E+03	-1.648207E+01	4.623175E-02	1.617226E-01
5.356845E+03	-1.648205E+01	4.635362E-02	1.617222E-01
5.357045E+03	-1.648199E+01	4.640790E-02	1.617219E-01
5.357245E+03	-1.648184E+01	4.657301E-02	1.617216E-01
5.357445E+03	-1.648163E+01	4.682789E-02	1.617213E-01
5.357645E+03	-1.648130E+01	4.685046E-02	1.617209E-01
5.357845E+03	-1.648096E+01	4.667364E-02	1.617206E-01
5.358045E+03	-1.648067E+01	4.651628E-02	1.617203E-01
5.358245E+03	-1.648044E+01	4.648530E-02	1.617199E-01
5.358445E+03	-1.648037E+01	4.645971E-02	1.617196E-01
5.358645E+03	-1.648031E+01	4.652632E-02	1.617193E-01
5.358845E+03	-1.648027E+01	4.660774E-02	1.617189E-01
5.359045E+03	-1.648015E+01	4.659425E-02	1.617186E-01
5.359245E+03	-1.647998E+01	4.660557E-02	1.617183E-01
5.359445E+03	-1.647996E+01	4.678966E-02	1.617179E-01
5.359645E+03	-1.647992E+01	4.715357E-02	1.617176E-01
5.359845E+03	-1.647983E+01	4.719473E-02	1.617173E-01
5.360045E+03	-1.647979E+01	4.723622E-02	1.617170E-01
5.360245E+03	-1.647967E+01	4.720583E-02	1.617166E-01
5.360444E+03	-1.647950E+01	4.726711E-02	1.617163E-01
5.360645E+03	-1.647935E+01	4.735991E-02	1.617160E-01
5.360845E+03	-1.647933E+01	4.736390E-02	1.617156E-01
5.361044E+03	-1.647954E+01	4.735532E-02	1.617153E-01
5.361245E+03	-1.647977E+01	4.757294E-02	1.617150E-01
5.361445E+03	-1.647990E+01	4.769765E-02	1.617146E-01
5.361645E+03	-1.647992E+01	4.732105E-02	1.617143E-01
5.361845E+03	-1.647984E+01	4.699799E-02	1.617140E-01
5.362045E+03	-1.647956E+01	4.694135E-02	1.617136E-01
5.362245E+03	-1.647923E+01	4.694494E-02	1.617133E-01
5.362445E+03	-1.647904E+01	4.696431E-02	1.617130E-01
5.362645E+03	-1.647896E+01	4.684038E-02	1.617127E-01
5.362845E+03	-1.647892E+01	4.656228E-02	1.617123E-01
5.363045E+03	-1.647879E+01	4.596422E-02	1.617120E-01
5.363245E+03	-1.647869E+01	4.588012E-02	1.617117E-01
5.363445E+03	-1.647867E+01	4.569840E-02	1.617113E-01
5.363645E+03	-1.647861E+01	4.549772E-02	1.617110E-01
5.363845E+03	-1.647846E+01	4.552206E-02	1.617107E-01
5.364045E+03	-1.647825E+01	4.548977E-02	1.617103E-01
5.364245E+03	-1.647806E+01	4.558478E-02	1.617100E-01
5.364445E+03	-1.647811E+01	4.569129E-02	1.617097E-01
5.364645E+03	-1.647825E+01	4.570665E-02	1.617094E-01
5.364845E+03	-1.647832E+01	4.574869E-02	1.617090E-01
5.365045E+03	-1.647821E+01	4.578151E-02	1.617087E-01
5.365245E+03	-1.647813E+01	4.572892E-02	1.617084E-01
5.365445E+03	-1.647815E+01	4.565399E-02	1.617080E-01
5.365645E+03	-1.647817E+01	4.559364E-02	1.617077E-01
5.365845E+03	-1.647813E+01	4.561219E-02	1.617074E-01
5.366045E+03	-1.647811E+01	4.551618E-02	1.617070E-01
5.366245E+03	-1.647815E+01	4.517031E-02	1.617067E-01
5.366446E+03	-1.647826E+01	4.518324E-02	1.617064E-01
5.366646E+03	-1.647819E+01	4.517464E-02	1.617060E-01
5.366846E+03	-1.647807E+01	4.519707E-02	1.617057E-01
5.367046E+03	-1.647803E+01	4.499056E-02	1.617054E-01
5.367246E+03	-1.647792E+01	4.499435E-02	1.617051E-01
5.367446E+03	-1.647765E+01	4.520577E-02	1.617047E-01
5.367646E+03	-1.647738E+01	4.525254E-02	1.617044E-01
5.367846E+03	-1.647736E+01	4.525870E-02	1.617041E-01
5.368046E+03	-1.647745E+01	4.479903E-02	1.617037E-01
5.368246E+03	-1.647745E+01	4.479487E-02	1.617034E-01
5.368446E+03	-1.647745E+01	4.459505E-02	1.617031E-01
5.368646E+03	-1.647747E+01	4.430578E-02	1.617027E-01
5.368846E+03	-1.647732E+01	4.447195E-02	1.617024E-01
5.369046E+03	-1.647720E+01	4.449246E-02	1.617021E-01
5.369246E+03	-1.647701E+01	4.444418E-02	1.617018E-01
5.369446E+03	-1.647678E+01	4.450806E-02	1.617014E-01
5.369646E+03	-1.647668E+01	4.467611E-02	1.617011E-01
5.369846E+03	-1.647658E+01	4.486484E-02	1.617008E-01
5.370046E+03	-1.647637E+01	4.485170E-02	1.617004E-01
5.370246E+03	-1.647599E+01	4.481936E-02	1.617001E-01
5.370446E+03	-1.647573E+01	4.469617E-02	1.616998E-01
5.370646E+03	-1.647570E+01	4.496146E-02	1.616994E-01
5.370846E+03	-1.647579E+01	4.480209E-02	1.616991E-01
5.371046E+03	-1.647579E+01	4.441849E-02	1.616988E-01
5.371246E+03	-1.647573E+01	4.438726E-02	1.616985E-01
5.371446E+03	-1.647558E+01	4.437036E-02	1.616981E-01
5.371647E+03	-1.647550E+01	4.411117E-02	1.616978E-01
5.371847E+03	-1.647554E+01	4.386878E-02	1.616975E-01
5.372047E+03	-1.647548E+01	4.348539E-02	1.616971E-01
5.372247E+03	-1.647523E+01	4.288895E-02	1.616968E-01
5.372447E+03	-1.647500E+01	4.280646E-02	1.616965E-01
5.372647E+03	-1.647492E+01	4.277761E-02	1.616961E-01
5.372846E+03	-1.647469E+01	4.299718E-02	1.616958E-01
5.373047E+03	-1.647440E+01	4.294580E-02	1.616955E-01
5.373247E+03	-1.647443E+01	4.266881E-02	1.616952E-01
5.373447E+03	-1.647457E+01	4.257550E-02	1.616948E-01
5.373646E+03	-1.647443E+01	4.256958E-02	1.616945E-01
5.373846E+03	-1.647424E+01	4.252863E-02	1.616942E-01
5.374046E+03	-1.647416E+01	4.251641E-02	1.616938E-01
5.374246E+03	-1.647408E+01	4.261984E-02	1.616935E-01
5.374446E+03	-1.647387E+01	4.270075E-02	1.616932E-01
5.374646E+03	-1.647360E+01	4.268261E-02	1.616928E-01
5.374846E+03	-1.647333E+01	4.265421E-02	1.616925E-01
5.375046E+03	-1.647311E+01	4.254129E-02	1.616922E-01
5.375246E+03	-1.647301E+01	4.254768E-02	1.616919E-01
5.375446E+03	-1.647305E+01	4.253317E-02	1.616915E-01
5.375646E+03	-1.647294E+01	4.251277E-02	1.616912E-01
5.375846E+03	-1.647274E+01	4.251940E-02	1.616909E-01
5.376046E+03	-1.647264E+01	4.250315E-02	1.616905E-01
5.376246E+03	-1.647255E+01	4.254860E-02	1.616902E-01
5.376446E+03	-1.647260E+01	4.260614E-02	1.616899E-01
5.376646E+03	-1.647260E+01	4.248470E-02	1.616895E-01
5.376847E+03	-1.647241E+01	4.216827E-02	1.616892E-01
5.377047E+03	-1.647219E+01	4.150680E-02	1.616889E-01
5.377247E+03	-1.647212E+01	4.128296E-02	1.616886E-01
5.377447E+03	-1.647210E+01	4.137763E-02	1.616882E-01
5.377647E+03	-1.647190E+01	4.117311E-02	1.616879E-01
5.377847E+03	-1.647163E+01	4.088080E-02	1.616876E-01
5.378047E+03	-1.647163E+01	4.086848E-02	1.616872E-01
5.378247E+03	-1.647171E+01	4.078379E-02	1.616869E-01
5.378447E+03	-1.647159E+01	4.075579E-02	1.616866E-01
5.378647E+03	-1.647143E+01	4.074244E-02	1.616863E-01
5.378847E+03	-1.647135E+01	4.082708E-02	1.616859E-01
5.379047E+03	-1.647130E+01	4.109821E-02	1.616856E-01
5.379247E+03	-1.647118E+01	4.097578E-02	1.616853E-01
5.379447E+03	-1.647114E+01	4.082421E-02	1.616849E-01
5.379647E+03	-1.647114E+01	4.081190E-02	1.616846E-01
5.379847E+03	-1.647104E+01	4.085148E-02	1.616843E-01
5.380047E+03	-1.647094E+01	4.073318E-02	1.616839E-01
5.380247E+03	-1.647096E+01	4.046853E-02	1.616836E-01
5.380447E+03	-1.647094E+01	4.036821E-02	1.616833E-01
5.380647E+03	-1.647094E+01	4.037436E-02	1.616830E-01
5.380847E+03	-1.647088E+01	4.032764E-02	1.616826E-01
5.381047E+03	-1.647078E+01	4.041240E-02	1.616823E-01
5.381247E+03	-1.647067E+01	4.035779E-02	1.616820E-01
5.381447E+03	-1.647047E+01	4.022815E-02	1.616816E-01
5.381647E+03	-1.647022E+01	4.012352E-02	1.616813E-01
5.381847E+03	-1.647006E+01	4.006339E-02	1.616810E-01
5.382048E+03	-1.646986E+01	4.003634E-02	1.616807E-01
5.382248E+03	-1.646979E+01	3.996319E-02	1.616803E-01
5.382448E+03	-1.646971E+01	3.989229E-02	1.616800E-01
5.382648E+03	-1.646957E+01	3.991387E-02	1.616797E-01
5.382848E+03	-1.646949E+01	3.986345E-02	1.616793E-01
5.383048E+03	-1.646947E+01	3.959798E-02	1.616790E-01
5.383248E+03	-1.646943E+01	3.932863E-02	1.616787E-01
5.383448E+03	-1.646922E+01	3.933464E-02	1.616783E-01
5.383648E+03	-1.646894E+01	3.882097E-02	1.616780E-01
5.383848E+03	-1.646865E+01	3.847728E-02	1.616777E-01
5.384048E+03	-1.646835E+01	3.844815E-02	1.616774E-01
5.384248E+03	-1.646808E+01	3.839416E-02	1.616770E-01
5.384448E+03	-1.646780E+01	3.845242E-02	1.616767E-01
5.384648E+03	-1.646762E+01	3.831817E-02	1.616764E-01
5.384848E+03	-1.646751E+01	3.829903E-02	1.616760E-01
5.385047E+03	-1.646747E+01	3.822019E-02	1.616757E-01
5.385248E+03	-1.646737E+01	3.812787E-02	1.616754E-01
5.385448E+03	-1.646711E+01	3.811280E-02	1.616751E-01
5.385648E+03	-1.646668E+01	3.842257E-02	1.616747E-01
5.385847E+03	-1.646638E+01	3.872840E-02	1.616744E-01
5.386047E+03	-1.646624E+01	3.859606E-02	1.616741E-01
5.386247E+03	-1.646618E+01	3.859877E-02	1.616737E-01
5.386447E+03	-1.646614E+01	3.861951E-02	1.616734E-01
5.386647E+03	-1.646614E+01	3.861544E-02	1.616731E-01
5.386847E+03	-1.646612E+01	3.870489E-02	1.616728E-01
5.387047E+03	-1.646614E+01	3.897031E-02	1.616724E-01
5.387247E+03	-1.646612E+01	3.895835E-02	1.616721E-01
5.387448E+03	-1.646604E+01	3.894500E-02	1.616718E-01
5.387648E+03	-1.646589E+01	3.891809E-02	1.616714E-01
5.387848E+03	-1.646571E+01	3.889973E-02	1.616711E-01
5.388048E+03	-1.646569E+01	3.887766E-02	1.616708E-01
5.388248E+03	-1.646575E+01	3.879802E-02	1.616704E-01
5.388448E+03	-1.646588E+01	3.898923E-02	1.616701E-01
5.388648E+03	-1.646606E+01	3.906036E-02	1.616698E-01
5.388848E+03	-1.646608E+01	3.884321E-02	1.616695E-01
5.389048E+03	-1.646602E+01	3.886007E-02	1.616691E-01
5.389248E+03	-1.646588E+01	3.894465E-02	1.616688E-01
5.389448E+03	-1.646553E+01	3.897452E-02	1.616685E-01
5.389648E+03	-1.646511E+01	3.898293E-02	1.616681E-01
5.389848E+03	-1.646476E+01	3.842045E-02	1.616678E-01
5.390048E+03	-1.646464E+01	3.858352E-02	1.616675E-01
5.390248E+03	-1.646460E+01	3.850315E-02	1.616672E-01
5.390448E+03	-1.646456E+01	3.851169E-02	1.616668E-01
5.390648E+03	-1.646469E+01	3.840522E-02	1.616665E-01
5.390848E+03	-1.646465E+01	3.844004E-02	1.616662E-01
5.391048E+03	-1.646446E+01	3.854717E-02	1.616658E-01
5.391248E+03	-1.646428E+01	3.840989E-02	1.616655E-01
5.391448E+03	-1.646404E+01	3.838242E-02	1.616652E-01
5.391648E+03	-1.646394E+01	3.799219E-02	1.616649E-01
5.391848E+03	-1.646396E+01	3.799194E-02	1.616645E-01
5.392048E+03	-1.646396E+01	3.756017E-02	1.616642E-01
5.392248E+03	-1.646384E+01	3.757391E-02	1.616639E-01
5.392448E+03	-1.646374E+01	3.750872E-02	1.616635E-01
5.392649E+03	-1.646376E+01	3.751853E-02	1.616632E-01
5.392849E+03	-1.646372E+01	3.753723E-02	1.616629E-01
5.393049E+03	-1.646354E+01	3.747115E-02	1.616626E-01
5.393249E+03	-1.646334E+01	3.737923E-02	1.616622E-01
5.393449E+03	-1.646326E+01	3.725545E-02	1.616619E-01
5.393649E+03	-1.646322E+01	3.764275E-02	1.616616E-01
5.393849E+03	-1.646312E+01	3.818578E-02	1.616612E-01
5.394049E+03	-1.646312E+01	3.876572E-02	1.616609E-01
5.394249E+03	-1.646312E+01	3.888251E-02	1.616606E-01
5.394449E+03	-1.646322E+01	3.869615E-02	1.616603E-01
5.394649E+03	-1.646304E+01	3.857130E-02	1.616599E-01
5.394849E+03	-1.646266E+01	3.851523E-02	1.616596E-01
5.395049E+03	-1.646245E+01	3.845516E-02	1.616593E-01
5.395249E+03	-1.646248E+01	3.845493E-02	1.616589E-01
5.395449E+03	-1.646256E+01	3.841178E-02	1.616586E-01
5.395649E+03	-1.646252E+01	3.831372E-02	1.616583E-01
5.395849E+03	-1.646246E+01	3.833052E-02	1.616580E-01
5.396049E+03	-1.646242E+01	3.820231E-02	1.616576E-01
5.396249E+03	-1.646224E+01	3.785281E-02	1.616573E-01
5.396449E+03	-1.646208E+01	3.763189E-02	1.616570E-01
5.396649E+03	-1.646208E+01	3.788502E-02	1.616566E-01
5.396849E+03	-1.646212E+01	3.796888E-02	1.616563E-01
5.397049E+03	-1.646214E+01	3.830215E-02	1.616560E-01
5.397249E+03	-1.646214E+01	3.874013E-02	1.616557E-01
5.397449E+03	-1.646206E+01	3.870686E-02	1.616553E-01
5.397649E+03	-1.646188E+01	3.870481E-02	1.616550E-01
5.397850E+03	-1.646164E+01	3.867733E-02	1.616547E-01
5.398050E+03	-1.646162E+01	3.845079E-02	1.616543E-01
5.398249E+03	-1.646170E+01	3.845187E-02	1.616540E-01
5.398449E+03	-1.646158E+01	3.840105E-02	1.616537E-01
5.398649E+03	-1.646122E+01	3.886236E-02	1.616534E-01
5.398849E+03	-1.646106E+01	3.882997E-02	1.616530E-01
5.399049E+03	-1.646122E+01	3.851350E-02	1.616527E-01
5.399249E+03	-1.646128E+01	3.842060E-02	1.616524E-01
5.399449E+03	-1.646112E+01	3.841844E-02	1.616520E-01
5.399649E+03	-1.646090E+01	3.816455E-02	1.616517E-01
5.399849E+03	-1.646062E+01	3.814192E-02	1.616514E-01
5.400049E+03	-1.646024E+01	3.819255E-02	1.616511E-01
5.400249E+03	-1.646002E+01	3.820920E-02	1.616507E-01
5.400449E+03	-1.646002E+01	3.825718E-02	1.616504E-01
5.400649E+03	-1.646008E+01	3.818448E-02	1.616501E-01
5.400849E+03	-1.646016E+01	3.804951E-02	1.616497E-01
5.401049E+03	-1.646014E+01	3.795978E-02	1.616494E-01
5.401249E+03	-1.646014E+01	3.770180E-02	1.616491E-01
5.401449E+03	-1.646016E+01	3.742152E-02	1.616488E-01
5.401649E+03	-1.646014E+01	3.783978E-02	1.616484E-01
5.401849E+03	-1.646026E+01	3.817431E-02	1.616481E-01
5.402049E+03	-1.646048E+01	3.827371E-02	1.616478E-01
5.402249E+03	-1.646068E+01	3.828935E-02	1.616474E-01
5.402449E+03	-1.646078E+01	3.830419E-02	1.616471E-01
5.402649E+03	-1.646076E+01	3.820430E-02	1.616468E-01
5.402849E+03	-1.646060E+01	3.816018E-02	1.616465E-01
5.403050E+03	-1.646036E+01	3.820911E-02	1.616461E-01
5.403250E+03	-1.646024E+01	3.828256E-02	1.616458E-01
5.403450E+03	-1.646010E+01	3.808627E-02	1.616455E-01
5.403650E+03	-1.646010E+01	3.775231E-02	1.616452E-01
5.403850E+03	-1.646032E+01	3.789747E-02	1.616448E-01
5.404050E+03	-1.646048E+01	3.787542E-02	1.616445E-01
5.404250E+03	-1.646048E+01	3.802353E-02	1.616442E-01
5.404450E+03	-1.646046E+01	3.796575E-02	1.616438E-01
5.404650E+03	-1.646052E+01	3.782087E-02	1.616435E-01
5.404850E+03	-1.646063E+01	3.772949E-02	1.616432E-01
5.405050E+03	-1.646073E+01	3.774420E-02	1.616429E-01
5.405250E+03	-1.646075E+01	3.777397E-02	1.616425E-01
5.405450E+03	-1.646059E+01	3.769197E-02	1.616422E-01
5.405650E+03	-1.646043E+01	3.767607E-02	1.616419E-01
5.405850E+03	-1.646041E+01	3.774839E-02	1.616415E-01
5.406050E+03	-1.646029E+01	3.776796E-02	1.616412E-01
5.406250E+03	-1.645991E+01	3.769297E-02	1.616409E-01
5.406450E+03	-1.645959E+01	3.751142E-02	1.616406E-01
5.406650E+03	-1.645943E+01	3.752358E-02	1.616402E-01
5.406850E+03	-1.645935E+01	3.759453E-02	1.616399E-01
5.407050E+03	-1.645923E+01	3.759214E-02	1.616396E-01
5.407250E+03	-1.645901E+01	3.747742E-02	1.616392E-01
5.407450E+03	-1.645879E+01	3.744454E-02	1.616389E-01
5.407650E+03	-1.645871E+01	3.750145E-02	1.616386E-01
5.407850E+03	-1.645891E+01	3.761440E-02	1.616383E-01
5.408050E+03	-1.645913E+01	3.767929E-02	1.616379E-01
5.408251E+03	-1.645897E+01	3.758568E-02	1.616376E-01
5.408451E+03	-1.645869E+01	3.774090E-02	1.616373E-01
5.408651E+03	-1.645873E+01	3.844006E-02	1.616370E-01
5.408851E+03	-1.645875E+01	3.834612E-02	1.616366E-01
5.409051E+03	-1.645859E+01	3.840380E-02	1.616363E-01
5.409251E+03	-1.645865E+01	3.835128E-02	1.616360E-01
5.409451E+03	-1.645871E+01	3.849410E-02	1.616356E-01
5.409650E+03	-1.645856E+01	3.846602E-02	1.616353E-01
5.409850E+03	-1.645844E+01	3.852316E-02	1.616350E-01
5.410051E+03	-1.645822E+01	3.854556E-02	1.616347E-01
5.410251E+03	-1.645788E+01	3.882191E-02	1.616343E-01
5.410450E+03	-1.645774E+01	3.885123E-02	1.616340E-01
5.410650E+03	-1.645784E+01	3.901131E-02	1.616337E-01
5.410850E+03	-1.645774E+01	3.953539E-02	1.616334E-01
5.411050E+03	-1.645742E+01	3.952630E-02	1.616330E-01
5.411250E+03	-1.645730E+01	3.948764E-02	1.616327E-01
5.411450E+03	-1.645719E+01	3.924441E-02	1.616324E-01
5.411650E+03	-1.645697E+01	3.904799E-02	1.616320E-01
5.411850E+03	-1.645683E+01	3.908511E-02	1.616317E-01
5.412050E+03	-1.645673E+01	3.925278E-02	1.616314E-01
5.412250E+03	-1.645661E+01	3.890678E-02	1.616311E-01
5.412450E+03	-1.645649E+01	3.914401E-02	1.616307E-01
5.412650E+03	-1.645637E+01	3.947825E-02	1.616304E-01
5.412850E+03	-1.645639E+01	3.938291E-02	1.616301E-01
5.413050E+03	-1.645636E+01	3.930397E-02	1.616297E-01
5.413250E+03	-1.645612E+01	3.919727E-02	1.616294E-01
5.413451E+03	-1.645604E+01	3.904550E-02	1.616291E-01
5.413651E+03	-1.645618E+01	3.894503E-02	1.616288E-01
5.413851E+03	-1.645630E+01	3.891009E-02	1.616284E-01
5.414051E+03	-1.645618E+01	3.890142E-02	1.616281E-01
5.414251E+03	-1.645582E+01	3.898830E-02	1.616278E-01
5.414451E+03	-1.645553E+01	3.913972E-02	1.616275E-01
5.414651E+03	-1.645535E+01	3.926609E-02	1.616271E-01
5.414851E+03	-1.645523E+01	3.930677E-02	1.616268E-01
5.415051E+03	-1.645505E+01	3.934799E-02	1.616265E-01
5.415251E+03	-1.645474E+01	3.944972E-02	1.616261E-01
5.415451E+03	-1.645442E+01	3.943090E-02	1.616258E-01
5.415651E+03	-1.645452E+01	3.955238E-02	1.616255E-01
5.415851E+03	-1.645476E+01	3.957989E-02	1.616252E-01
5.416051E+03	-1.645515E+01	3.960603E-02	1.616248E-01
5.416251E+03	-1.645535E+01	3.967550E-02	1.616245E-01
5.416451E+03	-1.645531E+01	3.968573E-02	1.616242E-01
5.416651E+03	-1.645519E+01	3.974409E-02	1.616239E-01
5.416851E+03	-1.645488E+01	3.958674E-02	1.616235E-01
5.417051E+03	-1.645454E+01	3.953838E-02	1.616232E-01
5.417251E+03	-1.645442E+01	3.961643E-02	1.616229E-01
5.417451E+03	-1.645452E+01	3.959385E-02	1.616225E-01
5.417651E+03	-1.645468E+01	3.959245E-02	1.616222E-01
5.417851E+03	-1.645474E+01	3.997310E-02	1.616219E-01
5.418051E+03	-1.645480E+01	4.009115E-02	1.616216E-01
5.418251E+03	-1.645494E+01	3.997943E-02	1.616212E-01
5.418451E+03	-1.645498E+01	4.018858E-02	1.616209E-01
5.418652E+03	-1.645498E+01	4.056405E-02	1.616206E-01
5.418852E+03	-1.645506E+01	4.069596E-02	1.616203E-01
5.419052E+03	-1.645516E+01	4.083966E-02	1.616199E-01
5.419252E+03	-1.645510E+01	4.195089E-02	1.616196E-01
5.419452E+03	-1.645488E+01	4.299283E-02	1.616193E-01
5.419652E+03	-1.645474E+01	4.303839E-02	1.616189E-01
5.419852E+03	-1.645474E+01	4.297124E-02	1.616186E-01
5.420052E+03	-1.645486E+01	4.328127E-02	1.616183E-01
5.420252E+03	-1.645512E+01	4.409956E-02	1.616180E-01
5.420452E+03	-1.645534E+01	4.421462E-02	1.616176E-01
5.420652E+03	-1.645544E+01	4.430381E-02	1.616173E-01
5.420852E+03	-1.645558E+01	4.413192E-02	1.616170E-01
5.421052E+03	-1.645562E+01	4.410626E-02	1.616167E-01
5.421252E+03	-1.645558E+01	4.413390E-02	1.616163E-01
5.421452E+03	-1.645560E+01	4.406270E-02	1.616160E-01
5.421652E+03	-1.645558E+01	4.387468E-02	1.616157E-01
5.421852E+03	-1.645542E+01	4.423256E-02	1.616153E-01
5.422051E+03	-1.645516E+01	4.420441E-02	1.616150E-01
5.422252E+03	-1.645496E+01	4.436017E-02	1.616147E-01
5.422452E+03	-1.645508E+01	4.428333E-02	1.616144E-01
5.422651E+03	-1.645536E+01	4.431353E-02	1.616140E-01
5.422851E+03	-1.645540E+01	4.433933E-02	1.616137E-01
5.423051E+03	-1.645512E+01	4.397504E-02	1.616134E-01
5.423251E+03	-1.645481E+01	4.397267E-02	1.616131E-01
5.423451E+03	-1.645465E+01	4.444439E-02	1.616127E-01
5.423651E+03	-1.645453E+01	4.491593E-02	1.616124E-01
5.423852E+03	-1.645428E+01	4.512812E-02	1.616121E-01
5.424052E+03	-1.645416E+01	4.538801E-02	1.616118E-01
5.424252E+03	-1.645418E+01	4.562084E-02	1.616114E-01
5.424452E+03	-1.645408E+01	4.566768E-02	1.616111E-01
5.424652E+03	-1.645402E+01	4.567527E-02	1.616108E-01
5.424852E+03	-1.645398E+01	4.570069E-02	1.616104E-01
5.425052E+03	-1.645394E+01	4.567289E-02	1.616101E-01
5.425252E+03	-1.645406E+01	4.570505E-02	1.616098E-01
5.425452E+03	-1.645420E+01	4.580636E-02	1.616095E-01
5.425652E+03	-1.645424E+01	4.580658E-02	1.616091E-01
5.425852E+03	-1.645410E+01	4.580188E-02	1.616088E-01
5.426052E+03	-1.645400E+01	4.580331E-02	1.616085E-01
5.426252E+03	-1.645406E+01	4.580955E-02	1.616082E-01
5.426452E+03	-1.645404E+01	4.580944E-02	1.616078E-01
5.426652E+03	-1.645404E+01	4.578578E-02	1.616075E-01
5.426852E+03	-1.645404E+01	4.580353E-02	1.616072E-01
5.427052E+03	-1.645403E+01	4.597299E-02	1.616069E-01
5.427252E+03	-1.645381E+01	4.638361E-02	1.616065E-01
5.427452E+03	-1.645355E+01	4.656504E-02	1.616062E-01
5.427652E+03	-1.645355E+01	4.657685E-02	1.616059E-01
5.427852E+03	-1.645365E+01	4.664060E-02	1.616055E-01
5.428052E+03	-1.645371E+01	4.668834E-02	1.616052E-01
5.428252E+03	-1.645369E+01	4.675515E-02	1.616049E-01
5.428452E+03	-1.645348E+01	4.690513E-02	1.616046E-01
5.428652E+03	-1.645330E+01	4.685254E-02	1.616042E-01
5.428852E+03	-1.645304E+01	4.680331E-02	1.616039E-01
5.429053E+03	-1.645255E+01	4.669536E-02	1.616036E-01
5.429253E+03	-1.645218E+01	4.665918E-02	1.616033E-01
5.429453E+03	-1.645191E+01	4.670815E-02	1.616029E-01
5.429653E+03	-1.645167E+01	4.632199E-02	1.616026E-01
5.429853E+03	-1.645159E+01	4.603521E-02	1.616023E-01
5.430053E+03	-1.645155E+01	4.606438E-02	1.616020E-01
5.430253E+03	-1.645146E+01	4.629507E-02	1.616016E-01
5.430453E+03	-1.645138E+01	4.619658E-02	1.616013E-01
5.430653E+03	-1.645132E+01	4.638039E-02	1.616010E-01
5.430853E+03	-1.645142E+01	4.612038E-02	1.616006E-01
5.431053E+03	-1.645146E+01	4.584230E-02	1.616003E-01
5.431253E+03	-1.645120E+01	4.581934E-02	1.616000E-01
5.431453E+03	-1.645081E+01	4.577804E-02	1.615997E-01
5.431653E+03	-1.645058E+01	4.591762E-02	1.615993E-01
5.431853E+03	-1.645050E+01	4.609319E-02	1.615990E-01
5.432053E+03	-1.645056E+01	4.626959E-02	1.615987E-01
5.432253E+03	-1.645064E+01	4.634248E-02	1.615984E-01
5.432453E+03	-1.645060E+01	4.630506E-02	1.615980E-01
5.432653E+03	-1.645062E+01	4.636778E-02	1.615977E-01
5.432853E+03	-1.645073E+01	4.638032E-02	1.615974E-01
5.433053E+03	-1.645083E+01	4.636728E-02	1.615971E-01
5.433253E+03	-1.645085E+01	4.622061E-02	1.615967E-01
5.433453E+03	-1.645085E+01	4.611688E-02	1.615964E-01
5.433653E+03	-1.645083E+01	4.606977E-02	1.615961E-01
5.433853E+03	-1.645089E+01	4.607600E-02	1.615958E-01
5.434053E+03	-1.645115E+01	4.600117E-02	1.615954E-01
5.434253E+03	-1.645146E+01	4.598735E-02	1.615951E-01
5.434453E+03	-1.645176E+01	4.621662E-02	1.615948E-01
5.434654E+03	-1.645213E+01	4.659787E-02	1.615944E-01
5.434854E+03	-1.645233E+01	4.650112E-02	1.615941E-01
5.435053E+03	-1.645227E+01	4.638876E-02	1.615938E-01
5.435253E+03	-1.645219E+01	4.643143E-02	1.615935E-01
5.435453E+03	-1.645221E+01	4.654151E-02	1.615931E-01
5.435653E+03	-1.645217E+01	4.655105E-02	1.615928E-01
5.435853E+03	-1.645205E+01	4.657179E-02	1.615925E-01
5.436053E+03	-1.645215E+01	4.659802E-02	1.615922E-01
5.436253E+03	-1.645239E+01	4.661545E-02	1.615918E-01
5.436453E+03	-1.645247E+01	4.668873E-02	1.615915E-01
5.436653E+03	-1.645241E+01	4.668043E-02	1.615912E-01
5.436853E+03	-1.645233E+01	4.663467E-02	1.615909E-01
5.437053E+03	-1.645241E+01	4.670203E-02	1.615905E-01
5.437253E+03	-1.645251E+01	4.669099E-02	1.615902E-01
5.437453E+03	-1.645245E+01	4.651963E-02	1.615899E-01
5.437653E+03	-1.645237E+01	4.612035E-02	1.615896E-01
5.437853E+03	-1.645229E+01	4.594312E-02	1.615892E-01
5.438053E+03	-1.645225E+01	4.611176E-02	1.615889E-01
5.438253E+03	-1.645227E+01	4.603334E-02	1.615886E-01
5.438453E+03	-1.645219E+01	4.611925E-02	1.615882E-01
5.438653E+03	-1.645202E+01	4.613386E-02	1.615879E-01
5.438853E+03	-1.645202E+01	4.613190E-02	1.615876E-01
5.439053E+03	-1.645231E+01	4.634190E-02	1.615873E-01
5.439253E+03	-1.645263E+01	4.666633E-02	1.615869E-01
5.439454E+03	-1.645282E+01	4.693519E-02	1.615866E-01
5.439654E+03	-1.645288E+01	4.775961E-02	1.615863E-01
5.439854E+03	-1.645281E+01	4.769395E-02	1.615860E-01
5.440054E+03	-1.645283E+01	4.790649E-02	1.615856E-01
5.440254E+03	-1.645298E+01	4.783926E-02	1.615853E-01
5.440454E+03	-1.645326E+01	4.795425E-02	1.615850E-01
5.440654E+03	-1.645348E+01	4.780882E-02	1.615847E-01
5.440854E+03	-1.645336E+01	4.782928E-02	1.615843E-01
5.441054E+03	-1.645310E+01	4.753945E-02	1.615840E-01
5.441254E+03	-1.645287E+01	4.717540E-02	1.615837E-01
5.441454E+03	-1.645271E+01	4.717797E-02	1.615834E-01
5.441654E+03	-1.645275E+01	4.717635E-02	1.615830E-01
5.441854E+03	-1.645269E+01	4.722301E-02	1.615827E-01
5.442054E+03	-1.645259E+01	4.722215E-02	1.615824E-01
5.442254E+03	-1.645265E+01	4.709296E-02	1.615820E-01
5.442454E+03	-1.645273E+01	4.714276E-02	1.615817E-01
5.442654E+03	-1.645273E+01	4.682824E-02	1.615814E-01
5.442854E+03	-1.645254E+01	4.666166E-02	1.615811E-01
5.443054E+03	-1.645236E+01	4.663875E-02	1.615807E-01
5.443254E+03	-1.645238E+01	4.675673E-02	1.615804E-01
5.443454E+03	-1.645254E+01	4.676383E-02	1.615801E-01
5.443654E+03	-1.645287E+01	4.681752E-02	1.615798E-01
5.443854E+03	-1.645309E+01	4.699430E-02	1.615794E-01
5.444054E+03	-1.645305E+01	4.734611E-02	1.615791E-01
5.444254E+03	-1.645327E+01	4.733428E-02	1.615788E-01
5.444454E+03	-1.645356E+01	4.744131E-02	1.615785E-01
5.444655E+03	-1.645348E+01	4.743271E-02	1.615781E-01
5.444855E+03	-1.645333E+01	4.741354E-02	1.615778E-01
5.445055E+03	-1.645342E+01	4.742429E-02	1.615775E-01
5.445255E+03	-1.645368E+01	4.746210E-02	1.615772E-01
5.445455E+03	-1.645396E+01	4.747454E-02	1.615768E-01
5.445655E+03	-1.645411E+01	4.725120E-02	1.615765E-01
5.445855E+03	-1.645419E+01	4.712172E-02	1.615762E-01
5.446055E+03	-1.645439E+01	4.715102E-02	1.615759E-01
5.446255E+03	-1.645473E+01	4.723683E-02	1.615755E-01
5.446455E+03	-1.645500E+01	4.728470E-02	1.615752E-01
5.446654E+03	-1.645526E+01	4.732454E-02	1.615749E-01
5.446855E+03	-1.645552E+01	4.730509E-02	1.615745E-01
5.447055E+03	-1.645578E+01	4.729553E-02	1.615742E-01
5.447255E+03	-1.645599E+01	4.724796E-02	1.615739E-01
5.447454E+03	-1.645619E+01	4.723779E-02	1.615736E-01
5.447654E+03	-1.645627E+01	4.712554E-02	1.615732E-01
5.447854E+03	-1.645641E+01	4.697406E-02	1.615729E-01
5.448054E+03	-1.645661E+01	4.699155E-02	1.615726E-01
5.448254E+03	-1.645673E+01	4.685761E-02	1.615723E-01
5.448454E+03	-1.645675E+01	4.680421E-02	1.615719E-01
5.448654E+03	-1.645673E+01	4.675843E-02	1.615716E-01
5.448854E+03	-1.645689E+01	4.677552E-02	1.615713E-01
5.449054E+03	-1.645727E+01	4.680028E-02	1.615710E-01
5.449254E+03	-1.645755E+01	4.662554E-02	1.615706E-01
5.449454E+03	-1.645757E+01	4.657796E-02	1.615703E-01
5.449654E+03	-1.645737E+01	4.663614E-02	1.615700E-01
5.449855E+03	-1.645729E+01	4.659583E-02	1.615697E-01
5.450055E+03	-1.645743E+01	4.667234E-02	1.615693E-01
5.450255E+03	-1.645745E+01	4.705800E-02	1.615690E-01
5.450455E+03	-1.645731E+01	4.715417E-02	1.615687E-01
5.450655E+03	-1.645721E+01	4.722483E-02	1.615684E-01
5.450855E+03	-1.645731E+01	4.723563E-02	1.615680E-01
5.451055E+03	-1.645735E+01	4.723796E-02	1.615677E-01
5.451255E+03	-1.645729E+01	4.724141E-02	1.615674E-01
5.451455E+03	-1.645727E+01	4.722734E-02	1.615671E-01
5.451655E+03	-1.645723E+01	4.724486E-02	1.615667E-01
5.451855E+03	-1.645717E+01	4.761570E-02	1.615664E-01
5.452055E+03	-1.645715E+01	4.761353E-02	1.615661E-01
5.452255E+03	-1.645721E+01	4.761609E-02	1.615658E-01
5.452455E+03	-1.645739E+01	4.746084E-02	1.615654E-01
5.452655E+03	-1.645741E+01	4.697222E-02	1.615651E-01
5.452855E+03	-1.645717E+01	4.694049E-02	1.615648E-01
5.453055E+03	-1.645704E+01	4.679644E-02	1.615645E-01
5.453255E+03	-1.645694E+01	4.674606E-02	1.615641E-01
5.453455E+03	-1.645696E+01	4.660528E-02	1.615638E-01
5.453655E+03	-1.645700E+01	4.668298E-02	1.615635E-01
5.453855E+03	-1.645696E+01	4.664100E-02	1.615631E-01
5.454055E+03	-1.645704E+01	4.665350E-02	1.615628E-01
5.454255E+03	-1.645718E+01	4.646388E-02	1.615625E-01
5.454455E+03	-1.645726E+01	4.650615E-02	1.615622E-01
5.454655E+03	-1.645726E+01	4.634724E-02	1.615618E-01
5.454855E+03	-1.645724E+01	4.604919E-02	1.615615E-01
5.455056E+03	-1.645738E+01	4.636592E-02	1.615612E-01
5.455256E+03	-1.645756E+01	4.640292E-02	1.615609E-01
5.455456E+03	-1.645754E+01	4.641273E-02	1.615605E-01
5.455656E+03	-1.645754E+01	4.687979E-02	1.615602E-01
5.455856E+03	-1.645783E+01	4.768967E-02	1.615599E-01
5.456056E+03	-1.645805E+01	4.809377E-02	1.615596E-01
5.456256E+03	-1.645809E+01	4.810813E-02	1.615592E-01
5.456456E+03	-1.645813E+01	4.784782E-02	1.615589E-01
5.456656E+03	-1.645811E+01	4.757099E-02	1.615586E-01
5.456856E+03	-1.645823E+01	4.775329E-02	1.615583E-01
5.457056E+03	-1.645845E+01	4.777937E-02	1.615579E-01
5.457256E+03	-1.645845E+01	4.779331E-02	1.615576E-01
5.457456E+03	-1.645839E+01	4.778873E-02	1.615573E-01
5.457656E+03	-1.645857E+01	4.781045E-02	1.615570E-01
5.457856E+03	-1.645865E+01	4.770963E-02	1.615566E-01
5.458056E+03	-1.645850E+01	4.777777E-02	1.615563E-01
5.458256E+03	-1.645852E+01	4.810666E-02	1.615560E-01
5.458456E+03	-1.645868E+01	4.790111E-02	1.615557E-01
5.458656E+03	-1.645878E+01	4.749155E-02	1.615553E-01
5.458855E+03	-1.645882E+01	4.725671E-02	1.615550E-01
5.459056E+03	-1.645894E+01	4.718599E-02	1.615547E-01
5.459256E+03	-1.645921E+01	4.713053E-02	1.615544E-01
5.459456E+03	-1.645961E+01	4.717187E-02	1.615540E-01
5.459655E+03	-1.645977E+01	4.703344E-02	1.615537E-01
5.459855E+03	-1.645974E+01	4.704309E-02	1.615534E-01
5.460056E+03	-1.645960E+01	4.747724E-02	1.615531E-01
5.460256E+03	-1.645944E+01	4.747176E-02	1.615527E-01
5.460456E+03	-1.645936E+01	4.742911E-02	1.615524E-01
5.460656E+03	-1.645936E+01	4.740915E-02	1.615521E-01
5.460856E+03	-1.645952E+01	4.745054E-02	1.615518E-01
5.461056E+03	-1.645982E+01	4.821854E-02	1.615514E-01
5.461256E+03	-1.646012E+01	4.892362E-02	1.615511E-01
5.461456E+03	-1.646036E+01	4.903867E-02	1.615508E-01
5.461656E+03	-1.646070E+01	4.907709E-02	1.615505E-01
5.461856E+03	-1.646110E+01	4.884585E-02	1.615501E-01
5.462056E+03	-1.646122E+01	4.877919E-02	1.615498E-01
5.462256E+03	-1.646108E+01	4.876344E-02	1.615495E-01
5.462456E+03	-1.646100E+01	4.883860E-02	1.615492E-01
5.462656E+03	-1.646116E+01	4.889670E-02	1.615488E-01
5.462856E+03	-1.646138E+01	4.884334E-02	1.615485E-01
5.463056E+03	-1.646160E+01	4.878991E-02	1.615482E-01
5.463256E+03	-1.646180E+01	4.801766E-02	1.615479E-01
5.463456E+03	-1.646192E+01	4.703519E-02	1.615475E-01
5.463656E+03	-1.646210E+01	4.702062E-02	1.615472E-01
5.463856E+03	-1.646229E+01	4.707636E-02	1.615469E-01
5.464056E+03	-1.646233E+01	4.721938E-02	1.615466E-01
5.464256E+03	-1.646231E+01	4.642950E-02	1.615462E-01
5.464456E+03	-1.646227E+01	4.643927E-02	1.615459E-01
5.464656E+03	-1.646225E+01	4.636078E-02	1.615456E-01
5.464856E+03	-1.646233E+01	4.675318E-02	1.615453E-01
5.465056E+03	-1.646247E+01	4.681858E-02	1.615449E-01
5.465256E+03	-1.646261E+01	4.685385E-02	1.615446E-01
5.465457E+03	-1.646275E+01	4.686703E-02	1.615443E-01
5.465657E+03	-1.646277E+01	4.693156E-02	1.615440E-01
5.465857E+03	-1.646263E+01	4.655641E-02	1.615436E-01
5.466057E+03	-1.646259E+01	4.703667E-02	1.615433E-01
5.466257E+03	-1.646263E+01	4.760207E-02	1.615430E-01
5.466457E+03	-1.646269E+01	4.766097E-02	1.615427E-01
5.466657E+03	-1.646281E+01	4.764404E-02	1.615423E-01
5.466857E+03	-1.646303E+01	4.753750E-02	1.615420E-01
5.467057E+03	-1.646330E+01	4.762457E-02	1.615417E-01
5.467257E+03	-1.646342E+01	4.749277E-02	1.615414E-01
5.467457E+03	-1.646350E+01	4.705629E-02	1.615410E-01
5.467657E+03	-1.646368E+01	4.667683E-02	1.615407E-01
5.467857E+03	-1.646394E+01	4.652551E-02	1.615404E-01
5.468057E+03	-1.646421E+01	4.647086E-02	1.615401E-01
5.468257E+03	-1.646451E+01	4.642452E-02	1.615397E-01
5.468457E+03	-1.646485E+01	4.695239E-02	1.615394E-01
5.468657E+03	-1.646508E+01	4.734448E-02	1.615391E-01
5.468857E+03	-1.646520E+01	4.735973E-02	1.615388E-01
5.469057E+03	-1.646534E+01	4.741767E-02	1.615384E-01
5.469257E+03	-1.646548E+01	4.747161E-02	1.615381E-01
5.469457E+03	-1.646552E+01	4.740112E-02	1.615378E-01
5.469657E+03	-1.646556E+01	4.743186E-02	1.615375E-01
5.469857E+03	-1.646572E+01	4.753057E-02	1.615371E-01
5.470057E+03	-1.646585E+01	4.798957E-02	1.615368E-01
5.470257E+03	-1.646585E+01	4.830358E-02	1.615365E-01
5.470457E+03	-1.646569E+01	4.833414E-02	1.615362E-01
5.470658E+03	-1.646538E+01	4.849463E-02	1.615358E-01
5.470858E+03	-1.646518E+01	4.881185E-02	1.615355E-01
5.471058E+03	-1.646520E+01	4.878176E-02	1.615352E-01
5.471257E+03	-1.646542E+01	4.851129E-02	1.615349E-01
5.471458E+03	-1.646571E+01	4.835867E-02	1.615345E-01
5.471658E+03	-1.646595E+01	4.858029E-02	1.615342E-01
5.471858E+03	-1.646615E+01	4.923343E-02	1.615339E-01
5.472057E+03	-1.646632E+01	4.934307E-02	1.615336E-01
5.472257E+03	-1.646628E+01	4.929994E-02	1.615333E-01
5.472457E+03	-1.646609E+01	4.930153E-02	1.615329E-01
5.472657E+03	-1.646607E+01	4.956881E-02	1.615326E-01
5.472857E+03	-1.646630E+01	4.960846E-02	1.615323E-01
5.473057E+03	-1.646656E+01	4.959191E-02	1.615320E-01
5.473257E+03	-1.646656E+01	4.962236E-02	1.615316E-01
5.473457E+03	-1.646640E+01	4.962816E-02	1.615313E-01
5.473657E+03	-1.646614E+01	4.981698E-02	1.615310E-01
5.473857E+03	-1.646597E+01	4.980446E-02	1.615307E-01
5.474057E+03	-1.646597E+01	5.023203E-02	1.615303E-01
5.474257E+03	-1.646593E+01	5.091624E-02	1.615300E-01
5.474457E+03	-1.646585E+01	5.090876E-02	1.615297E-01
5.474657E+03	-1.646573E+01	5.098970E-02	1.615294E-01
5.474857E+03	-1.646565E+01	5.103485E-02	1.615290E-01
5.475057E+03	-1.646547E+01	5.103369E-02	1.615287E-01
5.475257E+03	-1.646523E+01	5.115486E-02	1.615284E-01
5.475457E+03	-1.646529E+01	5.135422E-02	1.615281E-01
5.475657E+03	-1.646551E+01	5.157689E-02	1.615277E-01
5.475857E+03	-1.646565E+01	5.144185E-02	1.615274E-01
5.476058E+03	-1.646559E+01	5.130103E-02	1.615271E-01
5.476258E+03	-1.646549E+01	5.121217E-02	1.615268E-01
5.476458E+03	-1.646559E+01	5.125649E-02	1.615264E-01
5.476658E+03	-1.646574E+01	5.111930E-02	1.615261E-01
5.476858E+03	-1.646576E+01	5.126954E-02	1.615258E-01
5.477058E+03	-1.646582E+01	5.130509E-02	1.615255E-01
5.477258E+03	-1.646602E+01	5.142834E-02	1.615251E-01
5.477458E+03	-1.646641E+01	5.146383E-02	1.615248E-01
5.477658E+03	-1.646679E+01	5.152172E-02	1.615245E-01
5.477858E+03	-1.646697E+01	5.156371E-02	1.615242E-01
5.478058E+03	-1.646710E+01	5.153552E-02	1.615239E-01
5.478258E+03	-1.646722E+01	5.162111E-02	1.615235E-01
5.478458E+03	-1.646732E+01	5.144821E-02	1.615232E-01
5.478658E+03	-1.646738E+01	5.104682E-02	1.615229E-01
5.478858E+03	-1.646738E+01	5.090859E-02	1.615226E-01
5.479058E+03	-1.646734E+01	5.092212E-02	1.615222E-01
5.479258E+03	-1.646744E+01	5.089946E-02	1.615219E-01
5.479458E+03	-1.646769E+01	5.094640E-02	1.615216E-01
5.479658E+03	-1.646810E+01	5.097788E-02	1.615213E-01
5.479858E+03	-1.646836E+01	5.102936E-02	1.615209E-01
5.480058E+03	-1.646832E+01	5.114273E-02	1.615206E-01
5.480258E+03	-1.646832E+01	5.115291E-02	1.615203E-01
5.480458E+03	-1.646838E+01	5.139443E-02	1.615200E-01
5.480658E+03	-1.646846E+01	5.156712E-02	1.615196E-01
5.480858E+03	-1.646855E+01	5.157476E-02	1.615193E-01
5.481058E+03	-1.646869E+01	5.152239E-02	1.615190E-01
5.481259E+03	-1.646873E+01	5.168018E-02	1.615187E-01
5.481459E+03	-1.646875E+01	5.217203E-02	1.615183E-01
5.481659E+03	-1.646885E+01	5.276155E-02	1.615180E-01
5.481859E+03	-1.646904E+01	5.263489E-02	1.615177E-01
5.482059E+03	-1.646920E+01	5.259957E-02	1.615174E-01
5.482259E+03	-1.646936E+01	5.392023E-02	1.615170E-01
5.482459E+03	-1.646947E+01	5.462539E-02	1.615167E-01
5.482659E+03	-1.646939E+01	5.474785E-02	1.615164E-01
5.482859E+03	-1.646955E+01	5.476845E-02	1.615161E-01
5.483059E+03	-1.646996E+01	5.530472E-02	1.615158E-01
5.483259E+03	-1.647037E+01	5.653381E-02	1.615154E-01
5.483459E+03	-1.647061E+01	5.656990E-02	1.615151E-01
5.483658E+03	-1.647084E+01	5.574887E-02	1.615148E-01
5.483859E+03	-1.647113E+01	5.585543E-02	1.615145E-01
5.484059E+03	-1.647119E+01	5.591052E-02	1.615141E-01
5.484258E+03	-1.647113E+01	5.604202E-02	1.615138E-01
5.484458E+03	-1.647125E+01	5.613380E-02	1.615135E-01
5.484658E+03	-1.647156E+01	5.627005E-02	1.615132E-01
5.484858E+03	-1.647166E+01	5.623614E-02	1.615128E-01
5.485058E+03	-1.647164E+01	5.624785E-02	1.615125E-01
5.485258E+03	-1.647175E+01	5.624677E-02	1.615122E-01
5.485458E+03	-1.647203E+01	5.635801E-02	1.615119E-01
5.485658E+03	-1.647234E+01	5.643712E-02	1.615115E-01
5.485858E+03	-1.647240E+01	5.642661E-02	1.615112E-01
5.486058E+03	-1.647253E+01	5.653934E-02	1.615109E-01
5.486258E+03	-1.647267E+01	5.711164E-02	1.615106E-01
5.486459E+03	-1.647251E+01	5.836328E-02	1.615103E-01
5.486659E+03	-1.647243E+01	5.854349E-02	1.615099E-01
5.486859E+03	-1.647288E+01	5.843160E-02	1.615096E-01
5.487059E+03	-1.647358E+01	5.850118E-02	1.615093E-01
5.487259E+03	-1.647405E+01	5.849702E-02	1.615090E-01
5.487459E+03	-1.647416E+01	5.850473E-02	1.615086E-01
5.487659E+03	-1.647426E+01	5.851658E-02	1.615083E-01
5.487859E+03	-1.647432E+01	5.846709E-02	1.615080E-01
5.488059E+03	-1.647434E+01	5.811457E-02	1.615077E-01
5.488259E+03	-1.647441E+01	5.861251E-02	1.615073E-01
5.488459E+03	-1.647441E+01	5.868895E-02	1.615070E-01
5.488659E+03	-1.647449E+01	5.904935E-02	1.615067E-01
5.488859E+03	-1.647476E+01	6.008665E-02	1.615064E-01
5.489059E+03	-1.647515E+01	6.024244E-02	1.615060E-01
5.489259E+03	-1.647551E+01	6.049840E-02	1.615057E-01
5.489459E+03	-1.647582E+01	6.087542E-02	1.615054E-01
5.489659E+03	-1.647611E+01	6.086015E-02	1.615051E-01
5.489859E+03	-1.647652E+01	6.086019E-02	1.615048E-01
5.490059E+03	-1.647683E+01	6.087270E-02	1.615044E-01
5.490259E+03	-1.647717E+01	6.089229E-02	1.615041E-01
5.490459E+03	-1.647765E+01	6.102809E-02	1.615038E-01
5.490659E+03	-1.647815E+01	6.107755E-02	1.615035E-01
5.490859E+03	-1.647858E+01	6.113915E-02	1.615031E-01
5.491059E+03	-1.647909E+01	6.124729E-02	1.615028E-01
5.491259E+03	-1.647896E+01	6.125679E-02	1.615025E-01
5.491459E+03	-1.647871E+01	6.150941E-02	1.615022E-01
5.491660E+03	-1.647873E+01	6.211124E-02	1.615018E-01
5.491860E+03	-1.647886E+01	6.221680E-02	1.615015E-01
5.492060E+03	-1.647890E+01	6.225827E-02	1.615012E-01
5.492260E+03	-1.647888E+01	6.222397E-02	1.615009E-01
5.492460E+03	-1.647898E+01	6.226606E-02	1.615005E-01
5.492660E+03	-1.647919E+01	6.231272E-02	1.615002E-01
5.492860E+03	-1.647921E+01	6.232407E-02	1.614999E-01
5.493060E+03	-1.647917E+01	6.232016E-02	1.614996E-01
5.493260E+03	-1.647919E+01	6.231481E-02	1.614993E-01
5.493460E+03	-1.647930E+01	6.247188E-02	1.614989E-01
5.493660E+03	-1.647936E+01	6.284241E-02	1.614986E-01
5.493860E+03	-1.647934E+01	6.295639E-02	1.614983E-01
5.494060E+03	-1.647928E+01	6.289926E-02	1.614980E-01
5.494260E+03	-1.647915E+01	6.261585E-02	1.614976E-01
5.494460E+03	-1.647892E+01	6.250552E-02	1.614973E-01
5.494660E+03	-1.647853E+01	6.240885E-02	1.614970E-01
5.494860E+03	-1.647819E+01	6.229425E-02	1.614967E-01
5.495060E+03	-1.647815E+01	6.231328E-02	1.614963E-01
5.495260E+03	-1.647840E+01	6.276827E-02	1.614960E-01
5.495460E+03	-1.647847E+01	6.317978E-02	1.614957E-01
5.495660E+03	-1.647826E+01	6.314321E-02	1.614954E-01
5.495859E+03	-1.647807E+01	6.272840E-02	1.614951E-01
5.496060E+03	-1.647803E+01	6.269530E-02	1.614947E-01
5.496260E+03	-1.647807E+01	6.270340E-02	1.614944E-01
5.496459E+03	-1.647830E+01	6.272819E-02	1.614941E-01
5.496659E+03	-1.647855E+01	6.275808E-02	1.614938E-01
5.496860E+03	-1.647845E+01	6.274719E-02	1.614934E-01
5.497060E+03	-1.647824E+01	6.276501E-02	1.614931E-01
5.497260E+03	-1.647826E+01	6.288892E-02	1.614928E-01
5.497460E+03	-1.647828E+01	6.298573E-02	1.614925E-01
5.497660E+03	-1.647816E+01	6.350941E-02	1.614921E-01
5.497860E+03	-1.647812E+01	6.357413E-02	1.614918E-01
5.498060E+03	-1.647812E+01	6.355538E-02	1.614915E-01
5.498260E+03	-1.647807E+01	6.353261E-02	1.614912E-01
5.498460E+03	-1.647795E+01	6.346018E-02	1.614909E-01
5.498660E+03	-1.647791E+01	6.342078E-02	1.614905E-01
5.498860E+03	-1.647801E+01	6.332140E-02	1.614902E-01
5.499060E+03	-1.647806E+01	6.320039E-02	1.614899E-01
5.499260E+03	-1.647791E+01	6.312920E-02	1.614896E-01
5.499460E+03	-1.647776E+01	6.307679E-02	1.614892E-01
5.499660E+03	-1.647762E+01	6.284750E-02	1.614889E-01
5.499860E+03	-1.647741E+01	6.229735E-02	1.614886E-01
5.500060E+03	-1.647735E+01	6.189113E-02	1.614883E-01
5.500260E+03	-1.647737E+01	6.202304E-02	1.614880E-01
5.500460E+03	-1.647752E+01	6.229561E-02	1.614876E-01
5.500660E+03	-1.647785E+01	6.259121E-02	1.614873E-01
5.500860E+03	-1.647837E+01	6.303118E-02	1.614870E-01
5.501060E+03	-1.647866E+01	6.345953E-02	1.614867E-01
5.501260E+03	-1.647850E+01	6.345809E-02	1.614863E-01
5.501460E+03	-1.647831E+01	6.358286E-02	1.614860E-01
5.501660E+03	-1.647841E+01	6.357727E-02	1.614857E-01
5.501860E+03	-1.647862E+01	6.360989E-02	1.614854E-01
5.502061E+03	-1.647860E+01	6.352132E-02	1.614850E-01
5.502261E+03	-1.647829E+01	6.329007E-02	1.614847E-01
5.502461E+03	-1.647806E+01	6.403164E-02	1.614844E-01
5.502661E+03	-1.647806E+01	6.455874E-02	1.614841E-01
5.502861E+03	-1.647817E+01	6.456800E-02	1.614838E-01
5.503061E+03	-1.647817E+01	6.484098E-02	1.614834E-01
5.503261E+03	-1.647798E+01	6.485046E-02	1.614831E-01
5.503461E+03	-1.647794E+01	6.489632E-02	1.614828E-01
5.503661E+03	-1.647810E+01	6.492331E-02	1.614825E-01
5.503861E+03	-1.647842E+01	6.532245E-02	1.614821E-01
5.504061E+03	-1.647886E+01	6.545934E-02	1.614818E-01
5.504261E+03	-1.647902E+01	6.583110E-02	1.614815E-01
5.504461E+03	-1.647898E+01	6.616300E-02	1.614812E-01
5.504661E+03	-1.647900E+01	6.641881E-02	1.614809E-01
5.504861E+03	-1.647917E+01	6.652791E-02	1.614805E-01
5.505061E+03	-1.647936E+01	6.600089E-02	1.614802E-01
5.505261E+03	-1.647953E+01	6.569811E-02	1.614799E-01
5.505461E+03	-1.647976E+01	6.580612E-02	1.614796E-01
5.505661E+03	-1.647999E+01	6.588703E-02	1.614792E-01
5.505861E+03	-1.648013E+01	6.591135E-02	1.614789E-01
5.506061E+03	-1.648030E+01	6.595774E-02	1.614786E-01
5.506261E+03	-1.648060E+01	6.600439E-02	1.614783E-01
5.506461E+03	-1.648078E+01	6.587373E-02	1.614780E-01
5.506661E+03	-1.648081E+01	6.649538E-02	1.614776E-01
5.506861E+03	-1.648089E+01	6.676826E-02	1.614773E-01
5.507061E+03	-1.648118E+01	6.683650E-02	1.614770E-01
5.507262E+03	-1.648150E+01	6.700885E-02	1.614767E-01
5.507462E+03	-1.648160E+01	6.742412E-02	1.614763E-01
5.507662E+03	-1.648167E+01	6.760196E-02	1.614760E-01
5.507862E+03	-1.648167E+01	6.756415E-02	1.614757E-01
5.508062E+03	-1.648169E+01	6.722289E-02	1.614754E-01
5.508261E+03	-1.648184E+01	6.732130E-02	1.614751E-01
5.508462E+03	-1.648167E+01	6.717343E-02	1.614747E-01
5.508662E+03	-1.648131E+01	6.717910E-02	1.614744E-01
5.508861E+03	-1.648112E+01	6.685828E-02	1.614741E-01
5.509061E+03	-1.648096E+01	6.676742E-02	1.614738E-01
5.509261E+03	-1.648077E+01	6.669859E-02	1.614734E-01
5.509461E+03	-1.648066E+01	6.687741E-02	1.614731E-01
5.509661E+03	-1.648056E+01	6.704148E-02	1.614728E-01
5.509861E+03	-1.648033E+01	6.711064E-02	1.614725E-01
5.510061E+03	-1.648006E+01	6.666046E-02	1.614722E-01
5.510261E+03	-1.647999E+01	6.607118E-02	1.614718E-01
5.510461E+03	-1.648022E+01	6.616692E-02	1.614715E-01
5.510661E+03	-1.648035E+01	6.647303E-02	1.614712E-01
5.510861E+03	-1.648012E+01	6.659683E-02	1.614709E-01
5.511061E+03	-1.647995E+01	6.701683E-02	1.614705E-01
5.511261E+03	-1.648010E+01	6.706039E-02	1.614702E-01
5.511461E+03	-1.648021E+01	6.713517E-02	1.614699E-01
5.511661E+03	-1.648018E+01	6.723660E-02	1.614696E-01
5.511861E+03	-1.648019E+01	6.724497E-02	1.614693E-01
5.512061E+03	-1.648019E+01	6.710890E-02	1.614689E-01
5.512261E+03	-1.648023E+01	6.697718E-02	1.614686E-01
5.512462E+03	-1.648025E+01	6.668104E-02	1.614683E-01
5.512662E+03	-1.648012E+01	6.652776E-02	1.614680E-01
5.512862E+03	-1.647971E+01	6.684429E-02	1.614676E-01
5.513062E+03	-1.647929E+01	6.737958E-02	1.614673E-01
5.513262E+03	-1.647895E+01	6.757827E-02	1.614670E-01
5.513462E+03	-1.647856E+01	6.761671E-02	1.614667E-01
5.513662E+03	-1.647829E+01	6.755994E-02	1.614664E-01
5.513862E+03	-1.647835E+01	6.753423E-02	1.614660E-01
5.514062E+03	-1.647856E+01	6.726842E-02	1.614657E-01
5.514262E+03	-1.647879E+01	6.737491E-02	1.614654E-01
5.514462E+03	-1.647866E+01	6.754743E-02	1.614651E-01
5.514662E+03	-1.647837E+01	6.739779E-02	1.614647E-01
5.514862E+03	-1.647808E+01	6.710458E-02	1.614644E-01
5.515062E+03	-1.647789E+01	6.703190E-02	1.614641E-01
5.515262E+03	-1.647802E+01	6.729282E-02	1.614638E-01
5.515462E+03	-1.647825E+01	6.741383E-02	1.614635E-01
5.515662E+03	-1.647823E+01	6.722928E-02	1.614631E-01
5.515862E+03	-1.647804E+01	6.663778E-02	1.614628E-01
5.516062E+03	-1.647792E+01	6.650406E-02	1.614625E-01
5.516262E+03	-1.647783E+01	6.656627E-02	1.614622E-01
5.516462E+03	-1.647765E+01	6.631487E-02	1.614618E-01
5.516662E+03	-1.647752E+01	6.632494E-02	1.614615E-01
5.516862E+03	-1.647754E+01	6.630315E-02	1.614612E-01
5.517062E+03	-1.647742E+01	6.627994E-02	1.614609E-01
5.517262E+03	-1.647719E+01	6.630740E-02	1.614606E-01
5.517462E+03	-1.647715E+01	6.619297E-02	1.614602E-01
5.517663E+03	-1.647734E+01	6.602391E-02	1.614599E-01
5.517863E+03	-1.647734E+01	6.629428E-02	1.614596E-01
5.518063E+03	-1.647719E+01	6.604753E-02	1.614593E-01
5.518263E+03	-1.647698E+01	6.533225E-02	1.614590E-01
5.518463E+03	-1.647659E+01	6.526459E-02	1.614586E-01
5.518663E+03	-1.647601E+01	6.487876E-02	1.614583E-01
5.518863E+03	-1.647578E+01	6.480949E-02	1.614580E-01
5.519063E+03	-1.647591E+01	6.510166E-02	1.614577E-01
5.519263E+03	-1.647597E+01	6.517525E-02	1.614573E-01
5.519463E+03	-1.647609E+01	6.522922E-02	1.614570E-01
5.519663E+03	-1.647599E+01	6.508922E-02	1.614567E-01
5.519863E+03	-1.647576E+01	6.511100E-02	1.614564E-01
5.520063E+03	-1.647558E+01	6.511412E-02	1.614561E-01
5.520263E+03	-1.647541E+01	6.512036E-02	1.614557E-01
5.520462E+03	-1.647558E+01	6.504370E-02	1.614554E-01
5.520663E+03	-1.647593E+01	6.507575E-02	1.614551E-01
5.520863E+03	-1.647614E+01	6.501353E-02	1.614548E-01
5.521062E+03	-1.647612E+01	6.500006E-02	1.614545E-01
5.521262E+03	-1.647607E+01	6.489220E-02	1.614541E-01
5.521462E+03	-1.647599E+01	6.487359E-02	1.614538E-01
5.521662E+03	-1.647589E+01	6.486019E-02	1.614535E-01
5.521862E+03	-1.647612E+01	6.492746E-02	1.614532E-01
5.522062E+03	-1.647653E+01	6.496254E-02	1.614528E-01
5.522262E+03	-1.647670E+01	6.486070E-02	1.614525E-01
5.522462E+03	-1.647653E+01	6.482137E-02	1.614522E-01
5.522662E+03	-1.647626E+01	6.479564E-02	1.614519E-01
5.522863E+03	-1.647606E+01	6.527065E-02	1.614516E-01
5.523063E+03	-1.647599E+01	6.549766E-02	1.614512E-01
5.523263E+03	-1.647583E+01	6.546436E-02	1.614509E-01
5.523463E+03	-1.647566E+01	6.532957E-02	1.614506E-01
5.523663E+03	-1.647560E+01	6.555431E-02	1.614503E-01
5.523863E+03	-1.647552E+01	6.564742E-02	1.614500E-01
5.524063E+03	-1.647542E+01	6.562142E-02	1.614496E-01
5.524263E+03	-1.647544E+01	6.572809E-02	1.614493E-01
5.524463E+03	-1.647567E+01	6.560305E-02	1.614490E-01
5.524663E+03	-1.647596E+01	6.546238E-02	1.614487E-01
5.524863E+03	-1.647608E+01	6.547492E-02	1.614483E-01
5.525063E+03	-1.647621E+01	6.554556E-02	1.614480E-01
5.525263E+03	-1.647621E+01	6.548334E-02	1.614477E-01
5.525463E+03	-1.647635E+01	6.504874E-02	1.614474E-01
5.525663E+03	-1.647673E+01	6.454815E-02	1.614471E-01
5.525863E+03	-1.647673E+01	6.457099E-02	1.614467E-01
5.526063E+03	-1.647646E+01	6.455993E-02	1.614464E-01
5.526263E+03	-1.647656E+01	6.446327E-02	1.614461E-01
5.526463E+03	-1.647668E+01	6.467696E-02	1.614458E-01
5.526663E+03	-1.647625E+01	6.473654E-02	1.614455E-01
5.526863E+03	-1.647565E+01	6.472363E-02	1.614451E-01
5.527063E+03	-1.647538E+01	6.415558E-02	1.614448E-01
5.527263E+03	-1.647548E+01	6.284141E-02	1.614445E-01
5.527463E+03	-1.647567E+01	6.266122E-02	1.614442E-01
5.527663E+03	-1.647540E+01	6.274453E-02	1.614438E-01
5.527863E+03	-1.647491E+01	6.311746E-02	1.614435E-01
5.528064E+03	-1.647476E+01	6.355334E-02	1.614432E-01
5.528264E+03	-1.647468E+01	6.348128E-02	1.614429E-01
5.528464E+03	-1.647458E+01	6.348891E-02	1.614426E-01
5.528664E+03	-1.647458E+01	6.358811E-02	1.614422E-01
5.528864E+03	-1.647470E+01	6.360214E-02	1.614419E-01
5.529064E+03	-1.647489E+01	6.365420E-02	1.614416E-01
5.529264E+03	-1.647476E+01	6.367323E-02	1.614413E-01
5.529464E+03	-1.647429E+01	6.350862E-02	1.614410E-01
5.529664E+03	-1.647390E+01	6.339142E-02	1.614406E-01
5.529864E+03	-1.647363E+01	6.334405E-02	1.614403E-01
5.530064E+03	-1.647363E+01	6.327189E-02	1.614400E-01
5.530264E+03	-1.647392E+01	6.284559E-02	1.614397E-01
5.530464E+03	-1.647392E+01	6.172724E-02	1.614394E-01
5.530664E+03	-1.647355E+01	6.142093E-02	1.614390E-01
5.530864E+03	-1.647336E+01	6.140501E-02	1.614387E-01
5.531064E+03	-1.647332E+01	6.149398E-02	1.614384E-01
5.531264E+03	-1.647320E+01	6.168247E-02	1.614381E-01
5.531464E+03	-1.647295E+01	6.175031E-02	1.614377E-01
5.531664E+03	-1.647283E+01	6.172658E-02	1.614374E-01
5.531864E+03	-1.647301E+01	6.230681E-02	1.614371E-01
5.532064E+03	-1.647312E+01	6.333487E-02	1.614368E-01
5.532264E+03	-1.647316E+01	6.320081E-02	1.614365E-01
5.532464E+03	-1.647320E+01	6.313266E-02	1.614361E-01
5.532664E+03	-1.647318E+01	6.287217E-02	1.614358E-01
5.532864E+03	-1.647343E+01	6.196404E-02	1.614355E-01
5.533064E+03	-1.647380E+01	6.214902E-02	1.614352E-01
5.533265E+03	-1.647413E+01	6.230573E-02	1.614349E-01
5.533465E+03	-1.647446E+01	6.210731E-02	1.614345E-01
5.533664E+03	-1.647467E+01	6.216373E-02	1.614342E-01
5.533864E+03	-1.647504E+01	6.233079E-02	1.614339E-01
5.534064E+03	-1.647558E+01	6.248472E-02	1.614336E-01
5.534264E+03	-1.647605E+01	6.259479E-02	1.614333E-01
5.534464E+03	-1.647634E+01	6.276533E-02	1.614329E-01
5.534664E+03	-1.647632E+01	6.332666E-02	1.614326E-01
5.534864E+03	-1.647601E+01	6.361510E-02	1.614323E-01
5.535064E+03	-1.647577E+01	6.364913E-02	1.614320E-01
5.535264E+03	-1.647587E+01	6.366017E-02	1.614317E-01
5.535464E+03	-1.647601E+01	6.343472E-02	1.614313E-01
5.535664E+03	-1.647595E+01	6.294885E-02	1.614310E-01
5.535864E+03	-1.647599E+01	6.305229E-02	1.614307E-01
5.536064E+03	-1.647604E+01	6.301270E-02	1.614304E-01
5.536264E+03	-1.647597E+01	6.301197E-02	1.614300E-01
5.536464E+03	-1.647602E+01	6.298275E-02	1.614297E-01
5.536664E+03	-1.647627E+01	6.317654E-02	1.614294E-01
5.536864E+03	-1.647666E+01	6.391497E-02	1.614291E-01
5.537064E+03	-1.647679E+01	6.427393E-02	1.614288E-01
5.537264E+03	-1.647647E+01	6.425899E-02	1.614284E-01
5.537464E+03	-1.647604E+01	6.404526E-02	1.614281E-01
5.537664E+03	-1.647581E+01	6.368214E-02	1.614278E-01
5.537864E+03	-1.647583E+01	6.377223E-02	1.614275E-01
5.538064E+03	-1.647604E+01	6.387731E-02	1.614272E-01
5.538264E+03	-1.647643E+01	6.393118E-02	1.614268E-01
5.538465E+03	-1.647675E+01	6.400195E-02	1.614265E-01
5.538665E+03	-1.647687E+01	6.417820E-02	1.614262E-01
5.538865E+03	-1.647702E+01	6.427034E-02	1.614259E-01
5.539065E+03	-1.647716E+01	6.433554E-02	1.614256E-01
5.539265E+03	-1.647737E+01	6.422076E-02	1.614252E-01
5.539465E+03	-1.647747E+01	6.380345E-02	1.614249E-01
5.539665E+03	-1.647723E+01	6.408904E-02	1.614246E-01
5.539865E+03	-1.647718E+01	6.479389E-02	1.614243E-01
5.540065E+03	-1.647754E+01	6.509631E-02	1.614240E-01
5.540265E+03	-1.647793E+01	6.522433E-02	1.614236E-01
5.540465E+03	-1.647829E+01	6.569856E-02	1.614233E-01
5.540665E+03	-1.647864E+01	6.650520E-02	1.614230E-01
5.540865E+03	-1.647914E+01	6.692233E-02	1.614227E-01
5.541065E+03	-1.647963E+01	6.707167E-02	1.614224E-01
5.541265E+03	-1.647971E+01	6.739822E-02	1.614220E-01
5.541465E+03	-1.647942E+01	6.787523E-02	1.614217E-01
5.541665E+03	-1.647944E+01	6.733517E-02	1.614214E-01
5.541865E+03	-1.647992E+01	6.733028E-02	1.614211E-01
5.542065E+03	-1.648005E+01	6.737067E-02	1.614208E-01
5.542265E+03	-1.647959E+01	6.776966E-02	1.614204E-01
5.542465E+03	-1.647908E+01	6.805061E-02	1.614201E-01
5.542665E+03	-1.647875E+01	6.799830E-02	1.614198E-01
5.542865E+03	-1.647873E+01	6.791994E-02	1.614195E-01
5.543065E+03	-1.647865E+01	6.802786E-02	1.614192E-01
5.543265E+03	-1.647850E+01	6.813220E-02	1.614188E-01
5.543465E+03	-1.647856E+01	6.813993E-02	1.614185E-01
5.543666E+03	-1.647871E+01	6.810235E-02	1.614182E-01
5.543866E+03	-1.647882E+01	6.806027E-02	1.614179E-01
5.544066E+03	-1.647894E+01	6.808615E-02	1.614176E-01
5.544266E+03	-1.647909E+01	6.798589E-02	1.614172E-01
5.544466E+03	-1.647915E+01	6.808548E-02	1.614169E-01
5.544666E+03	-1.647938E+01	6.812777E-02	1.614166E-01
5.544866E+03	-1.647969E+01	6.757271E-02	1.614163E-01
5.545065E+03	-1.647999E+01	6.720819E-02	1.614160E-01
5.545266E+03	-1.648015E+01	6.730737E-02	1.614156E-01
5.545466E+03	-1.648028E+01	6.736452E-02	1.614153E-01
5.545666E+03	-1.648022E+01	6.736106E-02	1.614150E-01
5.545865E+03	-1.647995E+01	6.742138E-02	1.614147E-01
5.546065E+03	-1.647982E+01	6.741027E-02	1.614144E-01
5.546266E+03	-1.648016E+01	6.764225E-02	1.614140E-01
5.546465E+03	-1.648060E+01	6.700892E-02	1.614137E-01
5.546665E+03	-1.648060E+01	6.640550E-02	1.614134E-01
5.546865E+03	-1.648024E+01	6.638245E-02	1.614131E-01
5.547065E+03	-1.647982E+01	6.612192E-02	1.614128E-01
5.547265E+03	-1.647964E+01	6.607238E-02	1.614124E-01
5.547465E+03	-1.647959E+01	6.602630E-02	1.614121E-01
5.547665E+03	-1.647941E+01	6.615861E-02	1.614118E-01
5.547865E+03	-1.647916E+01	6.591788E-02	1.614115E-01
5.548065E+03	-1.647897E+01	6.554912E-02	1.614112E-01
5.548265E+03	-1.647876E+01	6.518383E-02	1.614108E-01
5.548465E+03	-1.647876E+01	6.489173E-02	1.614105E-01
5.548665E+03	-1.647891E+01	6.471946E-02	1.614102E-01
5.548866E+03	-1.647887E+01	6.519949E-02	1.614099E-01
5.549066E+03	-1.647868E+01	6.536320E-02	1.614095E-01
5.549266E+03	-1.647882E+01	6.535179E-02	1.614092E-01
5.549466E+03	-1.647903E+01	6.578195E-02	1.614089E-01
5.549666E+03	-1.647891E+01	6.582352E-02	1.614086E-01
5.549866E+03	-1.647908E+01	6.595948E-02	1.614083E-01
5.550066E+03	-1.647958E+01	6.614646E-02	1.614080E-01
5.550266E+03	-1.647966E+01	6.619682E-02	1.614076E-01
5.550466E+03	-1.647924E+01	6.597859E-02	1.614073E-01
5.550666E+03	-1.647906E+01	6.505858E-02	1.614070E-01
5.550866E+03	-1.647910E+01	6.487483E-02	1.614067E-01
5.551066E+03	-1.647918E+01	6.485390E-02	1.614064E-01
5.551266E+03	-1.647943E+01	6.470537E-02	1.614060E-01
5.551466E+03	-1.647966E+01	6.440720E-02	1.614057E-01
5.551666E+03	-1.647952E+01	6.451509E-02	1.614054E-01
5.551866E+03	-1.647912E+01	6.479024E-02	1.614051E-01
5.552066E+03	-1.647889E+01	6.477269E-02	1.614048E-01
5.552266E+03	-1.647920E+01	6.476303E-02	1.614044E-01
5.552466E+03	-1.647958E+01	6.482331E-02	1.614041E-01
5.552666E+03	-1.647937E+01	6.499478E-02	1.614038E-01
5.552866E+03	-1.647918E+01	6.522770E-02	1.614035E-01
5.553066E+03	-1.647962E+01	6.559048E-02	1.614032E-01
5.553266E+03	-1.648013E+01	6.788060E-02	1.614028E-01
5.553466E+03	-1.647988E+01	6.831410E-02	1.614025E-01
5.553666E+03	-1.647904E+01	6.792388E-02	1.614022E-01
5.553866E+03	-1.647879E+01	6.778667E-02	1.614019E-01
5.554067E+03	-1.647914E+01	6.794858E-02	1.614016E-01
5.554267E+03	-1.647904E+01	6.796147E-02	1.614012E-01
5.554467E+03	-1.647871E+01	6.774861E-02	1.614009E-01
5.554667E+03	-1.647862E+01	6.735810E-02	1.614006E-01
5.554867E+03	-1.647817E+01	6.719532E-02	1.614003E-01
5.555067E+03	-1.647742E+01	6.675294E-02	1.614000E-01
5.555267E+03	-1.647702E+01	6.678160E-02	1.613996E-01
5.555467E+03	-1.647731E+01	6.691163E-02	1.613993E-01
5.555667E+03	-1.647767E+01	6.705560E-02	1.613990E-01
5.555867E+03	-1.647773E+01	6.738578E-02	1.613987E-01
5.556067E+03	-1.647786E+01	6.795688E-02	1.613984E-01
5.556267E+03	-1.647792E+01	6.863922E-02	1.613980E-01
5.556467E+03	-1.647790E+01	6.938965E-02	1.613977E-01
5.556667E+03	-1.647821E+01	7.038140E-02	1.613974E-01
5.556867E+03	-1.647867E+01	7.134645E-02	1.613971E-01
5.557067E+03	-1.647886E+01	7.223704E-02	1.613968E-01
5.557267E+03	-1.647911E+01	7.315565E-02	1.613964E-01
5.557467E+03	-1.647909E+01	7.316885E-02	1.613961E-01
5.557667E+03	-1.647877E+01	7.344367E-02	1.613958E-01
5.557867E+03	-1.647909E+01	7.351333E-02	1.613955E-01
5.558066E+03	-1.647982E+01	7.373344E-02	1.613952E-01
5.558266E+03	-1.648020E+01	7.347504E-02	1.613948E-01
5.558467E+03	-1.648013E+01	7.319444E-02	1.613945E-01
5.558666E+03	-1.647967E+01	7.316292E-02	1.613942E-01
5.558866E+03	-1.647915E+01	7.322534E-02	1.613939E-01
5.559066E+03	-1.647890E+01	7.312677E-02	1.613936E-01
5.559267E+03	-1.647884E+01	7.275524E-02	1.613932E-01
5.559467E+03	-1.647878E+01	7.263208E-02	1.613929E-01
5.559667E+03	-1.647865E+01	7.265078E-02	1.613926E-01
5.559867E+03	-1.647857E+01	7.265770E-02	1.613923E-01
5.560067E+03	-1.647859E+01	7.262155E-02	1.613920E-01
5.560267E+03	-1.647890E+01	7.251738E-02	1.613917E-01
5.560467E+03	-1.647938E+01	7.269162E-02	1.613913E-01
5.560667E+03	-1.647953E+01	7.316754E-02	1.613910E-01
5.560867E+03	-1.647905E+01	7.452713E-02	1.613907E-01
5.561067E+03	-1.647870E+01	7.509207E-02	1.613904E-01
5.561267E+03	-1.647878E+01	7.507938E-02	1.613901E-01
5.561467E+03	-1.647853E+01	7.538852E-02	1.613897E-01
5.561667E+03	-1.647855E+01	7.543592E-02	1.613894E-01
5.561867E+03	-1.647916E+01	7.534690E-02	1.613891E-01
5.562067E+03	-1.647928E+01	7.533105E-02	1.613888E-01
5.562267E+03	-1.647897E+01	7.529344E-02	1.613885E-01
5.562467E+03	-1.647866E+01	7.523503E-02	1.613882E-01
5.562667E+03	-1.647853E+01	7.600989E-02	1.613878E-01
5.562867E+03	-1.647872E+01	7.680623E-02	1.613875E-01
5.563067E+03	-1.647910E+01	7.674534E-02	1.613872E-01
5.563267E+03	-1.647926E+01	7.663283E-02	1.613869E-01
5.563467E+03	-1.647920E+01	7.653407E-02	1.613866E-01
5.563667E+03	-1.647908E+01	7.643474E-02	1.613863E-01
5.563867E+03	-1.647926E+01	7.650750E-02	1.613859E-01
5.564067E+03	-1.647987E+01	7.661226E-02	1.613856E-01
5.564267E+03	-1.648029E+01	7.667565E-02	1.613853E-01
5.564468E+03	-1.648042E+01	7.673348E-02	1.613850E-01
5.564668E+03	-1.648065E+01	7.708639E-02	1.613847E-01
5.564868E+03	-1.648079E+01	7.722353E-02	1.613844E-01
5.565068E+03	-1.648075E+01	7.728523E-02	1.613840E-01
5.565268E+03	-1.648061E+01	7.733246E-02	1.613837E-01
5.565468E+03	-1.648035E+01	7.727725E-02	1.613834E-01
5.565668E+03	-1.648036E+01	7.726888E-02	1.613831E-01
5.565868E+03	-1.648100E+01	7.737824E-02	1.613828E-01
5.566068E+03	-1.648189E+01	7.776240E-02	1.613824E-01
5.566268E+03	-1.648254E+01	7.810231E-02	1.613821E-01
5.566468E+03	-1.648250E+01	7.805687E-02	1.613818E-01
5.566668E+03	-1.648130E+01	7.791951E-02	1.613815E-01
5.566868E+03	-1.648008E+01	7.777708E-02	1.613812E-01
5.567068E+03	-1.647962E+01	7.844725E-02	1.613809E-01
5.567268E+03	-1.647948E+01	7.866534E-02	1.613805E-01
5.567468E+03	-1.647942E+01	7.882530E-02	1.613802E-01
5.567668E+03	-1.647910E+01	7.882902E-02	1.613799E-01
5.567868E+03	-1.647867E+01	7.871198E-02	1.613796E-01
5.568068E+03	-1.647858E+01	7.898881E-02	1.613793E-01
5.568268E+03	-1.647898E+01	7.899206E-02	1.613790E-01
5.568468E+03	-1.647956E+01	7.975477E-02	1.613786E-01
5.568668E+03	-1.647977E+01	8.009636E-02	1.613783E-01
5.568868E+03	-1.647948E+01	8.007793E-02	1.613780E-01
5.569068E+03	-1.647969E+01	8.028583E-02	1.613777E-01
5.569268E+03	-1.647988E+01	8.025788E-02	1.613774E-01
5.569468E+03	-1.647902E+01	8.041284E-02	1.613771E-01
5.569669E+03	-1.647852E+01	8.047449E-02	1.613767E-01
5.569868E+03	-1.647873E+01	8.046725E-02	1.613764E-01
5.570069E+03	-1.647890E+01	8.021438E-02	1.613761E-01
5.570269E+03	-1.647869E+01	7.970027E-02	1.613758E-01
5.570468E+03	-1.647832E+01	7.903748E-02	1.613755E-01
5.570668E+03	-1.647821E+01	7.888723E-02	1.613752E-01
5.570868E+03	-1.647834E+01	7.885161E-02	1.613748E-01
5.571068E+03	-1.647888E+01	7.901899E-02	1.613745E-01
5.571268E+03	-1.647936E+01	7.928606E-02	1.613742E-01
5.571468E+03	-1.647965E+01	7.943146E-02	1.613739E-01
5.571668E+03	-1.648013E+01	7.984388E-02	1.613736E-01
5.571868E+03	-1.648047E+01	7.990342E-02	1.613733E-01
5.572068E+03	-1.648074E+01	7.982570E-02	1.613729E-01
5.572268E+03	-1.648129E+01	8.025541E-02	1.613726E-01
5.572468E+03	-1.648185E+01	8.058085E-02	1.613723E-01
5.572668E+03	-1.648198E+01	8.078289E-02	1.613720E-01
5.572868E+03	-1.648217E+01	8.110193E-02	1.613717E-01
5.573068E+03	-1.648226E+01	8.135318E-02	1.613714E-01
5.573268E+03	-1.648148E+01	8.141342E-02	1.613710E-01
5.573468E+03	-1.648137E+01	8.160572E-02	1.613707E-01
5.573668E+03	-1.648169E+01	8.185394E-02	1.613704E-01
5.573868E+03	-1.648205E+01	8.209365E-02	1.613701E-01
5.574068E+03	-1.648270E+01	8.222335E-02	1.613698E-01
5.574268E+03	-1.648302E+01	8.231688E-02	1.613695E-01
5.574468E+03	-1.648327E+01	8.237114E-02	1.613691E-01
5.574668E+03	-1.648405E+01	8.241795E-02	1.613688E-01
5.574869E+03	-1.648424E+01	8.244769E-02	1.613685E-01
5.575069E+03	-1.648445E+01	8.248570E-02	1.613682E-01
5.575269E+03	-1.648517E+01	8.245520E-02	1.613679E-01
5.575469E+03	-1.648591E+01	8.253036E-02	1.613676E-01
5.575669E+03	-1.648644E+01	8.262486E-02	1.613672E-01
5.575869E+03	-1.648725E+01	8.222984E-02	1.613669E-01
5.576069E+03	-1.648687E+01	8.154527E-02	1.613666E-01
5.576269E+03	-1.648625E+01	8.164192E-02	1.613663E-01
5.576469E+03	-1.648574E+01	8.144240E-02	1.613660E-01
5.576669E+03	-1.648519E+01	8.156360E-02	1.613657E-01
5.576869E+03	-1.648483E+01	8.169916E-02	1.613653E-01
5.577069E+03	-1.648488E+01	8.167538E-02	1.613650E-01
5.577269E+03	-1.648534E+01	8.158933E-02	1.613647E-01
5.577469E+03	-1.648558E+01	8.185350E-02	1.613644E-01
5.577669E+03	-1.648537E+01	8.215673E-02	1.613641E-01
5.577869E+03	-1.648543E+01	8.247591E-02	1.613638E-01
5.578069E+03	-1.648609E+01	8.292754E-02	1.613634E-01
5.578269E+03	-1.648677E+01	8.326352E-02	1.613631E-01
5.578469E+03	-1.648655E+01	8.326949E-02	1.613628E-01
5.578669E+03	-1.648607E+01	8.281528E-02	1.613625E-01
5.578869E+03	-1.648634E+01	8.262377E-02	1.613622E-01
5.579069E+03	-1.648619E+01	8.277165E-02	1.613619E-01
5.579269E+03	-1.648613E+01	8.308417E-02	1.613615E-01
5.579469E+03	-1.648698E+01	8.334892E-02	1.613612E-01
5.579669E+03	-1.648736E+01	8.369691E-02	1.613609E-01
5.579869E+03	-1.648651E+01	8.385174E-02	1.613606E-01
5.580070E+03	-1.648575E+01	8.370864E-02	1.613603E-01
5.580270E+03	-1.648586E+01	8.416165E-02	1.613600E-01
5.580470E+03	-1.648594E+01	8.443683E-02	1.613596E-01
5.580670E+03	-1.648601E+01	8.436436E-02	1.613593E-01
5.580870E+03	-1.648598E+01	8.427326E-02	1.613590E-01
5.581070E+03	-1.648594E+01	8.424595E-02	1.613587E-01
5.581270E+03	-1.648588E+01	8.436721E-02	1.613584E-01
5.581470E+03	-1.648584E+01	8.438230E-02	1.613581E-01
5.581670E+03	-1.648601E+01	8.467405E-02	1.613577E-01
5.581870E+03	-1.648622E+01	8.458385E-02	1.613574E-01
5.582069E+03	-1.648628E+01	8.456654E-02	1.613571E-01
5.582270E+03	-1.648626E+01	8.455392E-02	1.613568E-01
5.582470E+03	-1.648631E+01	8.454094E-02	1.613565E-01
5.582669E+03	-1.648631E+01	8.440935E-02	1.613562E-01
5.582869E+03	-1.648605E+01	8.437897E-02	1.613559E-01
5.583069E+03	-1.648582E+01	8.428913E-02	1.613555E-01
5.583269E+03	-1.648569E+01	8.403977E-02	1.613552E-01
5.583469E+03	-1.648563E+01	8.415250E-02	1.613549E-01
5.583669E+03	-1.648571E+01	8.382766E-02	1.613546E-01
5.583869E+03	-1.648574E+01	8.331662E-02	1.613543E-01
5.584069E+03	-1.648550E+01	8.307910E-02	1.613540E-01
5.584269E+03	-1.648519E+01	8.317715E-02	1.613536E-01
5.584469E+03	-1.648535E+01	8.297874E-02	1.613533E-01
5.584669E+03	-1.648591E+01	8.272780E-02	1.613530E-01
5.584869E+03	-1.648622E+01	8.316195E-02	1.613527E-01
5.585069E+03	-1.648659E+01	8.331604E-02	1.613524E-01
5.585270E+03	-1.648727E+01	8.305525E-02	1.613521E-01
5.585470E+03	-1.648759E+01	8.253938E-02	1.613517E-01
5.585670E+03	-1.648725E+01	8.241514E-02	1.613514E-01
5.585870E+03	-1.648748E+01	8.252979E-02	1.613511E-01
5.586070E+03	-1.648744E+01	8.264087E-02	1.613508E-01
5.586270E+03	-1.648778E+01	8.236708E-02	1.613505E-01
5.586470E+03	-1.648882E+01	8.220469E-02	1.613502E-01
5.586670E+03	-1.648929E+01	8.262497E-02	1.613498E-01
5.586870E+03	-1.648934E+01	8.287250E-02	1.613495E-01
5.587070E+03	-1.648927E+01	8.255036E-02	1.613492E-01
5.587270E+03	-1.648981E+01	8.255575E-02	1.613489E-01
5.587470E+03	-1.649062E+01	8.274918E-02	1.613486E-01
5.587670E+03	-1.649152E+01	8.308869E-02	1.613483E-01
5.587870E+03	-1.649176E+01	8.320485E-02	1.613480E-01
5.588070E+03	-1.649232E+01	8.340030E-02	1.613476E-01
5.588270E+03	-1.649232E+01	8.380061E-02	1.613473E-01
5.588470E+03	-1.649331E+01	8.378933E-02	1.613470E-01
5.588670E+03	-1.649400E+01	8.360725E-02	1.613467E-01
5.588870E+03	-1.649374E+01	8.359624E-02	1.613464E-01
5.589070E+03	-1.649383E+01	8.366687E-02	1.613461E-01
5.589270E+03	-1.649463E+01	8.371722E-02	1.613457E-01
5.589470E+03	-1.649511E+01	8.377658E-02	1.613454E-01
5.589670E+03	-1.649559E+01	8.407030E-02	1.613451E-01
5.589870E+03	-1.649611E+01	8.412123E-02	1.613448E-01
5.590070E+03	-1.649608E+01	8.408879E-02	1.613445E-01
5.590270E+03	-1.649587E+01	8.371697E-02	1.613442E-01
5.590471E+03	-1.649574E+01	8.357474E-02	1.613438E-01
5.590671E+03	-1.649598E+01	8.362285E-02	1.613435E-01
5.590871E+03	-1.649639E+01	8.371101E-02	1.613432E-01
5.591071E+03	-1.649643E+01	8.373678E-02	1.613429E-01
5.591271E+03	-1.649652E+01	8.374485E-02	1.613426E-01
5.591471E+03	-1.649726E+01	8.383094E-02	1.613423E-01
5.591671E+03	-1.649829E+01	8.390455E-02	1.613420E-01
5.591871E+03	-1.649837E+01	8.410474E-02	1.613416E-01
5.592071E+03	-1.649805E+01	8.403702E-02	1.613413E-01
5.592271E+03	-1.649763E+01	8.448853E-02	1.613410E-01
5.592471E+03	-1.649757E+01	8.448017E-02	1.613407E-01
5.592671E+03	-1.649818E+01	8.449862E-02	1.613404E-01
5.592871E+03	-1.649864E+01	8.500056E-02	1.613401E-01
5.593071E+03	-1.649872E+01	8.700085E-02	1.613397E-01
5.593271E+03	-1.649958E+01	8.759199E-02	1.613394E-01
5.593471E+03	-1.649962E+01	8.734038E-02	1.613391E-01
5.593671E+03	-1.649929E+01	8.728753E-02	1.613388E-01
5.593871E+03	-1.649918E+01	8.786028E-02	1.613385E-01
5.594071E+03	-1.649897E+01	8.871862E-02	1.613382E-01
5.594271E+03	-1.649877E+01	8.873743E-02	1.613378E-01
5.594471E+03	-1.649875E+01	8.869584E-02	1.613375E-01
5.594671E+03	-1.649879E+01	8.863705E-02	1.613372E-01
5.594870E+03	-1.649873E+01	8.863460E-02	1.613369E-01
5.595070E+03	-1.649897E+01	8.881041E-02	1.613366E-01
5.595270E+03	-1.649934E+01	8.928669E-02	1.613363E-01
5.595471E+03	-1.650008E+01	8.960200E-02	1.613360E-01
5.595671E+03	-1.650017E+01	8.967268E-02	1.613356E-01
5.595871E+03	-1.649932E+01	8.997771E-02	1.613353E-01
5.596071E+03	-1.649873E+01	9.060033E-02	1.613350E-01
5.596271E+03	-1.649908E+01	9.097493E-02	1.613347E-01
5.596471E+03	-1.649901E+01	9.095245E-02	1.613344E-01
5.596671E+03	-1.649845E+01	9.076814E-02	1.613341E-01
5.596871E+03	-1.649814E+01	9.119508E-02	1.613337E-01
5.597071E+03	-1.649786E+01	9.127946E-02	1.613334E-01
5.597271E+03	-1.649773E+01	8.974840E-02	1.613331E-01
5.597471E+03	-1.649786E+01	8.979504E-02	1.613328E-01
5.597671E+03	-1.649799E+01	9.049583E-02	1.613325E-01
5.597871E+03	-1.649784E+01	9.063406E-02	1.613322E-01
5.598071E+03	-1.649727E+01	9.049632E-02	1.613319E-01
5.598271E+03	-1.649734E+01	9.044027E-02	1.613315E-01
5.598471E+03	-1.649832E+01	9.064259E-02	1.613312E-01
5.598671E+03	-1.649893E+01	9.078994E-02	1.613309E-01
5.598871E+03	-1.649904E+01	9.083464E-02	1.613306E-01
5.599071E+03	-1.649943E+01	9.131734E-02	1.613303E-01
5.599271E+03	-1.650011E+01	9.190498E-02	1.613300E-01
5.599471E+03	-1.650042E+01	9.196116E-02	1.613297E-01
5.599671E+03	-1.650022E+01	9.173311E-02	1.613293E-01
5.599871E+03	-1.650040E+01	9.153556E-02	1.613290E-01
5.600071E+03	-1.650086E+01	9.128371E-02	1.613287E-01
5.600271E+03	-1.650108E+01	9.127716E-02	1.613284E-01
5.600471E+03	-1.650108E+01	9.080942E-02	1.613281E-01
5.600671E+03	-1.650101E+01	8.996131E-02	1.613278E-01
5.600872E+03	-1.650095E+01	8.885441E-02	1.613274E-01
5.601072E+03	-1.650071E+01	8.812707E-02	1.613271E-01
5.601272E+03	-1.650014E+01	8.740890E-02	1.613268E-01
5.601472E+03	-1.649922E+01	8.706660E-02	1.613265E-01
5.601672E+03	-1.649896E+01	8.669281E-02	1.613262E-01
5.601872E+03	-1.649974E+01	8.693991E-02	1.613259E-01
5.602072E+03	-1.650071E+01	8.703004E-02	1.613256E-01
5.602272E+03	-1.650157E+01	8.725899E-02	1.613252E-01
5.602472E+03	-1.650234E+01	8.762751E-02	1.613249E-01
5.602672E+03	-1.650256E+01	8.763231E-02	1.613246E-01
5.602872E+03	-1.650209E+01	8.751704E-02	1.613243E-01
5.603072E+03	-1.650174E+01	8.815206E-02	1.613240E-01
5.603272E+03	-1.650216E+01	8.843072E-02	1.613237E-01
5.603472E+03	-1.650284E+01	8.880581E-02	1.613233E-01
5.603672E+03	-1.650348E+01	8.975816E-02	1.613230E-01
5.603872E+03	-1.650424E+01	9.036707E-02	1.613227E-01
5.604072E+03	-1.650488E+01	9.050073E-02	1.613224E-01
5.604272E+03	-1.650523E+01	9.076975E-02	1.613221E-01
5.604472E+03	-1.650566E+01	9.106869E-02	1.613218E-01
5.604672E+03	-1.650606E+01	9.060831E-02	1.613215E-01
5.604872E+03	-1.650606E+01	8.923337E-02	1.613211E-01
5.605072E+03	-1.650608E+01	8.865372E-02	1.613208E-01
5.605272E+03	-1.650588E+01	8.870620E-02	1.613205E-01
5.605472E+03	-1.650535E+01	8.836908E-02	1.613202E-01
5.605672E+03	-1.650519E+01	8.833973E-02	1.613199E-01
5.605872E+03	-1.650546E+01	8.891291E-02	1.613196E-01
5.606073E+03	-1.650599E+01	8.905756E-02	1.613193E-01
5.606273E+03	-1.650639E+01	8.931303E-02	1.613189E-01
5.606473E+03	-1.650588E+01	8.935453E-02	1.613186E-01
5.606672E+03	-1.650502E+01	8.883105E-02	1.613183E-01
5.606873E+03	-1.650528E+01	8.936661E-02	1.613180E-01
5.607073E+03	-1.650624E+01	9.100317E-02	1.613177E-01
5.607273E+03	-1.650673E+01	9.216689E-02	1.613174E-01
5.607472E+03	-1.650722E+01	9.225973E-02	1.613171E-01
5.607672E+03	-1.650804E+01	9.294611E-02	1.613167E-01
5.607873E+03	-1.650840E+01	9.299578E-02	1.613164E-01
5.608072E+03	-1.650847E+01	9.498458E-02	1.613161E-01
5.608272E+03	-1.650900E+01	9.542180E-02	1.613158E-01
5.608472E+03	-1.650961E+01	9.633844E-02	1.613155E-01
5.608672E+03	-1.650988E+01	9.731906E-02	1.613152E-01
5.608872E+03	-1.650968E+01	9.745980E-02	1.613148E-01
5.609072E+03	-1.650912E+01	9.729852E-02	1.613145E-01
5.609272E+03	-1.650896E+01	9.729476E-02	1.613142E-01
5.609472E+03	-1.650945E+01	9.760657E-02	1.613139E-01
5.609672E+03	-1.650990E+01	9.770729E-02	1.613136E-01
5.609872E+03	-1.651006E+01	9.773362E-02	1.613133E-01
5.610072E+03	-1.651008E+01	9.753689E-02	1.613130E-01
5.610272E+03	-1.650970E+01	9.737299E-02	1.613126E-01
5.610472E+03	-1.650957E+01	9.748843E-02	1.613123E-01
5.610672E+03	-1.651001E+01	9.775939E-02	1.613120E-01
5.610872E+03	-1.651042E+01	9.851440E-02	1.613117E-01
5.611072E+03	-1.651067E+01	9.894755E-02	1.613114E-01
5.611273E+03	-1.651107E+01	9.927118E-02	1.613111E-01
5.611473E+03	-1.651165E+01	9.930138E-02	1.613108E-01
5.611673E+03	-1.651202E+01	9.915856E-02	1.613104E-01
5.611873E+03	-1.651197E+01	9.915956E-02	1.613101E-01
5.612073E+03	-1.651211E+01	9.913634E-02	1.613098E-01
5.612273E+03	-1.651213E+01	9.916851E-02	1.613095E-01
5.612473E+03	-1.651132E+01	9.881960E-02	1.613092E-01
5.612673E+03	-1.651042E+01	9.906409E-02	1.613089E-01
5.612873E+03	-1.651042E+01	9.906634E-02	1.613086E-01
5.613073E+03	-1.651096E+01	9.971051E-02	1.613082E-01
5.613273E+03	-1.651146E+01	1.004448E-01	1.613079E-01
5.613473E+03	-1.651215E+01	1.004824E-01	1.613076E-01
5.613673E+03	-1.651306E+01	1.005085E-01	1.613073E-01
5.613873E+03	-1.651358E+01	1.007870E-01	1.613070E-01
5.614073E+03	-1.651389E+01	1.008627E-01	1.613067E-01
5.614273E+03	-1.651450E+01	1.008213E-01	1.613064E-01
5.614473E+03	-1.651530E+01	1.010873E-01	1.613060E-01
5.614673E+03	-1.651589E+01	1.012589E-01	1.613057E-01
5.614873E+03	-1.651632E+01	1.014074E-01	1.613054E-01
5.615073E+03	-1.651666E+01	1.014029E-01	1.613051E-01
5.615273E+03	-1.651673E+01	1.019652E-01	1.613048E-01
5.615473E+03	-1.651653E+01	1.017555E-01	1.613045E-01
5.615673E+03	-1.651634E+01	1.020677E-01	1.613042E-01
5.615873E+03	-1.651644E+01	1.018707E-01	1.613038E-01
5.616073E+03	-1.651646E+01	1.016508E-01	1.613035E-01
5.616273E+03	-1.651660E+01	1.021812E-01	1.613032E-01
5.616474E+03	-1.651682E+01	1.019592E-01	1.613029E-01
5.616674E+03	-1.651650E+01	1.021165E-01	1.613026E-01
5.616874E+03	-1.651621E+01	1.019788E-01	1.613023E-01
5.617074E+03	-1.651635E+01	1.017425E-01	1.613020E-01
5.617274E+03	-1.651630E+01	1.014930E-01	1.613016E-01
5.617474E+03	-1.651623E+01	1.014885E-01	1.613013E-01
5.617674E+03	-1.651664E+01	1.016206E-01	1.613010E-01
5.617874E+03	-1.651705E+01	1.015890E-01	1.613007E-01
5.618074E+03	-1.651728E+01	1.029369E-01	1.613004E-01
5.618274E+03	-1.651771E+01	1.034116E-01	1.613001E-01
5.618474E+03	-1.651824E+01	1.041443E-01	1.612998E-01
5.618674E+03	-1.651865E+01	1.054731E-01	1.612994E-01
5.618874E+03	-1.651890E+01	1.055343E-01	1.612991E-01
5.619074E+03	-1.651909E+01	1.055009E-01	1.612988E-01
5.619274E+03	-1.651925E+01	1.064488E-01	1.612985E-01
5.619474E+03	-1.651939E+01	1.074674E-01	1.612982E-01
5.619673E+03	-1.651971E+01	1.077462E-01	1.612979E-01
5.619873E+03	-1.651978E+01	1.108924E-01	1.612976E-01
5.620074E+03	-1.651966E+01	1.115438E-01	1.612972E-01
5.620273E+03	-1.652003E+01	1.113789E-01	1.612969E-01
5.620473E+03	-1.652060E+01	1.115652E-01	1.612966E-01
5.620673E+03	-1.652086E+01	1.115612E-01	1.612963E-01
5.620873E+03	-1.652129E+01	1.114779E-01	1.612960E-01
5.621073E+03	-1.652187E+01	1.127728E-01	1.612957E-01
5.621273E+03	-1.652224E+01	1.162230E-01	1.612954E-01
5.621473E+03	-1.652247E+01	1.167737E-01	1.612950E-01
5.621674E+03	-1.652270E+01	1.168566E-01	1.612947E-01
5.621874E+03	-1.652282E+01	1.173332E-01	1.612944E-01
5.622074E+03	-1.652286E+01	1.170201E-01	1.612941E-01
5.622274E+03	-1.652272E+01	1.168882E-01	1.612938E-01
5.622474E+03	-1.652252E+01	1.167077E-01	1.612935E-01
5.622674E+03	-1.652277E+01	1.166975E-01	1.612932E-01
5.622874E+03	-1.652323E+01	1.175911E-01	1.612928E-01
5.623074E+03	-1.652356E+01	1.189321E-01	1.612925E-01
5.623274E+03	-1.652395E+01	1.192065E-01	1.612922E-01
5.623474E+03	-1.652427E+01	1.197518E-01	1.612919E-01
5.623674E+03	-1.652453E+01	1.196205E-01	1.612916E-01
5.623874E+03	-1.652474E+01	1.197336E-01	1.612913E-01
5.624074E+03	-1.652462E+01	1.203067E-01	1.612910E-01
5.624274E+03	-1.652418E+01	1.227112E-01	1.612906E-01
5.624474E+03	-1.652381E+01	1.231272E-01	1.612903E-01
5.624674E+03	-1.652363E+01	1.230470E-01	1.612900E-01
5.624874E+03	-1.652370E+01	1.232980E-01	1.612897E-01
5.625074E+03	-1.652384E+01	1.242120E-01	1.612894E-01
5.625274E+03	-1.652402E+01	1.243321E-01	1.612891E-01
5.625474E+03	-1.652444E+01	1.244192E-01	1.612888E-01
5.625674E+03	-1.652500E+01	1.242701E-01	1.612885E-01
5.625874E+03	-1.652535E+01	1.244742E-01	1.612881E-01
5.626074E+03	-1.652516E+01	1.244257E-01	1.612878E-01
5.626274E+03	-1.652458E+01	1.242597E-01	1.612875E-01
5.626474E+03	-1.652442E+01	1.243175E-01	1.612872E-01
5.626674E+03	-1.652493E+01	1.253103E-01	1.612869E-01
5.626875E+03	-1.652530E+01	1.253919E-01	1.612866E-01
5.627075E+03	-1.652537E+01	1.268053E-01	1.612863E-01
5.627275E+03	-1.652551E+01	1.274476E-01	1.612859E-01
5.627475E+03	-1.652558E+01	1.274750E-01	1.612856E-01
5.627675E+03	-1.652570E+01	1.277322E-01	1.612853E-01
5.627875E+03	-1.652618E+01	1.278037E-01	1.612850E-01
5.628075E+03	-1.652656E+01	1.285443E-01	1.612847E-01
5.628275E+03	-1.652651E+01	1.284095E-01	1.612844E-01
5.628475E+03	-1.652653E+01	1.288425E-01	1.612841E-01
5.628675E+03	-1.652668E+01	1.293404E-01	1.612837E-01
5.628875E+03	-1.652684E+01	1.291164E-01	1.612834E-01
5.629075E+03	-1.652714E+01	1.292042E-01	1.612831E-01
5.629275E+03	-1.652761E+01	1.297935E-01	1.612828E-01
5.629475E+03	-1.652826E+01	1.300616E-01	1.612825E-01
5.629675E+03	-1.652880E+01	1.302509E-01	1.612822E-01
5.629875E+03	-1.652927E+01	1.303680E-01	1.612819E-01
5.630075E+03	-1.652965E+01	1.306260E-01	1.612816E-01
5.630275E+03	-1.653019E+01	1.321244E-01	1.612812E-01
5.630475E+03	-1.653106E+01	1.333961E-01	1.612809E-01
5.630675E+03	-1.653167E+01	1.335137E-01	1.612806E-01
5.630875E+03	-1.653148E+01	1.336441E-01	1.612803E-01
5.631075E+03	-1.653101E+01	1.340192E-01	1.612800E-01
5.631275E+03	-1.653084E+01	1.341212E-01	1.612797E-01
5.631475E+03	-1.653103E+01	1.341676E-01	1.612794E-01
5.631675E+03	-1.653139E+01	1.345781E-01	1.612790E-01
5.631874E+03	-1.653155E+01	1.347022E-01	1.612787E-01
5.632075E+03	-1.653146E+01	1.352122E-01	1.612784E-01
5.632275E+03	-1.653174E+01	1.370534E-01	1.612781E-01
5.632475E+03	-1.653240E+01	1.391144E-01	1.612778E-01
5.632675E+03	-1.653283E+01	1.392483E-01	1.612775E-01
5.632875E+03	-1.653299E+01	1.449681E-01	1.612772E-01
