#wls	flux	fluxerr	mangling_mask
6.300005E+03	-1.691781E+01	2.075567E-01	5.963658E-02
6.300404E+03	-1.691801E+01	2.070159E-01	5.964480E-02
6.301204E+03	-1.691836E+01	2.073086E-01	5.966128E-02
6.301404E+03	-1.691832E+01	2.078297E-01	5.966540E-02
6.301604E+03	-1.691877E+01	2.080514E-01	5.966952E-02
6.301804E+03	-1.691856E+01	2.078038E-01	5.967364E-02
6.302204E+03	-1.691818E+01	2.081625E-01	5.968188E-02
6.302604E+03	-1.691755E+01	2.078539E-01	5.969012E-02
6.302804E+03	-1.691775E+01	2.079443E-01	5.969424E-02
6.303004E+03	-1.691750E+01	2.073397E-01	5.969836E-02
6.303204E+03	-1.691746E+01	2.088693E-01	5.970248E-02
6.303404E+03	-1.691716E+01	2.084877E-01	5.970659E-02
6.303605E+03	-1.691663E+01	2.080007E-01	5.971073E-02
6.303805E+03	-1.691703E+01	2.071276E-01	5.971485E-02
6.304005E+03	-1.691781E+01	2.083385E-01	5.971897E-02
6.304205E+03	-1.691781E+01	2.078766E-01	5.972309E-02
6.304405E+03	-1.691846E+01	2.062352E-01	5.972721E-02
6.304605E+03	-1.691858E+01	2.064262E-01	5.973132E-02
6.304805E+03	-1.691796E+01	2.061733E-01	5.973544E-02
6.305005E+03	-1.691767E+01	2.048902E-01	5.973956E-02
6.305205E+03	-1.691766E+01	2.048366E-01	5.974368E-02
6.305405E+03	-1.691766E+01	2.044326E-01	5.974779E-02
6.305605E+03	-1.691782E+01	2.042958E-01	5.975191E-02
6.305805E+03	-1.691769E+01	2.042458E-01	5.975603E-02
6.306005E+03	-1.691719E+01	2.029014E-01	5.976014E-02
6.306205E+03	-1.691670E+01	2.026337E-01	5.976426E-02
6.306405E+03	-1.691607E+01	2.013973E-01	5.976838E-02
6.306605E+03	-1.691582E+01	2.018661E-01	5.977249E-02
6.306805E+03	-1.691639E+01	2.031449E-01	5.977661E-02
6.307605E+03	-1.691679E+01	2.032592E-01	5.979308E-02
6.307805E+03	-1.691728E+01	2.028191E-01	5.979719E-02
6.308005E+03	-1.691794E+01	2.031232E-01	5.980131E-02
6.308205E+03	-1.691797E+01	2.025772E-01	5.980542E-02
6.308405E+03	-1.691817E+01	2.028717E-01	5.980954E-02
6.308606E+03	-1.691883E+01	2.034494E-01	5.981367E-02
6.308806E+03	-1.691941E+01	2.032821E-01	5.981779E-02
6.309006E+03	-1.691932E+01	2.040671E-01	5.982190E-02
6.309206E+03	-1.691890E+01	2.035833E-01	5.982602E-02
6.309406E+03	-1.691807E+01	2.032005E-01	5.983013E-02
6.309606E+03	-1.691786E+01	2.024562E-01	5.983425E-02
6.309806E+03	-1.691794E+01	2.021646E-01	5.983836E-02
6.310006E+03	-1.691822E+01	2.022166E-01	5.984248E-02
6.310206E+03	-1.691814E+01	2.029418E-01	5.984659E-02
6.310406E+03	-1.691784E+01	2.027863E-01	5.985070E-02
6.310606E+03	-1.691706E+01	2.012843E-01	5.985482E-02
6.310806E+03	-1.691635E+01	1.990527E-01	5.985893E-02
6.311006E+03	-1.691651E+01	1.991075E-01	5.986305E-02
6.311206E+03	-1.691569E+01	1.991334E-01	5.986716E-02
6.311406E+03	-1.691486E+01	1.988847E-01	5.987127E-02
6.311606E+03	-1.691490E+01	1.993911E-01	5.987539E-02
6.311806E+03	-1.691477E+01	1.986341E-01	5.987950E-02
6.312006E+03	-1.691506E+01	1.968099E-01	5.988361E-02
6.312206E+03	-1.691481E+01	1.965428E-01	5.988773E-02
6.312405E+03	-1.691484E+01	1.969957E-01	5.989182E-02
6.312605E+03	-1.691455E+01	1.968166E-01	5.989593E-02
6.312806E+03	-1.691402E+01	1.955041E-01	5.990006E-02
6.313006E+03	-1.691454E+01	1.956414E-01	5.990418E-02
6.313205E+03	-1.691335E+01	1.947444E-01	5.990827E-02
6.313405E+03	-1.691257E+01	1.944175E-01	5.991238E-02
6.313606E+03	-1.691257E+01	1.939080E-01	5.991651E-02
6.313806E+03	-1.691187E+01	1.941688E-01	5.992062E-02
6.314006E+03	-1.691089E+01	1.930956E-01	5.992474E-02
6.314206E+03	-1.691146E+01	1.932592E-01	5.992885E-02
6.314406E+03	-1.691125E+01	1.936484E-01	5.993296E-02
6.314806E+03	-1.690995E+01	1.928676E-01	5.994118E-02
6.315006E+03	-1.690921E+01	1.924026E-01	5.994529E-02
6.315206E+03	-1.690990E+01	1.927564E-01	5.994940E-02
6.315406E+03	-1.690985E+01	1.926817E-01	5.995351E-02
6.315606E+03	-1.690928E+01	1.920379E-01	5.995762E-02
6.315806E+03	-1.690895E+01	1.917939E-01	5.996173E-02
6.316006E+03	-1.690968E+01	1.913018E-01	5.996585E-02
6.316206E+03	-1.690992E+01	1.906471E-01	5.996996E-02
6.316406E+03	-1.690922E+01	1.908630E-01	5.997407E-02
6.316606E+03	-1.690841E+01	1.915661E-01	5.997818E-02
6.316806E+03	-1.690768E+01	1.911250E-01	5.998229E-02
6.317006E+03	-1.690836E+01	1.917905E-01	5.998640E-02
6.317206E+03	-1.690884E+01	1.930678E-01	5.999050E-02
6.317406E+03	-1.690884E+01	1.932255E-01	5.999461E-02
6.317606E+03	-1.690997E+01	1.928509E-01	5.999872E-02
6.317806E+03	-1.690944E+01	1.925160E-01	6.000283E-02
6.318006E+03	-1.690862E+01	1.921982E-01	6.000694E-02
6.318206E+03	-1.690806E+01	1.920935E-01	6.001105E-02
6.318607E+03	-1.690785E+01	1.919680E-01	6.001929E-02
6.318807E+03	-1.690768E+01	1.919330E-01	6.002340E-02
6.319007E+03	-1.690699E+01	1.911958E-01	6.002751E-02
6.319207E+03	-1.690703E+01	1.893215E-01	6.003161E-02
6.319407E+03	-1.690706E+01	1.899510E-01	6.003572E-02
6.320007E+03	-1.690689E+01	1.896834E-01	6.004805E-02
6.320207E+03	-1.690733E+01	1.901509E-01	6.005215E-02
6.320407E+03	-1.690797E+01	1.911678E-01	6.005626E-02
6.320607E+03	-1.690837E+01	1.918302E-01	6.006037E-02
6.320807E+03	-1.690804E+01	1.919419E-01	6.006448E-02
6.321007E+03	-1.690820E+01	1.901764E-01	6.006858E-02
6.321207E+03	-1.690779E+01	1.890964E-01	6.007269E-02
6.321407E+03	-1.690759E+01	1.889522E-01	6.007680E-02
6.321607E+03	-1.690746E+01	1.888512E-01	6.008090E-02
6.321807E+03	-1.690718E+01	1.889501E-01	6.008501E-02
6.322007E+03	-1.690713E+01	1.903703E-01	6.008912E-02
6.322207E+03	-1.690729E+01	1.912427E-01	6.009322E-02
6.322407E+03	-1.690720E+01	1.911065E-01	6.009733E-02
6.322607E+03	-1.690716E+01	1.917735E-01	6.010144E-02
6.322807E+03	-1.690711E+01	1.921262E-01	6.010554E-02
6.323007E+03	-1.690695E+01	1.911773E-01	6.010965E-02
6.323207E+03	-1.690699E+01	1.903576E-01	6.011375E-02
6.323408E+03	-1.690779E+01	1.920988E-01	6.011788E-02
6.323608E+03	-1.690867E+01	1.914210E-01	6.012199E-02
6.323808E+03	-1.690931E+01	1.930504E-01	6.012609E-02
6.324008E+03	-1.690931E+01	1.927994E-01	6.013020E-02
6.324208E+03	-1.690878E+01	1.926065E-01	6.013430E-02
6.324408E+03	-1.690793E+01	1.920370E-01	6.013841E-02
6.324608E+03	-1.690736E+01	1.917714E-01	6.014251E-02
6.324807E+03	-1.690663E+01	1.905143E-01	6.014659E-02
6.325007E+03	-1.690655E+01	1.904830E-01	6.015070E-02
6.325208E+03	-1.690678E+01	1.903474E-01	6.015482E-02
6.325408E+03	-1.690630E+01	1.866224E-01	6.015893E-02
6.325607E+03	-1.690513E+01	1.847836E-01	6.016301E-02
6.325807E+03	-1.690412E+01	1.835661E-01	6.016712E-02
6.326007E+03	-1.690316E+01	1.824348E-01	6.017122E-02
6.326207E+03	-1.690308E+01	1.817508E-01	6.017532E-02
6.326407E+03	-1.690295E+01	1.811342E-01	6.017943E-02
6.326607E+03	-1.690231E+01	1.803824E-01	6.018353E-02
6.326807E+03	-1.690151E+01	1.796306E-01	6.018763E-02
6.327007E+03	-1.690095E+01	1.788089E-01	6.019174E-02
6.327207E+03	-1.690079E+01	1.780171E-01	6.019584E-02
6.327407E+03	-1.690114E+01	1.774644E-01	6.019994E-02
6.327607E+03	-1.690165E+01	1.778666E-01	6.020405E-02
6.327807E+03	-1.690181E+01	1.775219E-01	6.020815E-02
6.328007E+03	-1.690109E+01	1.770628E-01	6.021225E-02
6.328207E+03	-1.690053E+01	1.763166E-01	6.021635E-02
6.328408E+03	-1.690060E+01	1.765631E-01	6.022048E-02
6.328608E+03	-1.690056E+01	1.768207E-01	6.022458E-02
6.328808E+03	-1.690075E+01	1.783267E-01	6.022868E-02
6.329008E+03	-1.690162E+01	1.775365E-01	6.023278E-02
6.329208E+03	-1.690146E+01	1.794596E-01	6.023689E-02
6.329408E+03	-1.690193E+01	1.797207E-01	6.024099E-02
6.329608E+03	-1.690277E+01	1.791699E-01	6.024509E-02
6.329808E+03	-1.690320E+01	1.792114E-01	6.024919E-02
6.330008E+03	-1.690396E+01	1.786730E-01	6.025329E-02
6.330208E+03	-1.690411E+01	1.787749E-01	6.025739E-02
6.330408E+03	-1.690427E+01	1.794812E-01	6.026149E-02
6.330608E+03	-1.690523E+01	1.819368E-01	6.026559E-02
6.330808E+03	-1.690611E+01	1.814270E-01	6.026970E-02
6.331008E+03	-1.690662E+01	1.816898E-01	6.027380E-02
6.331208E+03	-1.690529E+01	1.811921E-01	6.027790E-02
6.331408E+03	-1.690381E+01	1.805309E-01	6.028200E-02
6.331608E+03	-1.690392E+01	1.802408E-01	6.028610E-02
6.331808E+03	-1.690316E+01	1.796785E-01	6.029020E-02
6.332008E+03	-1.690168E+01	1.789659E-01	6.029430E-02
6.332208E+03	-1.690057E+01	1.785279E-01	6.029840E-02
6.332408E+03	-1.690012E+01	1.810168E-01	6.030250E-02
6.332608E+03	-1.689976E+01	1.836650E-01	6.030660E-02
6.332808E+03	-1.690016E+01	1.846535E-01	6.031070E-02
6.333008E+03	-1.689960E+01	1.833644E-01	6.031480E-02
6.333208E+03	-1.689896E+01	1.831210E-01	6.031889E-02
6.333409E+03	-1.689888E+01	1.831153E-01	6.032301E-02
6.333609E+03	-1.689840E+01	1.847084E-01	6.032711E-02
6.333809E+03	-1.689879E+01	1.849793E-01	6.033121E-02
6.334009E+03	-1.689894E+01	1.863516E-01	6.033531E-02
6.334209E+03	-1.689926E+01	1.864479E-01	6.033941E-02
6.334409E+03	-1.689929E+01	1.864094E-01	6.034351E-02
6.334609E+03	-1.689992E+01	1.864914E-01	6.034761E-02
6.334809E+03	-1.690043E+01	1.864986E-01	6.035170E-02
6.335009E+03	-1.689960E+01	1.868623E-01	6.035580E-02
6.335209E+03	-1.689979E+01	1.893446E-01	6.035990E-02
6.335409E+03	-1.690070E+01	1.893418E-01	6.036400E-02
6.335609E+03	-1.690077E+01	1.893764E-01	6.036810E-02
6.335809E+03	-1.690049E+01	1.905728E-01	6.037219E-02
6.336009E+03	-1.690013E+01	1.897500E-01	6.037629E-02
6.336209E+03	-1.689850E+01	1.900103E-01	6.038039E-02
6.336409E+03	-1.689791E+01	1.906666E-01	6.038449E-02
6.336609E+03	-1.689818E+01	1.901761E-01	6.038858E-02
6.336809E+03	-1.689936E+01	1.895877E-01	6.039268E-02
6.337008E+03	-1.690063E+01	1.903170E-01	6.039676E-02
6.337208E+03	-1.690082E+01	1.908648E-01	6.040085E-02
6.337408E+03	-1.690101E+01	1.895096E-01	6.040495E-02
6.337609E+03	-1.690181E+01	1.905378E-01	6.040907E-02
6.337809E+03	-1.690224E+01	1.907062E-01	6.041316E-02
6.338008E+03	-1.690303E+01	1.907015E-01	6.041724E-02
6.338208E+03	-1.690459E+01	1.908067E-01	6.042133E-02
6.338409E+03	-1.690479E+01	1.907825E-01	6.042545E-02
6.338609E+03	-1.690474E+01	1.899232E-01	6.042955E-02
6.338809E+03	-1.690526E+01	1.900911E-01	6.043364E-02
6.339009E+03	-1.690654E+01	1.908360E-01	6.043774E-02
6.339209E+03	-1.690746E+01	1.925062E-01	6.044183E-02
6.339409E+03	-1.690899E+01	1.927063E-01	6.044593E-02
6.339609E+03	-1.690992E+01	1.923333E-01	6.045002E-02
6.339809E+03	-1.691053E+01	1.926357E-01	6.045412E-02
6.340009E+03	-1.691134E+01	1.931554E-01	6.045821E-02
6.340209E+03	-1.691174E+01	1.918090E-01	6.046231E-02
6.340409E+03	-1.691263E+01	1.929404E-01	6.046640E-02
6.340609E+03	-1.691402E+01	1.943043E-01	6.047050E-02
6.340809E+03	-1.691451E+01	1.962791E-01	6.047459E-02
6.341009E+03	-1.691491E+01	1.963579E-01	6.047868E-02
6.341209E+03	-1.691565E+01	1.966719E-01	6.048278E-02
6.341409E+03	-1.691638E+01	1.973781E-01	6.048687E-02
6.341609E+03	-1.691729E+01	1.976504E-01	6.049097E-02
6.341809E+03	-1.691770E+01	1.976195E-01	6.049506E-02
6.342009E+03	-1.691790E+01	1.979945E-01	6.049915E-02
6.342209E+03	-1.691732E+01	1.979209E-01	6.050325E-02
6.342409E+03	-1.691727E+01	1.979310E-01	6.050734E-02
6.342809E+03	-1.691755E+01	1.981371E-01	6.051553E-02
6.343009E+03	-1.691821E+01	1.983273E-01	6.051962E-02
6.343210E+03	-1.691854E+01	1.999600E-01	6.052373E-02
6.343410E+03	-1.691924E+01	1.998161E-01	6.052783E-02
6.343610E+03	-1.691969E+01	1.997107E-01	6.053192E-02
6.343810E+03	-1.691964E+01	1.998576E-01	6.053601E-02
6.344010E+03	-1.691989E+01	2.000760E-01	6.054010E-02
6.344210E+03	-1.692017E+01	2.003014E-01	6.054419E-02
6.344410E+03	-1.692009E+01	2.008737E-01	6.054829E-02
6.344610E+03	-1.692000E+01	2.010387E-01	6.055238E-02
6.344810E+03	-1.692099E+01	2.014387E-01	6.055647E-02
6.345010E+03	-1.692157E+01	2.015051E-01	6.056056E-02
6.345210E+03	-1.692103E+01	2.008003E-01	6.056465E-02
6.345410E+03	-1.692131E+01	2.020182E-01	6.056874E-02
6.345610E+03	-1.692143E+01	2.016096E-01	6.057284E-02
6.345810E+03	-1.692193E+01	2.010536E-01	6.057693E-02
6.346010E+03	-1.692230E+01	2.014154E-01	6.058102E-02
6.346210E+03	-1.692163E+01	2.011103E-01	6.058511E-02
6.346410E+03	-1.692158E+01	1.993236E-01	6.058920E-02
6.346610E+03	-1.692191E+01	1.988427E-01	6.059329E-02
6.346810E+03	-1.692187E+01	1.988028E-01	6.059738E-02
6.347010E+03	-1.692136E+01	1.988780E-01	6.060147E-02
6.347210E+03	-1.692211E+01	1.990593E-01	6.060556E-02
6.347410E+03	-1.692332E+01	1.997914E-01	6.060965E-02
6.347610E+03	-1.692361E+01	1.999095E-01	6.061374E-02
6.347810E+03	-1.692302E+01	2.001209E-01	6.061783E-02
6.348010E+03	-1.692293E+01	2.006929E-01	6.062192E-02
6.348211E+03	-1.692330E+01	2.010385E-01	6.062603E-02
6.348411E+03	-1.692330E+01	2.016621E-01	6.063012E-02
6.348611E+03	-1.692384E+01	2.013745E-01	6.063421E-02
6.348811E+03	-1.692463E+01	2.024371E-01	6.063830E-02
6.349011E+03	-1.692530E+01	2.022293E-01	6.064239E-02
6.349211E+03	-1.692605E+01	2.032394E-01	6.064648E-02
6.349410E+03	-1.692702E+01	2.037613E-01	6.065055E-02
6.349610E+03	-1.692718E+01	2.043220E-01	6.065463E-02
6.349810E+03	-1.692752E+01	2.044092E-01	6.065872E-02
6.350011E+03	-1.692785E+01	2.040440E-01	6.066283E-02
6.350211E+03	-1.692814E+01	2.043567E-01	6.066692E-02
6.350410E+03	-1.692852E+01	2.052435E-01	6.067099E-02
6.350610E+03	-1.692924E+01	2.056438E-01	6.067508E-02
6.350810E+03	-1.692970E+01	2.059246E-01	6.067916E-02
6.351010E+03	-1.693093E+01	2.064336E-01	6.068325E-02
6.351210E+03	-1.693152E+01	2.059710E-01	6.068734E-02
6.351410E+03	-1.693084E+01	2.056563E-01	6.069143E-02
6.351610E+03	-1.693049E+01	2.054994E-01	6.069551E-02
6.351810E+03	-1.693070E+01	2.054383E-01	6.069960E-02
6.352010E+03	-1.692993E+01	2.052762E-01	6.070369E-02
6.352210E+03	-1.692988E+01	2.055621E-01	6.070777E-02
6.352410E+03	-1.693048E+01	2.058824E-01	6.071186E-02
6.352610E+03	-1.693128E+01	2.041858E-01	6.071595E-02
6.352810E+03	-1.693140E+01	2.035252E-01	6.072003E-02
6.353010E+03	-1.693127E+01	2.031156E-01	6.072412E-02
6.353211E+03	-1.693140E+01	2.034143E-01	6.072823E-02
6.353411E+03	-1.693242E+01	2.023045E-01	6.073231E-02
6.353611E+03	-1.693297E+01	2.030731E-01	6.073640E-02
6.353811E+03	-1.693301E+01	2.032601E-01	6.074049E-02
6.354011E+03	-1.693335E+01	2.033434E-01	6.074457E-02
6.354211E+03	-1.693266E+01	2.031812E-01	6.074866E-02
6.354411E+03	-1.693274E+01	2.033068E-01	6.075274E-02
6.354611E+03	-1.693248E+01	2.032637E-01	6.075683E-02
6.354811E+03	-1.693269E+01	2.041081E-01	6.076091E-02
6.355011E+03	-1.693268E+01	2.041680E-01	6.076500E-02
6.355211E+03	-1.693298E+01	2.043089E-01	6.076908E-02
6.355411E+03	-1.693263E+01	2.043233E-01	6.077317E-02
6.355611E+03	-1.693263E+01	2.045971E-01	6.077725E-02
6.356011E+03	-1.693151E+01	2.049832E-01	6.078542E-02
6.356211E+03	-1.693133E+01	2.043867E-01	6.078951E-02
6.356611E+03	-1.693163E+01	2.032640E-01	6.079768E-02
6.356811E+03	-1.693166E+01	2.033224E-01	6.080176E-02
6.357011E+03	-1.693192E+01	2.043221E-01	6.080584E-02
6.357211E+03	-1.693170E+01	2.042345E-01	6.080993E-02
6.357411E+03	-1.693144E+01	2.041013E-01	6.081401E-02
6.357611E+03	-1.693148E+01	2.036691E-01	6.081809E-02
6.357811E+03	-1.693237E+01	2.034275E-01	6.082218E-02
6.358012E+03	-1.693262E+01	2.034579E-01	6.082628E-02
6.358212E+03	-1.693164E+01	2.022895E-01	6.083036E-02
6.358412E+03	-1.693057E+01	2.016404E-01	6.083445E-02
6.358612E+03	-1.693014E+01	2.032804E-01	6.083853E-02
6.358812E+03	-1.692983E+01	2.039701E-01	6.084261E-02
6.359012E+03	-1.692979E+01	2.046046E-01	6.084670E-02
6.359212E+03	-1.692974E+01	2.048566E-01	6.085078E-02
6.359412E+03	-1.692863E+01	2.033660E-01	6.085486E-02
6.359612E+03	-1.692893E+01	2.023003E-01	6.085894E-02
6.359812E+03	-1.692943E+01	2.022744E-01	6.086303E-02
6.360012E+03	-1.692972E+01	2.022344E-01	6.086711E-02
6.360212E+03	-1.693040E+01	2.025899E-01	6.087119E-02
6.360412E+03	-1.693082E+01	2.025799E-01	6.087527E-02
6.360612E+03	-1.693137E+01	2.022712E-01	6.087935E-02
6.360812E+03	-1.693086E+01	2.020756E-01	6.088343E-02
6.361012E+03	-1.693068E+01	2.024351E-01	6.088751E-02
6.361212E+03	-1.693115E+01	2.025897E-01	6.089160E-02
6.361412E+03	-1.693140E+01	2.026366E-01	6.089568E-02
6.361611E+03	-1.693251E+01	2.034635E-01	6.089974E-02
6.361811E+03	-1.693276E+01	2.039819E-01	6.090382E-02
6.362011E+03	-1.693340E+01	2.046954E-01	6.090790E-02
6.362212E+03	-1.693417E+01	2.063049E-01	6.091200E-02
6.362412E+03	-1.693429E+01	2.063275E-01	6.091608E-02
6.362611E+03	-1.693347E+01	2.059062E-01	6.092014E-02
6.362811E+03	-1.693355E+01	2.058654E-01	6.092422E-02
6.363012E+03	-1.693359E+01	2.058128E-01	6.092832E-02
6.363212E+03	-1.693380E+01	2.051679E-01	6.093240E-02
6.363412E+03	-1.693371E+01	2.054148E-01	6.093648E-02
6.363612E+03	-1.693384E+01	2.065355E-01	6.094056E-02
6.363812E+03	-1.693413E+01	2.072453E-01	6.094464E-02
6.364612E+03	-1.693420E+01	2.073249E-01	6.096096E-02
6.365412E+03	-1.693466E+01	2.070391E-01	6.097727E-02
6.365612E+03	-1.693470E+01	2.071069E-01	6.098135E-02
6.365812E+03	-1.693482E+01	2.073706E-01	6.098543E-02
6.366012E+03	-1.693564E+01	2.083088E-01	6.098951E-02
6.366212E+03	-1.693555E+01	2.086294E-01	6.099358E-02
6.366412E+03	-1.693490E+01	2.082505E-01	6.099766E-02
6.366612E+03	-1.693455E+01	2.072302E-01	6.100174E-02
6.366812E+03	-1.693446E+01	2.056162E-01	6.100582E-02
6.367212E+03	-1.693432E+01	2.055294E-01	6.101397E-02
6.367412E+03	-1.693432E+01	2.043478E-01	6.101805E-02
6.367612E+03	-1.693440E+01	2.038382E-01	6.102213E-02
6.367812E+03	-1.693482E+01	2.043154E-01	6.102620E-02
6.368013E+03	-1.693465E+01	2.045398E-01	6.103030E-02
6.368213E+03	-1.693546E+01	2.061359E-01	6.103438E-02
6.368413E+03	-1.693598E+01	2.065584E-01	6.103845E-02
6.368613E+03	-1.693649E+01	2.063816E-01	6.104253E-02
6.368813E+03	-1.693657E+01	2.060167E-01	6.104661E-02
6.369013E+03	-1.693726E+01	2.062412E-01	6.105068E-02
6.369213E+03	-1.693786E+01	2.067068E-01	6.105476E-02
6.369413E+03	-1.693803E+01	2.069194E-01	6.105884E-02
6.369613E+03	-1.693885E+01	2.065569E-01	6.106291E-02
6.369813E+03	-1.693962E+01	2.069144E-01	6.106699E-02
6.370013E+03	-1.693962E+01	2.067077E-01	6.107106E-02
6.370213E+03	-1.694007E+01	2.055580E-01	6.107514E-02
6.370413E+03	-1.694045E+01	2.051707E-01	6.107921E-02
6.370613E+03	-1.694052E+01	2.046216E-01	6.108329E-02
6.370813E+03	-1.694071E+01	2.047012E-01	6.108736E-02
6.371013E+03	-1.694133E+01	2.050480E-01	6.109144E-02
6.371213E+03	-1.694212E+01	2.055572E-01	6.109551E-02
6.371413E+03	-1.694294E+01	2.058313E-01	6.109959E-02
6.371613E+03	-1.694327E+01	2.057390E-01	6.110366E-02
6.371813E+03	-1.694229E+01	2.037776E-01	6.110774E-02
6.372013E+03	-1.694109E+01	2.025223E-01	6.111181E-02
6.372213E+03	-1.694024E+01	2.032237E-01	6.111588E-02
6.372613E+03	-1.693956E+01	2.030648E-01	6.112403E-02
6.372813E+03	-1.693905E+01	2.023663E-01	6.112811E-02
6.373014E+03	-1.693914E+01	2.024567E-01	6.113220E-02
6.373214E+03	-1.693956E+01	2.025316E-01	6.113627E-02
6.373414E+03	-1.693860E+01	2.004760E-01	6.114035E-02
6.373614E+03	-1.693881E+01	2.007369E-01	6.114442E-02
6.373814E+03	-1.693872E+01	2.005101E-01	6.114849E-02
6.374014E+03	-1.693772E+01	2.003316E-01	6.115257E-02
6.374213E+03	-1.693776E+01	2.004209E-01	6.115662E-02
6.374413E+03	-1.693828E+01	2.010298E-01	6.116069E-02
6.374614E+03	-1.693775E+01	2.018072E-01	6.116478E-02
6.374814E+03	-1.693801E+01	2.019281E-01	6.116886E-02
6.375014E+03	-1.693891E+01	2.023415E-01	6.117293E-02
6.375213E+03	-1.693917E+01	2.025433E-01	6.117698E-02
6.375413E+03	-1.693909E+01	2.025132E-01	6.118105E-02
6.375613E+03	-1.693895E+01	2.038536E-01	6.118513E-02
6.375813E+03	-1.693872E+01	2.042469E-01	6.118920E-02
6.376013E+03	-1.693859E+01	2.041770E-01	6.119327E-02
6.376213E+03	-1.693863E+01	2.044101E-01	6.119734E-02
6.376413E+03	-1.693904E+01	2.042328E-01	6.120141E-02
6.376613E+03	-1.693987E+01	2.045780E-01	6.120549E-02
6.376813E+03	-1.693990E+01	2.045967E-01	6.120960E-02
6.377013E+03	-1.694037E+01	2.051518E-01	6.121371E-02
6.377213E+03	-1.694000E+01	2.061569E-01	6.121782E-02
6.377413E+03	-1.693926E+01	2.070756E-01	6.122193E-02
6.377613E+03	-1.693856E+01	2.065514E-01	6.122604E-02
6.377814E+03	-1.693825E+01	2.062292E-01	6.123017E-02
6.378014E+03	-1.693820E+01	2.058572E-01	6.123428E-02
6.378214E+03	-1.693798E+01	2.062790E-01	6.123840E-02
6.378414E+03	-1.693811E+01	2.057251E-01	6.124251E-02
6.378614E+03	-1.693823E+01	2.056436E-01	6.124661E-02
6.378814E+03	-1.693784E+01	2.034610E-01	6.125072E-02
6.379014E+03	-1.693710E+01	2.034236E-01	6.125483E-02
6.379214E+03	-1.693679E+01	2.024690E-01	6.125894E-02
6.379414E+03	-1.693618E+01	2.021354E-01	6.126305E-02
6.379614E+03	-1.693544E+01	2.019754E-01	6.126716E-02
6.379814E+03	-1.693591E+01	2.027873E-01	6.127127E-02
6.380014E+03	-1.693725E+01	2.051927E-01	6.127538E-02
6.380214E+03	-1.693764E+01	2.053076E-01	6.127949E-02
6.380414E+03	-1.693837E+01	2.075179E-01	6.128360E-02
6.380614E+03	-1.693881E+01	2.057552E-01	6.128771E-02
6.380814E+03	-1.693827E+01	2.055241E-01	6.129182E-02
6.381014E+03	-1.693727E+01	2.049880E-01	6.129592E-02
6.381214E+03	-1.693636E+01	2.045253E-01	6.130003E-02
6.381414E+03	-1.693640E+01	2.045759E-01	6.130414E-02
6.381614E+03	-1.693726E+01	2.053776E-01	6.130825E-02
6.381814E+03	-1.693739E+01	2.054434E-01	6.131236E-02
6.382014E+03	-1.693691E+01	2.046387E-01	6.131646E-02
6.382214E+03	-1.693686E+01	2.050984E-01	6.132057E-02
6.382414E+03	-1.693655E+01	2.020556E-01	6.132468E-02
6.382614E+03	-1.693711E+01	1.982150E-01	6.132879E-02
6.382815E+03	-1.693702E+01	1.971285E-01	6.133291E-02
6.383015E+03	-1.693736E+01	1.973247E-01	6.133702E-02
6.383215E+03	-1.693775E+01	1.975106E-01	6.134113E-02
6.383415E+03	-1.693792E+01	1.975721E-01	6.134523E-02
6.383615E+03	-1.693757E+01	1.970939E-01	6.134934E-02
6.383815E+03	-1.693700E+01	1.980111E-01	6.135345E-02
6.384015E+03	-1.693743E+01	1.964979E-01	6.135755E-02
6.384215E+03	-1.693803E+01	1.961654E-01	6.136166E-02
6.384415E+03	-1.693820E+01	1.982396E-01	6.136577E-02
6.384615E+03	-1.693742E+01	1.976499E-01	6.136987E-02
6.384815E+03	-1.693715E+01	1.972504E-01	6.137398E-02
6.385015E+03	-1.693697E+01	1.963454E-01	6.137808E-02
6.385215E+03	-1.693632E+01	1.931407E-01	6.138219E-02
6.385415E+03	-1.693576E+01	1.929388E-01	6.138629E-02
6.385615E+03	-1.693545E+01	1.939041E-01	6.139040E-02
6.385815E+03	-1.693459E+01	1.923150E-01	6.139451E-02
6.386015E+03	-1.693389E+01	1.938838E-01	6.139861E-02
6.386215E+03	-1.693393E+01	1.928460E-01	6.140272E-02
6.386415E+03	-1.693453E+01	1.921067E-01	6.140682E-02
6.386614E+03	-1.693401E+01	1.921622E-01	6.141090E-02
6.386815E+03	-1.693323E+01	1.922281E-01	6.141503E-02
6.387015E+03	-1.693284E+01	1.923959E-01	6.141913E-02
6.387215E+03	-1.693292E+01	1.913665E-01	6.142324E-02
6.387414E+03	-1.693322E+01	1.916018E-01	6.142732E-02
6.387614E+03	-1.693296E+01	1.905365E-01	6.143143E-02
6.387815E+03	-1.693266E+01	1.903621E-01	6.143555E-02
6.388015E+03	-1.693359E+01	1.907074E-01	6.143965E-02
6.388215E+03	-1.693376E+01	1.929907E-01	6.144376E-02
6.388415E+03	-1.693402E+01	1.933416E-01	6.144786E-02
6.388615E+03	-1.693453E+01	1.933650E-01	6.145197E-02
6.388815E+03	-1.693448E+01	1.933501E-01	6.145607E-02
6.389015E+03	-1.693534E+01	1.943677E-01	6.146017E-02
6.389215E+03	-1.693533E+01	1.929364E-01	6.146427E-02
6.389815E+03	-1.693450E+01	1.923237E-01	6.147658E-02
6.390015E+03	-1.693428E+01	1.931617E-01	6.148069E-02
6.390215E+03	-1.693389E+01	1.933377E-01	6.148479E-02
6.390415E+03	-1.693243E+01	1.942527E-01	6.148889E-02
6.390615E+03	-1.693234E+01	1.942572E-01	6.149299E-02
6.390815E+03	-1.693187E+01	1.946498E-01	6.149709E-02
6.391015E+03	-1.693126E+01	1.927844E-01	6.150120E-02
6.391215E+03	-1.693096E+01	1.915463E-01	6.150530E-02
6.391415E+03	-1.693083E+01	1.914045E-01	6.150940E-02
6.391615E+03	-1.693027E+01	1.911774E-01	6.151350E-02
6.391815E+03	-1.692937E+01	1.907077E-01	6.151760E-02
6.392015E+03	-1.692903E+01	1.904989E-01	6.152170E-02
6.392215E+03	-1.692805E+01	1.897659E-01	6.152581E-02
6.392415E+03	-1.692775E+01	1.893185E-01	6.152991E-02
6.392615E+03	-1.692723E+01	1.886485E-01	6.153401E-02
6.392816E+03	-1.692715E+01	1.896611E-01	6.153813E-02
6.393016E+03	-1.692714E+01	1.914255E-01	6.154223E-02
6.393216E+03	-1.692726E+01	1.932380E-01	6.154633E-02
6.393416E+03	-1.692730E+01	1.917330E-01	6.155043E-02
6.393616E+03	-1.692666E+01	1.911149E-01	6.155453E-02
6.393816E+03	-1.692590E+01	1.899158E-01	6.155863E-02
6.394016E+03	-1.692598E+01	1.897290E-01	6.156273E-02
6.394216E+03	-1.692636E+01	1.898021E-01	6.156683E-02
6.394416E+03	-1.692606E+01	1.896308E-01	6.157093E-02
6.394616E+03	-1.692546E+01	1.887029E-01	6.157503E-02
6.394816E+03	-1.692512E+01	1.894873E-01	6.157913E-02
6.395016E+03	-1.692512E+01	1.902539E-01	6.158323E-02
6.395216E+03	-1.692482E+01	1.916485E-01	6.158733E-02
6.395416E+03	-1.692448E+01	1.922108E-01	6.159143E-02
6.395616E+03	-1.692384E+01	1.905419E-01	6.159553E-02
6.395816E+03	-1.692300E+01	1.901238E-01	6.159962E-02
6.396016E+03	-1.692237E+01	1.898406E-01	6.160372E-02
6.396216E+03	-1.692203E+01	1.899286E-01	6.160782E-02
6.396416E+03	-1.692186E+01	1.901773E-01	6.161192E-02
6.396616E+03	-1.692148E+01	1.898958E-01	6.161602E-02
6.396816E+03	-1.692139E+01	1.894667E-01	6.162012E-02
6.397016E+03	-1.692151E+01	1.895464E-01	6.162421E-02
6.397216E+03	-1.692134E+01	1.887511E-01	6.162831E-02
6.397416E+03	-1.692100E+01	1.886060E-01	6.163241E-02
6.397617E+03	-1.692100E+01	1.884808E-01	6.163653E-02
6.397817E+03	-1.692124E+01	1.887398E-01	6.164063E-02
6.398017E+03	-1.692095E+01	1.884168E-01	6.164472E-02
6.398217E+03	-1.692069E+01	1.872991E-01	6.164882E-02
6.398417E+03	-1.692031E+01	1.875499E-01	6.165292E-02
6.398617E+03	-1.691939E+01	1.876580E-01	6.165701E-02
6.399016E+03	-1.691968E+01	1.912244E-01	6.166519E-02
6.399217E+03	-1.692025E+01	1.923352E-01	6.166931E-02
6.399417E+03	-1.692004E+01	1.927052E-01	6.167340E-02
6.399617E+03	-1.691896E+01	1.922426E-01	6.167750E-02
6.399816E+03	-1.691841E+01	1.920827E-01	6.168157E-02
6.400016E+03	-1.691737E+01	1.915920E-01	6.168567E-02
6.400216E+03	-1.691787E+01	1.918818E-01	6.168977E-02
6.400416E+03	-1.691646E+01	1.918478E-01	6.169386E-02
6.400616E+03	-1.691658E+01	1.918819E-01	6.169796E-02
6.400816E+03	-1.691686E+01	1.922123E-01	6.170205E-02
6.401416E+03	-1.691718E+01	1.926401E-01	6.171434E-02
6.401616E+03	-1.691755E+01	1.943084E-01	6.171843E-02
6.401816E+03	-1.691833E+01	1.949514E-01	6.172253E-02
6.402016E+03	-1.691920E+01	1.955302E-01	6.172662E-02
6.402216E+03	-1.691957E+01	1.958194E-01	6.173072E-02
6.402617E+03	-1.691977E+01	1.962420E-01	6.173893E-02
6.402817E+03	-1.691976E+01	1.962254E-01	6.174302E-02
6.403017E+03	-1.691951E+01	1.958298E-01	6.174712E-02
6.403217E+03	-1.691909E+01	1.961577E-01	6.175121E-02
6.403417E+03	-1.691913E+01	1.996923E-01	6.175531E-02
6.403617E+03	-1.691950E+01	2.000558E-01	6.175940E-02
6.403817E+03	-1.691991E+01	2.000186E-01	6.176349E-02
6.404017E+03	-1.691966E+01	1.998745E-01	6.176759E-02
6.404217E+03	-1.691924E+01	1.994254E-01	6.177168E-02
6.404417E+03	-1.691965E+01	2.006193E-01	6.177577E-02
6.404617E+03	-1.691944E+01	2.007146E-01	6.177987E-02
6.404817E+03	-1.691914E+01	2.005968E-01	6.178396E-02
6.405017E+03	-1.691868E+01	2.006598E-01	6.178805E-02
6.405217E+03	-1.691793E+01	2.009700E-01	6.179215E-02
6.405417E+03	-1.691780E+01	2.010244E-01	6.179624E-02
6.405617E+03	-1.691767E+01	2.008840E-01	6.180033E-02
6.406417E+03	-1.691716E+01	2.002736E-01	6.181670E-02
6.406617E+03	-1.691670E+01	2.001921E-01	6.182079E-02
6.406817E+03	-1.691595E+01	2.002541E-01	6.182488E-02
6.407017E+03	-1.691562E+01	2.004319E-01	6.182897E-02
6.407217E+03	-1.691508E+01	2.021903E-01	6.183307E-02
6.407417E+03	-1.691466E+01	2.025583E-01	6.183716E-02
6.407618E+03	-1.691515E+01	2.029371E-01	6.184127E-02
6.408018E+03	-1.691515E+01	2.028959E-01	6.184945E-02
6.408218E+03	-1.691473E+01	2.035966E-01	6.185354E-02
6.408418E+03	-1.691411E+01	2.033940E-01	6.185763E-02
6.408618E+03	-1.691439E+01	2.035164E-01	6.186172E-02
6.408818E+03	-1.691538E+01	2.039634E-01	6.186581E-02
6.409018E+03	-1.691558E+01	2.041469E-01	6.186990E-02
6.409218E+03	-1.691533E+01	2.040718E-01	6.187399E-02
6.409418E+03	-1.691524E+01	2.041444E-01	6.187808E-02
6.409618E+03	-1.691499E+01	2.036700E-01	6.188217E-02
6.409818E+03	-1.691507E+01	2.035768E-01	6.188626E-02
6.410018E+03	-1.691527E+01	2.030801E-01	6.189035E-02
6.410218E+03	-1.691485E+01	2.020931E-01	6.189444E-02
6.410418E+03	-1.691505E+01	2.017112E-01	6.189853E-02
6.410618E+03	-1.691480E+01	2.014565E-01	6.190262E-02
6.410818E+03	-1.691521E+01	2.014622E-01	6.190671E-02
6.411018E+03	-1.691496E+01	2.015000E-01	6.191080E-02
6.411218E+03	-1.691479E+01	2.017570E-01	6.191489E-02
6.411417E+03	-1.691396E+01	2.015683E-01	6.191896E-02
6.411618E+03	-1.691404E+01	2.028762E-01	6.192307E-02
6.411818E+03	-1.691433E+01	2.029367E-01	6.192716E-02
6.412017E+03	-1.691420E+01	2.023159E-01	6.193122E-02
6.412217E+03	-1.691415E+01	2.019638E-01	6.193531E-02
6.412417E+03	-1.691382E+01	2.029446E-01	6.193940E-02
6.412618E+03	-1.691369E+01	2.029773E-01	6.194351E-02
6.412818E+03	-1.691287E+01	2.042868E-01	6.194760E-02
6.413018E+03	-1.691143E+01	2.042148E-01	6.195169E-02
6.413218E+03	-1.691159E+01	2.054726E-01	6.195577E-02
6.413618E+03	-1.691150E+01	2.051970E-01	6.196395E-02
6.413818E+03	-1.691060E+01	2.032239E-01	6.196804E-02
6.414018E+03	-1.690986E+01	2.028688E-01	6.197212E-02
6.414218E+03	-1.690945E+01	2.029961E-01	6.197621E-02
6.414418E+03	-1.690965E+01	2.030016E-01	6.198030E-02
6.414618E+03	-1.691018E+01	2.044671E-01	6.198438E-02
6.414818E+03	-1.691030E+01	2.053232E-01	6.198847E-02
6.415018E+03	-1.691058E+01	2.071991E-01	6.199256E-02
6.415218E+03	-1.691037E+01	2.059038E-01	6.199664E-02
6.415618E+03	-1.690942E+01	2.054644E-01	6.200482E-02
6.415818E+03	-1.690901E+01	2.052519E-01	6.200890E-02
6.416018E+03	-1.690986E+01	2.069544E-01	6.201299E-02
6.416218E+03	-1.691027E+01	2.071363E-01	6.201707E-02
6.416418E+03	-1.691059E+01	2.073001E-01	6.202116E-02
6.416618E+03	-1.691063E+01	2.068220E-01	6.202524E-02
6.416818E+03	-1.691115E+01	2.070952E-01	6.202933E-02
6.417018E+03	-1.691180E+01	2.074236E-01	6.203342E-02
6.417218E+03	-1.691163E+01	2.081875E-01	6.203750E-02
6.417419E+03	-1.691163E+01	2.083592E-01	6.204161E-02
6.417619E+03	-1.691240E+01	2.091706E-01	6.204569E-02
6.417819E+03	-1.691281E+01	2.093352E-01	6.204978E-02
6.418019E+03	-1.691326E+01	2.089045E-01	6.205386E-02
6.418219E+03	-1.691358E+01	2.084055E-01	6.205794E-02
6.418419E+03	-1.691366E+01	2.083340E-01	6.206203E-02
6.418819E+03	-1.691357E+01	2.072722E-01	6.207020E-02
6.419019E+03	-1.691365E+01	2.071184E-01	6.207428E-02
6.419219E+03	-1.691397E+01	2.082863E-01	6.207837E-02
6.419419E+03	-1.691392E+01	2.081720E-01	6.208245E-02
6.419619E+03	-1.691466E+01	2.086095E-01	6.208653E-02
6.419819E+03	-1.691466E+01	2.084325E-01	6.209062E-02
6.420019E+03	-1.691330E+01	2.077949E-01	6.209470E-02
6.420219E+03	-1.691214E+01	2.073407E-01	6.209878E-02
6.420419E+03	-1.691218E+01	2.074012E-01	6.210287E-02
6.420619E+03	-1.691218E+01	2.072620E-01	6.210695E-02
6.420819E+03	-1.691193E+01	2.075131E-01	6.211103E-02
6.421019E+03	-1.691221E+01	2.078260E-01	6.211511E-02
6.421219E+03	-1.691229E+01	2.077956E-01	6.211920E-02
6.421419E+03	-1.691159E+01	2.079577E-01	6.212328E-02
6.421619E+03	-1.691138E+01	2.079539E-01	6.212736E-02
6.421819E+03	-1.691142E+01	2.084148E-01	6.213144E-02
6.422019E+03	-1.691109E+01	2.089399E-01	6.213553E-02
6.422219E+03	-1.691096E+01	2.093872E-01	6.213961E-02
6.422420E+03	-1.691010E+01	2.093373E-01	6.214371E-02
6.422620E+03	-1.690936E+01	2.089356E-01	6.214779E-02
6.422820E+03	-1.690928E+01	2.077904E-01	6.215187E-02
6.423020E+03	-1.691009E+01	2.074714E-01	6.215596E-02
6.423220E+03	-1.691106E+01	2.078660E-01	6.216004E-02
6.423420E+03	-1.691143E+01	2.078255E-01	6.216412E-02
6.423620E+03	-1.691105E+01	2.075557E-01	6.216820E-02
6.423819E+03	-1.691113E+01	2.076274E-01	6.217226E-02
6.424020E+03	-1.691072E+01	2.069468E-01	6.217636E-02
6.424220E+03	-1.690994E+01	2.055150E-01	6.218044E-02
6.424419E+03	-1.690945E+01	2.052799E-01	6.218450E-02
6.424619E+03	-1.690977E+01	2.053443E-01	6.218858E-02
6.424819E+03	-1.691005E+01	2.052266E-01	6.219266E-02
6.425020E+03	-1.691017E+01	2.044734E-01	6.219676E-02
6.425219E+03	-1.690943E+01	2.042059E-01	6.220082E-02
6.425419E+03	-1.690939E+01	2.042152E-01	6.220490E-02
6.425619E+03	-1.690991E+01	2.043787E-01	6.220898E-02
6.425819E+03	-1.690999E+01	2.044903E-01	6.221306E-02
6.426019E+03	-1.690978E+01	2.031363E-01	6.221714E-02
6.426219E+03	-1.690986E+01	2.027142E-01	6.222122E-02
6.426419E+03	-1.691047E+01	2.031017E-01	6.222530E-02
6.426619E+03	-1.691107E+01	2.032820E-01	6.222938E-02
6.426819E+03	-1.691152E+01	2.034639E-01	6.223346E-02
6.427019E+03	-1.691176E+01	2.032721E-01	6.223754E-02
6.427219E+03	-1.691172E+01	2.028930E-01	6.224162E-02
6.427420E+03	-1.691163E+01	2.026094E-01	6.224572E-02
6.427620E+03	-1.691167E+01	2.023136E-01	6.224979E-02
6.427820E+03	-1.691219E+01	2.016279E-01	6.225387E-02
6.428020E+03	-1.691252E+01	2.014728E-01	6.225795E-02
6.428420E+03	-1.691255E+01	2.017500E-01	6.226611E-02
6.428620E+03	-1.691304E+01	2.020854E-01	6.227018E-02
6.428820E+03	-1.691345E+01	2.020671E-01	6.227426E-02
6.429020E+03	-1.691344E+01	2.020506E-01	6.227834E-02
6.429220E+03	-1.691315E+01	2.024013E-01	6.228242E-02
6.429420E+03	-1.691228E+01	2.025165E-01	6.228650E-02
6.429620E+03	-1.691150E+01	2.017372E-01	6.229057E-02
6.430020E+03	-1.691170E+01	2.006787E-01	6.229873E-02
6.430220E+03	-1.691182E+01	2.006208E-01	6.230280E-02
6.430620E+03	-1.691169E+01	2.001960E-01	6.231096E-02
6.430820E+03	-1.691091E+01	1.993443E-01	6.231503E-02
6.431020E+03	-1.691049E+01	1.973906E-01	6.231911E-02
6.431220E+03	-1.691061E+01	1.974422E-01	6.232319E-02
6.431420E+03	-1.691049E+01	1.963137E-01	6.232726E-02
6.431620E+03	-1.691060E+01	1.965649E-01	6.233134E-02
6.432020E+03	-1.691092E+01	1.966882E-01	6.233949E-02
6.432221E+03	-1.691133E+01	1.968734E-01	6.234359E-02
6.432421E+03	-1.691136E+01	1.970268E-01	6.234766E-02
6.432621E+03	-1.691124E+01	1.976659E-01	6.235174E-02
6.432821E+03	-1.691119E+01	1.973940E-01	6.235581E-02
6.433021E+03	-1.691074E+01	1.972144E-01	6.235989E-02
6.433221E+03	-1.691102E+01	1.993662E-01	6.236396E-02
6.433421E+03	-1.691089E+01	1.995835E-01	6.236804E-02
6.433621E+03	-1.691056E+01	2.000946E-01	6.237211E-02
6.433821E+03	-1.691076E+01	2.001274E-01	6.237619E-02
6.434021E+03	-1.691068E+01	2.001755E-01	6.238026E-02
6.434221E+03	-1.691067E+01	2.004449E-01	6.238434E-02
6.434421E+03	-1.691059E+01	2.012642E-01	6.238841E-02
6.434621E+03	-1.691107E+01	2.015282E-01	6.239248E-02
6.434821E+03	-1.691160E+01	2.015213E-01	6.239656E-02
6.435021E+03	-1.691143E+01	2.003209E-01	6.240063E-02
6.435221E+03	-1.691086E+01	2.003431E-01	6.240470E-02
6.435421E+03	-1.691061E+01	2.008015E-01	6.240878E-02
6.435621E+03	-1.691073E+01	1.993395E-01	6.241285E-02
6.435821E+03	-1.691072E+01	1.996293E-01	6.241693E-02
6.436021E+03	-1.691092E+01	1.997273E-01	6.242100E-02
6.436221E+03	-1.691092E+01	1.997395E-01	6.242507E-02
6.436421E+03	-1.691034E+01	2.003253E-01	6.242914E-02
6.436620E+03	-1.690936E+01	1.996753E-01	6.243320E-02
6.437020E+03	-1.690976E+01	1.991497E-01	6.244134E-02
6.437221E+03	-1.690951E+01	1.992332E-01	6.244544E-02
6.437422E+03	-1.690926E+01	1.974772E-01	6.244953E-02
6.437621E+03	-1.690853E+01	1.986478E-01	6.245358E-02
6.437821E+03	-1.690739E+01	1.982099E-01	6.245765E-02
6.438021E+03	-1.690678E+01	1.982930E-01	6.246172E-02
6.438221E+03	-1.690645E+01	1.979351E-01	6.246580E-02
6.438421E+03	-1.690584E+01	1.976995E-01	6.246987E-02
6.438621E+03	-1.690499E+01	1.976366E-01	6.247394E-02
6.438821E+03	-1.690510E+01	1.989895E-01	6.247801E-02
6.439021E+03	-1.690583E+01	1.992821E-01	6.248208E-02
6.439221E+03	-1.690615E+01	1.994183E-01	6.248615E-02
6.439421E+03	-1.690683E+01	2.000175E-01	6.249022E-02
6.439621E+03	-1.690719E+01	1.983871E-01	6.249429E-02
6.440021E+03	-1.690734E+01	1.999156E-01	6.250244E-02
6.440221E+03	-1.690726E+01	1.999189E-01	6.250651E-02
6.440421E+03	-1.690653E+01	1.996404E-01	6.251058E-02
6.440621E+03	-1.690656E+01	1.988339E-01	6.251465E-02
6.440821E+03	-1.690652E+01	1.987022E-01	6.251872E-02
6.441021E+03	-1.690603E+01	1.981734E-01	6.252279E-02
6.441221E+03	-1.690586E+01	1.974092E-01	6.252686E-02
6.441421E+03	-1.690610E+01	1.972325E-01	6.253093E-02
6.441621E+03	-1.690537E+01	1.948739E-01	6.253500E-02
6.441821E+03	-1.690525E+01	1.948156E-01	6.253907E-02
6.442021E+03	-1.690544E+01	1.938450E-01	6.254314E-02
6.442222E+03	-1.690556E+01	1.937417E-01	6.254723E-02
6.442622E+03	-1.690587E+01	1.927712E-01	6.255536E-02
6.442822E+03	-1.690587E+01	1.928479E-01	6.255943E-02
6.443022E+03	-1.690647E+01	1.935702E-01	6.256350E-02
6.443222E+03	-1.690716E+01	1.936219E-01	6.256757E-02
6.443422E+03	-1.690695E+01	1.935276E-01	6.257164E-02
6.443622E+03	-1.690598E+01	1.936854E-01	6.257571E-02
6.443822E+03	-1.690508E+01	1.935197E-01	6.257978E-02
6.444022E+03	-1.690431E+01	1.932594E-01	6.258384E-02
6.444222E+03	-1.690379E+01	1.919779E-01	6.258791E-02
6.444622E+03	-1.690318E+01	1.903791E-01	6.259605E-02
6.444822E+03	-1.690329E+01	1.888982E-01	6.260012E-02
6.445022E+03	-1.690301E+01	1.887841E-01	6.260418E-02
6.445222E+03	-1.690252E+01	1.884748E-01	6.260825E-02
6.445422E+03	-1.690232E+01	1.885762E-01	6.261232E-02
6.445622E+03	-1.690183E+01	1.885838E-01	6.261638E-02
6.445822E+03	-1.690135E+01	1.885474E-01	6.262045E-02
6.446022E+03	-1.690207E+01	1.889964E-01	6.262452E-02
6.446222E+03	-1.690262E+01	1.892446E-01	6.262859E-02
6.446422E+03	-1.690302E+01	1.887614E-01	6.263265E-02
6.446622E+03	-1.690366E+01	1.885305E-01	6.263672E-02
6.446822E+03	-1.690390E+01	1.874048E-01	6.264078E-02
6.447022E+03	-1.690345E+01	1.870575E-01	6.264485E-02
6.447223E+03	-1.690405E+01	1.877558E-01	6.264894E-02
6.447423E+03	-1.690477E+01	1.884038E-01	6.265300E-02
6.447623E+03	-1.690525E+01	1.891220E-01	6.265707E-02
6.447823E+03	-1.690524E+01	1.892511E-01	6.266114E-02
6.448023E+03	-1.690536E+01	1.896185E-01	6.266520E-02
6.448223E+03	-1.690415E+01	1.890191E-01	6.266927E-02
6.448423E+03	-1.690346E+01	1.890513E-01	6.267333E-02
6.448623E+03	-1.690330E+01	1.892102E-01	6.267740E-02
6.448823E+03	-1.690253E+01	1.889947E-01	6.268146E-02
6.449023E+03	-1.690357E+01	1.894292E-01	6.268553E-02
6.449222E+03	-1.690409E+01	1.898344E-01	6.268957E-02
6.449422E+03	-1.690384E+01	1.895962E-01	6.269364E-02
6.449623E+03	-1.690328E+01	1.897885E-01	6.269772E-02
6.449823E+03	-1.690283E+01	1.892547E-01	6.270179E-02
6.450022E+03	-1.690235E+01	1.883639E-01	6.270583E-02
6.450222E+03	-1.690238E+01	1.875117E-01	6.270989E-02
6.450422E+03	-1.690282E+01	1.850184E-01	6.271396E-02
6.450622E+03	-1.690342E+01	1.838571E-01	6.271802E-02
6.450822E+03	-1.690317E+01	1.834540E-01	6.272209E-02
6.451022E+03	-1.690361E+01	1.830218E-01	6.272615E-02
6.451222E+03	-1.690385E+01	1.829747E-01	6.273021E-02
6.451422E+03	-1.690372E+01	1.829761E-01	6.273428E-02
6.451622E+03	-1.690368E+01	1.830557E-01	6.273834E-02
6.451822E+03	-1.690363E+01	1.823233E-01	6.274240E-02
6.452023E+03	-1.690343E+01	1.811181E-01	6.274649E-02
6.452223E+03	-1.690290E+01	1.802023E-01	6.275055E-02
6.452423E+03	-1.690254E+01	1.798241E-01	6.275461E-02
6.452623E+03	-1.690233E+01	1.780980E-01	6.275868E-02
6.452823E+03	-1.690193E+01	1.779138E-01	6.276274E-02
6.453023E+03	-1.690160E+01	1.776066E-01	6.276680E-02
6.453223E+03	-1.690116E+01	1.772430E-01	6.277086E-02
6.453423E+03	-1.690072E+01	1.775349E-01	6.277493E-02
6.453623E+03	-1.690071E+01	1.793875E-01	6.277899E-02
6.453823E+03	-1.690107E+01	1.813583E-01	6.278305E-02
6.454023E+03	-1.690114E+01	1.814996E-01	6.278711E-02
6.454223E+03	-1.690142E+01	1.780091E-01	6.279117E-02
6.454423E+03	-1.690169E+01	1.779399E-01	6.279523E-02
6.454623E+03	-1.690225E+01	1.781497E-01	6.279930E-02
6.455023E+03	-1.690176E+01	1.784810E-01	6.280742E-02
6.455223E+03	-1.690048E+01	1.779163E-01	6.281148E-02
6.455423E+03	-1.690060E+01	1.770432E-01	6.281554E-02
6.455623E+03	-1.690143E+01	1.765656E-01	6.281960E-02
6.455823E+03	-1.690211E+01	1.765220E-01	6.282366E-02
6.456023E+03	-1.690218E+01	1.763382E-01	6.282772E-02
6.456223E+03	-1.690250E+01	1.755783E-01	6.283178E-02
6.456423E+03	-1.690278E+01	1.756798E-01	6.283584E-02
6.456623E+03	-1.690329E+01	1.764856E-01	6.283990E-02
6.456823E+03	-1.690389E+01	1.769038E-01	6.284396E-02
6.457024E+03	-1.690409E+01	1.770783E-01	6.284804E-02
6.457224E+03	-1.690389E+01	1.769199E-01	6.285210E-02
6.457424E+03	-1.690396E+01	1.774797E-01	6.285616E-02
6.457624E+03	-1.690428E+01	1.763189E-01	6.286022E-02
6.457824E+03	-1.690472E+01	1.749995E-01	6.286428E-02
6.458024E+03	-1.690471E+01	1.748101E-01	6.286834E-02
6.458224E+03	-1.690451E+01	1.747572E-01	6.287240E-02
6.458424E+03	-1.690511E+01	1.738509E-01	6.287646E-02
6.458624E+03	-1.690486E+01	1.727178E-01	6.288052E-02
6.458824E+03	-1.690603E+01	1.731801E-01	6.288458E-02
6.459024E+03	-1.690761E+01	1.739856E-01	6.288864E-02
6.459224E+03	-1.690703E+01	1.739285E-01	6.289270E-02
6.459424E+03	-1.690744E+01	1.742005E-01	6.289675E-02
6.459624E+03	-1.690780E+01	1.741725E-01	6.290081E-02
6.459824E+03	-1.690775E+01	1.742983E-01	6.290487E-02
6.460024E+03	-1.690828E+01	1.745103E-01	6.290893E-02
6.460224E+03	-1.690831E+01	1.732707E-01	6.291299E-02
6.460424E+03	-1.690937E+01	1.736933E-01	6.291704E-02
6.460624E+03	-1.690961E+01	1.735914E-01	6.292110E-02
6.460824E+03	-1.690952E+01	1.734447E-01	6.292516E-02
6.461024E+03	-1.690968E+01	1.736811E-01	6.292922E-02
6.461224E+03	-1.690988E+01	1.736158E-01	6.293327E-02
6.461423E+03	-1.691028E+01	1.733421E-01	6.293731E-02
6.461623E+03	-1.691118E+01	1.735950E-01	6.294137E-02
6.461824E+03	-1.691097E+01	1.720941E-01	6.294545E-02
6.462025E+03	-1.691162E+01	1.729232E-01	6.294952E-02
6.462225E+03	-1.691145E+01	1.729153E-01	6.295358E-02
6.462424E+03	-1.691161E+01	1.734597E-01	6.295762E-02
6.462624E+03	-1.691112E+01	1.711894E-01	6.296167E-02
6.462824E+03	-1.691071E+01	1.708770E-01	6.296573E-02
6.463024E+03	-1.691127E+01	1.696331E-01	6.296979E-02
6.463224E+03	-1.691160E+01	1.680858E-01	6.297384E-02
6.463424E+03	-1.691192E+01	1.673233E-01	6.297790E-02
6.463624E+03	-1.691335E+01	1.687456E-01	6.298195E-02
6.463824E+03	-1.691417E+01	1.692760E-01	6.298601E-02
6.464024E+03	-1.691351E+01	1.691346E-01	6.299006E-02
6.464224E+03	-1.691347E+01	1.695628E-01	6.299412E-02
6.464424E+03	-1.691433E+01	1.714507E-01	6.299818E-02
6.464624E+03	-1.691486E+01	1.695866E-01	6.300223E-02
6.464824E+03	-1.691461E+01	1.684464E-01	6.300629E-02
6.465024E+03	-1.691452E+01	1.660678E-01	6.301034E-02
6.465424E+03	-1.691480E+01	1.660339E-01	6.301845E-02
6.465624E+03	-1.691542E+01	1.659113E-01	6.302250E-02
6.465824E+03	-1.691636E+01	1.662587E-01	6.302656E-02
6.466024E+03	-1.691657E+01	1.649747E-01	6.303061E-02
6.466224E+03	-1.691706E+01	1.653712E-01	6.303467E-02
6.466424E+03	-1.691726E+01	1.652261E-01	6.303872E-02
6.466624E+03	-1.691701E+01	1.668985E-01	6.304278E-02
6.467025E+03	-1.691709E+01	1.664491E-01	6.305090E-02
6.467225E+03	-1.691791E+01	1.668634E-01	6.305496E-02
6.467425E+03	-1.691953E+01	1.663787E-01	6.305901E-02
6.467625E+03	-1.692103E+01	1.677684E-01	6.306306E-02
6.467825E+03	-1.692124E+01	1.679163E-01	6.306712E-02
6.468025E+03	-1.692115E+01	1.678881E-01	6.307117E-02
6.468225E+03	-1.692039E+01	1.677728E-01	6.307522E-02
6.468425E+03	-1.692018E+01	1.680765E-01	6.307928E-02
6.468625E+03	-1.691947E+01	1.676185E-01	6.308333E-02
6.468825E+03	-1.691996E+01	1.678913E-01	6.308738E-02
6.469025E+03	-1.692046E+01	1.692143E-01	6.309143E-02
6.469225E+03	-1.692025E+01	1.685017E-01	6.309549E-02
6.469425E+03	-1.692070E+01	1.685130E-01	6.309954E-02
6.469625E+03	-1.692137E+01	1.691586E-01	6.310359E-02
6.469825E+03	-1.692220E+01	1.707998E-01	6.310764E-02
6.470025E+03	-1.692249E+01	1.708020E-01	6.311169E-02
6.470225E+03	-1.692245E+01	1.709914E-01	6.311575E-02
6.470425E+03	-1.692278E+01	1.710733E-01	6.311980E-02
6.470625E+03	-1.692345E+01	1.714945E-01	6.312385E-02
6.470825E+03	-1.692454E+01	1.715185E-01	6.312790E-02
6.471025E+03	-1.692378E+01	1.709618E-01	6.313195E-02
6.471225E+03	-1.692445E+01	1.714092E-01	6.313600E-02
6.471425E+03	-1.692436E+01	1.708062E-01	6.314005E-02
6.471625E+03	-1.692495E+01	1.709079E-01	6.314410E-02
6.471826E+03	-1.692494E+01	1.700881E-01	6.314817E-02
6.472026E+03	-1.692435E+01	1.698441E-01	6.315222E-02
6.472226E+03	-1.692405E+01	1.690624E-01	6.315628E-02
6.472426E+03	-1.692400E+01	1.685948E-01	6.316033E-02
6.472626E+03	-1.692366E+01	1.682828E-01	6.316438E-02
6.472826E+03	-1.692454E+01	1.685799E-01	6.316843E-02
6.473026E+03	-1.692564E+01	1.689266E-01	6.317248E-02
6.473226E+03	-1.692542E+01	1.688105E-01	6.317653E-02
6.473426E+03	-1.692563E+01	1.689055E-01	6.318058E-02
6.473626E+03	-1.692647E+01	1.692989E-01	6.318462E-02
6.473825E+03	-1.692617E+01	1.692977E-01	6.318865E-02
6.474025E+03	-1.692553E+01	1.692365E-01	6.319270E-02
6.474225E+03	-1.692566E+01	1.689389E-01	6.319675E-02
6.474426E+03	-1.692557E+01	1.686097E-01	6.320082E-02
6.474626E+03	-1.692696E+01	1.713402E-01	6.320487E-02
6.474825E+03	-1.692696E+01	1.714124E-01	6.320890E-02
6.475025E+03	-1.692666E+01	1.736966E-01	6.321295E-02
6.475225E+03	-1.692716E+01	1.747712E-01	6.321700E-02
6.475425E+03	-1.692686E+01	1.760015E-01	6.322105E-02
6.475625E+03	-1.692643E+01	1.760290E-01	6.322509E-02
6.475825E+03	-1.692550E+01	1.755374E-01	6.322914E-02
6.476025E+03	-1.692583E+01	1.755431E-01	6.323319E-02
6.476225E+03	-1.692642E+01	1.759399E-01	6.323724E-02
6.476425E+03	-1.692625E+01	1.757822E-01	6.324129E-02
6.476625E+03	-1.692658E+01	1.758729E-01	6.324533E-02
6.476826E+03	-1.692760E+01	1.762947E-01	6.324940E-02
6.477026E+03	-1.692734E+01	1.761487E-01	6.325345E-02
6.477226E+03	-1.692733E+01	1.762167E-01	6.325750E-02
6.477426E+03	-1.692712E+01	1.760626E-01	6.326154E-02
6.477626E+03	-1.692694E+01	1.762527E-01	6.326559E-02
6.477826E+03	-1.692749E+01	1.777312E-01	6.326964E-02
6.478026E+03	-1.692796E+01	1.778207E-01	6.327368E-02
6.478226E+03	-1.692816E+01	1.775800E-01	6.327773E-02
6.478426E+03	-1.692897E+01	1.778090E-01	6.328178E-02
6.478626E+03	-1.692973E+01	1.783676E-01	6.328582E-02
6.478826E+03	-1.692977E+01	1.796161E-01	6.328987E-02
6.479026E+03	-1.693007E+01	1.791369E-01	6.329392E-02
6.479226E+03	-1.693054E+01	1.787702E-01	6.329796E-02
6.479426E+03	-1.693070E+01	1.789564E-01	6.330201E-02
6.479626E+03	-1.693113E+01	1.791331E-01	6.330605E-02
6.479826E+03	-1.693134E+01	1.801696E-01	6.331010E-02
6.480026E+03	-1.693193E+01	1.804191E-01	6.331414E-02
6.480226E+03	-1.693305E+01	1.810608E-01	6.331819E-02
6.480426E+03	-1.693408E+01	1.815964E-01	6.332224E-02
6.480626E+03	-1.693446E+01	1.822905E-01	6.332628E-02
6.480826E+03	-1.693515E+01	1.826244E-01	6.333033E-02
6.481026E+03	-1.693532E+01	1.831908E-01	6.333437E-02
6.481226E+03	-1.693536E+01	1.831961E-01	6.333842E-02
6.481426E+03	-1.693531E+01	1.831518E-01	6.334246E-02
6.481626E+03	-1.693548E+01	1.831079E-01	6.334650E-02
6.481827E+03	-1.693600E+01	1.823993E-01	6.335057E-02
6.482027E+03	-1.693595E+01	1.822554E-01	6.335461E-02
6.482227E+03	-1.693655E+01	1.825930E-01	6.335866E-02
6.482427E+03	-1.693768E+01	1.804942E-01	6.336270E-02
6.482627E+03	-1.693796E+01	1.799821E-01	6.336675E-02
6.482827E+03	-1.693768E+01	1.790525E-01	6.337079E-02
6.483027E+03	-1.693750E+01	1.804995E-01	6.337483E-02
6.483227E+03	-1.693736E+01	1.811482E-01	6.337888E-02
6.483427E+03	-1.693696E+01	1.806815E-01	6.338292E-02
6.483627E+03	-1.693696E+01	1.803218E-01	6.338696E-02
6.483827E+03	-1.693718E+01	1.803313E-01	6.339101E-02
6.484027E+03	-1.693681E+01	1.793654E-01	6.339505E-02
6.484227E+03	-1.693718E+01	1.794155E-01	6.339909E-02
6.484427E+03	-1.693789E+01	1.787044E-01	6.340314E-02
6.484627E+03	-1.693760E+01	1.776198E-01	6.340718E-02
6.484827E+03	-1.693672E+01	1.779447E-01	6.341122E-02
6.485027E+03	-1.693681E+01	1.774998E-01	6.341526E-02
6.485227E+03	-1.693628E+01	1.772982E-01	6.341931E-02
6.485427E+03	-1.693614E+01	1.772190E-01	6.342335E-02
6.485827E+03	-1.693648E+01	1.762015E-01	6.343143E-02
6.486026E+03	-1.693643E+01	1.768221E-01	6.343545E-02
6.486226E+03	-1.693666E+01	1.769219E-01	6.343950E-02
6.486426E+03	-1.693682E+01	1.778565E-01	6.344354E-02
6.486627E+03	-1.693679E+01	1.778763E-01	6.344760E-02
6.486828E+03	-1.693658E+01	1.765331E-01	6.345166E-02
6.487028E+03	-1.693611E+01	1.760650E-01	6.345570E-02
6.487227E+03	-1.693559E+01	1.754512E-01	6.345972E-02
6.487427E+03	-1.693498E+01	1.751285E-01	6.346376E-02
6.487627E+03	-1.693467E+01	1.746216E-01	6.346780E-02
6.487827E+03	-1.693441E+01	1.743099E-01	6.347184E-02
6.488227E+03	-1.693479E+01	1.742066E-01	6.347993E-02
6.488427E+03	-1.693500E+01	1.745271E-01	6.348397E-02
6.488627E+03	-1.693512E+01	1.752589E-01	6.348801E-02
6.488827E+03	-1.693568E+01	1.751092E-01	6.349205E-02
6.489027E+03	-1.693581E+01	1.753698E-01	6.349609E-02
6.489227E+03	-1.693611E+01	1.738002E-01	6.350013E-02
6.489427E+03	-1.693584E+01	1.736614E-01	6.350417E-02
6.489627E+03	-1.693502E+01	1.733585E-01	6.350821E-02
6.489827E+03	-1.693592E+01	1.736007E-01	6.351224E-02
6.490027E+03	-1.693588E+01	1.737178E-01	6.351628E-02
6.490227E+03	-1.693527E+01	1.737308E-01	6.352032E-02
6.490427E+03	-1.693487E+01	1.745442E-01	6.352436E-02
6.490627E+03	-1.693504E+01	1.747913E-01	6.352840E-02
6.490827E+03	-1.693551E+01	1.754252E-01	6.353244E-02
6.491027E+03	-1.693577E+01	1.754782E-01	6.353648E-02
6.491227E+03	-1.693581E+01	1.756258E-01	6.354052E-02
6.491427E+03	-1.693524E+01	1.753982E-01	6.354456E-02
6.491628E+03	-1.693554E+01	1.752043E-01	6.354861E-02
6.491828E+03	-1.693532E+01	1.763081E-01	6.355265E-02
6.492028E+03	-1.693527E+01	1.763815E-01	6.355669E-02
6.492228E+03	-1.693544E+01	1.769372E-01	6.356073E-02
6.492428E+03	-1.693518E+01	1.774852E-01	6.356477E-02
6.492628E+03	-1.693491E+01	1.770329E-01	6.356880E-02
6.492828E+03	-1.693478E+01	1.765733E-01	6.357284E-02
6.493028E+03	-1.693456E+01	1.764811E-01	6.357688E-02
6.493228E+03	-1.693494E+01	1.779724E-01	6.358092E-02
6.493428E+03	-1.693585E+01	1.785452E-01	6.358495E-02
6.493628E+03	-1.693658E+01	1.787584E-01	6.358899E-02
6.493828E+03	-1.693643E+01	1.794395E-01	6.359303E-02
6.494028E+03	-1.693580E+01	1.790652E-01	6.359706E-02
6.494228E+03	-1.693527E+01	1.795569E-01	6.360110E-02
6.494428E+03	-1.693496E+01	1.794230E-01	6.360514E-02
6.494628E+03	-1.693500E+01	1.806963E-01	6.360917E-02
6.494828E+03	-1.693452E+01	1.807103E-01	6.361321E-02
6.495028E+03	-1.693500E+01	1.806790E-01	6.361725E-02
6.495228E+03	-1.693503E+01	1.804069E-01	6.362128E-02
6.495428E+03	-1.693477E+01	1.800438E-01	6.362532E-02
6.495628E+03	-1.693485E+01	1.797031E-01	6.362935E-02
6.495828E+03	-1.693498E+01	1.795188E-01	6.363339E-02
6.496028E+03	-1.693472E+01	1.794677E-01	6.363743E-02
6.496228E+03	-1.693471E+01	1.794201E-01	6.364146E-02
6.496428E+03	-1.693540E+01	1.794379E-01	6.364550E-02
6.496629E+03	-1.693548E+01	1.788582E-01	6.364955E-02
6.496829E+03	-1.693531E+01	1.787002E-01	6.365359E-02
6.497029E+03	-1.693539E+01	1.788096E-01	6.365762E-02
6.497229E+03	-1.693525E+01	1.788297E-01	6.366166E-02
6.497429E+03	-1.693438E+01	1.781710E-01	6.366569E-02
6.497629E+03	-1.693334E+01	1.776212E-01	6.366973E-02
6.497829E+03	-1.693338E+01	1.782816E-01	6.367376E-02
6.498029E+03	-1.693355E+01	1.784431E-01	6.367780E-02
6.498229E+03	-1.693346E+01	1.783947E-01	6.368183E-02
6.498429E+03	-1.693393E+01	1.782357E-01	6.368586E-02
6.498628E+03	-1.693501E+01	1.787016E-01	6.368988E-02
6.498828E+03	-1.693592E+01	1.802480E-01	6.369391E-02
6.499428E+03	-1.693661E+01	1.810853E-01	6.370601E-02
6.499628E+03	-1.693654E+01	1.805758E-01	6.371005E-02
6.499828E+03	-1.693624E+01	1.804053E-01	6.371408E-02
6.500228E+03	-1.693602E+01	1.802587E-01	6.372214E-02
6.500428E+03	-1.693567E+01	1.802665E-01	6.372618E-02
6.500628E+03	-1.693532E+01	1.802352E-01	6.373021E-02
6.500828E+03	-1.693509E+01	1.796299E-01	6.373424E-02
6.501028E+03	-1.693565E+01	1.796333E-01	6.373828E-02
6.501228E+03	-1.693631E+01	1.801930E-01	6.374231E-02
6.501429E+03	-1.693658E+01	1.802614E-01	6.374636E-02
6.501629E+03	-1.693671E+01	1.804825E-01	6.375039E-02
6.501829E+03	-1.693620E+01	1.801881E-01	6.375442E-02
6.502029E+03	-1.693589E+01	1.801185E-01	6.375846E-02
6.502229E+03	-1.693550E+01	1.797269E-01	6.376249E-02
6.502429E+03	-1.693606E+01	1.798953E-01	6.376652E-02
6.502629E+03	-1.693601E+01	1.798600E-01	6.377055E-02
6.502829E+03	-1.693575E+01	1.789106E-01	6.377458E-02
6.503029E+03	-1.693531E+01	1.760667E-01	6.377861E-02
6.503229E+03	-1.693479E+01	1.737741E-01	6.378264E-02
6.503429E+03	-1.693483E+01	1.724061E-01	6.378668E-02
6.503629E+03	-1.693439E+01	1.720138E-01	6.379071E-02
6.503829E+03	-1.693469E+01	1.721165E-01	6.379474E-02
6.504029E+03	-1.693512E+01	1.724398E-01	6.379877E-02
6.504229E+03	-1.693563E+01	1.726161E-01	6.380280E-02
6.504429E+03	-1.693602E+01	1.728192E-01	6.380683E-02
6.504629E+03	-1.693671E+01	1.733586E-01	6.381086E-02
6.504829E+03	-1.693788E+01	1.740143E-01	6.381489E-02
6.505229E+03	-1.693813E+01	1.741506E-01	6.382295E-02
6.505429E+03	-1.693787E+01	1.750389E-01	6.382698E-02
6.505629E+03	-1.693774E+01	1.759922E-01	6.383101E-02
6.505829E+03	-1.693706E+01	1.755883E-01	6.383504E-02
6.506029E+03	-1.693723E+01	1.752390E-01	6.383907E-02
6.506229E+03	-1.693786E+01	1.748375E-01	6.384310E-02
6.506430E+03	-1.693780E+01	1.747100E-01	6.384715E-02
6.506630E+03	-1.693844E+01	1.750966E-01	6.385117E-02
6.506830E+03	-1.693855E+01	1.746270E-01	6.385520E-02
6.507030E+03	-1.693916E+01	1.734502E-01	6.385923E-02
6.507230E+03	-1.694012E+01	1.738107E-01	6.386326E-02
6.507430E+03	-1.693977E+01	1.736521E-01	6.386729E-02
6.507630E+03	-1.694000E+01	1.747090E-01	6.387132E-02
6.507830E+03	-1.693980E+01	1.747611E-01	6.387535E-02
6.508030E+03	-1.693918E+01	1.748191E-01	6.387937E-02
6.508230E+03	-1.693918E+01	1.751707E-01	6.388340E-02
6.508430E+03	-1.693909E+01	1.749562E-01	6.388743E-02
6.508630E+03	-1.693938E+01	1.746735E-01	6.389146E-02
6.508830E+03	-1.693940E+01	1.744959E-01	6.389549E-02
6.509030E+03	-1.693976E+01	1.745613E-01	6.389951E-02
6.509230E+03	-1.694043E+01	1.746372E-01	6.390354E-02
6.509430E+03	-1.694041E+01	1.746126E-01	6.390757E-02
6.509630E+03	-1.694010E+01	1.744629E-01	6.391160E-02
6.509830E+03	-1.694023E+01	1.745070E-01	6.391562E-02
6.510030E+03	-1.694037E+01	1.745590E-01	6.391965E-02
6.510230E+03	-1.694066E+01	1.746500E-01	6.392368E-02
6.510430E+03	-1.694046E+01	1.742793E-01	6.392770E-02
6.510630E+03	-1.694075E+01	1.743903E-01	6.393173E-02
6.510830E+03	-1.694068E+01	1.743771E-01	6.393576E-02
6.511029E+03	-1.694088E+01	1.742957E-01	6.393976E-02
6.511230E+03	-1.694065E+01	1.745596E-01	6.394381E-02
6.511431E+03	-1.694113E+01	1.740746E-01	6.394785E-02
6.511631E+03	-1.694143E+01	1.741593E-01	6.395188E-02
6.511831E+03	-1.694065E+01	1.732596E-01	6.395591E-02
6.512030E+03	-1.694040E+01	1.737731E-01	6.395991E-02
6.512230E+03	-1.694108E+01	1.752776E-01	6.396394E-02
6.512430E+03	-1.694069E+01	1.746914E-01	6.396796E-02
6.512630E+03	-1.693956E+01	1.742196E-01	6.397199E-02
6.512830E+03	-1.693817E+01	1.731469E-01	6.397601E-02
6.513030E+03	-1.693747E+01	1.737884E-01	6.398004E-02
6.513230E+03	-1.693741E+01	1.738529E-01	6.398406E-02
6.513430E+03	-1.693781E+01	1.746127E-01	6.398809E-02
6.513630E+03	-1.693803E+01	1.739883E-01	6.399211E-02
6.513830E+03	-1.693749E+01	1.721873E-01	6.399614E-02
6.514030E+03	-1.693835E+01	1.726349E-01	6.400016E-02
6.514230E+03	-1.693922E+01	1.729084E-01	6.400419E-02
6.514430E+03	-1.693957E+01	1.728919E-01	6.400821E-02
6.514630E+03	-1.693997E+01	1.731165E-01	6.401223E-02
6.514830E+03	-1.694070E+01	1.744905E-01	6.401626E-02
6.515030E+03	-1.694041E+01	1.745119E-01	6.402028E-02
6.515230E+03	-1.694052E+01	1.743313E-01	6.402431E-02
6.515430E+03	-1.694108E+01	1.744121E-01	6.402833E-02
6.515630E+03	-1.694097E+01	1.743812E-01	6.403235E-02
6.515830E+03	-1.694013E+01	1.728303E-01	6.403638E-02
6.516030E+03	-1.694035E+01	1.731010E-01	6.404040E-02
6.516230E+03	-1.694124E+01	1.734057E-01	6.404442E-02
6.516431E+03	-1.694118E+01	1.733653E-01	6.404847E-02
6.516631E+03	-1.694088E+01	1.725037E-01	6.405249E-02
6.516831E+03	-1.694120E+01	1.719691E-01	6.405651E-02
6.517031E+03	-1.694188E+01	1.722235E-01	6.406053E-02
6.517231E+03	-1.694226E+01	1.722213E-01	6.406456E-02
6.517431E+03	-1.694221E+01	1.718733E-01	6.406858E-02
6.517631E+03	-1.694226E+01	1.725976E-01	6.407260E-02
6.517831E+03	-1.694277E+01	1.730207E-01	6.407662E-02
6.518031E+03	-1.694326E+01	1.727019E-01	6.408064E-02
6.518231E+03	-1.694303E+01	1.740975E-01	6.408467E-02
6.518431E+03	-1.694354E+01	1.761461E-01	6.408869E-02
6.518631E+03	-1.694422E+01	1.759286E-01	6.409271E-02
6.518831E+03	-1.694511E+01	1.748525E-01	6.409673E-02
6.519031E+03	-1.694488E+01	1.747367E-01	6.410075E-02
6.519231E+03	-1.694524E+01	1.745680E-01	6.410477E-02
6.519431E+03	-1.694510E+01	1.754372E-01	6.410879E-02
6.519631E+03	-1.694545E+01	1.769019E-01	6.411282E-02
6.519831E+03	-1.694586E+01	1.770062E-01	6.411684E-02
6.520031E+03	-1.694618E+01	1.781703E-01	6.412086E-02
6.520231E+03	-1.694728E+01	1.798455E-01	6.412488E-02
6.520431E+03	-1.694661E+01	1.794595E-01	6.412890E-02
6.520631E+03	-1.694599E+01	1.794861E-01	6.413292E-02
6.520831E+03	-1.694655E+01	1.794571E-01	6.413694E-02
6.521031E+03	-1.694701E+01	1.794436E-01	6.414096E-02
6.521232E+03	-1.694710E+01	1.805787E-01	6.414500E-02
6.521432E+03	-1.694709E+01	1.805679E-01	6.414902E-02
6.521632E+03	-1.694740E+01	1.808940E-01	6.415304E-02
6.521832E+03	-1.694686E+01	1.808718E-01	6.415706E-02
6.522032E+03	-1.694683E+01	1.823458E-01	6.416108E-02
6.522232E+03	-1.694749E+01	1.827683E-01	6.416510E-02
6.522432E+03	-1.694782E+01	1.829048E-01	6.416912E-02
6.522832E+03	-1.694840E+01	1.835486E-01	6.417715E-02
6.523032E+03	-1.694861E+01	1.844336E-01	6.418117E-02
6.523232E+03	-1.694893E+01	1.843914E-01	6.418519E-02
6.523431E+03	-1.694857E+01	1.842433E-01	6.418919E-02
6.523632E+03	-1.694754E+01	1.837748E-01	6.419323E-02
6.523832E+03	-1.694744E+01	1.814200E-01	6.419725E-02
6.524032E+03	-1.694682E+01	1.811454E-01	6.420129E-02
6.524231E+03	-1.694741E+01	1.788815E-01	6.420531E-02
6.524431E+03	-1.694857E+01	1.785035E-01	6.420934E-02
6.524631E+03	-1.694873E+01	1.779254E-01	6.421338E-02
6.524831E+03	-1.694935E+01	1.781716E-01	6.421742E-02
6.525031E+03	-1.695028E+01	1.793406E-01	6.422146E-02
6.525231E+03	-1.695060E+01	1.797888E-01	6.422549E-02
6.525431E+03	-1.694981E+01	1.790512E-01	6.422953E-02
6.525631E+03	-1.694958E+01	1.787346E-01	6.423357E-02
6.525831E+03	-1.695087E+01	1.790427E-01	6.423761E-02
6.526031E+03	-1.695211E+01	1.795306E-01	6.424164E-02
6.526232E+03	-1.695248E+01	1.798145E-01	6.424570E-02
6.526432E+03	-1.695247E+01	1.797378E-01	6.424974E-02
6.526632E+03	-1.695368E+01	1.803458E-01	6.425377E-02
6.526832E+03	-1.695417E+01	1.793003E-01	6.425781E-02
6.527032E+03	-1.695506E+01	1.794179E-01	6.426185E-02
6.527232E+03	-1.695543E+01	1.806898E-01	6.426588E-02
6.527432E+03	-1.695560E+01	1.811974E-01	6.426992E-02
6.527632E+03	-1.695505E+01	1.809772E-01	6.427395E-02
6.527832E+03	-1.695561E+01	1.805756E-01	6.427799E-02
6.528032E+03	-1.695639E+01	1.796553E-01	6.428202E-02
6.528232E+03	-1.695768E+01	1.800987E-01	6.428606E-02
6.528432E+03	-1.695814E+01	1.802327E-01	6.429010E-02
6.528632E+03	-1.695776E+01	1.799310E-01	6.429413E-02
6.528832E+03	-1.695778E+01	1.822709E-01	6.429817E-02
6.529032E+03	-1.695757E+01	1.821709E-01	6.430220E-02
6.529232E+03	-1.695702E+01	1.819668E-01	6.430624E-02
6.529432E+03	-1.695626E+01	1.813761E-01	6.431027E-02
6.529632E+03	-1.695608E+01	1.817325E-01	6.431431E-02
6.529832E+03	-1.695606E+01	1.814518E-01	6.431834E-02
6.530032E+03	-1.695599E+01	1.798506E-01	6.432237E-02
6.530232E+03	-1.695616E+01	1.803065E-01	6.432641E-02
6.530432E+03	-1.695626E+01	1.820968E-01	6.433044E-02
6.530632E+03	-1.695523E+01	1.816572E-01	6.433448E-02
6.530832E+03	-1.695465E+01	1.828362E-01	6.433851E-02
6.531032E+03	-1.695375E+01	1.829542E-01	6.434254E-02
6.531233E+03	-1.695359E+01	1.829818E-01	6.434660E-02
6.531433E+03	-1.695456E+01	1.833254E-01	6.435063E-02
6.531633E+03	-1.695504E+01	1.837686E-01	6.435467E-02
6.531833E+03	-1.695450E+01	1.831456E-01	6.435870E-02
6.532033E+03	-1.695485E+01	1.835284E-01	6.436273E-02
6.532233E+03	-1.695551E+01	1.821176E-01	6.436676E-02
6.532433E+03	-1.695617E+01	1.816705E-01	6.437080E-02
6.532633E+03	-1.695700E+01	1.819239E-01	6.437483E-02
6.532833E+03	-1.695735E+01	1.814796E-01	6.437886E-02
6.533033E+03	-1.695700E+01	1.813164E-01	6.438290E-02
6.533233E+03	-1.695795E+01	1.810360E-01	6.438693E-02
6.533433E+03	-1.695845E+01	1.816652E-01	6.439096E-02
6.533633E+03	-1.695896E+01	1.820147E-01	6.439499E-02
6.533833E+03	-1.695985E+01	1.830126E-01	6.439902E-02
6.534033E+03	-1.695970E+01	1.823172E-01	6.440306E-02
6.534233E+03	-1.696006E+01	1.822483E-01	6.440709E-02
6.534433E+03	-1.696029E+01	1.829772E-01	6.441112E-02
6.534633E+03	-1.696109E+01	1.833214E-01	6.441515E-02
6.534833E+03	-1.696171E+01	1.838649E-01	6.441918E-02
6.535033E+03	-1.696166E+01	1.834810E-01	6.442321E-02
6.535233E+03	-1.696208E+01	1.840067E-01	6.442725E-02
6.535433E+03	-1.696233E+01	1.830684E-01	6.443128E-02
6.535633E+03	-1.696179E+01	1.828290E-01	6.443531E-02
6.535833E+03	-1.696177E+01	1.827402E-01	6.443934E-02
6.536033E+03	-1.696227E+01	1.832595E-01	6.444337E-02
6.536234E+03	-1.696197E+01	1.825137E-01	6.444742E-02
6.536434E+03	-1.696233E+01	1.825496E-01	6.445145E-02
6.536633E+03	-1.696175E+01	1.818940E-01	6.445546E-02
6.536833E+03	-1.696063E+01	1.815657E-01	6.445949E-02
6.537033E+03	-1.695997E+01	1.797730E-01	6.446352E-02
6.537233E+03	-1.695912E+01	1.791395E-01	6.446755E-02
6.537433E+03	-1.695948E+01	1.801675E-01	6.447158E-02
6.537633E+03	-1.696005E+01	1.821225E-01	6.447561E-02
6.537833E+03	-1.695996E+01	1.820675E-01	6.447964E-02
6.538033E+03	-1.696061E+01	1.821961E-01	6.448367E-02
6.538233E+03	-1.696045E+01	1.832804E-01	6.448770E-02
6.538433E+03	-1.695949E+01	1.828748E-01	6.449173E-02
6.538633E+03	-1.695968E+01	1.840121E-01	6.449576E-02
6.538833E+03	-1.696034E+01	1.841455E-01	6.449979E-02
6.539033E+03	-1.696132E+01	1.844558E-01	6.450381E-02
6.539233E+03	-1.696151E+01	1.835190E-01	6.450784E-02
6.539433E+03	-1.696148E+01	1.833544E-01	6.451187E-02
6.539633E+03	-1.696107E+01	1.834320E-01	6.451590E-02
6.539833E+03	-1.696059E+01	1.837131E-01	6.451993E-02
6.540033E+03	-1.696112E+01	1.837871E-01	6.452396E-02
6.540233E+03	-1.696130E+01	1.835932E-01	6.452798E-02
6.540433E+03	-1.696164E+01	1.837625E-01	6.453201E-02
6.540633E+03	-1.696146E+01	1.818605E-01	6.453604E-02
6.540833E+03	-1.696029E+01	1.821762E-01	6.454007E-02
6.541034E+03	-1.696073E+01	1.824601E-01	6.454412E-02
6.541234E+03	-1.696166E+01	1.825768E-01	6.454814E-02
6.541434E+03	-1.696160E+01	1.819743E-01	6.455217E-02
6.541634E+03	-1.696079E+01	1.822029E-01	6.455620E-02
6.541834E+03	-1.695981E+01	1.827184E-01	6.456022E-02
6.542034E+03	-1.695929E+01	1.818232E-01	6.456425E-02
6.542234E+03	-1.695959E+01	1.816260E-01	6.456828E-02
6.542434E+03	-1.695941E+01	1.815806E-01	6.457231E-02
6.542634E+03	-1.695832E+01	1.802964E-01	6.457633E-02
6.542834E+03	-1.695808E+01	1.801420E-01	6.458036E-02
6.543034E+03	-1.695799E+01	1.790125E-01	6.458438E-02
6.543234E+03	-1.695794E+01	1.788088E-01	6.458841E-02
6.543434E+03	-1.695780E+01	1.782951E-01	6.459244E-02
6.543634E+03	-1.695723E+01	1.779686E-01	6.459646E-02
6.543834E+03	-1.695697E+01	1.778026E-01	6.460049E-02
6.544034E+03	-1.695648E+01	1.795542E-01	6.460451E-02
6.544434E+03	-1.695658E+01	1.814964E-01	6.461257E-02
6.544634E+03	-1.695628E+01	1.817964E-01	6.461659E-02
6.544834E+03	-1.695580E+01	1.814818E-01	6.462062E-02
6.545034E+03	-1.695530E+01	1.812701E-01	6.462464E-02
6.545234E+03	-1.695512E+01	1.810825E-01	6.462867E-02
6.545434E+03	-1.695552E+01	1.809511E-01	6.463269E-02
6.545634E+03	-1.695605E+01	1.811303E-01	6.463672E-02
6.545834E+03	-1.695601E+01	1.805021E-01	6.464074E-02
6.546035E+03	-1.695624E+01	1.806443E-01	6.464479E-02
6.546235E+03	-1.695643E+01	1.802426E-01	6.464881E-02
6.546435E+03	-1.695719E+01	1.822763E-01	6.465283E-02
6.546635E+03	-1.695792E+01	1.838003E-01	6.465686E-02
6.546835E+03	-1.695804E+01	1.831205E-01	6.466088E-02
6.547035E+03	-1.695770E+01	1.825610E-01	6.466491E-02
6.547235E+03	-1.695774E+01	1.826770E-01	6.466893E-02
6.547435E+03	-1.695824E+01	1.826298E-01	6.467295E-02
6.547635E+03	-1.695828E+01	1.835052E-01	6.467698E-02
6.547835E+03	-1.695791E+01	1.821638E-01	6.468100E-02
6.548035E+03	-1.695830E+01	1.817814E-01	6.468502E-02
6.548235E+03	-1.695897E+01	1.830790E-01	6.468905E-02
6.548435E+03	-1.695963E+01	1.833008E-01	6.469307E-02
6.548635E+03	-1.695972E+01	1.832056E-01	6.469709E-02
6.548834E+03	-1.695923E+01	1.830693E-01	6.470110E-02
6.549034E+03	-1.695932E+01	1.830601E-01	6.470512E-02
6.549234E+03	-1.695949E+01	1.838638E-01	6.470914E-02
6.549435E+03	-1.695917E+01	1.847575E-01	6.471318E-02
6.549634E+03	-1.695928E+01	1.845146E-01	6.471719E-02
6.549834E+03	-1.695981E+01	1.847384E-01	6.472121E-02
6.550034E+03	-1.695881E+01	1.844855E-01	6.472523E-02
6.550234E+03	-1.695780E+01	1.839594E-01	6.472925E-02
6.550434E+03	-1.695749E+01	1.838845E-01	6.473327E-02
6.550634E+03	-1.695683E+01	1.833187E-01	6.473730E-02
6.550834E+03	-1.695689E+01	1.833476E-01	6.474132E-02
6.551035E+03	-1.695695E+01	1.834659E-01	6.474536E-02
6.551235E+03	-1.695619E+01	1.830369E-01	6.474938E-02
6.551435E+03	-1.695652E+01	1.837747E-01	6.475340E-02
6.551635E+03	-1.695730E+01	1.846484E-01	6.475742E-02
6.551835E+03	-1.695767E+01	1.849359E-01	6.476144E-02
6.552035E+03	-1.695793E+01	1.852208E-01	6.476546E-02
6.552235E+03	-1.695817E+01	1.854662E-01	6.476948E-02
6.552435E+03	-1.695837E+01	1.856551E-01	6.477351E-02
6.552635E+03	-1.695942E+01	1.859393E-01	6.477753E-02
6.552835E+03	-1.695985E+01	1.865701E-01	6.478155E-02
6.553035E+03	-1.696018E+01	1.870291E-01	6.478557E-02
6.553235E+03	-1.696035E+01	1.876152E-01	6.478959E-02
6.553435E+03	-1.696067E+01	1.884847E-01	6.479361E-02
6.553635E+03	-1.696093E+01	1.882735E-01	6.479763E-02
6.554235E+03	-1.696100E+01	1.882798E-01	6.480969E-02
6.554435E+03	-1.696129E+01	1.894245E-01	6.481370E-02
6.554635E+03	-1.696193E+01	1.894756E-01	6.481772E-02
6.554835E+03	-1.696355E+01	1.904477E-01	6.482174E-02
6.555035E+03	-1.696449E+01	1.906078E-01	6.482576E-02
6.555235E+03	-1.696446E+01	1.901058E-01	6.482978E-02
6.555435E+03	-1.696437E+01	1.899205E-01	6.483380E-02
6.555635E+03	-1.696358E+01	1.898117E-01	6.483782E-02
6.555836E+03	-1.696330E+01	1.908466E-01	6.484186E-02
6.556036E+03	-1.696372E+01	1.912011E-01	6.484587E-02
6.556236E+03	-1.696432E+01	1.907217E-01	6.484989E-02
6.556436E+03	-1.696548E+01	1.920568E-01	6.485391E-02
6.556636E+03	-1.696602E+01	1.920235E-01	6.485793E-02
6.556836E+03	-1.696555E+01	1.914656E-01	6.486195E-02
6.557036E+03	-1.696546E+01	1.914426E-01	6.486597E-02
6.557236E+03	-1.696574E+01	1.933320E-01	6.486998E-02
6.557436E+03	-1.696621E+01	1.939704E-01	6.487400E-02
6.557636E+03	-1.696691E+01	1.942928E-01	6.487802E-02
6.557836E+03	-1.696751E+01	1.945676E-01	6.488203E-02
6.558036E+03	-1.696700E+01	1.947319E-01	6.488605E-02
6.558236E+03	-1.696723E+01	1.948648E-01	6.489007E-02
6.558436E+03	-1.696773E+01	1.952930E-01	6.489409E-02
6.558636E+03	-1.696864E+01	1.957513E-01	6.489810E-02
6.558836E+03	-1.696905E+01	1.959632E-01	6.490212E-02
6.559036E+03	-1.696935E+01	1.974027E-01	6.490614E-02
6.559236E+03	-1.696928E+01	1.973634E-01	6.491015E-02
6.559436E+03	-1.696917E+01	1.980284E-01	6.491417E-02
6.559636E+03	-1.696960E+01	1.982209E-01	6.491818E-02
6.559836E+03	-1.696962E+01	1.978555E-01	6.492220E-02
6.560036E+03	-1.696916E+01	1.976479E-01	6.492622E-02
6.560236E+03	-1.696980E+01	1.979600E-01	6.493023E-02
6.560636E+03	-1.696961E+01	1.976622E-01	6.493826E-02
6.560837E+03	-1.696869E+01	1.966592E-01	6.494230E-02
6.561037E+03	-1.696842E+01	1.953094E-01	6.494631E-02
6.561236E+03	-1.696938E+01	1.955474E-01	6.495031E-02
6.561436E+03	-1.696960E+01	1.956987E-01	6.495432E-02
6.561636E+03	-1.696904E+01	1.947773E-01	6.495834E-02
6.561837E+03	-1.696911E+01	1.928804E-01	6.496237E-02
6.562036E+03	-1.696920E+01	1.926449E-01	6.496637E-02
6.562236E+03	-1.696942E+01	1.923246E-01	6.497038E-02
6.562436E+03	-1.696898E+01	1.923540E-01	6.497440E-02
6.562636E+03	-1.696861E+01	1.925698E-01	6.497841E-02
6.563236E+03	-1.696837E+01	1.923929E-01	6.499046E-02
6.563436E+03	-1.696925E+01	1.927676E-01	6.499447E-02
6.563636E+03	-1.696932E+01	1.928856E-01	6.499848E-02
6.563836E+03	-1.696921E+01	1.932135E-01	6.500250E-02
6.564036E+03	-1.696892E+01	1.923133E-01	6.500651E-02
6.564236E+03	-1.696897E+01	1.922308E-01	6.501052E-02
6.564436E+03	-1.696890E+01	1.922017E-01	6.501454E-02
6.564636E+03	-1.696876E+01	1.919792E-01	6.501855E-02
6.564836E+03	-1.696882E+01	1.921283E-01	6.502256E-02
6.565036E+03	-1.696933E+01	1.921408E-01	6.502658E-02
6.565236E+03	-1.696921E+01	1.922580E-01	6.503059E-02
6.565436E+03	-1.697019E+01	1.928654E-01	6.503460E-02
6.565636E+03	-1.697137E+01	1.934296E-01	6.503861E-02
6.565837E+03	-1.697177E+01	1.932845E-01	6.504265E-02
6.566037E+03	-1.697210E+01	1.937914E-01	6.504666E-02
6.566237E+03	-1.697345E+01	1.944376E-01	6.505067E-02
6.566437E+03	-1.697437E+01	1.947698E-01	6.505468E-02
6.566637E+03	-1.697440E+01	1.949079E-01	6.505869E-02
6.566837E+03	-1.697556E+01	1.946936E-01	6.506271E-02
6.567037E+03	-1.697627E+01	1.949670E-01	6.506672E-02
6.567237E+03	-1.697654E+01	1.945445E-01	6.507073E-02
6.567437E+03	-1.697650E+01	1.919678E-01	6.507474E-02
6.567637E+03	-1.697686E+01	1.900191E-01	6.507875E-02
6.567837E+03	-1.697720E+01	1.906677E-01	6.508276E-02
6.568037E+03	-1.697709E+01	1.906311E-01	6.508677E-02
6.568237E+03	-1.697624E+01	1.907376E-01	6.509078E-02
6.568437E+03	-1.697574E+01	1.916717E-01	6.509480E-02
6.568637E+03	-1.697557E+01	1.905153E-01	6.509881E-02
6.568837E+03	-1.697534E+01	1.887445E-01	6.510282E-02
6.569037E+03	-1.697484E+01	1.896768E-01	6.510683E-02
6.569237E+03	-1.697441E+01	1.888804E-01	6.511084E-02
6.569437E+03	-1.697399E+01	1.876055E-01	6.511485E-02
6.569637E+03	-1.697399E+01	1.882280E-01	6.511886E-02
6.569837E+03	-1.697378E+01	1.876503E-01	6.512287E-02
6.570037E+03	-1.697356E+01	1.875701E-01	6.512688E-02
6.570437E+03	-1.697399E+01	1.875166E-01	6.513490E-02
6.570638E+03	-1.697403E+01	1.864745E-01	6.513893E-02
6.570838E+03	-1.697402E+01	1.865587E-01	6.514294E-02
6.571038E+03	-1.697428E+01	1.862974E-01	6.514694E-02
6.571238E+03	-1.697329E+01	1.855345E-01	6.515095E-02
6.571438E+03	-1.697385E+01	1.839278E-01	6.515496E-02
6.571638E+03	-1.697523E+01	1.843130E-01	6.515897E-02
6.571838E+03	-1.697552E+01	1.847553E-01	6.516298E-02
6.572038E+03	-1.697578E+01	1.854042E-01	6.516699E-02
6.572238E+03	-1.697622E+01	1.850227E-01	6.517100E-02
6.572438E+03	-1.697641E+01	1.852686E-01	6.517501E-02
6.572638E+03	-1.697636E+01	1.859009E-01	6.517901E-02
6.573038E+03	-1.697675E+01	1.864986E-01	6.518703E-02
6.573238E+03	-1.697707E+01	1.872176E-01	6.519104E-02
6.573438E+03	-1.697751E+01	1.873022E-01	6.519505E-02
6.573637E+03	-1.697811E+01	1.876562E-01	6.519903E-02
6.573837E+03	-1.697828E+01	1.875464E-01	6.520304E-02
6.574038E+03	-1.697824E+01	1.866871E-01	6.520707E-02
6.574238E+03	-1.697773E+01	1.862406E-01	6.521108E-02
6.574437E+03	-1.697742E+01	1.863705E-01	6.521506E-02
6.574637E+03	-1.697712E+01	1.870400E-01	6.521907E-02
6.574837E+03	-1.697651E+01	1.881909E-01	6.522308E-02
6.575037E+03	-1.697593E+01	1.880265E-01	6.522708E-02
6.575237E+03	-1.697651E+01	1.885181E-01	6.523109E-02
6.575437E+03	-1.697754E+01	1.898376E-01	6.523510E-02
6.575638E+03	-1.697869E+01	1.902306E-01	6.523912E-02
6.575838E+03	-1.697839E+01	1.904747E-01	6.524313E-02
6.576038E+03	-1.697752E+01	1.916279E-01	6.524714E-02
6.576238E+03	-1.697694E+01	1.916425E-01	6.525114E-02
6.576438E+03	-1.697656E+01	1.898855E-01	6.525515E-02
6.576638E+03	-1.697719E+01	1.886609E-01	6.525915E-02
6.576838E+03	-1.697781E+01	1.884302E-01	6.526316E-02
6.577038E+03	-1.697885E+01	1.888444E-01	6.526716E-02
6.577238E+03	-1.698009E+01	1.896022E-01	6.527117E-02
6.577438E+03	-1.698102E+01	1.899120E-01	6.527517E-02
6.577638E+03	-1.698184E+01	1.922157E-01	6.527918E-02
6.577838E+03	-1.698306E+01	1.933806E-01	6.528319E-02
6.578038E+03	-1.698256E+01	1.931577E-01	6.528719E-02
6.578238E+03	-1.698150E+01	1.900552E-01	6.529119E-02
6.578438E+03	-1.698247E+01	1.892939E-01	6.529520E-02
6.578638E+03	-1.698288E+01	1.893815E-01	6.529920E-02
6.578838E+03	-1.698317E+01	1.896126E-01	6.530321E-02
6.579038E+03	-1.698373E+01	1.894505E-01	6.530721E-02
6.579238E+03	-1.698406E+01	1.893126E-01	6.531122E-02
6.579438E+03	-1.698388E+01	1.888180E-01	6.531522E-02
6.579638E+03	-1.698373E+01	1.875849E-01	6.531923E-02
6.579838E+03	-1.698360E+01	1.856929E-01	6.532323E-02
6.580038E+03	-1.698307E+01	1.870590E-01	6.532723E-02
6.580238E+03	-1.698385E+01	1.863479E-01	6.533124E-02
6.580438E+03	-1.698424E+01	1.868119E-01	6.533524E-02
6.580639E+03	-1.698466E+01	1.868356E-01	6.533926E-02
6.580839E+03	-1.698522E+01	1.878186E-01	6.534327E-02
6.581039E+03	-1.698529E+01	1.885871E-01	6.534727E-02
6.581239E+03	-1.698519E+01	1.886054E-01	6.535127E-02
6.581439E+03	-1.698515E+01	1.882665E-01	6.535528E-02
6.581639E+03	-1.698528E+01	1.887823E-01	6.535928E-02
6.581839E+03	-1.698558E+01	1.893430E-01	6.536328E-02
6.582039E+03	-1.698598E+01	1.900436E-01	6.536728E-02
6.582239E+03	-1.698612E+01	1.897921E-01	6.537129E-02
6.582439E+03	-1.698621E+01	1.898229E-01	6.537529E-02
6.582639E+03	-1.698650E+01	1.895478E-01	6.537929E-02
6.582839E+03	-1.698731E+01	1.893882E-01	6.538329E-02
6.583039E+03	-1.698850E+01	1.908357E-01	6.538729E-02
6.583239E+03	-1.698872E+01	1.915500E-01	6.539130E-02
6.583439E+03	-1.698807E+01	1.910528E-01	6.539530E-02
6.583639E+03	-1.698782E+01	1.916223E-01	6.539930E-02
6.583839E+03	-1.698803E+01	1.910524E-01	6.540330E-02
6.584039E+03	-1.698832E+01	1.927746E-01	6.540730E-02
6.584239E+03	-1.698869E+01	1.926476E-01	6.541130E-02
6.584439E+03	-1.698822E+01	1.920719E-01	6.541530E-02
6.584639E+03	-1.698781E+01	1.919725E-01	6.541930E-02
6.584839E+03	-1.698773E+01	1.914911E-01	6.542331E-02
6.585039E+03	-1.698754E+01	1.912028E-01	6.542731E-02
6.585239E+03	-1.698736E+01	1.909660E-01	6.543131E-02
6.585440E+03	-1.698764E+01	1.908703E-01	6.543533E-02
6.585640E+03	-1.698818E+01	1.911318E-01	6.543933E-02
6.585840E+03	-1.698789E+01	1.915887E-01	6.544333E-02
6.586039E+03	-1.698750E+01	1.915376E-01	6.544731E-02
6.586239E+03	-1.698790E+01	1.916170E-01	6.545131E-02
6.586440E+03	-1.698801E+01	1.943755E-01	6.545533E-02
6.586640E+03	-1.698707E+01	1.979439E-01	6.545933E-02
6.586840E+03	-1.698657E+01	1.990769E-01	6.546333E-02
6.587039E+03	-1.698618E+01	1.971585E-01	6.546731E-02
6.587239E+03	-1.698575E+01	1.971707E-01	6.547131E-02
6.587439E+03	-1.698560E+01	1.966987E-01	6.547531E-02
6.587639E+03	-1.698480E+01	1.963609E-01	6.547930E-02
6.587839E+03	-1.698399E+01	1.960611E-01	6.548330E-02
6.588039E+03	-1.698338E+01	1.951329E-01	6.548730E-02
6.588439E+03	-1.698285E+01	1.949728E-01	6.549530E-02
6.588639E+03	-1.698223E+01	1.946334E-01	6.549930E-02
6.588839E+03	-1.698162E+01	1.944010E-01	6.550330E-02
6.589039E+03	-1.698132E+01	1.944479E-01	6.550729E-02
6.589239E+03	-1.698137E+01	1.939417E-01	6.551129E-02
6.589439E+03	-1.698079E+01	1.932576E-01	6.551529E-02
6.589639E+03	-1.698039E+01	1.945006E-01	6.551929E-02
6.589839E+03	-1.698098E+01	1.947911E-01	6.552329E-02
6.590039E+03	-1.698071E+01	1.946284E-01	6.552728E-02
6.590239E+03	-1.698024E+01	1.943221E-01	6.553128E-02
6.590440E+03	-1.698014E+01	1.925175E-01	6.553530E-02
6.590640E+03	-1.698126E+01	1.924227E-01	6.553930E-02
6.590840E+03	-1.698241E+01	1.932396E-01	6.554329E-02
6.591040E+03	-1.698244E+01	1.940815E-01	6.554729E-02
6.591240E+03	-1.698295E+01	1.934520E-01	6.555129E-02
6.591440E+03	-1.698409E+01	1.930582E-01	6.555528E-02
6.591640E+03	-1.698526E+01	1.924659E-01	6.555928E-02
6.591840E+03	-1.698610E+01	1.927801E-01	6.556328E-02
6.592040E+03	-1.698700E+01	1.936750E-01	6.556727E-02
6.592240E+03	-1.698678E+01	1.936599E-01	6.557127E-02
6.592440E+03	-1.698627E+01	1.939490E-01	6.557527E-02
6.592640E+03	-1.698601E+01	1.940800E-01	6.557926E-02
6.592840E+03	-1.698599E+01	1.947581E-01	6.558326E-02
6.593040E+03	-1.698638E+01	1.939939E-01	6.558725E-02
6.593240E+03	-1.698662E+01	1.940298E-01	6.559125E-02
6.593440E+03	-1.698647E+01	1.941160E-01	6.559525E-02
6.593640E+03	-1.698741E+01	1.925155E-01	6.559924E-02
6.593840E+03	-1.698816E+01	1.917008E-01	6.560324E-02
6.594040E+03	-1.698897E+01	1.927610E-01	6.560723E-02
6.594240E+03	-1.698924E+01	1.932437E-01	6.561123E-02
6.594440E+03	-1.698933E+01	1.927580E-01	6.561522E-02
6.594640E+03	-1.698934E+01	1.924809E-01	6.561922E-02
6.594840E+03	-1.698848E+01	1.920868E-01	6.562321E-02
6.595040E+03	-1.698778E+01	1.923087E-01	6.562721E-02
6.595240E+03	-1.698836E+01	1.927963E-01	6.563120E-02
6.595441E+03	-1.698805E+01	1.924109E-01	6.563521E-02
6.595641E+03	-1.698706E+01	1.919149E-01	6.563921E-02
6.595841E+03	-1.698656E+01	1.926519E-01	6.564320E-02
6.596041E+03	-1.698677E+01	1.917256E-01	6.564720E-02
6.596241E+03	-1.698695E+01	1.924724E-01	6.565119E-02
6.596441E+03	-1.698715E+01	1.926841E-01	6.565518E-02
6.596641E+03	-1.698735E+01	1.937765E-01	6.565918E-02
6.596841E+03	-1.698869E+01	1.941447E-01	6.566317E-02
6.597041E+03	-1.698960E+01	1.942414E-01	6.566717E-02
6.597241E+03	-1.699017E+01	1.945102E-01	6.567116E-02
6.597441E+03	-1.699105E+01	1.963075E-01	6.567515E-02
6.597641E+03	-1.699050E+01	1.954511E-01	6.567914E-02
6.597841E+03	-1.699098E+01	1.955978E-01	6.568314E-02
6.598041E+03	-1.699321E+01	1.965959E-01	6.568713E-02
6.598240E+03	-1.699375E+01	1.965450E-01	6.569110E-02
6.598440E+03	-1.699390E+01	1.979777E-01	6.569510E-02
6.598641E+03	-1.699438E+01	1.973626E-01	6.569911E-02
6.598841E+03	-1.699429E+01	1.965489E-01	6.570310E-02
6.599041E+03	-1.699470E+01	1.967364E-01	6.570709E-02
6.599240E+03	-1.699540E+01	1.975606E-01	6.571106E-02
6.599440E+03	-1.699554E+01	1.967592E-01	6.571506E-02
6.599640E+03	-1.699650E+01	1.989539E-01	6.571905E-02
6.599840E+03	-1.699705E+01	2.000448E-01	6.572304E-02
6.600040E+03	-1.699754E+01	2.005503E-01	6.572703E-02
6.600240E+03	-1.699814E+01	2.015260E-01	6.573102E-02
6.600441E+03	-1.699880E+01	2.020513E-01	6.573503E-02
6.600641E+03	-1.699918E+01	2.020908E-01	6.573903E-02
6.600841E+03	-1.699947E+01	2.024490E-01	6.574302E-02
6.601041E+03	-1.700000E+01	2.019408E-01	6.574701E-02
6.601241E+03	-1.700022E+01	2.023021E-01	6.575100E-02
6.601441E+03	-1.700088E+01	2.026083E-01	6.575499E-02
6.601641E+03	-1.700200E+01	2.035303E-01	6.575898E-02
6.601841E+03	-1.700350E+01	2.039031E-01	6.576297E-02
6.602041E+03	-1.700482E+01	2.041385E-01	6.576696E-02
6.602241E+03	-1.700523E+01	2.037911E-01	6.577095E-02
6.602441E+03	-1.700537E+01	2.035105E-01	6.577494E-02
6.602641E+03	-1.700524E+01	2.027730E-01	6.577893E-02
6.602841E+03	-1.700646E+01	2.025784E-01	6.578292E-02
6.603041E+03	-1.700746E+01	2.019305E-01	6.578691E-02
6.603241E+03	-1.700726E+01	2.008377E-01	6.579090E-02
6.603441E+03	-1.700731E+01	1.993403E-01	6.579489E-02
6.603641E+03	-1.700712E+01	1.992605E-01	6.579888E-02
6.603841E+03	-1.700803E+01	2.000104E-01	6.580287E-02
6.604041E+03	-1.700931E+01	2.012530E-01	6.580686E-02
6.604241E+03	-1.700984E+01	2.013729E-01	6.581085E-02
6.604441E+03	-1.701062E+01	2.022896E-01	6.581484E-02
6.604641E+03	-1.701143E+01	2.026455E-01	6.581882E-02
6.604841E+03	-1.701207E+01	2.023150E-01	6.582281E-02
6.605041E+03	-1.701245E+01	2.024763E-01	6.582680E-02
6.605242E+03	-1.701320E+01	2.024558E-01	6.583081E-02
6.605442E+03	-1.701367E+01	2.018113E-01	6.583480E-02
6.605642E+03	-1.701359E+01	2.020461E-01	6.583879E-02
6.605842E+03	-1.701450E+01	2.025471E-01	6.584277E-02
6.606042E+03	-1.701613E+01	2.033184E-01	6.584676E-02
6.606242E+03	-1.701744E+01	2.021636E-01	6.585075E-02
6.606442E+03	-1.701779E+01	2.034627E-01	6.585474E-02
6.606642E+03	-1.701766E+01	2.034298E-01	6.585873E-02
6.606842E+03	-1.701783E+01	2.036400E-01	6.586271E-02
6.607042E+03	-1.701740E+01	2.046239E-01	6.586670E-02
6.607242E+03	-1.701738E+01	2.062553E-01	6.587069E-02
6.607442E+03	-1.701767E+01	2.068189E-01	6.587468E-02
6.607642E+03	-1.701763E+01	2.088384E-01	6.587866E-02
6.607842E+03	-1.701694E+01	2.094086E-01	6.588265E-02
6.608042E+03	-1.701650E+01	2.080987E-01	6.588664E-02
6.608242E+03	-1.701617E+01	2.088084E-01	6.589062E-02
6.608442E+03	-1.701599E+01	2.089979E-01	6.589461E-02
6.608642E+03	-1.701555E+01	2.095929E-01	6.589860E-02
6.608842E+03	-1.701616E+01	2.100596E-01	6.590258E-02
6.609042E+03	-1.701604E+01	2.099698E-01	6.590657E-02
6.609242E+03	-1.701599E+01	2.109381E-01	6.591055E-02
6.609442E+03	-1.701579E+01	2.110718E-01	6.591454E-02
6.609642E+03	-1.701458E+01	2.106652E-01	6.591853E-02
6.609842E+03	-1.701431E+01	2.114634E-01	6.592251E-02
6.610042E+03	-1.701540E+01	2.119859E-01	6.592650E-02
6.610243E+03	-1.701543E+01	2.128366E-01	6.593050E-02
6.610443E+03	-1.701471E+01	2.126894E-01	6.593449E-02
6.610642E+03	-1.701471E+01	2.127051E-01	6.593845E-02
6.610842E+03	-1.701536E+01	2.129340E-01	6.594244E-02
6.611042E+03	-1.701516E+01	2.125957E-01	6.594642E-02
6.611243E+03	-1.701494E+01	2.121977E-01	6.595043E-02
6.611443E+03	-1.701512E+01	2.122977E-01	6.595441E-02
6.611642E+03	-1.701592E+01	2.126741E-01	6.595838E-02
6.611842E+03	-1.701639E+01	2.129973E-01	6.596236E-02
6.612042E+03	-1.701606E+01	2.127329E-01	6.596635E-02
6.612442E+03	-1.701618E+01	2.119576E-01	6.597431E-02
6.612642E+03	-1.701580E+01	2.116030E-01	6.597830E-02
6.612842E+03	-1.701560E+01	2.116631E-01	6.598228E-02
6.613042E+03	-1.701668E+01	2.133910E-01	6.598627E-02
6.613242E+03	-1.701766E+01	2.156203E-01	6.599025E-02
6.613442E+03	-1.701767E+01	2.154438E-01	6.599423E-02
6.613642E+03	-1.701692E+01	2.151445E-01	6.599822E-02
6.613842E+03	-1.701586E+01	2.143392E-01	6.600220E-02
6.614042E+03	-1.701474E+01	2.137867E-01	6.600618E-02
6.614242E+03	-1.701518E+01	2.142859E-01	6.601017E-02
6.614442E+03	-1.701608E+01	2.147023E-01	6.601415E-02
6.614642E+03	-1.701602E+01	2.142908E-01	6.601813E-02
6.614842E+03	-1.701547E+01	2.145538E-01	6.602211E-02
6.615042E+03	-1.701474E+01	2.143305E-01	6.602610E-02
6.615243E+03	-1.701411E+01	2.147525E-01	6.603010E-02
6.615443E+03	-1.701316E+01	2.141713E-01	6.603408E-02
6.615643E+03	-1.701245E+01	2.156383E-01	6.603806E-02
6.615843E+03	-1.701211E+01	2.174098E-01	6.604205E-02
6.616043E+03	-1.701126E+01	2.170954E-01	6.604603E-02
6.616243E+03	-1.701054E+01	2.167069E-01	6.605001E-02
6.616443E+03	-1.701020E+01	2.160446E-01	6.605399E-02
6.616643E+03	-1.700888E+01	2.158544E-01	6.605797E-02
6.616843E+03	-1.700820E+01	2.150706E-01	6.606195E-02
6.617243E+03	-1.700724E+01	2.135739E-01	6.606992E-02
6.617443E+03	-1.700632E+01	2.131068E-01	6.607390E-02
6.617643E+03	-1.700659E+01	2.130555E-01	6.607788E-02
6.617843E+03	-1.700693E+01	2.125693E-01	6.608186E-02
6.618043E+03	-1.700674E+01	2.125610E-01	6.608584E-02
6.618243E+03	-1.700659E+01	2.130169E-01	6.608982E-02
6.618443E+03	-1.700598E+01	2.130739E-01	6.609380E-02
6.618643E+03	-1.700553E+01	2.128015E-01	6.609778E-02
6.618843E+03	-1.700538E+01	2.132561E-01	6.610176E-02
6.619043E+03	-1.700553E+01	2.130114E-01	6.610574E-02
6.619243E+03	-1.700533E+01	2.129468E-01	6.610972E-02
6.619443E+03	-1.700502E+01	2.128013E-01	6.611370E-02
6.619643E+03	-1.700414E+01	2.123199E-01	6.611768E-02
6.619843E+03	-1.700276E+01	2.124956E-01	6.612166E-02
6.620044E+03	-1.700207E+01	2.123276E-01	6.612566E-02
6.620244E+03	-1.700128E+01	2.119863E-01	6.612964E-02
6.620444E+03	-1.700102E+01	2.122225E-01	6.613362E-02
6.620644E+03	-1.700161E+01	2.122057E-01	6.613760E-02
6.620844E+03	-1.700137E+01	2.118684E-01	6.614158E-02
6.621044E+03	-1.700114E+01	2.122159E-01	6.614556E-02
6.621244E+03	-1.700125E+01	2.117024E-01	6.614954E-02
6.621444E+03	-1.700088E+01	2.119731E-01	6.615351E-02
6.621644E+03	-1.700099E+01	2.113710E-01	6.615749E-02
6.621844E+03	-1.700118E+01	2.134908E-01	6.616147E-02
6.622044E+03	-1.700085E+01	2.131945E-01	6.616545E-02
6.622244E+03	-1.700069E+01	2.141052E-01	6.616943E-02
6.622444E+03	-1.700036E+01	2.155325E-01	6.617341E-02
6.622644E+03	-1.699979E+01	2.150948E-01	6.617738E-02
6.622844E+03	-1.699958E+01	2.145930E-01	6.618136E-02
6.623043E+03	-1.699934E+01	2.135742E-01	6.618532E-02
6.623243E+03	-1.699920E+01	2.123258E-01	6.618930E-02
6.623444E+03	-1.699936E+01	2.123568E-01	6.619329E-02
6.623644E+03	-1.699974E+01	2.125295E-01	6.619727E-02
6.623843E+03	-1.699946E+01	2.116535E-01	6.620123E-02
6.624043E+03	-1.699812E+01	2.125416E-01	6.620521E-02
6.624243E+03	-1.699665E+01	2.130414E-01	6.620918E-02
6.624443E+03	-1.699579E+01	2.113363E-01	6.621316E-02
6.624643E+03	-1.699460E+01	2.117094E-01	6.621714E-02
6.624843E+03	-1.699441E+01	2.115894E-01	6.622111E-02
6.625044E+03	-1.699445E+01	2.116588E-01	6.622511E-02
6.625244E+03	-1.699393E+01	2.116228E-01	6.622909E-02
6.625444E+03	-1.699350E+01	2.122611E-01	6.623306E-02
6.625644E+03	-1.699288E+01	2.122381E-01	6.623704E-02
6.625844E+03	-1.699261E+01	2.120597E-01	6.624101E-02
6.626044E+03	-1.699248E+01	2.102166E-01	6.624499E-02
6.626244E+03	-1.699175E+01	2.094266E-01	6.624897E-02
6.626444E+03	-1.699155E+01	2.093508E-01	6.625294E-02
6.626644E+03	-1.699175E+01	2.099179E-01	6.625692E-02
6.626844E+03	-1.699197E+01	2.120421E-01	6.626089E-02
6.627044E+03	-1.699244E+01	2.124119E-01	6.626487E-02
6.627244E+03	-1.699249E+01	2.123466E-01	6.626884E-02
6.627444E+03	-1.699186E+01	2.122046E-01	6.627282E-02
6.627644E+03	-1.699041E+01	2.116915E-01	6.627679E-02
6.627844E+03	-1.699154E+01	2.122751E-01	6.628077E-02
6.628044E+03	-1.699219E+01	2.126380E-01	6.628474E-02
6.628244E+03	-1.699111E+01	2.131275E-01	6.628872E-02
6.628444E+03	-1.699042E+01	2.126909E-01	6.629269E-02
6.628644E+03	-1.698940E+01	2.123655E-01	6.629667E-02
6.628844E+03	-1.698853E+01	2.113255E-01	6.630064E-02
6.629044E+03	-1.698761E+01	2.108756E-01	6.630461E-02
6.629244E+03	-1.698673E+01	2.107877E-01	6.630859E-02
6.629444E+03	-1.698694E+01	2.101881E-01	6.631256E-02
6.629644E+03	-1.698660E+01	2.109170E-01	6.631654E-02
6.629844E+03	-1.698654E+01	2.114255E-01	6.632051E-02
6.630045E+03	-1.698574E+01	2.106501E-01	6.632450E-02
6.630245E+03	-1.698526E+01	2.098771E-01	6.632848E-02
6.630445E+03	-1.698510E+01	2.092272E-01	6.633245E-02
6.630645E+03	-1.698507E+01	2.092080E-01	6.633642E-02
6.630845E+03	-1.698464E+01	2.089619E-01	6.634040E-02
6.631045E+03	-1.698389E+01	2.085688E-01	6.634437E-02
6.631245E+03	-1.698324E+01	2.082748E-01	6.634834E-02
6.631445E+03	-1.698275E+01	2.072392E-01	6.635231E-02
6.631645E+03	-1.698203E+01	2.058137E-01	6.635629E-02
6.631845E+03	-1.698148E+01	2.058741E-01	6.636026E-02
6.632045E+03	-1.698135E+01	2.053368E-01	6.636423E-02
6.632245E+03	-1.698131E+01	2.053110E-01	6.636820E-02
6.632445E+03	-1.698095E+01	2.035945E-01	6.637218E-02
6.633045E+03	-1.698044E+01	2.035373E-01	6.638409E-02
6.633245E+03	-1.698007E+01	2.035101E-01	6.638806E-02
6.633845E+03	-1.697940E+01	2.026669E-01	6.639998E-02
6.634045E+03	-1.697884E+01	2.028709E-01	6.640395E-02
6.634245E+03	-1.697927E+01	2.033996E-01	6.640792E-02
6.634445E+03	-1.697846E+01	2.033889E-01	6.641189E-02
6.634645E+03	-1.697803E+01	2.030922E-01	6.641586E-02
6.634846E+03	-1.697854E+01	2.033451E-01	6.641985E-02
6.635046E+03	-1.697916E+01	2.032676E-01	6.642382E-02
6.635246E+03	-1.697986E+01	2.035324E-01	6.642779E-02
6.635446E+03	-1.697989E+01	2.034757E-01	6.643176E-02
6.635645E+03	-1.697952E+01	2.010300E-01	6.643571E-02
6.635846E+03	-1.697988E+01	1.973056E-01	6.643970E-02
6.636046E+03	-1.698089E+01	1.947019E-01	6.644367E-02
6.636245E+03	-1.698163E+01	1.966383E-01	6.644762E-02
6.636445E+03	-1.698109E+01	1.960772E-01	6.645159E-02
6.636645E+03	-1.698022E+01	1.970571E-01	6.645556E-02
6.636845E+03	-1.697961E+01	1.955110E-01	6.645953E-02
6.637045E+03	-1.697941E+01	1.954434E-01	6.646350E-02
6.637245E+03	-1.697924E+01	1.951288E-01	6.646747E-02
6.637445E+03	-1.697908E+01	1.950112E-01	6.647144E-02
6.637645E+03	-1.697920E+01	1.950938E-01	6.647541E-02
6.637845E+03	-1.697964E+01	1.954243E-01	6.647938E-02
6.638045E+03	-1.697945E+01	1.950618E-01	6.648335E-02
6.638245E+03	-1.697918E+01	1.948799E-01	6.648731E-02
6.638445E+03	-1.697894E+01	1.949400E-01	6.649128E-02
6.638645E+03	-1.697846E+01	1.930861E-01	6.649525E-02
6.638845E+03	-1.697865E+01	1.931788E-01	6.649922E-02
6.639045E+03	-1.697861E+01	1.938507E-01	6.650319E-02
6.639245E+03	-1.697799E+01	1.944033E-01	6.650716E-02
6.639445E+03	-1.697731E+01	1.952312E-01	6.651112E-02
6.639645E+03	-1.697636E+01	1.947710E-01	6.651509E-02
6.639846E+03	-1.697577E+01	1.942096E-01	6.651908E-02
6.640046E+03	-1.697550E+01	1.943939E-01	6.652305E-02
6.640246E+03	-1.697524E+01	1.949233E-01	6.652701E-02
6.640446E+03	-1.697509E+01	1.948138E-01	6.653098E-02
6.640646E+03	-1.697563E+01	1.952909E-01	6.653495E-02
6.640846E+03	-1.697603E+01	1.954692E-01	6.653892E-02
6.641046E+03	-1.697660E+01	1.953951E-01	6.654288E-02
6.641246E+03	-1.697759E+01	1.955662E-01	6.654685E-02
6.641446E+03	-1.697854E+01	1.956199E-01	6.655082E-02
6.641646E+03	-1.697857E+01	1.955029E-01	6.655478E-02
6.641846E+03	-1.697870E+01	1.949370E-01	6.655875E-02
6.642046E+03	-1.697899E+01	1.971093E-01	6.656272E-02
6.642246E+03	-1.697927E+01	1.977475E-01	6.656668E-02
6.642446E+03	-1.698005E+01	1.978914E-01	6.657065E-02
6.642646E+03	-1.698102E+01	1.984273E-01	6.657461E-02
6.642846E+03	-1.698112E+01	1.982072E-01	6.657858E-02
6.643046E+03	-1.698043E+01	1.971774E-01	6.658255E-02
6.643246E+03	-1.697933E+01	1.965228E-01	6.658651E-02
6.643446E+03	-1.697922E+01	1.964532E-01	6.659048E-02
6.643646E+03	-1.697952E+01	1.965329E-01	6.659444E-02
6.643846E+03	-1.697937E+01	1.964674E-01	6.659841E-02
6.644046E+03	-1.697863E+01	1.970635E-01	6.660237E-02
6.644246E+03	-1.697745E+01	1.965916E-01	6.660634E-02
6.644446E+03	-1.697671E+01	1.965712E-01	6.661030E-02
6.644646E+03	-1.697693E+01	1.978186E-01	6.661427E-02
6.644847E+03	-1.697695E+01	1.959400E-01	6.661825E-02
6.645047E+03	-1.697696E+01	1.957331E-01	6.662222E-02
6.645247E+03	-1.697656E+01	1.970311E-01	6.662618E-02
6.645447E+03	-1.697617E+01	1.968114E-01	6.663015E-02
6.645647E+03	-1.697605E+01	1.958494E-01	6.663411E-02
6.645847E+03	-1.697524E+01	1.955609E-01	6.663807E-02
6.646047E+03	-1.697532E+01	1.954562E-01	6.664204E-02
6.646247E+03	-1.697455E+01	1.950794E-01	6.664600E-02
6.646447E+03	-1.697389E+01	1.934891E-01	6.664996E-02
6.646647E+03	-1.697392E+01	1.931416E-01	6.665393E-02
6.646847E+03	-1.697349E+01	1.931410E-01	6.665789E-02
6.647047E+03	-1.697284E+01	1.931292E-01	6.666186E-02
6.647247E+03	-1.697198E+01	1.935446E-01	6.666582E-02
6.647447E+03	-1.697117E+01	1.916904E-01	6.666978E-02
6.647647E+03	-1.697101E+01	1.935329E-01	6.667374E-02
6.647847E+03	-1.697041E+01	1.938917E-01	6.667771E-02
6.648047E+03	-1.696977E+01	1.938810E-01	6.668167E-02
6.648247E+03	-1.696930E+01	1.932641E-01	6.668563E-02
6.648447E+03	-1.696920E+01	1.935643E-01	6.668960E-02
6.648646E+03	-1.696881E+01	1.923788E-01	6.669354E-02
6.648846E+03	-1.696862E+01	1.932841E-01	6.669750E-02
6.649047E+03	-1.696871E+01	1.944192E-01	6.670148E-02
6.649246E+03	-1.696862E+01	1.947633E-01	6.670542E-02
6.649446E+03	-1.696824E+01	1.965311E-01	6.670939E-02
6.649647E+03	-1.696806E+01	1.966149E-01	6.671337E-02
6.649847E+03	-1.696866E+01	1.965110E-01	6.671733E-02
6.650047E+03	-1.696925E+01	1.972612E-01	6.672129E-02
6.650247E+03	-1.696957E+01	1.970430E-01	6.672525E-02
6.650447E+03	-1.696936E+01	1.967836E-01	6.672921E-02
6.650647E+03	-1.696940E+01	1.963614E-01	6.673318E-02
6.650847E+03	-1.696956E+01	1.964318E-01	6.673714E-02
6.651047E+03	-1.696953E+01	1.966452E-01	6.674110E-02
6.651247E+03	-1.696917E+01	1.984972E-01	6.674506E-02
6.651447E+03	-1.696859E+01	1.999116E-01	6.674902E-02
6.651647E+03	-1.696971E+01	2.017632E-01	6.675298E-02
6.651847E+03	-1.697025E+01	2.033001E-01	6.675694E-02
6.652047E+03	-1.697042E+01	2.033653E-01	6.676090E-02
6.652247E+03	-1.697070E+01	2.031622E-01	6.676486E-02
6.652447E+03	-1.697014E+01	2.033787E-01	6.676882E-02
6.652647E+03	-1.696945E+01	2.029921E-01	6.677278E-02
6.652847E+03	-1.696862E+01	2.028825E-01	6.677674E-02
6.653047E+03	-1.696741E+01	2.019002E-01	6.678070E-02
6.653247E+03	-1.696622E+01	2.014705E-01	6.678466E-02
6.653447E+03	-1.696585E+01	1.997680E-01	6.678862E-02
6.653647E+03	-1.696647E+01	1.997198E-01	6.679258E-02
6.653847E+03	-1.696664E+01	1.988402E-01	6.679654E-02
6.654047E+03	-1.696612E+01	1.990987E-01	6.680050E-02
6.654247E+03	-1.696565E+01	1.992207E-01	6.680446E-02
6.654447E+03	-1.696536E+01	1.987110E-01	6.680842E-02
6.654848E+03	-1.696530E+01	1.982853E-01	6.681635E-02
6.655048E+03	-1.696508E+01	1.982156E-01	6.682031E-02
6.655248E+03	-1.696434E+01	1.977574E-01	6.682427E-02
6.655448E+03	-1.696400E+01	1.974812E-01	6.682823E-02
6.655648E+03	-1.696351E+01	1.963507E-01	6.683219E-02
6.655848E+03	-1.696241E+01	1.959454E-01	6.683614E-02
6.656048E+03	-1.696208E+01	1.957962E-01	6.684010E-02
6.656248E+03	-1.696137E+01	1.948509E-01	6.684406E-02
6.656448E+03	-1.696062E+01	1.939178E-01	6.684802E-02
6.656648E+03	-1.696046E+01	1.948394E-01	6.685198E-02
6.656848E+03	-1.696049E+01	1.934407E-01	6.685593E-02
6.657048E+03	-1.696054E+01	1.949991E-01	6.685989E-02
6.657248E+03	-1.696023E+01	1.947974E-01	6.686385E-02
6.657448E+03	-1.696080E+01	1.945040E-01	6.686781E-02
6.657648E+03	-1.696133E+01	1.941588E-01	6.687176E-02
6.657848E+03	-1.696153E+01	1.937374E-01	6.687572E-02
6.658048E+03	-1.696118E+01	1.943329E-01	6.687968E-02
6.658248E+03	-1.696106E+01	1.951657E-01	6.688363E-02
6.658448E+03	-1.696135E+01	1.952759E-01	6.688759E-02
6.658648E+03	-1.696135E+01	1.952527E-01	6.689155E-02
6.658848E+03	-1.696102E+01	1.950282E-01	6.689550E-02
6.659048E+03	-1.696061E+01	1.942531E-01	6.689946E-02
6.659248E+03	-1.696079E+01	1.944635E-01	6.690341E-02
6.659448E+03	-1.696146E+01	1.944534E-01	6.690737E-02
6.659649E+03	-1.696140E+01	1.948596E-01	6.691135E-02
6.659849E+03	-1.696051E+01	1.946415E-01	6.691530E-02
6.660049E+03	-1.695961E+01	1.943488E-01	6.691926E-02
6.660249E+03	-1.695921E+01	1.947893E-01	6.692321E-02
6.660449E+03	-1.695794E+01	1.941899E-01	6.692717E-02
6.660649E+03	-1.695680E+01	1.934540E-01	6.693112E-02
6.660849E+03	-1.695702E+01	1.940931E-01	6.693508E-02
6.661048E+03	-1.695769E+01	1.941837E-01	6.693901E-02
6.661248E+03	-1.695735E+01	1.941256E-01	6.694297E-02
6.661449E+03	-1.695670E+01	1.965265E-01	6.694694E-02
6.661649E+03	-1.695667E+01	1.965711E-01	6.695090E-02
6.661848E+03	-1.695676E+01	1.970505E-01	6.695483E-02
6.662048E+03	-1.695690E+01	1.967275E-01	6.695879E-02
6.662248E+03	-1.695667E+01	1.958207E-01	6.696274E-02
6.662448E+03	-1.695604E+01	1.961814E-01	6.696670E-02
6.662648E+03	-1.695559E+01	1.960816E-01	6.697065E-02
6.662848E+03	-1.695578E+01	1.967288E-01	6.697460E-02
6.663048E+03	-1.695578E+01	1.971794E-01	6.697856E-02
6.663248E+03	-1.695570E+01	1.976017E-01	6.698251E-02
6.663448E+03	-1.695598E+01	1.985047E-01	6.698647E-02
6.663648E+03	-1.695557E+01	1.991212E-01	6.699042E-02
6.663848E+03	-1.695507E+01	1.992837E-01	6.699437E-02
6.664048E+03	-1.695484E+01	1.990623E-01	6.699833E-02
6.664248E+03	-1.695411E+01	1.979914E-01	6.700228E-02
6.664448E+03	-1.695460E+01	1.983622E-01	6.700623E-02
6.664649E+03	-1.695503E+01	1.968288E-01	6.701020E-02
6.664849E+03	-1.695532E+01	1.954044E-01	6.701416E-02
6.665049E+03	-1.695569E+01	1.963811E-01	6.701811E-02
6.665249E+03	-1.695553E+01	1.975480E-01	6.702206E-02
6.665449E+03	-1.695568E+01	1.975343E-01	6.702601E-02
6.665649E+03	-1.695574E+01	2.005063E-01	6.702997E-02
6.665849E+03	-1.695543E+01	2.022719E-01	6.703392E-02
6.666049E+03	-1.695509E+01	2.021851E-01	6.703787E-02
6.666249E+03	-1.695489E+01	2.023221E-01	6.704182E-02
6.666449E+03	-1.695399E+01	2.019013E-01	6.704577E-02
6.666649E+03	-1.695340E+01	2.020495E-01	6.704973E-02
6.666849E+03	-1.695363E+01	2.026492E-01	6.705368E-02
6.667049E+03	-1.695294E+01	2.019265E-01	6.705763E-02
6.667249E+03	-1.695237E+01	2.015263E-01	6.706158E-02
6.667449E+03	-1.695283E+01	2.020300E-01	6.706553E-02
6.667649E+03	-1.695202E+01	2.016452E-01	6.706948E-02
6.667849E+03	-1.695251E+01	2.026178E-01	6.707343E-02
6.668049E+03	-1.695213E+01	2.033114E-01	6.707739E-02
6.668249E+03	-1.695202E+01	2.053434E-01	6.708134E-02
6.668449E+03	-1.695233E+01	2.062295E-01	6.708529E-02
6.668649E+03	-1.695306E+01	2.059267E-01	6.708924E-02
6.668849E+03	-1.695363E+01	2.070963E-01	6.709319E-02
6.669049E+03	-1.695382E+01	2.104162E-01	6.709714E-02
6.669249E+03	-1.695259E+01	2.105056E-01	6.710109E-02
6.669450E+03	-1.695137E+01	2.094888E-01	6.710506E-02
6.669650E+03	-1.695082E+01	2.094281E-01	6.710901E-02
6.669850E+03	-1.695032E+01	2.088990E-01	6.711296E-02
6.670050E+03	-1.694942E+01	2.084964E-01	6.711691E-02
6.670250E+03	-1.694997E+01	2.086570E-01	6.712086E-02
6.670450E+03	-1.695086E+01	2.089678E-01	6.712481E-02
6.670650E+03	-1.695107E+01	2.075984E-01	6.712876E-02
6.670850E+03	-1.695109E+01	2.077403E-01	6.713270E-02
6.671050E+03	-1.695043E+01	2.064929E-01	6.713665E-02
6.671250E+03	-1.695051E+01	2.051995E-01	6.714060E-02
6.671450E+03	-1.695050E+01	2.065588E-01	6.714455E-02
6.671650E+03	-1.694990E+01	2.073321E-01	6.714850E-02
6.671850E+03	-1.694929E+01	2.077021E-01	6.715245E-02
6.672050E+03	-1.694944E+01	2.081365E-01	6.715640E-02
6.672250E+03	-1.694999E+01	2.090286E-01	6.716035E-02
6.672450E+03	-1.695009E+01	2.087714E-01	6.716429E-02
6.672650E+03	-1.694960E+01	2.084196E-01	6.716824E-02
6.672850E+03	-1.695035E+01	2.082485E-01	6.717219E-02
6.673050E+03	-1.695077E+01	2.074229E-01	6.717614E-02
6.673249E+03	-1.695047E+01	2.071015E-01	6.718007E-02
6.673449E+03	-1.695081E+01	2.064780E-01	6.718401E-02
6.673650E+03	-1.695140E+01	2.071456E-01	6.718798E-02
6.673850E+03	-1.695172E+01	2.076960E-01	6.719193E-02
6.674050E+03	-1.695171E+01	2.088233E-01	6.719588E-02
6.674249E+03	-1.695059E+01	2.090597E-01	6.719980E-02
6.674450E+03	-1.694976E+01	2.088718E-01	6.720377E-02
6.674650E+03	-1.694971E+01	2.088524E-01	6.720770E-02
6.674850E+03	-1.694966E+01	2.090068E-01	6.721164E-02
6.675050E+03	-1.694908E+01	2.088868E-01	6.721557E-02
6.675450E+03	-1.694868E+01	2.092930E-01	6.722344E-02
6.675650E+03	-1.694853E+01	2.104619E-01	6.722738E-02
6.675850E+03	-1.694850E+01	2.091271E-01	6.723131E-02
6.676050E+03	-1.694819E+01	2.089303E-01	6.723524E-02
6.676250E+03	-1.694804E+01	2.089803E-01	6.723918E-02
6.676450E+03	-1.694781E+01	2.089081E-01	6.724311E-02
6.676650E+03	-1.694734E+01	2.095188E-01	6.724705E-02
6.676850E+03	-1.694682E+01	2.092453E-01	6.725098E-02
6.677050E+03	-1.694591E+01	2.087917E-01	6.725491E-02
6.677250E+03	-1.694538E+01	2.076415E-01	6.725885E-02
6.677450E+03	-1.694487E+01	2.060806E-01	6.726278E-02
6.677650E+03	-1.694510E+01	2.059830E-01	6.726671E-02
6.677850E+03	-1.694473E+01	2.063740E-01	6.727065E-02
6.678050E+03	-1.694380E+01	2.072301E-01	6.727458E-02
6.678250E+03	-1.694318E+01	2.068349E-01	6.727851E-02
6.678450E+03	-1.694268E+01	2.071867E-01	6.728244E-02
6.678650E+03	-1.694250E+01	2.065065E-01	6.728638E-02
6.678850E+03	-1.694224E+01	2.063486E-01	6.729031E-02
6.679050E+03	-1.694166E+01	2.064805E-01	6.729424E-02
6.679250E+03	-1.694144E+01	2.066299E-01	6.729817E-02
6.679451E+03	-1.694145E+01	2.080496E-01	6.730212E-02
6.679651E+03	-1.694126E+01	2.091166E-01	6.730606E-02
6.679851E+03	-1.694186E+01	2.103962E-01	6.730999E-02
6.680051E+03	-1.694207E+01	2.113049E-01	6.731392E-02
6.680251E+03	-1.694182E+01	2.118315E-01	6.731785E-02
6.680451E+03	-1.694166E+01	2.119244E-01	6.732178E-02
6.680651E+03	-1.694178E+01	2.121335E-01	6.732571E-02
6.680851E+03	-1.694148E+01	2.117203E-01	6.732965E-02
6.681051E+03	-1.694074E+01	2.114132E-01	6.733358E-02
6.681251E+03	-1.694072E+01	2.113359E-01	6.733751E-02
6.681451E+03	-1.694068E+01	2.112988E-01	6.734144E-02
6.681651E+03	-1.693988E+01	2.107553E-01	6.734537E-02
6.681851E+03	-1.693974E+01	2.106492E-01	6.734930E-02
6.682051E+03	-1.694008E+01	2.108474E-01	6.735323E-02
6.682251E+03	-1.693995E+01	2.104649E-01	6.735716E-02
6.682451E+03	-1.693986E+01	2.102852E-01	6.736109E-02
6.682651E+03	-1.693965E+01	2.097102E-01	6.736502E-02
6.682851E+03	-1.693941E+01	2.104267E-01	6.736895E-02
6.683051E+03	-1.693921E+01	2.105267E-01	6.737288E-02
6.683251E+03	-1.693906E+01	2.108969E-01	6.737681E-02
6.683451E+03	-1.693895E+01	2.108235E-01	6.738074E-02
6.683651E+03	-1.693907E+01	2.116924E-01	6.738467E-02
6.683851E+03	-1.693925E+01	2.115114E-01	6.738860E-02
6.684051E+03	-1.693940E+01	2.115513E-01	6.739253E-02
6.684252E+03	-1.693933E+01	2.113604E-01	6.739648E-02
6.684452E+03	-1.693968E+01	2.101351E-01	6.740041E-02
6.684652E+03	-1.693968E+01	2.102520E-01	6.740434E-02
6.684852E+03	-1.693982E+01	2.097861E-01	6.740826E-02
6.685052E+03	-1.694029E+01	2.101847E-01	6.741219E-02
6.685252E+03	-1.694042E+01	2.108038E-01	6.741612E-02
6.685452E+03	-1.694047E+01	2.107676E-01	6.742005E-02
6.685651E+03	-1.694085E+01	2.110211E-01	6.742396E-02
6.685851E+03	-1.694153E+01	2.117207E-01	6.742789E-02
6.686051E+03	-1.694126E+01	2.115157E-01	6.743182E-02
6.686252E+03	-1.694118E+01	2.116828E-01	6.743576E-02
6.686452E+03	-1.694119E+01	2.129896E-01	6.743969E-02
6.686651E+03	-1.694133E+01	2.131943E-01	6.744360E-02
6.686851E+03	-1.694129E+01	2.131370E-01	6.744753E-02
6.687051E+03	-1.694048E+01	2.126867E-01	6.745145E-02
6.687251E+03	-1.693980E+01	2.137734E-01	6.745538E-02
6.687451E+03	-1.693951E+01	2.137645E-01	6.745931E-02
6.687651E+03	-1.693956E+01	2.128548E-01	6.746324E-02
6.687851E+03	-1.693905E+01	2.137438E-01	6.746716E-02
6.688051E+03	-1.693894E+01	2.151044E-01	6.747109E-02
6.688251E+03	-1.693864E+01	2.141918E-01	6.747502E-02
6.688451E+03	-1.693870E+01	2.135967E-01	6.747894E-02
6.688651E+03	-1.693883E+01	2.135802E-01	6.748287E-02
6.688851E+03	-1.693940E+01	2.136791E-01	6.748680E-02
6.689051E+03	-1.693917E+01	2.135950E-01	6.749072E-02
6.689252E+03	-1.693850E+01	2.132085E-01	6.749467E-02
6.689452E+03	-1.693832E+01	2.132013E-01	6.749860E-02
6.689652E+03	-1.693822E+01	2.129272E-01	6.750252E-02
6.689852E+03	-1.693778E+01	2.124983E-01	6.750645E-02
6.690052E+03	-1.693784E+01	2.127813E-01	6.751037E-02
6.690252E+03	-1.693816E+01	2.116054E-01	6.751430E-02
6.690452E+03	-1.693909E+01	2.116110E-01	6.751822E-02
6.690652E+03	-1.693956E+01	2.119759E-01	6.752215E-02
6.690852E+03	-1.693941E+01	2.119621E-01	6.752608E-02
6.691052E+03	-1.693967E+01	2.117933E-01	6.753000E-02
6.691252E+03	-1.693863E+01	2.112115E-01	6.753393E-02
6.691452E+03	-1.693916E+01	2.112946E-01	6.753785E-02
6.691652E+03	-1.693998E+01	2.121915E-01	6.754178E-02
6.691852E+03	-1.693985E+01	2.121378E-01	6.754570E-02
6.692052E+03	-1.694044E+01	2.128077E-01	6.754963E-02
6.692252E+03	-1.694128E+01	2.121057E-01	6.755355E-02
6.692452E+03	-1.694131E+01	2.121274E-01	6.755747E-02
6.692652E+03	-1.694056E+01	2.118418E-01	6.756140E-02
6.692852E+03	-1.694024E+01	2.111558E-01	6.756532E-02
6.693052E+03	-1.694031E+01	2.113119E-01	6.756925E-02
6.693252E+03	-1.694066E+01	2.123892E-01	6.757317E-02
6.693452E+03	-1.694101E+01	2.131694E-01	6.757709E-02
6.693652E+03	-1.694136E+01	2.133280E-01	6.758102E-02
6.693852E+03	-1.694173E+01	2.150086E-01	6.758494E-02
6.694052E+03	-1.694181E+01	2.152922E-01	6.758887E-02
6.694253E+03	-1.694217E+01	2.152995E-01	6.759281E-02
6.694453E+03	-1.694259E+01	2.159713E-01	6.759673E-02
6.694653E+03	-1.694215E+01	2.160035E-01	6.760065E-02
6.694853E+03	-1.694138E+01	2.156486E-01	6.760458E-02
6.695053E+03	-1.694090E+01	2.153115E-01	6.760850E-02
6.695253E+03	-1.694023E+01	2.153917E-01	6.761242E-02
6.695453E+03	-1.693956E+01	2.143171E-01	6.761635E-02
6.695653E+03	-1.693916E+01	2.140748E-01	6.762027E-02
6.695853E+03	-1.693883E+01	2.125850E-01	6.762419E-02
6.696053E+03	-1.693939E+01	2.123738E-01	6.762811E-02
6.696253E+03	-1.693973E+01	2.124915E-01	6.763203E-02
6.696453E+03	-1.694023E+01	2.128575E-01	6.763596E-02
6.696653E+03	-1.693978E+01	2.130497E-01	6.763988E-02
6.696853E+03	-1.693987E+01	2.128124E-01	6.764380E-02
6.697053E+03	-1.694042E+01	2.115393E-01	6.764772E-02
6.697253E+03	-1.694039E+01	2.109247E-01	6.765164E-02
6.697453E+03	-1.694079E+01	2.124201E-01	6.765557E-02
6.697653E+03	-1.694151E+01	2.124765E-01	6.765949E-02
6.697853E+03	-1.694200E+01	2.134282E-01	6.766341E-02
6.698052E+03	-1.694234E+01	2.134208E-01	6.766731E-02
6.698252E+03	-1.694203E+01	2.128794E-01	6.767123E-02
6.698453E+03	-1.694175E+01	2.127379E-01	6.767517E-02
6.698653E+03	-1.694164E+01	2.127322E-01	6.767909E-02
6.698852E+03	-1.694187E+01	2.127876E-01	6.768299E-02
6.699053E+03	-1.694201E+01	2.128661E-01	6.768693E-02
6.699253E+03	-1.694281E+01	2.129583E-01	6.769085E-02
6.699453E+03	-1.694336E+01	2.115073E-01	6.769477E-02
6.699653E+03	-1.694349E+01	2.102266E-01	6.769869E-02
6.699853E+03	-1.694360E+01	2.091818E-01	6.770261E-02
6.700053E+03	-1.694387E+01	2.080171E-01	6.770653E-02
6.700253E+03	-1.694410E+01	2.083446E-01	6.771045E-02
6.700453E+03	-1.694419E+01	2.082892E-01	6.771437E-02
6.700653E+03	-1.694428E+01	2.079277E-01	6.771829E-02
6.700853E+03	-1.694454E+01	2.086392E-01	6.772221E-02
6.701253E+03	-1.694455E+01	2.092442E-01	6.773005E-02
6.701453E+03	-1.694447E+01	2.100540E-01	6.773397E-02
6.701653E+03	-1.694453E+01	2.103144E-01	6.773789E-02
6.701853E+03	-1.694525E+01	2.110749E-01	6.774181E-02
6.702053E+03	-1.694578E+01	2.114931E-01	6.774573E-02
6.702253E+03	-1.694543E+01	2.113229E-01	6.774965E-02
6.702453E+03	-1.694574E+01	2.110925E-01	6.775356E-02
6.702653E+03	-1.694528E+01	2.110944E-01	6.775748E-02
6.702853E+03	-1.694442E+01	2.108293E-01	6.776140E-02
6.703053E+03	-1.694423E+01	2.106870E-01	6.776532E-02
6.703253E+03	-1.694424E+01	2.110752E-01	6.776924E-02
6.703453E+03	-1.694447E+01	2.113891E-01	6.777315E-02
6.703653E+03	-1.694493E+01	2.116357E-01	6.777707E-02
6.703853E+03	-1.694573E+01	2.125102E-01	6.778099E-02
6.704054E+03	-1.694607E+01	2.126770E-01	6.778493E-02
6.704254E+03	-1.694611E+01	2.124613E-01	6.778885E-02
6.704654E+03	-1.694644E+01	2.126259E-01	6.779668E-02
6.704854E+03	-1.694637E+01	2.122272E-01	6.780060E-02
6.705054E+03	-1.694597E+01	2.105866E-01	6.780451E-02
6.705254E+03	-1.694548E+01	2.106924E-01	6.780843E-02
6.705454E+03	-1.694509E+01	2.090852E-01	6.781235E-02
6.705654E+03	-1.694481E+01	2.088713E-01	6.781626E-02
6.705854E+03	-1.694554E+01	2.093970E-01	6.782018E-02
6.706054E+03	-1.694681E+01	2.098211E-01	6.782410E-02
6.706254E+03	-1.694694E+01	2.099020E-01	6.782801E-02
6.706454E+03	-1.694648E+01	2.090949E-01	6.783193E-02
6.706654E+03	-1.694668E+01	2.086758E-01	6.783585E-02
6.706854E+03	-1.694678E+01	2.082628E-01	6.783976E-02
6.707054E+03	-1.694689E+01	2.085503E-01	6.784368E-02
6.707254E+03	-1.694710E+01	2.089776E-01	6.784759E-02
6.707454E+03	-1.694736E+01	2.089973E-01	6.785151E-02
6.707654E+03	-1.694768E+01	2.098059E-01	6.785542E-02
6.707854E+03	-1.694812E+01	2.101836E-01	6.785934E-02
6.708054E+03	-1.694769E+01	2.097403E-01	6.786326E-02
6.708254E+03	-1.694781E+01	2.095649E-01	6.786717E-02
6.708454E+03	-1.694844E+01	2.097679E-01	6.787109E-02
6.708654E+03	-1.695002E+01	2.100714E-01	6.787500E-02
6.708854E+03	-1.695138E+01	2.111524E-01	6.787892E-02
6.709055E+03	-1.695170E+01	2.119997E-01	6.788285E-02
6.709255E+03	-1.695164E+01	2.117255E-01	6.788676E-02
6.709455E+03	-1.695143E+01	2.117122E-01	6.789068E-02
6.709655E+03	-1.695232E+01	2.120696E-01	6.789459E-02
6.709855E+03	-1.695233E+01	2.099172E-01	6.789851E-02
6.710055E+03	-1.695168E+01	2.095646E-01	6.790242E-02
6.710255E+03	-1.695178E+01	2.092651E-01	6.790633E-02
6.710454E+03	-1.695206E+01	2.087915E-01	6.791023E-02
6.710654E+03	-1.695214E+01	2.081577E-01	6.791414E-02
6.711055E+03	-1.695193E+01	2.073687E-01	6.792199E-02
6.711255E+03	-1.695158E+01	2.064610E-01	6.792590E-02
6.711454E+03	-1.695242E+01	2.061218E-01	6.792980E-02
6.711654E+03	-1.695321E+01	2.056798E-01	6.793371E-02
6.711854E+03	-1.695370E+01	2.050551E-01	6.793762E-02
6.712054E+03	-1.695422E+01	2.044029E-01	6.794154E-02
6.712254E+03	-1.695451E+01	2.036419E-01	6.794545E-02
6.712454E+03	-1.695527E+01	2.032013E-01	6.794936E-02
6.712654E+03	-1.695549E+01	2.034760E-01	6.795327E-02
6.712854E+03	-1.695519E+01	2.032974E-01	6.795719E-02
6.713054E+03	-1.695484E+01	2.029057E-01	6.796110E-02
6.713254E+03	-1.695488E+01	2.028380E-01	6.796501E-02
6.713454E+03	-1.695487E+01	2.026436E-01	6.796892E-02
6.713654E+03	-1.695479E+01	2.021039E-01	6.797284E-02
6.713855E+03	-1.695483E+01	2.012351E-01	6.797677E-02
6.714055E+03	-1.695454E+01	2.012842E-01	6.798068E-02
6.714255E+03	-1.695442E+01	1.979183E-01	6.798459E-02
6.714455E+03	-1.695489E+01	1.962151E-01	6.798850E-02
6.714655E+03	-1.695520E+01	1.964862E-01	6.799241E-02
6.714855E+03	-1.695530E+01	1.967859E-01	6.799632E-02
6.715055E+03	-1.695610E+01	1.975631E-01	6.800024E-02
6.715255E+03	-1.695607E+01	1.970982E-01	6.800415E-02
6.715455E+03	-1.695635E+01	1.965363E-01	6.800806E-02
6.715655E+03	-1.695611E+01	1.969078E-01	6.801197E-02
6.715855E+03	-1.695527E+01	1.966168E-01	6.801588E-02
6.716055E+03	-1.695501E+01	1.964320E-01	6.801979E-02
6.716255E+03	-1.695498E+01	1.957989E-01	6.802370E-02
6.716455E+03	-1.695500E+01	1.947951E-01	6.802761E-02
6.716655E+03	-1.695482E+01	1.935406E-01	6.803152E-02
6.716855E+03	-1.695478E+01	1.906432E-01	6.803543E-02
6.717055E+03	-1.695454E+01	1.894128E-01	6.803934E-02
6.717255E+03	-1.695444E+01	1.895107E-01	6.804325E-02
6.717455E+03	-1.695445E+01	1.883092E-01	6.804716E-02
6.717655E+03	-1.695513E+01	1.841681E-01	6.805107E-02
6.717855E+03	-1.695638E+01	1.827723E-01	6.805498E-02
6.718055E+03	-1.695643E+01	1.828974E-01	6.805889E-02
6.718255E+03	-1.695590E+01	1.826881E-01	6.806280E-02
6.718455E+03	-1.695551E+01	1.822032E-01	6.806671E-02
6.718655E+03	-1.695498E+01	1.821857E-01	6.807062E-02
6.718856E+03	-1.695490E+01	1.815715E-01	6.807455E-02
6.719056E+03	-1.695427E+01	1.819570E-01	6.807845E-02
6.719256E+03	-1.695433E+01	1.829898E-01	6.808236E-02
6.719456E+03	-1.695493E+01	1.835853E-01	6.808627E-02
6.719656E+03	-1.695464E+01	1.834288E-01	6.809018E-02
6.719856E+03	-1.695523E+01	1.836124E-01	6.809409E-02
6.720056E+03	-1.695568E+01	1.832145E-01	6.809800E-02
6.720256E+03	-1.695566E+01	1.824316E-01	6.810190E-02
6.720456E+03	-1.695627E+01	1.821362E-01	6.810581E-02
6.720656E+03	-1.695628E+01	1.819950E-01	6.810972E-02
6.720856E+03	-1.695587E+01	1.807774E-01	6.811363E-02
6.721056E+03	-1.695573E+01	1.806815E-01	6.811754E-02
6.721256E+03	-1.695658E+01	1.811476E-01	6.812144E-02
6.721456E+03	-1.695665E+01	1.802165E-01	6.812535E-02
6.721656E+03	-1.695606E+01	1.799543E-01	6.812926E-02
6.721856E+03	-1.695589E+01	1.799088E-01	6.813317E-02
6.722056E+03	-1.695677E+01	1.802727E-01	6.813707E-02
6.722256E+03	-1.695763E+01	1.804157E-01	6.814098E-02
6.722456E+03	-1.695722E+01	1.799343E-01	6.814489E-02
6.722656E+03	-1.695734E+01	1.788345E-01	6.814879E-02
6.722855E+03	-1.695756E+01	1.774741E-01	6.815268E-02
6.723056E+03	-1.695798E+01	1.770894E-01	6.815661E-02
6.723256E+03	-1.695881E+01	1.774813E-01	6.816051E-02
6.723456E+03	-1.695937E+01	1.776657E-01	6.816442E-02
6.723655E+03	-1.695951E+01	1.775782E-01	6.816831E-02
6.723856E+03	-1.696037E+01	1.774764E-01	6.817223E-02
6.724056E+03	-1.696072E+01	1.759310E-01	6.817614E-02
6.724256E+03	-1.696093E+01	1.756014E-01	6.818004E-02
6.724456E+03	-1.696172E+01	1.761027E-01	6.818395E-02
6.724656E+03	-1.696273E+01	1.767275E-01	6.818785E-02
6.724856E+03	-1.696302E+01	1.766251E-01	6.819176E-02
6.725056E+03	-1.696327E+01	1.757779E-01	6.819567E-02
6.725256E+03	-1.696423E+01	1.767521E-01	6.819957E-02
6.725456E+03	-1.696447E+01	1.768652E-01	6.820348E-02
6.725656E+03	-1.696477E+01	1.769659E-01	6.820738E-02
6.725856E+03	-1.696478E+01	1.769697E-01	6.821129E-02
6.726056E+03	-1.696438E+01	1.765379E-01	6.821519E-02
6.726256E+03	-1.696420E+01	1.759181E-01	6.821910E-02
6.726456E+03	-1.696526E+01	1.749703E-01	6.822300E-02
6.726656E+03	-1.696582E+01	1.746431E-01	6.822690E-02
6.726856E+03	-1.696632E+01	1.740291E-01	6.823081E-02
6.727056E+03	-1.696678E+01	1.746471E-01	6.823471E-02
6.727456E+03	-1.696755E+01	1.744554E-01	6.824252E-02
6.727656E+03	-1.696825E+01	1.744074E-01	6.824643E-02
6.727856E+03	-1.696968E+01	1.747064E-01	6.825033E-02
6.728056E+03	-1.696991E+01	1.733849E-01	6.825423E-02
6.728256E+03	-1.697030E+01	1.726974E-01	6.825814E-02
6.728456E+03	-1.697145E+01	1.724167E-01	6.826204E-02
6.728657E+03	-1.697180E+01	1.715784E-01	6.826596E-02
6.728857E+03	-1.697186E+01	1.718239E-01	6.826987E-02
6.729057E+03	-1.697214E+01	1.716921E-01	6.827377E-02
6.729257E+03	-1.697193E+01	1.713033E-01	6.827767E-02
6.729457E+03	-1.697193E+01	1.711193E-01	6.828157E-02
6.729657E+03	-1.697189E+01	1.711358E-01	6.828548E-02
6.729857E+03	-1.697090E+01	1.709049E-01	6.828938E-02
6.730057E+03	-1.697068E+01	1.708427E-01	6.829328E-02
6.730257E+03	-1.697073E+01	1.708860E-01	6.829718E-02
6.730457E+03	-1.697071E+01	1.709260E-01	6.830109E-02
6.730657E+03	-1.697059E+01	1.716583E-01	6.830499E-02
6.730857E+03	-1.696995E+01	1.731259E-01	6.830889E-02
6.731057E+03	-1.697016E+01	1.740509E-01	6.831279E-02
6.731257E+03	-1.697096E+01	1.748179E-01	6.831669E-02
6.731457E+03	-1.697104E+01	1.737016E-01	6.832060E-02
6.731657E+03	-1.697109E+01	1.735086E-01	6.832450E-02
6.731857E+03	-1.697026E+01	1.723565E-01	6.832840E-02
6.732057E+03	-1.696922E+01	1.719431E-01	6.833230E-02
6.732257E+03	-1.697017E+01	1.712738E-01	6.833620E-02
6.732457E+03	-1.697069E+01	1.727219E-01	6.834010E-02
6.732657E+03	-1.697151E+01	1.730190E-01	6.834400E-02
6.732857E+03	-1.697245E+01	1.742464E-01	6.834790E-02
6.733057E+03	-1.697213E+01	1.760347E-01	6.835180E-02
6.733257E+03	-1.697259E+01	1.767998E-01	6.835571E-02
6.733457E+03	-1.697190E+01	1.766605E-01	6.835961E-02
6.733658E+03	-1.697076E+01	1.762746E-01	6.836353E-02
6.733858E+03	-1.697165E+01	1.756217E-01	6.836743E-02
6.734058E+03	-1.697199E+01	1.761293E-01	6.837133E-02
6.734258E+03	-1.697236E+01	1.765807E-01	6.837523E-02
6.734458E+03	-1.697299E+01	1.767885E-01	6.837913E-02
6.734658E+03	-1.697416E+01	1.783104E-01	6.838303E-02
6.734858E+03	-1.697496E+01	1.784974E-01	6.838693E-02
6.735058E+03	-1.697464E+01	1.768664E-01	6.839083E-02
6.735258E+03	-1.697408E+01	1.762043E-01	6.839472E-02
6.735458E+03	-1.697390E+01	1.769224E-01	6.839862E-02
6.735658E+03	-1.697364E+01	1.767980E-01	6.840252E-02
6.735858E+03	-1.697488E+01	1.761427E-01	6.840642E-02
6.736057E+03	-1.697522E+01	1.753898E-01	6.841030E-02
6.736257E+03	-1.697567E+01	1.755262E-01	6.841420E-02
6.736458E+03	-1.697628E+01	1.740884E-01	6.841812E-02
6.736657E+03	-1.697601E+01	1.715096E-01	6.842200E-02
6.736857E+03	-1.697656E+01	1.719722E-01	6.842590E-02
6.737057E+03	-1.697667E+01	1.725817E-01	6.842980E-02
6.737257E+03	-1.697653E+01	1.725733E-01	6.843369E-02
6.737457E+03	-1.697692E+01	1.734295E-01	6.843759E-02
6.737657E+03	-1.697815E+01	1.738812E-01	6.844149E-02
6.737857E+03	-1.697937E+01	1.744547E-01	6.844539E-02
6.738057E+03	-1.697987E+01	1.745478E-01	6.844929E-02
6.738257E+03	-1.697998E+01	1.748015E-01	6.845318E-02
6.738457E+03	-1.698047E+01	1.750108E-01	6.845708E-02
6.738658E+03	-1.698110E+01	1.750399E-01	6.846100E-02
6.738858E+03	-1.698126E+01	1.751135E-01	6.846490E-02
6.739058E+03	-1.698129E+01	1.752227E-01	6.846879E-02
6.739258E+03	-1.698147E+01	1.756238E-01	6.847269E-02
6.739458E+03	-1.698143E+01	1.758857E-01	6.847659E-02
6.739658E+03	-1.698187E+01	1.762333E-01	6.848048E-02
6.739858E+03	-1.698240E+01	1.762832E-01	6.848438E-02
6.740058E+03	-1.698253E+01	1.763660E-01	6.848828E-02
6.740258E+03	-1.698230E+01	1.757916E-01	6.849217E-02
6.740458E+03	-1.698297E+01	1.761107E-01	6.849607E-02
6.740658E+03	-1.698383E+01	1.769404E-01	6.849997E-02
6.740858E+03	-1.698381E+01	1.769765E-01	6.850386E-02
6.741058E+03	-1.698350E+01	1.764416E-01	6.850776E-02
6.741258E+03	-1.698405E+01	1.762716E-01	6.851165E-02
6.741458E+03	-1.698459E+01	1.760098E-01	6.851555E-02
6.741658E+03	-1.698509E+01	1.762050E-01	6.851945E-02
6.741858E+03	-1.698550E+01	1.750772E-01	6.852334E-02
6.742058E+03	-1.698542E+01	1.713466E-01	6.852724E-02
6.742258E+03	-1.698477E+01	1.719089E-01	6.853113E-02
6.742458E+03	-1.698416E+01	1.706896E-01	6.853503E-02
6.742658E+03	-1.698408E+01	1.705921E-01	6.853892E-02
6.742858E+03	-1.698424E+01	1.706281E-01	6.854282E-02
6.743058E+03	-1.698464E+01	1.718957E-01	6.854671E-02
6.743258E+03	-1.698480E+01	1.714147E-01	6.855061E-02
6.743459E+03	-1.698500E+01	1.717418E-01	6.855452E-02
6.743659E+03	-1.698606E+01	1.720867E-01	6.855842E-02
6.743859E+03	-1.698639E+01	1.712455E-01	6.856231E-02
6.744059E+03	-1.698601E+01	1.711305E-01	6.856621E-02
6.744259E+03	-1.698526E+01	1.709933E-01	6.857010E-02
6.744459E+03	-1.698583E+01	1.712004E-01	6.857399E-02
6.744659E+03	-1.698602E+01	1.713716E-01	6.857789E-02
6.744859E+03	-1.698611E+01	1.719947E-01	6.858178E-02
6.745059E+03	-1.698654E+01	1.724851E-01	6.858568E-02
6.745259E+03	-1.698724E+01	1.718144E-01	6.858957E-02
6.745459E+03	-1.698702E+01	1.714797E-01	6.859346E-02
6.745659E+03	-1.698657E+01	1.723400E-01	6.859736E-02
6.745859E+03	-1.698781E+01	1.718554E-01	6.860125E-02
6.746059E+03	-1.698880E+01	1.692935E-01	6.860514E-02
6.746259E+03	-1.698883E+01	1.673906E-01	6.860904E-02
6.746459E+03	-1.698920E+01	1.667104E-01	6.861293E-02
6.746659E+03	-1.698976E+01	1.679164E-01	6.861682E-02
6.746859E+03	-1.699042E+01	1.680548E-01	6.862071E-02
6.747059E+03	-1.699099E+01	1.686283E-01	6.862461E-02
6.747259E+03	-1.699027E+01	1.707246E-01	6.862850E-02
6.747459E+03	-1.698980E+01	1.712862E-01	6.863239E-02
6.747659E+03	-1.699008E+01	1.713682E-01	6.863628E-02
6.747859E+03	-1.699027E+01	1.714696E-01	6.864018E-02
6.748059E+03	-1.699061E+01	1.719119E-01	6.864407E-02
6.748258E+03	-1.699056E+01	1.717448E-01	6.864794E-02
6.748459E+03	-1.699013E+01	1.716274E-01	6.865185E-02
6.748659E+03	-1.698895E+01	1.712046E-01	6.865574E-02
6.748859E+03	-1.698892E+01	1.708240E-01	6.865964E-02
6.749059E+03	-1.698896E+01	1.711608E-01	6.866353E-02
6.749259E+03	-1.698801E+01	1.708260E-01	6.866742E-02
6.749459E+03	-1.698712E+01	1.695450E-01	6.867131E-02
6.749659E+03	-1.698742E+01	1.681771E-01	6.867520E-02
6.749859E+03	-1.698709E+01	1.670287E-01	6.867909E-02
6.750059E+03	-1.698618E+01	1.662365E-01	6.868298E-02
6.750259E+03	-1.698536E+01	1.653012E-01	6.868687E-02
6.750459E+03	-1.698502E+01	1.646334E-01	6.869076E-02
6.750659E+03	-1.698540E+01	1.647278E-01	6.869465E-02
6.750859E+03	-1.698570E+01	1.653192E-01	6.869855E-02
6.751059E+03	-1.698656E+01	1.650646E-01	6.870244E-02
6.751259E+03	-1.698644E+01	1.648057E-01	6.870633E-02
6.751459E+03	-1.698577E+01	1.646439E-01	6.871022E-02
6.751659E+03	-1.698573E+01	1.640186E-01	6.871411E-02
6.751859E+03	-1.698589E+01	1.637598E-01	6.871800E-02
6.752059E+03	-1.698616E+01	1.638491E-01	6.872189E-02
6.752259E+03	-1.698598E+01	1.630304E-01	6.872577E-02
6.752459E+03	-1.698537E+01	1.626096E-01	6.872966E-02
6.752659E+03	-1.698489E+01	1.623525E-01	6.873355E-02
6.752859E+03	-1.698465E+01	1.614902E-01	6.873744E-02
6.753059E+03	-1.698461E+01	1.609926E-01	6.874133E-02
6.753259E+03	-1.698426E+01	1.607328E-01	6.874522E-02
6.753460E+03	-1.698367E+01	1.598733E-01	6.874913E-02
6.753660E+03	-1.698340E+01	1.595377E-01	6.875302E-02
6.753860E+03	-1.698377E+01	1.601384E-01	6.875691E-02
6.754060E+03	-1.698277E+01	1.595181E-01	6.876080E-02
6.754260E+03	-1.698205E+01	1.592563E-01	6.876468E-02
6.754460E+03	-1.698248E+01	1.593327E-01	6.876857E-02
6.754860E+03	-1.698271E+01	1.594206E-01	6.877635E-02
6.755060E+03	-1.698312E+01	1.593268E-01	6.878024E-02
6.755260E+03	-1.698386E+01	1.594317E-01	6.878413E-02
6.755460E+03	-1.698403E+01	1.591041E-01	6.878801E-02
6.755660E+03	-1.698462E+01	1.585999E-01	6.879190E-02
6.755860E+03	-1.698503E+01	1.586345E-01	6.879579E-02
6.756060E+03	-1.698600E+01	1.580037E-01	6.879968E-02
6.756260E+03	-1.698659E+01	1.574906E-01	6.880356E-02
6.756460E+03	-1.698722E+01	1.573117E-01	6.880745E-02
6.756660E+03	-1.698771E+01	1.575700E-01	6.881134E-02
6.756860E+03	-1.698696E+01	1.573735E-01	6.881522E-02
6.757060E+03	-1.698710E+01	1.573990E-01	6.881911E-02
6.757260E+03	-1.698746E+01	1.570502E-01	6.882300E-02
6.757460E+03	-1.698653E+01	1.556263E-01	6.882688E-02
6.757660E+03	-1.698647E+01	1.554737E-01	6.883077E-02
6.757860E+03	-1.698745E+01	1.555886E-01	6.883466E-02
6.758060E+03	-1.698771E+01	1.557585E-01	6.883854E-02
6.758261E+03	-1.698861E+01	1.557153E-01	6.884245E-02
6.758461E+03	-1.698892E+01	1.556487E-01	6.884634E-02
6.758661E+03	-1.698845E+01	1.553331E-01	6.885022E-02
6.758861E+03	-1.698872E+01	1.556885E-01	6.885411E-02
6.759061E+03	-1.698946E+01	1.562802E-01	6.885799E-02
6.759261E+03	-1.698967E+01	1.564416E-01	6.886188E-02
6.759461E+03	-1.698986E+01	1.567086E-01	6.886576E-02
6.759661E+03	-1.699002E+01	1.569984E-01	6.886965E-02
6.759861E+03	-1.699080E+01	1.576947E-01	6.887353E-02
6.760061E+03	-1.699095E+01	1.581496E-01	6.887742E-02
6.760261E+03	-1.699147E+01	1.585101E-01	6.888130E-02
6.760461E+03	-1.699123E+01	1.584476E-01	6.888519E-02
6.760660E+03	-1.699044E+01	1.579284E-01	6.888906E-02
6.760860E+03	-1.699059E+01	1.589041E-01	6.889294E-02
6.761060E+03	-1.699073E+01	1.594403E-01	6.889682E-02
6.761261E+03	-1.699025E+01	1.592966E-01	6.890073E-02
6.761461E+03	-1.698960E+01	1.591441E-01	6.890461E-02
6.761660E+03	-1.698984E+01	1.592383E-01	6.890848E-02
6.761860E+03	-1.698948E+01	1.597350E-01	6.891236E-02
6.762060E+03	-1.698874E+01	1.593063E-01	6.891625E-02
6.762260E+03	-1.698799E+01	1.588241E-01	6.892013E-02
6.762460E+03	-1.698782E+01	1.582776E-01	6.892401E-02
6.762660E+03	-1.698713E+01	1.576189E-01	6.892790E-02
6.762860E+03	-1.698678E+01	1.569405E-01	6.893178E-02
6.763060E+03	-1.698657E+01	1.563079E-01	6.893566E-02
6.763261E+03	-1.698740E+01	1.558702E-01	6.893957E-02
6.763461E+03	-1.698790E+01	1.563601E-01	6.894345E-02
6.763661E+03	-1.698781E+01	1.565507E-01	6.894733E-02
6.763861E+03	-1.698793E+01	1.558874E-01	6.895122E-02
6.764061E+03	-1.698831E+01	1.550301E-01	6.895510E-02
6.764261E+03	-1.698837E+01	1.561533E-01	6.895898E-02
6.764461E+03	-1.698896E+01	1.571895E-01	6.896286E-02
6.764661E+03	-1.698905E+01	1.584893E-01	6.896675E-02
6.764861E+03	-1.698880E+01	1.581904E-01	6.897063E-02
6.765061E+03	-1.698843E+01	1.597074E-01	6.897451E-02
6.765261E+03	-1.698836E+01	1.616283E-01	6.897839E-02
6.765461E+03	-1.698880E+01	1.619396E-01	6.898228E-02
6.765661E+03	-1.698857E+01	1.622332E-01	6.898616E-02
6.765861E+03	-1.698847E+01	1.624013E-01	6.899004E-02
6.766061E+03	-1.698896E+01	1.625868E-01	6.899392E-02
6.766261E+03	-1.698822E+01	1.624622E-01	6.899780E-02
6.766461E+03	-1.698778E+01	1.636078E-01	6.900168E-02
6.766661E+03	-1.698776E+01	1.638249E-01	6.900557E-02
6.766861E+03	-1.698846E+01	1.637862E-01	6.900945E-02
6.767061E+03	-1.698871E+01	1.638866E-01	6.901333E-02
6.767261E+03	-1.698828E+01	1.628734E-01	6.901721E-02
6.767461E+03	-1.698820E+01	1.618299E-01	6.902109E-02
6.767661E+03	-1.698883E+01	1.617508E-01	6.902497E-02
6.767861E+03	-1.698881E+01	1.617800E-01	6.902885E-02
6.768061E+03	-1.698776E+01	1.618198E-01	6.903273E-02
6.768262E+03	-1.698717E+01	1.616401E-01	6.903663E-02
6.768462E+03	-1.698624E+01	1.624492E-01	6.904051E-02
6.768662E+03	-1.698602E+01	1.630767E-01	6.904439E-02
6.768862E+03	-1.698683E+01	1.632148E-01	6.904827E-02
6.769062E+03	-1.698673E+01	1.630870E-01	6.905215E-02
6.769262E+03	-1.698701E+01	1.632557E-01	6.905603E-02
6.769462E+03	-1.698712E+01	1.631829E-01	6.905991E-02
6.769662E+03	-1.698737E+01	1.632252E-01	6.906379E-02
6.769862E+03	-1.698682E+01	1.631000E-01	6.906767E-02
6.770062E+03	-1.698586E+01	1.626670E-01	6.907155E-02
6.770262E+03	-1.698494E+01	1.623194E-01	6.907543E-02
6.770462E+03	-1.698542E+01	1.624358E-01	6.907931E-02
6.770662E+03	-1.698619E+01	1.626150E-01	6.908319E-02
6.770862E+03	-1.698630E+01	1.627217E-01	6.908707E-02
6.771062E+03	-1.698651E+01	1.628802E-01	6.909095E-02
6.771262E+03	-1.698593E+01	1.627544E-01	6.909482E-02
6.771462E+03	-1.698591E+01	1.626780E-01	6.909870E-02
6.771662E+03	-1.698589E+01	1.625542E-01	6.910258E-02
6.771862E+03	-1.698467E+01	1.619492E-01	6.910646E-02
6.772062E+03	-1.698421E+01	1.616022E-01	6.911034E-02
6.772262E+03	-1.698380E+01	1.612673E-01	6.911422E-02
6.772462E+03	-1.698288E+01	1.608980E-01	6.911809E-02
6.772662E+03	-1.698365E+01	1.610594E-01	6.912197E-02
6.772861E+03	-1.698424E+01	1.604646E-01	6.912583E-02
6.773062E+03	-1.698320E+01	1.600826E-01	6.912973E-02
6.773262E+03	-1.698273E+01	1.598067E-01	6.913360E-02
6.773462E+03	-1.698214E+01	1.589427E-01	6.913748E-02
6.773663E+03	-1.698119E+01	1.588775E-01	6.914138E-02
6.773863E+03	-1.698067E+01	1.587653E-01	6.914526E-02
6.774062E+03	-1.698055E+01	1.586885E-01	6.914911E-02
6.774262E+03	-1.697982E+01	1.582258E-01	6.915299E-02
6.774462E+03	-1.697878E+01	1.578512E-01	6.915687E-02
6.774662E+03	-1.697810E+01	1.576017E-01	6.916074E-02
6.774862E+03	-1.697706E+01	1.570781E-01	6.916462E-02
6.775062E+03	-1.697653E+01	1.569555E-01	6.916850E-02
6.775262E+03	-1.697687E+01	1.565531E-01	6.917237E-02
6.775462E+03	-1.697753E+01	1.567791E-01	6.917625E-02
6.775662E+03	-1.697707E+01	1.567812E-01	6.918013E-02
6.775862E+03	-1.697698E+01	1.574212E-01	6.918400E-02
6.776062E+03	-1.697643E+01	1.569776E-01	6.918788E-02
6.776262E+03	-1.697620E+01	1.563973E-01	6.919175E-02
6.776462E+03	-1.697626E+01	1.559280E-01	6.919563E-02
6.776662E+03	-1.697585E+01	1.562211E-01	6.919951E-02
6.776862E+03	-1.697564E+01	1.551949E-01	6.920338E-02
6.777062E+03	-1.697566E+01	1.550013E-01	6.920726E-02
6.777262E+03	-1.697499E+01	1.548589E-01	6.921113E-02
6.777462E+03	-1.697418E+01	1.545203E-01	6.921501E-02
6.777662E+03	-1.697254E+01	1.537903E-01	6.921888E-02
6.777862E+03	-1.697153E+01	1.532192E-01	6.922276E-02
6.778063E+03	-1.697250E+01	1.535473E-01	6.922665E-02
6.778263E+03	-1.697295E+01	1.538085E-01	6.923053E-02
6.778463E+03	-1.697253E+01	1.546318E-01	6.923440E-02
6.778663E+03	-1.697158E+01	1.548203E-01	6.923828E-02
6.778863E+03	-1.697176E+01	1.529584E-01	6.924215E-02
6.779063E+03	-1.697206E+01	1.522684E-01	6.924602E-02
6.779263E+03	-1.697211E+01	1.519269E-01	6.924990E-02
6.779463E+03	-1.697246E+01	1.521018E-01	6.925377E-02
6.779663E+03	-1.697244E+01	1.519899E-01	6.925765E-02
6.779863E+03	-1.697205E+01	1.517908E-01	6.926152E-02
6.780063E+03	-1.697160E+01	1.516548E-01	6.926539E-02
6.780263E+03	-1.697189E+01	1.517311E-01	6.926927E-02
6.780463E+03	-1.697258E+01	1.504909E-01	6.927314E-02
6.780663E+03	-1.697374E+01	1.511104E-01	6.927701E-02
6.780863E+03	-1.697392E+01	1.502144E-01	6.928089E-02
6.781063E+03	-1.697339E+01	1.482162E-01	6.928476E-02
6.781263E+03	-1.697329E+01	1.478514E-01	6.928863E-02
6.781463E+03	-1.697256E+01	1.469312E-01	6.929251E-02
6.781663E+03	-1.697303E+01	1.466990E-01	6.929638E-02
6.781863E+03	-1.697372E+01	1.470314E-01	6.930025E-02
6.782063E+03	-1.697387E+01	1.468275E-01	6.930412E-02
6.782263E+03	-1.697461E+01	1.467269E-01	6.930800E-02
6.782463E+03	-1.697524E+01	1.468324E-01	6.931187E-02
6.782663E+03	-1.697609E+01	1.465392E-01	6.931574E-02
6.782863E+03	-1.697696E+01	1.467602E-01	6.931961E-02
6.783064E+03	-1.697753E+01	1.467031E-01	6.932350E-02
6.783264E+03	-1.697798E+01	1.468327E-01	6.932738E-02
6.783464E+03	-1.697881E+01	1.478281E-01	6.933125E-02
6.783664E+03	-1.697933E+01	1.482593E-01	6.933512E-02
6.783864E+03	-1.697906E+01	1.472894E-01	6.933899E-02
6.784064E+03	-1.697914E+01	1.470681E-01	6.934286E-02
6.784264E+03	-1.698045E+01	1.475557E-01	6.934673E-02
6.784464E+03	-1.698090E+01	1.477032E-01	6.935060E-02
6.784664E+03	-1.698103E+01	1.476375E-01	6.935448E-02
6.784864E+03	-1.698163E+01	1.491425E-01	6.935835E-02
6.785064E+03	-1.698193E+01	1.489810E-01	6.936222E-02
6.785264E+03	-1.698216E+01	1.489001E-01	6.936609E-02
6.785463E+03	-1.698276E+01	1.482154E-01	6.936994E-02
6.785663E+03	-1.698278E+01	1.485193E-01	6.937381E-02
6.785864E+03	-1.698234E+01	1.490536E-01	6.937770E-02
6.786064E+03	-1.698171E+01	1.493634E-01	6.938157E-02
6.786264E+03	-1.698131E+01	1.489883E-01	6.938544E-02
6.786463E+03	-1.698120E+01	1.489595E-01	6.938929E-02
6.786663E+03	-1.698233E+01	1.491548E-01	6.939316E-02
6.786863E+03	-1.698347E+01	1.494443E-01	6.939703E-02
6.787063E+03	-1.698389E+01	1.496976E-01	6.940090E-02
6.787263E+03	-1.698378E+01	1.495492E-01	6.940477E-02
6.787463E+03	-1.698292E+01	1.499415E-01	6.940864E-02
6.787663E+03	-1.698364E+01	1.498193E-01	6.941251E-02
6.787864E+03	-1.698430E+01	1.501841E-01	6.941640E-02
6.788064E+03	-1.698382E+01	1.507264E-01	6.942027E-02
6.788264E+03	-1.698389E+01	1.517340E-01	6.942414E-02
6.788464E+03	-1.698379E+01	1.516997E-01	6.942800E-02
6.788664E+03	-1.698443E+01	1.506317E-01	6.943187E-02
6.788864E+03	-1.698562E+01	1.515056E-01	6.943574E-02
6.789064E+03	-1.698642E+01	1.520384E-01	6.943961E-02
6.789264E+03	-1.698823E+01	1.527798E-01	6.944348E-02
6.789464E+03	-1.698922E+01	1.528810E-01	6.944735E-02
6.789664E+03	-1.698904E+01	1.515477E-01	6.945122E-02
6.789864E+03	-1.698933E+01	1.513368E-01	6.945508E-02
6.790064E+03	-1.699082E+01	1.523374E-01	6.945895E-02
6.790264E+03	-1.699243E+01	1.519683E-01	6.946282E-02
6.790464E+03	-1.699346E+01	1.522498E-01	6.946669E-02
6.790664E+03	-1.699361E+01	1.519830E-01	6.947055E-02
6.790864E+03	-1.699371E+01	1.522994E-01	6.947442E-02
6.791064E+03	-1.699439E+01	1.505219E-01	6.947829E-02
6.791464E+03	-1.699432E+01	1.504540E-01	6.948602E-02
6.791664E+03	-1.699498E+01	1.510438E-01	6.948989E-02
6.791864E+03	-1.699576E+01	1.515615E-01	6.949376E-02
6.792064E+03	-1.699573E+01	1.520187E-01	6.949762E-02
6.792264E+03	-1.699603E+01	1.522662E-01	6.950149E-02
6.792464E+03	-1.699628E+01	1.523901E-01	6.950536E-02
6.792664E+03	-1.699646E+01	1.525569E-01	6.950922E-02
6.792865E+03	-1.699590E+01	1.522911E-01	6.951311E-02
6.793065E+03	-1.699538E+01	1.517981E-01	6.951698E-02
6.793265E+03	-1.699580E+01	1.512883E-01	6.952084E-02
6.793465E+03	-1.699747E+01	1.524452E-01	6.952471E-02
6.793665E+03	-1.699780E+01	1.535077E-01	6.952857E-02
6.793865E+03	-1.699791E+01	1.522841E-01	6.953244E-02
6.794065E+03	-1.699933E+01	1.530873E-01	6.953631E-02
6.794265E+03	-1.699962E+01	1.531016E-01	6.954017E-02
6.794465E+03	-1.700044E+01	1.531991E-01	6.954404E-02
6.794665E+03	-1.700055E+01	1.529069E-01	6.954790E-02
6.794865E+03	-1.700060E+01	1.517764E-01	6.955177E-02
6.795065E+03	-1.700087E+01	1.527189E-01	6.955563E-02
6.795265E+03	-1.700058E+01	1.525010E-01	6.955950E-02
6.795465E+03	-1.699939E+01	1.497753E-01	6.956336E-02
6.795665E+03	-1.699899E+01	1.486756E-01	6.956723E-02
6.795865E+03	-1.699991E+01	1.490764E-01	6.957109E-02
6.796065E+03	-1.700032E+01	1.491928E-01	6.957496E-02
6.796265E+03	-1.699995E+01	1.485213E-01	6.957882E-02
6.796465E+03	-1.699960E+01	1.495572E-01	6.958269E-02
6.796665E+03	-1.699970E+01	1.495737E-01	6.958655E-02
6.796865E+03	-1.700021E+01	1.494451E-01	6.959041E-02
6.797065E+03	-1.700064E+01	1.496319E-01	6.959428E-02
6.797265E+03	-1.700113E+01	1.503154E-01	6.959814E-02
6.797465E+03	-1.700039E+01	1.501836E-01	6.960201E-02
6.797665E+03	-1.699981E+01	1.501679E-01	6.960587E-02
6.797865E+03	-1.699986E+01	1.504387E-01	6.960973E-02
6.798065E+03	-1.700034E+01	1.503957E-01	6.961360E-02
6.798266E+03	-1.700107E+01	1.503626E-01	6.961748E-02
6.798466E+03	-1.700190E+01	1.505509E-01	6.962134E-02
6.798666E+03	-1.700170E+01	1.508144E-01	6.962521E-02
6.798865E+03	-1.700192E+01	1.514662E-01	6.962905E-02
6.799065E+03	-1.700199E+01	1.508971E-01	6.963291E-02
6.799265E+03	-1.700193E+01	1.508160E-01	6.963677E-02
6.799465E+03	-1.700201E+01	1.517393E-01	6.964064E-02
6.799665E+03	-1.700229E+01	1.520256E-01	6.964450E-02
6.799865E+03	-1.700252E+01	1.522210E-01	6.964836E-02
6.800065E+03	-1.700285E+01	1.524046E-01	6.965222E-02
6.800265E+03	-1.700314E+01	1.539350E-01	6.965609E-02
6.800465E+03	-1.700235E+01	1.536793E-01	6.965995E-02
6.800665E+03	-1.700161E+01	1.536573E-01	6.966381E-02
6.800865E+03	-1.700090E+01	1.545848E-01	6.966767E-02
6.801065E+03	-1.700018E+01	1.555274E-01	6.967153E-02
6.801265E+03	-1.699993E+01	1.556743E-01	6.967540E-02
6.801465E+03	-1.699987E+01	1.562506E-01	6.967926E-02
6.801665E+03	-1.699986E+01	1.561960E-01	6.968312E-02
6.801865E+03	-1.699988E+01	1.564822E-01	6.968698E-02
6.802065E+03	-1.699996E+01	1.558929E-01	6.969084E-02
6.802265E+03	-1.700008E+01	1.574278E-01	6.969470E-02
6.802465E+03	-1.700025E+01	1.575180E-01	6.969856E-02
6.802666E+03	-1.700049E+01	1.576491E-01	6.970244E-02
6.802866E+03	-1.700098E+01	1.578802E-01	6.970630E-02
6.803066E+03	-1.700110E+01	1.579555E-01	6.971016E-02
6.803266E+03	-1.700136E+01	1.589595E-01	6.971402E-02
6.803466E+03	-1.700136E+01	1.590023E-01	6.971789E-02
6.803666E+03	-1.700168E+01	1.600264E-01	6.972175E-02
6.803866E+03	-1.700190E+01	1.606043E-01	6.972561E-02
6.804066E+03	-1.700136E+01	1.604025E-01	6.972947E-02
6.804266E+03	-1.700184E+01	1.635505E-01	6.973333E-02
6.804466E+03	-1.700198E+01	1.660244E-01	6.973719E-02
6.804666E+03	-1.700069E+01	1.673742E-01	6.974104E-02
6.804866E+03	-1.700021E+01	1.673546E-01	6.974490E-02
6.805066E+03	-1.699993E+01	1.674035E-01	6.974876E-02
6.805266E+03	-1.699951E+01	1.678028E-01	6.975262E-02
6.805466E+03	-1.699908E+01	1.681547E-01	6.975648E-02
6.805666E+03	-1.699818E+01	1.679680E-01	6.976034E-02
6.805866E+03	-1.699716E+01	1.698155E-01	6.976420E-02
6.806066E+03	-1.699639E+01	1.732353E-01	6.976806E-02
6.806266E+03	-1.699542E+01	1.743314E-01	6.977192E-02
6.806466E+03	-1.699504E+01	1.742452E-01	6.977578E-02
6.806666E+03	-1.699504E+01	1.740001E-01	6.977964E-02
6.806866E+03	-1.699450E+01	1.741418E-01	6.978349E-02
6.807066E+03	-1.699465E+01	1.746880E-01	6.978735E-02
6.807266E+03	-1.699506E+01	1.750460E-01	6.979121E-02
6.807466E+03	-1.699440E+01	1.746291E-01	6.979507E-02
6.807667E+03	-1.699420E+01	1.742754E-01	6.979895E-02
6.807867E+03	-1.699465E+01	1.742609E-01	6.980280E-02
6.808067E+03	-1.699487E+01	1.739990E-01	6.980666E-02
6.808267E+03	-1.699557E+01	1.763400E-01	6.981052E-02
6.808467E+03	-1.699605E+01	1.773992E-01	6.981438E-02
6.808667E+03	-1.699572E+01	1.787541E-01	6.981823E-02
6.808867E+03	-1.699457E+01	1.781222E-01	6.982209E-02
6.809067E+03	-1.699376E+01	1.777077E-01	6.982595E-02
6.809267E+03	-1.699410E+01	1.778146E-01	6.982981E-02
6.809467E+03	-1.699389E+01	1.777805E-01	6.983366E-02
6.809667E+03	-1.699311E+01	1.778405E-01	6.983752E-02
6.809867E+03	-1.699293E+01	1.771794E-01	6.984138E-02
6.810067E+03	-1.699273E+01	1.771247E-01	6.984523E-02
6.810266E+03	-1.699261E+01	1.770145E-01	6.984907E-02
6.810467E+03	-1.699225E+01	1.769777E-01	6.985295E-02
6.810667E+03	-1.699167E+01	1.767281E-01	6.985680E-02
6.810867E+03	-1.699090E+01	1.764442E-01	6.986066E-02
6.811066E+03	-1.699067E+01	1.762939E-01	6.986449E-02
6.811266E+03	-1.699107E+01	1.764752E-01	6.986835E-02
6.811467E+03	-1.699145E+01	1.756764E-01	6.987223E-02
6.811666E+03	-1.699143E+01	1.747081E-01	6.987606E-02
6.811866E+03	-1.699152E+01	1.745192E-01	6.987992E-02
6.812066E+03	-1.699174E+01	1.745146E-01	6.988377E-02
6.812266E+03	-1.699135E+01	1.730147E-01	6.988763E-02
6.812466E+03	-1.699125E+01	1.730739E-01	6.989148E-02
6.812667E+03	-1.699175E+01	1.722472E-01	6.989536E-02
6.812867E+03	-1.699121E+01	1.732149E-01	6.989921E-02
6.813067E+03	-1.699010E+01	1.716384E-01	6.990307E-02
6.813267E+03	-1.699072E+01	1.700605E-01	6.990692E-02
6.813467E+03	-1.699172E+01	1.704614E-01	6.991078E-02
6.813667E+03	-1.699198E+01	1.700809E-01	6.991463E-02
6.813867E+03	-1.699327E+01	1.707542E-01	6.991849E-02
6.814067E+03	-1.699410E+01	1.712054E-01	6.992234E-02
6.814267E+03	-1.699467E+01	1.706760E-01	6.992620E-02
6.814467E+03	-1.699538E+01	1.698522E-01	6.993005E-02
6.814667E+03	-1.699558E+01	1.700827E-01	6.993390E-02
6.814867E+03	-1.699483E+01	1.699468E-01	6.993776E-02
6.815067E+03	-1.699373E+01	1.697472E-01	6.994161E-02
6.815267E+03	-1.699312E+01	1.699535E-01	6.994546E-02
6.815467E+03	-1.699258E+01	1.698609E-01	6.994932E-02
6.815667E+03	-1.699194E+01	1.708641E-01	6.995317E-02
6.815867E+03	-1.699164E+01	1.708811E-01	6.995703E-02
6.816067E+03	-1.699189E+01	1.705710E-01	6.996088E-02
6.816267E+03	-1.699265E+01	1.703959E-01	6.996473E-02
6.816467E+03	-1.699218E+01	1.687548E-01	6.996858E-02
6.816667E+03	-1.699180E+01	1.679079E-01	6.997244E-02
6.816867E+03	-1.699192E+01	1.682969E-01	6.997629E-02
6.817067E+03	-1.699234E+01	1.687840E-01	6.998014E-02
6.817267E+03	-1.699284E+01	1.689509E-01	6.998400E-02
6.817468E+03	-1.699207E+01	1.695614E-01	6.998787E-02
6.817668E+03	-1.699150E+01	1.697890E-01	6.999172E-02
6.817868E+03	-1.699131E+01	1.695586E-01	6.999557E-02
6.818068E+03	-1.699119E+01	1.699118E-01	6.999942E-02
6.818268E+03	-1.699174E+01	1.705077E-01	7.000328E-02
6.818468E+03	-1.699291E+01	1.709739E-01	7.000713E-02
6.818668E+03	-1.699442E+01	1.722005E-01	7.001098E-02
6.818868E+03	-1.699552E+01	1.731845E-01	7.001483E-02
6.819068E+03	-1.699571E+01	1.734904E-01	7.001868E-02
6.819268E+03	-1.699579E+01	1.747477E-01	7.002253E-02
6.819468E+03	-1.699597E+01	1.747431E-01	7.002639E-02
6.819668E+03	-1.699552E+01	1.747936E-01	7.003024E-02
6.819868E+03	-1.699593E+01	1.750261E-01	7.003409E-02
6.820068E+03	-1.699603E+01	1.750790E-01	7.003794E-02
6.820268E+03	-1.699570E+01	1.749547E-01	7.004179E-02
6.820468E+03	-1.699620E+01	1.751787E-01	7.004564E-02
6.820668E+03	-1.699702E+01	1.757653E-01	7.004949E-02
6.820868E+03	-1.699705E+01	1.757777E-01	7.005334E-02
6.821068E+03	-1.699742E+01	1.764267E-01	7.005719E-02
6.821268E+03	-1.699779E+01	1.764271E-01	7.006104E-02
6.821468E+03	-1.699779E+01	1.761854E-01	7.006489E-02
6.821668E+03	-1.699836E+01	1.777688E-01	7.006874E-02
6.821868E+03	-1.699893E+01	1.795081E-01	7.007259E-02
6.822068E+03	-1.699840E+01	1.792713E-01	7.007644E-02
6.822268E+03	-1.699730E+01	1.790067E-01	7.008029E-02
6.822469E+03	-1.699771E+01	1.796412E-01	7.008416E-02
6.822669E+03	-1.699846E+01	1.800686E-01	7.008801E-02
6.822868E+03	-1.699893E+01	1.803464E-01	7.009184E-02
6.823069E+03	-1.699911E+01	1.803665E-01	7.009571E-02
6.823269E+03	-1.699923E+01	1.803031E-01	7.009956E-02
6.823468E+03	-1.699979E+01	1.806300E-01	7.010339E-02
6.823668E+03	-1.699950E+01	1.800902E-01	7.010724E-02
6.823868E+03	-1.699967E+01	1.794991E-01	7.011109E-02
6.824268E+03	-1.700021E+01	1.801743E-01	7.011878E-02
6.824468E+03	-1.700067E+01	1.804879E-01	7.012263E-02
6.824668E+03	-1.700066E+01	1.805062E-01	7.012648E-02
6.824868E+03	-1.700027E+01	1.799997E-01	7.013033E-02
6.825068E+03	-1.700013E+01	1.807390E-01	7.013418E-02
6.825268E+03	-1.700040E+01	1.817917E-01	7.013802E-02
6.825468E+03	-1.700114E+01	1.822017E-01	7.014187E-02
6.825668E+03	-1.700171E+01	1.825062E-01	7.014572E-02
6.825868E+03	-1.700254E+01	1.828022E-01	7.014957E-02
6.826068E+03	-1.700320E+01	1.835669E-01	7.015341E-02
6.826268E+03	-1.700277E+01	1.833948E-01	7.015726E-02
6.826468E+03	-1.700208E+01	1.829909E-01	7.016111E-02
6.826668E+03	-1.700222E+01	1.839933E-01	7.016496E-02
6.826868E+03	-1.700261E+01	1.839709E-01	7.016880E-02
6.827068E+03	-1.700328E+01	1.842790E-01	7.017265E-02
6.827268E+03	-1.700310E+01	1.839251E-01	7.017650E-02
6.827469E+03	-1.700300E+01	1.839505E-01	7.018036E-02
6.827869E+03	-1.700327E+01	1.842349E-01	7.018806E-02
6.828069E+03	-1.700273E+01	1.842116E-01	7.019190E-02
6.828269E+03	-1.700270E+01	1.841853E-01	7.019575E-02
6.828469E+03	-1.700230E+01	1.843286E-01	7.019960E-02
6.828669E+03	-1.700174E+01	1.859000E-01	7.020340E-02
6.829069E+03	-1.700155E+01	1.859747E-01	7.021100E-02
6.829269E+03	-1.700173E+01	1.865048E-01	7.021479E-02
6.829469E+03	-1.700213E+01	1.878075E-01	7.021859E-02
6.829869E+03	-1.700179E+01	1.877813E-01	7.022618E-02
6.830069E+03	-1.700125E+01	1.870449E-01	7.022997E-02
6.830269E+03	-1.700065E+01	1.877200E-01	7.023377E-02
6.830469E+03	-1.700025E+01	1.874938E-01	7.023756E-02
6.830669E+03	-1.699944E+01	1.870367E-01	7.024136E-02
6.830869E+03	-1.699922E+01	1.870719E-01	7.024515E-02
6.831069E+03	-1.699900E+01	1.869419E-01	7.024895E-02
6.831269E+03	-1.699821E+01	1.873189E-01	7.025274E-02
6.831469E+03	-1.699796E+01	1.865560E-01	7.025654E-02
6.831669E+03	-1.699787E+01	1.871031E-01	7.026033E-02
6.831869E+03	-1.699753E+01	1.866846E-01	7.026413E-02
6.832069E+03	-1.699753E+01	1.872989E-01	7.026792E-02
6.832270E+03	-1.699820E+01	1.861821E-01	7.027173E-02
6.832470E+03	-1.699863E+01	1.861437E-01	7.027553E-02
6.832670E+03	-1.699912E+01	1.856880E-01	7.027932E-02
6.832870E+03	-1.699939E+01	1.867563E-01	7.028312E-02
6.833070E+03	-1.699944E+01	1.871584E-01	7.028691E-02
6.833270E+03	-1.699974E+01	1.871854E-01	7.029070E-02
6.833470E+03	-1.699988E+01	1.876277E-01	7.029450E-02
6.833670E+03	-1.699994E+01	1.861379E-01	7.029829E-02
6.833870E+03	-1.700063E+01	1.861109E-01	7.030208E-02
6.834070E+03	-1.700164E+01	1.866380E-01	7.030588E-02
6.834270E+03	-1.700177E+01	1.868367E-01	7.030967E-02
6.834670E+03	-1.700103E+01	1.862863E-01	7.031725E-02
6.834870E+03	-1.700045E+01	1.853529E-01	7.032105E-02
6.835070E+03	-1.700011E+01	1.846910E-01	7.032484E-02
6.835270E+03	-1.699911E+01	1.857360E-01	7.032863E-02
6.835470E+03	-1.699838E+01	1.862207E-01	7.033242E-02
6.835669E+03	-1.699757E+01	1.860370E-01	7.033620E-02
6.835869E+03	-1.699679E+01	1.859206E-01	7.033999E-02
6.836069E+03	-1.699683E+01	1.857525E-01	7.034378E-02
6.836270E+03	-1.699689E+01	1.854533E-01	7.034759E-02
6.836470E+03	-1.699613E+01	1.840004E-01	7.035138E-02
6.836669E+03	-1.699520E+01	1.836118E-01	7.035516E-02
6.836869E+03	-1.699440E+01	1.832671E-01	7.035895E-02
6.837069E+03	-1.699372E+01	1.823914E-01	7.036274E-02
6.837270E+03	-1.699320E+01	1.811383E-01	7.036655E-02
6.837470E+03	-1.699268E+01	1.811205E-01	7.037034E-02
6.837670E+03	-1.699193E+01	1.809314E-01	7.037413E-02
6.837870E+03	-1.699142E+01	1.804904E-01	7.037792E-02
6.838070E+03	-1.699106E+01	1.803928E-01	7.038171E-02
6.838270E+03	-1.699098E+01	1.806317E-01	7.038550E-02
6.838470E+03	-1.699114E+01	1.820044E-01	7.038930E-02
6.838670E+03	-1.699100E+01	1.840638E-01	7.039309E-02
6.838870E+03	-1.699085E+01	1.839902E-01	7.039688E-02
6.839070E+03	-1.699086E+01	1.849989E-01	7.040067E-02
6.839270E+03	-1.699112E+01	1.850875E-01	7.040446E-02
6.839470E+03	-1.699214E+01	1.848185E-01	7.040825E-02
6.839670E+03	-1.699288E+01	1.856597E-01	7.041204E-02
6.839870E+03	-1.699291E+01	1.848758E-01	7.041583E-02
6.840070E+03	-1.699354E+01	1.866352E-01	7.041962E-02
6.840270E+03	-1.699424E+01	1.885923E-01	7.042341E-02
6.840470E+03	-1.699349E+01	1.878463E-01	7.042720E-02
6.840670E+03	-1.699387E+01	1.877420E-01	7.043099E-02
6.840870E+03	-1.699420E+01	1.882610E-01	7.043477E-02
6.841070E+03	-1.699415E+01	1.881052E-01	7.043856E-02
6.841270E+03	-1.699359E+01	1.886060E-01	7.044235E-02
6.841470E+03	-1.699307E+01	1.883258E-01	7.044614E-02
6.841670E+03	-1.699308E+01	1.880681E-01	7.044993E-02
6.841870E+03	-1.699342E+01	1.877556E-01	7.045372E-02
6.842070E+03	-1.699370E+01	1.878702E-01	7.045751E-02
6.842471E+03	-1.699357E+01	1.879740E-01	7.046510E-02
6.842671E+03	-1.699398E+01	1.873518E-01	7.046889E-02
6.842871E+03	-1.699444E+01	1.875541E-01	7.047268E-02
6.843071E+03	-1.699364E+01	1.868158E-01	7.047647E-02
6.843271E+03	-1.699309E+01	1.863761E-01	7.048026E-02
6.843471E+03	-1.699252E+01	1.861499E-01	7.048404E-02
6.843671E+03	-1.699179E+01	1.857281E-01	7.048783E-02
6.843871E+03	-1.699091E+01	1.853687E-01	7.049162E-02
6.844071E+03	-1.699055E+01	1.844103E-01	7.049541E-02
6.844271E+03	-1.699043E+01	1.840767E-01	7.049920E-02
6.844471E+03	-1.699018E+01	1.836163E-01	7.050298E-02
6.844671E+03	-1.698927E+01	1.832527E-01	7.050677E-02
6.844871E+03	-1.698881E+01	1.830466E-01	7.051056E-02
6.845071E+03	-1.698928E+01	1.832462E-01	7.051434E-02
6.845271E+03	-1.698941E+01	1.853321E-01	7.051813E-02
6.845471E+03	-1.698917E+01	1.844726E-01	7.052192E-02
6.845671E+03	-1.698890E+01	1.843555E-01	7.052570E-02
6.845871E+03	-1.698841E+01	1.841955E-01	7.052949E-02
6.846071E+03	-1.698837E+01	1.842184E-01	7.053328E-02
6.846271E+03	-1.698747E+01	1.832637E-01	7.053706E-02
6.846471E+03	-1.698679E+01	1.825531E-01	7.054085E-02
6.846671E+03	-1.698594E+01	1.819997E-01	7.054464E-02
6.846871E+03	-1.698536E+01	1.816805E-01	7.054842E-02
6.847072E+03	-1.698514E+01	1.816983E-01	7.055223E-02
6.847272E+03	-1.698546E+01	1.821122E-01	7.055601E-02
6.847472E+03	-1.698541E+01	1.825727E-01	7.055980E-02
6.847672E+03	-1.698533E+01	1.828252E-01	7.056358E-02
6.847872E+03	-1.698525E+01	1.831969E-01	7.056737E-02
6.848072E+03	-1.698508E+01	1.843278E-01	7.057115E-02
6.848271E+03	-1.698459E+01	1.850181E-01	7.057492E-02
6.848471E+03	-1.698427E+01	1.848443E-01	7.057871E-02
6.848672E+03	-1.698455E+01	1.847618E-01	7.058251E-02
6.848872E+03	-1.698432E+01	1.851603E-01	7.058629E-02
6.849071E+03	-1.698452E+01	1.862178E-01	7.059006E-02
6.849271E+03	-1.698424E+01	1.851485E-01	7.059385E-02
6.849471E+03	-1.698379E+01	1.858119E-01	7.059763E-02
6.849671E+03	-1.698331E+01	1.854694E-01	7.060141E-02
6.849871E+03	-1.698387E+01	1.850325E-01	7.060520E-02
6.850071E+03	-1.698392E+01	1.842305E-01	7.060898E-02
6.850271E+03	-1.698395E+01	1.841023E-01	7.061277E-02
6.850471E+03	-1.698382E+01	1.842330E-01	7.061655E-02
6.850671E+03	-1.698398E+01	1.843434E-01	7.062033E-02
6.850871E+03	-1.698422E+01	1.843002E-01	7.062412E-02
6.851071E+03	-1.698473E+01	1.859761E-01	7.062790E-02
6.851271E+03	-1.698554E+01	1.871380E-01	7.063169E-02
6.851471E+03	-1.698587E+01	1.874709E-01	7.063547E-02
6.851671E+03	-1.698583E+01	1.876764E-01	7.063925E-02
6.851871E+03	-1.698512E+01	1.874157E-01	7.064304E-02
6.852072E+03	-1.698386E+01	1.877869E-01	7.064684E-02
6.852272E+03	-1.698205E+01	1.864260E-01	7.065062E-02
6.852472E+03	-1.698198E+01	1.863986E-01	7.065440E-02
6.852672E+03	-1.698180E+01	1.860807E-01	7.065819E-02
6.852872E+03	-1.698106E+01	1.853945E-01	7.066197E-02
6.853072E+03	-1.698090E+01	1.853766E-01	7.066575E-02
6.853272E+03	-1.698047E+01	1.828451E-01	7.066953E-02
6.853472E+03	-1.697980E+01	1.805385E-01	7.067332E-02
6.853672E+03	-1.697856E+01	1.785879E-01	7.067710E-02
6.853872E+03	-1.697769E+01	1.784054E-01	7.068088E-02
6.854072E+03	-1.697748E+01	1.800268E-01	7.068466E-02
6.854272E+03	-1.697764E+01	1.795467E-01	7.068844E-02
6.854472E+03	-1.697789E+01	1.804699E-01	7.069223E-02
6.854672E+03	-1.697802E+01	1.810726E-01	7.069601E-02
6.854872E+03	-1.697808E+01	1.808589E-01	7.069979E-02
6.855072E+03	-1.697785E+01	1.774876E-01	7.070357E-02
6.855272E+03	-1.697735E+01	1.762695E-01	7.070735E-02
6.855472E+03	-1.697630E+01	1.757871E-01	7.071113E-02
6.855672E+03	-1.697492E+01	1.763788E-01	7.071492E-02
6.855872E+03	-1.697480E+01	1.761437E-01	7.071870E-02
6.856072E+03	-1.697547E+01	1.762653E-01	7.072248E-02
6.856272E+03	-1.697567E+01	1.766425E-01	7.072626E-02
6.856472E+03	-1.697550E+01	1.765766E-01	7.073004E-02
6.856672E+03	-1.697577E+01	1.766935E-01	7.073382E-02
6.856872E+03	-1.697656E+01	1.770863E-01	7.073760E-02
6.857073E+03	-1.697595E+01	1.768447E-01	7.074140E-02
6.857473E+03	-1.697432E+01	1.765035E-01	7.074896E-02
6.857673E+03	-1.697424E+01	1.765955E-01	7.075274E-02
6.857873E+03	-1.697477E+01	1.768276E-01	7.075652E-02
6.858073E+03	-1.697457E+01	1.760722E-01	7.076030E-02
6.858273E+03	-1.697447E+01	1.766694E-01	7.076408E-02
6.858473E+03	-1.697393E+01	1.765242E-01	7.076786E-02
6.858673E+03	-1.697346E+01	1.763346E-01	7.077164E-02
6.858873E+03	-1.697325E+01	1.761950E-01	7.077542E-02
6.859073E+03	-1.697222E+01	1.756156E-01	7.077920E-02
6.859273E+03	-1.697191E+01	1.755376E-01	7.078298E-02
6.859473E+03	-1.697195E+01	1.755905E-01	7.078675E-02
6.859673E+03	-1.697172E+01	1.754497E-01	7.079053E-02
6.859873E+03	-1.697158E+01	1.754070E-01	7.079431E-02
6.860073E+03	-1.697171E+01	1.758539E-01	7.079809E-02
6.860273E+03	-1.697235E+01	1.761670E-01	7.080187E-02
6.860472E+03	-1.697266E+01	1.762599E-01	7.080563E-02
6.860672E+03	-1.697292E+01	1.763527E-01	7.080941E-02
6.860873E+03	-1.697360E+01	1.766225E-01	7.081321E-02
6.861073E+03	-1.697404E+01	1.793838E-01	7.081698E-02
6.861273E+03	-1.697434E+01	1.795120E-01	7.082076E-02
6.861472E+03	-1.697377E+01	1.794332E-01	7.082452E-02
6.861672E+03	-1.697272E+01	1.791641E-01	7.082830E-02
6.861873E+03	-1.697164E+01	1.788488E-01	7.083209E-02
6.862273E+03	-1.697145E+01	1.776030E-01	7.083965E-02
6.862473E+03	-1.697246E+01	1.776736E-01	7.084343E-02
6.862673E+03	-1.697205E+01	1.778616E-01	7.084720E-02
6.862873E+03	-1.697159E+01	1.775412E-01	7.085098E-02
6.863073E+03	-1.697172E+01	1.781813E-01	7.085476E-02
6.863273E+03	-1.697215E+01	1.778492E-01	7.085854E-02
6.863473E+03	-1.697158E+01	1.779271E-01	7.086231E-02
6.863673E+03	-1.697060E+01	1.792021E-01	7.086609E-02
6.863873E+03	-1.697025E+01	1.786553E-01	7.086987E-02
6.864673E+03	-1.697022E+01	1.787974E-01	7.088497E-02
6.865073E+03	-1.697030E+01	1.788108E-01	7.089252E-02
6.865273E+03	-1.697079E+01	1.800223E-01	7.089630E-02
6.865673E+03	-1.697130E+01	1.809134E-01	7.090385E-02
6.865873E+03	-1.697166E+01	1.808926E-01	7.090763E-02
6.866073E+03	-1.697102E+01	1.794796E-01	7.091140E-02
6.866273E+03	-1.696989E+01	1.788951E-01	7.091518E-02
6.866473E+03	-1.696886E+01	1.786401E-01	7.091895E-02
6.866673E+03	-1.696837E+01	1.786451E-01	7.092273E-02
6.866874E+03	-1.696816E+01	1.787424E-01	7.092652E-02
6.867074E+03	-1.696785E+01	1.786031E-01	7.093030E-02
6.867274E+03	-1.696853E+01	1.790607E-01	7.093407E-02
6.867474E+03	-1.696877E+01	1.790942E-01	7.093785E-02
6.867674E+03	-1.696910E+01	1.797222E-01	7.094162E-02
6.867874E+03	-1.696954E+01	1.794432E-01	7.094539E-02
6.868074E+03	-1.696963E+01	1.798565E-01	7.094917E-02
6.868274E+03	-1.696959E+01	1.799266E-01	7.095294E-02
6.868474E+03	-1.697014E+01	1.804568E-01	7.095672E-02
6.868674E+03	-1.697039E+01	1.803872E-01	7.096049E-02
6.868874E+03	-1.697094E+01	1.805583E-01	7.096426E-02
6.869074E+03	-1.697162E+01	1.807357E-01	7.096804E-02
6.869274E+03	-1.697139E+01	1.802370E-01	7.097181E-02
6.869474E+03	-1.697039E+01	1.794119E-01	7.097559E-02
6.869674E+03	-1.696955E+01	1.777990E-01	7.097936E-02
6.869874E+03	-1.697008E+01	1.779730E-01	7.098313E-02
6.870074E+03	-1.697148E+01	1.800988E-01	7.098691E-02
6.870274E+03	-1.697217E+01	1.805819E-01	7.099068E-02
6.870474E+03	-1.697257E+01	1.814382E-01	7.099445E-02
6.870674E+03	-1.697272E+01	1.816753E-01	7.099822E-02
6.870874E+03	-1.697299E+01	1.823069E-01	7.100200E-02
6.871074E+03	-1.697291E+01	1.822746E-01	7.100577E-02
6.871274E+03	-1.697254E+01	1.830529E-01	7.100954E-02
6.871474E+03	-1.697210E+01	1.833965E-01	7.101331E-02
6.871674E+03	-1.697176E+01	1.834465E-01	7.101709E-02
6.871875E+03	-1.697088E+01	1.831506E-01	7.102088E-02
6.872075E+03	-1.697066E+01	1.830646E-01	7.102465E-02
6.872275E+03	-1.697090E+01	1.820366E-01	7.102842E-02
6.872475E+03	-1.697071E+01	1.822385E-01	7.103219E-02
6.872675E+03	-1.697072E+01	1.822227E-01	7.103597E-02
6.872874E+03	-1.697094E+01	1.828049E-01	7.103972E-02
6.873074E+03	-1.697159E+01	1.832948E-01	7.104349E-02
6.873275E+03	-1.697163E+01	1.832267E-01	7.104728E-02
6.873475E+03	-1.697153E+01	1.836893E-01	7.105105E-02
6.873675E+03	-1.697240E+01	1.847760E-01	7.105482E-02
6.873874E+03	-1.697277E+01	1.849739E-01	7.105858E-02
6.874274E+03	-1.697246E+01	1.853924E-01	7.106612E-02
6.874474E+03	-1.697220E+01	1.858692E-01	7.106989E-02
6.874674E+03	-1.697242E+01	1.863168E-01	7.107366E-02
6.874874E+03	-1.697254E+01	1.872320E-01	7.107743E-02
6.875074E+03	-1.697275E+01	1.879984E-01	7.108120E-02
6.875274E+03	-1.697347E+01	1.882381E-01	7.108497E-02
6.875474E+03	-1.697394E+01	1.876265E-01	7.108874E-02
6.875674E+03	-1.697384E+01	1.867200E-01	7.109251E-02
6.875874E+03	-1.697332E+01	1.862966E-01	7.109628E-02
6.876074E+03	-1.697306E+01	1.863268E-01	7.110005E-02
6.876274E+03	-1.697317E+01	1.867040E-01	7.110382E-02
6.876474E+03	-1.697340E+01	1.866486E-01	7.110759E-02
6.876675E+03	-1.697369E+01	1.871002E-01	7.111138E-02
6.876875E+03	-1.697430E+01	1.877160E-01	7.111515E-02
6.877075E+03	-1.697452E+01	1.862048E-01	7.111892E-02
6.877275E+03	-1.697472E+01	1.853602E-01	7.112269E-02
6.877475E+03	-1.697490E+01	1.858103E-01	7.112646E-02
6.877675E+03	-1.697506E+01	1.862138E-01	7.113022E-02
6.878075E+03	-1.697518E+01	1.865286E-01	7.113776E-02
6.878275E+03	-1.697524E+01	1.867945E-01	7.114153E-02
6.878475E+03	-1.697529E+01	1.869478E-01	7.114530E-02
6.878675E+03	-1.697532E+01	1.873539E-01	7.114907E-02
6.878875E+03	-1.697526E+01	1.873289E-01	7.115284E-02
6.879075E+03	-1.697516E+01	1.872368E-01	7.115661E-02
6.879275E+03	-1.697502E+01	1.870819E-01	7.116037E-02
6.879475E+03	-1.697483E+01	1.866118E-01	7.116414E-02
6.879675E+03	-1.697441E+01	1.862289E-01	7.116791E-02
6.879875E+03	-1.697391E+01	1.861751E-01	7.117168E-02
6.880075E+03	-1.697345E+01	1.862864E-01	7.117544E-02
6.880275E+03	-1.697327E+01	1.858183E-01	7.117921E-02
6.880475E+03	-1.697263E+01	1.860082E-01	7.118298E-02
6.880675E+03	-1.697240E+01	1.868910E-01	7.118675E-02
6.881075E+03	-1.697205E+01	1.872386E-01	7.119428E-02
6.881275E+03	-1.697133E+01	1.873524E-01	7.119805E-02
6.881475E+03	-1.697087E+01	1.863839E-01	7.120182E-02
6.881676E+03	-1.697070E+01	1.864050E-01	7.120560E-02
6.881876E+03	-1.697088E+01	1.859642E-01	7.120937E-02
6.882076E+03	-1.697075E+01	1.858775E-01	7.121313E-02
6.882276E+03	-1.697021E+01	1.849939E-01	7.121690E-02
6.882476E+03	-1.696969E+01	1.847294E-01	7.122067E-02
6.882676E+03	-1.696932E+01	1.847394E-01	7.122443E-02
6.882876E+03	-1.696898E+01	1.848174E-01	7.122820E-02
6.883076E+03	-1.696854E+01	1.842408E-01	7.123197E-02
6.883276E+03	-1.696932E+01	1.842762E-01	7.123573E-02
6.883476E+03	-1.696964E+01	1.844930E-01	7.123950E-02
6.883676E+03	-1.696928E+01	1.839998E-01	7.124326E-02
6.883876E+03	-1.696917E+01	1.839649E-01	7.124703E-02
6.884076E+03	-1.696954E+01	1.843257E-01	7.125080E-02
6.884276E+03	-1.696944E+01	1.843397E-01	7.125456E-02
6.884476E+03	-1.696915E+01	1.854174E-01	7.125833E-02
6.884676E+03	-1.696859E+01	1.851864E-01	7.126209E-02
6.884876E+03	-1.696876E+01	1.858643E-01	7.126586E-02
6.885076E+03	-1.696862E+01	1.859337E-01	7.126962E-02
6.885275E+03	-1.696805E+01	1.845171E-01	7.127337E-02
6.885475E+03	-1.696787E+01	1.837506E-01	7.127713E-02
6.885676E+03	-1.696776E+01	1.835618E-01	7.128092E-02
6.885876E+03	-1.696752E+01	1.838556E-01	7.128468E-02
6.886075E+03	-1.696715E+01	1.852288E-01	7.128843E-02
6.886275E+03	-1.696712E+01	1.857670E-01	7.129219E-02
6.886475E+03	-1.696759E+01	1.861384E-01	7.129595E-02
6.886676E+03	-1.696739E+01	1.866274E-01	7.129974E-02
6.886876E+03	-1.696670E+01	1.863483E-01	7.130350E-02
6.887076E+03	-1.696590E+01	1.860120E-01	7.130727E-02
6.887276E+03	-1.696600E+01	1.866481E-01	7.131103E-02
6.887476E+03	-1.696633E+01	1.865795E-01	7.131479E-02
6.887676E+03	-1.696526E+01	1.859534E-01	7.131856E-02
6.887876E+03	-1.696416E+01	1.853553E-01	7.132232E-02
6.888076E+03	-1.696427E+01	1.858683E-01	7.132608E-02
6.888276E+03	-1.696377E+01	1.861908E-01	7.132985E-02
6.888476E+03	-1.696294E+01	1.858362E-01	7.133361E-02
6.888676E+03	-1.696303E+01	1.853385E-01	7.133737E-02
6.888876E+03	-1.696364E+01	1.855197E-01	7.134114E-02
6.889076E+03	-1.696388E+01	1.863402E-01	7.134490E-02
6.889276E+03	-1.696351E+01	1.864368E-01	7.134866E-02
6.889476E+03	-1.696212E+01	1.855238E-01	7.135242E-02
6.889676E+03	-1.696049E+01	1.842301E-01	7.135619E-02
6.889876E+03	-1.696026E+01	1.841844E-01	7.135995E-02
6.890076E+03	-1.696041E+01	1.827332E-01	7.136371E-02
6.890276E+03	-1.696036E+01	1.818733E-01	7.136747E-02
6.890476E+03	-1.696015E+01	1.816351E-01	7.137123E-02
6.890676E+03	-1.695947E+01	1.812824E-01	7.137500E-02
6.890876E+03	-1.695895E+01	1.801604E-01	7.137876E-02
6.891076E+03	-1.695900E+01	1.801072E-01	7.138252E-02
6.891276E+03	-1.695850E+01	1.792541E-01	7.138628E-02
6.891477E+03	-1.695839E+01	1.793560E-01	7.139006E-02
6.891677E+03	-1.695908E+01	1.801392E-01	7.139382E-02
6.891877E+03	-1.695939E+01	1.802381E-01	7.139758E-02
6.892077E+03	-1.695924E+01	1.800197E-01	7.140135E-02
6.892277E+03	-1.695870E+01	1.793463E-01	7.140511E-02
6.892477E+03	-1.695829E+01	1.792982E-01	7.140887E-02
6.892677E+03	-1.695823E+01	1.796964E-01	7.141263E-02
6.892877E+03	-1.695820E+01	1.796468E-01	7.141639E-02
6.893077E+03	-1.695841E+01	1.797501E-01	7.142015E-02
6.893277E+03	-1.695876E+01	1.798538E-01	7.142391E-02
6.893477E+03	-1.695854E+01	1.797101E-01	7.142767E-02
6.893677E+03	-1.695838E+01	1.796904E-01	7.143143E-02
6.893877E+03	-1.695869E+01	1.811069E-01	7.143519E-02
6.894077E+03	-1.695832E+01	1.814700E-01	7.143895E-02
6.894277E+03	-1.695755E+01	1.812520E-01	7.144271E-02
6.894477E+03	-1.695758E+01	1.814598E-01	7.144647E-02
6.894677E+03	-1.695811E+01	1.817157E-01	7.145023E-02
6.894877E+03	-1.695850E+01	1.827614E-01	7.145399E-02
6.895077E+03	-1.695835E+01	1.812607E-01	7.145775E-02
6.895277E+03	-1.695770E+01	1.809169E-01	7.146151E-02
6.895477E+03	-1.695741E+01	1.809317E-01	7.146527E-02
6.895677E+03	-1.695768E+01	1.809278E-01	7.146903E-02
6.895877E+03	-1.695807E+01	1.817014E-01	7.147279E-02
6.896077E+03	-1.695826E+01	1.817459E-01	7.147655E-02
6.896277E+03	-1.695809E+01	1.829423E-01	7.148031E-02
6.896478E+03	-1.695731E+01	1.840916E-01	7.148408E-02
6.896678E+03	-1.695663E+01	1.837751E-01	7.148784E-02
6.896878E+03	-1.695598E+01	1.836834E-01	7.149160E-02
6.897078E+03	-1.695555E+01	1.833048E-01	7.149536E-02
6.897278E+03	-1.695547E+01	1.830656E-01	7.149912E-02
6.897478E+03	-1.695553E+01	1.829662E-01	7.150287E-02
6.897678E+03	-1.695543E+01	1.822017E-01	7.150663E-02
6.897877E+03	-1.695521E+01	1.813948E-01	7.151037E-02
6.898078E+03	-1.695519E+01	1.805004E-01	7.151415E-02
6.898278E+03	-1.695500E+01	1.797127E-01	7.151791E-02
6.898477E+03	-1.695458E+01	1.795363E-01	7.152165E-02
6.898677E+03	-1.695411E+01	1.787450E-01	7.152540E-02
6.898877E+03	-1.695420E+01	1.778595E-01	7.152916E-02
6.899077E+03	-1.695471E+01	1.780296E-01	7.153292E-02
6.899277E+03	-1.695461E+01	1.772150E-01	7.153668E-02
6.899477E+03	-1.695401E+01	1.769402E-01	7.154043E-02
6.899677E+03	-1.695347E+01	1.765940E-01	7.154419E-02
6.899877E+03	-1.695287E+01	1.763374E-01	7.154795E-02
6.900077E+03	-1.695210E+01	1.759925E-01	7.155170E-02
6.900277E+03	-1.695170E+01	1.751895E-01	7.155546E-02
6.900477E+03	-1.695151E+01	1.752731E-01	7.155922E-02
6.900677E+03	-1.695177E+01	1.754271E-01	7.156297E-02
6.900877E+03	-1.695200E+01	1.751245E-01	7.156673E-02
6.901077E+03	-1.695209E+01	1.733821E-01	7.157049E-02
6.901277E+03	-1.695225E+01	1.745996E-01	7.157424E-02
6.901678E+03	-1.695243E+01	1.751645E-01	7.158177E-02
6.901878E+03	-1.695205E+01	1.753403E-01	7.158553E-02
6.902078E+03	-1.695112E+01	1.743630E-01	7.158928E-02
6.902278E+03	-1.695078E+01	1.746771E-01	7.159304E-02
6.902478E+03	-1.695074E+01	1.747584E-01	7.159679E-02
6.902678E+03	-1.695060E+01	1.747105E-01	7.160055E-02
6.902878E+03	-1.695011E+01	1.745095E-01	7.160431E-02
6.903078E+03	-1.694969E+01	1.744266E-01	7.160806E-02
6.903278E+03	-1.694937E+01	1.750432E-01	7.161182E-02
6.903478E+03	-1.694887E+01	1.759932E-01	7.161557E-02
6.903678E+03	-1.694822E+01	1.756471E-01	7.161933E-02
6.903878E+03	-1.694780E+01	1.751738E-01	7.162308E-02
6.904078E+03	-1.694761E+01	1.739847E-01	7.162684E-02
6.904278E+03	-1.694726E+01	1.742322E-01	7.163059E-02
6.904478E+03	-1.694690E+01	1.734803E-01	7.163434E-02
6.904678E+03	-1.694654E+01	1.731789E-01	7.163810E-02
6.904878E+03	-1.694651E+01	1.716511E-01	7.164185E-02
6.905078E+03	-1.694617E+01	1.713902E-01	7.164561E-02
6.905278E+03	-1.694523E+01	1.715722E-01	7.164936E-02
6.905478E+03	-1.694477E+01	1.718280E-01	7.165311E-02
6.905678E+03	-1.694414E+01	1.709182E-01	7.165687E-02
6.905878E+03	-1.694404E+01	1.713088E-01	7.166062E-02
6.906078E+03	-1.694419E+01	1.709503E-01	7.166438E-02
6.906279E+03	-1.694448E+01	1.706690E-01	7.166815E-02
6.906479E+03	-1.694403E+01	1.706594E-01	7.167190E-02
6.906679E+03	-1.694303E+01	1.702613E-01	7.167565E-02
6.906879E+03	-1.694293E+01	1.706707E-01	7.167941E-02
6.907079E+03	-1.694301E+01	1.710125E-01	7.168316E-02
6.907279E+03	-1.694286E+01	1.692324E-01	7.168691E-02
6.907479E+03	-1.694271E+01	1.684553E-01	7.169067E-02
6.907679E+03	-1.694216E+01	1.670084E-01	7.169442E-02
6.907879E+03	-1.694158E+01	1.668507E-01	7.169817E-02
6.908079E+03	-1.694103E+01	1.656689E-01	7.170192E-02
6.908279E+03	-1.694038E+01	1.655057E-01	7.170568E-02
6.908479E+03	-1.693980E+01	1.655746E-01	7.170943E-02
6.908679E+03	-1.693924E+01	1.668784E-01	7.171318E-02
6.908879E+03	-1.693932E+01	1.668886E-01	7.171693E-02
6.909079E+03	-1.693951E+01	1.684642E-01	7.172068E-02
6.909279E+03	-1.693951E+01	1.692976E-01	7.172444E-02
6.909879E+03	-1.693934E+01	1.691388E-01	7.173569E-02
6.910079E+03	-1.693910E+01	1.701440E-01	7.173944E-02
6.910279E+03	-1.693897E+01	1.700472E-01	7.174319E-02
6.910479E+03	-1.693887E+01	1.704378E-01	7.174694E-02
6.910678E+03	-1.693910E+01	1.709695E-01	7.175068E-02
6.910878E+03	-1.693937E+01	1.715523E-01	7.175443E-02
6.911078E+03	-1.693889E+01	1.720185E-01	7.175818E-02
6.911279E+03	-1.693779E+01	1.693732E-01	7.176195E-02
6.911480E+03	-1.693736E+01	1.696445E-01	7.176572E-02
6.911679E+03	-1.693746E+01	1.696933E-01	7.176945E-02
6.911879E+03	-1.693715E+01	1.688201E-01	7.177320E-02
6.912079E+03	-1.693723E+01	1.686418E-01	7.177695E-02
6.912279E+03	-1.693753E+01	1.688494E-01	7.178070E-02
6.912479E+03	-1.693797E+01	1.702835E-01	7.178445E-02
6.912679E+03	-1.693849E+01	1.704386E-01	7.178820E-02
6.912879E+03	-1.693862E+01	1.704314E-01	7.179195E-02
6.913479E+03	-1.693852E+01	1.697828E-01	7.180320E-02
6.913679E+03	-1.693819E+01	1.700026E-01	7.180695E-02
6.914079E+03	-1.693790E+01	1.696416E-01	7.181445E-02
6.914279E+03	-1.693785E+01	1.683375E-01	7.181820E-02
6.914479E+03	-1.693740E+01	1.682826E-01	7.182194E-02
6.914679E+03	-1.693731E+01	1.681551E-01	7.182569E-02
6.914879E+03	-1.693778E+01	1.693469E-01	7.182944E-02
6.915079E+03	-1.693771E+01	1.686373E-01	7.183319E-02
6.915279E+03	-1.693754E+01	1.672920E-01	7.183694E-02
6.915479E+03	-1.693761E+01	1.677250E-01	7.184069E-02
6.915679E+03	-1.693783E+01	1.695949E-01	7.184444E-02
6.915879E+03	-1.693840E+01	1.697522E-01	7.184818E-02
6.916079E+03	-1.693894E+01	1.698621E-01	7.185193E-02
6.916280E+03	-1.693938E+01	1.697468E-01	7.185570E-02
6.916480E+03	-1.693958E+01	1.696897E-01	7.185945E-02
6.916680E+03	-1.693966E+01	1.700662E-01	7.186319E-02
6.916880E+03	-1.693957E+01	1.713395E-01	7.186694E-02
6.917080E+03	-1.694003E+01	1.713949E-01	7.187069E-02
6.917280E+03	-1.694075E+01	1.716405E-01	7.187444E-02
6.917480E+03	-1.694107E+01	1.715021E-01	7.187819E-02
6.917680E+03	-1.694151E+01	1.709561E-01	7.188193E-02
6.917880E+03	-1.694176E+01	1.715559E-01	7.188568E-02
6.918080E+03	-1.694212E+01	1.713612E-01	7.188943E-02
6.918280E+03	-1.694295E+01	1.719085E-01	7.189317E-02
6.918480E+03	-1.694350E+01	1.723346E-01	7.189692E-02
6.918680E+03	-1.694364E+01	1.723674E-01	7.190067E-02
6.918880E+03	-1.694358E+01	1.726863E-01	7.190441E-02
6.919080E+03	-1.694366E+01	1.735891E-01	7.190816E-02
6.919280E+03	-1.694425E+01	1.737611E-01	7.191191E-02
6.919480E+03	-1.694495E+01	1.741250E-01	7.191565E-02
6.919680E+03	-1.694528E+01	1.724553E-01	7.191940E-02
6.919880E+03	-1.694556E+01	1.731391E-01	7.192314E-02
6.920080E+03	-1.694514E+01	1.724856E-01	7.192689E-02
6.920280E+03	-1.694492E+01	1.740745E-01	7.193064E-02
6.920480E+03	-1.694434E+01	1.738900E-01	7.193438E-02
6.920680E+03	-1.694363E+01	1.734198E-01	7.193813E-02
6.920880E+03	-1.694337E+01	1.726678E-01	7.194187E-02
6.921081E+03	-1.694297E+01	1.718336E-01	7.194564E-02
6.921281E+03	-1.694265E+01	1.715799E-01	7.194938E-02
6.921481E+03	-1.694246E+01	1.714640E-01	7.195313E-02
6.921681E+03	-1.694254E+01	1.702135E-01	7.195687E-02
6.921881E+03	-1.694217E+01	1.701887E-01	7.196062E-02
6.922081E+03	-1.694156E+01	1.696425E-01	7.196436E-02
6.922281E+03	-1.694164E+01	1.696516E-01	7.196811E-02
6.922481E+03	-1.694157E+01	1.696119E-01	7.197185E-02
6.922681E+03	-1.694146E+01	1.693701E-01	7.197560E-02
6.922881E+03	-1.694204E+01	1.696334E-01	7.197934E-02
6.923081E+03	-1.694275E+01	1.695305E-01	7.198309E-02
6.923280E+03	-1.694314E+01	1.690374E-01	7.198681E-02
6.923480E+03	-1.694358E+01	1.691344E-01	7.199056E-02
6.923681E+03	-1.694444E+01	1.690188E-01	7.199432E-02
6.923881E+03	-1.694477E+01	1.686433E-01	7.199806E-02
6.924080E+03	-1.694501E+01	1.680758E-01	7.200179E-02
6.924280E+03	-1.694508E+01	1.686278E-01	7.200553E-02
6.924880E+03	-1.694456E+01	1.678190E-01	7.201676E-02
6.925080E+03	-1.694487E+01	1.685145E-01	7.202050E-02
6.925280E+03	-1.694484E+01	1.696373E-01	7.202425E-02
6.925480E+03	-1.694441E+01	1.699001E-01	7.202799E-02
6.925680E+03	-1.694413E+01	1.698061E-01	7.203173E-02
6.925880E+03	-1.694451E+01	1.700355E-01	7.203548E-02
6.926081E+03	-1.694512E+01	1.700655E-01	7.203924E-02
6.926281E+03	-1.694520E+01	1.698895E-01	7.204298E-02
6.926481E+03	-1.694516E+01	1.697623E-01	7.204672E-02
6.926681E+03	-1.694528E+01	1.700360E-01	7.205046E-02
6.926881E+03	-1.694608E+01	1.715380E-01	7.205421E-02
6.927081E+03	-1.694637E+01	1.717630E-01	7.205795E-02
6.927281E+03	-1.694612E+01	1.713249E-01	7.206169E-02
6.927481E+03	-1.694619E+01	1.711170E-01	7.206543E-02
6.927681E+03	-1.694642E+01	1.714238E-01	7.206918E-02
6.927881E+03	-1.694701E+01	1.730035E-01	7.207292E-02
6.928081E+03	-1.694718E+01	1.730995E-01	7.207666E-02
6.928281E+03	-1.694740E+01	1.730901E-01	7.208040E-02
6.928481E+03	-1.694734E+01	1.735343E-01	7.208414E-02
6.928681E+03	-1.694681E+01	1.720267E-01	7.208788E-02
6.928881E+03	-1.694707E+01	1.721401E-01	7.209162E-02
6.929081E+03	-1.694721E+01	1.725836E-01	7.209537E-02
6.929281E+03	-1.694630E+01	1.734061E-01	7.209911E-02
6.929481E+03	-1.694698E+01	1.730897E-01	7.210285E-02
6.929681E+03	-1.694725E+01	1.729531E-01	7.210659E-02
6.929881E+03	-1.694705E+01	1.724124E-01	7.211033E-02
6.930081E+03	-1.694707E+01	1.723397E-01	7.211407E-02
6.930281E+03	-1.694625E+01	1.711916E-01	7.211781E-02
6.930481E+03	-1.694690E+01	1.710453E-01	7.212155E-02
6.930681E+03	-1.694798E+01	1.716536E-01	7.212529E-02
6.930881E+03	-1.694700E+01	1.714349E-01	7.212903E-02
6.931082E+03	-1.694608E+01	1.719687E-01	7.213279E-02
6.931282E+03	-1.694594E+01	1.743779E-01	7.213653E-02
6.931482E+03	-1.694573E+01	1.749478E-01	7.214027E-02
6.931682E+03	-1.694555E+01	1.748975E-01	7.214401E-02
6.931882E+03	-1.694575E+01	1.754185E-01	7.214775E-02
6.932082E+03	-1.694578E+01	1.755237E-01	7.215149E-02
6.932282E+03	-1.694554E+01	1.751889E-01	7.215523E-02
6.932482E+03	-1.694575E+01	1.751208E-01	7.215897E-02
6.932682E+03	-1.694580E+01	1.755844E-01	7.216270E-02
6.932882E+03	-1.694524E+01	1.772944E-01	7.216644E-02
6.933082E+03	-1.694499E+01	1.774117E-01	7.217018E-02
6.933282E+03	-1.694416E+01	1.784879E-01	7.217392E-02
6.933482E+03	-1.694330E+01	1.779789E-01	7.217766E-02
6.933682E+03	-1.694363E+01	1.780506E-01	7.218140E-02
6.933882E+03	-1.694358E+01	1.768000E-01	7.218514E-02
6.934082E+03	-1.694286E+01	1.765206E-01	7.218888E-02
6.934282E+03	-1.694175E+01	1.756758E-01	7.219261E-02
6.934482E+03	-1.694096E+01	1.756525E-01	7.219635E-02
6.934682E+03	-1.694029E+01	1.753510E-01	7.220009E-02
6.934882E+03	-1.694001E+01	1.752124E-01	7.220383E-02
6.935082E+03	-1.694000E+01	1.753696E-01	7.220757E-02
6.935282E+03	-1.693926E+01	1.746890E-01	7.221130E-02
6.935481E+03	-1.693862E+01	1.733358E-01	7.221502E-02
6.935681E+03	-1.693839E+01	1.733627E-01	7.221876E-02
6.935882E+03	-1.693821E+01	1.732694E-01	7.222252E-02
6.936083E+03	-1.693797E+01	1.727637E-01	7.222627E-02
6.936283E+03	-1.693790E+01	1.730616E-01	7.223001E-02
6.936483E+03	-1.693791E+01	1.731585E-01	7.223375E-02
6.936682E+03	-1.693757E+01	1.725193E-01	7.223746E-02
6.936882E+03	-1.693722E+01	1.726410E-01	7.224120E-02
6.937082E+03	-1.693745E+01	1.745625E-01	7.224494E-02
6.937282E+03	-1.693714E+01	1.757352E-01	7.224868E-02
6.937482E+03	-1.693680E+01	1.749674E-01	7.225241E-02
6.937682E+03	-1.693675E+01	1.748272E-01	7.225615E-02
6.937882E+03	-1.693673E+01	1.738490E-01	7.225988E-02
6.938082E+03	-1.693653E+01	1.728979E-01	7.226362E-02
6.938282E+03	-1.693644E+01	1.728520E-01	7.226736E-02
6.938482E+03	-1.693672E+01	1.729312E-01	7.227109E-02
6.938682E+03	-1.693747E+01	1.730453E-01	7.227483E-02
6.938882E+03	-1.693805E+01	1.738708E-01	7.227856E-02
6.939082E+03	-1.693908E+01	1.740664E-01	7.228230E-02
6.939282E+03	-1.693993E+01	1.747166E-01	7.228604E-02
6.939482E+03	-1.694031E+01	1.752316E-01	7.228977E-02
6.939682E+03	-1.694055E+01	1.746312E-01	7.229351E-02
6.939882E+03	-1.694095E+01	1.748819E-01	7.229724E-02
6.940082E+03	-1.694100E+01	1.751436E-01	7.230098E-02
6.940282E+03	-1.694072E+01	1.755150E-01	7.230471E-02
6.940482E+03	-1.694063E+01	1.771406E-01	7.230845E-02
6.940682E+03	-1.694044E+01	1.788905E-01	7.231218E-02
6.941283E+03	-1.694020E+01	1.788574E-01	7.232340E-02
6.941483E+03	-1.693955E+01	1.783409E-01	7.232714E-02
6.941683E+03	-1.693903E+01	1.780171E-01	7.233087E-02
6.941883E+03	-1.693848E+01	1.793661E-01	7.233461E-02
6.942083E+03	-1.693892E+01	1.794852E-01	7.233834E-02
6.942283E+03	-1.693898E+01	1.793149E-01	7.234208E-02
6.942483E+03	-1.693787E+01	1.784202E-01	7.234581E-02
6.942683E+03	-1.693649E+01	1.778557E-01	7.234954E-02
6.942883E+03	-1.693627E+01	1.777136E-01	7.235328E-02
6.943083E+03	-1.693641E+01	1.777753E-01	7.235701E-02
6.943283E+03	-1.693570E+01	1.780102E-01	7.236074E-02
6.943483E+03	-1.693546E+01	1.797979E-01	7.236448E-02
6.943683E+03	-1.693571E+01	1.794325E-01	7.236821E-02
6.943883E+03	-1.693596E+01	1.791631E-01	7.237194E-02
6.944083E+03	-1.693576E+01	1.793129E-01	7.237568E-02
6.944283E+03	-1.693513E+01	1.800675E-01	7.237941E-02
6.944483E+03	-1.693505E+01	1.801866E-01	7.238314E-02
6.944683E+03	-1.693551E+01	1.806055E-01	7.238687E-02
6.944883E+03	-1.693581E+01	1.807565E-01	7.239061E-02
6.945083E+03	-1.693580E+01	1.814458E-01	7.239434E-02
6.945283E+03	-1.693564E+01	1.814519E-01	7.239807E-02
6.945483E+03	-1.693530E+01	1.812603E-01	7.240180E-02
6.945683E+03	-1.693512E+01	1.806537E-01	7.240554E-02
6.945884E+03	-1.693502E+01	1.806803E-01	7.240929E-02
6.946084E+03	-1.693540E+01	1.796899E-01	7.241302E-02
6.946284E+03	-1.693486E+01	1.781668E-01	7.241675E-02
6.946484E+03	-1.693430E+01	1.785563E-01	7.242048E-02
6.946684E+03	-1.693485E+01	1.785510E-01	7.242421E-02
6.946884E+03	-1.693581E+01	1.793991E-01	7.242795E-02
6.947084E+03	-1.693607E+01	1.793565E-01	7.243168E-02
6.947284E+03	-1.693687E+01	1.793998E-01	7.243541E-02
6.947484E+03	-1.693809E+01	1.799134E-01	7.243914E-02
6.947684E+03	-1.693914E+01	1.808847E-01	7.244287E-02
6.947883E+03	-1.693965E+01	1.813334E-01	7.244658E-02
6.948083E+03	-1.693980E+01	1.814031E-01	7.245031E-02
6.948283E+03	-1.693962E+01	1.822011E-01	7.245404E-02
6.948484E+03	-1.693956E+01	1.822680E-01	7.245779E-02
6.948684E+03	-1.693960E+01	1.822625E-01	7.246152E-02
6.948883E+03	-1.693975E+01	1.823013E-01	7.246524E-02
6.949683E+03	-1.693944E+01	1.827267E-01	7.248016E-02
6.949883E+03	-1.693922E+01	1.829407E-01	7.248389E-02
6.950083E+03	-1.693914E+01	1.833236E-01	7.248762E-02
6.950283E+03	-1.693929E+01	1.856092E-01	7.249135E-02
6.950884E+03	-1.693977E+01	1.868895E-01	7.250255E-02
6.951084E+03	-1.694027E+01	1.870623E-01	7.250628E-02
6.951284E+03	-1.694053E+01	1.873326E-01	7.251001E-02
6.951484E+03	-1.694067E+01	1.873426E-01	7.251374E-02
6.951684E+03	-1.694076E+01	1.865305E-01	7.251747E-02
6.951884E+03	-1.694094E+01	1.866702E-01	7.252120E-02
6.952084E+03	-1.694068E+01	1.858039E-01	7.252493E-02
6.952284E+03	-1.694061E+01	1.855353E-01	7.252865E-02
6.952484E+03	-1.694154E+01	1.858417E-01	7.253238E-02
6.952684E+03	-1.694218E+01	1.860967E-01	7.253611E-02
6.952884E+03	-1.694210E+01	1.856911E-01	7.253984E-02
6.953084E+03	-1.694229E+01	1.859086E-01	7.254357E-02
6.953284E+03	-1.694170E+01	1.854768E-01	7.254730E-02
6.953484E+03	-1.694121E+01	1.853686E-01	7.255102E-02
6.953684E+03	-1.694191E+01	1.856541E-01	7.255475E-02
6.953884E+03	-1.694183E+01	1.849956E-01	7.255848E-02
6.954084E+03	-1.694108E+01	1.836543E-01	7.256221E-02
6.954284E+03	-1.694000E+01	1.831834E-01	7.256593E-02
6.954484E+03	-1.693983E+01	1.830109E-01	7.256966E-02
6.954684E+03	-1.693960E+01	1.823789E-01	7.257339E-02
6.954884E+03	-1.693905E+01	1.817891E-01	7.257712E-02
6.955084E+03	-1.693979E+01	1.815920E-01	7.258084E-02
6.955284E+03	-1.694007E+01	1.813208E-01	7.258457E-02
6.955484E+03	-1.693955E+01	1.811797E-01	7.258830E-02
6.955685E+03	-1.694010E+01	1.815810E-01	7.259204E-02
6.955885E+03	-1.694044E+01	1.813562E-01	7.259577E-02
6.956085E+03	-1.694038E+01	1.809624E-01	7.259950E-02
6.956285E+03	-1.694043E+01	1.812533E-01	7.260322E-02
6.956485E+03	-1.693962E+01	1.805157E-01	7.260695E-02
6.956685E+03	-1.693979E+01	1.807855E-01	7.261068E-02
6.956885E+03	-1.694070E+01	1.818188E-01	7.261440E-02
6.957085E+03	-1.694069E+01	1.818151E-01	7.261813E-02
6.957285E+03	-1.694011E+01	1.816119E-01	7.262185E-02
6.957485E+03	-1.693955E+01	1.808596E-01	7.262558E-02
6.957685E+03	-1.693931E+01	1.804602E-01	7.262931E-02
6.957885E+03	-1.693914E+01	1.801569E-01	7.263303E-02
6.958085E+03	-1.693833E+01	1.796826E-01	7.263676E-02
6.958285E+03	-1.693817E+01	1.806110E-01	7.264048E-02
6.958485E+03	-1.693820E+01	1.805883E-01	7.264421E-02
6.958685E+03	-1.693780E+01	1.804363E-01	7.264793E-02
6.958885E+03	-1.693793E+01	1.803990E-01	7.265166E-02
6.959085E+03	-1.693778E+01	1.799440E-01	7.265538E-02
6.959285E+03	-1.693777E+01	1.785231E-01	7.265911E-02
6.959485E+03	-1.693762E+01	1.785943E-01	7.266283E-02
6.959685E+03	-1.693774E+01	1.772995E-01	7.266656E-02
6.959885E+03	-1.693759E+01	1.764348E-01	7.267028E-02
6.960085E+03	-1.693762E+01	1.770745E-01	7.267401E-02
6.960285E+03	-1.693886E+01	1.765891E-01	7.267773E-02
6.960484E+03	-1.693946E+01	1.767494E-01	7.268143E-02
6.960685E+03	-1.693977E+01	1.763895E-01	7.268518E-02
6.960886E+03	-1.694051E+01	1.762750E-01	7.268892E-02
6.961086E+03	-1.693998E+01	1.756361E-01	7.269264E-02
6.961285E+03	-1.694019E+01	1.752174E-01	7.269635E-02
6.961485E+03	-1.694096E+01	1.766103E-01	7.270007E-02
6.961685E+03	-1.694091E+01	1.767758E-01	7.270380E-02
6.961885E+03	-1.694078E+01	1.765545E-01	7.270752E-02
6.962085E+03	-1.694030E+01	1.767331E-01	7.271124E-02
6.962285E+03	-1.694016E+01	1.766874E-01	7.271497E-02
6.962485E+03	-1.694084E+01	1.769376E-01	7.271869E-02
6.962685E+03	-1.694067E+01	1.763532E-01	7.272241E-02
6.962885E+03	-1.694031E+01	1.764181E-01	7.272614E-02
6.963085E+03	-1.694089E+01	1.770241E-01	7.272986E-02
6.963285E+03	-1.694170E+01	1.776086E-01	7.273358E-02
6.963485E+03	-1.694129E+01	1.771205E-01	7.273730E-02
6.963885E+03	-1.694051E+01	1.774699E-01	7.274475E-02
6.964085E+03	-1.694004E+01	1.773604E-01	7.274847E-02
6.964285E+03	-1.693944E+01	1.769677E-01	7.275219E-02
6.964485E+03	-1.693983E+01	1.769626E-01	7.275592E-02
6.964685E+03	-1.694048E+01	1.777107E-01	7.275964E-02
6.964885E+03	-1.693984E+01	1.784792E-01	7.276336E-02
6.965085E+03	-1.693959E+01	1.784854E-01	7.276708E-02
6.965285E+03	-1.693874E+01	1.780008E-01	7.277080E-02
6.965486E+03	-1.693796E+01	1.758920E-01	7.277454E-02
6.965686E+03	-1.693772E+01	1.760367E-01	7.277826E-02
6.965886E+03	-1.693745E+01	1.762149E-01	7.278199E-02
6.966086E+03	-1.693654E+01	1.759169E-01	7.278571E-02
6.966286E+03	-1.693593E+01	1.755088E-01	7.278943E-02
6.966486E+03	-1.693593E+01	1.763392E-01	7.279315E-02
6.966686E+03	-1.693553E+01	1.749335E-01	7.279687E-02
6.967086E+03	-1.693531E+01	1.748966E-01	7.280431E-02
6.967286E+03	-1.693504E+01	1.741644E-01	7.280803E-02
6.967486E+03	-1.693508E+01	1.741291E-01	7.281175E-02
6.967686E+03	-1.693580E+01	1.744798E-01	7.281547E-02
6.967886E+03	-1.693556E+01	1.741242E-01	7.281919E-02
6.968086E+03	-1.693539E+01	1.736390E-01	7.282291E-02
6.968286E+03	-1.693524E+01	1.733152E-01	7.282663E-02
6.968486E+03	-1.693492E+01	1.730776E-01	7.283035E-02
6.968686E+03	-1.693460E+01	1.737169E-01	7.283407E-02
6.968886E+03	-1.693464E+01	1.733210E-01	7.283779E-02
6.969086E+03	-1.693441E+01	1.724592E-01	7.284151E-02
6.969286E+03	-1.693404E+01	1.729889E-01	7.284523E-02
6.969486E+03	-1.693353E+01	1.726830E-01	7.284895E-02
6.969686E+03	-1.693305E+01	1.728796E-01	7.285267E-02
6.969886E+03	-1.693272E+01	1.719863E-01	7.285639E-02
6.970086E+03	-1.693248E+01	1.726925E-01	7.286011E-02
6.970286E+03	-1.693192E+01	1.712369E-01	7.286383E-02
6.971487E+03	-1.693228E+01	1.706730E-01	7.288616E-02
6.971687E+03	-1.693258E+01	1.714475E-01	7.288988E-02
6.971887E+03	-1.693220E+01	1.712456E-01	7.289359E-02
6.972087E+03	-1.693136E+01	1.715381E-01	7.289731E-02
6.972287E+03	-1.693092E+01	1.726216E-01	7.290103E-02
6.972487E+03	-1.693089E+01	1.733296E-01	7.290475E-02
6.972687E+03	-1.693083E+01	1.732981E-01	7.290846E-02
6.972886E+03	-1.693038E+01	1.731971E-01	7.291216E-02
6.973087E+03	-1.693029E+01	1.732164E-01	7.291590E-02
6.973287E+03	-1.693072E+01	1.733306E-01	7.291962E-02
6.973486E+03	-1.693071E+01	1.726413E-01	7.292332E-02
6.973686E+03	-1.693107E+01	1.729131E-01	7.292703E-02
6.973886E+03	-1.693183E+01	1.732366E-01	7.293075E-02
6.974087E+03	-1.693262E+01	1.735348E-01	7.293449E-02
6.974286E+03	-1.693307E+01	1.736720E-01	7.293818E-02
6.974486E+03	-1.693332E+01	1.739222E-01	7.294190E-02
6.974686E+03	-1.693344E+01	1.740616E-01	7.294562E-02
6.974886E+03	-1.693256E+01	1.737090E-01	7.294933E-02
6.975086E+03	-1.693198E+01	1.736343E-01	7.295305E-02
6.975287E+03	-1.693306E+01	1.726169E-01	7.295678E-02
6.975487E+03	-1.693351E+01	1.730504E-01	7.296050E-02
6.975687E+03	-1.693396E+01	1.727223E-01	7.296422E-02
6.975887E+03	-1.693340E+01	1.724001E-01	7.296793E-02
6.976087E+03	-1.693232E+01	1.719145E-01	7.297165E-02
6.976287E+03	-1.693270E+01	1.719851E-01	7.297536E-02
6.976487E+03	-1.693304E+01	1.722857E-01	7.297908E-02
6.976687E+03	-1.693312E+01	1.722353E-01	7.298280E-02
6.976887E+03	-1.693314E+01	1.722467E-01	7.298651E-02
6.977087E+03	-1.693292E+01	1.723081E-01	7.299023E-02
6.977287E+03	-1.693312E+01	1.728924E-01	7.299394E-02
6.977487E+03	-1.693367E+01	1.722677E-01	7.299766E-02
6.977687E+03	-1.693328E+01	1.718733E-01	7.300137E-02
6.977887E+03	-1.693316E+01	1.729954E-01	7.300509E-02
6.978087E+03	-1.693386E+01	1.738043E-01	7.300880E-02
6.978287E+03	-1.693435E+01	1.734413E-01	7.301252E-02
6.978687E+03	-1.693351E+01	1.714526E-01	7.301995E-02
6.979287E+03	-1.693298E+01	1.708054E-01	7.303109E-02
6.979487E+03	-1.693298E+01	1.704697E-01	7.303480E-02
6.979687E+03	-1.693273E+01	1.697331E-01	7.303852E-02
6.980087E+03	-1.693278E+01	1.697291E-01	7.304594E-02
6.980288E+03	-1.693279E+01	1.697695E-01	7.304968E-02
6.980488E+03	-1.693282E+01	1.692770E-01	7.305339E-02
6.980688E+03	-1.693258E+01	1.673937E-01	7.305710E-02
6.980888E+03	-1.693220E+01	1.673437E-01	7.306082E-02
6.981088E+03	-1.693147E+01	1.671315E-01	7.306453E-02
6.981288E+03	-1.693116E+01	1.670616E-01	7.306824E-02
6.981488E+03	-1.693123E+01	1.673069E-01	7.307196E-02
6.981688E+03	-1.693143E+01	1.674390E-01	7.307567E-02
6.981888E+03	-1.693186E+01	1.679784E-01	7.307938E-02
6.982088E+03	-1.693167E+01	1.672660E-01	7.308309E-02
6.982288E+03	-1.693133E+01	1.675335E-01	7.308681E-02
6.982488E+03	-1.693059E+01	1.667799E-01	7.309052E-02
6.982688E+03	-1.692935E+01	1.639496E-01	7.309423E-02
6.982888E+03	-1.692883E+01	1.632449E-01	7.309794E-02
6.983088E+03	-1.692801E+01	1.629562E-01	7.310166E-02
6.983288E+03	-1.692750E+01	1.633758E-01	7.310537E-02
6.983488E+03	-1.692738E+01	1.631447E-01	7.310908E-02
6.983688E+03	-1.692705E+01	1.661634E-01	7.311279E-02
6.983888E+03	-1.692623E+01	1.666017E-01	7.311650E-02
6.984088E+03	-1.692536E+01	1.656854E-01	7.312022E-02
6.984288E+03	-1.692545E+01	1.641774E-01	7.312393E-02
6.984688E+03	-1.692596E+01	1.642310E-01	7.313135E-02
6.984888E+03	-1.692513E+01	1.628431E-01	7.313506E-02
6.985088E+03	-1.692500E+01	1.629804E-01	7.313877E-02
6.985289E+03	-1.692564E+01	1.635534E-01	7.314250E-02
6.985489E+03	-1.692590E+01	1.636903E-01	7.314621E-02
6.985689E+03	-1.692568E+01	1.636563E-01	7.314992E-02
6.985889E+03	-1.692520E+01	1.636846E-01	7.315363E-02
6.986088E+03	-1.692472E+01	1.631943E-01	7.315733E-02
6.986288E+03	-1.692437E+01	1.630127E-01	7.316099E-02
6.986489E+03	-1.692458E+01	1.633486E-01	7.316463E-02
6.986688E+03	-1.692493E+01	1.637944E-01	7.316823E-02
6.986888E+03	-1.692427E+01	1.634422E-01	7.317186E-02
6.987088E+03	-1.692423E+01	1.631928E-01	7.317548E-02
6.987288E+03	-1.692418E+01	1.624298E-01	7.317911E-02
6.987488E+03	-1.692396E+01	1.623492E-01	7.318273E-02
6.987688E+03	-1.692400E+01	1.623265E-01	7.318635E-02
6.987888E+03	-1.692404E+01	1.619240E-01	7.318998E-02
6.988088E+03	-1.692473E+01	1.627351E-01	7.319360E-02
6.988288E+03	-1.692472E+01	1.629901E-01	7.319722E-02
6.988488E+03	-1.692524E+01	1.629037E-01	7.320084E-02
6.988688E+03	-1.692627E+01	1.625958E-01	7.320447E-02
6.988888E+03	-1.692627E+01	1.616329E-01	7.320809E-02
6.989088E+03	-1.692609E+01	1.622621E-01	7.321171E-02
6.989288E+03	-1.692579E+01	1.628333E-01	7.321534E-02
6.989488E+03	-1.692505E+01	1.626831E-01	7.321896E-02
6.989688E+03	-1.692478E+01	1.621277E-01	7.322258E-02
6.989888E+03	-1.692435E+01	1.621737E-01	7.322620E-02
6.990089E+03	-1.692443E+01	1.607546E-01	7.322984E-02
6.990289E+03	-1.692451E+01	1.608989E-01	7.323346E-02
6.990489E+03	-1.692468E+01	1.603708E-01	7.323709E-02
6.990689E+03	-1.692464E+01	1.602771E-01	7.324071E-02
6.990889E+03	-1.692450E+01	1.598145E-01	7.324433E-02
6.991089E+03	-1.692411E+01	1.591881E-01	7.324795E-02
6.991289E+03	-1.692445E+01	1.597554E-01	7.325157E-02
6.991489E+03	-1.692527E+01	1.611832E-01	7.325520E-02
6.991689E+03	-1.692548E+01	1.610687E-01	7.325882E-02
6.991889E+03	-1.692561E+01	1.605971E-01	7.326244E-02
6.992089E+03	-1.692556E+01	1.587966E-01	7.326606E-02
6.992289E+03	-1.692565E+01	1.568832E-01	7.326968E-02
6.992489E+03	-1.692599E+01	1.567310E-01	7.327330E-02
6.992689E+03	-1.692620E+01	1.564970E-01	7.327692E-02
6.992889E+03	-1.692611E+01	1.566826E-01	7.328054E-02
6.993089E+03	-1.692598E+01	1.551008E-01	7.328416E-02
6.993289E+03	-1.692615E+01	1.552279E-01	7.328778E-02
6.993489E+03	-1.692632E+01	1.555633E-01	7.329140E-02
6.993689E+03	-1.692618E+01	1.555557E-01	7.329502E-02
6.993889E+03	-1.692579E+01	1.554116E-01	7.329864E-02
6.994089E+03	-1.692544E+01	1.555302E-01	7.330226E-02
6.994289E+03	-1.692574E+01	1.561198E-01	7.330588E-02
6.994489E+03	-1.692595E+01	1.564665E-01	7.330950E-02
6.994689E+03	-1.692630E+01	1.548777E-01	7.331312E-02
6.994889E+03	-1.692564E+01	1.539917E-01	7.331674E-02
6.995090E+03	-1.692547E+01	1.538653E-01	7.332038E-02
6.995290E+03	-1.692555E+01	1.534239E-01	7.332400E-02
6.995490E+03	-1.692554E+01	1.518731E-01	7.332762E-02
6.995690E+03	-1.692554E+01	1.521980E-01	7.333124E-02
6.995890E+03	-1.692601E+01	1.527815E-01	7.333486E-02
6.996090E+03	-1.692605E+01	1.530049E-01	7.333848E-02
6.996290E+03	-1.692518E+01	1.523104E-01	7.334210E-02
6.996490E+03	-1.692462E+01	1.520960E-01	7.334571E-02
6.996690E+03	-1.692479E+01	1.525631E-01	7.334933E-02
6.996890E+03	-1.692483E+01	1.525437E-01	7.335295E-02
6.997090E+03	-1.692417E+01	1.526703E-01	7.335657E-02
6.997290E+03	-1.692391E+01	1.535848E-01	7.336019E-02
6.997490E+03	-1.692404E+01	1.537083E-01	7.336381E-02
6.997690E+03	-1.692460E+01	1.532069E-01	7.336743E-02
6.997890E+03	-1.692528E+01	1.536461E-01	7.337104E-02
6.998090E+03	-1.692550E+01	1.546844E-01	7.337466E-02
6.998289E+03	-1.692567E+01	1.553398E-01	7.337826E-02
6.998489E+03	-1.692523E+01	1.551287E-01	7.338188E-02
6.998690E+03	-1.692479E+01	1.549699E-01	7.338552E-02
6.998890E+03	-1.692444E+01	1.541076E-01	7.338913E-02
6.999090E+03	-1.692410E+01	1.539029E-01	7.339275E-02
6.999289E+03	-1.692375E+01	1.540007E-01	7.339635E-02
6.999489E+03	-1.692361E+01	1.533553E-01	7.339997E-02
6.999689E+03	-1.692361E+01	1.533682E-01	7.340358E-02
6.999889E+03	-1.692330E+01	1.535677E-01	7.340720E-02
7.000090E+03	-1.692287E+01	1.543369E-01	7.341084E-02
7.000290E+03	-1.692209E+01	1.540834E-01	7.341445E-02
7.000490E+03	-1.692136E+01	1.535800E-01	7.341807E-02
7.000690E+03	-1.692093E+01	1.529955E-01	7.342169E-02
7.000890E+03	-1.692097E+01	1.507555E-01	7.342530E-02
7.001090E+03	-1.692105E+01	1.498633E-01	7.342892E-02
7.001290E+03	-1.692109E+01	1.498738E-01	7.343254E-02
7.001490E+03	-1.692095E+01	1.495594E-01	7.343615E-02
7.001690E+03	-1.692082E+01	1.494851E-01	7.343977E-02
7.001890E+03	-1.692030E+01	1.494410E-01	7.344338E-02
7.002090E+03	-1.691953E+01	1.490182E-01	7.344700E-02
7.002290E+03	-1.691923E+01	1.487704E-01	7.345062E-02
7.002490E+03	-1.691893E+01	1.484035E-01	7.345423E-02
7.002690E+03	-1.691841E+01	1.481136E-01	7.345785E-02
7.002890E+03	-1.691790E+01	1.478117E-01	7.346146E-02
7.003090E+03	-1.691755E+01	1.475214E-01	7.346508E-02
7.003290E+03	-1.691704E+01	1.472803E-01	7.346869E-02
7.003490E+03	-1.691619E+01	1.472047E-01	7.347231E-02
7.003690E+03	-1.691572E+01	1.470425E-01	7.347592E-02
7.003890E+03	-1.691554E+01	1.471969E-01	7.347954E-02
7.004290E+03	-1.691554E+01	1.488314E-01	7.348677E-02
7.004490E+03	-1.691579E+01	1.493041E-01	7.349038E-02
7.004690E+03	-1.691663E+01	1.501479E-01	7.349400E-02
7.004891E+03	-1.691663E+01	1.510182E-01	7.349763E-02
7.005091E+03	-1.691603E+01	1.519692E-01	7.350125E-02
7.005291E+03	-1.691645E+01	1.522619E-01	7.350486E-02
7.005491E+03	-1.691683E+01	1.528462E-01	7.350847E-02
7.005691E+03	-1.691687E+01	1.534643E-01	7.351209E-02
7.005891E+03	-1.691708E+01	1.535011E-01	7.351570E-02
7.006091E+03	-1.691741E+01	1.537618E-01	7.351932E-02
7.006291E+03	-1.691813E+01	1.545337E-01	7.352293E-02
7.006491E+03	-1.691885E+01	1.543565E-01	7.352654E-02
7.006691E+03	-1.691902E+01	1.537000E-01	7.353016E-02
7.006891E+03	-1.691902E+01	1.539775E-01	7.353377E-02
7.007091E+03	-1.691944E+01	1.549410E-01	7.353738E-02
7.007291E+03	-1.691999E+01	1.544805E-01	7.354100E-02
7.007491E+03	-1.692003E+01	1.543588E-01	7.354461E-02
7.007691E+03	-1.691994E+01	1.544096E-01	7.354822E-02
7.007891E+03	-1.692028E+01	1.549168E-01	7.355184E-02
7.008091E+03	-1.692006E+01	1.548704E-01	7.355545E-02
7.008291E+03	-1.691938E+01	1.548573E-01	7.355906E-02
7.008491E+03	-1.691916E+01	1.547940E-01	7.356267E-02
7.008691E+03	-1.691945E+01	1.538707E-01	7.356629E-02
7.008891E+03	-1.691924E+01	1.537053E-01	7.356990E-02
7.009091E+03	-1.691881E+01	1.537164E-01	7.357351E-02
7.009291E+03	-1.691876E+01	1.537909E-01	7.357712E-02
7.009491E+03	-1.691953E+01	1.544738E-01	7.358074E-02
7.009691E+03	-1.691982E+01	1.542081E-01	7.358435E-02
7.009892E+03	-1.691926E+01	1.537674E-01	7.358798E-02
7.010092E+03	-1.691930E+01	1.543978E-01	7.359159E-02
7.010292E+03	-1.691981E+01	1.564837E-01	7.359520E-02
7.010492E+03	-1.692032E+01	1.569473E-01	7.359881E-02
7.010691E+03	-1.692075E+01	1.575995E-01	7.360241E-02
7.010891E+03	-1.692023E+01	1.571390E-01	7.360602E-02
7.011092E+03	-1.692001E+01	1.571215E-01	7.360965E-02
7.011292E+03	-1.692035E+01	1.583633E-01	7.361326E-02
7.011492E+03	-1.692095E+01	1.594229E-01	7.361687E-02
7.011691E+03	-1.692154E+01	1.595319E-01	7.362046E-02
7.011891E+03	-1.692137E+01	1.582067E-01	7.362407E-02
7.012091E+03	-1.692119E+01	1.576034E-01	7.362768E-02
7.012291E+03	-1.692192E+01	1.578815E-01	7.363129E-02
7.012491E+03	-1.692217E+01	1.575968E-01	7.363490E-02
7.012691E+03	-1.692170E+01	1.578163E-01	7.363852E-02
7.012891E+03	-1.692156E+01	1.582205E-01	7.364213E-02
7.013091E+03	-1.692143E+01	1.577355E-01	7.364574E-02
7.013291E+03	-1.692147E+01	1.574505E-01	7.364935E-02
7.013491E+03	-1.692194E+01	1.572566E-01	7.365296E-02
7.013691E+03	-1.692288E+01	1.574188E-01	7.365657E-02
7.013891E+03	-1.692266E+01	1.573968E-01	7.366018E-02
7.014091E+03	-1.692232E+01	1.571472E-01	7.366379E-02
7.014291E+03	-1.692283E+01	1.567915E-01	7.366740E-02
7.014491E+03	-1.692257E+01	1.578521E-01	7.367101E-02
7.014691E+03	-1.692265E+01	1.588566E-01	7.367461E-02
7.014892E+03	-1.692273E+01	1.586038E-01	7.367824E-02
7.015092E+03	-1.692329E+01	1.585757E-01	7.368185E-02
7.015292E+03	-1.692285E+01	1.592542E-01	7.368546E-02
7.015492E+03	-1.692264E+01	1.589729E-01	7.368907E-02
7.015692E+03	-1.692345E+01	1.592384E-01	7.369268E-02
7.015892E+03	-1.692375E+01	1.590945E-01	7.369629E-02
7.016092E+03	-1.692400E+01	1.591160E-01	7.369990E-02
7.016292E+03	-1.692443E+01	1.594215E-01	7.370350E-02
7.016492E+03	-1.692482E+01	1.596727E-01	7.370711E-02
7.016692E+03	-1.692486E+01	1.585199E-01	7.371072E-02
7.016892E+03	-1.692468E+01	1.582014E-01	7.371433E-02
7.017092E+03	-1.692528E+01	1.591633E-01	7.371794E-02
7.017292E+03	-1.692545E+01	1.602975E-01	7.372155E-02
7.017492E+03	-1.692532E+01	1.604272E-01	7.372515E-02
7.017692E+03	-1.692536E+01	1.603436E-01	7.372876E-02
7.017892E+03	-1.692540E+01	1.599825E-01	7.373237E-02
7.018092E+03	-1.692596E+01	1.613838E-01	7.373598E-02
7.018292E+03	-1.692583E+01	1.641598E-01	7.373958E-02
7.018492E+03	-1.692574E+01	1.641791E-01	7.374319E-02
7.018692E+03	-1.692608E+01	1.634465E-01	7.374680E-02
7.018892E+03	-1.692608E+01	1.638676E-01	7.375041E-02
7.019092E+03	-1.692594E+01	1.638358E-01	7.375401E-02
7.019292E+03	-1.692516E+01	1.628528E-01	7.375762E-02
7.019492E+03	-1.692472E+01	1.627858E-01	7.376123E-02
7.019693E+03	-1.692437E+01	1.623058E-01	7.376485E-02
7.019893E+03	-1.692346E+01	1.619628E-01	7.376846E-02
7.020093E+03	-1.692294E+01	1.608605E-01	7.377207E-02
7.020293E+03	-1.692363E+01	1.606631E-01	7.377567E-02
7.020493E+03	-1.692358E+01	1.607636E-01	7.377928E-02
7.020693E+03	-1.692414E+01	1.602628E-01	7.378289E-02
7.020893E+03	-1.692504E+01	1.606461E-01	7.378649E-02
7.021093E+03	-1.692521E+01	1.604979E-01	7.379010E-02
7.021293E+03	-1.692491E+01	1.595502E-01	7.379370E-02
7.021493E+03	-1.692495E+01	1.588169E-01	7.379731E-02
7.021693E+03	-1.692438E+01	1.584167E-01	7.380092E-02
7.021893E+03	-1.692381E+01	1.587000E-01	7.380452E-02
7.022093E+03	-1.692359E+01	1.595234E-01	7.380813E-02
7.022293E+03	-1.692299E+01	1.593318E-01	7.381173E-02
7.022493E+03	-1.692281E+01	1.594970E-01	7.381534E-02
7.022693E+03	-1.692259E+01	1.593964E-01	7.381894E-02
7.022893E+03	-1.692306E+01	1.602345E-01	7.382255E-02
7.023092E+03	-1.692314E+01	1.624227E-01	7.382614E-02
7.023292E+03	-1.692284E+01	1.645078E-01	7.382974E-02
7.023493E+03	-1.692232E+01	1.653754E-01	7.383336E-02
7.023693E+03	-1.692193E+01	1.652366E-01	7.383697E-02
7.023892E+03	-1.692201E+01	1.652478E-01	7.384056E-02
7.024092E+03	-1.692171E+01	1.650388E-01	7.384416E-02
7.024292E+03	-1.692110E+01	1.648362E-01	7.384776E-02
7.024492E+03	-1.692058E+01	1.643579E-01	7.385137E-02
7.024693E+03	-1.692045E+01	1.643092E-01	7.385499E-02
7.024893E+03	-1.692045E+01	1.634562E-01	7.385860E-02
7.025093E+03	-1.692023E+01	1.630243E-01	7.386220E-02
7.025293E+03	-1.692035E+01	1.630683E-01	7.386580E-02
7.025493E+03	-1.692026E+01	1.626676E-01	7.386941E-02
7.025693E+03	-1.691953E+01	1.623824E-01	7.387301E-02
7.025893E+03	-1.691906E+01	1.620443E-01	7.387662E-02
7.026093E+03	-1.691888E+01	1.615663E-01	7.388022E-02
7.026293E+03	-1.691837E+01	1.602367E-01	7.388382E-02
7.026493E+03	-1.691824E+01	1.596351E-01	7.388743E-02
7.026693E+03	-1.691853E+01	1.595486E-01	7.389103E-02
7.026893E+03	-1.691866E+01	1.582850E-01	7.389463E-02
7.027093E+03	-1.691827E+01	1.574883E-01	7.389824E-02
7.027293E+03	-1.691844E+01	1.575502E-01	7.390184E-02
7.027493E+03	-1.691796E+01	1.573929E-01	7.390544E-02
7.027693E+03	-1.691762E+01	1.572736E-01	7.390904E-02
7.027893E+03	-1.691774E+01	1.578951E-01	7.391265E-02
7.028093E+03	-1.691782E+01	1.582328E-01	7.391625E-02
7.028293E+03	-1.691774E+01	1.586576E-01	7.391985E-02
7.028493E+03	-1.691799E+01	1.587937E-01	7.392345E-02
7.028693E+03	-1.691862E+01	1.598859E-01	7.392706E-02
7.028893E+03	-1.691858E+01	1.604849E-01	7.393066E-02
7.029093E+03	-1.691815E+01	1.602804E-01	7.393426E-02
7.029293E+03	-1.691729E+01	1.599407E-01	7.393786E-02
7.029493E+03	-1.691686E+01	1.597076E-01	7.394146E-02
7.029694E+03	-1.691711E+01	1.596143E-01	7.394508E-02
7.029894E+03	-1.691728E+01	1.594853E-01	7.394869E-02
7.030094E+03	-1.691762E+01	1.588139E-01	7.395229E-02
7.030294E+03	-1.691706E+01	1.590839E-01	7.395589E-02
7.030494E+03	-1.691710E+01	1.586017E-01	7.395949E-02
7.030694E+03	-1.691773E+01	1.584602E-01	7.396309E-02
7.030894E+03	-1.691880E+01	1.587473E-01	7.396669E-02
7.031094E+03	-1.692003E+01	1.592570E-01	7.397029E-02
7.031294E+03	-1.692007E+01	1.594741E-01	7.397389E-02
7.031494E+03	-1.691968E+01	1.589902E-01	7.397749E-02
7.031694E+03	-1.691994E+01	1.590886E-01	7.398110E-02
7.031894E+03	-1.692041E+01	1.563289E-01	7.398470E-02
7.032094E+03	-1.692066E+01	1.559110E-01	7.398830E-02
7.032294E+03	-1.692078E+01	1.561589E-01	7.399190E-02
7.032494E+03	-1.692035E+01	1.556275E-01	7.399550E-02
7.032694E+03	-1.692013E+01	1.558379E-01	7.399910E-02
7.032894E+03	-1.692043E+01	1.558812E-01	7.400270E-02
7.033094E+03	-1.692038E+01	1.557158E-01	7.400630E-02
7.033294E+03	-1.692051E+01	1.554146E-01	7.400990E-02
7.033494E+03	-1.692072E+01	1.554270E-01	7.401350E-02
7.033694E+03	-1.692050E+01	1.553674E-01	7.401710E-02
7.033894E+03	-1.692007E+01	1.549142E-01	7.402070E-02
7.034094E+03	-1.692002E+01	1.546762E-01	7.402430E-02
7.034294E+03	-1.692118E+01	1.550849E-01	7.402790E-02
7.034495E+03	-1.692212E+01	1.552294E-01	7.403151E-02
7.034695E+03	-1.692238E+01	1.549083E-01	7.403511E-02
7.034895E+03	-1.692306E+01	1.564746E-01	7.403871E-02
7.035095E+03	-1.692353E+01	1.566889E-01	7.404231E-02
7.035295E+03	-1.692409E+01	1.569307E-01	7.404591E-02
7.035495E+03	-1.692465E+01	1.577446E-01	7.404951E-02
7.035694E+03	-1.692439E+01	1.582994E-01	7.405309E-02
7.035895E+03	-1.692399E+01	1.581576E-01	7.405670E-02
7.036095E+03	-1.692434E+01	1.597548E-01	7.406030E-02
7.036294E+03	-1.692446E+01	1.595299E-01	7.406388E-02
7.036494E+03	-1.692480E+01	1.599214E-01	7.406748E-02
7.036694E+03	-1.692536E+01	1.597647E-01	7.407108E-02
7.036894E+03	-1.692575E+01	1.595915E-01	7.407468E-02
7.037094E+03	-1.692609E+01	1.595292E-01	7.407828E-02
7.037294E+03	-1.692684E+01	1.582711E-01	7.408187E-02
7.037494E+03	-1.692759E+01	1.583149E-01	7.408547E-02
7.037694E+03	-1.692829E+01	1.589483E-01	7.408907E-02
7.037894E+03	-1.692823E+01	1.594820E-01	7.409267E-02
7.038094E+03	-1.692783E+01	1.591514E-01	7.409626E-02
7.038294E+03	-1.692768E+01	1.589488E-01	7.409986E-02
7.038494E+03	-1.692798E+01	1.591713E-01	7.410346E-02
7.038694E+03	-1.692759E+01	1.590438E-01	7.410706E-02
7.038894E+03	-1.692693E+01	1.595910E-01	7.411065E-02
7.039094E+03	-1.692599E+01	1.597778E-01	7.411425E-02
7.039294E+03	-1.692545E+01	1.591271E-01	7.411785E-02
7.039495E+03	-1.692549E+01	1.579888E-01	7.412146E-02
7.039695E+03	-1.692505E+01	1.577574E-01	7.412506E-02
7.039895E+03	-1.692440E+01	1.574480E-01	7.412865E-02
7.040095E+03	-1.692491E+01	1.575888E-01	7.413225E-02
7.040295E+03	-1.692517E+01	1.574794E-01	7.413585E-02
7.040495E+03	-1.692525E+01	1.576930E-01	7.413944E-02
7.040695E+03	-1.692499E+01	1.578630E-01	7.414304E-02
7.040895E+03	-1.692542E+01	1.580815E-01	7.414664E-02
7.041095E+03	-1.692609E+01	1.585786E-01	7.415023E-02
7.041295E+03	-1.692624E+01	1.586575E-01	7.415383E-02
7.041495E+03	-1.692614E+01	1.582516E-01	7.415742E-02
7.041695E+03	-1.692640E+01	1.588033E-01	7.416102E-02
7.041895E+03	-1.692643E+01	1.595525E-01	7.416461E-02
7.042095E+03	-1.692594E+01	1.592147E-01	7.416821E-02
7.042295E+03	-1.692574E+01	1.586247E-01	7.417181E-02
7.042495E+03	-1.692653E+01	1.581542E-01	7.417540E-02
7.042695E+03	-1.692751E+01	1.582166E-01	7.417900E-02
7.042895E+03	-1.692775E+01	1.582560E-01	7.418259E-02
7.043095E+03	-1.692779E+01	1.586166E-01	7.418619E-02
7.043295E+03	-1.692814E+01	1.587179E-01	7.418978E-02
7.043495E+03	-1.692797E+01	1.585994E-01	7.419337E-02
7.043695E+03	-1.692731E+01	1.578884E-01	7.419697E-02
7.043895E+03	-1.692710E+01	1.562704E-01	7.420056E-02
7.044095E+03	-1.692751E+01	1.559676E-01	7.420416E-02
7.044296E+03	-1.692753E+01	1.558097E-01	7.420777E-02
7.044496E+03	-1.692699E+01	1.555914E-01	7.421136E-02
7.044696E+03	-1.692673E+01	1.551773E-01	7.421496E-02
7.044896E+03	-1.692668E+01	1.554981E-01	7.421855E-02
7.045096E+03	-1.692656E+01	1.550514E-01	7.422215E-02
7.045296E+03	-1.692689E+01	1.547764E-01	7.422574E-02
7.045496E+03	-1.692710E+01	1.546680E-01	7.422933E-02
7.045696E+03	-1.692741E+01	1.548772E-01	7.423293E-02
7.045896E+03	-1.692782E+01	1.549640E-01	7.423652E-02
7.046096E+03	-1.692757E+01	1.538358E-01	7.424011E-02
7.046296E+03	-1.692757E+01	1.532719E-01	7.424371E-02
7.046496E+03	-1.692756E+01	1.539972E-01	7.424730E-02
7.046696E+03	-1.692702E+01	1.538131E-01	7.425089E-02
7.046896E+03	-1.692730E+01	1.541183E-01	7.425449E-02
7.047096E+03	-1.692746E+01	1.552291E-01	7.425808E-02
7.047296E+03	-1.692743E+01	1.559827E-01	7.426167E-02
7.047496E+03	-1.692721E+01	1.556838E-01	7.426526E-02
7.047696E+03	-1.692688E+01	1.554725E-01	7.426886E-02
7.047896E+03	-1.692675E+01	1.551574E-01	7.427245E-02
7.048096E+03	-1.692655E+01	1.554977E-01	7.427604E-02
7.048296E+03	-1.692656E+01	1.548920E-01	7.427963E-02
7.048495E+03	-1.692573E+01	1.564912E-01	7.428321E-02
7.048695E+03	-1.692537E+01	1.573493E-01	7.428680E-02
7.048895E+03	-1.692549E+01	1.573661E-01	7.429039E-02
7.049096E+03	-1.692608E+01	1.581221E-01	7.429400E-02
7.049297E+03	-1.692605E+01	1.595485E-01	7.429761E-02
7.049496E+03	-1.692612E+01	1.600728E-01	7.430119E-02
7.049696E+03	-1.692603E+01	1.616413E-01	7.430478E-02
7.049896E+03	-1.692630E+01	1.635307E-01	7.430837E-02
7.050096E+03	-1.692649E+01	1.636844E-01	7.431196E-02
7.050296E+03	-1.692625E+01	1.634393E-01	7.431555E-02
7.050496E+03	-1.692569E+01	1.632519E-01	7.431914E-02
7.050696E+03	-1.692490E+01	1.627672E-01	7.432273E-02
7.050896E+03	-1.692398E+01	1.623013E-01	7.432632E-02
7.051096E+03	-1.692355E+01	1.625763E-01	7.432992E-02
7.051296E+03	-1.692398E+01	1.647542E-01	7.433351E-02
7.051496E+03	-1.692419E+01	1.646891E-01	7.433710E-02
7.051696E+03	-1.692483E+01	1.652434E-01	7.434069E-02
7.051896E+03	-1.692522E+01	1.655048E-01	7.434428E-02
7.052096E+03	-1.692509E+01	1.638374E-01	7.434787E-02
7.052296E+03	-1.692530E+01	1.635157E-01	7.435146E-02
7.052496E+03	-1.692564E+01	1.632470E-01	7.435505E-02
7.052696E+03	-1.692598E+01	1.625991E-01	7.435864E-02
7.052896E+03	-1.692683E+01	1.618795E-01	7.436223E-02
7.053096E+03	-1.692791E+01	1.622061E-01	7.436582E-02
7.053296E+03	-1.692803E+01	1.618746E-01	7.436941E-02
7.053496E+03	-1.692768E+01	1.611788E-01	7.437300E-02
7.053696E+03	-1.692789E+01	1.610880E-01	7.437659E-02
7.053896E+03	-1.692816E+01	1.610328E-01	7.438018E-02
7.054096E+03	-1.692861E+01	1.603252E-01	7.438376E-02
7.054297E+03	-1.692893E+01	1.604098E-01	7.438737E-02
7.054497E+03	-1.692877E+01	1.606026E-01	7.439096E-02
7.054697E+03	-1.692911E+01	1.602751E-01	7.439455E-02
7.054897E+03	-1.693001E+01	1.595924E-01	7.439814E-02
7.055097E+03	-1.693137E+01	1.607144E-01	7.440173E-02
7.055297E+03	-1.693218E+01	1.621478E-01	7.440532E-02
7.055497E+03	-1.693225E+01	1.622243E-01	7.440890E-02
7.055697E+03	-1.693222E+01	1.616395E-01	7.441249E-02
7.055897E+03	-1.693206E+01	1.616895E-01	7.441608E-02
7.056097E+03	-1.693184E+01	1.614445E-01	7.441967E-02
7.056297E+03	-1.693141E+01	1.615955E-01	7.442326E-02
7.056497E+03	-1.693197E+01	1.634064E-01	7.442685E-02
7.056697E+03	-1.693283E+01	1.643669E-01	7.443043E-02
7.056897E+03	-1.693237E+01	1.641447E-01	7.443402E-02
7.057097E+03	-1.693158E+01	1.637632E-01	7.443761E-02
7.057297E+03	-1.693164E+01	1.634737E-01	7.444120E-02
7.057497E+03	-1.693174E+01	1.638632E-01	7.444479E-02
7.057697E+03	-1.693177E+01	1.641347E-01	7.444837E-02
7.057897E+03	-1.693188E+01	1.633700E-01	7.445196E-02
7.058097E+03	-1.693262E+01	1.616068E-01	7.445555E-02
7.058297E+03	-1.693316E+01	1.609207E-01	7.445913E-02
7.058497E+03	-1.693313E+01	1.609772E-01	7.446272E-02
7.058697E+03	-1.693312E+01	1.610092E-01	7.446631E-02
7.058897E+03	-1.693322E+01	1.613785E-01	7.446990E-02
7.059098E+03	-1.693336E+01	1.606544E-01	7.447350E-02
7.059298E+03	-1.693329E+01	1.598960E-01	7.447709E-02
7.059498E+03	-1.693319E+01	1.597983E-01	7.448067E-02
7.059698E+03	-1.693331E+01	1.598084E-01	7.448426E-02
7.059898E+03	-1.693308E+01	1.596327E-01	7.448785E-02
7.060098E+03	-1.693282E+01	1.595474E-01	7.449143E-02
7.060298E+03	-1.693292E+01	1.595835E-01	7.449502E-02
7.060498E+03	-1.693274E+01	1.590108E-01	7.449860E-02
7.060698E+03	-1.693320E+01	1.591554E-01	7.450219E-02
7.060898E+03	-1.693401E+01	1.606277E-01	7.450578E-02
7.061097E+03	-1.693482E+01	1.612492E-01	7.450934E-02
7.061297E+03	-1.693456E+01	1.611331E-01	7.451293E-02
7.061498E+03	-1.693400E+01	1.611592E-01	7.451653E-02
7.061698E+03	-1.693434E+01	1.615180E-01	7.452012E-02
7.061897E+03	-1.693445E+01	1.609667E-01	7.452369E-02
7.062097E+03	-1.693388E+01	1.607744E-01	7.452727E-02
7.062297E+03	-1.693315E+01	1.595893E-01	7.453086E-02
7.062497E+03	-1.693310E+01	1.587112E-01	7.453444E-02
7.062697E+03	-1.693358E+01	1.585544E-01	7.453803E-02
7.062897E+03	-1.693372E+01	1.573358E-01	7.454161E-02
7.063097E+03	-1.693428E+01	1.567641E-01	7.454520E-02
7.063297E+03	-1.693494E+01	1.570294E-01	7.454878E-02
7.063497E+03	-1.693504E+01	1.571789E-01	7.455236E-02
7.063697E+03	-1.693454E+01	1.571899E-01	7.455595E-02
7.063897E+03	-1.693436E+01	1.571019E-01	7.455953E-02
7.064098E+03	-1.693482E+01	1.570680E-01	7.456314E-02
7.064298E+03	-1.693592E+01	1.574432E-01	7.456672E-02
7.064498E+03	-1.693660E+01	1.579905E-01	7.457030E-02
7.064698E+03	-1.693672E+01	1.580715E-01	7.457389E-02
7.064898E+03	-1.693722E+01	1.572599E-01	7.457747E-02
7.065098E+03	-1.693737E+01	1.561514E-01	7.458105E-02
7.065298E+03	-1.693693E+01	1.560105E-01	7.458464E-02
7.065498E+03	-1.693703E+01	1.559776E-01	7.458822E-02
7.065698E+03	-1.693731E+01	1.561812E-01	7.459181E-02
7.065898E+03	-1.693745E+01	1.550286E-01	7.459539E-02
7.066098E+03	-1.693774E+01	1.517946E-01	7.459897E-02
7.066298E+03	-1.693814E+01	1.527016E-01	7.460255E-02
7.066498E+03	-1.693840E+01	1.527229E-01	7.460614E-02
7.066698E+03	-1.693836E+01	1.530280E-01	7.460972E-02
7.066898E+03	-1.693790E+01	1.531563E-01	7.461330E-02
7.067098E+03	-1.693790E+01	1.536301E-01	7.461689E-02
7.067298E+03	-1.693822E+01	1.540738E-01	7.462047E-02
7.067498E+03	-1.693877E+01	1.542558E-01	7.462405E-02
7.067698E+03	-1.693957E+01	1.546279E-01	7.462763E-02
7.067898E+03	-1.693925E+01	1.545146E-01	7.463122E-02
7.068098E+03	-1.693874E+01	1.544286E-01	7.463480E-02
7.068298E+03	-1.693919E+01	1.547644E-01	7.463838E-02
7.068498E+03	-1.693912E+01	1.557132E-01	7.464196E-02
7.068698E+03	-1.693874E+01	1.560486E-01	7.464554E-02
7.068898E+03	-1.693905E+01	1.558492E-01	7.464913E-02
7.069099E+03	-1.693952E+01	1.555276E-01	7.465272E-02
7.069299E+03	-1.693980E+01	1.556036E-01	7.465631E-02
7.069499E+03	-1.693998E+01	1.557308E-01	7.465989E-02
7.069699E+03	-1.694076E+01	1.553231E-01	7.466347E-02
7.069899E+03	-1.694158E+01	1.547542E-01	7.466705E-02
7.070099E+03	-1.694152E+01	1.545935E-01	7.467063E-02
7.070299E+03	-1.694143E+01	1.544414E-01	7.467421E-02
7.070499E+03	-1.694181E+01	1.546318E-01	7.467779E-02
7.070699E+03	-1.694247E+01	1.546018E-01	7.468137E-02
7.070899E+03	-1.694289E+01	1.525462E-01	7.468496E-02
7.071099E+03	-1.694286E+01	1.502757E-01	7.468854E-02
7.071299E+03	-1.694263E+01	1.495165E-01	7.469212E-02
7.071499E+03	-1.694292E+01	1.495348E-01	7.469570E-02
7.071699E+03	-1.694251E+01	1.496629E-01	7.469928E-02
7.071899E+03	-1.694227E+01	1.496120E-01	7.470286E-02
7.072099E+03	-1.694190E+01	1.494816E-01	7.470644E-02
7.072299E+03	-1.694178E+01	1.494623E-01	7.471002E-02
7.072499E+03	-1.694136E+01	1.497357E-01	7.471360E-02
7.072699E+03	-1.694110E+01	1.498319E-01	7.471718E-02
7.072899E+03	-1.694066E+01	1.496798E-01	7.472076E-02
7.073099E+03	-1.693961E+01	1.493193E-01	7.472434E-02
7.073298E+03	-1.693910E+01	1.491467E-01	7.472790E-02
7.073498E+03	-1.693891E+01	1.490836E-01	7.473148E-02
7.073699E+03	-1.693955E+01	1.495732E-01	7.473508E-02
7.073900E+03	-1.694008E+01	1.497843E-01	7.473867E-02
7.074100E+03	-1.694021E+01	1.500646E-01	7.474225E-02
7.074300E+03	-1.694041E+01	1.507821E-01	7.474583E-02
7.074499E+03	-1.694023E+01	1.505953E-01	7.474939E-02
7.074699E+03	-1.694009E+01	1.505531E-01	7.475297E-02
7.074899E+03	-1.693981E+01	1.505284E-01	7.475655E-02
7.075099E+03	-1.693965E+01	1.505891E-01	7.476013E-02
7.075299E+03	-1.693953E+01	1.505098E-01	7.476371E-02
7.075499E+03	-1.693913E+01	1.504702E-01	7.476728E-02
7.075699E+03	-1.693875E+01	1.504354E-01	7.477086E-02
7.075899E+03	-1.693860E+01	1.499766E-01	7.477444E-02
7.076099E+03	-1.693866E+01	1.497295E-01	7.477802E-02
7.076299E+03	-1.693829E+01	1.501385E-01	7.478160E-02
7.076499E+03	-1.693822E+01	1.489594E-01	7.478518E-02
7.076699E+03	-1.693798E+01	1.483056E-01	7.478875E-02
7.076899E+03	-1.693751E+01	1.481454E-01	7.479233E-02
7.077099E+03	-1.693766E+01	1.486636E-01	7.479591E-02
7.077299E+03	-1.693846E+01	1.489081E-01	7.479949E-02
7.077499E+03	-1.693886E+01	1.487446E-01	7.480306E-02
7.077699E+03	-1.693899E+01	1.489954E-01	7.480664E-02
7.077899E+03	-1.693884E+01	1.490268E-01	7.481022E-02
7.078099E+03	-1.693905E+01	1.486104E-01	7.481379E-02
7.078299E+03	-1.693919E+01	1.486925E-01	7.481737E-02
7.078499E+03	-1.693956E+01	1.489772E-01	7.482095E-02
7.078699E+03	-1.694030E+01	1.493621E-01	7.482453E-02
7.078900E+03	-1.694084E+01	1.496215E-01	7.482812E-02
7.079100E+03	-1.694072E+01	1.494747E-01	7.483170E-02
7.079300E+03	-1.694053E+01	1.492312E-01	7.483527E-02
7.079500E+03	-1.694051E+01	1.492145E-01	7.483885E-02
7.079700E+03	-1.694079E+01	1.492624E-01	7.484243E-02
7.079900E+03	-1.694122E+01	1.494787E-01	7.484600E-02
7.080100E+03	-1.694125E+01	1.492162E-01	7.484958E-02
7.080300E+03	-1.694117E+01	1.496015E-01	7.485315E-02
7.080500E+03	-1.694172E+01	1.494121E-01	7.485673E-02
7.080700E+03	-1.694177E+01	1.500970E-01	7.486031E-02
7.080900E+03	-1.694195E+01	1.507704E-01	7.486388E-02
7.081100E+03	-1.694206E+01	1.521281E-01	7.486746E-02
7.081300E+03	-1.694205E+01	1.522033E-01	7.487103E-02
7.081500E+03	-1.694219E+01	1.529028E-01	7.487461E-02
7.081700E+03	-1.694267E+01	1.536733E-01	7.487818E-02
7.081900E+03	-1.694299E+01	1.537870E-01	7.488176E-02
7.082100E+03	-1.694352E+01	1.539491E-01	7.488533E-02
7.082300E+03	-1.694316E+01	1.537907E-01	7.488891E-02
7.082500E+03	-1.694244E+01	1.538119E-01	7.489248E-02
7.082700E+03	-1.694268E+01	1.525733E-01	7.489606E-02
7.082900E+03	-1.694305E+01	1.536044E-01	7.489963E-02
7.083100E+03	-1.694366E+01	1.540581E-01	7.490321E-02
7.083300E+03	-1.694425E+01	1.535746E-01	7.490678E-02
7.083500E+03	-1.694498E+01	1.530424E-01	7.491036E-02
7.083700E+03	-1.694462E+01	1.529175E-01	7.491393E-02
7.083901E+03	-1.694381E+01	1.503270E-01	7.491752E-02
7.084101E+03	-1.694344E+01	1.502634E-01	7.492110E-02
7.084301E+03	-1.694339E+01	1.507233E-01	7.492467E-02
7.084501E+03	-1.694323E+01	1.496705E-01	7.492824E-02
7.084701E+03	-1.694292E+01	1.495344E-01	7.493182E-02
7.084901E+03	-1.694335E+01	1.493595E-01	7.493539E-02
7.085101E+03	-1.694425E+01	1.498109E-01	7.493897E-02
7.085301E+03	-1.694497E+01	1.499677E-01	7.494254E-02
7.085501E+03	-1.694467E+01	1.495084E-01	7.494611E-02
7.085700E+03	-1.694460E+01	1.490700E-01	7.494967E-02
7.085900E+03	-1.694462E+01	1.491611E-01	7.495324E-02
7.086100E+03	-1.694414E+01	1.491578E-01	7.495681E-02
7.086301E+03	-1.694420E+01	1.493596E-01	7.496041E-02
7.086501E+03	-1.694453E+01	1.501641E-01	7.496398E-02
7.086700E+03	-1.694522E+01	1.499801E-01	7.496753E-02
7.086900E+03	-1.694605E+01	1.496863E-01	7.497111E-02
7.087100E+03	-1.694670E+01	1.501138E-01	7.497468E-02
7.087300E+03	-1.694646E+01	1.504743E-01	7.497825E-02
7.087500E+03	-1.694592E+01	1.503883E-01	7.498182E-02
7.087700E+03	-1.694594E+01	1.506999E-01	7.498540E-02
7.087900E+03	-1.694612E+01	1.507481E-01	7.498897E-02
7.088100E+03	-1.694658E+01	1.510314E-01	7.499254E-02
7.088300E+03	-1.694670E+01	1.510925E-01	7.499611E-02
7.088500E+03	-1.694666E+01	1.509353E-01	7.499968E-02
7.088701E+03	-1.694709E+01	1.506779E-01	7.500327E-02
7.088901E+03	-1.694711E+01	1.503492E-01	7.500684E-02
7.089101E+03	-1.694677E+01	1.501074E-01	7.501042E-02
7.089301E+03	-1.694679E+01	1.501609E-01	7.501399E-02
7.089501E+03	-1.694645E+01	1.495605E-01	7.501756E-02
7.089701E+03	-1.694661E+01	1.488183E-01	7.502113E-02
7.089901E+03	-1.694696E+01	1.491658E-01	7.502470E-02
7.090101E+03	-1.694698E+01	1.491812E-01	7.502827E-02
7.090301E+03	-1.694715E+01	1.493277E-01	7.503184E-02
7.090501E+03	-1.694709E+01	1.493013E-01	7.503541E-02
7.090701E+03	-1.694664E+01	1.492966E-01	7.503898E-02
7.090901E+03	-1.694672E+01	1.489093E-01	7.504256E-02
7.091101E+03	-1.694680E+01	1.489375E-01	7.504613E-02
7.091301E+03	-1.694651E+01	1.491280E-01	7.504970E-02
7.091501E+03	-1.694671E+01	1.490753E-01	7.505327E-02
7.091701E+03	-1.694733E+01	1.493390E-01	7.505684E-02
7.091901E+03	-1.694766E+01	1.513468E-01	7.506041E-02
7.092101E+03	-1.694711E+01	1.519496E-01	7.506398E-02
7.092301E+03	-1.694632E+01	1.514926E-01	7.506755E-02
7.092501E+03	-1.694564E+01	1.512665E-01	7.507112E-02
7.092701E+03	-1.694608E+01	1.518492E-01	7.507469E-02
7.092901E+03	-1.694659E+01	1.534797E-01	7.507826E-02
7.093101E+03	-1.694624E+01	1.529254E-01	7.508183E-02
7.093301E+03	-1.694517E+01	1.525625E-01	7.508540E-02
7.093501E+03	-1.694417E+01	1.519574E-01	7.508896E-02
7.093702E+03	-1.694380E+01	1.517171E-01	7.509255E-02
7.093902E+03	-1.694422E+01	1.515620E-01	7.509612E-02
7.094102E+03	-1.694447E+01	1.517702E-01	7.509969E-02
7.094302E+03	-1.694478E+01	1.515814E-01	7.510326E-02
7.094502E+03	-1.694487E+01	1.516693E-01	7.510683E-02
7.094702E+03	-1.694474E+01	1.513959E-01	7.511040E-02
7.094902E+03	-1.694474E+01	1.501398E-01	7.511397E-02
7.095102E+03	-1.694436E+01	1.488694E-01	7.511753E-02
7.095302E+03	-1.694373E+01	1.486050E-01	7.512110E-02
7.095502E+03	-1.694315E+01	1.492325E-01	7.512467E-02
7.095702E+03	-1.694258E+01	1.495298E-01	7.512824E-02
7.095902E+03	-1.694214E+01	1.478484E-01	7.513181E-02
7.096102E+03	-1.694243E+01	1.482514E-01	7.513537E-02
7.096302E+03	-1.694276E+01	1.473927E-01	7.513894E-02
7.096502E+03	-1.694273E+01	1.472432E-01	7.514251E-02
7.096702E+03	-1.694270E+01	1.471254E-01	7.514608E-02
7.096902E+03	-1.694322E+01	1.464200E-01	7.514965E-02
7.097102E+03	-1.694392E+01	1.450099E-01	7.515321E-02
7.097302E+03	-1.694415E+01	1.444742E-01	7.515678E-02
7.097502E+03	-1.694445E+01	1.424855E-01	7.516035E-02
7.097702E+03	-1.694421E+01	1.417117E-01	7.516392E-02
7.097902E+03	-1.694364E+01	1.416114E-01	7.516748E-02
7.098102E+03	-1.694343E+01	1.415343E-01	7.517105E-02
7.098301E+03	-1.694320E+01	1.413639E-01	7.517460E-02
7.098502E+03	-1.694304E+01	1.413092E-01	7.517818E-02
7.098703E+03	-1.694318E+01	1.416313E-01	7.518177E-02
7.098903E+03	-1.694218E+01	1.411141E-01	7.518533E-02
7.099102E+03	-1.694173E+01	1.380789E-01	7.518888E-02
7.099302E+03	-1.694139E+01	1.385728E-01	7.519245E-02
7.099502E+03	-1.694091E+01	1.379728E-01	7.519602E-02
7.099702E+03	-1.694078E+01	1.385559E-01	7.519958E-02
7.099902E+03	-1.694085E+01	1.387442E-01	7.520315E-02
7.100102E+03	-1.694088E+01	1.387932E-01	7.520671E-02
7.100302E+03	-1.694091E+01	1.390242E-01	7.521028E-02
7.100502E+03	-1.694097E+01	1.391872E-01	7.521385E-02
7.100702E+03	-1.694117E+01	1.391018E-01	7.521741E-02
7.100902E+03	-1.694067E+01	1.388380E-01	7.522098E-02
7.101102E+03	-1.694050E+01	1.389424E-01	7.522454E-02
7.101302E+03	-1.694087E+01	1.398989E-01	7.522811E-02
7.101502E+03	-1.694093E+01	1.399913E-01	7.523167E-02
7.101702E+03	-1.694118E+01	1.400381E-01	7.523524E-02
7.101902E+03	-1.694158E+01	1.404851E-01	7.523880E-02
7.102102E+03	-1.694170E+01	1.405457E-01	7.524237E-02
7.102302E+03	-1.694148E+01	1.410833E-01	7.524593E-02
7.102502E+03	-1.694174E+01	1.422734E-01	7.524950E-02
7.102702E+03	-1.694211E+01	1.423782E-01	7.525306E-02
7.102902E+03	-1.694233E+01	1.434458E-01	7.525663E-02
7.103102E+03	-1.694244E+01	1.441617E-01	7.526019E-02
7.103302E+03	-1.694225E+01	1.439509E-01	7.526376E-02
7.103503E+03	-1.694138E+01	1.441030E-01	7.526734E-02
7.103703E+03	-1.694132E+01	1.438940E-01	7.527090E-02
7.103903E+03	-1.694227E+01	1.446397E-01	7.527447E-02
7.104103E+03	-1.694313E+01	1.462465E-01	7.527803E-02
7.104303E+03	-1.694360E+01	1.451277E-01	7.528160E-02
7.104503E+03	-1.694295E+01	1.443542E-01	7.528516E-02
7.104703E+03	-1.694258E+01	1.440468E-01	7.528872E-02
7.104903E+03	-1.694286E+01	1.444448E-01	7.529229E-02
7.105103E+03	-1.694326E+01	1.446153E-01	7.529585E-02
7.105303E+03	-1.694297E+01	1.440748E-01	7.529941E-02
7.105503E+03	-1.694267E+01	1.436181E-01	7.530298E-02
7.105703E+03	-1.694318E+01	1.437633E-01	7.530654E-02
7.105903E+03	-1.694320E+01	1.440457E-01	7.531010E-02
7.106103E+03	-1.694285E+01	1.439075E-01	7.531367E-02
7.106303E+03	-1.694339E+01	1.441089E-01	7.531723E-02
7.106503E+03	-1.694380E+01	1.448526E-01	7.532079E-02
7.106703E+03	-1.694412E+01	1.445756E-01	7.532435E-02
7.106903E+03	-1.694402E+01	1.441261E-01	7.532792E-02
7.107103E+03	-1.694408E+01	1.439065E-01	7.533148E-02
7.107303E+03	-1.694458E+01	1.441162E-01	7.533504E-02
7.107503E+03	-1.694450E+01	1.441754E-01	7.533860E-02
7.107703E+03	-1.694387E+01	1.438615E-01	7.534217E-02
7.107903E+03	-1.694357E+01	1.436958E-01	7.534573E-02
7.108103E+03	-1.694409E+01	1.438973E-01	7.534929E-02
7.108303E+03	-1.694429E+01	1.443635E-01	7.535285E-02
7.108504E+03	-1.694448E+01	1.436602E-01	7.535643E-02
7.108704E+03	-1.694490E+01	1.424532E-01	7.535999E-02
7.108904E+03	-1.694509E+01	1.425433E-01	7.536356E-02
7.109104E+03	-1.694460E+01	1.424442E-01	7.536712E-02
7.109304E+03	-1.694474E+01	1.422312E-01	7.537068E-02
7.109504E+03	-1.694427E+01	1.424596E-01	7.537424E-02
7.109704E+03	-1.694401E+01	1.436114E-01	7.537780E-02
7.109904E+03	-1.694496E+01	1.438986E-01	7.538136E-02
7.110104E+03	-1.694602E+01	1.440394E-01	7.538492E-02
7.110304E+03	-1.694668E+01	1.449476E-01	7.538848E-02
7.110504E+03	-1.694693E+01	1.442101E-01	7.539205E-02
7.110704E+03	-1.694721E+01	1.444370E-01	7.539561E-02
7.110904E+03	-1.694745E+01	1.451051E-01	7.539917E-02
7.111104E+03	-1.694762E+01	1.458669E-01	7.540273E-02
7.111303E+03	-1.694783E+01	1.460385E-01	7.540627E-02
7.111503E+03	-1.694826E+01	1.459511E-01	7.540983E-02
7.111703E+03	-1.694877E+01	1.459311E-01	7.541339E-02
7.111904E+03	-1.694911E+01	1.459305E-01	7.541697E-02
7.112103E+03	-1.694921E+01	1.467612E-01	7.542051E-02
7.112303E+03	-1.694872E+01	1.463136E-01	7.542407E-02
7.112503E+03	-1.694836E+01	1.462557E-01	7.542763E-02
7.112703E+03	-1.694829E+01	1.462357E-01	7.543119E-02
7.112903E+03	-1.694806E+01	1.462227E-01	7.543475E-02
7.113103E+03	-1.694806E+01	1.458788E-01	7.543831E-02
7.113304E+03	-1.694845E+01	1.460251E-01	7.544189E-02
7.113504E+03	-1.694820E+01	1.461834E-01	7.544545E-02
7.113704E+03	-1.694796E+01	1.464470E-01	7.544900E-02
7.113904E+03	-1.694791E+01	1.465415E-01	7.545256E-02
7.114104E+03	-1.694835E+01	1.458200E-01	7.545612E-02
7.114304E+03	-1.694731E+01	1.455429E-01	7.545968E-02
7.114504E+03	-1.694665E+01	1.452827E-01	7.546324E-02
7.114704E+03	-1.694631E+01	1.472428E-01	7.546680E-02
7.114904E+03	-1.694589E+01	1.466063E-01	7.547036E-02
7.115104E+03	-1.694539E+01	1.463551E-01	7.547392E-02
7.115304E+03	-1.694527E+01	1.463790E-01	7.547747E-02
7.115504E+03	-1.694500E+01	1.463218E-01	7.548103E-02
7.115704E+03	-1.694374E+01	1.468787E-01	7.548459E-02
7.115904E+03	-1.694285E+01	1.465120E-01	7.548815E-02
7.116104E+03	-1.694243E+01	1.462041E-01	7.549171E-02
7.116304E+03	-1.694210E+01	1.452231E-01	7.549526E-02
7.116504E+03	-1.694228E+01	1.448297E-01	7.549882E-02
7.116704E+03	-1.694279E+01	1.448298E-01	7.550238E-02
7.116904E+03	-1.694308E+01	1.447376E-01	7.550594E-02
7.117104E+03	-1.694362E+01	1.447164E-01	7.550950E-02
7.117304E+03	-1.694393E+01	1.449071E-01	7.551305E-02
7.117504E+03	-1.694394E+01	1.445529E-01	7.551661E-02
7.117704E+03	-1.694388E+01	1.440322E-01	7.552017E-02
7.117904E+03	-1.694431E+01	1.443542E-01	7.552372E-02
7.118104E+03	-1.694514E+01	1.458291E-01	7.552728E-02
7.118305E+03	-1.694547E+01	1.459332E-01	7.553086E-02
7.118505E+03	-1.694541E+01	1.456854E-01	7.553441E-02
7.118705E+03	-1.694543E+01	1.456931E-01	7.553797E-02
7.118905E+03	-1.694533E+01	1.461638E-01	7.554153E-02
7.119105E+03	-1.694549E+01	1.456097E-01	7.554508E-02
7.119305E+03	-1.694554E+01	1.456462E-01	7.554864E-02
7.119505E+03	-1.694530E+01	1.452706E-01	7.555220E-02
7.119705E+03	-1.694511E+01	1.455057E-01	7.555575E-02
7.119905E+03	-1.694488E+01	1.454431E-01	7.555931E-02
7.120105E+03	-1.694419E+01	1.452314E-01	7.556286E-02
7.120305E+03	-1.694361E+01	1.446362E-01	7.556642E-02
7.120505E+03	-1.694345E+01	1.444563E-01	7.556998E-02
7.120705E+03	-1.694327E+01	1.446121E-01	7.557353E-02
7.120905E+03	-1.694304E+01	1.447573E-01	7.557709E-02
7.121105E+03	-1.694304E+01	1.447754E-01	7.558064E-02
7.121305E+03	-1.694259E+01	1.452313E-01	7.558420E-02
7.121505E+03	-1.694198E+01	1.451130E-01	7.558775E-02
7.121705E+03	-1.694117E+01	1.452102E-01	7.559131E-02
7.121905E+03	-1.694068E+01	1.448866E-01	7.559486E-02
7.122105E+03	-1.694062E+01	1.448174E-01	7.559842E-02
7.122305E+03	-1.694060E+01	1.448505E-01	7.560197E-02
7.122505E+03	-1.694053E+01	1.448400E-01	7.560553E-02
7.122705E+03	-1.694013E+01	1.445622E-01	7.560908E-02
7.122905E+03	-1.693950E+01	1.450301E-01	7.561264E-02
7.123105E+03	-1.693913E+01	1.451183E-01	7.561619E-02
7.123306E+03	-1.693824E+01	1.452461E-01	7.561976E-02
7.123506E+03	-1.693721E+01	1.440506E-01	7.562332E-02
7.123706E+03	-1.693645E+01	1.437601E-01	7.562687E-02
7.123905E+03	-1.693583E+01	1.434048E-01	7.563041E-02
7.124105E+03	-1.693518E+01	1.430788E-01	7.563396E-02
7.124306E+03	-1.693475E+01	1.430152E-01	7.563753E-02
7.124506E+03	-1.693502E+01	1.429147E-01	7.564109E-02
7.124705E+03	-1.693549E+01	1.434890E-01	7.564462E-02
7.124905E+03	-1.693572E+01	1.440500E-01	7.564818E-02
7.125105E+03	-1.693580E+01	1.446444E-01	7.565173E-02
7.125305E+03	-1.693559E+01	1.446252E-01	7.565528E-02
7.125505E+03	-1.693502E+01	1.443464E-01	7.565884E-02
7.125705E+03	-1.693450E+01	1.441187E-01	7.566239E-02
7.125905E+03	-1.693476E+01	1.442058E-01	7.566594E-02
7.126105E+03	-1.693569E+01	1.445999E-01	7.566950E-02
7.126305E+03	-1.693612E+01	1.445179E-01	7.567305E-02
7.126505E+03	-1.693600E+01	1.456511E-01	7.567660E-02
7.126705E+03	-1.693624E+01	1.453540E-01	7.568016E-02
7.126905E+03	-1.693654E+01	1.457699E-01	7.568371E-02
7.127105E+03	-1.693671E+01	1.458939E-01	7.568726E-02
7.127305E+03	-1.693650E+01	1.461614E-01	7.569081E-02
7.127505E+03	-1.693613E+01	1.460352E-01	7.569437E-02
7.127705E+03	-1.693570E+01	1.456223E-01	7.569792E-02
7.127905E+03	-1.693586E+01	1.456881E-01	7.570147E-02
7.128106E+03	-1.693648E+01	1.450894E-01	7.570504E-02
7.128306E+03	-1.693658E+01	1.451684E-01	7.570859E-02
7.128506E+03	-1.693608E+01	1.442680E-01	7.571214E-02
7.128706E+03	-1.693566E+01	1.435061E-01	7.571570E-02
7.128906E+03	-1.693532E+01	1.422836E-01	7.571925E-02
7.129106E+03	-1.693519E+01	1.423006E-01	7.572280E-02
7.129306E+03	-1.693536E+01	1.416417E-01	7.572635E-02
7.129506E+03	-1.693534E+01	1.409172E-01	7.572990E-02
7.129706E+03	-1.693528E+01	1.409355E-01	7.573345E-02
7.129906E+03	-1.693556E+01	1.410801E-01	7.573700E-02
7.130106E+03	-1.693583E+01	1.419460E-01	7.574055E-02
7.130306E+03	-1.693621E+01	1.417858E-01	7.574411E-02
7.130506E+03	-1.693656E+01	1.419605E-01	7.574766E-02
7.130706E+03	-1.693643E+01	1.409341E-01	7.575121E-02
7.130906E+03	-1.693604E+01	1.406905E-01	7.575476E-02
7.131106E+03	-1.693639E+01	1.408941E-01	7.575831E-02
7.131306E+03	-1.693692E+01	1.410369E-01	7.576186E-02
7.131506E+03	-1.693727E+01	1.415635E-01	7.576541E-02
7.131706E+03	-1.693737E+01	1.418358E-01	7.576896E-02
7.131906E+03	-1.693779E+01	1.419539E-01	7.577251E-02
7.132106E+03	-1.693828E+01	1.413153E-01	7.577606E-02
7.132306E+03	-1.693836E+01	1.415943E-01	7.577961E-02
7.132506E+03	-1.693834E+01	1.415001E-01	7.578316E-02
7.132706E+03	-1.693848E+01	1.413046E-01	7.578671E-02
7.132906E+03	-1.693859E+01	1.411705E-01	7.579026E-02
7.133107E+03	-1.693869E+01	1.412415E-01	7.579383E-02
7.133307E+03	-1.693862E+01	1.415249E-01	7.579737E-02
7.133507E+03	-1.693872E+01	1.412741E-01	7.580092E-02
7.133707E+03	-1.693899E+01	1.411746E-01	7.580447E-02
7.133907E+03	-1.693900E+01	1.414635E-01	7.580802E-02
7.134107E+03	-1.693873E+01	1.426407E-01	7.581157E-02
7.134307E+03	-1.693830E+01	1.417784E-01	7.581512E-02
7.134507E+03	-1.693806E+01	1.412195E-01	7.581867E-02
7.134707E+03	-1.693769E+01	1.411000E-01	7.582222E-02
7.134907E+03	-1.693696E+01	1.407125E-01	7.582577E-02
7.135107E+03	-1.693636E+01	1.400049E-01	7.582932E-02
7.135307E+03	-1.693623E+01	1.399543E-01	7.583286E-02
7.135507E+03	-1.693640E+01	1.397170E-01	7.583641E-02
7.135707E+03	-1.693629E+01	1.403957E-01	7.583996E-02
7.135907E+03	-1.693623E+01	1.417254E-01	7.584351E-02
7.136106E+03	-1.693625E+01	1.414960E-01	7.584704E-02
7.136306E+03	-1.693603E+01	1.413102E-01	7.585059E-02
7.136507E+03	-1.693596E+01	1.416469E-01	7.585415E-02
7.136707E+03	-1.693567E+01	1.421291E-01	7.585770E-02
7.136907E+03	-1.693614E+01	1.422215E-01	7.586125E-02
7.137106E+03	-1.693689E+01	1.425301E-01	7.586478E-02
7.137306E+03	-1.693738E+01	1.426470E-01	7.586832E-02
7.137506E+03	-1.693733E+01	1.427427E-01	7.587187E-02
7.137706E+03	-1.693682E+01	1.423143E-01	7.587542E-02
7.137907E+03	-1.693723E+01	1.424373E-01	7.587898E-02
7.138107E+03	-1.693838E+01	1.427123E-01	7.588253E-02
7.138307E+03	-1.693880E+01	1.429514E-01	7.588608E-02
7.138507E+03	-1.693906E+01	1.428439E-01	7.588963E-02
7.138707E+03	-1.693924E+01	1.429391E-01	7.589317E-02
7.138907E+03	-1.693906E+01	1.429053E-01	7.589672E-02
7.139107E+03	-1.693962E+01	1.430725E-01	7.590026E-02
7.139307E+03	-1.694036E+01	1.436873E-01	7.590381E-02
7.139507E+03	-1.694009E+01	1.434506E-01	7.590736E-02
7.139707E+03	-1.694012E+01	1.416194E-01	7.591090E-02
7.139907E+03	-1.694044E+01	1.412534E-01	7.591445E-02
7.140107E+03	-1.694055E+01	1.413712E-01	7.591800E-02
7.140307E+03	-1.694024E+01	1.420587E-01	7.592154E-02
7.140507E+03	-1.693997E+01	1.411820E-01	7.592509E-02
7.140707E+03	-1.694024E+01	1.399641E-01	7.592863E-02
7.140907E+03	-1.694096E+01	1.399230E-01	7.593218E-02
7.141107E+03	-1.694144E+01	1.400336E-01	7.593572E-02
7.141307E+03	-1.694158E+01	1.401090E-01	7.593927E-02
7.141507E+03	-1.694169E+01	1.401862E-01	7.594282E-02
7.141707E+03	-1.694245E+01	1.409136E-01	7.594636E-02
7.141907E+03	-1.694334E+01	1.411539E-01	7.594991E-02
7.142107E+03	-1.694359E+01	1.408822E-01	7.595345E-02
7.142307E+03	-1.694326E+01	1.407308E-01	7.595700E-02
7.142507E+03	-1.694290E+01	1.406873E-01	7.596054E-02
7.142707E+03	-1.694228E+01	1.407292E-01	7.596409E-02
7.142908E+03	-1.694130E+01	1.405229E-01	7.596765E-02
7.143108E+03	-1.694030E+01	1.404665E-01	7.597119E-02
7.143308E+03	-1.693950E+01	1.394212E-01	7.597474E-02
7.143508E+03	-1.693913E+01	1.387062E-01	7.597828E-02
7.143708E+03	-1.693899E+01	1.386063E-01	7.598183E-02
7.143908E+03	-1.693874E+01	1.384646E-01	7.598537E-02
7.144108E+03	-1.693851E+01	1.384244E-01	7.598891E-02
7.144308E+03	-1.693830E+01	1.376958E-01	7.599246E-02
7.144508E+03	-1.693812E+01	1.377511E-01	7.599600E-02
7.144708E+03	-1.693796E+01	1.377551E-01	7.599955E-02
7.144908E+03	-1.693781E+01	1.379158E-01	7.600309E-02
7.145108E+03	-1.693769E+01	1.382015E-01	7.600663E-02
7.145308E+03	-1.693759E+01	1.381881E-01	7.601018E-02
7.145508E+03	-1.693751E+01	1.365733E-01	7.601372E-02
7.145708E+03	-1.693745E+01	1.363280E-01	7.601726E-02
7.145908E+03	-1.693741E+01	1.364645E-01	7.602081E-02
7.146108E+03	-1.693739E+01	1.365068E-01	7.602435E-02
7.146308E+03	-1.693759E+01	1.368928E-01	7.602789E-02
7.146508E+03	-1.693723E+01	1.364097E-01	7.603143E-02
7.146708E+03	-1.693694E+01	1.357648E-01	7.603498E-02
7.146908E+03	-1.693697E+01	1.357685E-01	7.603852E-02
7.147108E+03	-1.693697E+01	1.349496E-01	7.604206E-02
7.147308E+03	-1.693741E+01	1.350949E-01	7.604561E-02
7.147508E+03	-1.693733E+01	1.340918E-01	7.604912E-02
7.147708E+03	-1.693780E+01	1.342206E-01	7.605254E-02
7.147909E+03	-1.693852E+01	1.344441E-01	7.605598E-02
7.148109E+03	-1.693821E+01	1.339757E-01	7.605940E-02
7.148309E+03	-1.693898E+01	1.343446E-01	7.606282E-02
7.148508E+03	-1.694038E+01	1.348101E-01	7.606623E-02
7.148708E+03	-1.694099E+01	1.352792E-01	7.606965E-02
7.148908E+03	-1.694059E+01	1.361032E-01	7.607307E-02
7.149109E+03	-1.694055E+01	1.347246E-01	7.607651E-02
7.149309E+03	-1.694024E+01	1.359056E-01	7.607993E-02
7.149508E+03	-1.693971E+01	1.355141E-01	7.608333E-02
7.149708E+03	-1.694015E+01	1.353242E-01	7.608675E-02
7.149908E+03	-1.694123E+01	1.367198E-01	7.609017E-02
7.150108E+03	-1.694173E+01	1.357996E-01	7.609359E-02
7.150308E+03	-1.694217E+01	1.348074E-01	7.609701E-02
7.150508E+03	-1.694238E+01	1.349945E-01	7.610043E-02
7.150708E+03	-1.694303E+01	1.337045E-01	7.610385E-02
7.150908E+03	-1.694329E+01	1.319977E-01	7.610727E-02
7.151108E+03	-1.694266E+01	1.318061E-01	7.611069E-02
7.151308E+03	-1.694264E+01	1.312034E-01	7.611411E-02
7.151508E+03	-1.694277E+01	1.311720E-01	7.611753E-02
7.151708E+03	-1.694249E+01	1.306895E-01	7.612095E-02
7.151908E+03	-1.694331E+01	1.293441E-01	7.612437E-02
7.152108E+03	-1.694369E+01	1.290792E-01	7.612779E-02
7.152308E+03	-1.694367E+01	1.288583E-01	7.613121E-02
7.152508E+03	-1.694397E+01	1.296556E-01	7.613463E-02
7.152709E+03	-1.694384E+01	1.303634E-01	7.613806E-02
7.152909E+03	-1.694414E+01	1.307885E-01	7.614148E-02
7.153109E+03	-1.694461E+01	1.309402E-01	7.614490E-02
7.153309E+03	-1.694466E+01	1.309248E-01	7.614832E-02
7.153509E+03	-1.694497E+01	1.309896E-01	7.615174E-02
7.153709E+03	-1.694526E+01	1.308614E-01	7.615515E-02
7.153909E+03	-1.694492E+01	1.307538E-01	7.615857E-02
7.154109E+03	-1.694469E+01	1.300213E-01	7.616199E-02
7.154309E+03	-1.694471E+01	1.296591E-01	7.616541E-02
7.154509E+03	-1.694446E+01	1.300697E-01	7.616883E-02
7.154709E+03	-1.694341E+01	1.297541E-01	7.617225E-02
7.154909E+03	-1.694292E+01	1.296194E-01	7.617566E-02
7.155109E+03	-1.694264E+01	1.301568E-01	7.617908E-02
7.155309E+03	-1.694203E+01	1.310406E-01	7.618250E-02
7.155509E+03	-1.694253E+01	1.321823E-01	7.618592E-02
7.155709E+03	-1.694265E+01	1.324041E-01	7.618933E-02
7.155909E+03	-1.694236E+01	1.325423E-01	7.619275E-02
7.156109E+03	-1.694308E+01	1.322751E-01	7.619617E-02
7.156309E+03	-1.694390E+01	1.325608E-01	7.619958E-02
7.156509E+03	-1.694438E+01	1.336067E-01	7.620300E-02
7.156709E+03	-1.694471E+01	1.333521E-01	7.620642E-02
7.156909E+03	-1.694440E+01	1.334315E-01	7.620984E-02
7.157109E+03	-1.694405E+01	1.337803E-01	7.621325E-02
7.157309E+03	-1.694444E+01	1.334606E-01	7.621667E-02
7.157509E+03	-1.694496E+01	1.319331E-01	7.622009E-02
7.157710E+03	-1.694470E+01	1.319390E-01	7.622352E-02
7.157910E+03	-1.694535E+01	1.320537E-01	7.622694E-02
7.158110E+03	-1.694608E+01	1.314135E-01	7.623035E-02
7.158310E+03	-1.694629E+01	1.321784E-01	7.623377E-02
7.158510E+03	-1.694620E+01	1.327785E-01	7.623718E-02
7.158710E+03	-1.694624E+01	1.329603E-01	7.624060E-02
7.158910E+03	-1.694626E+01	1.320205E-01	7.624402E-02
7.159110E+03	-1.694622E+01	1.317670E-01	7.624743E-02
7.159310E+03	-1.694629E+01	1.317846E-01	7.625085E-02
7.159510E+03	-1.694620E+01	1.319105E-01	7.625426E-02
7.159710E+03	-1.694600E+01	1.318814E-01	7.625768E-02
7.159910E+03	-1.694607E+01	1.318899E-01	7.626109E-02
7.160110E+03	-1.694606E+01	1.318474E-01	7.626451E-02
7.160310E+03	-1.694641E+01	1.318628E-01	7.626792E-02
7.160510E+03	-1.694676E+01	1.319635E-01	7.627134E-02
7.160710E+03	-1.694711E+01	1.321762E-01	7.627476E-02
7.160910E+03	-1.694728E+01	1.325992E-01	7.627817E-02
7.161109E+03	-1.694735E+01	1.326996E-01	7.628157E-02
7.161310E+03	-1.694752E+01	1.323798E-01	7.628500E-02
7.161510E+03	-1.694723E+01	1.322611E-01	7.628841E-02
7.161709E+03	-1.694676E+01	1.319920E-01	7.629181E-02
7.161909E+03	-1.694728E+01	1.321875E-01	7.629523E-02
7.162109E+03	-1.694801E+01	1.323469E-01	7.629864E-02
7.162309E+03	-1.694839E+01	1.312896E-01	7.630205E-02
7.162509E+03	-1.694863E+01	1.284761E-01	7.630547E-02
7.162710E+03	-1.694832E+01	1.283758E-01	7.630890E-02
7.162910E+03	-1.694815E+01	1.279304E-01	7.631231E-02
7.163110E+03	-1.694854E+01	1.280161E-01	7.631573E-02
7.163310E+03	-1.694853E+01	1.278800E-01	7.631914E-02
7.163510E+03	-1.694874E+01	1.268657E-01	7.632256E-02
7.163710E+03	-1.694935E+01	1.271231E-01	7.632597E-02
7.163910E+03	-1.694991E+01	1.275027E-01	7.632938E-02
7.164110E+03	-1.694970E+01	1.273482E-01	7.633280E-02
7.164310E+03	-1.694944E+01	1.277288E-01	7.633621E-02
7.164510E+03	-1.694971E+01	1.299208E-01	7.633962E-02
7.164710E+03	-1.694998E+01	1.299866E-01	7.634304E-02
7.164910E+03	-1.695036E+01	1.306403E-01	7.634645E-02
7.165110E+03	-1.695114E+01	1.307089E-01	7.634986E-02
7.165310E+03	-1.695122E+01	1.314018E-01	7.635327E-02
7.165510E+03	-1.695084E+01	1.321392E-01	7.635669E-02
7.165710E+03	-1.695078E+01	1.320039E-01	7.636010E-02
7.165910E+03	-1.695115E+01	1.307497E-01	7.636351E-02
7.166110E+03	-1.695139E+01	1.307078E-01	7.636693E-02
7.166310E+03	-1.695120E+01	1.306738E-01	7.637034E-02
7.166510E+03	-1.695126E+01	1.306841E-01	7.637375E-02
7.166710E+03	-1.695072E+01	1.298834E-01	7.637716E-02
7.166910E+03	-1.694990E+01	1.296761E-01	7.638057E-02
7.167110E+03	-1.694992E+01	1.300567E-01	7.638399E-02
7.167310E+03	-1.695009E+01	1.317078E-01	7.638740E-02
7.167511E+03	-1.695014E+01	1.318709E-01	7.639083E-02
7.167711E+03	-1.695052E+01	1.326666E-01	7.639424E-02
7.167911E+03	-1.695112E+01	1.334116E-01	7.639765E-02
7.168111E+03	-1.695094E+01	1.333608E-01	7.640106E-02
7.168311E+03	-1.695031E+01	1.334912E-01	7.640447E-02
7.168511E+03	-1.694961E+01	1.333602E-01	7.640788E-02
7.168711E+03	-1.694875E+01	1.328535E-01	7.641130E-02
7.168911E+03	-1.694901E+01	1.329214E-01	7.641471E-02
7.169111E+03	-1.695025E+01	1.330675E-01	7.641812E-02
7.169311E+03	-1.695034E+01	1.328016E-01	7.642153E-02
7.169511E+03	-1.694976E+01	1.322008E-01	7.642494E-02
7.169711E+03	-1.694935E+01	1.324894E-01	7.642835E-02
7.169911E+03	-1.694928E+01	1.320103E-01	7.643176E-02
7.170111E+03	-1.694895E+01	1.319095E-01	7.643517E-02
7.170311E+03	-1.694876E+01	1.324027E-01	7.643858E-02
7.170511E+03	-1.694901E+01	1.329436E-01	7.644199E-02
7.170711E+03	-1.694972E+01	1.331948E-01	7.644540E-02
7.170911E+03	-1.694933E+01	1.332650E-01	7.644881E-02
7.171111E+03	-1.694825E+01	1.323249E-01	7.645222E-02
7.171311E+03	-1.694791E+01	1.324662E-01	7.645563E-02
7.171511E+03	-1.694772E+01	1.331833E-01	7.645904E-02
7.171711E+03	-1.694799E+01	1.332527E-01	7.646245E-02
7.171911E+03	-1.694860E+01	1.328621E-01	7.646586E-02
7.172111E+03	-1.694879E+01	1.328062E-01	7.646927E-02
7.172311E+03	-1.694826E+01	1.324023E-01	7.647268E-02
7.172512E+03	-1.694778E+01	1.316812E-01	7.647611E-02
7.172712E+03	-1.694735E+01	1.304673E-01	7.647952E-02
7.172912E+03	-1.694696E+01	1.311052E-01	7.648293E-02
7.173112E+03	-1.694681E+01	1.313281E-01	7.648634E-02
7.173312E+03	-1.694677E+01	1.314178E-01	7.648975E-02
7.173511E+03	-1.694709E+01	1.315012E-01	7.649314E-02
7.173712E+03	-1.694763E+01	1.317630E-01	7.649656E-02
7.173912E+03	-1.694803E+01	1.335032E-01	7.649997E-02
7.174111E+03	-1.694854E+01	1.355281E-01	7.650336E-02
7.174311E+03	-1.694830E+01	1.340189E-01	7.650677E-02
7.174511E+03	-1.694801E+01	1.340550E-01	7.651018E-02
7.174712E+03	-1.694784E+01	1.334863E-01	7.651361E-02
7.174911E+03	-1.694807E+01	1.325780E-01	7.651700E-02
7.175111E+03	-1.694835E+01	1.322176E-01	7.652041E-02
7.175311E+03	-1.694815E+01	1.322967E-01	7.652381E-02
7.175511E+03	-1.694811E+01	1.319789E-01	7.652722E-02
7.175711E+03	-1.694825E+01	1.319855E-01	7.653063E-02
7.175911E+03	-1.694858E+01	1.320341E-01	7.653404E-02
7.176111E+03	-1.694883E+01	1.325209E-01	7.653744E-02
7.176311E+03	-1.694943E+01	1.336596E-01	7.654085E-02
7.176511E+03	-1.694993E+01	1.339035E-01	7.654426E-02
7.176711E+03	-1.694990E+01	1.343658E-01	7.654767E-02
7.176911E+03	-1.694991E+01	1.342515E-01	7.655107E-02
7.177111E+03	-1.694997E+01	1.343379E-01	7.655448E-02
7.177312E+03	-1.694975E+01	1.359180E-01	7.655791E-02
7.177512E+03	-1.694924E+01	1.358239E-01	7.656131E-02
7.177712E+03	-1.694875E+01	1.362772E-01	7.656472E-02
7.177912E+03	-1.694895E+01	1.358189E-01	7.656813E-02
7.178112E+03	-1.694939E+01	1.359081E-01	7.657153E-02
7.178312E+03	-1.695022E+01	1.378774E-01	7.657494E-02
7.178512E+03	-1.695070E+01	1.381194E-01	7.657835E-02
7.178712E+03	-1.695114E+01	1.381265E-01	7.658175E-02
7.178912E+03	-1.695224E+01	1.386960E-01	7.658516E-02
7.179112E+03	-1.695273E+01	1.387232E-01	7.658857E-02
7.179312E+03	-1.695195E+01	1.391251E-01	7.659197E-02
7.179512E+03	-1.695139E+01	1.386598E-01	7.659538E-02
7.179712E+03	-1.695089E+01	1.393623E-01	7.659878E-02
7.179912E+03	-1.694995E+01	1.393478E-01	7.660219E-02
7.180112E+03	-1.695024E+01	1.390731E-01	7.660560E-02
7.180312E+03	-1.695005E+01	1.390540E-01	7.660900E-02
7.180512E+03	-1.694912E+01	1.387866E-01	7.661241E-02
7.180712E+03	-1.694799E+01	1.386183E-01	7.661581E-02
7.180912E+03	-1.694732E+01	1.385405E-01	7.661922E-02
7.181112E+03	-1.694753E+01	1.383370E-01	7.662262E-02
7.181312E+03	-1.694806E+01	1.410796E-01	7.662603E-02
7.181512E+03	-1.694841E+01	1.412514E-01	7.662943E-02
7.181712E+03	-1.694864E+01	1.412449E-01	7.663284E-02
7.181912E+03	-1.694855E+01	1.415708E-01	7.663624E-02
7.182112E+03	-1.694827E+01	1.437024E-01	7.663965E-02
7.182313E+03	-1.694823E+01	1.445042E-01	7.664307E-02
7.182513E+03	-1.694865E+01	1.446866E-01	7.664648E-02
7.182713E+03	-1.694894E+01	1.449706E-01	7.664988E-02
7.182913E+03	-1.694869E+01	1.452774E-01	7.665328E-02
7.183113E+03	-1.694893E+01	1.453821E-01	7.665669E-02
7.183313E+03	-1.694933E+01	1.455487E-01	7.666009E-02
7.183513E+03	-1.694882E+01	1.447633E-01	7.666350E-02
7.183713E+03	-1.694826E+01	1.435598E-01	7.666690E-02
7.183913E+03	-1.694837E+01	1.445685E-01	7.667031E-02
7.184113E+03	-1.694815E+01	1.447756E-01	7.667371E-02
7.184313E+03	-1.694751E+01	1.443041E-01	7.667711E-02
7.184513E+03	-1.694716E+01	1.438304E-01	7.668052E-02
7.184713E+03	-1.694776E+01	1.440450E-01	7.668392E-02
7.184913E+03	-1.694867E+01	1.442737E-01	7.668732E-02
7.185113E+03	-1.694843E+01	1.442264E-01	7.669073E-02
7.185313E+03	-1.694837E+01	1.455362E-01	7.669413E-02
7.185513E+03	-1.694854E+01	1.456700E-01	7.669753E-02
7.185713E+03	-1.694851E+01	1.456148E-01	7.670094E-02
7.185913E+03	-1.694824E+01	1.455514E-01	7.670434E-02
7.186113E+03	-1.694845E+01	1.458263E-01	7.670774E-02
7.186312E+03	-1.694878E+01	1.470706E-01	7.671113E-02
7.186512E+03	-1.694867E+01	1.470179E-01	7.671453E-02
7.186913E+03	-1.694887E+01	1.470835E-01	7.672135E-02
7.187113E+03	-1.694981E+01	1.472901E-01	7.672476E-02
7.187314E+03	-1.695065E+01	1.474476E-01	7.672818E-02
7.187513E+03	-1.694984E+01	1.472088E-01	7.673156E-02
7.187713E+03	-1.694927E+01	1.469827E-01	7.673496E-02
7.187913E+03	-1.694904E+01	1.486038E-01	7.673837E-02
7.188113E+03	-1.694883E+01	1.484545E-01	7.674177E-02
7.188313E+03	-1.694923E+01	1.477325E-01	7.674517E-02
7.188513E+03	-1.695014E+01	1.487367E-01	7.674857E-02
7.188713E+03	-1.695031E+01	1.485041E-01	7.675197E-02
7.188913E+03	-1.695048E+01	1.488432E-01	7.675538E-02
7.189113E+03	-1.695088E+01	1.491601E-01	7.675878E-02
7.189313E+03	-1.695109E+01	1.495174E-01	7.676218E-02
7.189513E+03	-1.695035E+01	1.492921E-01	7.676558E-02
7.189713E+03	-1.694925E+01	1.485106E-01	7.676898E-02
7.189913E+03	-1.694865E+01	1.484947E-01	7.677238E-02
7.190113E+03	-1.694846E+01	1.485959E-01	7.677578E-02
7.190313E+03	-1.694801E+01	1.487161E-01	7.677918E-02
7.190513E+03	-1.694750E+01	1.484711E-01	7.678259E-02
7.190713E+03	-1.694754E+01	1.482158E-01	7.678599E-02
7.190913E+03	-1.694776E+01	1.481808E-01	7.678939E-02
7.191113E+03	-1.694803E+01	1.480450E-01	7.679279E-02
7.191313E+03	-1.694831E+01	1.487696E-01	7.679619E-02
7.191513E+03	-1.694846E+01	1.495121E-01	7.679959E-02
7.191713E+03	-1.694868E+01	1.496603E-01	7.680299E-02
7.191913E+03	-1.694876E+01	1.494756E-01	7.680639E-02
7.192114E+03	-1.694876E+01	1.483148E-01	7.680981E-02
7.192314E+03	-1.694874E+01	1.478633E-01	7.681321E-02
7.192514E+03	-1.694886E+01	1.477366E-01	7.681661E-02
7.192714E+03	-1.694901E+01	1.478145E-01	7.682001E-02
7.192914E+03	-1.694916E+01	1.475897E-01	7.682341E-02
7.193114E+03	-1.694905E+01	1.470328E-01	7.682681E-02
7.193314E+03	-1.694892E+01	1.470674E-01	7.683021E-02
7.193514E+03	-1.694909E+01	1.470438E-01	7.683360E-02
7.193714E+03	-1.694979E+01	1.475092E-01	7.683700E-02
7.193914E+03	-1.695000E+01	1.486239E-01	7.684040E-02
7.194114E+03	-1.695015E+01	1.487038E-01	7.684380E-02
7.194314E+03	-1.695079E+01	1.486927E-01	7.684720E-02
7.194514E+03	-1.695093E+01	1.491539E-01	7.685060E-02
7.194714E+03	-1.695054E+01	1.491932E-01	7.685400E-02
7.194914E+03	-1.695069E+01	1.492117E-01	7.685740E-02
7.195114E+03	-1.695107E+01	1.496170E-01	7.686080E-02
7.195314E+03	-1.695126E+01	1.502261E-01	7.686420E-02
7.195514E+03	-1.695175E+01	1.514028E-01	7.686759E-02
7.195714E+03	-1.695239E+01	1.526686E-01	7.687099E-02
7.195914E+03	-1.695211E+01	1.534574E-01	7.687439E-02
7.196114E+03	-1.695176E+01	1.534259E-01	7.687779E-02
7.196314E+03	-1.695156E+01	1.531266E-01	7.688119E-02
7.196514E+03	-1.695128E+01	1.530225E-01	7.688459E-02
7.196714E+03	-1.695055E+01	1.524042E-01	7.688798E-02
7.196914E+03	-1.695002E+01	1.508717E-01	7.689138E-02
7.197115E+03	-1.695005E+01	1.511355E-01	7.689480E-02
7.197315E+03	-1.694949E+01	1.495952E-01	7.689819E-02
7.197515E+03	-1.694918E+01	1.497609E-01	7.690159E-02
7.197715E+03	-1.694958E+01	1.498056E-01	7.690499E-02
7.197915E+03	-1.694957E+01	1.489254E-01	7.690839E-02
7.198115E+03	-1.694934E+01	1.486818E-01	7.691178E-02
7.198315E+03	-1.694938E+01	1.493634E-01	7.691518E-02
7.198515E+03	-1.694948E+01	1.500384E-01	7.691858E-02
7.198715E+03	-1.695026E+01	1.502698E-01	7.692197E-02
7.198914E+03	-1.695096E+01	1.504948E-01	7.692535E-02
7.199114E+03	-1.695081E+01	1.505439E-01	7.692875E-02
7.199315E+03	-1.695029E+01	1.503135E-01	7.693217E-02
7.199515E+03	-1.695042E+01	1.503460E-01	7.693556E-02
7.199715E+03	-1.695078E+01	1.504849E-01	7.693896E-02
7.199914E+03	-1.694988E+01	1.502206E-01	7.694234E-02
7.200114E+03	-1.694946E+01	1.505876E-01	7.694573E-02
7.200314E+03	-1.694982E+01	1.515779E-01	7.694913E-02
7.200514E+03	-1.694974E+01	1.510503E-01	7.695253E-02
7.200714E+03	-1.694903E+01	1.503054E-01	7.695592E-02
7.200914E+03	-1.694904E+01	1.499782E-01	7.695932E-02
7.201114E+03	-1.694954E+01	1.501536E-01	7.696271E-02
7.201314E+03	-1.694952E+01	1.502425E-01	7.696611E-02
7.201514E+03	-1.694882E+01	1.500126E-01	7.696951E-02
7.201714E+03	-1.694801E+01	1.497851E-01	7.697290E-02
7.201914E+03	-1.694775E+01	1.496855E-01	7.697630E-02
7.202115E+03	-1.694756E+01	1.495838E-01	7.697971E-02
7.202315E+03	-1.694718E+01	1.497985E-01	7.698310E-02
7.202515E+03	-1.694670E+01	1.490882E-01	7.698650E-02
7.202715E+03	-1.694638E+01	1.489613E-01	7.698990E-02
7.202915E+03	-1.694659E+01	1.491270E-01	7.699329E-02
7.203115E+03	-1.694702E+01	1.487978E-01	7.699669E-02
7.203315E+03	-1.694752E+01	1.480749E-01	7.700008E-02
7.203515E+03	-1.694772E+01	1.472198E-01	7.700347E-02
7.203715E+03	-1.694737E+01	1.471352E-01	7.700687E-02
7.203915E+03	-1.694719E+01	1.468495E-01	7.701026E-02
7.204115E+03	-1.694756E+01	1.471991E-01	7.701366E-02
7.204315E+03	-1.694713E+01	1.477385E-01	7.701705E-02
7.204515E+03	-1.694664E+01	1.462003E-01	7.702045E-02
7.204715E+03	-1.694687E+01	1.464825E-01	7.702384E-02
7.204915E+03	-1.694705E+01	1.466393E-01	7.702724E-02
7.205115E+03	-1.694699E+01	1.463529E-01	7.703063E-02
7.205315E+03	-1.694708E+01	1.461896E-01	7.703402E-02
7.205515E+03	-1.694736E+01	1.462839E-01	7.703742E-02
7.205715E+03	-1.694707E+01	1.463716E-01	7.704081E-02
7.205915E+03	-1.694706E+01	1.463930E-01	7.704420E-02
7.206115E+03	-1.694680E+01	1.474214E-01	7.704760E-02
7.206315E+03	-1.694601E+01	1.468334E-01	7.705099E-02
7.206515E+03	-1.694503E+01	1.457655E-01	7.705438E-02
7.206715E+03	-1.694422E+01	1.446949E-01	7.705778E-02
7.206916E+03	-1.694405E+01	1.447831E-01	7.706119E-02
7.207116E+03	-1.694374E+01	1.446767E-01	7.706458E-02
7.207316E+03	-1.694375E+01	1.446737E-01	7.706797E-02
7.207516E+03	-1.694360E+01	1.444323E-01	7.707137E-02
7.207716E+03	-1.694363E+01	1.446039E-01	7.707476E-02
7.207916E+03	-1.694380E+01	1.438231E-01	7.707815E-02
7.208116E+03	-1.694338E+01	1.438392E-01	7.708155E-02
7.208316E+03	-1.694234E+01	1.440775E-01	7.708494E-02
7.208516E+03	-1.694203E+01	1.439857E-01	7.708833E-02
7.208716E+03	-1.694183E+01	1.437880E-01	7.709172E-02
7.208916E+03	-1.694093E+01	1.434686E-01	7.709511E-02
7.209116E+03	-1.694043E+01	1.432139E-01	7.709851E-02
7.209316E+03	-1.694037E+01	1.433949E-01	7.710190E-02
7.209516E+03	-1.694004E+01	1.431535E-01	7.710529E-02
7.209716E+03	-1.693991E+01	1.431524E-01	7.710868E-02
7.209916E+03	-1.693938E+01	1.432175E-01	7.711207E-02
7.210116E+03	-1.693852E+01	1.430015E-01	7.711547E-02
7.210316E+03	-1.693853E+01	1.431830E-01	7.711886E-02
7.210516E+03	-1.693844E+01	1.433904E-01	7.712225E-02
7.210716E+03	-1.693809E+01	1.433225E-01	7.712564E-02
7.210916E+03	-1.693836E+01	1.435437E-01	7.712903E-02
7.211116E+03	-1.693814E+01	1.438097E-01	7.713242E-02
7.211315E+03	-1.693779E+01	1.442569E-01	7.713580E-02
7.211516E+03	-1.693801E+01	1.453315E-01	7.713920E-02
7.211716E+03	-1.693828E+01	1.453618E-01	7.714260E-02
7.211917E+03	-1.693883E+01	1.453115E-01	7.714600E-02
7.212117E+03	-1.693976E+01	1.459870E-01	7.714939E-02
7.212316E+03	-1.694007E+01	1.460105E-01	7.715277E-02
7.212516E+03	-1.693975E+01	1.439822E-01	7.715616E-02
7.212716E+03	-1.693913E+01	1.438886E-01	7.715955E-02
7.212916E+03	-1.693835E+01	1.432195E-01	7.716294E-02
7.213116E+03	-1.693784E+01	1.433562E-01	7.716633E-02
7.213316E+03	-1.693785E+01	1.426368E-01	7.716972E-02
7.213516E+03	-1.693758E+01	1.417051E-01	7.717311E-02
7.213716E+03	-1.693669E+01	1.413272E-01	7.717650E-02
7.213916E+03	-1.693589E+01	1.411829E-01	7.717989E-02
7.214116E+03	-1.693572E+01	1.413452E-01	7.718328E-02
7.214316E+03	-1.693601E+01	1.413295E-01	7.718667E-02
7.214516E+03	-1.693577E+01	1.413344E-01	7.719006E-02
7.214716E+03	-1.693538E+01	1.413851E-01	7.719345E-02
7.214916E+03	-1.693488E+01	1.413429E-01	7.719684E-02
7.215116E+03	-1.693464E+01	1.410397E-01	7.720023E-02
7.215316E+03	-1.693437E+01	1.396311E-01	7.720362E-02
7.215516E+03	-1.693454E+01	1.393123E-01	7.720700E-02
7.215716E+03	-1.693505E+01	1.389410E-01	7.721039E-02
7.215916E+03	-1.693483E+01	1.384184E-01	7.721378E-02
7.216116E+03	-1.693499E+01	1.386201E-01	7.721717E-02
7.216316E+03	-1.693547E+01	1.386401E-01	7.722056E-02
7.216516E+03	-1.693579E+01	1.386415E-01	7.722395E-02
7.216717E+03	-1.693562E+01	1.387184E-01	7.722735E-02
7.216917E+03	-1.693526E+01	1.387159E-01	7.723074E-02
7.217117E+03	-1.693500E+01	1.383710E-01	7.723413E-02
7.217317E+03	-1.693444E+01	1.382156E-01	7.723752E-02
7.217517E+03	-1.693420E+01	1.382073E-01	7.724091E-02
7.217717E+03	-1.693494E+01	1.380382E-01	7.724430E-02
7.217917E+03	-1.693541E+01	1.377060E-01	7.724768E-02
7.218117E+03	-1.693539E+01	1.377539E-01	7.725107E-02
7.218317E+03	-1.693569E+01	1.374880E-01	7.725446E-02
7.218517E+03	-1.693555E+01	1.371324E-01	7.725785E-02
7.218717E+03	-1.693539E+01	1.379491E-01	7.726123E-02
7.218917E+03	-1.693562E+01	1.383688E-01	7.726462E-02
7.219117E+03	-1.693547E+01	1.383084E-01	7.726801E-02
7.219317E+03	-1.693483E+01	1.379398E-01	7.727140E-02
7.219517E+03	-1.693466E+01	1.373070E-01	7.727478E-02
7.219717E+03	-1.693482E+01	1.374709E-01	7.727817E-02
7.219917E+03	-1.693466E+01	1.374691E-01	7.728156E-02
7.220117E+03	-1.693439E+01	1.375718E-01	7.728495E-02
7.220317E+03	-1.693462E+01	1.376900E-01	7.728833E-02
7.220517E+03	-1.693494E+01	1.385854E-01	7.729172E-02
7.220717E+03	-1.693510E+01	1.403781E-01	7.729511E-02
7.220917E+03	-1.693478E+01	1.388571E-01	7.729849E-02
7.221117E+03	-1.693477E+01	1.401372E-01	7.730188E-02
7.221317E+03	-1.693550E+01	1.402800E-01	7.730527E-02
7.221517E+03	-1.693561E+01	1.415957E-01	7.730865E-02
7.221718E+03	-1.693631E+01	1.424539E-01	7.731205E-02
7.221918E+03	-1.693752E+01	1.415652E-01	7.731544E-02
7.222118E+03	-1.693796E+01	1.429624E-01	7.731883E-02
7.222318E+03	-1.693848E+01	1.450921E-01	7.732221E-02
7.222518E+03	-1.693887E+01	1.462434E-01	7.732560E-02
7.222718E+03	-1.693916E+01	1.465617E-01	7.732898E-02
7.222918E+03	-1.693886E+01	1.481337E-01	7.733237E-02
7.223118E+03	-1.693816E+01	1.478988E-01	7.733576E-02
7.223318E+03	-1.693749E+01	1.483299E-01	7.733914E-02
7.223518E+03	-1.693772E+01	1.487379E-01	7.734253E-02
7.223718E+03	-1.693844E+01	1.490403E-01	7.734591E-02
7.223917E+03	-1.693878E+01	1.501240E-01	7.734928E-02
7.224118E+03	-1.693805E+01	1.499591E-01	7.735268E-02
7.224318E+03	-1.693726E+01	1.489046E-01	7.735607E-02
7.224517E+03	-1.693751E+01	1.496919E-01	7.735943E-02
7.224717E+03	-1.693762E+01	1.491463E-01	7.736282E-02
7.224917E+03	-1.693722E+01	1.490420E-01	7.736620E-02
7.225117E+03	-1.693706E+01	1.490495E-01	7.736959E-02
7.225317E+03	-1.693750E+01	1.478778E-01	7.737297E-02
7.225517E+03	-1.693802E+01	1.479431E-01	7.737636E-02
7.225717E+03	-1.693821E+01	1.474944E-01	7.737974E-02
7.225917E+03	-1.693840E+01	1.470647E-01	7.738313E-02
7.226117E+03	-1.693871E+01	1.478986E-01	7.738651E-02
7.226317E+03	-1.693869E+01	1.466862E-01	7.738989E-02
7.226517E+03	-1.693851E+01	1.467800E-01	7.739328E-02
7.226718E+03	-1.693850E+01	1.471329E-01	7.739668E-02
7.226918E+03	-1.693874E+01	1.480853E-01	7.740006E-02
7.227118E+03	-1.693888E+01	1.491084E-01	7.740345E-02
7.227318E+03	-1.693866E+01	1.485624E-01	7.740683E-02
7.227518E+03	-1.693830E+01	1.487754E-01	7.741021E-02
7.227718E+03	-1.693837E+01	1.480975E-01	7.741360E-02
7.227918E+03	-1.693865E+01	1.479074E-01	7.741698E-02
7.228118E+03	-1.693863E+01	1.482438E-01	7.742036E-02
7.228318E+03	-1.693854E+01	1.492944E-01	7.742375E-02
7.228518E+03	-1.693840E+01	1.495587E-01	7.742713E-02
7.228718E+03	-1.693821E+01	1.494501E-01	7.743051E-02
7.228918E+03	-1.693773E+01	1.490672E-01	7.743390E-02
7.229118E+03	-1.693787E+01	1.491256E-01	7.743728E-02
7.229318E+03	-1.693831E+01	1.479217E-01	7.744066E-02
7.229518E+03	-1.693856E+01	1.478770E-01	7.744404E-02
7.229718E+03	-1.693767E+01	1.488209E-01	7.744743E-02
7.229918E+03	-1.693715E+01	1.469596E-01	7.745081E-02
7.230118E+03	-1.693788E+01	1.469934E-01	7.745419E-02
7.230318E+03	-1.693794E+01	1.476401E-01	7.745757E-02
7.230518E+03	-1.693750E+01	1.475638E-01	7.746095E-02
7.230718E+03	-1.693778E+01	1.475282E-01	7.746434E-02
7.230918E+03	-1.693828E+01	1.479276E-01	7.746772E-02
7.231118E+03	-1.693907E+01	1.484477E-01	7.747110E-02
7.231318E+03	-1.693989E+01	1.487425E-01	7.747448E-02
7.231519E+03	-1.693993E+01	1.487641E-01	7.747788E-02
7.231719E+03	-1.693996E+01	1.485669E-01	7.748126E-02
7.231919E+03	-1.693995E+01	1.479038E-01	7.748464E-02
7.232119E+03	-1.693940E+01	1.473595E-01	7.748802E-02
7.232319E+03	-1.693921E+01	1.472215E-01	7.749141E-02
7.232519E+03	-1.693906E+01	1.469380E-01	7.749479E-02
7.232719E+03	-1.693934E+01	1.470312E-01	7.749817E-02
7.232919E+03	-1.693949E+01	1.470967E-01	7.750155E-02
7.233119E+03	-1.693939E+01	1.473219E-01	7.750493E-02
7.233319E+03	-1.693919E+01	1.461308E-01	7.750831E-02
7.233519E+03	-1.693900E+01	1.459393E-01	7.751169E-02
7.233719E+03	-1.693889E+01	1.459149E-01	7.751507E-02
7.233919E+03	-1.693882E+01	1.459343E-01	7.751845E-02
7.234119E+03	-1.693853E+01	1.463015E-01	7.752183E-02
7.234319E+03	-1.693791E+01	1.467569E-01	7.752521E-02
7.234519E+03	-1.693696E+01	1.469351E-01	7.752859E-02
7.234719E+03	-1.693595E+01	1.465986E-01	7.753197E-02
7.234919E+03	-1.693535E+01	1.470658E-01	7.753535E-02
7.235119E+03	-1.693505E+01	1.467394E-01	7.753873E-02
7.235319E+03	-1.693533E+01	1.472432E-01	7.754211E-02
7.235519E+03	-1.693587E+01	1.475389E-01	7.754549E-02
7.235719E+03	-1.693644E+01	1.458428E-01	7.754887E-02
7.235919E+03	-1.693655E+01	1.461989E-01	7.755225E-02
7.236119E+03	-1.693672E+01	1.469296E-01	7.755563E-02
7.236319E+03	-1.693668E+01	1.463086E-01	7.755901E-02
7.236520E+03	-1.693633E+01	1.475988E-01	7.756241E-02
7.236720E+03	-1.693603E+01	1.472324E-01	7.756579E-02
7.236919E+03	-1.693572E+01	1.478143E-01	7.756915E-02
7.237119E+03	-1.693530E+01	1.475489E-01	7.757253E-02
7.237319E+03	-1.693499E+01	1.475588E-01	7.757591E-02
7.237520E+03	-1.693496E+01	1.475065E-01	7.757930E-02
7.237719E+03	-1.693484E+01	1.474060E-01	7.758266E-02
7.237919E+03	-1.693411E+01	1.468781E-01	7.758604E-02
7.238119E+03	-1.693409E+01	1.465984E-01	7.758942E-02
7.238319E+03	-1.693377E+01	1.465510E-01	7.759280E-02
7.238519E+03	-1.693347E+01	1.465261E-01	7.759618E-02
7.238719E+03	-1.693311E+01	1.464059E-01	7.759956E-02
7.238919E+03	-1.693240E+01	1.466373E-01	7.760293E-02
7.239119E+03	-1.693206E+01	1.461740E-01	7.760631E-02
7.239319E+03	-1.693171E+01	1.462897E-01	7.760969E-02
7.239519E+03	-1.693152E+01	1.463645E-01	7.761307E-02
7.239719E+03	-1.693184E+01	1.464456E-01	7.761645E-02
7.239919E+03	-1.693197E+01	1.464416E-01	7.761982E-02
7.240119E+03	-1.693210E+01	1.465532E-01	7.762320E-02
7.240719E+03	-1.693224E+01	1.467893E-01	7.763333E-02
7.240919E+03	-1.693253E+01	1.468306E-01	7.763671E-02
7.241119E+03	-1.693311E+01	1.471688E-01	7.764009E-02
7.241320E+03	-1.693365E+01	1.491553E-01	7.764348E-02
7.241520E+03	-1.693337E+01	1.493589E-01	7.764686E-02
7.241920E+03	-1.693272E+01	1.496339E-01	7.765361E-02
7.242120E+03	-1.693294E+01	1.502297E-01	7.765699E-02
7.242320E+03	-1.693266E+01	1.491352E-01	7.766037E-02
7.242520E+03	-1.693284E+01	1.495582E-01	7.766374E-02
7.242720E+03	-1.693274E+01	1.494800E-01	7.766712E-02
7.242920E+03	-1.693247E+01	1.496371E-01	7.767049E-02
7.243120E+03	-1.693197E+01	1.498062E-01	7.767387E-02
7.243320E+03	-1.693162E+01	1.498880E-01	7.767725E-02
7.243520E+03	-1.693160E+01	1.516965E-01	7.768062E-02
7.243720E+03	-1.693118E+01	1.510694E-01	7.768400E-02
7.243920E+03	-1.693049E+01	1.499058E-01	7.768737E-02
7.244120E+03	-1.693035E+01	1.487170E-01	7.769075E-02
7.244320E+03	-1.692969E+01	1.487214E-01	7.769413E-02
7.244520E+03	-1.692881E+01	1.483063E-01	7.769750E-02
7.244720E+03	-1.692873E+01	1.489331E-01	7.770088E-02
7.244920E+03	-1.692899E+01	1.490532E-01	7.770425E-02
7.245120E+03	-1.692871E+01	1.494530E-01	7.770763E-02
7.245320E+03	-1.692815E+01	1.497772E-01	7.771100E-02
7.245520E+03	-1.692748E+01	1.495879E-01	7.771438E-02
7.245720E+03	-1.692698E+01	1.495984E-01	7.771775E-02
7.245920E+03	-1.692674E+01	1.491921E-01	7.772113E-02
7.246120E+03	-1.692677E+01	1.493358E-01	7.772450E-02
7.246321E+03	-1.692663E+01	1.494090E-01	7.772789E-02
7.246521E+03	-1.692623E+01	1.494850E-01	7.773127E-02
7.246721E+03	-1.692530E+01	1.486659E-01	7.773464E-02
7.246921E+03	-1.692503E+01	1.486227E-01	7.773802E-02
7.247121E+03	-1.692541E+01	1.487632E-01	7.774139E-02
7.247321E+03	-1.692523E+01	1.487237E-01	7.774477E-02
7.247521E+03	-1.692479E+01	1.487124E-01	7.774814E-02
7.247721E+03	-1.692431E+01	1.486819E-01	7.775151E-02
7.247921E+03	-1.692424E+01	1.490216E-01	7.775489E-02
7.248121E+03	-1.692415E+01	1.496707E-01	7.775826E-02
7.248321E+03	-1.692387E+01	1.495194E-01	7.776164E-02
7.248521E+03	-1.692361E+01	1.492450E-01	7.776501E-02
7.248721E+03	-1.692325E+01	1.482676E-01	7.776838E-02
7.248921E+03	-1.692315E+01	1.480942E-01	7.777176E-02
7.249120E+03	-1.692300E+01	1.477929E-01	7.777511E-02
7.249320E+03	-1.692303E+01	1.477801E-01	7.777849E-02
7.249520E+03	-1.692287E+01	1.477834E-01	7.778186E-02
7.249721E+03	-1.692285E+01	1.477427E-01	7.778525E-02
7.249921E+03	-1.692304E+01	1.478890E-01	7.778862E-02
7.250120E+03	-1.692311E+01	1.478547E-01	7.779198E-02
7.250320E+03	-1.692333E+01	1.481263E-01	7.779535E-02
7.250520E+03	-1.692344E+01	1.486556E-01	7.779872E-02
7.250720E+03	-1.692306E+01	1.480633E-01	7.780210E-02
7.250920E+03	-1.692297E+01	1.482584E-01	7.780547E-02
7.251120E+03	-1.692309E+01	1.486366E-01	7.780884E-02
7.251321E+03	-1.692287E+01	1.496699E-01	7.781223E-02
7.251521E+03	-1.692268E+01	1.516259E-01	7.781560E-02
7.251721E+03	-1.692266E+01	1.532894E-01	7.781898E-02
7.251921E+03	-1.692239E+01	1.533637E-01	7.782235E-02
7.252121E+03	-1.692178E+01	1.551988E-01	7.782572E-02
7.252321E+03	-1.692117E+01	1.563209E-01	7.782909E-02
7.252521E+03	-1.692117E+01	1.564985E-01	7.783246E-02
7.252721E+03	-1.692108E+01	1.580052E-01	7.783584E-02
7.252921E+03	-1.692060E+01	1.580224E-01	7.783921E-02
7.253121E+03	-1.692038E+01	1.576669E-01	7.784258E-02
7.253321E+03	-1.691999E+01	1.580962E-01	7.784595E-02
7.253521E+03	-1.691968E+01	1.585173E-01	7.784932E-02
7.253721E+03	-1.691916E+01	1.585138E-01	7.785269E-02
7.253921E+03	-1.691920E+01	1.585986E-01	7.785606E-02
7.254121E+03	-1.691907E+01	1.584608E-01	7.785943E-02
7.254321E+03	-1.691876E+01	1.583249E-01	7.786281E-02
7.254521E+03	-1.691902E+01	1.575870E-01	7.786618E-02
7.254721E+03	-1.691971E+01	1.575613E-01	7.786955E-02
7.254921E+03	-1.691962E+01	1.574738E-01	7.787292E-02
7.255121E+03	-1.691927E+01	1.571502E-01	7.787629E-02
7.255321E+03	-1.691896E+01	1.568729E-01	7.787966E-02
7.255721E+03	-1.691874E+01	1.568338E-01	7.788640E-02
7.255921E+03	-1.691831E+01	1.566784E-01	7.788977E-02
7.256122E+03	-1.691787E+01	1.564931E-01	7.789316E-02
7.256322E+03	-1.691752E+01	1.563177E-01	7.789653E-02
7.256522E+03	-1.691769E+01	1.565730E-01	7.789990E-02
7.256722E+03	-1.691812E+01	1.568271E-01	7.790327E-02
7.256922E+03	-1.691807E+01	1.565104E-01	7.790664E-02
7.257122E+03	-1.691777E+01	1.563804E-01	7.791001E-02
7.257322E+03	-1.691794E+01	1.567048E-01	7.791338E-02
7.257522E+03	-1.691824E+01	1.566973E-01	7.791675E-02
7.257722E+03	-1.691823E+01	1.579241E-01	7.792012E-02
7.257922E+03	-1.691814E+01	1.598295E-01	7.792348E-02
7.258122E+03	-1.691814E+01	1.595454E-01	7.792685E-02
7.258322E+03	-1.691861E+01	1.596118E-01	7.793022E-02
7.258522E+03	-1.691895E+01	1.595403E-01	7.793359E-02
7.258722E+03	-1.691929E+01	1.598613E-01	7.793696E-02
7.258922E+03	-1.691950E+01	1.597724E-01	7.794033E-02
7.259122E+03	-1.691946E+01	1.596572E-01	7.794370E-02
7.259322E+03	-1.691958E+01	1.599337E-01	7.794707E-02
7.259522E+03	-1.691954E+01	1.606561E-01	7.795044E-02
7.259722E+03	-1.691953E+01	1.617788E-01	7.795380E-02
7.259922E+03	-1.691927E+01	1.625368E-01	7.795717E-02
7.260122E+03	-1.691897E+01	1.626524E-01	7.796054E-02
7.260322E+03	-1.691896E+01	1.635968E-01	7.796391E-02
7.260522E+03	-1.691896E+01	1.637606E-01	7.796728E-02
7.260722E+03	-1.691917E+01	1.635356E-01	7.797065E-02
7.260922E+03	-1.691956E+01	1.635740E-01	7.797401E-02
7.261123E+03	-1.691873E+01	1.634639E-01	7.797740E-02
7.261323E+03	-1.691830E+01	1.640166E-01	7.798077E-02
7.261523E+03	-1.691873E+01	1.641750E-01	7.798413E-02
7.261722E+03	-1.691855E+01	1.638040E-01	7.798748E-02
7.261922E+03	-1.691846E+01	1.639352E-01	7.799085E-02
7.262123E+03	-1.691867E+01	1.639777E-01	7.799424E-02
7.262323E+03	-1.691867E+01	1.646027E-01	7.799760E-02
7.262523E+03	-1.691798E+01	1.654304E-01	7.800097E-02
7.262722E+03	-1.691746E+01	1.650491E-01	7.800432E-02
7.262922E+03	-1.691737E+01	1.650207E-01	7.800769E-02
7.263122E+03	-1.691750E+01	1.655769E-01	7.801105E-02
7.263322E+03	-1.691754E+01	1.666293E-01	7.801442E-02
7.263522E+03	-1.691719E+01	1.665103E-01	7.801779E-02
7.263722E+03	-1.691671E+01	1.663508E-01	7.802115E-02
7.263922E+03	-1.691645E+01	1.662394E-01	7.802452E-02
7.264122E+03	-1.691658E+01	1.662115E-01	7.802789E-02
7.264322E+03	-1.691632E+01	1.660616E-01	7.803125E-02
7.264522E+03	-1.691623E+01	1.668131E-01	7.803462E-02
7.264722E+03	-1.691631E+01	1.669875E-01	7.803799E-02
7.264922E+03	-1.691674E+01	1.671096E-01	7.804135E-02
7.265122E+03	-1.691686E+01	1.670819E-01	7.804472E-02
7.265322E+03	-1.691677E+01	1.670360E-01	7.804808E-02
7.265522E+03	-1.691668E+01	1.669301E-01	7.805145E-02
7.265722E+03	-1.691676E+01	1.669931E-01	7.805482E-02
7.265922E+03	-1.691732E+01	1.671477E-01	7.805818E-02
7.266123E+03	-1.691736E+01	1.671170E-01	7.806156E-02
7.266323E+03	-1.691731E+01	1.671606E-01	7.806493E-02
7.266523E+03	-1.691701E+01	1.676976E-01	7.806829E-02
7.266723E+03	-1.691692E+01	1.680208E-01	7.807166E-02
7.266923E+03	-1.691683E+01	1.679232E-01	7.807502E-02
7.267123E+03	-1.691648E+01	1.678549E-01	7.807839E-02
7.267323E+03	-1.691648E+01	1.667397E-01	7.808175E-02
7.267523E+03	-1.691661E+01	1.664288E-01	7.808512E-02
7.267723E+03	-1.691712E+01	1.666220E-01	7.808848E-02
7.267923E+03	-1.691750E+01	1.668607E-01	7.809185E-02
7.268123E+03	-1.691788E+01	1.670870E-01	7.809521E-02
7.268323E+03	-1.691844E+01	1.675911E-01	7.809858E-02
7.268523E+03	-1.691904E+01	1.678803E-01	7.810194E-02
7.268723E+03	-1.691943E+01	1.682249E-01	7.810531E-02
7.268923E+03	-1.691960E+01	1.682573E-01	7.810867E-02
7.269123E+03	-1.692015E+01	1.681420E-01	7.811203E-02
7.269323E+03	-1.692045E+01	1.668915E-01	7.811540E-02
7.269523E+03	-1.692097E+01	1.673947E-01	7.811876E-02
7.269723E+03	-1.692175E+01	1.667191E-01	7.812213E-02
7.269923E+03	-1.692194E+01	1.669608E-01	7.812549E-02
7.270123E+03	-1.692152E+01	1.663407E-01	7.812885E-02
7.270323E+03	-1.692152E+01	1.659328E-01	7.813222E-02
7.270523E+03	-1.692178E+01	1.658065E-01	7.813558E-02
7.270723E+03	-1.692266E+01	1.638987E-01	7.813894E-02
7.270924E+03	-1.692291E+01	1.625432E-01	7.814232E-02
7.271124E+03	-1.692345E+01	1.620813E-01	7.814569E-02
7.271324E+03	-1.692401E+01	1.626526E-01	7.814905E-02
7.271524E+03	-1.692403E+01	1.623858E-01	7.815241E-02
7.271724E+03	-1.692441E+01	1.631247E-01	7.815578E-02
7.271924E+03	-1.692483E+01	1.625745E-01	7.815914E-02
7.272124E+03	-1.692472E+01	1.620380E-01	7.816250E-02
7.272324E+03	-1.692464E+01	1.620523E-01	7.816586E-02
7.272524E+03	-1.692458E+01	1.616176E-01	7.816923E-02
7.272724E+03	-1.692476E+01	1.616946E-01	7.817259E-02
7.272924E+03	-1.692504E+01	1.621970E-01	7.817595E-02
7.273124E+03	-1.692523E+01	1.615818E-01	7.817931E-02
7.273324E+03	-1.692487E+01	1.614210E-01	7.818268E-02
7.273524E+03	-1.692425E+01	1.612183E-01	7.818604E-02
7.273724E+03	-1.692358E+01	1.611173E-01	7.818940E-02
7.273924E+03	-1.692359E+01	1.608926E-01	7.819276E-02
7.274123E+03	-1.692389E+01	1.610434E-01	7.819611E-02
7.274324E+03	-1.692399E+01	1.611608E-01	7.819949E-02
7.274524E+03	-1.692366E+01	1.612575E-01	7.820285E-02
7.274724E+03	-1.692378E+01	1.607488E-01	7.820621E-02
7.274923E+03	-1.692386E+01	1.605700E-01	7.820955E-02
7.275123E+03	-1.692426E+01	1.607726E-01	7.821291E-02
7.275323E+03	-1.692478E+01	1.606767E-01	7.821628E-02
7.275523E+03	-1.692505E+01	1.597022E-01	7.821964E-02
7.275723E+03	-1.692538E+01	1.591124E-01	7.822300E-02
7.275924E+03	-1.692501E+01	1.586584E-01	7.822638E-02
7.276124E+03	-1.692416E+01	1.584739E-01	7.822974E-02
7.276324E+03	-1.692403E+01	1.583158E-01	7.823310E-02
7.277124E+03	-1.692483E+01	1.587714E-01	7.824654E-02
7.277324E+03	-1.692491E+01	1.586383E-01	7.824990E-02
7.277524E+03	-1.692454E+01	1.585245E-01	7.825326E-02
7.278124E+03	-1.692421E+01	1.581024E-01	7.826334E-02
7.278324E+03	-1.692450E+01	1.583564E-01	7.826670E-02
7.278524E+03	-1.692475E+01	1.584894E-01	7.827006E-02
7.278724E+03	-1.692436E+01	1.583288E-01	7.827342E-02
7.278924E+03	-1.692380E+01	1.574516E-01	7.827678E-02
7.279124E+03	-1.692350E+01	1.574182E-01	7.828014E-02
7.279324E+03	-1.692325E+01	1.561720E-01	7.828350E-02
7.279524E+03	-1.692311E+01	1.561655E-01	7.828686E-02
7.279724E+03	-1.692365E+01	1.551778E-01	7.829022E-02
7.279924E+03	-1.692411E+01	1.541772E-01	7.829358E-02
7.280124E+03	-1.692386E+01	1.543495E-01	7.829694E-02
7.280324E+03	-1.692344E+01	1.546716E-01	7.830029E-02
7.280524E+03	-1.692286E+01	1.542448E-01	7.830365E-02
7.280725E+03	-1.692274E+01	1.538924E-01	7.830703E-02
7.280925E+03	-1.692290E+01	1.538917E-01	7.831039E-02
7.281125E+03	-1.692280E+01	1.539041E-01	7.831375E-02
7.281325E+03	-1.692270E+01	1.537946E-01	7.831710E-02
7.281525E+03	-1.692237E+01	1.540749E-01	7.832046E-02
7.281725E+03	-1.692229E+01	1.546591E-01	7.832382E-02
7.281925E+03	-1.692256E+01	1.547275E-01	7.832718E-02
7.282125E+03	-1.692266E+01	1.559661E-01	7.833054E-02
7.282325E+03	-1.692252E+01	1.559264E-01	7.833390E-02
7.282525E+03	-1.692272E+01	1.559476E-01	7.833725E-02
7.282725E+03	-1.692303E+01	1.576983E-01	7.834061E-02
7.282925E+03	-1.692303E+01	1.575403E-01	7.834397E-02
7.283125E+03	-1.692291E+01	1.574945E-01	7.834733E-02
7.283325E+03	-1.692334E+01	1.579142E-01	7.835068E-02
7.283525E+03	-1.692373E+01	1.579959E-01	7.835404E-02
7.283725E+03	-1.692389E+01	1.574625E-01	7.835740E-02
7.283925E+03	-1.692413E+01	1.573388E-01	7.836076E-02
7.284125E+03	-1.692456E+01	1.570480E-01	7.836411E-02
7.284325E+03	-1.692457E+01	1.570369E-01	7.836747E-02
7.284525E+03	-1.692457E+01	1.563401E-01	7.837083E-02
7.284725E+03	-1.692482E+01	1.569142E-01	7.837418E-02
7.285125E+03	-1.692460E+01	1.564886E-01	7.838090E-02
7.285325E+03	-1.692403E+01	1.569172E-01	7.838425E-02
7.285525E+03	-1.692368E+01	1.569859E-01	7.838761E-02
7.285726E+03	-1.692330E+01	1.567081E-01	7.839098E-02
7.285926E+03	-1.692314E+01	1.560310E-01	7.839434E-02
7.286126E+03	-1.692311E+01	1.570196E-01	7.839770E-02
7.286326E+03	-1.692361E+01	1.568389E-01	7.840105E-02
7.286526E+03	-1.692444E+01	1.571404E-01	7.840441E-02
7.286725E+03	-1.692451E+01	1.563950E-01	7.840775E-02
7.286926E+03	-1.692439E+01	1.561967E-01	7.841112E-02
7.287126E+03	-1.692460E+01	1.561191E-01	7.841448E-02
7.287325E+03	-1.692538E+01	1.567209E-01	7.841782E-02
7.287525E+03	-1.692633E+01	1.569489E-01	7.842117E-02
7.287725E+03	-1.692663E+01	1.586171E-01	7.842453E-02
7.287925E+03	-1.692663E+01	1.595194E-01	7.842788E-02
7.288125E+03	-1.692671E+01	1.595705E-01	7.843124E-02
7.288325E+03	-1.692681E+01	1.595593E-01	7.843459E-02
7.288525E+03	-1.692696E+01	1.597274E-01	7.843795E-02
7.288725E+03	-1.692649E+01	1.593101E-01	7.844130E-02
7.288925E+03	-1.692596E+01	1.589722E-01	7.844466E-02
7.289125E+03	-1.692620E+01	1.582441E-01	7.844801E-02
7.289325E+03	-1.692677E+01	1.583484E-01	7.845137E-02
7.289525E+03	-1.692713E+01	1.585328E-01	7.845472E-02
7.289725E+03	-1.692777E+01	1.589113E-01	7.845808E-02
7.289925E+03	-1.692866E+01	1.591923E-01	7.846143E-02
7.290125E+03	-1.692923E+01	1.592350E-01	7.846479E-02
7.290325E+03	-1.692938E+01	1.592796E-01	7.846814E-02
7.290525E+03	-1.692946E+01	1.592043E-01	7.847149E-02
7.290726E+03	-1.692973E+01	1.576601E-01	7.847487E-02
7.290926E+03	-1.693013E+01	1.575789E-01	7.847822E-02
7.291126E+03	-1.692995E+01	1.571576E-01	7.848157E-02
7.291326E+03	-1.692950E+01	1.565077E-01	7.848493E-02
7.291526E+03	-1.692939E+01	1.565093E-01	7.848828E-02
7.291726E+03	-1.692979E+01	1.563064E-01	7.849163E-02
7.291926E+03	-1.693035E+01	1.567366E-01	7.849499E-02
7.292126E+03	-1.693046E+01	1.561676E-01	7.849834E-02
7.292326E+03	-1.693045E+01	1.561644E-01	7.850170E-02
7.292526E+03	-1.693012E+01	1.558637E-01	7.850505E-02
7.292726E+03	-1.692991E+01	1.543217E-01	7.850840E-02
7.292926E+03	-1.692993E+01	1.543445E-01	7.851176E-02
7.293126E+03	-1.692929E+01	1.541182E-01	7.851511E-02
7.293326E+03	-1.692952E+01	1.542633E-01	7.851846E-02
7.293526E+03	-1.693075E+01	1.537935E-01	7.852181E-02
7.293726E+03	-1.693106E+01	1.542838E-01	7.852517E-02
7.293926E+03	-1.693101E+01	1.540299E-01	7.852852E-02
7.294126E+03	-1.693126E+01	1.541996E-01	7.853187E-02
7.294326E+03	-1.693137E+01	1.538452E-01	7.853522E-02
7.294526E+03	-1.693134E+01	1.533366E-01	7.853858E-02
7.294726E+03	-1.693124E+01	1.531349E-01	7.854193E-02
7.294926E+03	-1.693204E+01	1.541888E-01	7.854528E-02
7.295126E+03	-1.693245E+01	1.549222E-01	7.854863E-02
7.295326E+03	-1.693219E+01	1.547039E-01	7.855199E-02
7.295527E+03	-1.693211E+01	1.545272E-01	7.855535E-02
7.295727E+03	-1.693210E+01	1.547243E-01	7.855871E-02
7.295927E+03	-1.693160E+01	1.562363E-01	7.856206E-02
7.296127E+03	-1.693139E+01	1.559806E-01	7.856541E-02
7.296327E+03	-1.693155E+01	1.560457E-01	7.856876E-02
7.296527E+03	-1.693180E+01	1.564316E-01	7.857211E-02
7.296927E+03	-1.693207E+01	1.564703E-01	7.857882E-02
7.297127E+03	-1.693242E+01	1.566432E-01	7.858217E-02
7.297327E+03	-1.693257E+01	1.563888E-01	7.858552E-02
7.297527E+03	-1.693282E+01	1.576083E-01	7.858887E-02
7.297727E+03	-1.693348E+01	1.580686E-01	7.859222E-02
7.297927E+03	-1.693396E+01	1.586645E-01	7.859557E-02
7.298127E+03	-1.693445E+01	1.598680E-01	7.859892E-02
7.298327E+03	-1.693469E+01	1.600315E-01	7.860227E-02
7.298527E+03	-1.693436E+01	1.607809E-01	7.860562E-02
7.298727E+03	-1.693448E+01	1.608463E-01	7.860897E-02
7.298927E+03	-1.693494E+01	1.609623E-01	7.861232E-02
7.299127E+03	-1.693463E+01	1.609659E-01	7.861567E-02
7.299327E+03	-1.693444E+01	1.608425E-01	7.861902E-02
7.299526E+03	-1.693514E+01	1.616484E-01	7.862236E-02
7.299726E+03	-1.693523E+01	1.619794E-01	7.862571E-02
7.299926E+03	-1.693498E+01	1.615754E-01	7.862906E-02
7.300127E+03	-1.693534E+01	1.621647E-01	7.863242E-02
7.300327E+03	-1.693558E+01	1.624319E-01	7.863577E-02
7.300527E+03	-1.693515E+01	1.624670E-01	7.863912E-02
7.300727E+03	-1.693514E+01	1.614802E-01	7.864247E-02
7.300927E+03	-1.693520E+01	1.594860E-01	7.864582E-02
7.301127E+03	-1.693578E+01	1.581783E-01	7.864917E-02
7.301327E+03	-1.693614E+01	1.583035E-01	7.865252E-02
7.301527E+03	-1.693591E+01	1.559970E-01	7.865587E-02
7.301727E+03	-1.693607E+01	1.547432E-01	7.865922E-02
7.301927E+03	-1.693684E+01	1.547310E-01	7.866257E-02
7.302127E+03	-1.693745E+01	1.529092E-01	7.866592E-02
7.302327E+03	-1.693774E+01	1.528275E-01	7.866927E-02
7.302527E+03	-1.693822E+01	1.533333E-01	7.867261E-02
7.302727E+03	-1.693840E+01	1.525027E-01	7.867596E-02
7.302927E+03	-1.693901E+01	1.521833E-01	7.867931E-02
7.303127E+03	-1.693963E+01	1.521261E-01	7.868266E-02
7.303327E+03	-1.694008E+01	1.525903E-01	7.868601E-02
7.303527E+03	-1.693968E+01	1.536055E-01	7.868936E-02
7.303727E+03	-1.694025E+01	1.559655E-01	7.869270E-02
7.303927E+03	-1.694099E+01	1.562331E-01	7.869605E-02
7.304127E+03	-1.694032E+01	1.567418E-01	7.869940E-02
7.304327E+03	-1.693940E+01	1.582546E-01	7.870275E-02
7.304527E+03	-1.693855E+01	1.580325E-01	7.870610E-02
7.304727E+03	-1.693829E+01	1.585682E-01	7.870944E-02
7.304927E+03	-1.693802E+01	1.585100E-01	7.871279E-02
7.305127E+03	-1.693772E+01	1.584390E-01	7.871614E-02
7.305328E+03	-1.693745E+01	1.589100E-01	7.871950E-02
7.305528E+03	-1.693738E+01	1.602492E-01	7.872285E-02
7.305728E+03	-1.693746E+01	1.601698E-01	7.872620E-02
7.305928E+03	-1.693701E+01	1.596046E-01	7.872955E-02
7.306128E+03	-1.693641E+01	1.592274E-01	7.873289E-02
7.306328E+03	-1.693603E+01	1.590817E-01	7.873624E-02
7.306528E+03	-1.693590E+01	1.587089E-01	7.873959E-02
7.306728E+03	-1.693573E+01	1.585584E-01	7.874293E-02
7.306928E+03	-1.693588E+01	1.578162E-01	7.874628E-02
7.307128E+03	-1.693610E+01	1.563070E-01	7.874963E-02
7.307328E+03	-1.693625E+01	1.563379E-01	7.875297E-02
7.307528E+03	-1.693566E+01	1.562131E-01	7.875632E-02
7.307728E+03	-1.693546E+01	1.563575E-01	7.875967E-02
7.307928E+03	-1.693574E+01	1.568096E-01	7.876301E-02
7.308128E+03	-1.693598E+01	1.572358E-01	7.876636E-02
7.308328E+03	-1.693580E+01	1.570781E-01	7.876970E-02
7.308528E+03	-1.693657E+01	1.574434E-01	7.877305E-02
7.308728E+03	-1.693681E+01	1.569284E-01	7.877640E-02
7.308928E+03	-1.693643E+01	1.552896E-01	7.877974E-02
7.309128E+03	-1.693629E+01	1.541487E-01	7.878309E-02
7.309328E+03	-1.693620E+01	1.534980E-01	7.878643E-02
7.309528E+03	-1.693564E+01	1.523867E-01	7.878978E-02
7.309728E+03	-1.693542E+01	1.529483E-01	7.879312E-02
7.309928E+03	-1.693625E+01	1.533912E-01	7.879647E-02
7.310128E+03	-1.693646E+01	1.531706E-01	7.879981E-02
7.310329E+03	-1.693639E+01	1.530733E-01	7.880318E-02
7.310529E+03	-1.693678E+01	1.523261E-01	7.880652E-02
7.310729E+03	-1.693676E+01	1.522673E-01	7.880987E-02
7.310929E+03	-1.693656E+01	1.522040E-01	7.881321E-02
7.311129E+03	-1.693651E+01	1.520186E-01	7.881656E-02
7.311329E+03	-1.693637E+01	1.521214E-01	7.881990E-02
7.311529E+03	-1.693670E+01	1.514398E-01	7.882325E-02
7.311729E+03	-1.693683E+01	1.502802E-01	7.882659E-02
7.311928E+03	-1.693671E+01	1.504063E-01	7.882992E-02
7.312128E+03	-1.693641E+01	1.506964E-01	7.883326E-02
7.312328E+03	-1.693602E+01	1.504679E-01	7.883661E-02
7.312529E+03	-1.693605E+01	1.489372E-01	7.883993E-02
7.312729E+03	-1.693634E+01	1.488290E-01	7.884312E-02
7.312928E+03	-1.693632E+01	1.489668E-01	7.884630E-02
7.313128E+03	-1.693615E+01	1.489697E-01	7.884949E-02
7.313328E+03	-1.693552E+01	1.487317E-01	7.885268E-02
7.313528E+03	-1.693531E+01	1.486715E-01	7.885587E-02
7.313728E+03	-1.693551E+01	1.477934E-01	7.885906E-02
7.313928E+03	-1.693566E+01	1.476927E-01	7.886224E-02
7.314128E+03	-1.693543E+01	1.477017E-01	7.886543E-02
7.314328E+03	-1.693511E+01	1.476831E-01	7.886862E-02
7.314528E+03	-1.693498E+01	1.479005E-01	7.887181E-02
7.314728E+03	-1.693514E+01	1.483232E-01	7.887500E-02
7.314928E+03	-1.693496E+01	1.491020E-01	7.887819E-02
7.315128E+03	-1.693459E+01	1.496657E-01	7.888138E-02
7.315329E+03	-1.693441E+01	1.495861E-01	7.888458E-02
7.315529E+03	-1.693453E+01	1.495426E-01	7.888777E-02
7.315729E+03	-1.693461E+01	1.505098E-01	7.889096E-02
7.315929E+03	-1.693510E+01	1.509080E-01	7.889415E-02
7.316129E+03	-1.693546E+01	1.519036E-01	7.889734E-02
7.316329E+03	-1.693533E+01	1.528530E-01	7.890053E-02
7.317129E+03	-1.693494E+01	1.525575E-01	7.891328E-02
7.317329E+03	-1.693458E+01	1.526751E-01	7.891647E-02
7.317929E+03	-1.693449E+01	1.527751E-01	7.892603E-02
7.318129E+03	-1.693499E+01	1.530894E-01	7.892922E-02
7.318329E+03	-1.693542E+01	1.539490E-01	7.893241E-02
7.318529E+03	-1.693614E+01	1.538295E-01	7.893559E-02
7.318729E+03	-1.693681E+01	1.539726E-01	7.893878E-02
7.318929E+03	-1.693741E+01	1.547144E-01	7.894197E-02
7.319129E+03	-1.693793E+01	1.565896E-01	7.894515E-02
7.319329E+03	-1.693817E+01	1.568509E-01	7.894834E-02
7.319529E+03	-1.693837E+01	1.570041E-01	7.895153E-02
7.319729E+03	-1.693852E+01	1.567189E-01	7.895472E-02
7.319929E+03	-1.693854E+01	1.564093E-01	7.895790E-02
7.320130E+03	-1.693900E+01	1.563357E-01	7.896110E-02
7.320330E+03	-1.693921E+01	1.556997E-01	7.896429E-02
7.320530E+03	-1.693895E+01	1.553719E-01	7.896748E-02
7.320730E+03	-1.693886E+01	1.552144E-01	7.897066E-02
7.320930E+03	-1.693897E+01	1.552112E-01	7.897385E-02
7.321130E+03	-1.693885E+01	1.553999E-01	7.897704E-02
7.321330E+03	-1.693830E+01	1.559212E-01	7.898022E-02
7.321530E+03	-1.693808E+01	1.552833E-01	7.898341E-02
7.321730E+03	-1.693837E+01	1.540972E-01	7.898659E-02
7.321930E+03	-1.693848E+01	1.534817E-01	7.898978E-02
7.322130E+03	-1.693859E+01	1.534765E-01	7.899297E-02
7.322330E+03	-1.693857E+01	1.534866E-01	7.899615E-02
7.322530E+03	-1.693874E+01	1.539034E-01	7.899934E-02
7.322730E+03	-1.693905E+01	1.536293E-01	7.900252E-02
7.322930E+03	-1.693881E+01	1.532429E-01	7.900571E-02
7.323130E+03	-1.693817E+01	1.525798E-01	7.900889E-02
7.323330E+03	-1.693782E+01	1.529166E-01	7.901208E-02
7.323530E+03	-1.693773E+01	1.528564E-01	7.901526E-02
7.323730E+03	-1.693817E+01	1.529896E-01	7.901845E-02
7.323930E+03	-1.693850E+01	1.529612E-01	7.902163E-02
7.324130E+03	-1.693843E+01	1.532509E-01	7.902482E-02
7.324330E+03	-1.693874E+01	1.533504E-01	7.902800E-02
7.324529E+03	-1.693884E+01	1.539754E-01	7.903117E-02
7.324730E+03	-1.693868E+01	1.537248E-01	7.903437E-02
7.324930E+03	-1.693867E+01	1.538741E-01	7.903756E-02
7.325131E+03	-1.693897E+01	1.544478E-01	7.904076E-02
7.325331E+03	-1.693952E+01	1.545674E-01	7.904394E-02
7.325530E+03	-1.693892E+01	1.544437E-01	7.904711E-02
7.325730E+03	-1.693825E+01	1.542181E-01	7.905030E-02
7.325930E+03	-1.693789E+01	1.539769E-01	7.905348E-02
7.326130E+03	-1.693772E+01	1.539944E-01	7.905666E-02
7.326330E+03	-1.693767E+01	1.534532E-01	7.905985E-02
7.326530E+03	-1.693746E+01	1.533529E-01	7.906303E-02
7.326730E+03	-1.693718E+01	1.531025E-01	7.906622E-02
7.326930E+03	-1.693717E+01	1.531250E-01	7.906940E-02
7.327130E+03	-1.693689E+01	1.519136E-01	7.907258E-02
7.327330E+03	-1.693655E+01	1.517804E-01	7.907577E-02
7.327530E+03	-1.693644E+01	1.514128E-01	7.907895E-02
7.327730E+03	-1.693674E+01	1.515254E-01	7.908213E-02
7.327930E+03	-1.693703E+01	1.516562E-01	7.908532E-02
7.328130E+03	-1.693736E+01	1.517442E-01	7.908850E-02
7.328330E+03	-1.693754E+01	1.520209E-01	7.909168E-02
7.328530E+03	-1.693759E+01	1.518503E-01	7.909487E-02
7.328730E+03	-1.693699E+01	1.516633E-01	7.909805E-02
7.328930E+03	-1.693690E+01	1.512654E-01	7.910123E-02
7.329130E+03	-1.693768E+01	1.515555E-01	7.910442E-02
7.329730E+03	-1.693778E+01	1.512924E-01	7.911396E-02
7.329931E+03	-1.693756E+01	1.506257E-01	7.911716E-02
7.330131E+03	-1.693742E+01	1.505321E-01	7.912034E-02
7.330331E+03	-1.693722E+01	1.507445E-01	7.912353E-02
7.330531E+03	-1.693731E+01	1.510268E-01	7.912671E-02
7.330731E+03	-1.693775E+01	1.512184E-01	7.912989E-02
7.330931E+03	-1.693814E+01	1.513914E-01	7.913307E-02
7.331131E+03	-1.693803E+01	1.507543E-01	7.913625E-02
7.331331E+03	-1.693813E+01	1.501877E-01	7.913944E-02
7.331531E+03	-1.693835E+01	1.503428E-01	7.914262E-02
7.331731E+03	-1.693866E+01	1.492141E-01	7.914580E-02
7.331931E+03	-1.693900E+01	1.493429E-01	7.914898E-02
7.332131E+03	-1.693912E+01	1.494167E-01	7.915216E-02
7.332331E+03	-1.693939E+01	1.473816E-01	7.915534E-02
7.332531E+03	-1.693975E+01	1.473414E-01	7.915852E-02
7.332731E+03	-1.693960E+01	1.475702E-01	7.916171E-02
7.332931E+03	-1.693944E+01	1.472112E-01	7.916489E-02
7.333131E+03	-1.693943E+01	1.474635E-01	7.916807E-02
7.333331E+03	-1.693969E+01	1.477448E-01	7.917125E-02
7.333531E+03	-1.693999E+01	1.466152E-01	7.917443E-02
7.333731E+03	-1.693993E+01	1.467511E-01	7.917761E-02
7.333931E+03	-1.694009E+01	1.468517E-01	7.918079E-02
7.334131E+03	-1.694002E+01	1.468559E-01	7.918397E-02
7.334331E+03	-1.694000E+01	1.463323E-01	7.918715E-02
7.334531E+03	-1.694018E+01	1.463436E-01	7.919033E-02
7.334731E+03	-1.693950E+01	1.452197E-01	7.919351E-02
7.334932E+03	-1.693889E+01	1.447603E-01	7.919671E-02
7.335132E+03	-1.693924E+01	1.447135E-01	7.919989E-02
7.335332E+03	-1.693928E+01	1.447346E-01	7.920307E-02
7.335532E+03	-1.693914E+01	1.433725E-01	7.920625E-02
7.335732E+03	-1.693876E+01	1.424247E-01	7.920943E-02
7.335932E+03	-1.693891E+01	1.430170E-01	7.921261E-02
7.336132E+03	-1.693909E+01	1.433047E-01	7.921579E-02
7.336332E+03	-1.693879E+01	1.433238E-01	7.921897E-02
7.336532E+03	-1.693808E+01	1.431273E-01	7.922215E-02
7.336732E+03	-1.693786E+01	1.426342E-01	7.922533E-02
7.336931E+03	-1.693812E+01	1.427535E-01	7.922849E-02
7.337132E+03	-1.693794E+01	1.409094E-01	7.923169E-02
7.337332E+03	-1.693791E+01	1.402455E-01	7.923487E-02
7.337532E+03	-1.693783E+01	1.409811E-01	7.923805E-02
7.337731E+03	-1.693773E+01	1.411565E-01	7.924121E-02
7.337931E+03	-1.693788E+01	1.411658E-01	7.924439E-02
7.338132E+03	-1.693793E+01	1.410222E-01	7.924758E-02
7.338331E+03	-1.693766E+01	1.407838E-01	7.925074E-02
7.338531E+03	-1.693788E+01	1.411687E-01	7.925392E-02
7.338731E+03	-1.693806E+01	1.410858E-01	7.925710E-02
7.338931E+03	-1.693812E+01	1.410221E-01	7.926028E-02
7.339131E+03	-1.693817E+01	1.410005E-01	7.926346E-02
7.339331E+03	-1.693812E+01	1.411199E-01	7.926664E-02
7.339531E+03	-1.693828E+01	1.413009E-01	7.926982E-02
7.339731E+03	-1.693849E+01	1.414199E-01	7.927299E-02
7.339932E+03	-1.693873E+01	1.417696E-01	7.927619E-02
7.340132E+03	-1.693901E+01	1.421874E-01	7.927937E-02
7.340332E+03	-1.693932E+01	1.424908E-01	7.928254E-02
7.340532E+03	-1.693967E+01	1.425207E-01	7.928572E-02
7.340732E+03	-1.694006E+01	1.424309E-01	7.928890E-02
7.341732E+03	-1.694046E+01	1.425407E-01	7.930479E-02
7.341932E+03	-1.694095E+01	1.435590E-01	7.930796E-02
7.342132E+03	-1.694147E+01	1.438992E-01	7.931114E-02
7.342332E+03	-1.694202E+01	1.440836E-01	7.931432E-02
7.342732E+03	-1.694260E+01	1.437447E-01	7.932067E-02
7.342932E+03	-1.694282E+01	1.439970E-01	7.932385E-02
7.343132E+03	-1.694316E+01	1.435467E-01	7.932703E-02
7.343332E+03	-1.694331E+01	1.435798E-01	7.933020E-02
7.343532E+03	-1.694310E+01	1.438121E-01	7.933338E-02
7.343732E+03	-1.694308E+01	1.441307E-01	7.933656E-02
7.343932E+03	-1.694298E+01	1.444204E-01	7.933973E-02
7.344132E+03	-1.694347E+01	1.443910E-01	7.934291E-02
7.344332E+03	-1.694355E+01	1.439835E-01	7.934608E-02
7.344532E+03	-1.694306E+01	1.438563E-01	7.934926E-02
7.344733E+03	-1.694311E+01	1.439995E-01	7.935245E-02
7.344933E+03	-1.694261E+01	1.439989E-01	7.935563E-02
7.345133E+03	-1.694182E+01	1.437525E-01	7.935880E-02
7.345333E+03	-1.694205E+01	1.427209E-01	7.936198E-02
7.345533E+03	-1.694306E+01	1.423060E-01	7.936515E-02
7.345733E+03	-1.694318E+01	1.423496E-01	7.936833E-02
7.345933E+03	-1.694346E+01	1.423297E-01	7.937151E-02
7.346133E+03	-1.694366E+01	1.419775E-01	7.937468E-02
7.346333E+03	-1.694319E+01	1.393881E-01	7.937786E-02
7.346533E+03	-1.694233E+01	1.388585E-01	7.938103E-02
7.346733E+03	-1.694130E+01	1.384761E-01	7.938421E-02
7.346933E+03	-1.694015E+01	1.377204E-01	7.938738E-02
7.347133E+03	-1.693968E+01	1.378748E-01	7.939056E-02
7.347333E+03	-1.693896E+01	1.374754E-01	7.939373E-02
7.347533E+03	-1.693923E+01	1.380465E-01	7.939691E-02
7.347733E+03	-1.693958E+01	1.363851E-01	7.940008E-02
7.347933E+03	-1.693907E+01	1.358949E-01	7.940326E-02
7.348133E+03	-1.693899E+01	1.350566E-01	7.940643E-02
7.348333E+03	-1.693922E+01	1.339544E-01	7.940961E-02
7.348533E+03	-1.693851E+01	1.336733E-01	7.941278E-02
7.348733E+03	-1.693813E+01	1.322916E-01	7.941595E-02
7.348933E+03	-1.693837E+01	1.323208E-01	7.941913E-02
7.349133E+03	-1.693877E+01	1.324119E-01	7.942230E-02
7.349333E+03	-1.693927E+01	1.325141E-01	7.942548E-02
7.349533E+03	-1.693926E+01	1.333197E-01	7.942865E-02
7.349734E+03	-1.693903E+01	1.327078E-01	7.943184E-02
7.349934E+03	-1.693883E+01	1.323511E-01	7.943501E-02
7.350133E+03	-1.693842E+01	1.320564E-01	7.943817E-02
7.350333E+03	-1.693797E+01	1.318692E-01	7.944134E-02
7.350533E+03	-1.693812E+01	1.314605E-01	7.944452E-02
7.350734E+03	-1.693830E+01	1.310190E-01	7.944771E-02
7.350933E+03	-1.693848E+01	1.308835E-01	7.945087E-02
7.351133E+03	-1.693880E+01	1.308522E-01	7.945404E-02
7.351333E+03	-1.693930E+01	1.306638E-01	7.945721E-02
7.351533E+03	-1.693956E+01	1.307276E-01	7.946038E-02
7.351733E+03	-1.694005E+01	1.308616E-01	7.946356E-02
7.351933E+03	-1.694053E+01	1.315967E-01	7.946673E-02
7.352133E+03	-1.694059E+01	1.319525E-01	7.946990E-02
7.352333E+03	-1.694055E+01	1.330693E-01	7.947308E-02
7.352533E+03	-1.694031E+01	1.331060E-01	7.947625E-02
7.352733E+03	-1.693964E+01	1.330087E-01	7.947942E-02
7.352933E+03	-1.693924E+01	1.338917E-01	7.948259E-02
7.353133E+03	-1.693968E+01	1.343389E-01	7.948577E-02
7.353333E+03	-1.693997E+01	1.345182E-01	7.948894E-02
7.353533E+03	-1.693999E+01	1.344117E-01	7.949211E-02
7.353733E+03	-1.694042E+01	1.335556E-01	7.949528E-02
7.353933E+03	-1.694011E+01	1.309435E-01	7.949845E-02
7.354133E+03	-1.693925E+01	1.312306E-01	7.950163E-02
7.354333E+03	-1.693921E+01	1.304248E-01	7.950480E-02
7.354534E+03	-1.693854E+01	1.288998E-01	7.950799E-02
7.354734E+03	-1.693814E+01	1.292023E-01	7.951116E-02
7.354934E+03	-1.693859E+01	1.286004E-01	7.951433E-02
7.355134E+03	-1.693904E+01	1.286276E-01	7.951750E-02
7.355334E+03	-1.693856E+01	1.284791E-01	7.952067E-02
7.355534E+03	-1.693814E+01	1.275948E-01	7.952384E-02
7.355734E+03	-1.693827E+01	1.256471E-01	7.952702E-02
7.355934E+03	-1.693819E+01	1.255343E-01	7.953019E-02
7.356134E+03	-1.693807E+01	1.262311E-01	7.953336E-02
7.356334E+03	-1.693809E+01	1.265575E-01	7.953653E-02
7.356534E+03	-1.693794E+01	1.270049E-01	7.953970E-02
7.356734E+03	-1.693800E+01	1.276009E-01	7.954287E-02
7.356934E+03	-1.693824E+01	1.275370E-01	7.954604E-02
7.357134E+03	-1.693841E+01	1.270611E-01	7.954921E-02
7.357334E+03	-1.693859E+01	1.262460E-01	7.955238E-02
7.357534E+03	-1.693892E+01	1.263422E-01	7.955555E-02
7.357734E+03	-1.693919E+01	1.265315E-01	7.955872E-02
7.357934E+03	-1.693919E+01	1.263048E-01	7.956189E-02
7.358134E+03	-1.693895E+01	1.253674E-01	7.956506E-02
7.358334E+03	-1.693898E+01	1.249990E-01	7.956823E-02
7.358534E+03	-1.693846E+01	1.247884E-01	7.957140E-02
7.359334E+03	-1.693768E+01	1.242933E-01	7.958408E-02
7.359535E+03	-1.693747E+01	1.245036E-01	7.958727E-02
7.359735E+03	-1.693770E+01	1.245813E-01	7.959044E-02
7.359935E+03	-1.693836E+01	1.242865E-01	7.959361E-02
7.360135E+03	-1.693842E+01	1.238791E-01	7.959678E-02
7.360335E+03	-1.693817E+01	1.234643E-01	7.959995E-02
7.360535E+03	-1.693869E+01	1.234733E-01	7.960312E-02
7.360735E+03	-1.693916E+01	1.235698E-01	7.960628E-02
7.360935E+03	-1.693854E+01	1.235317E-01	7.960945E-02
7.361135E+03	-1.693794E+01	1.231029E-01	7.961262E-02
7.361335E+03	-1.693833E+01	1.232507E-01	7.961579E-02
7.361535E+03	-1.693903E+01	1.235103E-01	7.961896E-02
7.361735E+03	-1.693913E+01	1.235387E-01	7.962213E-02
7.361935E+03	-1.693873E+01	1.234628E-01	7.962530E-02
7.362135E+03	-1.693853E+01	1.233894E-01	7.962847E-02
7.362334E+03	-1.693802E+01	1.235020E-01	7.963162E-02
7.362534E+03	-1.693813E+01	1.234482E-01	7.963479E-02
7.362734E+03	-1.693835E+01	1.239846E-01	7.963795E-02
7.362935E+03	-1.693821E+01	1.235915E-01	7.964114E-02
7.363135E+03	-1.693799E+01	1.228436E-01	7.964431E-02
7.363334E+03	-1.693747E+01	1.227011E-01	7.964746E-02
7.363534E+03	-1.693723E+01	1.228651E-01	7.965063E-02
7.363734E+03	-1.693750E+01	1.227746E-01	7.965379E-02
7.363934E+03	-1.693823E+01	1.237706E-01	7.965696E-02
7.364134E+03	-1.693892E+01	1.249175E-01	7.966013E-02
7.364334E+03	-1.693863E+01	1.249034E-01	7.966330E-02
7.364535E+03	-1.693856E+01	1.249291E-01	7.966648E-02
7.364735E+03	-1.693877E+01	1.248661E-01	7.966965E-02
7.364935E+03	-1.693872E+01	1.247113E-01	7.967282E-02
7.365135E+03	-1.693896E+01	1.253710E-01	7.967598E-02
7.365335E+03	-1.693928E+01	1.260751E-01	7.967915E-02
7.365535E+03	-1.693927E+01	1.260239E-01	7.968232E-02
7.365735E+03	-1.693947E+01	1.250606E-01	7.968548E-02
7.365935E+03	-1.694019E+01	1.244563E-01	7.968865E-02
7.366135E+03	-1.694051E+01	1.249674E-01	7.969182E-02
7.366335E+03	-1.694004E+01	1.248509E-01	7.969498E-02
7.366535E+03	-1.693952E+01	1.228377E-01	7.969815E-02
7.366735E+03	-1.693923E+01	1.223292E-01	7.970132E-02
7.366935E+03	-1.693906E+01	1.209623E-01	7.970448E-02
7.367135E+03	-1.693921E+01	1.193735E-01	7.970765E-02
7.367335E+03	-1.693969E+01	1.195739E-01	7.971082E-02
7.367535E+03	-1.693988E+01	1.194551E-01	7.971398E-02
7.367735E+03	-1.693923E+01	1.191871E-01	7.971715E-02
7.367935E+03	-1.693835E+01	1.187864E-01	7.972031E-02
7.368135E+03	-1.693819E+01	1.182090E-01	7.972348E-02
7.368335E+03	-1.693811E+01	1.199586E-01	7.972665E-02
7.368535E+03	-1.693801E+01	1.199402E-01	7.972981E-02
7.368735E+03	-1.693845E+01	1.216251E-01	7.973298E-02
7.368935E+03	-1.693876E+01	1.197458E-01	7.973614E-02
7.369135E+03	-1.693864E+01	1.191619E-01	7.973931E-02
7.369336E+03	-1.693852E+01	1.191806E-01	7.974249E-02
7.370136E+03	-1.693857E+01	1.191877E-01	7.975515E-02
7.370336E+03	-1.693885E+01	1.192706E-01	7.975832E-02
7.370536E+03	-1.693941E+01	1.194207E-01	7.976148E-02
7.370736E+03	-1.693987E+01	1.196299E-01	7.976465E-02
7.370936E+03	-1.693977E+01	1.196011E-01	7.976781E-02
7.371136E+03	-1.694000E+01	1.197798E-01	7.977098E-02
7.371336E+03	-1.694023E+01	1.201998E-01	7.977414E-02
7.371536E+03	-1.694033E+01	1.201468E-01	7.977730E-02
7.371736E+03	-1.693996E+01	1.187633E-01	7.978047E-02
7.371936E+03	-1.693920E+01	1.190791E-01	7.978363E-02
7.372136E+03	-1.693900E+01	1.189927E-01	7.978680E-02
7.372336E+03	-1.693913E+01	1.189574E-01	7.978996E-02
7.372536E+03	-1.693963E+01	1.192986E-01	7.979313E-02
7.372736E+03	-1.693974E+01	1.196932E-01	7.979629E-02
7.372936E+03	-1.693991E+01	1.190909E-01	7.979945E-02
7.373136E+03	-1.694032E+01	1.191031E-01	7.980262E-02
7.373336E+03	-1.694041E+01	1.195297E-01	7.980578E-02
7.373536E+03	-1.694046E+01	1.204912E-01	7.980894E-02
7.373736E+03	-1.694013E+01	1.206583E-01	7.981211E-02
7.373936E+03	-1.694038E+01	1.217995E-01	7.981527E-02
7.374136E+03	-1.694009E+01	1.217225E-01	7.981843E-02
7.374337E+03	-1.693945E+01	1.213582E-01	7.982161E-02
7.374537E+03	-1.693959E+01	1.210115E-01	7.982478E-02
7.374736E+03	-1.693998E+01	1.215990E-01	7.982792E-02
7.374936E+03	-1.694003E+01	1.207518E-01	7.983109E-02
7.375136E+03	-1.693958E+01	1.205347E-01	7.983425E-02
7.375337E+03	-1.693965E+01	1.202984E-01	7.983743E-02
7.375537E+03	-1.693982E+01	1.196167E-01	7.984059E-02
7.375736E+03	-1.693924E+01	1.191857E-01	7.984374E-02
7.375936E+03	-1.693901E+01	1.189161E-01	7.984690E-02
7.376136E+03	-1.693895E+01	1.189498E-01	7.985006E-02
7.376336E+03	-1.693818E+01	1.186633E-01	7.985323E-02
7.376536E+03	-1.693685E+01	1.181067E-01	7.985639E-02
7.376736E+03	-1.693592E+01	1.179862E-01	7.985955E-02
7.376936E+03	-1.693629E+01	1.182591E-01	7.986271E-02
7.377136E+03	-1.693656E+01	1.184649E-01	7.986587E-02
7.377336E+03	-1.693718E+01	1.186924E-01	7.986904E-02
7.377536E+03	-1.693710E+01	1.188972E-01	7.987220E-02
7.377736E+03	-1.693780E+01	1.193075E-01	7.987536E-02
7.377936E+03	-1.693800E+01	1.197041E-01	7.987852E-02
7.378136E+03	-1.693855E+01	1.201362E-01	7.988168E-02
7.378336E+03	-1.693904E+01	1.206449E-01	7.988484E-02
7.378536E+03	-1.693934E+01	1.210414E-01	7.988801E-02
7.378736E+03	-1.693948E+01	1.211636E-01	7.989117E-02
7.378936E+03	-1.693899E+01	1.214818E-01	7.989433E-02
7.379136E+03	-1.693856E+01	1.217841E-01	7.989749E-02
7.379337E+03	-1.693863E+01	1.223120E-01	7.990067E-02
7.379537E+03	-1.693836E+01	1.230262E-01	7.990383E-02
7.379737E+03	-1.693796E+01	1.228364E-01	7.990699E-02
7.379937E+03	-1.693766E+01	1.228890E-01	7.991015E-02
7.380137E+03	-1.693772E+01	1.232254E-01	7.991331E-02
7.380337E+03	-1.693761E+01	1.228930E-01	7.991647E-02
7.380537E+03	-1.693739E+01	1.224894E-01	7.991963E-02
7.380737E+03	-1.693764E+01	1.222623E-01	7.992279E-02
7.380937E+03	-1.693794E+01	1.221124E-01	7.992595E-02
7.381137E+03	-1.693800E+01	1.221153E-01	7.992911E-02
7.381337E+03	-1.693864E+01	1.221649E-01	7.993227E-02
7.381537E+03	-1.693914E+01	1.222158E-01	7.993543E-02
7.381737E+03	-1.693875E+01	1.220393E-01	7.993859E-02
7.381937E+03	-1.693911E+01	1.220720E-01	7.994175E-02
7.382137E+03	-1.693974E+01	1.226384E-01	7.994491E-02
7.382337E+03	-1.694027E+01	1.236201E-01	7.994807E-02
7.382537E+03	-1.693996E+01	1.235242E-01	7.995123E-02
7.382737E+03	-1.693941E+01	1.234056E-01	7.995439E-02
7.382937E+03	-1.693955E+01	1.236500E-01	7.995755E-02
7.383137E+03	-1.693980E+01	1.234192E-01	7.996071E-02
7.383337E+03	-1.694001E+01	1.232240E-01	7.996387E-02
7.383537E+03	-1.693992E+01	1.233405E-01	7.996703E-02
7.383737E+03	-1.694014E+01	1.237982E-01	7.997019E-02
7.383937E+03	-1.694051E+01	1.239332E-01	7.997335E-02
7.384138E+03	-1.694036E+01	1.242012E-01	7.997652E-02
7.384338E+03	-1.693997E+01	1.242803E-01	7.997968E-02
7.384538E+03	-1.693987E+01	1.246271E-01	7.998284E-02
7.384738E+03	-1.693908E+01	1.247784E-01	7.998600E-02
7.384938E+03	-1.693770E+01	1.249171E-01	7.998916E-02
7.385138E+03	-1.693804E+01	1.260618E-01	7.999232E-02
7.385338E+03	-1.693839E+01	1.264427E-01	7.999548E-02
7.385538E+03	-1.693787E+01	1.262906E-01	7.999863E-02
7.385738E+03	-1.693810E+01	1.261617E-01	8.000179E-02
7.385938E+03	-1.693790E+01	1.254761E-01	8.000495E-02
7.386138E+03	-1.693736E+01	1.251038E-01	8.000811E-02
7.386338E+03	-1.693742E+01	1.250090E-01	8.001127E-02
7.386538E+03	-1.693761E+01	1.249939E-01	8.001443E-02
7.386738E+03	-1.693745E+01	1.250013E-01	8.001758E-02
7.386938E+03	-1.693678E+01	1.247954E-01	8.002074E-02
7.387138E+03	-1.693668E+01	1.247966E-01	8.002390E-02
7.387337E+03	-1.693648E+01	1.242208E-01	8.002704E-02
7.387538E+03	-1.693603E+01	1.231004E-01	8.003021E-02
7.387738E+03	-1.693603E+01	1.227920E-01	8.003337E-02
7.387938E+03	-1.693661E+01	1.229373E-01	8.003653E-02
7.388137E+03	-1.693731E+01	1.230342E-01	8.003967E-02
7.388337E+03	-1.693732E+01	1.230878E-01	8.004283E-02
7.388537E+03	-1.693671E+01	1.225224E-01	8.004599E-02
7.388737E+03	-1.693641E+01	1.229223E-01	8.004914E-02
7.388937E+03	-1.693655E+01	1.232326E-01	8.005230E-02
7.389138E+03	-1.693624E+01	1.230058E-01	8.005547E-02
7.389338E+03	-1.693500E+01	1.229312E-01	8.005863E-02
7.389538E+03	-1.693422E+01	1.227896E-01	8.006179E-02
7.389738E+03	-1.693397E+01	1.226314E-01	8.006494E-02
7.389938E+03	-1.693426E+01	1.228350E-01	8.006810E-02
7.390138E+03	-1.693422E+01	1.223549E-01	8.007126E-02
7.390338E+03	-1.693381E+01	1.217544E-01	8.007441E-02
7.390538E+03	-1.693334E+01	1.215041E-01	8.007757E-02
7.390738E+03	-1.693337E+01	1.218610E-01	8.008072E-02
7.390938E+03	-1.693337E+01	1.223787E-01	8.008388E-02
7.391138E+03	-1.693328E+01	1.213559E-01	8.008704E-02
7.391338E+03	-1.693304E+01	1.208945E-01	8.009019E-02
7.391538E+03	-1.693274E+01	1.208916E-01	8.009335E-02
7.391738E+03	-1.693284E+01	1.209080E-01	8.009650E-02
7.391938E+03	-1.693247E+01	1.205467E-01	8.009966E-02
7.392138E+03	-1.693185E+01	1.203712E-01	8.010282E-02
7.392338E+03	-1.693216E+01	1.206500E-01	8.010597E-02
7.392938E+03	-1.693190E+01	1.202725E-01	8.011544E-02
7.393138E+03	-1.693118E+01	1.198095E-01	8.011859E-02
7.393338E+03	-1.693063E+01	1.192424E-01	8.012175E-02
7.393538E+03	-1.693017E+01	1.188232E-01	8.012490E-02
7.393738E+03	-1.692997E+01	1.184941E-01	8.012806E-02
7.393939E+03	-1.692998E+01	1.182564E-01	8.013123E-02
7.394139E+03	-1.692972E+01	1.181075E-01	8.013438E-02
7.394339E+03	-1.692919E+01	1.182124E-01	8.013754E-02
7.394539E+03	-1.692897E+01	1.181654E-01	8.014069E-02
7.394739E+03	-1.692900E+01	1.181319E-01	8.014385E-02
7.394939E+03	-1.692870E+01	1.180112E-01	8.014700E-02
7.395139E+03	-1.692858E+01	1.179920E-01	8.015016E-02
7.395339E+03	-1.692878E+01	1.180341E-01	8.015331E-02
7.395539E+03	-1.692901E+01	1.181101E-01	8.015646E-02
7.395739E+03	-1.692899E+01	1.182351E-01	8.015962E-02
7.395939E+03	-1.692920E+01	1.179768E-01	8.016277E-02
7.396139E+03	-1.692930E+01	1.181865E-01	8.016593E-02
7.396339E+03	-1.692847E+01	1.179768E-01	8.016908E-02
7.396539E+03	-1.692764E+01	1.173807E-01	8.017223E-02
7.396739E+03	-1.692676E+01	1.174655E-01	8.017539E-02
7.396939E+03	-1.692625E+01	1.167037E-01	8.017854E-02
7.397139E+03	-1.692647E+01	1.162161E-01	8.018170E-02
7.397339E+03	-1.692686E+01	1.163136E-01	8.018485E-02
7.397539E+03	-1.692662E+01	1.162883E-01	8.018800E-02
7.397739E+03	-1.692623E+01	1.162562E-01	8.019116E-02
7.397939E+03	-1.692624E+01	1.162950E-01	8.019431E-02
7.398139E+03	-1.692633E+01	1.167121E-01	8.019746E-02
7.398339E+03	-1.692657E+01	1.168082E-01	8.020061E-02
7.398539E+03	-1.692638E+01	1.167837E-01	8.020377E-02
7.398739E+03	-1.692624E+01	1.165762E-01	8.020692E-02
7.398940E+03	-1.692645E+01	1.158821E-01	8.021009E-02
7.399140E+03	-1.692645E+01	1.158580E-01	8.021324E-02
7.399340E+03	-1.692661E+01	1.156898E-01	8.021639E-02
7.399540E+03	-1.692660E+01	1.156875E-01	8.021955E-02
7.399740E+03	-1.692660E+01	1.151448E-01	8.022270E-02
7.399940E+03	-1.692675E+01	1.151869E-01	8.022585E-02
7.400140E+03	-1.692665E+01	1.151777E-01	8.022900E-02
7.400340E+03	-1.692686E+01	1.152648E-01	8.023216E-02
7.400539E+03	-1.692699E+01	1.176636E-01	8.023529E-02
7.400739E+03	-1.692682E+01	1.199708E-01	8.023844E-02
7.400940E+03	-1.692673E+01	1.213807E-01	8.024161E-02
7.401139E+03	-1.692613E+01	1.220418E-01	8.024475E-02
7.401339E+03	-1.692534E+01	1.216954E-01	8.024790E-02
7.401539E+03	-1.692484E+01	1.215242E-01	8.025105E-02
7.401739E+03	-1.692466E+01	1.199861E-01	8.025420E-02
7.401939E+03	-1.692467E+01	1.199558E-01	8.025735E-02
7.402339E+03	-1.692398E+01	1.191967E-01	8.026366E-02
7.402539E+03	-1.692385E+01	1.181390E-01	8.026681E-02
7.402739E+03	-1.692434E+01	1.177911E-01	8.026996E-02
7.402939E+03	-1.692413E+01	1.178405E-01	8.027311E-02
7.403139E+03	-1.692426E+01	1.175966E-01	8.027626E-02
7.403339E+03	-1.692445E+01	1.170550E-01	8.027941E-02
7.403539E+03	-1.692398E+01	1.168551E-01	8.028256E-02
7.403740E+03	-1.692334E+01	1.160536E-01	8.028573E-02
7.403940E+03	-1.692270E+01	1.169281E-01	8.028888E-02
7.404140E+03	-1.692225E+01	1.159027E-01	8.029203E-02
7.404340E+03	-1.692244E+01	1.152985E-01	8.029518E-02
7.404540E+03	-1.692267E+01	1.159439E-01	8.029833E-02
7.404740E+03	-1.692304E+01	1.163934E-01	8.030148E-02
7.404940E+03	-1.692354E+01	1.164790E-01	8.030463E-02
7.405140E+03	-1.692367E+01	1.165932E-01	8.030778E-02
7.405340E+03	-1.692366E+01	1.166928E-01	8.031093E-02
7.405540E+03	-1.692376E+01	1.168207E-01	8.031408E-02
7.405740E+03	-1.692387E+01	1.165532E-01	8.031723E-02
7.405940E+03	-1.692336E+01	1.159614E-01	8.032038E-02
7.406140E+03	-1.692287E+01	1.154479E-01	8.032353E-02
7.406340E+03	-1.692289E+01	1.153411E-01	8.032668E-02
7.406540E+03	-1.692347E+01	1.170456E-01	8.032983E-02
7.406740E+03	-1.692339E+01	1.174054E-01	8.033298E-02
7.406940E+03	-1.692339E+01	1.173990E-01	8.033613E-02
7.407140E+03	-1.692420E+01	1.176536E-01	8.033928E-02
7.407340E+03	-1.692451E+01	1.178974E-01	8.034243E-02
7.407540E+03	-1.692465E+01	1.177630E-01	8.034558E-02
7.407740E+03	-1.692507E+01	1.179194E-01	8.034873E-02
7.407940E+03	-1.692484E+01	1.177783E-01	8.035187E-02
7.408140E+03	-1.692487E+01	1.177966E-01	8.035502E-02
7.408340E+03	-1.692565E+01	1.180288E-01	8.035817E-02
7.408540E+03	-1.692596E+01	1.177549E-01	8.036132E-02
7.408741E+03	-1.692621E+01	1.184756E-01	8.036448E-02
7.408941E+03	-1.692647E+01	1.185322E-01	8.036763E-02
7.409141E+03	-1.692634E+01	1.184059E-01	8.037078E-02
7.409341E+03	-1.692668E+01	1.184865E-01	8.037393E-02
7.409541E+03	-1.692737E+01	1.179034E-01	8.037708E-02
7.409741E+03	-1.692733E+01	1.176052E-01	8.038023E-02
7.409941E+03	-1.692732E+01	1.174658E-01	8.038337E-02
7.410141E+03	-1.692753E+01	1.175276E-01	8.038652E-02
7.410341E+03	-1.692711E+01	1.175024E-01	8.038967E-02
7.410541E+03	-1.692673E+01	1.173756E-01	8.039282E-02
7.410741E+03	-1.692687E+01	1.174226E-01	8.039597E-02
7.410941E+03	-1.692705E+01	1.174065E-01	8.039911E-02
7.411141E+03	-1.692707E+01	1.174599E-01	8.040226E-02
7.411341E+03	-1.692714E+01	1.178602E-01	8.040541E-02
7.411541E+03	-1.692693E+01	1.175224E-01	8.040856E-02
7.411741E+03	-1.692686E+01	1.168541E-01	8.041170E-02
7.411941E+03	-1.692719E+01	1.169445E-01	8.041485E-02
7.412141E+03	-1.692774E+01	1.173115E-01	8.041800E-02
7.412341E+03	-1.692801E+01	1.176356E-01	8.042114E-02
7.412541E+03	-1.692775E+01	1.173637E-01	8.042429E-02
7.412740E+03	-1.692793E+01	1.174039E-01	8.042742E-02
7.412940E+03	-1.692799E+01	1.164654E-01	8.043057E-02
7.413141E+03	-1.692788E+01	1.162200E-01	8.043373E-02
7.413341E+03	-1.692774E+01	1.160771E-01	8.043688E-02
7.413541E+03	-1.692799E+01	1.160560E-01	8.044002E-02
7.413741E+03	-1.692794E+01	1.160285E-01	8.044317E-02
7.413941E+03	-1.692740E+01	1.158956E-01	8.044632E-02
7.414141E+03	-1.692739E+01	1.154124E-01	8.044946E-02
7.414341E+03	-1.692748E+01	1.143478E-01	8.045261E-02
7.414541E+03	-1.692750E+01	1.138948E-01	8.045576E-02
7.414741E+03	-1.692727E+01	1.136002E-01	8.045890E-02
7.414941E+03	-1.692682E+01	1.133643E-01	8.046205E-02
7.415141E+03	-1.692709E+01	1.131972E-01	8.046519E-02
7.415341E+03	-1.692705E+01	1.133857E-01	8.046834E-02
7.415541E+03	-1.692680E+01	1.129822E-01	8.047149E-02
7.415741E+03	-1.692693E+01	1.130697E-01	8.047463E-02
7.415941E+03	-1.692661E+01	1.136568E-01	8.047778E-02
7.416141E+03	-1.692643E+01	1.143884E-01	8.048092E-02
7.416341E+03	-1.692668E+01	1.153807E-01	8.048407E-02
7.416541E+03	-1.692628E+01	1.161730E-01	8.048721E-02
7.416741E+03	-1.692604E+01	1.161787E-01	8.049036E-02
7.416941E+03	-1.692631E+01	1.164427E-01	8.049350E-02
7.417141E+03	-1.692623E+01	1.160806E-01	8.049665E-02
7.417341E+03	-1.692609E+01	1.140787E-01	8.049979E-02
7.417541E+03	-1.692618E+01	1.141571E-01	8.050294E-02
7.417741E+03	-1.692679E+01	1.119998E-01	8.050608E-02
7.417941E+03	-1.692760E+01	1.126113E-01	8.050923E-02
7.418141E+03	-1.692803E+01	1.127017E-01	8.051237E-02
7.418341E+03	-1.692860E+01	1.129300E-01	8.051552E-02
7.418542E+03	-1.692924E+01	1.131119E-01	8.051868E-02
7.418742E+03	-1.692974E+01	1.131616E-01	8.052182E-02
7.418942E+03	-1.692966E+01	1.131363E-01	8.052496E-02
7.419142E+03	-1.692999E+01	1.134857E-01	8.052811E-02
7.419342E+03	-1.693050E+01	1.143736E-01	8.053125E-02
7.419542E+03	-1.693065E+01	1.142620E-01	8.053440E-02
7.419742E+03	-1.693101E+01	1.142455E-01	8.053754E-02
7.419942E+03	-1.693080E+01	1.139642E-01	8.054068E-02
7.420142E+03	-1.693022E+01	1.138836E-01	8.054383E-02
7.420342E+03	-1.693007E+01	1.133523E-01	8.054697E-02
7.420542E+03	-1.693033E+01	1.137471E-01	8.055012E-02
7.420742E+03	-1.693104E+01	1.152543E-01	8.055326E-02
7.420942E+03	-1.693117E+01	1.152619E-01	8.055640E-02
7.421142E+03	-1.693069E+01	1.147832E-01	8.055955E-02
7.421342E+03	-1.693091E+01	1.151064E-01	8.056269E-02
7.421542E+03	-1.693171E+01	1.153050E-01	8.056583E-02
7.421742E+03	-1.693164E+01	1.147824E-01	8.056898E-02
7.421942E+03	-1.693124E+01	1.138798E-01	8.057212E-02
7.422142E+03	-1.693110E+01	1.132267E-01	8.057526E-02
7.422342E+03	-1.693182E+01	1.126692E-01	8.057840E-02
7.422542E+03	-1.693272E+01	1.132812E-01	8.058155E-02
7.422742E+03	-1.693266E+01	1.133633E-01	8.058469E-02
7.422942E+03	-1.693266E+01	1.137373E-01	8.058783E-02
7.423142E+03	-1.693297E+01	1.142720E-01	8.059097E-02
7.423342E+03	-1.693310E+01	1.146166E-01	8.059412E-02
7.423543E+03	-1.693294E+01	1.146458E-01	8.059727E-02
7.423743E+03	-1.693275E+01	1.145424E-01	8.060042E-02
7.423943E+03	-1.693242E+01	1.148736E-01	8.060356E-02
7.424143E+03	-1.693218E+01	1.154862E-01	8.060670E-02
7.424343E+03	-1.693202E+01	1.156905E-01	8.060984E-02
7.424543E+03	-1.693231E+01	1.157087E-01	8.061298E-02
7.424743E+03	-1.693267E+01	1.157975E-01	8.061613E-02
7.424943E+03	-1.693251E+01	1.157188E-01	8.061927E-02
7.425142E+03	-1.693256E+01	1.156044E-01	8.062239E-02
7.425342E+03	-1.693312E+01	1.158803E-01	8.062554E-02
7.425542E+03	-1.693394E+01	1.159571E-01	8.062868E-02
7.425743E+03	-1.693484E+01	1.160432E-01	8.063183E-02
7.425943E+03	-1.693537E+01	1.160468E-01	8.063498E-02
7.426142E+03	-1.693570E+01	1.160367E-01	8.063810E-02
7.426342E+03	-1.693620E+01	1.158095E-01	8.064124E-02
7.426542E+03	-1.693716E+01	1.157271E-01	8.064438E-02
7.426742E+03	-1.693776E+01	1.154663E-01	8.064752E-02
7.426942E+03	-1.693804E+01	1.152702E-01	8.065066E-02
7.427142E+03	-1.693853E+01	1.150793E-01	8.065381E-02
7.427342E+03	-1.693863E+01	1.145518E-01	8.065695E-02
7.427542E+03	-1.693840E+01	1.138760E-01	8.066009E-02
7.427742E+03	-1.693795E+01	1.135136E-01	8.066323E-02
7.427942E+03	-1.693837E+01	1.128434E-01	8.066637E-02
7.428142E+03	-1.693910E+01	1.130268E-01	8.066951E-02
7.428343E+03	-1.693862E+01	1.128051E-01	8.067266E-02
7.428543E+03	-1.693908E+01	1.125073E-01	8.067580E-02
7.428743E+03	-1.693881E+01	1.128479E-01	8.067894E-02
7.428943E+03	-1.693835E+01	1.132461E-01	8.068208E-02
7.429143E+03	-1.693848E+01	1.132668E-01	8.068522E-02
7.429343E+03	-1.693793E+01	1.131294E-01	8.068836E-02
7.429543E+03	-1.693688E+01	1.127036E-01	8.069150E-02
7.429743E+03	-1.693661E+01	1.128751E-01	8.069464E-02
7.429943E+03	-1.693649E+01	1.133913E-01	8.069778E-02
7.430143E+03	-1.693598E+01	1.135842E-01	8.070092E-02
7.430343E+03	-1.693571E+01	1.135303E-01	8.070406E-02
7.430543E+03	-1.693500E+01	1.129819E-01	8.070720E-02
7.430743E+03	-1.693414E+01	1.121531E-01	8.071034E-02
7.430943E+03	-1.693299E+01	1.118624E-01	8.071348E-02
7.431143E+03	-1.693221E+01	1.111373E-01	8.071662E-02
7.431343E+03	-1.693220E+01	1.108274E-01	8.071976E-02
7.431543E+03	-1.693195E+01	1.107635E-01	8.072290E-02
7.431743E+03	-1.693113E+01	1.105564E-01	8.072604E-02
7.431943E+03	-1.693017E+01	1.103705E-01	8.072917E-02
7.432143E+03	-1.692874E+01	1.094092E-01	8.073231E-02
7.432343E+03	-1.692867E+01	1.093004E-01	8.073545E-02
7.432543E+03	-1.692902E+01	1.089834E-01	8.073859E-02
7.432743E+03	-1.692905E+01	1.087668E-01	8.074173E-02
7.432943E+03	-1.692873E+01	1.088832E-01	8.074487E-02
7.433143E+03	-1.692914E+01	1.088713E-01	8.074801E-02
7.433344E+03	-1.692988E+01	1.086482E-01	8.075116E-02
7.433544E+03	-1.692934E+01	1.075301E-01	8.075430E-02
7.433744E+03	-1.692842E+01	1.076532E-01	8.075743E-02
7.433944E+03	-1.692836E+01	1.082521E-01	8.076057E-02
7.434144E+03	-1.692856E+01	1.086391E-01	8.076371E-02
7.434344E+03	-1.692851E+01	1.087223E-01	8.076685E-02
7.434544E+03	-1.692816E+01	1.087642E-01	8.076999E-02
7.434744E+03	-1.692781E+01	1.087287E-01	8.077312E-02
7.434944E+03	-1.692806E+01	1.088407E-01	8.077626E-02
7.435144E+03	-1.692830E+01	1.088730E-01	8.077940E-02
7.435344E+03	-1.692827E+01	1.087887E-01	8.078254E-02
7.435544E+03	-1.692776E+01	1.088095E-01	8.078567E-02
7.435744E+03	-1.692698E+01	1.086134E-01	8.078881E-02
7.435944E+03	-1.692613E+01	1.083541E-01	8.079195E-02
7.436144E+03	-1.692639E+01	1.084820E-01	8.079508E-02
7.436344E+03	-1.692682E+01	1.087802E-01	8.079822E-02
7.436544E+03	-1.692694E+01	1.095098E-01	8.080136E-02
7.436744E+03	-1.692671E+01	1.092883E-01	8.080449E-02
7.436944E+03	-1.692619E+01	1.093305E-01	8.080763E-02
7.437144E+03	-1.692561E+01	1.094496E-01	8.081077E-02
7.437344E+03	-1.692510E+01	1.098118E-01	8.081390E-02
7.437544E+03	-1.692538E+01	1.099393E-01	8.081704E-02
7.437743E+03	-1.692555E+01	1.095972E-01	8.082016E-02
7.437944E+03	-1.692504E+01	1.092966E-01	8.082331E-02
7.438144E+03	-1.692463E+01	1.093476E-01	8.082645E-02
7.438345E+03	-1.692386E+01	1.088304E-01	8.082960E-02
7.438544E+03	-1.692343E+01	1.087534E-01	8.083272E-02
7.438744E+03	-1.692290E+01	1.086875E-01	8.083586E-02
7.438944E+03	-1.692215E+01	1.083517E-01	8.083899E-02
7.439144E+03	-1.692135E+01	1.078567E-01	8.084213E-02
7.439344E+03	-1.692097E+01	1.072097E-01	8.084526E-02
7.439544E+03	-1.692075E+01	1.070436E-01	8.084840E-02
7.439944E+03	-1.691981E+01	1.066304E-01	8.085467E-02
7.440144E+03	-1.692002E+01	1.067622E-01	8.085781E-02
7.440344E+03	-1.691932E+01	1.066728E-01	8.086094E-02
7.440544E+03	-1.691840E+01	1.069239E-01	8.086408E-02
7.440744E+03	-1.691818E+01	1.068706E-01	8.086721E-02
7.440944E+03	-1.691861E+01	1.069470E-01	8.087035E-02
7.441144E+03	-1.691882E+01	1.075820E-01	8.087348E-02
7.441344E+03	-1.691882E+01	1.074170E-01	8.087662E-02
7.441544E+03	-1.691886E+01	1.074799E-01	8.087975E-02
7.441744E+03	-1.691886E+01	1.077142E-01	8.088288E-02
7.441944E+03	-1.691898E+01	1.078203E-01	8.088602E-02
7.442144E+03	-1.691898E+01	1.078464E-01	8.088915E-02
7.442344E+03	-1.691922E+01	1.079502E-01	8.089229E-02
7.442544E+03	-1.691957E+01	1.082302E-01	8.089542E-02
7.442744E+03	-1.691965E+01	1.081420E-01	8.089856E-02
7.442944E+03	-1.691925E+01	1.083521E-01	8.090169E-02
7.443145E+03	-1.691905E+01	1.083239E-01	8.090484E-02
7.443345E+03	-1.691931E+01	1.087800E-01	8.090797E-02
7.443545E+03	-1.691941E+01	1.090897E-01	8.091111E-02
7.443745E+03	-1.691911E+01	1.090047E-01	8.091424E-02
7.443945E+03	-1.691934E+01	1.099772E-01	8.091738E-02
7.444145E+03	-1.691911E+01	1.111014E-01	8.092051E-02
7.444345E+03	-1.691903E+01	1.117415E-01	8.092364E-02
7.444545E+03	-1.691881E+01	1.116813E-01	8.092678E-02
7.444745E+03	-1.691816E+01	1.115705E-01	8.092991E-02
7.444945E+03	-1.691794E+01	1.111510E-01	8.093304E-02
7.445145E+03	-1.691833E+01	1.113636E-01	8.093618E-02
7.445345E+03	-1.691841E+01	1.119192E-01	8.093931E-02
7.445545E+03	-1.691841E+01	1.119192E-01	8.094244E-02
7.445745E+03	-1.691810E+01	1.117717E-01	8.094558E-02
7.445945E+03	-1.691788E+01	1.115643E-01	8.094871E-02
7.446145E+03	-1.691788E+01	1.116336E-01	8.095184E-02
7.446345E+03	-1.691787E+01	1.122530E-01	8.095497E-02
7.446545E+03	-1.691774E+01	1.121718E-01	8.095811E-02
7.446745E+03	-1.691709E+01	1.123415E-01	8.096124E-02
7.446945E+03	-1.691678E+01	1.127170E-01	8.096437E-02
7.447145E+03	-1.691656E+01	1.139305E-01	8.096750E-02
7.447345E+03	-1.691626E+01	1.144209E-01	8.097064E-02
7.447545E+03	-1.691613E+01	1.149562E-01	8.097377E-02
7.447745E+03	-1.691569E+01	1.148379E-01	8.097690E-02
7.447945E+03	-1.691539E+01	1.151242E-01	8.098003E-02
7.448146E+03	-1.691491E+01	1.150332E-01	8.098318E-02
7.448346E+03	-1.691405E+01	1.147800E-01	8.098631E-02
7.448546E+03	-1.691323E+01	1.151390E-01	8.098944E-02
7.448746E+03	-1.691288E+01	1.128857E-01	8.099257E-02
7.448946E+03	-1.691280E+01	1.109112E-01	8.099571E-02
7.449146E+03	-1.691271E+01	1.092499E-01	8.099884E-02
7.449346E+03	-1.691270E+01	1.092457E-01	8.100197E-02
7.449546E+03	-1.691266E+01	1.086400E-01	8.100510E-02
7.449746E+03	-1.691244E+01	1.105671E-01	8.100823E-02
7.449946E+03	-1.691261E+01	1.112141E-01	8.101136E-02
7.450146E+03	-1.691265E+01	1.111138E-01	8.101449E-02
7.450346E+03	-1.691264E+01	1.114648E-01	8.101762E-02
7.450546E+03	-1.691268E+01	1.114843E-01	8.102076E-02
7.450745E+03	-1.691247E+01	1.124862E-01	8.102387E-02
7.450945E+03	-1.691221E+01	1.128730E-01	8.102700E-02
7.451145E+03	-1.691225E+01	1.128156E-01	8.103013E-02
7.451346E+03	-1.691246E+01	1.129226E-01	8.103328E-02
7.451545E+03	-1.691254E+01	1.129362E-01	8.103639E-02
7.451745E+03	-1.691224E+01	1.132647E-01	8.103952E-02
7.451945E+03	-1.691223E+01	1.122897E-01	8.104265E-02
7.452145E+03	-1.691219E+01	1.121931E-01	8.104578E-02
7.452345E+03	-1.691193E+01	1.127166E-01	8.104891E-02
7.452545E+03	-1.691163E+01	1.127372E-01	8.105204E-02
7.452745E+03	-1.691150E+01	1.128064E-01	8.105517E-02
7.452946E+03	-1.691158E+01	1.129311E-01	8.105832E-02
7.453146E+03	-1.691166E+01	1.130900E-01	8.106145E-02
7.453346E+03	-1.691170E+01	1.130456E-01	8.106458E-02
7.453546E+03	-1.691178E+01	1.130379E-01	8.106771E-02
7.453746E+03	-1.691178E+01	1.129994E-01	8.107084E-02
7.453946E+03	-1.691182E+01	1.132242E-01	8.107397E-02
7.454146E+03	-1.691182E+01	1.136557E-01	8.107710E-02
7.454346E+03	-1.691215E+01	1.133903E-01	8.108023E-02
7.454546E+03	-1.691275E+01	1.122109E-01	8.108336E-02
7.454746E+03	-1.691335E+01	1.123189E-01	8.108649E-02
7.454946E+03	-1.691360E+01	1.128273E-01	8.108961E-02
7.455146E+03	-1.691364E+01	1.132075E-01	8.109274E-02
7.455346E+03	-1.691377E+01	1.132925E-01	8.109587E-02
7.455546E+03	-1.691411E+01	1.137473E-01	8.109900E-02
7.455746E+03	-1.691393E+01	1.140200E-01	8.110213E-02
7.455946E+03	-1.691337E+01	1.141481E-01	8.110526E-02
7.456146E+03	-1.691315E+01	1.143704E-01	8.110839E-02
7.456346E+03	-1.691306E+01	1.145920E-01	8.111152E-02
7.456546E+03	-1.691298E+01	1.147794E-01	8.111464E-02
7.456746E+03	-1.691297E+01	1.144195E-01	8.111777E-02
7.456946E+03	-1.691276E+01	1.145943E-01	8.112090E-02
7.457146E+03	-1.691228E+01	1.144060E-01	8.112403E-02
7.457346E+03	-1.691245E+01	1.164409E-01	8.112716E-02
7.457546E+03	-1.691283E+01	1.161459E-01	8.113028E-02
7.457746E+03	-1.691309E+01	1.176632E-01	8.113341E-02
7.457947E+03	-1.691351E+01	1.177022E-01	8.113656E-02
7.458147E+03	-1.691381E+01	1.180455E-01	8.113968E-02
7.458347E+03	-1.691368E+01	1.187658E-01	8.114281E-02
7.458547E+03	-1.691337E+01	1.186880E-01	8.114594E-02
7.458747E+03	-1.691380E+01	1.189384E-01	8.114907E-02
7.458947E+03	-1.691392E+01	1.190252E-01	8.115219E-02
7.459147E+03	-1.691384E+01	1.188900E-01	8.115532E-02
7.459347E+03	-1.691422E+01	1.187639E-01	8.115845E-02
7.459547E+03	-1.691447E+01	1.188817E-01	8.116157E-02
7.459747E+03	-1.691430E+01	1.196083E-01	8.116470E-02
7.459947E+03	-1.691421E+01	1.202377E-01	8.116783E-02
7.460147E+03	-1.691446E+01	1.223901E-01	8.117096E-02
7.460347E+03	-1.691485E+01	1.232351E-01	8.117408E-02
7.460547E+03	-1.691502E+01	1.232797E-01	8.117721E-02
7.460747E+03	-1.691476E+01	1.233699E-01	8.118034E-02
7.460947E+03	-1.691445E+01	1.233059E-01	8.118346E-02
7.461147E+03	-1.691436E+01	1.225378E-01	8.118659E-02
7.461347E+03	-1.691445E+01	1.231468E-01	8.118972E-02
7.461547E+03	-1.691423E+01	1.231332E-01	8.119284E-02
7.461747E+03	-1.691414E+01	1.230702E-01	8.119597E-02
7.461947E+03	-1.691422E+01	1.231504E-01	8.119909E-02
7.462147E+03	-1.691435E+01	1.248161E-01	8.120222E-02
7.462347E+03	-1.691447E+01	1.258035E-01	8.120535E-02
7.462547E+03	-1.691460E+01	1.258753E-01	8.120847E-02
7.462747E+03	-1.691490E+01	1.262811E-01	8.121160E-02
7.463347E+03	-1.691528E+01	1.264413E-01	8.122097E-02
7.463547E+03	-1.691570E+01	1.271145E-01	8.122410E-02
7.463748E+03	-1.691613E+01	1.273444E-01	8.122724E-02
7.463948E+03	-1.691621E+01	1.271323E-01	8.123037E-02
7.464147E+03	-1.691656E+01	1.269137E-01	8.123348E-02
7.464347E+03	-1.691712E+01	1.265978E-01	8.123660E-02
7.464547E+03	-1.691742E+01	1.263095E-01	8.123973E-02
7.464747E+03	-1.691767E+01	1.256097E-01	8.124285E-02
7.464947E+03	-1.691819E+01	1.248190E-01	8.124598E-02
7.465147E+03	-1.691866E+01	1.248868E-01	8.124910E-02
7.465347E+03	-1.691910E+01	1.251403E-01	8.125223E-02
7.465547E+03	-1.691925E+01	1.250134E-01	8.125535E-02
7.465747E+03	-1.691908E+01	1.250236E-01	8.125847E-02
7.465947E+03	-1.691876E+01	1.255056E-01	8.126160E-02
7.466147E+03	-1.691861E+01	1.255863E-01	8.126472E-02
7.466347E+03	-1.691856E+01	1.251744E-01	8.126785E-02
7.466547E+03	-1.691847E+01	1.251841E-01	8.127097E-02
7.466747E+03	-1.691834E+01	1.251466E-01	8.127410E-02
7.466947E+03	-1.691816E+01	1.253178E-01	8.127722E-02
7.467147E+03	-1.691772E+01	1.253098E-01	8.128034E-02
7.467347E+03	-1.691729E+01	1.253883E-01	8.128347E-02
7.467547E+03	-1.691733E+01	1.252926E-01	8.128659E-02
7.467748E+03	-1.691750E+01	1.260138E-01	8.128973E-02
7.467948E+03	-1.691749E+01	1.265205E-01	8.129285E-02
7.468148E+03	-1.691766E+01	1.264930E-01	8.129598E-02
7.468348E+03	-1.691801E+01	1.263903E-01	8.129910E-02
7.468548E+03	-1.691848E+01	1.266160E-01	8.130222E-02
7.468748E+03	-1.691865E+01	1.266884E-01	8.130535E-02
7.468948E+03	-1.691903E+01	1.266205E-01	8.130847E-02
7.469148E+03	-1.691922E+01	1.266776E-01	8.131159E-02
7.469348E+03	-1.691905E+01	1.272957E-01	8.131472E-02
7.469548E+03	-1.691926E+01	1.276861E-01	8.131784E-02
7.469748E+03	-1.691905E+01	1.273870E-01	8.132096E-02
7.469948E+03	-1.691859E+01	1.277569E-01	8.132409E-02
7.470148E+03	-1.691875E+01	1.286599E-01	8.132721E-02
7.470348E+03	-1.691898E+01	1.286438E-01	8.133033E-02
7.470548E+03	-1.691929E+01	1.285830E-01	8.133345E-02
7.470748E+03	-1.691915E+01	1.285140E-01	8.133658E-02
7.470948E+03	-1.691917E+01	1.283334E-01	8.133970E-02
7.471148E+03	-1.691921E+01	1.284972E-01	8.134282E-02
7.471348E+03	-1.691920E+01	1.281915E-01	8.134594E-02
7.471548E+03	-1.691942E+01	1.276001E-01	8.134906E-02
7.471748E+03	-1.692006E+01	1.274876E-01	8.135219E-02
7.471948E+03	-1.691981E+01	1.273464E-01	8.135531E-02
7.472148E+03	-1.691961E+01	1.272615E-01	8.135843E-02
7.472348E+03	-1.691974E+01	1.270224E-01	8.136155E-02
7.472548E+03	-1.692045E+01	1.268435E-01	8.136467E-02
7.472749E+03	-1.692112E+01	1.268316E-01	8.136781E-02
7.472949E+03	-1.692138E+01	1.270742E-01	8.137093E-02
7.473149E+03	-1.692137E+01	1.270791E-01	8.137405E-02
7.473349E+03	-1.692161E+01	1.271521E-01	8.137718E-02
7.473549E+03	-1.692182E+01	1.273623E-01	8.138030E-02
7.473749E+03	-1.692174E+01	1.275330E-01	8.138342E-02
7.474149E+03	-1.692191E+01	1.282570E-01	8.138966E-02
7.474349E+03	-1.692247E+01	1.290430E-01	8.139278E-02
7.474549E+03	-1.692193E+01	1.295540E-01	8.139590E-02
7.474749E+03	-1.692113E+01	1.299882E-01	8.139902E-02
7.474949E+03	-1.692112E+01	1.301459E-01	8.140214E-02
7.475149E+03	-1.692134E+01	1.302853E-01	8.140526E-02
7.475349E+03	-1.692169E+01	1.303684E-01	8.140838E-02
7.475548E+03	-1.692197E+01	1.304188E-01	8.141149E-02
7.475748E+03	-1.692207E+01	1.303059E-01	8.141461E-02
7.475949E+03	-1.692233E+01	1.304053E-01	8.141775E-02
7.476149E+03	-1.692270E+01	1.304953E-01	8.142087E-02
7.476349E+03	-1.692291E+01	1.305774E-01	8.142399E-02
7.476548E+03	-1.692337E+01	1.311771E-01	8.142709E-02
7.476748E+03	-1.692358E+01	1.324121E-01	8.143021E-02
7.476948E+03	-1.692316E+01	1.323596E-01	8.143333E-02
7.477148E+03	-1.692273E+01	1.323457E-01	8.143645E-02
7.477348E+03	-1.692253E+01	1.319262E-01	8.143957E-02
7.477549E+03	-1.692243E+01	1.314863E-01	8.144270E-02
7.477749E+03	-1.692277E+01	1.317447E-01	8.144582E-02
7.477949E+03	-1.692304E+01	1.318185E-01	8.144894E-02
7.478149E+03	-1.692315E+01	1.318606E-01	8.145206E-02
7.478349E+03	-1.692366E+01	1.318673E-01	8.145518E-02
7.478549E+03	-1.692442E+01	1.316728E-01	8.145830E-02
7.478749E+03	-1.692503E+01	1.315972E-01	8.146142E-02
7.478949E+03	-1.692516E+01	1.316386E-01	8.146454E-02
7.479149E+03	-1.692508E+01	1.316027E-01	8.146766E-02
7.479349E+03	-1.692512E+01	1.314529E-01	8.147078E-02
7.479549E+03	-1.692538E+01	1.315052E-01	8.147390E-02
7.479749E+03	-1.692589E+01	1.316573E-01	8.147701E-02
7.479949E+03	-1.692649E+01	1.318485E-01	8.148013E-02
7.480149E+03	-1.692694E+01	1.319945E-01	8.148325E-02
7.480349E+03	-1.692715E+01	1.321034E-01	8.148637E-02
7.480549E+03	-1.692728E+01	1.317494E-01	8.148949E-02
7.480749E+03	-1.692717E+01	1.317052E-01	8.149261E-02
7.480949E+03	-1.692762E+01	1.318366E-01	8.149572E-02
7.481149E+03	-1.692776E+01	1.318944E-01	8.149884E-02
7.481349E+03	-1.692742E+01	1.320124E-01	8.150193E-02
7.481549E+03	-1.692793E+01	1.320814E-01	8.150486E-02
7.481749E+03	-1.692837E+01	1.323396E-01	8.150779E-02
7.481949E+03	-1.692854E+01	1.326044E-01	8.151072E-02
7.482149E+03	-1.692927E+01	1.330424E-01	8.151366E-02
7.482349E+03	-1.693013E+01	1.330608E-01	8.151659E-02
7.482550E+03	-1.693058E+01	1.328981E-01	8.151953E-02
7.482750E+03	-1.693100E+01	1.328895E-01	8.152247E-02
7.482950E+03	-1.693145E+01	1.331293E-01	8.152540E-02
7.483150E+03	-1.693175E+01	1.332822E-01	8.152833E-02
7.483350E+03	-1.693216E+01	1.335432E-01	8.153126E-02
7.483550E+03	-1.693277E+01	1.338566E-01	8.153419E-02
7.483750E+03	-1.693325E+01	1.343013E-01	8.153712E-02
7.483950E+03	-1.693329E+01	1.343916E-01	8.154005E-02
7.484150E+03	-1.693343E+01	1.342083E-01	8.154298E-02
7.484350E+03	-1.693362E+01	1.344690E-01	8.154592E-02
7.484550E+03	-1.693351E+01	1.344536E-01	8.154885E-02
7.484750E+03	-1.693372E+01	1.346945E-01	8.155178E-02
7.484950E+03	-1.693369E+01	1.344851E-01	8.155471E-02
7.485150E+03	-1.693356E+01	1.339262E-01	8.155764E-02
7.485350E+03	-1.693318E+01	1.338202E-01	8.156057E-02
7.485550E+03	-1.693307E+01	1.336657E-01	8.156350E-02
7.485750E+03	-1.693383E+01	1.334588E-01	8.156643E-02
7.485950E+03	-1.693492E+01	1.335354E-01	8.156936E-02
7.486150E+03	-1.693547E+01	1.335255E-01	8.157229E-02
7.486350E+03	-1.693555E+01	1.334105E-01	8.157522E-02
7.486550E+03	-1.693546E+01	1.333615E-01	8.157815E-02
7.486750E+03	-1.693551E+01	1.335200E-01	8.158108E-02
7.486950E+03	-1.693518E+01	1.333492E-01	8.158401E-02
7.487150E+03	-1.693489E+01	1.332502E-01	8.158694E-02
7.487350E+03	-1.693514E+01	1.333156E-01	8.158987E-02
7.487551E+03	-1.693542E+01	1.337687E-01	8.159282E-02
7.487751E+03	-1.693574E+01	1.354238E-01	8.159575E-02
7.487951E+03	-1.693566E+01	1.354196E-01	8.159868E-02
7.488150E+03	-1.693558E+01	1.359045E-01	8.160159E-02
7.488350E+03	-1.693608E+01	1.372228E-01	8.160452E-02
7.488551E+03	-1.693653E+01	1.372843E-01	8.160746E-02
7.488751E+03	-1.693679E+01	1.374444E-01	8.161039E-02
7.488950E+03	-1.693696E+01	1.370607E-01	8.161331E-02
7.489150E+03	-1.693716E+01	1.372597E-01	8.161624E-02
7.489350E+03	-1.693731E+01	1.372418E-01	8.161917E-02
7.489550E+03	-1.693784E+01	1.372812E-01	8.162210E-02
7.489750E+03	-1.693815E+01	1.374863E-01	8.162502E-02
7.489950E+03	-1.693903E+01	1.379710E-01	8.162795E-02
7.490150E+03	-1.694028E+01	1.389518E-01	8.163088E-02
7.490350E+03	-1.694102E+01	1.392376E-01	8.163381E-02
7.490550E+03	-1.694094E+01	1.397098E-01	8.163674E-02
7.490750E+03	-1.694095E+01	1.400528E-01	8.163967E-02
7.490950E+03	-1.694121E+01	1.395098E-01	8.164260E-02
7.491150E+03	-1.694097E+01	1.396773E-01	8.164552E-02
7.491350E+03	-1.694043E+01	1.399563E-01	8.164845E-02
7.491550E+03	-1.694008E+01	1.405947E-01	8.165138E-02
7.491750E+03	-1.694016E+01	1.402286E-01	8.165431E-02
7.491950E+03	-1.693982E+01	1.402154E-01	8.165724E-02
7.492150E+03	-1.693976E+01	1.402023E-01	8.166016E-02
7.492351E+03	-1.694021E+01	1.394713E-01	8.166311E-02
7.492551E+03	-1.694107E+01	1.385867E-01	8.166604E-02
7.492751E+03	-1.694191E+01	1.380398E-01	8.166896E-02
7.492951E+03	-1.694179E+01	1.379712E-01	8.167189E-02
7.493151E+03	-1.694143E+01	1.378732E-01	8.167482E-02
7.493351E+03	-1.694162E+01	1.379601E-01	8.167775E-02
7.493551E+03	-1.694176E+01	1.382788E-01	8.168067E-02
7.493751E+03	-1.694183E+01	1.379079E-01	8.168360E-02
7.493951E+03	-1.694208E+01	1.384665E-01	8.168653E-02
7.494151E+03	-1.694264E+01	1.386437E-01	8.168945E-02
7.494351E+03	-1.694304E+01	1.387591E-01	8.169238E-02
7.494551E+03	-1.694251E+01	1.392301E-01	8.169531E-02
7.494751E+03	-1.694252E+01	1.381967E-01	8.169824E-02
7.494951E+03	-1.694242E+01	1.385732E-01	8.170116E-02
7.495151E+03	-1.694209E+01	1.389096E-01	8.170409E-02
7.495351E+03	-1.694249E+01	1.389944E-01	8.170702E-02
7.495551E+03	-1.694305E+01	1.382759E-01	8.170994E-02
7.495751E+03	-1.694343E+01	1.379204E-01	8.171287E-02
7.495951E+03	-1.694441E+01	1.375559E-01	8.171580E-02
7.496151E+03	-1.694462E+01	1.376600E-01	8.171872E-02
7.496351E+03	-1.694424E+01	1.372866E-01	8.172165E-02
7.496551E+03	-1.694398E+01	1.372004E-01	8.172458E-02
7.496751E+03	-1.694379E+01	1.372712E-01	8.172750E-02
7.496951E+03	-1.694392E+01	1.367698E-01	8.173043E-02
7.497151E+03	-1.694421E+01	1.368321E-01	8.173335E-02
7.497352E+03	-1.694431E+01	1.378478E-01	8.173629E-02
7.497552E+03	-1.694470E+01	1.391677E-01	8.173922E-02
7.497752E+03	-1.694470E+01	1.384523E-01	8.174215E-02
7.497952E+03	-1.694408E+01	1.387147E-01	8.174507E-02
7.498152E+03	-1.694369E+01	1.386204E-01	8.174800E-02
7.498352E+03	-1.694318E+01	1.401760E-01	8.175092E-02
7.498552E+03	-1.694294E+01	1.422518E-01	8.175385E-02
7.498752E+03	-1.694318E+01	1.439860E-01	8.175677E-02
7.498952E+03	-1.694215E+01	1.455449E-01	8.175970E-02
7.499152E+03	-1.694133E+01	1.459786E-01	8.176262E-02
7.499352E+03	-1.694115E+01	1.469608E-01	8.176555E-02
7.499552E+03	-1.694130E+01	1.485890E-01	8.176847E-02
7.499752E+03	-1.694070E+01	1.498247E-01	8.177140E-02
7.499952E+03	-1.693974E+01	1.508435E-01	8.177432E-02
7.500152E+03	-1.693905E+01	1.513866E-01	8.177725E-02
7.500352E+03	-1.693829E+01	1.520513E-01	8.178017E-02
7.500552E+03	-1.693748E+01	1.527081E-01	8.178310E-02
7.500752E+03	-1.693655E+01	1.527954E-01	8.178602E-02
7.500952E+03	-1.693601E+01	1.527870E-01	8.178895E-02
7.501151E+03	-1.693562E+01	1.529847E-01	8.179186E-02
7.501351E+03	-1.693543E+01	1.535204E-01	8.179478E-02
7.501551E+03	-1.693497E+01	1.539686E-01	8.179771E-02
7.501752E+03	-1.693437E+01	1.537110E-01	8.180065E-02
7.501951E+03	-1.693367E+01	1.540148E-01	8.180355E-02
7.502152E+03	-1.693298E+01	1.535193E-01	8.180649E-02
7.502352E+03	-1.693241E+01	1.532252E-01	8.180942E-02
7.502552E+03	-1.693257E+01	1.530235E-01	8.181234E-02
7.502752E+03	-1.693328E+01	1.532423E-01	8.181526E-02
7.502952E+03	-1.693288E+01	1.530714E-01	8.181819E-02
7.503152E+03	-1.693248E+01	1.526388E-01	8.182111E-02
7.503352E+03	-1.693200E+01	1.525615E-01	8.182404E-02
7.503552E+03	-1.693117E+01	1.526974E-01	8.182696E-02
7.503752E+03	-1.693034E+01	1.532137E-01	8.182988E-02
7.503952E+03	-1.693009E+01	1.528800E-01	8.183281E-02
7.504152E+03	-1.692900E+01	1.524027E-01	8.183573E-02
7.504352E+03	-1.692794E+01	1.518407E-01	8.183865E-02
7.504552E+03	-1.692699E+01	1.516110E-01	8.184158E-02
7.504752E+03	-1.692582E+01	1.512848E-01	8.184450E-02
7.504952E+03	-1.692464E+01	1.533082E-01	8.184742E-02
7.505152E+03	-1.692374E+01	1.527566E-01	8.185034E-02
7.505352E+03	-1.692280E+01	1.524541E-01	8.185327E-02
7.505552E+03	-1.692197E+01	1.519606E-01	8.185619E-02
7.505752E+03	-1.692169E+01	1.500557E-01	8.185911E-02
7.505952E+03	-1.692149E+01	1.502268E-01	8.186204E-02
7.506152E+03	-1.692140E+01	1.499953E-01	8.186496E-02
7.506352E+03	-1.692152E+01	1.500376E-01	8.186788E-02
7.506552E+03	-1.692152E+01	1.499691E-01	8.187080E-02
7.506752E+03	-1.692105E+01	1.496954E-01	8.187373E-02
7.506952E+03	-1.692138E+01	1.507783E-01	8.187665E-02
7.507153E+03	-1.692151E+01	1.512719E-01	8.187958E-02
7.507353E+03	-1.692165E+01	1.513047E-01	8.188251E-02
7.507553E+03	-1.692166E+01	1.513283E-01	8.188543E-02
7.507753E+03	-1.692156E+01	1.519689E-01	8.188835E-02
7.507953E+03	-1.692132E+01	1.525045E-01	8.189127E-02
7.508153E+03	-1.692096E+01	1.517812E-01	8.189419E-02
7.508353E+03	-1.692052E+01	1.512312E-01	8.189712E-02
7.508553E+03	-1.692024E+01	1.495511E-01	8.190004E-02
7.508753E+03	-1.691977E+01	1.490810E-01	8.190296E-02
7.508953E+03	-1.691930E+01	1.490284E-01	8.190588E-02
7.509153E+03	-1.691888E+01	1.489373E-01	8.190880E-02
7.509353E+03	-1.691829E+01	1.491417E-01	8.191172E-02
7.509553E+03	-1.691774E+01	1.488917E-01	8.191464E-02
7.509753E+03	-1.691708E+01	1.492365E-01	8.191756E-02
7.509953E+03	-1.691695E+01	1.502531E-01	8.192049E-02
7.510153E+03	-1.691760E+01	1.509728E-01	8.192341E-02
7.510353E+03	-1.691803E+01	1.515102E-01	8.192633E-02
7.510553E+03	-1.691831E+01	1.503631E-01	8.192925E-02
7.510753E+03	-1.691798E+01	1.495715E-01	8.193217E-02
7.510953E+03	-1.691836E+01	1.496800E-01	8.193509E-02
7.511153E+03	-1.691863E+01	1.501151E-01	8.193801E-02
7.511353E+03	-1.691767E+01	1.497229E-01	8.194093E-02
7.511553E+03	-1.691736E+01	1.490806E-01	8.194385E-02
7.511753E+03	-1.691723E+01	1.488236E-01	8.194677E-02
7.511953E+03	-1.691723E+01	1.489059E-01	8.194969E-02
7.512154E+03	-1.691735E+01	1.491153E-01	8.195263E-02
7.512354E+03	-1.691739E+01	1.490998E-01	8.195555E-02
7.512554E+03	-1.691756E+01	1.488948E-01	8.195847E-02
7.512754E+03	-1.691773E+01	1.488935E-01	8.196139E-02
7.512954E+03	-1.691773E+01	1.488197E-01	8.196431E-02
7.513154E+03	-1.691795E+01	1.489376E-01	8.196723E-02
7.513354E+03	-1.691833E+01	1.487530E-01	8.197015E-02
7.513553E+03	-1.691885E+01	1.493118E-01	8.197305E-02
7.513753E+03	-1.691942E+01	1.496998E-01	8.197597E-02
7.513953E+03	-1.691971E+01	1.492162E-01	8.197889E-02
7.514154E+03	-1.692034E+01	1.494425E-01	8.198182E-02
7.514354E+03	-1.691975E+01	1.492545E-01	8.198474E-02
7.514553E+03	-1.691858E+01	1.490569E-01	8.198765E-02
7.514753E+03	-1.691758E+01	1.488315E-01	8.199057E-02
7.514953E+03	-1.691701E+01	1.486255E-01	8.199349E-02
7.515153E+03	-1.691688E+01	1.485594E-01	8.199641E-02
7.515353E+03	-1.691692E+01	1.490031E-01	8.199932E-02
7.515553E+03	-1.691696E+01	1.489703E-01	8.200224E-02
7.515753E+03	-1.691778E+01	1.481116E-01	8.200516E-02
7.515953E+03	-1.691816E+01	1.482115E-01	8.200808E-02
7.516153E+03	-1.691751E+01	1.480358E-01	8.201100E-02
7.516353E+03	-1.691703E+01	1.479383E-01	8.201392E-02
7.516553E+03	-1.691699E+01	1.483569E-01	8.201684E-02
7.516753E+03	-1.691737E+01	1.484772E-01	8.201975E-02
7.516954E+03	-1.691746E+01	1.486717E-01	8.202269E-02
7.517154E+03	-1.691711E+01	1.487784E-01	8.202561E-02
7.517354E+03	-1.691676E+01	1.494609E-01	8.202852E-02
7.517554E+03	-1.691615E+01	1.490925E-01	8.203144E-02
7.517754E+03	-1.691584E+01	1.493517E-01	8.203436E-02
7.517954E+03	-1.691653E+01	1.493388E-01	8.203728E-02
7.518154E+03	-1.691727E+01	1.490372E-01	8.204020E-02
7.518354E+03	-1.691757E+01	1.492413E-01	8.204311E-02
7.518554E+03	-1.691752E+01	1.492307E-01	8.204603E-02
7.518754E+03	-1.691730E+01	1.490825E-01	8.204895E-02
7.518954E+03	-1.691717E+01	1.489121E-01	8.205187E-02
7.519154E+03	-1.691686E+01	1.492067E-01	8.205478E-02
7.519354E+03	-1.691690E+01	1.508203E-01	8.205770E-02
7.519554E+03	-1.691712E+01	1.507482E-01	8.206062E-02
7.519754E+03	-1.691659E+01	1.505678E-01	8.206354E-02
7.519954E+03	-1.691594E+01	1.512336E-01	8.206645E-02
7.520154E+03	-1.691520E+01	1.510601E-01	8.206937E-02
7.520354E+03	-1.691481E+01	1.508518E-01	8.207229E-02
7.520554E+03	-1.691520E+01	1.507796E-01	8.207520E-02
7.520754E+03	-1.691545E+01	1.509386E-01	8.207812E-02
7.520954E+03	-1.691506E+01	1.512567E-01	8.208104E-02
7.521154E+03	-1.691420E+01	1.518007E-01	8.208395E-02
7.521354E+03	-1.691424E+01	1.518330E-01	8.208687E-02
7.521554E+03	-1.691505E+01	1.519556E-01	8.208979E-02
7.521754E+03	-1.691591E+01	1.518950E-01	8.209270E-02
7.522155E+03	-1.691582E+01	1.512942E-01	8.209855E-02
7.522355E+03	-1.691504E+01	1.503808E-01	8.210147E-02
7.522555E+03	-1.691469E+01	1.495889E-01	8.210438E-02
7.522755E+03	-1.691469E+01	1.487784E-01	8.210730E-02
7.522955E+03	-1.691495E+01	1.486816E-01	8.211022E-02
7.523155E+03	-1.691520E+01	1.486537E-01	8.211313E-02
7.523355E+03	-1.691524E+01	1.487807E-01	8.211605E-02
7.523555E+03	-1.691584E+01	1.490702E-01	8.211896E-02
7.523755E+03	-1.691640E+01	1.496788E-01	8.212188E-02
7.523955E+03	-1.691649E+01	1.497000E-01	8.212479E-02
7.524555E+03	-1.691657E+01	1.497818E-01	8.213354E-02
7.524755E+03	-1.691604E+01	1.492871E-01	8.213646E-02
7.524955E+03	-1.691569E+01	1.488831E-01	8.213937E-02
7.525155E+03	-1.691682E+01	1.481471E-01	8.214229E-02
7.525355E+03	-1.691742E+01	1.483239E-01	8.214520E-02
7.525555E+03	-1.691672E+01	1.480266E-01	8.214812E-02
7.525755E+03	-1.691586E+01	1.478054E-01	8.215103E-02
7.525954E+03	-1.691620E+01	1.480443E-01	8.215393E-02
7.526154E+03	-1.691659E+01	1.482594E-01	8.215685E-02
7.526355E+03	-1.691658E+01	1.484283E-01	8.215978E-02
7.526555E+03	-1.691628E+01	1.485109E-01	8.216269E-02
7.526756E+03	-1.691554E+01	1.483677E-01	8.216562E-02
7.526956E+03	-1.691497E+01	1.483315E-01	8.216853E-02
7.527155E+03	-1.691501E+01	1.485490E-01	8.217143E-02
7.527355E+03	-1.691531E+01	1.488985E-01	8.217435E-02
7.527555E+03	-1.691553E+01	1.490114E-01	8.217726E-02
7.527755E+03	-1.691557E+01	1.495274E-01	8.218018E-02
7.527955E+03	-1.691535E+01	1.499972E-01	8.218309E-02
7.528155E+03	-1.691548E+01	1.500506E-01	8.218600E-02
7.528355E+03	-1.691478E+01	1.498639E-01	8.218892E-02
7.528555E+03	-1.691323E+01	1.493258E-01	8.219183E-02
7.528755E+03	-1.691280E+01	1.491696E-01	8.219475E-02
7.528955E+03	-1.691344E+01	1.496921E-01	8.219766E-02
7.529155E+03	-1.691228E+01	1.498033E-01	8.220057E-02
7.529355E+03	-1.691283E+01	1.499357E-01	8.220349E-02
7.529555E+03	-1.691253E+01	1.497934E-01	8.220640E-02
7.529755E+03	-1.691278E+01	1.497105E-01	8.220931E-02
7.529955E+03	-1.691226E+01	1.493659E-01	8.221223E-02
7.530155E+03	-1.691205E+01	1.493265E-01	8.221514E-02
7.530355E+03	-1.691239E+01	1.500965E-01	8.221805E-02
7.530555E+03	-1.691268E+01	1.500844E-01	8.222097E-02
7.530755E+03	-1.691302E+01	1.504223E-01	8.222388E-02
7.530955E+03	-1.691405E+01	1.507802E-01	8.222679E-02
7.531155E+03	-1.691453E+01	1.511991E-01	8.222970E-02
7.531355E+03	-1.691482E+01	1.513301E-01	8.223262E-02
7.531555E+03	-1.691482E+01	1.514078E-01	8.223553E-02
7.531756E+03	-1.691391E+01	1.510539E-01	8.223846E-02
7.531956E+03	-1.691241E+01	1.504330E-01	8.224137E-02
7.532156E+03	-1.691266E+01	1.504192E-01	8.224428E-02
7.532356E+03	-1.691360E+01	1.506954E-01	8.224719E-02
7.532556E+03	-1.691438E+01	1.511627E-01	8.225011E-02
7.532756E+03	-1.691446E+01	1.511453E-01	8.225302E-02
7.532956E+03	-1.691424E+01	1.510790E-01	8.225593E-02
7.533156E+03	-1.691437E+01	1.511757E-01	8.225884E-02
7.533356E+03	-1.691419E+01	1.511415E-01	8.226175E-02
7.533556E+03	-1.691410E+01	1.511030E-01	8.226467E-02
7.533756E+03	-1.691419E+01	1.512234E-01	8.226758E-02
7.533956E+03	-1.691431E+01	1.514321E-01	8.227049E-02
7.534156E+03	-1.691461E+01	1.516797E-01	8.227340E-02
7.534356E+03	-1.691517E+01	1.518671E-01	8.227631E-02
7.534556E+03	-1.691525E+01	1.522082E-01	8.227922E-02
7.534756E+03	-1.691529E+01	1.526293E-01	8.228214E-02
7.534956E+03	-1.691542E+01	1.528995E-01	8.228505E-02
7.535156E+03	-1.691507E+01	1.528168E-01	8.228796E-02
7.535356E+03	-1.691451E+01	1.528308E-01	8.229087E-02
7.535556E+03	-1.691459E+01	1.529862E-01	8.229378E-02
7.535756E+03	-1.691506E+01	1.532527E-01	8.229669E-02
7.535956E+03	-1.691571E+01	1.532308E-01	8.229960E-02
7.536156E+03	-1.691614E+01	1.520983E-01	8.230251E-02
7.536356E+03	-1.691609E+01	1.521048E-01	8.230542E-02
7.536557E+03	-1.691561E+01	1.514844E-01	8.230835E-02
7.536757E+03	-1.691466E+01	1.501011E-01	8.231126E-02
7.536957E+03	-1.691367E+01	1.497290E-01	8.231417E-02
7.537157E+03	-1.691289E+01	1.492820E-01	8.231708E-02
7.537357E+03	-1.691216E+01	1.493745E-01	8.231999E-02
7.537557E+03	-1.691155E+01	1.490527E-01	8.232290E-02
7.537757E+03	-1.691134E+01	1.489878E-01	8.232581E-02
7.537957E+03	-1.691121E+01	1.485287E-01	8.232872E-02
7.538157E+03	-1.691090E+01	1.482895E-01	8.233163E-02
7.538357E+03	-1.691064E+01	1.479926E-01	8.233454E-02
7.538556E+03	-1.691043E+01	1.472065E-01	8.233744E-02
7.538757E+03	-1.691072E+01	1.474960E-01	8.234036E-02
7.538957E+03	-1.691055E+01	1.471389E-01	8.234327E-02
7.539157E+03	-1.690939E+01	1.463784E-01	8.234618E-02
7.539356E+03	-1.690892E+01	1.462291E-01	8.234908E-02
7.539556E+03	-1.690884E+01	1.461068E-01	8.235199E-02
7.539757E+03	-1.690836E+01	1.455924E-01	8.235491E-02
7.539956E+03	-1.690849E+01	1.458860E-01	8.235781E-02
7.540156E+03	-1.690921E+01	1.471814E-01	8.236072E-02
7.540356E+03	-1.690933E+01	1.469264E-01	8.236362E-02
7.540556E+03	-1.690920E+01	1.468747E-01	8.236653E-02
7.540756E+03	-1.690929E+01	1.469887E-01	8.236944E-02
7.540956E+03	-1.690928E+01	1.469844E-01	8.237235E-02
7.541156E+03	-1.690873E+01	1.468781E-01	8.237526E-02
7.541356E+03	-1.690796E+01	1.469338E-01	8.237817E-02
7.541557E+03	-1.690757E+01	1.469574E-01	8.238109E-02
7.541757E+03	-1.690727E+01	1.469205E-01	8.238400E-02
7.541957E+03	-1.690706E+01	1.466242E-01	8.238691E-02
7.542157E+03	-1.690701E+01	1.464912E-01	8.238982E-02
7.542357E+03	-1.690710E+01	1.460832E-01	8.239273E-02
7.542557E+03	-1.690684E+01	1.459977E-01	8.239564E-02
7.542757E+03	-1.690671E+01	1.461921E-01	8.239854E-02
7.542957E+03	-1.690658E+01	1.453618E-01	8.240145E-02
7.543157E+03	-1.690624E+01	1.452274E-01	8.240436E-02
7.543357E+03	-1.690628E+01	1.449834E-01	8.240727E-02
7.543557E+03	-1.690644E+01	1.444982E-01	8.241018E-02
7.543757E+03	-1.690648E+01	1.443048E-01	8.241308E-02
7.543957E+03	-1.690593E+01	1.439066E-01	8.241599E-02
7.544157E+03	-1.690462E+01	1.434314E-01	8.241890E-02
7.544357E+03	-1.690344E+01	1.430931E-01	8.242181E-02
7.544557E+03	-1.690284E+01	1.428533E-01	8.242472E-02
7.544757E+03	-1.690293E+01	1.437963E-01	8.242762E-02
7.544957E+03	-1.690360E+01	1.440948E-01	8.243053E-02
7.545157E+03	-1.690439E+01	1.441539E-01	8.243344E-02
7.545357E+03	-1.690477E+01	1.444233E-01	8.243635E-02
7.545557E+03	-1.690481E+01	1.452976E-01	8.243925E-02
7.545757E+03	-1.690489E+01	1.444949E-01	8.244216E-02
7.545957E+03	-1.690506E+01	1.436902E-01	8.244507E-02
7.546157E+03	-1.690514E+01	1.438236E-01	8.244797E-02
7.546357E+03	-1.690547E+01	1.437666E-01	8.245088E-02
7.546558E+03	-1.690589E+01	1.419828E-01	8.245380E-02
7.546758E+03	-1.690580E+01	1.400614E-01	8.245671E-02
7.546958E+03	-1.690584E+01	1.382277E-01	8.245962E-02
7.547158E+03	-1.690605E+01	1.369288E-01	8.246252E-02
7.547358E+03	-1.690575E+01	1.354661E-01	8.246543E-02
7.547558E+03	-1.690499E+01	1.338579E-01	8.246834E-02
7.547758E+03	-1.690494E+01	1.324737E-01	8.247124E-02
7.547958E+03	-1.690494E+01	1.311026E-01	8.247415E-02
7.548158E+03	-1.690460E+01	1.295885E-01	8.247705E-02
7.548358E+03	-1.690460E+01	1.281890E-01	8.247996E-02
7.548558E+03	-1.690519E+01	1.271265E-01	8.248287E-02
7.548758E+03	-1.690527E+01	1.259226E-01	8.248577E-02
7.548958E+03	-1.690564E+01	1.248116E-01	8.248868E-02
7.549158E+03	-1.690577E+01	1.236602E-01	8.249158E-02
7.549358E+03	-1.690539E+01	1.223990E-01	8.249449E-02
7.549558E+03	-1.690572E+01	1.214418E-01	8.249740E-02
7.549758E+03	-1.690555E+01	1.205453E-01	8.250030E-02
7.549958E+03	-1.690462E+01	1.200729E-01	8.250321E-02
7.550158E+03	-1.690344E+01	1.202393E-01	8.250611E-02
7.550358E+03	-1.690297E+01	1.190026E-01	8.250902E-02
7.550558E+03	-1.690288E+01	1.188494E-01	8.251192E-02
7.550758E+03	-1.690296E+01	1.188724E-01	8.251483E-02
7.550958E+03	-1.690313E+01	1.186116E-01	8.251773E-02
7.551158E+03	-1.690342E+01	1.186374E-01	8.252064E-02
7.551359E+03	-1.690380E+01	1.187619E-01	8.252356E-02
7.551559E+03	-1.690388E+01	1.190122E-01	8.252646E-02
7.551758E+03	-1.690379E+01	1.187408E-01	8.252935E-02
7.551958E+03	-1.690379E+01	1.182737E-01	8.253226E-02
7.552158E+03	-1.690374E+01	1.173113E-01	8.253516E-02
7.552359E+03	-1.690357E+01	1.175855E-01	8.253808E-02
7.552558E+03	-1.690391E+01	1.179124E-01	8.254097E-02
7.552758E+03	-1.690403E+01	1.179256E-01	8.254388E-02
7.552958E+03	-1.690335E+01	1.175874E-01	8.254678E-02
7.553158E+03	-1.690339E+01	1.173634E-01	8.254969E-02
7.553358E+03	-1.690432E+01	1.148666E-01	8.255259E-02
7.553558E+03	-1.690448E+01	1.151346E-01	8.255549E-02
7.553758E+03	-1.690427E+01	1.146575E-01	8.255840E-02
7.553958E+03	-1.690439E+01	1.148552E-01	8.256130E-02
7.554158E+03	-1.690468E+01	1.152453E-01	8.256421E-02
7.554358E+03	-1.690514E+01	1.151322E-01	8.256711E-02
7.554558E+03	-1.690531E+01	1.142436E-01	8.257001E-02
7.554758E+03	-1.690501E+01	1.149551E-01	8.257292E-02
7.554958E+03	-1.690400E+01	1.147508E-01	8.257582E-02
7.555158E+03	-1.690319E+01	1.137412E-01	8.257872E-02
7.555358E+03	-1.690336E+01	1.123052E-01	8.258163E-02
7.555558E+03	-1.690357E+01	1.117875E-01	8.258453E-02
7.555758E+03	-1.690348E+01	1.117658E-01	8.258743E-02
7.555958E+03	-1.690348E+01	1.122832E-01	8.259034E-02
7.556158E+03	-1.690339E+01	1.118619E-01	8.259324E-02
7.556359E+03	-1.690293E+01	1.107096E-01	8.259616E-02
7.556559E+03	-1.690254E+01	1.106091E-01	8.259906E-02
7.556759E+03	-1.690275E+01	1.109229E-01	8.260196E-02
7.556959E+03	-1.690262E+01	1.114449E-01	8.260487E-02
7.557159E+03	-1.690224E+01	1.111970E-01	8.260777E-02
7.557359E+03	-1.690199E+01	1.111242E-01	8.261067E-02
7.557559E+03	-1.690211E+01	1.107581E-01	8.261358E-02
7.557759E+03	-1.690244E+01	1.101639E-01	8.261648E-02
7.557959E+03	-1.690227E+01	1.102933E-01	8.261938E-02
7.558159E+03	-1.690223E+01	1.092845E-01	8.262228E-02
7.558359E+03	-1.690260E+01	1.084813E-01	8.262519E-02
7.558559E+03	-1.690281E+01	1.093023E-01	8.262809E-02
7.558759E+03	-1.690251E+01	1.088548E-01	8.263099E-02
7.558959E+03	-1.690192E+01	1.083054E-01	8.263389E-02
7.559159E+03	-1.690150E+01	1.085276E-01	8.263679E-02
7.559359E+03	-1.690120E+01	1.084627E-01	8.263970E-02
7.559559E+03	-1.690103E+01	1.078103E-01	8.264260E-02
7.559759E+03	-1.690070E+01	1.077231E-01	8.264550E-02
7.559959E+03	-1.690053E+01	1.088180E-01	8.264840E-02
7.560159E+03	-1.690052E+01	1.098207E-01	8.265130E-02
7.560359E+03	-1.690019E+01	1.107800E-01	8.265420E-02
7.560559E+03	-1.689968E+01	1.106690E-01	8.265711E-02
7.560759E+03	-1.689964E+01	1.106500E-01	8.266001E-02
7.560959E+03	-1.689997E+01	1.107852E-01	8.266291E-02
7.561160E+03	-1.690034E+01	1.109646E-01	8.266582E-02
7.561360E+03	-1.690017E+01	1.110972E-01	8.266873E-02
7.561560E+03	-1.689950E+01	1.111809E-01	8.267163E-02
7.561760E+03	-1.689862E+01	1.113067E-01	8.267453E-02
7.561960E+03	-1.689854E+01	1.113394E-01	8.267743E-02
7.562160E+03	-1.689895E+01	1.118666E-01	8.268033E-02
7.562360E+03	-1.689887E+01	1.129648E-01	8.268323E-02
7.562560E+03	-1.689907E+01	1.141975E-01	8.268613E-02
7.562760E+03	-1.689940E+01	1.157855E-01	8.268903E-02
7.562960E+03	-1.689969E+01	1.172854E-01	8.269193E-02
7.563160E+03	-1.689990E+01	1.190899E-01	8.269483E-02
7.563360E+03	-1.689964E+01	1.190463E-01	8.269773E-02
7.563560E+03	-1.689939E+01	1.191486E-01	8.270063E-02
7.563760E+03	-1.689939E+01	1.182943E-01	8.270353E-02
7.563959E+03	-1.689959E+01	1.189432E-01	8.270642E-02
7.564159E+03	-1.689938E+01	1.193903E-01	8.270932E-02
7.564359E+03	-1.689867E+01	1.185344E-01	8.271222E-02
7.564560E+03	-1.689813E+01	1.180378E-01	8.271513E-02
7.564760E+03	-1.689783E+01	1.179298E-01	8.271803E-02
7.564959E+03	-1.689708E+01	1.174411E-01	8.272092E-02
7.565159E+03	-1.689634E+01	1.187461E-01	8.272382E-02
7.565359E+03	-1.689559E+01	1.197202E-01	8.272672E-02
7.565559E+03	-1.689513E+01	1.183775E-01	8.272962E-02
7.565759E+03	-1.689496E+01	1.167896E-01	8.273252E-02
7.565959E+03	-1.689475E+01	1.169445E-01	8.273542E-02
7.566160E+03	-1.689463E+01	1.164742E-01	8.273833E-02
7.566360E+03	-1.689438E+01	1.167293E-01	8.274123E-02
7.566560E+03	-1.689429E+01	1.181818E-01	8.274413E-02
7.566760E+03	-1.689421E+01	1.195350E-01	8.274703E-02
7.566960E+03	-1.689392E+01	1.202089E-01	8.274993E-02
7.567160E+03	-1.689330E+01	1.196807E-01	8.275283E-02
7.567360E+03	-1.689255E+01	1.207778E-01	8.275573E-02
7.567560E+03	-1.689235E+01	1.211390E-01	8.275862E-02
7.567760E+03	-1.689181E+01	1.198928E-01	8.276152E-02
7.567960E+03	-1.689185E+01	1.218253E-01	8.276442E-02
7.568160E+03	-1.689189E+01	1.235902E-01	8.276732E-02
7.568360E+03	-1.689106E+01	1.238563E-01	8.277022E-02
7.568560E+03	-1.689008E+01	1.263228E-01	8.277312E-02
7.568760E+03	-1.688955E+01	1.266577E-01	8.277602E-02
7.568960E+03	-1.688975E+01	1.267497E-01	8.277891E-02
7.569160E+03	-1.688999E+01	1.268456E-01	8.278181E-02
7.569360E+03	-1.689015E+01	1.262853E-01	8.278471E-02
7.569560E+03	-1.689023E+01	1.256764E-01	8.278761E-02
7.569760E+03	-1.688986E+01	1.266346E-01	8.279051E-02
7.569960E+03	-1.688945E+01	1.273754E-01	8.279340E-02
7.570160E+03	-1.688965E+01	1.290819E-01	8.279630E-02
7.570360E+03	-1.689001E+01	1.291869E-01	8.279920E-02
7.570560E+03	-1.688993E+01	1.292116E-01	8.280210E-02
7.570760E+03	-1.688907E+01	1.288921E-01	8.280499E-02
7.570960E+03	-1.688948E+01	1.289886E-01	8.280789E-02
7.571161E+03	-1.688931E+01	1.291805E-01	8.281080E-02
7.571361E+03	-1.688910E+01	1.311229E-01	8.281370E-02
7.571561E+03	-1.688857E+01	1.315407E-01	8.281660E-02
7.571761E+03	-1.688772E+01	1.313029E-01	8.281950E-02
7.572361E+03	-1.688722E+01	1.312652E-01	8.282819E-02
7.572561E+03	-1.688722E+01	1.333163E-01	8.283108E-02
7.572761E+03	-1.688709E+01	1.332425E-01	8.283398E-02
7.572961E+03	-1.688677E+01	1.332322E-01	8.283688E-02
7.573361E+03	-1.688688E+01	1.328321E-01	8.284267E-02
7.573561E+03	-1.688676E+01	1.327180E-01	8.284557E-02
7.573761E+03	-1.688647E+01	1.325545E-01	8.284846E-02
7.573961E+03	-1.688675E+01	1.325722E-01	8.285136E-02
7.574161E+03	-1.688711E+01	1.326268E-01	8.285426E-02
7.574361E+03	-1.688715E+01	1.326027E-01	8.285715E-02
7.574561E+03	-1.688682E+01	1.325038E-01	8.286005E-02
7.574761E+03	-1.688674E+01	1.325195E-01	8.286294E-02
7.574961E+03	-1.688678E+01	1.326210E-01	8.286584E-02
7.575161E+03	-1.688657E+01	1.327049E-01	8.286874E-02
7.575361E+03	-1.688612E+01	1.329734E-01	8.287163E-02
7.575561E+03	-1.688564E+01	1.333177E-01	8.287453E-02
7.575761E+03	-1.688511E+01	1.332697E-01	8.287742E-02
7.575962E+03	-1.688490E+01	1.358491E-01	8.288033E-02
7.576162E+03	-1.688494E+01	1.355149E-01	8.288323E-02
7.576362E+03	-1.688462E+01	1.349912E-01	8.288612E-02
7.576561E+03	-1.688433E+01	1.357251E-01	8.288901E-02
7.576761E+03	-1.688393E+01	1.388382E-01	8.289190E-02
7.576962E+03	-1.688344E+01	1.396647E-01	8.289481E-02
7.577162E+03	-1.688288E+01	1.397288E-01	8.289771E-02
7.577361E+03	-1.688223E+01	1.404684E-01	8.290059E-02
7.577561E+03	-1.688151E+01	1.417279E-01	8.290348E-02
7.577761E+03	-1.688074E+01	1.433096E-01	8.290638E-02
7.577961E+03	-1.688002E+01	1.446558E-01	8.290927E-02
7.578161E+03	-1.687942E+01	1.458068E-01	8.291217E-02
7.578361E+03	-1.687886E+01	1.467613E-01	8.291506E-02
7.578561E+03	-1.687838E+01	1.472398E-01	8.291795E-02
7.578761E+03	-1.687802E+01	1.470790E-01	8.292085E-02
7.578961E+03	-1.687723E+01	1.472940E-01	8.292374E-02
7.579161E+03	-1.687679E+01	1.472176E-01	8.292664E-02
7.579361E+03	-1.687671E+01	1.473530E-01	8.292953E-02
7.579561E+03	-1.687639E+01	1.470954E-01	8.293243E-02
7.579761E+03	-1.687587E+01	1.468543E-01	8.293532E-02
7.579961E+03	-1.687587E+01	1.470242E-01	8.293821E-02
7.580161E+03	-1.687547E+01	1.475654E-01	8.294111E-02
7.580361E+03	-1.687515E+01	1.475410E-01	8.294400E-02
7.580561E+03	-1.687499E+01	1.474165E-01	8.294690E-02
7.580761E+03	-1.687459E+01	1.472946E-01	8.294979E-02
7.580962E+03	-1.687404E+01	1.469112E-01	8.295270E-02
7.581162E+03	-1.687364E+01	1.466957E-01	8.295559E-02
7.581362E+03	-1.687372E+01	1.467537E-01	8.295849E-02
7.581562E+03	-1.687411E+01	1.467647E-01	8.296138E-02
7.581762E+03	-1.687505E+01	1.472304E-01	8.296427E-02
7.581962E+03	-1.687552E+01	1.475922E-01	8.296717E-02
7.582162E+03	-1.687505E+01	1.479519E-01	8.297006E-02
7.582362E+03	-1.687429E+01	1.483151E-01	8.297295E-02
7.582562E+03	-1.687354E+01	1.487909E-01	8.297584E-02
7.582762E+03	-1.687311E+01	1.487883E-01	8.297874E-02
7.582962E+03	-1.687350E+01	1.496536E-01	8.298163E-02
7.583162E+03	-1.687361E+01	1.499065E-01	8.298452E-02
7.583362E+03	-1.687338E+01	1.501158E-01	8.298742E-02
7.583562E+03	-1.687325E+01	1.510410E-01	8.299031E-02
7.583762E+03	-1.687349E+01	1.522034E-01	8.299320E-02
7.583962E+03	-1.687372E+01	1.521407E-01	8.299609E-02
7.584162E+03	-1.687356E+01	1.526004E-01	8.299899E-02
7.584362E+03	-1.687297E+01	1.523190E-01	8.300188E-02
7.584562E+03	-1.687265E+01	1.552402E-01	8.300477E-02
7.584762E+03	-1.687292E+01	1.554875E-01	8.300766E-02
7.584962E+03	-1.687331E+01	1.558402E-01	8.301056E-02
7.585162E+03	-1.687351E+01	1.561150E-01	8.301345E-02
7.585362E+03	-1.687354E+01	1.562313E-01	8.301634E-02
7.585562E+03	-1.687307E+01	1.560147E-01	8.301923E-02
7.585763E+03	-1.687283E+01	1.556555E-01	8.302214E-02
7.585963E+03	-1.687279E+01	1.556493E-01	8.302503E-02
7.586163E+03	-1.687235E+01	1.555105E-01	8.302792E-02
7.586563E+03	-1.687207E+01	1.555220E-01	8.303370E-02
7.586763E+03	-1.687195E+01	1.556914E-01	8.303660E-02
7.586963E+03	-1.687140E+01	1.558158E-01	8.303949E-02
7.587163E+03	-1.687124E+01	1.562444E-01	8.304238E-02
7.587363E+03	-1.687151E+01	1.568123E-01	8.304527E-02
7.587563E+03	-1.687182E+01	1.581114E-01	8.304816E-02
7.587763E+03	-1.687167E+01	1.586179E-01	8.305105E-02
7.587963E+03	-1.687143E+01	1.620558E-01	8.305394E-02
7.588163E+03	-1.687178E+01	1.647117E-01	8.305683E-02
7.588363E+03	-1.687154E+01	1.649083E-01	8.305972E-02
7.588563E+03	-1.687095E+01	1.641037E-01	8.306262E-02
7.588763E+03	-1.687083E+01	1.633291E-01	8.306551E-02
7.588963E+03	-1.687098E+01	1.633761E-01	8.306840E-02
7.589163E+03	-1.687145E+01	1.657234E-01	8.307129E-02
7.589363E+03	-1.687149E+01	1.664619E-01	8.307418E-02
7.589562E+03	-1.687160E+01	1.672503E-01	8.307705E-02
7.589762E+03	-1.687187E+01	1.679040E-01	8.307994E-02
7.590163E+03	-1.687163E+01	1.676763E-01	8.308574E-02
7.590362E+03	-1.687131E+01	1.676689E-01	8.308861E-02
7.590562E+03	-1.687131E+01	1.676376E-01	8.309150E-02
7.590763E+03	-1.687170E+01	1.682113E-01	8.309441E-02
7.590963E+03	-1.687189E+01	1.683694E-01	8.309730E-02
7.591163E+03	-1.687201E+01	1.686264E-01	8.310019E-02
7.591363E+03	-1.687236E+01	1.689202E-01	8.310308E-02
7.591563E+03	-1.687224E+01	1.696621E-01	8.310597E-02
7.591763E+03	-1.687188E+01	1.713098E-01	8.310886E-02
7.591963E+03	-1.687192E+01	1.719283E-01	8.311175E-02
7.592163E+03	-1.687176E+01	1.720033E-01	8.311464E-02
7.592363E+03	-1.687203E+01	1.722177E-01	8.311753E-02
7.592563E+03	-1.687222E+01	1.725540E-01	8.312041E-02
7.592763E+03	-1.687198E+01	1.724058E-01	8.312330E-02
7.592963E+03	-1.687194E+01	1.724098E-01	8.312619E-02
7.593163E+03	-1.687206E+01	1.727268E-01	8.312908E-02
7.593363E+03	-1.687201E+01	1.728130E-01	8.313197E-02
7.593563E+03	-1.687189E+01	1.730599E-01	8.313486E-02
7.593763E+03	-1.687166E+01	1.735926E-01	8.313775E-02
7.593963E+03	-1.687161E+01	1.737413E-01	8.314064E-02
7.594163E+03	-1.687165E+01	1.740818E-01	8.314353E-02
7.594363E+03	-1.687149E+01	1.738156E-01	8.314641E-02
7.594563E+03	-1.687145E+01	1.736826E-01	8.314930E-02
7.594763E+03	-1.687125E+01	1.746836E-01	8.315219E-02
7.595163E+03	-1.687097E+01	1.753082E-01	8.315797E-02
7.595363E+03	-1.687081E+01	1.752256E-01	8.316086E-02
7.595564E+03	-1.687093E+01	1.756324E-01	8.316376E-02
7.595764E+03	-1.687108E+01	1.762897E-01	8.316665E-02
7.595964E+03	-1.687116E+01	1.794490E-01	8.316954E-02
7.596164E+03	-1.687162E+01	1.802770E-01	8.317242E-02
7.596364E+03	-1.687225E+01	1.803257E-01	8.317531E-02
7.596564E+03	-1.687244E+01	1.801287E-01	8.317820E-02
7.596764E+03	-1.687267E+01	1.799713E-01	8.318109E-02
7.596964E+03	-1.687255E+01	1.796794E-01	8.318397E-02
7.597164E+03	-1.687219E+01	1.797921E-01	8.318686E-02
7.597364E+03	-1.687235E+01	1.799942E-01	8.318975E-02
7.597564E+03	-1.687207E+01	1.797356E-01	8.319264E-02
7.597764E+03	-1.687164E+01	1.794478E-01	8.319552E-02
7.597964E+03	-1.687175E+01	1.804321E-01	8.319841E-02
7.598164E+03	-1.687238E+01	1.810848E-01	8.320130E-02
7.598364E+03	-1.687312E+01	1.823856E-01	8.320418E-02
7.598564E+03	-1.687319E+01	1.827486E-01	8.320707E-02
7.598764E+03	-1.687268E+01	1.832990E-01	8.320996E-02
7.598964E+03	-1.687248E+01	1.868439E-01	8.321285E-02
7.599164E+03	-1.687272E+01	1.865175E-01	8.321573E-02
7.599364E+03	-1.687279E+01	1.867199E-01	8.321862E-02
7.599564E+03	-1.687287E+01	1.868204E-01	8.322151E-02
7.600164E+03	-1.687301E+01	1.875438E-01	8.323016E-02
7.600364E+03	-1.687297E+01	1.884181E-01	8.323305E-02
7.600565E+03	-1.687258E+01	1.885107E-01	8.323595E-02
7.600965E+03	-1.687261E+01	1.885434E-01	8.324172E-02
7.601365E+03	-1.687331E+01	1.887955E-01	8.324750E-02
7.601565E+03	-1.687390E+01	1.895676E-01	8.325038E-02
7.601765E+03	-1.687421E+01	1.903154E-01	8.325327E-02
7.601965E+03	-1.687409E+01	1.902204E-01	8.325615E-02
7.602164E+03	-1.687369E+01	1.899773E-01	8.325902E-02
7.602364E+03	-1.687357E+01	1.912351E-01	8.326191E-02
7.602964E+03	-1.687356E+01	1.954817E-01	8.327057E-02
7.603164E+03	-1.687340E+01	1.957961E-01	8.327345E-02
7.603364E+03	-1.687320E+01	1.967133E-01	8.327634E-02
7.603564E+03	-1.687363E+01	1.996386E-01	8.327922E-02
7.603764E+03	-1.687418E+01	2.002189E-01	8.328211E-02
7.603964E+03	-1.687426E+01	2.004206E-01	8.328499E-02
7.604364E+03	-1.687394E+01	2.003540E-01	8.329076E-02
7.604564E+03	-1.687346E+01	2.000970E-01	8.329365E-02
7.604764E+03	-1.687326E+01	2.000694E-01	8.329653E-02
7.604964E+03	-1.687291E+01	1.998202E-01	8.329941E-02
7.605164E+03	-1.687228E+01	1.992728E-01	8.330230E-02
7.605364E+03	-1.687196E+01	1.990820E-01	8.330518E-02
7.605765E+03	-1.687176E+01	2.008681E-01	8.331097E-02
7.605965E+03	-1.687152E+01	2.017536E-01	8.331385E-02
7.606165E+03	-1.687132E+01	2.018466E-01	8.331673E-02
7.606365E+03	-1.687124E+01	2.019119E-01	8.331962E-02
7.606565E+03	-1.687128E+01	2.036396E-01	8.332250E-02
7.606765E+03	-1.687143E+01	2.077671E-01	8.332539E-02
7.606965E+03	-1.687119E+01	2.077331E-01	8.332827E-02
7.607165E+03	-1.687072E+01	2.088802E-01	8.333115E-02
7.607565E+03	-1.687044E+01	2.091509E-01	8.333692E-02
7.607765E+03	-1.687032E+01	2.088837E-01	8.333980E-02
7.607965E+03	-1.687063E+01	2.089871E-01	8.334269E-02
7.608165E+03	-1.687086E+01	2.090492E-01	8.334557E-02
7.608765E+03	-1.687062E+01	2.089129E-01	8.335422E-02
7.608965E+03	-1.687038E+01	2.087339E-01	8.335710E-02
7.609165E+03	-1.687030E+01	2.085753E-01	8.335999E-02
7.609365E+03	-1.687042E+01	2.087604E-01	8.336287E-02
7.609565E+03	-1.687080E+01	2.090733E-01	8.336575E-02
7.609765E+03	-1.687092E+01	2.087663E-01	8.336864E-02
7.609965E+03	-1.687084E+01	2.087248E-01	8.337152E-02
7.610165E+03	-1.687060E+01	2.085692E-01	8.337440E-02
7.610366E+03	-1.687040E+01	2.082568E-01	8.337730E-02
7.610566E+03	-1.687012E+01	2.084223E-01	8.338018E-02
7.610766E+03	-1.686993E+01	2.094481E-01	8.338306E-02
7.611166E+03	-1.686988E+01	2.094605E-01	8.338883E-02
7.611366E+03	-1.687007E+01	2.098433E-01	8.339171E-02
7.611566E+03	-1.687046E+01	2.111020E-01	8.339459E-02
7.611766E+03	-1.687085E+01	2.118588E-01	8.339747E-02
7.611966E+03	-1.687073E+01	2.118797E-01	8.340035E-02
7.612166E+03	-1.687116E+01	2.121131E-01	8.340324E-02
7.612366E+03	-1.687166E+01	2.131254E-01	8.340612E-02
7.612566E+03	-1.687186E+01	2.139424E-01	8.340900E-02
7.612766E+03	-1.687221E+01	2.142339E-01	8.341188E-02
7.612966E+03	-1.687224E+01	2.142533E-01	8.341476E-02
7.613166E+03	-1.687224E+01	2.141160E-01	8.341764E-02
7.613366E+03	-1.687216E+01	2.141871E-01	8.342053E-02
7.613566E+03	-1.687215E+01	2.139205E-01	8.342341E-02
7.613766E+03	-1.687211E+01	2.137287E-01	8.342629E-02
7.613966E+03	-1.687215E+01	2.134265E-01	8.342917E-02
7.614365E+03	-1.687246E+01	2.129844E-01	8.343492E-02
7.614565E+03	-1.687253E+01	2.124539E-01	8.343780E-02
7.614766E+03	-1.687222E+01	2.113906E-01	8.344069E-02
7.614966E+03	-1.687194E+01	2.121976E-01	8.344357E-02
7.615166E+03	-1.687209E+01	2.123723E-01	8.344645E-02
7.615367E+03	-1.687201E+01	2.123731E-01	8.344935E-02
7.615566E+03	-1.687181E+01	2.122147E-01	8.345222E-02
7.615766E+03	-1.687169E+01	2.120162E-01	8.345510E-02
7.615966E+03	-1.687200E+01	2.137372E-01	8.345798E-02
7.616166E+03	-1.687259E+01	2.146745E-01	8.346086E-02
7.616366E+03	-1.687302E+01	2.153085E-01	8.346374E-02
7.616566E+03	-1.687329E+01	2.155236E-01	8.346662E-02
7.616766E+03	-1.687368E+01	2.150224E-01	8.346950E-02
7.616966E+03	-1.687395E+01	2.151667E-01	8.347238E-02
7.617166E+03	-1.687375E+01	2.160531E-01	8.347526E-02
7.617366E+03	-1.687375E+01	2.161043E-01	8.347814E-02
7.617566E+03	-1.687410E+01	2.164067E-01	8.348102E-02
7.617766E+03	-1.687390E+01	2.168520E-01	8.348390E-02
7.617966E+03	-1.687413E+01	2.167179E-01	8.348678E-02
7.618166E+03	-1.687532E+01	2.165982E-01	8.348966E-02
7.618366E+03	-1.687610E+01	2.162054E-01	8.349253E-02
7.618566E+03	-1.687638E+01	2.159158E-01	8.349541E-02
7.618766E+03	-1.687677E+01	2.161128E-01	8.349829E-02
7.618966E+03	-1.687697E+01	2.154264E-01	8.350117E-02
7.619166E+03	-1.687712E+01	2.149617E-01	8.350405E-02
7.619366E+03	-1.687724E+01	2.147072E-01	8.350693E-02
7.619566E+03	-1.687731E+01	2.136154E-01	8.350981E-02
7.619766E+03	-1.687779E+01	2.135520E-01	8.351269E-02
7.619966E+03	-1.687806E+01	2.147343E-01	8.351557E-02
7.620167E+03	-1.687806E+01	2.138359E-01	8.351846E-02
7.620367E+03	-1.687810E+01	2.135414E-01	8.352134E-02
7.620567E+03	-1.687809E+01	2.137561E-01	8.352422E-02
7.620767E+03	-1.687853E+01	2.150977E-01	8.352710E-02
7.620967E+03	-1.687924E+01	2.164457E-01	8.352998E-02
7.621167E+03	-1.687948E+01	2.163775E-01	8.353285E-02
7.621367E+03	-1.687980E+01	2.157543E-01	8.353573E-02
7.621567E+03	-1.687955E+01	2.150530E-01	8.353861E-02
7.621767E+03	-1.687915E+01	2.138513E-01	8.354149E-02
7.621967E+03	-1.687955E+01	2.140637E-01	8.354437E-02
7.622167E+03	-1.687966E+01	2.145736E-01	8.354724E-02
7.622367E+03	-1.687894E+01	2.144663E-01	8.355012E-02
7.622567E+03	-1.687818E+01	2.141568E-01	8.355300E-02
7.622767E+03	-1.687755E+01	2.138117E-01	8.355588E-02
7.622967E+03	-1.687727E+01	2.123495E-01	8.355876E-02
7.623167E+03	-1.687683E+01	2.120531E-01	8.356163E-02
7.623367E+03	-1.687639E+01	2.125413E-01	8.356451E-02
7.623567E+03	-1.687627E+01	2.119685E-01	8.356739E-02
7.623767E+03	-1.687630E+01	2.104475E-01	8.357027E-02
7.623967E+03	-1.687598E+01	2.102348E-01	8.357314E-02
7.624167E+03	-1.687547E+01	2.102509E-01	8.357602E-02
7.624367E+03	-1.687499E+01	2.109690E-01	8.357890E-02
7.624567E+03	-1.687392E+01	2.105509E-01	8.358178E-02
7.624767E+03	-1.687294E+01	2.102004E-01	8.358465E-02
7.625168E+03	-1.687258E+01	2.100451E-01	8.359042E-02
7.625368E+03	-1.687222E+01	2.099960E-01	8.359330E-02
7.625568E+03	-1.687167E+01	2.102596E-01	8.359617E-02
7.625768E+03	-1.687123E+01	2.101256E-01	8.359905E-02
7.625968E+03	-1.687166E+01	2.108081E-01	8.360193E-02
7.626168E+03	-1.687205E+01	2.120533E-01	8.360480E-02
7.626368E+03	-1.687193E+01	2.121645E-01	8.360768E-02
7.626568E+03	-1.687212E+01	2.120289E-01	8.361056E-02
7.626768E+03	-1.687251E+01	2.120517E-01	8.361343E-02
7.626967E+03	-1.687180E+01	2.113193E-01	8.361629E-02
7.627167E+03	-1.687078E+01	2.088344E-01	8.361917E-02
7.627368E+03	-1.687066E+01	2.089187E-01	8.362206E-02
7.627568E+03	-1.687093E+01	2.090778E-01	8.362494E-02
7.627767E+03	-1.687132E+01	2.089374E-01	8.362780E-02
7.627967E+03	-1.687156E+01	2.075737E-01	8.363067E-02
7.628167E+03	-1.687194E+01	2.073573E-01	8.363355E-02
7.628367E+03	-1.687210E+01	2.071655E-01	8.363643E-02
7.628567E+03	-1.687178E+01	2.069807E-01	8.363930E-02
7.628767E+03	-1.687182E+01	2.059489E-01	8.364218E-02
7.629367E+03	-1.687201E+01	2.058419E-01	8.365080E-02
7.629767E+03	-1.687224E+01	2.051295E-01	8.365655E-02
7.629967E+03	-1.687294E+01	2.065483E-01	8.365943E-02
7.630568E+03	-1.687269E+01	2.058156E-01	8.366807E-02
7.630768E+03	-1.687214E+01	2.051984E-01	8.367094E-02
7.630968E+03	-1.687190E+01	2.049578E-01	8.367382E-02
7.631168E+03	-1.687159E+01	2.055778E-01	8.367669E-02
7.631368E+03	-1.687115E+01	2.065247E-01	8.367957E-02
7.631568E+03	-1.687088E+01	2.066253E-01	8.368244E-02
7.631768E+03	-1.687080E+01	2.064786E-01	8.368532E-02
7.632368E+03	-1.687055E+01	2.069104E-01	8.369394E-02
7.632568E+03	-1.687008E+01	2.067379E-01	8.369681E-02
7.632768E+03	-1.686965E+01	2.059876E-01	8.369969E-02
7.632968E+03	-1.686914E+01	2.057668E-01	8.370256E-02
7.633168E+03	-1.686918E+01	2.058905E-01	8.370543E-02
7.633368E+03	-1.686937E+01	2.061115E-01	8.370831E-02
7.633568E+03	-1.686886E+01	2.059180E-01	8.371118E-02
7.633768E+03	-1.686851E+01	2.058337E-01	8.371406E-02
7.633968E+03	-1.686846E+01	2.058697E-01	8.371693E-02
7.634168E+03	-1.686858E+01	2.059056E-01	8.371980E-02
7.634368E+03	-1.686885E+01	2.059375E-01	8.372268E-02
7.634568E+03	-1.686927E+01	2.060590E-01	8.372555E-02
7.634768E+03	-1.686911E+01	2.056967E-01	8.372842E-02
7.634969E+03	-1.686868E+01	2.049957E-01	8.373131E-02
7.635169E+03	-1.686810E+01	2.041141E-01	8.373418E-02
7.635369E+03	-1.686798E+01	2.038417E-01	8.373706E-02
7.635569E+03	-1.686844E+01	2.034890E-01	8.373993E-02
7.635769E+03	-1.686852E+01	2.047083E-01	8.374280E-02
7.635969E+03	-1.686840E+01	2.054079E-01	8.374568E-02
7.636169E+03	-1.686808E+01	2.044057E-01	8.374855E-02
7.636369E+03	-1.686777E+01	2.034243E-01	8.375142E-02
7.636569E+03	-1.686796E+01	2.035231E-01	8.375429E-02
7.636769E+03	-1.686838E+01	2.032257E-01	8.375717E-02
7.636969E+03	-1.686877E+01	2.034507E-01	8.376004E-02
7.637169E+03	-1.686853E+01	2.011039E-01	8.376291E-02
7.637369E+03	-1.686841E+01	2.009448E-01	8.376578E-02
7.637569E+03	-1.686826E+01	2.008729E-01	8.376866E-02
7.637769E+03	-1.686814E+01	2.007101E-01	8.377153E-02
7.637969E+03	-1.686841E+01	2.009837E-01	8.377440E-02
7.638169E+03	-1.686852E+01	2.010455E-01	8.377727E-02
7.638369E+03	-1.686801E+01	2.013052E-01	8.378014E-02
7.638569E+03	-1.686750E+01	2.014945E-01	8.378302E-02
7.638769E+03	-1.686762E+01	2.016301E-01	8.378589E-02
7.638969E+03	-1.686796E+01	2.017730E-01	8.378876E-02
7.639169E+03	-1.686788E+01	2.023936E-01	8.379163E-02
7.639369E+03	-1.686726E+01	2.018171E-01	8.379450E-02
7.639569E+03	-1.686660E+01	2.011973E-01	8.379737E-02
7.639769E+03	-1.686652E+01	2.005688E-01	8.380024E-02
7.639970E+03	-1.686659E+01	1.998181E-01	8.380313E-02
7.640169E+03	-1.686639E+01	1.994928E-01	8.380599E-02
7.640369E+03	-1.686608E+01	1.969475E-01	8.380886E-02
7.640569E+03	-1.686592E+01	1.950051E-01	8.381173E-02
7.640770E+03	-1.686584E+01	1.946725E-01	8.381461E-02
7.640969E+03	-1.686573E+01	1.947636E-01	8.381747E-02
7.641169E+03	-1.686541E+01	1.946482E-01	8.382034E-02
7.641369E+03	-1.686541E+01	1.946868E-01	8.382321E-02
7.641569E+03	-1.686541E+01	1.928669E-01	8.382608E-02
7.641769E+03	-1.686506E+01	1.921219E-01	8.382895E-02
7.641969E+03	-1.686467E+01	1.913804E-01	8.383183E-02
7.642169E+03	-1.686447E+01	1.908713E-01	8.383470E-02
7.642369E+03	-1.686385E+01	1.905775E-01	8.383757E-02
7.642569E+03	-1.686358E+01	1.902400E-01	8.384044E-02
7.642769E+03	-1.686362E+01	1.903030E-01	8.384331E-02
7.642969E+03	-1.686411E+01	1.901989E-01	8.384618E-02
7.643169E+03	-1.686465E+01	1.904277E-01	8.384905E-02
7.643369E+03	-1.686488E+01	1.903555E-01	8.385192E-02
7.643569E+03	-1.686476E+01	1.903164E-01	8.385479E-02
7.643769E+03	-1.686441E+01	1.895359E-01	8.385766E-02
7.643969E+03	-1.686383E+01	1.877092E-01	8.386053E-02
7.644169E+03	-1.686314E+01	1.868604E-01	8.386340E-02
7.644369E+03	-1.686271E+01	1.865366E-01	8.386627E-02
7.644569E+03	-1.686221E+01	1.862840E-01	8.386914E-02
7.644770E+03	-1.686197E+01	1.859975E-01	8.387202E-02
7.644970E+03	-1.686220E+01	1.860731E-01	8.387489E-02
7.645170E+03	-1.686239E+01	1.860248E-01	8.387776E-02
7.645370E+03	-1.686220E+01	1.856089E-01	8.388063E-02
7.645570E+03	-1.686208E+01	1.856288E-01	8.388350E-02
7.645770E+03	-1.686219E+01	1.850450E-01	8.388637E-02
7.645970E+03	-1.686207E+01	1.849462E-01	8.388924E-02
7.646170E+03	-1.686195E+01	1.850467E-01	8.389210E-02
7.646370E+03	-1.686180E+01	1.846096E-01	8.389497E-02
7.646570E+03	-1.686153E+01	1.844267E-01	8.389784E-02
7.646770E+03	-1.686160E+01	1.845704E-01	8.390071E-02
7.646970E+03	-1.686217E+01	1.838713E-01	8.390358E-02
7.647170E+03	-1.686248E+01	1.833564E-01	8.390645E-02
7.647370E+03	-1.686240E+01	1.832588E-01	8.390932E-02
7.647570E+03	-1.686239E+01	1.831705E-01	8.391218E-02
7.647770E+03	-1.686258E+01	1.827677E-01	8.391505E-02
7.647970E+03	-1.686258E+01	1.798189E-01	8.391792E-02
7.648170E+03	-1.686258E+01	1.788705E-01	8.392079E-02
7.648370E+03	-1.686231E+01	1.787906E-01	8.392366E-02
7.648570E+03	-1.686215E+01	1.787428E-01	8.392653E-02
7.648770E+03	-1.686184E+01	1.788734E-01	8.392939E-02
7.648970E+03	-1.686153E+01	1.792374E-01	8.393226E-02
7.649170E+03	-1.686176E+01	1.790602E-01	8.393513E-02
7.649370E+03	-1.686222E+01	1.789470E-01	8.393800E-02
7.649570E+03	-1.686221E+01	1.791081E-01	8.394087E-02
7.649771E+03	-1.686202E+01	1.790175E-01	8.394375E-02
7.649971E+03	-1.686221E+01	1.782411E-01	8.394662E-02
7.650171E+03	-1.686240E+01	1.778784E-01	8.394948E-02
7.650371E+03	-1.686243E+01	1.768577E-01	8.395235E-02
7.650571E+03	-1.686251E+01	1.764014E-01	8.395522E-02
7.650771E+03	-1.686262E+01	1.755035E-01	8.395808E-02
7.651171E+03	-1.686273E+01	1.715513E-01	8.396382E-02
7.651371E+03	-1.686288E+01	1.716620E-01	8.396669E-02
7.651571E+03	-1.686303E+01	1.719380E-01	8.396955E-02
7.651771E+03	-1.686322E+01	1.720449E-01	8.397242E-02
7.651971E+03	-1.686345E+01	1.714284E-01	8.397529E-02
7.652171E+03	-1.686367E+01	1.705995E-01	8.397815E-02
7.652370E+03	-1.686398E+01	1.704547E-01	8.398101E-02
7.652570E+03	-1.686436E+01	1.706909E-01	8.398387E-02
7.652770E+03	-1.686478E+01	1.708655E-01	8.398674E-02
7.652971E+03	-1.686482E+01	1.703325E-01	8.398962E-02
7.653171E+03	-1.686466E+01	1.694462E-01	8.399249E-02
7.653370E+03	-1.686450E+01	1.693745E-01	8.399534E-02
7.653570E+03	-1.686462E+01	1.694505E-01	8.399820E-02
7.653770E+03	-1.686442E+01	1.677477E-01	8.400107E-02
7.653970E+03	-1.686392E+01	1.627545E-01	8.400394E-02
7.654170E+03	-1.686341E+01	1.620284E-01	8.400666E-02
7.654370E+03	-1.686326E+01	1.609671E-01	8.400931E-02
7.654571E+03	-1.686326E+01	1.579169E-01	8.401197E-02
7.654771E+03	-1.686283E+01	1.578016E-01	8.401462E-02
7.655171E+03	-1.686229E+01	1.577023E-01	8.401992E-02
7.655371E+03	-1.686190E+01	1.574519E-01	8.402257E-02
7.655571E+03	-1.686155E+01	1.573690E-01	8.402522E-02
7.655771E+03	-1.686132E+01	1.571900E-01	8.402787E-02
7.655971E+03	-1.686132E+01	1.571709E-01	8.403052E-02
7.656171E+03	-1.686063E+01	1.569065E-01	8.403317E-02
7.656371E+03	-1.685997E+01	1.567942E-01	8.403582E-02
7.656571E+03	-1.685982E+01	1.549989E-01	8.403847E-02
7.656771E+03	-1.685951E+01	1.537840E-01	8.404112E-02
7.656971E+03	-1.685905E+01	1.532755E-01	8.404377E-02
7.657171E+03	-1.685905E+01	1.532793E-01	8.404641E-02
7.657371E+03	-1.685916E+01	1.510981E-01	8.404906E-02
7.657571E+03	-1.685931E+01	1.452159E-01	8.405171E-02
7.657771E+03	-1.685954E+01	1.451666E-01	8.405436E-02
7.657971E+03	-1.685957E+01	1.433599E-01	8.405701E-02
7.658171E+03	-1.685923E+01	1.425721E-01	8.405966E-02
7.658371E+03	-1.685865E+01	1.423808E-01	8.406231E-02
7.658571E+03	-1.685857E+01	1.423635E-01	8.406496E-02
7.658771E+03	-1.685891E+01	1.426739E-01	8.406760E-02
7.658971E+03	-1.685872E+01	1.435631E-01	8.407025E-02
7.659171E+03	-1.685845E+01	1.436158E-01	8.407290E-02
7.659371E+03	-1.685860E+01	1.438793E-01	8.407555E-02
7.659572E+03	-1.685867E+01	1.440911E-01	8.407821E-02
7.659772E+03	-1.685890E+01	1.446925E-01	8.408086E-02
7.659972E+03	-1.685924E+01	1.451612E-01	8.408351E-02
7.660172E+03	-1.685931E+01	1.451905E-01	8.408615E-02
7.660372E+03	-1.685958E+01	1.453790E-01	8.408880E-02
7.660572E+03	-1.685958E+01	1.453103E-01	8.409145E-02
7.660772E+03	-1.685973E+01	1.449951E-01	8.409410E-02
7.660972E+03	-1.686007E+01	1.436968E-01	8.409674E-02
7.661172E+03	-1.686041E+01	1.437686E-01	8.409939E-02
7.661372E+03	-1.686044E+01	1.428142E-01	8.410204E-02
7.661572E+03	-1.686029E+01	1.407770E-01	8.410469E-02
7.661772E+03	-1.686025E+01	1.396146E-01	8.410733E-02
7.661972E+03	-1.686028E+01	1.394549E-01	8.410998E-02
7.662172E+03	-1.686028E+01	1.397950E-01	8.411263E-02
7.662372E+03	-1.686032E+01	1.391997E-01	8.411528E-02
7.662572E+03	-1.686039E+01	1.382610E-01	8.411792E-02
7.662772E+03	-1.686042E+01	1.381700E-01	8.412057E-02
7.662972E+03	-1.686073E+01	1.382750E-01	8.412322E-02
7.663172E+03	-1.686092E+01	1.385234E-01	8.412586E-02
7.663372E+03	-1.686103E+01	1.380318E-01	8.412851E-02
7.663572E+03	-1.686126E+01	1.380896E-01	8.413116E-02
7.663772E+03	-1.686144E+01	1.379436E-01	8.413380E-02
7.663972E+03	-1.686167E+01	1.379668E-01	8.413645E-02
7.664172E+03	-1.686152E+01	1.378989E-01	8.413910E-02
7.664372E+03	-1.686171E+01	1.376493E-01	8.414174E-02
7.664573E+03	-1.686220E+01	1.380224E-01	8.414440E-02
7.664773E+03	-1.686208E+01	1.364355E-01	8.414705E-02
7.664972E+03	-1.686200E+01	1.359933E-01	8.414968E-02
7.665172E+03	-1.686219E+01	1.363028E-01	8.415233E-02
7.665373E+03	-1.686257E+01	1.362390E-01	8.415499E-02
7.665573E+03	-1.686315E+01	1.376163E-01	8.415763E-02
7.665773E+03	-1.686342E+01	1.355000E-01	8.416028E-02
7.665972E+03	-1.686345E+01	1.344996E-01	8.416291E-02
7.666172E+03	-1.686368E+01	1.339357E-01	8.416556E-02
7.666372E+03	-1.686425E+01	1.337786E-01	8.416820E-02
7.666572E+03	-1.686456E+01	1.338737E-01	8.417085E-02
7.666772E+03	-1.686464E+01	1.333995E-01	8.417349E-02
7.666972E+03	-1.686452E+01	1.317895E-01	8.417614E-02
7.667172E+03	-1.686451E+01	1.317741E-01	8.417878E-02
7.667372E+03	-1.686455E+01	1.312725E-01	8.418143E-02
7.667572E+03	-1.686447E+01	1.302073E-01	8.418408E-02
7.667772E+03	-1.686447E+01	1.302382E-01	8.418672E-02
7.667972E+03	-1.686466E+01	1.301532E-01	8.418937E-02
7.668172E+03	-1.686504E+01	1.308100E-01	8.419201E-02
7.668372E+03	-1.686527E+01	1.312471E-01	8.419466E-02
7.668572E+03	-1.686538E+01	1.313904E-01	8.419730E-02
7.668772E+03	-1.686554E+01	1.314643E-01	8.419995E-02
7.668972E+03	-1.686553E+01	1.314643E-01	8.420259E-02
7.669172E+03	-1.686549E+01	1.315454E-01	8.420524E-02
7.669373E+03	-1.686534E+01	1.315334E-01	8.420789E-02
7.669573E+03	-1.686529E+01	1.301337E-01	8.421054E-02
7.669773E+03	-1.686556E+01	1.267756E-01	8.421318E-02
7.669973E+03	-1.686591E+01	1.251041E-01	8.421583E-02
7.670173E+03	-1.686602E+01	1.248664E-01	8.421847E-02
7.670373E+03	-1.686679E+01	1.248878E-01	8.422112E-02
7.670573E+03	-1.686722E+01	1.234999E-01	8.422376E-02
7.670773E+03	-1.686737E+01	1.220951E-01	8.422640E-02
7.670973E+03	-1.686717E+01	1.220133E-01	8.422905E-02
7.671173E+03	-1.686674E+01	1.218740E-01	8.423169E-02
7.671373E+03	-1.686682E+01	1.218647E-01	8.423434E-02
7.671573E+03	-1.686713E+01	1.218044E-01	8.423698E-02
7.671773E+03	-1.686697E+01	1.216327E-01	8.423962E-02
7.671973E+03	-1.686685E+01	1.212392E-01	8.424227E-02
7.672173E+03	-1.686696E+01	1.209302E-01	8.424491E-02
7.672373E+03	-1.686727E+01	1.209973E-01	8.424756E-02
7.672573E+03	-1.686754E+01	1.209915E-01	8.425020E-02
7.672773E+03	-1.686836E+01	1.212115E-01	8.425284E-02
7.672973E+03	-1.686929E+01	1.214066E-01	8.425549E-02
7.673173E+03	-1.686979E+01	1.200366E-01	8.425813E-02
7.673373E+03	-1.686975E+01	1.200570E-01	8.426077E-02
7.673573E+03	-1.686955E+01	1.200148E-01	8.426342E-02
7.673773E+03	-1.686951E+01	1.200586E-01	8.426606E-02
7.673973E+03	-1.686998E+01	1.199147E-01	8.426870E-02
7.674173E+03	-1.687080E+01	1.188690E-01	8.427135E-02
7.674374E+03	-1.687150E+01	1.196036E-01	8.427400E-02
7.674574E+03	-1.687224E+01	1.197581E-01	8.427664E-02
7.674774E+03	-1.687283E+01	1.203930E-01	8.427929E-02
7.674974E+03	-1.687318E+01	1.204558E-01	8.428193E-02
7.675174E+03	-1.687346E+01	1.198033E-01	8.428457E-02
7.675374E+03	-1.687385E+01	1.201606E-01	8.428722E-02
7.675574E+03	-1.687440E+01	1.194369E-01	8.428986E-02
7.675774E+03	-1.687503E+01	1.174201E-01	8.429250E-02
7.675974E+03	-1.687554E+01	1.170920E-01	8.429514E-02
7.676174E+03	-1.687609E+01	1.172972E-01	8.429779E-02
7.676374E+03	-1.687656E+01	1.174734E-01	8.430043E-02
7.676574E+03	-1.687676E+01	1.176224E-01	8.430307E-02
7.676774E+03	-1.687695E+01	1.187726E-01	8.430571E-02
7.676974E+03	-1.687719E+01	1.187146E-01	8.430835E-02
7.677174E+03	-1.687711E+01	1.207632E-01	8.431100E-02
7.677374E+03	-1.687734E+01	1.220661E-01	8.431364E-02
7.677574E+03	-1.687782E+01	1.223874E-01	8.431628E-02
7.677774E+03	-1.687810E+01	1.224620E-01	8.431892E-02
7.677974E+03	-1.687797E+01	1.230494E-01	8.432156E-02
7.678173E+03	-1.687793E+01	1.223016E-01	8.432419E-02
7.678373E+03	-1.687853E+01	1.224022E-01	8.432683E-02
7.678574E+03	-1.687896E+01	1.208777E-01	8.432949E-02
7.678773E+03	-1.687912E+01	1.207824E-01	8.433212E-02
7.678973E+03	-1.687936E+01	1.181887E-01	8.433476E-02
7.679174E+03	-1.687919E+01	1.189239E-01	8.433741E-02
7.679374E+03	-1.687927E+01	1.189098E-01	8.434005E-02
7.679574E+03	-1.687983E+01	1.187711E-01	8.434269E-02
7.679774E+03	-1.687978E+01	1.173927E-01	8.434534E-02
7.679974E+03	-1.688006E+01	1.150676E-01	8.434798E-02
7.680174E+03	-1.688034E+01	1.145493E-01	8.435062E-02
7.680374E+03	-1.688046E+01	1.154020E-01	8.435326E-02
7.680574E+03	-1.688069E+01	1.143639E-01	8.435590E-02
7.680774E+03	-1.688105E+01	1.139497E-01	8.435854E-02
7.680974E+03	-1.688137E+01	1.140700E-01	8.436118E-02
7.681174E+03	-1.688141E+01	1.139280E-01	8.436382E-02
7.681374E+03	-1.688161E+01	1.137960E-01	8.436646E-02
7.681574E+03	-1.688152E+01	1.137950E-01	8.436910E-02
7.681774E+03	-1.688120E+01	1.142325E-01	8.437174E-02
7.681974E+03	-1.688112E+01	1.140469E-01	8.437438E-02
7.682174E+03	-1.688111E+01	1.143478E-01	8.437702E-02
7.682374E+03	-1.688091E+01	1.143591E-01	8.437966E-02
7.682574E+03	-1.688083E+01	1.143781E-01	8.438230E-02
7.682774E+03	-1.688127E+01	1.146669E-01	8.438494E-02
7.682974E+03	-1.688163E+01	1.145294E-01	8.438758E-02
7.683174E+03	-1.688211E+01	1.147009E-01	8.439022E-02
7.683374E+03	-1.688259E+01	1.148325E-01	8.439286E-02
7.683574E+03	-1.688319E+01	1.150326E-01	8.439550E-02
7.683774E+03	-1.688351E+01	1.150414E-01	8.439814E-02
7.683974E+03	-1.688334E+01	1.123295E-01	8.440078E-02
7.684175E+03	-1.688286E+01	1.099571E-01	8.440344E-02
7.684375E+03	-1.688257E+01	1.099743E-01	8.440608E-02
7.684575E+03	-1.688281E+01	1.098905E-01	8.440871E-02
7.684775E+03	-1.688309E+01	1.107477E-01	8.441135E-02
7.684975E+03	-1.688313E+01	1.120678E-01	8.441399E-02
7.685175E+03	-1.688365E+01	1.123242E-01	8.441663E-02
7.685375E+03	-1.688393E+01	1.124054E-01	8.441927E-02
7.685575E+03	-1.688369E+01	1.125929E-01	8.442191E-02
7.685775E+03	-1.688344E+01	1.122559E-01	8.442455E-02
7.685975E+03	-1.688291E+01	1.123260E-01	8.442719E-02
7.686175E+03	-1.688275E+01	1.119703E-01	8.442983E-02
7.686375E+03	-1.688303E+01	1.119664E-01	8.443247E-02
7.686575E+03	-1.688347E+01	1.110643E-01	8.443511E-02
7.686775E+03	-1.688387E+01	1.102673E-01	8.443774E-02
7.686975E+03	-1.688423E+01	1.100889E-01	8.444038E-02
7.687175E+03	-1.688451E+01	1.100676E-01	8.444302E-02
7.687375E+03	-1.688479E+01	1.085817E-01	8.444566E-02
7.687575E+03	-1.688495E+01	1.089500E-01	8.444830E-02
7.687775E+03	-1.688503E+01	1.095654E-01	8.445094E-02
7.687975E+03	-1.688511E+01	1.102742E-01	8.445357E-02
7.688175E+03	-1.688511E+01	1.103309E-01	8.445621E-02
7.688375E+03	-1.688502E+01	1.103832E-01	8.445885E-02
7.688575E+03	-1.688490E+01	1.099112E-01	8.446149E-02
7.688775E+03	-1.688473E+01	1.096073E-01	8.446413E-02
7.688976E+03	-1.688481E+01	1.096439E-01	8.446678E-02
7.689176E+03	-1.688449E+01	1.091215E-01	8.446942E-02
7.689376E+03	-1.688440E+01	1.087818E-01	8.447205E-02
7.689576E+03	-1.688501E+01	1.087194E-01	8.447469E-02
7.689776E+03	-1.688594E+01	1.089651E-01	8.447733E-02
7.689976E+03	-1.688622E+01	1.088903E-01	8.447997E-02
7.690176E+03	-1.688646E+01	1.090204E-01	8.448260E-02
7.690376E+03	-1.688682E+01	1.092058E-01	8.448524E-02
7.690575E+03	-1.688670E+01	1.093499E-01	8.448787E-02
7.690775E+03	-1.688621E+01	1.094911E-01	8.449050E-02
7.690975E+03	-1.688584E+01	1.093788E-01	8.449314E-02
7.691176E+03	-1.688588E+01	1.098109E-01	8.449579E-02
7.691376E+03	-1.688604E+01	1.098113E-01	8.449843E-02
7.691575E+03	-1.688587E+01	1.100259E-01	8.450105E-02
7.691775E+03	-1.688579E+01	1.097336E-01	8.450369E-02
7.691975E+03	-1.688574E+01	1.093908E-01	8.450633E-02
7.692175E+03	-1.688554E+01	1.116867E-01	8.450896E-02
7.692375E+03	-1.688517E+01	1.137598E-01	8.451160E-02
7.692575E+03	-1.688485E+01	1.136993E-01	8.451424E-02
7.692775E+03	-1.688500E+01	1.138226E-01	8.451687E-02
7.692975E+03	-1.688468E+01	1.137176E-01	8.451951E-02
7.693175E+03	-1.688435E+01	1.139401E-01	8.452215E-02
7.693375E+03	-1.688415E+01	1.144246E-01	8.452478E-02
7.693575E+03	-1.688358E+01	1.143968E-01	8.452742E-02
7.693775E+03	-1.688297E+01	1.140401E-01	8.453006E-02
7.693976E+03	-1.688237E+01	1.135355E-01	8.453270E-02
7.694176E+03	-1.688152E+01	1.126603E-01	8.453534E-02
7.694376E+03	-1.688107E+01	1.125097E-01	8.453798E-02
7.694576E+03	-1.688107E+01	1.124937E-01	8.454061E-02
7.694776E+03	-1.688107E+01	1.122008E-01	8.454325E-02
7.694976E+03	-1.688083E+01	1.123632E-01	8.454588E-02
7.695176E+03	-1.688038E+01	1.122371E-01	8.454852E-02
7.695376E+03	-1.687970E+01	1.121414E-01	8.455116E-02
7.695576E+03	-1.687902E+01	1.119661E-01	8.455379E-02
7.695776E+03	-1.687814E+01	1.112817E-01	8.455643E-02
7.695976E+03	-1.687766E+01	1.112071E-01	8.455906E-02
7.696176E+03	-1.687741E+01	1.113449E-01	8.456170E-02
7.696376E+03	-1.687701E+01	1.114100E-01	8.456433E-02
7.696576E+03	-1.687681E+01	1.114385E-01	8.456697E-02
7.696776E+03	-1.687633E+01	1.112845E-01	8.456960E-02
7.696976E+03	-1.687566E+01	1.109811E-01	8.457224E-02
7.697176E+03	-1.687621E+01	1.104167E-01	8.457487E-02
7.697376E+03	-1.687633E+01	1.102565E-01	8.457751E-02
7.697576E+03	-1.687581E+01	1.109582E-01	8.458015E-02
7.697776E+03	-1.687493E+01	1.120889E-01	8.458278E-02
7.697976E+03	-1.687461E+01	1.122010E-01	8.458541E-02
7.698176E+03	-1.687445E+01	1.120100E-01	8.458805E-02
7.698376E+03	-1.687414E+01	1.119482E-01	8.459068E-02
7.698576E+03	-1.687421E+01	1.133708E-01	8.459332E-02
7.698776E+03	-1.687433E+01	1.145989E-01	8.459595E-02
7.698977E+03	-1.687429E+01	1.145806E-01	8.459860E-02
7.699177E+03	-1.687420E+01	1.145755E-01	8.460124E-02
7.699377E+03	-1.687412E+01	1.145389E-01	8.460387E-02
7.699577E+03	-1.687428E+01	1.140433E-01	8.460650E-02
7.699777E+03	-1.687439E+01	1.140191E-01	8.460914E-02
7.699977E+03	-1.687451E+01	1.149396E-01	8.461177E-02
7.700177E+03	-1.687459E+01	1.157315E-01	8.461441E-02
7.700377E+03	-1.687466E+01	1.164604E-01	8.461704E-02
7.700577E+03	-1.687470E+01	1.172105E-01	8.461967E-02
7.700777E+03	-1.687410E+01	1.176785E-01	8.462231E-02
7.700977E+03	-1.687304E+01	1.201243E-01	8.462494E-02
7.701177E+03	-1.687292E+01	1.201547E-01	8.462758E-02
7.701377E+03	-1.687303E+01	1.210304E-01	8.463021E-02
7.701577E+03	-1.687354E+01	1.213193E-01	8.463284E-02
7.701777E+03	-1.687460E+01	1.216293E-01	8.463548E-02
7.701977E+03	-1.687519E+01	1.217957E-01	8.463811E-02
7.702177E+03	-1.687464E+01	1.216602E-01	8.464074E-02
7.702377E+03	-1.687479E+01	1.215146E-01	8.464338E-02
7.702577E+03	-1.687523E+01	1.212366E-01	8.464601E-02
7.702777E+03	-1.687586E+01	1.208229E-01	8.464864E-02
7.702976E+03	-1.687665E+01	1.206784E-01	8.465126E-02
7.703176E+03	-1.687728E+01	1.206643E-01	8.465390E-02
7.703377E+03	-1.687808E+01	1.209416E-01	8.465654E-02
7.703577E+03	-1.687839E+01	1.212459E-01	8.465918E-02
7.703778E+03	-1.687847E+01	1.214995E-01	8.466182E-02
7.703977E+03	-1.687903E+01	1.223311E-01	8.466444E-02
7.704177E+03	-1.687986E+01	1.225678E-01	8.466707E-02
7.704377E+03	-1.688038E+01	1.221939E-01	8.466971E-02
7.704577E+03	-1.688042E+01	1.220369E-01	8.467234E-02
7.704777E+03	-1.688066E+01	1.227901E-01	8.467497E-02
7.704977E+03	-1.688105E+01	1.227832E-01	8.467760E-02
7.705177E+03	-1.688061E+01	1.225663E-01	8.468024E-02
7.705377E+03	-1.688065E+01	1.225977E-01	8.468287E-02
7.705577E+03	-1.688073E+01	1.225241E-01	8.468550E-02
7.705777E+03	-1.688088E+01	1.225653E-01	8.468813E-02
7.705977E+03	-1.688088E+01	1.225774E-01	8.469077E-02
7.706177E+03	-1.688100E+01	1.227117E-01	8.469340E-02
7.706377E+03	-1.688124E+01	1.227838E-01	8.469603E-02
7.706577E+03	-1.688152E+01	1.226142E-01	8.469866E-02
7.706777E+03	-1.688179E+01	1.215237E-01	8.470129E-02
7.706977E+03	-1.688199E+01	1.215115E-01	8.470393E-02
7.707177E+03	-1.688195E+01	1.212509E-01	8.470656E-02
7.707377E+03	-1.688219E+01	1.207952E-01	8.470919E-02
7.707577E+03	-1.688251E+01	1.199505E-01	8.471182E-02
7.707777E+03	-1.688271E+01	1.193575E-01	8.471445E-02
7.707977E+03	-1.688315E+01	1.193060E-01	8.471708E-02
7.708177E+03	-1.688347E+01	1.196489E-01	8.471972E-02
7.708377E+03	-1.688302E+01	1.201235E-01	8.472235E-02
7.708577E+03	-1.688241E+01	1.199927E-01	8.472498E-02
7.708778E+03	-1.688181E+01	1.196893E-01	8.472762E-02
7.708978E+03	-1.688185E+01	1.198090E-01	8.473025E-02
7.709178E+03	-1.688144E+01	1.209757E-01	8.473288E-02
7.709378E+03	-1.688144E+01	1.208914E-01	8.473552E-02
7.709578E+03	-1.688248E+01	1.207680E-01	8.473815E-02
7.709778E+03	-1.688280E+01	1.208416E-01	8.474078E-02
7.709978E+03	-1.688300E+01	1.204743E-01	8.474341E-02
7.710178E+03	-1.688308E+01	1.200490E-01	8.474604E-02
7.710378E+03	-1.688320E+01	1.201873E-01	8.474867E-02
7.710578E+03	-1.688356E+01	1.202596E-01	8.475130E-02
7.710778E+03	-1.688388E+01	1.212017E-01	8.475393E-02
7.710978E+03	-1.688412E+01	1.216938E-01	8.475656E-02
7.711178E+03	-1.688395E+01	1.218546E-01	8.475919E-02
7.711378E+03	-1.688363E+01	1.222122E-01	8.476182E-02
7.711578E+03	-1.688338E+01	1.219423E-01	8.476445E-02
7.711778E+03	-1.688310E+01	1.217097E-01	8.476708E-02
7.711978E+03	-1.688257E+01	1.217845E-01	8.476971E-02
7.712178E+03	-1.688188E+01	1.215646E-01	8.477234E-02
7.712378E+03	-1.688136E+01	1.211011E-01	8.477497E-02
7.712578E+03	-1.688180E+01	1.212245E-01	8.477760E-02
7.712778E+03	-1.688284E+01	1.215170E-01	8.478023E-02
7.713178E+03	-1.688381E+01	1.216711E-01	8.478549E-02
7.713378E+03	-1.688413E+01	1.216041E-01	8.478812E-02
7.713579E+03	-1.688392E+01	1.199270E-01	8.479076E-02
7.714179E+03	-1.688379E+01	1.198734E-01	8.479865E-02
7.714379E+03	-1.688379E+01	1.198370E-01	8.480128E-02
7.714579E+03	-1.688330E+01	1.196913E-01	8.480391E-02
7.714779E+03	-1.688306E+01	1.195197E-01	8.480654E-02
7.714979E+03	-1.688374E+01	1.197127E-01	8.480917E-02
7.715179E+03	-1.688406E+01	1.192804E-01	8.481180E-02
7.715379E+03	-1.688414E+01	1.193754E-01	8.481443E-02
7.715578E+03	-1.688402E+01	1.192814E-01	8.481704E-02
7.715779E+03	-1.688377E+01	1.192148E-01	8.481968E-02
7.715979E+03	-1.688393E+01	1.193603E-01	8.482231E-02
7.716178E+03	-1.688397E+01	1.193350E-01	8.482493E-02
7.716378E+03	-1.688413E+01	1.195573E-01	8.482756E-02
7.716778E+03	-1.688428E+01	1.194158E-01	8.483281E-02
7.716978E+03	-1.688372E+01	1.188200E-01	8.483544E-02
7.717578E+03	-1.688290E+01	1.188977E-01	8.484333E-02
7.717778E+03	-1.688250E+01	1.193998E-01	8.484595E-02
7.717978E+03	-1.688233E+01	1.196494E-01	8.484858E-02
7.718779E+03	-1.688264E+01	1.196697E-01	8.485911E-02
7.718979E+03	-1.688304E+01	1.197164E-01	8.486173E-02
7.719779E+03	-1.688332E+01	1.197418E-01	8.487224E-02
7.719979E+03	-1.688311E+01	1.199524E-01	8.487487E-02
7.720179E+03	-1.688295E+01	1.199522E-01	8.487750E-02
7.720379E+03	-1.688319E+01	1.200393E-01	8.488013E-02
7.720579E+03	-1.688355E+01	1.203336E-01	8.488275E-02
7.720779E+03	-1.688383E+01	1.204928E-01	8.488538E-02
7.720979E+03	-1.688399E+01	1.205619E-01	8.488801E-02
7.721179E+03	-1.688362E+01	1.205094E-01	8.489063E-02
7.721379E+03	-1.688329E+01	1.208396E-01	8.489326E-02
7.721579E+03	-1.688341E+01	1.210187E-01	8.489589E-02
7.721779E+03	-1.688410E+01	1.214609E-01	8.489851E-02
7.721979E+03	-1.688470E+01	1.222058E-01	8.490114E-02
7.722179E+03	-1.688458E+01	1.220057E-01	8.490377E-02
7.722379E+03	-1.688429E+01	1.219099E-01	8.490639E-02
7.722579E+03	-1.688482E+01	1.221225E-01	8.490902E-02
7.722779E+03	-1.688595E+01	1.222839E-01	8.491165E-02
7.722979E+03	-1.688668E+01	1.223192E-01	8.491427E-02
7.723179E+03	-1.688700E+01	1.219754E-01	8.491690E-02
7.723380E+03	-1.688704E+01	1.219909E-01	8.491954E-02
7.723580E+03	-1.688712E+01	1.219445E-01	8.492217E-02
7.723780E+03	-1.688748E+01	1.220394E-01	8.492479E-02
7.723980E+03	-1.688719E+01	1.220570E-01	8.492742E-02
7.724180E+03	-1.688707E+01	1.222588E-01	8.493004E-02
7.724380E+03	-1.688735E+01	1.223187E-01	8.493267E-02
7.724580E+03	-1.688694E+01	1.215731E-01	8.493530E-02
7.724780E+03	-1.688759E+01	1.218087E-01	8.493792E-02
7.724980E+03	-1.688836E+01	1.215200E-01	8.494055E-02
7.725180E+03	-1.688791E+01	1.210639E-01	8.494317E-02
7.725380E+03	-1.688742E+01	1.209521E-01	8.494580E-02
7.725580E+03	-1.688811E+01	1.208106E-01	8.494842E-02
7.725780E+03	-1.688937E+01	1.208975E-01	8.495105E-02
7.725980E+03	-1.688909E+01	1.206255E-01	8.495367E-02
7.726180E+03	-1.688851E+01	1.202624E-01	8.495630E-02
7.726380E+03	-1.688847E+01	1.202470E-01	8.495892E-02
7.726580E+03	-1.688891E+01	1.202938E-01	8.496155E-02
7.726780E+03	-1.688957E+01	1.205122E-01	8.496417E-02
7.726980E+03	-1.688977E+01	1.195898E-01	8.496680E-02
7.727180E+03	-1.688993E+01	1.199956E-01	8.496942E-02
7.727380E+03	-1.689013E+01	1.182437E-01	8.497205E-02
7.727580E+03	-1.688984E+01	1.172189E-01	8.497467E-02
7.727780E+03	-1.688939E+01	1.171301E-01	8.497730E-02
7.727980E+03	-1.688939E+01	1.176869E-01	8.497992E-02
7.728180E+03	-1.688951E+01	1.176506E-01	8.498255E-02
7.728381E+03	-1.689016E+01	1.178038E-01	8.498519E-02
7.728581E+03	-1.689139E+01	1.188048E-01	8.498781E-02
7.728780E+03	-1.689200E+01	1.196616E-01	8.499042E-02
7.728980E+03	-1.689163E+01	1.198230E-01	8.499305E-02
7.729181E+03	-1.689307E+01	1.201556E-01	8.499568E-02
7.729380E+03	-1.689303E+01	1.199130E-01	8.499829E-02
7.729580E+03	-1.689369E+01	1.208193E-01	8.500092E-02
7.729780E+03	-1.689393E+01	1.211325E-01	8.500354E-02
7.729980E+03	-1.689443E+01	1.211261E-01	8.500617E-02
7.730180E+03	-1.689467E+01	1.218793E-01	8.500879E-02
7.730380E+03	-1.689479E+01	1.224200E-01	8.501141E-02
7.730580E+03	-1.689521E+01	1.231552E-01	8.501404E-02
7.730780E+03	-1.689533E+01	1.236264E-01	8.501666E-02
7.730980E+03	-1.689441E+01	1.234125E-01	8.501928E-02
7.731180E+03	-1.689400E+01	1.232784E-01	8.502191E-02
7.731380E+03	-1.689403E+01	1.234433E-01	8.502453E-02
7.731580E+03	-1.689391E+01	1.234411E-01	8.502715E-02
7.731780E+03	-1.689490E+01	1.234710E-01	8.502978E-02
7.731980E+03	-1.689664E+01	1.237183E-01	8.503240E-02
7.732180E+03	-1.689651E+01	1.237286E-01	8.503502E-02
7.732380E+03	-1.689564E+01	1.231270E-01	8.503765E-02
7.732580E+03	-1.689526E+01	1.229131E-01	8.504027E-02
7.732780E+03	-1.689538E+01	1.235338E-01	8.504289E-02
7.732980E+03	-1.689542E+01	1.231927E-01	8.504552E-02
7.733180E+03	-1.689530E+01	1.232943E-01	8.504814E-02
7.733381E+03	-1.689517E+01	1.234249E-01	8.505078E-02
7.733581E+03	-1.689508E+01	1.239034E-01	8.505340E-02
7.733781E+03	-1.689504E+01	1.238044E-01	8.505602E-02
7.733981E+03	-1.689516E+01	1.236532E-01	8.505864E-02
7.734181E+03	-1.689537E+01	1.233469E-01	8.506127E-02
7.734381E+03	-1.689524E+01	1.234195E-01	8.506389E-02
7.734581E+03	-1.689503E+01	1.233647E-01	8.506651E-02
7.734781E+03	-1.689515E+01	1.233378E-01	8.506913E-02
7.734981E+03	-1.689486E+01	1.228158E-01	8.507176E-02
7.735181E+03	-1.689502E+01	1.216680E-01	8.507438E-02
7.735381E+03	-1.689564E+01	1.217470E-01	8.507700E-02
7.735581E+03	-1.689543E+01	1.217636E-01	8.507962E-02
7.735781E+03	-1.689501E+01	1.214357E-01	8.508224E-02
7.735981E+03	-1.689435E+01	1.216894E-01	8.508487E-02
7.736181E+03	-1.689381E+01	1.214395E-01	8.508749E-02
7.736381E+03	-1.689351E+01	1.212924E-01	8.509011E-02
7.736581E+03	-1.689351E+01	1.213544E-01	8.509273E-02
7.736781E+03	-1.689380E+01	1.214270E-01	8.509535E-02
7.736981E+03	-1.689425E+01	1.215503E-01	8.509797E-02
7.737181E+03	-1.689450E+01	1.217566E-01	8.510060E-02
7.737381E+03	-1.689458E+01	1.217757E-01	8.510322E-02
7.737581E+03	-1.689470E+01	1.218810E-01	8.510584E-02
7.737781E+03	-1.689482E+01	1.217418E-01	8.510846E-02
7.737981E+03	-1.689503E+01	1.211610E-01	8.511108E-02
7.738182E+03	-1.689515E+01	1.208098E-01	8.511372E-02
7.738382E+03	-1.689527E+01	1.202923E-01	8.511634E-02
7.738582E+03	-1.689547E+01	1.202834E-01	8.511896E-02
7.738782E+03	-1.689522E+01	1.198948E-01	8.512158E-02
7.738982E+03	-1.689518E+01	1.202652E-01	8.512420E-02
7.739182E+03	-1.689601E+01	1.204290E-01	8.512682E-02
7.739382E+03	-1.689638E+01	1.207909E-01	8.512944E-02
7.739582E+03	-1.689621E+01	1.206864E-01	8.513206E-02
7.739782E+03	-1.689637E+01	1.208200E-01	8.513468E-02
7.739982E+03	-1.689645E+01	1.208598E-01	8.513730E-02
7.740182E+03	-1.689591E+01	1.210878E-01	8.513992E-02
7.740382E+03	-1.689524E+01	1.210313E-01	8.514254E-02
7.740582E+03	-1.689445E+01	1.208616E-01	8.514516E-02
7.740782E+03	-1.689399E+01	1.211985E-01	8.514778E-02
7.740981E+03	-1.689407E+01	1.211884E-01	8.515039E-02
7.741181E+03	-1.689457E+01	1.213645E-01	8.515301E-02
7.741382E+03	-1.689515E+01	1.210455E-01	8.515564E-02
7.741582E+03	-1.689527E+01	1.210968E-01	8.515826E-02
7.741782E+03	-1.689514E+01	1.209210E-01	8.516088E-02
7.741981E+03	-1.689539E+01	1.208865E-01	8.516349E-02
7.742181E+03	-1.689468E+01	1.205328E-01	8.516611E-02
7.742381E+03	-1.689493E+01	1.185567E-01	8.516873E-02
7.742581E+03	-1.689563E+01	1.171249E-01	8.517135E-02
7.742781E+03	-1.689596E+01	1.172146E-01	8.517397E-02
7.742981E+03	-1.689571E+01	1.169021E-01	8.517659E-02
7.743182E+03	-1.689550E+01	1.168877E-01	8.517922E-02
7.743382E+03	-1.689549E+01	1.166302E-01	8.518184E-02
7.743582E+03	-1.689541E+01	1.163379E-01	8.518446E-02
7.743782E+03	-1.689566E+01	1.166873E-01	8.518708E-02
7.743982E+03	-1.689648E+01	1.173066E-01	8.518970E-02
7.744182E+03	-1.689748E+01	1.175395E-01	8.519232E-02
7.744382E+03	-1.689806E+01	1.175265E-01	8.519494E-02
7.744582E+03	-1.689810E+01	1.170990E-01	8.519756E-02
7.744782E+03	-1.689793E+01	1.171626E-01	8.520018E-02
7.744982E+03	-1.689764E+01	1.170462E-01	8.520279E-02
7.745182E+03	-1.689743E+01	1.165310E-01	8.520541E-02
7.745382E+03	-1.689768E+01	1.166733E-01	8.520803E-02
7.745582E+03	-1.689776E+01	1.166164E-01	8.521065E-02
7.745782E+03	-1.689771E+01	1.167597E-01	8.521327E-02
7.745982E+03	-1.689758E+01	1.167845E-01	8.521589E-02
7.746182E+03	-1.689733E+01	1.166254E-01	8.521851E-02
7.746382E+03	-1.689670E+01	1.162701E-01	8.522112E-02
7.746582E+03	-1.689608E+01	1.159117E-01	8.522374E-02
7.746782E+03	-1.689591E+01	1.156635E-01	8.522636E-02
7.746982E+03	-1.689590E+01	1.158382E-01	8.522898E-02
7.747182E+03	-1.689598E+01	1.166673E-01	8.523160E-02
7.747382E+03	-1.689661E+01	1.182762E-01	8.523422E-02
7.747582E+03	-1.689719E+01	1.185687E-01	8.523683E-02
7.747782E+03	-1.689714E+01	1.186824E-01	8.523945E-02
7.747983E+03	-1.689702E+01	1.187525E-01	8.524208E-02
7.748183E+03	-1.689705E+01	1.194727E-01	8.524470E-02
7.748383E+03	-1.689668E+01	1.194362E-01	8.524732E-02
7.748583E+03	-1.689592E+01	1.203698E-01	8.524994E-02
7.748783E+03	-1.689596E+01	1.195495E-01	8.525255E-02
7.748983E+03	-1.689600E+01	1.192906E-01	8.525517E-02
7.749183E+03	-1.689625E+01	1.197546E-01	8.525779E-02
7.749383E+03	-1.689683E+01	1.198446E-01	8.526041E-02
7.749583E+03	-1.689674E+01	1.198008E-01	8.526302E-02
7.749783E+03	-1.689695E+01	1.198583E-01	8.526564E-02
7.749983E+03	-1.689791E+01	1.200692E-01	8.526826E-02
7.750183E+03	-1.689912E+01	1.195169E-01	8.527087E-02
7.750383E+03	-1.690004E+01	1.194730E-01	8.527349E-02
7.750583E+03	-1.690067E+01	1.194320E-01	8.527611E-02
7.750783E+03	-1.690108E+01	1.187860E-01	8.527873E-02
7.752383E+03	-1.690169E+01	1.182255E-01	8.529966E-02
7.752583E+03	-1.690178E+01	1.150278E-01	8.530227E-02
7.752783E+03	-1.690131E+01	1.147872E-01	8.530489E-02
7.752984E+03	-1.690118E+01	1.138402E-01	8.530752E-02
7.753184E+03	-1.690147E+01	1.136985E-01	8.531014E-02
7.753384E+03	-1.690139E+01	1.136469E-01	8.531275E-02
7.753583E+03	-1.690147E+01	1.136816E-01	8.531536E-02
7.753783E+03	-1.690163E+01	1.136962E-01	8.531797E-02
7.753984E+03	-1.690129E+01	1.136207E-01	8.532060E-02
7.754184E+03	-1.690121E+01	1.143733E-01	8.532322E-02
7.754383E+03	-1.690188E+01	1.145595E-01	8.532582E-02
7.754583E+03	-1.690209E+01	1.147839E-01	8.532843E-02
7.754783E+03	-1.690120E+01	1.146386E-01	8.533105E-02
7.754983E+03	-1.690103E+01	1.147162E-01	8.533366E-02
7.755183E+03	-1.690115E+01	1.145559E-01	8.533628E-02
7.755383E+03	-1.690077E+01	1.141700E-01	8.533890E-02
7.755583E+03	-1.690018E+01	1.132173E-01	8.534151E-02
7.755783E+03	-1.689934E+01	1.129484E-01	8.534413E-02
7.755983E+03	-1.689892E+01	1.129735E-01	8.534674E-02
7.756183E+03	-1.689887E+01	1.131218E-01	8.534936E-02
7.756383E+03	-1.689925E+01	1.124069E-01	8.535197E-02
7.756583E+03	-1.689962E+01	1.124459E-01	8.535459E-02
7.756783E+03	-1.689941E+01	1.123790E-01	8.535720E-02
7.756983E+03	-1.689878E+01	1.121788E-01	8.535982E-02
7.757183E+03	-1.689806E+01	1.120119E-01	8.536243E-02
7.757383E+03	-1.689743E+01	1.118546E-01	8.536505E-02
7.757583E+03	-1.689731E+01	1.119225E-01	8.536766E-02
7.757784E+03	-1.689755E+01	1.120790E-01	8.537029E-02
7.757984E+03	-1.689772E+01	1.123936E-01	8.537290E-02
7.758184E+03	-1.689759E+01	1.127454E-01	8.537552E-02
7.758384E+03	-1.689751E+01	1.125859E-01	8.537813E-02
7.758584E+03	-1.689763E+01	1.129608E-01	8.538075E-02
7.758784E+03	-1.689779E+01	1.132800E-01	8.538336E-02
7.758984E+03	-1.689771E+01	1.132750E-01	8.538597E-02
7.759184E+03	-1.689754E+01	1.131103E-01	8.538859E-02
7.759384E+03	-1.689753E+01	1.131228E-01	8.539120E-02
7.759584E+03	-1.689716E+01	1.129958E-01	8.539382E-02
7.759784E+03	-1.689615E+01	1.125694E-01	8.539643E-02
7.759984E+03	-1.689507E+01	1.122066E-01	8.539904E-02
7.760784E+03	-1.689469E+01	1.126411E-01	8.540950E-02
7.760984E+03	-1.689531E+01	1.130063E-01	8.541211E-02
7.761584E+03	-1.689559E+01	1.136640E-01	8.541995E-02
7.761784E+03	-1.689480E+01	1.123165E-01	8.542256E-02
7.761984E+03	-1.689450E+01	1.122332E-01	8.542518E-02
7.762184E+03	-1.689471E+01	1.122660E-01	8.542779E-02
7.762384E+03	-1.689504E+01	1.124557E-01	8.543040E-02
7.762584E+03	-1.689512E+01	1.126890E-01	8.543302E-02
7.762785E+03	-1.689549E+01	1.135841E-01	8.543564E-02
7.762985E+03	-1.689599E+01	1.142390E-01	8.543826E-02
7.763185E+03	-1.689582E+01	1.140496E-01	8.544087E-02
7.763385E+03	-1.689494E+01	1.128742E-01	8.544348E-02
7.763585E+03	-1.689407E+01	1.120598E-01	8.544609E-02
7.763785E+03	-1.689365E+01	1.118040E-01	8.544871E-02
7.763985E+03	-1.689348E+01	1.112443E-01	8.545132E-02
7.764185E+03	-1.689373E+01	1.114445E-01	8.545393E-02
7.764385E+03	-1.689340E+01	1.113265E-01	8.545654E-02
7.764585E+03	-1.689286E+01	1.110153E-01	8.545916E-02
7.764785E+03	-1.689252E+01	1.111662E-01	8.546177E-02
7.764985E+03	-1.689219E+01	1.113292E-01	8.546438E-02
7.765185E+03	-1.689215E+01	1.115826E-01	8.546699E-02
7.765385E+03	-1.689173E+01	1.117570E-01	8.546960E-02
7.765585E+03	-1.689156E+01	1.116528E-01	8.547222E-02
7.765785E+03	-1.689136E+01	1.113693E-01	8.547483E-02
7.765985E+03	-1.689078E+01	1.113573E-01	8.547744E-02
7.766185E+03	-1.689032E+01	1.113360E-01	8.548005E-02
7.766385E+03	-1.689003E+01	1.112623E-01	8.548266E-02
7.766584E+03	-1.688991E+01	1.119776E-01	8.548526E-02
7.766784E+03	-1.689007E+01	1.120528E-01	8.548787E-02
7.766984E+03	-1.689031E+01	1.121575E-01	8.549048E-02
7.767185E+03	-1.689043E+01	1.121647E-01	8.549311E-02
7.767384E+03	-1.689031E+01	1.120548E-01	8.549571E-02
7.767585E+03	-1.689014E+01	1.120288E-01	8.549833E-02
7.767785E+03	-1.689030E+01	1.120835E-01	8.550094E-02
7.767985E+03	-1.689034E+01	1.120859E-01	8.550355E-02
7.768185E+03	-1.689042E+01	1.120784E-01	8.550616E-02
7.768385E+03	-1.689029E+01	1.118412E-01	8.550878E-02
7.768585E+03	-1.688980E+01	1.112508E-01	8.551139E-02
7.768785E+03	-1.688922E+01	1.111448E-01	8.551400E-02
7.768985E+03	-1.688877E+01	1.107922E-01	8.551661E-02
7.769185E+03	-1.688827E+01	1.099310E-01	8.551922E-02
7.769385E+03	-1.688782E+01	1.094824E-01	8.552183E-02
7.769585E+03	-1.688753E+01	1.093410E-01	8.552444E-02
7.769785E+03	-1.688708E+01	1.092729E-01	8.552705E-02
7.769985E+03	-1.688651E+01	1.091213E-01	8.552966E-02
7.770185E+03	-1.688630E+01	1.086917E-01	8.553227E-02
7.770385E+03	-1.688646E+01	1.086225E-01	8.553488E-02
7.770585E+03	-1.688642E+01	1.085838E-01	8.553749E-02
7.770785E+03	-1.688646E+01	1.083415E-01	8.554010E-02
7.770985E+03	-1.688666E+01	1.082986E-01	8.554271E-02
7.771185E+03	-1.688674E+01	1.083353E-01	8.554532E-02
7.771385E+03	-1.688641E+01	1.082296E-01	8.554793E-02
7.771585E+03	-1.688584E+01	1.076201E-01	8.555054E-02
7.771785E+03	-1.688543E+01	1.074138E-01	8.555315E-02
7.771985E+03	-1.688526E+01	1.071909E-01	8.555576E-02
7.772185E+03	-1.688518E+01	1.066959E-01	8.555837E-02
7.772385E+03	-1.688489E+01	1.067884E-01	8.556098E-02
7.772586E+03	-1.688436E+01	1.068696E-01	8.556360E-02
7.772786E+03	-1.688404E+01	1.069923E-01	8.556621E-02
7.772986E+03	-1.688379E+01	1.074303E-01	8.556882E-02
7.773186E+03	-1.688355E+01	1.076979E-01	8.557143E-02
7.773386E+03	-1.688342E+01	1.077406E-01	8.557404E-02
7.773586E+03	-1.688350E+01	1.078658E-01	8.557665E-02
7.773786E+03	-1.688378E+01	1.079807E-01	8.557926E-02
7.773986E+03	-1.688402E+01	1.083448E-01	8.558187E-02
7.774186E+03	-1.688414E+01	1.082091E-01	8.558448E-02
7.774386E+03	-1.688410E+01	1.078466E-01	8.558709E-02
7.774586E+03	-1.688385E+01	1.077661E-01	8.558970E-02
7.774786E+03	-1.688389E+01	1.077923E-01	8.559230E-02
7.774986E+03	-1.688401E+01	1.079966E-01	8.559491E-02
7.775186E+03	-1.688409E+01	1.081909E-01	8.559752E-02
7.775386E+03	-1.688421E+01	1.083751E-01	8.560013E-02
7.775586E+03	-1.688404E+01	1.085250E-01	8.560274E-02
7.775786E+03	-1.688363E+01	1.083916E-01	8.560535E-02
7.775986E+03	-1.688335E+01	1.082845E-01	8.560796E-02
7.776186E+03	-1.688310E+01	1.081998E-01	8.561056E-02
7.776386E+03	-1.688338E+01	1.082744E-01	8.561317E-02
7.776586E+03	-1.688374E+01	1.082681E-01	8.561578E-02
7.776786E+03	-1.688366E+01	1.081265E-01	8.561839E-02
7.776986E+03	-1.688366E+01	1.079889E-01	8.562100E-02
7.777186E+03	-1.688382E+01	1.080049E-01	8.562360E-02
7.777386E+03	-1.688390E+01	1.079198E-01	8.562621E-02
7.777587E+03	-1.688393E+01	1.075006E-01	8.562883E-02
7.777787E+03	-1.688373E+01	1.069528E-01	8.563144E-02
7.777987E+03	-1.688340E+01	1.062826E-01	8.563405E-02
7.778187E+03	-1.688336E+01	1.056945E-01	8.563666E-02
7.778387E+03	-1.688352E+01	1.052687E-01	8.563926E-02
7.778587E+03	-1.688368E+01	1.058623E-01	8.564187E-02
7.778787E+03	-1.688343E+01	1.054837E-01	8.564448E-02
7.778986E+03	-1.688359E+01	1.049282E-01	8.564707E-02
7.779186E+03	-1.688391E+01	1.051482E-01	8.564968E-02
7.779386E+03	-1.688444E+01	1.051623E-01	8.565229E-02
7.779587E+03	-1.688439E+01	1.044796E-01	8.565491E-02
7.779787E+03	-1.688386E+01	1.035432E-01	8.565752E-02
7.779986E+03	-1.688459E+01	1.034942E-01	8.566011E-02
7.780186E+03	-1.688512E+01	1.037905E-01	8.566272E-02
7.780386E+03	-1.688519E+01	1.030708E-01	8.566532E-02
7.780586E+03	-1.688544E+01	1.030596E-01	8.566793E-02
7.780786E+03	-1.688527E+01	1.015303E-01	8.567054E-02
7.780986E+03	-1.688547E+01	1.024312E-01	8.567314E-02
7.781186E+03	-1.688636E+01	1.028543E-01	8.567575E-02
7.781386E+03	-1.688697E+01	1.031663E-01	8.567836E-02
7.781586E+03	-1.688697E+01	1.029951E-01	8.568096E-02
7.781786E+03	-1.688709E+01	1.029180E-01	8.568357E-02
7.781986E+03	-1.688741E+01	1.029832E-01	8.568618E-02
7.782186E+03	-1.688757E+01	1.027973E-01	8.568878E-02
7.782387E+03	-1.688724E+01	1.028751E-01	8.569140E-02
7.782587E+03	-1.688675E+01	1.028978E-01	8.569401E-02
7.782787E+03	-1.688626E+01	1.027821E-01	8.569662E-02
7.782987E+03	-1.688634E+01	1.020195E-01	8.569922E-02
7.783187E+03	-1.688666E+01	1.021776E-01	8.570183E-02
7.783387E+03	-1.688670E+01	1.021342E-01	8.570443E-02
7.783587E+03	-1.688601E+01	1.017111E-01	8.570704E-02
7.783787E+03	-1.688511E+01	1.008359E-01	8.570965E-02
7.783987E+03	-1.688547E+01	1.021116E-01	8.571225E-02
7.784187E+03	-1.688624E+01	1.026152E-01	8.571486E-02
7.784387E+03	-1.688673E+01	1.030120E-01	8.571746E-02
7.784587E+03	-1.688709E+01	1.031766E-01	8.572007E-02
7.784787E+03	-1.688640E+01	1.030202E-01	8.572267E-02
7.784987E+03	-1.688570E+01	1.029945E-01	8.572528E-02
7.785187E+03	-1.688546E+01	1.026481E-01	8.572788E-02
7.785387E+03	-1.688513E+01	1.025713E-01	8.573049E-02
7.785587E+03	-1.688500E+01	1.024695E-01	8.573309E-02
7.785787E+03	-1.688480E+01	1.023607E-01	8.573570E-02
7.785987E+03	-1.688459E+01	1.022075E-01	8.573830E-02
7.786187E+03	-1.688451E+01	1.015598E-01	8.574091E-02
7.786387E+03	-1.688463E+01	1.013651E-01	8.574351E-02
7.786587E+03	-1.688467E+01	1.013543E-01	8.574612E-02
7.786787E+03	-1.688446E+01	1.013110E-01	8.574872E-02
7.786987E+03	-1.688418E+01	1.016542E-01	8.575133E-02
7.787187E+03	-1.688381E+01	1.017187E-01	8.575393E-02
7.787388E+03	-1.688405E+01	1.016865E-01	8.575655E-02
7.787588E+03	-1.688380E+01	1.018159E-01	8.575916E-02
7.787788E+03	-1.688319E+01	1.017424E-01	8.576176E-02
7.787988E+03	-1.688295E+01	1.016856E-01	8.576436E-02
7.788188E+03	-1.688323E+01	1.018611E-01	8.576697E-02
7.788388E+03	-1.688351E+01	1.016645E-01	8.576957E-02
7.788588E+03	-1.688383E+01	1.017120E-01	8.577218E-02
7.788788E+03	-1.688407E+01	1.015785E-01	8.577478E-02
7.788988E+03	-1.688391E+01	1.018403E-01	8.577739E-02
7.789188E+03	-1.688346E+01	1.010077E-01	8.577999E-02
7.789388E+03	-1.688325E+01	1.007867E-01	8.578259E-02
7.789588E+03	-1.688301E+01	1.003829E-01	8.578520E-02
7.789788E+03	-1.688264E+01	1.002988E-01	8.578780E-02
7.789988E+03	-1.688345E+01	1.005262E-01	8.579041E-02
7.790188E+03	-1.688458E+01	1.009189E-01	8.579301E-02
7.790388E+03	-1.688498E+01	1.005666E-01	8.579561E-02
7.790588E+03	-1.688539E+01	1.004494E-01	8.579822E-02
7.790788E+03	-1.688465E+01	1.004428E-01	8.580082E-02
7.790988E+03	-1.688408E+01	9.991853E-02	8.580342E-02
7.791188E+03	-1.688436E+01	9.988246E-02	8.580603E-02
7.791387E+03	-1.688379E+01	9.984926E-02	8.580862E-02
7.791587E+03	-1.688335E+01	9.978741E-02	8.581122E-02
7.791788E+03	-1.688334E+01	9.973078E-02	8.581384E-02
7.791988E+03	-1.688310E+01	1.001966E-01	8.581644E-02
7.792189E+03	-1.688289E+01	1.005703E-01	8.581905E-02
7.792389E+03	-1.688301E+01	1.008813E-01	8.582166E-02
7.792588E+03	-1.688309E+01	1.009365E-01	8.582425E-02
7.792788E+03	-1.688252E+01	1.003933E-01	8.582685E-02
7.792988E+03	-1.688208E+01	1.003512E-01	8.582945E-02
7.793188E+03	-1.688179E+01	1.003102E-01	8.583206E-02
7.793388E+03	-1.688183E+01	1.002469E-01	8.583466E-02
7.793588E+03	-1.688207E+01	1.002947E-01	8.583726E-02
7.793788E+03	-1.688182E+01	1.000171E-01	8.583986E-02
7.793988E+03	-1.688146E+01	9.955502E-02	8.584247E-02
7.794188E+03	-1.688113E+01	9.913506E-02	8.584507E-02
7.794788E+03	-1.688056E+01	9.901464E-02	8.585287E-02
7.794988E+03	-1.688004E+01	9.897594E-02	8.585548E-02
7.795188E+03	-1.687975E+01	9.890391E-02	8.585808E-02
7.795388E+03	-1.687959E+01	9.897165E-02	8.586068E-02
7.795588E+03	-1.687951E+01	9.905363E-02	8.586328E-02
7.795788E+03	-1.687935E+01	9.907318E-02	8.586588E-02
7.796188E+03	-1.687918E+01	9.898853E-02	8.587109E-02
7.796388E+03	-1.687906E+01	9.891306E-02	8.587369E-02
7.796588E+03	-1.687869E+01	9.861487E-02	8.587629E-02
7.796788E+03	-1.687837E+01	9.836622E-02	8.587889E-02
7.796988E+03	-1.687837E+01	9.831422E-02	8.588149E-02
7.797189E+03	-1.687853E+01	9.835045E-02	8.588411E-02
7.797389E+03	-1.687856E+01	9.834751E-02	8.588671E-02
7.797589E+03	-1.687840E+01	9.801927E-02	8.588931E-02
7.797789E+03	-1.687852E+01	9.773426E-02	8.589191E-02
7.797989E+03	-1.687844E+01	9.655611E-02	8.589451E-02
7.798189E+03	-1.687779E+01	9.468435E-02	8.589711E-02
7.798389E+03	-1.687743E+01	9.442243E-02	8.589971E-02
7.798589E+03	-1.687707E+01	9.336334E-02	8.590232E-02
7.798789E+03	-1.687711E+01	9.170876E-02	8.590492E-02
7.798989E+03	-1.687722E+01	9.070076E-02	8.590752E-02
7.799189E+03	-1.687670E+01	9.064836E-02	8.591012E-02
7.799389E+03	-1.687662E+01	8.944450E-02	8.591272E-02
7.799589E+03	-1.687678E+01	8.924220E-02	8.591532E-02
7.799789E+03	-1.687654E+01	8.779894E-02	8.591792E-02
7.799989E+03	-1.687629E+01	8.768298E-02	8.592052E-02
7.800189E+03	-1.687621E+01	8.773059E-02	8.592312E-02
7.800389E+03	-1.687621E+01	8.776243E-02	8.592572E-02
7.800589E+03	-1.687633E+01	8.779851E-02	8.592832E-02
7.800789E+03	-1.687660E+01	8.784693E-02	8.593092E-02
7.800989E+03	-1.687636E+01	8.830429E-02	8.593352E-02
7.801189E+03	-1.687580E+01	8.840981E-02	8.593612E-02
7.801389E+03	-1.687548E+01	8.807090E-02	8.593872E-02
7.801589E+03	-1.687488E+01	8.777955E-02	8.594132E-02
7.801789E+03	-1.687440E+01	8.766755E-02	8.594392E-02
7.801990E+03	-1.687448E+01	8.783818E-02	8.594653E-02
7.802190E+03	-1.687416E+01	8.775031E-02	8.594913E-02
7.802390E+03	-1.687360E+01	8.770960E-02	8.595173E-02
7.802590E+03	-1.687313E+01	8.751895E-02	8.595433E-02
7.802790E+03	-1.687257E+01	8.738785E-02	8.595693E-02
7.802990E+03	-1.687237E+01	8.735210E-02	8.595953E-02
7.803190E+03	-1.687249E+01	8.740749E-02	8.596213E-02
7.803390E+03	-1.687221E+01	8.756096E-02	8.596473E-02
7.803590E+03	-1.687201E+01	8.658687E-02	8.596733E-02
7.803790E+03	-1.687181E+01	8.652789E-02	8.596993E-02
7.803990E+03	-1.687185E+01	8.647662E-02	8.597253E-02
7.804190E+03	-1.687173E+01	8.679980E-02	8.597513E-02
7.804390E+03	-1.687109E+01	8.655990E-02	8.597772E-02
7.804590E+03	-1.687046E+01	8.677247E-02	8.598032E-02
7.804789E+03	-1.687069E+01	8.793196E-02	8.598291E-02
7.804989E+03	-1.687089E+01	8.821558E-02	8.598551E-02
7.805190E+03	-1.687085E+01	8.805424E-02	8.598812E-02
7.805389E+03	-1.687112E+01	8.777958E-02	8.599071E-02
7.805589E+03	-1.687139E+01	8.829985E-02	8.599330E-02
7.805789E+03	-1.687147E+01	8.818986E-02	8.599590E-02
7.805989E+03	-1.687158E+01	8.819022E-02	8.599850E-02
7.806189E+03	-1.687174E+01	8.834831E-02	8.600110E-02
7.806389E+03	-1.687166E+01	8.900200E-02	8.600370E-02
7.806589E+03	-1.687134E+01	8.895321E-02	8.600630E-02
7.806789E+03	-1.687102E+01	8.889268E-02	8.600889E-02
7.806990E+03	-1.687051E+01	8.908675E-02	8.601150E-02
7.807190E+03	-1.687003E+01	8.882922E-02	8.601410E-02
7.807390E+03	-1.686999E+01	8.866421E-02	8.601670E-02
7.807590E+03	-1.687023E+01	8.830785E-02	8.601930E-02
7.807790E+03	-1.687030E+01	8.831597E-02	8.602190E-02
7.807990E+03	-1.687050E+01	8.762116E-02	8.602449E-02
7.808190E+03	-1.687061E+01	8.720869E-02	8.602709E-02
7.808390E+03	-1.687041E+01	8.715746E-02	8.602969E-02
7.808590E+03	-1.687017E+01	8.709055E-02	8.603229E-02
7.808790E+03	-1.687013E+01	8.706305E-02	8.603488E-02
7.808990E+03	-1.686985E+01	8.769068E-02	8.603748E-02
7.809190E+03	-1.686973E+01	8.867892E-02	8.604008E-02
7.809390E+03	-1.686993E+01	8.812250E-02	8.604268E-02
7.809590E+03	-1.687016E+01	8.756957E-02	8.604527E-02
7.809790E+03	-1.687039E+01	8.778995E-02	8.604787E-02
7.810190E+03	-1.687047E+01	8.710644E-02	8.605306E-02
7.810390E+03	-1.687066E+01	8.693752E-02	8.605566E-02
7.810590E+03	-1.687046E+01	8.683532E-02	8.605826E-02
7.810790E+03	-1.687042E+01	8.685497E-02	8.606086E-02
7.810990E+03	-1.687042E+01	8.681961E-02	8.606345E-02
7.811190E+03	-1.687026E+01	8.669787E-02	8.606605E-02
7.811390E+03	-1.687065E+01	8.584077E-02	8.606865E-02
7.811590E+03	-1.687116E+01	8.502490E-02	8.607124E-02
7.811790E+03	-1.687088E+01	8.495920E-02	8.607384E-02
7.811991E+03	-1.687029E+01	8.496178E-02	8.607645E-02
7.812191E+03	-1.686997E+01	8.477083E-02	8.607904E-02
7.812391E+03	-1.687028E+01	8.463577E-02	8.608164E-02
7.812591E+03	-1.687075E+01	8.453506E-02	8.608424E-02
7.812791E+03	-1.687087E+01	8.437317E-02	8.608683E-02
7.812991E+03	-1.687181E+01	8.594837E-02	8.608943E-02
7.813191E+03	-1.687228E+01	8.688652E-02	8.609202E-02
7.813391E+03	-1.687251E+01	8.683126E-02	8.609462E-02
7.813591E+03	-1.687208E+01	8.652364E-02	8.609722E-02
7.813791E+03	-1.687227E+01	8.622754E-02	8.609981E-02
7.813991E+03	-1.687274E+01	8.597008E-02	8.610241E-02
7.814191E+03	-1.687313E+01	8.575972E-02	8.610500E-02
7.814391E+03	-1.687345E+01	8.595675E-02	8.610760E-02
7.814591E+03	-1.687368E+01	8.571477E-02	8.611020E-02
7.814791E+03	-1.687372E+01	8.597993E-02	8.611279E-02
7.814991E+03	-1.687360E+01	8.623350E-02	8.611539E-02
7.815191E+03	-1.687340E+01	8.576297E-02	8.611798E-02
7.815391E+03	-1.687340E+01	8.607553E-02	8.612058E-02
7.815591E+03	-1.687320E+01	8.602052E-02	8.612317E-02
7.815791E+03	-1.687268E+01	8.644415E-02	8.612577E-02
7.815991E+03	-1.687236E+01	8.639709E-02	8.612836E-02
7.816191E+03	-1.687236E+01	8.644446E-02	8.613096E-02
7.816391E+03	-1.687255E+01	8.648376E-02	8.613355E-02
7.816591E+03	-1.687259E+01	8.638499E-02	8.613615E-02
7.816792E+03	-1.687215E+01	8.631840E-02	8.613875E-02
7.816992E+03	-1.687195E+01	8.759238E-02	8.614135E-02
7.817191E+03	-1.687234E+01	8.817327E-02	8.614393E-02
7.817391E+03	-1.687270E+01	9.183626E-02	8.614653E-02
7.817592E+03	-1.687246E+01	9.237049E-02	8.614913E-02
7.817792E+03	-1.687206E+01	9.509905E-02	8.615173E-02
7.817991E+03	-1.687233E+01	9.557794E-02	8.615431E-02
7.818191E+03	-1.687261E+01	9.601399E-02	8.615690E-02
7.818391E+03	-1.687261E+01	9.648399E-02	8.615950E-02
7.818591E+03	-1.687256E+01	9.646337E-02	8.616209E-02
7.818791E+03	-1.687252E+01	9.648224E-02	8.616469E-02
7.818991E+03	-1.687236E+01	9.653006E-02	8.616728E-02
7.819191E+03	-1.687256E+01	9.666083E-02	8.616987E-02
7.819391E+03	-1.687291E+01	9.674396E-02	8.617247E-02
7.819591E+03	-1.687342E+01	9.699309E-02	8.617506E-02
7.819791E+03	-1.687397E+01	9.764395E-02	8.617766E-02
7.819991E+03	-1.687441E+01	9.773807E-02	8.618025E-02
7.820191E+03	-1.687448E+01	9.798601E-02	8.618284E-02
7.820391E+03	-1.687448E+01	9.845807E-02	8.618544E-02
7.820591E+03	-1.687479E+01	9.874840E-02	8.618803E-02
7.820791E+03	-1.687495E+01	9.866141E-02	8.619062E-02
7.820991E+03	-1.687519E+01	9.856061E-02	8.619322E-02
7.821191E+03	-1.687562E+01	9.846899E-02	8.619581E-02
7.821591E+03	-1.687578E+01	9.828225E-02	8.620100E-02
7.821792E+03	-1.687537E+01	9.812074E-02	8.620360E-02
7.821992E+03	-1.687498E+01	9.844405E-02	8.620620E-02
7.822592E+03	-1.687509E+01	9.845915E-02	8.621398E-02
7.823392E+03	-1.687488E+01	9.839429E-02	8.622435E-02
7.823592E+03	-1.687424E+01	9.843691E-02	8.622694E-02
7.823792E+03	-1.687412E+01	9.843770E-02	8.622953E-02
7.823992E+03	-1.687392E+01	9.841657E-02	8.623212E-02
7.824192E+03	-1.687344E+01	9.860183E-02	8.623472E-02
7.824392E+03	-1.687269E+01	9.851041E-02	8.623731E-02
7.824592E+03	-1.687237E+01	9.849404E-02	8.623990E-02
7.824792E+03	-1.687248E+01	9.828001E-02	8.624249E-02
7.824992E+03	-1.687260E+01	9.840953E-02	8.624508E-02
7.825192E+03	-1.687307E+01	9.839843E-02	8.624768E-02
7.825392E+03	-1.687335E+01	9.835830E-02	8.625027E-02
7.825592E+03	-1.687295E+01	9.848621E-02	8.625286E-02
7.825792E+03	-1.687259E+01	9.872951E-02	8.625545E-02
7.825992E+03	-1.687231E+01	9.908515E-02	8.625804E-02
7.826192E+03	-1.687179E+01	9.948080E-02	8.626064E-02
7.826392E+03	-1.687175E+01	1.002288E-01	8.626323E-02
7.826593E+03	-1.687132E+01	1.010780E-01	8.626583E-02
7.826793E+03	-1.687096E+01	1.021173E-01	8.626842E-02
7.826993E+03	-1.687064E+01	1.032113E-01	8.627101E-02
7.827193E+03	-1.687025E+01	1.042810E-01	8.627361E-02
7.827393E+03	-1.687083E+01	1.060831E-01	8.627620E-02
7.827593E+03	-1.687182E+01	1.062923E-01	8.627879E-02
7.827793E+03	-1.687197E+01	1.064690E-01	8.628138E-02
7.827993E+03	-1.687110E+01	1.061858E-01	8.628397E-02
7.828193E+03	-1.687043E+01	1.060263E-01	8.628656E-02
7.828393E+03	-1.687027E+01	1.057247E-01	8.628915E-02
7.828593E+03	-1.687007E+01	1.055787E-01	8.629174E-02
7.828793E+03	-1.687003E+01	1.055770E-01	8.629433E-02
7.828993E+03	-1.686987E+01	1.051737E-01	8.629693E-02
7.829193E+03	-1.686971E+01	1.050376E-01	8.629952E-02
7.829392E+03	-1.686931E+01	1.049584E-01	8.630209E-02
7.829592E+03	-1.686888E+01	1.046780E-01	8.630468E-02
7.829792E+03	-1.686880E+01	1.046004E-01	8.630727E-02
7.829993E+03	-1.686907E+01	1.043334E-01	8.630988E-02
7.830193E+03	-1.686930E+01	1.043467E-01	8.631247E-02
7.830392E+03	-1.686962E+01	1.037943E-01	8.631505E-02
7.830592E+03	-1.687016E+01	1.038236E-01	8.631764E-02
7.830792E+03	-1.686977E+01	1.024266E-01	8.632018E-02
7.830992E+03	-1.686953E+01	1.021632E-01	8.632254E-02
7.831192E+03	-1.686906E+01	1.018723E-01	8.632489E-02
7.831392E+03	-1.686913E+01	1.018867E-01	8.632725E-02
7.831593E+03	-1.686913E+01	1.019103E-01	8.632961E-02
7.831793E+03	-1.686846E+01	1.017933E-01	8.633197E-02
7.831993E+03	-1.686830E+01	1.022613E-01	8.633432E-02
7.832193E+03	-1.686854E+01	1.030172E-01	8.633668E-02
7.832393E+03	-1.686865E+01	1.033622E-01	8.633904E-02
7.832593E+03	-1.686881E+01	1.034269E-01	8.634139E-02
7.832793E+03	-1.686869E+01	1.033990E-01	8.634375E-02
7.832993E+03	-1.686857E+01	1.032497E-01	8.634610E-02
7.833193E+03	-1.686829E+01	1.031063E-01	8.634846E-02
7.833393E+03	-1.686797E+01	1.030125E-01	8.635081E-02
7.833593E+03	-1.686762E+01	1.029213E-01	8.635317E-02
7.833793E+03	-1.686703E+01	1.017294E-01	8.635552E-02
7.833993E+03	-1.686695E+01	1.014108E-01	8.635787E-02
7.834193E+03	-1.686714E+01	1.012222E-01	8.636023E-02
7.834393E+03	-1.686703E+01	1.010233E-01	8.636258E-02
7.834593E+03	-1.686659E+01	1.008184E-01	8.636494E-02
7.834793E+03	-1.686686E+01	1.008388E-01	8.636729E-02
7.834993E+03	-1.686725E+01	1.013978E-01	8.636965E-02
7.835193E+03	-1.686709E+01	1.015019E-01	8.637200E-02
7.835393E+03	-1.686670E+01	1.024555E-01	8.637436E-02
7.835593E+03	-1.686600E+01	1.026443E-01	8.637671E-02
7.835793E+03	-1.686522E+01	1.050286E-01	8.637907E-02
7.835993E+03	-1.686487E+01	1.050063E-01	8.638142E-02
7.836193E+03	-1.686455E+01	1.052144E-01	8.638377E-02
7.836394E+03	-1.686412E+01	1.062659E-01	8.638614E-02
7.836594E+03	-1.686408E+01	1.068571E-01	8.638849E-02
7.836794E+03	-1.686408E+01	1.069268E-01	8.639085E-02
7.836994E+03	-1.686377E+01	1.070906E-01	8.639320E-02
7.837194E+03	-1.686338E+01	1.069217E-01	8.639556E-02
7.837394E+03	-1.686369E+01	1.073270E-01	8.639791E-02
7.837594E+03	-1.686392E+01	1.078028E-01	8.640026E-02
7.837794E+03	-1.686349E+01	1.076391E-01	8.640262E-02
7.837994E+03	-1.686302E+01	1.074661E-01	8.640497E-02
7.838194E+03	-1.686267E+01	1.076698E-01	8.640732E-02
7.838394E+03	-1.686252E+01	1.080099E-01	8.640968E-02
7.838594E+03	-1.686255E+01	1.080929E-01	8.641203E-02
7.838794E+03	-1.686232E+01	1.079195E-01	8.641438E-02
7.838994E+03	-1.686228E+01	1.079060E-01	8.641674E-02
7.839194E+03	-1.686204E+01	1.081146E-01	8.641909E-02
7.839394E+03	-1.686173E+01	1.079916E-01	8.642144E-02
7.839594E+03	-1.686196E+01	1.082613E-01	8.642380E-02
7.839794E+03	-1.686204E+01	1.081339E-01	8.642615E-02
7.839994E+03	-1.686134E+01	1.079036E-01	8.642850E-02
7.840194E+03	-1.686076E+01	1.077949E-01	8.643086E-02
7.840394E+03	-1.686072E+01	1.077853E-01	8.643321E-02
7.840594E+03	-1.686072E+01	1.075469E-01	8.643556E-02
7.840794E+03	-1.686037E+01	1.072384E-01	8.643791E-02
7.840994E+03	-1.686014E+01	1.074695E-01	8.644027E-02
7.841194E+03	-1.686013E+01	1.073851E-01	8.644262E-02
7.841395E+03	-1.685994E+01	1.072992E-01	8.644498E-02
7.841595E+03	-1.685990E+01	1.073051E-01	8.644734E-02
7.841795E+03	-1.685970E+01	1.068011E-01	8.644969E-02
7.841995E+03	-1.685966E+01	1.063966E-01	8.645204E-02
7.842194E+03	-1.685989E+01	1.061344E-01	8.645438E-02
7.842395E+03	-1.685954E+01	1.058315E-01	8.645675E-02
7.842595E+03	-1.685870E+01	1.055191E-01	8.645910E-02
7.842994E+03	-1.685839E+01	1.054677E-01	8.646379E-02
7.843194E+03	-1.685842E+01	1.056376E-01	8.646614E-02
7.843394E+03	-1.685877E+01	1.060392E-01	8.646849E-02
7.843594E+03	-1.685884E+01	1.065365E-01	8.647085E-02
7.843794E+03	-1.685872E+01	1.071553E-01	8.647320E-02
7.843994E+03	-1.685883E+01	1.080107E-01	8.647555E-02
7.844194E+03	-1.685910E+01	1.090851E-01	8.647790E-02
7.844394E+03	-1.685940E+01	1.092657E-01	8.648025E-02
7.844594E+03	-1.685952E+01	1.093445E-01	8.648260E-02
7.844794E+03	-1.685921E+01	1.094551E-01	8.648496E-02
7.844994E+03	-1.685921E+01	1.093401E-01	8.648731E-02
7.845194E+03	-1.685932E+01	1.092119E-01	8.648966E-02
7.845394E+03	-1.685924E+01	1.093076E-01	8.649201E-02
7.845594E+03	-1.685958E+01	1.095326E-01	8.649436E-02
7.845794E+03	-1.686031E+01	1.098819E-01	8.649671E-02
7.845994E+03	-1.686061E+01	1.101251E-01	8.649906E-02
7.846195E+03	-1.686027E+01	1.101911E-01	8.650143E-02
7.846395E+03	-1.685996E+01	1.102667E-01	8.650378E-02
7.846595E+03	-1.685980E+01	1.103736E-01	8.650613E-02
7.846795E+03	-1.685988E+01	1.105274E-01	8.650848E-02
7.846995E+03	-1.686014E+01	1.107265E-01	8.651083E-02
7.847195E+03	-1.685991E+01	1.108635E-01	8.651318E-02
7.847395E+03	-1.685929E+01	1.108565E-01	8.651553E-02
7.847595E+03	-1.685914E+01	1.109246E-01	8.651788E-02
7.847795E+03	-1.685929E+01	1.111593E-01	8.652023E-02
7.847995E+03	-1.685971E+01	1.112712E-01	8.652258E-02
7.848195E+03	-1.686040E+01	1.112255E-01	8.652493E-02
7.848395E+03	-1.685986E+01	1.110879E-01	8.652729E-02
7.848595E+03	-1.685916E+01	1.108118E-01	8.652964E-02
7.848795E+03	-1.685901E+01	1.106156E-01	8.653199E-02
7.848995E+03	-1.685843E+01	1.099529E-01	8.653434E-02
7.849195E+03	-1.685763E+01	1.097575E-01	8.653669E-02
7.849395E+03	-1.685782E+01	1.094887E-01	8.653904E-02
7.849595E+03	-1.685816E+01	1.095104E-01	8.654139E-02
7.849795E+03	-1.685815E+01	1.095410E-01	8.654374E-02
7.849995E+03	-1.685823E+01	1.097171E-01	8.654609E-02
7.850195E+03	-1.685834E+01	1.097805E-01	8.654844E-02
7.850395E+03	-1.685834E+01	1.098035E-01	8.655079E-02
7.850595E+03	-1.685834E+01	1.090461E-01	8.655314E-02
7.850795E+03	-1.685833E+01	1.088624E-01	8.655549E-02
7.850995E+03	-1.685822E+01	1.087610E-01	8.655784E-02
7.851196E+03	-1.685799E+01	1.087647E-01	8.656020E-02
7.851396E+03	-1.685768E+01	1.085431E-01	8.656255E-02
7.851596E+03	-1.685718E+01	1.084229E-01	8.656490E-02
7.851796E+03	-1.685664E+01	1.082554E-01	8.656725E-02
7.851996E+03	-1.685630E+01	1.082690E-01	8.656959E-02
7.852196E+03	-1.685614E+01	1.084023E-01	8.657194E-02
7.852396E+03	-1.685576E+01	1.083378E-01	8.657429E-02
7.852596E+03	-1.685545E+01	1.089308E-01	8.657664E-02
7.852796E+03	-1.685545E+01	1.090373E-01	8.657899E-02
7.852996E+03	-1.685549E+01	1.090468E-01	8.658134E-02
7.853196E+03	-1.685571E+01	1.091535E-01	8.658369E-02
7.854196E+03	-1.685585E+01	1.093021E-01	8.659543E-02
7.854396E+03	-1.685608E+01	1.096031E-01	8.659778E-02
7.854995E+03	-1.685638E+01	1.101409E-01	8.660482E-02
7.855395E+03	-1.685664E+01	1.124836E-01	8.660951E-02
7.855596E+03	-1.685645E+01	1.132266E-01	8.661187E-02
7.855796E+03	-1.685621E+01	1.136963E-01	8.661422E-02
7.855995E+03	-1.685648E+01	1.137318E-01	8.661656E-02
7.856196E+03	-1.685682E+01	1.142716E-01	8.661892E-02
7.856396E+03	-1.685754E+01	1.139966E-01	8.662127E-02
7.856596E+03	-1.685788E+01	1.141365E-01	8.662361E-02
7.856796E+03	-1.685792E+01	1.154271E-01	8.662596E-02
7.856996E+03	-1.685799E+01	1.164376E-01	8.662831E-02
7.857196E+03	-1.685826E+01	1.161000E-01	8.663066E-02
7.857396E+03	-1.685856E+01	1.161781E-01	8.663301E-02
7.857596E+03	-1.685871E+01	1.164909E-01	8.663535E-02
7.857796E+03	-1.685837E+01	1.164981E-01	8.663770E-02
7.857996E+03	-1.685794E+01	1.164197E-01	8.664005E-02
7.858196E+03	-1.685775E+01	1.173963E-01	8.664240E-02
7.858396E+03	-1.685786E+01	1.182681E-01	8.664474E-02
7.858596E+03	-1.685801E+01	1.183977E-01	8.664709E-02
7.858796E+03	-1.685793E+01	1.188088E-01	8.664944E-02
7.858996E+03	-1.685782E+01	1.193354E-01	8.665179E-02
7.859196E+03	-1.685835E+01	1.193946E-01	8.665413E-02
7.859396E+03	-1.685885E+01	1.205429E-01	8.665648E-02
7.859596E+03	-1.685900E+01	1.206927E-01	8.665883E-02
7.859796E+03	-1.685930E+01	1.215948E-01	8.666117E-02
7.859996E+03	-1.685934E+01	1.208040E-01	8.666352E-02
7.860196E+03	-1.685930E+01	1.208201E-01	8.666587E-02
7.860396E+03	-1.685968E+01	1.214604E-01	8.666821E-02
7.860596E+03	-1.685975E+01	1.218581E-01	8.667056E-02
7.860796E+03	-1.685998E+01	1.218959E-01	8.667291E-02
7.861197E+03	-1.686005E+01	1.221633E-01	8.667761E-02
7.861397E+03	-1.686032E+01	1.224235E-01	8.667996E-02
7.861597E+03	-1.686047E+01	1.225284E-01	8.668231E-02
7.861797E+03	-1.686062E+01	1.227642E-01	8.668465E-02
7.861997E+03	-1.686100E+01	1.229924E-01	8.668700E-02
7.862197E+03	-1.686139E+01	1.231362E-01	8.668935E-02
7.862397E+03	-1.686158E+01	1.232795E-01	8.669169E-02
7.862597E+03	-1.686192E+01	1.235054E-01	8.669404E-02
7.862797E+03	-1.686215E+01	1.234361E-01	8.669638E-02
7.862997E+03	-1.686226E+01	1.235386E-01	8.669873E-02
7.863197E+03	-1.686265E+01	1.236910E-01	8.670108E-02
7.863397E+03	-1.686276E+01	1.237163E-01	8.670342E-02
7.863597E+03	-1.686257E+01	1.240709E-01	8.670577E-02
7.863797E+03	-1.686226E+01	1.231602E-01	8.670811E-02
7.863997E+03	-1.686183E+01	1.224303E-01	8.671046E-02
7.864197E+03	-1.686163E+01	1.222911E-01	8.671281E-02
7.864397E+03	-1.686159E+01	1.222764E-01	8.671515E-02
7.864597E+03	-1.686190E+01	1.224443E-01	8.671750E-02
7.864797E+03	-1.686201E+01	1.224693E-01	8.671984E-02
7.864997E+03	-1.686166E+01	1.223521E-01	8.672219E-02
7.865197E+03	-1.686181E+01	1.223647E-01	8.672453E-02
7.865397E+03	-1.686204E+01	1.225072E-01	8.672688E-02
7.865597E+03	-1.686196E+01	1.221304E-01	8.672922E-02
7.865797E+03	-1.686173E+01	1.235232E-01	8.673157E-02
7.865998E+03	-1.686157E+01	1.246515E-01	8.673393E-02
7.866198E+03	-1.686176E+01	1.248110E-01	8.673627E-02
7.866398E+03	-1.686184E+01	1.262799E-01	8.673862E-02
7.866598E+03	-1.686157E+01	1.270188E-01	8.674096E-02
7.866798E+03	-1.686114E+01	1.286860E-01	8.674331E-02
7.866998E+03	-1.686121E+01	1.291788E-01	8.674565E-02
7.867198E+03	-1.686141E+01	1.292631E-01	8.674800E-02
7.867398E+03	-1.686152E+01	1.296561E-01	8.675034E-02
7.867597E+03	-1.686179E+01	1.297328E-01	8.675267E-02
7.867797E+03	-1.686190E+01	1.289918E-01	8.675502E-02
7.867998E+03	-1.686190E+01	1.286214E-01	8.675738E-02
7.868198E+03	-1.686205E+01	1.260963E-01	8.675972E-02
7.868398E+03	-1.686193E+01	1.255572E-01	8.676206E-02
7.868597E+03	-1.686170E+01	1.235541E-01	8.676440E-02
7.868797E+03	-1.686181E+01	1.233131E-01	8.676674E-02
7.868997E+03	-1.686189E+01	1.230263E-01	8.676909E-02
7.869197E+03	-1.686188E+01	1.227832E-01	8.677143E-02
7.869397E+03	-1.686200E+01	1.234181E-01	8.677377E-02
7.869597E+03	-1.686230E+01	1.234557E-01	8.677612E-02
7.869797E+03	-1.686273E+01	1.235766E-01	8.677846E-02
7.869997E+03	-1.686311E+01	1.236480E-01	8.678081E-02
7.870197E+03	-1.686326E+01	1.242146E-01	8.678315E-02
7.870397E+03	-1.686330E+01	1.245470E-01	8.678549E-02
7.870597E+03	-1.686349E+01	1.241882E-01	8.678784E-02
7.870798E+03	-1.686357E+01	1.241832E-01	8.679019E-02
7.870998E+03	-1.686349E+01	1.240216E-01	8.679254E-02
7.871198E+03	-1.686344E+01	1.236543E-01	8.679488E-02
7.871398E+03	-1.686371E+01	1.235300E-01	8.679722E-02
7.871598E+03	-1.686398E+01	1.236033E-01	8.679957E-02
7.871798E+03	-1.686402E+01	1.239479E-01	8.680191E-02
7.871998E+03	-1.686406E+01	1.245368E-01	8.680425E-02
7.872398E+03	-1.686421E+01	1.245347E-01	8.680894E-02
7.872598E+03	-1.686413E+01	1.241634E-01	8.681128E-02
7.872798E+03	-1.686420E+01	1.236230E-01	8.681363E-02
7.872998E+03	-1.686432E+01	1.237532E-01	8.681597E-02
7.873198E+03	-1.686424E+01	1.236302E-01	8.681831E-02
7.873398E+03	-1.686404E+01	1.235129E-01	8.682066E-02
7.873598E+03	-1.686377E+01	1.234590E-01	8.682300E-02
7.873798E+03	-1.686380E+01	1.235863E-01	8.682534E-02
7.873998E+03	-1.686461E+01	1.236786E-01	8.682769E-02
7.874198E+03	-1.686574E+01	1.239262E-01	8.683003E-02
7.874398E+03	-1.686640E+01	1.240529E-01	8.683237E-02
7.874598E+03	-1.686616E+01	1.242473E-01	8.683471E-02
7.874798E+03	-1.686569E+01	1.239540E-01	8.683706E-02
7.874998E+03	-1.686538E+01	1.239663E-01	8.683940E-02
7.875198E+03	-1.686503E+01	1.242202E-01	8.684174E-02
7.875398E+03	-1.686471E+01	1.240497E-01	8.684408E-02
7.875598E+03	-1.686436E+01	1.239616E-01	8.684643E-02
7.875799E+03	-1.686389E+01	1.235031E-01	8.684878E-02
7.875999E+03	-1.686343E+01	1.229526E-01	8.685112E-02
7.876199E+03	-1.686350E+01	1.223974E-01	8.685346E-02
7.876399E+03	-1.686385E+01	1.217281E-01	8.685581E-02
7.876599E+03	-1.686396E+01	1.210045E-01	8.685815E-02
7.876799E+03	-1.686404E+01	1.199362E-01	8.686049E-02
7.876999E+03	-1.686423E+01	1.189770E-01	8.686283E-02
7.877199E+03	-1.686392E+01	1.186012E-01	8.686517E-02
7.877399E+03	-1.686376E+01	1.189348E-01	8.686752E-02
7.877599E+03	-1.686446E+01	1.195416E-01	8.686986E-02
7.877799E+03	-1.686422E+01	1.195590E-01	8.687220E-02
7.877999E+03	-1.686371E+01	1.192265E-01	8.687454E-02
7.878199E+03	-1.686363E+01	1.190929E-01	8.687688E-02
7.878399E+03	-1.686402E+01	1.191217E-01	8.687922E-02
7.878599E+03	-1.686468E+01	1.192484E-01	8.688157E-02
7.878799E+03	-1.686502E+01	1.196594E-01	8.688391E-02
7.878999E+03	-1.686483E+01	1.194776E-01	8.688625E-02
7.879199E+03	-1.686541E+01	1.197471E-01	8.688859E-02
7.879399E+03	-1.686572E+01	1.197941E-01	8.689093E-02
7.879599E+03	-1.686540E+01	1.198522E-01	8.689327E-02
7.879799E+03	-1.686521E+01	1.198763E-01	8.689561E-02
7.880199E+03	-1.686602E+01	1.205815E-01	8.690030E-02
7.880399E+03	-1.686660E+01	1.209586E-01	8.690264E-02
7.880600E+03	-1.686668E+01	1.208789E-01	8.690499E-02
7.880800E+03	-1.686660E+01	1.208455E-01	8.690733E-02
7.880999E+03	-1.686632E+01	1.209489E-01	8.690966E-02
7.881199E+03	-1.686609E+01	1.208877E-01	8.691200E-02
7.881399E+03	-1.686636E+01	1.209636E-01	8.691434E-02
7.881599E+03	-1.686686E+01	1.211363E-01	8.691668E-02
7.881799E+03	-1.686713E+01	1.213141E-01	8.691902E-02
7.881999E+03	-1.686744E+01	1.209792E-01	8.692136E-02
7.882199E+03	-1.686791E+01	1.206247E-01	8.692370E-02
7.882399E+03	-1.686810E+01	1.203228E-01	8.692604E-02
7.882599E+03	-1.686822E+01	1.203162E-01	8.692838E-02
7.882799E+03	-1.686837E+01	1.207475E-01	8.693072E-02
7.882999E+03	-1.686845E+01	1.210985E-01	8.693306E-02
7.883199E+03	-1.686845E+01	1.211573E-01	8.693540E-02
7.883399E+03	-1.686821E+01	1.213815E-01	8.693774E-02
7.883599E+03	-1.686774E+01	1.225063E-01	8.694008E-02
7.883799E+03	-1.686762E+01	1.228487E-01	8.694242E-02
7.883999E+03	-1.686773E+01	1.230501E-01	8.694476E-02
7.884199E+03	-1.686777E+01	1.232490E-01	8.694710E-02
7.884399E+03	-1.686765E+01	1.232431E-01	8.694944E-02
7.884599E+03	-1.686765E+01	1.232235E-01	8.695178E-02
7.884799E+03	-1.686800E+01	1.235623E-01	8.695412E-02
7.884999E+03	-1.686839E+01	1.234544E-01	8.695646E-02
7.885199E+03	-1.686874E+01	1.235429E-01	8.695880E-02
7.885399E+03	-1.686921E+01	1.228329E-01	8.696114E-02
7.885600E+03	-1.686995E+01	1.228004E-01	8.696349E-02
7.885800E+03	-1.687042E+01	1.212056E-01	8.696583E-02
7.886000E+03	-1.687061E+01	1.218002E-01	8.696817E-02
7.886200E+03	-1.687108E+01	1.216056E-01	8.697051E-02
7.886400E+03	-1.687148E+01	1.208794E-01	8.697285E-02
7.886600E+03	-1.687159E+01	1.201110E-01	8.697519E-02
7.886800E+03	-1.687175E+01	1.199138E-01	8.697753E-02
7.887000E+03	-1.687242E+01	1.204712E-01	8.697986E-02
7.887200E+03	-1.687325E+01	1.207774E-01	8.698220E-02
7.887400E+03	-1.687336E+01	1.219442E-01	8.698454E-02
7.887600E+03	-1.687300E+01	1.216817E-01	8.698688E-02
7.887800E+03	-1.687269E+01	1.221075E-01	8.698922E-02
7.888000E+03	-1.687252E+01	1.232222E-01	8.699156E-02
7.888200E+03	-1.687240E+01	1.232123E-01	8.699390E-02
7.888400E+03	-1.687220E+01	1.255402E-01	8.699624E-02
7.888600E+03	-1.687208E+01	1.254110E-01	8.699857E-02
7.888800E+03	-1.687216E+01	1.253192E-01	8.700091E-02
7.889000E+03	-1.687208E+01	1.275256E-01	8.700325E-02
7.889200E+03	-1.687164E+01	1.271019E-01	8.700559E-02
7.889400E+03	-1.687120E+01	1.271288E-01	8.700793E-02
7.889600E+03	-1.687097E+01	1.269097E-01	8.701027E-02
7.889800E+03	-1.687092E+01	1.269455E-01	8.701260E-02
7.890000E+03	-1.687088E+01	1.269537E-01	8.701494E-02
7.890200E+03	-1.687076E+01	1.269309E-01	8.701728E-02
7.890801E+03	-1.687083E+01	1.270604E-01	8.702431E-02
7.891001E+03	-1.687056E+01	1.271215E-01	8.702664E-02
7.891401E+03	-1.687024E+01	1.270215E-01	8.703132E-02
7.891601E+03	-1.687071E+01	1.267658E-01	8.703366E-02
7.891801E+03	-1.687082E+01	1.273718E-01	8.703599E-02
7.892001E+03	-1.687110E+01	1.275158E-01	8.703833E-02
7.892201E+03	-1.687141E+01	1.277980E-01	8.704067E-02
7.892401E+03	-1.687168E+01	1.280018E-01	8.704301E-02
7.892601E+03	-1.687204E+01	1.283240E-01	8.704534E-02
7.892801E+03	-1.687227E+01	1.296319E-01	8.704768E-02
7.893001E+03	-1.687251E+01	1.297067E-01	8.705002E-02
7.893200E+03	-1.687286E+01	1.300230E-01	8.705234E-02
7.893400E+03	-1.687298E+01	1.311241E-01	8.705468E-02
7.893600E+03	-1.687293E+01	1.318687E-01	8.705702E-02
7.893801E+03	-1.687305E+01	1.320236E-01	8.705937E-02
7.894001E+03	-1.687329E+01	1.324289E-01	8.706170E-02
7.894200E+03	-1.687328E+01	1.320127E-01	8.706403E-02
7.894400E+03	-1.687296E+01	1.312945E-01	8.706636E-02
7.894600E+03	-1.687269E+01	1.306486E-01	8.706870E-02
7.894800E+03	-1.687252E+01	1.309175E-01	8.707104E-02
7.895000E+03	-1.687252E+01	1.307474E-01	8.707337E-02
7.895200E+03	-1.687248E+01	1.309847E-01	8.707571E-02
7.895401E+03	-1.687236E+01	1.312852E-01	8.707806E-02
7.895601E+03	-1.687212E+01	1.316365E-01	8.708040E-02
7.895801E+03	-1.687212E+01	1.320991E-01	8.708273E-02
7.896001E+03	-1.687235E+01	1.326815E-01	8.708507E-02
7.896201E+03	-1.687247E+01	1.332678E-01	8.708740E-02
7.896401E+03	-1.687227E+01	1.337964E-01	8.708974E-02
7.896601E+03	-1.687203E+01	1.343597E-01	8.709208E-02
7.896801E+03	-1.687199E+01	1.350234E-01	8.709441E-02
7.897001E+03	-1.687206E+01	1.357674E-01	8.709675E-02
7.897201E+03	-1.687214E+01	1.365632E-01	8.709908E-02
7.897401E+03	-1.687218E+01	1.373941E-01	8.710142E-02
7.897601E+03	-1.687237E+01	1.372787E-01	8.710376E-02
7.897801E+03	-1.687292E+01	1.379768E-01	8.710609E-02
7.898001E+03	-1.687348E+01	1.380739E-01	8.710843E-02
7.898201E+03	-1.687367E+01	1.380775E-01	8.711076E-02
7.898401E+03	-1.687323E+01	1.383035E-01	8.711310E-02
7.898601E+03	-1.687268E+01	1.380993E-01	8.711543E-02
7.898801E+03	-1.687264E+01	1.380748E-01	8.711777E-02
7.899001E+03	-1.687271E+01	1.381159E-01	8.712011E-02
7.899201E+03	-1.687251E+01	1.380490E-01	8.712244E-02
7.899401E+03	-1.687208E+01	1.379068E-01	8.712478E-02
7.899601E+03	-1.687195E+01	1.383118E-01	8.712711E-02
7.899801E+03	-1.687215E+01	1.388295E-01	8.712945E-02
7.900001E+03	-1.687207E+01	1.388398E-01	8.713178E-02
7.900201E+03	-1.687207E+01	1.387924E-01	8.713412E-02
7.900402E+03	-1.687202E+01	1.386691E-01	8.713646E-02
7.900602E+03	-1.687194E+01	1.386201E-01	8.713880E-02
7.900802E+03	-1.687190E+01	1.383585E-01	8.714113E-02
7.901002E+03	-1.687146E+01	1.386110E-01	8.714347E-02
7.901202E+03	-1.687107E+01	1.384891E-01	8.714580E-02
7.901402E+03	-1.687099E+01	1.385152E-01	8.714814E-02
7.901602E+03	-1.687118E+01	1.387241E-01	8.715047E-02
7.901802E+03	-1.687145E+01	1.389821E-01	8.715281E-02
7.902002E+03	-1.687157E+01	1.392175E-01	8.715514E-02
7.902202E+03	-1.687141E+01	1.398656E-01	8.715748E-02
7.902402E+03	-1.687141E+01	1.404618E-01	8.715981E-02
7.902602E+03	-1.687145E+01	1.404429E-01	8.716214E-02
7.902802E+03	-1.687128E+01	1.406287E-01	8.716448E-02
7.903002E+03	-1.687089E+01	1.401501E-01	8.716681E-02
7.903202E+03	-1.687002E+01	1.396188E-01	8.716915E-02
7.903402E+03	-1.686931E+01	1.392893E-01	8.717148E-02
7.903602E+03	-1.686923E+01	1.395980E-01	8.717382E-02
7.903802E+03	-1.686927E+01	1.395203E-01	8.717615E-02
7.904002E+03	-1.686934E+01	1.391683E-01	8.717848E-02
7.904202E+03	-1.686942E+01	1.387809E-01	8.718082E-02
7.904402E+03	-1.686918E+01	1.365924E-01	8.718315E-02
7.904602E+03	-1.686890E+01	1.352813E-01	8.718548E-02
7.904802E+03	-1.686823E+01	1.347485E-01	8.718782E-02
7.905002E+03	-1.686788E+01	1.348388E-01	8.719015E-02
7.905203E+03	-1.686799E+01	1.347578E-01	8.719250E-02
7.905403E+03	-1.686772E+01	1.351817E-01	8.719483E-02
7.905602E+03	-1.686697E+01	1.354547E-01	8.719715E-02
7.905802E+03	-1.686642E+01	1.342031E-01	8.719949E-02
7.906002E+03	-1.686654E+01	1.337591E-01	8.720182E-02
7.906203E+03	-1.686653E+01	1.338762E-01	8.720416E-02
7.906403E+03	-1.686657E+01	1.339000E-01	8.720650E-02
7.906602E+03	-1.686665E+01	1.345059E-01	8.720882E-02
7.906802E+03	-1.686633E+01	1.341244E-01	8.721115E-02
7.907002E+03	-1.686606E+01	1.345627E-01	8.721348E-02
7.907202E+03	-1.686574E+01	1.340685E-01	8.721582E-02
7.907402E+03	-1.686547E+01	1.337040E-01	8.721815E-02
7.907602E+03	-1.686492E+01	1.336608E-01	8.722048E-02
7.907802E+03	-1.686430E+01	1.331199E-01	8.722282E-02
7.908002E+03	-1.686398E+01	1.324736E-01	8.722515E-02
7.908202E+03	-1.686375E+01	1.324026E-01	8.722748E-02
7.908402E+03	-1.686367E+01	1.314248E-01	8.722981E-02
7.908602E+03	-1.686409E+01	1.317986E-01	8.723215E-02
7.908802E+03	-1.686440E+01	1.307585E-01	8.723448E-02
7.909002E+03	-1.686455E+01	1.309258E-01	8.723681E-02
7.909202E+03	-1.686479E+01	1.310389E-01	8.723914E-02
7.909402E+03	-1.686521E+01	1.307360E-01	8.724148E-02
7.909602E+03	-1.686552E+01	1.302883E-01	8.724381E-02
7.909802E+03	-1.686548E+01	1.304441E-01	8.724614E-02
7.910002E+03	-1.686517E+01	1.299653E-01	8.724847E-02
7.910203E+03	-1.686485E+01	1.297710E-01	8.725082E-02
7.910403E+03	-1.686465E+01	1.302339E-01	8.725315E-02
7.910603E+03	-1.686446E+01	1.299386E-01	8.725548E-02
7.910803E+03	-1.686415E+01	1.296088E-01	8.725781E-02
7.911003E+03	-1.686364E+01	1.295708E-01	8.726014E-02
7.911203E+03	-1.686305E+01	1.296260E-01	8.726248E-02
7.911403E+03	-1.686266E+01	1.294098E-01	8.726481E-02
7.911603E+03	-1.686293E+01	1.294596E-01	8.726714E-02
7.911803E+03	-1.686336E+01	1.294666E-01	8.726947E-02
7.912003E+03	-1.686301E+01	1.293665E-01	8.727180E-02
7.912203E+03	-1.686254E+01	1.292244E-01	8.727413E-02
7.912403E+03	-1.686296E+01	1.288786E-01	8.727647E-02
7.913003E+03	-1.686365E+01	1.288104E-01	8.728346E-02
7.913203E+03	-1.686381E+01	1.287556E-01	8.728579E-02
7.913403E+03	-1.686443E+01	1.289943E-01	8.728812E-02
7.913603E+03	-1.686508E+01	1.293893E-01	8.729045E-02
7.915204E+03	-1.686479E+01	1.293043E-01	8.730911E-02
7.915604E+03	-1.686502E+01	1.294322E-01	8.731377E-02
7.915804E+03	-1.686537E+01	1.295172E-01	8.731610E-02
7.916004E+03	-1.686545E+01	1.295560E-01	8.731843E-02
7.916204E+03	-1.686568E+01	1.296764E-01	8.732076E-02
7.916404E+03	-1.686567E+01	1.296959E-01	8.732309E-02
7.916604E+03	-1.686552E+01	1.281338E-01	8.732542E-02
7.916804E+03	-1.686528E+01	1.274808E-01	8.732775E-02
7.917004E+03	-1.686516E+01	1.276022E-01	8.733008E-02
7.917204E+03	-1.686520E+01	1.261420E-01	8.733241E-02
7.917404E+03	-1.686477E+01	1.247381E-01	8.733474E-02
7.917604E+03	-1.686422E+01	1.227950E-01	8.733707E-02
7.917804E+03	-1.686391E+01	1.222026E-01	8.733940E-02
7.918004E+03	-1.686391E+01	1.221909E-01	8.734173E-02
7.918203E+03	-1.686406E+01	1.221298E-01	8.734405E-02
7.918404E+03	-1.686398E+01	1.221623E-01	8.734639E-02
7.918604E+03	-1.686429E+01	1.222148E-01	8.734872E-02
7.918803E+03	-1.686463E+01	1.223560E-01	8.735104E-02
7.919003E+03	-1.686483E+01	1.229943E-01	8.735337E-02
7.919203E+03	-1.686486E+01	1.229937E-01	8.735570E-02
7.919404E+03	-1.686509E+01	1.241186E-01	8.735804E-02
7.919603E+03	-1.686540E+01	1.245154E-01	8.736036E-02
7.919803E+03	-1.686567E+01	1.247534E-01	8.736269E-02
7.920004E+03	-1.686579E+01	1.245570E-01	8.736503E-02
7.920204E+03	-1.686575E+01	1.240429E-01	8.736736E-02
7.920404E+03	-1.686543E+01	1.241954E-01	8.736969E-02
7.920604E+03	-1.686508E+01	1.242704E-01	8.737202E-02
7.920804E+03	-1.686500E+01	1.246802E-01	8.737435E-02
7.921004E+03	-1.686480E+01	1.241069E-01	8.737667E-02
7.921404E+03	-1.686433E+01	1.235112E-01	8.738133E-02
7.921804E+03	-1.686402E+01	1.236054E-01	8.738599E-02
7.922004E+03	-1.686374E+01	1.237299E-01	8.738832E-02
7.922204E+03	-1.686366E+01	1.236884E-01	8.739065E-02
7.922404E+03	-1.686374E+01	1.236988E-01	8.739298E-02
7.922604E+03	-1.686393E+01	1.239987E-01	8.739530E-02
7.922804E+03	-1.686412E+01	1.248504E-01	8.739763E-02
7.923004E+03	-1.686439E+01	1.246061E-01	8.739996E-02
7.923204E+03	-1.686458E+01	1.241175E-01	8.740229E-02
7.923404E+03	-1.686446E+01	1.240958E-01	8.740462E-02
7.923604E+03	-1.686442E+01	1.241547E-01	8.740694E-02
7.923804E+03	-1.686458E+01	1.241991E-01	8.740927E-02
7.924004E+03	-1.686481E+01	1.248767E-01	8.741160E-02
7.924204E+03	-1.686512E+01	1.251103E-01	8.741393E-02
7.924404E+03	-1.686543E+01	1.270702E-01	8.741626E-02
7.924604E+03	-1.686554E+01	1.270304E-01	8.741858E-02
7.924805E+03	-1.686546E+01	1.268478E-01	8.742092E-02
7.925005E+03	-1.686546E+01	1.271206E-01	8.742325E-02
7.925205E+03	-1.686538E+01	1.290261E-01	8.742558E-02
7.925405E+03	-1.686541E+01	1.296806E-01	8.742791E-02
7.925605E+03	-1.686514E+01	1.302299E-01	8.743023E-02
7.925805E+03	-1.686479E+01	1.300666E-01	8.743256E-02
7.926005E+03	-1.686498E+01	1.312886E-01	8.743489E-02
7.926205E+03	-1.686482E+01	1.328446E-01	8.743722E-02
7.926405E+03	-1.686435E+01	1.328186E-01	8.743954E-02
7.926605E+03	-1.686400E+01	1.329835E-01	8.744187E-02
7.926805E+03	-1.686388E+01	1.329362E-01	8.744420E-02
7.927005E+03	-1.686361E+01	1.328802E-01	8.744653E-02
7.927205E+03	-1.686333E+01	1.328825E-01	8.744885E-02
7.927405E+03	-1.686337E+01	1.329486E-01	8.745118E-02
7.927605E+03	-1.686352E+01	1.328177E-01	8.745351E-02
7.927805E+03	-1.686352E+01	1.327634E-01	8.745583E-02
7.928005E+03	-1.686363E+01	1.323721E-01	8.745816E-02
7.928205E+03	-1.686375E+01	1.310142E-01	8.746049E-02
7.928405E+03	-1.686386E+01	1.305407E-01	8.746281E-02
7.928605E+03	-1.686409E+01	1.301679E-01	8.746514E-02
7.928805E+03	-1.686429E+01	1.303700E-01	8.746747E-02
7.929005E+03	-1.686432E+01	1.303505E-01	8.746979E-02
7.929205E+03	-1.686420E+01	1.303117E-01	8.747212E-02
7.929405E+03	-1.686377E+01	1.299817E-01	8.747445E-02
7.929605E+03	-1.686323E+01	1.296603E-01	8.747677E-02
7.929806E+03	-1.686323E+01	1.290632E-01	8.747911E-02
7.930006E+03	-1.686326E+01	1.292415E-01	8.748144E-02
7.930206E+03	-1.686330E+01	1.290242E-01	8.748376E-02
7.930406E+03	-1.686318E+01	1.289587E-01	8.748609E-02
7.930606E+03	-1.686275E+01	1.287663E-01	8.748842E-02
7.930806E+03	-1.686240E+01	1.285160E-01	8.749074E-02
7.931006E+03	-1.686228E+01	1.279478E-01	8.749307E-02
7.931206E+03	-1.686216E+01	1.285982E-01	8.749539E-02
7.931405E+03	-1.686189E+01	1.294767E-01	8.749771E-02
7.932006E+03	-1.686192E+01	1.295732E-01	8.750470E-02
7.932205E+03	-1.686215E+01	1.295419E-01	8.750701E-02
7.932405E+03	-1.686215E+01	1.295806E-01	8.750934E-02
7.932605E+03	-1.686222E+01	1.295998E-01	8.751166E-02
7.932805E+03	-1.686234E+01	1.295919E-01	8.751399E-02
7.933205E+03	-1.686233E+01	1.295648E-01	8.751864E-02
7.933405E+03	-1.686256E+01	1.296225E-01	8.752096E-02
7.933605E+03	-1.686272E+01	1.294789E-01	8.752329E-02
7.933805E+03	-1.686244E+01	1.294678E-01	8.752561E-02
7.934005E+03	-1.686240E+01	1.294911E-01	8.752794E-02
7.934205E+03	-1.686259E+01	1.296147E-01	8.753026E-02
7.934405E+03	-1.686275E+01	1.292465E-01	8.753259E-02
7.934606E+03	-1.686278E+01	1.292309E-01	8.753493E-02
7.934806E+03	-1.686278E+01	1.294788E-01	8.753725E-02
7.935006E+03	-1.686320E+01	1.289391E-01	8.753958E-02
7.935206E+03	-1.686386E+01	1.288982E-01	8.754190E-02
7.935406E+03	-1.686421E+01	1.289553E-01	8.754423E-02
7.935606E+03	-1.686417E+01	1.287145E-01	8.754655E-02
7.935806E+03	-1.686401E+01	1.285908E-01	8.754887E-02
7.936006E+03	-1.686366E+01	1.285883E-01	8.755120E-02
7.936206E+03	-1.686334E+01	1.283374E-01	8.755352E-02
7.936406E+03	-1.686319E+01	1.282295E-01	8.755585E-02
7.936606E+03	-1.686299E+01	1.282033E-01	8.755817E-02
7.936806E+03	-1.686283E+01	1.280529E-01	8.756050E-02
7.937006E+03	-1.686314E+01	1.279389E-01	8.756282E-02
7.937206E+03	-1.686349E+01	1.277469E-01	8.756514E-02
7.937406E+03	-1.686376E+01	1.274735E-01	8.756747E-02
7.937606E+03	-1.686395E+01	1.276820E-01	8.756979E-02
7.937806E+03	-1.686379E+01	1.274500E-01	8.757212E-02
7.938006E+03	-1.686329E+01	1.272982E-01	8.757444E-02
7.938206E+03	-1.686290E+01	1.270335E-01	8.757676E-02
7.938406E+03	-1.686278E+01	1.264068E-01	8.757909E-02
7.938606E+03	-1.686301E+01	1.263311E-01	8.758141E-02
7.938806E+03	-1.686339E+01	1.248572E-01	8.758374E-02
7.939006E+03	-1.686331E+01	1.245324E-01	8.758606E-02
7.939206E+03	-1.686312E+01	1.241628E-01	8.758838E-02
7.939406E+03	-1.686335E+01	1.232673E-01	8.759071E-02
7.939607E+03	-1.686365E+01	1.234564E-01	8.759304E-02
7.939807E+03	-1.686323E+01	1.214310E-01	8.759537E-02
7.940007E+03	-1.686272E+01	1.218248E-01	8.759769E-02
7.940207E+03	-1.686303E+01	1.218885E-01	8.760001E-02
7.940407E+03	-1.686322E+01	1.194378E-01	8.760233E-02
7.940607E+03	-1.686298E+01	1.193622E-01	8.760466E-02
7.940807E+03	-1.686263E+01	1.192199E-01	8.760698E-02
7.941007E+03	-1.686240E+01	1.191755E-01	8.760930E-02
7.941207E+03	-1.686236E+01	1.192733E-01	8.761163E-02
7.941407E+03	-1.686228E+01	1.193952E-01	8.761395E-02
7.941607E+03	-1.686239E+01	1.195703E-01	8.761627E-02
7.941807E+03	-1.686293E+01	1.198360E-01	8.761860E-02
7.942007E+03	-1.686281E+01	1.199163E-01	8.762092E-02
7.942207E+03	-1.686235E+01	1.201480E-01	8.762324E-02
7.942407E+03	-1.686246E+01	1.205208E-01	8.762556E-02
7.942607E+03	-1.686269E+01	1.201747E-01	8.762789E-02
7.942807E+03	-1.686242E+01	1.204326E-01	8.763021E-02
7.943007E+03	-1.686207E+01	1.202200E-01	8.763253E-02
7.943207E+03	-1.686195E+01	1.200526E-01	8.763485E-02
7.943407E+03	-1.686187E+01	1.196446E-01	8.763718E-02
7.943606E+03	-1.686186E+01	1.183223E-01	8.763949E-02
7.943806E+03	-1.686194E+01	1.183241E-01	8.764181E-02
7.944007E+03	-1.686213E+01	1.184890E-01	8.764414E-02
7.944207E+03	-1.686302E+01	1.178406E-01	8.764647E-02
7.944407E+03	-1.686259E+01	1.170318E-01	8.764879E-02
7.944608E+03	-1.686174E+01	1.166132E-01	8.765112E-02
7.944807E+03	-1.686146E+01	1.160114E-01	8.765343E-02
7.945007E+03	-1.686173E+01	1.161185E-01	8.765575E-02
7.945207E+03	-1.686177E+01	1.161675E-01	8.765807E-02
7.945407E+03	-1.686142E+01	1.158814E-01	8.766040E-02
7.945607E+03	-1.686142E+01	1.155531E-01	8.766272E-02
7.945807E+03	-1.686149E+01	1.155852E-01	8.766504E-02
7.946007E+03	-1.686130E+01	1.151902E-01	8.766736E-02
7.946207E+03	-1.686126E+01	1.147359E-01	8.766968E-02
7.946407E+03	-1.686164E+01	1.142815E-01	8.767200E-02
7.946607E+03	-1.686229E+01	1.138315E-01	8.767433E-02
7.946807E+03	-1.686272E+01	1.132614E-01	8.767665E-02
7.947007E+03	-1.686272E+01	1.125214E-01	8.767897E-02
7.947207E+03	-1.686240E+01	1.118024E-01	8.768129E-02
7.947407E+03	-1.686194E+01	1.107741E-01	8.768361E-02
7.947607E+03	-1.686178E+01	1.097218E-01	8.768593E-02
7.947807E+03	-1.686182E+01	1.086297E-01	8.768825E-02
7.948007E+03	-1.686174E+01	1.074120E-01	8.769057E-02
7.948207E+03	-1.686170E+01	1.061888E-01	8.769290E-02
7.948407E+03	-1.686208E+01	1.067321E-01	8.769522E-02
7.948607E+03	-1.686258E+01	1.061897E-01	8.769754E-02
7.948807E+03	-1.686285E+01	1.063374E-01	8.769986E-02
7.949007E+03	-1.686300E+01	1.062979E-01	8.770218E-02
7.949207E+03	-1.686284E+01	1.058840E-01	8.770450E-02
7.949408E+03	-1.686238E+01	1.057591E-01	8.770683E-02
7.949608E+03	-1.686222E+01	1.057485E-01	8.770915E-02
7.949808E+03	-1.686230E+01	1.059919E-01	8.771147E-02
7.950008E+03	-1.686222E+01	1.067083E-01	8.771379E-02
7.950208E+03	-1.686241E+01	1.067791E-01	8.771611E-02
7.950408E+03	-1.686283E+01	1.066358E-01	8.771843E-02
7.950608E+03	-1.686314E+01	1.061497E-01	8.772075E-02
7.950808E+03	-1.686298E+01	1.060614E-01	8.772307E-02
7.951008E+03	-1.686302E+01	1.060708E-01	8.772539E-02
7.951208E+03	-1.686267E+01	1.060593E-01	8.772771E-02
7.951408E+03	-1.686177E+01	1.066772E-01	8.773003E-02
7.951608E+03	-1.686096E+01	1.088052E-01	8.773235E-02
7.951808E+03	-1.686038E+01	1.105950E-01	8.773467E-02
7.952008E+03	-1.685995E+01	1.102330E-01	8.773699E-02
7.952208E+03	-1.685980E+01	1.104557E-01	8.773931E-02
7.952408E+03	-1.686006E+01	1.105242E-01	8.774163E-02
7.952608E+03	-1.685995E+01	1.104371E-01	8.774395E-02
7.952808E+03	-1.685948E+01	1.101851E-01	8.774627E-02
7.953008E+03	-1.685898E+01	1.097203E-01	8.774859E-02
7.953208E+03	-1.685836E+01	1.086331E-01	8.775091E-02
7.953408E+03	-1.685783E+01	1.099778E-01	8.775323E-02
7.953608E+03	-1.685790E+01	1.108480E-01	8.775555E-02
7.953808E+03	-1.685797E+01	1.120327E-01	8.775787E-02
7.954008E+03	-1.685770E+01	1.121359E-01	8.776019E-02
7.954208E+03	-1.685713E+01	1.122020E-01	8.776251E-02
7.954409E+03	-1.685644E+01	1.122955E-01	8.776484E-02
7.954609E+03	-1.685582E+01	1.124162E-01	8.776716E-02
7.954809E+03	-1.685552E+01	1.123525E-01	8.776948E-02
7.955009E+03	-1.685525E+01	1.134833E-01	8.777180E-02
7.955209E+03	-1.685494E+01	1.133353E-01	8.777411E-02
7.955409E+03	-1.685479E+01	1.144522E-01	8.777643E-02
7.955609E+03	-1.685471E+01	1.153909E-01	8.777875E-02
7.955809E+03	-1.685486E+01	1.165311E-01	8.778107E-02
7.956009E+03	-1.685516E+01	1.174355E-01	8.778339E-02
7.956209E+03	-1.685512E+01	1.167093E-01	8.778571E-02
7.956408E+03	-1.685500E+01	1.162446E-01	8.778802E-02
7.956609E+03	-1.685477E+01	1.160503E-01	8.779035E-02
7.956809E+03	-1.685454E+01	1.156737E-01	8.779266E-02
7.957008E+03	-1.685450E+01	1.161313E-01	8.779497E-02
7.957208E+03	-1.685416E+01	1.174267E-01	8.779729E-02
7.957408E+03	-1.685381E+01	1.169508E-01	8.779961E-02
7.957608E+03	-1.685381E+01	1.173457E-01	8.780193E-02
7.957808E+03	-1.685385E+01	1.173863E-01	8.780424E-02
7.958008E+03	-1.685369E+01	1.165482E-01	8.780656E-02
7.958208E+03	-1.685323E+01	1.157057E-01	8.780888E-02
7.958408E+03	-1.685323E+01	1.153834E-01	8.781120E-02
7.958608E+03	-1.685346E+01	1.154249E-01	8.781352E-02
7.958808E+03	-1.685338E+01	1.158409E-01	8.781583E-02
7.959008E+03	-1.685322E+01	1.162100E-01	8.781815E-02
7.959209E+03	-1.685315E+01	1.162541E-01	8.782048E-02
7.959409E+03	-1.685299E+01	1.160544E-01	8.782280E-02
7.959609E+03	-1.685299E+01	1.162136E-01	8.782512E-02
7.959809E+03	-1.685325E+01	1.159964E-01	8.782743E-02
7.960009E+03	-1.685344E+01	1.158953E-01	8.782975E-02
7.960209E+03	-1.685329E+01	1.158359E-01	8.783207E-02
7.960409E+03	-1.685298E+01	1.155959E-01	8.783439E-02
7.960609E+03	-1.685313E+01	1.152988E-01	8.783670E-02
7.960809E+03	-1.685339E+01	1.152328E-01	8.783902E-02
7.961009E+03	-1.685297E+01	1.153874E-01	8.784134E-02
7.961209E+03	-1.685271E+01	1.154344E-01	8.784365E-02
7.961409E+03	-1.685350E+01	1.157752E-01	8.784597E-02
7.961609E+03	-1.685365E+01	1.161497E-01	8.784829E-02
7.961809E+03	-1.685353E+01	1.168971E-01	8.785061E-02
7.962009E+03	-1.685315E+01	1.168330E-01	8.785292E-02
7.962209E+03	-1.685288E+01	1.167541E-01	8.785524E-02
7.962409E+03	-1.685262E+01	1.169554E-01	8.785756E-02
7.962609E+03	-1.685239E+01	1.171365E-01	8.785987E-02
7.962809E+03	-1.685239E+01	1.193998E-01	8.786219E-02
7.963009E+03	-1.685269E+01	1.196914E-01	8.786451E-02
7.963209E+03	-1.685299E+01	1.199265E-01	8.786682E-02
7.963409E+03	-1.685310E+01	1.200489E-01	8.786914E-02
7.963609E+03	-1.685332E+01	1.200929E-01	8.787146E-02
7.963809E+03	-1.685355E+01	1.201520E-01	8.787377E-02
7.964009E+03	-1.685385E+01	1.200766E-01	8.787609E-02
7.964210E+03	-1.685415E+01	1.201568E-01	8.787842E-02
7.964410E+03	-1.685442E+01	1.207020E-01	8.788073E-02
7.964610E+03	-1.685441E+01	1.207286E-01	8.788305E-02
7.964810E+03	-1.685395E+01	1.206855E-01	8.788536E-02
7.965410E+03	-1.685353E+01	1.205733E-01	8.789231E-02
7.965610E+03	-1.685334E+01	1.204713E-01	8.789463E-02
7.965810E+03	-1.685337E+01	1.205198E-01	8.789694E-02
7.966410E+03	-1.685344E+01	1.199906E-01	8.790389E-02
7.966610E+03	-1.685348E+01	1.199404E-01	8.790621E-02
7.966810E+03	-1.685332E+01	1.199289E-01	8.790852E-02
7.967010E+03	-1.685309E+01	1.199039E-01	8.791084E-02
7.967210E+03	-1.685271E+01	1.197463E-01	8.791315E-02
7.967410E+03	-1.685233E+01	1.204178E-01	8.791547E-02
7.967610E+03	-1.685229E+01	1.208085E-01	8.791778E-02
7.967810E+03	-1.685229E+01	1.210015E-01	8.792010E-02
7.968010E+03	-1.685232E+01	1.213905E-01	8.792241E-02
7.968210E+03	-1.685213E+01	1.216932E-01	8.792473E-02
7.968410E+03	-1.685198E+01	1.219647E-01	8.792704E-02
7.968610E+03	-1.685183E+01	1.217219E-01	8.792936E-02
7.968810E+03	-1.685179E+01	1.221460E-01	8.793167E-02
7.969011E+03	-1.685197E+01	1.217000E-01	8.793400E-02
7.969211E+03	-1.685205E+01	1.219368E-01	8.793632E-02
7.969410E+03	-1.685182E+01	1.222209E-01	8.793862E-02
7.969610E+03	-1.685181E+01	1.227086E-01	8.794093E-02
7.969810E+03	-1.685200E+01	1.231402E-01	8.794325E-02
7.970011E+03	-1.685219E+01	1.230690E-01	8.794557E-02
7.970210E+03	-1.685241E+01	1.229176E-01	8.794788E-02
7.970410E+03	-1.685252E+01	1.225219E-01	8.795019E-02
7.970610E+03	-1.685229E+01	1.224540E-01	8.795251E-02
7.970810E+03	-1.685191E+01	1.224797E-01	8.795482E-02
7.971010E+03	-1.685184E+01	1.223337E-01	8.795714E-02
7.971210E+03	-1.685164E+01	1.221028E-01	8.795945E-02
7.971410E+03	-1.685145E+01	1.220761E-01	8.796176E-02
7.971610E+03	-1.685138E+01	1.220965E-01	8.796408E-02
7.971810E+03	-1.685145E+01	1.223481E-01	8.796639E-02
7.972010E+03	-1.685126E+01	1.216417E-01	8.796871E-02
7.972210E+03	-1.685107E+01	1.216379E-01	8.797102E-02
7.972410E+03	-1.685125E+01	1.218267E-01	8.797333E-02
7.972610E+03	-1.685133E+01	1.218328E-01	8.797565E-02
7.972810E+03	-1.685114E+01	1.217610E-01	8.797796E-02
7.973010E+03	-1.685102E+01	1.217066E-01	8.798028E-02
7.973210E+03	-1.685102E+01	1.208990E-01	8.798259E-02
7.973410E+03	-1.685120E+01	1.208383E-01	8.798490E-02
7.973610E+03	-1.685150E+01	1.198305E-01	8.798722E-02
7.973810E+03	-1.685143E+01	1.210600E-01	8.798953E-02
7.974011E+03	-1.685123E+01	1.211320E-01	8.799185E-02
7.974211E+03	-1.685108E+01	1.208068E-01	8.799417E-02
7.974411E+03	-1.685097E+01	1.188546E-01	8.799648E-02
7.974611E+03	-1.685093E+01	1.183462E-01	8.799879E-02
7.974811E+03	-1.685073E+01	1.175028E-01	8.800111E-02
7.975011E+03	-1.685058E+01	1.175034E-01	8.800342E-02
7.975211E+03	-1.685054E+01	1.167845E-01	8.800573E-02
7.975411E+03	-1.685061E+01	1.148516E-01	8.800805E-02
7.975611E+03	-1.685073E+01	1.147458E-01	8.801036E-02
7.975811E+03	-1.685106E+01	1.145109E-01	8.801267E-02
7.976011E+03	-1.685144E+01	1.150450E-01	8.801499E-02
7.976211E+03	-1.685132E+01	1.150376E-01	8.801730E-02
7.976411E+03	-1.685091E+01	1.148069E-01	8.801961E-02
7.976611E+03	-1.685109E+01	1.147851E-01	8.802192E-02
7.976811E+03	-1.685128E+01	1.148690E-01	8.802424E-02
7.977011E+03	-1.685124E+01	1.149799E-01	8.802655E-02
7.977211E+03	-1.685169E+01	1.150999E-01	8.802886E-02
7.977411E+03	-1.685206E+01	1.155748E-01	8.803117E-02
7.977611E+03	-1.685206E+01	1.158207E-01	8.803349E-02
7.977811E+03	-1.685217E+01	1.156769E-01	8.803580E-02
7.978211E+03	-1.685209E+01	1.156151E-01	8.804042E-02
7.978411E+03	-1.685213E+01	1.156290E-01	8.804274E-02
7.978611E+03	-1.685220E+01	1.154372E-01	8.804505E-02
7.978812E+03	-1.685209E+01	1.154562E-01	8.804737E-02
7.979012E+03	-1.685182E+01	1.153367E-01	8.804968E-02
7.979212E+03	-1.685178E+01	1.161320E-01	8.805200E-02
7.979412E+03	-1.685223E+01	1.166206E-01	8.805431E-02
7.979612E+03	-1.685219E+01	1.166710E-01	8.805662E-02
7.979812E+03	-1.685173E+01	1.166701E-01	8.805893E-02
7.980412E+03	-1.685127E+01	1.165332E-01	8.806587E-02
7.980612E+03	-1.685154E+01	1.167705E-01	8.806818E-02
7.980812E+03	-1.685244E+01	1.169732E-01	8.807049E-02
7.981012E+03	-1.685221E+01	1.161815E-01	8.807280E-02
7.981612E+03	-1.685190E+01	1.155862E-01	8.807973E-02
7.981811E+03	-1.685186E+01	1.160564E-01	8.808203E-02
7.982011E+03	-1.685148E+01	1.160424E-01	8.808434E-02
7.982212E+03	-1.685125E+01	1.158610E-01	8.808667E-02
7.982412E+03	-1.685087E+01	1.158546E-01	8.808898E-02
7.982611E+03	-1.685012E+01	1.158947E-01	8.809128E-02
7.982811E+03	-1.684955E+01	1.157216E-01	8.809359E-02
7.983011E+03	-1.684955E+01	1.158006E-01	8.809590E-02
7.983211E+03	-1.684970E+01	1.159687E-01	8.809821E-02
7.983411E+03	-1.684943E+01	1.159059E-01	8.810052E-02
7.983611E+03	-1.684905E+01	1.157154E-01	8.810283E-02
7.983812E+03	-1.684924E+01	1.151640E-01	8.810515E-02
7.984012E+03	-1.684991E+01	1.152948E-01	8.810746E-02
7.984212E+03	-1.685040E+01	1.154927E-01	8.810977E-02
7.984412E+03	-1.685006E+01	1.156060E-01	8.811208E-02
7.984612E+03	-1.684957E+01	1.157504E-01	8.811440E-02
7.984812E+03	-1.684908E+01	1.156503E-01	8.811671E-02
7.985012E+03	-1.684919E+01	1.154698E-01	8.811902E-02
7.985212E+03	-1.684982E+01	1.155722E-01	8.812133E-02
7.985412E+03	-1.684956E+01	1.155435E-01	8.812364E-02
7.985612E+03	-1.684892E+01	1.153285E-01	8.812595E-02
7.985812E+03	-1.684888E+01	1.153298E-01	8.812826E-02
7.986012E+03	-1.684880E+01	1.153511E-01	8.813057E-02
7.986212E+03	-1.684917E+01	1.157931E-01	8.813288E-02
7.986412E+03	-1.684985E+01	1.162712E-01	8.813519E-02
7.986612E+03	-1.685011E+01	1.163230E-01	8.813750E-02
7.986812E+03	-1.685045E+01	1.168776E-01	8.813981E-02
7.987012E+03	-1.685086E+01	1.170535E-01	8.814211E-02
7.987212E+03	-1.685120E+01	1.170884E-01	8.814442E-02
7.987412E+03	-1.685153E+01	1.172671E-01	8.814673E-02
7.987612E+03	-1.685195E+01	1.176708E-01	8.814904E-02
7.987812E+03	-1.685217E+01	1.184932E-01	8.815135E-02
7.988012E+03	-1.685206E+01	1.197072E-01	8.815366E-02
7.988212E+03	-1.685171E+01	1.205626E-01	8.815597E-02
7.988412E+03	-1.685129E+01	1.203641E-01	8.815828E-02
7.988613E+03	-1.685129E+01	1.206625E-01	8.816060E-02
7.988813E+03	-1.685103E+01	1.206948E-01	8.816291E-02
7.989013E+03	-1.685083E+01	1.208915E-01	8.816522E-02
7.989213E+03	-1.685106E+01	1.222836E-01	8.816753E-02
7.989413E+03	-1.685117E+01	1.236525E-01	8.816984E-02
7.989613E+03	-1.685087E+01	1.230683E-01	8.817215E-02
7.989813E+03	-1.685064E+01	1.244942E-01	8.817446E-02
7.990013E+03	-1.685063E+01	1.264143E-01	8.817676E-02
7.990213E+03	-1.685063E+01	1.270216E-01	8.817907E-02
7.990413E+03	-1.685018E+01	1.268441E-01	8.818138E-02
7.990613E+03	-1.684984E+01	1.274982E-01	8.818369E-02
7.990813E+03	-1.685006E+01	1.275269E-01	8.818600E-02
7.991013E+03	-1.685047E+01	1.276525E-01	8.818831E-02
7.991213E+03	-1.685062E+01	1.275497E-01	8.819062E-02
7.991413E+03	-1.684971E+01	1.272919E-01	8.819292E-02
7.991613E+03	-1.684881E+01	1.272531E-01	8.819523E-02
7.991813E+03	-1.684851E+01	1.268835E-01	8.819754E-02
7.992013E+03	-1.684798E+01	1.263890E-01	8.819985E-02
7.992213E+03	-1.684835E+01	1.262167E-01	8.820216E-02
7.992613E+03	-1.684899E+01	1.262333E-01	8.820677E-02
7.992813E+03	-1.684876E+01	1.262579E-01	8.820908E-02
7.993013E+03	-1.684894E+01	1.263313E-01	8.821139E-02
7.993213E+03	-1.684924E+01	1.264188E-01	8.821370E-02
7.993413E+03	-1.684924E+01	1.262271E-01	8.821601E-02
7.994014E+03	-1.684942E+01	1.262742E-01	8.822294E-02
7.994214E+03	-1.684961E+01	1.261520E-01	8.822525E-02
7.994413E+03	-1.684960E+01	1.260918E-01	8.822754E-02
7.995213E+03	-1.684941E+01	1.260447E-01	8.823677E-02
7.995413E+03	-1.684948E+01	1.260214E-01	8.823908E-02
7.995613E+03	-1.684955E+01	1.261561E-01	8.824139E-02
7.995813E+03	-1.684948E+01	1.262321E-01	8.824369E-02
7.996013E+03	-1.684902E+01	1.260747E-01	8.824600E-02
7.996213E+03	-1.684849E+01	1.258846E-01	8.824831E-02
7.996413E+03	-1.684827E+01	1.260895E-01	8.825062E-02
7.996613E+03	-1.684823E+01	1.262962E-01	8.825292E-02
7.996813E+03	-1.684815E+01	1.262444E-01	8.825523E-02
7.997013E+03	-1.684837E+01	1.265200E-01	8.825754E-02
7.997213E+03	-1.684863E+01	1.269234E-01	8.825984E-02
7.997413E+03	-1.684870E+01	1.273172E-01	8.826215E-02
7.997613E+03	-1.684867E+01	1.284742E-01	8.826446E-02
7.997813E+03	-1.684859E+01	1.289440E-01	8.826676E-02
7.998013E+03	-1.684866E+01	1.287897E-01	8.826907E-02
7.998213E+03	-1.684877E+01	1.288044E-01	8.827138E-02
7.998413E+03	-1.684884E+01	1.288943E-01	8.827368E-02
7.998614E+03	-1.684907E+01	1.292319E-01	8.827600E-02
7.998814E+03	-1.684929E+01	1.294082E-01	8.827831E-02
7.999014E+03	-1.684921E+01	1.293369E-01	8.828061E-02
7.999214E+03	-1.684902E+01	1.288749E-01	8.828292E-02
7.999414E+03	-1.684872E+01	1.288571E-01	8.828522E-02
7.999614E+03	-1.684872E+01	1.289886E-01	8.828753E-02
7.999814E+03	-1.684841E+01	1.293048E-01	8.828984E-02
8.000014E+03	-1.684815E+01	1.296656E-01	8.829214E-02
8.000214E+03	-1.684871E+01	1.298751E-01	8.829445E-02
8.000414E+03	-1.684916E+01	1.300063E-01	8.829675E-02
8.000614E+03	-1.684923E+01	1.298859E-01	8.829906E-02
8.000814E+03	-1.684919E+01	1.295061E-01	8.830137E-02
8.001014E+03	-1.684934E+01	1.295886E-01	8.830367E-02
8.001214E+03	-1.685002E+01	1.294406E-01	8.830598E-02
8.001414E+03	-1.685047E+01	1.294321E-01	8.830828E-02
8.001614E+03	-1.685058E+01	1.294734E-01	8.831059E-02
8.001814E+03	-1.685084E+01	1.296088E-01	8.831289E-02
8.002014E+03	-1.685076E+01	1.295712E-01	8.831520E-02
8.002214E+03	-1.685061E+01	1.289036E-01	8.831750E-02
8.002414E+03	-1.685057E+01	1.268362E-01	8.831981E-02
8.002614E+03	-1.685049E+01	1.248526E-01	8.832211E-02
8.002814E+03	-1.685000E+01	1.249492E-01	8.832442E-02
8.003014E+03	-1.684977E+01	1.250385E-01	8.832672E-02
8.003214E+03	-1.685003E+01	1.253067E-01	8.832903E-02
8.003415E+03	-1.685040E+01	1.256418E-01	8.833135E-02
8.003615E+03	-1.685112E+01	1.257550E-01	8.833365E-02
8.003815E+03	-1.685199E+01	1.252425E-01	8.833596E-02
8.004015E+03	-1.685240E+01	1.253437E-01	8.833826E-02
8.004215E+03	-1.685278E+01	1.242245E-01	8.834056E-02
8.004415E+03	-1.685281E+01	1.233554E-01	8.834287E-02
8.004615E+03	-1.685293E+01	1.219803E-01	8.834517E-02
8.004815E+03	-1.685334E+01	1.220938E-01	8.834748E-02
8.005015E+03	-1.685383E+01	1.230805E-01	8.834978E-02
8.005215E+03	-1.685436E+01	1.239243E-01	8.835209E-02
8.005415E+03	-1.685508E+01	1.243712E-01	8.835439E-02
8.005615E+03	-1.685558E+01	1.247347E-01	8.835670E-02
8.005815E+03	-1.685626E+01	1.240148E-01	8.835900E-02
8.006015E+03	-1.685683E+01	1.242630E-01	8.836130E-02
8.006215E+03	-1.685721E+01	1.234262E-01	8.836361E-02
8.006415E+03	-1.685790E+01	1.225135E-01	8.836591E-02
8.006615E+03	-1.685886E+01	1.215963E-01	8.836822E-02
8.006815E+03	-1.685886E+01	1.206733E-01	8.837052E-02
8.007015E+03	-1.685889E+01	1.207070E-01	8.837282E-02
8.007215E+03	-1.685901E+01	1.208622E-01	8.837513E-02
8.007414E+03	-1.685901E+01	1.210277E-01	8.837742E-02
8.007614E+03	-1.685923E+01	1.212344E-01	8.837972E-02
8.007815E+03	-1.685915E+01	1.208396E-01	8.838204E-02
8.008015E+03	-1.685904E+01	1.196186E-01	8.838434E-02
8.008215E+03	-1.685911E+01	1.193973E-01	8.838665E-02
8.008415E+03	-1.685949E+01	1.202428E-01	8.838895E-02
8.008615E+03	-1.685984E+01	1.197799E-01	8.839125E-02
8.008815E+03	-1.685984E+01	1.200458E-01	8.839356E-02
8.009015E+03	-1.686022E+01	1.202644E-01	8.839586E-02
8.009215E+03	-1.686095E+01	1.205914E-01	8.839816E-02
8.009415E+03	-1.686134E+01	1.205364E-01	8.840047E-02
8.009615E+03	-1.686118E+01	1.199018E-01	8.840277E-02
8.009815E+03	-1.686110E+01	1.192966E-01	8.840507E-02
8.010015E+03	-1.686094E+01	1.194706E-01	8.840738E-02
8.010215E+03	-1.686079E+01	1.207533E-01	8.840968E-02
8.010415E+03	-1.686098E+01	1.208688E-01	8.841198E-02
8.010615E+03	-1.686109E+01	1.209127E-01	8.841429E-02
8.010815E+03	-1.686109E+01	1.209243E-01	8.841659E-02
8.011015E+03	-1.686120E+01	1.208947E-01	8.841889E-02
8.011215E+03	-1.686101E+01	1.209105E-01	8.842119E-02
8.011415E+03	-1.686096E+01	1.209230E-01	8.842350E-02
8.011615E+03	-1.686131E+01	1.211437E-01	8.842573E-02
8.011815E+03	-1.686146E+01	1.210514E-01	8.842785E-02
8.012015E+03	-1.686177E+01	1.209132E-01	8.842996E-02
8.012215E+03	-1.686192E+01	1.210183E-01	8.843207E-02
8.012415E+03	-1.686231E+01	1.211031E-01	8.843418E-02
8.012615E+03	-1.686242E+01	1.205033E-01	8.843629E-02
8.012815E+03	-1.686234E+01	1.203228E-01	8.843841E-02
8.013015E+03	-1.686265E+01	1.207154E-01	8.844052E-02
8.013216E+03	-1.686288E+01	1.206132E-01	8.844264E-02
8.013416E+03	-1.686269E+01	1.204002E-01	8.844475E-02
8.013616E+03	-1.686265E+01	1.184492E-01	8.844686E-02
8.013816E+03	-1.686284E+01	1.185876E-01	8.844898E-02
8.014016E+03	-1.686276E+01	1.184228E-01	8.845109E-02
8.014216E+03	-1.686245E+01	1.183343E-01	8.845320E-02
8.014616E+03	-1.686205E+01	1.183953E-01	8.845742E-02
8.014816E+03	-1.686201E+01	1.191714E-01	8.845953E-02
8.015016E+03	-1.686139E+01	1.190557E-01	8.846165E-02
8.015216E+03	-1.686135E+01	1.190451E-01	8.846376E-02
8.015416E+03	-1.686135E+01	1.188245E-01	8.846587E-02
8.015616E+03	-1.686208E+01	1.190492E-01	8.846798E-02
8.015816E+03	-1.686235E+01	1.189879E-01	8.847009E-02
8.016016E+03	-1.686235E+01	1.191081E-01	8.847220E-02
8.016216E+03	-1.686242E+01	1.191449E-01	8.847431E-02
8.016416E+03	-1.686250E+01	1.193447E-01	8.847643E-02
8.016616E+03	-1.686246E+01	1.190819E-01	8.847854E-02
8.016816E+03	-1.686288E+01	1.187369E-01	8.848065E-02
8.017016E+03	-1.686350E+01	1.196030E-01	8.848276E-02
8.017216E+03	-1.686393E+01	1.198961E-01	8.848487E-02
8.017416E+03	-1.686393E+01	1.198689E-01	8.848698E-02
8.017616E+03	-1.686420E+01	1.192820E-01	8.848909E-02
8.017816E+03	-1.686470E+01	1.190664E-01	8.849120E-02
8.018016E+03	-1.686497E+01	1.190515E-01	8.849331E-02
8.018217E+03	-1.686513E+01	1.188367E-01	8.849543E-02
8.018417E+03	-1.686509E+01	1.184787E-01	8.849754E-02
8.018617E+03	-1.686555E+01	1.182003E-01	8.849966E-02
8.018817E+03	-1.686661E+01	1.180495E-01	8.850177E-02
8.019017E+03	-1.686707E+01	1.181577E-01	8.850388E-02
8.019217E+03	-1.686723E+01	1.177572E-01	8.850599E-02
8.019417E+03	-1.686723E+01	1.173689E-01	8.850810E-02
8.019617E+03	-1.686722E+01	1.168591E-01	8.851021E-02
8.019816E+03	-1.686730E+01	1.164330E-01	8.851231E-02
8.020016E+03	-1.686722E+01	1.158472E-01	8.851442E-02
8.020217E+03	-1.686722E+01	1.157334E-01	8.851654E-02
8.020417E+03	-1.686718E+01	1.159857E-01	8.851865E-02
8.020617E+03	-1.686721E+01	1.167885E-01	8.852076E-02
8.020816E+03	-1.686729E+01	1.168017E-01	8.852286E-02
8.021016E+03	-1.686756E+01	1.169227E-01	8.852497E-02
8.021216E+03	-1.686768E+01	1.168877E-01	8.852708E-02
8.021416E+03	-1.686768E+01	1.168955E-01	8.852919E-02
8.021616E+03	-1.686748E+01	1.170782E-01	8.853130E-02
8.021816E+03	-1.686748E+01	1.175962E-01	8.853341E-02
8.022016E+03	-1.686728E+01	1.176608E-01	8.853552E-02
8.022216E+03	-1.686696E+01	1.176856E-01	8.853763E-02
8.022416E+03	-1.686680E+01	1.175569E-01	8.853974E-02
8.022616E+03	-1.686660E+01	1.175157E-01	8.854185E-02
8.022816E+03	-1.686629E+01	1.175327E-01	8.854395E-02
8.023017E+03	-1.686574E+01	1.173690E-01	8.854607E-02
8.023217E+03	-1.686523E+01	1.172396E-01	8.854818E-02
8.023417E+03	-1.686523E+01	1.172943E-01	8.855029E-02
8.023617E+03	-1.686566E+01	1.175315E-01	8.855240E-02
8.023817E+03	-1.686589E+01	1.167817E-01	8.855451E-02
8.024017E+03	-1.686604E+01	1.152942E-01	8.855662E-02
8.024217E+03	-1.686655E+01	1.157583E-01	8.855873E-02
8.024417E+03	-1.686686E+01	1.157635E-01	8.856084E-02
8.024617E+03	-1.686705E+01	1.158511E-01	8.856295E-02
8.024817E+03	-1.686752E+01	1.160160E-01	8.856506E-02
8.025017E+03	-1.686756E+01	1.158851E-01	8.856717E-02
8.025217E+03	-1.686744E+01	1.159518E-01	8.856927E-02
8.025417E+03	-1.686756E+01	1.153552E-01	8.857138E-02
8.025617E+03	-1.686759E+01	1.156522E-01	8.857349E-02
8.025817E+03	-1.686747E+01	1.155620E-01	8.857560E-02
8.026017E+03	-1.686743E+01	1.152807E-01	8.857771E-02
8.026617E+03	-1.686758E+01	1.149534E-01	8.858404E-02
8.026817E+03	-1.686786E+01	1.149201E-01	8.858614E-02
8.027017E+03	-1.686817E+01	1.170555E-01	8.858825E-02
8.027617E+03	-1.686875E+01	1.186082E-01	8.859458E-02
8.027817E+03	-1.686910E+01	1.189612E-01	8.859668E-02
8.028018E+03	-1.686875E+01	1.187381E-01	8.859880E-02
8.028218E+03	-1.686847E+01	1.189304E-01	8.860091E-02
8.028418E+03	-1.686819E+01	1.211314E-01	8.860302E-02
8.028618E+03	-1.686807E+01	1.218179E-01	8.860513E-02
8.028818E+03	-1.686803E+01	1.219129E-01	8.860724E-02
8.029018E+03	-1.686760E+01	1.218506E-01	8.860934E-02
8.029218E+03	-1.686701E+01	1.223012E-01	8.861145E-02
8.029418E+03	-1.686657E+01	1.239700E-01	8.861356E-02
8.029618E+03	-1.686677E+01	1.240377E-01	8.861567E-02
8.029818E+03	-1.686720E+01	1.248984E-01	8.861777E-02
8.030018E+03	-1.686747E+01	1.242552E-01	8.861988E-02
8.030218E+03	-1.686735E+01	1.239900E-01	8.862199E-02
8.030418E+03	-1.686695E+01	1.246426E-01	8.862410E-02
8.030618E+03	-1.686691E+01	1.250547E-01	8.862620E-02
8.030818E+03	-1.686699E+01	1.251165E-01	8.862831E-02
8.031018E+03	-1.686710E+01	1.249661E-01	8.863042E-02
8.031218E+03	-1.686726E+01	1.250348E-01	8.863253E-02
8.031418E+03	-1.686726E+01	1.250348E-01	8.863463E-02
8.031618E+03	-1.686725E+01	1.246581E-01	8.863674E-02
8.031818E+03	-1.686721E+01	1.244114E-01	8.863885E-02
8.032018E+03	-1.686698E+01	1.249597E-01	8.864095E-02
8.032218E+03	-1.686646E+01	1.249737E-01	8.864306E-02
8.032418E+03	-1.686666E+01	1.249713E-01	8.864517E-02
8.032618E+03	-1.686646E+01	1.247035E-01	8.864728E-02
8.032819E+03	-1.686669E+01	1.247710E-01	8.864939E-02
8.033019E+03	-1.686669E+01	1.246534E-01	8.865150E-02
8.033218E+03	-1.686638E+01	1.244265E-01	8.865360E-02
8.033418E+03	-1.686665E+01	1.247441E-01	8.865570E-02
8.033618E+03	-1.686676E+01	1.250012E-01	8.865781E-02
8.033818E+03	-1.686653E+01	1.251882E-01	8.865992E-02
8.034018E+03	-1.686641E+01	1.257966E-01	8.866202E-02
8.034218E+03	-1.686613E+01	1.260616E-01	8.866413E-02
8.034418E+03	-1.686582E+01	1.255445E-01	8.866623E-02
8.034618E+03	-1.686566E+01	1.256205E-01	8.866834E-02
8.034818E+03	-1.686558E+01	1.255823E-01	8.867045E-02
8.035018E+03	-1.686514E+01	1.254503E-01	8.867255E-02
8.035218E+03	-1.686452E+01	1.252701E-01	8.867466E-02
8.035418E+03	-1.686475E+01	1.253025E-01	8.867677E-02
8.035618E+03	-1.686494E+01	1.252495E-01	8.867887E-02
8.035818E+03	-1.686478E+01	1.255751E-01	8.868098E-02
8.036018E+03	-1.686443E+01	1.256218E-01	8.868308E-02
8.036218E+03	-1.686431E+01	1.252255E-01	8.868519E-02
8.036418E+03	-1.686427E+01	1.253819E-01	8.868730E-02
8.036618E+03	-1.686427E+01	1.254247E-01	8.868940E-02
8.036818E+03	-1.686407E+01	1.250296E-01	8.869151E-02
8.037018E+03	-1.686427E+01	1.247311E-01	8.869361E-02
8.037218E+03	-1.686477E+01	1.247909E-01	8.869572E-02
8.037418E+03	-1.686461E+01	1.248124E-01	8.869782E-02
8.037618E+03	-1.686438E+01	1.245502E-01	8.869993E-02
8.037819E+03	-1.686469E+01	1.240624E-01	8.870205E-02
8.038019E+03	-1.686527E+01	1.231360E-01	8.870415E-02
8.038219E+03	-1.686538E+01	1.222784E-01	8.870626E-02
8.038419E+03	-1.686519E+01	1.223953E-01	8.870836E-02
8.038619E+03	-1.686511E+01	1.222210E-01	8.871047E-02
8.038819E+03	-1.686518E+01	1.222195E-01	8.871257E-02
8.039019E+03	-1.686514E+01	1.220523E-01	8.871468E-02
8.039219E+03	-1.686522E+01	1.206486E-01	8.871678E-02
8.039419E+03	-1.686529E+01	1.190452E-01	8.871889E-02
8.039619E+03	-1.686521E+01	1.191527E-01	8.872099E-02
8.039819E+03	-1.686505E+01	1.175481E-01	8.872310E-02
8.040019E+03	-1.686513E+01	1.154096E-01	8.872520E-02
8.040219E+03	-1.686525E+01	1.149564E-01	8.872731E-02
8.040419E+03	-1.686524E+01	1.152220E-01	8.872941E-02
8.040619E+03	-1.686505E+01	1.143620E-01	8.873152E-02
8.040819E+03	-1.686508E+01	1.143020E-01	8.873362E-02
8.041019E+03	-1.686504E+01	1.142761E-01	8.873573E-02
8.041219E+03	-1.686465E+01	1.143139E-01	8.873783E-02
8.041419E+03	-1.686473E+01	1.144515E-01	8.873994E-02
8.041619E+03	-1.686535E+01	1.141083E-01	8.874204E-02
8.041819E+03	-1.686574E+01	1.142619E-01	8.874415E-02
8.042019E+03	-1.686566E+01	1.142257E-01	8.874625E-02
8.042219E+03	-1.686550E+01	1.141064E-01	8.874835E-02
8.042419E+03	-1.686573E+01	1.140272E-01	8.875046E-02
8.042620E+03	-1.686589E+01	1.139783E-01	8.875257E-02
8.042820E+03	-1.686588E+01	1.142248E-01	8.875468E-02
8.043020E+03	-1.686600E+01	1.143066E-01	8.875678E-02
8.043220E+03	-1.686604E+01	1.143951E-01	8.875889E-02
8.043420E+03	-1.686615E+01	1.145278E-01	8.876099E-02
8.043620E+03	-1.686619E+01	1.145303E-01	8.876309E-02
8.043820E+03	-1.686595E+01	1.145076E-01	8.876520E-02
8.044020E+03	-1.686595E+01	1.145232E-01	8.876730E-02
8.044220E+03	-1.686638E+01	1.150873E-01	8.876941E-02
8.044420E+03	-1.686657E+01	1.150530E-01	8.877151E-02
8.044620E+03	-1.686669E+01	1.150959E-01	8.877361E-02
8.044820E+03	-1.686680E+01	1.151035E-01	8.877572E-02
8.045020E+03	-1.686688E+01	1.151400E-01	8.877782E-02
8.045220E+03	-1.686672E+01	1.147574E-01	8.877992E-02
8.045419E+03	-1.686640E+01	1.143925E-01	8.878202E-02
8.045619E+03	-1.686601E+01	1.144969E-01	8.878412E-02
8.045819E+03	-1.686562E+01	1.144094E-01	8.878622E-02
8.046020E+03	-1.686542E+01	1.139749E-01	8.878834E-02
8.046220E+03	-1.686565E+01	1.136924E-01	8.879044E-02
8.046419E+03	-1.686585E+01	1.127303E-01	8.879253E-02
8.046619E+03	-1.686584E+01	1.124761E-01	8.879464E-02
8.046819E+03	-1.686576E+01	1.125575E-01	8.879674E-02
8.047019E+03	-1.686533E+01	1.124461E-01	8.879884E-02
8.047219E+03	-1.686486E+01	1.126293E-01	8.880095E-02
8.047419E+03	-1.686490E+01	1.127760E-01	8.880305E-02
8.047620E+03	-1.686489E+01	1.126433E-01	8.880516E-02
8.047820E+03	-1.686481E+01	1.125723E-01	8.880727E-02
8.048020E+03	-1.686520E+01	1.133025E-01	8.880937E-02
8.048220E+03	-1.686532E+01	1.135168E-01	8.881147E-02
8.048420E+03	-1.686477E+01	1.132452E-01	8.881358E-02
8.048620E+03	-1.686477E+01	1.126676E-01	8.881568E-02
8.048820E+03	-1.686555E+01	1.123035E-01	8.881778E-02
8.049020E+03	-1.686582E+01	1.123235E-01	8.881988E-02
8.049220E+03	-1.686554E+01	1.122527E-01	8.882199E-02
8.049420E+03	-1.686499E+01	1.121778E-01	8.882409E-02
8.049620E+03	-1.686421E+01	1.120310E-01	8.882619E-02
8.049820E+03	-1.686464E+01	1.121417E-01	8.882829E-02
8.050020E+03	-1.686526E+01	1.124672E-01	8.883040E-02
8.050220E+03	-1.686545E+01	1.125726E-01	8.883250E-02
8.050420E+03	-1.686616E+01	1.126926E-01	8.883460E-02
8.050620E+03	-1.686709E+01	1.128624E-01	8.883670E-02
8.050820E+03	-1.686674E+01	1.128648E-01	8.883880E-02
8.051020E+03	-1.686611E+01	1.131757E-01	8.884091E-02
8.051220E+03	-1.686607E+01	1.132830E-01	8.884301E-02
8.051420E+03	-1.686591E+01	1.135004E-01	8.884511E-02
8.051620E+03	-1.686528E+01	1.146891E-01	8.884721E-02
8.051820E+03	-1.686481E+01	1.143585E-01	8.884931E-02
8.052020E+03	-1.686454E+01	1.139355E-01	8.885142E-02
8.052220E+03	-1.686411E+01	1.134606E-01	8.885352E-02
8.052621E+03	-1.686379E+01	1.142165E-01	8.885773E-02
8.052821E+03	-1.686371E+01	1.151577E-01	8.885983E-02
8.053021E+03	-1.686390E+01	1.151159E-01	8.886193E-02
8.053221E+03	-1.686421E+01	1.151401E-01	8.886404E-02
8.053421E+03	-1.686440E+01	1.148993E-01	8.886614E-02
8.053621E+03	-1.686425E+01	1.149438E-01	8.886824E-02
8.053821E+03	-1.686370E+01	1.146788E-01	8.887034E-02
8.054021E+03	-1.686346E+01	1.136404E-01	8.887244E-02
8.054221E+03	-1.686323E+01	1.121636E-01	8.887454E-02
8.054421E+03	-1.686315E+01	1.118285E-01	8.887664E-02
8.054621E+03	-1.686350E+01	1.120549E-01	8.887875E-02
8.054821E+03	-1.686384E+01	1.120947E-01	8.888085E-02
8.055021E+03	-1.686404E+01	1.125035E-01	8.888295E-02
8.055221E+03	-1.686415E+01	1.121557E-01	8.888505E-02
8.055421E+03	-1.686427E+01	1.117414E-01	8.888715E-02
8.055621E+03	-1.686426E+01	1.118116E-01	8.888925E-02
8.055821E+03	-1.686465E+01	1.121306E-01	8.889135E-02
8.056021E+03	-1.686516E+01	1.121563E-01	8.889345E-02
8.056221E+03	-1.686508E+01	1.119564E-01	8.889555E-02
8.056421E+03	-1.686480E+01	1.116986E-01	8.889765E-02
8.056621E+03	-1.686441E+01	1.116919E-01	8.889975E-02
8.056821E+03	-1.686406E+01	1.120966E-01	8.890185E-02
8.057021E+03	-1.686378E+01	1.123417E-01	8.890395E-02
8.057221E+03	-1.686359E+01	1.123225E-01	8.890606E-02
8.057422E+03	-1.686335E+01	1.111338E-01	8.890817E-02
8.057622E+03	-1.686311E+01	1.110624E-01	8.891027E-02
8.057822E+03	-1.686292E+01	1.106784E-01	8.891237E-02
8.058021E+03	-1.686276E+01	1.105689E-01	8.891446E-02
8.058221E+03	-1.686287E+01	1.105675E-01	8.891656E-02
8.058422E+03	-1.686299E+01	1.108460E-01	8.891867E-02
8.058622E+03	-1.686279E+01	1.108119E-01	8.892077E-02
8.058822E+03	-1.686287E+01	1.109872E-01	8.892287E-02
8.059021E+03	-1.686298E+01	1.107721E-01	8.892496E-02
8.059221E+03	-1.686290E+01	1.092480E-01	8.892706E-02
8.059421E+03	-1.686263E+01	1.090009E-01	8.892916E-02
8.059621E+03	-1.686267E+01	1.091894E-01	8.893126E-02
8.059821E+03	-1.686270E+01	1.091914E-01	8.893336E-02
8.060021E+03	-1.686247E+01	1.092182E-01	8.893546E-02
8.060221E+03	-1.686266E+01	1.092943E-01	8.893756E-02
8.060421E+03	-1.686277E+01	1.093120E-01	8.893966E-02
8.060621E+03	-1.686269E+01	1.091797E-01	8.894175E-02
8.060821E+03	-1.686238E+01	1.096568E-01	8.894385E-02
8.061021E+03	-1.686211E+01	1.095378E-01	8.894595E-02
8.061221E+03	-1.686226E+01	1.094372E-01	8.894805E-02
8.061421E+03	-1.686218E+01	1.095341E-01	8.895015E-02
8.061621E+03	-1.686191E+01	1.095548E-01	8.895225E-02
8.061821E+03	-1.686171E+01	1.096494E-01	8.895435E-02
8.062021E+03	-1.686148E+01	1.094163E-01	8.895645E-02
8.062221E+03	-1.686136E+01	1.091546E-01	8.895855E-02
8.062422E+03	-1.686139E+01	1.091566E-01	8.896066E-02
8.062622E+03	-1.686120E+01	1.090499E-01	8.896276E-02
8.063022E+03	-1.686081E+01	1.090804E-01	8.896696E-02
8.063222E+03	-1.686069E+01	1.089933E-01	8.896906E-02
8.063422E+03	-1.686046E+01	1.089041E-01	8.897115E-02
8.063622E+03	-1.686022E+01	1.087378E-01	8.897325E-02
8.063822E+03	-1.686053E+01	1.079531E-01	8.897535E-02
8.064022E+03	-1.686080E+01	1.080127E-01	8.897745E-02
8.064222E+03	-1.686118E+01	1.081787E-01	8.897955E-02
8.064422E+03	-1.686087E+01	1.079894E-01	8.898165E-02
8.064622E+03	-1.686048E+01	1.078623E-01	8.898375E-02
8.064822E+03	-1.686017E+01	1.077894E-01	8.898584E-02
8.065022E+03	-1.686013E+01	1.084944E-01	8.898794E-02
8.065222E+03	-1.686028E+01	1.096189E-01	8.899004E-02
8.065422E+03	-1.686036E+01	1.094451E-01	8.899214E-02
8.065622E+03	-1.686047E+01	1.099074E-01	8.899424E-02
8.065822E+03	-1.686059E+01	1.099792E-01	8.899634E-02
8.066022E+03	-1.686054E+01	1.096215E-01	8.899843E-02
8.066222E+03	-1.686043E+01	1.099633E-01	8.900053E-02
8.066422E+03	-1.686046E+01	1.099305E-01	8.900263E-02
8.066622E+03	-1.686062E+01	1.099194E-01	8.900473E-02
8.066822E+03	-1.686085E+01	1.100246E-01	8.900683E-02
8.067022E+03	-1.686096E+01	1.097986E-01	8.900892E-02
8.067223E+03	-1.686061E+01	1.097029E-01	8.901103E-02
8.067423E+03	-1.686053E+01	1.097220E-01	8.901313E-02
8.067623E+03	-1.686076E+01	1.097845E-01	8.901523E-02
8.067823E+03	-1.686056E+01	1.097550E-01	8.901733E-02
8.068023E+03	-1.686037E+01	1.092732E-01	8.901942E-02
8.068223E+03	-1.686037E+01	1.092964E-01	8.902152E-02
8.068423E+03	-1.686040E+01	1.091979E-01	8.902362E-02
8.068623E+03	-1.686063E+01	1.092330E-01	8.902572E-02
8.068823E+03	-1.686090E+01	1.091851E-01	8.902781E-02
8.069023E+03	-1.686098E+01	1.092084E-01	8.902991E-02
8.069223E+03	-1.686105E+01	1.092589E-01	8.903201E-02
8.069423E+03	-1.686121E+01	1.091739E-01	8.903411E-02
8.069623E+03	-1.686116E+01	1.084207E-01	8.903620E-02
8.069823E+03	-1.686112E+01	1.084846E-01	8.903830E-02
8.070023E+03	-1.686104E+01	1.083491E-01	8.904040E-02
8.070223E+03	-1.686073E+01	1.082680E-01	8.904249E-02
8.070423E+03	-1.686042E+01	1.082025E-01	8.904459E-02
8.070623E+03	-1.686011E+01	1.078937E-01	8.904669E-02
8.070823E+03	-1.685988E+01	1.072609E-01	8.904879E-02
8.071023E+03	-1.685972E+01	1.064932E-01	8.905088E-02
8.071222E+03	-1.685972E+01	1.061883E-01	8.905297E-02
8.071422E+03	-1.686002E+01	1.062677E-01	8.905506E-02
8.071623E+03	-1.686045E+01	1.061553E-01	8.905717E-02
8.071823E+03	-1.686048E+01	1.060603E-01	8.905927E-02
8.072022E+03	-1.686033E+01	1.060033E-01	8.906135E-02
8.072223E+03	-1.686005E+01	1.060222E-01	8.906346E-02
8.072423E+03	-1.686013E+01	1.060334E-01	8.906556E-02
8.072623E+03	-1.686051E+01	1.062051E-01	8.906765E-02
8.072823E+03	-1.686074E+01	1.064167E-01	8.906975E-02
8.073023E+03	-1.686070E+01	1.065464E-01	8.907185E-02
8.073223E+03	-1.686070E+01	1.065890E-01	8.907394E-02
8.073423E+03	-1.686074E+01	1.066643E-01	8.907604E-02
8.073623E+03	-1.686089E+01	1.070468E-01	8.907814E-02
8.073823E+03	-1.686097E+01	1.071084E-01	8.908023E-02
8.074023E+03	-1.686069E+01	1.069913E-01	8.908233E-02
8.074223E+03	-1.686061E+01	1.068098E-01	8.908442E-02
8.074423E+03	-1.686069E+01	1.069333E-01	8.908652E-02
8.074623E+03	-1.686088E+01	1.072829E-01	8.908862E-02
8.074823E+03	-1.686126E+01	1.077388E-01	8.909071E-02
8.075023E+03	-1.686157E+01	1.078506E-01	8.909281E-02
8.075223E+03	-1.686188E+01	1.078230E-01	8.909490E-02
8.075423E+03	-1.686231E+01	1.078591E-01	8.909700E-02
8.075623E+03	-1.686285E+01	1.057509E-01	8.909910E-02
8.075823E+03	-1.686374E+01	1.043561E-01	8.910119E-02
8.076023E+03	-1.686460E+01	1.045039E-01	8.910329E-02
8.076223E+03	-1.686479E+01	1.056874E-01	8.910538E-02
8.076423E+03	-1.686471E+01	1.058168E-01	8.910748E-02
8.076623E+03	-1.686436E+01	1.026958E-01	8.910957E-02
8.076823E+03	-1.686400E+01	1.015719E-01	8.911167E-02
8.077024E+03	-1.686400E+01	1.020007E-01	8.911377E-02
8.077224E+03	-1.686478E+01	1.024263E-01	8.911587E-02
8.077424E+03	-1.686540E+01	1.018269E-01	8.911796E-02
8.077624E+03	-1.686520E+01	9.955270E-02	8.912006E-02
8.077824E+03	-1.686599E+01	9.965784E-02	8.912215E-02
8.078024E+03	-1.686669E+01	9.898823E-02	8.912425E-02
8.078224E+03	-1.686708E+01	9.919551E-02	8.912634E-02
8.078424E+03	-1.686723E+01	9.905072E-02	8.912844E-02
8.078624E+03	-1.686711E+01	9.821888E-02	8.913053E-02
8.078824E+03	-1.686692E+01	9.786050E-02	8.913263E-02
8.079024E+03	-1.686687E+01	9.831476E-02	8.913472E-02
8.079224E+03	-1.686660E+01	9.888799E-02	8.913682E-02
8.079424E+03	-1.686691E+01	9.968167E-02	8.913891E-02
8.079624E+03	-1.686758E+01	1.008335E-01	8.914101E-02
8.079824E+03	-1.686808E+01	1.021842E-01	8.914310E-02
8.080024E+03	-1.686753E+01	1.032535E-01	8.914520E-02
8.080224E+03	-1.686722E+01	1.024915E-01	8.914729E-02
8.080424E+03	-1.686757E+01	1.024531E-01	8.914939E-02
8.080624E+03	-1.686768E+01	1.024848E-01	8.915148E-02
8.080824E+03	-1.686792E+01	1.025524E-01	8.915358E-02
8.081024E+03	-1.686823E+01	1.026070E-01	8.915567E-02
8.081224E+03	-1.686795E+01	1.027308E-01	8.915776E-02
8.081424E+03	-1.686740E+01	1.025614E-01	8.915986E-02
8.081624E+03	-1.686732E+01	1.020635E-01	8.916195E-02
8.081824E+03	-1.686728E+01	1.019757E-01	8.916405E-02
8.082025E+03	-1.686696E+01	1.015055E-01	8.916615E-02
8.082225E+03	-1.686684E+01	1.006185E-01	8.916824E-02
8.082425E+03	-1.686688E+01	1.001605E-01	8.917034E-02
8.082625E+03	-1.686699E+01	1.005489E-01	8.917243E-02
8.082825E+03	-1.686723E+01	1.000064E-01	8.917453E-02
8.083025E+03	-1.686758E+01	1.003394E-01	8.917662E-02
8.083225E+03	-1.686793E+01	1.003898E-01	8.917871E-02
8.083425E+03	-1.686816E+01	1.006688E-01	8.918081E-02
8.083624E+03	-1.686812E+01	1.005534E-01	8.918289E-02
8.083824E+03	-1.686800E+01	1.006323E-01	8.918498E-02
8.084025E+03	-1.686808E+01	1.007096E-01	8.918709E-02
8.084225E+03	-1.686827E+01	1.009127E-01	8.918918E-02
8.084425E+03	-1.686851E+01	1.007549E-01	8.919127E-02
8.084624E+03	-1.686866E+01	1.000899E-01	8.919336E-02
8.084824E+03	-1.686878E+01	1.000107E-01	8.919545E-02
8.085024E+03	-1.686905E+01	1.004964E-01	8.919754E-02
8.085224E+03	-1.686901E+01	1.006806E-01	8.919964E-02
8.085424E+03	-1.686893E+01	1.006623E-01	8.920173E-02
8.085624E+03	-1.686873E+01	1.008255E-01	8.920382E-02
8.085824E+03	-1.686881E+01	1.009306E-01	8.920592E-02
8.086024E+03	-1.686877E+01	1.007401E-01	8.920801E-02
8.086224E+03	-1.686869E+01	1.005286E-01	8.921010E-02
8.086424E+03	-1.686876E+01	1.004759E-01	8.921220E-02
8.086624E+03	-1.686908E+01	1.007896E-01	8.921429E-02
8.086825E+03	-1.686860E+01	1.005065E-01	8.921639E-02
8.087025E+03	-1.686789E+01	1.010272E-01	8.921848E-02
8.087225E+03	-1.686797E+01	1.026275E-01	8.922058E-02
8.087425E+03	-1.686824E+01	1.040787E-01	8.922267E-02
8.087625E+03	-1.686863E+01	1.043820E-01	8.922476E-02
8.087825E+03	-1.686906E+01	1.043838E-01	8.922685E-02
8.088025E+03	-1.686918E+01	1.042938E-01	8.922895E-02
8.088225E+03	-1.686926E+01	1.041825E-01	8.923104E-02
8.088425E+03	-1.686930E+01	1.039591E-01	8.923313E-02
8.088625E+03	-1.686906E+01	1.040247E-01	8.923522E-02
8.088825E+03	-1.686890E+01	1.040540E-01	8.923732E-02
8.089025E+03	-1.686909E+01	1.040697E-01	8.923941E-02
8.089225E+03	-1.686964E+01	1.040166E-01	8.924150E-02
8.089425E+03	-1.686972E+01	1.038379E-01	8.924359E-02
8.089625E+03	-1.686948E+01	1.033350E-01	8.924568E-02
8.089825E+03	-1.686979E+01	1.034932E-01	8.924778E-02
8.090025E+03	-1.687042E+01	1.035966E-01	8.924987E-02
8.090225E+03	-1.687062E+01	1.039131E-01	8.925196E-02
8.090425E+03	-1.687074E+01	1.039138E-01	8.925405E-02
8.090625E+03	-1.687101E+01	1.040119E-01	8.925614E-02
8.090825E+03	-1.687077E+01	1.039748E-01	8.925824E-02
8.091025E+03	-1.687069E+01	1.037340E-01	8.926033E-02
8.091225E+03	-1.687053E+01	1.037635E-01	8.926242E-02
8.091425E+03	-1.687049E+01	1.036313E-01	8.926451E-02
8.091625E+03	-1.687005E+01	1.034050E-01	8.926660E-02
8.091826E+03	-1.686942E+01	1.032506E-01	8.926870E-02
8.092026E+03	-1.686906E+01	1.032845E-01	8.927080E-02
8.092226E+03	-1.686870E+01	1.031449E-01	8.927289E-02
8.092426E+03	-1.686827E+01	1.024552E-01	8.927498E-02
8.092626E+03	-1.686799E+01	1.024138E-01	8.927707E-02
8.092826E+03	-1.686748E+01	1.021872E-01	8.927916E-02
8.093026E+03	-1.686692E+01	1.020735E-01	8.928125E-02
8.093226E+03	-1.686653E+01	1.019696E-01	8.928334E-02
8.093426E+03	-1.686629E+01	1.020986E-01	8.928543E-02
8.093626E+03	-1.686621E+01	1.025859E-01	8.928753E-02
8.093826E+03	-1.686617E+01	1.023885E-01	8.928962E-02
8.094026E+03	-1.686613E+01	1.022342E-01	8.929171E-02
8.094226E+03	-1.686581E+01	1.021918E-01	8.929380E-02
8.094426E+03	-1.686581E+01	1.022858E-01	8.929589E-02
8.094626E+03	-1.686585E+01	1.019072E-01	8.929798E-02
8.094826E+03	-1.686577E+01	1.015051E-01	8.930007E-02
8.095026E+03	-1.686565E+01	1.014424E-01	8.930216E-02
8.095226E+03	-1.686529E+01	1.013523E-01	8.930425E-02
8.095426E+03	-1.686502E+01	1.009327E-01	8.930634E-02
8.095626E+03	-1.686521E+01	1.004932E-01	8.930843E-02
8.095826E+03	-1.686548E+01	1.005487E-01	8.931052E-02
8.096026E+03	-1.686564E+01	1.005850E-01	8.931261E-02
8.096225E+03	-1.686560E+01	1.000983E-01	8.931469E-02
8.096426E+03	-1.686571E+01	9.992571E-02	8.931679E-02
8.096627E+03	-1.686595E+01	1.005557E-01	8.931889E-02
8.096827E+03	-1.686575E+01	1.010508E-01	8.932098E-02
8.097026E+03	-1.686516E+01	1.012937E-01	8.932306E-02
8.097226E+03	-1.686461E+01	1.011232E-01	8.932515E-02
8.097426E+03	-1.686441E+01	1.013432E-01	8.932724E-02
8.097626E+03	-1.686476E+01	1.013705E-01	8.932933E-02
8.097826E+03	-1.686527E+01	1.013367E-01	8.933142E-02
8.098026E+03	-1.686491E+01	1.017549E-01	8.933351E-02
8.098226E+03	-1.686460E+01	1.014395E-01	8.933560E-02
8.098426E+03	-1.686487E+01	1.016598E-01	8.933769E-02
8.098626E+03	-1.686534E+01	1.017658E-01	8.933978E-02
8.098826E+03	-1.686557E+01	1.022788E-01	8.934187E-02
8.099026E+03	-1.686553E+01	1.022226E-01	8.934396E-02
8.099226E+03	-1.686529E+01	1.014749E-01	8.934605E-02
8.099426E+03	-1.686498E+01	1.010539E-01	8.934814E-02
8.099626E+03	-1.686494E+01	1.005132E-01	8.935023E-02
8.099826E+03	-1.686501E+01	9.880317E-02	8.935232E-02
8.100026E+03	-1.686493E+01	9.900429E-02	8.935441E-02
8.100226E+03	-1.686512E+01	9.900193E-02	8.935650E-02
8.100426E+03	-1.686524E+01	9.929861E-02	8.935859E-02
8.100626E+03	-1.686516E+01	9.863147E-02	8.936068E-02
8.100826E+03	-1.686481E+01	9.748471E-02	8.936277E-02
8.101026E+03	-1.686422E+01	9.727135E-02	8.936486E-02
8.101226E+03	-1.686394E+01	9.728430E-02	8.936695E-02
8.101426E+03	-1.686382E+01	9.725810E-02	8.936903E-02
8.101627E+03	-1.686359E+01	9.738111E-02	8.937113E-02
8.101827E+03	-1.686327E+01	9.751765E-02	8.937322E-02
8.102027E+03	-1.686300E+01	9.743312E-02	8.937531E-02
8.102227E+03	-1.686323E+01	9.762962E-02	8.937740E-02
8.102427E+03	-1.686374E+01	9.761880E-02	8.937949E-02
8.102627E+03	-1.686389E+01	9.721707E-02	8.938158E-02
8.102827E+03	-1.686400E+01	9.732129E-02	8.938367E-02
8.103027E+03	-1.686420E+01	9.688498E-02	8.938575E-02
8.103227E+03	-1.686420E+01	9.673668E-02	8.938784E-02
8.103427E+03	-1.686392E+01	9.663686E-02	8.938993E-02
8.103627E+03	-1.686388E+01	9.655018E-02	8.939202E-02
8.103827E+03	-1.686395E+01	9.613846E-02	8.939411E-02
8.104027E+03	-1.686426E+01	9.644960E-02	8.939620E-02
8.104227E+03	-1.686450E+01	9.671644E-02	8.939829E-02
8.104427E+03	-1.686469E+01	9.671306E-02	8.940037E-02
8.104627E+03	-1.686481E+01	9.653203E-02	8.940246E-02
8.104827E+03	-1.686508E+01	9.615878E-02	8.940455E-02
8.105027E+03	-1.686547E+01	9.587359E-02	8.940664E-02
8.105227E+03	-1.686531E+01	9.585860E-02	8.940873E-02
8.105427E+03	-1.686491E+01	9.601470E-02	8.941081E-02
8.105627E+03	-1.686456E+01	9.633150E-02	8.941290E-02
8.105827E+03	-1.686432E+01	9.647475E-02	8.941499E-02
8.106027E+03	-1.686424E+01	9.639105E-02	8.941708E-02
8.106227E+03	-1.686409E+01	9.627446E-02	8.941917E-02
8.106428E+03	-1.686397E+01	9.635775E-02	8.942126E-02
8.106628E+03	-1.686416E+01	9.640495E-02	8.942335E-02
8.106828E+03	-1.686467E+01	9.637704E-02	8.942544E-02
8.107028E+03	-1.686490E+01	9.619062E-02	8.942753E-02
8.107228E+03	-1.686486E+01	9.615069E-02	8.942961E-02
8.107428E+03	-1.686505E+01	9.689010E-02	8.943170E-02
8.107628E+03	-1.686532E+01	9.847739E-02	8.943379E-02
8.107828E+03	-1.686548E+01	9.850115E-02	8.943588E-02
8.108028E+03	-1.686547E+01	9.888479E-02	8.943796E-02
8.108228E+03	-1.686512E+01	9.867556E-02	8.944005E-02
8.108428E+03	-1.686469E+01	9.873420E-02	8.944214E-02
8.108628E+03	-1.686445E+01	9.893869E-02	8.944422E-02
8.108828E+03	-1.686429E+01	9.822379E-02	8.944631E-02
8.109028E+03	-1.686452E+01	9.833540E-02	8.944840E-02
8.109227E+03	-1.686503E+01	9.841922E-02	8.945048E-02
8.109427E+03	-1.686546E+01	9.810577E-02	8.945256E-02
8.109627E+03	-1.686569E+01	9.801002E-02	8.945465E-02
8.109828E+03	-1.686577E+01	9.794151E-02	8.945675E-02
8.110028E+03	-1.686608E+01	9.799264E-02	8.945883E-02
8.110227E+03	-1.686643E+01	9.805270E-02	8.946091E-02
8.110427E+03	-1.686690E+01	9.904287E-02	8.946300E-02
8.110627E+03	-1.686768E+01	9.935613E-02	8.946508E-02
8.110827E+03	-1.686796E+01	9.905300E-02	8.946717E-02
8.111027E+03	-1.686780E+01	9.898561E-02	8.946926E-02
8.111227E+03	-1.686827E+01	9.899487E-02	8.947134E-02
8.111428E+03	-1.686886E+01	9.906270E-02	8.947344E-02
8.111628E+03	-1.686838E+01	9.908094E-02	8.947553E-02
8.111828E+03	-1.686775E+01	9.897270E-02	8.947761E-02
8.112028E+03	-1.686779E+01	9.890689E-02	8.947970E-02
8.112228E+03	-1.686708E+01	9.889513E-02	8.948178E-02
8.112428E+03	-1.686629E+01	9.864196E-02	8.948387E-02
8.112628E+03	-1.686656E+01	9.863371E-02	8.948596E-02
8.112828E+03	-1.686668E+01	9.756511E-02	8.948804E-02
8.113028E+03	-1.686640E+01	9.624788E-02	8.949013E-02
8.113228E+03	-1.686636E+01	9.622349E-02	8.949221E-02
8.113428E+03	-1.686612E+01	9.579103E-02	8.949430E-02
8.113628E+03	-1.686600E+01	9.603949E-02	8.949639E-02
8.113828E+03	-1.686639E+01	9.565151E-02	8.949847E-02
8.114028E+03	-1.686706E+01	9.534674E-02	8.950056E-02
8.114228E+03	-1.686741E+01	9.547164E-02	8.950264E-02
8.114428E+03	-1.686749E+01	9.546926E-02	8.950473E-02
8.114628E+03	-1.686768E+01	9.546136E-02	8.950681E-02
8.114828E+03	-1.686807E+01	9.563459E-02	8.950890E-02
8.115028E+03	-1.686835E+01	9.561258E-02	8.951099E-02
8.115228E+03	-1.686827E+01	9.550065E-02	8.951307E-02
8.115428E+03	-1.686819E+01	9.553060E-02	8.951516E-02
8.115628E+03	-1.686826E+01	9.553612E-02	8.951724E-02
8.115828E+03	-1.686838E+01	9.555030E-02	8.951933E-02
8.116028E+03	-1.686806E+01	9.565429E-02	8.952141E-02
8.116228E+03	-1.686790E+01	9.581253E-02	8.952350E-02
8.116429E+03	-1.686810E+01	9.585598E-02	8.952559E-02
8.116629E+03	-1.686786E+01	9.580384E-02	8.952768E-02
8.116829E+03	-1.686750E+01	9.572181E-02	8.952976E-02
8.117029E+03	-1.686742E+01	9.566907E-02	8.953185E-02
8.117229E+03	-1.686703E+01	9.558644E-02	8.953393E-02
8.117429E+03	-1.686655E+01	9.534146E-02	8.953602E-02
8.117629E+03	-1.686679E+01	9.603336E-02	8.953810E-02
8.117829E+03	-1.686710E+01	9.606751E-02	8.954019E-02
8.118029E+03	-1.686713E+01	9.602511E-02	8.954227E-02
8.118229E+03	-1.686745E+01	9.655883E-02	8.954436E-02
8.118429E+03	-1.686788E+01	9.676144E-02	8.954644E-02
8.118629E+03	-1.686843E+01	9.688441E-02	8.954853E-02
8.118829E+03	-1.686902E+01	9.702046E-02	8.955061E-02
8.119029E+03	-1.686937E+01	9.710385E-02	8.955270E-02
8.119229E+03	-1.686941E+01	9.713244E-02	8.955478E-02
8.119429E+03	-1.686925E+01	9.721561E-02	8.955686E-02
8.119629E+03	-1.686889E+01	9.711636E-02	8.955895E-02
8.119829E+03	-1.686838E+01	9.712002E-02	8.956103E-02
8.120029E+03	-1.686798E+01	9.693349E-02	8.956312E-02
8.120229E+03	-1.686794E+01	9.685775E-02	8.956520E-02
8.120429E+03	-1.686786E+01	9.721818E-02	8.956729E-02
8.120629E+03	-1.686754E+01	9.714772E-02	8.956937E-02
8.120829E+03	-1.686726E+01	9.668115E-02	8.957145E-02
8.121029E+03	-1.686683E+01	9.590539E-02	8.957354E-02
8.121230E+03	-1.686643E+01	9.581872E-02	8.957563E-02
8.121430E+03	-1.686627E+01	9.539178E-02	8.957772E-02
8.121630E+03	-1.686627E+01	9.536040E-02	8.957980E-02
8.121829E+03	-1.686623E+01	9.547731E-02	8.958187E-02
8.122029E+03	-1.686611E+01	9.544360E-02	8.958396E-02
8.122230E+03	-1.686603E+01	9.542245E-02	8.958605E-02
8.122430E+03	-1.686603E+01	9.481861E-02	8.958813E-02
8.122630E+03	-1.686599E+01	9.465322E-02	8.959022E-02
8.122829E+03	-1.686618E+01	9.500192E-02	8.959229E-02
8.123029E+03	-1.686661E+01	9.554007E-02	8.959437E-02
8.123229E+03	-1.686700E+01	9.565011E-02	8.959646E-02
8.123429E+03	-1.686735E+01	9.597979E-02	8.959854E-02
8.123629E+03	-1.686755E+01	9.609016E-02	8.960062E-02
8.123829E+03	-1.686774E+01	9.574005E-02	8.960271E-02
8.124029E+03	-1.686825E+01	9.520268E-02	8.960479E-02
8.124229E+03	-1.686884E+01	9.514696E-02	8.960687E-02
8.124429E+03	-1.686931E+01	9.528244E-02	8.960896E-02
8.124629E+03	-1.686959E+01	9.541432E-02	8.961104E-02
8.124829E+03	-1.686943E+01	9.501995E-02	8.961312E-02
8.125029E+03	-1.686927E+01	9.457846E-02	8.961521E-02
8.125229E+03	-1.686942E+01	9.478678E-02	8.961729E-02
8.125429E+03	-1.686930E+01	9.506513E-02	8.961937E-02
8.125629E+03	-1.686938E+01	9.509429E-02	8.962145E-02
8.125829E+03	-1.686962E+01	9.512647E-02	8.962354E-02
8.126029E+03	-1.686981E+01	9.538339E-02	8.962562E-02
8.126230E+03	-1.687024E+01	9.536819E-02	8.962771E-02
8.126430E+03	-1.687068E+01	9.517062E-02	8.962980E-02
8.126630E+03	-1.687103E+01	9.482440E-02	8.963188E-02
8.126830E+03	-1.687139E+01	9.459274E-02	8.963396E-02
8.127030E+03	-1.687174E+01	9.484944E-02	8.963604E-02
8.127230E+03	-1.687238E+01	9.455873E-02	8.963812E-02
8.127430E+03	-1.687301E+01	9.408385E-02	8.964021E-02
8.127630E+03	-1.687333E+01	9.309216E-02	8.964229E-02
8.127830E+03	-1.687333E+01	9.134541E-02	8.964437E-02
8.128030E+03	-1.687325E+01	9.132864E-02	8.964645E-02
8.128230E+03	-1.687352E+01	9.153898E-02	8.964854E-02
8.128430E+03	-1.687392E+01	9.167907E-02	8.965062E-02
8.128630E+03	-1.687396E+01	9.184725E-02	8.965270E-02
8.128830E+03	-1.687396E+01	9.192314E-02	8.965478E-02
8.129030E+03	-1.687395E+01	9.211085E-02	8.965686E-02
8.129230E+03	-1.687415E+01	9.220517E-02	8.965895E-02
8.129430E+03	-1.687419E+01	9.209776E-02	8.966103E-02
8.129630E+03	-1.687367E+01	9.164448E-02	8.966311E-02
8.129830E+03	-1.687359E+01	9.159970E-02	8.966519E-02
8.130030E+03	-1.687422E+01	9.167862E-02	8.966727E-02
8.130230E+03	-1.687418E+01	9.166619E-02	8.966935E-02
8.130430E+03	-1.687414E+01	9.121423E-02	8.967144E-02
8.130630E+03	-1.687430E+01	9.129578E-02	8.967352E-02
8.130830E+03	-1.687433E+01	9.114827E-02	8.967560E-02
8.131031E+03	-1.687441E+01	9.125302E-02	8.967769E-02
8.131231E+03	-1.687425E+01	9.088369E-02	8.967977E-02
8.131431E+03	-1.687369E+01	9.077473E-02	8.968185E-02
8.131631E+03	-1.687341E+01	9.064456E-02	8.968393E-02
8.131831E+03	-1.687337E+01	9.064023E-02	8.968602E-02
8.132031E+03	-1.687340E+01	9.051292E-02	8.968810E-02
8.132231E+03	-1.687392E+01	9.062912E-02	8.969018E-02
8.132431E+03	-1.687396E+01	9.108481E-02	8.969226E-02
8.132631E+03	-1.687396E+01	9.170791E-02	8.969434E-02
8.132831E+03	-1.687419E+01	9.128297E-02	8.969642E-02
8.133031E+03	-1.687411E+01	9.125019E-02	8.969850E-02
8.133231E+03	-1.687395E+01	9.156013E-02	8.970058E-02
8.133431E+03	-1.687395E+01	9.138837E-02	8.970266E-02
8.133631E+03	-1.687379E+01	9.182991E-02	8.970474E-02
8.133831E+03	-1.687346E+01	9.183423E-02	8.970682E-02
8.134031E+03	-1.687322E+01	9.193916E-02	8.970891E-02
8.134230E+03	-1.687326E+01	9.185588E-02	8.971098E-02
8.134431E+03	-1.687362E+01	9.145289E-02	8.971307E-02
8.134631E+03	-1.687366E+01	9.190837E-02	8.971515E-02
8.134831E+03	-1.687349E+01	9.101670E-02	8.971723E-02
8.135030E+03	-1.687357E+01	8.918961E-02	8.971930E-02
8.135230E+03	-1.687385E+01	8.747390E-02	8.972138E-02
8.135431E+03	-1.687409E+01	8.709464E-02	8.972347E-02
8.135630E+03	-1.687389E+01	8.699069E-02	8.972554E-02
8.135830E+03	-1.687316E+01	8.715396E-02	8.972762E-02
8.136031E+03	-1.687304E+01	8.728542E-02	8.972971E-02
8.136231E+03	-1.687348E+01	8.758511E-02	8.973179E-02
8.136431E+03	-1.687344E+01	8.734965E-02	8.973387E-02
8.136631E+03	-1.687324E+01	8.766846E-02	8.973595E-02
8.136831E+03	-1.687331E+01	8.808344E-02	8.973803E-02
8.137031E+03	-1.687371E+01	8.813248E-02	8.974011E-02
8.137231E+03	-1.687415E+01	8.832559E-02	8.974219E-02
8.137431E+03	-1.687383E+01	8.825663E-02	8.974427E-02
8.137631E+03	-1.687339E+01	8.794403E-02	8.974635E-02
8.137831E+03	-1.687330E+01	8.788799E-02	8.974843E-02
8.138031E+03	-1.687282E+01	8.776334E-02	8.975051E-02
8.138231E+03	-1.687246E+01	8.814080E-02	8.975259E-02
8.138431E+03	-1.687246E+01	8.808905E-02	8.975467E-02
8.138631E+03	-1.687206E+01	8.795666E-02	8.975675E-02
8.138831E+03	-1.687182E+01	8.770165E-02	8.975882E-02
8.139031E+03	-1.687229E+01	8.777421E-02	8.976090E-02
8.139231E+03	-1.687281E+01	8.822951E-02	8.976298E-02
8.139431E+03	-1.687289E+01	8.820984E-02	8.976506E-02
8.139631E+03	-1.687273E+01	8.865949E-02	8.976714E-02
8.139831E+03	-1.687253E+01	8.849940E-02	8.976922E-02
8.140031E+03	-1.687260E+01	8.850766E-02	8.977130E-02
8.140231E+03	-1.687264E+01	8.867509E-02	8.977338E-02
8.140431E+03	-1.687236E+01	8.842317E-02	8.977546E-02
8.140631E+03	-1.687216E+01	8.849009E-02	8.977754E-02
8.140832E+03	-1.687228E+01	8.874921E-02	8.977963E-02
8.141032E+03	-1.687231E+01	8.874540E-02	8.978171E-02
8.141232E+03	-1.687223E+01	8.847447E-02	8.978378E-02
8.141432E+03	-1.687243E+01	8.785018E-02	8.978586E-02
8.141632E+03	-1.687275E+01	8.795051E-02	8.978794E-02
8.141832E+03	-1.687270E+01	8.788269E-02	8.979002E-02
8.142032E+03	-1.687258E+01	8.797799E-02	8.979210E-02
8.142232E+03	-1.687266E+01	8.857170E-02	8.979418E-02
8.142432E+03	-1.687262E+01	8.953540E-02	8.979626E-02
8.142632E+03	-1.687226E+01	9.034105E-02	8.979833E-02
8.142832E+03	-1.687198E+01	9.047404E-02	8.980041E-02
8.143032E+03	-1.687170E+01	9.044788E-02	8.980249E-02
8.143232E+03	-1.687146E+01	9.046974E-02	8.980457E-02
8.143432E+03	-1.687145E+01	9.049358E-02	8.980665E-02
8.143632E+03	-1.687169E+01	9.117124E-02	8.980873E-02
8.143832E+03	-1.687169E+01	9.115136E-02	8.981080E-02
8.144032E+03	-1.687137E+01	9.112439E-02	8.981288E-02
8.144232E+03	-1.687153E+01	9.149148E-02	8.981496E-02
8.144432E+03	-1.687164E+01	9.082509E-02	8.981704E-02
8.144632E+03	-1.687120E+01	9.011442E-02	8.981912E-02
8.144832E+03	-1.687108E+01	8.960945E-02	8.982119E-02
8.145032E+03	-1.687104E+01	8.959730E-02	8.982327E-02
8.145232E+03	-1.687064E+01	8.928156E-02	8.982535E-02
8.145432E+03	-1.687032E+01	8.916885E-02	8.982743E-02
8.145632E+03	-1.687012E+01	8.921928E-02	8.982950E-02
8.145833E+03	-1.687004E+01	8.850611E-02	8.983159E-02
8.146033E+03	-1.686996E+01	8.856124E-02	8.983367E-02
8.146233E+03	-1.687008E+01	8.864486E-02	8.983575E-02
8.146433E+03	-1.687000E+01	8.872768E-02	8.983782E-02
8.146633E+03	-1.686991E+01	8.825231E-02	8.983990E-02
8.146833E+03	-1.687007E+01	8.817758E-02	8.984198E-02
8.147033E+03	-1.687003E+01	8.835960E-02	8.984406E-02
8.147233E+03	-1.686987E+01	8.853322E-02	8.984613E-02
8.147432E+03	-1.686983E+01	8.879428E-02	8.984820E-02
8.147632E+03	-1.687038E+01	8.866598E-02	8.985028E-02
8.147833E+03	-1.687101E+01	8.833922E-02	8.985237E-02
8.148033E+03	-1.687133E+01	8.842371E-02	8.985444E-02
8.148232E+03	-1.687132E+01	8.805435E-02	8.985651E-02
8.148432E+03	-1.687089E+01	8.763258E-02	8.985859E-02
8.148632E+03	-1.686977E+01	8.756729E-02	8.986066E-02
8.148832E+03	-1.686918E+01	8.772045E-02	8.986274E-02
8.149032E+03	-1.686878E+01	8.763675E-02	8.986482E-02
8.149232E+03	-1.686831E+01	8.799877E-02	8.986689E-02
8.149432E+03	-1.686870E+01	8.843406E-02	8.986897E-02
8.149632E+03	-1.686933E+01	8.869728E-02	8.987105E-02
8.149832E+03	-1.686933E+01	8.894240E-02	8.987312E-02
8.150032E+03	-1.686905E+01	8.873167E-02	8.987520E-02
8.150232E+03	-1.686905E+01	8.862895E-02	8.987728E-02
8.150432E+03	-1.686940E+01	8.898628E-02	8.987935E-02
8.150633E+03	-1.687019E+01	8.924765E-02	8.988144E-02
8.150833E+03	-1.687086E+01	8.939817E-02	8.988352E-02
8.151033E+03	-1.687094E+01	8.942244E-02	8.988559E-02
8.151233E+03	-1.687078E+01	8.949291E-02	8.988767E-02
8.151433E+03	-1.687066E+01	8.980548E-02	8.988974E-02
8.151633E+03	-1.687061E+01	8.977746E-02	8.989182E-02
8.151833E+03	-1.687093E+01	8.974784E-02	8.989390E-02
8.152033E+03	-1.687093E+01	8.958514E-02	8.989597E-02
8.152233E+03	-1.687049E+01	8.954276E-02	8.989805E-02
8.152433E+03	-1.687001E+01	8.939330E-02	8.990012E-02
8.152633E+03	-1.686985E+01	8.921424E-02	8.990220E-02
8.152833E+03	-1.687005E+01	8.923512E-02	8.990428E-02
8.153033E+03	-1.687005E+01	8.919552E-02	8.990635E-02
8.153233E+03	-1.687000E+01	8.893394E-02	8.990843E-02
8.153433E+03	-1.687020E+01	8.845947E-02	8.991050E-02
8.153633E+03	-1.687051E+01	8.831395E-02	8.991258E-02
8.153833E+03	-1.687059E+01	8.848869E-02	8.991465E-02
8.154033E+03	-1.687071E+01	8.847327E-02	8.991673E-02
8.154233E+03	-1.687106E+01	8.818480E-02	8.991881E-02
8.154433E+03	-1.687146E+01	8.827343E-02	8.992088E-02
8.154633E+03	-1.687146E+01	8.823767E-02	8.992296E-02
8.154833E+03	-1.687106E+01	8.815305E-02	8.992503E-02
8.155033E+03	-1.687086E+01	8.814452E-02	8.992711E-02
8.155233E+03	-1.687105E+01	8.733924E-02	8.992918E-02
8.155433E+03	-1.687117E+01	8.525863E-02	8.993126E-02
8.155634E+03	-1.687133E+01	8.528585E-02	8.993334E-02
8.155834E+03	-1.687125E+01	8.477778E-02	8.993542E-02
8.156034E+03	-1.687081E+01	8.468465E-02	8.993749E-02
8.156234E+03	-1.687049E+01	8.438095E-02	8.993957E-02
8.156434E+03	-1.687060E+01	8.399559E-02	8.994164E-02
8.156634E+03	-1.687092E+01	8.396969E-02	8.994372E-02
8.156834E+03	-1.687100E+01	8.367542E-02	8.994579E-02
8.157034E+03	-1.687068E+01	8.364998E-02	8.994787E-02
8.157234E+03	-1.687040E+01	8.363221E-02	8.994994E-02
8.157434E+03	-1.687008E+01	8.351573E-02	8.995202E-02
8.157634E+03	-1.686964E+01	8.339641E-02	8.995409E-02
8.157834E+03	-1.686932E+01	8.315773E-02	8.995617E-02
8.158034E+03	-1.686893E+01	8.372208E-02	8.995824E-02
8.158234E+03	-1.686865E+01	8.269757E-02	8.996031E-02
8.158434E+03	-1.686853E+01	8.250135E-02	8.996239E-02
8.158634E+03	-1.686825E+01	8.243312E-02	8.996446E-02
8.158834E+03	-1.686801E+01	8.313333E-02	8.996654E-02
8.159034E+03	-1.686773E+01	8.314358E-02	8.996861E-02
8.159234E+03	-1.686730E+01	8.334801E-02	8.997069E-02
8.159434E+03	-1.686702E+01	8.316930E-02	8.997276E-02
8.159634E+03	-1.686713E+01	8.321551E-02	8.997483E-02
8.159833E+03	-1.686729E+01	8.391086E-02	8.997690E-02
8.160033E+03	-1.686737E+01	8.359933E-02	8.997897E-02
8.160234E+03	-1.686748E+01	8.355119E-02	8.998106E-02
8.160435E+03	-1.686752E+01	8.354301E-02	8.998314E-02
8.160635E+03	-1.686752E+01	8.352332E-02	8.998521E-02
8.160834E+03	-1.686756E+01	8.359785E-02	8.998728E-02
8.161034E+03	-1.686791E+01	8.366613E-02	8.998935E-02
8.161234E+03	-1.686834E+01	8.399832E-02	8.999143E-02
8.161434E+03	-1.686838E+01	8.352454E-02	8.999350E-02
8.161634E+03	-1.686830E+01	8.393151E-02	8.999557E-02
8.161834E+03	-1.686837E+01	8.362714E-02	8.999765E-02
8.162034E+03	-1.686825E+01	8.377004E-02	8.999972E-02
8.162234E+03	-1.686793E+01	8.391419E-02	9.000179E-02
8.162434E+03	-1.686774E+01	8.392341E-02	9.000387E-02
8.162634E+03	-1.686738E+01	8.380769E-02	9.000594E-02
8.162834E+03	-1.686659E+01	8.364030E-02	9.000801E-02
8.163034E+03	-1.686608E+01	8.358128E-02	9.001009E-02
8.163234E+03	-1.686592E+01	8.350006E-02	9.001216E-02
8.163434E+03	-1.686564E+01	8.356885E-02	9.001423E-02
8.163634E+03	-1.686525E+01	8.373636E-02	9.001631E-02
8.163834E+03	-1.686513E+01	8.459107E-02	9.001838E-02
8.164034E+03	-1.686517E+01	8.444593E-02	9.002045E-02
8.164234E+03	-1.686501E+01	8.445855E-02	9.002252E-02
8.164434E+03	-1.686438E+01	8.450502E-02	9.002460E-02
8.164634E+03	-1.686406E+01	8.442466E-02	9.002667E-02
8.164834E+03	-1.686441E+01	8.479027E-02	9.002874E-02
8.165034E+03	-1.686437E+01	8.500160E-02	9.003082E-02
8.165234E+03	-1.686402E+01	8.497576E-02	9.003289E-02
8.165435E+03	-1.686339E+01	8.404605E-02	9.003497E-02
8.165635E+03	-1.686288E+01	8.400646E-02	9.003704E-02
8.165835E+03	-1.686265E+01	8.407421E-02	9.003912E-02
8.166035E+03	-1.686253E+01	8.344808E-02	9.004119E-02
8.166235E+03	-1.686210E+01	8.334642E-02	9.004326E-02
8.166435E+03	-1.686186E+01	8.334053E-02	9.004533E-02
8.166635E+03	-1.686182E+01	8.333307E-02	9.004741E-02
8.166835E+03	-1.686166E+01	8.364132E-02	9.004948E-02
8.167035E+03	-1.686166E+01	8.361801E-02	9.005155E-02
8.167235E+03	-1.686166E+01	8.347034E-02	9.005362E-02
8.167435E+03	-1.686181E+01	8.360907E-02	9.005569E-02
8.167635E+03	-1.686201E+01	8.351817E-02	9.005777E-02
8.167835E+03	-1.686169E+01	8.343506E-02	9.005984E-02
8.168035E+03	-1.686165E+01	8.348589E-02	9.006191E-02
8.168235E+03	-1.686184E+01	8.286235E-02	9.006398E-02
8.168435E+03	-1.686180E+01	8.253617E-02	9.006605E-02
8.168635E+03	-1.686168E+01	8.273553E-02	9.006813E-02
8.168835E+03	-1.686141E+01	8.285851E-02	9.007020E-02
8.169035E+03	-1.686106E+01	8.288113E-02	9.007227E-02
8.169235E+03	-1.686071E+01	8.271759E-02	9.007434E-02
8.169435E+03	-1.686063E+01	8.244694E-02	9.007641E-02
8.169635E+03	-1.686070E+01	8.250820E-02	9.007848E-02
8.169835E+03	-1.686086E+01	8.329020E-02	9.008056E-02
8.170035E+03	-1.686078E+01	8.329472E-02	9.008263E-02
8.170236E+03	-1.686074E+01	8.304297E-02	9.008471E-02
8.170436E+03	-1.686073E+01	8.291112E-02	9.008678E-02
8.170636E+03	-1.686062E+01	8.252060E-02	9.008885E-02
8.170836E+03	-1.686046E+01	8.189819E-02	9.009092E-02
8.171036E+03	-1.686022E+01	8.187760E-02	9.009299E-02
8.171236E+03	-1.685995E+01	8.154006E-02	9.009507E-02
8.171436E+03	-1.685956E+01	8.139396E-02	9.009714E-02
8.171636E+03	-1.685964E+01	8.157479E-02	9.009921E-02
8.171836E+03	-1.686018E+01	8.093687E-02	9.010128E-02
8.172036E+03	-1.686045E+01	8.056112E-02	9.010335E-02
8.172236E+03	-1.686033E+01	8.051631E-02	9.010542E-02
8.172435E+03	-1.686021E+01	8.021588E-02	9.010748E-02
8.172636E+03	-1.685994E+01	7.994131E-02	9.010956E-02
8.172836E+03	-1.685947E+01	7.983656E-02	9.011163E-02
8.173035E+03	-1.685939E+01	8.015871E-02	9.011369E-02
8.173235E+03	-1.685939E+01	8.018964E-02	9.011576E-02
8.173435E+03	-1.685927E+01	8.065524E-02	9.011783E-02
8.173636E+03	-1.685923E+01	8.107320E-02	9.011992E-02
8.173835E+03	-1.685915E+01	8.108196E-02	9.012198E-02
8.174035E+03	-1.685923E+01	8.124325E-02	9.012405E-02
8.174235E+03	-1.685915E+01	8.146065E-02	9.012612E-02
8.174435E+03	-1.685907E+01	8.149638E-02	9.012819E-02
8.174635E+03	-1.685864E+01	8.134723E-02	9.013026E-02
8.174835E+03	-1.685841E+01	8.030860E-02	9.013233E-02
8.175035E+03	-1.685844E+01	7.975633E-02	9.013440E-02
8.175236E+03	-1.685848E+01	7.916151E-02	9.013648E-02
8.175436E+03	-1.685863E+01	7.880754E-02	9.013855E-02
8.175636E+03	-1.685828E+01	7.877541E-02	9.014062E-02
8.175836E+03	-1.685782E+01	7.862606E-02	9.014269E-02
8.176036E+03	-1.685758E+01	7.840712E-02	9.014476E-02
8.176236E+03	-1.685743E+01	7.834083E-02	9.014683E-02
8.176436E+03	-1.685727E+01	7.805142E-02	9.014890E-02
8.176636E+03	-1.685746E+01	7.800902E-02	9.015097E-02
8.176836E+03	-1.685773E+01	7.769538E-02	9.015304E-02
8.177036E+03	-1.685781E+01	7.768220E-02	9.015511E-02
8.177236E+03	-1.685792E+01	7.786858E-02	9.015718E-02
8.177436E+03	-1.685796E+01	7.835722E-02	9.015925E-02
8.177636E+03	-1.685768E+01	7.850501E-02	9.016132E-02
8.177836E+03	-1.685768E+01	7.860900E-02	9.016339E-02
8.178036E+03	-1.685791E+01	7.850441E-02	9.016545E-02
8.178236E+03	-1.685779E+01	7.851819E-02	9.016752E-02
8.178436E+03	-1.685752E+01	7.851182E-02	9.016959E-02
8.178636E+03	-1.685710E+01	7.835840E-02	9.017166E-02
8.178836E+03	-1.685694E+01	7.826913E-02	9.017373E-02
8.179036E+03	-1.685701E+01	7.837529E-02	9.017580E-02
8.179236E+03	-1.685709E+01	7.867765E-02	9.017787E-02
8.179436E+03	-1.685686E+01	7.866277E-02	9.017994E-02
8.179636E+03	-1.685655E+01	7.838430E-02	9.018201E-02
8.179836E+03	-1.685635E+01	7.848020E-02	9.018408E-02
8.180037E+03	-1.685589E+01	7.845456E-02	9.018616E-02
8.180237E+03	-1.685547E+01	7.863516E-02	9.018823E-02
8.180437E+03	-1.685539E+01	7.888566E-02	9.019029E-02
8.180637E+03	-1.685512E+01	7.864552E-02	9.019236E-02
8.180837E+03	-1.685466E+01	7.829082E-02	9.019443E-02
8.181037E+03	-1.685427E+01	7.795823E-02	9.019650E-02
8.181237E+03	-1.685423E+01	7.792462E-02	9.019857E-02
8.181437E+03	-1.685396E+01	7.729999E-02	9.020064E-02
8.181637E+03	-1.685373E+01	7.718289E-02	9.020271E-02
8.181837E+03	-1.685377E+01	7.712096E-02	9.020477E-02
8.182037E+03	-1.685357E+01	7.700695E-02	9.020684E-02
8.182237E+03	-1.685315E+01	7.698216E-02	9.020891E-02
8.182437E+03	-1.685288E+01	7.659583E-02	9.021098E-02
8.182637E+03	-1.685311E+01	7.687630E-02	9.021305E-02
8.182837E+03	-1.685345E+01	7.708584E-02	9.021512E-02
8.183037E+03	-1.685337E+01	7.702272E-02	9.021718E-02
8.183237E+03	-1.685337E+01	7.720198E-02	9.021925E-02
8.183437E+03	-1.685387E+01	7.772932E-02	9.022132E-02
8.183637E+03	-1.685417E+01	7.742486E-02	9.022339E-02
8.183837E+03	-1.685455E+01	7.732859E-02	9.022546E-02
8.184037E+03	-1.685520E+01	7.718791E-02	9.022752E-02
8.184237E+03	-1.685554E+01	7.710356E-02	9.022959E-02
8.184437E+03	-1.685554E+01	7.644809E-02	9.023166E-02
8.184637E+03	-1.685542E+01	7.617494E-02	9.023373E-02
8.184837E+03	-1.685580E+01	7.627290E-02	9.023580E-02
8.185038E+03	-1.685615E+01	7.636812E-02	9.023787E-02
8.185238E+03	-1.685538E+01	7.626784E-02	9.023994E-02
8.185438E+03	-1.685465E+01	7.612873E-02	9.024201E-02
8.185637E+03	-1.685495E+01	7.617475E-02	9.024407E-02
8.185837E+03	-1.685549E+01	7.615006E-02	9.024613E-02
8.186038E+03	-1.685602E+01	7.633636E-02	9.024821E-02
8.186238E+03	-1.685610E+01	7.663004E-02	9.025028E-02
8.186438E+03	-1.685605E+01	7.680365E-02	9.025235E-02
8.186637E+03	-1.685613E+01	7.682107E-02	9.025440E-02
8.186837E+03	-1.685601E+01	7.676233E-02	9.025647E-02
8.187037E+03	-1.685570E+01	7.642432E-02	9.025854E-02
8.187237E+03	-1.685536E+01	7.655140E-02	9.026060E-02
8.187437E+03	-1.685509E+01	7.588378E-02	9.026267E-02
8.187637E+03	-1.685485E+01	7.587045E-02	9.026474E-02
8.187837E+03	-1.685443E+01	7.584667E-02	9.026681E-02
8.188037E+03	-1.685397E+01	7.580100E-02	9.026887E-02
8.188237E+03	-1.685347E+01	7.599677E-02	9.027094E-02
8.188437E+03	-1.685320E+01	7.579373E-02	9.027301E-02
8.188637E+03	-1.685332E+01	7.571835E-02	9.027507E-02
8.188837E+03	-1.685301E+01	7.580240E-02	9.027714E-02
8.189037E+03	-1.685263E+01	7.582732E-02	9.027921E-02
8.189237E+03	-1.685259E+01	7.641466E-02	9.028127E-02
8.189437E+03	-1.685216E+01	7.786641E-02	9.028334E-02
8.189637E+03	-1.685174E+01	7.776106E-02	9.028541E-02
8.189837E+03	-1.685163E+01	7.763047E-02	9.028747E-02
8.190038E+03	-1.685182E+01	7.693466E-02	9.028955E-02
8.190238E+03	-1.685185E+01	7.591886E-02	9.029161E-02
8.190438E+03	-1.685208E+01	7.513344E-02	9.029368E-02
8.190638E+03	-1.685242E+01	7.514703E-02	9.029575E-02
8.190838E+03	-1.685284E+01	7.517383E-02	9.029781E-02
8.191038E+03	-1.685337E+01	7.512131E-02	9.029988E-02
8.191238E+03	-1.685337E+01	7.515564E-02	9.030195E-02
8.191438E+03	-1.685245E+01	7.444559E-02	9.030401E-02
8.191638E+03	-1.685157E+01	7.477828E-02	9.030608E-02
8.191838E+03	-1.685085E+01	7.491210E-02	9.030814E-02
8.192038E+03	-1.685028E+01	7.469668E-02	9.031021E-02
8.192238E+03	-1.684971E+01	7.491306E-02	9.031228E-02
8.192438E+03	-1.684929E+01	7.516257E-02	9.031434E-02
8.192638E+03	-1.684895E+01	7.532277E-02	9.031641E-02
8.192838E+03	-1.684887E+01	7.548712E-02	9.031847E-02
8.193038E+03	-1.684887E+01	7.552110E-02	9.032054E-02
8.193238E+03	-1.684879E+01	7.558347E-02	9.032260E-02
8.193438E+03	-1.684826E+01	7.530310E-02	9.032467E-02
8.193638E+03	-1.684788E+01	7.522271E-02	9.032674E-02
8.193838E+03	-1.684784E+01	7.513332E-02	9.032880E-02
8.194038E+03	-1.684776E+01	7.471733E-02	9.033087E-02
8.194238E+03	-1.684799E+01	7.465826E-02	9.033293E-02
8.194438E+03	-1.684795E+01	7.467439E-02	9.033500E-02
8.194638E+03	-1.684783E+01	7.480186E-02	9.033706E-02
8.194839E+03	-1.684828E+01	7.468749E-02	9.033914E-02
8.195039E+03	-1.684843E+01	7.499256E-02	9.034120E-02
8.195239E+03	-1.684836E+01	7.496822E-02	9.034327E-02
8.195439E+03	-1.684858E+01	7.506767E-02	9.034533E-02
8.195639E+03	-1.684895E+01	7.507252E-02	9.034740E-02
8.195839E+03	-1.684956E+01	7.519602E-02	9.034946E-02
8.196039E+03	-1.685016E+01	7.561147E-02	9.035153E-02
8.196239E+03	-1.685069E+01	7.620439E-02	9.035359E-02
8.196439E+03	-1.685110E+01	7.611824E-02	9.035566E-02
8.196639E+03	-1.685118E+01	7.582028E-02	9.035763E-02
8.196839E+03	-1.685118E+01	7.626820E-02	9.035956E-02
8.197039E+03	-1.685129E+01	7.613633E-02	9.036148E-02
8.197239E+03	-1.685163E+01	7.556929E-02	9.036340E-02
8.197439E+03	-1.685159E+01	7.496994E-02	9.036533E-02
8.197639E+03	-1.685155E+01	7.513815E-02	9.036725E-02
8.197839E+03	-1.685105E+01	7.522736E-02	9.036917E-02
8.198039E+03	-1.685029E+01	7.508855E-02	9.037109E-02
8.198238E+03	-1.684999E+01	7.466897E-02	9.037301E-02
8.198439E+03	-1.684987E+01	7.458511E-02	9.037494E-02
8.198638E+03	-1.684953E+01	7.455313E-02	9.037685E-02
8.198838E+03	-1.684896E+01	7.445210E-02	9.037878E-02
8.199039E+03	-1.684903E+01	7.442728E-02	9.038071E-02
8.199238E+03	-1.684888E+01	7.503956E-02	9.038262E-02
8.199438E+03	-1.684820E+01	7.521261E-02	9.038454E-02
8.199638E+03	-1.684790E+01	7.505492E-02	9.038647E-02
8.199839E+03	-1.684680E+01	7.499059E-02	9.038840E-02
8.200039E+03	-1.684650E+01	7.486735E-02	9.039032E-02
8.200239E+03	-1.684721E+01	7.480624E-02	9.039224E-02
8.200439E+03	-1.684774E+01	7.493849E-02	9.039417E-02
8.200639E+03	-1.684815E+01	7.527771E-02	9.039609E-02
8.200839E+03	-1.684856E+01	7.536475E-02	9.039801E-02
8.201039E+03	-1.684917E+01	7.545078E-02	9.039993E-02
8.201239E+03	-1.684962E+01	7.547668E-02	9.040186E-02
8.201439E+03	-1.684981E+01	7.545280E-02	9.040378E-02
8.201639E+03	-1.684954E+01	7.524418E-02	9.040570E-02
8.201839E+03	-1.684942E+01	7.519806E-02	9.040762E-02
8.202039E+03	-1.684942E+01	7.562154E-02	9.040954E-02
8.202239E+03	-1.684908E+01	7.559633E-02	9.041147E-02
8.202439E+03	-1.684862E+01	7.554014E-02	9.041339E-02
8.202639E+03	-1.684843E+01	7.559033E-02	9.041531E-02
8.202839E+03	-1.684870E+01	7.560990E-02	9.041723E-02
8.203039E+03	-1.684869E+01	7.556837E-02	9.041915E-02
8.203239E+03	-1.684850E+01	7.556196E-02	9.042108E-02
8.203439E+03	-1.684843E+01	7.553751E-02	9.042300E-02
8.203639E+03	-1.684854E+01	7.565154E-02	9.042492E-02
8.203839E+03	-1.684869E+01	7.575334E-02	9.042684E-02
8.204039E+03	-1.684846E+01	7.574026E-02	9.042876E-02
8.204239E+03	-1.684823E+01	7.694897E-02	9.043068E-02
8.204439E+03	-1.684823E+01	7.714129E-02	9.043260E-02
8.204640E+03	-1.684781E+01	7.710912E-02	9.043454E-02
8.204840E+03	-1.684755E+01	7.703221E-02	9.043646E-02
8.205040E+03	-1.684766E+01	7.698822E-02	9.043838E-02
8.205240E+03	-1.684758E+01	7.686191E-02	9.044030E-02
8.205440E+03	-1.684769E+01	7.702127E-02	9.044222E-02
8.205640E+03	-1.684780E+01	7.674369E-02	9.044414E-02
8.205840E+03	-1.684761E+01	7.601377E-02	9.044606E-02
8.206040E+03	-1.684757E+01	7.635359E-02	9.044798E-02
8.206240E+03	-1.684742E+01	7.676752E-02	9.044991E-02
8.206440E+03	-1.684742E+01	7.681268E-02	9.045183E-02
8.206640E+03	-1.684772E+01	7.625202E-02	9.045375E-02
8.206840E+03	-1.684805E+01	7.628520E-02	9.045567E-02
8.207040E+03	-1.684843E+01	7.664198E-02	9.045759E-02
8.207240E+03	-1.684896E+01	7.688263E-02	9.045951E-02
8.207440E+03	-1.684948E+01	7.685912E-02	9.046143E-02
8.207640E+03	-1.684967E+01	7.612829E-02	9.046335E-02
8.207840E+03	-1.684948E+01	7.647713E-02	9.046527E-02
8.208040E+03	-1.684955E+01	7.649045E-02	9.046719E-02
8.208240E+03	-1.684966E+01	7.775528E-02	9.046911E-02
8.208440E+03	-1.684985E+01	7.808443E-02	9.047103E-02
8.208640E+03	-1.685015E+01	7.810103E-02	9.047295E-02
8.208840E+03	-1.685019E+01	7.808512E-02	9.047487E-02
8.209040E+03	-1.685007E+01	7.787532E-02	9.047680E-02
8.209240E+03	-1.684996E+01	7.896435E-02	9.047872E-02
8.209440E+03	-1.684988E+01	7.858338E-02	9.048064E-02
8.209641E+03	-1.685011E+01	7.952218E-02	9.048257E-02
8.209841E+03	-1.684988E+01	7.927237E-02	9.048449E-02
8.210041E+03	-1.684934E+01	7.891485E-02	9.048641E-02
8.210241E+03	-1.684949E+01	7.885157E-02	9.048833E-02
8.210441E+03	-1.684998E+01	7.889551E-02	9.049025E-02
8.210641E+03	-1.685040E+01	7.929721E-02	9.049217E-02
8.210841E+03	-1.685089E+01	7.940626E-02	9.049409E-02
8.211040E+03	-1.685134E+01	7.989985E-02	9.049600E-02
8.211240E+03	-1.685157E+01	8.096417E-02	9.049792E-02
8.211441E+03	-1.685191E+01	8.087204E-02	9.049985E-02
8.211640E+03	-1.685225E+01	8.007554E-02	9.050176E-02
8.211841E+03	-1.685225E+01	8.015168E-02	9.050369E-02
8.212040E+03	-1.685228E+01	8.030717E-02	9.050560E-02
8.212240E+03	-1.685236E+01	8.019941E-02	9.050751E-02
8.212440E+03	-1.685232E+01	8.020761E-02	9.050943E-02
8.212640E+03	-1.685228E+01	8.031859E-02	9.051135E-02
8.212840E+03	-1.685228E+01	7.997216E-02	9.051327E-02
8.213040E+03	-1.685228E+01	7.998739E-02	9.051519E-02
8.213240E+03	-1.685250E+01	7.996854E-02	9.051711E-02
8.213440E+03	-1.685280E+01	7.992940E-02	9.051903E-02
8.213640E+03	-1.685315E+01	7.993536E-02	9.052095E-02
8.213840E+03	-1.685318E+01	7.998435E-02	9.052287E-02
8.214040E+03	-1.685318E+01	7.993094E-02	9.052479E-02
8.214240E+03	-1.685322E+01	7.987310E-02	9.052671E-02
8.214441E+03	-1.685344E+01	7.997248E-02	9.052864E-02
8.214641E+03	-1.685371E+01	7.976962E-02	9.053056E-02
8.214841E+03	-1.685386E+01	7.985501E-02	9.053248E-02
8.215041E+03	-1.685424E+01	8.003241E-02	9.053439E-02
8.215241E+03	-1.685470E+01	8.007496E-02	9.053631E-02
8.215441E+03	-1.685485E+01	8.013384E-02	9.053823E-02
8.215641E+03	-1.685481E+01	8.014209E-02	9.054015E-02
8.215841E+03	-1.685484E+01	8.015299E-02	9.054207E-02
8.216041E+03	-1.685534E+01	8.040218E-02	9.054399E-02
8.216241E+03	-1.685607E+01	8.057568E-02	9.054591E-02
8.216441E+03	-1.685607E+01	8.031836E-02	9.054783E-02
8.216641E+03	-1.685580E+01	8.038766E-02	9.054974E-02
8.216841E+03	-1.685599E+01	8.025424E-02	9.055166E-02
8.217041E+03	-1.685625E+01	8.056522E-02	9.055358E-02
8.217241E+03	-1.685629E+01	8.057235E-02	9.055550E-02
8.217441E+03	-1.685606E+01	8.038749E-02	9.055742E-02
8.217641E+03	-1.685586E+01	8.002566E-02	9.055934E-02
8.217841E+03	-1.685544E+01	8.019721E-02	9.056126E-02
8.218041E+03	-1.685509E+01	8.028297E-02	9.056317E-02
8.218241E+03	-1.685505E+01	8.008813E-02	9.056509E-02
8.218441E+03	-1.685501E+01	8.000444E-02	9.056701E-02
8.218641E+03	-1.685466E+01	8.040803E-02	9.056893E-02
8.218841E+03	-1.685462E+01	8.103257E-02	9.057085E-02
8.219041E+03	-1.685489E+01	8.108643E-02	9.057276E-02
8.219241E+03	-1.685497E+01	8.117736E-02	9.057468E-02
8.219442E+03	-1.685481E+01	8.096107E-02	9.057661E-02
8.219642E+03	-1.685454E+01	8.083458E-02	9.057853E-02
8.219842E+03	-1.685446E+01	8.090069E-02	9.058045E-02
8.220042E+03	-1.685454E+01	8.092261E-02	9.058236E-02
8.220242E+03	-1.685484E+01	8.099885E-02	9.058428E-02
8.220442E+03	-1.685515E+01	8.119019E-02	9.058620E-02
8.220642E+03	-1.685526E+01	8.177909E-02	9.058812E-02
8.220842E+03	-1.685549E+01	8.144268E-02	9.059003E-02
8.221042E+03	-1.685572E+01	8.139759E-02	9.059195E-02
8.221242E+03	-1.685579E+01	8.130450E-02	9.059387E-02
8.221442E+03	-1.685598E+01	8.097563E-02	9.059579E-02
8.221642E+03	-1.685598E+01	8.064536E-02	9.059770E-02
8.221842E+03	-1.685578E+01	8.058285E-02	9.059962E-02
8.222042E+03	-1.685551E+01	8.046398E-02	9.060154E-02
8.222242E+03	-1.685540E+01	8.040047E-02	9.060346E-02
8.222442E+03	-1.685566E+01	8.042334E-02	9.060537E-02
8.222642E+03	-1.685601E+01	8.138989E-02	9.060729E-02
8.222842E+03	-1.685600E+01	8.212728E-02	9.060921E-02
8.223042E+03	-1.685593E+01	8.211276E-02	9.061113E-02
8.223242E+03	-1.685592E+01	8.233932E-02	9.061304E-02
8.223442E+03	-1.685604E+01	8.273757E-02	9.061496E-02
8.223641E+03	-1.685600E+01	8.276098E-02	9.061687E-02
8.223842E+03	-1.685580E+01	8.354977E-02	9.061879E-02
8.224041E+03	-1.685576E+01	8.391856E-02	9.062070E-02
8.224243E+03	-1.685580E+01	8.391830E-02	9.062264E-02
8.224442E+03	-1.685584E+01	8.423286E-02	9.062454E-02
8.224642E+03	-1.685587E+01	8.417887E-02	9.062646E-02
8.224842E+03	-1.685595E+01	8.430129E-02	9.062838E-02
8.225042E+03	-1.685606E+01	8.419305E-02	9.063029E-02
8.225242E+03	-1.685617E+01	8.375817E-02	9.063221E-02
8.225442E+03	-1.685625E+01	8.366923E-02	9.063413E-02
8.225642E+03	-1.685625E+01	8.359621E-02	9.063604E-02
8.225842E+03	-1.685640E+01	8.357968E-02	9.063796E-02
8.226042E+03	-1.685655E+01	8.349391E-02	9.063988E-02
8.226242E+03	-1.685647E+01	8.340607E-02	9.064179E-02
8.226442E+03	-1.685682E+01	8.352261E-02	9.064371E-02
8.226642E+03	-1.685689E+01	8.360669E-02	9.064563E-02
8.226842E+03	-1.685647E+01	8.343299E-02	9.064754E-02
8.227042E+03	-1.685623E+01	8.323113E-02	9.064946E-02
8.227242E+03	-1.685665E+01	8.346609E-02	9.065137E-02
8.227442E+03	-1.685727E+01	8.351135E-02	9.065329E-02
8.227642E+03	-1.685750E+01	8.327446E-02	9.065521E-02
8.227842E+03	-1.685769E+01	8.325359E-02	9.065712E-02
8.228042E+03	-1.685811E+01	8.266339E-02	9.065904E-02
8.228242E+03	-1.685850E+01	8.184840E-02	9.066095E-02
8.228442E+03	-1.685888E+01	8.191740E-02	9.066287E-02
8.228642E+03	-1.685896E+01	8.188172E-02	9.066479E-02
8.228842E+03	-1.685880E+01	8.176365E-02	9.066670E-02
8.229042E+03	-1.685891E+01	8.175455E-02	9.066862E-02
8.229243E+03	-1.685899E+01	8.190835E-02	9.067054E-02
8.229443E+03	-1.685903E+01	8.233338E-02	9.067246E-02
8.229643E+03	-1.685941E+01	8.262745E-02	9.067437E-02
8.229843E+03	-1.685987E+01	8.290971E-02	9.067629E-02
8.230043E+03	-1.685995E+01	8.311057E-02	9.067820E-02
8.230243E+03	-1.685979E+01	8.296466E-02	9.068012E-02
8.230443E+03	-1.685998E+01	8.283499E-02	9.068204E-02
8.230643E+03	-1.686033E+01	8.267657E-02	9.068395E-02
8.230843E+03	-1.686060E+01	8.274383E-02	9.068587E-02
8.231043E+03	-1.686068E+01	8.258002E-02	9.068778E-02
8.231243E+03	-1.686067E+01	8.243247E-02	9.068970E-02
8.231443E+03	-1.686063E+01	8.242122E-02	9.069161E-02
8.231643E+03	-1.686063E+01	8.318219E-02	9.069353E-02
8.231843E+03	-1.686094E+01	8.399157E-02	9.069544E-02
8.232043E+03	-1.686144E+01	8.474285E-02	9.069736E-02
8.232243E+03	-1.686152E+01	8.549723E-02	9.069927E-02
8.232443E+03	-1.686152E+01	8.617417E-02	9.070119E-02
8.232643E+03	-1.686167E+01	8.701457E-02	9.070310E-02
8.232843E+03	-1.686171E+01	8.773854E-02	9.070502E-02
8.233043E+03	-1.686186E+01	8.859156E-02	9.070693E-02
8.233243E+03	-1.686209E+01	8.949240E-02	9.070885E-02
8.233443E+03	-1.686252E+01	9.045429E-02	9.071076E-02
8.233643E+03	-1.686268E+01	9.127869E-02	9.071268E-02
8.233843E+03	-1.686260E+01	9.172253E-02	9.071459E-02
8.234044E+03	-1.686259E+01	9.167962E-02	9.071651E-02
8.234244E+03	-1.686279E+01	9.158814E-02	9.071843E-02
8.234444E+03	-1.686302E+01	9.167658E-02	9.072034E-02
8.234644E+03	-1.686290E+01	9.220220E-02	9.072226E-02
8.234844E+03	-1.686274E+01	9.368291E-02	9.072417E-02
8.235044E+03	-1.686290E+01	9.360340E-02	9.072609E-02
8.235244E+03	-1.686321E+01	9.379964E-02	9.072800E-02
8.235444E+03	-1.686360E+01	9.382543E-02	9.072991E-02
8.235644E+03	-1.686383E+01	9.380573E-02	9.073183E-02
8.235844E+03	-1.686355E+01	9.373490E-02	9.073374E-02
8.236044E+03	-1.686339E+01	9.426777E-02	9.073566E-02
8.236244E+03	-1.686351E+01	9.450429E-02	9.073757E-02
8.236443E+03	-1.686319E+01	9.433084E-02	9.073948E-02
8.236644E+03	-1.686300E+01	9.425330E-02	9.074140E-02
8.236844E+03	-1.686315E+01	9.497067E-02	9.074331E-02
8.237043E+03	-1.686292E+01	9.454863E-02	9.074522E-02
8.237244E+03	-1.686287E+01	9.312723E-02	9.074714E-02
8.237443E+03	-1.686326E+01	9.397278E-02	9.074904E-02
8.237643E+03	-1.686342E+01	9.443257E-02	9.075096E-02
8.237843E+03	-1.686353E+01	9.462616E-02	9.075287E-02
8.238043E+03	-1.686408E+01	9.491777E-02	9.075479E-02
8.238243E+03	-1.686459E+01	9.533867E-02	9.075670E-02
8.238443E+03	-1.686478E+01	9.531897E-02	9.075861E-02
8.238643E+03	-1.686490E+01	9.544283E-02	9.076053E-02
8.238843E+03	-1.686489E+01	9.581536E-02	9.076244E-02
8.239044E+03	-1.686509E+01	9.578802E-02	9.076436E-02
8.239244E+03	-1.686509E+01	9.573702E-02	9.076628E-02
8.239444E+03	-1.686504E+01	9.532825E-02	9.076819E-02
8.239644E+03	-1.686508E+01	9.479938E-02	9.077010E-02
8.239844E+03	-1.686536E+01	9.445895E-02	9.077202E-02
8.240044E+03	-1.686555E+01	9.412856E-02	9.077393E-02
8.240244E+03	-1.686539E+01	9.378829E-02	9.077584E-02
8.240444E+03	-1.686515E+01	9.374922E-02	9.077775E-02
8.240644E+03	-1.686527E+01	9.377464E-02	9.077967E-02
8.240844E+03	-1.686554E+01	9.388113E-02	9.078158E-02
8.241044E+03	-1.686558E+01	9.397996E-02	9.078349E-02
8.241244E+03	-1.686534E+01	9.407031E-02	9.078541E-02
8.241444E+03	-1.686569E+01	9.413119E-02	9.078732E-02
8.241644E+03	-1.686605E+01	9.420396E-02	9.078923E-02
8.241844E+03	-1.686596E+01	9.418690E-02	9.079115E-02
8.242044E+03	-1.686577E+01	9.424253E-02	9.079306E-02
8.242244E+03	-1.686557E+01	9.424312E-02	9.079497E-02
8.242444E+03	-1.686537E+01	9.400815E-02	9.079688E-02
8.242644E+03	-1.686505E+01	9.400690E-02	9.079880E-02
8.242844E+03	-1.686505E+01	9.365774E-02	9.080071E-02
8.243044E+03	-1.686552E+01	9.351588E-02	9.080262E-02
8.243244E+03	-1.686611E+01	9.370976E-02	9.080453E-02
8.243444E+03	-1.686630E+01	9.375614E-02	9.080645E-02
8.243644E+03	-1.686654E+01	9.392917E-02	9.080836E-02
8.243845E+03	-1.686713E+01	9.381265E-02	9.081028E-02
8.244045E+03	-1.686764E+01	9.364327E-02	9.081219E-02
8.244245E+03	-1.686799E+01	9.366462E-02	9.081410E-02
8.244445E+03	-1.686842E+01	9.376238E-02	9.081602E-02
8.244645E+03	-1.686882E+01	9.363807E-02	9.081793E-02
8.244845E+03	-1.686909E+01	9.334144E-02	9.081984E-02
8.245045E+03	-1.686913E+01	9.340539E-02	9.082175E-02
8.245245E+03	-1.686905E+01	9.345171E-02	9.082366E-02
8.245445E+03	-1.686913E+01	9.309648E-02	9.082558E-02
8.245645E+03	-1.686936E+01	9.304839E-02	9.082749E-02
8.245845E+03	-1.686972E+01	9.315658E-02	9.082940E-02
8.246045E+03	-1.686995E+01	9.312036E-02	9.083131E-02
8.246245E+03	-1.687007E+01	9.296331E-02	9.083322E-02
8.246445E+03	-1.687015E+01	9.317482E-02	9.083513E-02
8.246645E+03	-1.687003E+01	9.314928E-02	9.083705E-02
8.246845E+03	-1.686971E+01	9.304554E-02	9.083896E-02
8.247045E+03	-1.686947E+01	9.226528E-02	9.084087E-02
8.247245E+03	-1.686919E+01	9.197663E-02	9.084278E-02
8.247445E+03	-1.686883E+01	9.198827E-02	9.084469E-02
8.247645E+03	-1.686859E+01	9.181141E-02	9.084660E-02
8.247845E+03	-1.686827E+01	9.180385E-02	9.084852E-02
8.248045E+03	-1.686811E+01	9.177439E-02	9.085043E-02
8.248245E+03	-1.686823E+01	9.178759E-02	9.085234E-02
8.248445E+03	-1.686846E+01	9.174283E-02	9.085425E-02
8.248645E+03	-1.686866E+01	9.173714E-02	9.085616E-02
8.248846E+03	-1.686897E+01	9.181197E-02	9.085808E-02
8.249046E+03	-1.686937E+01	9.195123E-02	9.085999E-02
8.249246E+03	-1.686964E+01	9.208931E-02	9.086190E-02
8.249445E+03	-1.686996E+01	9.215662E-02	9.086380E-02
8.249646E+03	-1.687008E+01	9.218586E-02	9.086572E-02
8.249845E+03	-1.687000E+01	9.184358E-02	9.086763E-02
8.250046E+03	-1.687015E+01	9.216698E-02	9.086955E-02
8.250245E+03	-1.687047E+01	9.233376E-02	9.087145E-02
8.250445E+03	-1.687055E+01	9.231887E-02	9.087336E-02
8.250645E+03	-1.687078E+01	9.275525E-02	9.087527E-02
8.250845E+03	-1.687106E+01	9.317280E-02	9.087718E-02
8.251045E+03	-1.687126E+01	9.319161E-02	9.087909E-02
8.251245E+03	-1.687114E+01	9.316997E-02	9.088100E-02
8.251445E+03	-1.687097E+01	9.302048E-02	9.088291E-02
8.251645E+03	-1.687061E+01	9.285643E-02	9.088482E-02
8.251845E+03	-1.687029E+01	9.302282E-02	9.088673E-02
8.252045E+03	-1.687017E+01	9.342612E-02	9.088864E-02
8.252245E+03	-1.686981E+01	9.346039E-02	9.089055E-02
8.252445E+03	-1.686946E+01	9.329641E-02	9.089246E-02
8.252645E+03	-1.686926E+01	9.332121E-02	9.089437E-02
8.252845E+03	-1.686949E+01	9.337629E-02	9.089628E-02
8.253045E+03	-1.686977E+01	9.347169E-02	9.089819E-02
8.253245E+03	-1.686969E+01	9.331184E-02	9.090010E-02
8.253445E+03	-1.686945E+01	9.329245E-02	9.090201E-02
8.253646E+03	-1.686944E+01	9.325677E-02	9.090393E-02
8.253846E+03	-1.686972E+01	9.356232E-02	9.090584E-02
8.254046E+03	-1.686996E+01	9.323262E-02	9.090775E-02
8.254246E+03	-1.686976E+01	9.329318E-02	9.090966E-02
8.254446E+03	-1.686928E+01	9.318707E-02	9.091157E-02
8.254646E+03	-1.686908E+01	9.339411E-02	9.091348E-02
8.254846E+03	-1.686912E+01	9.310950E-02	9.091539E-02
8.255046E+03	-1.686884E+01	9.294717E-02	9.091730E-02
8.255246E+03	-1.686879E+01	9.294266E-02	9.091921E-02
8.255446E+03	-1.686891E+01	9.468641E-02	9.092112E-02
8.255646E+03	-1.686891E+01	9.505859E-02	9.092303E-02
8.255846E+03	-1.686895E+01	9.603341E-02	9.092494E-02
8.256046E+03	-1.686867E+01	9.800612E-02	9.092685E-02
8.256246E+03	-1.686867E+01	9.855616E-02	9.092876E-02
8.256446E+03	-1.686902E+01	9.914001E-02	9.093067E-02
8.256646E+03	-1.686914E+01	9.936918E-02	9.093258E-02
8.256846E+03	-1.686890E+01	9.913665E-02	9.093449E-02
8.257046E+03	-1.686866E+01	9.821980E-02	9.093640E-02
8.257246E+03	-1.686862E+01	9.964716E-02	9.093831E-02
8.257446E+03	-1.686862E+01	9.931479E-02	9.094022E-02
8.257646E+03	-1.686861E+01	1.009806E-01	9.094212E-02
8.257846E+03	-1.686877E+01	1.019040E-01	9.094403E-02
8.258046E+03	-1.686901E+01	1.026212E-01	9.094594E-02
8.258246E+03	-1.686928E+01	1.030117E-01	9.094785E-02
8.258446E+03	-1.686944E+01	1.028669E-01	9.094976E-02
8.258647E+03	-1.686952E+01	1.028659E-01	9.095168E-02
8.258847E+03	-1.686963E+01	1.026125E-01	9.095359E-02
8.259047E+03	-1.686971E+01	1.017466E-01	9.095550E-02
8.259247E+03	-1.686955E+01	1.017174E-01	9.095740E-02
8.259447E+03	-1.686939E+01	1.015811E-01	9.095931E-02
8.259647E+03	-1.686935E+01	1.015322E-01	9.096122E-02
8.259847E+03	-1.686931E+01	1.014992E-01	9.096313E-02
8.260047E+03	-1.686946E+01	1.018336E-01	9.096504E-02
8.260247E+03	-1.686934E+01	1.021862E-01	9.096695E-02
8.260447E+03	-1.686886E+01	1.017933E-01	9.096886E-02
8.260647E+03	-1.686862E+01	1.021730E-01	9.097076E-02
8.260847E+03	-1.686882E+01	1.023383E-01	9.097267E-02
8.261047E+03	-1.686894E+01	1.029088E-01	9.097458E-02
8.261247E+03	-1.686917E+01	1.030484E-01	9.097649E-02
8.261447E+03	-1.686941E+01	1.043615E-01	9.097840E-02
8.261647E+03	-1.686941E+01	1.056182E-01	9.098031E-02
8.261846E+03	-1.686964E+01	1.057633E-01	9.098220E-02
8.262047E+03	-1.687008E+01	1.059809E-01	9.098412E-02
8.262246E+03	-1.687031E+01	1.059556E-01	9.098602E-02
8.262447E+03	-1.687055E+01	1.062443E-01	9.098794E-02
8.262647E+03	-1.687075E+01	1.071281E-01	9.098985E-02
8.262846E+03	-1.687130E+01	1.083526E-01	9.099174E-02
8.263046E+03	-1.687206E+01	1.106358E-01	9.099365E-02
8.263246E+03	-1.687234E+01	1.108227E-01	9.099556E-02
8.263447E+03	-1.687225E+01	1.141983E-01	9.099748E-02
8.263647E+03	-1.687285E+01	1.173171E-01	9.099938E-02
8.263847E+03	-1.687293E+01	1.199326E-01	9.100129E-02
8.264047E+03	-1.687301E+01	1.223732E-01	9.100320E-02
8.264247E+03	-1.687337E+01	1.246871E-01	9.100511E-02
8.264447E+03	-1.687336E+01	1.264475E-01	9.100701E-02
8.264647E+03	-1.687308E+01	1.281293E-01	9.100892E-02
8.264847E+03	-1.687352E+01	1.289155E-01	9.101083E-02
8.265047E+03	-1.687396E+01	1.297515E-01	9.101274E-02
8.265247E+03	-1.687420E+01	1.303004E-01	9.101464E-02
8.265447E+03	-1.687399E+01	1.303805E-01	9.101655E-02
8.265647E+03	-1.687367E+01	1.304605E-01	9.101846E-02
8.265847E+03	-1.687375E+01	1.306928E-01	9.102037E-02
8.266047E+03	-1.687355E+01	1.309048E-01	9.102227E-02
8.266247E+03	-1.687363E+01	1.312252E-01	9.102418E-02
8.266447E+03	-1.687366E+01	1.312012E-01	9.102609E-02
8.266647E+03	-1.687334E+01	1.306684E-01	9.102799E-02
8.266847E+03	-1.687306E+01	1.308441E-01	9.102990E-02
8.267047E+03	-1.687282E+01	1.307319E-01	9.103181E-02
8.267247E+03	-1.687254E+01	1.307516E-01	9.103372E-02
8.267447E+03	-1.687254E+01	1.308195E-01	9.103562E-02
8.267647E+03	-1.687265E+01	1.311512E-01	9.103753E-02
8.267847E+03	-1.687277E+01	1.315350E-01	9.103944E-02
8.268047E+03	-1.687273E+01	1.315029E-01	9.104134E-02
8.268247E+03	-1.687241E+01	1.313783E-01	9.104325E-02
8.268448E+03	-1.687249E+01	1.313306E-01	9.104516E-02
8.268648E+03	-1.687276E+01	1.314631E-01	9.104707E-02
8.268848E+03	-1.687272E+01	1.314150E-01	9.104898E-02
8.269048E+03	-1.687240E+01	1.314541E-01	9.105088E-02
8.269248E+03	-1.687196E+01	1.315128E-01	9.105279E-02
8.269448E+03	-1.687180E+01	1.316240E-01	9.105470E-02
8.269648E+03	-1.687160E+01	1.315118E-01	9.105660E-02
8.269848E+03	-1.687120E+01	1.324463E-01	9.105851E-02
8.270048E+03	-1.687096E+01	1.348486E-01	9.106042E-02
8.270248E+03	-1.687064E+01	1.348611E-01	9.106232E-02
8.270448E+03	-1.687051E+01	1.342636E-01	9.106423E-02
8.270648E+03	-1.687067E+01	1.340145E-01	9.106613E-02
8.270848E+03	-1.687087E+01	1.346528E-01	9.106804E-02
8.271048E+03	-1.687087E+01	1.348955E-01	9.106995E-02
8.271248E+03	-1.687071E+01	1.346512E-01	9.107185E-02
8.271448E+03	-1.687066E+01	1.350922E-01	9.107376E-02
8.271648E+03	-1.687058E+01	1.346062E-01	9.107566E-02
8.271848E+03	-1.687046E+01	1.360956E-01	9.107757E-02
8.272048E+03	-1.687002E+01	1.362685E-01	9.107948E-02
8.272248E+03	-1.686970E+01	1.374624E-01	9.108138E-02
8.272448E+03	-1.686978E+01	1.387814E-01	9.108329E-02
8.272648E+03	-1.686978E+01	1.397616E-01	9.108519E-02
8.272848E+03	-1.686978E+01	1.406943E-01	9.108710E-02
8.273048E+03	-1.687001E+01	1.415378E-01	9.108900E-02
8.273248E+03	-1.687045E+01	1.422766E-01	9.109091E-02
8.273449E+03	-1.687061E+01	1.428138E-01	9.109282E-02
8.273649E+03	-1.687025E+01	1.426445E-01	9.109473E-02
8.273849E+03	-1.686993E+01	1.424926E-01	9.109663E-02
8.274049E+03	-1.686992E+01	1.425164E-01	9.109854E-02
8.274249E+03	-1.686996E+01	1.425612E-01	9.110045E-02
8.274449E+03	-1.686964E+01	1.424808E-01	9.110235E-02
8.274648E+03	-1.686905E+01	1.424403E-01	9.110425E-02
8.274849E+03	-1.686881E+01	1.423426E-01	9.110616E-02
8.275049E+03	-1.686880E+01	1.422476E-01	9.110807E-02
8.275248E+03	-1.686884E+01	1.422130E-01	9.110996E-02
8.275449E+03	-1.686884E+01	1.421932E-01	9.111188E-02
8.275648E+03	-1.686904E+01	1.422621E-01	9.111377E-02
8.275848E+03	-1.686931E+01	1.423292E-01	9.111568E-02
8.276048E+03	-1.686931E+01	1.431102E-01	9.111758E-02
8.276248E+03	-1.686899E+01	1.432871E-01	9.111949E-02
8.276448E+03	-1.686859E+01	1.432396E-01	9.112139E-02
8.276648E+03	-1.686827E+01	1.438432E-01	9.112330E-02
8.276848E+03	-1.686823E+01	1.437708E-01	9.112520E-02
8.277048E+03	-1.686803E+01	1.440058E-01	9.112710E-02
8.277248E+03	-1.686772E+01	1.436759E-01	9.112901E-02
8.277448E+03	-1.686779E+01	1.435598E-01	9.113091E-02
8.277648E+03	-1.686771E+01	1.434230E-01	9.113282E-02
8.277848E+03	-1.686731E+01	1.433124E-01	9.113472E-02
8.278048E+03	-1.686696E+01	1.431835E-01	9.113663E-02
8.278249E+03	-1.686684E+01	1.431011E-01	9.113854E-02
8.278449E+03	-1.686691E+01	1.434110E-01	9.114045E-02
8.278649E+03	-1.686687E+01	1.438987E-01	9.114235E-02
8.278849E+03	-1.686660E+01	1.438034E-01	9.114425E-02
8.279049E+03	-1.686644E+01	1.436764E-01	9.114616E-02
8.279249E+03	-1.686667E+01	1.437349E-01	9.114806E-02
8.279449E+03	-1.686651E+01	1.434937E-01	9.114997E-02
8.279649E+03	-1.686619E+01	1.429645E-01	9.115187E-02
8.279849E+03	-1.686647E+01	1.429370E-01	9.115377E-02
8.280049E+03	-1.686647E+01	1.424447E-01	9.115568E-02
8.280249E+03	-1.686615E+01	1.418415E-01	9.115758E-02
8.280449E+03	-1.686587E+01	1.412716E-01	9.115949E-02
8.280649E+03	-1.686571E+01	1.406660E-01	9.116139E-02
8.280849E+03	-1.686559E+01	1.400616E-01	9.116329E-02
8.281049E+03	-1.686512E+01	1.395876E-01	9.116520E-02
8.281249E+03	-1.686488E+01	1.390488E-01	9.116710E-02
8.281449E+03	-1.686500E+01	1.385604E-01	9.116900E-02
8.281649E+03	-1.686488E+01	1.378517E-01	9.117091E-02
8.281849E+03	-1.686456E+01	1.376737E-01	9.117281E-02
8.282249E+03	-1.686428E+01	1.383863E-01	9.117662E-02
8.282449E+03	-1.686409E+01	1.383121E-01	9.117852E-02
8.282649E+03	-1.686397E+01	1.381024E-01	9.118042E-02
8.283049E+03	-1.686385E+01	1.372584E-01	9.118423E-02
8.283250E+03	-1.686357E+01	1.373831E-01	9.118614E-02
8.283450E+03	-1.686345E+01	1.373694E-01	9.118805E-02
8.283650E+03	-1.686345E+01	1.374633E-01	9.118995E-02
8.283850E+03	-1.686376E+01	1.376486E-01	9.119185E-02
8.284050E+03	-1.686387E+01	1.376193E-01	9.119376E-02
8.284250E+03	-1.686356E+01	1.369292E-01	9.119566E-02
8.284450E+03	-1.686340E+01	1.366921E-01	9.119756E-02
8.284650E+03	-1.686352E+01	1.367134E-01	9.119946E-02
8.284850E+03	-1.686367E+01	1.366765E-01	9.120137E-02
8.285050E+03	-1.686394E+01	1.361557E-01	9.120327E-02
8.285250E+03	-1.686429E+01	1.360703E-01	9.120517E-02
8.285450E+03	-1.686465E+01	1.361849E-01	9.120708E-02
8.285650E+03	-1.686496E+01	1.358476E-01	9.120898E-02
8.285850E+03	-1.686507E+01	1.356566E-01	9.121088E-02
8.286050E+03	-1.686507E+01	1.358059E-01	9.121278E-02
8.286250E+03	-1.686495E+01	1.356984E-01	9.121469E-02
8.286450E+03	-1.686538E+01	1.355898E-01	9.121659E-02
8.286650E+03	-1.686558E+01	1.356354E-01	9.121849E-02
8.286850E+03	-1.686546E+01	1.357126E-01	9.122039E-02
8.287050E+03	-1.686549E+01	1.355519E-01	9.122230E-02
8.287249E+03	-1.686553E+01	1.357214E-01	9.122419E-02
8.287450E+03	-1.686549E+01	1.360236E-01	9.122610E-02
8.287649E+03	-1.686553E+01	1.363819E-01	9.122799E-02
8.287850E+03	-1.686537E+01	1.364858E-01	9.122990E-02
8.288050E+03	-1.686501E+01	1.363630E-01	9.123181E-02
8.288251E+03	-1.686478E+01	1.363008E-01	9.123372E-02
8.288451E+03	-1.686473E+01	1.365200E-01	9.123562E-02
8.288650E+03	-1.686454E+01	1.372703E-01	9.123751E-02
8.288850E+03	-1.686446E+01	1.374848E-01	9.123941E-02
8.290250E+03	-1.686480E+01	1.374906E-01	9.125273E-02
8.290450E+03	-1.686499E+01	1.374899E-01	9.125463E-02
8.290650E+03	-1.686499E+01	1.375960E-01	9.125653E-02
8.290850E+03	-1.686506E+01	1.377858E-01	9.125843E-02
8.291050E+03	-1.686498E+01	1.383381E-01	9.126033E-02
8.291250E+03	-1.686471E+01	1.383055E-01	9.126223E-02
8.291450E+03	-1.686482E+01	1.383430E-01	9.126413E-02
8.291650E+03	-1.686486E+01	1.388070E-01	9.126604E-02
8.291850E+03	-1.686451E+01	1.391649E-01	9.126794E-02
8.292050E+03	-1.686419E+01	1.390761E-01	9.126984E-02
8.292250E+03	-1.686399E+01	1.390643E-01	9.127174E-02
8.292450E+03	-1.686391E+01	1.390549E-01	9.127364E-02
8.292650E+03	-1.686407E+01	1.391561E-01	9.127554E-02
8.292850E+03	-1.686418E+01	1.391781E-01	9.127744E-02
8.293051E+03	-1.686414E+01	1.391851E-01	9.127935E-02
8.293251E+03	-1.686410E+01	1.392117E-01	9.128125E-02
8.293451E+03	-1.686406E+01	1.391600E-01	9.128315E-02
8.293651E+03	-1.686374E+01	1.390439E-01	9.128506E-02
8.293851E+03	-1.686355E+01	1.389617E-01	9.128696E-02
8.294051E+03	-1.686347E+01	1.387214E-01	9.128886E-02
8.294251E+03	-1.686327E+01	1.386746E-01	9.129076E-02
8.294451E+03	-1.686338E+01	1.388177E-01	9.129266E-02
8.294651E+03	-1.686373E+01	1.392319E-01	9.129456E-02
8.294851E+03	-1.686420E+01	1.393788E-01	9.129646E-02
8.295051E+03	-1.686448E+01	1.394590E-01	9.129836E-02
8.295251E+03	-1.686475E+01	1.399476E-01	9.130026E-02
8.295451E+03	-1.686514E+01	1.404592E-01	9.130216E-02
8.295651E+03	-1.686522E+01	1.405593E-01	9.130406E-02
8.295851E+03	-1.686525E+01	1.403952E-01	9.130596E-02
8.296051E+03	-1.686517E+01	1.404012E-01	9.130786E-02
8.296251E+03	-1.686454E+01	1.402336E-01	9.130976E-02
8.296451E+03	-1.686399E+01	1.399859E-01	9.131166E-02
8.296851E+03	-1.686391E+01	1.400155E-01	9.131546E-02
8.297051E+03	-1.686422E+01	1.400265E-01	9.131736E-02
8.297251E+03	-1.686418E+01	1.399942E-01	9.131926E-02
8.297451E+03	-1.686383E+01	1.398649E-01	9.132116E-02
8.297651E+03	-1.686359E+01	1.397932E-01	9.132306E-02
8.297852E+03	-1.686363E+01	1.398293E-01	9.132497E-02
8.298052E+03	-1.686347E+01	1.397397E-01	9.132687E-02
8.298252E+03	-1.686323E+01	1.397737E-01	9.132877E-02
8.298452E+03	-1.686307E+01	1.398212E-01	9.133067E-02
8.298652E+03	-1.686295E+01	1.397756E-01	9.133257E-02
8.298852E+03	-1.686307E+01	1.397703E-01	9.133447E-02
8.299052E+03	-1.686350E+01	1.399637E-01	9.133637E-02
8.300852E+03	-1.686399E+01	1.405863E-01	9.135346E-02
8.301051E+03	-1.686375E+01	1.408471E-01	9.135535E-02
8.301251E+03	-1.686367E+01	1.405789E-01	9.135725E-02
8.301451E+03	-1.686402E+01	1.406539E-01	9.135915E-02
8.301651E+03	-1.686402E+01	1.406735E-01	9.136105E-02
8.301851E+03	-1.686382E+01	1.407080E-01	9.136295E-02
8.302051E+03	-1.686366E+01	1.404928E-01	9.136485E-02
8.302251E+03	-1.686382E+01	1.417460E-01	9.136675E-02
8.302451E+03	-1.686413E+01	1.424207E-01	9.136864E-02
8.302651E+03	-1.686444E+01	1.425589E-01	9.137054E-02
8.302852E+03	-1.686460E+01	1.426379E-01	9.137245E-02
8.303052E+03	-1.686432E+01	1.424144E-01	9.137435E-02
8.303252E+03	-1.686404E+01	1.418188E-01	9.137625E-02
8.303452E+03	-1.686428E+01	1.421545E-01	9.137815E-02
8.303652E+03	-1.686463E+01	1.422897E-01	9.138005E-02
8.303852E+03	-1.686471E+01	1.422723E-01	9.138194E-02
8.304052E+03	-1.686486E+01	1.423512E-01	9.138384E-02
8.304252E+03	-1.686478E+01	1.423176E-01	9.138574E-02
8.304452E+03	-1.686446E+01	1.421795E-01	9.138764E-02
8.304652E+03	-1.686442E+01	1.421313E-01	9.138954E-02
8.304852E+03	-1.686458E+01	1.421552E-01	9.139144E-02
8.305052E+03	-1.686477E+01	1.418072E-01	9.139333E-02
8.305252E+03	-1.686473E+01	1.417512E-01	9.139523E-02
8.305452E+03	-1.686477E+01	1.416855E-01	9.139713E-02
8.305652E+03	-1.686500E+01	1.418017E-01	9.139903E-02
8.305852E+03	-1.686504E+01	1.419481E-01	9.140093E-02
8.306052E+03	-1.686480E+01	1.417847E-01	9.140282E-02
8.306252E+03	-1.686468E+01	1.418758E-01	9.140472E-02
8.306452E+03	-1.686468E+01	1.418719E-01	9.140662E-02
8.306652E+03	-1.686464E+01	1.406816E-01	9.140852E-02
8.306852E+03	-1.686476E+01	1.401112E-01	9.141042E-02
8.307052E+03	-1.686499E+01	1.394762E-01	9.141231E-02
8.307252E+03	-1.686514E+01	1.374873E-01	9.141421E-02
8.307452E+03	-1.686526E+01	1.370844E-01	9.141611E-02
8.307653E+03	-1.686526E+01	1.366638E-01	9.141802E-02
8.307853E+03	-1.686541E+01	1.365049E-01	9.141991E-02
8.308053E+03	-1.686526E+01	1.363926E-01	9.142181E-02
8.308253E+03	-1.686494E+01	1.362704E-01	9.142371E-02
8.308453E+03	-1.686470E+01	1.352818E-01	9.142561E-02
8.308653E+03	-1.686466E+01	1.349555E-01	9.142750E-02
8.308853E+03	-1.686474E+01	1.335666E-01	9.142940E-02
8.309053E+03	-1.686497E+01	1.329438E-01	9.143130E-02
8.309253E+03	-1.686509E+01	1.323708E-01	9.143319E-02
8.309453E+03	-1.686501E+01	1.319815E-01	9.143509E-02
8.309653E+03	-1.686477E+01	1.317018E-01	9.143699E-02
8.309853E+03	-1.686481E+01	1.315999E-01	9.143889E-02
8.310053E+03	-1.686480E+01	1.315802E-01	9.144078E-02
8.310253E+03	-1.686468E+01	1.315956E-01	9.144268E-02
8.310453E+03	-1.686488E+01	1.316669E-01	9.144458E-02
8.310653E+03	-1.686523E+01	1.318763E-01	9.144647E-02
8.310853E+03	-1.686527E+01	1.321280E-01	9.144837E-02
8.311453E+03	-1.686511E+01	1.321785E-01	9.145406E-02
8.311653E+03	-1.686522E+01	1.321161E-01	9.145596E-02
8.311853E+03	-1.686549E+01	1.319717E-01	9.145785E-02
8.312053E+03	-1.686537E+01	1.318887E-01	9.145975E-02
8.312253E+03	-1.686541E+01	1.320107E-01	9.146165E-02
8.312654E+03	-1.686568E+01	1.323896E-01	9.146545E-02
8.312853E+03	-1.686572E+01	1.321104E-01	9.146734E-02
8.313053E+03	-1.686607E+01	1.322576E-01	9.146923E-02
8.313254E+03	-1.686650E+01	1.316445E-01	9.147114E-02
8.313453E+03	-1.686654E+01	1.307851E-01	9.147303E-02
8.313654E+03	-1.686666E+01	1.307695E-01	9.147493E-02
8.313853E+03	-1.686685E+01	1.306947E-01	9.147682E-02
8.314053E+03	-1.686669E+01	1.307380E-01	9.147871E-02
8.314253E+03	-1.686610E+01	1.305286E-01	9.148061E-02
8.314453E+03	-1.686571E+01	1.296666E-01	9.148251E-02
8.314653E+03	-1.686574E+01	1.285764E-01	9.148440E-02
8.314853E+03	-1.686574E+01	1.266007E-01	9.148630E-02
8.315053E+03	-1.686574E+01	1.264196E-01	9.148819E-02
8.315253E+03	-1.686601E+01	1.240976E-01	9.149009E-02
8.315453E+03	-1.686664E+01	1.219195E-01	9.149199E-02
8.315653E+03	-1.686707E+01	1.196807E-01	9.149388E-02
8.315853E+03	-1.686727E+01	1.175154E-01	9.149578E-02
8.316053E+03	-1.686822E+01	1.157221E-01	9.149767E-02
8.316253E+03	-1.686901E+01	1.139230E-01	9.149957E-02
8.316453E+03	-1.686881E+01	1.120438E-01	9.150146E-02
8.316653E+03	-1.686884E+01	1.111740E-01	9.150336E-02
8.316853E+03	-1.686920E+01	1.105553E-01	9.150526E-02
8.317053E+03	-1.686983E+01	1.100615E-01	9.150715E-02
8.317253E+03	-1.686991E+01	1.097240E-01	9.150905E-02
8.317454E+03	-1.686987E+01	1.092094E-01	9.151095E-02
8.317654E+03	-1.686991E+01	1.088101E-01	9.151285E-02
8.317854E+03	-1.687018E+01	1.086770E-01	9.151474E-02
8.318054E+03	-1.687046E+01	1.085756E-01	9.151664E-02
8.318254E+03	-1.687082E+01	1.084422E-01	9.151853E-02
8.318454E+03	-1.687117E+01	1.085637E-01	9.152043E-02
8.318654E+03	-1.687133E+01	1.084241E-01	9.152232E-02
8.318854E+03	-1.687117E+01	1.085796E-01	9.152422E-02
8.319054E+03	-1.687097E+01	1.088286E-01	9.152611E-02
8.319254E+03	-1.687109E+01	1.092092E-01	9.152801E-02
8.319454E+03	-1.687148E+01	1.091579E-01	9.152990E-02
8.319654E+03	-1.687172E+01	1.090106E-01	9.153180E-02
8.319854E+03	-1.687136E+01	1.091079E-01	9.153369E-02
8.320054E+03	-1.687084E+01	1.090694E-01	9.153559E-02
8.320254E+03	-1.687040E+01	1.086930E-01	9.153748E-02
8.320454E+03	-1.687040E+01	1.087208E-01	9.153938E-02
8.320654E+03	-1.687083E+01	1.087110E-01	9.154127E-02
8.320854E+03	-1.687111E+01	1.083664E-01	9.154317E-02
8.321054E+03	-1.687135E+01	1.082387E-01	9.154506E-02
8.321254E+03	-1.687174E+01	1.082384E-01	9.154695E-02
8.321454E+03	-1.687162E+01	1.082165E-01	9.154885E-02
8.321654E+03	-1.687150E+01	1.068266E-01	9.155074E-02
8.321854E+03	-1.687166E+01	1.037255E-01	9.155264E-02
8.322054E+03	-1.687182E+01	1.035042E-01	9.155453E-02
8.322254E+03	-1.687209E+01	1.035788E-01	9.155643E-02
8.322455E+03	-1.687229E+01	1.033667E-01	9.155833E-02
8.322655E+03	-1.687245E+01	1.025853E-01	9.156022E-02
8.322855E+03	-1.687249E+01	1.020910E-01	9.156212E-02
8.323055E+03	-1.687201E+01	1.018865E-01	9.156401E-02
8.323255E+03	-1.687169E+01	1.011292E-01	9.156591E-02
8.323455E+03	-1.687172E+01	1.011584E-01	9.156780E-02
8.323655E+03	-1.687188E+01	9.899982E-02	9.156969E-02
8.323855E+03	-1.687200E+01	9.880349E-02	9.157159E-02
8.324055E+03	-1.687200E+01	9.678277E-02	9.157348E-02
8.324255E+03	-1.687160E+01	9.488646E-02	9.157538E-02
8.324455E+03	-1.687104E+01	9.315077E-02	9.157727E-02
8.324655E+03	-1.687076E+01	9.168926E-02	9.157916E-02
8.324855E+03	-1.687075E+01	9.049461E-02	9.158106E-02
8.325055E+03	-1.687107E+01	8.980387E-02	9.158295E-02
8.325255E+03	-1.687139E+01	8.937533E-02	9.158484E-02
8.325455E+03	-1.687158E+01	8.969568E-02	9.158674E-02
8.325655E+03	-1.687162E+01	8.974781E-02	9.158863E-02
8.325854E+03	-1.687122E+01	8.965347E-02	9.159051E-02
8.326055E+03	-1.687086E+01	8.951175E-02	9.159242E-02
8.326254E+03	-1.687074E+01	8.940350E-02	9.159430E-02
8.326454E+03	-1.687066E+01	8.923979E-02	9.159619E-02
8.326655E+03	-1.687074E+01	8.922430E-02	9.159810E-02
8.326854E+03	-1.687058E+01	8.928314E-02	9.159998E-02
8.327054E+03	-1.687026E+01	8.926148E-02	9.160187E-02
8.327255E+03	-1.687021E+01	8.948399E-02	9.160378E-02
8.327455E+03	-1.687041E+01	8.970405E-02	9.160567E-02
8.327655E+03	-1.687053E+01	8.982425E-02	9.160756E-02
8.327855E+03	-1.687049E+01	8.864590E-02	9.160946E-02
8.328055E+03	-1.686969E+01	8.811427E-02	9.161135E-02
8.328255E+03	-1.686913E+01	8.792618E-02	9.161324E-02
8.328455E+03	-1.686941E+01	8.678346E-02	9.161513E-02
8.328655E+03	-1.686972E+01	8.685492E-02	9.161703E-02
8.328855E+03	-1.686980E+01	8.619528E-02	9.161892E-02
8.329055E+03	-1.686988E+01	8.614746E-02	9.162081E-02
8.329255E+03	-1.686992E+01	8.606392E-02	9.162271E-02
8.329455E+03	-1.687003E+01	8.608358E-02	9.162460E-02
8.329655E+03	-1.687027E+01	8.580867E-02	9.162649E-02
8.329855E+03	-1.687079E+01	8.594283E-02	9.162838E-02
8.330055E+03	-1.687134E+01	8.613707E-02	9.163028E-02
8.330255E+03	-1.687146E+01	8.578583E-02	9.163217E-02
8.330455E+03	-1.687174E+01	8.525424E-02	9.163406E-02
8.330655E+03	-1.687142E+01	8.539503E-02	9.163595E-02
8.330855E+03	-1.687113E+01	8.521260E-02	9.163785E-02
8.331055E+03	-1.687093E+01	8.538867E-02	9.163974E-02
8.331255E+03	-1.687081E+01	8.495490E-02	9.164163E-02
8.331455E+03	-1.687081E+01	8.496685E-02	9.164352E-02
8.331655E+03	-1.687121E+01	8.473387E-02	9.164541E-02
8.331855E+03	-1.687128E+01	8.511630E-02	9.164731E-02
8.332055E+03	-1.687088E+01	8.504618E-02	9.164920E-02
8.332256E+03	-1.687060E+01	8.511901E-02	9.165110E-02
8.332456E+03	-1.687064E+01	8.512283E-02	9.165299E-02
8.332656E+03	-1.687076E+01	8.523786E-02	9.165488E-02
8.332856E+03	-1.687084E+01	8.515789E-02	9.165678E-02
8.333056E+03	-1.687080E+01	8.492303E-02	9.165867E-02
8.333256E+03	-1.687091E+01	8.466750E-02	9.166056E-02
8.333456E+03	-1.687107E+01	8.465474E-02	9.166245E-02
8.333656E+03	-1.687119E+01	8.427538E-02	9.166434E-02
8.333856E+03	-1.687155E+01	8.280484E-02	9.166623E-02
8.334056E+03	-1.687178E+01	8.286649E-02	9.166813E-02
8.334256E+03	-1.687182E+01	8.266249E-02	9.167002E-02
8.334456E+03	-1.687190E+01	8.245006E-02	9.167191E-02
8.334656E+03	-1.687194E+01	8.215011E-02	9.167380E-02
8.334856E+03	-1.687174E+01	8.196465E-02	9.167569E-02
8.335056E+03	-1.687129E+01	8.192971E-02	9.167758E-02
8.335256E+03	-1.687121E+01	8.192663E-02	9.167947E-02
8.335456E+03	-1.687145E+01	8.196780E-02	9.168137E-02
8.335656E+03	-1.687157E+01	8.200635E-02	9.168326E-02
8.335856E+03	-1.687157E+01	8.220987E-02	9.168515E-02
8.336056E+03	-1.687176E+01	8.223968E-02	9.168704E-02
8.336256E+03	-1.687208E+01	8.249597E-02	9.168893E-02
8.336456E+03	-1.687240E+01	8.339238E-02	9.169082E-02
8.336656E+03	-1.687232E+01	8.338502E-02	9.169271E-02
8.336856E+03	-1.687212E+01	8.349051E-02	9.169460E-02
8.337057E+03	-1.687211E+01	8.365833E-02	9.169650E-02
8.337257E+03	-1.687243E+01	8.426776E-02	9.169839E-02
8.337457E+03	-1.687307E+01	8.425593E-02	9.170028E-02
8.337657E+03	-1.687359E+01	8.439314E-02	9.170218E-02
8.337857E+03	-1.687351E+01	8.440161E-02	9.170407E-02
8.338057E+03	-1.687367E+01	8.435659E-02	9.170596E-02
8.338256E+03	-1.687431E+01	8.449345E-02	9.170784E-02
8.338457E+03	-1.687475E+01	8.464381E-02	9.170974E-02
8.338656E+03	-1.687470E+01	8.443498E-02	9.171162E-02
8.338856E+03	-1.687466E+01	8.507831E-02	9.171351E-02
8.339057E+03	-1.687486E+01	8.653720E-02	9.171541E-02
8.339256E+03	-1.687514E+01	8.703595E-02	9.171729E-02
8.339457E+03	-1.687534E+01	8.744263E-02	9.171919E-02
8.339656E+03	-1.687558E+01	8.951735E-02	9.172107E-02
8.339856E+03	-1.687566E+01	8.933655E-02	9.172296E-02
8.340056E+03	-1.687541E+01	8.807086E-02	9.172485E-02
8.340256E+03	-1.687549E+01	8.787375E-02	9.172674E-02
8.340456E+03	-1.687598E+01	8.797164E-02	9.172863E-02
8.340656E+03	-1.687617E+01	8.827065E-02	9.173052E-02
8.340856E+03	-1.687621E+01	8.890411E-02	9.173241E-02
8.341056E+03	-1.687653E+01	8.934565E-02	9.173430E-02
8.341256E+03	-1.687706E+01	8.870601E-02	9.173619E-02
8.341456E+03	-1.687762E+01	8.872866E-02	9.173808E-02
8.341656E+03	-1.687807E+01	8.913165E-02	9.173997E-02
8.341856E+03	-1.687839E+01	8.823735E-02	9.174186E-02
8.342057E+03	-1.687855E+01	8.740643E-02	9.174376E-02
8.342257E+03	-1.687851E+01	8.749154E-02	9.174565E-02
8.342457E+03	-1.687810E+01	8.732078E-02	9.174754E-02
8.342657E+03	-1.687789E+01	8.764860E-02	9.174943E-02
8.342857E+03	-1.687826E+01	8.753982E-02	9.175132E-02
8.343057E+03	-1.687817E+01	8.759238E-02	9.175321E-02
8.343257E+03	-1.687821E+01	8.740197E-02	9.175510E-02
8.343457E+03	-1.687837E+01	8.740622E-02	9.175699E-02
8.343857E+03	-1.687813E+01	8.752343E-02	9.176077E-02
8.344057E+03	-1.687788E+01	8.774984E-02	9.176266E-02
8.344257E+03	-1.687816E+01	8.784363E-02	9.176455E-02
8.344457E+03	-1.687889E+01	8.836486E-02	9.176643E-02
8.345057E+03	-1.687986E+01	8.862455E-02	9.177210E-02
8.345257E+03	-1.688022E+01	8.832066E-02	9.177399E-02
8.345457E+03	-1.688071E+01	8.781276E-02	9.177588E-02
8.345657E+03	-1.688148E+01	8.799415E-02	9.177777E-02
8.345857E+03	-1.688173E+01	8.806833E-02	9.177966E-02
8.346057E+03	-1.688209E+01	8.746004E-02	9.178155E-02
8.346257E+03	-1.688250E+01	8.682206E-02	9.178344E-02
8.346858E+03	-1.688270E+01	8.730118E-02	9.178911E-02
8.347058E+03	-1.688262E+01	8.740345E-02	9.179100E-02
8.347258E+03	-1.688253E+01	8.735832E-02	9.179289E-02
8.347458E+03	-1.688233E+01	8.732535E-02	9.179478E-02
8.347658E+03	-1.688208E+01	8.741097E-02	9.179667E-02
8.347858E+03	-1.688208E+01	8.751729E-02	9.179855E-02
8.348058E+03	-1.688257E+01	8.773502E-02	9.180044E-02
8.348258E+03	-1.688293E+01	8.789556E-02	9.180233E-02
8.348458E+03	-1.688264E+01	8.784984E-02	9.180422E-02
8.348658E+03	-1.688191E+01	8.792174E-02	9.180611E-02
8.348858E+03	-1.688158E+01	8.805574E-02	9.180800E-02
8.349058E+03	-1.688170E+01	8.857499E-02	9.180988E-02
8.349258E+03	-1.688202E+01	8.853130E-02	9.181177E-02
8.349458E+03	-1.688218E+01	8.841331E-02	9.181366E-02
8.349658E+03	-1.688210E+01	8.835576E-02	9.181555E-02
8.349858E+03	-1.688234E+01	8.850801E-02	9.181744E-02
8.350058E+03	-1.688263E+01	8.865651E-02	9.181932E-02
8.350258E+03	-1.688287E+01	8.869850E-02	9.182121E-02
8.350458E+03	-1.688328E+01	8.861002E-02	9.182310E-02
8.350658E+03	-1.688357E+01	8.873018E-02	9.182499E-02
8.350858E+03	-1.688352E+01	8.899262E-02	9.182688E-02
8.351058E+03	-1.688336E+01	8.892618E-02	9.182876E-02
8.351257E+03	-1.688315E+01	8.847423E-02	9.183064E-02
8.351458E+03	-1.688290E+01	8.882980E-02	9.183254E-02
8.351657E+03	-1.688290E+01	8.822746E-02	9.183442E-02
8.351859E+03	-1.688302E+01	8.769912E-02	9.183632E-02
8.352058E+03	-1.688290E+01	8.757186E-02	9.183820E-02
8.352258E+03	-1.688285E+01	8.746937E-02	9.184009E-02
8.352458E+03	-1.688289E+01	8.748991E-02	9.184198E-02
8.352658E+03	-1.688306E+01	8.724421E-02	9.184386E-02
8.352858E+03	-1.688338E+01	8.728962E-02	9.184575E-02
8.353058E+03	-1.688379E+01	8.735983E-02	9.184764E-02
8.353658E+03	-1.688419E+01	8.784117E-02	9.185330E-02
8.353858E+03	-1.688456E+01	8.866057E-02	9.185519E-02
8.354058E+03	-1.688506E+01	8.899207E-02	9.185707E-02
8.354258E+03	-1.688567E+01	8.908996E-02	9.185896E-02
8.354858E+03	-1.688633E+01	8.925443E-02	9.186462E-02
8.355058E+03	-1.688690E+01	8.953472E-02	9.186651E-02
8.355258E+03	-1.688719E+01	8.957789E-02	9.186839E-02
8.355458E+03	-1.688752E+01	8.971664E-02	9.187028E-02
8.355658E+03	-1.688789E+01	8.979371E-02	9.187217E-02
8.355858E+03	-1.688801E+01	9.033773E-02	9.187405E-02
8.356058E+03	-1.688785E+01	8.995093E-02	9.187594E-02
8.356258E+03	-1.688780E+01	8.983459E-02	9.187783E-02
8.356458E+03	-1.688763E+01	9.035960E-02	9.187971E-02
8.356659E+03	-1.688747E+01	9.131490E-02	9.188161E-02
8.356859E+03	-1.688767E+01	9.135846E-02	9.188350E-02
8.357059E+03	-1.688796E+01	9.186728E-02	9.188538E-02
8.357259E+03	-1.688796E+01	9.185484E-02	9.188727E-02
8.357459E+03	-1.688763E+01	9.153203E-02	9.188916E-02
8.357659E+03	-1.688704E+01	9.215053E-02	9.189104E-02
8.357859E+03	-1.688655E+01	9.201224E-02	9.189293E-02
8.358059E+03	-1.688592E+01	9.223187E-02	9.189481E-02
8.358259E+03	-1.688530E+01	9.242202E-02	9.189670E-02
8.358459E+03	-1.688493E+01	9.259020E-02	9.189859E-02
8.358659E+03	-1.688456E+01	9.270873E-02	9.190047E-02
8.358859E+03	-1.688427E+01	9.280352E-02	9.190236E-02
8.359059E+03	-1.688402E+01	9.286177E-02	9.190424E-02
8.359259E+03	-1.688369E+01	9.275870E-02	9.190613E-02
8.359459E+03	-1.688332E+01	9.271266E-02	9.190802E-02
8.359659E+03	-1.688315E+01	9.271045E-02	9.190990E-02
8.359859E+03	-1.688327E+01	9.270801E-02	9.191179E-02
8.360059E+03	-1.688331E+01	9.267574E-02	9.191367E-02
8.360259E+03	-1.688343E+01	9.262815E-02	9.191556E-02
8.360459E+03	-1.688372E+01	9.254985E-02	9.191744E-02
8.360659E+03	-1.688364E+01	9.263909E-02	9.191933E-02
8.360859E+03	-1.688347E+01	9.248096E-02	9.192122E-02
8.361059E+03	-1.688351E+01	9.257999E-02	9.192310E-02
8.361259E+03	-1.688371E+01	9.260733E-02	9.192499E-02
8.361459E+03	-1.688359E+01	9.275348E-02	9.192687E-02
8.361660E+03	-1.688322E+01	9.339238E-02	9.192877E-02
8.361860E+03	-1.688297E+01	9.356085E-02	9.193065E-02
8.362060E+03	-1.688288E+01	9.259649E-02	9.193254E-02
8.362260E+03	-1.688231E+01	9.202819E-02	9.193442E-02
8.362460E+03	-1.688145E+01	9.196488E-02	9.193631E-02
8.362660E+03	-1.688083E+01	9.180676E-02	9.193819E-02
8.362860E+03	-1.688083E+01	9.213716E-02	9.194008E-02
8.363060E+03	-1.688144E+01	9.252858E-02	9.194196E-02
8.363260E+03	-1.688201E+01	9.264649E-02	9.194385E-02
8.363460E+03	-1.688218E+01	9.276324E-02	9.194573E-02
8.363660E+03	-1.688217E+01	9.270596E-02	9.194762E-02
8.363860E+03	-1.688221E+01	9.297249E-02	9.194950E-02
8.364059E+03	-1.688213E+01	9.360959E-02	9.195138E-02
8.364260E+03	-1.688204E+01	9.361650E-02	9.195327E-02
8.364460E+03	-1.688212E+01	9.360550E-02	9.195516E-02
8.364659E+03	-1.688196E+01	9.357024E-02	9.195703E-02
8.364860E+03	-1.688171E+01	9.308412E-02	9.195893E-02
8.365059E+03	-1.688155E+01	9.276308E-02	9.196080E-02
8.365459E+03	-1.688142E+01	9.285536E-02	9.196457E-02
8.365659E+03	-1.688142E+01	9.347625E-02	9.196645E-02
8.365859E+03	-1.688146E+01	9.347279E-02	9.196834E-02
8.366059E+03	-1.688154E+01	9.348629E-02	9.197022E-02
8.366259E+03	-1.688186E+01	9.351173E-02	9.197211E-02
8.366460E+03	-1.688215E+01	9.361432E-02	9.197400E-02
8.366660E+03	-1.688251E+01	9.387395E-02	9.197589E-02
8.366860E+03	-1.688280E+01	9.391137E-02	9.197777E-02
8.367060E+03	-1.688292E+01	9.361413E-02	9.197965E-02
8.367260E+03	-1.688267E+01	9.358983E-02	9.198154E-02
8.367460E+03	-1.688259E+01	9.369096E-02	9.198342E-02
8.367660E+03	-1.688271E+01	9.360275E-02	9.198531E-02
8.367860E+03	-1.688299E+01	9.342682E-02	9.198719E-02
8.368060E+03	-1.688311E+01	9.333435E-02	9.198907E-02
8.368260E+03	-1.688287E+01	9.335938E-02	9.199096E-02
8.368460E+03	-1.688270E+01	9.343477E-02	9.199284E-02
8.368660E+03	-1.688270E+01	9.332005E-02	9.199472E-02
8.368860E+03	-1.688266E+01	9.279096E-02	9.199661E-02
8.369060E+03	-1.688237E+01	9.244315E-02	9.199849E-02
8.369260E+03	-1.688224E+01	9.231469E-02	9.200038E-02
8.369460E+03	-1.688220E+01	9.219959E-02	9.200226E-02
8.369660E+03	-1.688216E+01	9.211315E-02	9.200414E-02
8.369860E+03	-1.688211E+01	9.189580E-02	9.200603E-02
8.370060E+03	-1.688211E+01	9.195308E-02	9.200791E-02
8.370260E+03	-1.688203E+01	9.191530E-02	9.200979E-02
8.370460E+03	-1.688174E+01	9.174844E-02	9.201168E-02
8.370660E+03	-1.688158E+01	9.174251E-02	9.201356E-02
8.370860E+03	-1.688133E+01	9.167849E-02	9.201544E-02
8.371060E+03	-1.688096E+01	9.171114E-02	9.201733E-02
8.371260E+03	-1.688071E+01	9.201023E-02	9.201921E-02
8.371461E+03	-1.688067E+01	9.198528E-02	9.202110E-02
8.371661E+03	-1.688059E+01	9.194354E-02	9.202298E-02
8.371861E+03	-1.688038E+01	9.223867E-02	9.202487E-02
8.372061E+03	-1.688034E+01	9.290242E-02	9.202675E-02
8.372261E+03	-1.688017E+01	9.309162E-02	9.202863E-02
8.372461E+03	-1.688017E+01	9.339714E-02	9.203052E-02
8.372661E+03	-1.688009E+01	9.563602E-02	9.203240E-02
8.372861E+03	-1.688005E+01	9.720719E-02	9.203428E-02
8.373061E+03	-1.688013E+01	9.730282E-02	9.203617E-02
8.373261E+03	-1.687984E+01	9.746286E-02	9.203805E-02
8.373461E+03	-1.687967E+01	9.705605E-02	9.203993E-02
8.373661E+03	-1.687971E+01	9.751685E-02	9.204181E-02
8.373861E+03	-1.687963E+01	9.789732E-02	9.204370E-02
8.374061E+03	-1.687938E+01	9.785452E-02	9.204558E-02
8.374261E+03	-1.687958E+01	9.799392E-02	9.204746E-02
8.374461E+03	-1.687975E+01	9.827078E-02	9.204934E-02
8.374661E+03	-1.687970E+01	9.826971E-02	9.205123E-02
8.374861E+03	-1.687999E+01	9.807359E-02	9.205311E-02
8.375061E+03	-1.688019E+01	9.778959E-02	9.205499E-02
8.375261E+03	-1.688019E+01	9.764293E-02	9.205687E-02
8.375461E+03	-1.688010E+01	9.823560E-02	9.205875E-02
8.375661E+03	-1.688006E+01	9.916723E-02	9.206064E-02
8.375861E+03	-1.687985E+01	9.945051E-02	9.206252E-02
8.376061E+03	-1.687965E+01	9.944868E-02	9.206440E-02
8.376262E+03	-1.687944E+01	9.941431E-02	9.206629E-02
8.376462E+03	-1.687944E+01	9.965427E-02	9.206817E-02
8.376662E+03	-1.687952E+01	9.957531E-02	9.207006E-02
8.376862E+03	-1.687952E+01	9.950209E-02	9.207194E-02
8.377061E+03	-1.687960E+01	9.935392E-02	9.207381E-02
8.377262E+03	-1.687948E+01	9.984665E-02	9.207570E-02
8.377461E+03	-1.687903E+01	1.000568E-01	9.207757E-02
8.377662E+03	-1.687894E+01	9.997305E-02	9.207947E-02
8.377861E+03	-1.687939E+01	1.002143E-01	9.208134E-02
8.378061E+03	-1.687955E+01	1.003291E-01	9.208322E-02
8.378261E+03	-1.687951E+01	1.003401E-01	9.208510E-02
8.378461E+03	-1.687967E+01	1.004021E-01	9.208698E-02
8.378661E+03	-1.687967E+01	1.006504E-01	9.208886E-02
8.378861E+03	-1.687958E+01	1.006356E-01	9.209075E-02
8.379061E+03	-1.687921E+01	1.008028E-01	9.209263E-02
8.379261E+03	-1.687885E+01	1.006855E-01	9.209451E-02
8.379461E+03	-1.687868E+01	1.006762E-01	9.209639E-02
8.379661E+03	-1.687844E+01	1.005508E-01	9.209827E-02
8.379861E+03	-1.687827E+01	1.004686E-01	9.210015E-02
8.380061E+03	-1.687835E+01	1.005199E-01	9.210203E-02
8.380261E+03	-1.687835E+01	1.002967E-01	9.210391E-02
8.380461E+03	-1.687802E+01	1.002015E-01	9.210580E-02
8.380661E+03	-1.687786E+01	1.001560E-01	9.210768E-02
8.380861E+03	-1.687802E+01	1.001813E-01	9.210956E-02
8.381061E+03	-1.687814E+01	1.003107E-01	9.211144E-02
8.381262E+03	-1.687777E+01	1.003440E-01	9.211333E-02
8.381462E+03	-1.687749E+01	1.001003E-01	9.211521E-02
8.381662E+03	-1.687720E+01	9.979627E-02	9.211709E-02
8.381862E+03	-1.687651E+01	9.962228E-02	9.211897E-02
8.382062E+03	-1.687623E+01	9.942420E-02	9.212085E-02
8.382262E+03	-1.687594E+01	9.946042E-02	9.212273E-02
8.382462E+03	-1.687578E+01	9.935893E-02	9.212461E-02
8.382662E+03	-1.687574E+01	9.906738E-02	9.212649E-02
8.382862E+03	-1.687570E+01	9.925982E-02	9.212838E-02
8.383062E+03	-1.687626E+01	9.962728E-02	9.213026E-02
8.383262E+03	-1.687662E+01	9.984812E-02	9.213214E-02
8.383462E+03	-1.687609E+01	9.971537E-02	9.213402E-02
8.383662E+03	-1.687569E+01	1.001874E-01	9.213590E-02
8.383862E+03	-1.687520E+01	1.007607E-01	9.213778E-02
8.384062E+03	-1.687488E+01	1.007141E-01	9.213966E-02
8.384262E+03	-1.687460E+01	1.006448E-01	9.214154E-02
8.384462E+03	-1.687415E+01	1.005022E-01	9.214342E-02
8.384662E+03	-1.687379E+01	1.004948E-01	9.214530E-02
8.384862E+03	-1.687355E+01	1.002866E-01	9.214718E-02
8.385062E+03	-1.687318E+01	1.001071E-01	9.214906E-02
8.385262E+03	-1.687286E+01	1.003377E-01	9.215094E-02
8.385462E+03	-1.687278E+01	1.004834E-01	9.215282E-02
8.385662E+03	-1.687294E+01	1.003562E-01	9.215470E-02
8.385862E+03	-1.687317E+01	1.004319E-01	9.215652E-02
8.386062E+03	-1.687321E+01	1.003208E-01	9.215830E-02
8.386263E+03	-1.687293E+01	9.956673E-02	9.216009E-02
8.386463E+03	-1.687213E+01	9.946332E-02	9.216187E-02
8.386663E+03	-1.687189E+01	9.933642E-02	9.216365E-02
8.386863E+03	-1.687220E+01	9.943363E-02	9.216542E-02
8.387063E+03	-1.687244E+01	9.896022E-02	9.216720E-02
8.387263E+03	-1.687292E+01	9.891350E-02	9.216898E-02
8.387463E+03	-1.687340E+01	9.897501E-02	9.217076E-02
8.387663E+03	-1.687348E+01	9.906954E-02	9.217254E-02
8.387863E+03	-1.687312E+01	9.924784E-02	9.217432E-02
8.388063E+03	-1.687287E+01	9.907268E-02	9.217610E-02
8.388263E+03	-1.687255E+01	9.993658E-02	9.217787E-02
8.388463E+03	-1.687231E+01	1.000814E-01	9.217965E-02
8.388663E+03	-1.687207E+01	9.897018E-02	9.218143E-02
8.388863E+03	-1.687143E+01	9.708323E-02	9.218321E-02
8.389063E+03	-1.687123E+01	9.650368E-02	9.218499E-02
8.389263E+03	-1.687198E+01	9.636459E-02	9.218676E-02
8.389462E+03	-1.687254E+01	9.518761E-02	9.218853E-02
8.389663E+03	-1.687302E+01	9.528503E-02	9.219032E-02
8.389862E+03	-1.687350E+01	9.522214E-02	9.219209E-02
8.390062E+03	-1.687414E+01	9.783482E-02	9.219387E-02
8.390263E+03	-1.687486E+01	9.974925E-02	9.219565E-02
8.390462E+03	-1.687547E+01	1.005654E-01	9.219742E-02
8.390662E+03	-1.687595E+01	9.995109E-02	9.219920E-02
8.390862E+03	-1.687643E+01	9.962632E-02	9.220098E-02
8.391063E+03	-1.687691E+01	1.010158E-01	9.220277E-02
8.391263E+03	-1.687732E+01	1.011262E-01	9.220454E-02
8.391463E+03	-1.687744E+01	1.009237E-01	9.220632E-02
8.391663E+03	-1.687760E+01	1.009573E-01	9.220810E-02
8.391863E+03	-1.687792E+01	1.012719E-01	9.220988E-02
8.392063E+03	-1.687784E+01	1.014962E-01	9.221165E-02
8.392263E+03	-1.687779E+01	1.016123E-01	9.221343E-02
8.392463E+03	-1.687787E+01	1.013840E-01	9.221521E-02
8.392663E+03	-1.687779E+01	1.014664E-01	9.221699E-02
8.392863E+03	-1.687795E+01	1.014678E-01	9.221876E-02
8.393063E+03	-1.687823E+01	1.015220E-01	9.222054E-02
8.393263E+03	-1.687815E+01	1.016531E-01	9.222232E-02
8.393463E+03	-1.687791E+01	1.019854E-01	9.222409E-02
8.393663E+03	-1.687758E+01	1.017554E-01	9.222587E-02
8.393863E+03	-1.687754E+01	1.018755E-01	9.222765E-02
8.394063E+03	-1.687737E+01	1.019428E-01	9.222943E-02
8.394263E+03	-1.687705E+01	1.023321E-01	9.223120E-02
8.394463E+03	-1.687684E+01	1.023128E-01	9.223298E-02
8.394663E+03	-1.687676E+01	1.023261E-01	9.223476E-02
8.394863E+03	-1.687652E+01	1.022528E-01	9.223653E-02
8.395063E+03	-1.687623E+01	1.021701E-01	9.223831E-02
8.395263E+03	-1.687631E+01	1.024678E-01	9.224009E-02
8.395463E+03	-1.687639E+01	1.025354E-01	9.224186E-02
8.395663E+03	-1.687675E+01	1.020916E-01	9.224364E-02
8.395863E+03	-1.687728E+01	1.021019E-01	9.224542E-02
8.396064E+03	-1.687752E+01	1.021510E-01	9.224720E-02
8.396264E+03	-1.687743E+01	1.020671E-01	9.224898E-02
8.396464E+03	-1.687735E+01	1.019306E-01	9.225076E-02
8.396664E+03	-1.687763E+01	1.019324E-01	9.225253E-02
8.396864E+03	-1.687751E+01	1.017823E-01	9.225431E-02
8.397064E+03	-1.687763E+01	1.017622E-01	9.225609E-02
8.397264E+03	-1.687803E+01	1.019262E-01	9.225786E-02
8.397464E+03	-1.687779E+01	1.017596E-01	9.225964E-02
8.397664E+03	-1.687835E+01	1.017386E-01	9.226141E-02
8.397864E+03	-1.687839E+01	1.013706E-01	9.226319E-02
8.398064E+03	-1.687754E+01	1.010666E-01	9.226497E-02
8.398264E+03	-1.687693E+01	1.016091E-01	9.226674E-02
8.398464E+03	-1.687657E+01	1.025063E-01	9.226852E-02
8.398664E+03	-1.687620E+01	1.026224E-01	9.227030E-02
8.398864E+03	-1.687588E+01	1.022112E-01	9.227207E-02
8.399064E+03	-1.687575E+01	1.015936E-01	9.227385E-02
8.399264E+03	-1.687535E+01	1.013905E-01	9.227562E-02
8.401065E+03	-1.687513E+01	1.013233E-01	9.229161E-02
8.401265E+03	-1.687513E+01	1.011339E-01	9.229339E-02
8.401465E+03	-1.687533E+01	1.013703E-01	9.229517E-02
8.401665E+03	-1.687533E+01	1.020112E-01	9.229694E-02
8.401865E+03	-1.687516E+01	1.017921E-01	9.229872E-02
8.402065E+03	-1.687508E+01	1.004437E-01	9.230049E-02
8.402264E+03	-1.687468E+01	9.988371E-02	9.230226E-02
8.402465E+03	-1.687435E+01	1.000752E-01	9.230404E-02
8.402665E+03	-1.687403E+01	1.005838E-01	9.230582E-02
8.402864E+03	-1.687387E+01	1.006511E-01	9.230758E-02
8.403065E+03	-1.687358E+01	1.003410E-01	9.230937E-02
8.403264E+03	-1.687350E+01	9.980062E-02	9.231113E-02
8.403464E+03	-1.687378E+01	1.000781E-01	9.231291E-02
8.403664E+03	-1.687394E+01	1.012242E-01	9.231468E-02
8.403864E+03	-1.687398E+01	1.021418E-01	9.231646E-02
8.404064E+03	-1.687430E+01	1.020526E-01	9.231823E-02
8.404264E+03	-1.687422E+01	1.024116E-01	9.232001E-02
8.404464E+03	-1.687381E+01	1.023049E-01	9.232178E-02
8.404664E+03	-1.687385E+01	1.022099E-01	9.232356E-02
8.404864E+03	-1.687393E+01	1.022931E-01	9.232533E-02
8.405064E+03	-1.687401E+01	1.021834E-01	9.232711E-02
8.405264E+03	-1.687421E+01	1.022307E-01	9.232888E-02
8.405464E+03	-1.687429E+01	1.019802E-01	9.233066E-02
8.405664E+03	-1.687432E+01	1.020178E-01	9.233243E-02
8.405865E+03	-1.687408E+01	1.020174E-01	9.233422E-02
8.406065E+03	-1.687372E+01	1.014184E-01	9.233599E-02
8.406265E+03	-1.687376E+01	1.016085E-01	9.233776E-02
8.406465E+03	-1.687400E+01	1.016810E-01	9.233954E-02
8.406665E+03	-1.687428E+01	1.014936E-01	9.234131E-02
8.406865E+03	-1.687427E+01	1.016745E-01	9.234309E-02
8.407065E+03	-1.687423E+01	1.017053E-01	9.234486E-02
8.407265E+03	-1.687467E+01	1.008912E-01	9.234664E-02
8.407465E+03	-1.687491E+01	1.009152E-01	9.234841E-02
8.407665E+03	-1.687499E+01	1.007164E-01	9.235018E-02
8.407865E+03	-1.687495E+01	1.005983E-01	9.235196E-02
8.408065E+03	-1.687495E+01	1.004533E-01	9.235373E-02
8.408265E+03	-1.687503E+01	1.003188E-01	9.235551E-02
8.408465E+03	-1.687559E+01	1.004735E-01	9.235728E-02
8.408665E+03	-1.687599E+01	1.009989E-01	9.235905E-02
8.408865E+03	-1.687623E+01	1.009947E-01	9.236083E-02
8.409065E+03	-1.687643E+01	1.016399E-01	9.236260E-02
8.409265E+03	-1.687700E+01	1.017806E-01	9.236438E-02
8.409465E+03	-1.687784E+01	1.021667E-01	9.236615E-02
8.409665E+03	-1.687776E+01	1.021922E-01	9.236792E-02
8.409865E+03	-1.687744E+01	1.022172E-01	9.236970E-02
8.410065E+03	-1.687751E+01	1.026577E-01	9.237147E-02
8.410265E+03	-1.687751E+01	1.028805E-01	9.237325E-02
8.410465E+03	-1.687727E+01	1.028513E-01	9.237502E-02
8.410666E+03	-1.687698E+01	1.024726E-01	9.237680E-02
8.410866E+03	-1.687670E+01	1.023371E-01	9.237857E-02
8.411066E+03	-1.687637E+01	1.020265E-01	9.238035E-02
8.411266E+03	-1.687625E+01	1.015414E-01	9.238212E-02
8.411466E+03	-1.687633E+01	1.019038E-01	9.238389E-02
8.411666E+03	-1.687637E+01	1.019133E-01	9.238567E-02
8.411866E+03	-1.687633E+01	1.018109E-01	9.238744E-02
8.412066E+03	-1.687636E+01	1.017193E-01	9.238921E-02
8.412266E+03	-1.687656E+01	1.019446E-01	9.239099E-02
8.412466E+03	-1.687676E+01	1.018181E-01	9.239276E-02
8.412666E+03	-1.687688E+01	1.016645E-01	9.239453E-02
8.412866E+03	-1.687696E+01	1.017522E-01	9.239631E-02
8.413066E+03	-1.687672E+01	1.024801E-01	9.239808E-02
8.413266E+03	-1.687684E+01	1.028890E-01	9.239985E-02
8.413466E+03	-1.687744E+01	1.024860E-01	9.240163E-02
8.413666E+03	-1.687797E+01	1.018519E-01	9.240340E-02
8.413866E+03	-1.687817E+01	1.027071E-01	9.240517E-02
8.414066E+03	-1.687813E+01	1.028517E-01	9.240695E-02
8.414266E+03	-1.687800E+01	1.028675E-01	9.240872E-02
8.414466E+03	-1.687784E+01	1.028413E-01	9.241049E-02
8.414666E+03	-1.687768E+01	1.029448E-01	9.241226E-02
8.414866E+03	-1.687767E+01	1.031353E-01	9.241404E-02
8.415066E+03	-1.687796E+01	1.028174E-01	9.241581E-02
8.415265E+03	-1.687816E+01	1.028208E-01	9.241757E-02
8.415466E+03	-1.687799E+01	1.030542E-01	9.241935E-02
8.415867E+03	-1.687754E+01	1.032442E-01	9.242291E-02
8.416067E+03	-1.687726E+01	1.030958E-01	9.242468E-02
8.416266E+03	-1.687746E+01	1.029737E-01	9.242644E-02
8.416466E+03	-1.687786E+01	1.031267E-01	9.242822E-02
8.417066E+03	-1.687782E+01	1.032022E-01	9.243353E-02
8.417266E+03	-1.687786E+01	1.033903E-01	9.243530E-02
8.417466E+03	-1.687850E+01	1.036994E-01	9.243708E-02
8.417666E+03	-1.687887E+01	1.038518E-01	9.243885E-02
8.417866E+03	-1.687911E+01	1.039264E-01	9.244062E-02
8.418066E+03	-1.687960E+01	1.040434E-01	9.244239E-02
8.418266E+03	-1.688004E+01	1.040529E-01	9.244416E-02
8.418466E+03	-1.688012E+01	1.040480E-01	9.244594E-02
8.418666E+03	-1.688020E+01	1.043897E-01	9.244771E-02
8.418866E+03	-1.688020E+01	1.043612E-01	9.244948E-02
8.419066E+03	-1.688008E+01	1.042502E-01	9.245125E-02
8.419266E+03	-1.687991E+01	1.040563E-01	9.245302E-02
8.419466E+03	-1.687983E+01	1.040204E-01	9.245480E-02
8.419666E+03	-1.687979E+01	1.038518E-01	9.245657E-02
8.419866E+03	-1.687970E+01	1.041948E-01	9.245834E-02
8.420066E+03	-1.687978E+01	1.044996E-01	9.246011E-02
8.420266E+03	-1.687966E+01	1.043846E-01	9.246188E-02
8.420467E+03	-1.687945E+01	1.054186E-01	9.246366E-02
8.420667E+03	-1.687945E+01	1.066969E-01	9.246543E-02
8.420867E+03	-1.687925E+01	1.067364E-01	9.246721E-02
8.421067E+03	-1.687904E+01	1.066092E-01	9.246898E-02
8.421267E+03	-1.687900E+01	1.069367E-01	9.247075E-02
8.421467E+03	-1.687883E+01	1.070715E-01	9.247252E-02
8.421667E+03	-1.687912E+01	1.073898E-01	9.247429E-02
8.421867E+03	-1.687944E+01	1.083701E-01	9.247606E-02
8.422067E+03	-1.687964E+01	1.082172E-01	9.247783E-02
8.422267E+03	-1.687976E+01	1.080562E-01	9.247960E-02
8.422467E+03	-1.687956E+01	1.077734E-01	9.248138E-02
8.422667E+03	-1.687923E+01	1.058575E-01	9.248315E-02
8.422867E+03	-1.687927E+01	1.044553E-01	9.248492E-02
8.423067E+03	-1.687967E+01	1.044840E-01	9.248669E-02
8.423267E+03	-1.688016E+01	1.045324E-01	9.248846E-02
8.423467E+03	-1.688040E+01	1.045914E-01	9.249023E-02
8.423667E+03	-1.688036E+01	1.048916E-01	9.249200E-02
8.423867E+03	-1.688016E+01	1.056375E-01	9.249377E-02
8.424067E+03	-1.688015E+01	1.057109E-01	9.249554E-02
8.424267E+03	-1.688044E+01	1.056989E-01	9.249731E-02
8.424467E+03	-1.688072E+01	1.055520E-01	9.249908E-02
8.424667E+03	-1.688088E+01	1.055754E-01	9.250085E-02
8.424867E+03	-1.688080E+01	1.055596E-01	9.250262E-02
8.425067E+03	-1.688076E+01	1.057335E-01	9.250440E-02
8.425267E+03	-1.688100E+01	1.060424E-01	9.250617E-02
8.425468E+03	-1.688149E+01	1.060395E-01	9.250794E-02
8.425668E+03	-1.688202E+01	1.061777E-01	9.250972E-02
8.425868E+03	-1.688218E+01	1.059883E-01	9.251149E-02
8.426068E+03	-1.688214E+01	1.060767E-01	9.251326E-02
8.426268E+03	-1.688206E+01	1.061918E-01	9.251503E-02
8.426468E+03	-1.688197E+01	1.060162E-01	9.251680E-02
8.426668E+03	-1.688246E+01	1.062101E-01	9.251857E-02
8.426868E+03	-1.688349E+01	1.064983E-01	9.252034E-02
8.427068E+03	-1.688431E+01	1.067044E-01	9.252211E-02
8.427268E+03	-1.688480E+01	1.061993E-01	9.252388E-02
8.427468E+03	-1.688521E+01	1.058959E-01	9.252565E-02
8.427668E+03	-1.688542E+01	1.059338E-01	9.252742E-02
8.427868E+03	-1.688508E+01	1.057007E-01	9.252919E-02
8.428067E+03	-1.688483E+01	1.056240E-01	9.253095E-02
8.428267E+03	-1.688504E+01	1.060536E-01	9.253272E-02
8.428468E+03	-1.688528E+01	1.066341E-01	9.253450E-02
8.428667E+03	-1.688541E+01	1.071309E-01	9.253626E-02
8.428868E+03	-1.688574E+01	1.080593E-01	9.253804E-02
8.429067E+03	-1.688594E+01	1.088381E-01	9.253980E-02
8.429267E+03	-1.688598E+01	1.100389E-01	9.254157E-02
8.429467E+03	-1.688594E+01	1.103963E-01	9.254334E-02
8.429667E+03	-1.688589E+01	1.103982E-01	9.254511E-02
8.429867E+03	-1.688585E+01	1.103629E-01	9.254688E-02
8.430067E+03	-1.688585E+01	1.103174E-01	9.254864E-02
8.430268E+03	-1.688568E+01	1.102754E-01	9.255042E-02
8.432068E+03	-1.688538E+01	1.101195E-01	9.256635E-02
8.432268E+03	-1.688542E+01	1.101093E-01	9.256811E-02
8.432468E+03	-1.688533E+01	1.102287E-01	9.256988E-02
8.432668E+03	-1.688533E+01	1.105631E-01	9.257165E-02
8.432868E+03	-1.688541E+01	1.104685E-01	9.257342E-02
8.433068E+03	-1.688557E+01	1.105518E-01	9.257519E-02
8.433268E+03	-1.688586E+01	1.109891E-01	9.257696E-02
8.433468E+03	-1.688586E+01	1.109891E-01	9.257873E-02
8.433668E+03	-1.688549E+01	1.111914E-01	9.258050E-02
8.433868E+03	-1.688536E+01	1.111391E-01	9.258227E-02
8.434068E+03	-1.688548E+01	1.113979E-01	9.258403E-02
8.434268E+03	-1.688565E+01	1.116716E-01	9.258580E-02
8.434468E+03	-1.688577E+01	1.114101E-01	9.258757E-02
8.434668E+03	-1.688585E+01	1.111751E-01	9.258934E-02
8.434868E+03	-1.688589E+01	1.110782E-01	9.259111E-02
8.435068E+03	-1.688593E+01	1.112831E-01	9.259288E-02
8.435269E+03	-1.688584E+01	1.108858E-01	9.259465E-02
8.435469E+03	-1.688576E+01	1.103193E-01	9.259642E-02
8.435669E+03	-1.688563E+01	1.103291E-01	9.259819E-02
8.435869E+03	-1.688555E+01	1.104155E-01	9.259996E-02
8.436069E+03	-1.688542E+01	1.103882E-01	9.260173E-02
8.436269E+03	-1.688555E+01	1.104486E-01	9.260350E-02
8.436469E+03	-1.688575E+01	1.107118E-01	9.260526E-02
8.436669E+03	-1.688596E+01	1.108265E-01	9.260703E-02
8.436869E+03	-1.688600E+01	1.105063E-01	9.260880E-02
8.437069E+03	-1.688587E+01	1.103921E-01	9.261057E-02
8.437269E+03	-1.688566E+01	1.105255E-01	9.261234E-02
8.437469E+03	-1.688582E+01	1.106379E-01	9.261410E-02
8.437669E+03	-1.688603E+01	1.107071E-01	9.261587E-02
8.437869E+03	-1.688615E+01	1.107511E-01	9.261764E-02
8.438069E+03	-1.688669E+01	1.108180E-01	9.261941E-02
8.438269E+03	-1.688706E+01	1.113649E-01	9.262117E-02
8.438469E+03	-1.688693E+01	1.120208E-01	9.262294E-02
8.438669E+03	-1.688722E+01	1.125351E-01	9.262471E-02
8.438869E+03	-1.688780E+01	1.126525E-01	9.262648E-02
8.439069E+03	-1.688817E+01	1.133479E-01	9.262825E-02
8.439269E+03	-1.688821E+01	1.139280E-01	9.263001E-02
8.439469E+03	-1.688854E+01	1.138157E-01	9.263178E-02
8.439669E+03	-1.688875E+01	1.138203E-01	9.263355E-02
8.439869E+03	-1.688858E+01	1.128326E-01	9.263532E-02
8.440070E+03	-1.688858E+01	1.127452E-01	9.263709E-02
8.440270E+03	-1.688879E+01	1.129241E-01	9.263886E-02
8.440470E+03	-1.688899E+01	1.130614E-01	9.264063E-02
8.440669E+03	-1.688895E+01	1.130131E-01	9.264238E-02
8.440870E+03	-1.688940E+01	1.131283E-01	9.264416E-02
8.441069E+03	-1.688990E+01	1.127330E-01	9.264592E-02
8.441270E+03	-1.689007E+01	1.127179E-01	9.264769E-02
8.441469E+03	-1.689023E+01	1.126652E-01	9.264945E-02
8.441669E+03	-1.689032E+01	1.102148E-01	9.265122E-02
8.441869E+03	-1.689056E+01	1.087157E-01	9.265299E-02
8.442069E+03	-1.689102E+01	1.079734E-01	9.265475E-02
8.442269E+03	-1.689131E+01	1.079918E-01	9.265652E-02
8.442469E+03	-1.689127E+01	1.082116E-01	9.265829E-02
8.442669E+03	-1.689123E+01	1.069206E-01	9.266005E-02
8.442869E+03	-1.689164E+01	1.069986E-01	9.266182E-02
8.443069E+03	-1.689181E+01	1.070022E-01	9.266359E-02
8.443269E+03	-1.689197E+01	1.070393E-01	9.266535E-02
8.443469E+03	-1.689210E+01	1.070536E-01	9.266712E-02
8.443669E+03	-1.689210E+01	1.068858E-01	9.266889E-02
8.443869E+03	-1.689214E+01	1.067536E-01	9.267065E-02
8.444069E+03	-1.689201E+01	1.071084E-01	9.267242E-02
8.444269E+03	-1.689197E+01	1.072112E-01	9.267419E-02
8.444469E+03	-1.689196E+01	1.072028E-01	9.267595E-02
8.444669E+03	-1.689209E+01	1.072381E-01	9.267772E-02
8.444869E+03	-1.689225E+01	1.070949E-01	9.267949E-02
8.445070E+03	-1.689263E+01	1.066801E-01	9.268126E-02
8.445270E+03	-1.689288E+01	1.067882E-01	9.268303E-02
8.445470E+03	-1.689288E+01	1.066370E-01	9.268479E-02
8.445670E+03	-1.689292E+01	1.063196E-01	9.268656E-02
8.445870E+03	-1.689300E+01	1.058065E-01	9.268833E-02
8.446070E+03	-1.689308E+01	1.057975E-01	9.269009E-02
8.446270E+03	-1.689308E+01	1.057345E-01	9.269186E-02
8.446470E+03	-1.689287E+01	1.056960E-01	9.269363E-02
8.446670E+03	-1.689262E+01	1.056179E-01	9.269539E-02
8.446870E+03	-1.689245E+01	1.053420E-01	9.269716E-02
8.447070E+03	-1.689240E+01	1.054829E-01	9.269892E-02
8.447270E+03	-1.689232E+01	1.055087E-01	9.270069E-02
8.447470E+03	-1.689215E+01	1.056189E-01	9.270245E-02
8.447670E+03	-1.689202E+01	1.056428E-01	9.270422E-02
8.447870E+03	-1.689202E+01	1.056554E-01	9.270599E-02
8.448070E+03	-1.689206E+01	1.056950E-01	9.270775E-02
8.448270E+03	-1.689197E+01	1.055278E-01	9.270952E-02
8.448470E+03	-1.689193E+01	1.055260E-01	9.271128E-02
8.448670E+03	-1.689218E+01	1.056375E-01	9.271305E-02
8.448870E+03	-1.689234E+01	1.055818E-01	9.271481E-02
8.449070E+03	-1.689264E+01	1.056197E-01	9.271658E-02
8.449270E+03	-1.689306E+01	1.060287E-01	9.271835E-02
8.449470E+03	-1.689343E+01	1.060791E-01	9.272011E-02
8.449670E+03	-1.689360E+01	1.061539E-01	9.272188E-02
8.449871E+03	-1.689377E+01	1.058330E-01	9.272365E-02
8.450071E+03	-1.689385E+01	1.048934E-01	9.272542E-02
8.450271E+03	-1.689389E+01	1.047478E-01	9.272718E-02
8.450471E+03	-1.689393E+01	1.047411E-01	9.272895E-02
8.450671E+03	-1.689372E+01	1.046567E-01	9.273071E-02
8.450871E+03	-1.689350E+01	1.047575E-01	9.273248E-02
8.451071E+03	-1.689325E+01	1.048227E-01	9.273424E-02
8.451271E+03	-1.689312E+01	1.047755E-01	9.273601E-02
8.451471E+03	-1.689316E+01	1.046006E-01	9.273777E-02
8.451671E+03	-1.689316E+01	1.039406E-01	9.273954E-02
8.451871E+03	-1.689299E+01	1.037112E-01	9.274130E-02
8.452071E+03	-1.689295E+01	1.037642E-01	9.274307E-02
8.452271E+03	-1.689311E+01	1.039894E-01	9.274483E-02
8.452471E+03	-1.689294E+01	1.038273E-01	9.274660E-02
8.452671E+03	-1.689261E+01	1.031003E-01	9.274836E-02
8.452871E+03	-1.689286E+01	1.031686E-01	9.275013E-02
8.453071E+03	-1.689315E+01	1.032889E-01	9.275189E-02
8.453271E+03	-1.689344E+01	1.044781E-01	9.275365E-02
8.453470E+03	-1.689369E+01	1.047703E-01	9.275541E-02
8.454070E+03	-1.689377E+01	1.032623E-01	9.276070E-02
8.454271E+03	-1.689394E+01	1.016765E-01	9.276248E-02
8.454470E+03	-1.689419E+01	1.017652E-01	9.276423E-02
8.454670E+03	-1.689435E+01	1.014169E-01	9.276600E-02
8.454871E+03	-1.689452E+01	1.015111E-01	9.276777E-02
8.455071E+03	-1.689469E+01	1.017742E-01	9.276953E-02
8.455271E+03	-1.689460E+01	1.021720E-01	9.277130E-02
8.455471E+03	-1.689409E+01	1.027020E-01	9.277306E-02
8.455671E+03	-1.689367E+01	1.026866E-01	9.277483E-02
8.455871E+03	-1.689338E+01	1.024950E-01	9.277659E-02
8.456071E+03	-1.689316E+01	1.023529E-01	9.277835E-02
8.456271E+03	-1.689350E+01	1.024491E-01	9.278012E-02
8.456471E+03	-1.689409E+01	1.026093E-01	9.278188E-02
8.456671E+03	-1.689451E+01	1.017853E-01	9.278365E-02
8.456871E+03	-1.689467E+01	1.017573E-01	9.278541E-02
8.457071E+03	-1.689484E+01	1.016323E-01	9.278717E-02
8.457271E+03	-1.689501E+01	1.014480E-01	9.278894E-02
8.457471E+03	-1.689513E+01	1.015536E-01	9.279070E-02
8.457671E+03	-1.689488E+01	1.015619E-01	9.279247E-02
8.457871E+03	-1.689437E+01	1.015111E-01	9.279423E-02
8.458071E+03	-1.689424E+01	1.014689E-01	9.279599E-02
8.458271E+03	-1.689441E+01	1.014197E-01	9.279776E-02
8.458471E+03	-1.689462E+01	1.014859E-01	9.279952E-02
8.458671E+03	-1.689495E+01	1.016450E-01	9.280128E-02
8.458871E+03	-1.689516E+01	1.016606E-01	9.280305E-02
8.459071E+03	-1.689495E+01	1.011848E-01	9.280481E-02
8.459271E+03	-1.689469E+01	1.012102E-01	9.280657E-02
8.459471E+03	-1.689482E+01	1.005644E-01	9.280834E-02
8.459672E+03	-1.689511E+01	1.006793E-01	9.281011E-02
8.459872E+03	-1.689549E+01	1.006872E-01	9.281187E-02
8.460072E+03	-1.689570E+01	1.007066E-01	9.281364E-02
8.460272E+03	-1.689574E+01	1.006191E-01	9.281540E-02
8.460472E+03	-1.689570E+01	1.001060E-01	9.281716E-02
8.460672E+03	-1.689557E+01	9.976807E-02	9.281892E-02
8.460872E+03	-1.689578E+01	9.991819E-02	9.282069E-02
8.461072E+03	-1.689595E+01	9.981325E-02	9.282245E-02
8.461272E+03	-1.689603E+01	9.994699E-02	9.282421E-02
8.461472E+03	-1.689611E+01	1.004957E-01	9.282598E-02
8.461672E+03	-1.689615E+01	1.003192E-01	9.282774E-02
8.461872E+03	-1.689615E+01	9.972641E-02	9.282950E-02
8.462072E+03	-1.689585E+01	9.974725E-02	9.283127E-02
8.462272E+03	-1.689598E+01	9.977218E-02	9.283303E-02
8.462472E+03	-1.689648E+01	1.004187E-01	9.283479E-02
8.462672E+03	-1.689661E+01	1.008677E-01	9.283655E-02
8.462872E+03	-1.689648E+01	1.007492E-01	9.283832E-02
8.463072E+03	-1.689610E+01	1.004745E-01	9.284008E-02
8.463272E+03	-1.689555E+01	1.006095E-01	9.284184E-02
8.463472E+03	-1.689529E+01	9.978589E-02	9.284360E-02
8.463672E+03	-1.689546E+01	9.948231E-02	9.284537E-02
8.463872E+03	-1.689541E+01	9.935427E-02	9.284713E-02
8.464072E+03	-1.689520E+01	9.938622E-02	9.284889E-02
8.464272E+03	-1.689549E+01	9.877324E-02	9.285065E-02
8.464472E+03	-1.689600E+01	9.869829E-02	9.285242E-02
8.464673E+03	-1.689621E+01	9.913179E-02	9.285419E-02
8.464873E+03	-1.689570E+01	9.991692E-02	9.285595E-02
8.465073E+03	-1.689502E+01	9.988815E-02	9.285771E-02
8.465273E+03	-1.689460E+01	9.966875E-02	9.285947E-02
8.465473E+03	-1.689443E+01	9.961738E-02	9.286123E-02
8.465673E+03	-1.689396E+01	9.952371E-02	9.286300E-02
8.467272E+03	-1.689407E+01	9.933354E-02	9.287708E-02
8.467472E+03	-1.689428E+01	9.900228E-02	9.287884E-02
8.467672E+03	-1.689432E+01	9.900346E-02	9.288061E-02
8.467872E+03	-1.689449E+01	9.901661E-02	9.288237E-02
8.468072E+03	-1.689474E+01	9.902370E-02	9.288413E-02
8.468272E+03	-1.689428E+01	9.887157E-02	9.288589E-02
8.468472E+03	-1.689377E+01	9.862595E-02	9.288765E-02
8.468672E+03	-1.689364E+01	9.844991E-02	9.288941E-02
8.468872E+03	-1.689368E+01	9.833313E-02	9.289117E-02
8.469072E+03	-1.689389E+01	9.856618E-02	9.289294E-02
8.469272E+03	-1.689389E+01	9.877682E-02	9.289470E-02
8.469473E+03	-1.689393E+01	9.879062E-02	9.289647E-02
8.469673E+03	-1.689367E+01	9.863630E-02	9.289823E-02
8.469873E+03	-1.689355E+01	9.824560E-02	9.289999E-02
8.470073E+03	-1.689359E+01	9.838984E-02	9.290175E-02
8.470273E+03	-1.689342E+01	9.831383E-02	9.290351E-02
8.470473E+03	-1.689329E+01	9.827264E-02	9.290527E-02
8.470673E+03	-1.689329E+01	9.807070E-02	9.290703E-02
8.470873E+03	-1.689341E+01	9.806555E-02	9.290879E-02
8.471073E+03	-1.689354E+01	9.755945E-02	9.291056E-02
8.471273E+03	-1.689337E+01	9.685680E-02	9.291232E-02
8.471473E+03	-1.689324E+01	9.682866E-02	9.291408E-02
8.471673E+03	-1.689345E+01	9.581919E-02	9.291584E-02
8.471873E+03	-1.689357E+01	9.441990E-02	9.291760E-02
8.472073E+03	-1.689357E+01	9.430623E-02	9.291936E-02
8.472273E+03	-1.689353E+01	9.434339E-02	9.292112E-02
8.472473E+03	-1.689361E+01	9.374698E-02	9.292288E-02
8.472673E+03	-1.689369E+01	9.356724E-02	9.292464E-02
8.472873E+03	-1.689373E+01	9.332362E-02	9.292640E-02
8.473073E+03	-1.689381E+01	9.199377E-02	9.292816E-02
8.473273E+03	-1.689411E+01	9.167690E-02	9.292992E-02
8.473473E+03	-1.689440E+01	9.196700E-02	9.293168E-02
8.473673E+03	-1.689448E+01	9.197221E-02	9.293344E-02
8.473873E+03	-1.689435E+01	9.190324E-02	9.293520E-02
8.474073E+03	-1.689418E+01	9.255055E-02	9.293696E-02
8.474273E+03	-1.689406E+01	9.258261E-02	9.293872E-02
8.474474E+03	-1.689376E+01	9.251134E-02	9.294049E-02
8.474674E+03	-1.689329E+01	9.277459E-02	9.294225E-02
8.474874E+03	-1.689300E+01	9.149658E-02	9.294401E-02
8.475074E+03	-1.689321E+01	9.007698E-02	9.294577E-02
8.475274E+03	-1.689350E+01	9.018440E-02	9.294753E-02
8.475474E+03	-1.689371E+01	9.080090E-02	9.294929E-02
8.475674E+03	-1.689366E+01	9.133533E-02	9.295105E-02
8.475874E+03	-1.689345E+01	9.131212E-02	9.295281E-02
8.476074E+03	-1.689341E+01	9.145057E-02	9.295457E-02
8.476274E+03	-1.689324E+01	9.128893E-02	9.295633E-02
8.476474E+03	-1.689298E+01	9.103408E-02	9.295809E-02
8.476674E+03	-1.689265E+01	9.098043E-02	9.295985E-02
8.476874E+03	-1.689239E+01	8.984433E-02	9.296161E-02
8.477074E+03	-1.689239E+01	8.984433E-02	9.296337E-02
8.477274E+03	-1.689230E+01	8.954988E-02	9.296513E-02
8.477474E+03	-1.689234E+01	8.933602E-02	9.296689E-02
8.477674E+03	-1.689243E+01	8.912653E-02	9.296865E-02
8.477874E+03	-1.689268E+01	8.956904E-02	9.297041E-02
8.478074E+03	-1.689318E+01	9.009802E-02	9.297217E-02
8.478274E+03	-1.689339E+01	9.057096E-02	9.297393E-02
8.478474E+03	-1.689330E+01	9.096578E-02	9.297569E-02
8.478674E+03	-1.689326E+01	9.132722E-02	9.297745E-02
8.478874E+03	-1.689326E+01	9.163016E-02	9.297921E-02
8.479074E+03	-1.689283E+01	9.176005E-02	9.298097E-02
8.479274E+03	-1.689237E+01	9.178003E-02	9.298273E-02
8.479475E+03	-1.689254E+01	9.154671E-02	9.298449E-02
8.479674E+03	-1.689275E+01	9.112031E-02	9.298624E-02
8.479874E+03	-1.689304E+01	9.048397E-02	9.298800E-02
8.480075E+03	-1.689320E+01	8.955983E-02	9.298977E-02
8.480274E+03	-1.689308E+01	8.829729E-02	9.299152E-02
8.480474E+03	-1.689299E+01	8.672013E-02	9.299328E-02
8.480674E+03	-1.689299E+01	8.615666E-02	9.299504E-02
8.480874E+03	-1.689286E+01	8.615686E-02	9.299680E-02
8.481074E+03	-1.689261E+01	8.605644E-02	9.299856E-02
8.481274E+03	-1.689256E+01	8.590528E-02	9.300032E-02
8.481474E+03	-1.689277E+01	8.597207E-02	9.300207E-02
8.481674E+03	-1.689277E+01	8.598047E-02	9.300383E-02
8.481874E+03	-1.689247E+01	8.591386E-02	9.300559E-02
8.482074E+03	-1.689260E+01	8.561529E-02	9.300735E-02
8.482274E+03	-1.689302E+01	8.525242E-02	9.300911E-02
8.482474E+03	-1.689293E+01	8.523171E-02	9.301087E-02
8.482674E+03	-1.689263E+01	8.524962E-02	9.301263E-02
8.482874E+03	-1.689289E+01	8.488712E-02	9.301438E-02
8.483074E+03	-1.689297E+01	8.489095E-02	9.301614E-02
8.483274E+03	-1.689225E+01	8.437362E-02	9.301790E-02
8.483474E+03	-1.689187E+01	8.440933E-02	9.301966E-02
8.483674E+03	-1.689216E+01	8.418941E-02	9.302142E-02
8.483874E+03	-1.689250E+01	8.419155E-02	9.302318E-02
8.484074E+03	-1.689258E+01	8.431287E-02	9.302493E-02
8.484275E+03	-1.689275E+01	8.434551E-02	9.302670E-02
8.484475E+03	-1.689291E+01	8.445386E-02	9.302846E-02
8.484675E+03	-1.689283E+01	8.415585E-02	9.303022E-02
8.484875E+03	-1.689278E+01	8.398798E-02	9.303198E-02
8.485075E+03	-1.689278E+01	8.388289E-02	9.303373E-02
8.485275E+03	-1.689278E+01	8.399639E-02	9.303549E-02
8.485475E+03	-1.689274E+01	8.418580E-02	9.303725E-02
8.485675E+03	-1.689273E+01	8.443798E-02	9.303901E-02
8.485875E+03	-1.689286E+01	8.481986E-02	9.304077E-02
8.486075E+03	-1.689269E+01	8.479543E-02	9.304252E-02
8.486275E+03	-1.689252E+01	8.480463E-02	9.304428E-02
8.486475E+03	-1.689248E+01	8.493925E-02	9.304604E-02
8.486675E+03	-1.689235E+01	8.511198E-02	9.304780E-02
8.486875E+03	-1.689222E+01	8.514187E-02	9.304955E-02
8.487075E+03	-1.689260E+01	8.564038E-02	9.305131E-02
8.487275E+03	-1.689323E+01	8.588688E-02	9.305307E-02
8.487475E+03	-1.689348E+01	8.587789E-02	9.305483E-02
8.487675E+03	-1.689335E+01	8.583609E-02	9.305658E-02
8.487875E+03	-1.689326E+01	8.539441E-02	9.305834E-02
8.488075E+03	-1.689313E+01	8.440198E-02	9.306010E-02
8.488275E+03	-1.689288E+01	8.384839E-02	9.306186E-02
8.488475E+03	-1.689250E+01	8.377120E-02	9.306361E-02
8.488675E+03	-1.689220E+01	8.278253E-02	9.306537E-02
8.488875E+03	-1.689220E+01	8.183796E-02	9.306713E-02
8.489076E+03	-1.689233E+01	8.187849E-02	9.306889E-02
8.489276E+03	-1.689228E+01	8.187898E-02	9.307065E-02
8.489476E+03	-1.689174E+01	8.293364E-02	9.307241E-02
8.489676E+03	-1.689119E+01	8.466418E-02	9.307417E-02
8.489876E+03	-1.689102E+01	8.521349E-02	9.307592E-02
8.490076E+03	-1.689093E+01	8.510497E-02	9.307768E-02
8.490276E+03	-1.689064E+01	8.498903E-02	9.307944E-02
8.490476E+03	-1.689043E+01	8.493976E-02	9.308119E-02
8.490676E+03	-1.689022E+01	8.490307E-02	9.308295E-02
8.490876E+03	-1.689009E+01	8.499137E-02	9.308471E-02
8.491076E+03	-1.689013E+01	8.520010E-02	9.308646E-02
8.491276E+03	-1.688996E+01	8.508379E-02	9.308822E-02
8.491476E+03	-1.688967E+01	8.488464E-02	9.308998E-02
8.491676E+03	-1.688950E+01	8.466010E-02	9.309173E-02
8.491876E+03	-1.688908E+01	8.433708E-02	9.309349E-02
8.492076E+03	-1.688879E+01	8.392639E-02	9.309525E-02
8.492275E+03	-1.688879E+01	8.419298E-02	9.309699E-02
8.492476E+03	-1.688870E+01	8.458081E-02	9.309876E-02
8.492675E+03	-1.688845E+01	8.497337E-02	9.310051E-02
8.492876E+03	-1.688803E+01	8.545339E-02	9.310227E-02
8.493075E+03	-1.688774E+01	8.554159E-02	9.310402E-02
8.493275E+03	-1.688794E+01	8.539129E-02	9.310578E-02
8.493475E+03	-1.688807E+01	8.547404E-02	9.310753E-02
8.493675E+03	-1.688798E+01	8.502525E-02	9.310929E-02
8.493875E+03	-1.688786E+01	8.471403E-02	9.311104E-02
8.494076E+03	-1.688760E+01	8.467371E-02	9.311281E-02
8.494276E+03	-1.688723E+01	8.461333E-02	9.311457E-02
8.494476E+03	-1.688694E+01	8.458995E-02	9.311632E-02
8.495276E+03	-1.688643E+01	8.440610E-02	9.312335E-02
8.495476E+03	-1.688614E+01	8.466444E-02	9.312510E-02
8.495676E+03	-1.688614E+01	8.480522E-02	9.312686E-02
8.495876E+03	-1.688597E+01	8.465700E-02	9.312861E-02
8.496076E+03	-1.688585E+01	8.461626E-02	9.313037E-02
8.496276E+03	-1.688597E+01	8.465286E-02	9.313212E-02
8.496476E+03	-1.688638E+01	8.499876E-02	9.313388E-02
8.496676E+03	-1.688688E+01	8.515009E-02	9.313564E-02
8.496876E+03	-1.688679E+01	8.513383E-02	9.313739E-02
8.497076E+03	-1.688629E+01	8.494941E-02	9.313915E-02
8.497276E+03	-1.688575E+01	8.457945E-02	9.314090E-02
8.497476E+03	-1.688567E+01	8.489837E-02	9.314266E-02
8.497676E+03	-1.688587E+01	8.481881E-02	9.314441E-02
8.497876E+03	-1.688583E+01	8.475280E-02	9.314617E-02
8.498076E+03	-1.688558E+01	8.466716E-02	9.314792E-02
8.498276E+03	-1.688537E+01	8.456074E-02	9.314968E-02
8.498476E+03	-1.688545E+01	8.470913E-02	9.315143E-02
8.498676E+03	-1.688586E+01	8.508779E-02	9.315319E-02
8.498877E+03	-1.688640E+01	8.507730E-02	9.315495E-02
8.499077E+03	-1.688661E+01	8.555315E-02	9.315671E-02
8.499277E+03	-1.688640E+01	8.605925E-02	9.315846E-02
8.499477E+03	-1.688677E+01	8.592172E-02	9.316022E-02
8.499677E+03	-1.688735E+01	8.620282E-02	9.316197E-02
8.499877E+03	-1.688714E+01	8.661402E-02	9.316373E-02
8.500077E+03	-1.688689E+01	8.608737E-02	9.316548E-02
8.500277E+03	-1.688714E+01	8.623634E-02	9.316724E-02
8.500477E+03	-1.688722E+01	8.600376E-02	9.316899E-02
8.500677E+03	-1.688713E+01	8.602467E-02	9.317075E-02
8.500877E+03	-1.688755E+01	8.621497E-02	9.317250E-02
8.501077E+03	-1.688813E+01	8.581892E-02	9.317426E-02
8.501277E+03	-1.688812E+01	8.563588E-02	9.317601E-02
8.501477E+03	-1.688787E+01	8.558670E-02	9.317777E-02
8.501677E+03	-1.688849E+01	8.574724E-02	9.317952E-02
8.501877E+03	-1.688883E+01	8.572972E-02	9.318128E-02
8.502077E+03	-1.688866E+01	8.573432E-02	9.318303E-02
8.502277E+03	-1.688853E+01	8.567635E-02	9.318478E-02
8.502477E+03	-1.688865E+01	8.555522E-02	9.318654E-02
8.502677E+03	-1.688874E+01	8.600072E-02	9.318829E-02
8.502877E+03	-1.688878E+01	8.663392E-02	9.319005E-02
8.503077E+03	-1.688865E+01	8.704633E-02	9.319180E-02
8.503277E+03	-1.688798E+01	8.720407E-02	9.319356E-02
8.503477E+03	-1.688727E+01	8.601190E-02	9.319531E-02
8.503677E+03	-1.688727E+01	8.549706E-02	9.319706E-02
8.503878E+03	-1.688731E+01	8.559243E-02	9.319883E-02
8.504078E+03	-1.688727E+01	8.552197E-02	9.320058E-02
8.504278E+03	-1.688727E+01	8.567144E-02	9.320234E-02
8.504478E+03	-1.688731E+01	8.579174E-02	9.320409E-02
8.504677E+03	-1.688735E+01	8.579164E-02	9.320583E-02
8.504878E+03	-1.688726E+01	8.567974E-02	9.320760E-02
8.505677E+03	-1.688713E+01	8.514048E-02	9.321460E-02
8.505877E+03	-1.688696E+01	8.436524E-02	9.321636E-02
8.506477E+03	-1.688662E+01	8.421789E-02	9.322162E-02
8.506677E+03	-1.688629E+01	8.415776E-02	9.322337E-02
8.506877E+03	-1.688617E+01	8.411298E-02	9.322513E-02
8.507077E+03	-1.688641E+01	8.411140E-02	9.322688E-02
8.507277E+03	-1.688653E+01	8.425570E-02	9.322863E-02
8.507477E+03	-1.688637E+01	8.406609E-02	9.323039E-02
8.507677E+03	-1.688666E+01	8.414715E-02	9.323214E-02
8.507877E+03	-1.688694E+01	8.417438E-02	9.323389E-02
8.508077E+03	-1.688678E+01	8.416711E-02	9.323565E-02
8.508277E+03	-1.688653E+01	8.398212E-02	9.323740E-02
8.508477E+03	-1.688648E+01	8.390364E-02	9.323915E-02
8.508678E+03	-1.688644E+01	8.434323E-02	9.324091E-02
8.508878E+03	-1.688640E+01	8.432689E-02	9.324267E-02
8.509078E+03	-1.688652E+01	8.463706E-02	9.324442E-02
8.509278E+03	-1.688689E+01	8.509566E-02	9.324617E-02
8.509478E+03	-1.688722E+01	8.507771E-02	9.324793E-02
8.509678E+03	-1.688747E+01	8.508915E-02	9.324968E-02
8.509878E+03	-1.688776E+01	8.503392E-02	9.325143E-02
8.510078E+03	-1.688800E+01	8.499960E-02	9.325318E-02
8.510278E+03	-1.688834E+01	8.495238E-02	9.325494E-02
8.510478E+03	-1.688854E+01	8.487234E-02	9.325669E-02
8.510678E+03	-1.688825E+01	8.468222E-02	9.325844E-02
8.510878E+03	-1.688779E+01	8.466788E-02	9.326020E-02
8.511078E+03	-1.688754E+01	8.483119E-02	9.326195E-02
8.511278E+03	-1.688741E+01	8.483593E-02	9.326370E-02
8.511478E+03	-1.688741E+01	8.482762E-02	9.326545E-02
8.511678E+03	-1.688724E+01	8.473289E-02	9.326721E-02
8.511878E+03	-1.688712E+01	8.470444E-02	9.326896E-02
8.512078E+03	-1.688711E+01	8.443462E-02	9.327071E-02
8.512278E+03	-1.688691E+01	8.387979E-02	9.327246E-02
8.512478E+03	-1.688670E+01	8.382730E-02	9.327422E-02
8.512678E+03	-1.688686E+01	8.380124E-02	9.327597E-02
8.512878E+03	-1.688694E+01	8.371352E-02	9.327772E-02
8.513078E+03	-1.688669E+01	8.362823E-02	9.327947E-02
8.513278E+03	-1.688652E+01	8.297860E-02	9.328122E-02
8.513478E+03	-1.688640E+01	8.202649E-02	9.328298E-02
8.513679E+03	-1.688615E+01	8.156949E-02	9.328474E-02
8.513879E+03	-1.688598E+01	8.165846E-02	9.328649E-02
8.514079E+03	-1.688594E+01	8.122011E-02	9.328824E-02
8.514279E+03	-1.688606E+01	8.154979E-02	9.328999E-02
8.514479E+03	-1.688610E+01	8.162384E-02	9.329175E-02
8.514679E+03	-1.688601E+01	8.171179E-02	9.329350E-02
8.514879E+03	-1.688568E+01	8.162469E-02	9.329525E-02
8.515079E+03	-1.688568E+01	8.187295E-02	9.329700E-02
8.515279E+03	-1.688605E+01	8.193907E-02	9.329875E-02
8.515479E+03	-1.688613E+01	8.134582E-02	9.330050E-02
8.515679E+03	-1.688601E+01	8.023350E-02	9.330226E-02
8.515879E+03	-1.688625E+01	7.999769E-02	9.330401E-02
8.516079E+03	-1.688646E+01	8.011877E-02	9.330576E-02
8.516279E+03	-1.688629E+01	7.999289E-02	9.330751E-02
8.516479E+03	-1.688608E+01	8.006243E-02	9.330926E-02
8.516679E+03	-1.688612E+01	7.996652E-02	9.331101E-02
8.516879E+03	-1.688649E+01	8.005180E-02	9.331277E-02
8.517079E+03	-1.688574E+01	7.993518E-02	9.331452E-02
8.517279E+03	-1.688504E+01	7.989267E-02	9.331627E-02
8.517478E+03	-1.688566E+01	8.029234E-02	9.331801E-02
8.517678E+03	-1.688615E+01	8.044224E-02	9.331976E-02
8.517879E+03	-1.688590E+01	8.030929E-02	9.332152E-02
8.518078E+03	-1.688507E+01	8.000357E-02	9.332326E-02
8.518279E+03	-1.688495E+01	7.997661E-02	9.332502E-02
8.518479E+03	-1.688499E+01	7.983136E-02	9.332678E-02
8.518679E+03	-1.688499E+01	7.964131E-02	9.332853E-02
8.518879E+03	-1.688470E+01	7.976998E-02	9.333028E-02
8.519079E+03	-1.688445E+01	8.016602E-02	9.333203E-02
8.519279E+03	-1.688436E+01	8.029518E-02	9.333378E-02
8.519479E+03	-1.688436E+01	8.105428E-02	9.333553E-02
8.519679E+03	-1.688395E+01	8.189647E-02	9.333728E-02
8.519879E+03	-1.688357E+01	8.167833E-02	9.333903E-02
8.520079E+03	-1.688332E+01	8.198584E-02	9.334078E-02
8.520279E+03	-1.688299E+01	8.249539E-02	9.334253E-02
8.520479E+03	-1.688266E+01	8.394524E-02	9.334428E-02
8.520679E+03	-1.688250E+01	8.464470E-02	9.334603E-02
8.520879E+03	-1.688282E+01	8.474169E-02	9.334779E-02
8.521079E+03	-1.688327E+01	8.493291E-02	9.334954E-02
8.521279E+03	-1.688331E+01	8.516321E-02	9.335129E-02
8.521479E+03	-1.688327E+01	8.536913E-02	9.335304E-02
8.521679E+03	-1.688356E+01	8.528167E-02	9.335479E-02
8.521879E+03	-1.688368E+01	8.522355E-02	9.335654E-02
8.522079E+03	-1.688347E+01	8.540137E-02	9.335829E-02
8.522279E+03	-1.688339E+01	8.545516E-02	9.336004E-02
8.522479E+03	-1.688334E+01	8.538532E-02	9.336179E-02
8.522679E+03	-1.688305E+01	8.528757E-02	9.336354E-02
8.522879E+03	-1.688326E+01	8.519629E-02	9.336529E-02
8.523079E+03	-1.688342E+01	8.526153E-02	9.336704E-02
8.523279E+03	-1.688297E+01	8.514804E-02	9.336879E-02
8.523480E+03	-1.688251E+01	8.442675E-02	9.337055E-02
8.523680E+03	-1.688239E+01	8.442744E-02	9.337230E-02
8.523880E+03	-1.688230E+01	8.413224E-02	9.337405E-02
8.524080E+03	-1.688218E+01	8.392364E-02	9.337580E-02
8.524280E+03	-1.688197E+01	8.396606E-02	9.337755E-02
8.524480E+03	-1.688189E+01	8.400353E-02	9.337930E-02
8.524680E+03	-1.688168E+01	8.389416E-02	9.338105E-02
8.524880E+03	-1.688115E+01	8.333670E-02	9.338280E-02
8.525080E+03	-1.688106E+01	8.286237E-02	9.338455E-02
8.525280E+03	-1.688168E+01	8.300023E-02	9.338630E-02
8.525480E+03	-1.688172E+01	8.283993E-02	9.338805E-02
8.525680E+03	-1.688143E+01	8.269505E-02	9.338980E-02
8.525880E+03	-1.688138E+01	8.243727E-02	9.339155E-02
8.526080E+03	-1.688097E+01	8.170452E-02	9.339330E-02
8.526280E+03	-1.688015E+01	8.154259E-02	9.339505E-02
8.526480E+03	-1.687991E+01	8.139448E-02	9.339679E-02
8.526680E+03	-1.688035E+01	8.149103E-02	9.339854E-02
8.526880E+03	-1.688084E+01	8.142356E-02	9.340029E-02
8.527080E+03	-1.688121E+01	8.151726E-02	9.340204E-02
8.527280E+03	-1.688145E+01	8.112077E-02	9.340379E-02
8.527480E+03	-1.688158E+01	8.073376E-02	9.340554E-02
8.527680E+03	-1.688178E+01	8.078829E-02	9.340729E-02
8.527880E+03	-1.688219E+01	8.047463E-02	9.340904E-02
8.528080E+03	-1.688272E+01	8.050788E-02	9.341079E-02
8.528281E+03	-1.688317E+01	8.026259E-02	9.341255E-02
8.528481E+03	-1.688350E+01	8.004345E-02	9.341430E-02
8.528681E+03	-1.688395E+01	7.993739E-02	9.341604E-02
8.528881E+03	-1.688457E+01	7.984083E-02	9.341779E-02
8.529081E+03	-1.688552E+01	7.983373E-02	9.341954E-02
8.529281E+03	-1.688651E+01	7.982177E-02	9.342129E-02
8.529481E+03	-1.688622E+01	7.975603E-02	9.342304E-02
8.529681E+03	-1.688551E+01	7.953170E-02	9.342479E-02
8.529881E+03	-1.688505E+01	7.937819E-02	9.342654E-02
8.530081E+03	-1.688447E+01	7.933861E-02	9.342829E-02
8.530281E+03	-1.688410E+01	7.920482E-02	9.343004E-02
8.530480E+03	-1.688365E+01	8.041163E-02	9.343178E-02
8.530681E+03	-1.688331E+01	8.113691E-02	9.343353E-02
8.530880E+03	-1.688311E+01	8.132478E-02	9.343527E-02
8.531081E+03	-1.688302E+01	8.138342E-02	9.343703E-02
8.531281E+03	-1.688290E+01	8.152892E-02	9.343878E-02
8.531480E+03	-1.688261E+01	8.212839E-02	9.344052E-02
8.531680E+03	-1.688289E+01	8.239257E-02	9.344227E-02
8.531880E+03	-1.688273E+01	8.234493E-02	9.344401E-02
8.532080E+03	-1.688244E+01	8.209731E-02	9.344576E-02
8.532280E+03	-1.688223E+01	8.185728E-02	9.344751E-02
8.532480E+03	-1.688198E+01	8.201197E-02	9.344926E-02
8.532680E+03	-1.688231E+01	8.207402E-02	9.345101E-02
8.532880E+03	-1.688260E+01	8.235854E-02	9.345276E-02
8.533080E+03	-1.688268E+01	8.267421E-02	9.345450E-02
8.533281E+03	-1.688280E+01	8.236875E-02	9.345626E-02
8.533481E+03	-1.688280E+01	8.243865E-02	9.345801E-02
8.533681E+03	-1.688300E+01	8.260111E-02	9.345976E-02
8.533881E+03	-1.688324E+01	8.256164E-02	9.346150E-02
8.534081E+03	-1.688316E+01	8.351310E-02	9.346325E-02
8.534281E+03	-1.688336E+01	8.407971E-02	9.346500E-02
8.534481E+03	-1.688390E+01	8.427828E-02	9.346675E-02
8.534681E+03	-1.688406E+01	8.452886E-02	9.346850E-02
8.534881E+03	-1.688398E+01	8.456641E-02	9.347024E-02
8.535081E+03	-1.688398E+01	8.437262E-02	9.347199E-02
8.535281E+03	-1.688422E+01	8.395040E-02	9.347374E-02
8.535481E+03	-1.688459E+01	8.386533E-02	9.347549E-02
8.535681E+03	-1.688492E+01	8.390437E-02	9.347723E-02
8.535881E+03	-1.688508E+01	8.374616E-02	9.347898E-02
8.536081E+03	-1.688529E+01	8.335179E-02	9.348073E-02
8.536281E+03	-1.688558E+01	8.298526E-02	9.348248E-02
8.536481E+03	-1.688566E+01	8.241330E-02	9.348422E-02
8.536681E+03	-1.688590E+01	8.219953E-02	9.348597E-02
8.536881E+03	-1.688632E+01	8.260135E-02	9.348772E-02
8.537081E+03	-1.688623E+01	8.344356E-02	9.348947E-02
8.537281E+03	-1.688594E+01	8.330916E-02	9.349121E-02
8.537481E+03	-1.688606E+01	8.325428E-02	9.349296E-02
8.537681E+03	-1.688631E+01	8.329781E-02	9.349471E-02
8.537881E+03	-1.688668E+01	8.337774E-02	9.349645E-02
8.538082E+03	-1.688709E+01	8.395169E-02	9.349821E-02
8.538282E+03	-1.688726E+01	8.434113E-02	9.349996E-02
8.538482E+03	-1.688705E+01	8.423021E-02	9.350170E-02
8.538682E+03	-1.688696E+01	8.420580E-02	9.350345E-02
8.538882E+03	-1.688721E+01	8.323216E-02	9.350520E-02
8.539082E+03	-1.688734E+01	8.181408E-02	9.350695E-02
8.539282E+03	-1.688700E+01	8.112865E-02	9.350869E-02
8.539482E+03	-1.688679E+01	8.148417E-02	9.351044E-02
8.539682E+03	-1.688687E+01	8.150805E-02	9.351219E-02
8.539882E+03	-1.688687E+01	8.157032E-02	9.351393E-02
8.540082E+03	-1.688662E+01	8.168951E-02	9.351568E-02
8.540282E+03	-1.688629E+01	8.163957E-02	9.351743E-02
8.540482E+03	-1.688600E+01	8.141934E-02	9.351917E-02
8.540682E+03	-1.688603E+01	8.153483E-02	9.352092E-02
8.540882E+03	-1.688636E+01	8.161784E-02	9.352267E-02
8.541082E+03	-1.688669E+01	8.169268E-02	9.352441E-02
8.541282E+03	-1.688682E+01	8.219759E-02	9.352616E-02
8.541482E+03	-1.688677E+01	8.216898E-02	9.352791E-02
8.541682E+03	-1.688681E+01	8.175761E-02	9.352965E-02
8.541882E+03	-1.688681E+01	8.142139E-02	9.353140E-02
8.542082E+03	-1.688677E+01	8.102348E-02	9.353314E-02
8.542282E+03	-1.688673E+01	8.049699E-02	9.353489E-02
8.542482E+03	-1.688672E+01	8.009444E-02	9.353664E-02
8.542682E+03	-1.688685E+01	7.999703E-02	9.353838E-02
8.542882E+03	-1.688705E+01	7.998129E-02	9.354013E-02
8.543083E+03	-1.688730E+01	8.003967E-02	9.354188E-02
8.543282E+03	-1.688776E+01	8.012400E-02	9.354362E-02
8.543483E+03	-1.688830E+01	8.043215E-02	9.354538E-02
8.543683E+03	-1.688850E+01	8.075827E-02	9.354712E-02
8.543882E+03	-1.688854E+01	8.109525E-02	9.354886E-02
8.544083E+03	-1.688887E+01	8.136192E-02	9.355061E-02
8.544282E+03	-1.688925E+01	8.092304E-02	9.355235E-02
8.544482E+03	-1.688954E+01	8.111954E-02	9.355410E-02
8.544682E+03	-1.689000E+01	8.202922E-02	9.355584E-02
8.544882E+03	-1.689050E+01	8.212411E-02	9.355759E-02
8.545082E+03	-1.689058E+01	8.226556E-02	9.355933E-02
8.545282E+03	-1.689003E+01	8.186148E-02	9.356108E-02
8.545482E+03	-1.688932E+01	8.165671E-02	9.356282E-02
8.545682E+03	-1.688932E+01	8.165671E-02	9.356457E-02
8.545882E+03	-1.688932E+01	8.157739E-02	9.356632E-02
8.546082E+03	-1.688877E+01	8.148390E-02	9.356806E-02
8.546282E+03	-1.688840E+01	8.095942E-02	9.356981E-02
8.546482E+03	-1.688798E+01	8.112325E-02	9.357155E-02
8.546682E+03	-1.688739E+01	8.123069E-02	9.357330E-02
8.546882E+03	-1.688706E+01	8.116854E-02	9.357504E-02
8.547082E+03	-1.688697E+01	8.127345E-02	9.357679E-02
8.547282E+03	-1.688689E+01	8.113335E-02	9.357853E-02
8.547482E+03	-1.688664E+01	8.056814E-02	9.358028E-02
8.547682E+03	-1.688647E+01	8.052077E-02	9.358202E-02
8.547883E+03	-1.688651E+01	8.014266E-02	9.358378E-02
8.548083E+03	-1.688643E+01	7.956743E-02	9.358552E-02
8.548283E+03	-1.688634E+01	7.973469E-02	9.358727E-02
8.548483E+03	-1.688663E+01	7.971333E-02	9.358901E-02
8.548683E+03	-1.688709E+01	7.924472E-02	9.359076E-02
8.548883E+03	-1.688729E+01	7.946966E-02	9.359250E-02
8.549083E+03	-1.688708E+01	7.928211E-02	9.359425E-02
8.549483E+03	-1.688683E+01	7.941100E-02	9.359774E-02
8.549683E+03	-1.688662E+01	7.932742E-02	9.359948E-02
8.549883E+03	-1.688649E+01	7.881518E-02	9.360123E-02
8.550483E+03	-1.688624E+01	7.838445E-02	9.360646E-02
8.550683E+03	-1.688607E+01	7.841255E-02	9.360820E-02
8.550883E+03	-1.688586E+01	7.852429E-02	9.360995E-02
8.551083E+03	-1.688528E+01	7.860987E-02	9.361169E-02
8.551283E+03	-1.688474E+01	7.849611E-02	9.361344E-02
8.551483E+03	-1.688470E+01	7.862498E-02	9.361518E-02
8.551683E+03	-1.688486E+01	7.866731E-02	9.361693E-02
8.551883E+03	-1.688499E+01	7.899571E-02	9.361867E-02
8.552083E+03	-1.688511E+01	7.853857E-02	9.362041E-02
8.552283E+03	-1.688544E+01	7.798595E-02	9.362216E-02
8.552483E+03	-1.688585E+01	7.743068E-02	9.362390E-02
8.552683E+03	-1.688626E+01	7.714387E-02	9.362565E-02
8.552884E+03	-1.688647E+01	7.685714E-02	9.362740E-02
8.553084E+03	-1.688647E+01	7.682395E-02	9.362914E-02
8.553284E+03	-1.688613E+01	7.678602E-02	9.363089E-02
8.553484E+03	-1.688584E+01	7.673061E-02	9.363263E-02
8.553684E+03	-1.688571E+01	7.710622E-02	9.363438E-02
8.553884E+03	-1.688534E+01	7.699459E-02	9.363612E-02
8.554084E+03	-1.688480E+01	7.684975E-02	9.363786E-02
8.554284E+03	-1.688447E+01	7.665089E-02	9.363961E-02
8.554484E+03	-1.688422E+01	7.657417E-02	9.364135E-02
8.554684E+03	-1.688413E+01	7.652661E-02	9.364309E-02
8.554884E+03	-1.688409E+01	7.653997E-02	9.364484E-02
8.555084E+03	-1.688393E+01	7.650677E-02	9.364658E-02
8.555284E+03	-1.688368E+01	7.645908E-02	9.364832E-02
8.555484E+03	-1.688372E+01	7.642511E-02	9.365007E-02
8.555684E+03	-1.688384E+01	7.620771E-02	9.365181E-02
8.555883E+03	-1.688392E+01	7.623044E-02	9.365355E-02
8.556084E+03	-1.688416E+01	7.645547E-02	9.365530E-02
8.556283E+03	-1.688462E+01	7.670897E-02	9.365703E-02
8.556484E+03	-1.688453E+01	7.669438E-02	9.365879E-02
8.556683E+03	-1.688395E+01	7.658003E-02	9.366052E-02
8.556883E+03	-1.688337E+01	7.649070E-02	9.366226E-02
8.557083E+03	-1.688292E+01	7.635336E-02	9.366401E-02
8.557283E+03	-1.688300E+01	7.661067E-02	9.366575E-02
8.557483E+03	-1.688320E+01	7.646169E-02	9.366749E-02
8.557684E+03	-1.688370E+01	7.636740E-02	9.366924E-02
8.557884E+03	-1.688444E+01	7.657656E-02	9.367099E-02
8.558084E+03	-1.688452E+01	7.670264E-02	9.367273E-02
8.558284E+03	-1.688431E+01	7.667444E-02	9.367447E-02
8.558484E+03	-1.688414E+01	7.661641E-02	9.367622E-02
8.558684E+03	-1.688414E+01	7.661641E-02	9.367796E-02
8.558884E+03	-1.688422E+01	7.677957E-02	9.367970E-02
8.559084E+03	-1.688414E+01	7.681862E-02	9.368144E-02
8.559284E+03	-1.688393E+01	7.670377E-02	9.368319E-02
8.559484E+03	-1.688376E+01	7.635304E-02	9.368493E-02
8.559684E+03	-1.688343E+01	7.619209E-02	9.368667E-02
8.559884E+03	-1.688331E+01	7.607567E-02	9.368842E-02
8.560084E+03	-1.688335E+01	7.607053E-02	9.369016E-02
8.560284E+03	-1.688351E+01	7.614885E-02	9.369190E-02
8.560484E+03	-1.688359E+01	7.662493E-02	9.369364E-02
8.560684E+03	-1.688351E+01	7.658154E-02	9.369539E-02
8.560884E+03	-1.688338E+01	7.674925E-02	9.369713E-02
8.561084E+03	-1.688317E+01	7.672934E-02	9.369887E-02
8.561284E+03	-1.688309E+01	7.688359E-02	9.370061E-02
8.561484E+03	-1.688305E+01	7.747731E-02	9.370236E-02
8.561684E+03	-1.688304E+01	7.751848E-02	9.370410E-02
8.561884E+03	-1.688325E+01	7.757994E-02	9.370584E-02
8.562084E+03	-1.688370E+01	7.764447E-02	9.370758E-02
8.562284E+03	-1.688427E+01	7.752074E-02	9.370932E-02
8.562484E+03	-1.688477E+01	7.761340E-02	9.371107E-02
8.562685E+03	-1.688489E+01	7.730070E-02	9.371282E-02
8.562885E+03	-1.688431E+01	7.710698E-02	9.371456E-02
8.563085E+03	-1.688398E+01	7.697413E-02	9.371630E-02
8.563285E+03	-1.688418E+01	7.701071E-02	9.371804E-02
8.563485E+03	-1.688464E+01	7.680207E-02	9.371978E-02
8.563685E+03	-1.688484E+01	7.691303E-02	9.372153E-02
8.563885E+03	-1.688496E+01	7.704664E-02	9.372327E-02
8.564085E+03	-1.688500E+01	7.710774E-02	9.372501E-02
8.564285E+03	-1.688504E+01	7.721434E-02	9.372675E-02
8.564485E+03	-1.688521E+01	7.714447E-02	9.372849E-02
8.564685E+03	-1.688529E+01	7.738263E-02	9.373024E-02
8.564885E+03	-1.688516E+01	7.753013E-02	9.373198E-02
8.565085E+03	-1.688520E+01	7.781471E-02	9.373372E-02
8.565285E+03	-1.688549E+01	7.816059E-02	9.373546E-02
8.565485E+03	-1.688561E+01	7.855980E-02	9.373720E-02
8.565685E+03	-1.688573E+01	7.887639E-02	9.373894E-02
8.565885E+03	-1.688544E+01	7.902661E-02	9.374068E-02
8.566085E+03	-1.688490E+01	7.937947E-02	9.374243E-02
8.566285E+03	-1.688424E+01	7.926287E-02	9.374417E-02
8.566485E+03	-1.688387E+01	7.919924E-02	9.374591E-02
8.566685E+03	-1.688457E+01	7.932319E-02	9.374765E-02
8.566885E+03	-1.688527E+01	7.954686E-02	9.374939E-02
8.567085E+03	-1.688531E+01	7.992277E-02	9.375113E-02
8.567285E+03	-1.688498E+01	7.975436E-02	9.375287E-02
8.567486E+03	-1.688448E+01	7.932463E-02	9.375462E-02
8.567686E+03	-1.688472E+01	7.914674E-02	9.375636E-02
8.567886E+03	-1.688543E+01	7.859194E-02	9.375811E-02
8.568086E+03	-1.688588E+01	7.812742E-02	9.375985E-02
8.568286E+03	-1.688588E+01	7.903497E-02	9.376159E-02
8.568486E+03	-1.688563E+01	7.910985E-02	9.376333E-02
8.568685E+03	-1.688567E+01	7.854993E-02	9.376506E-02
8.568886E+03	-1.688595E+01	7.745844E-02	9.376681E-02
8.569085E+03	-1.688637E+01	7.678980E-02	9.376854E-02
8.569285E+03	-1.688662E+01	7.703310E-02	9.377028E-02
8.569486E+03	-1.688632E+01	7.700648E-02	9.377203E-02
8.569685E+03	-1.688607E+01	7.728991E-02	9.377376E-02
8.569885E+03	-1.688607E+01	7.702871E-02	9.377550E-02
8.570085E+03	-1.688611E+01	7.802291E-02	9.377725E-02
8.570285E+03	-1.688644E+01	7.890001E-02	9.377899E-02
8.570485E+03	-1.688694E+01	7.901966E-02	9.378073E-02
8.570685E+03	-1.688735E+01	7.962759E-02	9.378247E-02
8.570885E+03	-1.688772E+01	8.005419E-02	9.378421E-02
8.571085E+03	-1.688818E+01	8.013033E-02	9.378595E-02
8.571285E+03	-1.688872E+01	8.067674E-02	9.378769E-02
8.571485E+03	-1.688872E+01	8.110223E-02	9.378943E-02
8.571685E+03	-1.688938E+01	8.140254E-02	9.379117E-02
8.571885E+03	-1.688955E+01	8.145059E-02	9.379291E-02
8.572085E+03	-1.688959E+01	8.143753E-02	9.379465E-02
8.572285E+03	-1.689013E+01	8.169859E-02	9.379639E-02
8.572486E+03	-1.689046E+01	8.151032E-02	9.379814E-02
8.572686E+03	-1.689042E+01	8.143964E-02	9.379988E-02
8.572886E+03	-1.689092E+01	8.149625E-02	9.380162E-02
8.573086E+03	-1.689163E+01	8.293634E-02	9.380336E-02
8.573286E+03	-1.689180E+01	8.333816E-02	9.380510E-02
8.573486E+03	-1.689184E+01	8.448490E-02	9.380684E-02
8.573686E+03	-1.689213E+01	8.505512E-02	9.380858E-02
8.573886E+03	-1.689217E+01	8.520632E-02	9.381032E-02
8.574086E+03	-1.689205E+01	8.525305E-02	9.381206E-02
8.574286E+03	-1.689200E+01	8.537090E-02	9.381380E-02
8.574486E+03	-1.689162E+01	8.654392E-02	9.381554E-02
8.574686E+03	-1.689124E+01	8.850796E-02	9.381728E-02
8.574886E+03	-1.689099E+01	8.864120E-02	9.381902E-02
8.575086E+03	-1.689120E+01	8.881408E-02	9.382075E-02
8.575286E+03	-1.689124E+01	8.914156E-02	9.382249E-02
8.575486E+03	-1.689111E+01	8.919963E-02	9.382423E-02
8.575686E+03	-1.689128E+01	8.916696E-02	9.382597E-02
8.575886E+03	-1.689132E+01	8.939382E-02	9.382771E-02
8.576086E+03	-1.689144E+01	8.909229E-02	9.382945E-02
8.576286E+03	-1.689169E+01	8.915239E-02	9.383119E-02
8.576486E+03	-1.689156E+01	8.884098E-02	9.383293E-02
8.576686E+03	-1.689143E+01	8.881941E-02	9.383467E-02
8.576886E+03	-1.689177E+01	8.946374E-02	9.383641E-02
8.577086E+03	-1.689248E+01	9.046539E-02	9.383815E-02
8.577287E+03	-1.689307E+01	9.059250E-02	9.383990E-02
8.577487E+03	-1.689336E+01	9.077636E-02	9.384163E-02
8.577687E+03	-1.689395E+01	9.114061E-02	9.384337E-02
8.577887E+03	-1.689471E+01	9.116081E-02	9.384511E-02
8.578087E+03	-1.689505E+01	9.119803E-02	9.384685E-02
8.578287E+03	-1.689530E+01	9.161568E-02	9.384859E-02
8.578487E+03	-1.689560E+01	9.149601E-02	9.385033E-02
8.578687E+03	-1.689593E+01	9.247104E-02	9.385207E-02
8.578887E+03	-1.689627E+01	9.164760E-02	9.385381E-02
8.579087E+03	-1.689648E+01	9.133988E-02	9.385555E-02
8.579287E+03	-1.689656E+01	9.189727E-02	9.385728E-02
8.579487E+03	-1.689673E+01	9.220099E-02	9.385898E-02
8.579687E+03	-1.689694E+01	9.200376E-02	9.386066E-02
8.579887E+03	-1.689728E+01	9.139929E-02	9.386234E-02
8.580087E+03	-1.689766E+01	9.118182E-02	9.386401E-02
8.580287E+03	-1.689775E+01	9.129769E-02	9.386569E-02
8.580487E+03	-1.689787E+01	9.138422E-02	9.386736E-02
8.580687E+03	-1.689830E+01	9.148250E-02	9.386904E-02
8.580887E+03	-1.689868E+01	9.133290E-02	9.387071E-02
8.581087E+03	-1.689932E+01	9.148060E-02	9.387239E-02
8.581287E+03	-1.689987E+01	9.132385E-02	9.387407E-02
8.581487E+03	-1.689996E+01	9.106354E-02	9.387574E-02
8.581686E+03	-1.689978E+01	9.101908E-02	9.387741E-02
8.581887E+03	-1.689983E+01	9.103662E-02	9.387909E-02
8.582086E+03	-1.690008E+01	9.121041E-02	9.388076E-02
8.582288E+03	-1.689982E+01	9.122068E-02	9.388245E-02
8.582487E+03	-1.689939E+01	9.023285E-02	9.388412E-02
8.582687E+03	-1.689948E+01	8.971171E-02	9.388580E-02
8.582887E+03	-1.689952E+01	8.970343E-02	9.388747E-02
8.583087E+03	-1.689964E+01	8.937481E-02	9.388915E-02
8.583287E+03	-1.689990E+01	8.893532E-02	9.389082E-02
8.583487E+03	-1.690020E+01	8.886393E-02	9.389250E-02
8.583687E+03	-1.690045E+01	8.892084E-02	9.389417E-02
8.583887E+03	-1.690071E+01	8.924376E-02	9.389585E-02
8.584087E+03	-1.690109E+01	8.930599E-02	9.389752E-02
8.584287E+03	-1.690165E+01	8.935212E-02	9.389920E-02
8.584487E+03	-1.690186E+01	8.951679E-02	9.390087E-02
8.584687E+03	-1.690191E+01	8.950845E-02	9.390255E-02
8.584887E+03	-1.690199E+01	8.931968E-02	9.390422E-02
8.585087E+03	-1.690207E+01	8.923842E-02	9.390590E-02
8.585287E+03	-1.690207E+01	8.913084E-02	9.390757E-02
8.585487E+03	-1.690207E+01	8.836062E-02	9.390925E-02
8.585687E+03	-1.690233E+01	8.853804E-02	9.391092E-02
8.585887E+03	-1.690258E+01	8.884922E-02	9.391260E-02
8.586087E+03	-1.690284E+01	8.934612E-02	9.391427E-02
8.586287E+03	-1.690331E+01	8.954734E-02	9.391595E-02
8.586487E+03	-1.690353E+01	8.912989E-02	9.391762E-02
8.586687E+03	-1.690348E+01	8.861162E-02	9.391930E-02
8.586887E+03	-1.690365E+01	8.858208E-02	9.392097E-02
8.587088E+03	-1.690391E+01	8.865657E-02	9.392265E-02
8.587288E+03	-1.690417E+01	8.872683E-02	9.392433E-02
8.587488E+03	-1.690456E+01	8.854674E-02	9.392600E-02
8.587688E+03	-1.690477E+01	8.878140E-02	9.392768E-02
8.587888E+03	-1.690468E+01	8.833945E-02	9.392935E-02
8.588088E+03	-1.690408E+01	8.835900E-02	9.393103E-02
8.588288E+03	-1.690373E+01	8.828437E-02	9.393270E-02
8.588488E+03	-1.690416E+01	8.842416E-02	9.393438E-02
8.588688E+03	-1.690429E+01	8.837705E-02	9.393605E-02
8.588888E+03	-1.690403E+01	8.833724E-02	9.393772E-02
8.589088E+03	-1.690428E+01	8.831217E-02	9.393940E-02
8.589288E+03	-1.690484E+01	8.857390E-02	9.394107E-02
8.589488E+03	-1.690497E+01	8.900763E-02	9.394275E-02
8.589688E+03	-1.690484E+01	8.843965E-02	9.394442E-02
8.589888E+03	-1.690484E+01	8.830972E-02	9.394610E-02
8.590088E+03	-1.690501E+01	8.859625E-02	9.394777E-02
8.590288E+03	-1.690510E+01	8.950228E-02	9.394944E-02
8.590488E+03	-1.690492E+01	8.942325E-02	9.395112E-02
8.590688E+03	-1.690488E+01	8.976517E-02	9.395279E-02
8.590888E+03	-1.690483E+01	8.983417E-02	9.395447E-02
8.591088E+03	-1.690492E+01	8.986075E-02	9.395614E-02
8.591288E+03	-1.690522E+01	8.992787E-02	9.395781E-02
8.591488E+03	-1.690535E+01	8.988109E-02	9.395949E-02
8.591688E+03	-1.690526E+01	8.990217E-02	9.396116E-02
8.591888E+03	-1.690487E+01	8.982580E-02	9.396283E-02
8.592089E+03	-1.690469E+01	8.970339E-02	9.396452E-02
8.592289E+03	-1.690465E+01	8.956891E-02	9.396619E-02
8.592489E+03	-1.690451E+01	8.965898E-02	9.396786E-02
8.592689E+03	-1.690477E+01	8.987285E-02	9.396954E-02
8.592889E+03	-1.690533E+01	8.969898E-02	9.397121E-02
8.593089E+03	-1.690538E+01	8.887534E-02	9.397288E-02
8.593289E+03	-1.690503E+01	8.879574E-02	9.397456E-02
8.593489E+03	-1.690494E+01	8.905961E-02	9.397623E-02
8.593689E+03	-1.690528E+01	8.963800E-02	9.397790E-02
8.593889E+03	-1.690537E+01	8.989874E-02	9.397958E-02
8.594089E+03	-1.690515E+01	8.984955E-02	9.398125E-02
8.594289E+03	-1.690489E+01	9.113860E-02	9.398292E-02
8.594488E+03	-1.690463E+01	9.139146E-02	9.398459E-02
8.594689E+03	-1.690463E+01	9.140444E-02	9.398627E-02
8.594888E+03	-1.690488E+01	9.161942E-02	9.398793E-02
8.595088E+03	-1.690506E+01	9.165598E-02	9.398961E-02
8.595289E+03	-1.690549E+01	9.178657E-02	9.399129E-02
8.595488E+03	-1.690609E+01	9.256916E-02	9.399295E-02
8.595688E+03	-1.690641E+01	9.316370E-02	9.399463E-02
8.595888E+03	-1.690647E+01	9.366121E-02	9.399630E-02
8.596088E+03	-1.690665E+01	9.406937E-02	9.399797E-02
8.596288E+03	-1.690693E+01	9.424816E-02	9.399965E-02
8.596488E+03	-1.690696E+01	9.455510E-02	9.400132E-02
8.596688E+03	-1.690678E+01	9.427791E-02	9.400299E-02
8.596889E+03	-1.690670E+01	9.447407E-02	9.400467E-02
8.597089E+03	-1.690687E+01	9.448393E-02	9.400634E-02
8.597289E+03	-1.690736E+01	9.447000E-02	9.400802E-02
8.597489E+03	-1.690787E+01	9.530942E-02	9.400969E-02
8.597689E+03	-1.690820E+01	9.523381E-02	9.401136E-02
8.597889E+03	-1.690842E+01	9.598143E-02	9.401303E-02
8.598089E+03	-1.690834E+01	9.639975E-02	9.401471E-02
8.598289E+03	-1.690839E+01	9.775305E-02	9.401638E-02
8.598489E+03	-1.690869E+01	9.775876E-02	9.401805E-02
8.598689E+03	-1.690872E+01	9.763551E-02	9.401972E-02
8.598889E+03	-1.690889E+01	9.862797E-02	9.402140E-02
8.599089E+03	-1.690953E+01	9.888162E-02	9.402307E-02
8.599289E+03	-1.690992E+01	1.001240E-01	9.402474E-02
8.599489E+03	-1.690971E+01	1.010743E-01	9.402641E-02
8.599689E+03	-1.690956E+01	1.007254E-01	9.402809E-02
8.599889E+03	-1.690991E+01	1.008242E-01	9.402976E-02
8.600089E+03	-1.691036E+01	1.011363E-01	9.403143E-02
8.600289E+03	-1.691056E+01	1.015203E-01	9.403310E-02
8.600489E+03	-1.691093E+01	1.020908E-01	9.403477E-02
8.600689E+03	-1.691147E+01	1.028436E-01	9.403645E-02
8.600889E+03	-1.691186E+01	1.037223E-01	9.403812E-02
8.601089E+03	-1.691231E+01	1.047606E-01	9.403979E-02
8.601289E+03	-1.691293E+01	1.061508E-01	9.404146E-02
8.601489E+03	-1.691339E+01	1.072218E-01	9.404313E-02
8.601689E+03	-1.691362E+01	1.089328E-01	9.404481E-02
8.601890E+03	-1.691388E+01	1.109753E-01	9.404649E-02
8.602090E+03	-1.691428E+01	1.111535E-01	9.404816E-02
8.602290E+03	-1.691464E+01	1.117128E-01	9.404983E-02
8.602490E+03	-1.691510E+01	1.124735E-01	9.405150E-02
8.602690E+03	-1.691560E+01	1.143041E-01	9.405317E-02
8.602890E+03	-1.691610E+01	1.145908E-01	9.405484E-02
8.603090E+03	-1.691637E+01	1.151229E-01	9.405652E-02
8.603290E+03	-1.691663E+01	1.155507E-01	9.405819E-02
8.603490E+03	-1.691699E+01	1.156479E-01	9.405986E-02
8.603690E+03	-1.691713E+01	1.158062E-01	9.406153E-02
8.603890E+03	-1.691726E+01	1.157203E-01	9.406320E-02
8.604090E+03	-1.691762E+01	1.157643E-01	9.406487E-02
8.604290E+03	-1.691792E+01	1.158407E-01	9.406654E-02
8.604490E+03	-1.691834E+01	1.161750E-01	9.406821E-02
8.604690E+03	-1.691857E+01	1.172075E-01	9.406989E-02
8.604890E+03	-1.691850E+01	1.174812E-01	9.407156E-02
8.605090E+03	-1.691851E+01	1.177461E-01	9.407323E-02
8.605290E+03	-1.691880E+01	1.181739E-01	9.407490E-02
8.605490E+03	-1.691878E+01	1.184220E-01	9.407657E-02
8.605690E+03	-1.691869E+01	1.182992E-01	9.407824E-02
8.605890E+03	-1.691907E+01	1.182226E-01	9.407991E-02
8.606090E+03	-1.691953E+01	1.184110E-01	9.408158E-02
8.606290E+03	-1.691984E+01	1.186388E-01	9.408325E-02
8.606490E+03	-1.691943E+01	1.194548E-01	9.408492E-02
8.606691E+03	-1.691907E+01	1.196978E-01	9.408660E-02
8.606891E+03	-1.691936E+01	1.199348E-01	9.408827E-02
8.607091E+03	-1.691947E+01	1.201975E-01	9.408995E-02
8.607290E+03	-1.691946E+01	1.203006E-01	9.409161E-02
8.607490E+03	-1.691940E+01	1.203740E-01	9.409328E-02
8.607691E+03	-1.691929E+01	1.204191E-01	9.409496E-02
8.607890E+03	-1.691948E+01	1.204444E-01	9.409662E-02
8.608091E+03	-1.691963E+01	1.205270E-01	9.409830E-02
8.608290E+03	-1.691991E+01	1.203286E-01	9.409996E-02
8.608490E+03	-1.692020E+01	1.204633E-01	9.410163E-02
8.608690E+03	-1.692039E+01	1.203944E-01	9.410330E-02
8.608890E+03	-1.692126E+01	1.205779E-01	9.410497E-02
8.609090E+03	-1.692211E+01	1.206386E-01	9.410664E-02
8.609290E+03	-1.692272E+01	1.203068E-01	9.410831E-02
8.609490E+03	-1.692336E+01	1.204620E-01	9.410998E-02
8.609690E+03	-1.692383E+01	1.206404E-01	9.411165E-02
8.609890E+03	-1.692429E+01	1.208478E-01	9.411332E-02
8.610090E+03	-1.692474E+01	1.209208E-01	9.411499E-02
8.610290E+03	-1.692513E+01	1.210295E-01	9.411666E-02
8.610490E+03	-1.692555E+01	1.211506E-01	9.411833E-02
8.610690E+03	-1.692590E+01	1.214951E-01	9.412000E-02
8.610890E+03	-1.692623E+01	1.217506E-01	9.412167E-02
8.611090E+03	-1.692679E+01	1.220471E-01	9.412334E-02
8.611290E+03	-1.692699E+01	1.222174E-01	9.412501E-02
8.611490E+03	-1.692679E+01	1.221883E-01	9.412668E-02
8.611691E+03	-1.692650E+01	1.220803E-01	9.412836E-02
8.611891E+03	-1.692634E+01	1.219639E-01	9.413003E-02
8.612091E+03	-1.692671E+01	1.219628E-01	9.413170E-02
8.612291E+03	-1.692697E+01	1.219185E-01	9.413337E-02
8.612491E+03	-1.692698E+01	1.217888E-01	9.413504E-02
8.612691E+03	-1.692702E+01	1.216714E-01	9.413671E-02
8.612891E+03	-1.692716E+01	1.215983E-01	9.413838E-02
8.613091E+03	-1.692705E+01	1.214731E-01	9.414005E-02
8.613291E+03	-1.692696E+01	1.211500E-01	9.414172E-02
8.613491E+03	-1.692737E+01	1.209431E-01	9.414339E-02
8.613691E+03	-1.692791E+01	1.207082E-01	9.414506E-02
8.613891E+03	-1.692814E+01	1.203432E-01	9.414673E-02
8.614091E+03	-1.692787E+01	1.202835E-01	9.414840E-02
8.614291E+03	-1.692765E+01	1.202456E-01	9.415007E-02
8.614491E+03	-1.692751E+01	1.202612E-01	9.415174E-02
8.614691E+03	-1.692690E+01	1.200673E-01	9.415340E-02
8.614891E+03	-1.692621E+01	1.196472E-01	9.415507E-02
8.615091E+03	-1.692577E+01	1.195860E-01	9.415674E-02
8.615291E+03	-1.692574E+01	1.194739E-01	9.415841E-02
8.615491E+03	-1.692565E+01	1.195424E-01	9.416008E-02
8.615691E+03	-1.692535E+01	1.194132E-01	9.416175E-02
8.615891E+03	-1.692551E+01	1.192004E-01	9.416342E-02
8.616091E+03	-1.692595E+01	1.188277E-01	9.416509E-02
8.616291E+03	-1.692593E+01	1.185498E-01	9.416676E-02
8.616492E+03	-1.692591E+01	1.187189E-01	9.416843E-02
8.616692E+03	-1.692616E+01	1.185292E-01	9.417010E-02
8.616892E+03	-1.692682E+01	1.187916E-01	9.417177E-02
8.617092E+03	-1.692739E+01	1.189900E-01	9.417344E-02
8.617292E+03	-1.692748E+01	1.190059E-01	9.417511E-02
8.617492E+03	-1.692727E+01	1.185136E-01	9.417678E-02
8.617692E+03	-1.692735E+01	1.185692E-01	9.417845E-02
8.617892E+03	-1.692781E+01	1.180739E-01	9.418012E-02
8.618092E+03	-1.692820E+01	1.177464E-01	9.418178E-02
8.618292E+03	-1.692818E+01	1.175631E-01	9.418345E-02
8.618492E+03	-1.692798E+01	1.169831E-01	9.418512E-02
8.618692E+03	-1.692811E+01	1.167158E-01	9.418679E-02
8.618892E+03	-1.692854E+01	1.169745E-01	9.418846E-02
8.619092E+03	-1.692876E+01	1.168781E-01	9.419013E-02
8.619292E+03	-1.692889E+01	1.166402E-01	9.419180E-02
8.619492E+03	-1.692914E+01	1.166092E-01	9.419346E-02
8.619692E+03	-1.692955E+01	1.168635E-01	9.419513E-02
8.619891E+03	-1.693010E+01	1.170335E-01	9.419679E-02
8.620092E+03	-1.693034E+01	1.169717E-01	9.419847E-02
8.620291E+03	-1.693036E+01	1.171284E-01	9.420013E-02
8.620492E+03	-1.693027E+01	1.170956E-01	9.420180E-02
8.620692E+03	-1.693009E+01	1.170669E-01	9.420347E-02
8.620891E+03	-1.693017E+01	1.160510E-01	9.420513E-02
8.621092E+03	-1.693078E+01	1.160189E-01	9.420681E-02
8.621291E+03	-1.693126E+01	1.149967E-01	9.420847E-02
8.621492E+03	-1.693137E+01	1.144434E-01	9.421014E-02
8.621692E+03	-1.693162E+01	1.146829E-01	9.421181E-02
8.621892E+03	-1.693184E+01	1.150227E-01	9.421348E-02
8.622092E+03	-1.693199E+01	1.152383E-01	9.421515E-02
8.622292E+03	-1.693239E+01	1.145519E-01	9.421682E-02
8.622492E+03	-1.693290E+01	1.129676E-01	9.421848E-02
8.622692E+03	-1.693306E+01	1.128663E-01	9.422015E-02
8.622892E+03	-1.693335E+01	1.128345E-01	9.422182E-02
8.623092E+03	-1.693363E+01	1.128384E-01	9.422349E-02
8.623292E+03	-1.693340E+01	1.137270E-01	9.422515E-02
8.623492E+03	-1.693312E+01	1.141875E-01	9.422682E-02
8.623692E+03	-1.693308E+01	1.139881E-01	9.422849E-02
8.623892E+03	-1.693298E+01	1.140262E-01	9.423016E-02
8.624092E+03	-1.693267E+01	1.139784E-01	9.423182E-02
8.624292E+03	-1.693243E+01	1.139801E-01	9.423349E-02
8.624492E+03	-1.693241E+01	1.143481E-01	9.423516E-02
8.624692E+03	-1.693228E+01	1.142552E-01	9.423683E-02
8.624892E+03	-1.693197E+01	1.133540E-01	9.423849E-02
8.625092E+03	-1.693187E+01	1.132641E-01	9.424016E-02
8.625292E+03	-1.693196E+01	1.136653E-01	9.424183E-02
8.625492E+03	-1.693171E+01	1.137627E-01	9.424350E-02
8.625692E+03	-1.693132E+01	1.136451E-01	9.424516E-02
8.625892E+03	-1.693120E+01	1.136966E-01	9.424683E-02
8.626092E+03	-1.693132E+01	1.137765E-01	9.424850E-02
8.626693E+03	-1.693147E+01	1.137875E-01	9.425351E-02
8.626893E+03	-1.693158E+01	1.129523E-01	9.425517E-02
8.627093E+03	-1.693182E+01	1.135819E-01	9.425684E-02
8.627293E+03	-1.693184E+01	1.135222E-01	9.425851E-02
8.627493E+03	-1.693196E+01	1.128016E-01	9.426017E-02
8.627693E+03	-1.693214E+01	1.126096E-01	9.426184E-02
8.627893E+03	-1.693237E+01	1.127803E-01	9.426351E-02
8.628093E+03	-1.693284E+01	1.130010E-01	9.426517E-02
8.628293E+03	-1.693332E+01	1.131169E-01	9.426684E-02
8.628493E+03	-1.693338E+01	1.132715E-01	9.426851E-02
8.628693E+03	-1.693327E+01	1.133767E-01	9.427017E-02
8.628893E+03	-1.693319E+01	1.142444E-01	9.427184E-02
8.629093E+03	-1.693328E+01	1.170406E-01	9.427351E-02
8.629293E+03	-1.693343E+01	1.183779E-01	9.427517E-02
8.629493E+03	-1.693345E+01	1.186283E-01	9.427684E-02
8.630093E+03	-1.693364E+01	1.186814E-01	9.428184E-02
8.630293E+03	-1.693388E+01	1.188412E-01	9.428350E-02
8.630493E+03	-1.693428E+01	1.193724E-01	9.428517E-02
8.630693E+03	-1.693449E+01	1.202259E-01	9.428684E-02
8.630893E+03	-1.693417E+01	1.203447E-01	9.428850E-02
8.631093E+03	-1.693417E+01	1.208620E-01	9.429017E-02
8.631294E+03	-1.693441E+01	1.211227E-01	9.429184E-02
8.631494E+03	-1.693465E+01	1.211297E-01	9.429351E-02
8.631694E+03	-1.693474E+01	1.213679E-01	9.429518E-02
8.631894E+03	-1.693452E+01	1.213002E-01	9.429684E-02
8.632094E+03	-1.693455E+01	1.213637E-01	9.429851E-02
8.632294E+03	-1.693507E+01	1.214348E-01	9.430017E-02
8.632494E+03	-1.693564E+01	1.215297E-01	9.430184E-02
8.632694E+03	-1.693571E+01	1.216901E-01	9.430350E-02
8.632894E+03	-1.693595E+01	1.218651E-01	9.430517E-02
8.633094E+03	-1.693645E+01	1.219491E-01	9.430684E-02
8.633494E+03	-1.693653E+01	1.220460E-01	9.431017E-02
8.633693E+03	-1.693649E+01	1.220834E-01	9.431182E-02
8.633894E+03	-1.693663E+01	1.221567E-01	9.431350E-02
8.634093E+03	-1.693661E+01	1.220815E-01	9.431516E-02
8.634293E+03	-1.693664E+01	1.220987E-01	9.431682E-02
8.634493E+03	-1.693677E+01	1.219221E-01	9.431849E-02
8.634693E+03	-1.693641E+01	1.215264E-01	9.432015E-02
8.634893E+03	-1.693606E+01	1.209722E-01	9.432182E-02
8.635093E+03	-1.693613E+01	1.208871E-01	9.432348E-02
8.635293E+03	-1.693627E+01	1.209633E-01	9.432515E-02
8.635493E+03	-1.693640E+01	1.210416E-01	9.432681E-02
8.635693E+03	-1.693625E+01	1.210081E-01	9.432848E-02
8.635893E+03	-1.693613E+01	1.214707E-01	9.433014E-02
8.636094E+03	-1.693611E+01	1.214828E-01	9.433182E-02
8.636294E+03	-1.693605E+01	1.217873E-01	9.433348E-02
8.636494E+03	-1.693602E+01	1.220216E-01	9.433515E-02
8.636694E+03	-1.693598E+01	1.219566E-01	9.433681E-02
8.637094E+03	-1.693610E+01	1.218695E-01	9.434014E-02
8.637294E+03	-1.693612E+01	1.220391E-01	9.434181E-02
8.637494E+03	-1.693602E+01	1.220941E-01	9.434347E-02
8.637694E+03	-1.693609E+01	1.221490E-01	9.434514E-02
8.637894E+03	-1.693601E+01	1.221546E-01	9.434680E-02
8.638094E+03	-1.693590E+01	1.226574E-01	9.434847E-02
8.638294E+03	-1.693574E+01	1.226173E-01	9.435013E-02
8.638494E+03	-1.693535E+01	1.222944E-01	9.435180E-02
8.638694E+03	-1.693519E+01	1.223581E-01	9.435346E-02
8.638894E+03	-1.693489E+01	1.223009E-01	9.435512E-02
8.639094E+03	-1.693429E+01	1.223226E-01	9.435679E-02
8.639294E+03	-1.693403E+01	1.229880E-01	9.435845E-02
8.639494E+03	-1.693412E+01	1.243312E-01	9.436012E-02
8.639694E+03	-1.693420E+01	1.245890E-01	9.436178E-02
8.639894E+03	-1.693406E+01	1.263124E-01	9.436345E-02
8.640094E+03	-1.693392E+01	1.273056E-01	9.436511E-02
8.640294E+03	-1.693357E+01	1.272038E-01	9.436678E-02
8.640494E+03	-1.693379E+01	1.275827E-01	9.436844E-02
8.640694E+03	-1.693430E+01	1.285087E-01	9.437010E-02
8.640894E+03	-1.693446E+01	1.285071E-01	9.437177E-02
8.641095E+03	-1.693459E+01	1.290641E-01	9.437344E-02
8.641295E+03	-1.693457E+01	1.289300E-01	9.437510E-02
8.641495E+03	-1.693387E+01	1.285276E-01	9.437677E-02
8.641695E+03	-1.693330E+01	1.288789E-01	9.437843E-02
8.641895E+03	-1.693273E+01	1.288257E-01	9.438010E-02
8.642095E+03	-1.693184E+01	1.285491E-01	9.438176E-02
8.642295E+03	-1.693144E+01	1.285213E-01	9.438342E-02
8.642495E+03	-1.693141E+01	1.282965E-01	9.438509E-02
8.642695E+03	-1.693101E+01	1.283788E-01	9.438675E-02
8.642895E+03	-1.693062E+01	1.284137E-01	9.438842E-02
8.643095E+03	-1.693012E+01	1.283327E-01	9.439008E-02
8.643295E+03	-1.692970E+01	1.272714E-01	9.439174E-02
8.643495E+03	-1.692978E+01	1.271749E-01	9.439341E-02
8.643695E+03	-1.692996E+01	1.276985E-01	9.439507E-02
8.643895E+03	-1.692997E+01	1.273856E-01	9.439673E-02
8.644095E+03	-1.693003E+01	1.272240E-01	9.439840E-02
8.644295E+03	-1.693058E+01	1.275913E-01	9.440006E-02
8.644495E+03	-1.693082E+01	1.273730E-01	9.440173E-02
8.644695E+03	-1.693072E+01	1.272329E-01	9.440339E-02
8.644895E+03	-1.693058E+01	1.286705E-01	9.440505E-02
8.645095E+03	-1.693029E+01	1.282997E-01	9.440672E-02
8.645295E+03	-1.693022E+01	1.281611E-01	9.440838E-02
8.645495E+03	-1.693036E+01	1.283660E-01	9.441004E-02
8.645694E+03	-1.693007E+01	1.282418E-01	9.441170E-02
8.645896E+03	-1.693013E+01	1.279929E-01	9.441338E-02
8.646095E+03	-1.693017E+01	1.283392E-01	9.441503E-02
8.646296E+03	-1.692982E+01	1.288253E-01	9.441670E-02
8.646496E+03	-1.692947E+01	1.280395E-01	9.441837E-02
8.646695E+03	-1.692944E+01	1.282135E-01	9.442002E-02
8.646895E+03	-1.692938E+01	1.277876E-01	9.442168E-02
8.647095E+03	-1.692931E+01	1.273238E-01	9.442335E-02
8.647295E+03	-1.692939E+01	1.260772E-01	9.442501E-02
8.647495E+03	-1.692925E+01	1.261814E-01	9.442667E-02
8.647695E+03	-1.692894E+01	1.264130E-01	9.442834E-02
8.647895E+03	-1.692907E+01	1.254477E-01	9.443000E-02
8.648095E+03	-1.692922E+01	1.256336E-01	9.443166E-02
8.648295E+03	-1.692935E+01	1.247087E-01	9.443332E-02
8.648495E+03	-1.692960E+01	1.239412E-01	9.443499E-02
8.648695E+03	-1.692967E+01	1.240402E-01	9.443665E-02
8.648895E+03	-1.692964E+01	1.239576E-01	9.443831E-02
8.649095E+03	-1.692947E+01	1.240009E-01	9.443998E-02
8.649295E+03	-1.692937E+01	1.239917E-01	9.444164E-02
8.649495E+03	-1.692963E+01	1.237130E-01	9.444330E-02
8.649695E+03	-1.692978E+01	1.236092E-01	9.444496E-02
8.649895E+03	-1.692963E+01	1.229050E-01	9.444663E-02
8.650095E+03	-1.692966E+01	1.220052E-01	9.444829E-02
8.650295E+03	-1.692948E+01	1.208790E-01	9.444995E-02
8.650495E+03	-1.692906E+01	1.193896E-01	9.445161E-02
8.650695E+03	-1.692888E+01	1.176874E-01	9.445328E-02
8.650896E+03	-1.692881E+01	1.162221E-01	9.445495E-02
8.651096E+03	-1.692841E+01	1.174177E-01	9.445661E-02
8.651296E+03	-1.692823E+01	1.172530E-01	9.445827E-02
8.651896E+03	-1.692801E+01	1.165247E-01	9.446326E-02
8.652096E+03	-1.692762E+01	1.145997E-01	9.446492E-02
8.653096E+03	-1.692767E+01	1.145365E-01	9.447323E-02
8.653296E+03	-1.692805E+01	1.142902E-01	9.447489E-02
8.653496E+03	-1.692802E+01	1.139159E-01	9.447655E-02
8.653696E+03	-1.692812E+01	1.139618E-01	9.447821E-02
8.653896E+03	-1.692830E+01	1.139491E-01	9.447988E-02
8.654096E+03	-1.692778E+01	1.138821E-01	9.448154E-02
8.654296E+03	-1.692741E+01	1.137029E-01	9.448320E-02
8.654496E+03	-1.692745E+01	1.136817E-01	9.448486E-02
8.654696E+03	-1.692749E+01	1.134914E-01	9.448652E-02
8.654896E+03	-1.692710E+01	1.122502E-01	9.448818E-02
8.655096E+03	-1.692663E+01	1.115543E-01	9.448984E-02
8.655296E+03	-1.692638E+01	1.114045E-01	9.449151E-02
8.655496E+03	-1.692656E+01	1.125773E-01	9.449317E-02
8.655697E+03	-1.692673E+01	1.134419E-01	9.449484E-02
8.655897E+03	-1.692679E+01	1.134392E-01	9.449650E-02
8.656497E+03	-1.692685E+01	1.137250E-01	9.450148E-02
8.656697E+03	-1.692649E+01	1.135304E-01	9.450314E-02
8.656897E+03	-1.692599E+01	1.135601E-01	9.450480E-02
8.657097E+03	-1.692585E+01	1.131250E-01	9.450647E-02
8.657297E+03	-1.692614E+01	1.139877E-01	9.450813E-02
8.657497E+03	-1.692616E+01	1.138467E-01	9.450979E-02
8.657697E+03	-1.692564E+01	1.134754E-01	9.451145E-02
8.657897E+03	-1.692511E+01	1.132774E-01	9.451311E-02
8.658097E+03	-1.692487E+01	1.135065E-01	9.451477E-02
8.658297E+03	-1.692460E+01	1.136101E-01	9.451643E-02
8.658496E+03	-1.692393E+01	1.136522E-01	9.451808E-02
8.658697E+03	-1.692339E+01	1.136708E-01	9.451975E-02
8.658897E+03	-1.692303E+01	1.136304E-01	9.452141E-02
8.659096E+03	-1.692280E+01	1.139283E-01	9.452307E-02
8.659297E+03	-1.692302E+01	1.139774E-01	9.452473E-02
8.659496E+03	-1.692244E+01	1.143800E-01	9.452639E-02
8.659696E+03	-1.692125E+01	1.146839E-01	9.452805E-02
8.659896E+03	-1.692061E+01	1.146075E-01	9.452971E-02
8.660096E+03	-1.692084E+01	1.146456E-01	9.453137E-02
8.660496E+03	-1.692119E+01	1.146708E-01	9.453469E-02
8.660697E+03	-1.692111E+01	1.144513E-01	9.453636E-02
8.661097E+03	-1.692101E+01	1.146863E-01	9.453968E-02
8.661297E+03	-1.692088E+01	1.151942E-01	9.454134E-02
8.661497E+03	-1.692064E+01	1.151309E-01	9.454300E-02
8.661697E+03	-1.692048E+01	1.149936E-01	9.454466E-02
8.661897E+03	-1.692029E+01	1.147022E-01	9.454632E-02
8.662097E+03	-1.691990E+01	1.145059E-01	9.454798E-02
8.662297E+03	-1.691988E+01	1.144922E-01	9.454964E-02
8.662497E+03	-1.692027E+01	1.145997E-01	9.455130E-02
8.662697E+03	-1.692043E+01	1.146739E-01	9.455296E-02
8.662897E+03	-1.691993E+01	1.145411E-01	9.455462E-02
8.663097E+03	-1.691962E+01	1.147344E-01	9.455628E-02
8.663297E+03	-1.691878E+01	1.156059E-01	9.455794E-02
8.663497E+03	-1.691781E+01	1.153644E-01	9.455960E-02
8.663697E+03	-1.691776E+01	1.165512E-01	9.456126E-02
8.663897E+03	-1.691701E+01	1.163724E-01	9.456292E-02
8.664097E+03	-1.691731E+01	1.166813E-01	9.456458E-02
8.664297E+03	-1.691783E+01	1.168283E-01	9.456624E-02
8.664497E+03	-1.691771E+01	1.170696E-01	9.456790E-02
8.664697E+03	-1.691802E+01	1.172434E-01	9.456956E-02
8.664897E+03	-1.691784E+01	1.174632E-01	9.457122E-02
8.665097E+03	-1.691752E+01	1.173596E-01	9.457288E-02
8.665297E+03	-1.691733E+01	1.172611E-01	9.457454E-02
8.665498E+03	-1.691718E+01	1.171532E-01	9.457620E-02
8.665698E+03	-1.691703E+01	1.172416E-01	9.457786E-02
8.666098E+03	-1.691694E+01	1.170983E-01	9.458118E-02
8.666298E+03	-1.691671E+01	1.169601E-01	9.458284E-02
8.666498E+03	-1.691640E+01	1.170644E-01	9.458450E-02
8.666698E+03	-1.691601E+01	1.167153E-01	9.458616E-02
8.666898E+03	-1.691559E+01	1.163006E-01	9.458782E-02
8.667098E+03	-1.691528E+01	1.158687E-01	9.458948E-02
8.667298E+03	-1.691519E+01	1.161092E-01	9.459114E-02
8.667498E+03	-1.691513E+01	1.159128E-01	9.459280E-02
8.667698E+03	-1.691512E+01	1.156129E-01	9.459446E-02
8.667898E+03	-1.691510E+01	1.154006E-01	9.459612E-02
8.668098E+03	-1.691495E+01	1.154304E-01	9.459777E-02
8.668298E+03	-1.691451E+01	1.161087E-01	9.459943E-02
8.668498E+03	-1.691393E+01	1.157100E-01	9.460109E-02
8.668698E+03	-1.691365E+01	1.164912E-01	9.460275E-02
8.668898E+03	-1.691363E+01	1.165649E-01	9.460441E-02
8.669098E+03	-1.691352E+01	1.167918E-01	9.460607E-02
8.669298E+03	-1.691333E+01	1.166357E-01	9.460773E-02
8.669498E+03	-1.691318E+01	1.168884E-01	9.460939E-02
8.669698E+03	-1.691300E+01	1.169822E-01	9.461104E-02
8.669898E+03	-1.691282E+01	1.171708E-01	9.461270E-02
8.670098E+03	-1.691262E+01	1.171039E-01	9.461436E-02
8.670298E+03	-1.691243E+01	1.169624E-01	9.461602E-02
8.670499E+03	-1.691222E+01	1.169704E-01	9.461769E-02
8.670699E+03	-1.691221E+01	1.171425E-01	9.461935E-02
8.670899E+03	-1.691230E+01	1.173825E-01	9.462100E-02
8.671299E+03	-1.691226E+01	1.175968E-01	9.462432E-02
8.671498E+03	-1.691205E+01	1.175980E-01	9.462597E-02
8.671699E+03	-1.691203E+01	1.179737E-01	9.462764E-02
8.671898E+03	-1.691207E+01	1.179303E-01	9.462929E-02
8.672099E+03	-1.691205E+01	1.178738E-01	9.463095E-02
8.672299E+03	-1.691213E+01	1.179030E-01	9.463261E-02
8.672498E+03	-1.691197E+01	1.178887E-01	9.463426E-02
8.672698E+03	-1.691126E+01	1.177228E-01	9.463592E-02
8.672898E+03	-1.691050E+01	1.176793E-01	9.463758E-02
8.673098E+03	-1.691010E+01	1.174305E-01	9.463924E-02
8.673298E+03	-1.691005E+01	1.172287E-01	9.464089E-02
8.673498E+03	-1.691008E+01	1.170230E-01	9.464255E-02
8.673698E+03	-1.691015E+01	1.169398E-01	9.464421E-02
8.673898E+03	-1.691009E+01	1.169069E-01	9.464587E-02
8.674098E+03	-1.690977E+01	1.174197E-01	9.464753E-02
8.674298E+03	-1.690929E+01	1.175380E-01	9.464918E-02
8.674498E+03	-1.690884E+01	1.173264E-01	9.465084E-02
8.674698E+03	-1.690879E+01	1.171852E-01	9.465250E-02
8.674898E+03	-1.690888E+01	1.172638E-01	9.465416E-02
8.675098E+03	-1.690850E+01	1.171861E-01	9.465581E-02
8.675299E+03	-1.690817E+01	1.173754E-01	9.465748E-02
8.675499E+03	-1.690799E+01	1.173126E-01	9.465914E-02
8.675699E+03	-1.690770E+01	1.171780E-01	9.466080E-02
8.675899E+03	-1.690752E+01	1.169214E-01	9.466245E-02
8.676099E+03	-1.690739E+01	1.163320E-01	9.466411E-02
8.676699E+03	-1.690718E+01	1.162216E-01	9.466908E-02
8.676899E+03	-1.690696E+01	1.161621E-01	9.467074E-02
8.677099E+03	-1.690695E+01	1.157816E-01	9.467240E-02
8.677299E+03	-1.690681E+01	1.157378E-01	9.467405E-02
8.677499E+03	-1.690635E+01	1.156041E-01	9.467571E-02
8.677699E+03	-1.690608E+01	1.155192E-01	9.467737E-02
8.677899E+03	-1.690589E+01	1.151793E-01	9.467903E-02
8.678099E+03	-1.690565E+01	1.151321E-01	9.468068E-02
8.678299E+03	-1.690549E+01	1.149592E-01	9.468234E-02
8.678499E+03	-1.690539E+01	1.141477E-01	9.468400E-02
8.678699E+03	-1.690534E+01	1.139298E-01	9.468565E-02
8.678899E+03	-1.690523E+01	1.140577E-01	9.468731E-02
8.679099E+03	-1.690509E+01	1.139063E-01	9.468897E-02
8.679299E+03	-1.690492E+01	1.137132E-01	9.469062E-02
8.679499E+03	-1.690479E+01	1.135707E-01	9.469228E-02
8.679699E+03	-1.690474E+01	1.136201E-01	9.469394E-02
8.679899E+03	-1.690487E+01	1.134849E-01	9.469559E-02
8.680099E+03	-1.690474E+01	1.132991E-01	9.469725E-02
8.680300E+03	-1.690426E+01	1.124556E-01	9.469892E-02
8.680500E+03	-1.690370E+01	1.100686E-01	9.470057E-02
8.680700E+03	-1.690330E+01	1.091788E-01	9.470223E-02
8.680900E+03	-1.690274E+01	1.088391E-01	9.470389E-02
8.681100E+03	-1.690214E+01	1.088517E-01	9.470554E-02
8.681300E+03	-1.690209E+01	1.089185E-01	9.470720E-02
8.681500E+03	-1.690226E+01	1.083235E-01	9.470885E-02
8.681700E+03	-1.690200E+01	1.077073E-01	9.471051E-02
8.681900E+03	-1.690157E+01	1.074067E-01	9.471217E-02
8.682100E+03	-1.690144E+01	1.070261E-01	9.471382E-02
8.682300E+03	-1.690118E+01	1.068162E-01	9.471548E-02
8.682500E+03	-1.690092E+01	1.075697E-01	9.471714E-02
8.682700E+03	-1.690070E+01	1.081052E-01	9.471879E-02
8.682900E+03	-1.690044E+01	1.080411E-01	9.472045E-02
8.683100E+03	-1.690027E+01	1.079425E-01	9.472210E-02
8.683300E+03	-1.690022E+01	1.079061E-01	9.472376E-02
8.683500E+03	-1.690022E+01	1.077387E-01	9.472542E-02
8.683700E+03	-1.690005E+01	1.089448E-01	9.472707E-02
8.683900E+03	-1.689988E+01	1.093007E-01	9.472873E-02
8.684100E+03	-1.689992E+01	1.093157E-01	9.473038E-02
8.684299E+03	-1.689996E+01	1.094467E-01	9.473203E-02
8.684499E+03	-1.689970E+01	1.094076E-01	9.473369E-02
8.684700E+03	-1.689953E+01	1.097758E-01	9.473535E-02
8.684899E+03	-1.689944E+01	1.103584E-01	9.473700E-02
8.685101E+03	-1.689914E+01	1.106119E-01	9.473867E-02
8.685300E+03	-1.689845E+01	1.105446E-01	9.474032E-02
8.685500E+03	-1.689811E+01	1.112436E-01	9.474198E-02
8.685700E+03	-1.689794E+01	1.113622E-01	9.474363E-02
8.685900E+03	-1.689717E+01	1.111441E-01	9.474529E-02
8.686100E+03	-1.689640E+01	1.109566E-01	9.474694E-02
8.686300E+03	-1.689610E+01	1.109145E-01	9.474860E-02
8.686500E+03	-1.689597E+01	1.110520E-01	9.475025E-02
8.686700E+03	-1.689571E+01	1.105960E-01	9.475191E-02
8.686900E+03	-1.689533E+01	1.105157E-01	9.475356E-02
8.687100E+03	-1.689507E+01	1.101963E-01	9.475522E-02
8.687300E+03	-1.689494E+01	1.096933E-01	9.475687E-02
8.687500E+03	-1.689477E+01	1.096547E-01	9.475853E-02
8.687700E+03	-1.689469E+01	1.096079E-01	9.476018E-02
8.687900E+03	-1.689468E+01	1.094298E-01	9.476184E-02
8.688100E+03	-1.689447E+01	1.093553E-01	9.476350E-02
8.688300E+03	-1.689451E+01	1.093532E-01	9.476515E-02
8.688500E+03	-1.689481E+01	1.094280E-01	9.476681E-02
8.688700E+03	-1.689502E+01	1.090233E-01	9.476846E-02
8.688900E+03	-1.689480E+01	1.089404E-01	9.477012E-02
8.689100E+03	-1.689455E+01	1.088385E-01	9.477177E-02
8.689300E+03	-1.689433E+01	1.088193E-01	9.477343E-02
8.689500E+03	-1.689416E+01	1.090055E-01	9.477508E-02
8.689700E+03	-1.689403E+01	1.093545E-01	9.477673E-02
8.689900E+03	-1.689395E+01	1.080722E-01	9.477839E-02
8.690101E+03	-1.689365E+01	1.069371E-01	9.478005E-02
8.690301E+03	-1.689323E+01	1.062923E-01	9.478171E-02
8.690501E+03	-1.689297E+01	1.043430E-01	9.478336E-02
8.690701E+03	-1.689280E+01	1.040661E-01	9.478502E-02
8.690901E+03	-1.689284E+01	1.053045E-01	9.478667E-02
8.691101E+03	-1.689271E+01	1.053793E-01	9.478833E-02
8.691301E+03	-1.689229E+01	1.045308E-01	9.478998E-02
8.691501E+03	-1.689191E+01	1.044101E-01	9.479164E-02
8.691701E+03	-1.689199E+01	1.043040E-01	9.479329E-02
8.691901E+03	-1.689216E+01	1.042349E-01	9.479494E-02
8.692101E+03	-1.689258E+01	1.044289E-01	9.479660E-02
8.692301E+03	-1.689283E+01	1.038820E-01	9.479825E-02
8.692501E+03	-1.689287E+01	1.037739E-01	9.479991E-02
8.692701E+03	-1.689312E+01	1.038303E-01	9.480156E-02
8.692901E+03	-1.689320E+01	1.039349E-01	9.480322E-02
8.693101E+03	-1.689312E+01	1.041470E-01	9.480487E-02
8.693301E+03	-1.689328E+01	1.036509E-01	9.480652E-02
8.693501E+03	-1.689366E+01	1.037037E-01	9.480818E-02
8.693701E+03	-1.689366E+01	1.037291E-01	9.480983E-02
8.693901E+03	-1.689311E+01	1.035473E-01	9.481149E-02
8.694101E+03	-1.689264E+01	1.033733E-01	9.481314E-02
8.694301E+03	-1.689285E+01	1.029887E-01	9.481479E-02
8.694501E+03	-1.689323E+01	1.032099E-01	9.481645E-02
8.694701E+03	-1.689357E+01	1.033114E-01	9.481810E-02
8.694902E+03	-1.689361E+01	1.030382E-01	9.481976E-02
8.695102E+03	-1.689302E+01	1.025601E-01	9.482142E-02
8.695302E+03	-1.689247E+01	1.021016E-01	9.482307E-02
8.695502E+03	-1.689217E+01	9.995011E-02	9.482473E-02
8.695702E+03	-1.689196E+01	1.001291E-01	9.482638E-02
8.695902E+03	-1.689191E+01	1.003679E-01	9.482803E-02
8.696102E+03	-1.689208E+01	1.001414E-01	9.482969E-02
8.696302E+03	-1.689199E+01	1.002947E-01	9.483134E-02
8.696502E+03	-1.689174E+01	1.002237E-01	9.483299E-02
8.696702E+03	-1.689157E+01	9.973031E-02	9.483465E-02
8.696902E+03	-1.689098E+01	9.884277E-02	9.483630E-02
8.697102E+03	-1.689043E+01	9.909219E-02	9.483795E-02
8.697301E+03	-1.689068E+01	9.899848E-02	9.483960E-02
8.697502E+03	-1.689110E+01	9.901443E-02	9.484126E-02
8.697701E+03	-1.689097E+01	9.938501E-02	9.484291E-02
8.697901E+03	-1.689127E+01	9.959540E-02	9.484456E-02
8.698102E+03	-1.689164E+01	9.953494E-02	9.484622E-02
8.698301E+03	-1.689109E+01	9.903966E-02	9.484787E-02
8.698501E+03	-1.689021E+01	9.873800E-02	9.484952E-02
8.698701E+03	-1.688991E+01	9.840710E-02	9.485117E-02
8.698901E+03	-1.688979E+01	9.851694E-02	9.485283E-02
8.699101E+03	-1.688966E+01	9.879854E-02	9.485448E-02
8.699301E+03	-1.688949E+01	9.903690E-02	9.485613E-02
8.699501E+03	-1.688920E+01	1.000585E-01	9.485778E-02
8.699701E+03	-1.688936E+01	1.001767E-01	9.485944E-02
8.699902E+03	-1.688944E+01	1.000243E-01	9.486110E-02
8.700102E+03	-1.688923E+01	1.000179E-01	9.486275E-02
8.700302E+03	-1.688902E+01	9.959312E-02	9.486440E-02
8.700502E+03	-1.688873E+01	9.966818E-02	9.486606E-02
8.700702E+03	-1.688856E+01	9.962980E-02	9.486771E-02
8.700902E+03	-1.688864E+01	9.968244E-02	9.486936E-02
8.701102E+03	-1.688864E+01	9.967407E-02	9.487102E-02
8.701302E+03	-1.688885E+01	9.975973E-02	9.487267E-02
8.701502E+03	-1.688914E+01	9.978517E-02	9.487432E-02
8.701702E+03	-1.688926E+01	9.880074E-02	9.487597E-02
8.701902E+03	-1.688905E+01	9.839739E-02	9.487763E-02
8.702102E+03	-1.688842E+01	9.837656E-02	9.487928E-02
8.702302E+03	-1.688817E+01	9.865811E-02	9.488093E-02
8.702502E+03	-1.688850E+01	9.874661E-02	9.488258E-02
8.702702E+03	-1.688863E+01	9.867478E-02	9.488424E-02
8.702902E+03	-1.688871E+01	9.867288E-02	9.488589E-02
8.703102E+03	-1.688896E+01	9.871737E-02	9.488754E-02
8.703302E+03	-1.688921E+01	9.876191E-02	9.488919E-02
8.703502E+03	-1.688925E+01	9.872956E-02	9.489084E-02
8.703702E+03	-1.688912E+01	9.893961E-02	9.489250E-02
8.703902E+03	-1.688916E+01	9.956036E-02	9.489415E-02
8.704102E+03	-1.688899E+01	9.947177E-02	9.489580E-02
8.704302E+03	-1.688874E+01	9.946030E-02	9.489745E-02
8.704502E+03	-1.688882E+01	9.930795E-02	9.489910E-02
8.704703E+03	-1.688886E+01	9.868580E-02	9.490077E-02
8.704903E+03	-1.688890E+01	9.722255E-02	9.490242E-02
8.705103E+03	-1.688881E+01	9.634628E-02	9.490407E-02
8.705303E+03	-1.688856E+01	9.673797E-02	9.490572E-02
8.705503E+03	-1.688823E+01	9.642958E-02	9.490737E-02
8.705703E+03	-1.688781E+01	9.637030E-02	9.490902E-02
8.705903E+03	-1.688747E+01	9.604189E-02	9.491068E-02
8.706103E+03	-1.688735E+01	9.575157E-02	9.491233E-02
8.706303E+03	-1.688730E+01	9.459599E-02	9.491398E-02
8.706503E+03	-1.688743E+01	9.468579E-02	9.491563E-02
8.706703E+03	-1.688738E+01	9.484765E-02	9.491728E-02
8.706903E+03	-1.688726E+01	9.478699E-02	9.491893E-02
8.707103E+03	-1.688725E+01	9.460775E-02	9.492059E-02
8.707303E+03	-1.688738E+01	9.441819E-02	9.492224E-02
8.707503E+03	-1.688733E+01	9.445915E-02	9.492389E-02
8.707703E+03	-1.688708E+01	9.504228E-02	9.492554E-02
8.707903E+03	-1.688683E+01	9.487100E-02	9.492719E-02
8.708103E+03	-1.688691E+01	9.449768E-02	9.492884E-02
8.708303E+03	-1.688749E+01	9.562153E-02	9.493049E-02
8.708503E+03	-1.688787E+01	9.532021E-02	9.493215E-02
8.708703E+03	-1.688799E+01	9.472973E-02	9.493380E-02
8.708903E+03	-1.688778E+01	9.473429E-02	9.493545E-02
8.709103E+03	-1.688749E+01	9.471649E-02	9.493710E-02
8.709303E+03	-1.688732E+01	9.468429E-02	9.493875E-02
8.709503E+03	-1.688732E+01	9.491775E-02	9.494040E-02
8.709704E+03	-1.688732E+01	9.504283E-02	9.494206E-02
8.709904E+03	-1.688756E+01	9.499749E-02	9.494371E-02
8.710103E+03	-1.688781E+01	9.505227E-02	9.494535E-02
8.710303E+03	-1.688781E+01	9.491453E-02	9.494701E-02
8.710504E+03	-1.688764E+01	9.496150E-02	9.494866E-02
8.710703E+03	-1.688743E+01	9.490757E-02	9.495031E-02
8.710904E+03	-1.688739E+01	9.480671E-02	9.495197E-02
8.711103E+03	-1.688726E+01	9.478358E-02	9.495361E-02
8.711303E+03	-1.688718E+01	9.471538E-02	9.495526E-02
8.711503E+03	-1.688738E+01	9.507776E-02	9.495691E-02
8.711703E+03	-1.688759E+01	9.483556E-02	9.495856E-02
8.711903E+03	-1.688792E+01	9.383967E-02	9.496021E-02
8.712103E+03	-1.688813E+01	9.404771E-02	9.496186E-02
8.712303E+03	-1.688821E+01	9.282078E-02	9.496351E-02
8.712503E+03	-1.688838E+01	9.274785E-02	9.496516E-02
8.712703E+03	-1.688858E+01	9.236180E-02	9.496681E-02
8.712903E+03	-1.688842E+01	9.235132E-02	9.496846E-02
8.713103E+03	-1.688795E+01	9.193214E-02	9.497011E-02
8.713303E+03	-1.688749E+01	9.194346E-02	9.497177E-02
8.713503E+03	-1.688758E+01	9.163989E-02	9.497342E-02
8.713703E+03	-1.688778E+01	9.169227E-02	9.497507E-02
8.713903E+03	-1.688753E+01	9.208161E-02	9.497672E-02
8.714103E+03	-1.688703E+01	9.199226E-02	9.497837E-02
8.714303E+03	-1.688703E+01	9.180476E-02	9.498002E-02
8.714504E+03	-1.688715E+01	9.184370E-02	9.498167E-02
8.714704E+03	-1.688732E+01	9.176639E-02	9.498332E-02
8.714904E+03	-1.688756E+01	9.134369E-02	9.498497E-02
8.715104E+03	-1.688785E+01	9.158466E-02	9.498662E-02
8.715304E+03	-1.688802E+01	9.166165E-02	9.498827E-02
8.715504E+03	-1.688798E+01	9.186581E-02	9.498992E-02
8.715704E+03	-1.688777E+01	9.106202E-02	9.499157E-02
8.715904E+03	-1.688756E+01	9.111840E-02	9.499322E-02
8.716104E+03	-1.688772E+01	9.209247E-02	9.499487E-02
8.716304E+03	-1.688805E+01	9.400525E-02	9.499652E-02
8.716504E+03	-1.688826E+01	9.405465E-02	9.499817E-02
8.716704E+03	-1.688864E+01	9.329552E-02	9.499982E-02
8.716904E+03	-1.688884E+01	9.383004E-02	9.500147E-02
8.717104E+03	-1.688876E+01	9.251506E-02	9.500312E-02
8.717304E+03	-1.688842E+01	9.226824E-02	9.500477E-02
8.717504E+03	-1.688817E+01	9.215232E-02	9.500642E-02
8.717704E+03	-1.688842E+01	9.227660E-02	9.500807E-02
8.717904E+03	-1.688863E+01	9.197808E-02	9.500972E-02
8.718104E+03	-1.688841E+01	9.192964E-02	9.501137E-02
8.718304E+03	-1.688837E+01	9.154460E-02	9.501302E-02
8.718504E+03	-1.688850E+01	9.147487E-02	9.501467E-02
8.718704E+03	-1.688820E+01	9.142998E-02	9.501632E-02
8.718904E+03	-1.688791E+01	9.135592E-02	9.501797E-02
8.719104E+03	-1.688774E+01	9.265227E-02	9.501962E-02
8.719304E+03	-1.688711E+01	9.235635E-02	9.502127E-02
8.719505E+03	-1.688678E+01	9.215222E-02	9.502292E-02
8.719705E+03	-1.688711E+01	9.212295E-02	9.502457E-02
8.719905E+03	-1.688761E+01	9.193707E-02	9.502622E-02
8.720105E+03	-1.688744E+01	9.199352E-02	9.502787E-02
8.720305E+03	-1.688702E+01	9.192608E-02	9.502952E-02
8.720505E+03	-1.688710E+01	9.192289E-02	9.503117E-02
8.720705E+03	-1.688735E+01	9.218436E-02	9.503282E-02
8.720905E+03	-1.688743E+01	9.243148E-02	9.503447E-02
8.721105E+03	-1.688768E+01	9.244721E-02	9.503612E-02
8.721305E+03	-1.688814E+01	9.266202E-02	9.503777E-02
8.721505E+03	-1.688826E+01	9.268041E-02	9.503941E-02
8.721705E+03	-1.688793E+01	9.266759E-02	9.504106E-02
8.721905E+03	-1.688805E+01	9.268179E-02	9.504271E-02
8.722105E+03	-1.688830E+01	9.296518E-02	9.504436E-02
8.722305E+03	-1.688817E+01	9.231996E-02	9.504601E-02
8.722505E+03	-1.688825E+01	9.231265E-02	9.504766E-02
8.722704E+03	-1.688871E+01	9.257363E-02	9.504930E-02
8.722905E+03	-1.688888E+01	9.209872E-02	9.505095E-02
8.723104E+03	-1.688837E+01	9.167046E-02	9.505260E-02
8.723305E+03	-1.688800E+01	9.191689E-02	9.505425E-02
8.723504E+03	-1.688791E+01	9.144404E-02	9.505589E-02
8.723704E+03	-1.688774E+01	9.138802E-02	9.505754E-02
8.723904E+03	-1.688753E+01	9.134829E-02	9.505919E-02
8.724104E+03	-1.688724E+01	9.156209E-02	9.506084E-02
8.724305E+03	-1.688690E+01	9.210843E-02	9.506249E-02
8.724505E+03	-1.688649E+01	9.193274E-02	9.506414E-02
8.724705E+03	-1.688586E+01	9.180908E-02	9.506579E-02
8.724905E+03	-1.688515E+01	9.197947E-02	9.506744E-02
8.725105E+03	-1.688440E+01	9.159786E-02	9.506909E-02
8.725305E+03	-1.688357E+01	9.151028E-02	9.507073E-02
8.725505E+03	-1.688271E+01	9.128230E-02	9.507238E-02
8.725705E+03	-1.688204E+01	9.118495E-02	9.507403E-02
8.725905E+03	-1.688212E+01	9.119813E-02	9.507568E-02
8.726105E+03	-1.688249E+01	9.135857E-02	9.507733E-02
8.726305E+03	-1.688291E+01	9.141651E-02	9.507897E-02
8.726505E+03	-1.688340E+01	9.134319E-02	9.508062E-02
8.726705E+03	-1.688352E+01	9.135274E-02	9.508227E-02
8.726905E+03	-1.688385E+01	9.147615E-02	9.508392E-02
8.727105E+03	-1.688406E+01	9.178465E-02	9.508557E-02
8.727305E+03	-1.688385E+01	9.172852E-02	9.508721E-02
8.727505E+03	-1.688323E+01	9.171744E-02	9.508886E-02
8.727705E+03	-1.688269E+01	9.157940E-02	9.509051E-02
8.727905E+03	-1.688264E+01	9.168622E-02	9.509216E-02
8.728105E+03	-1.688293E+01	9.279179E-02	9.509380E-02
8.728305E+03	-1.688359E+01	9.330943E-02	9.509545E-02
8.728505E+03	-1.688438E+01	9.341225E-02	9.509710E-02
8.728705E+03	-1.688479E+01	9.364656E-02	9.509875E-02
8.728905E+03	-1.688516E+01	9.363580E-02	9.510039E-02
8.729105E+03	-1.688524E+01	9.420575E-02	9.510204E-02
8.729306E+03	-1.688532E+01	9.431509E-02	9.510370E-02
8.729506E+03	-1.688520E+01	9.365305E-02	9.510534E-02
8.729706E+03	-1.688482E+01	9.379235E-02	9.510699E-02
8.729906E+03	-1.688494E+01	9.377774E-02	9.510864E-02
8.730106E+03	-1.688519E+01	9.385642E-02	9.511029E-02
8.730306E+03	-1.688507E+01	9.286276E-02	9.511193E-02
8.730506E+03	-1.688494E+01	9.169545E-02	9.511358E-02
8.730706E+03	-1.688469E+01	9.168025E-02	9.511523E-02
8.730906E+03	-1.688415E+01	9.166185E-02	9.511687E-02
8.731106E+03	-1.688382E+01	9.159199E-02	9.511852E-02
8.731306E+03	-1.688381E+01	9.196435E-02	9.512017E-02
8.731506E+03	-1.688390E+01	9.041353E-02	9.512181E-02
8.731706E+03	-1.688377E+01	9.023049E-02	9.512346E-02
8.731906E+03	-1.688360E+01	9.070064E-02	9.512511E-02
8.732106E+03	-1.688348E+01	9.076982E-02	9.512676E-02
8.732306E+03	-1.688339E+01	9.069468E-02	9.512840E-02
8.732506E+03	-1.688331E+01	9.087578E-02	9.513005E-02
8.732706E+03	-1.688322E+01	9.130472E-02	9.513170E-02
8.732906E+03	-1.688314E+01	9.412950E-02	9.513334E-02
8.733106E+03	-1.688310E+01	9.451295E-02	9.513499E-02
8.733306E+03	-1.688305E+01	9.390508E-02	9.513664E-02
8.733506E+03	-1.688322E+01	9.390776E-02	9.513828E-02
8.733706E+03	-1.688346E+01	9.395727E-02	9.513993E-02
8.733906E+03	-1.688355E+01	9.403305E-02	9.514158E-02
8.734107E+03	-1.688354E+01	9.398756E-02	9.514323E-02
8.734307E+03	-1.688321E+01	9.375489E-02	9.514488E-02
8.734507E+03	-1.688288E+01	9.402626E-02	9.514652E-02
8.734707E+03	-1.688275E+01	9.445348E-02	9.514817E-02
8.734907E+03	-1.688259E+01	9.490857E-02	9.514982E-02
8.735107E+03	-1.688242E+01	9.496738E-02	9.515146E-02
8.735307E+03	-1.688238E+01	9.629452E-02	9.515311E-02
8.735506E+03	-1.688221E+01	9.627033E-02	9.515475E-02
8.735707E+03	-1.688200E+01	9.670263E-02	9.515640E-02
8.735906E+03	-1.688188E+01	9.663392E-02	9.515804E-02
8.736106E+03	-1.688188E+01	9.830634E-02	9.515968E-02
8.736307E+03	-1.688187E+01	1.023103E-01	9.516134E-02
8.736506E+03	-1.688191E+01	1.023200E-01	9.516298E-02
8.736707E+03	-1.688212E+01	1.049157E-01	9.516463E-02
8.736906E+03	-1.688241E+01	1.058515E-01	9.516627E-02
8.737106E+03	-1.688253E+01	1.084973E-01	9.516791E-02
8.737306E+03	-1.688257E+01	1.081775E-01	9.516956E-02
8.737506E+03	-1.688265E+01	1.083095E-01	9.517121E-02
8.737706E+03	-1.688281E+01	1.086686E-01	9.517285E-02
8.737906E+03	-1.688331E+01	1.085902E-01	9.517450E-02
8.738106E+03	-1.688392E+01	1.087164E-01	9.517614E-02
8.738306E+03	-1.688425E+01	1.088035E-01	9.517779E-02
8.738506E+03	-1.688413E+01	1.080063E-01	9.517943E-02
8.738706E+03	-1.688392E+01	1.068249E-01	9.518108E-02
8.738906E+03	-1.688379E+01	1.063848E-01	9.518272E-02
8.739107E+03	-1.688350E+01	1.065123E-01	9.518438E-02
8.739307E+03	-1.688276E+01	1.065406E-01	9.518602E-02
8.739507E+03	-1.688181E+01	1.058840E-01	9.518767E-02
8.739707E+03	-1.688115E+01	1.058511E-01	9.518931E-02
8.739907E+03	-1.688102E+01	1.057347E-01	9.519096E-02
8.740107E+03	-1.688106E+01	1.057899E-01	9.519261E-02
8.740307E+03	-1.688077E+01	1.058061E-01	9.519425E-02
8.740507E+03	-1.688015E+01	1.057505E-01	9.519590E-02
8.740707E+03	-1.687946E+01	1.054703E-01	9.519754E-02
8.740907E+03	-1.687904E+01	1.051499E-01	9.519919E-02
8.741107E+03	-1.687880E+01	1.051437E-01	9.520083E-02
8.741307E+03	-1.687851E+01	1.047842E-01	9.520248E-02
8.741507E+03	-1.687839E+01	1.047056E-01	9.520412E-02
8.741707E+03	-1.687847E+01	1.047048E-01	9.520577E-02
8.741907E+03	-1.687879E+01	1.047305E-01	9.520741E-02
8.742107E+03	-1.687883E+01	1.046586E-01	9.520906E-02
8.742307E+03	-1.687854E+01	1.044016E-01	9.521070E-02
8.742507E+03	-1.687813E+01	1.042789E-01	9.521235E-02
8.742707E+03	-1.687789E+01	1.042731E-01	9.521399E-02
8.742907E+03	-1.687780E+01	1.043474E-01	9.521564E-02
8.743107E+03	-1.687743E+01	1.042837E-01	9.521728E-02
8.743307E+03	-1.687698E+01	1.042657E-01	9.521893E-02
8.743507E+03	-1.687702E+01	1.046218E-01	9.522057E-02
8.743707E+03	-1.687735E+01	1.047085E-01	9.522221E-02
8.743908E+03	-1.687759E+01	1.045880E-01	9.522387E-02
8.744108E+03	-1.687759E+01	1.045432E-01	9.522551E-02
8.744308E+03	-1.687726E+01	1.048519E-01	9.522716E-02
8.744508E+03	-1.687714E+01	1.048957E-01	9.522880E-02
8.744708E+03	-1.687713E+01	1.048550E-01	9.523045E-02
8.744908E+03	-1.687705E+01	1.046153E-01	9.523209E-02
8.745108E+03	-1.687668E+01	1.055041E-01	9.523373E-02
8.745308E+03	-1.687595E+01	1.061555E-01	9.523538E-02
8.745508E+03	-1.687546E+01	1.061135E-01	9.523702E-02
8.745708E+03	-1.687586E+01	1.061315E-01	9.523867E-02
8.745908E+03	-1.687651E+01	1.063517E-01	9.524031E-02
8.746108E+03	-1.687651E+01	1.066243E-01	9.524196E-02
8.746308E+03	-1.687655E+01	1.066750E-01	9.524360E-02
8.746508E+03	-1.687651E+01	1.066854E-01	9.524524E-02
8.746708E+03	-1.687639E+01	1.066717E-01	9.524689E-02
8.746908E+03	-1.687646E+01	1.064597E-01	9.524853E-02
8.747108E+03	-1.687663E+01	1.061943E-01	9.525018E-02
8.747308E+03	-1.687634E+01	1.051443E-01	9.525182E-02
8.747508E+03	-1.687589E+01	1.048126E-01	9.525346E-02
8.747708E+03	-1.687569E+01	1.047027E-01	9.525511E-02
8.747908E+03	-1.687564E+01	1.046726E-01	9.525675E-02
8.748108E+03	-1.687544E+01	1.046521E-01	9.525839E-02
8.748308E+03	-1.687487E+01	1.043612E-01	9.526004E-02
8.748507E+03	-1.687406E+01	1.041627E-01	9.526167E-02
8.748708E+03	-1.687337E+01	1.039091E-01	9.526333E-02
8.748908E+03	-1.687288E+01	1.037649E-01	9.526497E-02
8.749109E+03	-1.687276E+01	1.036553E-01	9.526662E-02
8.749308E+03	-1.687296E+01	1.031949E-01	9.526826E-02
8.749508E+03	-1.687288E+01	1.027923E-01	9.526990E-02
8.749708E+03	-1.687284E+01	1.027666E-01	9.527154E-02
8.749908E+03	-1.687287E+01	1.026955E-01	9.527319E-02
8.750108E+03	-1.687263E+01	1.023760E-01	9.527483E-02
8.750308E+03	-1.687227E+01	1.022261E-01	9.527647E-02
8.750508E+03	-1.687174E+01	1.020828E-01	9.527812E-02
8.750708E+03	-1.687146E+01	1.019763E-01	9.527976E-02
8.750908E+03	-1.687158E+01	1.020168E-01	9.528140E-02
8.751108E+03	-1.687178E+01	1.020520E-01	9.528305E-02
8.751308E+03	-1.687169E+01	1.020330E-01	9.528469E-02
8.751508E+03	-1.687145E+01	1.018074E-01	9.528633E-02
8.751708E+03	-1.687133E+01	1.013005E-01	9.528798E-02
8.751908E+03	-1.687109E+01	1.013126E-01	9.528962E-02
8.752108E+03	-1.687080E+01	1.012350E-01	9.529126E-02
8.752308E+03	-1.687096E+01	1.013367E-01	9.529291E-02
8.752508E+03	-1.687148E+01	1.017726E-01	9.529455E-02
8.752708E+03	-1.687188E+01	1.018830E-01	9.529619E-02
8.752908E+03	-1.687204E+01	1.015663E-01	9.529783E-02
8.753108E+03	-1.687192E+01	1.012481E-01	9.529948E-02
8.753308E+03	-1.687188E+01	1.012468E-01	9.530112E-02
8.753508E+03	-1.687151E+01	1.012469E-01	9.530276E-02
8.753709E+03	-1.687119E+01	1.011357E-01	9.530441E-02
8.753909E+03	-1.687123E+01	1.009561E-01	9.530606E-02
8.754109E+03	-1.687127E+01	1.009735E-01	9.530770E-02
8.754309E+03	-1.687147E+01	1.009438E-01	9.530934E-02
8.754509E+03	-1.687171E+01	1.008550E-01	9.531098E-02
8.754709E+03	-1.687134E+01	1.009278E-01	9.531263E-02
8.754909E+03	-1.687098E+01	1.007312E-01	9.531427E-02
8.755109E+03	-1.687070E+01	1.006098E-01	9.531591E-02
8.755309E+03	-1.687037E+01	1.002947E-01	9.531755E-02
8.755509E+03	-1.687021E+01	9.963981E-02	9.531920E-02
8.755709E+03	-1.687005E+01	9.962306E-02	9.532084E-02
8.755909E+03	-1.687001E+01	9.971010E-02	9.532248E-02
8.756109E+03	-1.687001E+01	9.896830E-02	9.532412E-02
8.756309E+03	-1.686989E+01	9.878456E-02	9.532577E-02
8.756509E+03	-1.686972E+01	9.873207E-02	9.532741E-02
8.756709E+03	-1.686980E+01	9.883045E-02	9.532905E-02
8.756909E+03	-1.686988E+01	9.916939E-02	9.533069E-02
8.757109E+03	-1.686988E+01	9.923753E-02	9.533234E-02
8.757309E+03	-1.686992E+01	9.908633E-02	9.533398E-02
8.757509E+03	-1.686980E+01	9.871823E-02	9.533562E-02
8.757709E+03	-1.686943E+01	9.822784E-02	9.533726E-02
8.757909E+03	-1.686883E+01	9.881599E-02	9.533890E-02
8.758109E+03	-1.686827E+01	9.973117E-02	9.534055E-02
8.758309E+03	-1.686795E+01	9.959001E-02	9.534219E-02
8.758509E+03	-1.686787E+01	9.956373E-02	9.534383E-02
8.758710E+03	-1.686815E+01	9.961183E-02	9.534548E-02
8.758910E+03	-1.686794E+01	9.949023E-02	9.534712E-02
8.759110E+03	-1.686738E+01	9.937834E-02	9.534876E-02
8.759310E+03	-1.686682E+01	9.897217E-02	9.535040E-02
8.759510E+03	-1.686662E+01	9.892683E-02	9.535205E-02
8.759710E+03	-1.686646E+01	9.879513E-02	9.535369E-02
8.759910E+03	-1.686638E+01	9.864581E-02	9.535533E-02
8.760110E+03	-1.686630E+01	9.861582E-02	9.535697E-02
8.760910E+03	-1.686606E+01	9.860539E-02	9.536354E-02
8.761110E+03	-1.686594E+01	9.926163E-02	9.536518E-02
8.761309E+03	-1.686617E+01	9.957451E-02	9.536681E-02
8.762309E+03	-1.686616E+01	9.970966E-02	9.537502E-02
8.762709E+03	-1.686568E+01	9.973923E-02	9.537830E-02
8.763510E+03	-1.686516E+01	9.990240E-02	9.538487E-02
8.763710E+03	-1.686476E+01	1.000411E-01	9.538651E-02
8.763910E+03	-1.686480E+01	9.990754E-02	9.538815E-02
8.764110E+03	-1.686512E+01	1.001590E-01	9.538979E-02
8.764310E+03	-1.686543E+01	1.003314E-01	9.539143E-02
8.764510E+03	-1.686563E+01	1.004884E-01	9.539308E-02
8.764710E+03	-1.686499E+01	1.004566E-01	9.539472E-02
8.764910E+03	-1.686448E+01	1.004286E-01	9.539636E-02
8.765110E+03	-1.686443E+01	1.003165E-01	9.539800E-02
8.765310E+03	-1.686463E+01	1.003543E-01	9.539964E-02
8.765510E+03	-1.686503E+01	1.002557E-01	9.540128E-02
8.765710E+03	-1.686495E+01	1.002532E-01	9.540292E-02
8.765910E+03	-1.686467E+01	9.996736E-02	9.540456E-02
8.766110E+03	-1.686462E+01	9.920563E-02	9.540620E-02
8.766310E+03	-1.686486E+01	9.774995E-02	9.540784E-02
8.766510E+03	-1.686510E+01	9.753385E-02	9.540948E-02
8.767110E+03	-1.686493E+01	9.731986E-02	9.541440E-02
8.767310E+03	-1.686473E+01	9.684755E-02	9.541604E-02
8.767510E+03	-1.686438E+01	9.677997E-02	9.541768E-02
8.767710E+03	-1.686398E+01	9.679467E-02	9.541932E-02
8.767910E+03	-1.686402E+01	9.669668E-02	9.542096E-02
8.769711E+03	-1.686416E+01	9.673192E-02	9.543573E-02
8.769911E+03	-1.686412E+01	9.651340E-02	9.543737E-02
8.770111E+03	-1.686408E+01	9.616436E-02	9.543901E-02
8.770311E+03	-1.686368E+01	9.607288E-02	9.544065E-02
8.770511E+03	-1.686297E+01	9.596704E-02	9.544229E-02
8.770711E+03	-1.686253E+01	9.595795E-02	9.544393E-02
8.770911E+03	-1.686245E+01	9.604696E-02	9.544557E-02
8.771111E+03	-1.686225E+01	9.479778E-02	9.544721E-02
8.771311E+03	-1.686186E+01	9.484963E-02	9.544885E-02
8.771511E+03	-1.686193E+01	9.499675E-02	9.545049E-02
8.771711E+03	-1.686138E+01	9.485668E-02	9.545212E-02
8.771911E+03	-1.686150E+01	9.463466E-02	9.545376E-02
8.772111E+03	-1.686165E+01	9.458633E-02	9.545540E-02
8.772311E+03	-1.686138E+01	9.451459E-02	9.545704E-02
8.772511E+03	-1.686118E+01	9.448361E-02	9.545868E-02
8.772711E+03	-1.686106E+01	9.421829E-02	9.546032E-02
8.772911E+03	-1.686051E+01	9.385972E-02	9.546196E-02
8.773111E+03	-1.685984E+01	9.362956E-02	9.546360E-02
8.773312E+03	-1.685964E+01	9.366568E-02	9.546525E-02
8.773512E+03	-1.685991E+01	9.369349E-02	9.546689E-02
8.773712E+03	-1.686019E+01	9.391741E-02	9.546852E-02
8.773912E+03	-1.686023E+01	9.395726E-02	9.547016E-02
8.774112E+03	-1.686034E+01	9.413179E-02	9.547180E-02
8.774311E+03	-1.686077E+01	9.468484E-02	9.547343E-02
8.774512E+03	-1.686132E+01	9.458860E-02	9.547508E-02
8.774711E+03	-1.686167E+01	9.467753E-02	9.547671E-02
8.774912E+03	-1.686179E+01	9.451829E-02	9.547836E-02
8.775112E+03	-1.686143E+01	9.439406E-02	9.548000E-02
8.775311E+03	-1.686100E+01	9.431191E-02	9.548163E-02
8.775511E+03	-1.686080E+01	9.424964E-02	9.548327E-02
8.775711E+03	-1.686064E+01	9.429407E-02	9.548490E-02
8.775911E+03	-1.686056E+01	9.431236E-02	9.548654E-02
8.776111E+03	-1.686048E+01	9.387934E-02	9.548818E-02
8.776311E+03	-1.686040E+01	9.330132E-02	9.548982E-02
8.776511E+03	-1.686040E+01	9.329347E-02	9.549146E-02
8.776711E+03	-1.686008E+01	9.345349E-02	9.549310E-02
8.776911E+03	-1.685977E+01	9.365638E-02	9.549474E-02
8.777111E+03	-1.685949E+01	9.373431E-02	9.549637E-02
8.777311E+03	-1.685930E+01	9.359424E-02	9.549801E-02
8.777511E+03	-1.685929E+01	9.371165E-02	9.549964E-02
8.777711E+03	-1.685918E+01	9.378413E-02	9.550125E-02
8.777911E+03	-1.685882E+01	9.379416E-02	9.550287E-02
8.778712E+03	-1.685854E+01	9.366086E-02	9.550932E-02
8.779112E+03	-1.685830E+01	9.391101E-02	9.551255E-02
8.780112E+03	-1.685818E+01	9.411991E-02	9.552061E-02
8.780312E+03	-1.685829E+01	9.397348E-02	9.552222E-02
8.780712E+03	-1.685837E+01	9.393180E-02	9.552545E-02
8.780912E+03	-1.685837E+01	9.375996E-02	9.552706E-02
8.781112E+03	-1.685833E+01	9.373591E-02	9.552867E-02
8.781312E+03	-1.685829E+01	9.352053E-02	9.553028E-02
8.781512E+03	-1.685829E+01	9.350491E-02	9.553189E-02
8.781712E+03	-1.685817E+01	9.331573E-02	9.553350E-02
8.781912E+03	-1.685801E+01	9.229489E-02	9.553512E-02
8.782112E+03	-1.685801E+01	9.179149E-02	9.553673E-02
8.782312E+03	-1.685789E+01	9.161850E-02	9.553834E-02
8.782512E+03	-1.685750E+01	9.142324E-02	9.553995E-02
8.782712E+03	-1.685699E+01	9.116875E-02	9.554156E-02
8.782912E+03	-1.685633E+01	9.043137E-02	9.554317E-02
8.783113E+03	-1.685566E+01	9.017365E-02	9.554479E-02
8.783313E+03	-1.685558E+01	9.042142E-02	9.554641E-02
8.783513E+03	-1.685570E+01	9.044955E-02	9.554802E-02
8.783713E+03	-1.685547E+01	9.056014E-02	9.554963E-02
8.783913E+03	-1.685511E+01	9.049126E-02	9.555124E-02
8.784113E+03	-1.685538E+01	9.055172E-02	9.555285E-02
8.784313E+03	-1.685573E+01	9.055469E-02	9.555446E-02
8.784513E+03	-1.685550E+01	9.068851E-02	9.555607E-02
8.784713E+03	-1.685526E+01	9.069421E-02	9.555769E-02
8.784913E+03	-1.685507E+01	9.068475E-02	9.555930E-02
8.785113E+03	-1.685468E+01	9.019724E-02	9.556091E-02
8.785313E+03	-1.685437E+01	9.008650E-02	9.556252E-02
8.785513E+03	-1.685406E+01	8.976322E-02	9.556413E-02
8.785713E+03	-1.685378E+01	9.025611E-02	9.556574E-02
8.785913E+03	-1.685359E+01	9.029709E-02	9.556735E-02
8.786113E+03	-1.685328E+01	9.019814E-02	9.556896E-02
8.786313E+03	-1.685316E+01	9.045583E-02	9.557057E-02
8.786513E+03	-1.685343E+01	9.090989E-02	9.557218E-02
8.786713E+03	-1.685381E+01	8.857118E-02	9.557380E-02
8.786913E+03	-1.685370E+01	8.828091E-02	9.557541E-02
8.787112E+03	-1.685358E+01	8.808738E-02	9.557701E-02
8.787312E+03	-1.685327E+01	8.790892E-02	9.557862E-02
8.787513E+03	-1.685319E+01	8.798207E-02	9.558024E-02
8.787712E+03	-1.685373E+01	8.815737E-02	9.558184E-02
8.787913E+03	-1.685431E+01	8.820168E-02	9.558346E-02
8.788113E+03	-1.685423E+01	8.830590E-02	9.558507E-02
8.788313E+03	-1.685399E+01	8.798417E-02	9.558668E-02
8.788513E+03	-1.685419E+01	8.781058E-02	9.558829E-02
8.788713E+03	-1.685426E+01	8.739287E-02	9.558990E-02
8.788913E+03	-1.685422E+01	8.726901E-02	9.559151E-02
8.789113E+03	-1.685414E+01	8.588795E-02	9.559312E-02
8.789313E+03	-1.685399E+01	8.589990E-02	9.559473E-02
8.789513E+03	-1.685391E+01	8.547865E-02	9.559634E-02
8.789713E+03	-1.685387E+01	8.547104E-02	9.559795E-02
8.789913E+03	-1.685394E+01	8.401696E-02	9.559956E-02
8.790113E+03	-1.685386E+01	7.985003E-02	9.560117E-02
8.790313E+03	-1.685352E+01	8.007582E-02	9.560279E-02
8.790513E+03	-1.685355E+01	7.730148E-02	9.560440E-02
8.790713E+03	-1.685390E+01	7.638526E-02	9.560601E-02
8.790913E+03	-1.685405E+01	7.289681E-02	9.560762E-02
8.791113E+03	-1.685401E+01	7.345494E-02	9.560923E-02
8.791313E+03	-1.685405E+01	7.267635E-02	9.561084E-02
8.791513E+03	-1.685401E+01	7.220194E-02	9.561245E-02
8.791713E+03	-1.685401E+01	7.227929E-02	9.561406E-02
8.791913E+03	-1.685420E+01	7.233470E-02	9.561567E-02
8.792113E+03	-1.685420E+01	7.243142E-02	9.561728E-02
8.792313E+03	-1.685419E+01	7.240047E-02	9.561889E-02
8.792513E+03	-1.685423E+01	7.239531E-02	9.562050E-02
8.793114E+03	-1.685458E+01	7.244954E-02	9.562533E-02
8.793314E+03	-1.685508E+01	7.254137E-02	9.562694E-02
8.793514E+03	-1.685535E+01	7.259836E-02	9.562855E-02
8.793714E+03	-1.685550E+01	7.265148E-02	9.563016E-02
8.793914E+03	-1.685573E+01	7.255455E-02	9.563177E-02
8.794114E+03	-1.685616E+01	7.250938E-02	9.563338E-02
8.794314E+03	-1.685631E+01	7.244981E-02	9.563499E-02
8.794514E+03	-1.685627E+01	7.233447E-02	9.563660E-02
8.794714E+03	-1.685646E+01	7.226573E-02	9.563821E-02
8.794914E+03	-1.685666E+01	7.223195E-02	9.563982E-02
8.795114E+03	-1.685666E+01	7.260551E-02	9.564143E-02
8.795314E+03	-1.685681E+01	7.296630E-02	9.564304E-02
8.795514E+03	-1.685712E+01	7.297191E-02	9.564465E-02
8.795714E+03	-1.685727E+01	7.302928E-02	9.564626E-02
8.795914E+03	-1.685719E+01	7.300838E-02	9.564786E-02
8.796114E+03	-1.685723E+01	7.301493E-02	9.564947E-02
8.796314E+03	-1.685742E+01	7.318414E-02	9.565108E-02
8.796514E+03	-1.685793E+01	7.371454E-02	9.565269E-02
8.796714E+03	-1.685844E+01	7.401957E-02	9.565430E-02
8.796914E+03	-1.685863E+01	7.400206E-02	9.565591E-02
8.797114E+03	-1.685855E+01	7.384413E-02	9.565752E-02
8.797314E+03	-1.685851E+01	7.379450E-02	9.565913E-02
8.797514E+03	-1.685843E+01	7.410553E-02	9.566074E-02
8.797714E+03	-1.685815E+01	7.361373E-02	9.566235E-02
8.797915E+03	-1.685776E+01	7.325501E-02	9.566396E-02
8.798115E+03	-1.685796E+01	7.331134E-02	9.566557E-02
8.798315E+03	-1.685874E+01	7.367405E-02	9.566718E-02
8.798515E+03	-1.685920E+01	7.319790E-02	9.566879E-02
8.798715E+03	-1.685924E+01	7.329453E-02	9.567040E-02
8.798915E+03	-1.685924E+01	7.329453E-02	9.567201E-02
8.799115E+03	-1.685947E+01	7.327153E-02	9.567361E-02
8.799315E+03	-1.685975E+01	7.207148E-02	9.567522E-02
8.799515E+03	-1.685990E+01	7.109381E-02	9.567683E-02
8.799715E+03	-1.686029E+01	7.070284E-02	9.567844E-02
8.799915E+03	-1.686084E+01	7.090634E-02	9.568005E-02
8.800114E+03	-1.686127E+01	7.086685E-02	9.568165E-02
8.800315E+03	-1.686166E+01	7.066340E-02	9.568327E-02
8.800514E+03	-1.686186E+01	7.098688E-02	9.568487E-02
8.800715E+03	-1.686182E+01	7.119704E-02	9.568648E-02
8.800915E+03	-1.686205E+01	7.104667E-02	9.568809E-02
8.801114E+03	-1.686233E+01	7.104845E-02	9.568969E-02
8.801314E+03	-1.686201E+01	7.097718E-02	9.569130E-02
8.801514E+03	-1.686177E+01	7.095826E-02	9.569291E-02
8.801714E+03	-1.686189E+01	7.088304E-02	9.569452E-02
8.801914E+03	-1.686216E+01	7.088865E-02	9.569612E-02
8.802114E+03	-1.686224E+01	7.083845E-02	9.569773E-02
8.802314E+03	-1.686220E+01	7.082019E-02	9.569934E-02
8.802514E+03	-1.686239E+01	7.088784E-02	9.570095E-02
8.802715E+03	-1.686243E+01	7.094555E-02	9.570256E-02
8.802915E+03	-1.686231E+01	7.099325E-02	9.570417E-02
8.803115E+03	-1.686231E+01	7.150581E-02	9.570578E-02
8.803315E+03	-1.686227E+01	7.205914E-02	9.570739E-02
8.803515E+03	-1.686203E+01	7.262671E-02	9.570900E-02
8.803715E+03	-1.686191E+01	7.326085E-02	9.571060E-02
8.803915E+03	-1.686211E+01	7.399952E-02	9.571221E-02
8.804115E+03	-1.686222E+01	7.401573E-02	9.571382E-02
8.804315E+03	-1.686226E+01	7.400668E-02	9.571543E-02
8.804515E+03	-1.686238E+01	7.407416E-02	9.571703E-02
8.804715E+03	-1.686249E+01	7.410618E-02	9.571864E-02
8.804915E+03	-1.686245E+01	7.407184E-02	9.572025E-02
8.805115E+03	-1.686221E+01	7.401179E-02	9.572186E-02
8.805315E+03	-1.686213E+01	7.395894E-02	9.572346E-02
8.805515E+03	-1.686217E+01	7.393806E-02	9.572507E-02
8.805715E+03	-1.686221E+01	7.426802E-02	9.572668E-02
8.805915E+03	-1.686237E+01	7.584872E-02	9.572829E-02
8.806115E+03	-1.686244E+01	7.754273E-02	9.572989E-02
8.806315E+03	-1.686240E+01	7.776837E-02	9.573150E-02
8.806515E+03	-1.686240E+01	7.777626E-02	9.573311E-02
8.806715E+03	-1.686228E+01	7.838197E-02	9.573472E-02
8.806915E+03	-1.686228E+01	7.889059E-02	9.573632E-02
8.807115E+03	-1.686259E+01	7.892031E-02	9.573793E-02
8.807315E+03	-1.686299E+01	7.891309E-02	9.573954E-02
8.807515E+03	-1.686306E+01	7.953968E-02	9.574114E-02
8.807716E+03	-1.686326E+01	8.000661E-02	9.574276E-02
8.807916E+03	-1.686369E+01	8.036762E-02	9.574437E-02
8.808116E+03	-1.686389E+01	8.167459E-02	9.574597E-02
8.808316E+03	-1.686385E+01	8.165528E-02	9.574758E-02
8.808516E+03	-1.686389E+01	8.232758E-02	9.574919E-02
8.808716E+03	-1.686428E+01	8.276312E-02	9.575079E-02
8.808916E+03	-1.686452E+01	8.271729E-02	9.575240E-02
8.809116E+03	-1.686420E+01	8.260546E-02	9.575401E-02
8.809316E+03	-1.686412E+01	8.332689E-02	9.575561E-02
8.809516E+03	-1.686412E+01	8.360802E-02	9.575722E-02
8.809716E+03	-1.686419E+01	8.354406E-02	9.575883E-02
8.809916E+03	-1.686483E+01	8.380495E-02	9.576043E-02
8.810116E+03	-1.686542E+01	8.373325E-02	9.576204E-02
8.810316E+03	-1.686562E+01	8.356493E-02	9.576365E-02
8.810516E+03	-1.686538E+01	8.351909E-02	9.576525E-02
8.810716E+03	-1.686533E+01	8.350748E-02	9.576686E-02
8.810916E+03	-1.686569E+01	8.327024E-02	9.576847E-02
8.811116E+03	-1.686545E+01	8.274394E-02	9.577007E-02
8.811316E+03	-1.686537E+01	8.261762E-02	9.577168E-02
8.811516E+03	-1.686549E+01	8.262837E-02	9.577329E-02
8.811716E+03	-1.686529E+01	8.261839E-02	9.577489E-02
8.811916E+03	-1.686517E+01	8.261161E-02	9.577650E-02
8.812116E+03	-1.686505E+01	8.185880E-02	9.577810E-02
8.812316E+03	-1.686485E+01	8.068699E-02	9.577971E-02
8.812517E+03	-1.686473E+01	8.066092E-02	9.578132E-02
8.812717E+03	-1.686472E+01	8.097419E-02	9.578293E-02
8.812916E+03	-1.686484E+01	8.111537E-02	9.578453E-02
8.813117E+03	-1.686508E+01	8.124716E-02	9.578614E-02
8.813317E+03	-1.686531E+01	8.124805E-02	9.578775E-02
8.813516E+03	-1.686551E+01	8.125740E-02	9.578935E-02
8.813717E+03	-1.686551E+01	8.133686E-02	9.579096E-02
8.813916E+03	-1.686535E+01	8.127534E-02	9.579256E-02
8.814116E+03	-1.686531E+01	8.127585E-02	9.579416E-02
8.814316E+03	-1.686527E+01	8.123665E-02	9.579577E-02
8.814516E+03	-1.686534E+01	8.114429E-02	9.579738E-02
8.814716E+03	-1.686542E+01	8.024955E-02	9.579898E-02
8.814916E+03	-1.686562E+01	7.986902E-02	9.580059E-02
8.815116E+03	-1.686586E+01	7.984132E-02	9.580219E-02
8.815316E+03	-1.686633E+01	7.976992E-02	9.580380E-02
8.815516E+03	-1.686681E+01	7.968242E-02	9.580540E-02
8.815716E+03	-1.686665E+01	7.946199E-02	9.580701E-02
8.815916E+03	-1.686621E+01	7.929834E-02	9.580862E-02
8.816116E+03	-1.686605E+01	7.963126E-02	9.581022E-02
8.816316E+03	-1.686620E+01	8.193657E-02	9.581183E-02
8.816516E+03	-1.686644E+01	8.584363E-02	9.581343E-02
8.816716E+03	-1.686688E+01	8.754838E-02	9.581504E-02
8.816916E+03	-1.686787E+01	8.772573E-02	9.581664E-02
8.817116E+03	-1.686887E+01	8.787587E-02	9.581825E-02
8.817316E+03	-1.686967E+01	8.819864E-02	9.581985E-02
8.817517E+03	-1.687019E+01	8.826853E-02	9.582147E-02
8.817717E+03	-1.687075E+01	8.921132E-02	9.582307E-02
8.817917E+03	-1.687148E+01	9.121715E-02	9.582468E-02
8.818117E+03	-1.687188E+01	9.174935E-02	9.582628E-02
8.818317E+03	-1.687200E+01	9.197251E-02	9.582789E-02
8.818517E+03	-1.687244E+01	9.304753E-02	9.582949E-02
8.818717E+03	-1.687276E+01	9.320162E-02	9.583110E-02
8.818917E+03	-1.687300E+01	9.358108E-02	9.583270E-02
8.819117E+03	-1.687288E+01	9.411667E-02	9.583431E-02
8.819317E+03	-1.687263E+01	9.389452E-02	9.583591E-02
8.819517E+03	-1.687263E+01	9.390260E-02	9.583752E-02
8.819717E+03	-1.687283E+01	9.390992E-02	9.583912E-02
8.819917E+03	-1.687291E+01	9.405268E-02	9.584073E-02
8.820117E+03	-1.687271E+01	9.427555E-02	9.584233E-02
8.820317E+03	-1.687267E+01	9.500596E-02	9.584394E-02
8.820517E+03	-1.687303E+01	9.607194E-02	9.584554E-02
8.820717E+03	-1.687339E+01	9.606348E-02	9.584715E-02
8.820917E+03	-1.687359E+01	9.636731E-02	9.584875E-02
8.821117E+03	-1.687355E+01	9.647571E-02	9.585036E-02
8.821317E+03	-1.687347E+01	9.624325E-02	9.585196E-02
8.821517E+03	-1.687351E+01	9.628055E-02	9.585356E-02
8.821717E+03	-1.687367E+01	9.666868E-02	9.585517E-02
8.821917E+03	-1.687362E+01	9.671634E-02	9.585677E-02
8.822117E+03	-1.687346E+01	9.776077E-02	9.585838E-02
8.822318E+03	-1.687362E+01	9.842065E-02	9.585999E-02
8.822518E+03	-1.687350E+01	9.840528E-02	9.586159E-02
8.822718E+03	-1.687297E+01	9.823770E-02	9.586320E-02
8.822918E+03	-1.687277E+01	9.844655E-02	9.586480E-02
8.823118E+03	-1.687273E+01	9.872423E-02	9.586641E-02
8.823318E+03	-1.687248E+01	9.847131E-02	9.586801E-02
8.823518E+03	-1.687244E+01	9.854694E-02	9.586962E-02
8.823718E+03	-1.687244E+01	9.948360E-02	9.587122E-02
8.823918E+03	-1.687227E+01	1.007381E-01	9.587282E-02
8.824118E+03	-1.687223E+01	1.012654E-01	9.587443E-02
8.824318E+03	-1.687223E+01	1.029240E-01	9.587603E-02
8.824518E+03	-1.687211E+01	1.029195E-01	9.587764E-02
8.824718E+03	-1.687178E+01	1.027987E-01	9.587924E-02
8.824918E+03	-1.687158E+01	1.030009E-01	9.588084E-02
8.825118E+03	-1.687130E+01	1.030105E-01	9.588245E-02
8.825318E+03	-1.687113E+01	1.027268E-01	9.588405E-02
8.825518E+03	-1.687174E+01	1.028537E-01	9.588566E-02
8.825718E+03	-1.687254E+01	1.035134E-01	9.588726E-02
8.826118E+03	-1.687290E+01	1.042590E-01	9.589047E-02
8.826317E+03	-1.687290E+01	1.043519E-01	9.589206E-02
8.826517E+03	-1.687302E+01	1.043932E-01	9.589367E-02
8.826718E+03	-1.687330E+01	1.045017E-01	9.589528E-02
8.826917E+03	-1.687346E+01	1.043990E-01	9.589687E-02
8.829318E+03	-1.687369E+01	1.044250E-01	9.591612E-02
8.829518E+03	-1.687409E+01	1.047535E-01	9.591772E-02
8.829718E+03	-1.687441E+01	1.053267E-01	9.591933E-02
8.829918E+03	-1.687453E+01	1.054982E-01	9.592093E-02
8.830118E+03	-1.687482E+01	1.054414E-01	9.592253E-02
8.830318E+03	-1.687510E+01	1.056282E-01	9.592414E-02
8.830518E+03	-1.687510E+01	1.056160E-01	9.592574E-02
8.830718E+03	-1.687489E+01	1.052337E-01	9.592734E-02
8.830918E+03	-1.687473E+01	1.049670E-01	9.592894E-02
8.831118E+03	-1.687473E+01	1.049751E-01	9.593055E-02
8.831318E+03	-1.687468E+01	1.049694E-01	9.593215E-02
8.831518E+03	-1.687468E+01	1.050424E-01	9.593375E-02
8.831718E+03	-1.687468E+01	1.052535E-01	9.593536E-02
8.831918E+03	-1.687476E+01	1.055776E-01	9.593696E-02
8.832119E+03	-1.687480E+01	1.058839E-01	9.593857E-02
8.832319E+03	-1.687468E+01	1.059476E-01	9.594017E-02
8.832519E+03	-1.687443E+01	1.059004E-01	9.594177E-02
8.832719E+03	-1.687419E+01	1.060113E-01	9.594338E-02
8.832919E+03	-1.687406E+01	1.060181E-01	9.594498E-02
8.833119E+03	-1.687414E+01	1.060379E-01	9.594658E-02
8.833319E+03	-1.687418E+01	1.061046E-01	9.594818E-02
8.833519E+03	-1.687406E+01	1.061235E-01	9.594979E-02
8.833719E+03	-1.687389E+01	1.062216E-01	9.595139E-02
8.833919E+03	-1.687385E+01	1.059889E-01	9.595299E-02
8.834119E+03	-1.687422E+01	1.057658E-01	9.595459E-02
8.834319E+03	-1.687446E+01	1.057723E-01	9.595619E-02
8.834519E+03	-1.687462E+01	1.062177E-01	9.595780E-02
8.834719E+03	-1.687510E+01	1.063816E-01	9.595940E-02
8.834919E+03	-1.687531E+01	1.064314E-01	9.596100E-02
8.835119E+03	-1.687510E+01	1.065888E-01	9.596260E-02
8.835319E+03	-1.687473E+01	1.074694E-01	9.596421E-02
8.835519E+03	-1.687469E+01	1.075608E-01	9.596581E-02
8.835719E+03	-1.687493E+01	1.077146E-01	9.596741E-02
8.835919E+03	-1.687522E+01	1.078827E-01	9.596901E-02
8.836119E+03	-1.687530E+01	1.079436E-01	9.597061E-02
8.836319E+03	-1.687517E+01	1.070070E-01	9.597221E-02
8.836519E+03	-1.687529E+01	1.068135E-01	9.597382E-02
8.836719E+03	-1.687525E+01	1.067873E-01	9.597542E-02
8.836919E+03	-1.687492E+01	1.058423E-01	9.597702E-02
8.837120E+03	-1.687484E+01	1.048479E-01	9.597863E-02
8.837320E+03	-1.687484E+01	1.046855E-01	9.598023E-02
8.837520E+03	-1.687472E+01	1.046886E-01	9.598183E-02
8.838520E+03	-1.687487E+01	1.049430E-01	9.598984E-02
8.838719E+03	-1.687495E+01	1.050560E-01	9.599143E-02
8.838919E+03	-1.687462E+01	1.050709E-01	9.599304E-02
8.839120E+03	-1.687474E+01	1.049257E-01	9.599464E-02
8.839319E+03	-1.687494E+01	1.050682E-01	9.599624E-02
8.839520E+03	-1.687482E+01	1.055991E-01	9.599785E-02
8.839719E+03	-1.687470E+01	1.059430E-01	9.599944E-02
8.839919E+03	-1.687449E+01	1.056582E-01	9.600104E-02
8.840119E+03	-1.687437E+01	1.056570E-01	9.600264E-02
8.840319E+03	-1.687445E+01	1.058390E-01	9.600424E-02
8.840519E+03	-1.687489E+01	1.059032E-01	9.600585E-02
8.840719E+03	-1.687514E+01	1.059180E-01	9.600745E-02
8.840919E+03	-1.687509E+01	1.059284E-01	9.600905E-02
8.841119E+03	-1.687542E+01	1.059548E-01	9.601065E-02
8.841319E+03	-1.687554E+01	1.059317E-01	9.601225E-02
8.841519E+03	-1.687537E+01	1.058473E-01	9.601385E-02
8.841719E+03	-1.687541E+01	1.056702E-01	9.601545E-02
8.841920E+03	-1.687553E+01	1.056551E-01	9.601706E-02
8.842120E+03	-1.687553E+01	1.056063E-01	9.601866E-02
8.842320E+03	-1.687541E+01	1.055726E-01	9.602026E-02
8.842520E+03	-1.687549E+01	1.050962E-01	9.602186E-02
8.842720E+03	-1.687585E+01	1.051848E-01	9.602346E-02
8.842920E+03	-1.687593E+01	1.055099E-01	9.602506E-02
8.843120E+03	-1.687597E+01	1.055117E-01	9.602666E-02
8.843320E+03	-1.687617E+01	1.055489E-01	9.602826E-02
8.843520E+03	-1.687613E+01	1.054413E-01	9.602986E-02
8.843720E+03	-1.687617E+01	1.054104E-01	9.603147E-02
8.843920E+03	-1.687658E+01	1.053911E-01	9.603307E-02
8.844120E+03	-1.687674E+01	1.054307E-01	9.603467E-02
8.844320E+03	-1.687641E+01	1.052374E-01	9.603627E-02
8.844520E+03	-1.687625E+01	1.050064E-01	9.603787E-02
8.844720E+03	-1.687612E+01	1.049036E-01	9.603947E-02
8.844920E+03	-1.687636E+01	1.050808E-01	9.604107E-02
8.845120E+03	-1.687693E+01	1.053497E-01	9.604267E-02
8.845320E+03	-1.687722E+01	1.055619E-01	9.604427E-02
8.845520E+03	-1.687763E+01	1.058820E-01	9.604587E-02
8.845720E+03	-1.687820E+01	1.062878E-01	9.604747E-02
8.845920E+03	-1.687844E+01	1.063479E-01	9.604907E-02
8.846120E+03	-1.687873E+01	1.063608E-01	9.605067E-02
8.846320E+03	-1.687913E+01	1.062848E-01	9.605227E-02
8.846520E+03	-1.687921E+01	1.063213E-01	9.605387E-02
8.846720E+03	-1.687934E+01	1.064746E-01	9.605547E-02
8.846921E+03	-1.687979E+01	1.067333E-01	9.605708E-02
8.847121E+03	-1.688011E+01	1.068182E-01	9.605868E-02
8.847321E+03	-1.688040E+01	1.068109E-01	9.606028E-02
8.847521E+03	-1.688060E+01	1.066063E-01	9.606188E-02
8.847721E+03	-1.688056E+01	1.066126E-01	9.606348E-02
8.847921E+03	-1.688048E+01	1.072960E-01	9.606508E-02
8.848121E+03	-1.688056E+01	1.077773E-01	9.606668E-02
8.848321E+03	-1.688043E+01	1.077302E-01	9.606827E-02
8.848521E+03	-1.687973E+01	1.072243E-01	9.606987E-02
8.848721E+03	-1.687940E+01	1.068764E-01	9.607147E-02
8.848921E+03	-1.687948E+01	1.069869E-01	9.607307E-02
8.849121E+03	-1.687956E+01	1.070441E-01	9.607467E-02
8.849321E+03	-1.687968E+01	1.073332E-01	9.607627E-02
8.849521E+03	-1.687968E+01	1.077029E-01	9.607787E-02
8.849721E+03	-1.687943E+01	1.074735E-01	9.607947E-02
8.849921E+03	-1.687939E+01	1.074880E-01	9.608107E-02
8.850121E+03	-1.687898E+01	1.074152E-01	9.608267E-02
8.850321E+03	-1.687836E+01	1.074107E-01	9.608427E-02
8.850521E+03	-1.687832E+01	1.075725E-01	9.608587E-02
8.850721E+03	-1.687848E+01	1.075599E-01	9.608747E-02
8.850921E+03	-1.687824E+01	1.076137E-01	9.608907E-02
8.851121E+03	-1.687811E+01	1.079557E-01	9.609067E-02
8.851521E+03	-1.687799E+01	1.079824E-01	9.609386E-02
8.851721E+03	-1.687749E+01	1.077461E-01	9.609546E-02
8.851922E+03	-1.687729E+01	1.082550E-01	9.609707E-02
8.852121E+03	-1.687753E+01	1.094033E-01	9.609866E-02
8.852322E+03	-1.687745E+01	1.098526E-01	9.610027E-02
8.852522E+03	-1.687732E+01	1.097971E-01	9.610187E-02
8.852721E+03	-1.687712E+01	1.099293E-01	9.610346E-02
8.852921E+03	-1.687679E+01	1.104709E-01	9.610506E-02
8.853121E+03	-1.687667E+01	1.106804E-01	9.610666E-02
8.853321E+03	-1.687683E+01	1.107139E-01	9.610825E-02
8.853521E+03	-1.687703E+01	1.109251E-01	9.610985E-02
8.853721E+03	-1.687703E+01	1.111497E-01	9.611145E-02
8.853921E+03	-1.687682E+01	1.110730E-01	9.611305E-02
8.854121E+03	-1.687674E+01	1.111908E-01	9.611465E-02
8.854321E+03	-1.687674E+01	1.114193E-01	9.611625E-02
8.854521E+03	-1.687661E+01	1.112696E-01	9.611785E-02
8.854721E+03	-1.687657E+01	1.108962E-01	9.611945E-02
8.854921E+03	-1.687673E+01	1.104605E-01	9.612104E-02
8.855121E+03	-1.687681E+01	1.099059E-01	9.612264E-02
8.855321E+03	-1.687673E+01	1.101137E-01	9.612424E-02
8.855521E+03	-1.687681E+01	1.102854E-01	9.612584E-02
8.855721E+03	-1.687665E+01	1.102195E-01	9.612744E-02
8.855921E+03	-1.687656E+01	1.104190E-01	9.612904E-02
8.856121E+03	-1.687664E+01	1.105254E-01	9.613063E-02
8.856321E+03	-1.687648E+01	1.104676E-01	9.613223E-02
8.856521E+03	-1.687635E+01	1.104406E-01	9.613383E-02
8.856722E+03	-1.687651E+01	1.104902E-01	9.613544E-02
8.856922E+03	-1.687655E+01	1.101988E-01	9.613703E-02
8.857122E+03	-1.687651E+01	1.088713E-01	9.613863E-02
8.857322E+03	-1.687659E+01	1.073419E-01	9.614023E-02
8.857522E+03	-1.687639E+01	1.070917E-01	9.614183E-02
8.857722E+03	-1.687590E+01	1.069875E-01	9.614343E-02
8.857922E+03	-1.687561E+01	1.064412E-01	9.614502E-02
8.858122E+03	-1.687581E+01	1.062590E-01	9.614662E-02
8.858322E+03	-1.687601E+01	1.064718E-01	9.614822E-02
8.858522E+03	-1.687589E+01	1.066088E-01	9.614982E-02
8.858722E+03	-1.687560E+01	1.063558E-01	9.615142E-02
8.858922E+03	-1.687552E+01	1.061853E-01	9.615301E-02
8.859122E+03	-1.687560E+01	1.058756E-01	9.615461E-02
8.859322E+03	-1.687556E+01	1.047222E-01	9.615621E-02
8.859522E+03	-1.687564E+01	1.050552E-01	9.615781E-02
8.859722E+03	-1.687584E+01	1.047217E-01	9.615940E-02
8.859922E+03	-1.687600E+01	1.045166E-01	9.616100E-02
8.860122E+03	-1.687608E+01	1.045444E-01	9.616260E-02
8.860322E+03	-1.687616E+01	1.047800E-01	9.616420E-02
8.860522E+03	-1.687616E+01	1.042991E-01	9.616579E-02
8.860722E+03	-1.687583E+01	1.040214E-01	9.616739E-02
8.860922E+03	-1.687522E+01	1.039729E-01	9.616899E-02
8.861122E+03	-1.687477E+01	1.038619E-01	9.617059E-02
8.861322E+03	-1.687493E+01	1.039779E-01	9.617218E-02
8.861523E+03	-1.687517E+01	1.040933E-01	9.617379E-02
8.861723E+03	-1.687533E+01	1.041729E-01	9.617539E-02
8.861923E+03	-1.687517E+01	1.041583E-01	9.617698E-02
8.862123E+03	-1.687476E+01	1.040771E-01	9.617858E-02
8.862323E+03	-1.687517E+01	1.041827E-01	9.618018E-02
8.862523E+03	-1.687586E+01	1.043732E-01	9.618178E-02
8.862723E+03	-1.687606E+01	1.048296E-01	9.618337E-02
8.862923E+03	-1.687577E+01	1.048911E-01	9.618497E-02
8.863123E+03	-1.687549E+01	1.054733E-01	9.618657E-02
8.863323E+03	-1.687536E+01	1.055128E-01	9.618816E-02
8.863523E+03	-1.687512E+01	1.058600E-01	9.618976E-02
8.863723E+03	-1.687516E+01	1.062237E-01	9.619136E-02
8.863923E+03	-1.687528E+01	1.060054E-01	9.619295E-02
8.864123E+03	-1.687536E+01	1.059927E-01	9.619455E-02
8.864323E+03	-1.687548E+01	1.060998E-01	9.619615E-02
8.864522E+03	-1.687572E+01	1.062857E-01	9.619774E-02
8.864722E+03	-1.687531E+01	1.061943E-01	9.619933E-02
8.864923E+03	-1.687454E+01	1.059692E-01	9.620094E-02
8.865122E+03	-1.687433E+01	1.059683E-01	9.620253E-02
8.865323E+03	-1.687457E+01	1.060927E-01	9.620413E-02
8.865522E+03	-1.687441E+01	1.064468E-01	9.620572E-02
8.865722E+03	-1.687494E+01	1.074337E-01	9.620732E-02
8.865922E+03	-1.687563E+01	1.079590E-01	9.620891E-02
8.866122E+03	-1.687554E+01	1.079388E-01	9.621051E-02
8.866322E+03	-1.687619E+01	1.081253E-01	9.621211E-02
8.866523E+03	-1.687587E+01	1.079546E-01	9.621371E-02
8.866723E+03	-1.687501E+01	1.077262E-01	9.621531E-02
8.866923E+03	-1.687476E+01	1.076982E-01	9.621690E-02
8.867123E+03	-1.687428E+01	1.075775E-01	9.621850E-02
8.867323E+03	-1.687415E+01	1.077096E-01	9.622009E-02
8.867523E+03	-1.687419E+01	1.058697E-01	9.622169E-02
8.867723E+03	-1.687407E+01	1.025751E-01	9.622329E-02
8.867923E+03	-1.687399E+01	1.009785E-01	9.622488E-02
8.868123E+03	-1.687411E+01	1.012745E-01	9.622648E-02
8.868323E+03	-1.687410E+01	1.013192E-01	9.622808E-02
8.868523E+03	-1.687431E+01	1.012407E-01	9.622967E-02
8.868723E+03	-1.687467E+01	1.014924E-01	9.623127E-02
8.869523E+03	-1.687495E+01	1.009412E-01	9.623765E-02
8.869723E+03	-1.687503E+01	9.937067E-02	9.623925E-02
8.869923E+03	-1.687507E+01	9.898564E-02	9.624084E-02
8.870123E+03	-1.687506E+01	9.867262E-02	9.624244E-02
8.870323E+03	-1.687498E+01	9.773556E-02	9.624403E-02
8.870523E+03	-1.687498E+01	9.795505E-02	9.624563E-02
8.870723E+03	-1.687522E+01	9.771321E-02	9.624723E-02
8.870923E+03	-1.687567E+01	9.783432E-02	9.624882E-02
8.871123E+03	-1.687628E+01	9.857135E-02	9.625042E-02
8.871324E+03	-1.687656E+01	9.858721E-02	9.625202E-02
8.871524E+03	-1.687644E+01	9.871849E-02	9.625362E-02
8.871724E+03	-1.687631E+01	9.863361E-02	9.625521E-02
8.871924E+03	-1.687656E+01	9.840364E-02	9.625681E-02
8.872124E+03	-1.687668E+01	9.779073E-02	9.625840E-02
8.872324E+03	-1.687639E+01	9.684563E-02	9.626000E-02
8.872524E+03	-1.687618E+01	9.686948E-02	9.626159E-02
8.872724E+03	-1.687618E+01	9.665345E-02	9.626319E-02
8.872924E+03	-1.687618E+01	9.652302E-02	9.626478E-02
8.873124E+03	-1.687602E+01	9.658458E-02	9.626638E-02
8.873324E+03	-1.687597E+01	9.638404E-02	9.626797E-02
8.873524E+03	-1.687589E+01	9.603195E-02	9.626957E-02
8.873724E+03	-1.687565E+01	9.612450E-02	9.627116E-02
8.873924E+03	-1.687540E+01	9.560663E-02	9.627276E-02
8.874124E+03	-1.687524E+01	9.483465E-02	9.627435E-02
8.874324E+03	-1.687475E+01	9.546760E-02	9.627595E-02
8.874524E+03	-1.687414E+01	9.606002E-02	9.627754E-02
8.874724E+03	-1.687369E+01	9.565340E-02	9.627914E-02
8.874924E+03	-1.687344E+01	9.541355E-02	9.628073E-02
8.875124E+03	-1.687336E+01	9.539981E-02	9.628233E-02
8.875324E+03	-1.687368E+01	9.539402E-02	9.628392E-02
8.875524E+03	-1.687401E+01	9.455274E-02	9.628552E-02
8.875724E+03	-1.687417E+01	9.373198E-02	9.628711E-02
8.875924E+03	-1.687437E+01	9.347946E-02	9.628871E-02
8.876124E+03	-1.687433E+01	9.161178E-02	9.629030E-02
8.876325E+03	-1.687396E+01	9.173756E-02	9.629190E-02
8.876525E+03	-1.687363E+01	9.156777E-02	9.629350E-02
8.876725E+03	-1.687383E+01	9.146861E-02	9.629509E-02
8.876925E+03	-1.687412E+01	9.219376E-02	9.629669E-02
8.877124E+03	-1.687399E+01	9.247617E-02	9.629827E-02
8.877325E+03	-1.687363E+01	9.239446E-02	9.629988E-02
8.877524E+03	-1.687326E+01	9.175817E-02	9.630146E-02
8.877725E+03	-1.687306E+01	9.097075E-02	9.630307E-02
8.877924E+03	-1.687269E+01	9.076512E-02	9.630465E-02
8.878124E+03	-1.687241E+01	9.070600E-02	9.630625E-02
8.878325E+03	-1.687228E+01	9.063221E-02	9.630785E-02
8.878524E+03	-1.687196E+01	9.049618E-02	9.630943E-02
8.878724E+03	-1.687192E+01	8.991054E-02	9.631103E-02
8.878924E+03	-1.687224E+01	8.950482E-02	9.631262E-02
8.879124E+03	-1.687248E+01	8.903744E-02	9.631422E-02
8.879324E+03	-1.687252E+01	8.878703E-02	9.631581E-02
8.879524E+03	-1.687235E+01	8.874590E-02	9.631741E-02
8.879724E+03	-1.687223E+01	8.853532E-02	9.631900E-02
8.879924E+03	-1.687235E+01	8.855599E-02	9.632059E-02
8.880124E+03	-1.687251E+01	8.858492E-02	9.632219E-02
8.880324E+03	-1.687255E+01	8.858104E-02	9.632378E-02
8.880524E+03	-1.687259E+01	8.858928E-02	9.632537E-02
8.880724E+03	-1.687271E+01	8.872322E-02	9.632697E-02
8.880924E+03	-1.687299E+01	8.866374E-02	9.632856E-02
8.881125E+03	-1.687331E+01	8.853954E-02	9.633016E-02
8.881325E+03	-1.687335E+01	8.828049E-02	9.633176E-02
8.881525E+03	-1.687311E+01	8.781014E-02	9.633335E-02
8.881725E+03	-1.687266E+01	8.758676E-02	9.633495E-02
8.881925E+03	-1.687217E+01	8.746478E-02	9.633654E-02
8.882125E+03	-1.687177E+01	8.724630E-02	9.633813E-02
8.882325E+03	-1.687189E+01	8.716164E-02	9.633973E-02
8.882525E+03	-1.687229E+01	8.724677E-02	9.634132E-02
8.882725E+03	-1.687265E+01	8.724709E-02	9.634291E-02
8.882925E+03	-1.687285E+01	8.725536E-02	9.634451E-02
8.883125E+03	-1.687293E+01	8.745371E-02	9.634610E-02
8.883325E+03	-1.687297E+01	8.747805E-02	9.634769E-02
8.883525E+03	-1.687285E+01	8.759115E-02	9.634929E-02
8.883725E+03	-1.687248E+01	8.733588E-02	9.635088E-02
8.883925E+03	-1.687220E+01	8.669327E-02	9.635247E-02
8.884125E+03	-1.687228E+01	8.668112E-02	9.635407E-02
8.884325E+03	-1.687240E+01	8.670936E-02	9.635566E-02
8.884525E+03	-1.687240E+01	8.619610E-02	9.635725E-02
8.884725E+03	-1.687231E+01	8.468096E-02	9.635885E-02
8.884925E+03	-1.687247E+01	8.495098E-02	9.636044E-02
8.885125E+03	-1.687255E+01	8.611904E-02	9.636203E-02
8.885325E+03	-1.687243E+01	8.641025E-02	9.636362E-02
8.885525E+03	-1.687215E+01	8.625706E-02	9.636522E-02
8.885725E+03	-1.687182E+01	8.614853E-02	9.636681E-02
8.885925E+03	-1.687166E+01	8.610037E-02	9.636840E-02
8.886126E+03	-1.687141E+01	8.630242E-02	9.637000E-02
8.886326E+03	-1.687121E+01	8.633492E-02	9.637160E-02
8.886526E+03	-1.687117E+01	8.655260E-02	9.637319E-02
8.886726E+03	-1.687117E+01	8.703220E-02	9.637478E-02
8.887926E+03	-1.687096E+01	8.671388E-02	9.638434E-02
8.888126E+03	-1.687067E+01	8.620270E-02	9.638593E-02
8.888326E+03	-1.687055E+01	8.589702E-02	9.638752E-02
8.888526E+03	-1.687063E+01	8.567142E-02	9.638912E-02
8.888726E+03	-1.687063E+01	8.551041E-02	9.639071E-02
8.888926E+03	-1.687059E+01	8.547028E-02	9.639230E-02
8.889126E+03	-1.687091E+01	8.506645E-02	9.639389E-02
8.889326E+03	-1.687139E+01	8.512898E-02	9.639549E-02
8.889526E+03	-1.687143E+01	8.518931E-02	9.639708E-02
8.889726E+03	-1.687135E+01	8.493157E-02	9.639867E-02
8.889926E+03	-1.687138E+01	8.462895E-02	9.640026E-02
8.890126E+03	-1.687142E+01	8.468117E-02	9.640185E-02
8.890326E+03	-1.687134E+01	8.514527E-02	9.640345E-02
8.890525E+03	-1.687134E+01	8.534284E-02	9.640503E-02
8.890726E+03	-1.687138E+01	8.537496E-02	9.640663E-02
8.890926E+03	-1.687109E+01	8.551696E-02	9.640822E-02
8.891127E+03	-1.687081E+01	8.556616E-02	9.640982E-02
8.891326E+03	-1.687097E+01	8.559791E-02	9.641141E-02
8.891526E+03	-1.687089E+01	8.552564E-02	9.641300E-02
8.891726E+03	-1.687036E+01	8.547897E-02	9.641459E-02
8.891926E+03	-1.686996E+01	8.529536E-02	9.641618E-02
8.892126E+03	-1.687012E+01	8.569284E-02	9.641777E-02
8.892326E+03	-1.687056E+01	8.620685E-02	9.641937E-02
8.892526E+03	-1.687104E+01	8.646401E-02	9.642096E-02
8.892726E+03	-1.687140E+01	8.652417E-02	9.642255E-02
8.892926E+03	-1.687180E+01	8.678624E-02	9.642414E-02
8.893126E+03	-1.687233E+01	8.702055E-02	9.642573E-02
8.893326E+03	-1.687277E+01	8.718659E-02	9.642732E-02
8.893526E+03	-1.687301E+01	8.726368E-02	9.642892E-02
8.893726E+03	-1.687301E+01	8.819874E-02	9.643051E-02
8.893926E+03	-1.687313E+01	8.997257E-02	9.643210E-02
8.894126E+03	-1.687329E+01	9.150887E-02	9.643369E-02
8.894326E+03	-1.687345E+01	9.282751E-02	9.643528E-02
8.894526E+03	-1.687357E+01	9.383436E-02	9.643687E-02
8.894726E+03	-1.687357E+01	9.462067E-02	9.643846E-02
8.894926E+03	-1.687353E+01	9.520760E-02	9.644006E-02
8.895126E+03	-1.687353E+01	9.562908E-02	9.644165E-02
8.895326E+03	-1.687332E+01	9.583564E-02	9.644324E-02
8.895526E+03	-1.687340E+01	9.635592E-02	9.644483E-02
8.895726E+03	-1.687344E+01	9.659588E-02	9.644642E-02
8.895927E+03	-1.687336E+01	9.684524E-02	9.644802E-02
8.896127E+03	-1.687332E+01	9.683215E-02	9.644961E-02
8.896327E+03	-1.687323E+01	9.663994E-02	9.645120E-02
8.896527E+03	-1.687319E+01	9.650539E-02	9.645279E-02
8.896727E+03	-1.687311E+01	9.649549E-02	9.645438E-02
8.896927E+03	-1.687303E+01	9.650179E-02	9.645597E-02
8.897127E+03	-1.687294E+01	9.655261E-02	9.645756E-02
8.897327E+03	-1.687274E+01	9.637818E-02	9.645916E-02
8.897527E+03	-1.687241E+01	9.584151E-02	9.646075E-02
8.897727E+03	-1.687209E+01	9.549550E-02	9.646234E-02
8.897927E+03	-1.687184E+01	9.550684E-02	9.646393E-02
8.898127E+03	-1.687192E+01	9.548825E-02	9.646552E-02
8.898327E+03	-1.687233E+01	9.575092E-02	9.646711E-02
8.898527E+03	-1.687293E+01	9.581597E-02	9.646870E-02
8.898727E+03	-1.687321E+01	9.600812E-02	9.647029E-02
8.898927E+03	-1.687329E+01	9.550347E-02	9.647188E-02
8.899127E+03	-1.687349E+01	9.511843E-02	9.647347E-02
8.899327E+03	-1.687357E+01	9.511592E-02	9.647506E-02
8.899527E+03	-1.687373E+01	9.580025E-02	9.647665E-02
8.899727E+03	-1.687398E+01	9.741196E-02	9.647824E-02
8.899927E+03	-1.687410E+01	9.763813E-02	9.647983E-02
8.900127E+03	-1.687422E+01	9.744630E-02	9.648142E-02
8.900327E+03	-1.687458E+01	9.753241E-02	9.648301E-02
8.900527E+03	-1.687470E+01	9.730375E-02	9.648460E-02
8.900728E+03	-1.687437E+01	9.679642E-02	9.648620E-02
8.900928E+03	-1.687433E+01	9.658839E-02	9.648779E-02
8.901128E+03	-1.687457E+01	9.639883E-02	9.648938E-02
8.901328E+03	-1.687465E+01	9.549846E-02	9.649097E-02
8.901528E+03	-1.687465E+01	9.431590E-02	9.649256E-02
8.901728E+03	-1.687489E+01	9.400294E-02	9.649415E-02
8.901928E+03	-1.687481E+01	9.435122E-02	9.649574E-02
8.902128E+03	-1.687469E+01	9.430034E-02	9.649733E-02
8.902328E+03	-1.687424E+01	9.361468E-02	9.649892E-02
8.902528E+03	-1.687399E+01	9.386653E-02	9.650051E-02
8.902728E+03	-1.687411E+01	9.456661E-02	9.650210E-02
8.902927E+03	-1.687399E+01	9.441026E-02	9.650369E-02
8.903128E+03	-1.687395E+01	9.435275E-02	9.650528E-02
8.903327E+03	-1.687411E+01	9.442049E-02	9.650686E-02
8.903528E+03	-1.687423E+01	9.455253E-02	9.650846E-02
8.903927E+03	-1.687443E+01	9.433273E-02	9.651163E-02
8.904127E+03	-1.687447E+01	9.423187E-02	9.651322E-02
8.904327E+03	-1.687451E+01	9.450475E-02	9.651481E-02
8.905127E+03	-1.687446E+01	9.460966E-02	9.652117E-02
8.905327E+03	-1.687422E+01	9.452817E-02	9.652276E-02
8.905527E+03	-1.687401E+01	9.418777E-02	9.652435E-02
8.905728E+03	-1.687389E+01	9.395041E-02	9.652595E-02
8.905928E+03	-1.687397E+01	9.406535E-02	9.652754E-02
8.906128E+03	-1.687449E+01	9.411881E-02	9.652913E-02
8.906328E+03	-1.687494E+01	9.415475E-02	9.653072E-02
8.906528E+03	-1.687490E+01	9.412154E-02	9.653230E-02
8.906728E+03	-1.687469E+01	9.410594E-02	9.653389E-02
8.906928E+03	-1.687461E+01	9.426307E-02	9.653548E-02
8.907128E+03	-1.687461E+01	9.428746E-02	9.653707E-02
8.907328E+03	-1.687461E+01	9.426307E-02	9.653866E-02
8.907528E+03	-1.687456E+01	9.420956E-02	9.654025E-02
8.907728E+03	-1.687464E+01	9.416623E-02	9.654184E-02
8.907928E+03	-1.687460E+01	9.408833E-02	9.654343E-02
8.908128E+03	-1.687456E+01	9.431927E-02	9.654502E-02
8.908328E+03	-1.687456E+01	9.486783E-02	9.654661E-02
8.908528E+03	-1.687447E+01	9.488258E-02	9.654819E-02
8.908728E+03	-1.687431E+01	9.475774E-02	9.654978E-02
8.908928E+03	-1.687415E+01	9.459647E-02	9.655137E-02
8.909128E+03	-1.687423E+01	9.439490E-02	9.655296E-02
8.909328E+03	-1.687455E+01	9.457526E-02	9.655455E-02
8.909528E+03	-1.687459E+01	9.485638E-02	9.655614E-02
8.909728E+03	-1.687446E+01	9.483383E-02	9.655773E-02
8.909928E+03	-1.687442E+01	9.493464E-02	9.655932E-02
8.910128E+03	-1.687438E+01	9.521415E-02	9.656090E-02
8.910328E+03	-1.687430E+01	9.526944E-02	9.656249E-02
8.910529E+03	-1.687397E+01	9.511301E-02	9.656409E-02
8.910729E+03	-1.687369E+01	9.523739E-02	9.656568E-02
8.910929E+03	-1.687356E+01	9.507692E-02	9.656727E-02
8.911129E+03	-1.687356E+01	9.492691E-02	9.656885E-02
8.911329E+03	-1.687348E+01	9.481191E-02	9.657044E-02
8.911529E+03	-1.687352E+01	9.510048E-02	9.657203E-02
8.911729E+03	-1.687376E+01	9.529168E-02	9.657362E-02
8.911929E+03	-1.687412E+01	9.532719E-02	9.657521E-02
8.912129E+03	-1.687445E+01	9.536603E-02	9.657680E-02
8.912329E+03	-1.687412E+01	9.529066E-02	9.657838E-02
8.912529E+03	-1.687367E+01	9.518872E-02	9.657997E-02
8.912729E+03	-1.687347E+01	9.511998E-02	9.658156E-02
8.912929E+03	-1.687347E+01	9.467814E-02	9.658315E-02
8.913129E+03	-1.687342E+01	9.451934E-02	9.658474E-02
8.913329E+03	-1.687342E+01	9.377761E-02	9.658632E-02
8.913529E+03	-1.687350E+01	9.383566E-02	9.658791E-02
8.913729E+03	-1.687366E+01	9.354222E-02	9.658950E-02
8.913929E+03	-1.687374E+01	9.327576E-02	9.659109E-02
8.914129E+03	-1.687394E+01	9.339644E-02	9.659268E-02
8.914329E+03	-1.687414E+01	9.366340E-02	9.659426E-02
8.914529E+03	-1.687435E+01	9.374376E-02	9.659585E-02
8.914729E+03	-1.687430E+01	9.359690E-02	9.659744E-02
8.914929E+03	-1.687402E+01	9.355190E-02	9.659903E-02
8.915129E+03	-1.687418E+01	9.394014E-02	9.660061E-02
8.915329E+03	-1.687462E+01	9.432543E-02	9.660220E-02
8.915530E+03	-1.687491E+01	9.434252E-02	9.660380E-02
8.915729E+03	-1.687507E+01	9.427209E-02	9.660538E-02
8.915930E+03	-1.687503E+01	9.360826E-02	9.660697E-02
8.916129E+03	-1.687482E+01	9.311306E-02	9.660855E-02
8.916329E+03	-1.687457E+01	9.312987E-02	9.661014E-02
8.916530E+03	-1.687441E+01	9.304221E-02	9.661174E-02
8.916729E+03	-1.687425E+01	9.299116E-02	9.661331E-02
8.916930E+03	-1.687457E+01	9.301608E-02	9.661491E-02
8.917129E+03	-1.687546E+01	9.313466E-02	9.661649E-02
8.917329E+03	-1.687628E+01	9.328518E-02	9.661808E-02
8.917529E+03	-1.687644E+01	9.263044E-02	9.661966E-02
8.917729E+03	-1.687627E+01	9.252219E-02	9.662125E-02
8.917929E+03	-1.687619E+01	9.245585E-02	9.662284E-02
8.918129E+03	-1.687619E+01	9.251704E-02	9.662443E-02
8.918329E+03	-1.687619E+01	9.208055E-02	9.662601E-02
8.918529E+03	-1.687651E+01	9.336637E-02	9.662760E-02
8.918729E+03	-1.687700E+01	9.352903E-02	9.662919E-02
8.918929E+03	-1.687733E+01	9.399625E-02	9.663077E-02
8.919129E+03	-1.687741E+01	9.463578E-02	9.663236E-02
8.919329E+03	-1.687736E+01	9.459823E-02	9.663395E-02
8.919529E+03	-1.687749E+01	9.578292E-02	9.663553E-02
8.919729E+03	-1.687757E+01	9.736840E-02	9.663712E-02
8.919929E+03	-1.687752E+01	9.734285E-02	9.663871E-02
8.920129E+03	-1.687744E+01	9.691538E-02	9.664030E-02
8.920330E+03	-1.687744E+01	9.690311E-02	9.664189E-02
8.920530E+03	-1.687744E+01	9.641624E-02	9.664348E-02
8.921930E+03	-1.687718E+01	9.587927E-02	9.665458E-02
8.922130E+03	-1.687706E+01	9.586446E-02	9.665617E-02
8.922330E+03	-1.687726E+01	9.565194E-02	9.665776E-02
8.922530E+03	-1.687734E+01	9.570677E-02	9.665934E-02
8.922730E+03	-1.687730E+01	9.604542E-02	9.666093E-02
8.922930E+03	-1.687754E+01	9.612837E-02	9.666251E-02
8.923130E+03	-1.687766E+01	9.584444E-02	9.666410E-02
8.923330E+03	-1.687746E+01	9.576656E-02	9.666569E-02
8.923530E+03	-1.687729E+01	9.570185E-02	9.666727E-02
8.923730E+03	-1.687733E+01	9.573950E-02	9.666886E-02
8.923930E+03	-1.687749E+01	9.562417E-02	9.667045E-02
8.924130E+03	-1.687769E+01	9.561602E-02	9.667203E-02
8.924330E+03	-1.687794E+01	9.597326E-02	9.667362E-02
8.924530E+03	-1.687818E+01	9.603171E-02	9.667520E-02
8.924730E+03	-1.687839E+01	9.527333E-02	9.667679E-02
8.924930E+03	-1.687834E+01	9.524793E-02	9.667838E-02
8.925130E+03	-1.687789E+01	9.462074E-02	9.667996E-02
8.925331E+03	-1.687781E+01	9.424252E-02	9.668156E-02
8.925531E+03	-1.687805E+01	9.454991E-02	9.668314E-02
8.925731E+03	-1.687801E+01	9.440579E-02	9.668473E-02
8.925931E+03	-1.687813E+01	9.487513E-02	9.668631E-02
8.926131E+03	-1.687825E+01	9.614412E-02	9.668790E-02
8.926331E+03	-1.687821E+01	9.633590E-02	9.668948E-02
8.926531E+03	-1.687825E+01	9.596375E-02	9.669107E-02
8.926731E+03	-1.687817E+01	9.553987E-02	9.669266E-02
8.926931E+03	-1.687812E+01	9.512102E-02	9.669424E-02
8.927131E+03	-1.687829E+01	9.510364E-02	9.669583E-02
8.927331E+03	-1.687857E+01	9.593371E-02	9.669741E-02
8.927531E+03	-1.687869E+01	9.646976E-02	9.669900E-02
8.927731E+03	-1.687877E+01	9.568352E-02	9.670058E-02
8.927931E+03	-1.687898E+01	9.529758E-02	9.670217E-02
8.928131E+03	-1.687889E+01	9.530009E-02	9.670375E-02
8.928331E+03	-1.687873E+01	9.530921E-02	9.670534E-02
8.928531E+03	-1.687864E+01	9.542251E-02	9.670692E-02
8.928730E+03	-1.687868E+01	9.549718E-02	9.670850E-02
8.928931E+03	-1.687889E+01	9.552590E-02	9.671009E-02
8.929130E+03	-1.687901E+01	9.574602E-02	9.671167E-02
8.929331E+03	-1.687905E+01	9.599329E-02	9.671326E-02
8.929531E+03	-1.687933E+01	9.604455E-02	9.671485E-02
8.929730E+03	-1.687970E+01	9.612642E-02	9.671643E-02
8.929930E+03	-1.688019E+01	9.620698E-02	9.671801E-02
8.930131E+03	-1.688060E+01	9.627768E-02	9.671961E-02
8.930331E+03	-1.688102E+01	9.631963E-02	9.672119E-02
8.930531E+03	-1.688151E+01	9.637174E-02	9.672278E-02
8.930731E+03	-1.688192E+01	9.648829E-02	9.672436E-02
8.930931E+03	-1.688192E+01	9.647589E-02	9.672594E-02
8.931131E+03	-1.688192E+01	9.647589E-02	9.672753E-02
8.931331E+03	-1.688196E+01	9.654296E-02	9.672911E-02
8.931531E+03	-1.688216E+01	9.649380E-02	9.673070E-02
8.931731E+03	-1.688237E+01	9.652736E-02	9.673228E-02
8.931931E+03	-1.688245E+01	9.643813E-02	9.673387E-02
8.932131E+03	-1.688253E+01	9.633230E-02	9.673545E-02
8.932331E+03	-1.688269E+01	9.636491E-02	9.673704E-02
8.932531E+03	-1.688315E+01	9.649514E-02	9.673862E-02
8.932731E+03	-1.688389E+01	9.669033E-02	9.674021E-02
8.932931E+03	-1.688472E+01	9.677160E-02	9.674179E-02
8.933131E+03	-1.688518E+01	9.689454E-02	9.674338E-02
8.933331E+03	-1.688514E+01	9.688108E-02	9.674496E-02
8.933531E+03	-1.688489E+01	9.677540E-02	9.674654E-02
8.933731E+03	-1.688476E+01	9.664353E-02	9.674813E-02
8.933931E+03	-1.688505E+01	9.638356E-02	9.674971E-02
8.934131E+03	-1.688538E+01	9.634919E-02	9.675130E-02
8.934331E+03	-1.688496E+01	9.614855E-02	9.675288E-02
8.934531E+03	-1.688446E+01	9.597983E-02	9.675447E-02
8.934731E+03	-1.688479E+01	9.621159E-02	9.675605E-02
8.934931E+03	-1.688537E+01	9.651591E-02	9.675763E-02
8.935132E+03	-1.688546E+01	9.678456E-02	9.675923E-02
8.935332E+03	-1.688529E+01	9.703494E-02	9.676081E-02
8.935532E+03	-1.688533E+01	9.736931E-02	9.676239E-02
8.935732E+03	-1.688537E+01	9.724112E-02	9.676398E-02
8.935932E+03	-1.688549E+01	9.606426E-02	9.676556E-02
8.936132E+03	-1.688607E+01	9.569675E-02	9.676715E-02
8.936332E+03	-1.688678E+01	9.616700E-02	9.676873E-02
8.936532E+03	-1.688716E+01	9.681122E-02	9.677031E-02
8.936732E+03	-1.688741E+01	9.713523E-02	9.677190E-02
8.936932E+03	-1.688774E+01	9.703839E-02	9.677348E-02
8.937132E+03	-1.688778E+01	9.696393E-02	9.677507E-02
8.937332E+03	-1.688782E+01	9.670503E-02	9.677665E-02
8.937532E+03	-1.688803E+01	9.617299E-02	9.677823E-02
8.937732E+03	-1.688828E+01	9.617839E-02	9.677982E-02
8.937932E+03	-1.688853E+01	9.624678E-02	9.678140E-02
8.938132E+03	-1.688857E+01	9.628128E-02	9.678298E-02
8.938332E+03	-1.688865E+01	9.622850E-02	9.678457E-02
8.938532E+03	-1.688907E+01	9.634687E-02	9.678615E-02
8.938732E+03	-1.688945E+01	9.639301E-02	9.678774E-02
8.938932E+03	-1.688987E+01	9.633487E-02	9.678932E-02
8.939132E+03	-1.689037E+01	9.605919E-02	9.679090E-02
8.939332E+03	-1.689058E+01	9.622818E-02	9.679249E-02
8.939532E+03	-1.689071E+01	9.638282E-02	9.679407E-02
8.939732E+03	-1.689070E+01	9.645034E-02	9.679565E-02
8.939933E+03	-1.689070E+01	9.647144E-02	9.679724E-02
8.940133E+03	-1.689121E+01	9.618693E-02	9.679883E-02
8.940333E+03	-1.689184E+01	9.652211E-02	9.680041E-02
8.940533E+03	-1.689218E+01	9.694882E-02	9.680199E-02
8.940733E+03	-1.689247E+01	9.674810E-02	9.680358E-02
8.940933E+03	-1.689285E+01	9.665925E-02	9.680516E-02
8.941133E+03	-1.689311E+01	9.672016E-02	9.680674E-02
8.941333E+03	-1.689323E+01	9.675701E-02	9.680833E-02
8.941532E+03	-1.689327E+01	9.676646E-02	9.680990E-02
8.941733E+03	-1.689336E+01	9.692974E-02	9.681149E-02
8.941933E+03	-1.689374E+01	9.673888E-02	9.681307E-02
8.942132E+03	-1.689399E+01	9.631949E-02	9.681465E-02
8.942333E+03	-1.689407E+01	9.607468E-02	9.681624E-02
8.942532E+03	-1.689411E+01	9.647964E-02	9.681781E-02
8.942733E+03	-1.689403E+01	9.624813E-02	9.681941E-02
8.942932E+03	-1.689373E+01	9.615246E-02	9.682098E-02
8.943132E+03	-1.689322E+01	9.598027E-02	9.682256E-02
8.943332E+03	-1.689258E+01	9.584825E-02	9.682415E-02
8.943532E+03	-1.689224E+01	9.499424E-02	9.682573E-02
8.944332E+03	-1.689223E+01	9.333414E-02	9.683206E-02
8.944532E+03	-1.689219E+01	9.205044E-02	9.683364E-02
8.944733E+03	-1.689193E+01	9.107826E-02	9.683523E-02
8.944933E+03	-1.689202E+01	9.024944E-02	9.683681E-02
8.945133E+03	-1.689252E+01	8.938465E-02	9.683840E-02
8.945333E+03	-1.689324E+01	8.858657E-02	9.683998E-02
8.945533E+03	-1.689367E+01	8.787017E-02	9.684156E-02
8.945733E+03	-1.689354E+01	8.716899E-02	9.684314E-02
8.945933E+03	-1.689328E+01	8.668484E-02	9.684472E-02
8.946133E+03	-1.689328E+01	8.624333E-02	9.684631E-02
8.946333E+03	-1.689366E+01	8.617905E-02	9.684789E-02
8.946533E+03	-1.689412E+01	8.729702E-02	9.684947E-02
8.946733E+03	-1.689429E+01	8.932696E-02	9.685105E-02
8.946933E+03	-1.689433E+01	8.990598E-02	9.685264E-02
8.947133E+03	-1.689438E+01	9.011057E-02	9.685422E-02
8.947333E+03	-1.689425E+01	9.016067E-02	9.685580E-02
8.947533E+03	-1.689416E+01	9.041102E-02	9.685738E-02
8.947733E+03	-1.689407E+01	9.056344E-02	9.685896E-02
8.947933E+03	-1.689386E+01	9.060413E-02	9.686055E-02
8.948133E+03	-1.689386E+01	9.058288E-02	9.686213E-02
8.948333E+03	-1.689424E+01	9.057340E-02	9.686371E-02
8.948533E+03	-1.689445E+01	9.061353E-02	9.686529E-02
8.948733E+03	-1.689449E+01	9.038400E-02	9.686687E-02
8.948933E+03	-1.689470E+01	9.047944E-02	9.686845E-02
8.949133E+03	-1.689504E+01	9.044818E-02	9.687004E-02
8.949333E+03	-1.689525E+01	9.050112E-02	9.687162E-02
8.949533E+03	-1.689504E+01	9.044391E-02	9.687320E-02
8.949734E+03	-1.689491E+01	9.053235E-02	9.687479E-02
8.949934E+03	-1.689503E+01	9.006026E-02	9.687637E-02
8.950134E+03	-1.689520E+01	8.861586E-02	9.687795E-02
8.950334E+03	-1.689516E+01	8.862422E-02	9.687953E-02
8.950534E+03	-1.689503E+01	8.876863E-02	9.688111E-02
8.950734E+03	-1.689516E+01	8.889712E-02	9.688270E-02
8.950934E+03	-1.689541E+01	8.894525E-02	9.688428E-02
8.951134E+03	-1.689601E+01	8.904639E-02	9.688586E-02
8.951334E+03	-1.689665E+01	8.919510E-02	9.688744E-02
8.951534E+03	-1.689630E+01	8.920181E-02	9.688902E-02
8.951734E+03	-1.689570E+01	8.915162E-02	9.689060E-02
8.951934E+03	-1.689562E+01	8.894628E-02	9.689218E-02
8.952134E+03	-1.689544E+01	8.857849E-02	9.689376E-02
8.952334E+03	-1.689514E+01	8.823619E-02	9.689534E-02
8.952534E+03	-1.689493E+01	8.812044E-02	9.689693E-02
8.952734E+03	-1.689471E+01	8.828170E-02	9.689851E-02
8.952934E+03	-1.689467E+01	8.818785E-02	9.690009E-02
8.953134E+03	-1.689492E+01	8.791586E-02	9.690167E-02
8.953334E+03	-1.689543E+01	8.856996E-02	9.690325E-02
8.953534E+03	-1.689599E+01	8.898658E-02	9.690483E-02
8.953734E+03	-1.689633E+01	8.918494E-02	9.690641E-02
8.953934E+03	-1.689633E+01	8.912080E-02	9.690799E-02
8.954134E+03	-1.689641E+01	8.939923E-02	9.690957E-02
8.954334E+03	-1.689671E+01	8.922980E-02	9.691115E-02
8.954534E+03	-1.689705E+01	8.960857E-02	9.691273E-02
8.954735E+03	-1.689748E+01	9.009145E-02	9.691432E-02
8.954934E+03	-1.689795E+01	9.019368E-02	9.691590E-02
8.955135E+03	-1.689790E+01	9.021910E-02	9.691748E-02
8.955335E+03	-1.689777E+01	9.021381E-02	9.691906E-02
8.955534E+03	-1.689790E+01	9.025772E-02	9.692064E-02
8.955734E+03	-1.689790E+01	9.045084E-02	9.692222E-02
8.955934E+03	-1.689790E+01	9.050663E-02	9.692380E-02
8.956134E+03	-1.689815E+01	9.058608E-02	9.692538E-02
8.956334E+03	-1.689836E+01	9.086717E-02	9.692696E-02
8.956534E+03	-1.689828E+01	9.169537E-02	9.692854E-02
8.956734E+03	-1.689802E+01	9.289446E-02	9.693012E-02
8.956934E+03	-1.689776E+01	9.302388E-02	9.693170E-02
8.957134E+03	-1.689750E+01	9.308454E-02	9.693328E-02
8.957334E+03	-1.689728E+01	9.367716E-02	9.693486E-02
8.957534E+03	-1.689711E+01	9.434274E-02	9.693644E-02
8.957734E+03	-1.689681E+01	9.420487E-02	9.693802E-02
8.957934E+03	-1.689672E+01	9.345014E-02	9.693960E-02
8.958134E+03	-1.689676E+01	9.366481E-02	9.694118E-02
8.958334E+03	-1.689659E+01	9.369208E-02	9.694276E-02
8.958534E+03	-1.689625E+01	9.359264E-02	9.694434E-02
8.958734E+03	-1.689607E+01	9.356862E-02	9.694592E-02
8.958934E+03	-1.689599E+01	9.348184E-02	9.694750E-02
8.960135E+03	-1.689594E+01	9.327612E-02	9.695699E-02
8.960335E+03	-1.689576E+01	9.315401E-02	9.695857E-02
8.960535E+03	-1.689538E+01	9.313564E-02	9.696015E-02
8.960735E+03	-1.689521E+01	9.279622E-02	9.696173E-02
8.960935E+03	-1.689537E+01	9.294789E-02	9.696331E-02
8.961135E+03	-1.689520E+01	9.272371E-02	9.696489E-02
8.961335E+03	-1.689482E+01	9.219862E-02	9.696646E-02
8.961535E+03	-1.689469E+01	9.212036E-02	9.696804E-02
8.961735E+03	-1.689494E+01	9.217461E-02	9.696962E-02
8.961935E+03	-1.689524E+01	9.230197E-02	9.697120E-02
8.962135E+03	-1.689528E+01	9.210627E-02	9.697278E-02
8.962335E+03	-1.689528E+01	9.199108E-02	9.697436E-02
8.962535E+03	-1.689532E+01	9.203852E-02	9.697594E-02
8.962735E+03	-1.689523E+01	9.208442E-02	9.697752E-02
8.962935E+03	-1.689519E+01	9.205832E-02	9.697910E-02
8.963135E+03	-1.689553E+01	9.211790E-02	9.698068E-02
8.963335E+03	-1.689574E+01	9.218027E-02	9.698226E-02
8.963535E+03	-1.689548E+01	9.211738E-02	9.698384E-02
8.963735E+03	-1.689527E+01	9.205934E-02	9.698542E-02
8.963935E+03	-1.689509E+01	9.201892E-02	9.698700E-02
8.964135E+03	-1.689467E+01	9.179658E-02	9.698857E-02
8.964336E+03	-1.689428E+01	9.157514E-02	9.699016E-02
8.964536E+03	-1.689420E+01	9.144229E-02	9.699174E-02
8.964736E+03	-1.689462E+01	9.130621E-02	9.699332E-02
8.964936E+03	-1.689504E+01	9.105473E-02	9.699490E-02
8.965136E+03	-1.689496E+01	9.085354E-02	9.699648E-02
8.965336E+03	-1.689457E+01	9.075630E-02	9.699806E-02
8.965536E+03	-1.689423E+01	9.064684E-02	9.699963E-02
8.965736E+03	-1.689410E+01	9.020748E-02	9.700121E-02
8.965936E+03	-1.689406E+01	8.978171E-02	9.700279E-02
8.966136E+03	-1.689384E+01	8.953789E-02	9.700437E-02
8.966336E+03	-1.689350E+01	8.897492E-02	9.700595E-02
8.966536E+03	-1.689329E+01	8.874030E-02	9.700753E-02
8.966736E+03	-1.689324E+01	8.891423E-02	9.700911E-02
8.966936E+03	-1.689316E+01	8.885438E-02	9.701068E-02
8.967136E+03	-1.689307E+01	8.883701E-02	9.701226E-02
8.967335E+03	-1.689311E+01	8.899004E-02	9.701383E-02
8.967535E+03	-1.689324E+01	8.921573E-02	9.701541E-02
8.967736E+03	-1.689332E+01	8.920345E-02	9.701700E-02
8.967935E+03	-1.689336E+01	8.937784E-02	9.701857E-02
8.968136E+03	-1.689323E+01	8.971258E-02	9.702015E-02
8.968335E+03	-1.689319E+01	8.986091E-02	9.702173E-02
8.968535E+03	-1.689348E+01	9.018165E-02	9.702330E-02
8.968735E+03	-1.689378E+01	9.089825E-02	9.702488E-02
8.968935E+03	-1.689403E+01	9.142392E-02	9.702646E-02
8.969135E+03	-1.689407E+01	8.985858E-02	9.702804E-02
8.969336E+03	-1.689394E+01	8.975986E-02	9.702962E-02
8.969536E+03	-1.689365E+01	8.919253E-02	9.703120E-02
8.969736E+03	-1.689330E+01	8.840919E-02	9.703278E-02
8.969936E+03	-1.689296E+01	8.834856E-02	9.703436E-02
8.970136E+03	-1.689262E+01	8.679529E-02	9.703594E-02
8.970336E+03	-1.689232E+01	8.471878E-02	9.703751E-02
8.970536E+03	-1.689211E+01	8.457581E-02	9.703909E-02
8.970736E+03	-1.689202E+01	8.457626E-02	9.704067E-02
8.970936E+03	-1.689168E+01	8.453995E-02	9.704225E-02
8.971136E+03	-1.689130E+01	8.450393E-02	9.704382E-02
8.971336E+03	-1.689130E+01	8.444051E-02	9.704540E-02
8.971536E+03	-1.689151E+01	8.446894E-02	9.704698E-02
8.971736E+03	-1.689155E+01	8.440949E-02	9.704856E-02
8.971936E+03	-1.689163E+01	8.418052E-02	9.705014E-02
8.972136E+03	-1.689167E+01	8.365977E-02	9.705171E-02
8.972336E+03	-1.689155E+01	8.327150E-02	9.705329E-02
8.972536E+03	-1.689154E+01	8.325035E-02	9.705487E-02
8.972736E+03	-1.689175E+01	8.346445E-02	9.705645E-02
8.972936E+03	-1.689196E+01	8.385661E-02	9.705802E-02
8.973136E+03	-1.689234E+01	8.429475E-02	9.705960E-02
8.973336E+03	-1.689268E+01	8.457693E-02	9.706118E-02
8.973536E+03	-1.689259E+01	8.461978E-02	9.706276E-02
8.973736E+03	-1.689251E+01	8.445910E-02	9.706433E-02
8.973936E+03	-1.689268E+01	8.455572E-02	9.706591E-02
8.974137E+03	-1.689301E+01	8.551327E-02	9.706750E-02
8.974337E+03	-1.689297E+01	8.588691E-02	9.706907E-02
8.974537E+03	-1.689242E+01	8.569315E-02	9.707065E-02
8.974737E+03	-1.689203E+01	8.557982E-02	9.707223E-02
8.974937E+03	-1.689182E+01	8.552117E-02	9.707380E-02
8.975137E+03	-1.689165E+01	8.569942E-02	9.707538E-02
8.975337E+03	-1.689144E+01	8.532778E-02	9.707696E-02
8.975537E+03	-1.689114E+01	8.406504E-02	9.707853E-02
8.975737E+03	-1.689101E+01	8.368134E-02	9.708011E-02
8.975937E+03	-1.689084E+01	8.385153E-02	9.708169E-02
8.976137E+03	-1.689050E+01	8.352888E-02	9.708327E-02
8.976337E+03	-1.688999E+01	8.343580E-02	9.708484E-02
8.976537E+03	-1.688961E+01	8.324083E-02	9.708642E-02
8.976737E+03	-1.688906E+01	8.415823E-02	9.708800E-02
8.976937E+03	-1.688826E+01	8.418418E-02	9.708957E-02
8.977137E+03	-1.688751E+01	8.401697E-02	9.709115E-02
8.977337E+03	-1.688700E+01	8.396165E-02	9.709273E-02
8.977537E+03	-1.688675E+01	8.390056E-02	9.709430E-02
8.977737E+03	-1.688679E+01	8.384168E-02	9.709588E-02
8.977937E+03	-1.688708E+01	8.387315E-02	9.709746E-02
8.978137E+03	-1.688716E+01	8.385163E-02	9.709903E-02
8.978337E+03	-1.688704E+01	8.382738E-02	9.710061E-02
8.978537E+03	-1.688699E+01	8.359740E-02	9.710219E-02
8.978737E+03	-1.688699E+01	8.338806E-02	9.710376E-02
8.978937E+03	-1.688695E+01	8.352236E-02	9.710534E-02
8.979138E+03	-1.688703E+01	8.360964E-02	9.710692E-02
8.979338E+03	-1.688720E+01	8.362096E-02	9.710850E-02
8.979538E+03	-1.688724E+01	8.398510E-02	9.711008E-02
8.979738E+03	-1.688719E+01	8.417388E-02	9.711165E-02
8.979938E+03	-1.688715E+01	8.416157E-02	9.711323E-02
8.980138E+03	-1.688711E+01	8.415764E-02	9.711481E-02
8.980337E+03	-1.688681E+01	8.410087E-02	9.711639E-02
8.980538E+03	-1.688635E+01	8.401600E-02	9.711798E-02
8.980737E+03	-1.688618E+01	8.391679E-02	9.711956E-02
8.980938E+03	-1.688639E+01	8.444638E-02	9.712116E-02
8.981138E+03	-1.688651E+01	8.494338E-02	9.712275E-02
8.981337E+03	-1.688634E+01	8.490231E-02	9.712433E-02
8.981537E+03	-1.688643E+01	8.513610E-02	9.712592E-02
8.981737E+03	-1.688668E+01	8.537359E-02	9.712751E-02
8.981937E+03	-1.688684E+01	8.539395E-02	9.712909E-02
8.982137E+03	-1.688676E+01	8.533146E-02	9.713068E-02
8.982337E+03	-1.688654E+01	8.529037E-02	9.713227E-02
8.982537E+03	-1.688629E+01	8.524529E-02	9.713386E-02
8.982737E+03	-1.688629E+01	8.522439E-02	9.713545E-02
8.982937E+03	-1.688650E+01	8.526961E-02	9.713703E-02
8.983137E+03	-1.688662E+01	8.531517E-02	9.713862E-02
8.983337E+03	-1.688666E+01	8.541962E-02	9.714021E-02
8.983537E+03	-1.688679E+01	8.556150E-02	9.714180E-02
8.983737E+03	-1.688683E+01	8.557811E-02	9.714338E-02
8.983938E+03	-1.688683E+01	8.560323E-02	9.714498E-02
8.984138E+03	-1.688661E+01	8.541557E-02	9.714657E-02
8.984338E+03	-1.688640E+01	8.554589E-02	9.714816E-02
8.984538E+03	-1.688628E+01	8.611898E-02	9.714974E-02
8.984738E+03	-1.688611E+01	8.593540E-02	9.715133E-02
8.984938E+03	-1.688590E+01	8.554323E-02	9.715292E-02
8.985138E+03	-1.688569E+01	8.518484E-02	9.715451E-02
8.985338E+03	-1.688560E+01	8.537716E-02	9.715609E-02
8.985538E+03	-1.688573E+01	8.558131E-02	9.715768E-02
8.985738E+03	-1.688585E+01	8.532619E-02	9.715927E-02
8.985938E+03	-1.688568E+01	8.469222E-02	9.716086E-02
8.986138E+03	-1.688568E+01	8.440834E-02	9.716244E-02
8.986338E+03	-1.688584E+01	8.463292E-02	9.716403E-02
8.986538E+03	-1.688576E+01	8.505925E-02	9.716562E-02
8.986738E+03	-1.688555E+01	8.504760E-02	9.716721E-02
8.986938E+03	-1.688546E+01	8.554450E-02	9.716879E-02
8.987138E+03	-1.688563E+01	8.558991E-02	9.717038E-02
8.987338E+03	-1.688579E+01	8.556436E-02	9.717197E-02
8.987538E+03	-1.688575E+01	8.556866E-02	9.717355E-02
8.987738E+03	-1.688592E+01	8.593158E-02	9.717514E-02
8.987938E+03	-1.688583E+01	8.618233E-02	9.717673E-02
8.988138E+03	-1.688591E+01	8.637017E-02	9.717831E-02
8.988338E+03	-1.688591E+01	8.651637E-02	9.717990E-02
8.988538E+03	-1.688558E+01	8.653751E-02	9.718149E-02
8.989339E+03	-1.688536E+01	8.620808E-02	9.718784E-02
8.989539E+03	-1.688553E+01	8.636225E-02	9.718943E-02
8.989739E+03	-1.688553E+01	8.643320E-02	9.719102E-02
8.989939E+03	-1.688527E+01	8.641259E-02	9.719260E-02
8.990139E+03	-1.688506E+01	8.699231E-02	9.719419E-02
8.990339E+03	-1.688473E+01	8.752544E-02	9.719578E-02
8.990539E+03	-1.688452E+01	8.710040E-02	9.719736E-02
8.990739E+03	-1.688477E+01	8.731719E-02	9.719895E-02
8.990939E+03	-1.688518E+01	8.755534E-02	9.720054E-02
8.991139E+03	-1.688547E+01	8.777281E-02	9.720212E-02
8.991339E+03	-1.688576E+01	8.781518E-02	9.720371E-02
8.991539E+03	-1.688605E+01	8.798715E-02	9.720530E-02
8.991739E+03	-1.688597E+01	8.793262E-02	9.720688E-02
8.991939E+03	-1.688567E+01	8.796530E-02	9.720847E-02
8.992139E+03	-1.688534E+01	8.800617E-02	9.721006E-02
8.992339E+03	-1.688496E+01	8.799267E-02	9.721164E-02
8.992539E+03	-1.688479E+01	8.929225E-02	9.721323E-02
8.992739E+03	-1.688492E+01	9.087675E-02	9.721481E-02
8.992939E+03	-1.688521E+01	9.084191E-02	9.721640E-02
8.993139E+03	-1.688525E+01	9.089652E-02	9.721799E-02
8.993338E+03	-1.688529E+01	9.130988E-02	9.721956E-02
8.993539E+03	-1.688558E+01	9.165100E-02	9.722116E-02
8.993739E+03	-1.688570E+01	9.186950E-02	9.722274E-02
8.993940E+03	-1.688532E+01	9.156062E-02	9.722434E-02
8.994139E+03	-1.688491E+01	9.194789E-02	9.722592E-02
8.994340E+03	-1.688470E+01	9.252451E-02	9.722751E-02
8.994539E+03	-1.688453E+01	9.264310E-02	9.722909E-02
8.994739E+03	-1.688440E+01	9.262895E-02	9.723067E-02
8.994939E+03	-1.688428E+01	9.258567E-02	9.723226E-02
8.995139E+03	-1.688423E+01	9.255183E-02	9.723385E-02
8.995339E+03	-1.688427E+01	9.258567E-02	9.723543E-02
8.995539E+03	-1.688452E+01	9.276803E-02	9.723702E-02
8.995739E+03	-1.688452E+01	9.257648E-02	9.723860E-02
8.995939E+03	-1.688414E+01	9.158962E-02	9.724019E-02
8.996139E+03	-1.688377E+01	8.969405E-02	9.724177E-02
8.996339E+03	-1.688368E+01	8.913241E-02	9.724336E-02
8.996539E+03	-1.688385E+01	8.905012E-02	9.724495E-02
8.996739E+03	-1.688393E+01	8.902974E-02	9.724653E-02
8.996939E+03	-1.688393E+01	8.868873E-02	9.724812E-02
8.997139E+03	-1.688401E+01	8.878475E-02	9.724970E-02
8.997339E+03	-1.688426E+01	8.883580E-02	9.725129E-02
8.997539E+03	-1.688409E+01	8.859790E-02	9.725287E-02
8.997739E+03	-1.688355E+01	8.849602E-02	9.725446E-02
8.997939E+03	-1.688321E+01	8.844494E-02	9.725604E-02
8.998139E+03	-1.688321E+01	8.854874E-02	9.725763E-02
8.998339E+03	-1.688321E+01	8.863593E-02	9.725921E-02
8.998539E+03	-1.688312E+01	8.850276E-02	9.726080E-02
8.998740E+03	-1.688321E+01	8.837021E-02	9.726239E-02
8.998940E+03	-1.688354E+01	8.862067E-02	9.726398E-02
8.999140E+03	-1.688366E+01	8.854221E-02	9.726556E-02
8.999340E+03	-1.688333E+01	8.858245E-02	9.726715E-02
8.999540E+03	-1.688278E+01	8.810329E-02	9.726873E-02
8.999740E+03	-1.688266E+01	8.766752E-02	9.727032E-02
8.999940E+03	-1.688282E+01	8.754753E-02	9.727190E-02
9.000140E+03	-1.688286E+01	8.748536E-02	9.727349E-02
9.000340E+03	-1.688278E+01	8.755161E-02	9.727507E-02
9.000540E+03	-1.688265E+01	8.751409E-02	9.727666E-02
9.000740E+03	-1.688244E+01	8.751378E-02	9.727824E-02
9.000940E+03	-1.688207E+01	8.734342E-02	9.727983E-02
9.001140E+03	-1.688157E+01	8.718982E-02	9.728141E-02
9.001340E+03	-1.688111E+01	8.697873E-02	9.728299E-02
9.001540E+03	-1.688066E+01	8.679698E-02	9.728458E-02
9.003140E+03	-1.688015E+01	8.659501E-02	9.729726E-02
9.003340E+03	-1.687961E+01	8.632766E-02	9.729884E-02
9.003541E+03	-1.687936E+01	8.614687E-02	9.730043E-02
9.003741E+03	-1.687953E+01	8.599838E-02	9.730202E-02
9.003941E+03	-1.687961E+01	8.634413E-02	9.730360E-02
9.004141E+03	-1.687973E+01	8.603092E-02	9.730518E-02
9.004341E+03	-1.687985E+01	8.551563E-02	9.730677E-02
9.004541E+03	-1.687969E+01	8.530608E-02	9.730835E-02
9.004741E+03	-1.687960E+01	8.502223E-02	9.730994E-02
9.004941E+03	-1.687964E+01	8.436721E-02	9.731152E-02
9.005141E+03	-1.687972E+01	8.437086E-02	9.731311E-02
9.005341E+03	-1.687989E+01	8.395371E-02	9.731469E-02
9.005541E+03	-1.688001E+01	8.355305E-02	9.731627E-02
9.005741E+03	-1.687984E+01	8.350486E-02	9.731786E-02
9.005941E+03	-1.687976E+01	8.338190E-02	9.731944E-02
9.006140E+03	-1.687963E+01	8.331288E-02	9.732102E-02
9.006341E+03	-1.687947E+01	8.319072E-02	9.732261E-02
9.006540E+03	-1.687934E+01	8.313414E-02	9.732418E-02
9.006740E+03	-1.687922E+01	8.320926E-02	9.732577E-02
9.006941E+03	-1.687905E+01	8.314483E-02	9.732736E-02
9.007140E+03	-1.687880E+01	8.293730E-02	9.732894E-02
9.007341E+03	-1.687864E+01	8.184164E-02	9.733053E-02
9.007540E+03	-1.687868E+01	8.056722E-02	9.733210E-02
9.007740E+03	-1.687876E+01	8.043449E-02	9.733369E-02
9.007940E+03	-1.687880E+01	8.031879E-02	9.733527E-02
9.008140E+03	-1.687871E+01	7.962545E-02	9.733685E-02
9.008340E+03	-1.687875E+01	7.888080E-02	9.733844E-02
9.008541E+03	-1.687891E+01	7.862696E-02	9.734003E-02
9.008741E+03	-1.687891E+01	7.860640E-02	9.734161E-02
9.008941E+03	-1.687899E+01	7.821413E-02	9.734319E-02
9.009141E+03	-1.687920E+01	7.809483E-02	9.734478E-02
9.009341E+03	-1.687928E+01	7.803555E-02	9.734636E-02
9.009541E+03	-1.687915E+01	7.806275E-02	9.734794E-02
9.009741E+03	-1.687890E+01	7.803485E-02	9.734953E-02
9.009941E+03	-1.687861E+01	7.841873E-02	9.735111E-02
9.010141E+03	-1.687857E+01	7.905228E-02	9.735269E-02
9.010341E+03	-1.687869E+01	7.886101E-02	9.735428E-02
9.010541E+03	-1.687869E+01	7.887334E-02	9.735586E-02
9.010741E+03	-1.687869E+01	7.880347E-02	9.735744E-02
9.010941E+03	-1.687877E+01	7.884716E-02	9.735903E-02
9.011141E+03	-1.687877E+01	7.888005E-02	9.736061E-02
9.011341E+03	-1.687906E+01	7.894057E-02	9.736219E-02
9.011541E+03	-1.687955E+01	7.921159E-02	9.736377E-02
9.011741E+03	-1.687975E+01	7.915852E-02	9.736536E-02
9.011941E+03	-1.687963E+01	7.927192E-02	9.736694E-02
9.012141E+03	-1.687954E+01	7.969341E-02	9.736852E-02
9.012341E+03	-1.687954E+01	7.997344E-02	9.737011E-02
9.012541E+03	-1.687950E+01	7.992880E-02	9.737169E-02
9.012741E+03	-1.687954E+01	8.017111E-02	9.737327E-02
9.012941E+03	-1.687991E+01	8.048276E-02	9.737485E-02
9.013141E+03	-1.688020E+01	8.051564E-02	9.737644E-02
9.013342E+03	-1.688015E+01	8.051624E-02	9.737803E-02
9.013542E+03	-1.688015E+01	8.052449E-02	9.737961E-02
9.013742E+03	-1.688007E+01	8.074010E-02	9.738119E-02
9.013942E+03	-1.687978E+01	8.071120E-02	9.738277E-02
9.014142E+03	-1.687965E+01	8.110840E-02	9.738436E-02
9.014342E+03	-1.687965E+01	8.138027E-02	9.738594E-02
9.014542E+03	-1.687969E+01	8.197298E-02	9.738752E-02
9.014742E+03	-1.687977E+01	8.294860E-02	9.738910E-02
9.014942E+03	-1.687989E+01	8.297221E-02	9.739069E-02
9.015142E+03	-1.687989E+01	8.371410E-02	9.739227E-02
9.015342E+03	-1.687981E+01	8.446469E-02	9.739385E-02
9.015542E+03	-1.687960E+01	8.451114E-02	9.739543E-02
9.015742E+03	-1.687914E+01	8.497442E-02	9.739702E-02
9.015942E+03	-1.687873E+01	8.611486E-02	9.739860E-02
9.016142E+03	-1.687865E+01	8.638626E-02	9.740018E-02
9.016342E+03	-1.687877E+01	8.616823E-02	9.740176E-02
9.016542E+03	-1.687893E+01	8.599936E-02	9.740334E-02
9.016742E+03	-1.687893E+01	8.599936E-02	9.740493E-02
9.016942E+03	-1.687893E+01	8.604048E-02	9.740651E-02
9.017142E+03	-1.687893E+01	8.612273E-02	9.740809E-02
9.017342E+03	-1.687905E+01	8.604848E-02	9.740967E-02
9.017542E+03	-1.687909E+01	8.632405E-02	9.741125E-02
9.017742E+03	-1.687896E+01	8.632420E-02	9.741283E-02
9.017942E+03	-1.687872E+01	8.592166E-02	9.741442E-02
9.018142E+03	-1.687859E+01	8.578220E-02	9.741600E-02
9.018343E+03	-1.687888E+01	8.566634E-02	9.741759E-02
9.018543E+03	-1.687925E+01	8.528256E-02	9.741917E-02
9.018743E+03	-1.687937E+01	8.479632E-02	9.742075E-02
9.018943E+03	-1.687920E+01	8.476418E-02	9.742233E-02
9.019142E+03	-1.687883E+01	8.458504E-02	9.742391E-02
9.019343E+03	-1.687829E+01	8.446463E-02	9.742550E-02
9.019542E+03	-1.687788E+01	8.446689E-02	9.742707E-02
9.019743E+03	-1.687747E+01	8.451424E-02	9.742866E-02
9.019942E+03	-1.687698E+01	8.441863E-02	9.743023E-02
9.020142E+03	-1.687657E+01	8.429003E-02	9.743181E-02
9.020342E+03	-1.687616E+01	8.417393E-02	9.743339E-02
9.020542E+03	-1.687579E+01	8.406595E-02	9.743498E-02
9.020742E+03	-1.687550E+01	8.397802E-02	9.743656E-02
9.020942E+03	-1.687497E+01	8.384296E-02	9.743814E-02
9.021142E+03	-1.687427E+01	8.367686E-02	9.743972E-02
9.021342E+03	-1.687382E+01	8.353787E-02	9.744130E-02
9.021542E+03	-1.687382E+01	8.353380E-02	9.744288E-02
9.021742E+03	-1.687378E+01	8.347315E-02	9.744446E-02
9.021942E+03	-1.687378E+01	8.346908E-02	9.744604E-02
9.022142E+03	-1.687398E+01	8.350816E-02	9.744763E-02
9.022342E+03	-1.687394E+01	8.354913E-02	9.744921E-02
9.022542E+03	-1.687394E+01	8.334177E-02	9.745079E-02
9.022742E+03	-1.687385E+01	8.311070E-02	9.745237E-02
9.022942E+03	-1.687349E+01	8.269549E-02	9.745395E-02
9.023143E+03	-1.687324E+01	8.239335E-02	9.745554E-02
9.023343E+03	-1.687320E+01	8.228417E-02	9.745712E-02
9.023543E+03	-1.687336E+01	8.226216E-02	9.745870E-02
9.023743E+03	-1.687348E+01	8.207808E-02	9.746028E-02
9.023943E+03	-1.687315E+01	8.129424E-02	9.746186E-02
9.024143E+03	-1.687287E+01	8.090849E-02	9.746344E-02
9.024343E+03	-1.687270E+01	8.108912E-02	9.746502E-02
9.024543E+03	-1.687246E+01	8.100725E-02	9.746660E-02
9.024743E+03	-1.687222E+01	8.086877E-02	9.746818E-02
9.024943E+03	-1.687213E+01	8.065932E-02	9.746976E-02
9.025143E+03	-1.687233E+01	8.063212E-02	9.747134E-02
9.025343E+03	-1.687241E+01	8.052560E-02	9.747292E-02
9.025543E+03	-1.687225E+01	8.052392E-02	9.747451E-02
9.025743E+03	-1.687217E+01	8.027806E-02	9.747609E-02
9.025943E+03	-1.687237E+01	8.033577E-02	9.747767E-02
9.026143E+03	-1.687265E+01	8.029096E-02	9.747925E-02
9.026343E+03	-1.687265E+01	8.024637E-02	9.748083E-02
9.026543E+03	-1.687248E+01	7.820624E-02	9.748241E-02
9.026743E+03	-1.687244E+01	7.712101E-02	9.748399E-02
9.026943E+03	-1.687256E+01	7.713449E-02	9.748557E-02
9.027143E+03	-1.687268E+01	7.712366E-02	9.748715E-02
9.027343E+03	-1.687301E+01	7.721377E-02	9.748873E-02
9.027543E+03	-1.687345E+01	7.730539E-02	9.749031E-02
9.027743E+03	-1.687349E+01	7.723138E-02	9.749189E-02
9.027943E+03	-1.687300E+01	7.716913E-02	9.749347E-02
9.028144E+03	-1.687263E+01	7.719755E-02	9.749506E-02
9.028344E+03	-1.687267E+01	7.721692E-02	9.749664E-02
9.028544E+03	-1.687292E+01	7.788902E-02	9.749822E-02
9.028744E+03	-1.687287E+01	7.829551E-02	9.749980E-02
9.028944E+03	-1.687251E+01	7.810005E-02	9.750138E-02
9.029144E+03	-1.687222E+01	7.811792E-02	9.750295E-02
9.029344E+03	-1.687206E+01	7.785800E-02	9.750453E-02
9.029544E+03	-1.687177E+01	7.764536E-02	9.750611E-02
9.029744E+03	-1.687161E+01	7.762453E-02	9.750769E-02
9.029944E+03	-1.687173E+01	7.771905E-02	9.750927E-02
9.030144E+03	-1.687189E+01	7.774802E-02	9.751085E-02
9.030344E+03	-1.687205E+01	7.776082E-02	9.751243E-02
9.030544E+03	-1.687213E+01	7.775912E-02	9.751401E-02
9.030744E+03	-1.687209E+01	7.732669E-02	9.751559E-02
9.030944E+03	-1.687213E+01	7.688033E-02	9.751717E-02
9.031144E+03	-1.687208E+01	7.698654E-02	9.751875E-02
9.031344E+03	-1.687220E+01	7.695948E-02	9.752033E-02
9.031544E+03	-1.687257E+01	7.684981E-02	9.752191E-02
9.031744E+03	-1.687265E+01	7.692093E-02	9.752349E-02
9.031943E+03	-1.687244E+01	7.688909E-02	9.752506E-02
9.032144E+03	-1.687236E+01	7.684638E-02	9.752665E-02
9.032344E+03	-1.687228E+01	7.685230E-02	9.752823E-02
9.032543E+03	-1.687215E+01	7.696850E-02	9.752980E-02
9.032744E+03	-1.687240E+01	7.715343E-02	9.753139E-02
9.032944E+03	-1.687280E+01	7.721737E-02	9.753296E-02
9.033145E+03	-1.687292E+01	7.717004E-02	9.753455E-02
9.033344E+03	-1.687288E+01	7.716283E-02	9.753612E-02
9.033544E+03	-1.687304E+01	7.744736E-02	9.753770E-02
9.033744E+03	-1.687312E+01	7.738877E-02	9.753928E-02
9.033944E+03	-1.687295E+01	7.729898E-02	9.754086E-02
9.034144E+03	-1.687279E+01	7.692533E-02	9.754244E-02
9.034344E+03	-1.687283E+01	7.609281E-02	9.754402E-02
9.034544E+03	-1.687291E+01	7.600965E-02	9.754560E-02
9.034744E+03	-1.687279E+01	7.600052E-02	9.754718E-02
9.034944E+03	-1.687254E+01	7.595390E-02	9.754875E-02
9.035144E+03	-1.687258E+01	7.572584E-02	9.755033E-02
9.035344E+03	-1.687282E+01	7.565876E-02	9.755191E-02
9.035544E+03	-1.687298E+01	7.563428E-02	9.755349E-02
9.035744E+03	-1.687314E+01	7.579247E-02	9.755507E-02
9.035944E+03	-1.687310E+01	7.594369E-02	9.755665E-02
9.036144E+03	-1.687269E+01	7.571056E-02	9.755823E-02
9.036344E+03	-1.687241E+01	7.527609E-02	9.755980E-02
9.036544E+03	-1.687245E+01	7.523042E-02	9.756138E-02
9.036744E+03	-1.687240E+01	7.468033E-02	9.756296E-02
9.036944E+03	-1.687256E+01	7.471227E-02	9.756454E-02
9.037144E+03	-1.687281E+01	7.546810E-02	9.756612E-02
9.037344E+03	-1.687272E+01	7.574602E-02	9.756770E-02
9.037544E+03	-1.687252E+01	7.536203E-02	9.756927E-02
9.037744E+03	-1.687232E+01	7.508375E-02	9.757085E-02
9.037945E+03	-1.687219E+01	7.489261E-02	9.757244E-02
9.038145E+03	-1.687256E+01	7.486634E-02	9.757402E-02
9.038345E+03	-1.687292E+01	7.508754E-02	9.757560E-02
9.038545E+03	-1.687316E+01	7.525552E-02	9.757717E-02
9.038745E+03	-1.687344E+01	7.512604E-02	9.757875E-02
9.038945E+03	-1.687373E+01	7.534194E-02	9.758033E-02
9.039145E+03	-1.687381E+01	7.531945E-02	9.758191E-02
9.039345E+03	-1.687364E+01	7.468971E-02	9.758349E-02
9.039545E+03	-1.687327E+01	7.361157E-02	9.758506E-02
9.039745E+03	-1.687279E+01	7.357369E-02	9.758664E-02
9.039945E+03	-1.687226E+01	7.343179E-02	9.758822E-02
9.040145E+03	-1.687201E+01	7.352433E-02	9.758980E-02
9.040345E+03	-1.687177E+01	7.396483E-02	9.759138E-02
9.040545E+03	-1.687160E+01	7.423260E-02	9.759295E-02
9.040745E+03	-1.687172E+01	7.404697E-02	9.759453E-02
9.040945E+03	-1.687197E+01	7.408839E-02	9.759611E-02
9.041145E+03	-1.687201E+01	7.420463E-02	9.759769E-02
9.041345E+03	-1.687200E+01	7.405480E-02	9.759926E-02
9.041545E+03	-1.687196E+01	7.437182E-02	9.760084E-02
9.041745E+03	-1.687184E+01	7.256187E-02	9.760242E-02
9.041945E+03	-1.687184E+01	7.077676E-02	9.760400E-02
9.042145E+03	-1.687179E+01	7.145824E-02	9.760557E-02
9.042345E+03	-1.687167E+01	7.136139E-02	9.760715E-02
9.042545E+03	-1.687171E+01	7.144897E-02	9.760873E-02
9.042746E+03	-1.687179E+01	7.177799E-02	9.761031E-02
9.042946E+03	-1.687159E+01	7.198729E-02	9.761189E-02
9.043146E+03	-1.687102E+01	7.198242E-02	9.761347E-02
9.043346E+03	-1.687081E+01	7.088280E-02	9.761505E-02
9.043546E+03	-1.687089E+01	6.988619E-02	9.761662E-02
9.043746E+03	-1.687105E+01	6.987987E-02	9.761820E-02
9.043946E+03	-1.687117E+01	7.014594E-02	9.761978E-02
9.044146E+03	-1.687089E+01	7.016893E-02	9.762136E-02
9.044346E+03	-1.687040E+01	7.012298E-02	9.762293E-02
9.044546E+03	-1.687020E+01	6.994121E-02	9.762451E-02
9.044746E+03	-1.687000E+01	7.002968E-02	9.762609E-02
9.044945E+03	-1.686979E+01	6.997302E-02	9.762766E-02
9.045146E+03	-1.686971E+01	7.035079E-02	9.762924E-02
9.045345E+03	-1.686971E+01	7.040316E-02	9.763081E-02
9.045546E+03	-1.686967E+01	7.060206E-02	9.763240E-02
9.045746E+03	-1.686943E+01	7.054669E-02	9.763397E-02
9.045945E+03	-1.686898E+01	7.039037E-02	9.763554E-02
9.046145E+03	-1.686854E+01	7.024241E-02	9.763712E-02
9.046345E+03	-1.686825E+01	6.991190E-02	9.763869E-02
9.046545E+03	-1.686825E+01	6.952245E-02	9.764027E-02
9.046745E+03	-1.686837E+01	6.989515E-02	9.764185E-02
9.046945E+03	-1.686857E+01	7.006409E-02	9.764342E-02
9.047145E+03	-1.686857E+01	7.013239E-02	9.764500E-02
9.047345E+03	-1.686845E+01	7.008481E-02	9.764658E-02
9.047545E+03	-1.686849E+01	6.995070E-02	9.764815E-02
9.047746E+03	-1.686856E+01	7.001989E-02	9.764974E-02
9.047946E+03	-1.686848E+01	7.032831E-02	9.765132E-02
9.048146E+03	-1.686844E+01	7.088014E-02	9.765289E-02
9.048346E+03	-1.686848E+01	7.106345E-02	9.765447E-02
9.048546E+03	-1.686836E+01	7.058992E-02	9.765605E-02
9.048746E+03	-1.686844E+01	7.055879E-02	9.765762E-02
9.048946E+03	-1.686884E+01	7.062411E-02	9.765920E-02
9.049146E+03	-1.686916E+01	7.070462E-02	9.766077E-02
9.049346E+03	-1.686948E+01	7.092618E-02	9.766235E-02
9.049546E+03	-1.686980E+01	7.142206E-02	9.766393E-02
9.049746E+03	-1.686992E+01	7.186516E-02	9.766550E-02
9.049946E+03	-1.686992E+01	7.180067E-02	9.766708E-02
9.050346E+03	-1.687007E+01	7.180717E-02	9.767023E-02
9.050546E+03	-1.687015E+01	7.181647E-02	9.767181E-02
9.051346E+03	-1.687011E+01	7.182997E-02	9.767811E-02
9.051546E+03	-1.687023E+01	7.204359E-02	9.767969E-02
9.051946E+03	-1.687034E+01	7.239048E-02	9.768284E-02
9.052146E+03	-1.687022E+01	7.242678E-02	9.768441E-02
9.052346E+03	-1.687010E+01	7.232596E-02	9.768599E-02
9.052547E+03	-1.687014E+01	7.207457E-02	9.768757E-02
9.052747E+03	-1.687038E+01	7.129564E-02	9.768915E-02
9.052947E+03	-1.687054E+01	7.116472E-02	9.769073E-02
9.053147E+03	-1.687074E+01	7.120992E-02	9.769230E-02
9.053347E+03	-1.687074E+01	7.116953E-02	9.769388E-02
9.053547E+03	-1.687045E+01	7.113535E-02	9.769545E-02
9.053747E+03	-1.687033E+01	7.106307E-02	9.769703E-02
9.053947E+03	-1.687037E+01	7.103739E-02	9.769860E-02
9.054147E+03	-1.687037E+01	7.075897E-02	9.770018E-02
9.054347E+03	-1.687012E+01	7.057840E-02	9.770175E-02
9.054547E+03	-1.686984E+01	7.055673E-02	9.770333E-02
9.054747E+03	-1.686980E+01	7.060257E-02	9.770490E-02
9.054947E+03	-1.686984E+01	7.055673E-02	9.770648E-02
9.055147E+03	-1.686987E+01	7.083736E-02	9.770805E-02
9.055347E+03	-1.686987E+01	7.059956E-02	9.770963E-02
9.055547E+03	-1.686987E+01	7.049073E-02	9.771121E-02
9.055747E+03	-1.686991E+01	7.049324E-02	9.771278E-02
9.055947E+03	-1.686995E+01	7.058444E-02	9.771436E-02
9.056147E+03	-1.686999E+01	7.074017E-02	9.771593E-02
9.056347E+03	-1.686999E+01	7.072404E-02	9.771751E-02
9.056547E+03	-1.686994E+01	7.103192E-02	9.771908E-02
9.056747E+03	-1.686994E+01	7.201153E-02	9.772066E-02
9.056947E+03	-1.686990E+01	7.244825E-02	9.772223E-02
9.057147E+03	-1.686974E+01	7.239316E-02	9.772381E-02
9.057347E+03	-1.686945E+01	7.241060E-02	9.772538E-02
9.057548E+03	-1.686929E+01	7.257697E-02	9.772696E-02
9.057747E+03	-1.686929E+01	7.255685E-02	9.772853E-02
9.057948E+03	-1.686953E+01	7.295567E-02	9.773011E-02
9.058147E+03	-1.686977E+01	7.320584E-02	9.773168E-02
9.058347E+03	-1.686977E+01	7.316554E-02	9.773325E-02
9.058548E+03	-1.686969E+01	7.316406E-02	9.773484E-02
9.058747E+03	-1.686969E+01	7.259998E-02	9.773640E-02
9.058948E+03	-1.686972E+01	7.162756E-02	9.773799E-02
9.059147E+03	-1.686952E+01	7.150977E-02	9.773955E-02
9.059347E+03	-1.686912E+01	7.147168E-02	9.774113E-02
9.059547E+03	-1.686883E+01	7.155002E-02	9.774270E-02
9.059747E+03	-1.686855E+01	7.155993E-02	9.774428E-02
9.059947E+03	-1.686819E+01	7.147630E-02	9.774585E-02
9.060147E+03	-1.686778E+01	7.162289E-02	9.774743E-02
9.060347E+03	-1.686742E+01	7.152331E-02	9.774900E-02
9.060547E+03	-1.686726E+01	7.152496E-02	9.775057E-02
9.060747E+03	-1.686766E+01	7.122606E-02	9.775215E-02
9.060947E+03	-1.686822E+01	7.095284E-02	9.775372E-02
9.061147E+03	-1.686846E+01	7.065472E-02	9.775530E-02
9.061347E+03	-1.686862E+01	7.077734E-02	9.775687E-02
9.061547E+03	-1.686882E+01	7.059698E-02	9.775844E-02
9.061747E+03	-1.686914E+01	7.066139E-02	9.776002E-02
9.061947E+03	-1.686930E+01	7.068356E-02	9.776159E-02
9.062147E+03	-1.686926E+01	7.091853E-02	9.776317E-02
9.062348E+03	-1.686921E+01	7.140300E-02	9.776475E-02
9.062548E+03	-1.686921E+01	7.128628E-02	9.776632E-02
9.062748E+03	-1.686933E+01	7.127792E-02	9.776790E-02
9.062948E+03	-1.686941E+01	7.104148E-02	9.776947E-02
9.063148E+03	-1.686933E+01	7.097194E-02	9.777104E-02
9.063348E+03	-1.686941E+01	7.035691E-02	9.777262E-02
9.063548E+03	-1.686965E+01	6.932837E-02	9.777419E-02
9.063748E+03	-1.686961E+01	6.951129E-02	9.777577E-02
9.063948E+03	-1.686956E+01	6.873543E-02	9.777734E-02
9.064148E+03	-1.686980E+01	6.788698E-02	9.777891E-02
9.064348E+03	-1.686996E+01	6.779929E-02	9.778049E-02
9.064548E+03	-1.687008E+01	6.718900E-02	9.778206E-02
9.064748E+03	-1.687040E+01	6.596352E-02	9.778363E-02
9.064948E+03	-1.687073E+01	6.570966E-02	9.778521E-02
9.065148E+03	-1.687085E+01	6.616435E-02	9.778678E-02
9.065348E+03	-1.687088E+01	6.712007E-02	9.778835E-02
9.065548E+03	-1.687092E+01	6.719906E-02	9.778993E-02
9.065748E+03	-1.687092E+01	6.715057E-02	9.779150E-02
9.065948E+03	-1.687108E+01	6.694110E-02	9.779308E-02
9.066148E+03	-1.687124E+01	6.681236E-02	9.779465E-02
9.066348E+03	-1.687124E+01	6.654545E-02	9.779622E-02
9.066548E+03	-1.687120E+01	6.644625E-02	9.779780E-02
9.066748E+03	-1.687128E+01	6.670534E-02	9.779937E-02
9.066948E+03	-1.687152E+01	6.673454E-02	9.780094E-02
9.067149E+03	-1.687160E+01	6.672269E-02	9.780252E-02
9.067349E+03	-1.687139E+01	6.640842E-02	9.780410E-02
9.067549E+03	-1.687127E+01	6.635751E-02	9.780567E-02
9.067749E+03	-1.687127E+01	6.680645E-02	9.780724E-02
9.067949E+03	-1.687127E+01	6.769218E-02	9.780882E-02
9.068149E+03	-1.687114E+01	6.771371E-02	9.781039E-02
9.068349E+03	-1.687070E+01	6.880772E-02	9.781196E-02
9.068549E+03	-1.687021E+01	6.903765E-02	9.781353E-02
9.068749E+03	-1.686993E+01	6.899682E-02	9.781511E-02
9.068949E+03	-1.686965E+01	6.895604E-02	9.781668E-02
9.069149E+03	-1.686944E+01	6.892809E-02	9.781825E-02
9.069349E+03	-1.686916E+01	6.889142E-02	9.781983E-02
9.069549E+03	-1.686904E+01	6.888032E-02	9.782140E-02
9.069749E+03	-1.686948E+01	6.895865E-02	9.782297E-02
9.069949E+03	-1.686964E+01	6.899230E-02	9.782454E-02
9.070149E+03	-1.686919E+01	6.893403E-02	9.782612E-02
9.070349E+03	-1.686859E+01	6.884637E-02	9.782769E-02
9.070549E+03	-1.686778E+01	6.873119E-02	9.782926E-02
9.070748E+03	-1.686726E+01	6.865676E-02	9.783083E-02
9.070949E+03	-1.686718E+01	6.865611E-02	9.783241E-02
9.071148E+03	-1.686710E+01	6.858736E-02	9.783397E-02
9.071349E+03	-1.686665E+01	6.855786E-02	9.783555E-02
9.071549E+03	-1.686625E+01	6.827084E-02	9.783712E-02
9.071748E+03	-1.686629E+01	6.828512E-02	9.783869E-02
9.071949E+03	-1.686629E+01	6.828912E-02	9.784027E-02
9.072149E+03	-1.686609E+01	6.891717E-02	9.784184E-02
9.072349E+03	-1.686593E+01	6.972684E-02	9.784341E-02
9.072549E+03	-1.686585E+01	6.967806E-02	9.784499E-02
9.072749E+03	-1.686572E+01	6.956299E-02	9.784656E-02
9.072949E+03	-1.686560E+01	6.961567E-02	9.784813E-02
9.073149E+03	-1.686540E+01	6.939214E-02	9.784970E-02
9.073349E+03	-1.686532E+01	6.925172E-02	9.785127E-02
9.073549E+03	-1.686536E+01	6.920621E-02	9.785285E-02
9.073749E+03	-1.686544E+01	6.914709E-02	9.785442E-02
9.073949E+03	-1.686563E+01	6.927071E-02	9.785599E-02
9.074149E+03	-1.686591E+01	6.934728E-02	9.785756E-02
9.074349E+03	-1.686615E+01	6.933761E-02	9.785913E-02
9.074549E+03	-1.686631E+01	6.933115E-02	9.786071E-02
9.074749E+03	-1.686643E+01	6.933831E-02	9.786228E-02
9.074949E+03	-1.686639E+01	6.935592E-02	9.786385E-02
9.075149E+03	-1.686638E+01	6.946792E-02	9.786542E-02
9.075349E+03	-1.686618E+01	6.947192E-02	9.786699E-02
9.075549E+03	-1.686598E+01	6.953987E-02	9.786856E-02
9.075749E+03	-1.686626E+01	6.990058E-02	9.787014E-02
9.075949E+03	-1.686658E+01	7.043230E-02	9.787171E-02
9.076149E+03	-1.686654E+01	7.079392E-02	9.787328E-02
9.076349E+03	-1.686650E+01	7.082341E-02	9.787485E-02
9.076549E+03	-1.686665E+01	7.088153E-02	9.787642E-02
9.076749E+03	-1.686689E+01	7.119306E-02	9.787799E-02
9.076950E+03	-1.686701E+01	7.120475E-02	9.787957E-02
9.077150E+03	-1.686725E+01	7.145258E-02	9.788115E-02
9.077350E+03	-1.686761E+01	7.087821E-02	9.788272E-02
9.077550E+03	-1.686781E+01	7.037722E-02	9.788429E-02
9.077750E+03	-1.686793E+01	7.039673E-02	9.788586E-02
9.077950E+03	-1.686813E+01	7.038109E-02	9.788743E-02
9.078150E+03	-1.686833E+01	7.038954E-02	9.788900E-02
9.078350E+03	-1.686832E+01	7.059445E-02	9.789057E-02
9.078550E+03	-1.686820E+01	7.065118E-02	9.789214E-02
9.078750E+03	-1.686796E+01	7.063207E-02	9.789372E-02
9.078950E+03	-1.686792E+01	7.076202E-02	9.789529E-02
9.079150E+03	-1.686796E+01	7.087696E-02	9.789686E-02
9.079350E+03	-1.686779E+01	7.091898E-02	9.789843E-02
9.079550E+03	-1.686771E+01	7.081761E-02	9.790000E-02
9.079750E+03	-1.686783E+01	7.076098E-02	9.790157E-02
9.079950E+03	-1.686771E+01	7.066915E-02	9.790314E-02
9.080150E+03	-1.686751E+01	7.049214E-02	9.790471E-02
9.080350E+03	-1.686747E+01	7.049365E-02	9.790628E-02
9.080550E+03	-1.686722E+01	7.038649E-02	9.790785E-02
9.080750E+03	-1.686694E+01	7.032102E-02	9.790943E-02
9.080950E+03	-1.686698E+01	7.029546E-02	9.791100E-02
9.081150E+03	-1.686702E+01	7.020179E-02	9.791257E-02
9.081350E+03	-1.686694E+01	7.002463E-02	9.791414E-02
9.081550E+03	-1.686706E+01	6.988776E-02	9.791571E-02
9.081750E+03	-1.686713E+01	6.990867E-02	9.791728E-02
9.081951E+03	-1.686713E+01	6.993672E-02	9.791886E-02
9.082151E+03	-1.686713E+01	6.998881E-02	9.792043E-02
9.082351E+03	-1.686697E+01	7.022736E-02	9.792200E-02
9.082551E+03	-1.686669E+01	7.037820E-02	9.792357E-02
9.082751E+03	-1.686661E+01	7.040926E-02	9.792514E-02
9.082951E+03	-1.686660E+01	7.042927E-02	9.792671E-02
9.083151E+03	-1.686684E+01	7.068848E-02	9.792828E-02
9.083351E+03	-1.686712E+01	7.108276E-02	9.792985E-02
9.083551E+03	-1.686728E+01	7.123327E-02	9.793142E-02
9.083751E+03	-1.686732E+01	7.129598E-02	9.793299E-02
9.083951E+03	-1.686724E+01	7.130687E-02	9.793456E-02
9.084150E+03	-1.686728E+01	7.128138E-02	9.793612E-02
9.084351E+03	-1.686723E+01	7.127480E-02	9.793770E-02
9.084550E+03	-1.686727E+01	7.125332E-02	9.793926E-02
9.084751E+03	-1.686735E+01	7.111412E-02	9.794084E-02
9.084950E+03	-1.686727E+01	7.126534E-02	9.794240E-02
9.085150E+03	-1.686731E+01	7.121179E-02	9.794397E-02
9.085350E+03	-1.686711E+01	7.119496E-02	9.794554E-02
9.085550E+03	-1.686714E+01	7.136985E-02	9.794711E-02
9.085750E+03	-1.686742E+01	7.182501E-02	9.794868E-02
9.085950E+03	-1.686750E+01	7.152944E-02	9.795025E-02
9.086150E+03	-1.686758E+01	7.121370E-02	9.795182E-02
9.086350E+03	-1.686762E+01	7.129250E-02	9.795339E-02
9.086550E+03	-1.686762E+01	7.122430E-02	9.795496E-02
9.086751E+03	-1.686754E+01	7.118306E-02	9.795654E-02
9.086951E+03	-1.686741E+01	7.117537E-02	9.795811E-02
9.087151E+03	-1.686741E+01	7.095883E-02	9.795968E-02
9.087351E+03	-1.686749E+01	7.083957E-02	9.796125E-02
9.087551E+03	-1.686757E+01	7.080853E-02	9.796282E-02
9.087751E+03	-1.686765E+01	7.071730E-02	9.796439E-02
9.087951E+03	-1.686773E+01	7.071030E-02	9.796596E-02
9.088151E+03	-1.686777E+01	7.061650E-02	9.796753E-02
9.088351E+03	-1.686772E+01	7.062201E-02	9.796910E-02
9.088551E+03	-1.686776E+01	7.071282E-02	9.797067E-02
9.088751E+03	-1.686792E+01	7.089957E-02	9.797224E-02
9.088951E+03	-1.686796E+01	7.105870E-02	9.797381E-02
9.089151E+03	-1.686780E+01	7.064711E-02	9.797538E-02
9.089351E+03	-1.686812E+01	7.043427E-02	9.797695E-02
9.089551E+03	-1.686864E+01	7.049896E-02	9.797851E-02
9.089751E+03	-1.686892E+01	7.042798E-02	9.798008E-02
9.089951E+03	-1.686912E+01	7.025127E-02	9.798165E-02
9.090151E+03	-1.686920E+01	7.043745E-02	9.798322E-02
9.090351E+03	-1.686903E+01	6.997660E-02	9.798479E-02
9.090551E+03	-1.686887E+01	7.017600E-02	9.798636E-02
9.090751E+03	-1.686867E+01	7.012742E-02	9.798793E-02
9.090951E+03	-1.686847E+01	6.925475E-02	9.798950E-02
9.091151E+03	-1.686838E+01	6.932634E-02	9.799107E-02
9.091351E+03	-1.686806E+01	6.876095E-02	9.799264E-02
9.091551E+03	-1.686758E+01	6.825946E-02	9.799421E-02
9.091752E+03	-1.686734E+01	6.775652E-02	9.799578E-02
9.091952E+03	-1.686737E+01	6.780287E-02	9.799735E-02
9.092152E+03	-1.686761E+01	6.782842E-02	9.799892E-02
9.092352E+03	-1.686781E+01	6.764300E-02	9.800049E-02
9.092552E+03	-1.686801E+01	6.736504E-02	9.800206E-02
9.092752E+03	-1.686801E+01	6.709998E-02	9.800363E-02
9.092952E+03	-1.686777E+01	6.698651E-02	9.800520E-02
9.093152E+03	-1.686781E+01	6.693651E-02	9.800676E-02
9.093352E+03	-1.686801E+01	6.692328E-02	9.800833E-02
9.093552E+03	-1.686824E+01	6.663897E-02	9.800990E-02
9.093752E+03	-1.686836E+01	6.671374E-02	9.801147E-02
9.093952E+03	-1.686824E+01	6.645011E-02	9.801304E-02
9.094152E+03	-1.686820E+01	6.758504E-02	9.801461E-02
9.094352E+03	-1.686828E+01	6.755335E-02	9.801618E-02
9.094552E+03	-1.686832E+01	6.764400E-02	9.801774E-02
9.094752E+03	-1.686824E+01	6.763952E-02	9.801931E-02
9.094952E+03	-1.686815E+01	6.764709E-02	9.802088E-02
9.095152E+03	-1.686811E+01	6.794614E-02	9.802245E-02
9.095352E+03	-1.686831E+01	6.795748E-02	9.802402E-02
9.095552E+03	-1.686867E+01	6.770843E-02	9.802559E-02
9.095752E+03	-1.686879E+01	6.758642E-02	9.802715E-02
9.095952E+03	-1.686891E+01	6.757704E-02	9.802872E-02
9.096152E+03	-1.686907E+01	6.751755E-02	9.803029E-02
9.096352E+03	-1.686907E+01	6.766249E-02	9.803186E-02
9.096552E+03	-1.686895E+01	6.800593E-02	9.803343E-02
9.096753E+03	-1.686882E+01	6.765707E-02	9.803500E-02
9.096952E+03	-1.686854E+01	6.734379E-02	9.803656E-02
9.097153E+03	-1.686838E+01	6.711385E-02	9.803814E-02
9.097353E+03	-1.686846E+01	6.718659E-02	9.803971E-02
9.097552E+03	-1.686837E+01	6.725052E-02	9.804127E-02
9.097753E+03	-1.686813E+01	6.748237E-02	9.804284E-02
9.097952E+03	-1.686773E+01	6.830304E-02	9.804440E-02
9.098152E+03	-1.686749E+01	6.874257E-02	9.804597E-02
9.098352E+03	-1.686744E+01	6.826289E-02	9.804754E-02
9.098552E+03	-1.686728E+01	6.796502E-02	9.804911E-02
9.098752E+03	-1.686700E+01	6.798524E-02	9.805067E-02
9.098952E+03	-1.686684E+01	6.814842E-02	9.805224E-02
9.099152E+03	-1.686672E+01	6.859410E-02	9.805381E-02
9.099352E+03	-1.686651E+01	6.855048E-02	9.805538E-02
9.099552E+03	-1.686595E+01	6.827426E-02	9.805694E-02
9.099752E+03	-1.686563E+01	6.780459E-02	9.805851E-02
9.099952E+03	-1.686567E+01	6.781082E-02	9.806008E-02
9.100152E+03	-1.686571E+01	6.787699E-02	9.806165E-02
9.100352E+03	-1.686571E+01	6.788898E-02	9.806321E-02
9.100552E+03	-1.686543E+01	6.831244E-02	9.806478E-02
9.100752E+03	-1.686554E+01	6.823943E-02	9.806635E-02
9.100952E+03	-1.686554E+01	6.848705E-02	9.806792E-02
9.101152E+03	-1.686526E+01	6.845496E-02	9.806948E-02
9.101352E+03	-1.686514E+01	6.853585E-02	9.807105E-02
9.101553E+03	-1.686478E+01	6.845132E-02	9.807263E-02
9.101753E+03	-1.686418E+01	6.848857E-02	9.807419E-02
9.101953E+03	-1.686366E+01	6.855021E-02	9.807576E-02
9.102153E+03	-1.686338E+01	6.850630E-02	9.807733E-02
9.102353E+03	-1.686366E+01	6.853033E-02	9.807889E-02
9.102553E+03	-1.686409E+01	6.853971E-02	9.808046E-02
9.102753E+03	-1.686421E+01	6.855856E-02	9.808203E-02
9.102953E+03	-1.686417E+01	6.832932E-02	9.808360E-02
9.103153E+03	-1.686421E+01	6.839133E-02	9.808516E-02
9.103353E+03	-1.686437E+01	6.846023E-02	9.808673E-02
9.103553E+03	-1.686445E+01	6.848076E-02	9.808830E-02
9.103753E+03	-1.686420E+01	6.851476E-02	9.808986E-02
9.103953E+03	-1.686385E+01	6.830709E-02	9.809143E-02
9.104153E+03	-1.686396E+01	6.824230E-02	9.809300E-02
9.104553E+03	-1.686432E+01	6.796406E-02	9.809613E-02
9.104753E+03	-1.686432E+01	6.723121E-02	9.809770E-02
9.104953E+03	-1.686400E+01	6.668840E-02	9.809926E-02
9.105153E+03	-1.686372E+01	6.673713E-02	9.810083E-02
9.105353E+03	-1.686344E+01	6.656718E-02	9.810240E-02
9.105553E+03	-1.686324E+01	6.646919E-02	9.810396E-02
9.105753E+03	-1.686335E+01	6.664242E-02	9.810553E-02
9.105953E+03	-1.686375E+01	6.625795E-02	9.810710E-02
9.106153E+03	-1.686391E+01	6.606736E-02	9.810866E-02
9.106354E+03	-1.686403E+01	6.610542E-02	9.811024E-02
9.106554E+03	-1.686418E+01	6.628496E-02	9.811180E-02
9.106754E+03	-1.686406E+01	6.624285E-02	9.811337E-02
9.106954E+03	-1.686370E+01	6.622404E-02	9.811494E-02
9.107154E+03	-1.686358E+01	6.624561E-02	9.811650E-02
9.107354E+03	-1.686390E+01	6.623846E-02	9.811807E-02
9.107554E+03	-1.686418E+01	6.645219E-02	9.811963E-02
9.107754E+03	-1.686417E+01	6.700964E-02	9.812120E-02
9.107954E+03	-1.686429E+01	6.707986E-02	9.812277E-02
9.108154E+03	-1.686473E+01	6.696420E-02	9.812433E-02
9.108354E+03	-1.686497E+01	6.696919E-02	9.812590E-02
9.108554E+03	-1.686488E+01	6.693695E-02	9.812746E-02
9.108754E+03	-1.686468E+01	6.693812E-02	9.812903E-02
9.108954E+03	-1.686464E+01	6.692002E-02	9.813060E-02
9.109154E+03	-1.686464E+01	6.691603E-02	9.813216E-02
9.109354E+03	-1.686460E+01	6.693380E-02	9.813373E-02
9.109553E+03	-1.686460E+01	6.693779E-02	9.813529E-02
9.109754E+03	-1.686448E+01	6.664442E-02	9.813686E-02
9.109953E+03	-1.686428E+01	6.660988E-02	9.813842E-02
9.110154E+03	-1.686431E+01	6.667573E-02	9.813999E-02
9.110353E+03	-1.686447E+01	6.691139E-02	9.814155E-02
9.110553E+03	-1.686451E+01	6.675813E-02	9.814312E-02
9.110754E+03	-1.686463E+01	6.688414E-02	9.814469E-02
9.110953E+03	-1.686503E+01	6.696155E-02	9.814625E-02
9.111153E+03	-1.686542E+01	6.686338E-02	9.814781E-02
9.111354E+03	-1.686546E+01	6.728489E-02	9.814939E-02
9.111554E+03	-1.686534E+01	6.763367E-02	9.815095E-02
9.111754E+03	-1.686518E+01	6.751701E-02	9.815252E-02
9.111954E+03	-1.686502E+01	6.756401E-02	9.815408E-02
9.112154E+03	-1.686518E+01	6.759284E-02	9.815565E-02
9.112354E+03	-1.686545E+01	6.764833E-02	9.815721E-02
9.112554E+03	-1.686565E+01	6.808702E-02	9.815878E-02
9.112754E+03	-1.686593E+01	6.853073E-02	9.816034E-02
9.112954E+03	-1.686577E+01	6.887321E-02	9.816191E-02
9.113154E+03	-1.686541E+01	6.886014E-02	9.816347E-02
9.113354E+03	-1.686529E+01	6.797878E-02	9.816504E-02
9.113554E+03	-1.686512E+01	6.788595E-02	9.816660E-02
9.113754E+03	-1.686500E+01	6.795103E-02	9.816817E-02
9.113954E+03	-1.686508E+01	6.818699E-02	9.816973E-02
9.114154E+03	-1.686536E+01	6.840258E-02	9.817130E-02
9.114354E+03	-1.686588E+01	6.847644E-02	9.817286E-02
9.114554E+03	-1.686620E+01	6.827885E-02	9.817443E-02
9.114754E+03	-1.686595E+01	6.803720E-02	9.817599E-02
9.114954E+03	-1.686535E+01	6.793937E-02	9.817756E-02
9.115154E+03	-1.686503E+01	6.812486E-02	9.817912E-02
9.115354E+03	-1.686519E+01	6.820579E-02	9.818069E-02
9.115554E+03	-1.686539E+01	6.825712E-02	9.818225E-02
9.115754E+03	-1.686587E+01	6.785676E-02	9.818382E-02
9.115954E+03	-1.686622E+01	6.699675E-02	9.818538E-02
9.116155E+03	-1.686614E+01	6.697240E-02	9.818696E-02
9.116355E+03	-1.686562E+01	6.566561E-02	9.818852E-02
9.116555E+03	-1.686506E+01	6.511025E-02	9.819009E-02
9.116755E+03	-1.686458E+01	6.515414E-02	9.819165E-02
9.116955E+03	-1.686430E+01	6.521588E-02	9.819321E-02
9.117155E+03	-1.686434E+01	6.525772E-02	9.819478E-02
9.117355E+03	-1.686438E+01	6.570198E-02	9.819634E-02
9.117555E+03	-1.686426E+01	6.582332E-02	9.819791E-02
9.117755E+03	-1.686402E+01	6.577517E-02	9.819947E-02
9.117955E+03	-1.686382E+01	6.582064E-02	9.820104E-02
9.118155E+03	-1.686381E+01	6.594400E-02	9.820260E-02
9.118355E+03	-1.686393E+01	6.594621E-02	9.820417E-02
9.118555E+03	-1.686393E+01	6.614523E-02	9.820573E-02
9.118755E+03	-1.686381E+01	6.627826E-02	9.820729E-02
9.118955E+03	-1.686377E+01	6.628412E-02	9.820886E-02
9.119155E+03	-1.686396E+01	6.653344E-02	9.821042E-02
9.119355E+03	-1.686420E+01	6.657403E-02	9.821199E-02
9.119555E+03	-1.686408E+01	6.657165E-02	9.821355E-02
9.119755E+03	-1.686392E+01	6.655122E-02	9.821511E-02
9.119955E+03	-1.686412E+01	6.689632E-02	9.821668E-02
9.120155E+03	-1.686412E+01	6.657377E-02	9.821824E-02
9.120355E+03	-1.686364E+01	6.560957E-02	9.821981E-02
9.120555E+03	-1.686328E+01	6.549194E-02	9.822137E-02
9.120755E+03	-1.686324E+01	6.560915E-02	9.822293E-02
9.120955E+03	-1.686316E+01	6.551767E-02	9.822450E-02
9.121156E+03	-1.686284E+01	6.571990E-02	9.822607E-02
9.121356E+03	-1.686264E+01	6.568590E-02	9.822763E-02
9.121556E+03	-1.686263E+01	6.566209E-02	9.822920E-02
9.121756E+03	-1.686299E+01	6.582338E-02	9.823076E-02
9.121956E+03	-1.686315E+01	6.567264E-02	9.823233E-02
9.122156E+03	-1.686338E+01	6.620566E-02	9.823389E-02
9.122356E+03	-1.686386E+01	6.707844E-02	9.823545E-02
9.122556E+03	-1.686402E+01	6.725035E-02	9.823702E-02
9.122755E+03	-1.686366E+01	6.719491E-02	9.823857E-02
9.122956E+03	-1.686370E+01	6.718515E-02	9.824014E-02
9.123156E+03	-1.686401E+01	6.712692E-02	9.824171E-02
9.123355E+03	-1.686413E+01	6.712150E-02	9.824326E-02
9.123556E+03	-1.686413E+01	6.701795E-02	9.824483E-02
9.123755E+03	-1.686397E+01	6.676646E-02	9.824639E-02
9.123955E+03	-1.686393E+01	6.660111E-02	9.824795E-02
9.124155E+03	-1.686408E+01	6.647023E-02	9.824952E-02
9.124355E+03	-1.686416E+01	6.654615E-02	9.825108E-02
9.124555E+03	-1.686400E+01	6.653767E-02	9.825264E-02
9.124755E+03	-1.686392E+01	6.614731E-02	9.825421E-02
9.124955E+03	-1.686420E+01	6.619376E-02	9.825577E-02
9.125155E+03	-1.686436E+01	6.598296E-02	9.825733E-02
9.125355E+03	-1.686431E+01	6.587331E-02	9.825890E-02
9.125555E+03	-1.686419E+01	6.573170E-02	9.826046E-02
9.125755E+03	-1.686419E+01	6.572772E-02	9.826202E-02
9.125956E+03	-1.686427E+01	6.579157E-02	9.826359E-02
9.126156E+03	-1.686423E+01	6.582537E-02	9.826516E-02
9.126356E+03	-1.686407E+01	6.561805E-02	9.826672E-02
9.126556E+03	-1.686399E+01	6.618731E-02	9.826828E-02
9.126756E+03	-1.686402E+01	6.642830E-02	9.826984E-02
9.126956E+03	-1.686406E+01	6.629502E-02	9.827141E-02
9.127156E+03	-1.686406E+01	6.617953E-02	9.827297E-02
9.127356E+03	-1.686422E+01	6.610821E-02	9.827453E-02
9.127556E+03	-1.686454E+01	6.608101E-02	9.827610E-02
9.127756E+03	-1.686477E+01	6.605759E-02	9.827766E-02
9.127956E+03	-1.686477E+01	6.604563E-02	9.827922E-02
9.128156E+03	-1.686437E+01	6.595314E-02	9.828078E-02
9.128356E+03	-1.686409E+01	6.593869E-02	9.828235E-02
9.128556E+03	-1.686409E+01	6.593869E-02	9.828391E-02
9.128756E+03	-1.686433E+01	6.607460E-02	9.828547E-02
9.128956E+03	-1.686449E+01	6.613872E-02	9.828703E-02
9.129156E+03	-1.686444E+01	6.613664E-02	9.828860E-02
9.129356E+03	-1.686452E+01	6.621257E-02	9.829016E-02
9.129556E+03	-1.686464E+01	6.725563E-02	9.829172E-02
9.129756E+03	-1.686436E+01	6.765876E-02	9.829328E-02
9.129956E+03	-1.686416E+01	6.762773E-02	9.829485E-02
9.130156E+03	-1.686404E+01	6.770470E-02	9.829641E-02
9.130356E+03	-1.686380E+01	6.753614E-02	9.829797E-02
9.130556E+03	-1.686356E+01	6.724842E-02	9.829953E-02
9.130756E+03	-1.686316E+01	6.715906E-02	9.830110E-02
9.130957E+03	-1.686336E+01	6.717390E-02	9.830267E-02
9.131157E+03	-1.686359E+01	6.708750E-02	9.830423E-02
9.131357E+03	-1.686359E+01	6.662603E-02	9.830579E-02
9.131557E+03	-1.686387E+01	6.684791E-02	9.830735E-02
9.131757E+03	-1.686399E+01	6.678666E-02	9.830891E-02
9.131957E+03	-1.686390E+01	6.664304E-02	9.831048E-02
9.132157E+03	-1.686358E+01	6.663001E-02	9.831204E-02
9.132357E+03	-1.686338E+01	6.672277E-02	9.831360E-02
9.132557E+03	-1.686346E+01	6.706907E-02	9.831516E-02
9.132757E+03	-1.686338E+01	6.733115E-02	9.831672E-02
9.132957E+03	-1.686310E+01	6.731584E-02	9.831829E-02
9.133157E+03	-1.686294E+01	6.773612E-02	9.831985E-02
9.133357E+03	-1.686290E+01	6.769814E-02	9.832141E-02
9.133557E+03	-1.686302E+01	6.757767E-02	9.832297E-02
9.133757E+03	-1.686341E+01	6.763159E-02	9.832453E-02
9.133957E+03	-1.686373E+01	6.830199E-02	9.832609E-02
9.134157E+03	-1.686385E+01	6.859146E-02	9.832766E-02
9.134357E+03	-1.686357E+01	6.849576E-02	9.832922E-02
9.134557E+03	-1.686317E+01	6.848475E-02	9.833078E-02
9.134757E+03	-1.686309E+01	6.855964E-02	9.833234E-02
9.134957E+03	-1.686289E+01	6.859581E-02	9.833390E-02
9.135157E+03	-1.686241E+01	6.850870E-02	9.833546E-02
9.135357E+03	-1.686217E+01	6.851876E-02	9.833702E-02
9.135557E+03	-1.686165E+01	6.837019E-02	9.833859E-02
9.135757E+03	-1.686114E+01	6.853055E-02	9.834015E-02
9.135958E+03	-1.686086E+01	6.879525E-02	9.834172E-02
9.136157E+03	-1.686082E+01	6.904594E-02	9.834327E-02
9.136358E+03	-1.686113E+01	6.931384E-02	9.834484E-02
9.136558E+03	-1.686129E+01	6.943013E-02	9.834640E-02
9.136757E+03	-1.686105E+01	6.932099E-02	9.834795E-02
9.136957E+03	-1.686061E+01	6.897897E-02	9.834952E-02
9.137157E+03	-1.686026E+01	6.876856E-02	9.835108E-02
9.137357E+03	-1.686010E+01	6.881855E-02	9.835264E-02
9.137557E+03	-1.685982E+01	6.887735E-02	9.835420E-02
9.137757E+03	-1.685942E+01	6.890942E-02	9.835576E-02
9.137957E+03	-1.685926E+01	6.893563E-02	9.835732E-02
9.138157E+03	-1.685938E+01	6.884407E-02	9.835888E-02
9.138357E+03	-1.685930E+01	6.886309E-02	9.836044E-02
9.138557E+03	-1.685902E+01	6.848868E-02	9.836200E-02
9.138757E+03	-1.685882E+01	6.835140E-02	9.836356E-02
9.138957E+03	-1.685894E+01	6.838967E-02	9.836512E-02
9.139157E+03	-1.685906E+01	6.827046E-02	9.836669E-02
9.139357E+03	-1.685906E+01	6.827046E-02	9.836825E-02
9.139557E+03	-1.685909E+01	6.806401E-02	9.836981E-02
9.139757E+03	-1.685909E+01	6.804433E-02	9.837137E-02
9.139957E+03	-1.685897E+01	6.786835E-02	9.837293E-02
9.140157E+03	-1.685913E+01	6.785753E-02	9.837449E-02
9.140357E+03	-1.685936E+01	6.788265E-02	9.837605E-02
9.140557E+03	-1.685952E+01	6.820686E-02	9.837761E-02
9.140758E+03	-1.685972E+01	6.838768E-02	9.837918E-02
9.140958E+03	-1.685975E+01	6.837417E-02	9.838074E-02
9.141158E+03	-1.685991E+01	6.844241E-02	9.838230E-02
9.141358E+03	-1.686014E+01	6.866527E-02	9.838386E-02
9.141558E+03	-1.686034E+01	6.930861E-02	9.838542E-02
9.141758E+03	-1.686042E+01	6.939627E-02	9.838698E-02
9.141958E+03	-1.686061E+01	7.000874E-02	9.838854E-02
9.142158E+03	-1.686073E+01	6.896060E-02	9.839010E-02
9.142358E+03	-1.686085E+01	6.915341E-02	9.839166E-02
9.142558E+03	-1.686089E+01	6.933765E-02	9.839322E-02
9.142758E+03	-1.686084E+01	6.961601E-02	9.839478E-02
9.142958E+03	-1.686076E+01	6.984844E-02	9.839634E-02
9.143158E+03	-1.686080E+01	6.978758E-02	9.839790E-02
9.143358E+03	-1.686076E+01	7.001052E-02	9.839946E-02
9.143558E+03	-1.686048E+01	7.015952E-02	9.840102E-02
9.143758E+03	-1.686013E+01	7.030344E-02	9.840258E-02
9.143958E+03	-1.686008E+01	7.043520E-02	9.840414E-02
9.144158E+03	-1.686024E+01	7.063060E-02	9.840570E-02
9.144358E+03	-1.686044E+01	7.065482E-02	9.840726E-02
9.144558E+03	-1.686051E+01	7.038716E-02	9.840882E-02
9.144758E+03	-1.686047E+01	7.039656E-02	9.841038E-02
9.144958E+03	-1.686051E+01	6.992884E-02	9.841194E-02
9.145158E+03	-1.686051E+01	6.994859E-02	9.841350E-02
9.145358E+03	-1.686051E+01	6.988538E-02	9.841506E-02
9.145559E+03	-1.686066E+01	6.982782E-02	9.841663E-02
9.145759E+03	-1.686035E+01	6.954794E-02	9.841819E-02
9.145959E+03	-1.685999E+01	6.867023E-02	9.841975E-02
9.146159E+03	-1.685987E+01	6.797293E-02	9.842131E-02
9.146359E+03	-1.685967E+01	6.785137E-02	9.842287E-02
9.146559E+03	-1.685928E+01	6.767555E-02	9.842443E-02
9.146759E+03	-1.685892E+01	6.756523E-02	9.842599E-02
9.146959E+03	-1.685845E+01	6.734632E-02	9.842754E-02
9.147159E+03	-1.685797E+01	6.685291E-02	9.842910E-02
9.147359E+03	-1.685789E+01	6.685653E-02	9.843066E-02
9.147559E+03	-1.685805E+01	6.687679E-02	9.843222E-02
9.147759E+03	-1.685801E+01	6.684717E-02	9.843378E-02
9.147959E+03	-1.685797E+01	6.695897E-02	9.843534E-02
9.148159E+03	-1.685804E+01	6.726968E-02	9.843690E-02
9.148359E+03	-1.685820E+01	6.743159E-02	9.843846E-02
9.148558E+03	-1.685828E+01	6.713325E-02	9.844001E-02
9.148758E+03	-1.685808E+01	6.709895E-02	9.844157E-02
9.148959E+03	-1.685808E+01	6.683176E-02	9.844314E-02
9.149158E+03	-1.685835E+01	6.695275E-02	9.844469E-02
9.149359E+03	-1.685843E+01	6.689016E-02	9.844626E-02
9.149558E+03	-1.685823E+01	6.689920E-02	9.844781E-02
9.149758E+03	-1.685811E+01	6.673957E-02	9.844937E-02
9.149958E+03	-1.685795E+01	6.667614E-02	9.845092E-02
9.150158E+03	-1.685795E+01	6.686077E-02	9.845248E-02
9.150358E+03	-1.685826E+01	6.694849E-02	9.845404E-02
9.150559E+03	-1.685854E+01	6.756522E-02	9.845561E-02
9.150759E+03	-1.685842E+01	6.770417E-02	9.845717E-02
9.150959E+03	-1.685810E+01	6.796559E-02	9.845873E-02
9.151159E+03	-1.685814E+01	6.814073E-02	9.846029E-02
9.151359E+03	-1.685833E+01	6.815192E-02	9.846184E-02
9.151559E+03	-1.685833E+01	6.818730E-02	9.846340E-02
9.151759E+03	-1.685821E+01	6.800370E-02	9.846496E-02
9.151959E+03	-1.685837E+01	6.833110E-02	9.846652E-02
9.152159E+03	-1.685852E+01	6.837158E-02	9.846808E-02
9.152359E+03	-1.685836E+01	6.829178E-02	9.846964E-02
9.152559E+03	-1.685825E+01	6.897295E-02	9.847120E-02
9.152759E+03	-1.685860E+01	6.927310E-02	9.847275E-02
9.152959E+03	-1.685899E+01	6.926109E-02	9.847431E-02
9.153159E+03	-1.685911E+01	6.927994E-02	9.847587E-02
9.153359E+03	-1.685907E+01	6.970294E-02	9.847743E-02
9.153559E+03	-1.685914E+01	7.066099E-02	9.847899E-02
9.153759E+03	-1.685930E+01	7.079698E-02	9.848055E-02
9.153959E+03	-1.685942E+01	7.087932E-02	9.848210E-02
9.154159E+03	-1.685945E+01	7.125630E-02	9.848366E-02
9.154359E+03	-1.685973E+01	7.133711E-02	9.848522E-02
9.154559E+03	-1.686000E+01	7.142196E-02	9.848678E-02
9.154759E+03	-1.686008E+01	7.172708E-02	9.848834E-02
9.154959E+03	-1.685984E+01	7.185370E-02	9.848990E-02
9.155159E+03	-1.685980E+01	7.192213E-02	9.849145E-02
9.155360E+03	-1.685980E+01	7.149604E-02	9.849302E-02
9.155560E+03	-1.685968E+01	7.094804E-02	9.849458E-02
9.155760E+03	-1.685991E+01	7.129454E-02	9.849613E-02
9.155960E+03	-1.685999E+01	7.158379E-02	9.849769E-02
9.156160E+03	-1.686003E+01	7.147977E-02	9.849925E-02
9.156360E+03	-1.686015E+01	7.147953E-02	9.850081E-02
9.156560E+03	-1.686030E+01	7.147393E-02	9.850237E-02
9.156760E+03	-1.686038E+01	7.129730E-02	9.850392E-02
9.156960E+03	-1.686050E+01	7.133257E-02	9.850548E-02
9.157160E+03	-1.686081E+01	7.172463E-02	9.850704E-02
9.157360E+03	-1.686121E+01	7.192854E-02	9.850860E-02
9.157560E+03	-1.686152E+01	7.258311E-02	9.851015E-02
9.157760E+03	-1.686188E+01	7.274185E-02	9.851171E-02
9.157960E+03	-1.686211E+01	7.276584E-02	9.851327E-02
9.158160E+03	-1.686191E+01	7.208242E-02	9.851483E-02
9.158360E+03	-1.686155E+01	7.201928E-02	9.851639E-02
9.158560E+03	-1.686147E+01	7.190316E-02	9.851794E-02
9.158760E+03	-1.686127E+01	7.168828E-02	9.851950E-02
9.158960E+03	-1.686096E+01	7.163208E-02	9.852106E-02
9.159160E+03	-1.686080E+01	7.140035E-02	9.852261E-02
9.159360E+03	-1.686095E+01	7.105055E-02	9.852417E-02
9.159560E+03	-1.686123E+01	7.102067E-02	9.852573E-02
9.159760E+03	-1.686115E+01	7.088503E-02	9.852729E-02
9.159960E+03	-1.686075E+01	7.081258E-02	9.852884E-02
9.160161E+03	-1.686047E+01	7.078723E-02	9.853041E-02
9.160361E+03	-1.686019E+01	7.033936E-02	9.853197E-02
9.160561E+03	-1.685996E+01	6.971684E-02	9.853352E-02
9.160761E+03	-1.685999E+01	6.929290E-02	9.853508E-02
9.160961E+03	-1.686047E+01	6.907219E-02	9.853664E-02
9.161161E+03	-1.686066E+01	6.900874E-02	9.853819E-02
9.161361E+03	-1.686058E+01	6.915429E-02	9.853975E-02
9.161560E+03	-1.686058E+01	6.913453E-02	9.854130E-02
9.161761E+03	-1.686078E+01	6.964056E-02	9.854287E-02
9.161960E+03	-1.686085E+01	7.025049E-02	9.854441E-02
9.162160E+03	-1.686093E+01	7.049274E-02	9.854597E-02
9.162361E+03	-1.686097E+01	7.058225E-02	9.854754E-02
9.162560E+03	-1.686073E+01	7.148875E-02	9.854908E-02
9.162760E+03	-1.686053E+01	7.181590E-02	9.855064E-02
9.162960E+03	-1.686073E+01	7.158366E-02	9.855220E-02
9.163160E+03	-1.686128E+01	7.162751E-02	9.855376E-02
9.163360E+03	-1.686171E+01	7.167959E-02	9.855531E-02
9.163560E+03	-1.686163E+01	7.185672E-02	9.855687E-02
9.163760E+03	-1.686139E+01	7.207482E-02	9.855842E-02
9.163960E+03	-1.686111E+01	7.201697E-02	9.855998E-02
9.164160E+03	-1.686107E+01	7.208560E-02	9.856154E-02
9.164360E+03	-1.686119E+01	7.218053E-02	9.856309E-02
9.164560E+03	-1.686131E+01	7.224779E-02	9.856465E-02
9.164760E+03	-1.686139E+01	7.247878E-02	9.856621E-02
9.164960E+03	-1.686142E+01	7.245767E-02	9.856776E-02
9.165161E+03	-1.686146E+01	7.238902E-02	9.856933E-02
9.165361E+03	-1.686158E+01	7.232166E-02	9.857088E-02
9.165561E+03	-1.686162E+01	7.245902E-02	9.857244E-02
9.165761E+03	-1.686177E+01	7.263611E-02	9.857400E-02
9.165961E+03	-1.686189E+01	7.252516E-02	9.857555E-02
9.166161E+03	-1.686185E+01	7.253836E-02	9.857711E-02
9.166361E+03	-1.686177E+01	7.235070E-02	9.857867E-02
9.166561E+03	-1.686165E+01	7.218823E-02	9.858022E-02
9.166761E+03	-1.686161E+01	7.215391E-02	9.858178E-02
9.166961E+03	-1.686169E+01	7.194513E-02	9.858333E-02
9.167161E+03	-1.686172E+01	7.191603E-02	9.858489E-02
9.167361E+03	-1.686180E+01	7.192519E-02	9.858645E-02
9.167561E+03	-1.686156E+01	7.210374E-02	9.858800E-02
9.167761E+03	-1.686112E+01	7.197604E-02	9.858956E-02
9.167961E+03	-1.686120E+01	7.181893E-02	9.859111E-02
9.168161E+03	-1.686128E+01	7.194289E-02	9.859267E-02
9.168361E+03	-1.686120E+01	7.194957E-02	9.859422E-02
9.168561E+03	-1.686124E+01	7.202344E-02	9.859578E-02
9.168761E+03	-1.686128E+01	7.204584E-02	9.859734E-02
9.168961E+03	-1.686127E+01	7.183994E-02	9.859889E-02
9.169161E+03	-1.686103E+01	7.180462E-02	9.860045E-02
9.169361E+03	-1.686095E+01	7.176780E-02	9.860200E-02
9.169561E+03	-1.686119E+01	7.171599E-02	9.860356E-02
9.169761E+03	-1.686131E+01	7.175541E-02	9.860511E-02
9.169962E+03	-1.686142E+01	7.124426E-02	9.860668E-02
9.170162E+03	-1.686162E+01	7.083292E-02	9.860823E-02
9.170362E+03	-1.686198E+01	7.077215E-02	9.860979E-02
9.170562E+03	-1.686245E+01	7.091332E-02	9.861134E-02
9.170762E+03	-1.686293E+01	7.101903E-02	9.861290E-02
9.170962E+03	-1.686308E+01	7.110071E-02	9.861446E-02
9.171162E+03	-1.686320E+01	7.123559E-02	9.861601E-02
9.171362E+03	-1.686336E+01	7.168744E-02	9.861757E-02
9.171562E+03	-1.686340E+01	7.166217E-02	9.861912E-02
9.171762E+03	-1.686371E+01	7.136829E-02	9.862068E-02
9.171962E+03	-1.686403E+01	7.117759E-02	9.862223E-02
9.172162E+03	-1.686411E+01	7.115478E-02	9.862379E-02
9.172362E+03	-1.686407E+01	7.124789E-02	9.862534E-02
9.172562E+03	-1.686403E+01	7.124135E-02	9.862690E-02
9.172762E+03	-1.686406E+01	7.135550E-02	9.862845E-02
9.172962E+03	-1.686414E+01	7.136062E-02	9.863001E-02
9.173162E+03	-1.686410E+01	7.134212E-02	9.863156E-02
9.173362E+03	-1.686410E+01	7.171678E-02	9.863312E-02
9.173562E+03	-1.686430E+01	7.176167E-02	9.863467E-02
9.173762E+03	-1.686473E+01	7.204578E-02	9.863623E-02
9.173962E+03	-1.686501E+01	7.315064E-02	9.863778E-02
9.174162E+03	-1.686513E+01	7.418165E-02	9.863934E-02
9.174362E+03	-1.686529E+01	7.402511E-02	9.864089E-02
9.174561E+03	-1.686545E+01	7.382047E-02	9.864244E-02
9.174762E+03	-1.686557E+01	7.444077E-02	9.864400E-02
9.174962E+03	-1.686544E+01	7.448818E-02	9.864556E-02
9.175163E+03	-1.686504E+01	7.448758E-02	9.864712E-02
9.175362E+03	-1.686464E+01	7.445105E-02	9.864866E-02
9.175562E+03	-1.686456E+01	7.479250E-02	9.865022E-02
9.175762E+03	-1.686448E+01	7.497424E-02	9.865177E-02
9.175962E+03	-1.686420E+01	7.496593E-02	9.865333E-02
9.176162E+03	-1.686388E+01	7.487108E-02	9.865488E-02
9.176362E+03	-1.686360E+01	7.502608E-02	9.865644E-02
9.176562E+03	-1.686332E+01	7.524455E-02	9.865799E-02
9.176762E+03	-1.686320E+01	7.525968E-02	9.865955E-02
9.176962E+03	-1.686316E+01	7.588917E-02	9.866110E-02
9.177162E+03	-1.686296E+01	7.606514E-02	9.866265E-02
9.177362E+03	-1.686295E+01	7.536146E-02	9.866421E-02
9.177562E+03	-1.686323E+01	7.504777E-02	9.866576E-02
9.177762E+03	-1.686327E+01	7.525357E-02	9.866732E-02
9.177962E+03	-1.686307E+01	7.629680E-02	9.866887E-02
9.178162E+03	-1.686299E+01	7.614368E-02	9.867043E-02
9.178362E+03	-1.686318E+01	7.621832E-02	9.867198E-02
9.178562E+03	-1.686342E+01	7.628809E-02	9.867353E-02
9.178762E+03	-1.686342E+01	7.633983E-02	9.867509E-02
9.178962E+03	-1.686354E+01	7.658377E-02	9.867664E-02
9.179162E+03	-1.686370E+01	7.660389E-02	9.867820E-02
9.179362E+03	-1.686417E+01	7.651286E-02	9.867975E-02
9.179562E+03	-1.686473E+01	7.651551E-02	9.868130E-02
9.179763E+03	-1.686501E+01	7.665665E-02	9.868287E-02
9.179963E+03	-1.686533E+01	7.671310E-02	9.868442E-02
9.180163E+03	-1.686552E+01	7.744432E-02	9.868597E-02
9.180363E+03	-1.686544E+01	7.701819E-02	9.868753E-02
9.180563E+03	-1.686532E+01	7.702891E-02	9.868908E-02
9.180763E+03	-1.686536E+01	7.744778E-02	9.869063E-02
9.180963E+03	-1.686560E+01	7.715457E-02	9.869219E-02
9.181163E+03	-1.686548E+01	7.714126E-02	9.869374E-02
9.181363E+03	-1.686508E+01	7.717017E-02	9.869530E-02
9.181563E+03	-1.686519E+01	7.719547E-02	9.869685E-02
9.181763E+03	-1.686539E+01	7.629541E-02	9.869840E-02
9.181963E+03	-1.686527E+01	7.607448E-02	9.869996E-02
9.182163E+03	-1.686503E+01	7.614435E-02	9.870151E-02
9.182363E+03	-1.686491E+01	7.626313E-02	9.870306E-02
9.182563E+03	-1.686487E+01	7.619622E-02	9.870462E-02
9.182763E+03	-1.686486E+01	7.605245E-02	9.870617E-02
9.182963E+03	-1.686502E+01	7.643199E-02	9.870772E-02
9.183163E+03	-1.686526E+01	7.680997E-02	9.870928E-02
9.183363E+03	-1.686510E+01	7.682565E-02	9.871083E-02
9.183563E+03	-1.686494E+01	7.681337E-02	9.871238E-02
9.183763E+03	-1.686502E+01	7.667569E-02	9.871394E-02
9.183963E+03	-1.686490E+01	7.641490E-02	9.871549E-02
9.184163E+03	-1.686489E+01	7.677036E-02	9.871704E-02
9.184363E+03	-1.686477E+01	7.685699E-02	9.871860E-02
9.184563E+03	-1.686465E+01	7.664819E-02	9.872015E-02
9.184764E+03	-1.686501E+01	7.655584E-02	9.872171E-02
9.184964E+03	-1.686529E+01	7.674908E-02	9.872326E-02
9.185164E+03	-1.686521E+01	7.690282E-02	9.872482E-02
9.185364E+03	-1.686492E+01	7.672549E-02	9.872637E-02
9.185564E+03	-1.686484E+01	7.659158E-02	9.872792E-02
9.185764E+03	-1.686484E+01	7.660356E-02	9.872947E-02
9.185964E+03	-1.686468E+01	7.655144E-02	9.873103E-02
9.186164E+03	-1.686460E+01	7.666110E-02	9.873258E-02
9.186364E+03	-1.686468E+01	7.794865E-02	9.873413E-02
9.186564E+03	-1.686476E+01	7.810273E-02	9.873569E-02
9.186764E+03	-1.686479E+01	7.813387E-02	9.873724E-02
9.186964E+03	-1.686475E+01	7.814266E-02	9.873879E-02
9.187164E+03	-1.686467E+01	7.843169E-02	9.874034E-02
9.187363E+03	-1.686463E+01	7.906315E-02	9.874189E-02
9.187564E+03	-1.686463E+01	7.918290E-02	9.874350E-02
9.187763E+03	-1.686455E+01	7.964726E-02	9.874511E-02
9.187963E+03	-1.686438E+01	7.996508E-02	9.874673E-02
9.188164E+03	-1.686434E+01	8.024495E-02	9.874836E-02
9.188363E+03	-1.686438E+01	8.129358E-02	9.874998E-02
9.188563E+03	-1.686426E+01	8.134297E-02	9.875160E-02
9.188763E+03	-1.686430E+01	8.135842E-02	9.875322E-02
9.188963E+03	-1.686450E+01	8.138382E-02	9.875484E-02
9.189163E+03	-1.686449E+01	8.140378E-02	9.875646E-02
9.189363E+03	-1.686449E+01	8.098477E-02	9.875808E-02
9.189564E+03	-1.686441E+01	8.095393E-02	9.875971E-02
9.189764E+03	-1.686437E+01	8.105421E-02	9.876133E-02
9.189964E+03	-1.686421E+01	8.175823E-02	9.876296E-02
9.190164E+03	-1.686381E+01	8.145611E-02	9.876458E-02
9.190364E+03	-1.686349E+01	8.127295E-02	9.876620E-02
9.190564E+03	-1.686337E+01	8.105557E-02	9.876782E-02
9.190764E+03	-1.686337E+01	8.091227E-02	9.876944E-02
9.190964E+03	-1.686332E+01	8.074964E-02	9.877106E-02
9.191164E+03	-1.686356E+01	8.076221E-02	9.877268E-02
9.191364E+03	-1.686384E+01	8.079814E-02	9.877430E-02
9.191564E+03	-1.686392E+01	8.069341E-02	9.877592E-02
9.191764E+03	-1.686388E+01	8.058239E-02	9.877754E-02
9.191964E+03	-1.686399E+01	8.083578E-02	9.877917E-02
9.192164E+03	-1.686427E+01	8.074814E-02	9.878079E-02
9.192364E+03	-1.686443E+01	8.165167E-02	9.878241E-02
9.192564E+03	-1.686435E+01	8.193987E-02	9.878403E-02
9.192764E+03	-1.686443E+01	8.213050E-02	9.878565E-02
9.192964E+03	-1.686466E+01	8.223568E-02	9.878727E-02
9.193164E+03	-1.686502E+01	8.311891E-02	9.878889E-02
9.193364E+03	-1.686522E+01	8.316515E-02	9.879051E-02
9.193564E+03	-1.686486E+01	8.307634E-02	9.879213E-02
9.193764E+03	-1.686446E+01	8.303193E-02	9.879375E-02
9.193964E+03	-1.686458E+01	8.311071E-02	9.879537E-02
9.194164E+03	-1.686481E+01	8.348007E-02	9.879699E-02
9.194364E+03	-1.686493E+01	8.498525E-02	9.879861E-02
9.194565E+03	-1.686513E+01	8.546401E-02	9.880024E-02
9.194765E+03	-1.686529E+01	8.575537E-02	9.880186E-02
9.194965E+03	-1.686525E+01	8.577946E-02	9.880348E-02
9.195165E+03	-1.686513E+01	8.713867E-02	9.880510E-02
9.195365E+03	-1.686532E+01	8.741471E-02	9.880672E-02
9.195565E+03	-1.686564E+01	8.744313E-02	9.880834E-02
9.195765E+03	-1.686600E+01	8.745163E-02	9.880996E-02
9.195965E+03	-1.686632E+01	8.723163E-02	9.881158E-02
9.196165E+03	-1.686644E+01	8.720367E-02	9.881320E-02
9.196365E+03	-1.686636E+01	8.716753E-02	9.881482E-02
9.196565E+03	-1.686631E+01	8.715949E-02	9.881644E-02
9.196765E+03	-1.686631E+01	8.740798E-02	9.881806E-02
9.196965E+03	-1.686603E+01	8.728746E-02	9.881968E-02
9.197165E+03	-1.686571E+01	8.719910E-02	9.882130E-02
9.197365E+03	-1.686555E+01	8.713496E-02	9.882292E-02
9.197565E+03	-1.686587E+01	8.719922E-02	9.882454E-02
9.197765E+03	-1.686602E+01	8.713927E-02	9.882616E-02
9.197965E+03	-1.686594E+01	8.699105E-02	9.882778E-02
9.198165E+03	-1.686586E+01	8.695499E-02	9.882940E-02
9.198365E+03	-1.686570E+01	8.647867E-02	9.883102E-02
9.198565E+03	-1.686562E+01	8.638271E-02	9.883264E-02
9.198765E+03	-1.686590E+01	8.625026E-02	9.883426E-02
9.198965E+03	-1.686605E+01	8.617393E-02	9.883588E-02
9.199165E+03	-1.686625E+01	8.628983E-02	9.883750E-02
9.199366E+03	-1.686641E+01	8.648205E-02	9.883913E-02
9.199566E+03	-1.686661E+01	8.668643E-02	9.884075E-02
9.199766E+03	-1.686689E+01	8.669033E-02	9.884236E-02
9.199966E+03	-1.686701E+01	8.672642E-02	9.884398E-02
9.200165E+03	-1.686693E+01	8.696326E-02	9.884560E-02
9.200365E+03	-1.686672E+01	8.632531E-02	9.884721E-02
9.200566E+03	-1.686660E+01	8.609282E-02	9.884884E-02
9.200765E+03	-1.686680E+01	8.641349E-02	9.885045E-02
9.200966E+03	-1.686696E+01	8.677058E-02	9.885208E-02
9.201165E+03	-1.686676E+01	8.626507E-02	9.885369E-02
9.201365E+03	-1.686656E+01	8.558356E-02	9.885531E-02
9.201565E+03	-1.686680E+01	8.616470E-02	9.885693E-02
9.201765E+03	-1.686691E+01	8.625682E-02	9.885855E-02
9.201965E+03	-1.686683E+01	8.612049E-02	9.886017E-02
9.202165E+03	-1.686675E+01	8.593205E-02	9.886179E-02
9.202365E+03	-1.686643E+01	8.601693E-02	9.886341E-02
9.202565E+03	-1.686627E+01	8.574871E-02	9.886502E-02
9.202765E+03	-1.686655E+01	8.589638E-02	9.886664E-02
9.202965E+03	-1.686662E+01	8.584406E-02	9.886826E-02
9.203165E+03	-1.686630E+01	8.580072E-02	9.886988E-02
9.203365E+03	-1.686602E+01	8.572129E-02	9.887150E-02
9.203565E+03	-1.686574E+01	8.579007E-02	9.887312E-02
9.203765E+03	-1.686550E+01	8.547860E-02	9.887474E-02
9.203965E+03	-1.686525E+01	8.552334E-02	9.887636E-02
9.204165E+03	-1.686517E+01	8.573548E-02	9.887797E-02
9.204366E+03	-1.686529E+01	8.597911E-02	9.887960E-02
9.204566E+03	-1.686537E+01	8.601495E-02	9.888122E-02
9.204766E+03	-1.686541E+01	8.601887E-02	9.888284E-02
9.204966E+03	-1.686541E+01	8.559485E-02	9.888446E-02
9.205166E+03	-1.686532E+01	8.555509E-02	9.888608E-02
9.205366E+03	-1.686540E+01	8.540285E-02	9.888769E-02
9.205566E+03	-1.686572E+01	8.579408E-02	9.888931E-02
9.205766E+03	-1.686572E+01	8.606629E-02	9.889093E-02
9.205966E+03	-1.686560E+01	8.630262E-02	9.889255E-02
9.206166E+03	-1.686564E+01	8.639062E-02	9.889417E-02
9.206366E+03	-1.686571E+01	8.657468E-02	9.889579E-02
9.206566E+03	-1.686583E+01	8.724730E-02	9.889740E-02
9.206766E+03	-1.686607E+01	8.747989E-02	9.889902E-02
9.206966E+03	-1.686639E+01	8.778105E-02	9.890064E-02
9.207166E+03	-1.686663E+01	8.802627E-02	9.890226E-02
9.207366E+03	-1.686683E+01	8.806293E-02	9.890388E-02
9.207566E+03	-1.686719E+01	8.835716E-02	9.890549E-02
9.207766E+03	-1.686747E+01	8.843851E-02	9.890711E-02
9.207966E+03	-1.686751E+01	8.882456E-02	9.890873E-02
9.208166E+03	-1.686751E+01	8.950792E-02	9.891035E-02
9.208366E+03	-1.686770E+01	8.953327E-02	9.891197E-02
9.208566E+03	-1.686790E+01	8.959084E-02	9.891358E-02
9.208766E+03	-1.686826E+01	8.950453E-02	9.891520E-02
9.208966E+03	-1.686867E+01	8.959566E-02	9.891682E-02
9.209167E+03	-1.686887E+01	8.961709E-02	9.891845E-02
9.209367E+03	-1.686890E+01	8.960121E-02	9.892006E-02
9.209567E+03	-1.686902E+01	8.928330E-02	9.892168E-02
9.209767E+03	-1.686914E+01	8.966730E-02	9.892330E-02
9.209967E+03	-1.686926E+01	8.970038E-02	9.892492E-02
9.210167E+03	-1.686954E+01	8.971434E-02	9.892653E-02
9.210367E+03	-1.686958E+01	8.915720E-02	9.892815E-02
9.210567E+03	-1.686950E+01	8.891043E-02	9.892977E-02
9.210767E+03	-1.686962E+01	8.894332E-02	9.893139E-02
9.210967E+03	-1.686990E+01	8.908615E-02	9.893300E-02
9.211167E+03	-1.687030E+01	8.921770E-02	9.893462E-02
9.211367E+03	-1.687050E+01	8.912974E-02	9.893624E-02
9.211567E+03	-1.687062E+01	8.903320E-02	9.893786E-02
9.211767E+03	-1.687099E+01	8.913229E-02	9.893947E-02
9.211967E+03	-1.687139E+01	8.917903E-02	9.894109E-02
9.212167E+03	-1.687180E+01	8.948163E-02	9.894271E-02
9.212367E+03	-1.687216E+01	8.979672E-02	9.894432E-02
9.212567E+03	-1.687244E+01	8.959941E-02	9.894594E-02
9.212767E+03	-1.687277E+01	8.966657E-02	9.894756E-02
9.212967E+03	-1.687285E+01	8.943512E-02	9.894918E-02
9.213166E+03	-1.687272E+01	8.947101E-02	9.895078E-02
9.213367E+03	-1.687203E+01	8.969028E-02	9.895241E-02
9.213567E+03	-1.687162E+01	8.959429E-02	9.895403E-02
9.213766E+03	-1.687125E+01	8.956766E-02	9.895564E-02
9.213967E+03	-1.687117E+01	8.980230E-02	9.895726E-02
9.214167E+03	-1.687133E+01	9.001836E-02	9.895888E-02
9.214368E+03	-1.687125E+01	9.011104E-02	9.896050E-02
9.214567E+03	-1.687092E+01	9.008430E-02	9.896211E-02
9.214767E+03	-1.687076E+01	9.005474E-02	9.896373E-02
9.214967E+03	-1.687060E+01	9.000091E-02	9.896535E-02
9.215167E+03	-1.687031E+01	8.995435E-02	9.896696E-02
9.215367E+03	-1.687027E+01	8.972749E-02	9.896858E-02
9.215567E+03	-1.687031E+01	8.994221E-02	9.897020E-02
9.215767E+03	-1.687027E+01	9.007140E-02	9.897181E-02
9.215967E+03	-1.687035E+01	9.003962E-02	9.897343E-02
9.216167E+03	-1.687034E+01	9.022982E-02	9.897504E-02
9.216367E+03	-1.687018E+01	9.031351E-02	9.897666E-02
9.216567E+03	-1.687022E+01	9.030979E-02	9.897828E-02
9.216767E+03	-1.687050E+01	9.041729E-02	9.897989E-02
9.216967E+03	-1.687123E+01	9.056926E-02	9.898151E-02
9.217167E+03	-1.687167E+01	9.067455E-02	9.898313E-02
9.217367E+03	-1.687200E+01	9.094145E-02	9.898474E-02
9.217567E+03	-1.687252E+01	9.166225E-02	9.898636E-02
9.217767E+03	-1.687313E+01	9.190931E-02	9.898798E-02
9.217967E+03	-1.687386E+01	9.220751E-02	9.898959E-02
9.218167E+03	-1.687456E+01	9.232640E-02	9.899121E-02
9.218367E+03	-1.687509E+01	9.245583E-02	9.899282E-02
9.218567E+03	-1.687562E+01	9.313450E-02	9.899444E-02
9.218767E+03	-1.687611E+01	9.362142E-02	9.899606E-02
9.218968E+03	-1.687635E+01	9.448285E-02	9.899768E-02
9.219168E+03	-1.687643E+01	9.548158E-02	9.899930E-02
9.219368E+03	-1.687672E+01	9.548318E-02	9.900091E-02
9.219568E+03	-1.687672E+01	9.559407E-02	9.900253E-02
9.219768E+03	-1.687676E+01	9.559900E-02	9.900414E-02
9.219968E+03	-1.687712E+01	9.565166E-02	9.900576E-02
9.220168E+03	-1.687758E+01	9.558676E-02	9.900738E-02
9.220368E+03	-1.687762E+01	9.564109E-02	9.900899E-02
9.220568E+03	-1.687687E+01	9.530568E-02	9.901061E-02
9.220768E+03	-1.687634E+01	9.584105E-02	9.901222E-02
9.220968E+03	-1.687609E+01	9.590157E-02	9.901384E-02
9.221168E+03	-1.687543E+01	9.557263E-02	9.901545E-02
9.221368E+03	-1.687482E+01	9.545401E-02	9.901707E-02
9.221568E+03	-1.687457E+01	9.522030E-02	9.901869E-02
9.221768E+03	-1.687445E+01	9.432321E-02	9.902030E-02
9.221968E+03	-1.687457E+01	9.349571E-02	9.902192E-02
9.222168E+03	-1.687444E+01	9.318742E-02	9.902353E-02
9.222368E+03	-1.687399E+01	9.325434E-02	9.902515E-02
9.222568E+03	-1.687383E+01	9.304795E-02	9.902676E-02
9.222768E+03	-1.687399E+01	9.310741E-02	9.902838E-02
9.222968E+03	-1.687374E+01	9.330377E-02	9.902999E-02
9.223168E+03	-1.687325E+01	9.318650E-02	9.903161E-02
9.223368E+03	-1.687345E+01	9.310387E-02	9.903322E-02
9.223568E+03	-1.687386E+01	9.302813E-02	9.903484E-02
9.223768E+03	-1.687419E+01	9.347784E-02	9.903645E-02
9.223969E+03	-1.687382E+01	9.339065E-02	9.903808E-02
9.224169E+03	-1.687381E+01	9.365992E-02	9.903969E-02
9.224369E+03	-1.687332E+01	9.327734E-02	9.904131E-02
9.224569E+03	-1.687230E+01	9.312815E-02	9.904292E-02
9.224769E+03	-1.687198E+01	9.277814E-02	9.904454E-02
9.224969E+03	-1.687202E+01	9.326219E-02	9.904615E-02
9.225169E+03	-1.687189E+01	9.307355E-02	9.904777E-02
9.225369E+03	-1.687177E+01	9.312459E-02	9.904938E-02
9.225569E+03	-1.687189E+01	9.306542E-02	9.905100E-02
9.225769E+03	-1.687193E+01	9.197326E-02	9.905261E-02
9.225969E+03	-1.687164E+01	9.170198E-02	9.905423E-02
9.226168E+03	-1.687132E+01	9.160506E-02	9.905583E-02
9.226369E+03	-1.687119E+01	9.166051E-02	9.905746E-02
9.226568E+03	-1.687107E+01	9.161051E-02	9.905906E-02
9.226769E+03	-1.687111E+01	9.132713E-02	9.906069E-02
9.226969E+03	-1.687119E+01	9.172540E-02	9.906230E-02
9.227168E+03	-1.687111E+01	9.161096E-02	9.906391E-02
9.227368E+03	-1.687082E+01	9.156328E-02	9.906552E-02
9.227568E+03	-1.687029E+01	9.175994E-02	9.906714E-02
9.227768E+03	-1.686972E+01	9.162017E-02	9.906875E-02
9.227968E+03	-1.686928E+01	9.085621E-02	9.907037E-02
9.228168E+03	-1.686904E+01	9.087820E-02	9.907198E-02
9.228368E+03	-1.686903E+01	9.078135E-02	9.907359E-02
9.228568E+03	-1.686879E+01	9.046457E-02	9.907521E-02
9.228769E+03	-1.686834E+01	9.059788E-02	9.907683E-02
9.228969E+03	-1.686830E+01	9.089566E-02	9.907845E-02
9.229169E+03	-1.686834E+01	9.112166E-02	9.908006E-02
9.229369E+03	-1.686822E+01	9.115673E-02	9.908167E-02
9.229569E+03	-1.686761E+01	9.153690E-02	9.908329E-02
9.229769E+03	-1.686733E+01	9.203634E-02	9.908490E-02
9.229969E+03	-1.686705E+01	9.256727E-02	9.908652E-02
9.230169E+03	-1.686664E+01	9.245765E-02	9.908813E-02
9.230369E+03	-1.686640E+01	9.245053E-02	9.908974E-02
9.230569E+03	-1.686608E+01	9.240632E-02	9.909136E-02
9.230769E+03	-1.686572E+01	9.206130E-02	9.909297E-02
9.230969E+03	-1.686540E+01	9.198143E-02	9.909459E-02
9.231169E+03	-1.686487E+01	9.218715E-02	9.909620E-02
9.231369E+03	-1.686447E+01	9.173897E-02	9.909781E-02
9.231569E+03	-1.686431E+01	9.171721E-02	9.909943E-02
9.231769E+03	-1.686431E+01	9.173318E-02	9.910104E-02
9.231969E+03	-1.686459E+01	9.151662E-02	9.910266E-02
9.232169E+03	-1.686515E+01	9.201059E-02	9.910427E-02
9.232369E+03	-1.686578E+01	9.298757E-02	9.910588E-02
9.232569E+03	-1.686622E+01	9.360327E-02	9.910750E-02
9.232769E+03	-1.686658E+01	9.339218E-02	9.910911E-02
9.232969E+03	-1.686714E+01	9.385872E-02	9.911072E-02
9.233169E+03	-1.686742E+01	9.391955E-02	9.911234E-02
9.233369E+03	-1.686722E+01	9.485271E-02	9.911395E-02
9.233569E+03	-1.686646E+01	9.486275E-02	9.911556E-02
9.233770E+03	-1.686545E+01	9.461215E-02	9.911719E-02
9.233970E+03	-1.686469E+01	9.434687E-02	9.911880E-02
9.234170E+03	-1.686421E+01	9.331684E-02	9.912041E-02
9.234370E+03	-1.686397E+01	9.312978E-02	9.912203E-02
9.234570E+03	-1.686409E+01	9.309559E-02	9.912364E-02
9.234770E+03	-1.686413E+01	9.307222E-02	9.912525E-02
9.234970E+03	-1.686369E+01	9.273905E-02	9.912687E-02
9.235170E+03	-1.686325E+01	9.235877E-02	9.912848E-02
9.235370E+03	-1.686297E+01	9.274925E-02	9.913009E-02
9.235570E+03	-1.686269E+01	9.245513E-02	9.913171E-02
9.235770E+03	-1.686248E+01	9.215439E-02	9.913332E-02
9.235970E+03	-1.686240E+01	9.187121E-02	9.913493E-02
9.236170E+03	-1.686236E+01	9.068635E-02	9.913655E-02
9.236370E+03	-1.686236E+01	9.049557E-02	9.913816E-02
9.236570E+03	-1.686252E+01	9.054859E-02	9.913977E-02
9.236770E+03	-1.686272E+01	9.068155E-02	9.914138E-02
9.236970E+03	-1.686287E+01	9.076651E-02	9.914300E-02
9.237170E+03	-1.686291E+01	9.083054E-02	9.914461E-02
9.237370E+03	-1.686303E+01	9.077591E-02	9.914622E-02
9.237570E+03	-1.686319E+01	9.006454E-02	9.914784E-02
9.237770E+03	-1.686303E+01	8.965733E-02	9.914945E-02
9.237970E+03	-1.686298E+01	8.971280E-02	9.915106E-02
9.238170E+03	-1.686302E+01	9.015094E-02	9.915267E-02
9.238370E+03	-1.686274E+01	9.042730E-02	9.915429E-02
9.238571E+03	-1.686226E+01	9.026045E-02	9.915591E-02
9.238771E+03	-1.686194E+01	9.017855E-02	9.915752E-02
9.238971E+03	-1.686202E+01	9.008781E-02	9.915913E-02
9.239171E+03	-1.686222E+01	9.002174E-02	9.916074E-02
9.239371E+03	-1.686234E+01	9.004248E-02	9.916236E-02
9.239570E+03	-1.686218E+01	9.027572E-02	9.916396E-02
9.239771E+03	-1.686174E+01	9.041517E-02	9.916558E-02
9.239970E+03	-1.686142E+01	9.043637E-02	9.916719E-02
9.240171E+03	-1.686158E+01	8.964813E-02	9.916881E-02
9.240370E+03	-1.686185E+01	8.940773E-02	9.917041E-02
9.240570E+03	-1.686205E+01	8.931754E-02	9.917202E-02
9.240770E+03	-1.686256E+01	8.937217E-02	9.917364E-02
9.240970E+03	-1.686284E+01	8.874108E-02	9.917525E-02
9.241170E+03	-1.686236E+01	8.864361E-02	9.917686E-02
9.241370E+03	-1.686200E+01	8.858257E-02	9.917847E-02
9.241570E+03	-1.686252E+01	8.883115E-02	9.918008E-02
9.241770E+03	-1.686299E+01	8.897265E-02	9.918170E-02
9.241970E+03	-1.686259E+01	8.867243E-02	9.918331E-02
9.242170E+03	-1.686196E+01	8.720837E-02	9.918492E-02
9.242370E+03	-1.686140E+01	8.681130E-02	9.918653E-02
9.242570E+03	-1.686061E+01	8.658573E-02	9.918814E-02
9.242770E+03	-1.685981E+01	8.665341E-02	9.918976E-02
9.242970E+03	-1.685946E+01	8.527950E-02	9.919137E-02
9.243170E+03	-1.685957E+01	8.512109E-02	9.919298E-02
9.243371E+03	-1.685993E+01	8.520267E-02	9.919460E-02
9.243571E+03	-1.686020E+01	8.518975E-02	9.919621E-02
9.243771E+03	-1.686032E+01	8.533964E-02	9.919782E-02
9.243971E+03	-1.686055E+01	8.532693E-02	9.919943E-02
9.244171E+03	-1.686087E+01	8.534166E-02	9.920105E-02
9.244371E+03	-1.686130E+01	8.543927E-02	9.920266E-02
9.244571E+03	-1.686158E+01	8.534710E-02	9.920427E-02
9.244771E+03	-1.686158E+01	8.534710E-02	9.920588E-02
9.244971E+03	-1.686150E+01	8.547433E-02	9.920749E-02
9.245171E+03	-1.686138E+01	8.546281E-02	9.920910E-02
9.245371E+03	-1.686122E+01	8.544349E-02	9.921071E-02
9.245571E+03	-1.686106E+01	8.551931E-02	9.921233E-02
9.245771E+03	-1.686070E+01	8.613817E-02	9.921394E-02
9.245971E+03	-1.686050E+01	8.657391E-02	9.921555E-02
9.246171E+03	-1.686085E+01	8.668855E-02	9.921716E-02
9.246371E+03	-1.686153E+01	8.688270E-02	9.921877E-02
9.246571E+03	-1.686192E+01	8.692641E-02	9.922038E-02
9.246771E+03	-1.686204E+01	8.684698E-02	9.922199E-02
9.246971E+03	-1.686228E+01	8.685492E-02	9.922360E-02
9.247171E+03	-1.686259E+01	8.711743E-02	9.922522E-02
9.247371E+03	-1.686283E+01	8.761502E-02	9.922683E-02
9.247571E+03	-1.686303E+01	8.780250E-02	9.922844E-02
9.247771E+03	-1.686306E+01	8.782647E-02	9.923005E-02
9.247971E+03	-1.686306E+01	8.781453E-02	9.923166E-02
9.248171E+03	-1.686298E+01	8.792184E-02	9.923327E-02
9.248372E+03	-1.686294E+01	8.824418E-02	9.923489E-02
9.248572E+03	-1.686306E+01	8.800964E-02	9.923650E-02
9.248772E+03	-1.686326E+01	8.793447E-02	9.923811E-02
9.248972E+03	-1.686337E+01	8.811807E-02	9.923972E-02
9.249172E+03	-1.686349E+01	8.794304E-02	9.924133E-02
9.249372E+03	-1.686385E+01	8.756497E-02	9.924294E-02
9.249572E+03	-1.686397E+01	8.754920E-02	9.924455E-02
9.249772E+03	-1.686369E+01	8.730950E-02	9.924617E-02
9.249972E+03	-1.686305E+01	8.712568E-02	9.924778E-02
9.250172E+03	-1.686233E+01	8.683902E-02	9.924939E-02
9.250372E+03	-1.686213E+01	8.708935E-02	9.925100E-02
9.250572E+03	-1.686241E+01	8.748710E-02	9.925261E-02
9.250772E+03	-1.686280E+01	8.758318E-02	9.925422E-02
9.250972E+03	-1.686300E+01	8.762333E-02	9.925583E-02
9.251172E+03	-1.686320E+01	8.780691E-02	9.925744E-02
9.251372E+03	-1.686359E+01	8.825432E-02	9.925905E-02
9.251572E+03	-1.686399E+01	8.911756E-02	9.926066E-02
9.251772E+03	-1.686451E+01	8.931604E-02	9.926227E-02
9.251972E+03	-1.686487E+01	8.969395E-02	9.926388E-02
9.252172E+03	-1.686470E+01	8.943309E-02	9.926549E-02
9.252371E+03	-1.686450E+01	8.963167E-02	9.926709E-02
9.252572E+03	-1.686450E+01	8.965165E-02	9.926871E-02
9.252772E+03	-1.686434E+01	8.961467E-02	9.927032E-02
9.252971E+03	-1.686402E+01	8.946099E-02	9.927192E-02
9.253173E+03	-1.686378E+01	8.923619E-02	9.927355E-02
9.253372E+03	-1.686354E+01	8.929069E-02	9.927515E-02
9.253572E+03	-1.686334E+01	8.875961E-02	9.927676E-02
9.253772E+03	-1.686314E+01	8.843612E-02	9.927837E-02
9.253972E+03	-1.686305E+01	8.856326E-02	9.927998E-02
9.254172E+03	-1.686293E+01	8.844734E-02	9.928159E-02
9.254372E+03	-1.686257E+01	8.785732E-02	9.928320E-02
9.254572E+03	-1.686221E+01	8.757033E-02	9.928481E-02
9.254772E+03	-1.686201E+01	8.714096E-02	9.928642E-02
9.254972E+03	-1.686213E+01	8.696221E-02	9.928803E-02
9.255172E+03	-1.686237E+01	8.700601E-02	9.928964E-02
9.255372E+03	-1.686237E+01	8.712926E-02	9.929125E-02
9.255572E+03	-1.686225E+01	8.718881E-02	9.929286E-02
9.255772E+03	-1.686244E+01	8.702989E-02	9.929447E-02
9.255972E+03	-1.686256E+01	8.636167E-02	9.929608E-02
9.256172E+03	-1.686212E+01	8.634230E-02	9.929769E-02
9.256372E+03	-1.686141E+01	8.633125E-02	9.929930E-02
9.256572E+03	-1.686101E+01	8.631984E-02	9.930091E-02
9.256772E+03	-1.686081E+01	8.639536E-02	9.930252E-02
9.256972E+03	-1.686045E+01	8.631657E-02	9.930413E-02
9.257172E+03	-1.686013E+01	8.632488E-02	9.930574E-02
9.257372E+03	-1.686001E+01	8.602843E-02	9.930734E-02
9.257572E+03	-1.685989E+01	8.494934E-02	9.930895E-02
9.257772E+03	-1.685957E+01	8.461493E-02	9.931056E-02
9.257972E+03	-1.685933E+01	8.459246E-02	9.931217E-02
9.258173E+03	-1.685929E+01	8.437552E-02	9.931379E-02
9.258373E+03	-1.685917E+01	8.428936E-02	9.931540E-02
9.258573E+03	-1.685886E+01	8.434645E-02	9.931701E-02
9.258773E+03	-1.685838E+01	8.440434E-02	9.931862E-02
9.258973E+03	-1.685787E+01	8.428131E-02	9.932023E-02
9.259173E+03	-1.685775E+01	8.425053E-02	9.932184E-02
9.259373E+03	-1.685783E+01	8.420678E-02	9.932344E-02
9.259573E+03	-1.685747E+01	8.410278E-02	9.932505E-02
9.259773E+03	-1.685692E+01	8.403952E-02	9.932666E-02
9.259973E+03	-1.685672E+01	8.384847E-02	9.932827E-02
9.260173E+03	-1.685688E+01	8.366284E-02	9.932988E-02
9.260373E+03	-1.685703E+01	8.467505E-02	9.933149E-02
9.260573E+03	-1.685695E+01	8.595567E-02	9.933310E-02
9.260773E+03	-1.685675E+01	8.590898E-02	9.933471E-02
9.260973E+03	-1.685663E+01	8.599164E-02	9.933631E-02
9.261173E+03	-1.685663E+01	8.554820E-02	9.933792E-02
9.261373E+03	-1.685671E+01	8.539882E-02	9.933953E-02
9.261573E+03	-1.685655E+01	8.538365E-02	9.934114E-02
9.261773E+03	-1.685584E+01	8.501784E-02	9.934275E-02
9.261973E+03	-1.685533E+01	8.492218E-02	9.934436E-02
9.262173E+03	-1.685549E+01	8.592346E-02	9.934597E-02
9.262373E+03	-1.685603E+01	8.684714E-02	9.934757E-02
9.262573E+03	-1.685693E+01	8.715343E-02	9.934918E-02
9.262773E+03	-1.685772E+01	8.733493E-02	9.935079E-02
9.262974E+03	-1.685807E+01	8.739438E-02	9.935241E-02
9.263174E+03	-1.685815E+01	8.762289E-02	9.935402E-02
9.263374E+03	-1.685819E+01	8.772536E-02	9.935562E-02
9.263574E+03	-1.685822E+01	8.752456E-02	9.935723E-02
9.263774E+03	-1.685850E+01	8.753680E-02	9.935884E-02
9.263974E+03	-1.685897E+01	8.749414E-02	9.936045E-02
9.264174E+03	-1.685917E+01	8.726943E-02	9.936206E-02
9.264374E+03	-1.685916E+01	8.762864E-02	9.936367E-02
9.264574E+03	-1.685924E+01	8.781829E-02	9.936527E-02
9.264774E+03	-1.685936E+01	8.784620E-02	9.936688E-02
9.264974E+03	-1.685916E+01	8.783391E-02	9.936849E-02
9.265174E+03	-1.685876E+01	8.777386E-02	9.937010E-02
9.265373E+03	-1.685825E+01	8.708343E-02	9.937170E-02
9.265574E+03	-1.685805E+01	8.779993E-02	9.937331E-02
9.265773E+03	-1.685817E+01	8.855244E-02	9.937491E-02
9.265974E+03	-1.685832E+01	8.865549E-02	9.937653E-02
9.266174E+03	-1.685848E+01	8.866008E-02	9.937814E-02
9.266373E+03	-1.685883E+01	8.817637E-02	9.937974E-02
9.266573E+03	-1.685923E+01	8.791700E-02	9.938134E-02
9.266773E+03	-1.685934E+01	8.711165E-02	9.938295E-02
9.266973E+03	-1.685950E+01	8.578827E-02	9.938456E-02
9.267173E+03	-1.685977E+01	8.587851E-02	9.938617E-02
9.267373E+03	-1.685985E+01	8.593369E-02	9.938778E-02
9.267573E+03	-1.685953E+01	8.594621E-02	9.938938E-02
9.267773E+03	-1.685918E+01	8.584432E-02	9.939099E-02
9.267974E+03	-1.685894E+01	8.580147E-02	9.939261E-02
9.268174E+03	-1.685874E+01	8.602280E-02	9.939421E-02
9.268374E+03	-1.685854E+01	8.648834E-02	9.939582E-02
9.268574E+03	-1.685850E+01	8.581041E-02	9.939743E-02
9.268774E+03	-1.685846E+01	8.571985E-02	9.939904E-02
9.268974E+03	-1.685861E+01	8.599543E-02	9.940064E-02
9.269174E+03	-1.685869E+01	8.636596E-02	9.940225E-02
9.269374E+03	-1.685857E+01	8.638975E-02	9.940386E-02
9.269574E+03	-1.685861E+01	8.630297E-02	9.940546E-02
9.269774E+03	-1.685861E+01	8.625960E-02	9.940707E-02
9.269974E+03	-1.685845E+01	8.622434E-02	9.940868E-02
9.270174E+03	-1.685809E+01	8.598070E-02	9.941029E-02
9.270374E+03	-1.685754E+01	8.562390E-02	9.941189E-02
9.270574E+03	-1.685711E+01	8.551118E-02	9.941350E-02
9.270774E+03	-1.685703E+01	8.519715E-02	9.941511E-02
9.270974E+03	-1.685691E+01	8.518974E-02	9.941671E-02
9.271174E+03	-1.685679E+01	8.501351E-02	9.941832E-02
9.271374E+03	-1.685659E+01	8.497117E-02	9.941993E-02
9.271574E+03	-1.685620E+01	8.449451E-02	9.942153E-02
9.271774E+03	-1.685576E+01	8.444201E-02	9.942314E-02
9.271974E+03	-1.685545E+01	8.396621E-02	9.942475E-02
9.272174E+03	-1.685513E+01	8.428513E-02	9.942636E-02
9.272374E+03	-1.685447E+01	8.497643E-02	9.942796E-02
9.272574E+03	-1.685408E+01	8.506787E-02	9.942957E-02
9.272775E+03	-1.685442E+01	8.436349E-02	9.943118E-02
9.272975E+03	-1.685493E+01	8.443876E-02	9.943279E-02
9.273175E+03	-1.685548E+01	8.515210E-02	9.943440E-02
9.273375E+03	-1.685595E+01	8.582038E-02	9.943600E-02
9.273575E+03	-1.685610E+01	8.595722E-02	9.943761E-02
9.273775E+03	-1.685614E+01	8.592185E-02	9.943922E-02
9.273975E+03	-1.685637E+01	8.614887E-02	9.944082E-02
9.274175E+03	-1.685665E+01	8.609346E-02	9.944243E-02
9.274375E+03	-1.685704E+01	8.630100E-02	9.944404E-02
9.274575E+03	-1.685751E+01	8.646952E-02	9.944564E-02
9.274775E+03	-1.685806E+01	8.626818E-02	9.944725E-02
9.274975E+03	-1.685841E+01	8.634258E-02	9.944885E-02
9.275175E+03	-1.685860E+01	8.684312E-02	9.945046E-02
9.275375E+03	-1.685904E+01	8.679969E-02	9.945207E-02
9.275575E+03	-1.685959E+01	8.721854E-02	9.945367E-02
9.275775E+03	-1.686018E+01	8.749605E-02	9.945528E-02
9.275975E+03	-1.686109E+01	8.781069E-02	9.945689E-02
9.276175E+03	-1.686192E+01	8.788404E-02	9.945849E-02
9.276375E+03	-1.686216E+01	8.770172E-02	9.946010E-02
9.276575E+03	-1.686184E+01	8.735946E-02	9.946170E-02
9.276775E+03	-1.686164E+01	8.695023E-02	9.946331E-02
9.276975E+03	-1.686191E+01	8.699399E-02	9.946492E-02
9.277175E+03	-1.686239E+01	8.688276E-02	9.946652E-02
9.277375E+03	-1.686275E+01	8.627766E-02	9.946813E-02
9.277575E+03	-1.686286E+01	8.634122E-02	9.946973E-02
9.277776E+03	-1.686298E+01	8.567189E-02	9.947135E-02
9.277976E+03	-1.686338E+01	8.556714E-02	9.947295E-02
9.278175E+03	-1.686362E+01	8.559036E-02	9.947455E-02
9.278376E+03	-1.686382E+01	8.564565E-02	9.947616E-02
9.278576E+03	-1.686425E+01	8.574030E-02	9.947777E-02
9.278775E+03	-1.686465E+01	8.574727E-02	9.947937E-02
9.278976E+03	-1.686493E+01	8.565852E-02	9.948098E-02
9.279175E+03	-1.686501E+01	8.570233E-02	9.948258E-02
9.279375E+03	-1.686501E+01	8.557826E-02	9.948418E-02
9.279575E+03	-1.686500E+01	8.575835E-02	9.948579E-02
9.279775E+03	-1.686504E+01	8.570622E-02	9.948739E-02
9.279975E+03	-1.686508E+01	8.518976E-02	9.948900E-02
9.280175E+03	-1.686520E+01	8.443258E-02	9.949061E-02
9.280375E+03	-1.686544E+01	8.403464E-02	9.949221E-02
9.280575E+03	-1.686568E+01	8.408118E-02	9.949382E-02
9.280775E+03	-1.686580E+01	8.333065E-02	9.949542E-02
9.280975E+03	-1.686612E+01	8.349255E-02	9.949703E-02
9.281175E+03	-1.686668E+01	8.268469E-02	9.949863E-02
9.281375E+03	-1.686704E+01	8.256058E-02	9.950024E-02
9.281575E+03	-1.686724E+01	8.251434E-02	9.950184E-02
9.281775E+03	-1.686743E+01	8.254050E-02	9.950345E-02
9.281975E+03	-1.686780E+01	8.254898E-02	9.950505E-02
9.282175E+03	-1.686856E+01	8.271085E-02	9.950666E-02
9.282375E+03	-1.686924E+01	8.286594E-02	9.950826E-02
9.282576E+03	-1.686957E+01	8.296003E-02	9.950988E-02
9.282776E+03	-1.686969E+01	8.328664E-02	9.951148E-02
9.282976E+03	-1.686989E+01	8.336187E-02	9.951309E-02
9.283176E+03	-1.686985E+01	8.303843E-02	9.951469E-02
9.283376E+03	-1.686984E+01	8.328531E-02	9.951629E-02
9.283576E+03	-1.687004E+01	8.380596E-02	9.951790E-02
9.283776E+03	-1.687008E+01	8.438878E-02	9.951950E-02
9.283976E+03	-1.687004E+01	8.499231E-02	9.952111E-02
9.284176E+03	-1.686996E+01	8.578611E-02	9.952271E-02
9.284376E+03	-1.686975E+01	8.662825E-02	9.952432E-02
9.284576E+03	-1.686955E+01	8.746152E-02	9.952592E-02
9.284776E+03	-1.686959E+01	8.844043E-02	9.952753E-02
9.284976E+03	-1.686999E+01	8.847834E-02	9.952913E-02
9.285176E+03	-1.687040E+01	8.856090E-02	9.953074E-02
9.285376E+03	-1.687056E+01	9.078307E-02	9.953234E-02
9.285576E+03	-1.687047E+01	9.094041E-02	9.953395E-02
9.285776E+03	-1.687043E+01	9.113051E-02	9.953555E-02
9.285976E+03	-1.687067E+01	9.104369E-02	9.953715E-02
9.286176E+03	-1.687100E+01	9.106711E-02	9.953876E-02
9.286376E+03	-1.687132E+01	9.136266E-02	9.954036E-02
9.286576E+03	-1.687152E+01	9.158011E-02	9.954197E-02
9.286776E+03	-1.687168E+01	9.176478E-02	9.954357E-02
9.286976E+03	-1.687188E+01	9.184027E-02	9.954518E-02
9.287176E+03	-1.687180E+01	9.183527E-02	9.954678E-02
9.287376E+03	-1.687131E+01	9.149668E-02	9.954838E-02
9.287577E+03	-1.687099E+01	9.092914E-02	9.955000E-02
9.287777E+03	-1.687106E+01	9.082843E-02	9.955160E-02
9.287977E+03	-1.687127E+01	9.074095E-02	9.955320E-02
9.288177E+03	-1.687155E+01	9.079632E-02	9.955481E-02
9.288377E+03	-1.687204E+01	9.087803E-02	9.955641E-02
9.288577E+03	-1.687244E+01	9.142335E-02	9.955802E-02
9.288777E+03	-1.687248E+01	9.194094E-02	9.955962E-02
9.288977E+03	-1.687244E+01	9.328821E-02	9.956122E-02
9.289177E+03	-1.687256E+01	9.468703E-02	9.956283E-02
9.289377E+03	-1.687284E+01	9.589040E-02	9.956443E-02
9.289577E+03	-1.687313E+01	9.721361E-02	9.956604E-02
9.289777E+03	-1.687333E+01	9.852413E-02	9.956764E-02
9.289977E+03	-1.687369E+01	9.988569E-02	9.956924E-02
9.290177E+03	-1.687402E+01	1.011624E-01	9.957085E-02
9.290377E+03	-1.687406E+01	1.022918E-01	9.957245E-02
9.290577E+03	-1.687426E+01	1.033908E-01	9.957405E-02
9.290777E+03	-1.687455E+01	1.047601E-01	9.957566E-02
9.290977E+03	-1.687475E+01	1.060826E-01	9.957726E-02
9.291176E+03	-1.687507E+01	1.074859E-01	9.957886E-02
9.291377E+03	-1.687520E+01	1.088236E-01	9.958047E-02
9.291576E+03	-1.687507E+01	1.087600E-01	9.958206E-02
9.291776E+03	-1.687491E+01	1.088091E-01	9.958367E-02
9.291977E+03	-1.687490E+01	1.098534E-01	9.958528E-02
9.292176E+03	-1.687490E+01	1.113522E-01	9.958687E-02
9.292377E+03	-1.687502E+01	1.117319E-01	9.958848E-02
9.292577E+03	-1.687543E+01	1.122679E-01	9.959009E-02
9.292777E+03	-1.687576E+01	1.126687E-01	9.959169E-02
9.292977E+03	-1.687617E+01	1.131080E-01	9.959329E-02
9.293177E+03	-1.687670E+01	1.143575E-01	9.959490E-02
9.293377E+03	-1.687715E+01	1.148802E-01	9.959650E-02
9.293577E+03	-1.687764E+01	1.144587E-01	9.959810E-02
9.293777E+03	-1.687843E+01	1.142898E-01	9.959971E-02
9.293977E+03	-1.687925E+01	1.145282E-01	9.960131E-02
9.294177E+03	-1.687983E+01	1.145941E-01	9.960291E-02
9.294377E+03	-1.688003E+01	1.149223E-01	9.960452E-02
9.294577E+03	-1.688012E+01	1.149484E-01	9.960612E-02
9.294777E+03	-1.688040E+01	1.153695E-01	9.960772E-02
9.294977E+03	-1.688065E+01	1.151285E-01	9.960932E-02
9.295177E+03	-1.688048E+01	1.147195E-01	9.961093E-02
9.295377E+03	-1.688015E+01	1.154816E-01	9.961253E-02
9.295577E+03	-1.687990E+01	1.169691E-01	9.961413E-02
9.295777E+03	-1.687982E+01	1.171870E-01	9.961573E-02
9.295977E+03	-1.687981E+01	1.171497E-01	9.961734E-02
9.296177E+03	-1.687969E+01	1.170583E-01	9.961894E-02
9.296377E+03	-1.687952E+01	1.172827E-01	9.962054E-02
9.296577E+03	-1.687969E+01	1.191246E-01	9.962215E-02
9.296777E+03	-1.688010E+01	1.192756E-01	9.962375E-02
9.296977E+03	-1.688043E+01	1.192630E-01	9.962535E-02
9.297177E+03	-1.688080E+01	1.191663E-01	9.962695E-02
9.297378E+03	-1.688109E+01	1.192627E-01	9.962856E-02
9.297578E+03	-1.688109E+01	1.193001E-01	9.963017E-02
9.297778E+03	-1.688088E+01	1.193677E-01	9.963177E-02
9.297978E+03	-1.688063E+01	1.193117E-01	9.963337E-02
9.298178E+03	-1.688025E+01	1.192838E-01	9.963497E-02
9.298378E+03	-1.687996E+01	1.189182E-01	9.963657E-02
9.298578E+03	-1.687979E+01	1.188604E-01	9.963818E-02
9.298778E+03	-1.687967E+01	1.191204E-01	9.963978E-02
9.298978E+03	-1.687954E+01	1.190574E-01	9.964138E-02
9.299178E+03	-1.687958E+01	1.184726E-01	9.964298E-02
9.299378E+03	-1.687970E+01	1.179225E-01	9.964459E-02
9.299578E+03	-1.687995E+01	1.178657E-01	9.964619E-02
9.299778E+03	-1.687999E+01	1.179930E-01	9.964779E-02
9.299978E+03	-1.687982E+01	1.185859E-01	9.964939E-02
9.300178E+03	-1.687990E+01	1.186458E-01	9.965099E-02
9.300378E+03	-1.688032E+01	1.187508E-01	9.965260E-02
9.300578E+03	-1.688081E+01	1.188705E-01	9.965420E-02
9.300778E+03	-1.688123E+01	1.190507E-01	9.965580E-02
9.300978E+03	-1.688160E+01	1.190535E-01	9.965740E-02
9.301178E+03	-1.688218E+01	1.188260E-01	9.965900E-02
9.301378E+03	-1.688264E+01	1.189932E-01	9.966060E-02
9.301578E+03	-1.688272E+01	1.201587E-01	9.966221E-02
9.301778E+03	-1.688280E+01	1.202026E-01	9.966381E-02
9.301978E+03	-1.688293E+01	1.201997E-01	9.966541E-02
9.302179E+03	-1.688292E+01	1.201121E-01	9.966702E-02
9.302379E+03	-1.688292E+01	1.202289E-01	9.966862E-02
9.302579E+03	-1.688284E+01	1.207940E-01	9.967022E-02
9.302779E+03	-1.688259E+01	1.215749E-01	9.967182E-02
9.302979E+03	-1.688246E+01	1.221151E-01	9.967342E-02
9.303179E+03	-1.688279E+01	1.222089E-01	9.967503E-02
9.303379E+03	-1.688329E+01	1.223332E-01	9.967663E-02
9.303579E+03	-1.688371E+01	1.222629E-01	9.967823E-02
9.303779E+03	-1.688396E+01	1.225217E-01	9.967983E-02
9.303978E+03	-1.688395E+01	1.233540E-01	9.968142E-02
9.304178E+03	-1.688395E+01	1.249391E-01	9.968302E-02
9.304379E+03	-1.688429E+01	1.263372E-01	9.968463E-02
9.304578E+03	-1.688479E+01	1.266888E-01	9.968623E-02
9.304779E+03	-1.688567E+01	1.271224E-01	9.968784E-02
9.304978E+03	-1.688672E+01	1.280954E-01	9.968943E-02
9.305178E+03	-1.688730E+01	1.286404E-01	9.969103E-02
9.305378E+03	-1.688764E+01	1.287614E-01	9.969263E-02
9.305578E+03	-1.688793E+01	1.302672E-01	9.969423E-02
9.305778E+03	-1.688814E+01	1.329362E-01	9.969583E-02
9.305978E+03	-1.688814E+01	1.342791E-01	9.969743E-02
9.306178E+03	-1.688780E+01	1.346600E-01	9.969903E-02
9.306378E+03	-1.688763E+01	1.346203E-01	9.970064E-02
9.307979E+03	-1.688791E+01	1.346275E-01	9.971345E-02
9.308179E+03	-1.688838E+01	1.348138E-01	9.971505E-02
9.308379E+03	-1.688846E+01	1.350260E-01	9.971665E-02
9.308579E+03	-1.688829E+01	1.354382E-01	9.971825E-02
9.308779E+03	-1.688820E+01	1.357667E-01	9.971985E-02
9.308979E+03	-1.688778E+01	1.357993E-01	9.972145E-02
9.309179E+03	-1.688731E+01	1.357133E-01	9.972305E-02
9.309779E+03	-1.688760E+01	1.357845E-01	9.972785E-02
9.309979E+03	-1.688811E+01	1.352968E-01	9.972945E-02
9.310179E+03	-1.688819E+01	1.344361E-01	9.973105E-02
9.310579E+03	-1.688819E+01	1.344446E-01	9.973425E-02
9.310779E+03	-1.688819E+01	1.343221E-01	9.973585E-02
9.311379E+03	-1.688789E+01	1.344798E-01	9.974065E-02
9.311579E+03	-1.688776E+01	1.347908E-01	9.974225E-02
9.311779E+03	-1.688809E+01	1.353391E-01	9.974385E-02
9.311980E+03	-1.688890E+01	1.357503E-01	9.974546E-02
9.312180E+03	-1.688978E+01	1.361685E-01	9.974706E-02
9.312380E+03	-1.689029E+01	1.356067E-01	9.974866E-02
9.312580E+03	-1.689054E+01	1.350832E-01	9.975026E-02
9.312980E+03	-1.689075E+01	1.350813E-01	9.975346E-02
9.313180E+03	-1.689092E+01	1.356400E-01	9.975506E-02
9.314580E+03	-1.689091E+01	1.361076E-01	9.976626E-02
9.314780E+03	-1.689082E+01	1.359364E-01	9.976786E-02
9.314980E+03	-1.689074E+01	1.356336E-01	9.976946E-02
9.315580E+03	-1.689094E+01	1.358616E-01	9.977425E-02
9.315780E+03	-1.689141E+01	1.360080E-01	9.977585E-02
9.315980E+03	-1.689171E+01	1.362760E-01	9.977745E-02
9.316180E+03	-1.689200E+01	1.363909E-01	9.977905E-02
9.316380E+03	-1.689273E+01	1.365334E-01	9.978065E-02
9.316580E+03	-1.689324E+01	1.369382E-01	9.978225E-02
9.316781E+03	-1.689337E+01	1.375686E-01	9.978386E-02
9.316980E+03	-1.689375E+01	1.391112E-01	9.978545E-02
9.317181E+03	-1.689439E+01	1.392656E-01	9.978706E-02
9.317380E+03	-1.689469E+01	1.401552E-01	9.978865E-02
9.317581E+03	-1.689494E+01	1.398564E-01	9.979025E-02
9.317781E+03	-1.689507E+01	1.398592E-01	9.979185E-02
9.317980E+03	-1.689520E+01	1.411328E-01	9.979344E-02
9.318181E+03	-1.689520E+01	1.411371E-01	9.979505E-02
9.318380E+03	-1.689485E+01	1.413216E-01	9.979664E-02
9.318580E+03	-1.689472E+01	1.417986E-01	9.979824E-02
9.318780E+03	-1.689511E+01	1.444873E-01	9.979984E-02
9.318980E+03	-1.689510E+01	1.474189E-01	9.980144E-02
9.319180E+03	-1.689472E+01	1.478154E-01	9.980304E-02
9.319380E+03	-1.689459E+01	1.477973E-01	9.980463E-02
9.319580E+03	-1.689467E+01	1.484869E-01	9.980623E-02
9.319780E+03	-1.689493E+01	1.486821E-01	9.980783E-02
9.319980E+03	-1.689505E+01	1.487434E-01	9.980943E-02
9.320180E+03	-1.689514E+01	1.485753E-01	9.981103E-02
9.320380E+03	-1.689552E+01	1.485014E-01	9.981263E-02
9.320580E+03	-1.689608E+01	1.491788E-01	9.981423E-02
9.320780E+03	-1.689655E+01	1.498195E-01	9.981582E-02
9.320980E+03	-1.689633E+01	1.495602E-01	9.981742E-02
9.321180E+03	-1.689612E+01	1.491935E-01	9.981902E-02
9.321380E+03	-1.689616E+01	1.491180E-01	9.982062E-02
9.321580E+03	-1.689616E+01	1.491395E-01	9.982222E-02
9.321781E+03	-1.689603E+01	1.493059E-01	9.982382E-02
9.321981E+03	-1.689585E+01	1.494790E-01	9.982542E-02
9.322181E+03	-1.689581E+01	1.494384E-01	9.982702E-02
9.322381E+03	-1.689585E+01	1.498187E-01	9.982862E-02
9.322581E+03	-1.689611E+01	1.506478E-01	9.983022E-02
9.322781E+03	-1.689628E+01	1.508926E-01	9.983181E-02
9.322981E+03	-1.689623E+01	1.509551E-01	9.983341E-02
9.323181E+03	-1.689606E+01	1.512395E-01	9.983501E-02
9.323381E+03	-1.689601E+01	1.517063E-01	9.983661E-02
9.323981E+03	-1.689601E+01	1.521235E-01	9.984140E-02
9.325981E+03	-1.689586E+01	1.522503E-01	9.985738E-02
9.326181E+03	-1.689573E+01	1.521707E-01	9.985897E-02
9.326381E+03	-1.689612E+01	1.520052E-01	9.986057E-02
9.326582E+03	-1.689672E+01	1.515054E-01	9.986218E-02
9.326782E+03	-1.689711E+01	1.512483E-01	9.986378E-02
9.326982E+03	-1.689702E+01	1.512269E-01	9.986537E-02
9.327182E+03	-1.689654E+01	1.512213E-01	9.986697E-02
9.327382E+03	-1.689603E+01	1.506027E-01	9.986857E-02
9.327582E+03	-1.689577E+01	1.500016E-01	9.987016E-02
9.327782E+03	-1.689581E+01	1.499864E-01	9.987176E-02
9.327982E+03	-1.689641E+01	1.502204E-01	9.987336E-02
9.328182E+03	-1.689701E+01	1.505845E-01	9.987496E-02
9.328382E+03	-1.689744E+01	1.515456E-01	9.987655E-02
9.328582E+03	-1.689770E+01	1.524738E-01	9.987815E-02
9.328782E+03	-1.689769E+01	1.525300E-01	9.987975E-02
9.328982E+03	-1.689808E+01	1.529519E-01	9.988134E-02
9.329182E+03	-1.689847E+01	1.538678E-01	9.988294E-02
9.329382E+03	-1.689847E+01	1.538721E-01	9.988454E-02
9.329582E+03	-1.689808E+01	1.536738E-01	9.988613E-02
9.329782E+03	-1.689743E+01	1.532116E-01	9.988773E-02
9.329981E+03	-1.689734E+01	1.532890E-01	9.988932E-02
9.330182E+03	-1.689760E+01	1.540238E-01	9.989093E-02
9.330381E+03	-1.689803E+01	1.543846E-01	9.989251E-02
9.330582E+03	-1.689846E+01	1.548586E-01	9.989412E-02
9.330781E+03	-1.689859E+01	1.558180E-01	9.989571E-02
9.330981E+03	-1.689850E+01	1.558389E-01	9.989730E-02
9.331181E+03	-1.689832E+01	1.553010E-01	9.989890E-02
9.331381E+03	-1.689785E+01	1.547768E-01	9.990050E-02
9.331582E+03	-1.689724E+01	1.547341E-01	9.990210E-02
9.331782E+03	-1.689664E+01	1.542521E-01	9.990370E-02
9.331982E+03	-1.689629E+01	1.540824E-01	9.990529E-02
9.332182E+03	-1.689616E+01	1.541485E-01	9.990689E-02
9.332382E+03	-1.689599E+01	1.541261E-01	9.990849E-02
9.332582E+03	-1.689585E+01	1.540416E-01	9.991008E-02
9.332782E+03	-1.689577E+01	1.542777E-01	9.991168E-02
9.332982E+03	-1.689585E+01	1.545104E-01	9.991328E-02
9.333182E+03	-1.689632E+01	1.546531E-01	9.991487E-02
9.333382E+03	-1.689662E+01	1.548811E-01	9.991647E-02
9.333582E+03	-1.689654E+01	1.549581E-01	9.991806E-02
9.333782E+03	-1.689662E+01	1.549285E-01	9.991966E-02
9.333982E+03	-1.689658E+01	1.550036E-01	9.992126E-02
9.334182E+03	-1.689683E+01	1.558503E-01	9.992285E-02
9.334382E+03	-1.689726E+01	1.564884E-01	9.992445E-02
9.334582E+03	-1.689722E+01	1.566498E-01	9.992605E-02
9.334782E+03	-1.689709E+01	1.575735E-01	9.992764E-02
9.334982E+03	-1.689687E+01	1.576290E-01	9.992924E-02
9.335182E+03	-1.689682E+01	1.575918E-01	9.993083E-02
9.335382E+03	-1.689734E+01	1.577970E-01	9.993243E-02
9.335582E+03	-1.689794E+01	1.579995E-01	9.993403E-02
9.335782E+03	-1.689850E+01	1.582172E-01	9.993562E-02
9.335982E+03	-1.689907E+01	1.584224E-01	9.993722E-02
9.336182E+03	-1.689937E+01	1.586242E-01	9.993881E-02
9.336383E+03	-1.689954E+01	1.587092E-01	9.994042E-02
9.336583E+03	-1.689980E+01	1.588521E-01	9.994201E-02
9.336783E+03	-1.689993E+01	1.588998E-01	9.994361E-02
9.336983E+03	-1.689992E+01	1.589171E-01	9.994520E-02
9.337183E+03	-1.689988E+01	1.593267E-01	9.994680E-02
9.337383E+03	-1.689988E+01	1.597825E-01	9.994839E-02
9.337583E+03	-1.690029E+01	1.597578E-01	9.994999E-02
9.337783E+03	-1.690122E+01	1.600135E-01	9.995159E-02
9.337983E+03	-1.690215E+01	1.603631E-01	9.995318E-02
9.338383E+03	-1.690260E+01	1.613407E-01	9.995637E-02
9.338583E+03	-1.690204E+01	1.607711E-01	9.995797E-02
9.338783E+03	-1.690091E+01	1.600694E-01	9.995956E-02
9.338983E+03	-1.689995E+01	1.592109E-01	9.996116E-02
9.339183E+03	-1.690052E+01	1.589703E-01	9.996275E-02
9.339783E+03	-1.690085E+01	1.591903E-01	9.996754E-02
9.339983E+03	-1.690023E+01	1.590364E-01	9.996913E-02
9.340183E+03	-1.689933E+01	1.571933E-01	9.997073E-02
9.340383E+03	-1.689907E+01	1.566225E-01	9.997232E-02
9.340583E+03	-1.689946E+01	1.568457E-01	9.997392E-02
9.340783E+03	-1.689972E+01	1.574128E-01	9.997551E-02
9.340983E+03	-1.689963E+01	1.577501E-01	9.997711E-02
9.341183E+03	-1.689941E+01	1.574979E-01	9.997870E-02
9.341384E+03	-1.689950E+01	1.579284E-01	9.998031E-02
9.341584E+03	-1.689967E+01	1.597620E-01	9.998190E-02
9.341784E+03	-1.689941E+01	1.611278E-01	9.998350E-02
9.341984E+03	-1.689867E+01	1.609544E-01	9.998509E-02
9.342184E+03	-1.689811E+01	1.607633E-01	9.998668E-02
9.342384E+03	-1.689802E+01	1.608005E-01	9.998828E-02
9.342584E+03	-1.689810E+01	1.608714E-01	9.998987E-02
9.342784E+03	-1.689810E+01	1.608930E-01	9.999147E-02
9.342984E+03	-1.689806E+01	1.611667E-01	9.999306E-02
9.343183E+03	-1.689797E+01	1.611389E-01	9.999465E-02
9.343383E+03	-1.689788E+01	1.610291E-01	9.999624E-02
9.343584E+03	-1.689784E+01	1.606976E-01	9.999785E-02
9.344183E+03	-1.689783E+01	1.599630E-01	1.000026E-01
9.344383E+03	-1.689783E+01	1.593364E-01	1.000042E-01
9.344583E+03	-1.689757E+01	1.593190E-01	1.000058E-01
9.344783E+03	-1.689752E+01	1.597566E-01	1.000074E-01
9.344983E+03	-1.689782E+01	1.594833E-01	1.000090E-01
9.345183E+03	-1.689782E+01	1.586018E-01	1.000106E-01
9.345383E+03	-1.689752E+01	1.575888E-01	1.000122E-01
9.345583E+03	-1.689752E+01	1.567381E-01	1.000138E-01
9.345783E+03	-1.689782E+01	1.564973E-01	1.000154E-01
9.345983E+03	-1.689812E+01	1.563901E-01	1.000170E-01
9.346184E+03	-1.689890E+01	1.557568E-01	1.000186E-01
9.346384E+03	-1.689998E+01	1.551213E-01	1.000202E-01
9.346584E+03	-1.690004E+01	1.542787E-01	1.000218E-01
9.346784E+03	-1.689946E+01	1.540071E-01	1.000234E-01
9.346984E+03	-1.689928E+01	1.545656E-01	1.000249E-01
9.347184E+03	-1.689945E+01	1.540245E-01	1.000265E-01
9.347384E+03	-1.689945E+01	1.527448E-01	1.000281E-01
9.347584E+03	-1.689919E+01	1.522632E-01	1.000297E-01
9.347784E+03	-1.689919E+01	1.519987E-01	1.000313E-01
9.347984E+03	-1.689979E+01	1.519293E-01	1.000329E-01
9.348184E+03	-1.690017E+01	1.518399E-01	1.000345E-01
9.348384E+03	-1.689992E+01	1.508675E-01	1.000361E-01
9.348584E+03	-1.689970E+01	1.504102E-01	1.000377E-01
9.348784E+03	-1.689974E+01	1.504512E-01	1.000393E-01
9.348984E+03	-1.689979E+01	1.504316E-01	1.000409E-01
9.349184E+03	-1.689952E+01	1.504368E-01	1.000425E-01
9.349384E+03	-1.689887E+01	1.507879E-01	1.000441E-01
9.349584E+03	-1.689839E+01	1.509905E-01	1.000457E-01
9.349784E+03	-1.689848E+01	1.516395E-01	1.000473E-01
9.349984E+03	-1.689878E+01	1.520009E-01	1.000489E-01
9.350184E+03	-1.689882E+01	1.526615E-01	1.000504E-01
9.350384E+03	-1.689856E+01	1.530983E-01	1.000520E-01
9.350584E+03	-1.689843E+01	1.527063E-01	1.000536E-01
9.350784E+03	-1.689860E+01	1.519922E-01	1.000552E-01
9.350984E+03	-1.689912E+01	1.524951E-01	1.000568E-01
9.351185E+03	-1.689929E+01	1.532194E-01	1.000584E-01
9.351385E+03	-1.689894E+01	1.539681E-01	1.000600E-01
9.351585E+03	-1.689864E+01	1.548435E-01	1.000616E-01
9.351785E+03	-1.689851E+01	1.545678E-01	1.000632E-01
9.351985E+03	-1.689820E+01	1.551132E-01	1.000648E-01
9.352185E+03	-1.689764E+01	1.548867E-01	1.000664E-01
9.352385E+03	-1.689720E+01	1.549831E-01	1.000680E-01
9.352585E+03	-1.689720E+01	1.549960E-01	1.000696E-01
9.352785E+03	-1.689737E+01	1.550404E-01	1.000712E-01
9.352985E+03	-1.689742E+01	1.550472E-01	1.000728E-01
9.353185E+03	-1.689728E+01	1.550096E-01	1.000744E-01
9.353385E+03	-1.689681E+01	1.548532E-01	1.000759E-01
9.353585E+03	-1.689582E+01	1.547801E-01	1.000775E-01
9.353785E+03	-1.689543E+01	1.546809E-01	1.000791E-01
9.353985E+03	-1.689560E+01	1.544282E-01	1.000807E-01
9.354185E+03	-1.689598E+01	1.545660E-01	1.000823E-01
9.354385E+03	-1.689611E+01	1.545818E-01	1.000839E-01
9.354585E+03	-1.689641E+01	1.546116E-01	1.000855E-01
9.354785E+03	-1.689714E+01	1.552568E-01	1.000871E-01
9.354985E+03	-1.689744E+01	1.565740E-01	1.000887E-01
9.355185E+03	-1.689727E+01	1.577118E-01	1.000903E-01
9.355385E+03	-1.689696E+01	1.595562E-01	1.000919E-01
9.355585E+03	-1.689679E+01	1.614979E-01	1.000935E-01
9.355785E+03	-1.689649E+01	1.614202E-01	1.000951E-01
9.355986E+03	-1.689571E+01	1.616443E-01	1.000967E-01
9.356185E+03	-1.689494E+01	1.618976E-01	1.000982E-01
9.356386E+03	-1.689416E+01	1.616314E-01	1.000998E-01
9.356585E+03	-1.689339E+01	1.614090E-01	1.001014E-01
9.356785E+03	-1.689258E+01	1.602875E-01	1.001030E-01
9.356986E+03	-1.689176E+01	1.599588E-01	1.001046E-01
9.357185E+03	-1.689095E+01	1.597717E-01	1.001062E-01
9.357385E+03	-1.689036E+01	1.598843E-01	1.001078E-01
9.357585E+03	-1.689006E+01	1.597239E-01	1.001094E-01
9.357785E+03	-1.688976E+01	1.591819E-01	1.001110E-01
9.357985E+03	-1.688946E+01	1.586152E-01	1.001126E-01
9.358185E+03	-1.688937E+01	1.582663E-01	1.001142E-01
9.358385E+03	-1.688941E+01	1.580910E-01	1.001158E-01
9.358585E+03	-1.688941E+01	1.580995E-01	1.001173E-01
9.358785E+03	-1.688945E+01	1.581488E-01	1.001189E-01
9.358985E+03	-1.688975E+01	1.581424E-01	1.001205E-01
9.359185E+03	-1.689038E+01	1.577117E-01	1.001221E-01
9.359385E+03	-1.689081E+01	1.564753E-01	1.001237E-01
9.359585E+03	-1.689085E+01	1.553124E-01	1.001253E-01
9.359785E+03	-1.689106E+01	1.551033E-01	1.001269E-01
9.359985E+03	-1.689114E+01	1.548996E-01	1.001285E-01
9.360185E+03	-1.689076E+01	1.541592E-01	1.001301E-01
9.360385E+03	-1.689059E+01	1.538778E-01	1.001317E-01
9.360585E+03	-1.689084E+01	1.542873E-01	1.001333E-01
9.360785E+03	-1.689092E+01	1.536070E-01	1.001349E-01
9.360986E+03	-1.689071E+01	1.518351E-01	1.001365E-01
9.361186E+03	-1.689058E+01	1.512931E-01	1.001380E-01
9.361386E+03	-1.689032E+01	1.516207E-01	1.001396E-01
9.361586E+03	-1.689007E+01	1.528056E-01	1.001412E-01
9.361786E+03	-1.689007E+01	1.530136E-01	1.001428E-01
9.361986E+03	-1.689023E+01	1.530395E-01	1.001444E-01
9.362186E+03	-1.689036E+01	1.529060E-01	1.001460E-01
9.362386E+03	-1.689023E+01	1.524278E-01	1.001476E-01
9.362586E+03	-1.688989E+01	1.520031E-01	1.001492E-01
9.362786E+03	-1.688972E+01	1.519055E-01	1.001508E-01
9.362986E+03	-1.688959E+01	1.517465E-01	1.001524E-01
9.363186E+03	-1.688959E+01	1.517040E-01	1.001540E-01
9.363386E+03	-1.688954E+01	1.516765E-01	1.001555E-01
9.363586E+03	-1.688942E+01	1.516787E-01	1.001571E-01
9.363786E+03	-1.688924E+01	1.517509E-01	1.001587E-01
9.363986E+03	-1.688907E+01	1.517002E-01	1.001603E-01
9.364186E+03	-1.688886E+01	1.514314E-01	1.001619E-01
9.364386E+03	-1.688852E+01	1.510341E-01	1.001635E-01
9.364586E+03	-1.688814E+01	1.507158E-01	1.001651E-01
9.364786E+03	-1.688788E+01	1.505982E-01	1.001667E-01
9.364986E+03	-1.688754E+01	1.502320E-01	1.001683E-01
9.365186E+03	-1.688733E+01	1.501253E-01	1.001699E-01
9.365386E+03	-1.688750E+01	1.501710E-01	1.001715E-01
9.365586E+03	-1.688758E+01	1.504071E-01	1.001730E-01
9.365787E+03	-1.688737E+01	1.500259E-01	1.001746E-01
9.365987E+03	-1.688724E+01	1.495772E-01	1.001762E-01
9.366187E+03	-1.688711E+01	1.495294E-01	1.001778E-01
9.366387E+03	-1.688694E+01	1.494123E-01	1.001794E-01
9.366587E+03	-1.688686E+01	1.494423E-01	1.001810E-01
9.366787E+03	-1.688702E+01	1.500359E-01	1.001826E-01
9.366987E+03	-1.688723E+01	1.501932E-01	1.001842E-01
9.367187E+03	-1.688685E+01	1.501041E-01	1.001858E-01
9.367387E+03	-1.688668E+01	1.498984E-01	1.001874E-01
9.367587E+03	-1.688676E+01	1.495903E-01	1.001890E-01
9.367787E+03	-1.688672E+01	1.492134E-01	1.001906E-01
9.367987E+03	-1.688663E+01	1.480722E-01	1.001921E-01
9.368187E+03	-1.688634E+01	1.478496E-01	1.001937E-01
9.368387E+03	-1.688596E+01	1.470224E-01	1.001953E-01
9.368587E+03	-1.688553E+01	1.466196E-01	1.001969E-01
9.368787E+03	-1.688482E+01	1.459130E-01	1.001985E-01
9.368987E+03	-1.688410E+01	1.447062E-01	1.002001E-01
9.369186E+03	-1.688348E+01	1.444971E-01	1.002017E-01
9.369387E+03	-1.688310E+01	1.441087E-01	1.002033E-01
9.369586E+03	-1.688276E+01	1.435594E-01	1.002049E-01
9.369787E+03	-1.688234E+01	1.409142E-01	1.002065E-01
9.369987E+03	-1.688172E+01	1.377245E-01	1.002080E-01
9.370186E+03	-1.688113E+01	1.369532E-01	1.002096E-01
9.370386E+03	-1.688067E+01	1.367009E-01	1.002112E-01
9.370586E+03	-1.688055E+01	1.359970E-01	1.002128E-01
9.370787E+03	-1.688050E+01	1.359009E-01	1.002144E-01
9.370987E+03	-1.688013E+01	1.360662E-01	1.002160E-01
9.371187E+03	-1.687996E+01	1.362217E-01	1.002176E-01
9.371387E+03	-1.688004E+01	1.361108E-01	1.002192E-01
9.371587E+03	-1.688004E+01	1.356252E-01	1.002208E-01
9.371787E+03	-1.688008E+01	1.351194E-01	1.002224E-01
9.371987E+03	-1.687991E+01	1.350263E-01	1.002239E-01
9.372187E+03	-1.687958E+01	1.351014E-01	1.002255E-01
9.372387E+03	-1.687966E+01	1.353470E-01	1.002271E-01
9.372587E+03	-1.687982E+01	1.355231E-01	1.002287E-01
9.372787E+03	-1.687957E+01	1.354248E-01	1.002303E-01
9.372987E+03	-1.687887E+01	1.350481E-01	1.002319E-01
9.373187E+03	-1.687821E+01	1.350202E-01	1.002335E-01
9.373387E+03	-1.687758E+01	1.347576E-01	1.002351E-01
9.373587E+03	-1.687680E+01	1.338762E-01	1.002367E-01
9.373787E+03	-1.687618E+01	1.335914E-01	1.002382E-01
9.373987E+03	-1.687663E+01	1.338831E-01	1.002398E-01
9.374187E+03	-1.687622E+01	1.336205E-01	1.002414E-01
9.374387E+03	-1.687601E+01	1.330474E-01	1.002430E-01
9.374587E+03	-1.687642E+01	1.329512E-01	1.002446E-01
9.375387E+03	-1.687691E+01	1.330779E-01	1.002510E-01
9.375588E+03	-1.687691E+01	1.332015E-01	1.002526E-01
9.378188E+03	-1.687684E+01	1.332919E-01	1.002732E-01
9.378388E+03	-1.687688E+01	1.333663E-01	1.002748E-01
9.378588E+03	-1.687688E+01	1.334240E-01	1.002764E-01
9.378788E+03	-1.687676E+01	1.333902E-01	1.002780E-01
9.378988E+03	-1.687676E+01	1.331965E-01	1.002796E-01
9.379188E+03	-1.687688E+01	1.330532E-01	1.002812E-01
9.379388E+03	-1.687684E+01	1.329787E-01	1.002827E-01
9.379588E+03	-1.687663E+01	1.328992E-01	1.002843E-01
9.379788E+03	-1.687654E+01	1.328575E-01	1.002859E-01
9.379988E+03	-1.687687E+01	1.326741E-01	1.002875E-01
9.380188E+03	-1.687716E+01	1.319747E-01	1.002891E-01
9.380389E+03	-1.687728E+01	1.311668E-01	1.002907E-01
9.380589E+03	-1.687703E+01	1.318588E-01	1.002923E-01
9.380789E+03	-1.687621E+01	1.318024E-01	1.002939E-01
9.380989E+03	-1.687522E+01	1.313146E-01	1.002955E-01
9.381189E+03	-1.687456E+01	1.317721E-01	1.002970E-01
9.381389E+03	-1.687399E+01	1.316964E-01	1.002986E-01
9.381589E+03	-1.687313E+01	1.312075E-01	1.003002E-01
9.381789E+03	-1.687214E+01	1.303658E-01	1.003018E-01
9.381988E+03	-1.687125E+01	1.289013E-01	1.003034E-01
9.382189E+03	-1.687019E+01	1.280444E-01	1.003050E-01
9.382388E+03	-1.686970E+01	1.276862E-01	1.003066E-01
9.382588E+03	-1.686962E+01	1.268843E-01	1.003082E-01
9.382789E+03	-1.686945E+01	1.267641E-01	1.003097E-01
9.382988E+03	-1.686909E+01	1.266537E-01	1.003113E-01
9.383188E+03	-1.686856E+01	1.265328E-01	1.003129E-01
9.383388E+03	-1.686836E+01	1.265790E-01	1.003145E-01
9.383588E+03	-1.686860E+01	1.267669E-01	1.003161E-01
9.383788E+03	-1.686852E+01	1.267110E-01	1.003177E-01
9.383988E+03	-1.686815E+01	1.264676E-01	1.003193E-01
9.384188E+03	-1.686795E+01	1.263039E-01	1.003209E-01
9.384388E+03	-1.686782E+01	1.262646E-01	1.003224E-01
9.384588E+03	-1.686746E+01	1.259777E-01	1.003240E-01
9.384788E+03	-1.686706E+01	1.259736E-01	1.003256E-01
9.384988E+03	-1.686657E+01	1.263164E-01	1.003272E-01
9.385188E+03	-1.686621E+01	1.262594E-01	1.003288E-01
9.385389E+03	-1.686613E+01	1.260551E-01	1.003304E-01
9.385589E+03	-1.686624E+01	1.260419E-01	1.003320E-01
9.385789E+03	-1.686596E+01	1.257794E-01	1.003336E-01
9.385989E+03	-1.686532E+01	1.245101E-01	1.003351E-01
9.386189E+03	-1.686512E+01	1.237787E-01	1.003367E-01
9.386389E+03	-1.686511E+01	1.236905E-01	1.003383E-01
9.386589E+03	-1.686495E+01	1.227948E-01	1.003399E-01
9.386789E+03	-1.686467E+01	1.226715E-01	1.003415E-01
9.386989E+03	-1.686431E+01	1.227098E-01	1.003431E-01
9.387189E+03	-1.686407E+01	1.234182E-01	1.003447E-01
9.387589E+03	-1.686390E+01	1.248207E-01	1.003478E-01
9.387789E+03	-1.686382E+01	1.254815E-01	1.003494E-01
9.387989E+03	-1.686358E+01	1.254722E-01	1.003510E-01
9.388189E+03	-1.686318E+01	1.253129E-01	1.003526E-01
9.388389E+03	-1.686294E+01	1.252677E-01	1.003542E-01
9.388589E+03	-1.686278E+01	1.251140E-01	1.003558E-01
9.388789E+03	-1.686257E+01	1.250725E-01	1.003574E-01
9.388989E+03	-1.686249E+01	1.251133E-01	1.003590E-01
9.389189E+03	-1.686289E+01	1.247734E-01	1.003605E-01
9.389389E+03	-1.686281E+01	1.243554E-01	1.003621E-01
9.389589E+03	-1.686249E+01	1.243120E-01	1.003637E-01
9.389789E+03	-1.686245E+01	1.241012E-01	1.003653E-01
9.389989E+03	-1.686249E+01	1.239412E-01	1.003669E-01
9.390190E+03	-1.686240E+01	1.232926E-01	1.003685E-01
9.390390E+03	-1.686216E+01	1.237944E-01	1.003701E-01
9.390590E+03	-1.686208E+01	1.235766E-01	1.003717E-01
9.390790E+03	-1.686248E+01	1.237378E-01	1.003732E-01
9.390990E+03	-1.686308E+01	1.241320E-01	1.003748E-01
9.391190E+03	-1.686311E+01	1.243391E-01	1.003764E-01
9.391390E+03	-1.686295E+01	1.245049E-01	1.003780E-01
9.391590E+03	-1.686299E+01	1.248996E-01	1.003796E-01
9.391790E+03	-1.686307E+01	1.250982E-01	1.003812E-01
9.391990E+03	-1.686311E+01	1.248142E-01	1.003828E-01
9.392190E+03	-1.686315E+01	1.243026E-01	1.003843E-01
9.392390E+03	-1.686322E+01	1.240339E-01	1.003859E-01
9.392590E+03	-1.686350E+01	1.243057E-01	1.003875E-01
9.392790E+03	-1.686374E+01	1.237225E-01	1.003891E-01
9.392990E+03	-1.686370E+01	1.214121E-01	1.003907E-01
9.393190E+03	-1.686358E+01	1.195599E-01	1.003923E-01
9.393390E+03	-1.686338E+01	1.193331E-01	1.003939E-01
9.393590E+03	-1.686290E+01	1.192893E-01	1.003954E-01
9.393790E+03	-1.686234E+01	1.192277E-01	1.003970E-01
9.393990E+03	-1.686210E+01	1.191501E-01	1.003986E-01
9.394190E+03	-1.686197E+01	1.194758E-01	1.004002E-01
9.394390E+03	-1.686185E+01	1.194628E-01	1.004018E-01
9.394590E+03	-1.686201E+01	1.195146E-01	1.004034E-01
9.394790E+03	-1.686245E+01	1.195556E-01	1.004050E-01
9.394989E+03	-1.686280E+01	1.196664E-01	1.004065E-01
9.395191E+03	-1.686292E+01	1.196595E-01	1.004081E-01
9.395390E+03	-1.686284E+01	1.195297E-01	1.004097E-01
9.395591E+03	-1.686272E+01	1.186351E-01	1.004113E-01
9.395790E+03	-1.686268E+01	1.172878E-01	1.004129E-01
9.395990E+03	-1.686288E+01	1.168588E-01	1.004145E-01
9.396190E+03	-1.686296E+01	1.168843E-01	1.004161E-01
9.396390E+03	-1.686295E+01	1.168683E-01	1.004176E-01
9.396590E+03	-1.686295E+01	1.167566E-01	1.004192E-01
9.396790E+03	-1.686267E+01	1.159275E-01	1.004208E-01
9.396990E+03	-1.686219E+01	1.148675E-01	1.004224E-01
9.397190E+03	-1.686195E+01	1.146928E-01	1.004240E-01
9.397390E+03	-1.686203E+01	1.147098E-01	1.004256E-01
9.397590E+03	-1.686191E+01	1.144354E-01	1.004272E-01
9.397790E+03	-1.686135E+01	1.142926E-01	1.004287E-01
9.397990E+03	-1.686079E+01	1.133916E-01	1.004303E-01
9.398190E+03	-1.686035E+01	1.129602E-01	1.004319E-01
9.398390E+03	-1.686027E+01	1.129237E-01	1.004335E-01
9.398590E+03	-1.686039E+01	1.129626E-01	1.004351E-01
9.398790E+03	-1.686027E+01	1.135267E-01	1.004367E-01
9.398990E+03	-1.685979E+01	1.143139E-01	1.004383E-01
9.399190E+03	-1.685923E+01	1.142234E-01	1.004398E-01
9.399390E+03	-1.685904E+01	1.144800E-01	1.004414E-01
9.399590E+03	-1.685895E+01	1.148507E-01	1.004430E-01
9.399790E+03	-1.685876E+01	1.147866E-01	1.004447E-01
9.399991E+03	-1.685852E+01	1.147634E-01	1.004464E-01
9.400191E+03	-1.685840E+01	1.147558E-01	1.004481E-01
9.400391E+03	-1.685843E+01	1.143751E-01	1.004498E-01
9.400591E+03	-1.685847E+01	1.137771E-01	1.004515E-01
9.400791E+03	-1.685855E+01	1.130944E-01	1.004531E-01
9.400991E+03	-1.685867E+01	1.125719E-01	1.004548E-01
9.401191E+03	-1.685870E+01	1.119931E-01	1.004565E-01
9.401391E+03	-1.685890E+01	1.112215E-01	1.004582E-01
9.401591E+03	-1.685906E+01	1.104430E-01	1.004599E-01
9.401791E+03	-1.685929E+01	1.096088E-01	1.004615E-01
9.401991E+03	-1.685949E+01	1.086687E-01	1.004632E-01
9.402191E+03	-1.685949E+01	1.075637E-01	1.004649E-01
9.402391E+03	-1.685929E+01	1.059432E-01	1.004666E-01
9.402591E+03	-1.685921E+01	1.042695E-01	1.004683E-01
9.402991E+03	-1.685940E+01	1.030341E-01	1.004716E-01
9.403191E+03	-1.685960E+01	1.023759E-01	1.004733E-01
9.403391E+03	-1.685956E+01	1.023983E-01	1.004750E-01
9.403591E+03	-1.685932E+01	1.025679E-01	1.004767E-01
9.403791E+03	-1.685928E+01	1.036868E-01	1.004784E-01
9.403991E+03	-1.685947E+01	1.035915E-01	1.004800E-01
9.404191E+03	-1.685923E+01	1.037367E-01	1.004817E-01
9.404391E+03	-1.685915E+01	1.044143E-01	1.004834E-01
9.404591E+03	-1.685935E+01	1.049687E-01	1.004851E-01
9.404791E+03	-1.685950E+01	1.050664E-01	1.004868E-01
9.404992E+03	-1.685974E+01	1.051279E-01	1.004885E-01
9.405192E+03	-1.685986E+01	1.051963E-01	1.004901E-01
9.405392E+03	-1.685978E+01	1.052484E-01	1.004918E-01
9.405592E+03	-1.685981E+01	1.057495E-01	1.004935E-01
9.405792E+03	-1.686009E+01	1.058171E-01	1.004952E-01
9.405992E+03	-1.686029E+01	1.063496E-01	1.004969E-01
9.406192E+03	-1.686048E+01	1.053105E-01	1.004985E-01
9.406392E+03	-1.686048E+01	1.035241E-01	1.005002E-01
9.406592E+03	-1.686060E+01	1.011183E-01	1.005019E-01
9.406792E+03	-1.686076E+01	9.892285E-02	1.005036E-01
9.406992E+03	-1.686068E+01	9.910731E-02	1.005053E-01
9.407192E+03	-1.686059E+01	9.814809E-02	1.005069E-01
9.407392E+03	-1.686075E+01	9.731406E-02	1.005086E-01
9.407592E+03	-1.686111E+01	9.756916E-02	1.005103E-01
9.407792E+03	-1.686127E+01	9.799068E-02	1.005120E-01
9.407992E+03	-1.686103E+01	9.856092E-02	1.005137E-01
9.408192E+03	-1.686067E+01	9.872207E-02	1.005153E-01
9.408391E+03	-1.686070E+01	9.863974E-02	1.005170E-01
9.408592E+03	-1.686082E+01	9.831718E-02	1.005187E-01
9.408791E+03	-1.686078E+01	9.828038E-02	1.005204E-01
9.408992E+03	-1.686062E+01	9.866538E-02	1.005221E-01
9.409191E+03	-1.686050E+01	9.928943E-02	1.005237E-01
9.409391E+03	-1.686058E+01	9.925596E-02	1.005254E-01
9.409591E+03	-1.686069E+01	9.943810E-02	1.005271E-01
9.409792E+03	-1.686081E+01	9.940183E-02	1.005288E-01
9.409992E+03	-1.686073E+01	9.940350E-02	1.005305E-01
9.410192E+03	-1.686053E+01	9.940571E-02	1.005321E-01
9.410392E+03	-1.686049E+01	9.948794E-02	1.005338E-01
9.410592E+03	-1.686061E+01	9.951523E-02	1.005355E-01
9.410792E+03	-1.686037E+01	9.946463E-02	1.005372E-01
9.410992E+03	-1.685993E+01	9.938853E-02	1.005389E-01
9.411192E+03	-1.686001E+01	9.949789E-02	1.005405E-01
9.411392E+03	-1.686028E+01	9.966868E-02	1.005422E-01
9.411592E+03	-1.686060E+01	9.960260E-02	1.005439E-01
9.411792E+03	-1.686103E+01	9.989369E-02	1.005456E-01
9.411992E+03	-1.686111E+01	1.006793E-01	1.005473E-01
9.412192E+03	-1.686087E+01	1.003856E-01	1.005489E-01
9.412392E+03	-1.686091E+01	9.953642E-02	1.005506E-01
9.412592E+03	-1.686119E+01	9.847879E-02	1.005523E-01
9.412792E+03	-1.686146E+01	9.672344E-02	1.005540E-01
9.412992E+03	-1.686142E+01	9.637239E-02	1.005557E-01
9.413192E+03	-1.686118E+01	9.631945E-02	1.005573E-01
9.413392E+03	-1.686110E+01	9.629386E-02	1.005590E-01
9.413592E+03	-1.686106E+01	9.623336E-02	1.005607E-01
9.413792E+03	-1.686066E+01	9.610563E-02	1.005624E-01
9.413992E+03	-1.686034E+01	9.628938E-02	1.005641E-01
9.414192E+03	-1.686066E+01	9.914021E-02	1.005657E-01
9.414392E+03	-1.686089E+01	1.023978E-01	1.005674E-01
9.414592E+03	-1.686057E+01	1.029901E-01	1.005691E-01
9.414793E+03	-1.686029E+01	1.032893E-01	1.005708E-01
9.414993E+03	-1.686049E+01	1.063859E-01	1.005725E-01
9.415193E+03	-1.686017E+01	1.094981E-01	1.005741E-01
9.415393E+03	-1.685922E+01	1.106996E-01	1.005758E-01
9.415593E+03	-1.685858E+01	1.111116E-01	1.005775E-01
9.415793E+03	-1.685811E+01	1.116577E-01	1.005792E-01
9.415993E+03	-1.685858E+01	1.129498E-01	1.005809E-01
9.416193E+03	-1.685969E+01	1.132820E-01	1.005825E-01
9.416393E+03	-1.686048E+01	1.144976E-01	1.005842E-01
9.416593E+03	-1.686071E+01	1.157046E-01	1.005859E-01
9.416793E+03	-1.686099E+01	1.155561E-01	1.005876E-01
9.416993E+03	-1.686123E+01	1.154207E-01	1.005892E-01
9.417193E+03	-1.686139E+01	1.156461E-01	1.005909E-01
9.417393E+03	-1.686170E+01	1.158742E-01	1.005926E-01
9.417593E+03	-1.686210E+01	1.161838E-01	1.005943E-01
9.417793E+03	-1.686254E+01	1.175779E-01	1.005960E-01
9.417993E+03	-1.686273E+01	1.184621E-01	1.005976E-01
9.418193E+03	-1.686253E+01	1.185114E-01	1.005993E-01
9.418393E+03	-1.686241E+01	1.184070E-01	1.006010E-01
9.418593E+03	-1.686261E+01	1.184973E-01	1.006027E-01
9.418793E+03	-1.686277E+01	1.186326E-01	1.006044E-01
9.418993E+03	-1.686296E+01	1.186153E-01	1.006060E-01
9.419193E+03	-1.686284E+01	1.183590E-01	1.006077E-01
9.419393E+03	-1.686248E+01	1.182891E-01	1.006094E-01
9.419594E+03	-1.686188E+01	1.180746E-01	1.006111E-01
9.419794E+03	-1.686136E+01	1.179260E-01	1.006128E-01
9.419994E+03	-1.686077E+01	1.174423E-01	1.006144E-01
9.420194E+03	-1.686021E+01	1.175063E-01	1.006161E-01
9.420394E+03	-1.685989E+01	1.176584E-01	1.006178E-01
9.420594E+03	-1.685965E+01	1.177486E-01	1.006195E-01
9.420794E+03	-1.685945E+01	1.177464E-01	1.006211E-01
9.420994E+03	-1.685909E+01	1.176419E-01	1.006228E-01
9.421193E+03	-1.685861E+01	1.175133E-01	1.006245E-01
9.421994E+03	-1.685821E+01	1.173946E-01	1.006312E-01
9.422193E+03	-1.685758E+01	1.178749E-01	1.006329E-01
9.422393E+03	-1.685648E+01	1.190041E-01	1.006346E-01
9.422593E+03	-1.685541E+01	1.187098E-01	1.006362E-01
9.422793E+03	-1.685506E+01	1.189074E-01	1.006379E-01
9.422993E+03	-1.685490E+01	1.187586E-01	1.006396E-01
9.423193E+03	-1.685458E+01	1.187160E-01	1.006413E-01
9.423393E+03	-1.685423E+01	1.186197E-01	1.006429E-01
9.423593E+03	-1.685388E+01	1.185627E-01	1.006446E-01
9.423793E+03	-1.685384E+01	1.185286E-01	1.006463E-01
9.423993E+03	-1.685364E+01	1.186472E-01	1.006480E-01
9.424193E+03	-1.685356E+01	1.186493E-01	1.006497E-01
9.424393E+03	-1.685395E+01	1.185841E-01	1.006513E-01
9.424594E+03	-1.685410E+01	1.184194E-01	1.006530E-01
9.424794E+03	-1.685387E+01	1.183828E-01	1.006547E-01
9.424994E+03	-1.685386E+01	1.184688E-01	1.006564E-01
9.425194E+03	-1.685390E+01	1.183817E-01	1.006580E-01
9.425394E+03	-1.685406E+01	1.202322E-01	1.006597E-01
9.425594E+03	-1.685437E+01	1.203776E-01	1.006614E-01
9.425794E+03	-1.685417E+01	1.206130E-01	1.006631E-01
9.425994E+03	-1.685358E+01	1.204228E-01	1.006648E-01
9.426194E+03	-1.685327E+01	1.203557E-01	1.006664E-01
9.426394E+03	-1.685327E+01	1.202385E-01	1.006681E-01
9.426594E+03	-1.685272E+01	1.199625E-01	1.006698E-01
9.426794E+03	-1.685221E+01	1.200564E-01	1.006715E-01
9.426994E+03	-1.685201E+01	1.203258E-01	1.006731E-01
9.427194E+03	-1.685213E+01	1.205452E-01	1.006748E-01
9.427394E+03	-1.685178E+01	1.203973E-01	1.006765E-01
9.427594E+03	-1.685201E+01	1.206490E-01	1.006782E-01
9.427794E+03	-1.685267E+01	1.209347E-01	1.006798E-01
9.427994E+03	-1.685290E+01	1.209960E-01	1.006815E-01
9.428194E+03	-1.685274E+01	1.209876E-01	1.006832E-01
9.428394E+03	-1.685270E+01	1.211991E-01	1.006849E-01
9.428594E+03	-1.685294E+01	1.212840E-01	1.006866E-01
9.428794E+03	-1.685301E+01	1.213760E-01	1.006882E-01
9.428994E+03	-1.685281E+01	1.213956E-01	1.006899E-01
9.429194E+03	-1.685270E+01	1.212537E-01	1.006916E-01
9.429395E+03	-1.685305E+01	1.210004E-01	1.006933E-01
9.429595E+03	-1.685355E+01	1.226390E-01	1.006949E-01
9.429795E+03	-1.685359E+01	1.221028E-01	1.006966E-01
9.429995E+03	-1.685308E+01	1.209762E-01	1.006983E-01
9.430195E+03	-1.685277E+01	1.206551E-01	1.007000E-01
9.430395E+03	-1.685261E+01	1.206703E-01	1.007017E-01
9.430595E+03	-1.685229E+01	1.209539E-01	1.007033E-01
9.430795E+03	-1.685218E+01	1.221098E-01	1.007050E-01
9.430995E+03	-1.685256E+01	1.230696E-01	1.007067E-01
9.431195E+03	-1.685311E+01	1.232440E-01	1.007084E-01
9.431395E+03	-1.685326E+01	1.232806E-01	1.007100E-01
9.431595E+03	-1.685299E+01	1.232694E-01	1.007117E-01
9.431795E+03	-1.685291E+01	1.232589E-01	1.007134E-01
9.431995E+03	-1.685338E+01	1.239429E-01	1.007151E-01
9.432195E+03	-1.685380E+01	1.244333E-01	1.007167E-01
9.432395E+03	-1.685415E+01	1.248944E-01	1.007184E-01
9.432595E+03	-1.685451E+01	1.254502E-01	1.007201E-01
9.432795E+03	-1.685517E+01	1.259685E-01	1.007218E-01
9.432995E+03	-1.685576E+01	1.265009E-01	1.007234E-01
9.433195E+03	-1.685595E+01	1.269119E-01	1.007251E-01
9.433395E+03	-1.685583E+01	1.271801E-01	1.007268E-01
9.433595E+03	-1.685575E+01	1.271728E-01	1.007285E-01
9.433795E+03	-1.685595E+01	1.269159E-01	1.007301E-01
9.433995E+03	-1.685642E+01	1.269358E-01	1.007318E-01
9.434194E+03	-1.685712E+01	1.272102E-01	1.007335E-01
9.434396E+03	-1.685771E+01	1.274151E-01	1.007352E-01
9.434595E+03	-1.685795E+01	1.275241E-01	1.007368E-01
9.434796E+03	-1.685795E+01	1.279664E-01	1.007385E-01
9.434996E+03	-1.685755E+01	1.289233E-01	1.007402E-01
9.435195E+03	-1.685680E+01	1.300560E-01	1.007419E-01
9.435395E+03	-1.685613E+01	1.300603E-01	1.007435E-01
9.435595E+03	-1.685558E+01	1.300016E-01	1.007452E-01
9.435795E+03	-1.685518E+01	1.297743E-01	1.007469E-01
9.435995E+03	-1.685495E+01	1.292099E-01	1.007486E-01
9.436195E+03	-1.685463E+01	1.278743E-01	1.007502E-01
9.436395E+03	-1.685428E+01	1.271244E-01	1.007519E-01
9.436595E+03	-1.685424E+01	1.270425E-01	1.007536E-01
9.436795E+03	-1.685478E+01	1.271913E-01	1.007553E-01
9.436995E+03	-1.685568E+01	1.274323E-01	1.007569E-01
9.437195E+03	-1.685639E+01	1.276638E-01	1.007586E-01
9.437395E+03	-1.685662E+01	1.278907E-01	1.007603E-01
9.437595E+03	-1.685651E+01	1.278008E-01	1.007620E-01
9.437795E+03	-1.685627E+01	1.277668E-01	1.007636E-01
9.437995E+03	-1.685611E+01	1.278542E-01	1.007653E-01
9.438195E+03	-1.685615E+01	1.281214E-01	1.007670E-01
9.438395E+03	-1.685622E+01	1.283059E-01	1.007687E-01
9.438595E+03	-1.685634E+01	1.283604E-01	1.007703E-01
9.438795E+03	-1.685646E+01	1.280883E-01	1.007720E-01
9.438995E+03	-1.685657E+01	1.275760E-01	1.007737E-01
9.439196E+03	-1.685681E+01	1.276060E-01	1.007754E-01
9.439396E+03	-1.685696E+01	1.277548E-01	1.007771E-01
9.439596E+03	-1.685700E+01	1.274117E-01	1.007787E-01
9.441796E+03	-1.685698E+01	1.271162E-01	1.007972E-01
9.442396E+03	-1.685702E+01	1.268755E-01	1.008022E-01
9.442596E+03	-1.685690E+01	1.265021E-01	1.008038E-01
9.442796E+03	-1.685686E+01	1.265379E-01	1.008055E-01
9.442996E+03	-1.685693E+01	1.267382E-01	1.008072E-01
9.443196E+03	-1.685705E+01	1.266702E-01	1.008089E-01
9.443396E+03	-1.685720E+01	1.265427E-01	1.008105E-01
9.443596E+03	-1.685677E+01	1.262747E-01	1.008122E-01
9.443796E+03	-1.685637E+01	1.261445E-01	1.008139E-01
9.443997E+03	-1.685677E+01	1.262274E-01	1.008156E-01
9.444197E+03	-1.685755E+01	1.263305E-01	1.008172E-01
9.444397E+03	-1.685806E+01	1.263733E-01	1.008189E-01
9.444597E+03	-1.685826E+01	1.263003E-01	1.008206E-01
9.444797E+03	-1.685818E+01	1.261074E-01	1.008223E-01
9.444997E+03	-1.685794E+01	1.260386E-01	1.008239E-01
9.445197E+03	-1.685786E+01	1.257432E-01	1.008256E-01
9.445397E+03	-1.685806E+01	1.254330E-01	1.008273E-01
9.445597E+03	-1.685802E+01	1.254295E-01	1.008290E-01
9.445797E+03	-1.685766E+01	1.253466E-01	1.008306E-01
9.445997E+03	-1.685718E+01	1.253914E-01	1.008323E-01
9.446197E+03	-1.685663E+01	1.253543E-01	1.008340E-01
9.446397E+03	-1.685580E+01	1.252183E-01	1.008357E-01
9.446597E+03	-1.685556E+01	1.251503E-01	1.008373E-01
9.446797E+03	-1.685607E+01	1.253685E-01	1.008390E-01
9.446996E+03	-1.685647E+01	1.256828E-01	1.008407E-01
9.447197E+03	-1.685615E+01	1.260205E-01	1.008424E-01
9.447397E+03	-1.685572E+01	1.266299E-01	1.008440E-01
9.447596E+03	-1.685575E+01	1.270108E-01	1.008457E-01
9.447797E+03	-1.685583E+01	1.270731E-01	1.008474E-01
9.447996E+03	-1.685606E+01	1.271421E-01	1.008490E-01
9.448197E+03	-1.685673E+01	1.273460E-01	1.008507E-01
9.448396E+03	-1.685748E+01	1.277355E-01	1.008524E-01
9.448596E+03	-1.685775E+01	1.282630E-01	1.008541E-01
9.448796E+03	-1.685751E+01	1.282956E-01	1.008557E-01
9.448997E+03	-1.685700E+01	1.281679E-01	1.008574E-01
9.449197E+03	-1.685664E+01	1.280830E-01	1.008591E-01
9.449397E+03	-1.685668E+01	1.281064E-01	1.008608E-01
9.449597E+03	-1.685664E+01	1.280830E-01	1.008624E-01
9.449797E+03	-1.685648E+01	1.276547E-01	1.008641E-01
9.449997E+03	-1.685620E+01	1.268459E-01	1.008658E-01
9.450197E+03	-1.685593E+01	1.267302E-01	1.008674E-01
9.450397E+03	-1.685585E+01	1.264242E-01	1.008691E-01
9.450597E+03	-1.685592E+01	1.260539E-01	1.008708E-01
9.450797E+03	-1.685604E+01	1.262101E-01	1.008725E-01
9.450997E+03	-1.685627E+01	1.266328E-01	1.008741E-01
9.451197E+03	-1.685663E+01	1.265511E-01	1.008758E-01
9.451397E+03	-1.685706E+01	1.264725E-01	1.008775E-01
9.451597E+03	-1.685729E+01	1.265611E-01	1.008792E-01
9.451797E+03	-1.685725E+01	1.268730E-01	1.008808E-01
9.451997E+03	-1.685709E+01	1.275050E-01	1.008825E-01
9.452197E+03	-1.685717E+01	1.277884E-01	1.008842E-01
9.452397E+03	-1.685729E+01	1.295666E-01	1.008858E-01
9.452597E+03	-1.685733E+01	1.300004E-01	1.008875E-01
9.452797E+03	-1.685701E+01	1.301189E-01	1.008892E-01
9.452997E+03	-1.685649E+01	1.301820E-01	1.008909E-01
9.453197E+03	-1.685634E+01	1.307960E-01	1.008925E-01
9.453397E+03	-1.685653E+01	1.308593E-01	1.008942E-01
9.453597E+03	-1.685653E+01	1.308356E-01	1.008959E-01
9.453798E+03	-1.685637E+01	1.303749E-01	1.008976E-01
9.453998E+03	-1.685609E+01	1.299265E-01	1.008992E-01
9.454198E+03	-1.685578E+01	1.297892E-01	1.009009E-01
9.454398E+03	-1.685542E+01	1.298720E-01	1.009026E-01
9.454598E+03	-1.685526E+01	1.297819E-01	1.009042E-01
9.454798E+03	-1.685538E+01	1.298132E-01	1.009059E-01
9.454998E+03	-1.685557E+01	1.296754E-01	1.009076E-01
9.455198E+03	-1.685573E+01	1.292232E-01	1.009093E-01
9.455398E+03	-1.685596E+01	1.298951E-01	1.009109E-01
9.455598E+03	-1.685635E+01	1.307489E-01	1.009126E-01
9.455798E+03	-1.685679E+01	1.313797E-01	1.009143E-01
9.455998E+03	-1.685686E+01	1.315375E-01	1.009159E-01
9.456198E+03	-1.685666E+01	1.315566E-01	1.009176E-01
9.456398E+03	-1.685631E+01	1.329213E-01	1.009193E-01
9.456598E+03	-1.685587E+01	1.334416E-01	1.009210E-01
9.456798E+03	-1.685528E+01	1.328012E-01	1.009226E-01
9.456998E+03	-1.685473E+01	1.325471E-01	1.009243E-01
9.457198E+03	-1.685422E+01	1.329008E-01	1.009260E-01
9.457398E+03	-1.685367E+01	1.336447E-01	1.009277E-01
9.457598E+03	-1.685336E+01	1.343772E-01	1.009293E-01
9.457798E+03	-1.685382E+01	1.346516E-01	1.009310E-01
9.457998E+03	-1.685457E+01	1.348786E-01	1.009327E-01
9.458198E+03	-1.685500E+01	1.349813E-01	1.009343E-01
9.458398E+03	-1.685496E+01	1.348749E-01	1.009360E-01
9.458598E+03	-1.685484E+01	1.347521E-01	1.009377E-01
9.458799E+03	-1.685480E+01	1.343987E-01	1.009394E-01
9.458999E+03	-1.685487E+01	1.341915E-01	1.009410E-01
9.459199E+03	-1.685503E+01	1.342714E-01	1.009427E-01
9.459399E+03	-1.685499E+01	1.343496E-01	1.009444E-01
9.459599E+03	-1.685479E+01	1.344889E-01	1.009460E-01
9.459799E+03	-1.685487E+01	1.342504E-01	1.009477E-01
9.460799E+03	-1.685505E+01	1.336988E-01	1.009561E-01
9.460998E+03	-1.685509E+01	1.337855E-01	1.009577E-01
9.461199E+03	-1.685485E+01	1.339954E-01	1.009594E-01
9.461398E+03	-1.685450E+01	1.339924E-01	1.009611E-01
9.461598E+03	-1.685411E+01	1.338363E-01	1.009627E-01
9.461798E+03	-1.685379E+01	1.336733E-01	1.009644E-01
9.461998E+03	-1.685336E+01	1.336739E-01	1.009661E-01
9.462198E+03	-1.685262E+01	1.338359E-01	1.009678E-01
9.462398E+03	-1.685207E+01	1.336872E-01	1.009694E-01
9.462598E+03	-1.685222E+01	1.337236E-01	1.009711E-01
9.462798E+03	-1.685261E+01	1.338710E-01	1.009728E-01
9.462998E+03	-1.685273E+01	1.340711E-01	1.009744E-01
9.463198E+03	-1.685268E+01	1.340669E-01	1.009761E-01
9.463398E+03	-1.685276E+01	1.336771E-01	1.009778E-01
9.463599E+03	-1.685288E+01	1.327681E-01	1.009795E-01
9.463799E+03	-1.685276E+01	1.324473E-01	1.009811E-01
9.463999E+03	-1.685268E+01	1.324196E-01	1.009828E-01
9.464199E+03	-1.685283E+01	1.327835E-01	1.009845E-01
9.464399E+03	-1.685267E+01	1.328373E-01	1.009861E-01
9.464599E+03	-1.685213E+01	1.326859E-01	1.009878E-01
9.464799E+03	-1.685166E+01	1.325743E-01	1.009895E-01
9.464999E+03	-1.685138E+01	1.324950E-01	1.009911E-01
9.465199E+03	-1.685130E+01	1.330161E-01	1.009928E-01
9.465399E+03	-1.685130E+01	1.330044E-01	1.009945E-01
9.465599E+03	-1.685099E+01	1.326758E-01	1.009962E-01
9.465799E+03	-1.685044E+01	1.304010E-01	1.009978E-01
9.465999E+03	-1.685040E+01	1.279779E-01	1.009995E-01
9.466199E+03	-1.685063E+01	1.276269E-01	1.010012E-01
9.466399E+03	-1.685048E+01	1.273288E-01	1.010028E-01
9.466599E+03	-1.685005E+01	1.247825E-01	1.010045E-01
9.466799E+03	-1.684981E+01	1.222338E-01	1.010062E-01
9.466999E+03	-1.684958E+01	1.212187E-01	1.010078E-01
9.467199E+03	-1.684942E+01	1.208113E-01	1.010095E-01
9.467399E+03	-1.684958E+01	1.202343E-01	1.010112E-01
9.467599E+03	-1.684992E+01	1.194193E-01	1.010129E-01
9.467799E+03	-1.685019E+01	1.196260E-01	1.010145E-01
9.467999E+03	-1.685031E+01	1.188001E-01	1.010162E-01
9.468199E+03	-1.685046E+01	1.177862E-01	1.010179E-01
9.468399E+03	-1.685066E+01	1.178117E-01	1.010195E-01
9.468600E+03	-1.685058E+01	1.178061E-01	1.010212E-01
9.468800E+03	-1.685007E+01	1.174209E-01	1.010229E-01
9.469000E+03	-1.684925E+01	1.169957E-01	1.010246E-01
9.469200E+03	-1.684848E+01	1.166173E-01	1.010262E-01
9.469400E+03	-1.684813E+01	1.151873E-01	1.010279E-01
9.469600E+03	-1.684801E+01	1.138705E-01	1.010296E-01
9.469800E+03	-1.684789E+01	1.135197E-01	1.010312E-01
9.470000E+03	-1.684789E+01	1.135119E-01	1.010329E-01
9.470200E+03	-1.684774E+01	1.134484E-01	1.010346E-01
9.470400E+03	-1.684723E+01	1.132751E-01	1.010362E-01
9.470600E+03	-1.684704E+01	1.134329E-01	1.010379E-01
9.470800E+03	-1.684738E+01	1.141869E-01	1.010396E-01
9.471000E+03	-1.684742E+01	1.146946E-01	1.010412E-01
9.471200E+03	-1.684742E+01	1.149685E-01	1.010429E-01
9.471400E+03	-1.684780E+01	1.152868E-01	1.010446E-01
9.471600E+03	-1.684842E+01	1.157333E-01	1.010463E-01
9.471800E+03	-1.684927E+01	1.158751E-01	1.010479E-01
9.472000E+03	-1.684973E+01	1.157666E-01	1.010496E-01
9.472200E+03	-1.684954E+01	1.156878E-01	1.010513E-01
9.472400E+03	-1.684926E+01	1.155033E-01	1.010529E-01
9.472600E+03	-1.684911E+01	1.156867E-01	1.010546E-01
9.472800E+03	-1.684872E+01	1.155913E-01	1.010563E-01
9.472999E+03	-1.684818E+01	1.155672E-01	1.010579E-01
9.473200E+03	-1.684806E+01	1.149492E-01	1.010596E-01
9.473400E+03	-1.684821E+01	1.137961E-01	1.010613E-01
9.473601E+03	-1.684821E+01	1.137690E-01	1.010629E-01
9.473800E+03	-1.684836E+01	1.133727E-01	1.010646E-01
9.474001E+03	-1.684882E+01	1.136681E-01	1.010663E-01
9.474201E+03	-1.684906E+01	1.137753E-01	1.010680E-01
9.474400E+03	-1.684905E+01	1.138063E-01	1.010696E-01
9.474600E+03	-1.684913E+01	1.138227E-01	1.010713E-01
9.474800E+03	-1.684921E+01	1.140173E-01	1.010730E-01
9.475000E+03	-1.684936E+01	1.142246E-01	1.010746E-01
9.475200E+03	-1.684963E+01	1.144317E-01	1.010763E-01
9.475400E+03	-1.684978E+01	1.147712E-01	1.010780E-01
9.475600E+03	-1.684990E+01	1.150037E-01	1.010796E-01
9.475800E+03	-1.684986E+01	1.149119E-01	1.010813E-01
9.476000E+03	-1.684966E+01	1.145349E-01	1.010830E-01
9.476200E+03	-1.684985E+01	1.143029E-01	1.010846E-01
9.476400E+03	-1.685032E+01	1.124102E-01	1.010863E-01
9.476600E+03	-1.685074E+01	1.123654E-01	1.010880E-01
9.476800E+03	-1.685129E+01	1.119498E-01	1.010896E-01
9.479001E+03	-1.685185E+01	1.119602E-01	1.011080E-01
9.479201E+03	-1.685240E+01	1.122649E-01	1.011097E-01
9.479401E+03	-1.685274E+01	1.125471E-01	1.011113E-01
9.479601E+03	-1.685306E+01	1.129877E-01	1.011130E-01
9.479801E+03	-1.685348E+01	1.132326E-01	1.011147E-01
9.480001E+03	-1.685411E+01	1.135489E-01	1.011163E-01
9.480201E+03	-1.685458E+01	1.136209E-01	1.011180E-01
9.480401E+03	-1.685505E+01	1.138070E-01	1.011197E-01
9.480601E+03	-1.685575E+01	1.139649E-01	1.011213E-01
9.480801E+03	-1.685666E+01	1.141082E-01	1.011230E-01
9.481001E+03	-1.685736E+01	1.143067E-01	1.011247E-01
9.481201E+03	-1.685736E+01	1.143304E-01	1.011263E-01
9.481401E+03	-1.685724E+01	1.140980E-01	1.011280E-01
9.481601E+03	-1.685740E+01	1.144276E-01	1.011297E-01
9.481801E+03	-1.685795E+01	1.145062E-01	1.011313E-01
9.482001E+03	-1.685846E+01	1.145311E-01	1.011330E-01
9.482201E+03	-1.685866E+01	1.145595E-01	1.011347E-01
9.482401E+03	-1.685866E+01	1.140607E-01	1.011363E-01
9.482601E+03	-1.685873E+01	1.119354E-01	1.011380E-01
9.482801E+03	-1.685893E+01	1.118042E-01	1.011397E-01
9.483001E+03	-1.685909E+01	1.116231E-01	1.011413E-01
9.483202E+03	-1.685901E+01	1.114640E-01	1.011430E-01
9.483402E+03	-1.685893E+01	1.113684E-01	1.011447E-01
9.483602E+03	-1.685908E+01	1.109771E-01	1.011463E-01
9.483802E+03	-1.685932E+01	1.096065E-01	1.011480E-01
9.484002E+03	-1.685932E+01	1.085518E-01	1.011497E-01
9.484202E+03	-1.685912E+01	1.086093E-01	1.011513E-01
9.484402E+03	-1.685860E+01	1.085400E-01	1.011530E-01
9.484602E+03	-1.685797E+01	1.082831E-01	1.011547E-01
9.484802E+03	-1.685800E+01	1.082692E-01	1.011563E-01
9.485002E+03	-1.685852E+01	1.077801E-01	1.011580E-01
9.485202E+03	-1.685899E+01	1.073196E-01	1.011597E-01
9.485402E+03	-1.685899E+01	1.067847E-01	1.011613E-01
9.485602E+03	-1.685871E+01	1.062889E-01	1.011630E-01
9.485802E+03	-1.685871E+01	1.062018E-01	1.011647E-01
9.486002E+03	-1.685894E+01	1.058360E-01	1.011663E-01
9.486201E+03	-1.685882E+01	1.054704E-01	1.011680E-01
9.486401E+03	-1.685854E+01	1.050429E-01	1.011697E-01
9.486602E+03	-1.685858E+01	1.047635E-01	1.011713E-01
9.486801E+03	-1.685886E+01	1.050601E-01	1.011730E-01
9.487002E+03	-1.685894E+01	1.050199E-01	1.011747E-01
9.487201E+03	-1.685897E+01	1.049066E-01	1.011763E-01
9.487401E+03	-1.685921E+01	1.051187E-01	1.011780E-01
9.487601E+03	-1.685956E+01	1.052210E-01	1.011797E-01
9.487801E+03	-1.686000E+01	1.048026E-01	1.011813E-01
9.488001E+03	-1.686059E+01	1.036103E-01	1.011830E-01
9.488202E+03	-1.686151E+01	1.020514E-01	1.011847E-01
9.488402E+03	-1.686214E+01	1.019141E-01	1.011863E-01
9.488602E+03	-1.686194E+01	1.022862E-01	1.011880E-01
9.488802E+03	-1.686134E+01	1.031335E-01	1.011897E-01
9.489002E+03	-1.686098E+01	1.027976E-01	1.011913E-01
9.489202E+03	-1.686082E+01	1.031579E-01	1.011930E-01
9.489402E+03	-1.686082E+01	1.039657E-01	1.011947E-01
9.489602E+03	-1.686066E+01	1.042736E-01	1.011963E-01
9.489802E+03	-1.686026E+01	1.042259E-01	1.011980E-01
9.490002E+03	-1.685982E+01	1.044467E-01	1.011997E-01
9.490202E+03	-1.685927E+01	1.042973E-01	1.012013E-01
9.490402E+03	-1.685855E+01	1.041262E-01	1.012030E-01
9.490602E+03	-1.685788E+01	1.041746E-01	1.012047E-01
9.490802E+03	-1.685784E+01	1.041374E-01	1.012063E-01
9.491002E+03	-1.685811E+01	1.042038E-01	1.012080E-01
9.492402E+03	-1.685830E+01	1.038754E-01	1.012197E-01
9.492602E+03	-1.685830E+01	1.037013E-01	1.012213E-01
9.492802E+03	-1.685861E+01	1.039749E-01	1.012230E-01
9.493003E+03	-1.685932E+01	1.040506E-01	1.012247E-01
9.493203E+03	-1.685976E+01	1.053144E-01	1.012263E-01
9.493403E+03	-1.685971E+01	1.065353E-01	1.012280E-01
9.493603E+03	-1.685944E+01	1.062451E-01	1.012297E-01
9.493803E+03	-1.685931E+01	1.061446E-01	1.012313E-01
9.494003E+03	-1.685931E+01	1.078657E-01	1.012330E-01
9.494203E+03	-1.685919E+01	1.078084E-01	1.012346E-01
9.494403E+03	-1.685923E+01	1.092259E-01	1.012363E-01
9.494603E+03	-1.685943E+01	1.104817E-01	1.012380E-01
9.494803E+03	-1.685943E+01	1.115170E-01	1.012396E-01
9.495003E+03	-1.685938E+01	1.116378E-01	1.012413E-01
9.495203E+03	-1.685950E+01	1.139537E-01	1.012430E-01
9.495403E+03	-1.685958E+01	1.152960E-01	1.012446E-01
9.495603E+03	-1.685926E+01	1.151919E-01	1.012463E-01
9.495803E+03	-1.685874E+01	1.150593E-01	1.012480E-01
9.496003E+03	-1.685839E+01	1.149570E-01	1.012496E-01
9.496203E+03	-1.685827E+01	1.149533E-01	1.012513E-01
9.496403E+03	-1.685838E+01	1.149966E-01	1.012530E-01
9.496603E+03	-1.685858E+01	1.152866E-01	1.012546E-01
9.496803E+03	-1.685897E+01	1.157603E-01	1.012563E-01
9.497003E+03	-1.685957E+01	1.158595E-01	1.012580E-01
9.497203E+03	-1.685980E+01	1.164511E-01	1.012596E-01
9.497403E+03	-1.685968E+01	1.166534E-01	1.012613E-01
9.497603E+03	-1.685948E+01	1.165882E-01	1.012629E-01
9.497804E+03	-1.685936E+01	1.163500E-01	1.012646E-01
9.498004E+03	-1.685944E+01	1.162641E-01	1.012663E-01
9.498204E+03	-1.685948E+01	1.161438E-01	1.012679E-01
9.498404E+03	-1.685959E+01	1.162709E-01	1.012696E-01
9.498604E+03	-1.686007E+01	1.165376E-01	1.012713E-01
9.498804E+03	-1.686039E+01	1.165554E-01	1.012729E-01
9.499004E+03	-1.686022E+01	1.162703E-01	1.012746E-01
9.499203E+03	-1.686018E+01	1.155761E-01	1.012763E-01
9.499404E+03	-1.686042E+01	1.152857E-01	1.012779E-01
9.499603E+03	-1.686022E+01	1.154197E-01	1.012796E-01
9.499803E+03	-1.685982E+01	1.156358E-01	1.012813E-01
9.500004E+03	-1.685970E+01	1.156835E-01	1.012829E-01
9.500203E+03	-1.685954E+01	1.154587E-01	1.012846E-01
9.500403E+03	-1.685934E+01	1.149776E-01	1.012862E-01
9.500603E+03	-1.685910E+01	1.148472E-01	1.012879E-01
9.500803E+03	-1.685882E+01	1.162595E-01	1.012896E-01
9.501003E+03	-1.685874E+01	1.175217E-01	1.012912E-01
9.501203E+03	-1.685898E+01	1.177248E-01	1.012929E-01
9.501403E+03	-1.685905E+01	1.177265E-01	1.012946E-01
9.501603E+03	-1.685881E+01	1.177254E-01	1.012962E-01
9.501803E+03	-1.685842E+01	1.178121E-01	1.012979E-01
9.502003E+03	-1.685830E+01	1.177443E-01	1.012996E-01
9.502203E+03	-1.685845E+01	1.179534E-01	1.013012E-01
9.502403E+03	-1.685845E+01	1.186462E-01	1.013029E-01
9.502603E+03	-1.685837E+01	1.187156E-01	1.013045E-01
9.502804E+03	-1.685829E+01	1.182112E-01	1.013062E-01
9.503404E+03	-1.685801E+01	1.181279E-01	1.013112E-01
9.503604E+03	-1.685761E+01	1.182417E-01	1.013129E-01
9.503804E+03	-1.685729E+01	1.181084E-01	1.013145E-01
9.504004E+03	-1.685705E+01	1.179374E-01	1.013162E-01
9.504204E+03	-1.685693E+01	1.174082E-01	1.013179E-01
9.504404E+03	-1.685677E+01	1.169673E-01	1.013195E-01
9.504604E+03	-1.685646E+01	1.150106E-01	1.013212E-01
9.504804E+03	-1.685618E+01	1.148549E-01	1.013229E-01
9.505004E+03	-1.685590E+01	1.148568E-01	1.013245E-01
9.505204E+03	-1.685574E+01	1.145949E-01	1.013262E-01
9.505404E+03	-1.685555E+01	1.137408E-01	1.013278E-01
9.505604E+03	-1.685554E+01	1.137172E-01	1.013295E-01
9.505804E+03	-1.685570E+01	1.138331E-01	1.013312E-01
9.506004E+03	-1.685578E+01	1.138577E-01	1.013328E-01
9.506204E+03	-1.685593E+01	1.138793E-01	1.013345E-01
9.506404E+03	-1.685609E+01	1.139364E-01	1.013362E-01
9.506604E+03	-1.685617E+01	1.133742E-01	1.013378E-01
9.506804E+03	-1.685620E+01	1.124156E-01	1.013395E-01
9.507004E+03	-1.685632E+01	1.124462E-01	1.013411E-01
9.507204E+03	-1.685644E+01	1.122482E-01	1.013428E-01
9.507404E+03	-1.685651E+01	1.122292E-01	1.013445E-01
9.507605E+03	-1.685651E+01	1.110232E-01	1.013461E-01
9.507805E+03	-1.685647E+01	1.096259E-01	1.013478E-01
9.508005E+03	-1.685667E+01	1.089896E-01	1.013495E-01
9.508205E+03	-1.685710E+01	1.090157E-01	1.013511E-01
9.508405E+03	-1.685741E+01	1.096400E-01	1.013528E-01
9.508605E+03	-1.685781E+01	1.076170E-01	1.013545E-01
9.508805E+03	-1.685828E+01	1.071450E-01	1.013561E-01
9.509005E+03	-1.685851E+01	1.071283E-01	1.013578E-01
9.509205E+03	-1.685847E+01	1.067385E-01	1.013594E-01
9.509405E+03	-1.685843E+01	1.062181E-01	1.013611E-01
9.509605E+03	-1.685843E+01	1.051610E-01	1.013628E-01
9.509805E+03	-1.685839E+01	1.039045E-01	1.013644E-01
9.510005E+03	-1.685831E+01	1.038104E-01	1.013661E-01
9.510205E+03	-1.685819E+01	1.037701E-01	1.013678E-01
9.510405E+03	-1.685811E+01	1.039569E-01	1.013694E-01
9.510605E+03	-1.685818E+01	1.039126E-01	1.013711E-01
9.510805E+03	-1.685810E+01	1.041626E-01	1.013727E-01
9.511005E+03	-1.685794E+01	1.055760E-01	1.013744E-01
9.511205E+03	-1.685806E+01	1.066966E-01	1.013761E-01
9.511405E+03	-1.685838E+01	1.071624E-01	1.013777E-01
9.511605E+03	-1.685865E+01	1.074645E-01	1.013794E-01
9.511805E+03	-1.685877E+01	1.081358E-01	1.013810E-01
9.512005E+03	-1.685869E+01	1.084924E-01	1.013827E-01
9.512204E+03	-1.685865E+01	1.084865E-01	1.013844E-01
9.512405E+03	-1.685876E+01	1.084647E-01	1.013860E-01
9.512605E+03	-1.685872E+01	1.079793E-01	1.013877E-01
9.512806E+03	-1.685864E+01	1.078091E-01	1.013894E-01
9.513005E+03	-1.685860E+01	1.085716E-01	1.013910E-01
9.513206E+03	-1.685848E+01	1.092309E-01	1.013927E-01
9.513405E+03	-1.685816E+01	1.089139E-01	1.013943E-01
9.513605E+03	-1.685792E+01	1.082810E-01	1.013960E-01
9.513805E+03	-1.685776E+01	1.083760E-01	1.013977E-01
9.514005E+03	-1.685764E+01	1.088246E-01	1.013993E-01
9.514205E+03	-1.685752E+01	1.086487E-01	1.014010E-01
9.514405E+03	-1.685736E+01	1.081866E-01	1.014027E-01
9.514605E+03	-1.685720E+01	1.081472E-01	1.014043E-01
9.514805E+03	-1.685689E+01	1.080726E-01	1.014060E-01
9.515005E+03	-1.685625E+01	1.079945E-01	1.014076E-01
9.515205E+03	-1.685562E+01	1.077869E-01	1.014093E-01
9.515405E+03	-1.685527E+01	1.076480E-01	1.014110E-01
9.515605E+03	-1.685526E+01	1.071881E-01	1.014126E-01
9.515805E+03	-1.685538E+01	1.072762E-01	1.014143E-01
9.516005E+03	-1.685554E+01	1.074763E-01	1.014159E-01
9.516205E+03	-1.685573E+01	1.074541E-01	1.014176E-01
9.516405E+03	-1.685577E+01	1.077157E-01	1.014193E-01
9.516605E+03	-1.685581E+01	1.072414E-01	1.014209E-01
9.516805E+03	-1.685557E+01	1.071871E-01	1.014226E-01
9.517005E+03	-1.685510E+01	1.069096E-01	1.014242E-01
9.517205E+03	-1.685494E+01	1.071459E-01	1.014259E-01
9.517406E+03	-1.685501E+01	1.072281E-01	1.014276E-01
9.517606E+03	-1.685517E+01	1.072355E-01	1.014292E-01
9.517806E+03	-1.685548E+01	1.073407E-01	1.014309E-01
9.518006E+03	-1.685548E+01	1.073643E-01	1.014326E-01
9.518206E+03	-1.685516E+01	1.072355E-01	1.014342E-01
9.518406E+03	-1.685524E+01	1.069011E-01	1.014359E-01
9.518606E+03	-1.685567E+01	1.068228E-01	1.014375E-01
9.518806E+03	-1.685606E+01	1.068330E-01	1.014392E-01
9.519006E+03	-1.685634E+01	1.067156E-01	1.014409E-01
9.519206E+03	-1.685669E+01	1.068462E-01	1.014425E-01
9.519406E+03	-1.685685E+01	1.075991E-01	1.014442E-01
9.521606E+03	-1.685655E+01	1.081064E-01	1.014624E-01
9.521806E+03	-1.685608E+01	1.079927E-01	1.014641E-01
9.522006E+03	-1.685564E+01	1.094628E-01	1.014658E-01
9.522206E+03	-1.685533E+01	1.098239E-01	1.014674E-01
9.522407E+03	-1.685521E+01	1.102736E-01	1.014691E-01
9.522607E+03	-1.685525E+01	1.112152E-01	1.014708E-01
9.522807E+03	-1.685524E+01	1.113921E-01	1.014724E-01
9.523007E+03	-1.685528E+01	1.113472E-01	1.014741E-01
9.523207E+03	-1.685548E+01	1.112639E-01	1.014757E-01
9.523407E+03	-1.685544E+01	1.112656E-01	1.014774E-01
9.523607E+03	-1.685516E+01	1.112187E-01	1.014791E-01
9.523807E+03	-1.685492E+01	1.111033E-01	1.014807E-01
9.524007E+03	-1.685488E+01	1.109283E-01	1.014824E-01
9.524207E+03	-1.685504E+01	1.105245E-01	1.014840E-01
9.524407E+03	-1.685515E+01	1.101732E-01	1.014857E-01
9.524607E+03	-1.685511E+01	1.101829E-01	1.014874E-01
9.524807E+03	-1.685476E+01	1.102189E-01	1.014890E-01
9.525007E+03	-1.685456E+01	1.099258E-01	1.014907E-01
9.525207E+03	-1.685491E+01	1.096460E-01	1.014923E-01
9.525406E+03	-1.685518E+01	1.098019E-01	1.014940E-01
9.525606E+03	-1.685514E+01	1.096820E-01	1.014956E-01
9.525807E+03	-1.685502E+01	1.096679E-01	1.014973E-01
9.526006E+03	-1.685498E+01	1.094223E-01	1.014990E-01
9.526207E+03	-1.685482E+01	1.094809E-01	1.015006E-01
9.526406E+03	-1.685443E+01	1.093152E-01	1.015023E-01
9.526606E+03	-1.685396E+01	1.092125E-01	1.015039E-01
9.526806E+03	-1.685360E+01	1.089711E-01	1.015056E-01
9.527006E+03	-1.685348E+01	1.090826E-01	1.015073E-01
9.527207E+03	-1.685329E+01	1.089748E-01	1.015089E-01
9.527407E+03	-1.685293E+01	1.087261E-01	1.015106E-01
9.527607E+03	-1.685281E+01	1.089470E-01	1.015122E-01
9.527807E+03	-1.685285E+01	1.089802E-01	1.015139E-01
9.528007E+03	-1.685257E+01	1.089116E-01	1.015156E-01
9.528207E+03	-1.685195E+01	1.085834E-01	1.015172E-01
9.528407E+03	-1.685144E+01	1.078643E-01	1.015189E-01
9.528607E+03	-1.685128E+01	1.073582E-01	1.015205E-01
9.528807E+03	-1.685151E+01	1.070574E-01	1.015222E-01
9.529007E+03	-1.685179E+01	1.068673E-01	1.015239E-01
9.529207E+03	-1.685194E+01	1.067379E-01	1.015255E-01
9.529407E+03	-1.685202E+01	1.067532E-01	1.015272E-01
9.529607E+03	-1.685217E+01	1.068228E-01	1.015288E-01
9.529807E+03	-1.685240E+01	1.069273E-01	1.015305E-01
9.530007E+03	-1.685252E+01	1.070069E-01	1.015322E-01
9.530207E+03	-1.685244E+01	1.071361E-01	1.015338E-01
9.530407E+03	-1.685224E+01	1.072246E-01	1.015355E-01
9.530607E+03	-1.685193E+01	1.072607E-01	1.015371E-01
9.530807E+03	-1.685181E+01	1.073098E-01	1.015388E-01
9.531007E+03	-1.685204E+01	1.075004E-01	1.015404E-01
9.531207E+03	-1.685216E+01	1.070375E-01	1.015421E-01
9.531407E+03	-1.685212E+01	1.066063E-01	1.015438E-01
9.531607E+03	-1.685200E+01	1.064098E-01	1.015454E-01
9.531807E+03	-1.685192E+01	1.066677E-01	1.015471E-01
9.532007E+03	-1.685188E+01	1.064903E-01	1.015487E-01
9.532208E+03	-1.685160E+01	1.064273E-01	1.015504E-01
9.532408E+03	-1.685113E+01	1.065309E-01	1.015521E-01
9.532608E+03	-1.685074E+01	1.065950E-01	1.015537E-01
9.532808E+03	-1.685086E+01	1.066470E-01	1.015554E-01
9.533008E+03	-1.685140E+01	1.064536E-01	1.015570E-01
9.533208E+03	-1.685171E+01	1.068967E-01	1.015587E-01
9.533408E+03	-1.685148E+01	1.072951E-01	1.015604E-01
9.533608E+03	-1.685077E+01	1.072427E-01	1.015620E-01
9.533808E+03	-1.685007E+01	1.070467E-01	1.015637E-01
9.534008E+03	-1.684980E+01	1.068982E-01	1.015653E-01
9.534208E+03	-1.684964E+01	1.067940E-01	1.015670E-01
9.534408E+03	-1.684933E+01	1.067138E-01	1.015686E-01
9.534608E+03	-1.684867E+01	1.065791E-01	1.015703E-01
9.534808E+03	-1.684809E+01	1.065373E-01	1.015720E-01
9.535008E+03	-1.684812E+01	1.065545E-01	1.015736E-01
9.535208E+03	-1.684874E+01	1.071521E-01	1.015753E-01
9.535408E+03	-1.684913E+01	1.076742E-01	1.015769E-01
9.535608E+03	-1.684901E+01	1.075213E-01	1.015786E-01
9.535808E+03	-1.684878E+01	1.073902E-01	1.015803E-01
9.536008E+03	-1.684858E+01	1.074081E-01	1.015819E-01
9.536208E+03	-1.684842E+01	1.078343E-01	1.015836E-01
9.536408E+03	-1.684850E+01	1.087943E-01	1.015852E-01
9.536608E+03	-1.684858E+01	1.094371E-01	1.015869E-01
9.536808E+03	-1.684842E+01	1.094329E-01	1.015885E-01
9.537009E+03	-1.684834E+01	1.093360E-01	1.015902E-01
9.537209E+03	-1.684869E+01	1.091023E-01	1.015919E-01
9.537409E+03	-1.684919E+01	1.091979E-01	1.015935E-01
9.537609E+03	-1.684915E+01	1.096147E-01	1.015952E-01
9.537809E+03	-1.684880E+01	1.097746E-01	1.015968E-01
9.538009E+03	-1.684868E+01	1.096678E-01	1.015985E-01
9.538209E+03	-1.684883E+01	1.093078E-01	1.016002E-01
9.538408E+03	-1.684903E+01	1.092442E-01	1.016018E-01
9.538609E+03	-1.684902E+01	1.092636E-01	1.016035E-01
9.538808E+03	-1.684871E+01	1.091391E-01	1.016051E-01
9.539008E+03	-1.684852E+01	1.090673E-01	1.016068E-01
9.539209E+03	-1.684875E+01	1.091489E-01	1.016084E-01
9.539408E+03	-1.684909E+01	1.093064E-01	1.016101E-01
9.539608E+03	-1.684917E+01	1.094422E-01	1.016117E-01
9.539808E+03	-1.684905E+01	1.095680E-01	1.016134E-01
9.540008E+03	-1.684874E+01	1.089629E-01	1.016151E-01
9.540208E+03	-1.684843E+01	1.079484E-01	1.016167E-01
9.540408E+03	-1.684835E+01	1.079253E-01	1.016184E-01
9.540608E+03	-1.684854E+01	1.076172E-01	1.016200E-01
9.540808E+03	-1.684881E+01	1.071071E-01	1.016217E-01
9.541008E+03	-1.684877E+01	1.068535E-01	1.016233E-01
9.541208E+03	-1.684830E+01	1.067276E-01	1.016250E-01
9.541408E+03	-1.684761E+01	1.062090E-01	1.016267E-01
9.541608E+03	-1.684718E+01	1.061051E-01	1.016283E-01
9.541808E+03	-1.684706E+01	1.060112E-01	1.016300E-01
9.542009E+03	-1.684702E+01	1.057896E-01	1.016316E-01
9.542209E+03	-1.684702E+01	1.062835E-01	1.016333E-01
9.542409E+03	-1.684694E+01	1.064266E-01	1.016349E-01
9.542609E+03	-1.684679E+01	1.068748E-01	1.016366E-01
9.542809E+03	-1.684678E+01	1.073144E-01	1.016383E-01
9.543009E+03	-1.684671E+01	1.074149E-01	1.016399E-01
9.543209E+03	-1.684620E+01	1.076146E-01	1.016416E-01
9.543409E+03	-1.684528E+01	1.066904E-01	1.016432E-01
9.543609E+03	-1.684432E+01	1.055882E-01	1.016449E-01
9.543809E+03	-1.684366E+01	1.056520E-01	1.016465E-01
9.544009E+03	-1.684378E+01	1.059136E-01	1.016482E-01
9.544209E+03	-1.684443E+01	1.047033E-01	1.016499E-01
9.544409E+03	-1.684489E+01	1.049987E-01	1.016515E-01
9.544609E+03	-1.684393E+01	1.039663E-01	1.016532E-01
9.544809E+03	-1.684320E+01	1.027098E-01	1.016548E-01
9.545009E+03	-1.684331E+01	1.014514E-01	1.016565E-01
9.545209E+03	-1.684369E+01	1.016137E-01	1.016581E-01
9.545409E+03	-1.684384E+01	9.933955E-02	1.016598E-01
9.545609E+03	-1.684334E+01	9.793628E-02	1.016614E-01
9.545809E+03	-1.684277E+01	9.817768E-02	1.016631E-01
9.546009E+03	-1.684265E+01	9.838099E-02	1.016648E-01
9.546209E+03	-1.684253E+01	9.854600E-02	1.016664E-01
9.546409E+03	-1.684204E+01	9.858225E-02	1.016681E-01
9.546609E+03	-1.684162E+01	9.861667E-02	1.016697E-01
9.546810E+03	-1.684173E+01	9.852065E-02	1.016714E-01
9.547010E+03	-1.684234E+01	9.836144E-02	1.016730E-01
9.547210E+03	-1.684306E+01	9.877073E-02	1.016747E-01
9.547410E+03	-1.684352E+01	9.867615E-02	1.016764E-01
9.547610E+03	-1.684356E+01	9.848960E-02	1.016780E-01
9.547810E+03	-1.684313E+01	9.837506E-02	1.016797E-01
9.548010E+03	-1.684252E+01	9.849253E-02	1.016813E-01
9.548210E+03	-1.684214E+01	9.844797E-02	1.016830E-01
9.548410E+03	-1.684194E+01	9.847721E-02	1.016846E-01
9.548610E+03	-1.684194E+01	9.839329E-02	1.016863E-01
9.548810E+03	-1.684209E+01	9.825235E-02	1.016879E-01
9.549010E+03	-1.684213E+01	9.830678E-02	1.016896E-01
9.549210E+03	-1.684186E+01	9.827305E-02	1.016913E-01
9.549410E+03	-1.684136E+01	9.846954E-02	1.016929E-01
9.549610E+03	-1.684094E+01	9.841268E-02	1.016946E-01
9.549810E+03	-1.684079E+01	9.847331E-02	1.016962E-01
9.550010E+03	-1.684090E+01	9.851441E-02	1.016979E-01
9.550210E+03	-1.684086E+01	9.842207E-02	1.016995E-01
9.550410E+03	-1.684052E+01	9.835974E-02	1.017012E-01
9.550610E+03	-1.684033E+01	9.832810E-02	1.017028E-01
9.550810E+03	-1.683998E+01	9.820136E-02	1.017045E-01
9.551010E+03	-1.683915E+01	9.651578E-02	1.017062E-01
9.551210E+03	-1.683846E+01	9.505513E-02	1.017078E-01
9.551409E+03	-1.683831E+01	9.494258E-02	1.017095E-01
9.551611E+03	-1.683827E+01	9.496457E-02	1.017111E-01
9.551810E+03	-1.683812E+01	9.469707E-02	1.017128E-01
9.552011E+03	-1.683819E+01	9.445262E-02	1.017144E-01
9.552210E+03	-1.683834E+01	9.450066E-02	1.017161E-01
9.552410E+03	-1.683815E+01	9.425533E-02	1.017177E-01
9.552610E+03	-1.683766E+01	9.334045E-02	1.017194E-01
9.552810E+03	-1.683724E+01	9.300596E-02	1.017211E-01
9.553010E+03	-1.683690E+01	9.303886E-02	1.017227E-01
9.553210E+03	-1.683645E+01	9.288930E-02	1.017244E-01
9.553410E+03	-1.683614E+01	9.267057E-02	1.017260E-01
9.553610E+03	-1.683595E+01	9.283360E-02	1.017277E-01
9.553810E+03	-1.683584E+01	9.262140E-02	1.017293E-01
9.554610E+03	-1.683591E+01	9.230263E-02	1.017359E-01
9.554810E+03	-1.683594E+01	9.228805E-02	1.017376E-01
9.555010E+03	-1.683579E+01	9.212444E-02	1.017393E-01
9.555210E+03	-1.683575E+01	9.178551E-02	1.017409E-01
9.555410E+03	-1.683564E+01	9.140449E-02	1.017426E-01
9.555610E+03	-1.683522E+01	9.123114E-02	1.017442E-01
9.555810E+03	-1.683458E+01	9.131099E-02	1.017459E-01
9.556010E+03	-1.683398E+01	9.118499E-02	1.017475E-01
9.556210E+03	-1.683364E+01	9.105438E-02	1.017492E-01
9.556410E+03	-1.683338E+01	9.107429E-02	1.017508E-01
9.556611E+03	-1.683315E+01	9.124782E-02	1.017525E-01
9.556811E+03	-1.683315E+01	9.124409E-02	1.017541E-01
9.557011E+03	-1.683296E+01	9.135804E-02	1.017558E-01
9.557211E+03	-1.683270E+01	9.128064E-02	1.017575E-01
9.557411E+03	-1.683270E+01	9.140388E-02	1.017591E-01
9.557611E+03	-1.683285E+01	9.149511E-02	1.017608E-01
9.557811E+03	-1.683288E+01	9.134979E-02	1.017624E-01
9.558011E+03	-1.683284E+01	9.128590E-02	1.017641E-01
9.558211E+03	-1.683288E+01	9.134979E-02	1.017657E-01
9.558411E+03	-1.683280E+01	9.131540E-02	1.017674E-01
9.558611E+03	-1.683284E+01	9.118129E-02	1.017690E-01
9.558811E+03	-1.683299E+01	9.060352E-02	1.017707E-01
9.559011E+03	-1.683291E+01	9.059541E-02	1.017723E-01
9.559211E+03	-1.683265E+01	9.033923E-02	1.017740E-01
9.559411E+03	-1.683242E+01	9.028145E-02	1.017757E-01
9.559611E+03	-1.683223E+01	9.051874E-02	1.017773E-01
9.559811E+03	-1.683193E+01	9.032982E-02	1.017790E-01
9.560011E+03	-1.683145E+01	9.056429E-02	1.017806E-01
9.560211E+03	-1.683096E+01	9.120370E-02	1.017823E-01
9.560411E+03	-1.683074E+01	9.122006E-02	1.017839E-01
9.560611E+03	-1.683073E+01	9.123865E-02	1.017856E-01
9.560811E+03	-1.683073E+01	9.101929E-02	1.017872E-01
9.561011E+03	-1.683073E+01	9.099698E-02	1.017889E-01
9.561211E+03	-1.683103E+01	9.054964E-02	1.017905E-01
9.561412E+03	-1.683125E+01	8.900673E-02	1.017922E-01
9.561612E+03	-1.683162E+01	8.812933E-02	1.017938E-01
9.561812E+03	-1.683188E+01	8.814500E-02	1.017955E-01
9.562012E+03	-1.683180E+01	8.789133E-02	1.017972E-01
9.562212E+03	-1.683191E+01	8.691855E-02	1.017988E-01
9.562412E+03	-1.683206E+01	8.651206E-02	1.018005E-01
9.562612E+03	-1.683213E+01	8.662763E-02	1.018021E-01
9.562812E+03	-1.683224E+01	8.650818E-02	1.018038E-01
9.563012E+03	-1.683220E+01	8.662013E-02	1.018054E-01
9.563212E+03	-1.683228E+01	8.673203E-02	1.018071E-01
9.563412E+03	-1.683261E+01	8.586932E-02	1.018087E-01
9.563612E+03	-1.683287E+01	8.508405E-02	1.018104E-01
9.563812E+03	-1.683291E+01	8.500169E-02	1.018120E-01
9.564012E+03	-1.683268E+01	8.513711E-02	1.018137E-01
9.564212E+03	-1.683205E+01	8.579600E-02	1.018153E-01
9.564412E+03	-1.683152E+01	8.781994E-02	1.018170E-01
9.564612E+03	-1.683174E+01	8.919938E-02	1.018186E-01
9.564811E+03	-1.683260E+01	8.993593E-02	1.018203E-01
9.565012E+03	-1.683331E+01	9.245449E-02	1.018219E-01
9.565211E+03	-1.683368E+01	9.331660E-02	1.018236E-01
9.565412E+03	-1.683375E+01	9.331022E-02	1.018253E-01
9.565611E+03	-1.683386E+01	9.333811E-02	1.018269E-01
9.565811E+03	-1.683424E+01	9.341867E-02	1.018285E-01
9.566011E+03	-1.683431E+01	9.352478E-02	1.018302E-01
9.566211E+03	-1.683412E+01	9.328206E-02	1.018319E-01
9.566412E+03	-1.683405E+01	9.334465E-02	1.018335E-01
9.566612E+03	-1.683431E+01	9.395592E-02	1.018352E-01
9.566812E+03	-1.683475E+01	9.401582E-02	1.018368E-01
9.567012E+03	-1.683483E+01	9.403958E-02	1.018385E-01
9.567212E+03	-1.683456E+01	9.438412E-02	1.018401E-01
9.567412E+03	-1.683422E+01	9.437077E-02	1.018418E-01
9.567612E+03	-1.683396E+01	9.411524E-02	1.018434E-01
9.568212E+03	-1.683392E+01	9.421201E-02	1.018484E-01
9.569612E+03	-1.683383E+01	9.501596E-02	1.018599E-01
9.569812E+03	-1.683364E+01	9.539804E-02	1.018616E-01
9.570012E+03	-1.683349E+01	9.538387E-02	1.018633E-01
9.570212E+03	-1.683330E+01	9.574304E-02	1.018649E-01
9.570412E+03	-1.683323E+01	9.612674E-02	1.018666E-01
9.570612E+03	-1.683319E+01	9.645504E-02	1.018682E-01
9.570812E+03	-1.683296E+01	9.664818E-02	1.018699E-01
9.571012E+03	-1.683266E+01	9.653313E-02	1.018715E-01
9.571213E+03	-1.683247E+01	9.641696E-02	1.018732E-01
9.571413E+03	-1.683221E+01	9.560150E-02	1.018748E-01
9.571613E+03	-1.683180E+01	9.480294E-02	1.018765E-01
9.571813E+03	-1.683131E+01	9.471589E-02	1.018781E-01
9.572013E+03	-1.683086E+01	9.315663E-02	1.018798E-01
9.572213E+03	-1.683042E+01	9.312044E-02	1.018814E-01
9.572413E+03	-1.683008E+01	9.297080E-02	1.018831E-01
9.572613E+03	-1.682982E+01	9.196890E-02	1.018847E-01
9.572813E+03	-1.682945E+01	9.157151E-02	1.018864E-01
9.573013E+03	-1.682911E+01	9.167163E-02	1.018880E-01
9.573213E+03	-1.682885E+01	9.183538E-02	1.018897E-01
9.573413E+03	-1.682874E+01	9.197107E-02	1.018913E-01
9.573613E+03	-1.682896E+01	9.218480E-02	1.018930E-01
9.573813E+03	-1.682947E+01	9.229870E-02	1.018946E-01
9.574013E+03	-1.682977E+01	9.267349E-02	1.018963E-01
9.574213E+03	-1.682988E+01	9.290881E-02	1.018979E-01
9.574413E+03	-1.683003E+01	9.285147E-02	1.018996E-01
9.574613E+03	-1.683017E+01	9.290180E-02	1.019012E-01
9.574813E+03	-1.683013E+01	9.285301E-02	1.019029E-01
9.575013E+03	-1.683006E+01	9.288911E-02	1.019045E-01
9.575213E+03	-1.683017E+01	9.348492E-02	1.019062E-01
9.575413E+03	-1.683020E+01	9.403894E-02	1.019078E-01
9.575613E+03	-1.683046E+01	9.407298E-02	1.019095E-01
9.575813E+03	-1.683106E+01	9.444761E-02	1.019111E-01
9.576013E+03	-1.683146E+01	9.499866E-02	1.019128E-01
9.576214E+03	-1.683146E+01	9.498003E-02	1.019145E-01
9.576414E+03	-1.683131E+01	9.509269E-02	1.019161E-01
9.576614E+03	-1.683127E+01	9.505475E-02	1.019178E-01
9.576814E+03	-1.683164E+01	9.507669E-02	1.019194E-01
9.577014E+03	-1.683231E+01	9.516032E-02	1.019211E-01
9.577214E+03	-1.683298E+01	9.543114E-02	1.019227E-01
9.577414E+03	-1.683339E+01	9.581346E-02	1.019244E-01
9.577613E+03	-1.683350E+01	9.559868E-02	1.019260E-01
9.577814E+03	-1.683354E+01	9.556949E-02	1.019277E-01
9.578013E+03	-1.683354E+01	9.558821E-02	1.019293E-01
9.578213E+03	-1.683357E+01	9.594086E-02	1.019310E-01
9.578414E+03	-1.683350E+01	9.672157E-02	1.019326E-01
9.578613E+03	-1.683342E+01	9.677226E-02	1.019343E-01
9.578813E+03	-1.683334E+01	9.702125E-02	1.019359E-01
9.579013E+03	-1.683312E+01	9.712445E-02	1.019376E-01
9.579213E+03	-1.683282E+01	9.713607E-02	1.019392E-01
9.579413E+03	-1.683240E+01	9.713008E-02	1.019409E-01
9.579613E+03	-1.683207E+01	9.701395E-02	1.019425E-01
9.579813E+03	-1.683192E+01	9.708132E-02	1.019442E-01
9.580013E+03	-1.683184E+01	9.699007E-02	1.019458E-01
9.580213E+03	-1.683195E+01	9.681738E-02	1.019475E-01
9.580413E+03	-1.683251E+01	9.674807E-02	1.019491E-01
9.580613E+03	-1.683307E+01	9.653274E-02	1.019508E-01
9.580813E+03	-1.683251E+01	9.599742E-02	1.019524E-01
9.581014E+03	-1.683277E+01	9.545734E-02	1.019541E-01
9.581214E+03	-1.683288E+01	9.553058E-02	1.019557E-01
9.581414E+03	-1.683265E+01	9.577641E-02	1.019574E-01
9.581614E+03	-1.683254E+01	9.615880E-02	1.019590E-01
9.581814E+03	-1.683265E+01	9.578762E-02	1.019607E-01
9.582014E+03	-1.683250E+01	9.567998E-02	1.019623E-01
9.582214E+03	-1.683208E+01	9.558210E-02	1.019640E-01
9.582414E+03	-1.683182E+01	9.539414E-02	1.019656E-01
9.582614E+03	-1.683156E+01	9.534057E-02	1.019673E-01
9.582814E+03	-1.683092E+01	9.517937E-02	1.019689E-01
9.583014E+03	-1.683025E+01	9.501423E-02	1.019706E-01
9.583214E+03	-1.683006E+01	9.475077E-02	1.019722E-01
9.583414E+03	-1.683025E+01	9.444577E-02	1.019739E-01
9.583614E+03	-1.683006E+01	9.439796E-02	1.019755E-01
9.583814E+03	-1.682958E+01	9.442297E-02	1.019772E-01
9.584014E+03	-1.682913E+01	9.442635E-02	1.019788E-01
9.584214E+03	-1.682883E+01	9.444340E-02	1.019805E-01
9.584414E+03	-1.682872E+01	9.447849E-02	1.019821E-01
9.584614E+03	-1.682909E+01	9.454798E-02	1.019838E-01
9.584814E+03	-1.683001E+01	9.462384E-02	1.019854E-01
9.585014E+03	-1.683105E+01	9.486209E-02	1.019871E-01
9.585214E+03	-1.683202E+01	9.467851E-02	1.019887E-01
9.585414E+03	-1.683269E+01	9.442533E-02	1.019904E-01
9.585614E+03	-1.683318E+01	9.450113E-02	1.019920E-01
9.585814E+03	-1.683396E+01	9.467612E-02	1.019937E-01
9.586015E+03	-1.683490E+01	9.478316E-02	1.019953E-01
9.586215E+03	-1.683531E+01	9.430201E-02	1.019970E-01
9.586415E+03	-1.683512E+01	9.313020E-02	1.019986E-01
9.586615E+03	-1.683512E+01	9.229603E-02	1.020003E-01
9.586815E+03	-1.683553E+01	9.238396E-02	1.020019E-01
9.587015E+03	-1.683602E+01	9.251820E-02	1.020036E-01
9.587215E+03	-1.683624E+01	9.258143E-02	1.020052E-01
9.587415E+03	-1.683650E+01	9.351222E-02	1.020069E-01
9.587615E+03	-1.683684E+01	9.385695E-02	1.020085E-01
9.587815E+03	-1.683707E+01	9.381908E-02	1.020102E-01
9.588015E+03	-1.683721E+01	9.394611E-02	1.020118E-01
9.588215E+03	-1.683740E+01	9.388119E-02	1.020135E-01
9.588415E+03	-1.683740E+01	9.379431E-02	1.020151E-01
9.588615E+03	-1.683736E+01	9.377860E-02	1.020167E-01
9.588815E+03	-1.683762E+01	9.412296E-02	1.020184E-01
9.589015E+03	-1.683800E+01	9.454539E-02	1.020200E-01
9.589215E+03	-1.683811E+01	9.459659E-02	1.020217E-01
9.589415E+03	-1.683811E+01	9.452091E-02	1.020233E-01
9.589615E+03	-1.683830E+01	9.480437E-02	1.020250E-01
9.589815E+03	-1.683849E+01	9.488357E-02	1.020266E-01
9.590015E+03	-1.683852E+01	9.487670E-02	1.020283E-01
9.590215E+03	-1.683848E+01	9.476996E-02	1.020299E-01
9.590415E+03	-1.683894E+01	9.483891E-02	1.020316E-01
9.590614E+03	-1.683950E+01	9.492908E-02	1.020332E-01
9.590816E+03	-1.683943E+01	9.479484E-02	1.020349E-01
9.591015E+03	-1.683908E+01	9.480377E-02	1.020365E-01
9.591216E+03	-1.683900E+01	9.468484E-02	1.020382E-01
9.591415E+03	-1.683908E+01	9.470517E-02	1.020398E-01
9.591615E+03	-1.683919E+01	9.470723E-02	1.020415E-01
9.591815E+03	-1.683953E+01	9.458812E-02	1.020431E-01
9.592015E+03	-1.684021E+01	9.490448E-02	1.020448E-01
9.592215E+03	-1.684101E+01	9.501835E-02	1.020464E-01
9.592415E+03	-1.684143E+01	9.488896E-02	1.020481E-01
9.592615E+03	-1.684185E+01	9.456468E-02	1.020497E-01
9.592815E+03	-1.684226E+01	9.438112E-02	1.020514E-01
9.593015E+03	-1.684257E+01	9.407675E-02	1.020530E-01
9.593215E+03	-1.684257E+01	9.401176E-02	1.020547E-01
9.593415E+03	-1.684257E+01	9.368298E-02	1.020563E-01
9.593615E+03	-1.684253E+01	9.349507E-02	1.020580E-01
9.593815E+03	-1.684233E+01	9.322850E-02	1.020596E-01
9.594015E+03	-1.684252E+01	9.306693E-02	1.020612E-01
9.594215E+03	-1.684286E+01	9.293412E-02	1.020629E-01
9.594415E+03	-1.684279E+01	9.333086E-02	1.020645E-01
9.594615E+03	-1.684240E+01	9.253025E-02	1.020662E-01
9.594815E+03	-1.684236E+01	9.242658E-02	1.020678E-01
9.595015E+03	-1.684282E+01	9.274232E-02	1.020695E-01
9.595215E+03	-1.684332E+01	9.255758E-02	1.020711E-01
9.595415E+03	-1.684347E+01	9.268984E-02	1.020728E-01
9.595615E+03	-1.684358E+01	9.281785E-02	1.020744E-01
9.595816E+03	-1.684369E+01	9.246678E-02	1.020761E-01
9.596016E+03	-1.684369E+01	9.237861E-02	1.020777E-01
9.596216E+03	-1.684342E+01	9.223347E-02	1.020794E-01
9.596416E+03	-1.684331E+01	9.209417E-02	1.020810E-01
9.596616E+03	-1.684361E+01	9.205188E-02	1.020827E-01
9.596816E+03	-1.684415E+01	9.206598E-02	1.020843E-01
9.597016E+03	-1.684453E+01	9.205906E-02	1.020860E-01
9.597216E+03	-1.684495E+01	9.186806E-02	1.020876E-01
9.597416E+03	-1.684529E+01	9.152579E-02	1.020893E-01
9.597616E+03	-1.684548E+01	9.149707E-02	1.020909E-01
9.597816E+03	-1.684548E+01	9.150477E-02	1.020926E-01
9.598016E+03	-1.684540E+01	9.121531E-02	1.020942E-01
9.598216E+03	-1.684533E+01	9.115297E-02	1.020958E-01
9.598416E+03	-1.684509E+01	9.153526E-02	1.020975E-01
9.598616E+03	-1.684471E+01	9.190383E-02	1.020991E-01
9.598816E+03	-1.684444E+01	9.188151E-02	1.021008E-01
9.599016E+03	-1.684451E+01	9.198609E-02	1.021024E-01
9.599216E+03	-1.684455E+01	9.177145E-02	1.021041E-01
9.599416E+03	-1.684405E+01	9.266356E-02	1.021057E-01
9.599616E+03	-1.684359E+01	9.357337E-02	1.021074E-01
9.599816E+03	-1.684381E+01	9.329701E-02	1.021090E-01
9.600016E+03	-1.684381E+01	9.287905E-02	1.021107E-01
9.600216E+03	-1.684373E+01	9.288949E-02	1.021123E-01
9.600416E+03	-1.684392E+01	9.289982E-02	1.021140E-01
9.600617E+03	-1.684427E+01	9.324242E-02	1.021156E-01
9.600817E+03	-1.684438E+01	9.404658E-02	1.021173E-01
9.601017E+03	-1.684438E+01	9.434223E-02	1.021189E-01
9.601217E+03	-1.684461E+01	9.426553E-02	1.021206E-01
9.601417E+03	-1.684503E+01	9.438426E-02	1.021222E-01
9.601617E+03	-1.684553E+01	9.495885E-02	1.021239E-01
9.601817E+03	-1.684614E+01	9.509758E-02	1.021255E-01
9.602017E+03	-1.684653E+01	9.520136E-02	1.021271E-01
9.602217E+03	-1.684691E+01	9.535554E-02	1.021288E-01
9.602417E+03	-1.684757E+01	9.569332E-02	1.021304E-01
9.602617E+03	-1.684842E+01	9.586568E-02	1.021321E-01
9.602817E+03	-1.684904E+01	9.591737E-02	1.021337E-01
9.603017E+03	-1.684950E+01	9.591544E-02	1.021354E-01
9.603217E+03	-1.684981E+01	9.599191E-02	1.021370E-01
9.603416E+03	-1.685000E+01	9.596877E-02	1.021387E-01
9.603617E+03	-1.685023E+01	9.580243E-02	1.021403E-01
9.603817E+03	-1.685039E+01	9.583289E-02	1.021420E-01
9.604016E+03	-1.685027E+01	9.581101E-02	1.021436E-01
9.604217E+03	-1.685000E+01	9.576261E-02	1.021453E-01
9.604416E+03	-1.684980E+01	9.567698E-02	1.021469E-01
9.604617E+03	-1.684945E+01	9.546009E-02	1.021485E-01
9.604816E+03	-1.684929E+01	9.540653E-02	1.021502E-01
9.605016E+03	-1.684913E+01	9.529478E-02	1.021518E-01
9.605216E+03	-1.684874E+01	9.519028E-02	1.021535E-01
9.605417E+03	-1.684851E+01	9.552308E-02	1.021551E-01
9.605617E+03	-1.684855E+01	9.567505E-02	1.021568E-01
9.605817E+03	-1.684890E+01	9.566274E-02	1.021584E-01
9.606017E+03	-1.684940E+01	9.556032E-02	1.021601E-01
9.606217E+03	-1.684936E+01	9.561781E-02	1.021617E-01
9.606417E+03	-1.684889E+01	9.549590E-02	1.021634E-01
9.606617E+03	-1.684897E+01	9.551684E-02	1.021650E-01
9.606817E+03	-1.684951E+01	9.567534E-02	1.021666E-01
9.607017E+03	-1.685009E+01	9.575333E-02	1.021683E-01
9.607217E+03	-1.685032E+01	9.605009E-02	1.021699E-01
9.607417E+03	-1.685024E+01	9.665952E-02	1.021716E-01
9.607617E+03	-1.685032E+01	9.683256E-02	1.021732E-01
9.607817E+03	-1.685036E+01	9.695026E-02	1.021749E-01
9.608017E+03	-1.685031E+01	9.717125E-02	1.021765E-01
9.608217E+03	-1.685051E+01	9.719535E-02	1.021782E-01
9.608417E+03	-1.685086E+01	9.726996E-02	1.021798E-01
9.608617E+03	-1.685089E+01	9.758664E-02	1.021815E-01
9.608817E+03	-1.685062E+01	9.805908E-02	1.021831E-01
9.609017E+03	-1.685046E+01	9.785256E-02	1.021847E-01
9.609217E+03	-1.685038E+01	9.799465E-02	1.021864E-01
9.609417E+03	-1.685046E+01	9.833935E-02	1.021880E-01
9.609617E+03	-1.685089E+01	9.784392E-02	1.021897E-01
9.609817E+03	-1.685143E+01	9.760795E-02	1.021913E-01
9.610017E+03	-1.685166E+01	9.764499E-02	1.021930E-01
9.610217E+03	-1.685178E+01	9.783149E-02	1.021946E-01
9.610418E+03	-1.685189E+01	9.809624E-02	1.021963E-01
9.610618E+03	-1.685189E+01	9.859637E-02	1.021979E-01
9.610818E+03	-1.685181E+01	9.866458E-02	1.021996E-01
9.611018E+03	-1.685181E+01	9.856301E-02	1.022012E-01
9.611218E+03	-1.685197E+01	9.834056E-02	1.022028E-01
9.611418E+03	-1.685228E+01	9.832145E-02	1.022045E-01
9.611618E+03	-1.685247E+01	9.910131E-02	1.022061E-01
9.611818E+03	-1.685251E+01	9.904763E-02	1.022078E-01
9.612018E+03	-1.685258E+01	9.899895E-02	1.022094E-01
9.612218E+03	-1.685294E+01	9.907539E-02	1.022111E-01
9.612418E+03	-1.685352E+01	9.907233E-02	1.022127E-01
9.612618E+03	-1.685403E+01	9.908668E-02	1.022144E-01
9.612818E+03	-1.685430E+01	9.912979E-02	1.022160E-01
9.613018E+03	-1.685454E+01	9.915611E-02	1.022176E-01
9.613218E+03	-1.685485E+01	9.918076E-02	1.022193E-01
9.613418E+03	-1.685536E+01	9.951433E-02	1.022209E-01
9.613618E+03	-1.685560E+01	9.943058E-02	1.022226E-01
9.613818E+03	-1.685540E+01	9.698259E-02	1.022242E-01
9.614018E+03	-1.685520E+01	9.563141E-02	1.022259E-01
9.614218E+03	-1.685543E+01	9.519889E-02	1.022275E-01
9.614418E+03	-1.685594E+01	9.299605E-02	1.022292E-01
9.614618E+03	-1.685586E+01	9.208400E-02	1.022308E-01
9.614818E+03	-1.685547E+01	9.190590E-02	1.022324E-01
9.615018E+03	-1.685495E+01	9.233283E-02	1.022341E-01
9.615219E+03	-1.685428E+01	9.315347E-02	1.022357E-01
9.615419E+03	-1.685401E+01	9.292567E-02	1.022374E-01
9.615619E+03	-1.685416E+01	9.318319E-02	1.022390E-01
9.615819E+03	-1.685428E+01	9.293344E-02	1.022407E-01
9.616019E+03	-1.685424E+01	9.219427E-02	1.022423E-01
9.616219E+03	-1.685420E+01	9.206022E-02	1.022440E-01
9.616419E+03	-1.685443E+01	9.219668E-02	1.022456E-01
9.616619E+03	-1.685478E+01	9.192567E-02	1.022473E-01
9.616818E+03	-1.685455E+01	9.177744E-02	1.022490E-01
9.617019E+03	-1.685431E+01	9.185336E-02	1.022508E-01
9.617219E+03	-1.685474E+01	9.186620E-02	1.022526E-01
9.617418E+03	-1.685505E+01	9.105502E-02	1.022543E-01
9.617619E+03	-1.685446E+01	9.051078E-02	1.022561E-01
9.617818E+03	-1.685383E+01	9.027390E-02	1.022578E-01
9.618018E+03	-1.685375E+01	8.968067E-02	1.022596E-01
9.618218E+03	-1.685371E+01	8.912318E-02	1.022613E-01
9.618418E+03	-1.685304E+01	8.850063E-02	1.022631E-01
9.618618E+03	-1.685284E+01	8.810824E-02	1.022648E-01
9.618818E+03	-1.685312E+01	8.865768E-02	1.022666E-01
9.619018E+03	-1.685323E+01	8.890513E-02	1.022684E-01
9.619218E+03	-1.685339E+01	8.894508E-02	1.022701E-01
9.619418E+03	-1.685323E+01	8.888161E-02	1.022719E-01
9.619618E+03	-1.685225E+01	8.886532E-02	1.022736E-01
9.619818E+03	-1.685146E+01	8.871335E-02	1.022754E-01
9.620018E+03	-1.685127E+01	8.805692E-02	1.022771E-01
9.620219E+03	-1.685126E+01	8.740523E-02	1.022789E-01
9.620419E+03	-1.685138E+01	8.708139E-02	1.022807E-01
9.620619E+03	-1.685153E+01	8.713614E-02	1.022824E-01
9.620819E+03	-1.685157E+01	8.698777E-02	1.022842E-01
9.621019E+03	-1.685149E+01	8.681985E-02	1.022859E-01
9.622019E+03	-1.685137E+01	8.704236E-02	1.022947E-01
9.622219E+03	-1.685168E+01	8.770264E-02	1.022964E-01
9.622419E+03	-1.685230E+01	8.842364E-02	1.022982E-01
9.622819E+03	-1.685226E+01	8.793456E-02	1.023017E-01
9.623019E+03	-1.685202E+01	8.761732E-02	1.023035E-01
9.623219E+03	-1.685225E+01	8.818490E-02	1.023052E-01
9.623419E+03	-1.685225E+01	8.805582E-02	1.023070E-01
9.623619E+03	-1.685182E+01	8.776547E-02	1.023087E-01
9.623819E+03	-1.685198E+01	8.776188E-02	1.023105E-01
9.624019E+03	-1.685283E+01	8.778718E-02	1.023122E-01
9.624219E+03	-1.685326E+01	8.735682E-02	1.023140E-01
9.624419E+03	-1.685318E+01	8.741945E-02	1.023158E-01
9.624619E+03	-1.685322E+01	8.714116E-02	1.023175E-01
9.624819E+03	-1.685314E+01	8.668251E-02	1.023193E-01
9.625020E+03	-1.685279E+01	8.669441E-02	1.023210E-01
9.625220E+03	-1.685232E+01	8.627206E-02	1.023228E-01
9.625420E+03	-1.685227E+01	8.626038E-02	1.023245E-01
9.625620E+03	-1.685239E+01	8.645978E-02	1.023263E-01
9.625820E+03	-1.685231E+01	8.631901E-02	1.023280E-01
9.626020E+03	-1.685258E+01	8.615817E-02	1.023298E-01
9.626220E+03	-1.685344E+01	8.584298E-02	1.023316E-01
9.626420E+03	-1.685438E+01	8.729917E-02	1.023333E-01
9.626620E+03	-1.685497E+01	8.834289E-02	1.023351E-01
9.626820E+03	-1.685532E+01	8.835592E-02	1.023368E-01
9.627020E+03	-1.685528E+01	8.783581E-02	1.023386E-01
9.627220E+03	-1.685508E+01	8.686677E-02	1.023403E-01
9.627420E+03	-1.685520E+01	8.700068E-02	1.023421E-01
9.627620E+03	-1.685579E+01	8.690622E-02	1.023438E-01
9.627820E+03	-1.685670E+01	8.707626E-02	1.023456E-01
9.628020E+03	-1.685749E+01	8.720335E-02	1.023473E-01
9.628220E+03	-1.685820E+01	8.776310E-02	1.023491E-01
9.628420E+03	-1.685891E+01	8.892848E-02	1.023508E-01
9.628620E+03	-1.685946E+01	8.875215E-02	1.023526E-01
9.628820E+03	-1.685954E+01	8.889969E-02	1.023544E-01
9.629020E+03	-1.685930E+01	8.924447E-02	1.023561E-01
9.629220E+03	-1.685902E+01	9.060583E-02	1.023579E-01
9.629420E+03	-1.685890E+01	9.063261E-02	1.023596E-01
9.629620E+03	-1.685926E+01	9.114459E-02	1.023614E-01
9.629819E+03	-1.685961E+01	9.170517E-02	1.023631E-01
9.630021E+03	-1.685957E+01	9.160924E-02	1.023649E-01
9.630220E+03	-1.685953E+01	9.251582E-02	1.023666E-01
9.630421E+03	-1.685985E+01	9.349135E-02	1.023684E-01
9.630621E+03	-1.686024E+01	9.403537E-02	1.023701E-01
9.630820E+03	-1.686040E+01	9.406990E-02	1.023719E-01
9.631020E+03	-1.686048E+01	9.411109E-02	1.023736E-01
9.631220E+03	-1.686044E+01	9.417022E-02	1.023754E-01
9.631420E+03	-1.686056E+01	9.421610E-02	1.023772E-01
9.631620E+03	-1.686067E+01	9.465290E-02	1.023789E-01
9.631820E+03	-1.686031E+01	9.493740E-02	1.023807E-01
9.632020E+03	-1.686007E+01	9.467006E-02	1.023824E-01
9.632220E+03	-1.686011E+01	9.449550E-02	1.023842E-01
9.632420E+03	-1.686003E+01	9.433478E-02	1.023859E-01
9.632620E+03	-1.685975E+01	9.431407E-02	1.023877E-01
9.632820E+03	-1.685927E+01	9.447684E-02	1.023894E-01
9.633020E+03	-1.685875E+01	9.432085E-02	1.023912E-01
9.633220E+03	-1.685843E+01	9.460112E-02	1.023929E-01
9.633420E+03	-1.685819E+01	9.576292E-02	1.023947E-01
9.633620E+03	-1.685807E+01	9.622836E-02	1.023964E-01
9.633820E+03	-1.685827E+01	9.628421E-02	1.023982E-01
9.634020E+03	-1.685862E+01	9.638328E-02	1.023999E-01
9.634220E+03	-1.685902E+01	9.650326E-02	1.024017E-01
9.634420E+03	-1.685945E+01	9.660049E-02	1.024034E-01
9.634620E+03	-1.685985E+01	9.668905E-02	1.024052E-01
9.634821E+03	-1.686017E+01	9.673212E-02	1.024070E-01
9.635021E+03	-1.686040E+01	9.679337E-02	1.024087E-01
9.635221E+03	-1.686028E+01	9.669897E-02	1.024105E-01
9.635421E+03	-1.685992E+01	9.679439E-02	1.024122E-01
9.635621E+03	-1.685968E+01	9.676505E-02	1.024140E-01
9.635821E+03	-1.685940E+01	9.668312E-02	1.024157E-01
9.636021E+03	-1.685888E+01	9.652445E-02	1.024175E-01
9.636221E+03	-1.685825E+01	9.559001E-02	1.024192E-01
9.636421E+03	-1.685813E+01	9.465169E-02	1.024210E-01
9.636621E+03	-1.685812E+01	9.511569E-02	1.024227E-01
9.636821E+03	-1.685773E+01	9.510419E-02	1.024245E-01
9.637021E+03	-1.685737E+01	9.509347E-02	1.024262E-01
9.637221E+03	-1.685756E+01	9.546953E-02	1.024280E-01
9.637421E+03	-1.685792E+01	9.566688E-02	1.024297E-01
9.637621E+03	-1.685827E+01	9.577330E-02	1.024315E-01
9.637821E+03	-1.685839E+01	9.556145E-02	1.024333E-01
9.638021E+03	-1.685827E+01	9.552733E-02	1.024350E-01
9.638221E+03	-1.685815E+01	9.555272E-02	1.024368E-01
9.638421E+03	-1.685827E+01	9.520202E-02	1.024385E-01
9.638621E+03	-1.685854E+01	9.505650E-02	1.024403E-01
9.638821E+03	-1.685906E+01	9.538422E-02	1.024420E-01
9.639021E+03	-1.685969E+01	9.552409E-02	1.024438E-01
9.639221E+03	-1.686013E+01	9.668033E-02	1.024455E-01
9.639421E+03	-1.686052E+01	9.979999E-02	1.024473E-01
9.639621E+03	-1.686052E+01	1.028468E-01	1.024490E-01
9.639822E+03	-1.686040E+01	1.050711E-01	1.024508E-01
9.640022E+03	-1.685992E+01	1.051745E-01	1.024525E-01
9.640222E+03	-1.685916E+01	1.050035E-01	1.024543E-01
9.640422E+03	-1.685853E+01	1.056360E-01	1.024560E-01
9.640622E+03	-1.685813E+01	1.056109E-01	1.024578E-01
9.640822E+03	-1.685737E+01	1.053765E-01	1.024595E-01
9.641022E+03	-1.685658E+01	1.049555E-01	1.024613E-01
9.641222E+03	-1.685646E+01	1.048478E-01	1.024630E-01
9.641422E+03	-1.685642E+01	1.054901E-01	1.024648E-01
9.641622E+03	-1.685602E+01	1.055719E-01	1.024665E-01
9.641822E+03	-1.685563E+01	1.054721E-01	1.024683E-01
9.642022E+03	-1.685555E+01	1.050863E-01	1.024700E-01
9.642222E+03	-1.685539E+01	1.050284E-01	1.024718E-01
9.642422E+03	-1.685499E+01	1.050316E-01	1.024736E-01
9.642621E+03	-1.685479E+01	1.050509E-01	1.024753E-01
9.642822E+03	-1.685463E+01	1.050129E-01	1.024771E-01
9.643022E+03	-1.685443E+01	1.049496E-01	1.024788E-01
9.643221E+03	-1.685424E+01	1.042574E-01	1.024805E-01
9.643422E+03	-1.685400E+01	1.041537E-01	1.024823E-01
9.643621E+03	-1.685396E+01	1.038260E-01	1.024841E-01
9.643822E+03	-1.685411E+01	1.041309E-01	1.024858E-01
9.644021E+03	-1.685384E+01	1.050586E-01	1.024876E-01
9.644221E+03	-1.685313E+01	1.057309E-01	1.024893E-01
9.644421E+03	-1.685254E+01	1.063397E-01	1.024911E-01
9.644622E+03	-1.685222E+01	1.071278E-01	1.024928E-01
9.644822E+03	-1.685230E+01	1.078516E-01	1.024946E-01
9.645022E+03	-1.685257E+01	1.086324E-01	1.024963E-01
9.645222E+03	-1.685234E+01	1.092938E-01	1.024981E-01
9.645422E+03	-1.685151E+01	1.097944E-01	1.024998E-01
9.645622E+03	-1.685100E+01	1.103685E-01	1.025016E-01
9.645822E+03	-1.685096E+01	1.110609E-01	1.025033E-01
9.646022E+03	-1.685065E+01	1.116752E-01	1.025051E-01
9.646222E+03	-1.685057E+01	1.123412E-01	1.025068E-01
9.646422E+03	-1.685076E+01	1.125359E-01	1.025086E-01
9.646622E+03	-1.685049E+01	1.128394E-01	1.025103E-01
9.646822E+03	-1.685056E+01	1.138927E-01	1.025121E-01
9.647022E+03	-1.685103E+01	1.141208E-01	1.025138E-01
9.647222E+03	-1.685107E+01	1.138384E-01	1.025156E-01
9.647422E+03	-1.685083E+01	1.138199E-01	1.025173E-01
9.647622E+03	-1.685091E+01	1.143164E-01	1.025191E-01
9.647822E+03	-1.685110E+01	1.142077E-01	1.025208E-01
9.648022E+03	-1.685110E+01	1.142077E-01	1.025226E-01
9.648222E+03	-1.685102E+01	1.130165E-01	1.025243E-01
9.648422E+03	-1.685090E+01	1.122214E-01	1.025261E-01
9.648622E+03	-1.685070E+01	1.121398E-01	1.025278E-01
9.648822E+03	-1.685059E+01	1.122772E-01	1.025296E-01
9.649022E+03	-1.685058E+01	1.122538E-01	1.025313E-01
9.649222E+03	-1.685078E+01	1.123627E-01	1.025331E-01
9.649422E+03	-1.685085E+01	1.123244E-01	1.025348E-01
9.649623E+03	-1.685077E+01	1.117894E-01	1.025366E-01
9.649823E+03	-1.685089E+01	1.115737E-01	1.025383E-01
9.650023E+03	-1.685104E+01	1.120900E-01	1.025401E-01
9.650223E+03	-1.685085E+01	1.129173E-01	1.025418E-01
9.650423E+03	-1.685045E+01	1.133344E-01	1.025436E-01
9.650623E+03	-1.685034E+01	1.133935E-01	1.025453E-01
9.650823E+03	-1.685006E+01	1.133028E-01	1.025471E-01
9.651023E+03	-1.684990E+01	1.131688E-01	1.025488E-01
9.651223E+03	-1.684994E+01	1.131167E-01	1.025506E-01
9.651423E+03	-1.684986E+01	1.130964E-01	1.025523E-01
9.651623E+03	-1.684970E+01	1.130364E-01	1.025541E-01
9.651823E+03	-1.684974E+01	1.130738E-01	1.025558E-01
9.652023E+03	-1.684993E+01	1.133580E-01	1.025576E-01
9.652223E+03	-1.684993E+01	1.134281E-01	1.025593E-01
9.652423E+03	-1.684958E+01	1.134339E-01	1.025611E-01
9.652623E+03	-1.684919E+01	1.137832E-01	1.025628E-01
9.652823E+03	-1.684892E+01	1.141819E-01	1.025646E-01
9.653023E+03	-1.684841E+01	1.143985E-01	1.025663E-01
9.653223E+03	-1.684744E+01	1.143913E-01	1.025681E-01
9.653423E+03	-1.684678E+01	1.142183E-01	1.025698E-01
9.653623E+03	-1.684635E+01	1.142687E-01	1.025716E-01
9.653823E+03	-1.684570E+01	1.140924E-01	1.025733E-01
9.654023E+03	-1.684488E+01	1.138032E-01	1.025751E-01
9.654223E+03	-1.684465E+01	1.135465E-01	1.025768E-01
9.654424E+03	-1.684488E+01	1.135184E-01	1.025786E-01
9.654624E+03	-1.684461E+01	1.136365E-01	1.025803E-01
9.654824E+03	-1.684396E+01	1.135425E-01	1.025821E-01
9.655024E+03	-1.684353E+01	1.137007E-01	1.025838E-01
9.655224E+03	-1.684334E+01	1.146475E-01	1.025856E-01
9.655424E+03	-1.684330E+01	1.156112E-01	1.025873E-01
9.655623E+03	-1.684337E+01	1.163602E-01	1.025891E-01
9.655824E+03	-1.684322E+01	1.170322E-01	1.025908E-01
9.656023E+03	-1.684291E+01	1.173212E-01	1.025926E-01
9.656224E+03	-1.684252E+01	1.169958E-01	1.025943E-01
9.656424E+03	-1.684241E+01	1.168539E-01	1.025961E-01
9.656623E+03	-1.684241E+01	1.168195E-01	1.025978E-01
9.656824E+03	-1.684221E+01	1.166533E-01	1.025996E-01
9.657023E+03	-1.684198E+01	1.165191E-01	1.026013E-01
9.657223E+03	-1.684190E+01	1.164489E-01	1.026031E-01
9.657423E+03	-1.684194E+01	1.162527E-01	1.026048E-01
9.657623E+03	-1.684198E+01	1.159074E-01	1.026066E-01
9.657823E+03	-1.684163E+01	1.160258E-01	1.026083E-01
9.658023E+03	-1.684125E+01	1.175419E-01	1.026101E-01
9.658223E+03	-1.684136E+01	1.195770E-01	1.026118E-01
9.658423E+03	-1.684147E+01	1.199064E-01	1.026136E-01
9.658623E+03	-1.684140E+01	1.199082E-01	1.026153E-01
9.658823E+03	-1.684097E+01	1.201204E-01	1.026171E-01
9.659023E+03	-1.684021E+01	1.204846E-01	1.026188E-01
9.659224E+03	-1.683960E+01	1.201372E-01	1.026206E-01
9.659424E+03	-1.683933E+01	1.201320E-01	1.026223E-01
9.659624E+03	-1.683906E+01	1.200319E-01	1.026241E-01
9.659824E+03	-1.683857E+01	1.200018E-01	1.026258E-01
9.660024E+03	-1.683834E+01	1.199162E-01	1.026276E-01
9.660224E+03	-1.683830E+01	1.197541E-01	1.026293E-01
9.660424E+03	-1.683781E+01	1.192814E-01	1.026310E-01
9.660624E+03	-1.683708E+01	1.196814E-01	1.026328E-01
9.660824E+03	-1.683652E+01	1.194914E-01	1.026345E-01
9.661024E+03	-1.683636E+01	1.195178E-01	1.026363E-01
9.661224E+03	-1.683629E+01	1.194895E-01	1.026380E-01
9.661424E+03	-1.683617E+01	1.195451E-01	1.026398E-01
9.661624E+03	-1.683628E+01	1.199951E-01	1.026415E-01
9.661824E+03	-1.683639E+01	1.201396E-01	1.026433E-01
9.662024E+03	-1.683651E+01	1.201860E-01	1.026450E-01
9.662224E+03	-1.683677E+01	1.199419E-01	1.026468E-01
9.662424E+03	-1.683673E+01	1.193536E-01	1.026485E-01
9.662624E+03	-1.683673E+01	1.194706E-01	1.026503E-01
9.662824E+03	-1.683710E+01	1.198657E-01	1.026520E-01
9.663024E+03	-1.683756E+01	1.201273E-01	1.026538E-01
9.663224E+03	-1.683740E+01	1.199757E-01	1.026555E-01
9.663424E+03	-1.683668E+01	1.198342E-01	1.026573E-01
9.663624E+03	-1.683608E+01	1.196827E-01	1.026590E-01
9.663824E+03	-1.683577E+01	1.195959E-01	1.026608E-01
9.664024E+03	-1.683555E+01	1.198049E-01	1.026625E-01
9.664225E+03	-1.683528E+01	1.198526E-01	1.026643E-01
9.664425E+03	-1.683509E+01	1.195561E-01	1.026660E-01
9.664625E+03	-1.683486E+01	1.194827E-01	1.026678E-01
9.664825E+03	-1.683460E+01	1.194892E-01	1.026695E-01
9.665025E+03	-1.683437E+01	1.196263E-01	1.026713E-01
9.665225E+03	-1.683444E+01	1.206090E-01	1.026730E-01
9.665425E+03	-1.683474E+01	1.207301E-01	1.026747E-01
9.665625E+03	-1.683538E+01	1.209570E-01	1.026765E-01
9.665825E+03	-1.683572E+01	1.223893E-01	1.026782E-01
9.666025E+03	-1.683579E+01	1.223880E-01	1.026800E-01
9.666225E+03	-1.683598E+01	1.232217E-01	1.026817E-01
9.666425E+03	-1.683617E+01	1.234186E-01	1.026835E-01
9.666625E+03	-1.683635E+01	1.234948E-01	1.026852E-01
9.666825E+03	-1.683643E+01	1.237013E-01	1.026870E-01
9.667025E+03	-1.683669E+01	1.237501E-01	1.026887E-01
9.667225E+03	-1.683695E+01	1.238369E-01	1.026905E-01
9.667425E+03	-1.683725E+01	1.239610E-01	1.026922E-01
9.667625E+03	-1.683812E+01	1.243992E-01	1.026940E-01
9.667825E+03	-1.683854E+01	1.243480E-01	1.026957E-01
9.668025E+03	-1.683823E+01	1.251558E-01	1.026975E-01
9.668225E+03	-1.683793E+01	1.261367E-01	1.026992E-01
9.668425E+03	-1.683766E+01	1.260370E-01	1.027010E-01
9.668625E+03	-1.683743E+01	1.259560E-01	1.027027E-01
9.668825E+03	-1.683724E+01	1.259201E-01	1.027044E-01
9.669025E+03	-1.683712E+01	1.257926E-01	1.027062E-01
9.669425E+03	-1.683697E+01	1.262138E-01	1.027097E-01
9.669626E+03	-1.683693E+01	1.265203E-01	1.027114E-01
9.669826E+03	-1.683731E+01	1.267250E-01	1.027132E-01
9.670025E+03	-1.683784E+01	1.272660E-01	1.027149E-01
9.670225E+03	-1.683817E+01	1.271992E-01	1.027167E-01
9.670425E+03	-1.683848E+01	1.267609E-01	1.027184E-01
9.670625E+03	-1.683885E+01	1.263516E-01	1.027202E-01
9.670825E+03	-1.683927E+01	1.263212E-01	1.027219E-01
9.671025E+03	-1.683972E+01	1.263627E-01	1.027237E-01
9.671225E+03	-1.684014E+01	1.262485E-01	1.027254E-01
9.671425E+03	-1.684010E+01	1.262298E-01	1.027272E-01
9.671625E+03	-1.683999E+01	1.261966E-01	1.027289E-01
9.671825E+03	-1.684029E+01	1.264032E-01	1.027306E-01
9.672025E+03	-1.684036E+01	1.261092E-01	1.027324E-01
9.672225E+03	-1.683994E+01	1.259306E-01	1.027341E-01
9.672425E+03	-1.683941E+01	1.258979E-01	1.027359E-01
9.672625E+03	-1.683880E+01	1.261052E-01	1.027376E-01
9.672825E+03	-1.683842E+01	1.273149E-01	1.027394E-01
9.673025E+03	-1.683868E+01	1.273131E-01	1.027411E-01
9.673225E+03	-1.683895E+01	1.273493E-01	1.027429E-01
9.673425E+03	-1.683868E+01	1.272220E-01	1.027446E-01
9.673625E+03	-1.683837E+01	1.270535E-01	1.027464E-01
9.673825E+03	-1.683818E+01	1.270132E-01	1.027481E-01
9.674026E+03	-1.683791E+01	1.268144E-01	1.027499E-01
9.674226E+03	-1.683768E+01	1.267633E-01	1.027516E-01
9.674426E+03	-1.683768E+01	1.260893E-01	1.027533E-01
9.674626E+03	-1.683757E+01	1.256740E-01	1.027551E-01
9.674826E+03	-1.683711E+01	1.256750E-01	1.027568E-01
9.675026E+03	-1.683677E+01	1.260489E-01	1.027586E-01
9.675226E+03	-1.683692E+01	1.264594E-01	1.027603E-01
9.675426E+03	-1.683707E+01	1.269194E-01	1.027621E-01
9.675626E+03	-1.683722E+01	1.276974E-01	1.027638E-01
9.675826E+03	-1.683741E+01	1.285250E-01	1.027656E-01
9.676026E+03	-1.683729E+01	1.287411E-01	1.027673E-01
9.676226E+03	-1.683699E+01	1.284700E-01	1.027691E-01
9.676426E+03	-1.683661E+01	1.278030E-01	1.027708E-01
9.676626E+03	-1.683657E+01	1.278032E-01	1.027725E-01
9.676826E+03	-1.683709E+01	1.278077E-01	1.027743E-01
9.677026E+03	-1.683747E+01	1.277412E-01	1.027760E-01
9.677226E+03	-1.683758E+01	1.271008E-01	1.027778E-01
9.677426E+03	-1.683758E+01	1.274036E-01	1.027795E-01
9.677626E+03	-1.683713E+01	1.271268E-01	1.027813E-01
9.677826E+03	-1.683641E+01	1.268300E-01	1.027830E-01
9.678026E+03	-1.683610E+01	1.267607E-01	1.027848E-01
9.678226E+03	-1.683636E+01	1.259545E-01	1.027865E-01
9.678426E+03	-1.683674E+01	1.252857E-01	1.027883E-01
9.678626E+03	-1.683689E+01	1.250118E-01	1.027900E-01
9.678827E+03	-1.683693E+01	1.254423E-01	1.027918E-01
9.679027E+03	-1.683696E+01	1.263000E-01	1.027935E-01
9.679227E+03	-1.683700E+01	1.267722E-01	1.027952E-01
9.679427E+03	-1.683681E+01	1.270119E-01	1.027970E-01
9.679627E+03	-1.683631E+01	1.282462E-01	1.027987E-01
9.679827E+03	-1.683582E+01	1.278940E-01	1.028005E-01
9.680027E+03	-1.683537E+01	1.292186E-01	1.028022E-01
9.680227E+03	-1.683484E+01	1.297278E-01	1.028040E-01
9.681427E+03	-1.683442E+01	1.296381E-01	1.028144E-01
9.681627E+03	-1.683438E+01	1.296532E-01	1.028162E-01
9.681826E+03	-1.683449E+01	1.294275E-01	1.028179E-01
9.682026E+03	-1.683437E+01	1.294127E-01	1.028197E-01
9.682227E+03	-1.683433E+01	1.291835E-01	1.028214E-01
9.682426E+03	-1.683444E+01	1.287773E-01	1.028231E-01
9.683226E+03	-1.683421E+01	1.289960E-01	1.028301E-01
9.683426E+03	-1.683365E+01	1.288288E-01	1.028319E-01
9.683626E+03	-1.683353E+01	1.290805E-01	1.028336E-01
9.683827E+03	-1.683402E+01	1.293871E-01	1.028354E-01
9.684027E+03	-1.683421E+01	1.294994E-01	1.028371E-01
9.684227E+03	-1.683390E+01	1.294174E-01	1.028388E-01
9.684427E+03	-1.683349E+01	1.297370E-01	1.028406E-01
9.684627E+03	-1.683262E+01	1.298728E-01	1.028423E-01
9.684827E+03	-1.683202E+01	1.297127E-01	1.028441E-01
9.685027E+03	-1.683191E+01	1.295521E-01	1.028458E-01
9.685227E+03	-1.683157E+01	1.294183E-01	1.028476E-01
9.685427E+03	-1.683097E+01	1.292591E-01	1.028493E-01
9.685627E+03	-1.683105E+01	1.293037E-01	1.028511E-01
9.685827E+03	-1.683168E+01	1.294479E-01	1.028528E-01
9.686027E+03	-1.683194E+01	1.295296E-01	1.028545E-01
9.686227E+03	-1.683190E+01	1.290439E-01	1.028563E-01
9.686427E+03	-1.683179E+01	1.288947E-01	1.028580E-01
9.686627E+03	-1.683171E+01	1.288576E-01	1.028598E-01
9.686827E+03	-1.683186E+01	1.287413E-01	1.028615E-01
9.687027E+03	-1.683193E+01	1.287784E-01	1.028633E-01
9.687227E+03	-1.683182E+01	1.286854E-01	1.028650E-01
9.687427E+03	-1.683170E+01	1.288576E-01	1.028667E-01
9.687627E+03	-1.683170E+01	1.292723E-01	1.028685E-01
9.687827E+03	-1.683170E+01	1.297878E-01	1.028702E-01
9.688027E+03	-1.683174E+01	1.304602E-01	1.028720E-01
9.688227E+03	-1.683170E+01	1.312521E-01	1.028737E-01
9.688427E+03	-1.683136E+01	1.310909E-01	1.028755E-01
9.688628E+03	-1.683102E+01	1.311089E-01	1.028772E-01
9.688828E+03	-1.683087E+01	1.305568E-01	1.028790E-01
9.689028E+03	-1.683128E+01	1.287209E-01	1.028807E-01
9.689228E+03	-1.683225E+01	1.269033E-01	1.028824E-01
9.689428E+03	-1.683273E+01	1.254279E-01	1.028842E-01
9.689628E+03	-1.683284E+01	1.253442E-01	1.028859E-01
9.689828E+03	-1.683299E+01	1.253350E-01	1.028877E-01
9.690028E+03	-1.683321E+01	1.254899E-01	1.028894E-01
9.690228E+03	-1.683355E+01	1.261015E-01	1.028912E-01
9.690428E+03	-1.683381E+01	1.262078E-01	1.028929E-01
9.690628E+03	-1.683419E+01	1.263020E-01	1.028946E-01
9.690828E+03	-1.683456E+01	1.264188E-01	1.028964E-01
9.691028E+03	-1.683478E+01	1.260444E-01	1.028981E-01
9.691228E+03	-1.683463E+01	1.258615E-01	1.028999E-01
9.691428E+03	-1.683429E+01	1.258048E-01	1.029016E-01
9.691628E+03	-1.683406E+01	1.259875E-01	1.029034E-01
9.691828E+03	-1.683391E+01	1.261054E-01	1.029051E-01
9.692028E+03	-1.683361E+01	1.260107E-01	1.029068E-01
9.692228E+03	-1.683308E+01	1.258397E-01	1.029086E-01
9.692428E+03	-1.683263E+01	1.257507E-01	1.029103E-01
9.692628E+03	-1.683256E+01	1.258638E-01	1.029121E-01
9.692828E+03	-1.683267E+01	1.259113E-01	1.029138E-01
9.693028E+03	-1.683274E+01	1.258656E-01	1.029156E-01
9.693228E+03	-1.683277E+01	1.259252E-01	1.029173E-01
9.693428E+03	-1.683285E+01	1.257783E-01	1.029190E-01
9.693629E+03	-1.683273E+01	1.254462E-01	1.029208E-01
9.693829E+03	-1.683251E+01	1.256022E-01	1.029225E-01
9.694029E+03	-1.683213E+01	1.256286E-01	1.029243E-01
9.694229E+03	-1.683168E+01	1.255513E-01	1.029260E-01
9.694429E+03	-1.683112E+01	1.253671E-01	1.029278E-01
9.694629E+03	-1.683086E+01	1.251948E-01	1.029295E-01
9.694829E+03	-1.683123E+01	1.251494E-01	1.029312E-01
9.695029E+03	-1.683179E+01	1.247541E-01	1.029330E-01
9.695228E+03	-1.683235E+01	1.243503E-01	1.029347E-01
9.695428E+03	-1.683264E+01	1.238670E-01	1.029365E-01
9.695629E+03	-1.683264E+01	1.233016E-01	1.029382E-01
9.695828E+03	-1.683268E+01	1.227505E-01	1.029399E-01
9.696029E+03	-1.683249E+01	1.225816E-01	1.029417E-01
9.696228E+03	-1.683226E+01	1.224958E-01	1.029434E-01
9.696428E+03	-1.683204E+01	1.216847E-01	1.029452E-01
9.696628E+03	-1.683207E+01	1.219981E-01	1.029469E-01
9.696828E+03	-1.683237E+01	1.221795E-01	1.029486E-01
9.697028E+03	-1.683270E+01	1.221095E-01	1.029504E-01
9.697228E+03	-1.683274E+01	1.216407E-01	1.029521E-01
9.697428E+03	-1.683229E+01	1.222856E-01	1.029539E-01
9.697628E+03	-1.683188E+01	1.221923E-01	1.029556E-01
9.697828E+03	-1.683176E+01	1.235919E-01	1.029574E-01
9.698028E+03	-1.683169E+01	1.235968E-01	1.029591E-01
9.698228E+03	-1.683165E+01	1.240943E-01	1.029608E-01
9.698429E+03	-1.683161E+01	1.240500E-01	1.029626E-01
9.698629E+03	-1.683149E+01	1.240255E-01	1.029643E-01
9.698829E+03	-1.683127E+01	1.242004E-01	1.029661E-01
9.699029E+03	-1.683138E+01	1.243631E-01	1.029678E-01
9.699229E+03	-1.683123E+01	1.242233E-01	1.029696E-01
9.699429E+03	-1.683122E+01	1.241300E-01	1.029713E-01
9.699629E+03	-1.683193E+01	1.238919E-01	1.029730E-01
9.699829E+03	-1.683272E+01	1.232548E-01	1.029748E-01
9.700029E+03	-1.683290E+01	1.226148E-01	1.029765E-01
9.700229E+03	-1.683283E+01	1.229271E-01	1.029783E-01
9.701629E+03	-1.683263E+01	1.232261E-01	1.029904E-01
9.701829E+03	-1.683251E+01	1.235424E-01	1.029922E-01
9.702029E+03	-1.683255E+01	1.234520E-01	1.029939E-01
9.702229E+03	-1.683266E+01	1.234839E-01	1.029957E-01
9.702429E+03	-1.683269E+01	1.235282E-01	1.029974E-01
9.702629E+03	-1.683239E+01	1.238810E-01	1.029991E-01
9.702829E+03	-1.683217E+01	1.245426E-01	1.030009E-01
9.703029E+03	-1.683224E+01	1.253124E-01	1.030026E-01
9.703230E+03	-1.683243E+01	1.267363E-01	1.030044E-01
9.703430E+03	-1.683257E+01	1.277348E-01	1.030061E-01
9.703630E+03	-1.683265E+01	1.276145E-01	1.030079E-01
9.703830E+03	-1.683249E+01	1.272748E-01	1.030096E-01
9.704030E+03	-1.683234E+01	1.270288E-01	1.030113E-01
9.704230E+03	-1.683253E+01	1.271023E-01	1.030131E-01
9.704430E+03	-1.683275E+01	1.270482E-01	1.030148E-01
9.704630E+03	-1.683283E+01	1.271675E-01	1.030166E-01
9.704830E+03	-1.683282E+01	1.270738E-01	1.030183E-01
9.705030E+03	-1.683308E+01	1.275143E-01	1.030200E-01
9.705230E+03	-1.683342E+01	1.278385E-01	1.030218E-01
9.705430E+03	-1.683383E+01	1.279225E-01	1.030235E-01
9.705630E+03	-1.683409E+01	1.285862E-01	1.030253E-01
9.705830E+03	-1.683405E+01	1.284999E-01	1.030270E-01
9.706030E+03	-1.683413E+01	1.274887E-01	1.030287E-01
9.706230E+03	-1.683401E+01	1.265803E-01	1.030305E-01
9.706430E+03	-1.683371E+01	1.257269E-01	1.030322E-01
9.706630E+03	-1.683382E+01	1.251061E-01	1.030340E-01
9.706830E+03	-1.683389E+01	1.248235E-01	1.030357E-01
9.707030E+03	-1.683355E+01	1.246514E-01	1.030374E-01
9.707230E+03	-1.683329E+01	1.244560E-01	1.030392E-01
9.707430E+03	-1.683303E+01	1.242983E-01	1.030409E-01
9.707630E+03	-1.683321E+01	1.243370E-01	1.030427E-01
9.707830E+03	-1.683362E+01	1.255963E-01	1.030444E-01
9.708030E+03	-1.683347E+01	1.273428E-01	1.030461E-01
9.708230E+03	-1.683332E+01	1.274826E-01	1.030479E-01
9.708431E+03	-1.683365E+01	1.275442E-01	1.030496E-01
9.708630E+03	-1.683410E+01	1.275113E-01	1.030514E-01
9.708831E+03	-1.683433E+01	1.260886E-01	1.030531E-01
9.709031E+03	-1.683433E+01	1.237952E-01	1.030548E-01
9.709230E+03	-1.683395E+01	1.236017E-01	1.030566E-01
9.709430E+03	-1.683357E+01	1.237088E-01	1.030583E-01
9.709630E+03	-1.683346E+01	1.234816E-01	1.030601E-01
9.709830E+03	-1.683364E+01	1.235951E-01	1.030618E-01
9.710030E+03	-1.683402E+01	1.244384E-01	1.030635E-01
9.710230E+03	-1.683432E+01	1.240960E-01	1.030653E-01
9.710430E+03	-1.683435E+01	1.253400E-01	1.030670E-01
9.710630E+03	-1.683439E+01	1.257307E-01	1.030687E-01
9.710830E+03	-1.683461E+01	1.257020E-01	1.030705E-01
9.711030E+03	-1.683499E+01	1.258110E-01	1.030722E-01
9.711230E+03	-1.683540E+01	1.257162E-01	1.030740E-01
9.711430E+03	-1.683532E+01	1.252045E-01	1.030757E-01
9.711630E+03	-1.683483E+01	1.254436E-01	1.030774E-01
9.711830E+03	-1.683445E+01	1.252598E-01	1.030792E-01
9.712030E+03	-1.683437E+01	1.252418E-01	1.030809E-01
9.712430E+03	-1.683441E+01	1.253016E-01	1.030844E-01
9.712630E+03	-1.683505E+01	1.252603E-01	1.030861E-01
9.712830E+03	-1.683542E+01	1.255123E-01	1.030879E-01
9.713031E+03	-1.683553E+01	1.258994E-01	1.030896E-01
9.713231E+03	-1.683564E+01	1.263735E-01	1.030914E-01
9.713431E+03	-1.683583E+01	1.269377E-01	1.030931E-01
9.713631E+03	-1.683628E+01	1.275046E-01	1.030948E-01
9.713831E+03	-1.683670E+01	1.280237E-01	1.030966E-01
9.714031E+03	-1.683700E+01	1.286993E-01	1.030983E-01
9.714231E+03	-1.683726E+01	1.296069E-01	1.031001E-01
9.714431E+03	-1.683718E+01	1.306366E-01	1.031018E-01
9.714631E+03	-1.683684E+01	1.317180E-01	1.031035E-01
9.714831E+03	-1.683657E+01	1.311312E-01	1.031053E-01
9.715031E+03	-1.683669E+01	1.300048E-01	1.031070E-01
9.715231E+03	-1.683710E+01	1.299137E-01	1.031087E-01
9.715431E+03	-1.683759E+01	1.312734E-01	1.031105E-01
9.715631E+03	-1.683789E+01	1.321082E-01	1.031122E-01
9.715831E+03	-1.683808E+01	1.320748E-01	1.031140E-01
9.716031E+03	-1.683831E+01	1.323566E-01	1.031157E-01
9.716231E+03	-1.683849E+01	1.322360E-01	1.031174E-01
9.716431E+03	-1.683838E+01	1.321786E-01	1.031192E-01
9.716631E+03	-1.683826E+01	1.321553E-01	1.031209E-01
9.716831E+03	-1.683826E+01	1.314912E-01	1.031227E-01
9.717031E+03	-1.683864E+01	1.318949E-01	1.031244E-01
9.717231E+03	-1.683925E+01	1.312278E-01	1.031261E-01
9.717431E+03	-1.683917E+01	1.312428E-01	1.031279E-01
9.717631E+03	-1.683867E+01	1.318342E-01	1.031296E-01
9.717831E+03	-1.683859E+01	1.317846E-01	1.031313E-01
9.718032E+03	-1.683882E+01	1.319488E-01	1.031331E-01
9.718232E+03	-1.683916E+01	1.320299E-01	1.031348E-01
9.718432E+03	-1.683962E+01	1.320356E-01	1.031366E-01
9.718632E+03	-1.683980E+01	1.316441E-01	1.031383E-01
9.718832E+03	-1.683946E+01	1.315289E-01	1.031400E-01
9.719032E+03	-1.683900E+01	1.310714E-01	1.031418E-01
9.719232E+03	-1.683877E+01	1.301364E-01	1.031435E-01
9.719432E+03	-1.683847E+01	1.305275E-01	1.031453E-01
9.719632E+03	-1.683801E+01	1.304059E-01	1.031470E-01
9.719832E+03	-1.683782E+01	1.304286E-01	1.031487E-01
9.720032E+03	-1.683778E+01	1.304703E-01	1.031505E-01
9.722031E+03	-1.683776E+01	1.300268E-01	1.031678E-01
9.722231E+03	-1.683784E+01	1.303793E-01	1.031696E-01
9.722431E+03	-1.683806E+01	1.310698E-01	1.031713E-01
9.722631E+03	-1.683859E+01	1.308884E-01	1.031730E-01
9.722832E+03	-1.683927E+01	1.313230E-01	1.031748E-01
9.723032E+03	-1.683996E+01	1.315494E-01	1.031765E-01
9.723232E+03	-1.684022E+01	1.316531E-01	1.031783E-01
9.723432E+03	-1.684007E+01	1.318470E-01	1.031800E-01
9.723632E+03	-1.683961E+01	1.318340E-01	1.031817E-01
9.723832E+03	-1.683915E+01	1.317487E-01	1.031835E-01
9.724032E+03	-1.683907E+01	1.324632E-01	1.031852E-01
9.724232E+03	-1.683911E+01	1.324672E-01	1.031869E-01
9.724432E+03	-1.683907E+01	1.325355E-01	1.031887E-01
9.724632E+03	-1.683899E+01	1.323792E-01	1.031904E-01
9.724832E+03	-1.683945E+01	1.324766E-01	1.031922E-01
9.725032E+03	-1.684017E+01	1.326098E-01	1.031939E-01
9.725232E+03	-1.684043E+01	1.322680E-01	1.031956E-01
9.725432E+03	-1.684047E+01	1.308453E-01	1.031974E-01
9.725632E+03	-1.684058E+01	1.308645E-01	1.031991E-01
9.725832E+03	-1.684066E+01	1.309028E-01	1.032008E-01
9.726032E+03	-1.684046E+01	1.308987E-01	1.032026E-01
9.726232E+03	-1.684031E+01	1.310052E-01	1.032043E-01
9.726432E+03	-1.684054E+01	1.311086E-01	1.032060E-01
9.726632E+03	-1.684107E+01	1.312701E-01	1.032078E-01
9.726832E+03	-1.684134E+01	1.313739E-01	1.032095E-01
9.727032E+03	-1.684126E+01	1.313737E-01	1.032113E-01
9.727232E+03	-1.684137E+01	1.315537E-01	1.032130E-01
9.727432E+03	-1.684194E+01	1.323400E-01	1.032147E-01
9.727632E+03	-1.684232E+01	1.324031E-01	1.032165E-01
9.727833E+03	-1.684228E+01	1.322765E-01	1.032182E-01
9.728033E+03	-1.684236E+01	1.318324E-01	1.032199E-01
9.728233E+03	-1.684263E+01	1.313081E-01	1.032217E-01
9.728433E+03	-1.684285E+01	1.306643E-01	1.032234E-01
9.728633E+03	-1.684312E+01	1.305647E-01	1.032251E-01
9.728833E+03	-1.684350E+01	1.306917E-01	1.032269E-01
9.729033E+03	-1.684400E+01	1.311922E-01	1.032286E-01
9.729233E+03	-1.684454E+01	1.314012E-01	1.032304E-01
9.729433E+03	-1.684511E+01	1.316765E-01	1.032321E-01
9.729633E+03	-1.684561E+01	1.320024E-01	1.032338E-01
9.729833E+03	-1.684592E+01	1.319070E-01	1.032356E-01
9.730033E+03	-1.684600E+01	1.319227E-01	1.032373E-01
9.730233E+03	-1.684580E+01	1.334669E-01	1.032390E-01
9.730433E+03	-1.684545E+01	1.336032E-01	1.032408E-01
9.730633E+03	-1.684541E+01	1.335721E-01	1.032425E-01
9.730833E+03	-1.684537E+01	1.339653E-01	1.032442E-01
9.731033E+03	-1.684506E+01	1.343599E-01	1.032460E-01
9.731233E+03	-1.684479E+01	1.343419E-01	1.032477E-01
9.731433E+03	-1.684471E+01	1.340291E-01	1.032494E-01
9.731633E+03	-1.684486E+01	1.332828E-01	1.032512E-01
9.731833E+03	-1.684502E+01	1.332916E-01	1.032529E-01
9.732033E+03	-1.684486E+01	1.330824E-01	1.032547E-01
9.732233E+03	-1.684478E+01	1.315792E-01	1.032564E-01
9.732433E+03	-1.684513E+01	1.317807E-01	1.032581E-01
9.732634E+03	-1.684566E+01	1.304930E-01	1.032599E-01
9.732834E+03	-1.684617E+01	1.301415E-01	1.032616E-01
9.733034E+03	-1.684624E+01	1.302845E-01	1.032633E-01
9.733234E+03	-1.684547E+01	1.299140E-01	1.032651E-01
9.733434E+03	-1.684454E+01	1.299071E-01	1.032668E-01
9.733634E+03	-1.684438E+01	1.300381E-01	1.032685E-01
9.733834E+03	-1.684492E+01	1.302151E-01	1.032703E-01
9.734034E+03	-1.684523E+01	1.300222E-01	1.032720E-01
9.734234E+03	-1.684530E+01	1.294049E-01	1.032737E-01
9.734433E+03	-1.684549E+01	1.295125E-01	1.032755E-01
9.734633E+03	-1.684565E+01	1.294466E-01	1.032772E-01
9.734834E+03	-1.684565E+01	1.292960E-01	1.032790E-01
9.735033E+03	-1.684541E+01	1.296786E-01	1.032807E-01
9.735234E+03	-1.684491E+01	1.295406E-01	1.032824E-01
9.735433E+03	-1.684445E+01	1.289407E-01	1.032841E-01
9.735633E+03	-1.684425E+01	1.284525E-01	1.032859E-01
9.735833E+03	-1.684413E+01	1.289840E-01	1.032876E-01
9.736033E+03	-1.684406E+01	1.303730E-01	1.032894E-01
9.736233E+03	-1.684375E+01	1.304921E-01	1.032911E-01
9.736433E+03	-1.684332E+01	1.305764E-01	1.032928E-01
9.736633E+03	-1.684347E+01	1.307340E-01	1.032946E-01
9.736833E+03	-1.684409E+01	1.312925E-01	1.032963E-01
9.737033E+03	-1.684447E+01	1.315899E-01	1.032980E-01
9.737233E+03	-1.684428E+01	1.315624E-01	1.032998E-01
9.737433E+03	-1.684408E+01	1.320505E-01	1.033015E-01
9.737634E+03	-1.684435E+01	1.325174E-01	1.033032E-01
9.737834E+03	-1.684462E+01	1.327614E-01	1.033050E-01
9.738034E+03	-1.684446E+01	1.325488E-01	1.033067E-01
9.738234E+03	-1.684427E+01	1.322668E-01	1.033084E-01
9.738434E+03	-1.684419E+01	1.318470E-01	1.033102E-01
9.738634E+03	-1.684407E+01	1.313464E-01	1.033119E-01
9.738834E+03	-1.684399E+01	1.306653E-01	1.033136E-01
9.739034E+03	-1.684403E+01	1.300267E-01	1.033154E-01
9.739234E+03	-1.684395E+01	1.293844E-01	1.033171E-01
9.739434E+03	-1.684368E+01	1.291351E-01	1.033188E-01
9.739634E+03	-1.684337E+01	1.289516E-01	1.033206E-01
9.739834E+03	-1.684329E+01	1.293858E-01	1.033223E-01
9.740034E+03	-1.684371E+01	1.306997E-01	1.033240E-01
9.740234E+03	-1.684429E+01	1.309235E-01	1.033258E-01
9.740434E+03	-1.684429E+01	1.319475E-01	1.033275E-01
9.740634E+03	-1.684378E+01	1.324031E-01	1.033292E-01
9.740834E+03	-1.684324E+01	1.321931E-01	1.033310E-01
9.741034E+03	-1.684297E+01	1.313898E-01	1.033327E-01
9.741234E+03	-1.684305E+01	1.308833E-01	1.033344E-01
9.741434E+03	-1.684347E+01	1.309838E-01	1.033362E-01
9.741634E+03	-1.684393E+01	1.311384E-01	1.033379E-01
9.741834E+03	-1.684408E+01	1.311156E-01	1.033396E-01
9.742034E+03	-1.684385E+01	1.309306E-01	1.033414E-01
9.742234E+03	-1.684335E+01	1.306878E-01	1.033431E-01
9.742435E+03	-1.684308E+01	1.307452E-01	1.033449E-01
9.742635E+03	-1.684319E+01	1.316554E-01	1.033466E-01
9.742835E+03	-1.684319E+01	1.318205E-01	1.033483E-01
9.743035E+03	-1.684288E+01	1.315968E-01	1.033501E-01
9.743235E+03	-1.684273E+01	1.314928E-01	1.033518E-01
9.743435E+03	-1.684272E+01	1.315043E-01	1.033535E-01
9.743635E+03	-1.684291E+01	1.315164E-01	1.033553E-01
9.743835E+03	-1.684333E+01	1.315905E-01	1.033570E-01
9.744035E+03	-1.684356E+01	1.318872E-01	1.033587E-01
9.744235E+03	-1.684364E+01	1.320220E-01	1.033605E-01
9.744435E+03	-1.684356E+01	1.323022E-01	1.033622E-01
9.744635E+03	-1.684340E+01	1.335463E-01	1.033639E-01
9.744835E+03	-1.684321E+01	1.329688E-01	1.033657E-01
9.745035E+03	-1.684313E+01	1.322158E-01	1.033674E-01
9.745235E+03	-1.684301E+01	1.314937E-01	1.033691E-01
9.745435E+03	-1.684297E+01	1.308602E-01	1.033709E-01
9.745635E+03	-1.684328E+01	1.306840E-01	1.033726E-01
9.745835E+03	-1.684370E+01	1.307151E-01	1.033743E-01
9.746035E+03	-1.684408E+01	1.310002E-01	1.033761E-01
9.746235E+03	-1.684462E+01	1.313826E-01	1.033778E-01
9.746435E+03	-1.684524E+01	1.316426E-01	1.033795E-01
9.746635E+03	-1.684589E+01	1.322707E-01	1.033813E-01
9.746835E+03	-1.684635E+01	1.332089E-01	1.033830E-01
9.747035E+03	-1.684635E+01	1.336538E-01	1.033847E-01
9.747435E+03	-1.684604E+01	1.333846E-01	1.033882E-01
9.747636E+03	-1.684577E+01	1.332707E-01	1.033899E-01
9.747835E+03	-1.684561E+01	1.334550E-01	1.033916E-01
9.748035E+03	-1.684557E+01	1.341691E-01	1.033934E-01
9.748236E+03	-1.684545E+01	1.343726E-01	1.033951E-01
9.748435E+03	-1.684495E+01	1.342561E-01	1.033968E-01
9.748635E+03	-1.684425E+01	1.332296E-01	1.033986E-01
9.748835E+03	-1.684379E+01	1.340071E-01	1.034003E-01
9.749035E+03	-1.684371E+01	1.330491E-01	1.034020E-01
9.749235E+03	-1.684390E+01	1.330349E-01	1.034038E-01
9.749435E+03	-1.684379E+01	1.326381E-01	1.034055E-01
9.749635E+03	-1.684309E+01	1.324999E-01	1.034072E-01
9.749835E+03	-1.684244E+01	1.323241E-01	1.034090E-01
9.750035E+03	-1.684198E+01	1.319658E-01	1.034107E-01
9.750235E+03	-1.684106E+01	1.313966E-01	1.034124E-01
9.750435E+03	-1.684025E+01	1.313641E-01	1.034142E-01
9.750635E+03	-1.684101E+01	1.318818E-01	1.034159E-01
9.750835E+03	-1.684075E+01	1.320183E-01	1.034176E-01
9.751035E+03	-1.684010E+01	1.319128E-01	1.034194E-01
9.751235E+03	-1.683979E+01	1.316640E-01	1.034211E-01
9.751435E+03	-1.684005E+01	1.316419E-01	1.034228E-01
9.751635E+03	-1.684043E+01	1.315363E-01	1.034246E-01
9.751835E+03	-1.684036E+01	1.314559E-01	1.034263E-01
9.752035E+03	-1.683997E+01	1.316188E-01	1.034280E-01
9.752236E+03	-1.683932E+01	1.315103E-01	1.034298E-01
9.752436E+03	-1.683864E+01	1.314741E-01	1.034315E-01
9.752636E+03	-1.683822E+01	1.311199E-01	1.034332E-01
9.752836E+03	-1.683799E+01	1.307627E-01	1.034350E-01
9.753036E+03	-1.683787E+01	1.300417E-01	1.034367E-01
9.753236E+03	-1.683806E+01	1.286676E-01	1.034384E-01
9.753436E+03	-1.683802E+01	1.274798E-01	1.034402E-01
9.753636E+03	-1.683734E+01	1.270182E-01	1.034419E-01
9.753836E+03	-1.683677E+01	1.276544E-01	1.034436E-01
9.754036E+03	-1.683692E+01	1.287476E-01	1.034453E-01
9.754236E+03	-1.683722E+01	1.292731E-01	1.034471E-01
9.754436E+03	-1.683687E+01	1.292587E-01	1.034488E-01
9.754636E+03	-1.683604E+01	1.291247E-01	1.034505E-01
9.754836E+03	-1.683528E+01	1.294963E-01	1.034523E-01
9.755036E+03	-1.683528E+01	1.290475E-01	1.034540E-01
9.755236E+03	-1.683611E+01	1.293588E-01	1.034557E-01
9.755436E+03	-1.683698E+01	1.298794E-01	1.034575E-01
9.755636E+03	-1.683732E+01	1.295835E-01	1.034592E-01
9.755836E+03	-1.683720E+01	1.294852E-01	1.034609E-01
9.756036E+03	-1.683701E+01	1.294515E-01	1.034627E-01
9.756236E+03	-1.683701E+01	1.294098E-01	1.034644E-01
9.756436E+03	-1.683724E+01	1.294510E-01	1.034661E-01
9.756636E+03	-1.683757E+01	1.295869E-01	1.034678E-01
9.756836E+03	-1.683772E+01	1.297725E-01	1.034696E-01
9.757037E+03	-1.683742E+01	1.303225E-01	1.034713E-01
9.757237E+03	-1.683712E+01	1.316140E-01	1.034731E-01
9.757437E+03	-1.683696E+01	1.319240E-01	1.034748E-01
9.757637E+03	-1.683692E+01	1.320981E-01	1.034765E-01
9.757837E+03	-1.683692E+01	1.312916E-01	1.034782E-01
9.758037E+03	-1.683669E+01	1.295656E-01	1.034800E-01
9.758237E+03	-1.683631E+01	1.292827E-01	1.034817E-01
9.758437E+03	-1.683620E+01	1.296231E-01	1.034834E-01
9.758637E+03	-1.683650E+01	1.296983E-01	1.034852E-01
9.758837E+03	-1.683676E+01	1.307955E-01	1.034869E-01
9.759037E+03	-1.683695E+01	1.308979E-01	1.034886E-01
9.759237E+03	-1.683706E+01	1.309890E-01	1.034904E-01
9.759437E+03	-1.683710E+01	1.309474E-01	1.034921E-01
9.759637E+03	-1.683709E+01	1.308754E-01	1.034938E-01
9.759837E+03	-1.683709E+01	1.301899E-01	1.034955E-01
9.760037E+03	-1.683717E+01	1.305725E-01	1.034973E-01
9.760237E+03	-1.683698E+01	1.313145E-01	1.034990E-01
9.760436E+03	-1.683644E+01	1.299517E-01	1.035007E-01
9.760637E+03	-1.683588E+01	1.295896E-01	1.035025E-01
9.760836E+03	-1.683580E+01	1.308775E-01	1.035042E-01
9.761037E+03	-1.683614E+01	1.310027E-01	1.035059E-01
9.761237E+03	-1.683617E+01	1.317965E-01	1.035077E-01
9.761436E+03	-1.683583E+01	1.316140E-01	1.035094E-01
9.761636E+03	-1.683560E+01	1.313000E-01	1.035111E-01
9.761836E+03	-1.683537E+01	1.313976E-01	1.035128E-01
9.762037E+03	-1.683526E+01	1.314652E-01	1.035146E-01
9.762237E+03	-1.683514E+01	1.312650E-01	1.035163E-01
9.762437E+03	-1.683495E+01	1.310083E-01	1.035180E-01
9.762637E+03	-1.683522E+01	1.308013E-01	1.035198E-01
9.762837E+03	-1.683552E+01	1.305148E-01	1.035215E-01
9.763037E+03	-1.683540E+01	1.300318E-01	1.035232E-01
9.763237E+03	-1.683491E+01	1.293386E-01	1.035250E-01
9.763437E+03	-1.683427E+01	1.285647E-01	1.035267E-01
9.763637E+03	-1.683385E+01	1.277730E-01	1.035284E-01
9.763837E+03	-1.683393E+01	1.268400E-01	1.035301E-01
9.764037E+03	-1.683400E+01	1.263091E-01	1.035319E-01
9.764237E+03	-1.683347E+01	1.255363E-01	1.035336E-01
9.764437E+03	-1.683257E+01	1.240429E-01	1.035353E-01
9.764637E+03	-1.683148E+01	1.245222E-01	1.035371E-01
9.764837E+03	-1.683028E+01	1.242472E-01	1.035388E-01
9.765037E+03	-1.682965E+01	1.240437E-01	1.035405E-01
9.765237E+03	-1.682939E+01	1.232176E-01	1.035423E-01
9.765437E+03	-1.682924E+01	1.227624E-01	1.035440E-01
9.765637E+03	-1.682961E+01	1.231060E-01	1.035457E-01
9.765837E+03	-1.683009E+01	1.230308E-01	1.035474E-01
9.766037E+03	-1.683031E+01	1.226281E-01	1.035492E-01
9.766237E+03	-1.683012E+01	1.226500E-01	1.035509E-01
9.766437E+03	-1.682941E+01	1.224875E-01	1.035526E-01
9.766637E+03	-1.682841E+01	1.217183E-01	1.035544E-01
9.766838E+03	-1.682748E+01	1.211512E-01	1.035561E-01
9.767038E+03	-1.682692E+01	1.209778E-01	1.035578E-01
9.767238E+03	-1.682688E+01	1.207566E-01	1.035596E-01
9.767438E+03	-1.682688E+01	1.200017E-01	1.035613E-01
9.767638E+03	-1.682699E+01	1.198363E-01	1.035630E-01
9.767838E+03	-1.682699E+01	1.197918E-01	1.035647E-01
9.768038E+03	-1.682669E+01	1.197583E-01	1.035665E-01
9.768238E+03	-1.682621E+01	1.196924E-01	1.035682E-01
9.768438E+03	-1.682551E+01	1.195029E-01	1.035699E-01
9.768638E+03	-1.682466E+01	1.193509E-01	1.035717E-01
9.768838E+03	-1.682410E+01	1.187986E-01	1.035734E-01
9.769038E+03	-1.682410E+01	1.188979E-01	1.035751E-01
9.769238E+03	-1.682436E+01	1.184165E-01	1.035768E-01
9.769438E+03	-1.682472E+01	1.186163E-01	1.035786E-01
9.769638E+03	-1.682520E+01	1.191822E-01	1.035803E-01
9.769838E+03	-1.682549E+01	1.203476E-01	1.035820E-01
9.770038E+03	-1.682564E+01	1.207796E-01	1.035838E-01
9.770238E+03	-1.682586E+01	1.201915E-01	1.035855E-01
9.770438E+03	-1.682626E+01	1.198458E-01	1.035872E-01
9.770638E+03	-1.682671E+01	1.203640E-01	1.035889E-01
9.770838E+03	-1.682719E+01	1.203642E-01	1.035907E-01
9.771038E+03	-1.682767E+01	1.205607E-01	1.035924E-01
9.771238E+03	-1.682800E+01	1.208130E-01	1.035941E-01
9.771438E+03	-1.682788E+01	1.205187E-01	1.035959E-01
9.771638E+03	-1.682688E+01	1.200897E-01	1.035976E-01
9.771839E+03	-1.682581E+01	1.200078E-01	1.035993E-01
9.772039E+03	-1.682518E+01	1.193517E-01	1.036010E-01
9.772239E+03	-1.682510E+01	1.193315E-01	1.036028E-01
9.772439E+03	-1.682477E+01	1.191778E-01	1.036045E-01
9.772639E+03	-1.682466E+01	1.193500E-01	1.036062E-01
9.772839E+03	-1.682469E+01	1.197209E-01	1.036080E-01
9.773039E+03	-1.682502E+01	1.202509E-01	1.036097E-01
9.773239E+03	-1.682491E+01	1.202571E-01	1.036114E-01
9.773439E+03	-1.682465E+01	1.204103E-01	1.036131E-01
9.773638E+03	-1.682432E+01	1.203001E-01	1.036149E-01
9.773838E+03	-1.682399E+01	1.203004E-01	1.036166E-01
9.774039E+03	-1.682391E+01	1.203131E-01	1.036183E-01
9.774238E+03	-1.682398E+01	1.206312E-01	1.036200E-01
9.774439E+03	-1.682417E+01	1.206713E-01	1.036218E-01
9.774638E+03	-1.682431E+01	1.208777E-01	1.036235E-01
9.774838E+03	-1.682398E+01	1.207562E-01	1.036252E-01
9.775038E+03	-1.682331E+01	1.219269E-01	1.036270E-01
9.775238E+03	-1.682265E+01	1.229878E-01	1.036287E-01
9.775438E+03	-1.682221E+01	1.222812E-01	1.036304E-01
9.775638E+03	-1.682214E+01	1.222313E-01	1.036321E-01
9.775838E+03	-1.682213E+01	1.222460E-01	1.036339E-01
9.776038E+03	-1.682184E+01	1.223575E-01	1.036356E-01
9.776238E+03	-1.682133E+01	1.224728E-01	1.036373E-01
9.776438E+03	-1.682096E+01	1.229138E-01	1.036391E-01
9.776639E+03	-1.682067E+01	1.229516E-01	1.036408E-01
9.776839E+03	-1.682063E+01	1.229814E-01	1.036425E-01
9.777039E+03	-1.682085E+01	1.227660E-01	1.036442E-01
9.777239E+03	-1.682077E+01	1.227162E-01	1.036460E-01
9.777439E+03	-1.682029E+01	1.227208E-01	1.036477E-01
9.777639E+03	-1.681982E+01	1.224450E-01	1.036494E-01
9.777839E+03	-1.681978E+01	1.225986E-01	1.036512E-01
9.778039E+03	-1.682000E+01	1.227077E-01	1.036529E-01
9.778239E+03	-1.682011E+01	1.211280E-01	1.036546E-01
9.778439E+03	-1.681996E+01	1.206794E-01	1.036563E-01
9.778639E+03	-1.681959E+01	1.207203E-01	1.036581E-01
9.778839E+03	-1.681919E+01	1.202091E-01	1.036598E-01
9.779039E+03	-1.681901E+01	1.194900E-01	1.036615E-01
9.779239E+03	-1.681922E+01	1.194810E-01	1.036632E-01
9.779439E+03	-1.681955E+01	1.194983E-01	1.036650E-01
9.779639E+03	-1.681958E+01	1.194828E-01	1.036667E-01
9.779839E+03	-1.681955E+01	1.190325E-01	1.036684E-01
9.780039E+03	-1.681954E+01	1.188615E-01	1.036701E-01
9.780239E+03	-1.681954E+01	1.186941E-01	1.036719E-01
9.780439E+03	-1.681983E+01	1.188502E-01	1.036736E-01
9.780639E+03	-1.682070E+01	1.193708E-01	1.036753E-01
9.780839E+03	-1.682169E+01	1.194337E-01	1.036771E-01
9.781039E+03	-1.682238E+01	1.194566E-01	1.036788E-01
9.781239E+03	-1.682297E+01	1.199592E-01	1.036805E-01
9.781439E+03	-1.682344E+01	1.200800E-01	1.036822E-01
9.781640E+03	-1.682374E+01	1.202311E-01	1.036840E-01
9.781840E+03	-1.682373E+01	1.203303E-01	1.036857E-01
9.782040E+03	-1.682373E+01	1.210395E-01	1.036874E-01
9.782240E+03	-1.682384E+01	1.212320E-01	1.036891E-01
9.782440E+03	-1.682402E+01	1.213826E-01	1.036909E-01
9.782640E+03	-1.682395E+01	1.215091E-01	1.036926E-01
9.782840E+03	-1.682354E+01	1.220021E-01	1.036943E-01
9.783040E+03	-1.682259E+01	1.213276E-01	1.036961E-01
9.783240E+03	-1.682160E+01	1.210518E-01	1.036978E-01
9.783440E+03	-1.682126E+01	1.220124E-01	1.036995E-01
9.783640E+03	-1.682119E+01	1.231353E-01	1.037012E-01
9.783840E+03	-1.682053E+01	1.227559E-01	1.037030E-01
9.784040E+03	-1.681944E+01	1.210247E-01	1.037047E-01
9.784240E+03	-1.681882E+01	1.206818E-01	1.037064E-01
9.784440E+03	-1.681889E+01	1.205312E-01	1.037081E-01
9.784640E+03	-1.681896E+01	1.205404E-01	1.037099E-01
9.784840E+03	-1.681878E+01	1.200795E-01	1.037116E-01
9.785040E+03	-1.681866E+01	1.199113E-01	1.037133E-01
9.785240E+03	-1.681892E+01	1.204359E-01	1.037150E-01
9.785440E+03	-1.681892E+01	1.215843E-01	1.037168E-01
9.785640E+03	-1.681862E+01	1.211761E-01	1.037185E-01
9.785840E+03	-1.681844E+01	1.213578E-01	1.037202E-01
9.786040E+03	-1.681858E+01	1.219903E-01	1.037219E-01
9.786240E+03	-1.681891E+01	1.220858E-01	1.037237E-01
9.786441E+03	-1.681934E+01	1.221940E-01	1.037254E-01
9.786640E+03	-1.681960E+01	1.230883E-01	1.037271E-01
9.786841E+03	-1.681959E+01	1.230847E-01	1.037289E-01
9.787040E+03	-1.681956E+01	1.232200E-01	1.037306E-01
9.787240E+03	-1.681966E+01	1.229997E-01	1.037323E-01
9.787441E+03	-1.682006E+01	1.231023E-01	1.037340E-01
9.787640E+03	-1.682072E+01	1.233068E-01	1.037357E-01
9.787840E+03	-1.682141E+01	1.231421E-01	1.037375E-01
9.788040E+03	-1.682192E+01	1.224493E-01	1.037392E-01
9.788240E+03	-1.682232E+01	1.225666E-01	1.037409E-01
9.788440E+03	-1.682250E+01	1.217095E-01	1.037426E-01
9.788640E+03	-1.682279E+01	1.221914E-01	1.037444E-01
9.788840E+03	-1.682345E+01	1.228071E-01	1.037461E-01
9.789040E+03	-1.682404E+01	1.230029E-01	1.037478E-01
9.789240E+03	-1.682418E+01	1.234713E-01	1.037496E-01
9.789440E+03	-1.682404E+01	1.236686E-01	1.037513E-01
9.790240E+03	-1.682421E+01	1.237246E-01	1.037582E-01
9.790440E+03	-1.682454E+01	1.238448E-01	1.037599E-01
9.790840E+03	-1.682435E+01	1.240868E-01	1.037634E-01
9.791040E+03	-1.682384E+01	1.242632E-01	1.037651E-01
9.792241E+03	-1.682361E+01	1.240715E-01	1.037754E-01
9.792441E+03	-1.682346E+01	1.233023E-01	1.037772E-01
9.792641E+03	-1.682294E+01	1.229254E-01	1.037789E-01
9.792841E+03	-1.682279E+01	1.234193E-01	1.037806E-01
9.793041E+03	-1.682323E+01	1.238455E-01	1.037823E-01
9.793241E+03	-1.682338E+01	1.240710E-01	1.037841E-01
9.793441E+03	-1.682323E+01	1.249909E-01	1.037858E-01
9.793641E+03	-1.682323E+01	1.252222E-01	1.037875E-01
9.793841E+03	-1.682312E+01	1.251354E-01	1.037892E-01
9.794041E+03	-1.682282E+01	1.250912E-01	1.037910E-01
9.794241E+03	-1.682249E+01	1.246847E-01	1.037927E-01
9.794441E+03	-1.682249E+01	1.231784E-01	1.037944E-01
9.794641E+03	-1.682282E+01	1.231143E-01	1.037961E-01
9.794841E+03	-1.682300E+01	1.236727E-01	1.037978E-01
9.795041E+03	-1.682300E+01	1.241460E-01	1.037996E-01
9.795241E+03	-1.682288E+01	1.244447E-01	1.038013E-01
9.795441E+03	-1.682336E+01	1.248789E-01	1.038030E-01
9.795641E+03	-1.682376E+01	1.253113E-01	1.038047E-01
9.795841E+03	-1.682372E+01	1.255984E-01	1.038065E-01
9.796041E+03	-1.682457E+01	1.260349E-01	1.038082E-01
9.796242E+03	-1.682560E+01	1.265563E-01	1.038099E-01
9.796442E+03	-1.682585E+01	1.262254E-01	1.038116E-01
9.796642E+03	-1.682541E+01	1.255543E-01	1.038134E-01
9.796842E+03	-1.682497E+01	1.257139E-01	1.038151E-01
9.797042E+03	-1.682471E+01	1.262729E-01	1.038168E-01
9.797242E+03	-1.682452E+01	1.261310E-01	1.038185E-01
9.797442E+03	-1.682433E+01	1.256690E-01	1.038203E-01
9.797642E+03	-1.682430E+01	1.259638E-01	1.038220E-01
9.797842E+03	-1.682422E+01	1.264797E-01	1.038237E-01
9.798042E+03	-1.682381E+01	1.264391E-01	1.038254E-01
9.798242E+03	-1.682345E+01	1.263432E-01	1.038272E-01
9.798442E+03	-1.682344E+01	1.253184E-01	1.038289E-01
9.798642E+03	-1.682363E+01	1.250223E-01	1.038306E-01
9.798842E+03	-1.682351E+01	1.250052E-01	1.038323E-01
9.799042E+03	-1.682314E+01	1.258503E-01	1.038341E-01
9.799242E+03	-1.682307E+01	1.271283E-01	1.038358E-01
9.799442E+03	-1.682332E+01	1.276002E-01	1.038375E-01
9.799641E+03	-1.682318E+01	1.274763E-01	1.038392E-01
9.799842E+03	-1.682303E+01	1.273157E-01	1.038410E-01
9.800041E+03	-1.682299E+01	1.273233E-01	1.038427E-01
9.800242E+03	-1.682313E+01	1.274985E-01	1.038444E-01
9.800442E+03	-1.682332E+01	1.274239E-01	1.038461E-01
9.800641E+03	-1.682353E+01	1.274151E-01	1.038478E-01
9.801842E+03	-1.682382E+01	1.275749E-01	1.038582E-01
9.802042E+03	-1.682411E+01	1.277166E-01	1.038599E-01
9.802242E+03	-1.682415E+01	1.277715E-01	1.038616E-01
9.802442E+03	-1.682370E+01	1.275058E-01	1.038633E-01
9.802642E+03	-1.682289E+01	1.271220E-01	1.038651E-01
9.802842E+03	-1.682256E+01	1.269301E-01	1.038668E-01
9.803042E+03	-1.682263E+01	1.269589E-01	1.038685E-01
9.803242E+03	-1.682248E+01	1.267694E-01	1.038702E-01
9.803442E+03	-1.682175E+01	1.259959E-01	1.038720E-01
9.803642E+03	-1.682087E+01	1.257088E-01	1.038737E-01
9.803842E+03	-1.682025E+01	1.258466E-01	1.038754E-01
9.804042E+03	-1.682032E+01	1.264586E-01	1.038771E-01
9.804242E+03	-1.682087E+01	1.278123E-01	1.038789E-01
9.804442E+03	-1.682116E+01	1.282345E-01	1.038806E-01
9.804642E+03	-1.682112E+01	1.278985E-01	1.038823E-01
9.804842E+03	-1.682141E+01	1.278238E-01	1.038840E-01
9.805042E+03	-1.682192E+01	1.278721E-01	1.038857E-01
9.805242E+03	-1.682232E+01	1.280788E-01	1.038875E-01
9.805442E+03	-1.682276E+01	1.282049E-01	1.038892E-01
9.805642E+03	-1.682312E+01	1.284491E-01	1.038909E-01
9.805842E+03	-1.682349E+01	1.282896E-01	1.038926E-01
9.806043E+03	-1.682375E+01	1.281046E-01	1.038944E-01
9.806243E+03	-1.682371E+01	1.278364E-01	1.038961E-01
9.806443E+03	-1.682348E+01	1.275731E-01	1.038978E-01
9.806643E+03	-1.682326E+01	1.274790E-01	1.038995E-01
9.806843E+03	-1.682319E+01	1.274611E-01	1.039013E-01
9.807043E+03	-1.682377E+01	1.276595E-01	1.039030E-01
9.807243E+03	-1.682473E+01	1.278637E-01	1.039047E-01
9.807443E+03	-1.682491E+01	1.277374E-01	1.039064E-01
9.807643E+03	-1.682421E+01	1.269870E-01	1.039081E-01
9.807843E+03	-1.682347E+01	1.260446E-01	1.039099E-01
9.808043E+03	-1.682340E+01	1.258359E-01	1.039116E-01
9.808243E+03	-1.682358E+01	1.264037E-01	1.039133E-01
9.808443E+03	-1.682365E+01	1.287408E-01	1.039150E-01
9.808643E+03	-1.682402E+01	1.293282E-01	1.039167E-01
9.808843E+03	-1.682442E+01	1.296660E-01	1.039185E-01
9.809043E+03	-1.682449E+01	1.297654E-01	1.039202E-01
9.809243E+03	-1.682438E+01	1.297618E-01	1.039219E-01
9.809443E+03	-1.682453E+01	1.289550E-01	1.039236E-01
9.809643E+03	-1.682504E+01	1.292300E-01	1.039254E-01
9.809843E+03	-1.682544E+01	1.291293E-01	1.039271E-01
9.810043E+03	-1.682541E+01	1.289966E-01	1.039288E-01
9.810243E+03	-1.682496E+01	1.289831E-01	1.039305E-01
9.810443E+03	-1.682433E+01	1.292280E-01	1.039322E-01
9.810643E+03	-1.682374E+01	1.285235E-01	1.039340E-01
9.810844E+03	-1.682348E+01	1.277309E-01	1.039357E-01
9.811044E+03	-1.682341E+01	1.276835E-01	1.039374E-01
9.811244E+03	-1.682326E+01	1.274787E-01	1.039391E-01
9.811444E+03	-1.682322E+01	1.263773E-01	1.039409E-01
9.811644E+03	-1.682307E+01	1.264520E-01	1.039426E-01
9.811844E+03	-1.682278E+01	1.260290E-01	1.039443E-01
9.812044E+03	-1.682252E+01	1.260022E-01	1.039460E-01
9.812244E+03	-1.682263E+01	1.259388E-01	1.039477E-01
9.812444E+03	-1.682303E+01	1.259751E-01	1.039495E-01
9.812644E+03	-1.682321E+01	1.262965E-01	1.039512E-01
9.812844E+03	-1.682273E+01	1.262128E-01	1.039529E-01
9.813043E+03	-1.682152E+01	1.259095E-01	1.039546E-01
9.813244E+03	-1.682017E+01	1.256752E-01	1.039563E-01
9.813844E+03	-1.681936E+01	1.255490E-01	1.039615E-01
9.814043E+03	-1.681852E+01	1.253837E-01	1.039632E-01
9.814243E+03	-1.681772E+01	1.251534E-01	1.039649E-01
9.814443E+03	-1.681689E+01	1.247941E-01	1.039667E-01
9.814643E+03	-1.681605E+01	1.244939E-01	1.039684E-01
9.814843E+03	-1.681551E+01	1.243207E-01	1.039701E-01
9.815043E+03	-1.681537E+01	1.239043E-01	1.039718E-01
9.815243E+03	-1.681526E+01	1.233037E-01	1.039735E-01
9.815443E+03	-1.681507E+01	1.233355E-01	1.039753E-01
9.815643E+03	-1.681482E+01	1.228964E-01	1.039770E-01
9.815844E+03	-1.681482E+01	1.227559E-01	1.039787E-01
9.816044E+03	-1.681478E+01	1.232788E-01	1.039804E-01
9.816244E+03	-1.681485E+01	1.231696E-01	1.039822E-01
9.816444E+03	-1.681532E+01	1.229816E-01	1.039839E-01
9.816644E+03	-1.681578E+01	1.230712E-01	1.039856E-01
9.816844E+03	-1.681539E+01	1.229587E-01	1.039873E-01
9.817044E+03	-1.681456E+01	1.228899E-01	1.039890E-01
9.817244E+03	-1.681365E+01	1.228621E-01	1.039908E-01
9.817444E+03	-1.681340E+01	1.227120E-01	1.039925E-01
9.817644E+03	-1.681383E+01	1.232005E-01	1.039942E-01
9.817844E+03	-1.681390E+01	1.233107E-01	1.039959E-01
9.818044E+03	-1.681361E+01	1.233980E-01	1.039976E-01
9.818244E+03	-1.681354E+01	1.235572E-01	1.039994E-01
9.818444E+03	-1.681375E+01	1.236365E-01	1.040011E-01
9.818644E+03	-1.681397E+01	1.237734E-01	1.040028E-01
9.818844E+03	-1.681400E+01	1.237728E-01	1.040045E-01
9.819044E+03	-1.681407E+01	1.240235E-01	1.040062E-01
9.819244E+03	-1.681428E+01	1.246968E-01	1.040080E-01
9.819444E+03	-1.681461E+01	1.253732E-01	1.040097E-01
9.819644E+03	-1.681489E+01	1.256186E-01	1.040114E-01
9.819844E+03	-1.681504E+01	1.256170E-01	1.040131E-01
9.820044E+03	-1.681500E+01	1.259130E-01	1.040148E-01
9.820244E+03	-1.681507E+01	1.263051E-01	1.040166E-01
9.820444E+03	-1.681521E+01	1.263651E-01	1.040183E-01
9.820645E+03	-1.681539E+01	1.259703E-01	1.040200E-01
9.820845E+03	-1.681578E+01	1.252948E-01	1.040217E-01
9.821045E+03	-1.681680E+01	1.261770E-01	1.040234E-01
9.821245E+03	-1.681806E+01	1.278419E-01	1.040252E-01
9.821445E+03	-1.681879E+01	1.295866E-01	1.040269E-01
9.821645E+03	-1.681922E+01	1.313329E-01	1.040286E-01
9.821845E+03	-1.681969E+01	1.331666E-01	1.040303E-01
9.822045E+03	-1.682002E+01	1.354622E-01	1.040320E-01
9.822245E+03	-1.682002E+01	1.374020E-01	1.040338E-01
9.822445E+03	-1.681998E+01	1.381853E-01	1.040355E-01
9.822645E+03	-1.681991E+01	1.384610E-01	1.040372E-01
9.822845E+03	-1.682001E+01	1.386454E-01	1.040389E-01
9.823045E+03	-1.682067E+01	1.388187E-01	1.040406E-01
9.823245E+03	-1.682132E+01	1.390364E-01	1.040424E-01
9.823445E+03	-1.682136E+01	1.389311E-01	1.040441E-01
9.823645E+03	-1.682143E+01	1.391191E-01	1.040458E-01
9.823845E+03	-1.682198E+01	1.396833E-01	1.040475E-01
9.824045E+03	-1.682223E+01	1.394397E-01	1.040492E-01
9.824245E+03	-1.682175E+01	1.399239E-01	1.040510E-01
9.824445E+03	-1.682164E+01	1.411951E-01	1.040527E-01
9.824645E+03	-1.682219E+01	1.413848E-01	1.040544E-01
9.824845E+03	-1.682285E+01	1.421578E-01	1.040561E-01
9.825045E+03	-1.682377E+01	1.429295E-01	1.040578E-01
9.825245E+03	-1.682472E+01	1.432191E-01	1.040595E-01
9.825445E+03	-1.682546E+01	1.446257E-01	1.040613E-01
9.825646E+03	-1.682571E+01	1.453658E-01	1.040630E-01
9.825845E+03	-1.682579E+01	1.476631E-01	1.040647E-01
9.826046E+03	-1.682586E+01	1.465166E-01	1.040664E-01
9.826246E+03	-1.682597E+01	1.455042E-01	1.040682E-01
9.826445E+03	-1.682589E+01	1.455755E-01	1.040699E-01
9.826646E+03	-1.682563E+01	1.452820E-01	1.040716E-01
9.826845E+03	-1.682556E+01	1.452166E-01	1.040733E-01
9.827046E+03	-1.682567E+01	1.450875E-01	1.040750E-01
9.827245E+03	-1.682589E+01	1.449250E-01	1.040767E-01
9.827445E+03	-1.682592E+01	1.445973E-01	1.040785E-01
9.827645E+03	-1.682562E+01	1.445395E-01	1.040802E-01
9.827845E+03	-1.682503E+01	1.443689E-01	1.040819E-01
9.828045E+03	-1.682451E+01	1.441495E-01	1.040836E-01
9.828245E+03	-1.682418E+01	1.440322E-01	1.040853E-01
9.828445E+03	-1.682363E+01	1.437573E-01	1.040870E-01
9.828645E+03	-1.682304E+01	1.436767E-01	1.040888E-01
9.828845E+03	-1.682278E+01	1.441348E-01	1.040905E-01
9.829045E+03	-1.682300E+01	1.439913E-01	1.040922E-01
9.829245E+03	-1.682355E+01	1.441337E-01	1.040939E-01
9.829445E+03	-1.682421E+01	1.442432E-01	1.040956E-01
9.829645E+03	-1.682468E+01	1.444171E-01	1.040974E-01
9.829845E+03	-1.682479E+01	1.450475E-01	1.040991E-01
9.830045E+03	-1.682494E+01	1.453771E-01	1.041008E-01
9.830245E+03	-1.682527E+01	1.455400E-01	1.041025E-01
9.830446E+03	-1.682538E+01	1.466773E-01	1.041042E-01
9.830646E+03	-1.682515E+01	1.476173E-01	1.041060E-01
9.830846E+03	-1.682478E+01	1.477206E-01	1.041077E-01
9.831046E+03	-1.682467E+01	1.476793E-01	1.041094E-01
9.831246E+03	-1.682489E+01	1.477472E-01	1.041111E-01
9.831446E+03	-1.682522E+01	1.477421E-01	1.041128E-01
9.831646E+03	-1.682537E+01	1.477258E-01	1.041145E-01
9.831846E+03	-1.682533E+01	1.480234E-01	1.041163E-01
9.832046E+03	-1.682555E+01	1.481211E-01	1.041180E-01
9.832246E+03	-1.682584E+01	1.479928E-01	1.041197E-01
9.832446E+03	-1.682584E+01	1.478560E-01	1.041214E-01
9.832646E+03	-1.682580E+01	1.475995E-01	1.041231E-01
9.832846E+03	-1.682602E+01	1.479116E-01	1.041248E-01
9.833046E+03	-1.682658E+01	1.481044E-01	1.041266E-01
9.833246E+03	-1.682713E+01	1.481458E-01	1.041283E-01
9.833446E+03	-1.682731E+01	1.487690E-01	1.041300E-01
9.833646E+03	-1.682724E+01	1.489327E-01	1.041317E-01
9.833846E+03	-1.682709E+01	1.484556E-01	1.041334E-01
9.834046E+03	-1.682671E+01	1.487846E-01	1.041352E-01
9.834246E+03	-1.682586E+01	1.487225E-01	1.041369E-01
9.834446E+03	-1.682475E+01	1.475547E-01	1.041386E-01
9.834646E+03	-1.682412E+01	1.464400E-01	1.041403E-01
9.834846E+03	-1.682423E+01	1.462600E-01	1.041420E-01
9.835046E+03	-1.682423E+01	1.463741E-01	1.041437E-01
9.835247E+03	-1.682401E+01	1.462997E-01	1.041455E-01
9.835447E+03	-1.682423E+01	1.463741E-01	1.041472E-01
9.835647E+03	-1.682489E+01	1.466422E-01	1.041489E-01
9.835847E+03	-1.682559E+01	1.471267E-01	1.041506E-01
9.836047E+03	-1.682599E+01	1.472423E-01	1.041523E-01
9.836247E+03	-1.682625E+01	1.478259E-01	1.041540E-01
9.836447E+03	-1.682614E+01	1.467191E-01	1.041558E-01
9.836647E+03	-1.682558E+01	1.464802E-01	1.041575E-01
9.836847E+03	-1.682510E+01	1.463885E-01	1.041592E-01
9.837047E+03	-1.682510E+01	1.460638E-01	1.041609E-01
9.837247E+03	-1.682502E+01	1.459947E-01	1.041626E-01
9.837447E+03	-1.682469E+01	1.460269E-01	1.041643E-01
9.837647E+03	-1.682439E+01	1.453862E-01	1.041661E-01
9.837847E+03	-1.682399E+01	1.452765E-01	1.041678E-01
9.838047E+03	-1.682340E+01	1.450944E-01	1.041695E-01
9.838247E+03	-1.682277E+01	1.448749E-01	1.041712E-01
9.838447E+03	-1.682233E+01	1.449812E-01	1.041729E-01
9.838647E+03	-1.682203E+01	1.456345E-01	1.041747E-01
9.838847E+03	-1.682148E+01	1.457871E-01	1.041765E-01
9.839047E+03	-1.682064E+01	1.453736E-01	1.041784E-01
9.839246E+03	-1.681973E+01	1.450540E-01	1.041802E-01
9.839447E+03	-1.681881E+01	1.444848E-01	1.041821E-01
9.839647E+03	-1.681790E+01	1.432355E-01	1.041839E-01
9.839846E+03	-1.681761E+01	1.430129E-01	1.041857E-01
9.840047E+03	-1.681754E+01	1.436526E-01	1.041876E-01
9.840247E+03	-1.681761E+01	1.436621E-01	1.041894E-01
9.840447E+03	-1.681793E+01	1.435706E-01	1.041913E-01
9.840647E+03	-1.681804E+01	1.441984E-01	1.041931E-01
9.840847E+03	-1.681782E+01	1.456467E-01	1.041949E-01
9.841047E+03	-1.681778E+01	1.466542E-01	1.041968E-01
9.841247E+03	-1.681782E+01	1.468008E-01	1.041986E-01
9.841447E+03	-1.681749E+01	1.467485E-01	1.042005E-01
9.841647E+03	-1.681723E+01	1.465939E-01	1.042023E-01
9.841847E+03	-1.681723E+01	1.477645E-01	1.042041E-01
9.842047E+03	-1.681719E+01	1.492018E-01	1.042060E-01
9.842247E+03	-1.681694E+01	1.493718E-01	1.042078E-01
9.842447E+03	-1.681686E+01	1.492310E-01	1.042096E-01
9.842647E+03	-1.681693E+01	1.489227E-01	1.042115E-01
9.842847E+03	-1.681686E+01	1.493867E-01	1.042133E-01
9.843047E+03	-1.681646E+01	1.493367E-01	1.042152E-01
9.843247E+03	-1.681555E+01	1.489180E-01	1.042170E-01
9.843447E+03	-1.681447E+01	1.486303E-01	1.042188E-01
9.843647E+03	-1.681360E+01	1.487808E-01	1.042207E-01
9.843847E+03	-1.681260E+01	1.498425E-01	1.042225E-01
9.844047E+03	-1.681166E+01	1.503660E-01	1.042244E-01
9.844247E+03	-1.681120E+01	1.499942E-01	1.042262E-01
9.844447E+03	-1.681152E+01	1.498336E-01	1.042280E-01
9.844647E+03	-1.681162E+01	1.494770E-01	1.042299E-01
9.844847E+03	-1.681155E+01	1.490374E-01	1.042317E-01
9.845048E+03	-1.681155E+01	1.486224E-01	1.042336E-01
9.845248E+03	-1.681187E+01	1.484212E-01	1.042354E-01
9.845448E+03	-1.681244E+01	1.483520E-01	1.042372E-01
9.845648E+03	-1.681308E+01	1.486050E-01	1.042391E-01
9.845848E+03	-1.681297E+01	1.484928E-01	1.042409E-01
9.846048E+03	-1.681265E+01	1.480095E-01	1.042428E-01
9.846248E+03	-1.681272E+01	1.475819E-01	1.042446E-01
9.846448E+03	-1.681204E+01	1.473292E-01	1.042464E-01
9.846648E+03	-1.681082E+01	1.468101E-01	1.042483E-01
9.846848E+03	-1.681057E+01	1.471147E-01	1.042501E-01
9.847048E+03	-1.681064E+01	1.474388E-01	1.042519E-01
9.847248E+03	-1.681049E+01	1.477508E-01	1.042538E-01
9.847448E+03	-1.681020E+01	1.476537E-01	1.042556E-01
9.847648E+03	-1.680992E+01	1.475532E-01	1.042575E-01
9.847848E+03	-1.680970E+01	1.476373E-01	1.042593E-01
9.848048E+03	-1.680966E+01	1.478247E-01	1.042611E-01
9.848248E+03	-1.680991E+01	1.476601E-01	1.042630E-01
9.848448E+03	-1.681019E+01	1.466907E-01	1.042648E-01
9.848648E+03	-1.681030E+01	1.467768E-01	1.042666E-01
9.848848E+03	-1.681001E+01	1.469621E-01	1.042685E-01
9.849048E+03	-1.680944E+01	1.467942E-01	1.042703E-01
9.849248E+03	-1.680894E+01	1.464730E-01	1.042722E-01
9.849448E+03	-1.680851E+01	1.459953E-01	1.042740E-01
9.849648E+03	-1.680798E+01	1.457631E-01	1.042758E-01
9.850849E+03	-1.680726E+01	1.455430E-01	1.042869E-01
9.851049E+03	-1.680637E+01	1.451973E-01	1.042887E-01
9.851249E+03	-1.680545E+01	1.448660E-01	1.042905E-01
9.851449E+03	-1.680506E+01	1.446943E-01	1.042924E-01
9.851649E+03	-1.680534E+01	1.447883E-01	1.042942E-01
9.851849E+03	-1.680538E+01	1.448636E-01	1.042961E-01
9.852049E+03	-1.680492E+01	1.446826E-01	1.042979E-01
9.852248E+03	-1.680396E+01	1.442327E-01	1.042997E-01
9.852449E+03	-1.680287E+01	1.440049E-01	1.043016E-01
9.852648E+03	-1.680203E+01	1.439924E-01	1.043034E-01
9.852849E+03	-1.680129E+01	1.438469E-01	1.043052E-01
9.853049E+03	-1.680045E+01	1.433674E-01	1.043071E-01
9.853248E+03	-1.679955E+01	1.425988E-01	1.043089E-01
9.853448E+03	-1.679888E+01	1.415236E-01	1.043107E-01
9.853648E+03	-1.679853E+01	1.417230E-01	1.043126E-01
9.853848E+03	-1.679832E+01	1.427310E-01	1.043144E-01
9.854048E+03	-1.679857E+01	1.428525E-01	1.043163E-01
9.854248E+03	-1.679905E+01	1.430057E-01	1.043181E-01
9.854448E+03	-1.679995E+01	1.430810E-01	1.043199E-01
9.854648E+03	-1.680058E+01	1.428518E-01	1.043218E-01
9.854849E+03	-1.680141E+01	1.430858E-01	1.043236E-01
9.855049E+03	-1.680229E+01	1.438016E-01	1.043255E-01
9.855249E+03	-1.680260E+01	1.441339E-01	1.043273E-01
9.855449E+03	-1.680207E+01	1.439176E-01	1.043291E-01
9.855649E+03	-1.680155E+01	1.439606E-01	1.043310E-01
9.855849E+03	-1.680197E+01	1.442818E-01	1.043328E-01
9.856049E+03	-1.680256E+01	1.445358E-01	1.043346E-01
9.856249E+03	-1.680270E+01	1.447157E-01	1.043365E-01
9.856449E+03	-1.680284E+01	1.455235E-01	1.043383E-01
9.856649E+03	-1.680283E+01	1.454955E-01	1.043401E-01
9.856849E+03	-1.680220E+01	1.455995E-01	1.043420E-01
9.857049E+03	-1.680167E+01	1.461372E-01	1.043438E-01
9.857249E+03	-1.680132E+01	1.462572E-01	1.043457E-01
9.857449E+03	-1.680090E+01	1.457041E-01	1.043475E-01
9.857649E+03	-1.680034E+01	1.436826E-01	1.043493E-01
9.857849E+03	-1.679982E+01	1.430814E-01	1.043512E-01
9.858049E+03	-1.680016E+01	1.430986E-01	1.043530E-01
9.858249E+03	-1.679992E+01	1.427221E-01	1.043548E-01
9.858449E+03	-1.679978E+01	1.426624E-01	1.043567E-01
9.858649E+03	-1.680005E+01	1.427470E-01	1.043585E-01
9.858849E+03	-1.680030E+01	1.426146E-01	1.043603E-01
9.859049E+03	-1.680012E+01	1.425260E-01	1.043622E-01
9.859249E+03	-1.679977E+01	1.429759E-01	1.043640E-01
9.859449E+03	-1.679949E+01	1.430548E-01	1.043659E-01
9.859649E+03	-1.679966E+01	1.427012E-01	1.043677E-01
9.859850E+03	-1.679990E+01	1.423633E-01	1.043695E-01
9.860050E+03	-1.680018E+01	1.430334E-01	1.043714E-01
9.860250E+03	-1.680042E+01	1.449450E-01	1.043732E-01
9.860450E+03	-1.680028E+01	1.460248E-01	1.043750E-01
9.860650E+03	-1.679997E+01	1.461423E-01	1.043769E-01
9.860850E+03	-1.680003E+01	1.461065E-01	1.043787E-01
9.861050E+03	-1.680048E+01	1.458684E-01	1.043805E-01
9.861250E+03	-1.680048E+01	1.458370E-01	1.043824E-01
9.861450E+03	-1.680020E+01	1.458270E-01	1.043842E-01
9.861650E+03	-1.680034E+01	1.460343E-01	1.043861E-01
9.861850E+03	-1.680062E+01	1.458699E-01	1.043879E-01
9.862050E+03	-1.680082E+01	1.460974E-01	1.043897E-01
9.862250E+03	-1.680079E+01	1.460193E-01	1.043916E-01
9.862450E+03	-1.680079E+01	1.462392E-01	1.043934E-01
9.862650E+03	-1.680089E+01	1.463653E-01	1.043952E-01
9.862850E+03	-1.680075E+01	1.462380E-01	1.043971E-01
9.863050E+03	-1.680061E+01	1.462817E-01	1.043989E-01
9.863250E+03	-1.680050E+01	1.462569E-01	1.044007E-01
9.863450E+03	-1.680057E+01	1.462664E-01	1.044026E-01
9.863650E+03	-1.680095E+01	1.466508E-01	1.044044E-01
9.863850E+03	-1.680123E+01	1.472030E-01	1.044062E-01
9.864050E+03	-1.680098E+01	1.475987E-01	1.044081E-01
9.864250E+03	-1.680035E+01	1.474306E-01	1.044099E-01
9.864450E+03	-1.679997E+01	1.471332E-01	1.044117E-01
9.864651E+03	-1.680045E+01	1.475569E-01	1.044136E-01
9.864851E+03	-1.680118E+01	1.478796E-01	1.044154E-01
9.865051E+03	-1.680146E+01	1.481986E-01	1.044173E-01
9.865251E+03	-1.680142E+01	1.481832E-01	1.044191E-01
9.865451E+03	-1.680146E+01	1.481042E-01	1.044209E-01
9.865650E+03	-1.680174E+01	1.481997E-01	1.044228E-01
9.865851E+03	-1.680208E+01	1.481406E-01	1.044246E-01
9.866050E+03	-1.680240E+01	1.481185E-01	1.044264E-01
9.866251E+03	-1.680282E+01	1.482761E-01	1.044283E-01
9.866451E+03	-1.680324E+01	1.480688E-01	1.044301E-01
9.866650E+03	-1.680337E+01	1.480395E-01	1.044319E-01
9.866850E+03	-1.680320E+01	1.479024E-01	1.044338E-01
9.867050E+03	-1.680316E+01	1.477956E-01	1.044356E-01
9.867250E+03	-1.680340E+01	1.478407E-01	1.044374E-01
9.867450E+03	-1.680351E+01	1.477711E-01	1.044393E-01
9.867650E+03	-1.680358E+01	1.478161E-01	1.044411E-01
9.867850E+03	-1.680357E+01	1.478759E-01	1.044429E-01
9.868050E+03	-1.680368E+01	1.476974E-01	1.044448E-01
9.868250E+03	-1.680332E+01	1.471916E-01	1.044466E-01
9.868450E+03	-1.680290E+01	1.471156E-01	1.044484E-01
9.868650E+03	-1.680276E+01	1.479940E-01	1.044503E-01
9.868850E+03	-1.680248E+01	1.480036E-01	1.044521E-01
9.869050E+03	-1.680212E+01	1.476531E-01	1.044539E-01
9.869250E+03	-1.680198E+01	1.485368E-01	1.044558E-01
9.869450E+03	-1.680198E+01	1.490935E-01	1.044576E-01
9.869651E+03	-1.680222E+01	1.490376E-01	1.044595E-01
9.869851E+03	-1.680236E+01	1.492854E-01	1.044613E-01
9.870051E+03	-1.680215E+01	1.490311E-01	1.044631E-01
9.870251E+03	-1.680194E+01	1.476811E-01	1.044650E-01
9.870451E+03	-1.680204E+01	1.469780E-01	1.044668E-01
9.870651E+03	-1.680211E+01	1.475375E-01	1.044686E-01
9.870851E+03	-1.680134E+01	1.459302E-01	1.044705E-01
9.871051E+03	-1.680036E+01	1.438230E-01	1.044723E-01
9.871251E+03	-1.679997E+01	1.431732E-01	1.044741E-01
9.871451E+03	-1.680008E+01	1.429637E-01	1.044760E-01
9.871651E+03	-1.680018E+01	1.425936E-01	1.044778E-01
9.871851E+03	-1.680000E+01	1.423343E-01	1.044796E-01
9.872051E+03	-1.679941E+01	1.421577E-01	1.044815E-01
9.872251E+03	-1.679833E+01	1.418332E-01	1.044833E-01
9.872451E+03	-1.679756E+01	1.417505E-01	1.044851E-01
9.872651E+03	-1.679718E+01	1.415881E-01	1.044870E-01
9.872851E+03	-1.679701E+01	1.416217E-01	1.044888E-01
9.873051E+03	-1.679725E+01	1.410219E-01	1.044906E-01
9.874452E+03	-1.679793E+01	1.397693E-01	1.045035E-01
9.874652E+03	-1.679834E+01	1.400285E-01	1.045053E-01
9.874852E+03	-1.679834E+01	1.400528E-01	1.045071E-01
9.875052E+03	-1.679837E+01	1.399737E-01	1.045090E-01
9.875252E+03	-1.679844E+01	1.398641E-01	1.045108E-01
9.875452E+03	-1.679837E+01	1.390465E-01	1.045126E-01
9.875652E+03	-1.679854E+01	1.384594E-01	1.045145E-01
9.875852E+03	-1.679885E+01	1.363306E-01	1.045163E-01
9.876052E+03	-1.679923E+01	1.365552E-01	1.045181E-01
9.876252E+03	-1.679940E+01	1.366900E-01	1.045200E-01
9.876452E+03	-1.679937E+01	1.369192E-01	1.045218E-01
9.876652E+03	-1.679902E+01	1.372026E-01	1.045236E-01
9.876852E+03	-1.679870E+01	1.369578E-01	1.045255E-01
9.877052E+03	-1.679863E+01	1.372903E-01	1.045273E-01
9.877252E+03	-1.679856E+01	1.383315E-01	1.045291E-01
9.877452E+03	-1.679811E+01	1.380767E-01	1.045310E-01
9.877652E+03	-1.679779E+01	1.385116E-01	1.045328E-01
9.877852E+03	-1.679779E+01	1.385705E-01	1.045346E-01
9.878052E+03	-1.679762E+01	1.388654E-01	1.045365E-01
9.878252E+03	-1.679716E+01	1.401552E-01	1.045383E-01
9.878451E+03	-1.679671E+01	1.409234E-01	1.045401E-01
9.878651E+03	-1.679681E+01	1.408671E-01	1.045419E-01
9.878852E+03	-1.679702E+01	1.410868E-01	1.045438E-01
9.879051E+03	-1.679643E+01	1.412071E-01	1.045456E-01
9.879253E+03	-1.679560E+01	1.408895E-01	1.045475E-01
9.879452E+03	-1.679515E+01	1.407510E-01	1.045493E-01
9.879652E+03	-1.679487E+01	1.406927E-01	1.045511E-01
9.879852E+03	-1.679487E+01	1.402930E-01	1.045529E-01
9.880052E+03	-1.679514E+01	1.402029E-01	1.045548E-01
9.880252E+03	-1.679531E+01	1.404379E-01	1.045566E-01
9.880452E+03	-1.679507E+01	1.396429E-01	1.045584E-01
9.880652E+03	-1.679466E+01	1.385631E-01	1.045603E-01
9.880852E+03	-1.679414E+01	1.381956E-01	1.045621E-01
9.881052E+03	-1.679352E+01	1.379714E-01	1.045639E-01
9.881252E+03	-1.679300E+01	1.380000E-01	1.045658E-01
9.881452E+03	-1.679272E+01	1.381562E-01	1.045676E-01
9.881652E+03	-1.679283E+01	1.383467E-01	1.045694E-01
9.881852E+03	-1.679306E+01	1.386154E-01	1.045713E-01
9.882052E+03	-1.679323E+01	1.388349E-01	1.045731E-01
9.882252E+03	-1.679340E+01	1.388795E-01	1.045749E-01
9.882452E+03	-1.679344E+01	1.390896E-01	1.045768E-01
9.882652E+03	-1.679306E+01	1.390202E-01	1.045786E-01
9.882852E+03	-1.679223E+01	1.384249E-01	1.045804E-01
9.883052E+03	-1.679161E+01	1.376440E-01	1.045823E-01
9.883252E+03	-1.679151E+01	1.379158E-01	1.045841E-01
9.883452E+03	-1.679151E+01	1.379294E-01	1.045859E-01
9.883652E+03	-1.679130E+01	1.380420E-01	1.045877E-01
9.883852E+03	-1.679144E+01	1.383555E-01	1.045896E-01
9.884052E+03	-1.679198E+01	1.382938E-01	1.045914E-01
9.884253E+03	-1.679232E+01	1.385639E-01	1.045933E-01
9.884453E+03	-1.679208E+01	1.386038E-01	1.045951E-01
9.884653E+03	-1.679180E+01	1.383454E-01	1.045969E-01
9.884853E+03	-1.679170E+01	1.383777E-01	1.045987E-01
9.885053E+03	-1.679177E+01	1.384542E-01	1.046006E-01
9.885253E+03	-1.679238E+01	1.386474E-01	1.046024E-01
9.885453E+03	-1.679272E+01	1.387774E-01	1.046042E-01
9.885653E+03	-1.679269E+01	1.386773E-01	1.046061E-01
9.885853E+03	-1.679299E+01	1.385975E-01	1.046079E-01
9.886053E+03	-1.679357E+01	1.387461E-01	1.046097E-01
9.886253E+03	-1.679350E+01	1.378517E-01	1.046116E-01
9.886453E+03	-1.679292E+01	1.374334E-01	1.046134E-01
9.886653E+03	-1.679281E+01	1.374763E-01	1.046152E-01
9.886853E+03	-1.679343E+01	1.373595E-01	1.046171E-01
9.887053E+03	-1.679429E+01	1.384746E-01	1.046189E-01
9.887253E+03	-1.679466E+01	1.390948E-01	1.046207E-01
9.887453E+03	-1.679435E+01	1.391229E-01	1.046225E-01
9.887653E+03	-1.679401E+01	1.420699E-01	1.046244E-01
9.887853E+03	-1.679390E+01	1.457114E-01	1.046262E-01
9.888053E+03	-1.679397E+01	1.462641E-01	1.046280E-01
9.888253E+03	-1.679421E+01	1.470023E-01	1.046299E-01
9.888453E+03	-1.679441E+01	1.475128E-01	1.046317E-01
9.888653E+03	-1.679400E+01	1.473107E-01	1.046335E-01
9.888853E+03	-1.679321E+01	1.471974E-01	1.046354E-01
9.889054E+03	-1.679272E+01	1.473844E-01	1.046372E-01
9.889254E+03	-1.679221E+01	1.474396E-01	1.046390E-01
9.889454E+03	-1.679159E+01	1.474426E-01	1.046409E-01
9.889654E+03	-1.679101E+01	1.473992E-01	1.046427E-01
9.889854E+03	-1.679029E+01	1.471187E-01	1.046445E-01
9.890054E+03	-1.678988E+01	1.465680E-01	1.046464E-01
9.890254E+03	-1.678960E+01	1.462991E-01	1.046482E-01
9.890454E+03	-1.678906E+01	1.461294E-01	1.046500E-01
9.890654E+03	-1.678851E+01	1.453387E-01	1.046518E-01
9.890854E+03	-1.678834E+01	1.438019E-01	1.046537E-01
9.891054E+03	-1.678861E+01	1.435454E-01	1.046555E-01
9.891254E+03	-1.678881E+01	1.456925E-01	1.046573E-01
9.891453E+03	-1.678878E+01	1.479442E-01	1.046592E-01
9.891654E+03	-1.678854E+01	1.479345E-01	1.046610E-01
9.891853E+03	-1.678823E+01	1.478678E-01	1.046628E-01
9.892053E+03	-1.678819E+01	1.464310E-01	1.046646E-01
9.892254E+03	-1.678853E+01	1.473402E-01	1.046665E-01
9.892453E+03	-1.678873E+01	1.476880E-01	1.046683E-01
9.892654E+03	-1.678832E+01	1.472813E-01	1.046701E-01
9.892853E+03	-1.678778E+01	1.465956E-01	1.046720E-01
9.893053E+03	-1.678764E+01	1.463431E-01	1.046738E-01
9.893253E+03	-1.678778E+01	1.465244E-01	1.046756E-01
9.893453E+03	-1.678784E+01	1.465167E-01	1.046775E-01
9.893653E+03	-1.678791E+01	1.463701E-01	1.046793E-01
9.893853E+03	-1.678807E+01	1.452669E-01	1.046811E-01
9.894054E+03	-1.678838E+01	1.443574E-01	1.046830E-01
9.894254E+03	-1.678878E+01	1.448736E-01	1.046848E-01
9.894454E+03	-1.678905E+01	1.457090E-01	1.046866E-01
9.894654E+03	-1.678915E+01	1.461242E-01	1.046884E-01
9.894854E+03	-1.678932E+01	1.463855E-01	1.046903E-01
9.896654E+03	-1.678961E+01	1.464991E-01	1.047067E-01
9.896854E+03	-1.678968E+01	1.472746E-01	1.047086E-01
9.897054E+03	-1.678964E+01	1.492415E-01	1.047104E-01
9.897254E+03	-1.678971E+01	1.500210E-01	1.047122E-01
9.897454E+03	-1.678882E+01	1.498075E-01	1.047140E-01
9.897654E+03	-1.678804E+01	1.496163E-01	1.047159E-01
9.897854E+03	-1.678790E+01	1.495391E-01	1.047177E-01
9.898054E+03	-1.678797E+01	1.495285E-01	1.047195E-01
9.898254E+03	-1.678790E+01	1.494645E-01	1.047214E-01
9.898454E+03	-1.678746E+01	1.481744E-01	1.047232E-01
9.898654E+03	-1.678715E+01	1.472681E-01	1.047250E-01
9.898855E+03	-1.678711E+01	1.471245E-01	1.047269E-01
9.899055E+03	-1.678694E+01	1.472364E-01	1.047287E-01
9.899255E+03	-1.678643E+01	1.471287E-01	1.047305E-01
9.899455E+03	-1.678603E+01	1.466774E-01	1.047323E-01
9.899655E+03	-1.678640E+01	1.465292E-01	1.047342E-01
9.899855E+03	-1.678670E+01	1.460366E-01	1.047360E-01
9.900055E+03	-1.678602E+01	1.458129E-01	1.047378E-01
9.900255E+03	-1.678504E+01	1.452489E-01	1.047397E-01
9.900455E+03	-1.678443E+01	1.448646E-01	1.047415E-01
9.900655E+03	-1.678373E+01	1.451668E-01	1.047433E-01
9.900855E+03	-1.678309E+01	1.465337E-01	1.047451E-01
9.901055E+03	-1.678298E+01	1.477238E-01	1.047470E-01
9.901255E+03	-1.678308E+01	1.481505E-01	1.047488E-01
9.901455E+03	-1.678338E+01	1.483375E-01	1.047506E-01
